date,open,high,low,close,adjclose,volume
2004-08-19,2.5025029,2.604104,2.401401,2.5110109,2.488941,893181924
2004-08-20,2.5277779,2.7297299,2.5150149,2.7104599,2.6866367,456686856
2004-08-23,2.771522,2.8398399,2.7289791,2.7377379,2.7136748,365122512
2004-08-24,2.7837839,2.792793,2.5918419,2.6243739,2.6013079,304946748
2004-08-25,2.626627,2.702703,2.5996001,2.652653,2.629338,183772044
2004-08-26,2.6263759,2.7014511,2.6191189,2.7004499,2.6767149,141897960
2004-08-27,2.705205,2.7182181,2.6448951,2.6564059,2.6330583,124235640
2004-08-30,2.634635,2.63989,2.552803,2.552803,2.5303659,103935960
2004-08-31,2.56006,2.595345,2.5565569,2.5618119,2.5392954,98357544
2004-09-01,2.57007,2.576827,2.4942441,2.508759,2.4867086,182765052
2004-09-02,2.4822321,2.5618119,2.475976,2.5402901,2.5179629,302373324
2004-09-03,2.5262761,2.546046,2.4854851,2.502753,2.4807553,103048848
2004-09-07,2.5277779,2.5525529,2.492743,2.542042,2.5196993,116950932
2004-09-08,2.5210209,2.5783279,2.5150149,2.56006,2.5375593,99712188
2004-09-09,2.5658159,2.5703199,2.527528,2.5603099,2.5378067,81234684
2004-09-10,2.5425429,2.666667,2.5350349,2.635886,2.6127186,173977848
2004-09-13,2.6684179,2.7129631,2.6641641,2.6901901,2.6665454,156882960
2004-09-14,2.6889391,2.802803,2.6724219,2.79004,2.7655175,216579204
2004-09-15,2.766767,2.858609,2.7577579,2.802803,2.7781682,214261524
2004-09-16,2.811311,2.897898,2.794044,2.852102,2.827034,185326488
2004-09-17,2.863363,2.9401901,2.8415921,2.9401901,2.9143479,189450360
2004-09-20,2.926677,3.0430429,2.9221721,2.9869871,2.9607337,212575212
2004-09-21,2.9982481,3.013514,2.940691,2.9489491,2.9230301,144575280
2004-09-22,2.937938,2.994745,2.923173,2.9624619,2.936424,151624224
2004-09-23,2.973974,3.068819,2.9284279,3.023524,2.9969497,170713116
2004-09-24,3.0265269,3.1056061,2.9969971,2.998749,2.9723921,182469348
2004-09-27,2.991992,3.0250249,2.947948,2.9594591,2.9334478,141322536
2004-09-28,3.0355361,3.1881881,3.0082581,3.174675,3.1467719,338581080
2004-09-29,3.170671,3.3788791,3.1589091,3.2802801,3.2514486,610329060
2004-09-30,3.250751,3.310811,3.2282281,3.243243,3.2147372,275160564
2004-10-01,3.273273,3.359359,3.2257259,3.3178179,3.2886569,302497200
2004-10-04,3.384635,3.425175,3.354104,3.37988,3.3501732,260455284
2004-10-05,3.3698699,3.466717,3.309309,3.462713,3.4322777,299464236
2004-10-06,3.4421921,3.464715,3.403403,3.4304299,3.4002788,267628104
2004-10-07,3.4264259,3.5005009,3.4171669,3.474725,3.4441845,282301416
2004-10-08,3.4714711,3.4954951,3.4289291,3.446697,3.4164028,221390388
2004-10-11,3.4284279,3.4749751,3.3496001,3.3848851,3.3551345,209442348
2004-10-12,3.3643639,3.4436941,3.3383379,3.4384379,3.4082167,233310456
2004-10-13,3.586587,3.5923419,3.505506,3.526026,3.4950347,395324280
2004-10-14,3.528779,3.5630629,3.4674671,3.5535541,3.5223207,208842948
2004-10-15,3.6268771,3.6411409,3.5523019,3.6063559,3.5746586,263895840
2004-10-18,3.5835841,3.7337339,3.5337839,3.732733,3.6999247,280726992
2004-10-19,3.7662661,3.8138139,3.6874371,3.7022021,3.6696622,362197440
2004-10-20,3.7044539,3.728478,3.4934931,3.5157659,3.4848647,454453092
2004-10-21,3.6136141,3.7570069,3.544044,3.7382381,3.7053816,582996420
2004-10-22,4.2677679,4.508759,4.1061058,4.3150649,4.2771382,1474200324
2004-10-25,4.4144139,4.8656158,4.318068,4.6896901,4.6484714,1309257432
2004-10-26,4.6631632,4.8208208,4.5045052,4.5495501,4.509562,891391716
2004-10-27,4.5725732,4.742743,4.548799,4.653904,4.6129994,533725740
2004-10-28,4.6716719,4.864615,4.6446452,4.837337,4.7948198,593278128
2004-10-29,4.9772272,5.0037541,4.7697701,4.770771,4.7288394,845653500
2004-11-01,4.8435941,4.9466972,4.7865372,4.9056559,4.8625388,488507004
2004-11-02,4.974474,4.9862361,4.8383379,4.876627,4.833765,453398148
2004-11-03,4.9594588,5.0450449,4.7735238,4.7965469,4.7543883,554992452
2004-11-04,4.7157159,4.7647648,4.5883379,4.6221218,4.5814967,575807616
2004-11-05,4.5540538,4.5620618,4.217968,4.237988,4.2007394,792530676
2004-11-08,4.2775278,4.3903899,4.2392392,4.318068,4.2801156,447224328
2004-11-09,4.3568568,4.3843842,4.1358862,4.2217221,4.1846156,442125432
2004-11-10,4.2710209,4.317317,4.1624122,4.2007012,4.1637802,425334240
2004-11-11,4.232482,4.5983481,4.1934428,4.58008,4.539825,598820580
2004-11-12,4.635385,4.7497501,4.4394388,4.5545549,4.5145235,669174156
2004-11-15,4.5157661,4.7127128,4.4732232,4.6263762,4.5857134,475583940
2004-11-16,4.4419422,4.491241,4.2750249,4.3178182,4.2798676,835859304
2004-11-17,4.2297301,4.4419422,4.229229,4.3168168,4.2788749,724590684
2004-11-18,4.2615118,4.3648648,4.147397,4.1926932,4.1558428,664518816
2004-11-19,4.2317319,4.2537541,4.1671672,4.2392392,4.2019796,350421228
2004-11-22,4.1158662,4.2417421,4.036787,4.1316319,4.0953178,494233272
2004-11-23,4.2034531,4.2750249,4.166667,4.1921921,4.1553454,496035468
2004-11-24,4.3748751,4.4346852,4.3170671,4.373373,4.3349338,610628760
2004-11-26,4.3993988,4.5052552,4.3873868,4.4892392,4.4497819,258944796
2004-11-29,4.513514,4.5783281,4.4421921,4.5307808,4.4909582,426237336
2004-11-30,4.5222721,4.5795798,4.5107608,4.5540538,4.5140266,307692000
2004-12-01,4.5533028,4.5670671,4.4932432,4.5035038,4.4639211,314249436
2004-12-02,4.5020018,4.5422921,4.4682178,4.4894891,4.4500289,250185564
2004-12-03,4.503253,4.5310311,4.4444442,4.5145149,4.4748359,234533232
2004-12-06,4.4827328,4.5220218,4.4049048,4.4116621,4.3728871,249909840
2004-12-07,4.4044042,4.409409,4.2680178,4.29004,4.2523341,274561164
2004-12-08,4.2630129,4.3463459,4.2224722,4.2537541,4.2163658,301370328
2004-12-09,4.2605109,4.3418422,4.2159662,4.3400898,4.3019433,305853840
2004-12-10,4.3400898,4.3763762,4.2865372,4.2955461,4.257791,172515312
2004-12-13,4.3085589,4.3338342,4.24049,4.2655158,4.2280245,192551256
2004-12-14,4.2792792,4.4749751,4.2442441,4.4717221,4.4324188,443092464
2004-12-15,4.4542041,4.5217719,4.4209208,4.4989991,4.459456,458381160
2004-12-16,4.4281778,4.516767,4.4031529,4.4161658,4.3773508,342569088
2004-12-17,4.4234228,4.5170169,4.4181681,4.5065069,4.466898,295152552
2004-12-20,4.5545549,4.7162161,4.551301,4.6301298,4.5894341,392986620
2004-12-21,4.6624122,4.7017021,4.5895901,4.5983481,4.5579314,220431348
2004-12-22,4.6021018,4.6759262,4.5798302,4.6621618,4.6211848,156123720
2004-12-23,4.6909409,4.7197199,4.654655,4.7022018,4.6608725,144439416
2004-12-27,4.7334828,4.837337,4.7322321,4.8025532,4.7603431,243919836
2004-12-28,4.8075581,4.8435941,4.7800298,4.8238239,4.7814264,165666168
2004-12-29,4.7992988,4.8428431,4.7992988,4.8273268,4.7848973,107016876
2004-12-30,4.8290792,4.960711,4.8010511,4.9449449,4.9014821,235935828
2004-12-31,4.9857359,5.0020018,4.818819,4.8245749,4.7821708,306433260
2005-01-03,4.93994,5.096096,4.8913908,5.072823,5.0282364,633134232
2005-01-04,5.04004,5.0783281,4.8418422,4.8673668,4.8245854,549685764
2005-01-05,4.8410912,4.9274268,4.8105612,4.8425932,4.8000307,329134536
2005-01-06,4.8818822,4.9024019,4.6976981,4.7184682,4.6769958,415068516
2005-01-07,4.770771,4.8611112,4.7242241,4.8511009,4.8084631,386129484
2005-01-10,4.8673668,4.9574571,4.8005509,4.881381,4.8384776,301282416
2005-01-11,4.8953948,4.9476981,4.8343339,4.8433428,4.8007731,278069652
2005-01-12,4.8631129,4.9031529,4.7672672,4.889389,4.846415,326784888
2005-01-13,4.889389,4.9396901,4.8561058,4.8881378,4.8451748,273702024
2005-01-14,4.9049048,5.0052552,4.858108,5.0042539,4.9602699,385226388
2005-01-18,5.0292792,5.130631,4.9714708,5.102603,5.057755,526377096
2005-01-19,5.1213708,5.1376381,4.9226732,4.9374371,4.8940401,449857692
2005-01-20,4.817317,4.9111609,4.8048048,4.8528528,4.8102002,359703936
2005-01-21,4.8683681,4.8888888,4.7077079,4.7117119,4.6702991,369965664
2005-01-24,4.721972,4.737988,4.5125132,4.5225229,4.4827733,560347092
2005-01-25,4.5530529,4.5605612,4.4116621,4.4324322,4.3934746,425941632
2005-01-26,4.4862361,4.7399902,4.483233,4.7357359,4.6941123,491823684
2005-01-27,4.7237239,4.7262259,4.634635,4.706707,4.6653385,264830904
2005-01-28,4.7552552,4.8723722,4.6631632,4.7632632,4.7213974,487839672
2005-01-31,4.8470969,4.9139142,4.7977982,4.8953948,4.8523674,383484132
2005-02-01,4.8643641,4.9214211,4.7705212,4.8023019,4.7600927,752806440
2005-02-02,5.3941441,5.4254251,5.0965972,5.1541538,5.1088524,1310660028
2005-02-03,5.1549048,5.3395901,5.1504002,5.2767768,5.2303982,519004476
2005-02-04,5.1669168,5.1989489,5.0700698,5.1141138,5.0691638,592179228
2005-02-07,5.1366372,5.1651649,4.892643,4.9056559,4.8625388,517897584
2005-02-08,4.9289289,5.005506,4.8681178,4.9709711,4.9272804,458740800
2005-02-09,5.024024,5.0450449,4.741241,4.7942939,4.7521548,686173140
2005-02-10,4.8040538,4.81006,4.6358862,4.7042041,4.6628575,758548692
2005-02-11,4.6711712,4.8128128,4.6564059,4.6896901,4.6484714,524115360
2005-02-14,4.5758262,4.8318319,4.52953,4.8295798,4.7871318,1540945512
2005-02-15,4.8448448,5.0010009,4.8318319,4.8856359,4.8426948,1030280688
2005-02-16,4.8723722,4.9882379,4.8623619,4.9652152,4.9215741,660630708
2005-02-17,4.9507012,4.9987488,4.9251752,4.9524522,4.9089231,416159424
2005-02-18,4.9677181,4.975976,4.9214211,4.9537039,4.9101644,339096564
2005-02-22,4.917417,4.9774771,4.7645149,4.7890391,4.7469468,538808652
2005-02-23,4.837337,4.8668671,4.721221,4.8536038,4.8109441,622816560
2005-02-24,4.5888391,4.7510009,4.5603099,4.7269769,4.6854305,1031539428
2005-02-25,4.7334828,4.7527528,4.6423922,4.651401,4.6105189,398541060
2005-02-28,4.654655,4.751502,4.6509008,4.7044539,4.663105,312423264
2005-03-01,4.7369871,4.748498,4.5545549,4.6561561,4.615232,372075552
2005-03-02,4.6534028,4.6964459,4.6136141,4.6341338,4.5934024,291128580
2005-03-03,4.657908,4.6984482,4.6123619,4.6799302,4.6387978,304039656
2005-03-04,4.6721721,4.685936,4.631381,4.6521521,4.6112638,270693036
2005-03-07,4.6991992,4.7447448,4.6804299,4.7249751,4.6834459,346349304
2005-03-08,4.7322321,4.7510009,4.6288791,4.634635,4.5939002,321522156
2005-03-09,4.6098599,4.6208711,4.5085092,4.5382881,4.4983993,453961584
2005-03-10,4.5297799,4.5345349,4.4394388,4.504004,4.464417,437981580
2005-03-11,4.5155158,4.5282779,4.4331832,4.4494491,4.4103417,320810868
2005-03-14,4.4627128,4.4644642,4.3185692,4.3791289,4.3406401,445418136
2005-03-15,4.3868871,4.5045052,4.3596101,4.4697199,4.4304342,416467116
2005-03-16,4.4219222,4.4697199,4.3796301,4.3943939,4.3557701,283967748
2005-03-17,4.432683,4.4954948,4.3993988,4.4867368,4.4473023,330093576
2005-03-18,4.4747248,4.5145149,4.4622121,4.505506,4.4659047,283316400
2005-03-21,4.4862361,4.5588088,4.4356861,4.5265269,4.486742,299048652
2005-03-22,4.5340338,4.5530529,4.4507012,4.4694691,4.4301853,225042732
2005-03-23,4.4537039,4.5105109,4.4537039,4.4789791,4.439611,193606200
2005-03-24,4.5220218,4.5260258,4.4844842,4.4857359,4.4463086,148059792
2005-03-28,4.5465469,4.6246252,4.5282779,4.54004,4.5001364,349170480
2005-03-29,4.5307808,4.586587,4.4562058,4.4937439,4.454247,258661080
2005-03-30,4.5205212,4.540791,4.494494,4.5157661,4.4760752,249194556
2005-03-31,4.4532032,4.539289,4.4454451,4.5172672,4.4775634,270473256
2005-04-01,4.5485492,4.5783281,4.5042539,4.505506,4.4659047,247032720
2005-04-04,4.503253,4.6376381,4.5005012,4.6368871,4.5961323,322732944
2005-04-05,4.697948,4.761261,4.693944,4.7189689,4.6774926,349118532
2005-04-06,4.7357359,4.745996,4.6941938,4.7352352,4.6936164,209893896
2005-04-07,4.7242241,4.8703699,4.7207208,4.8488488,4.806231,387300312
2005-04-08,4.8470969,4.8823819,4.7910409,4.806056,4.7638135,204459336
2005-04-11,4.8320818,4.8748751,4.8128128,4.8355861,4.7930846,216203580
2005-04-12,4.8298302,4.865365,4.7399902,4.8538542,4.8111925,292491216
2005-04-13,4.8415918,4.8628631,4.7479982,4.8280778,4.7856426,261969768
2005-04-14,4.836587,4.8638639,4.757257,4.7910409,4.7489305,245861892
2005-04-15,4.757257,4.7632632,4.6211209,4.6296301,4.5889387,462632904
2005-04-18,4.6191192,4.7017021,4.5918422,4.6789289,4.637804,261749988
2005-04-19,4.737988,4.8048048,4.7054548,4.7897902,4.7476916,336862800
2005-04-20,4.9694691,5.017518,4.9026532,4.9574571,4.9138842,617441940
2005-04-21,5.0155158,5.1301298,4.987988,5.110611,5.0656929,709365924
2005-04-22,5.5780778,5.6056061,5.3618622,5.400651,5.3531833,1326875796
2005-04-25,5.4509511,5.6241241,5.4434428,5.5938439,5.5446777,792806400
2005-04-26,5.5110111,5.5555558,5.4627128,5.4742241,5.4261088,690189120
2005-04-27,5.455205,5.5267768,5.423924,5.5,5.4516592,410181408
2005-04-28,5.4929929,5.5575581,5.4481978,5.4917421,5.4434738,346964688
2005-04-29,5.5533028,5.5618119,5.4509511,5.505506,5.4571166,366441192
2005-05-02,5.556807,5.5980978,5.5107608,5.5628128,5.5139194,390305304
2005-05-03,5.5518022,5.7094588,5.5385389,5.6604099,5.6106591,710496792
2005-05-04,5.6864362,5.7527528,5.6806812,5.7182178,5.6679592,482856660
2005-05-05,5.721221,5.721221,5.6526532,5.6801801,5.6302557,300083616
2005-05-06,5.7157159,5.7369871,5.667417,5.7062058,5.6560526,270285444
2005-05-09,5.7057061,5.7182178,5.6413908,5.6561561,5.6064429,221250528
2005-05-10,5.6423922,5.7007012,5.6236238,5.7007012,5.6505966,253578168
2005-05-11,5.72998,5.805305,5.7039542,5.7880378,5.737165,458692848
2005-05-12,5.7760258,5.8115621,5.710711,5.7237239,5.6734166,357570072
2005-05-13,5.7352352,5.7830329,5.6886892,5.7367368,5.6863151,296323380
2005-05-16,5.7477479,5.7962961,5.7199702,5.782032,5.7312121,227028744
2005-05-17,5.7697701,5.842092,5.7607608,5.834084,5.7828064,312043644
2005-05-18,5.846096,6.0052552,5.8438439,5.9849849,5.9323812,491987520
2005-05-19,6.0145149,6.035285,5.9627128,5.9854851,5.9328771,388271340
2005-05-20,6.0362859,6.0477982,5.9972472,6.0462961,5.9931531,326213460
2005-05-23,6.0850849,6.4589591,6.0738239,6.392643,6.3364563,854676468
2005-05-24,6.4304299,6.642643,6.3438439,6.4064059,6.3500986,1160562276
2005-05-25,6.3245749,6.5310311,6.2720218,6.5267768,6.4694109,721593684
2005-05-26,6.5305309,6.6006012,6.463964,6.486486,6.4294744,541322136
2005-05-27,6.5180178,6.657908,6.4877381,6.6566572,6.5981498,486876636
2005-05-31,6.7424922,6.9669671,6.7409911,6.9386892,6.8777037,888582528
2005-06-01,7.0870872,7.3295798,7.0575581,7.2072072,7.1438613,1406260332
2005-06-02,7.2254748,7.2517519,7.1221218,7.2047052,7.1413817,718245036
2005-06-03,7.1769271,7.2397399,6.9421921,7.013514,6.9518704,750540708
2005-06-06,7.0668168,7.3511009,7.052803,7.2807808,7.2167883,900134964
2005-06-07,7.4349351,7.4972472,7.2647648,7.3353348,7.2708631,971947080
2005-06-08,7.3285789,7.3370872,6.9569569,6.995996,6.9345059,1027007964
2005-06-09,7.1251249,7.2197199,7.0210209,7.1649151,7.1019402,656986356
2005-06-10,7.181932,7.189189,7.0075078,7.0695701,7.0074344,507356136
2005-06-13,7.0025029,7.1118622,6.91992,7.0758262,7.0136347,511615872
2005-06-14,6.9717221,7.0380378,6.9507012,6.9657159,6.9044919,403272324
2005-06-15,6.8818822,6.9394388,6.6924419,6.8768768,6.8164344,834488676
2005-06-16,6.8633628,6.9644642,6.8335838,6.9429431,6.8819194,497997504
2005-06-17,6.9819822,7.0145149,6.9044042,7.0145149,6.9528627,416958624
2005-06-20,6.9091592,7.1989489,6.8000498,7.174675,7.1116147,840147012
2005-06-21,7.2089591,7.2647648,7.131381,7.2032032,7.1398921,604686708
2005-06-22,7.2489991,7.3153148,7.2239742,7.2397399,7.1761074,418541040
2005-06-23,7.2072072,7.3776278,7.1696701,7.25,7.1862774,561693744
2005-06-24,7.2797799,7.4574571,7.246747,7.4386892,7.3733082,710137152
2005-06-27,7.47998,7.619369,7.3538542,7.6101098,7.5432229,711403884
2005-06-28,7.6646652,7.7389889,7.5575581,7.5575581,7.4911323,760698540
2005-06-29,7.5700698,7.6171169,7.3110609,7.325325,7.2609401,731216052
2005-06-30,7.3658662,7.480731,7.2832832,7.3611112,7.296412,603172224
2005-07-01,7.3833828,7.413413,7.2377381,7.2885389,7.2244773,368734896
2005-07-05,7.3098102,7.4069071,7.2630129,7.4001498,7.3351078,299460240
2005-07-06,7.43994,7.4474468,7.2917919,7.2952948,7.231174,319691988
2005-07-07,7.241992,7.4024019,7.2199702,7.395896,7.3308907,426457116
2005-07-08,7.4136639,7.4449449,7.3586092,7.4131632,7.3480072,298005696
2005-07-11,7.417417,7.4224219,7.282783,7.3410912,7.2765684,335276388
2005-07-12,7.342092,7.3673668,7.2805309,7.3018022,7.2376242,234361404
2005-07-13,7.3200698,7.4884882,7.3098102,7.4789791,7.4132442,457058484
2005-07-14,7.6411409,7.6764259,7.5092592,7.5297799,7.4635987,426281292
2005-07-15,7.5385389,7.5925932,7.5020018,7.5372872,7.4710393,337198464
2005-07-18,7.5075078,7.5550551,7.451201,7.495996,7.4301119,248063688
2005-07-19,7.56006,7.7665172,7.5525532,7.7552552,7.6870928,504351144
2005-07-20,7.6468968,7.8230729,7.5525532,7.8078079,7.7391834,571843584
2005-07-21,7.8591089,7.9529529,7.7880378,7.8563561,7.7873049,790784424
2005-07-22,7.6669168,7.7389889,7.4156661,7.5675678,7.5010543,934536528
2005-07-25,7.567317,7.5898399,7.381381,7.4036541,7.338582,385965648
2005-07-26,7.3826332,7.4574571,7.3095598,7.4096599,7.3445339,392283324
2005-07-27,7.4509511,7.463213,7.317317,7.4306812,7.3653703,288427284
2005-07-28,7.4426932,7.4426932,7.3393388,7.3448448,7.2802901,236786976
2005-07-29,7.310811,7.3283281,7.181932,7.201201,7.1379075,334197468
2005-08-01,7.2102098,7.3198199,7.2097101,7.2975478,7.233407,226269504
2005-08-02,7.297297,7.4954948,7.285285,7.487237,7.4214296,291316392
2005-08-03,7.4574571,7.5005012,7.397397,7.43994,7.3745489,236986776
2005-08-04,7.3961458,7.482482,7.388639,7.4507012,7.3852148,209250540
2005-08-05,7.4449449,7.4702201,7.29004,7.3160658,7.2517629,237350412
2005-08-08,7.3473468,7.3986492,7.2695198,7.2885389,7.2244773,179092728
2005-08-09,7.3063059,7.3243241,7.2199702,7.2965469,7.2324152,230940828
2005-08-10,7.2897902,7.3155661,7.1291289,7.1491489,7.0863132,274884840
2005-08-11,7.1544042,7.1716719,7.0225229,7.1083579,7.0458798,300295404
2005-08-12,7.0910912,7.2622619,7.048048,7.2502499,7.1865249,263172564
2005-08-15,7.2522521,7.3265772,7.1013508,7.1071072,7.0446405,326661012
2005-08-16,7.1291289,7.201952,7.090591,7.1483979,7.0855684,284083632
2005-08-17,7.1448951,7.1714211,7.1071072,7.134635,7.0719275,155176668
2005-08-18,6.904655,7.0195198,6.8818822,7.0067568,6.9451718,474437088
2005-08-19,7.0317822,7.043293,6.9974971,7.0070071,6.9454212,221494284
2005-08-22,7.0380378,7.0437942,6.840591,6.8571072,6.7968378,272247480
2005-08-23,6.9109111,7.0005012,6.8598599,6.9964962,6.9350019,232635132
2005-08-24,6.9461961,7.1258759,6.9181681,7.071321,7.0091691,343380276
2005-08-25,7.0708208,7.1071072,7.0062561,7.0718222,7.009666,174888936
2005-08-26,7.0940938,7.1326332,7.0735741,7.0965972,7.0342231,150061788
2005-08-29,7.0630631,7.2352352,7.0630631,7.2184682,7.1550231,235883880
2005-08-30,7.1919422,7.2449951,7.1541538,7.1889391,7.1257534,191488320
2005-08-31,7.2129631,7.2197199,7.116116,7.1571569,7.0942507,201158640
2005-09-01,7.1549048,7.194695,7.1321321,7.163413,7.1004519,109574316
2005-09-02,7.16992,7.2570071,7.1681681,7.2184682,7.1550231,137242620
2005-09-06,7.2322321,7.241992,7.177177,7.1849351,7.1217847,168323508
2005-09-07,7.1544042,7.3948951,7.1391392,7.3791289,7.3142719,299680020
2005-09-08,7.3781281,7.4894891,7.341341,7.3921418,7.3271699,264267468
2005-09-09,7.4394388,7.4849849,7.4214211,7.484735,7.4189496,175444380
2005-09-12,7.551301,7.793293,7.5325332,7.7512512,7.6831236,415044540
2005-09-13,7.7327328,7.8961458,7.661912,7.7997999,7.731245,411584004
2005-09-14,7.725976,7.8398399,7.5150151,7.582583,7.5159373,450580968
2005-09-15,7.4954948,7.6764259,7.455205,7.5730729,7.5065107,618029352
2005-09-16,7.608108,7.62012,7.5042539,7.5125132,7.4464831,302888808
2005-09-19,7.5325332,7.6576581,7.5252752,7.6023521,7.5355325,230245524
2005-09-20,7.6614108,7.7902899,7.6383882,7.7054548,7.6377296,373665960
2005-09-21,7.717968,7.8518519,7.6566572,7.805305,7.736702,404383212
2005-09-22,7.7952948,7.9884882,7.762012,7.7920418,7.7235551,519735744
2005-09-23,7.8328328,7.9381881,7.8225732,7.891892,7.8225279,339012648
2005-09-26,7.9954948,8.0317822,7.8218222,7.8648648,7.7957382,395380224
2005-09-27,7.8816319,7.9682178,7.8423419,7.8563561,7.7873049,274649076
2005-09-28,7.8633628,7.885385,7.6476479,7.6576581,7.590354,319576104
2005-09-29,7.674675,7.7757759,7.6596599,7.7482481,7.6801462,224327448
2005-09-30,7.8633628,7.9454451,7.8150649,7.9194188,7.8498125,365685948
2005-10-03,7.848599,8.0107613,7.8275781,7.9749751,7.904881,366045588
2005-10-04,8.0067568,8.04004,7.7762761,7.782783,7.7143779,365406228
2005-10-05,7.8250751,7.8803802,7.7077079,7.775526,7.7071853,332802864
2005-10-06,7.861361,7.8698702,7.7600098,7.8265772,7.7577868,319432248
2005-10-07,7.8776278,7.924675,7.7712712,7.832583,7.7637401,270541188
2005-10-10,7.840591,7.8783779,7.736486,7.774024,7.7056961,222665112
2005-10-11,7.7730231,7.8240738,7.6291289,7.6601601,7.592833,341362296
2005-10-12,7.6376381,7.6874371,7.482482,7.5317822,7.4655833,371875752
2005-10-13,7.5575581,7.5575581,7.2742739,7.4434428,7.3780198,422285292
2005-10-14,7.5050049,7.5132632,7.3208208,7.4109111,7.3457742,340423236
2005-10-17,7.4449449,7.6376381,7.3713708,7.6326332,7.5655479,302365332
2005-10-18,7.6316319,7.706707,7.576076,7.5895901,7.5228829,282828888
2005-10-19,7.6076078,7.7545052,7.606607,7.725225,7.6573262,280147572
2005-10-20,7.7575078,7.786036,7.5377879,7.5875878,7.5208988,555911532
2005-10-21,8.6536541,8.6694193,8.333333,8.5060062,8.4312439,914780304
2005-10-24,8.5928431,8.7412415,8.5633125,8.7249746,8.6482887,376890732
2005-10-25,8.6531534,8.6936941,8.58008,8.6814308,8.6051283,274856868
2005-10-26,8.6656656,8.9089088,8.663413,8.8948946,8.8167171,355943700
2005-10-27,8.9239244,8.9361858,8.8008013,8.8353348,8.7576771,205170624
2005-10-28,8.8906412,8.9827328,8.8843842,8.963213,8.8844318,235903860
2005-10-31,9.0150146,9.3781281,8.996747,9.3128128,9.2309589,573142284
2005-11-01,9.3058062,9.6071072,9.2344837,9.4939938,9.4105482,653589756
2005-11-02,9.5520515,9.634635,9.4386892,9.501502,9.4179907,422193384
2005-11-03,9.5698204,9.6741743,9.5440435,9.6584082,9.5735188,297638064
2005-11-04,9.7592592,9.8045549,9.645896,9.7705212,9.6846437,352643004
2005-11-07,9.8873873,9.9466972,9.8135643,9.8856363,9.798748,383276340
2005-11-08,9.8661156,9.8996496,9.7242241,9.7572575,9.6714973,315584100
2005-11-09,9.6764259,9.7169666,9.4602098,9.4882383,9.4048443,418257324
2005-11-10,9.4684677,9.7935438,9.4451952,9.7872868,9.7012634,364782852
2005-11-11,9.887888,9.9324322,9.7309809,9.7697697,9.6839008,282273444
2005-11-14,9.8128128,9.9654646,9.798048,9.9341841,9.8468704,312003684
2005-11-15,9.8693686,9.9349346,9.783534,9.8298302,9.743434,344651004
2005-11-16,9.9149151,9.9812307,9.8626127,9.9637136,9.8761406,347460192
2005-11-17,10.055055,10.105355,9.9982481,10.096346,10.007606,368119512
2005-11-18,10.097347,10.122623,10.006256,10.015265,9.9272385,280742976
2005-11-21,9.9892387,10.25976,9.8470974,10.244244,10.154203,412990596
2005-11-22,10.226476,10.443193,10.165916,10.422172,10.330567,383456160
2005-11-23,10.436436,10.628629,10.404905,10.582082,10.489073,402996600
2005-11-25,10.655155,10.729479,10.643143,10.726226,10.631949,193410396
2005-11-28,10.756256,10.791792,10.571572,10.597598,10.504452,439895664
2005-11-29,10.622122,10.670671,10.063564,10.098599,10.009841,858972168
2005-11-30,10.116617,10.221471,9.8988991,10.132883,10.043822,623240136
2005-12-01,10.24024,10.396396,10.217467,10.362613,10.271531,389406204
2005-12-02,10.433934,10.498749,10.356857,10.452953,10.361079,301438260
2005-12-05,10.435435,10.447948,10.117117,10.156406,10.067139,411164424
2005-12-06,10.227728,10.420671,10.052553,10.123624,10.034645,604406988
2005-12-07,10.164164,10.177678,9.9852352,10.115616,10.026706,466169364
2005-12-08,10.142643,10.276527,10.076076,10.276527,10.186204,356043600
2005-12-09,10.385385,10.404905,10.224224,10.24024,10.150237,305430264
2005-12-12,10.376126,10.390641,10.259009,10.325576,10.234822,277725996
2005-12-13,10.322823,10.46046,10.301301,10.447698,10.35587,326225448
2005-12-14,10.436436,10.503754,10.397648,10.484484,10.392332,264950784
2005-12-15,10.488238,10.589089,10.422923,10.574324,10.481384,241590168
2005-12-16,10.644144,10.823323,10.579329,10.764515,10.669903,652566780
2005-12-19,10.815816,11.166416,10.513263,10.625626,10.532235,876594528
2005-12-20,10.707207,10.815816,10.627377,10.754254,10.659734,402984612
2005-12-21,10.8496,10.932432,10.528278,10.668919,10.575147,448427124
2005-12-22,10.805055,10.832332,10.658909,10.811812,10.716784,301562136
2005-12-23,10.814565,10.823323,10.73023,10.784034,10.689251,183620196
2005-12-27,10.807307,10.807307,10.57958,10.626627,10.533227,267843888
2005-12-28,10.619119,10.705205,10.542042,10.677928,10.584076,284431284
2005-12-29,10.71021,10.728979,10.48974,10.514264,10.421852,277554168
2005-12-30,10.442192,10.465716,10.353854,10.381882,10.290632,303180516
2006-01-03,10.573574,10.902653,10.465966,10.891642,10.795912,524323152
2006-01-04,11.108609,11.235235,11.004755,11.142142,11.044212,610844544
2006-01-05,11.161161,11.30005,11.048549,11.292292,11.193042,431899668
2006-01-06,11.433183,11.774274,11.342342,11.653153,11.55073,709565724
2006-01-09,11.671922,11.846847,11.535035,11.684184,11.581489,511164324
2006-01-10,11.622122,11.768018,11.562563,11.755756,11.652432,363520116
2006-01-11,11.793544,11.88964,11.741241,11.802553,11.698816,359935704
2006-01-12,11.854855,11.886637,11.549049,11.602352,11.500375,404606988
2006-01-13,11.619369,11.683934,11.551802,11.667918,11.565365,305957736
2006-01-17,11.588088,11.759259,11.574825,11.689439,11.586699,330481188
2006-01-18,11.193694,11.445445,11.092342,11.133884,11.036026,818608572
2006-01-19,11.290541,11.348599,10.835836,10.922172,10.826175,580910508
2006-01-20,10.978478,11.011762,9.8783779,9.9964962,9.9086351,1643023332
2006-01-23,10.194695,10.72047,10.153403,10.698198,10.604167,908746344
2006-01-24,10.911662,11.134885,10.872873,11.086837,10.989391,617965416
2006-01-25,11.292793,11.367117,10.741241,10.835836,10.740597,748842408
2006-01-26,10.999499,11.010761,10.5996,10.867618,10.772099,516526956
2006-01-27,10.885886,10.966466,10.735235,10.848098,10.75275,337749912
2006-01-30,10.741491,10.842843,10.635636,10.681181,10.587301,343212444
2006-01-31,10.775025,11.001001,10.60986,10.827327,10.732163,881757360
2006-02-01,9.7354851,10.06006,9.6976976,10.054555,9.9661827,1083815100
2006-02-02,10.105606,10.172673,9.9094086,9.9109106,9.823802,471835692
2006-02-03,9.8503504,9.857357,9.3235741,9.5482979,9.4643755,730540728
2006-02-06,9.6423922,9.7572575,9.498498,9.6371374,9.552434,357258384
2006-02-07,9.5843344,9.6021023,9.0928431,9.2072067,9.1262827,664542792
2006-02-08,9.221221,9.2765274,8.8756256,9.2362356,9.155057,831331836
2006-02-09,9.2892895,9.3693686,8.9116621,8.9782276,8.8993149,476019504
2006-02-10,9.0578079,9.1216221,8.8373365,9.0743237,8.9945669,608331060
2006-02-13,8.674675,8.7737741,8.5558062,8.6511507,8.5751143,787923288
2006-02-14,8.6418924,8.8010511,8.5685692,8.5915918,8.516078,585573840
2006-02-15,8.5402899,8.658659,8.4542036,8.5680676,8.4927616,517362120
2006-02-16,8.6504002,9.1841841,8.6208706,9.1706715,9.0900679,851767380
2006-02-17,9.2557564,9.3128128,9.0995998,9.2279778,9.1468716,572235192
2006-02-21,9.1701698,9.3478479,9.1368866,9.1739244,9.0932913,347092560
2006-02-22,9.1879377,9.2329826,9.1056061,9.1463957,9.0660048,258788952
2006-02-23,9.1493988,9.5405407,9.1438942,9.4612112,9.3780546,501561936
2006-02-24,9.4419422,9.511261,9.3465967,9.4444437,9.361434,259112628
2006-02-27,9.5412912,9.8023024,9.5165167,9.769269,9.6834049,408079512
2006-02-28,9.8398399,9.9484482,8.471221,9.0745754,8.9948158,1575926496
2006-03-01,9.2232227,9.2454948,9.0415421,9.1291294,9.0488901,481965552
2006-03-02,9.1161156,9.5370369,9.064064,9.4206715,9.3378696,732478788
2006-03-03,9.6171169,9.690691,9.4034033,9.4639645,9.380784,478001520
2006-03-06,9.5322819,9.594595,9.1876879,9.2117119,9.1307478,357230412
2006-03-07,9.134635,9.2204704,8.9627132,9.1203699,9.0402088,414736848
2006-03-08,8.8571072,9.0097599,8.7722721,8.8558559,8.7780199,469354176
2006-03-09,8.8936443,8.9722223,8.5460463,8.5835838,8.5081396,555859584
2006-03-10,8.596096,8.6211214,8.2970467,8.4459457,8.3717098,772250976
2006-03-13,8.5317822,8.6611614,8.3946447,8.4349346,8.360796,545150304
2006-03-14,8.4369373,8.8180676,8.3238239,8.7877884,8.7105494,737289972
2006-03-15,8.7780275,8.8163157,8.5217724,8.6211214,8.5453482,510241248
2006-03-16,8.7239742,8.7274771,8.4559565,8.4777279,8.4032145,400267332
2006-03-17,8.4784784,8.5530529,8.3816319,8.503253,8.4285154,341725932
2006-03-20,8.5670671,8.7610111,8.5470467,8.7134628,8.6368771,415887696
2006-03-21,8.7590094,8.8002996,8.4854851,8.5065069,8.4317417,392850756
2006-03-22,8.5022516,8.6111107,8.4459457,8.5140142,8.4391823,303536160
2006-03-23,8.567317,8.6524019,8.5135136,8.5558062,8.480607,297090612
2006-03-24,9.2247248,9.2615118,9.0718222,9.1541538,9.0736971,606616776
2006-03-27,9.1864357,9.3020515,9.1341343,9.251502,9.170188,280667052
2006-03-28,9.3020515,9.4559565,9.2885389,9.4394388,9.3564739,357474168
2006-03-29,9.508008,9.9849854,9.4972467,9.8843842,9.7975092,760338900
2006-03-30,9.7394886,9.8473473,9.5998497,9.7207212,9.6352835,587879532
2006-03-31,9.7282276,9.8065567,9.6103601,9.7597599,9.6739779,1459395144
2006-04-03,9.7479982,9.8215723,9.7079582,9.7522516,9.6665363,324583092
2006-04-04,9.7572575,10.132633,9.713213,10.118619,10.029683,627999372
2006-04-05,10.215215,10.374625,10.080581,10.20996,10.120221,535883580
2006-04-06,10.172422,10.357608,10.145896,10.28979,10.19935,343596060
2006-04-07,10.320571,10.331582,10.110611,10.164164,10.074828,280754964
2006-04-10,10.187187,10.43969,10.141391,10.41992,10.328337,372431196
2006-04-11,10.420921,10.487988,10.165666,10.251752,10.161646,443843712
2006-04-12,10.235235,10.293544,10.13989,10.233984,10.144035,240439320
2006-04-13,10.225976,10.254254,10.022523,10.064064,9.9756069,261853884
2006-04-17,10.096346,10.322823,10.031031,10.180681,10.091201,330049620
2006-04-18,10.208458,10.256006,10.047548,10.116116,10.027203,325178496
2006-04-19,10.324575,10.351351,10.178428,10.272773,10.182482,270996732
2006-04-20,10.285536,10.41041,10.215215,10.385385,10.294105,490369140
2006-04-21,11.233734,11.279279,10.915165,10.938438,10.842299,901149948
2006-04-24,10.995996,11.128629,10.923924,11.023524,10.926636,353102544
2006-04-25,11.001752,11.037037,10.660661,10.68969,10.595736,382377240
2006-04-26,10.704204,10.761762,10.598849,10.65991,10.566216,290820888
2006-04-27,10.583333,10.683433,10.495245,10.511261,10.418875,333182484
2006-04-28,10.476226,10.653904,10.417918,10.458959,10.367031,296555148
2006-05-01,10.472222,10.496496,9.9737244,9.982482,9.8947439,414033552
2006-05-02,10.037037,10.072322,9.7197199,9.87988,9.7930431,523647828
2006-05-03,9.9186687,10.047548,9.7817822,9.8641138,9.7774153,322565112
2006-05-04,9.8856363,9.9817324,9.8150654,9.8786287,9.7918043,185893920
2006-05-05,9.9499502,10.027027,9.8043041,9.8673668,9.7806387,242357400
2006-05-08,9.8876381,9.9379377,9.7610111,9.8793793,9.7925463,204539256
2006-05-09,9.9024019,10.235235,9.8536043,10.23023,10.140313,365258376
2006-05-10,10.217968,10.303053,10.056557,10.084585,9.9959478,247240512
2006-05-11,10.095596,10.127878,9.6341343,9.6846848,9.5995636,355356288
2006-05-12,9.5980978,9.631381,9.3480978,9.3626127,9.2803211,403100496
2006-05-15,9.4076576,9.5132627,9.2154646,9.4144144,9.3316689,343260396
2006-05-16,9.4091587,9.4309311,9.2565069,9.2917919,9.210125,259384356
2006-05-17,9.2745247,9.5055056,9.2647648,9.3718719,9.2895002,425326248
2006-05-18,9.4789791,9.5548048,9.2770271,9.2840338,9.2024326,233166600
2006-05-19,9.341341,9.3718719,9.0232735,9.2597599,9.1783733,455472072
2006-05-22,9.2054548,9.3350849,9.1403904,9.2830334,9.2014418,343831824
2006-05-23,9.3646154,9.6066074,9.3483477,9.3988991,9.3162899,358960680
2006-05-24,9.4431934,9.5955963,9.2995501,9.5407906,9.456934,381769848
2006-05-25,9.4864864,9.5845852,9.3170671,9.5843344,9.5000944,327456216
2006-05-26,9.623373,9.6566572,9.5102596,9.543293,9.4594145,146533320
2006-05-30,9.466466,9.5345354,9.2955456,9.3078079,9.2259989,172467360
2006-05-31,9.3543539,9.4657164,9.1786795,9.3048048,9.2230215,318932748
2006-06-01,9.3478479,9.5843344,9.2992992,9.5750751,9.4909163,250868880
2006-06-02,9.6806812,9.6866875,9.4456959,9.4954948,9.412035,255200544
2006-06-05,9.4139137,9.5457964,9.3631134,9.3703699,9.2880096,222117660
2006-06-06,9.4239244,9.7597599,9.4169168,9.75951,9.6737309,409981608
2006-06-07,9.8408413,9.881381,9.6721716,9.6724224,9.58741,356095548
2006-06-08,9.7034531,9.8666172,9.4742241,9.8423424,9.7558355,413965620
2006-06-09,9.8145647,9.8956461,9.6433926,9.6739244,9.5888987,246053700
2006-06-12,9.7182178,9.7720222,9.5345354,9.548048,9.4641275,200563236
2006-06-13,9.532032,9.6846848,9.4624624,9.6726732,9.5876579,306057636
2006-06-14,9.7555056,9.7872868,9.4724722,9.6193686,9.5348215,310569120
2006-06-15,9.6751747,9.8160658,9.5845852,9.7847853,9.6987829,271156572
2006-06-16,9.737237,9.7830334,9.7097101,9.777277,9.6913424,211971816
2006-06-19,9.7810307,9.87988,9.6841841,9.713213,9.62784,305018676
2006-06-20,9.7104597,9.8065567,9.6724224,9.6889391,9.6037807,161434404
2006-06-21,9.7862864,10.11011,9.7535038,10.063313,9.9748631,349426224
2006-06-22,10.04955,10.16016,9.7097101,10.008759,9.9207897,236239524
2006-06-23,10.079079,10.254004,10.028529,10.131632,10.042583,212379408
2006-06-26,10.178929,10.217718,10.091341,10.115616,10.026706,141905952
2006-06-27,10.152903,10.21021,10.035285,10.068068,9.9795752,164119716
2006-06-28,10.11036,10.172172,10.038288,10.162913,10.073588,148271580
2006-06-29,10.20996,10.465465,10.155656,10.455706,10.363808,266061672
2006-06-30,10.4004,10.493744,10.318569,10.493744,10.401512,250069680
2006-07-03,10.511512,10.604855,10.496747,10.590591,10.497508,86181732
2006-07-05,10.548549,10.580581,10.401401,10.547047,10.454345,199224576
2006-07-06,10.595095,10.645145,10.56006,10.59034,10.497258,147336516
2006-07-07,10.661912,10.707958,10.407407,10.521772,10.429294,241434324
2006-07-10,10.596597,10.641391,10.41992,10.465465,10.373481,177278544
2006-07-11,10.473223,10.636887,10.336086,10.624625,10.531241,238613148
2006-07-12,10.562813,10.579079,10.428679,10.441692,10.349918,196071732
2006-07-13,10.36036,10.468969,10.180931,10.230981,10.141057,276703020
2006-07-14,10.268519,10.297548,9.9752254,10.097598,10.008848,301781916
2006-07-17,10.125876,10.285285,10.103103,10.207457,10.11774,232243524
2006-07-18,10.254004,10.274525,9.9534531,10.086336,9.9976845,341130528
2006-07-19,9.8851347,10.038539,9.8763762,9.9849854,9.8972235,340399260
2006-07-20,10.117117,10.121121,9.6511507,9.6876879,9.60254,501046452
2006-07-21,9.6631632,9.8035536,9.4517021,9.7625132,9.6767082,469713816
2006-07-24,9.8303299,9.8571072,9.5397902,9.7822819,9.6963024,323120556
2006-07-25,9.6351347,9.7925434,9.6046047,9.7437439,9.658103,230213556
2006-07-26,9.714715,9.8075581,9.5845852,9.6471472,9.562355,221054724
2006-07-27,9.693944,9.6969471,9.4582081,9.5695696,9.4854603,225418356
2006-07-28,9.5595598,9.7487488,9.552803,9.7127132,9.6273451,163180656
2006-07-31,9.7097101,9.7389889,9.5923424,9.674675,9.5896406,183628188
2006-08-01,9.6373873,9.653904,9.3971472,9.3971472,9.3145533,218309472
2006-08-02,9.3993988,9.4386892,9.1391392,9.1899405,9.1091671,283628088
2006-08-03,9.1336336,9.4572067,9.0930929,9.3941441,9.3115759,252826920
2006-08-04,9.498498,9.5265274,9.3030529,9.3556061,9.2733784,203604192
2006-08-07,9.2967968,9.5027533,9.2880383,9.4582081,9.3750782,157718124
2006-08-08,9.58008,9.6221218,9.4867373,9.5345354,9.4507341,229498272
2006-08-09,9.5795803,9.626627,9.4184179,9.4329329,9.3500242,172267560
2006-08-10,9.3563557,9.4512014,9.3208208,9.3643637,9.2820578,170305524
2006-08-11,9.3693686,9.3913908,9.2092094,9.2217216,9.1406679,150509340
2006-08-14,9.2967968,9.3876381,9.225976,9.2449951,9.1637383,198533268
2006-08-15,9.362112,9.551301,9.3243237,9.5337839,9.4499874,267660072
2006-08-16,9.5965967,9.7209711,9.5625629,9.7027035,9.617424,233893872
2006-08-17,9.6694193,9.7597599,9.6076078,9.6546555,9.5697966,203004792
2006-08-18,9.6674166,9.6869373,9.5282784,9.5935936,9.5092745,197889912
2006-08-21,9.4619617,9.4844837,9.3898897,9.4419422,9.3589544,160771068
2006-08-22,9.4527035,9.4909906,9.3803797,9.4667168,9.3835106,166397436
2006-08-23,9.4504499,9.4662161,9.3258257,9.3450947,9.2629566,145546308
2006-08-24,9.3703699,9.4194193,9.3158159,9.352603,9.2704,139160700
2006-08-25,9.3363361,9.3923922,9.3218222,9.3408413,9.2587423,98569332
2006-08-28,9.3996496,9.5332832,9.3843842,9.5332832,9.4494934,166393440
2006-08-29,9.5290289,9.5675678,9.4394388,9.4832335,9.3998842,178221600
2006-08-30,9.4897404,9.6258764,9.4722223,9.5282784,9.4445333,161614224
2006-08-31,9.5467968,9.5633125,9.4644642,9.472723,9.3894644,118277604
2006-09-01,9.5342836,9.5415421,9.439189,9.474474,9.3911991,106809084
2006-09-05,9.5062561,9.6446447,9.4454451,9.618619,9.5340776,162809028
2006-09-06,9.5620623,9.5893393,9.5010014,9.5130129,9.4294004,148815036
2006-09-07,9.4942436,9.5533028,9.4444437,9.4717216,9.3884706,153526320
2006-09-08,9.4274273,9.5292788,9.4274273,9.4557056,9.3725967,123212664
2006-09-11,9.4659662,9.6268768,9.4537039,9.6118622,9.5273781,180986832
2006-09-12,9.634635,9.8280783,9.6316319,9.8073072,9.7211084,217470312
2006-09-13,9.8886395,10.179179,9.8873873,10.174424,10.084998,390337272
2006-09-14,10.117618,10.167167,10.058308,10.10961,10.020754,214429356
2006-09-15,10.197197,10.261512,10.178679,10.257257,10.167105,313214472
2006-09-18,10.26026,10.477728,10.246997,10.377628,10.286416,283983732
2006-09-19,10.396897,10.397648,9.8283281,10.105355,10.016537,571144284
2006-09-20,10.187688,10.194945,9.8753748,9.9349346,9.8476143,365546088
2006-09-21,10.017518,10.221471,10.006507,10.181431,10.091944,427256316
2006-09-22,10.134635,10.196446,10.044044,10.104605,10.015793,185798016
2006-09-25,10.14965,10.246496,10.072573,10.10961,10.020754,229262508
2006-09-26,10.147648,10.202202,10.054304,10.181932,10.09244,211364424
2006-09-27,10.167668,10.290791,10.069319,10.083083,9.9944592,234832932
2006-09-28,10.112112,10.184685,10.023524,10.0996,10.010831,204091704
2006-09-29,10.138388,10.150651,10.045295,10.057558,9.969161,132303564
2006-10-02,10.057558,10.16016,10.03003,10.046046,9.9577475,145929924
2006-10-03,10.042292,10.171672,9.964715,10.111111,10.022241,218369412
2006-10-04,10.134384,10.404655,10.086336,10.402903,10.311468,266205528
2006-10-05,10.377878,10.466466,10.281782,10.305556,10.214978,231360408
2006-10-06,10.265766,10.558308,10.254004,10.523023,10.430534,293166540
2006-10-09,10.630631,10.80956,10.596096,10.735736,10.641376,303028668
2006-10-10,10.7998,10.957207,10.57032,10.676927,10.583085,391152456
2006-10-11,10.636136,10.758509,10.604605,10.673173,10.579363,225190584
2006-10-12,10.724725,10.752753,10.610611,10.696697,10.60268,193566240
2006-10-13,10.704705,10.748248,10.64965,10.693193,10.599207,144755100
2006-10-16,10.703203,10.740741,10.544044,10.554304,10.461539,172603224
2006-10-17,10.518018,10.604354,10.427928,10.526527,10.434007,208231560
2006-10-18,10.585335,10.629379,10.447948,10.493243,10.401016,240451308
2006-10-19,10.516266,10.748248,10.49975,10.662162,10.568449,459679860
2006-10-20,11.486236,11.514014,11.351101,11.503253,11.402146,465450084
2006-10-23,11.568569,12.128128,11.520771,12.031532,11.925784,603575820
2006-10-24,11.918919,11.958458,11.797047,11.844595,11.740489,346061592
2006-10-25,11.949199,12.224725,11.88964,12.177177,12.070148,367132500
2006-10-26,12.204204,12.311311,12.117117,12.13964,12.032942,280986732
2006-10-27,12.10961,12.143143,11.824074,11.891892,11.787372,263895840
2006-10-30,11.882382,12.023524,11.762012,11.926176,11.821354,262261476
2006-10-31,11.963463,12.066066,11.857858,11.921672,11.816888,251164584
2006-11-01,11.980981,11.99024,11.643143,11.699199,11.59637,216834948
2006-11-02,11.699199,11.855105,11.671171,11.75951,11.656153,209258532
2006-11-03,11.817568,11.855606,11.638138,11.806807,11.703033,196111692
2006-11-06,11.856106,12.003504,11.82007,11.935686,11.830779,199460340
2006-11-07,11.935686,11.987487,11.806056,11.826076,11.722133,195688116
2006-11-08,11.770521,12.055556,11.726727,11.886887,11.782409,318281400
2006-11-09,11.924424,11.999249,11.808308,11.827578,11.723621,194972832
2006-11-10,11.856356,11.87988,11.769019,11.850601,11.746442,111756132
2006-11-13,11.884384,12.041291,11.865365,12.037788,11.931984,173502324
2006-11-14,12.02953,12.261011,12.024525,12.244745,12.137123,288647064
2006-11-15,12.348098,12.508759,12.310561,12.310561,12.20236,334493172
2006-11-16,12.387387,12.454454,12.326326,12.40991,12.300836,203500296
2006-11-17,12.343594,12.504004,12.337337,12.482232,12.372522,220219560
2006-11-20,12.472472,12.472472,12.328579,12.388639,12.279751,204775020
2006-11-21,12.425926,12.762763,12.408158,12.754004,12.641905,336762900
2006-11-22,12.787037,12.837838,12.657157,12.712963,12.601227,179847972
2006-11-24,12.625125,12.7002,12.612613,12.637638,12.526563,69238692
2006-11-27,12.546797,12.557057,12.130881,12.130881,12.024259,292695012
2006-11-28,12.04029,12.258759,11.937688,12.24975,12.142084,311592096
2006-11-29,12.368368,12.380881,12.068318,12.128378,12.021778,252359388
2006-11-30,12.116867,12.272272,12.050801,12.132382,12.025747,222876900
2006-12-01,12.161662,12.221972,11.974474,12.032032,11.92628,225030744
2006-12-04,12.087087,12.197948,11.995746,12.133383,12.026739,195800004
2006-12-05,12.197197,12.248248,12.134384,12.187187,12.080071,163955880
2006-12-06,12.186186,12.322322,12.125125,12.22998,12.12249,177833988
2006-12-07,12.268018,12.307307,12.072573,12.078078,11.971921,186385428
2006-12-08,12.060561,12.227227,12.012012,12.114865,12.008385,158837004
2006-12-11,12.135135,12.234735,12.107107,12.11036,12.003918,130405464
2006-12-12,12.108358,12.171171,12.019019,12.056557,11.950589,167072760
2006-12-13,12.129379,12.14965,11.937437,11.986737,11.881384,186297516
2006-12-14,12.018268,12.105856,11.943443,12.065065,11.959022,189766044
2006-12-15,12.078078,12.114865,12.008008,12.01952,11.913875,207424368
2006-12-18,12.074825,12.080581,11.52953,11.581582,11.47979,320343336
2006-12-19,11.554555,11.744494,11.473974,11.727477,11.624401,263216520
2006-12-20,11.761762,11.799299,11.56982,11.584084,11.482267,174537288
2006-12-21,11.616116,11.642893,11.31982,11.416416,11.316074,277853868
2006-12-22,11.448949,11.477477,11.32958,11.400901,11.300696,159372468
2006-12-26,11.424424,11.498248,11.376126,11.4497,11.349064,82889028
2006-12-27,11.511512,11.713714,11.488989,11.712462,11.609518,169090740
2006-12-28,11.68969,11.726226,11.567818,11.575576,11.473835,124523352
2006-12-29,11.564064,11.623373,11.508008,11.523524,11.42224,102265632
2007-01-03,11.661662,11.928428,11.539289,11.701451,11.598603,307951740
2007-01-04,11.736737,12.110861,11.72047,12.093594,11.9873,315188496
2007-01-05,12.074575,12.1997,11.964715,12.191942,12.084783,274609116
2007-01-08,12.204454,12.259009,12.067067,12.101602,11.995238,189985824
2007-01-09,12.148398,12.218468,12.042042,12.14965,12.042862,215040744
2007-01-10,12.122873,12.351101,12.063063,12.248749,12.14109,238501260
2007-01-11,12.442442,12.556306,12.416917,12.505506,12.395591,288039672
2007-01-12,12.562312,12.637638,12.512513,12.637638,12.526563,178769052
2007-01-16,12.701451,12.837838,12.595095,12.61962,12.508703,302453244
2007-01-17,12.597347,12.706957,12.371872,12.444444,12.335067,267696036
2007-01-18,12.375375,12.424424,12.197948,12.207958,12.100658,237042720
2007-01-19,12.211712,12.281281,12.180681,12.256006,12.148284,198932868
2007-01-22,12.324825,12.328579,11.974474,12.033033,11.927272,215955828
2007-01-23,12.031782,12.130881,11.944194,11.988238,11.882872,186433380
2007-01-24,12.123373,12.501001,12.094344,12.489239,12.379468,242129628
2007-01-25,12.537538,12.625125,12.153654,12.214464,12.107107,254485260
2007-01-26,12.285536,12.45996,12.187938,12.408408,12.299347,219640140
2007-01-29,12.462462,12.481231,12.274775,12.324074,12.215755,190836972
2007-01-30,12.362362,12.462462,12.292793,12.37037,12.261642,167052780
2007-01-31,12.424675,12.637638,12.40015,12.55005,12.439744,487755756
2007-02-01,12.662663,12.662913,12.0503,12.055806,11.949843,625721652
2007-02-02,12.077327,12.137137,11.957207,12.04955,11.943643,251208540
2007-02-05,11.949449,11.961962,11.666416,11.690691,11.587938,287987724
2007-02-06,11.714214,11.844344,11.693193,11.798799,11.695096,212663124
2007-02-07,11.857357,11.870621,11.731231,11.762012,11.658631,164627208
2007-02-08,11.712963,11.855606,11.64039,11.787538,11.683932,162904932
2007-02-09,11.803053,11.828829,11.549049,11.558809,11.457213,194149656
2007-02-12,11.528529,11.571321,11.386887,11.468719,11.367917,229949820
2007-02-13,11.49024,11.581081,11.442943,11.488989,11.388008,162341496
2007-02-14,11.511512,11.73999,11.491992,11.65991,11.557428,227724048
2007-02-15,11.661662,11.664915,11.52953,11.548298,11.446797,161534304
2007-02-16,11.581582,11.765516,11.563063,11.76026,11.656896,246832920
2007-02-20,11.723473,11.830581,11.629379,11.814314,11.710474,162541296
2007-02-21,11.757758,11.978979,11.705205,11.908408,11.803741,225398376
2007-02-22,11.979229,12.118118,11.871622,11.908158,11.803493,229526244
2007-02-23,11.905656,11.935686,11.706707,11.777277,11.673762,155148696
2007-02-26,11.832583,11.893143,11.605355,11.634885,11.532622,158637204
2007-02-27,11.386386,11.506507,11.19044,11.23048,11.131772,372139488
2007-02-28,11.271522,11.353103,11.087087,11.247497,11.14864,320970708
2007-03-01,11.077828,11.321822,11.011011,11.216967,11.118378,347060592
2007-03-02,11.138889,11.228729,10.977978,10.977978,10.88149,263080656
2007-03-05,10.936436,11.148649,10.935936,11.034785,10.937796,253949796
2007-03-06,11.197948,11.486486,11.195696,11.4502,11.349561,301046652
2007-03-07,11.578829,11.59009,11.368619,11.402402,11.302185,261102636
2007-03-08,11.491992,11.649149,11.363864,11.379379,11.279362,214297488
2007-03-09,11.461461,11.471471,11.263764,11.335335,11.235704,198908892
2007-03-12,11.325576,11.392643,11.289039,11.38013,11.280106,138477384
2007-03-13,11.264014,11.30956,11.081832,11.086837,10.989391,254836908
2007-03-14,11.091842,11.227728,10.985986,11.211211,11.112672,320355324
2007-03-15,11.207708,11.256757,11.10961,11.165916,11.067777,157610232
2007-03-16,11.152402,11.178679,11.008258,11.032282,10.935315,226137636
2007-03-19,11.092342,11.223724,11.026777,11.191942,11.093574,207700092
2007-03-20,11.155906,11.201201,11.101101,11.143143,11.045202,136723140
2007-03-21,11.143644,11.425676,11.141391,11.425175,11.324754,231700068
2007-03-22,11.401652,11.565816,11.324575,11.562563,11.460938,227000772
2007-03-23,11.547798,11.596346,11.438438,11.557307,11.455726,164287548
2007-03-26,11.525275,11.636637,11.401902,11.636637,11.53436,188223588
2007-03-27,11.60035,11.642392,11.52002,11.602102,11.50013,149498352
2007-03-28,11.558308,11.647648,11.515265,11.558559,11.456968,183480336
2007-03-29,11.625375,11.661662,11.386386,11.534535,11.433154,159380460
2007-03-30,11.564064,11.596597,11.414915,11.465465,11.364692,135072792
2007-04-02,11.455455,11.474725,11.314314,11.474725,11.373871,137802060
2007-04-03,11.612863,11.868118,11.611612,11.826827,11.722879,259811928
2007-04-04,11.815315,11.836837,11.751251,11.787287,11.683685,151000848
2007-04-05,11.794294,11.814064,11.752252,11.79955,11.695842,108523368
2007-04-09,11.836336,11.836837,11.651401,11.716967,11.613982,122361516
2007-04-10,11.688939,11.781532,11.640641,11.674174,11.571568,119052828
2007-04-11,11.663163,11.746747,11.576827,11.624875,11.522701,152327520
2007-04-12,11.611612,11.711712,11.567568,11.696446,11.593641,108207684
2007-04-13,11.722973,11.730981,11.595596,11.668919,11.566356,111680208
2007-04-16,11.723223,11.936687,11.715465,11.868619,11.764302,202912884
2007-04-17,11.856857,11.921672,11.801802,11.831832,11.727839,128275596
2007-04-18,11.793293,12.00951,11.75,11.912162,11.807462,226593180
2007-04-19,11.874374,12.060811,11.751502,11.803053,11.699313,439943616
2007-04-20,12.275275,12.324825,12.062563,12.074074,11.967952,485973540
2007-04-23,12.014515,12.137137,11.968468,11.988989,11.883615,226757016
2007-04-24,11.977227,12.011512,11.900651,11.9502,11.845167,147640212
2007-04-25,12.012012,12.046296,11.914665,11.961712,11.856575,158513328
2007-04-26,11.964464,12.123373,11.93969,12.041542,11.935706,164831004
2007-04-27,12.013764,12.072072,11.97022,11.987237,11.881877,116910972
2007-04-30,11.990741,12.045796,11.796296,11.796296,11.692615,145502352
2007-05-01,11.816567,11.832082,11.615866,11.736737,11.63358,146181672
2007-05-02,11.727978,11.788789,11.654905,11.656156,11.553706,122385492
2007-05-03,11.667167,11.863614,11.643894,11.842593,11.738505,143624232
2007-05-04,11.764765,11.882883,11.658659,11.78979,11.686167,157842000
2007-05-07,11.815315,11.832332,11.673423,11.693443,11.590666,120683196
2007-05-08,11.664915,11.715966,11.62988,11.681932,11.579257,116087796
2007-05-09,11.665415,11.805055,11.608609,11.742993,11.639781,155440404
2007-05-10,11.687688,11.748999,11.537037,11.548298,11.446797,147304548
2007-05-11,11.557307,11.686687,11.536537,11.68018,11.577519,117646236
2007-05-14,11.648649,11.699449,11.511512,11.556056,11.454488,154753092
2007-05-15,11.560561,11.575075,11.446697,11.461461,11.360723,164595240
2007-05-16,11.561562,11.84034,11.486987,11.827077,11.723125,261905832
2007-05-17,11.823323,11.892392,11.782032,11.785786,11.682198,186237576
2007-05-18,11.812563,11.829329,11.755506,11.76977,11.666322,147688164
2007-05-21,11.75,11.991992,11.67968,11.776777,11.673268,246125628
2007-05-22,11.836837,11.987237,11.836837,11.908408,11.803741,153406440
2007-05-23,12.032533,12.097347,11.855606,11.861111,11.75686,202205592
2007-05-24,11.890641,11.991992,11.799299,11.87012,11.76579,166777056
2007-05-25,12.004505,12.135886,11.943694,12.1001,11.993749,213726060
2007-05-29,12.137137,12.307307,12.112112,12.18994,12.0828,208511280
2007-05-30,12.124625,12.483483,12.087087,12.477477,12.367808,289542168
2007-05-31,12.526527,12.732232,12.438939,12.46021,12.350695,356615028
2007-06-01,12.537538,12.638138,12.460711,12.522523,12.412459,191768040
2007-06-04,12.46021,12.775526,12.452202,12.689439,12.577907,283755960
2007-06-05,12.756507,12.987988,12.677928,12.983984,12.869864,417466116
2007-06-06,12.931682,13.032533,12.894394,12.969219,12.855227,315152532
2007-06-07,13.006757,13.175676,12.825576,12.889389,12.776101,424794780
2007-06-08,12.917918,13.004004,12.749249,12.90015,12.786768,254073672
2007-06-11,12.863363,12.969219,12.762763,12.796296,12.683825,185722092
2007-06-12,12.73048,12.804555,12.591842,12.631882,12.520857,256523220
2007-06-13,12.68994,12.726226,12.47973,12.643644,12.532516,281078640
2007-06-14,12.647147,12.65966,12.555055,12.583584,12.472985,184663152
2007-06-15,12.717467,12.737738,12.543293,12.65991,12.548639,246717036
2007-06-18,12.667167,12.912913,12.618619,12.892893,12.779572,193242564
2007-06-19,12.863113,12.944194,12.801301,12.870621,12.757498,174037788
2007-06-20,12.936937,12.981732,12.739239,12.762012,12.649844,173354472
2007-06-21,12.787287,12.895145,12.66967,12.865616,12.752538,176211612
2007-06-22,12.923423,13.137888,12.915415,13.137638,13.022168,287859852
2007-06-25,13.237738,13.388138,13.097598,13.198699,13.082691,316683000
2007-06-26,13.331582,13.343343,13.169169,13.26977,13.153138,227352420
2007-06-27,13.138138,13.212963,13.002002,13.17042,13.054662,244679076
2007-06-28,13.135135,13.250751,13.108108,13.138388,13.022911,166569264
2007-06-29,13.163664,13.198198,12.999499,13.080581,12.965613,155068776
2007-07-02,13.1504,13.30956,13.118118,13.272773,13.156116,139364496
2007-07-03,13.28979,13.373373,13.200701,13.371872,13.254343,74797128
2007-07-05,13.402402,13.623624,13.317067,13.554304,13.435172,197518284
2007-07-06,13.544795,13.61036,13.481732,13.498498,13.379856,109770120
2007-07-09,13.588589,13.732232,13.52002,13.577578,13.45824,149042808
2007-07-10,13.608358,13.688689,13.554805,13.597097,13.47759,154085760
2007-07-11,13.603854,13.676176,13.513764,13.625375,13.505617,132239628
2007-07-12,13.66016,13.696697,13.519019,13.646897,13.526951,137526336
2007-07-13,13.711461,13.830581,13.694945,13.817818,13.696368,209274516
2007-07-16,13.771271,13.978478,13.746496,13.838589,13.716957,263716020
2007-07-17,13.88989,13.957207,13.823323,13.888889,13.766816,172970856
2007-07-18,13.861111,13.876376,13.608859,13.751251,13.630388,242956800
2007-07-19,13.85035,13.851852,13.56957,13.728478,13.607816,444642912
2007-07-20,12.81031,13.092593,12.75025,13.016016,12.901614,710181108
2007-07-23,12.988238,13.013013,12.816567,12.825576,12.712847,254013732
2007-07-24,12.745245,12.98023,12.69044,12.862863,12.749807,222661116
2007-07-25,12.937437,12.938438,12.651652,12.756757,12.644633,221578200
2007-07-26,12.731231,12.827578,12.484484,12.712713,12.600978,275060664
2007-07-27,12.725976,12.928428,12.65015,12.81006,12.697469,220143636
2007-07-30,12.835836,12.996496,12.775275,12.915666,12.802145,158373468
2007-07-31,13.018769,13.024024,12.762763,12.762763,12.650587,170649180
2007-08-01,12.775275,12.925676,12.716216,12.836336,12.723514,176950872
2007-08-02,12.855856,12.887638,12.737738,12.788038,12.675642,126069804
2007-08-03,12.764014,12.842843,12.587588,12.587588,12.476953,126920952
2007-08-06,12.587588,12.766517,12.575075,12.762763,12.650587,145913940
2007-08-07,12.756507,13.01001,12.738739,12.913413,12.799911,170401428
2007-08-08,12.996496,13.157658,12.94019,13.157658,13.042012,162589248
2007-08-09,13.033033,13.183684,12.878629,12.881131,12.767914,193666140
2007-08-10,12.767267,12.980981,12.653403,12.906657,12.793218,234772992
2007-08-13,13.001502,13.006757,12.838589,12.9004,12.787014,127044828
2007-08-14,12.905906,12.947948,12.712713,12.727728,12.61586,145202652
2007-08-15,12.737738,12.805055,12.43018,12.451201,12.341764,216163620
2007-08-16,12.312813,12.423173,12.023524,12.3003,12.192189,345478176
2007-08-17,12.448448,12.537538,12.303554,12.513514,12.403528,218956824
2007-08-20,12.574074,12.576577,12.412412,12.46046,12.350942,107784108
2007-08-21,12.485986,12.716717,12.456707,12.677928,12.566499,144279576
2007-08-22,12.761762,12.919169,12.743994,12.831582,12.718801,129977892
2007-08-23,12.912913,12.916166,12.687688,12.817568,12.70491,122944932
2007-08-24,12.828078,12.901652,12.725225,12.887888,12.774613,98809092
2007-08-27,12.873624,12.949199,12.797798,12.844344,12.731453,92910996
2007-08-28,12.801051,12.887387,12.657407,12.672673,12.561288,130825044
2007-08-29,12.708709,12.845345,12.693443,12.834835,12.722026,101870028
2007-08-30,12.821822,12.897898,12.777277,12.797798,12.685314,105961932
2007-08-31,12.84034,12.925425,12.79955,12.894144,12.780813,118984896
2007-09-04,12.888388,13.213213,12.878378,13.141892,13.026386,147600252
2007-09-05,13.098098,13.25025,13.069319,13.208208,13.092119,132383484
2007-09-06,13.247247,13.259009,12.968969,13.101101,12.985952,144890964
2007-09-07,12.959459,13.044044,12.932933,12.996747,12.882514,146397456
2007-09-10,13.045045,13.064815,12.784785,12.874875,12.761714,128902968
2007-09-11,12.937688,13.054304,12.906156,13.046296,12.931628,108035856
2007-09-12,13.026276,13.212713,12.987988,13.079329,12.96437,119320560
2007-09-13,13.114615,13.193443,13.093594,13.132633,13.017205,75568356
2007-09-14,13.093093,13.27002,13.068569,13.231982,13.115682,110485404
2007-09-17,13.176426,13.245245,13.114865,13.145646,13.030105,87812100
2007-09-18,13.176176,13.444695,13.11987,13.395145,13.277411,168459372
2007-09-19,13.495245,13.75,13.484985,13.684935,13.564655,220854924
2007-09-20,13.688689,13.933934,13.664414,13.834585,13.712989,220779000
2007-09-21,13.922422,14.033784,13.834585,14.016517,13.893322,320147532
2007-09-24,14.039039,14.300801,14.014014,14.214715,14.089779,211668120
2007-09-25,14.114114,14.253253,14.085586,14.239239,14.114085,109114776
2007-09-26,14.274274,14.309059,14.109359,14.218218,14.093249,133710156
2007-09-27,14.307558,14.307808,14.158659,14.201702,14.076879,82169748
2007-09-28,14.189189,14.253003,14.117117,14.195946,14.071174,105474420
2007-10-01,14.263514,14.623373,14.254505,14.578328,14.450193,188263548
2007-10-02,14.599099,14.935185,14.514765,14.624374,14.495837,282417300
2007-10-03,14.670921,14.739489,14.523524,14.615115,14.48666,155024820
2007-10-04,14.641892,14.641892,14.440941,14.49024,14.36288,119348532
2007-10-05,14.692442,14.914915,14.68994,14.866116,14.735454,202545252
2007-10-08,14.88989,15.271772,14.863614,15.255756,15.12167,200918880
2007-10-09,15.393143,15.61011,15.224975,15.394895,15.259584,350361288
2007-10-10,15.54955,15.657658,15.435435,15.6504,15.512843,215208576
2007-10-11,15.856857,16.0513,15.24024,15.565566,15.428756,471488040
2007-10-12,15.615115,15.975976,15.471471,15.950701,15.810505,272675052
2007-10-15,15.977728,16.012512,15.404154,15.518268,15.381873,277474248
2007-10-16,15.477728,15.663664,15.315065,15.415415,15.279923,240770988
2007-10-17,15.777027,15.865866,15.555305,15.852853,15.713517,240978780
2007-10-18,15.901151,16.050301,15.728228,16.006508,15.865822,491076432
2007-10-19,16.380381,16.478729,16.096848,16.133884,15.992077,630928440
2007-10-22,15.982733,16.391392,15.922923,16.285034,16.141901,266309424
2007-10-23,16.547798,16.956957,16.516518,16.911161,16.762524,271476252
2007-10-24,16.834585,16.953705,16.505507,16.912413,16.763763,295871832
2007-10-25,16.983984,16.991241,16.605354,16.729479,16.582441,231588180
2007-10-26,16.867619,16.930429,16.718218,16.881882,16.733501,134021844
2007-10-29,16.96121,17.017017,16.819069,16.997747,16.848347,122529348
2007-10-30,16.954704,17.515265,16.954704,17.386637,17.233824,275747976
2007-10-31,17.534784,17.692694,17.418419,17.692694,17.537186,274796928
2007-11-01,17.587337,17.860861,17.562061,17.597849,17.443176,260826912
2007-11-02,17.780531,17.857357,17.450951,17.799049,17.642607,233426340
2007-11-05,17.692442,18.274023,17.669418,18.159409,17.9998,354992652
2007-11-06,18.457457,18.563313,18.143143,18.563313,18.400154,337114548
2007-11-07,18.546797,18.699699,18.096598,18.341843,18.180632,330609060
2007-11-08,18.383383,18.39064,16.946445,17.363363,17.210751,659827512
2007-11-09,16.911411,17.064064,16.546797,16.615866,16.469824,455068476
2007-11-12,16.459961,16.765015,15.670921,15.817568,15.678542,408682908
2007-11-13,16.14089,16.539539,15.817568,16.530279,16.384987,337478184
2007-11-14,16.848848,16.904154,15.922673,16.058058,15.91692,323464212
2007-11-15,15.98023,16.203705,15.615616,15.757007,15.618513,278429292
2007-11-16,15.864364,15.903153,15.415916,15.856607,15.717239,361350288
2007-11-19,15.755506,15.935185,15.477978,15.661912,15.524255,220874904
2007-11-20,15.927928,16.493994,15.837588,16.229731,16.087082,393230376
2007-11-21,16.110359,16.766016,16.068068,16.52953,16.384247,280259460
2007-11-23,16.766768,16.973974,16.719469,16.934435,16.785593,109438452
2007-11-26,17.022022,17.352352,16.641642,16.666668,16.520178,271332396
2007-11-27,16.886887,16.927677,16.272774,16.856106,16.707956,355823820
2007-11-28,17.06982,17.374874,16.82032,17.323824,17.171558,316343340
2007-11-29,17.286036,17.587337,17.21146,17.442442,17.289133,248071680
2007-11-30,17.792793,17.794294,17.06982,17.342342,17.189915,315504180
2007-12-03,17.292543,17.392391,17.045546,17.055305,16.905403,172830996
2007-12-04,16.974726,17.317316,16.944944,17.12112,16.970638,169102728
2007-12-05,17.335587,17.490742,17.204704,17.48023,17.326595,168215616
2007-12-06,17.462461,17.931932,17.442694,17.899399,17.742073,196163640
2007-12-07,17.892643,17.967968,17.780279,17.889641,17.732405,153929916
2007-12-10,17.917667,18.138138,17.867868,17.978477,17.820459,154093752
2007-12-11,18.016518,18.042793,17.486986,17.497498,17.34371,245318436
2007-12-12,17.867868,17.875875,17.229731,17.501251,17.347427,246117636
2007-12-13,17.425175,17.457958,17.047297,17.36862,17.215961,201430368
2007-12-14,17.204954,17.51001,17.1987,17.266266,17.114508,146793060
2007-12-17,17.217216,17.402903,16.608358,16.747498,16.6003,219220560
2007-12-18,16.870871,16.934685,16.328829,16.850601,16.702496,286381332
2007-12-19,16.872122,17.004505,16.741741,16.9512,16.802212,176667156
2007-12-20,17.162912,17.292292,17.032282,17.25951,17.107811,176711112
2007-12-21,17.464464,17.498999,17.348349,17.434685,17.281446,215064720
2007-12-24,17.392141,17.535786,17.343843,17.535786,17.381659,65070864
2007-12-26,17.492243,17.848349,17.472723,17.78879,17.632441,101098800
2007-12-27,17.694445,17.917917,17.536036,17.536036,17.381907,117582300
2007-12-28,17.64089,17.716467,17.430931,17.580832,17.42631,102405492
2007-12-31,17.481731,17.57983,17.281782,17.304304,17.152212,94952952
2008-01-02,17.339088,17.451702,16.960211,17.146896,16.996185,172103724
2008-01-03,17.148649,17.188438,16.92993,17.1504,16.99966,129969900
2008-01-04,17.009258,17.04104,16.391392,16.441441,16.296934,214177608
2008-01-07,16.364864,16.573574,15.9497,16.247498,16.104694,255879864
2008-01-08,16.341341,16.515516,15.790791,15.807808,15.668869,213350436
2008-01-09,15.766767,16.34985,15.578328,16.346346,16.202671,269318412
2008-01-10,16.141392,16.446445,16.018768,16.184435,16.042185,253114632
2008-01-11,16.083584,16.253002,15.768519,15.972222,15.831838,198880920
2008-01-14,16.294794,16.45145,16.147396,16.361862,16.218056,177722100
2008-01-15,16.163664,16.242493,15.9004,15.957207,15.816954,222505272
2008-01-16,15.73999,16.015766,15.063313,15.414164,15.278685,421977600
2008-01-17,15.534535,15.659159,14.965215,15.034785,14.90264,328343328
2008-01-18,15.224224,15.265015,14.976226,15.021271,14.889245,341242416
2008-01-22,14.064815,14.952452,14.044044,14.623373,14.494844,379679940
2008-01-23,14.031782,14.214214,12.987988,13.729229,13.608559,677949372
2008-01-24,13.983984,14.506757,13.867367,14.376627,14.250266,375659964
2008-01-25,14.81006,14.88989,14.168669,14.174174,14.049593,278361360
2008-01-28,14.288539,14.32032,13.728729,13.913413,13.791123,232435332
2008-01-29,14.025776,14.047297,13.53028,13.776777,13.65569,251068680
2008-01-30,13.743493,14.024775,13.601351,13.72047,13.599878,317266416
2008-01-31,13.488739,14.339339,13.370621,14.121622,13.997503,594257148
2008-02-01,13.22998,13.43018,12.762763,12.91041,12.796937,703315980
2008-02-04,12.739489,12.832332,12.326076,12.398148,12.289175,525757716
2008-02-05,12.247998,12.737738,12.225225,12.682683,12.571213,447683868
2008-02-06,12.791291,12.792042,12.460711,12.555305,12.444952,305150544
2008-02-07,12.433934,12.867618,12.381381,12.636386,12.525321,316838844
2008-02-08,12.747998,12.956206,12.73023,12.93018,12.816533,272882844
2008-02-11,13.026026,13.105856,12.847848,13.042042,12.927412,232806960
2008-02-12,13.097848,13.278278,12.838589,12.965215,12.85126,266225508
2008-02-13,13.075576,13.388138,12.98023,13.378879,13.261287,264723012
2008-02-14,13.472222,13.53954,13.288288,13.31957,13.202498,258808932
2008-02-15,13.220971,13.32983,13.121371,13.254254,13.137758,209394396
2008-02-19,13.386887,13.38989,12.675175,12.736486,12.624542,253761984
2008-02-20,12.60035,12.788038,12.482983,12.737738,12.625782,266221512
2008-02-21,12.834084,12.843093,12.5,12.584084,12.473477,226884888
2008-02-22,12.564064,12.737738,12.451201,12.707708,12.596018,220415364
2008-02-25,12.661411,12.675175,12.155656,12.173173,12.066179,334577088
2008-02-26,11.541542,11.673423,11.182432,11.616366,11.514267,930560508
2008-02-27,11.514765,11.899149,11.502503,11.833333,11.729327,404471124
2008-02-28,11.774274,11.989239,11.695696,11.896647,11.792085,263212524
2008-02-29,11.808559,12.005506,11.627878,11.791291,11.687655,376638984
2008-03-03,11.79955,11.82983,11.264014,11.436937,11.336413,301877820
2008-03-04,11.285035,11.345345,10.905405,11.126126,11.028337,544323132
2008-03-05,11.142392,11.365616,11.111111,11.203704,11.10523,297166536
2008-03-06,11.203453,11.343844,10.79029,10.828328,10.733154,298505196
2008-03-07,10.732733,11.011011,10.666667,10.844595,10.749279,322549128
2008-03-10,10.731481,10.785786,10.336336,10.350851,10.259873,319184496
2008-03-11,10.642142,11.014765,10.626877,11.007007,10.910262,352722924
2008-03-12,11.011261,11.208208,10.962713,11.015516,10.918698,265809924
2008-03-13,10.827578,11.185686,10.73023,11.086336,10.988895,308754936
2008-03-14,11.085586,11.244745,10.776276,10.958959,10.862638,262713024
2008-03-17,10.71046,10.853604,10.313063,10.507257,10.414906,315212472
2008-03-18,10.735235,11.032032,10.648899,10.98999,10.893396,289198512
2008-03-19,11.038789,11.198699,10.802553,10.810811,10.715792,246912840
2008-03-20,10.693694,10.903403,10.447948,10.8496,10.754241,396139464
2008-03-24,10.971722,11.656156,10.953954,11.525526,11.424224,270269460
2008-03-25,11.447948,11.448198,11.161161,11.280781,11.18163,233030736
2008-03-26,11.326076,11.583333,11.243493,11.466216,11.365436,208818972
2008-03-27,11.161161,11.226476,11.023273,11.113113,11.015438,233054712
2008-03-28,11.197698,11.350601,10.868619,10.962963,10.866608,174872952
2008-03-31,10.901902,11.078328,10.811061,11.022773,10.925891,177678144
2008-04-01,11.204705,11.674174,11.182933,11.654404,11.55197,243480276
2008-04-02,11.759259,11.905405,11.521271,11.654154,11.551723,239720040
2008-04-03,11.554805,11.593844,11.214464,11.389389,11.289285,270864864
2008-04-04,11.436687,11.957708,11.416416,11.789039,11.685421,235652112
2008-04-07,11.937688,12.148148,11.8501,11.932432,11.827556,237502260
2008-04-08,11.837838,11.865365,11.561812,11.706957,11.604062,181698120
2008-04-09,11.73999,11.811812,11.44995,11.616366,11.514267,241682076
2008-04-10,11.635636,11.858358,11.557808,11.738739,11.635565,202693104
2008-04-11,11.613363,11.693193,11.386637,11.447698,11.347081,166621212
2008-04-14,11.44044,11.447698,11.265015,11.302803,11.203459,153550296
2008-04-15,11.464715,11.504505,11.104104,11.182182,11.083899,182920896
2008-04-16,11.121121,11.468468,11.036036,11.387137,11.287053,304922772
2008-04-17,11.402152,11.495746,11.174174,11.24975,11.150873,533585880
2008-04-18,13.393644,13.706206,13.132382,13.498749,13.380103,728694576
2008-04-21,13.498248,13.578328,13.270521,13.458208,13.33992,297290412
2008-04-22,13.452703,14.034785,13.452452,13.888889,13.766816,317222460
2008-04-23,13.962462,13.996747,13.537287,13.675926,13.555723,196663140
2008-04-24,13.796046,13.876126,13.514014,13.58959,13.470149,165238596
2008-04-25,13.739239,13.838839,13.581832,13.615115,13.495449,166409424
2008-04-28,13.660661,13.934184,13.488488,13.816817,13.695375,160183656
2008-04-29,13.784535,14.099099,13.764014,13.975726,13.852891,173666160
2008-04-30,14.069319,14.636136,13.975726,14.371622,14.245305,315803880
2008-05-01,14.472222,14.888138,14.438689,14.841842,14.711392,263847888
2008-05-02,14.977227,15.076326,14.496997,14.546797,14.418941,279672048
2008-05-05,14.986486,14.98999,14.692943,14.887387,14.756537,250988760
2008-05-06,14.78979,14.814815,14.58959,14.673674,14.544704,184986828
2008-05-07,14.771522,15.002252,14.425175,14.489489,14.362137,264255480
2008-05-08,14.66967,14.747247,14.487237,14.58984,14.461606,204711084
2008-05-09,14.489489,14.63964,14.296797,14.344344,14.218268,179216604
2008-05-12,14.383133,14.683433,14.236987,14.638138,14.50948,194361444
2008-05-13,14.67042,14.713463,14.478228,14.58959,14.461357,206333460
2008-05-14,14.676927,14.794545,14.395646,14.421922,14.295164,174856968
2008-05-15,14.489489,14.588338,14.404655,14.53954,14.411749,173534292
2008-05-16,14.5503,14.631632,14.472472,14.516266,14.388679,170793036
2008-05-19,14.478228,14.736737,14.352352,14.452452,14.325425,223955820
2008-05-20,14.38013,14.576577,14.337087,14.479479,14.352214,132411456
2008-05-21,14.477477,14.5498,13.710961,13.763514,13.642542,258465276
2008-05-22,13.812563,13.869119,13.51977,13.75025,13.629395,202848948
2008-05-23,13.687688,13.838839,13.458709,13.629129,13.509339,177082740
2008-05-27,13.637638,14.079079,13.60986,14.036537,13.913166,154465380
2008-05-28,14.212713,14.301552,14.041542,14.22022,14.095235,161853984
2008-05-29,14.384134,14.661662,14.344344,14.58959,14.461357,193606200
2008-05-30,14.601351,14.762763,14.547047,14.65966,14.530814,128878992
2008-06-02,14.577077,14.611862,14.296046,14.389389,14.262918,146821032
2008-06-03,14.426927,14.527027,14.029279,14.196697,14.071918,172039788
2008-06-04,14.147397,14.464464,14.127878,14.31982,14.19396,134393472
2008-06-05,14.441441,14.715716,14.41967,14.672172,14.543216,156511332
2008-06-06,14.508258,14.532533,14.189189,14.189189,14.064477,189190620
2008-06-09,14.215716,14.264264,13.648649,13.960711,13.838007,211320468
2008-06-10,13.752753,13.984484,13.683183,13.868118,13.746226,146149704
2008-06-11,13.91992,13.947447,13.625125,13.643644,13.523726,152363484
2008-06-12,13.732733,13.963964,13.685686,13.837588,13.715965,219444336
2008-06-13,14.051301,14.406907,14.047548,14.302052,14.176347,247128624
2008-06-16,14.176677,14.491992,14.176677,14.334585,14.208594,141570288
2008-06-17,14.423173,14.466216,14.223724,14.250751,14.125496,138377484
2008-06-18,14.126877,14.238989,13.992993,14.073574,13.949877,135112752
2008-06-19,13.897648,14.108609,13.784034,14.019019,13.895802,227096676
2008-06-20,13.938438,13.938438,13.626376,13.674424,13.554235,239084676
2008-06-23,13.647648,13.842593,13.564064,13.643894,13.523974,145290564
2008-06-24,13.642142,13.793544,13.390891,13.571071,13.451791,186717096
2008-06-25,13.637888,13.958959,13.605355,13.788789,13.667595,164723112
2008-06-26,13.616116,13.636887,13.21972,13.233734,13.117419,226153620
2008-06-27,13.205205,13.263263,12.89014,13.214965,13.098814,217682100
2008-06-30,13.325075,13.463463,13.08959,13.173674,13.057887,150461388
2008-07-01,13.002503,13.431431,12.937938,13.381632,13.264017,198197604
2008-07-02,13.426176,13.523023,13.164665,13.189189,13.073266,168751080
2008-07-03,13.285285,13.494244,13.200701,13.438438,13.320324,95923980
2008-07-07,13.571071,13.738739,13.403403,13.611361,13.491725,170037792
2008-07-08,13.663413,13.893644,13.513514,13.877127,13.755157,197098704
2008-07-09,13.782783,13.905906,13.531782,13.552302,13.433187,165993840
2008-07-10,13.638639,13.751251,13.281281,13.527778,13.408878,173094732
2008-07-11,13.425926,13.501001,12.998749,13.358358,13.240947,199056744
2008-07-14,13.488488,13.515015,12.899149,13.053554,12.938822,176815008
2008-07-15,12.91992,13.200701,12.54004,12.915165,12.80165,242597160
2008-07-16,12.863864,13.425926,12.777778,13.403403,13.285597,189498312
2008-07-17,13.367367,13.43969,13.125626,13.349349,13.232019,351144504
2008-07-18,12.471221,12.486987,11.966717,12.045045,11.939178,451244304
2008-07-21,12.034034,12.114364,11.654154,11.731732,11.628619,235823940
2008-07-22,11.67968,12.018268,11.651652,11.93969,11.834749,187472340
2008-07-23,12.052302,12.443193,11.964464,12.242743,12.135138,195568236
2008-07-24,12.42993,12.434184,11.902402,11.902402,11.797788,141494364
2008-07-25,12.174424,12.340591,12.04955,12.311812,12.203599,127212660
2008-07-28,12.314565,12.314565,11.89014,11.93994,11.834996,126273600
2008-07-29,11.994494,12.193694,11.961962,12.08984,11.98358,111999888
2008-07-30,12.14965,12.162663,11.832082,12.07958,11.97341,139488372
2008-07-31,11.875876,12.034284,11.797798,11.855606,11.751404,114489396
2008-08-01,11.824575,11.842342,11.574074,11.708208,11.605302,120195684
2008-08-04,11.714715,11.837087,11.559059,11.586587,11.484749,99380520
2008-08-05,11.701451,12.014014,11.66992,12.008258,11.902714,143236620
2008-08-06,11.971221,12.256507,11.824575,12.170671,12.063699,134896968
2008-08-07,12.062062,12.112112,11.922172,11.98999,11.884606,110841048
2008-08-08,12.015766,12.406156,11.904154,12.387638,12.278759,149422428
2008-08-11,12.324074,12.734735,12.306807,12.533534,12.423373,169402428
2008-08-12,12.562563,12.665916,12.462462,12.577828,12.467278,110117772
2008-08-13,12.552553,12.601101,12.359359,12.513263,12.40328,144874980
2008-08-14,12.454955,12.702953,12.41967,12.6499,12.538717,116627256
2008-08-15,12.687437,12.779279,12.65015,12.766517,12.654309,141686172
2008-08-18,12.758759,12.762763,12.40015,12.46997,12.360369,133222644
2008-08-19,12.273023,12.469469,12.177928,12.274775,12.166888,121738140
2008-08-20,12.38038,12.42968,12.076326,12.137137,12.030461,159124716
2008-08-21,12.085085,12.25976,11.993744,12.175425,12.068412,140423436
2008-08-22,12.2998,12.384384,12.249249,12.277027,12.169121,91796112
2008-08-25,12.164915,12.437437,12.04955,12.087337,11.981099,80491428
2008-08-26,12.098599,12.098599,11.776527,11.865866,11.761573,132195672
2008-08-27,11.855105,11.882633,11.632633,11.726226,11.623162,175308516
2008-08-28,11.824074,11.923173,11.77002,11.856356,11.752146,121066812
2008-08-29,11.755506,11.787037,11.56982,11.593844,11.491943,153774072
2008-09-02,11.931181,12.066567,11.547047,11.642893,11.540561,244215540
2008-09-03,11.72998,11.869119,11.501001,11.621872,11.519724,172411416
2008-09-04,11.511512,11.592593,11.246246,11.267768,11.168732,193746060
2008-09-05,11.148398,11.322823,11.013013,11.117367,11.019653,181190628
2008-09-08,11.311812,11.334835,10.449199,10.509259,10.41689,360355284
2008-09-09,10.58984,10.82032,10.385385,10.476977,10.384892,288894816
2008-09-10,10.622372,10.622623,10.252252,10.364364,10.273269,248822928
2008-09-11,10.218969,10.888138,10.16967,10.854605,10.759202,258597144
2008-09-12,10.766016,11.060811,10.735736,10.952452,10.856187,240878880
2008-09-15,10.610611,11.06031,10.603353,10.857357,10.761928,262433304
2008-09-16,10.65966,11.243243,10.647898,11.084334,10.986911,279348372
2008-09-17,10.972973,10.989489,10.346346,10.372623,10.281455,364710924
2008-09-18,10.576577,10.99049,10.272773,10.987988,10.891412,343232424
2008-09-19,11.536537,11.563313,11.093093,11.23999,11.141199,399839760
2008-09-22,11.364615,11.364615,10.735736,10.764264,10.669655,176115708
2008-09-23,10.842092,11.030781,10.653654,10.742492,10.648073,207959832
2008-09-24,10.769269,11.136136,10.763514,10.888639,10.792937,169510320
2008-09-25,10.981982,11.261261,10.91041,11.001001,10.904311,200611188
2008-09-26,10.710711,10.93994,10.536286,10.786787,10.691978,211488300
2008-09-29,10.498248,10.598348,9.527277,9.5345354,9.4507341,430085484
2008-09-30,9.9094086,10.637638,9.8178177,10.023023,9.934927,123328548
2008-10-01,10.289039,10.434935,10.087588,10.303303,10.212744,249142608
2008-10-02,10.255005,10.25976,9.6596603,9.7720222,9.6861324,239156604
2008-10-03,9.9436941,10.322823,9.5863361,9.6824322,9.5973301,319396284
2008-10-06,9.3588591,9.4091587,8.9379377,9.2895403,9.2078915,448375176
2008-10-07,9.3425932,9.3838844,8.6428928,8.6589088,8.5828028,441733824
2008-10-08,8.2622623,8.9837341,8.1609106,8.4612112,8.3868437,472582944
2008-10-09,8.6216221,8.7229729,8.0497999,8.2327328,8.1603727,322677000
2008-10-10,7.8368368,8.5558062,7.765265,8.3083076,8.2352839,423488088
2008-10-13,8.9036541,9.5583076,8.6524019,9.5350351,9.45123,355863780
2008-10-14,9.8480978,9.8723717,8.9339342,9.076827,8.9970484,311080608
2008-10-15,8.8751249,8.983984,8.479229,8.4877377,8.4131374,268587144
2008-10-16,8.3273268,8.9214211,7.7437439,8.8343344,8.7566891,648938412
2008-10-17,9.4834833,9.6596603,9.0978479,9.3228226,9.2408819,569398032
2008-10-20,9.503253,9.5340338,8.9987488,9.4924917,9.4090605,269865864
2008-10-21,9.3190689,9.604104,9.0590591,9.0778284,8.9980421,231048720
2008-10-22,8.9336843,9.251502,8.6086092,8.900651,8.822422,262137600
2008-10-23,8.8500996,8.9589586,8.4582081,8.8168173,8.7393265,258896844
2008-10-24,8.16992,8.7705212,8.126627,8.4907408,8.4161139,294065640
2008-10-27,8.3786287,8.5835838,8.1481476,8.2454948,8.1730232,247779972
2008-10-28,8.4847345,9.241992,8.2209711,9.2279778,9.1468716,323891784
2008-10-29,9.153904,9.2842836,8.8180676,8.9589586,8.8802156,389873736
2008-10-30,9.2207212,9.309309,8.9682178,9.0012512,8.9221373,319236444
2008-10-31,8.9129133,9.3083076,8.8656158,8.9929934,8.9139509,296635068
2008-11-03,8.9484482,9.0838337,8.5442944,8.6709213,8.5947113,237941820
2008-11-04,8.8448448,9.3183184,8.6461458,9.182683,9.1019754,293702004
2008-11-05,9.0628128,9.2312307,8.5412912,8.5645647,8.4892874,277582140
2008-11-06,8.5077581,8.6191187,8.1534033,8.2887888,8.2159376,342649008
2008-11-07,8.3363361,8.5372868,8.1413908,8.286787,8.2139521,187064748
2008-11-10,8.2082081,8.2442436,7.744494,7.9774771,7.907361,322880796
2008-11-11,7.7249751,7.9154148,7.5205212,7.7942939,7.7257872,405458136
2008-11-12,7.5588088,7.8200698,7.201201,7.2822819,7.2182765,401641956
2008-11-13,7.3015518,7.8328328,7.0070071,7.8098102,7.7411675,528858612
2008-11-14,7.5888391,8.1328831,7.5715718,7.7582579,7.6900673,380303316
2008-11-17,7.582583,7.7617621,7.4562058,7.5105109,7.4444985,301450248
2008-11-18,7.5467968,7.6008511,7.1408911,7.4429431,7.3775244,333510156
2008-11-19,7.3921418,7.5122619,6.9714708,7.0115118,6.9498858,313070616
2008-11-20,6.8791289,7.0805812,6.482482,6.4954948,6.4384041,390784824
2008-11-21,6.5693188,6.7409911,6.1886892,6.567317,6.5095949,409370220
2008-11-24,6.7382379,6.755506,6.2314811,6.4424419,6.3858175,401785812
2008-11-25,6.7237239,7.1736741,6.6896901,7.0583081,6.9962711,430417152
2008-11-26,7.0140138,7.3938942,6.911912,7.3095598,7.2453146,254009736
2008-11-28,7.2717719,7.4186692,7.2142138,7.3313308,7.2668939,102517380
2008-12-01,7.1741738,7.1916919,6.6561561,6.6564059,6.5979004,228219552
2008-12-02,6.75,6.9514508,6.5710711,6.884635,6.8241239,233354412
2008-12-03,6.7530031,7.0410409,6.6401401,6.992743,6.9312816,235955808
2008-12-04,6.9201698,7.0943441,6.725976,6.865365,6.8050227,195268536
2008-12-05,6.7822819,7.1131129,6.6071072,7.1068568,7.0443931,260587152
2008-12-08,7.2570071,7.7437439,7.0570569,7.5603099,7.4938598,325446228
2008-12-09,7.4496999,7.9579582,7.432683,7.6569071,7.5896087,275320404
2008-12-10,7.738739,7.8803802,7.6203699,7.7282281,7.6603017,209270520
2008-12-11,7.6118622,7.8298302,7.4524522,7.5130129,7.446979,246920832
2008-12-12,7.4001498,7.9196701,7.357357,7.9019022,7.8324509,228655116
2008-12-15,7.858108,7.9702201,7.635385,7.7745252,7.7061915,269246484
2008-12-16,7.8708711,8.2457457,7.7895398,8.1401396,8.068594,282101616
2008-12-17,7.9739742,8.0613108,7.8183179,7.8888888,7.819551,231356412
2008-12-18,7.9254251,8.0167665,7.7354851,7.7647648,7.6965184,190349460
2008-12-19,7.7825332,7.952703,7.7327328,7.762012,7.693789,224279496
2008-12-22,7.7217221,7.745245,7.2730231,7.435185,7.3698363,156547296
2008-12-23,7.5182681,7.5903401,7.4241738,7.4579582,7.3924079,150956892
2008-12-24,7.5445452,7.6661658,7.4669671,7.5813308,7.5146956,76783140
2008-12-26,7.6093588,7.6391392,7.4652152,7.5165172,7.4504523,78285636
2008-12-29,7.5130129,7.5420418,7.2967968,7.4429431,7.3775244,147927924
2008-12-30,7.5275278,7.677928,7.475225,7.5853348,7.5186653,153586260
2008-12-31,7.6126132,7.782783,7.572823,7.6989489,7.6312799,115356528
2009-01-02,7.722723,8.0535536,7.6451449,8.0410414,7.970367,144275580
2009-01-05,8.0330334,8.2892895,7.8828831,8.2094593,8.1373034,195364440
2009-01-06,8.3328333,8.5285292,8.1679182,8.3598604,8.2863817,256750992
2009-01-07,8.2162161,8.2810307,7.976727,8.0583076,7.9874816,179600220
2009-01-08,7.9649649,8.137888,7.9414411,8.137888,8.0663614,143883972
2009-01-09,8.1956959,8.1956959,7.8428431,7.884635,7.8153343,173446380
2009-01-12,7.9156661,7.9817319,7.763514,7.8250751,7.7562981,132039828
2009-01-13,7.802052,8.0230227,7.767518,7.8658662,7.7967315,177122700
2009-01-14,7.7577581,7.8528528,7.451201,7.5317822,7.4655833,218497284
2009-01-15,7.4466972,7.5970969,7.1769271,7.4822321,7.4164691,237142620
2009-01-16,7.6331329,7.713964,7.3999,7.499249,7.4333363,208767024
2009-01-20,7.4859862,7.4949951,7.0758262,7.0758262,7.0136347,201726072
2009-01-21,7.2159662,7.5950952,7.2159662,7.5845852,7.5179224,196783020
2009-01-22,7.4584579,7.7414908,7.3861361,7.6701698,7.6027546,330349320
2009-01-23,7.7394891,8.3073072,7.6131129,8.1256256,8.0542078,428882688
2009-01-26,8.1293793,8.2082081,8.0220222,8.1048546,8.0336199,184243572
2009-01-27,8.1694193,8.3551054,8.1148653,8.2952948,8.2223864,196894908
2009-01-28,8.4579582,8.8170671,8.4161663,8.7254753,8.6487856,307348344
2009-01-29,8.6221218,8.6348848,8.511261,8.5915918,8.516078,291060648
2009-01-30,8.6258764,8.7287292,8.4084082,8.4717216,8.3972626,186693120
2009-02-02,8.3656158,8.6336336,8.3083076,8.5227728,8.4478626,208067724
2009-02-03,8.5728226,8.5835838,8.354104,8.5197697,8.4448862,261997740
2009-02-04,8.5102596,8.8698702,8.4877377,8.5835838,8.5081396,272423304
2009-02-05,8.5312815,8.8933926,8.4334326,8.8518524,8.7740507,290285424
2009-02-06,8.9204197,9.3546047,8.8948946,9.2912912,9.2096272,281242476
2009-02-09,9.2912912,9.5345354,9.1916924,9.4787292,9.3954182,198892908
2009-02-10,9.4089088,9.4469471,8.9562063,8.9717216,8.8928661,283863852
2009-02-11,8.9827328,9.1341343,8.8338337,8.95996,8.8812084,209054736
2009-02-12,8.8378382,9.0995998,8.7957964,9.0853348,9.0054817,221789988
2009-02-13,9.0638142,9.0838337,8.8896399,8.9509506,8.8722782,165702132
2009-02-17,8.6714211,8.685936,8.5007505,8.5750751,8.4997053,226988784
2009-02-18,8.6896896,8.8433428,8.5215216,8.836587,8.7589197,240739020
2009-02-19,8.9456959,9.0040035,8.5437937,8.5745754,8.4992123,199348452
2009-02-20,8.4597101,8.7317324,8.3833828,8.66992,8.5937166,248435316
2009-02-23,8.6836843,8.7537537,8.2469969,8.2597599,8.1871624,208635156
2009-02-24,8.2837839,8.7492495,8.2805309,8.6448946,8.5689125,243592164
2009-02-25,8.5623121,8.8163157,8.4814806,8.5495501,8.4744053,257306436
2009-02-26,8.6576576,8.8210707,8.4374371,8.4379377,8.3637733,223999776
2009-02-27,8.3320818,8.604104,8.2860355,8.4582081,8.3838673,216583200
2009-03-02,8.3415918,8.5260258,8.1581583,8.1871872,8.1152277,231308460
2009-03-03,8.2600098,8.3506012,8.0668173,8.1451454,8.0735559,260731008
2009-03-04,8.0870867,8.2332335,7.8923922,7.9809809,7.9108334,312423264
2009-03-05,7.91992,7.9849849,7.5735741,7.6486492,7.5814228,260934804
2009-03-06,7.6881881,7.7625132,7.3636141,7.721972,7.6541009,289078632
2009-03-09,7.5070071,7.6719222,7.2434931,7.27953,7.215548,258593148
2009-03-10,7.4637141,7.7702699,7.3636141,7.7119622,7.6441793,268938792
2009-03-11,7.7602601,8.008008,7.6504002,7.9557061,7.8857813,236707056
2009-03-12,7.9464459,8.1331329,7.8490992,8.0963459,8.0251846,200763036
2009-03-13,8.1606607,8.1946955,7.9837341,8.118619,8.0472622,156099744
2009-03-16,8.1579084,8.251502,7.972723,8.0002499,7.9299331,197674128
2009-03-17,8.0125132,8.3918924,7.9852352,8.3918924,8.3181334,188311500
2009-03-18,8.3786287,8.5085087,8.2094593,8.3358364,8.2625694,200287512
2009-03-19,8.3002996,8.4084082,8.1926928,8.2567568,8.184186,164283552
2009-03-20,8.2657661,8.3330832,8.166667,8.2622623,8.189642,189326484
2009-03-23,8.3473473,8.7449951,8.3340836,8.7237244,8.647048,170689140
2009-03-24,8.6711712,8.8548546,8.6086092,8.6879377,8.611577,152647200
2009-03-25,8.7687693,8.7922916,8.4146652,8.6103601,8.5346804,173278548
2009-03-26,8.8370867,8.9879885,8.721221,8.8410912,8.7633829,239891868
2009-03-27,8.7587585,8.8088093,8.6453953,8.7012014,8.6247225,132779088
2009-03-30,8.5723219,8.6038542,8.4096603,8.5758257,8.5004501,123640236
2009-03-31,8.7319822,8.8465967,8.6631632,8.7102098,8.6336527,146065788
2009-04-01,8.6031027,8.8898897,8.5237741,8.8611107,8.7832279,131915952
2009-04-02,9.0918417,9.253253,9.0170174,9.0715723,8.9918385,179340480
2009-04-03,9.1216221,9.3023024,8.9589586,9.2537537,9.1724195,151440408
2009-04-06,9.1841841,9.254755,9.0440435,9.2152147,9.1342182,131080788
2009-04-07,9.0740738,9.1028528,8.8916416,8.9752254,8.8963423,147056796
2009-04-08,9.0965967,9.1341343,8.9141636,9.0590591,8.9794369,110497392
2009-04-09,9.246747,9.3681183,9.1654148,9.3218222,9.2398911,135168696
2009-04-13,9.2925434,9.4869871,9.2667665,9.4622116,9.3790445,121881996
2009-04-14,9.4329329,9.4341841,9.1491489,9.2319822,9.1508408,137006856
2009-04-15,9.1866875,9.5360355,9.1131134,9.4969969,9.4135237,197030772
2009-04-16,9.5470467,9.8323317,9.5350351,9.7282276,9.6427231,406996596
2009-04-17,9.6601601,10.005506,9.62988,9.8158159,9.7295427,428802768
2009-04-20,9.663413,9.7760258,9.4066572,9.491992,9.4085636,176978844
2009-04-21,9.4136639,9.6171169,9.411912,9.5462961,9.4623909,147668184
2009-04-22,9.5533028,9.7597599,9.4847345,9.6061058,9.5216751,139931928
2009-04-23,9.6974468,9.7535038,9.5372868,9.6268768,9.542263,104255640
2009-04-24,9.6609106,9.8393393,9.5220222,9.7469969,9.6613264,135280584
2009-04-27,9.6181183,9.7469969,9.5783281,9.6584082,9.5735188,91532376
2009-04-28,9.6033525,9.7359858,9.548048,9.6023521,9.5179529,117626256
2009-04-29,9.6589088,9.8841343,9.655405,9.7965469,9.7104416,144255600
2009-04-30,9.903904,10.103854,9.87988,9.9091587,9.8220644,174053772
2009-05-01,9.8856363,9.9497004,9.7985487,9.8521023,9.7655087,97010892
2009-05-04,9.9642143,10.07007,9.8796301,10.05956,9.9711437,127991880
2009-05-05,10.00951,10.135135,9.9411907,10.084835,9.9961958,95935968
2009-05-06,10.17993,10.217217,10.035035,10.096847,10.008103,105210684
2009-05-07,10.112613,10.134885,9.8223219,9.9251747,9.8379402,119872008
2009-05-08,10.081331,10.263514,9.8848848,10.193443,10.103849,154449396
2009-05-11,10.08008,10.31031,10.04004,10.20971,10.119974,102269628
2009-05-12,10.260511,10.285035,9.8876381,9.9852352,9.8974724,151480368
2009-05-13,9.862112,9.9196701,9.7184677,9.7482481,9.6625671,113598288
2009-05-14,9.7297297,9.8150654,9.6268768,9.697197,9.6119661,117362520
2009-05-15,9.7872868,9.8626127,9.7369871,9.7597599,9.6739779,120227652
2009-05-18,9.8781281,9.9426928,9.6446447,9.9309311,9.8436451,133933932
2009-05-19,9.9124117,10.051051,9.8348351,9.9819822,9.894248,113386500
2009-05-20,10.062312,10.151902,9.8848848,9.9394388,9.8520784,91268640
2009-05-21,9.9174166,10.081081,9.8558559,9.9224224,9.8352118,108683208
2009-05-22,9.9264259,9.9762259,9.8098097,9.8473473,9.7607965,68675256
2009-05-26,9.8085594,10.135135,9.7597599,10.119119,10.030179,124055820
2009-05-27,10.151151,10.306807,10.13038,10.149149,10.059945,121250628
2009-05-28,10.227227,10.300801,10.125375,10.27027,10.180002,106645248
2009-05-29,10.313063,10.441191,10.277778,10.441191,10.349421,105822072
2009-06-01,10.478729,10.750751,10.473724,10.674675,10.580852,132763104
2009-06-02,10.666917,10.75976,10.595596,10.720721,10.626493,104839056
2009-06-03,10.660661,10.822322,10.610611,10.802052,10.70711,141170688
2009-06-04,10.893393,11.042042,10.873373,11.018018,10.921176,145378476
2009-06-05,11.137888,11.194695,10.997497,11.119119,11.02139,147084768
2009-06-08,10.998498,11.034034,10.863864,10.98023,10.88372,123824052
2009-06-09,10.975475,11.023524,10.804805,10.901401,10.805584,130065804
2009-06-10,10.916667,10.958208,10.677427,10.825826,10.730674,134221644
2009-06-11,10.805055,10.854104,10.71997,10.735736,10.641376,114493392
2009-06-12,10.682182,10.703203,10.540791,10.631632,10.538188,116619264
2009-06-15,10.548048,10.548048,10.36036,10.42968,10.338009,149326524
2009-06-16,10.493243,10.537788,10.395896,10.41041,10.318908,121866012
2009-06-17,10.415165,10.503504,10.299299,10.389389,10.298073,139464396
2009-06-18,10.402402,10.477728,10.335335,10.361862,10.270788,123284592
2009-06-19,10.465716,10.522022,10.374875,10.512763,10.420363,170193636
2009-06-22,10.434184,10.447698,10.057307,10.193944,10.104348,164811024
2009-06-23,10.176426,10.234985,10.073824,10.152152,10.062922,115868016
2009-06-24,10.228729,10.316066,10.174174,10.242492,10.152467,98213688
2009-06-25,10.185185,10.407908,10.172923,10.404655,10.313206,121658220
2009-06-26,10.352352,10.716466,10.338088,10.643644,10.550093,130137732
2009-06-29,10.660661,10.705706,10.566567,10.614114,10.520825,86685228
2009-06-30,10.610611,10.690941,10.465966,10.5503,10.457571,103652244
2009-07-01,10.615616,10.670671,10.464214,10.485235,10.393076,92339568
2009-07-02,10.395646,10.395646,10.18043,10.222472,10.132623,100603296
2009-07-06,10.172673,10.276276,10.051552,10.250501,10.160406,90413496
2009-07-07,10.216216,10.23999,9.9094086,9.9256763,9.8384352,130241628
2009-07-08,10.01001,10.16016,9.9614611,10.072322,9.9837942,137510352
2009-07-09,10.163163,10.371622,10.155155,10.27002,10.179752,130892976
2009-07-10,10.24975,10.444695,10.227728,10.37037,10.279222,116946936
2009-07-13,10.414665,10.623624,10.38989,10.618118,10.524792,161666172
2009-07-14,10.603353,10.678929,10.532282,10.627878,10.534466,115716168
2009-07-15,10.752252,10.977978,10.722973,10.965215,10.868837,150928920
2009-07-16,10.927928,11.154905,10.863363,11.076076,10.978724,261917820
2009-07-17,10.835836,10.897898,10.678178,10.767017,10.672381,273889836
2009-07-20,10.757758,10.832082,10.666917,10.765015,10.6704,126013860
2009-07-21,10.784284,10.808308,10.653654,10.708208,10.61409,118609272
2009-07-22,10.710711,10.765766,10.598098,10.702953,10.608882,103364532
2009-07-23,10.727728,11.041291,10.648148,10.944444,10.848249,138988872
2009-07-24,10.906156,11.273524,10.885886,11.179179,11.080921,144930924
2009-07-27,11.162162,11.17993,10.951201,11.131131,11.033297,100075824
2009-07-28,11.036036,11.081331,10.913413,11.007257,10.910511,101198700
2009-07-29,10.941692,10.955956,10.808058,10.916917,10.820965,79400520
2009-07-30,11.076326,11.298048,11.076326,11.152152,11.054133,127816056
2009-07-31,11.260761,11.328829,11.071822,11.087337,10.989886,114301584
2009-08-03,11.22973,11.358859,11.202202,11.316567,11.217103,103508388
2009-08-04,11.245495,11.361361,11.221972,11.354605,11.254807,95496408
2009-08-05,11.411411,11.434184,11.208208,11.28979,11.19056,93586320
2009-08-06,11.368869,11.383383,11.224474,11.27027,11.171213,84351564
2009-08-07,11.403153,11.496997,11.386136,11.438939,11.338399,101622276
2009-08-10,11.38989,11.471722,11.356106,11.426677,11.326245,69610320
2009-08-11,11.353103,11.442192,11.320821,11.35986,11.260015,68431500
2009-08-12,11.396647,11.555305,11.384384,11.475976,11.375112,93562344
2009-08-13,11.565315,11.62963,11.484234,11.568569,11.466889,79728192
2009-08-14,11.581081,11.591091,11.433684,11.511512,11.410335,66936996
2009-08-17,11.298799,11.311061,11.089089,11.133383,11.035528,104703192
2009-08-18,11.138639,11.203704,11.069069,11.143143,11.045202,93949956
2009-08-19,11.010761,11.136136,10.974975,11.11036,11.012709,90109800
2009-08-20,11.311311,11.566066,11.292042,11.521772,11.420504,159796044
2009-08-21,11.65015,11.663914,11.577828,11.642643,11.540312,142277580
2009-08-24,11.695445,11.764014,11.622122,11.72998,11.626883,98037864
2009-08-25,11.73999,11.870621,11.72973,11.796046,11.692368,93546360
2009-08-26,11.830831,11.836837,11.679179,11.711712,11.608774,79432488
2009-08-27,11.726226,11.726226,11.52978,11.663163,11.560652,79876044
2009-08-28,11.743243,11.821071,11.596096,11.63038,11.528155,70793136
2009-08-31,11.506256,11.558058,11.461461,11.553303,11.451757,78237684
2009-09-01,11.503504,11.682182,11.371872,11.405405,11.305161,103692204
2009-09-02,11.406907,11.46972,11.326076,11.336587,11.236946,72119808
2009-09-03,11.406907,11.467718,11.386386,11.449449,11.348817,65782152
2009-09-04,11.450701,11.576577,11.405906,11.544044,11.442579,59908032
2009-09-08,11.618869,11.686436,11.407407,11.476977,11.376103,106161732
2009-09-09,11.487988,11.668418,11.481481,11.610861,11.50881,87728184
2009-09-10,11.677928,11.785285,11.561562,11.785285,11.681701,101282616
2009-09-11,11.771772,11.844344,11.702452,11.815315,11.711467,76039884
2009-09-14,11.774525,11.931932,11.763013,11.88989,11.785387,78948972
2009-09-15,11.888889,11.984735,11.82958,11.95045,11.845414,95828076
2009-09-16,12.007007,12.246496,11.973974,12.219469,12.112067,103308588
2009-09-17,12.276527,12.446697,12.190941,12.305305,12.197149,179144676
2009-09-18,12.431682,12.436937,12.293043,12.298799,12.190701,131208660
2009-09-21,12.205706,12.484985,12.167668,12.437437,12.328122,84571344
2009-09-22,12.535536,12.562312,12.457708,12.488989,12.379219,121526352
2009-09-23,12.532032,12.687688,12.455205,12.473974,12.364336,108059832
2009-09-24,12.524274,12.547798,12.337337,12.431682,12.322417,101002896
2009-09-25,12.36962,12.510761,12.312312,12.324324,12.216001,81902016
2009-09-28,12.383383,12.55005,12.344845,12.475726,12.366075,73498428
2009-09-29,12.500751,12.506256,12.337588,12.475726,12.366075,83884032
2009-09-30,12.512513,12.516016,12.193193,12.408659,12.299595,125542332
2009-10-01,12.337337,12.424174,12.187187,12.192192,12.085032,112415472
2009-10-02,12.105606,12.305806,12.077077,12.126627,12.020041,103927968
2009-10-05,12.203453,12.323073,12.095596,12.225225,12.117774,85698216
2009-10-06,12.304805,12.496747,12.304805,12.480981,12.371284,109182708
2009-10-07,12.487487,12.987738,12.457708,12.951451,12.837618,194773032
2009-10-08,13.002252,13.094344,12.846346,12.867367,12.754272,171979848
2009-10-09,12.929179,13.050801,12.875375,12.919169,12.80562,109414476
2009-10-12,13.098599,13.157157,12.995996,13.114114,12.998852,132755112
2009-10-13,13.122873,13.1997,13.047548,13.165916,13.050197,121374504
2009-10-14,13.324825,13.402903,13.263263,13.396396,13.278651,130205664
2009-10-15,13.357107,13.435936,13.194945,13.261011,13.144456,243771984
2009-10-16,13.696947,13.882633,13.626877,13.76001,13.639069,353322324
2009-10-19,13.831081,13.853854,13.731982,13.816066,13.694632,128587284
2009-10-20,13.804805,13.837588,13.531031,13.806807,13.685455,161586252
2009-10-21,13.761512,13.997748,13.738739,13.791291,13.670075,146677176
2009-10-22,13.763764,13.888889,13.713714,13.866116,13.744243,93366540
2009-10-23,13.895145,13.961211,13.793794,13.856106,13.734321,95612292
2009-10-26,13.907658,14.055055,13.786036,13.869119,13.747218,118697184
2009-10-27,13.788038,13.877878,13.617618,13.720971,13.600372,128531340
2009-10-28,13.71046,13.763764,13.46972,13.521021,13.402181,102609288
2009-10-29,13.588839,13.80956,13.538539,13.79004,13.668834,100803096
2009-10-30,13.763764,13.768018,13.369369,13.416416,13.298496,138601260
2009-11-02,13.44044,13.5,13.219219,13.363113,13.245662,127955916
2009-11-03,13.263514,13.450951,13.220721,13.445696,13.327518,95112792
2009-11-04,13.533534,13.651151,13.423924,13.521772,13.402925,93214692
2009-11-05,13.600851,13.758008,13.58008,13.72998,13.609303,73834092
2009-11-06,13.706707,13.808308,13.651151,13.791291,13.670075,72994932
2009-11-09,13.90015,14.078579,13.86962,14.076827,13.953102,105890004
2009-11-10,14.082332,14.233734,14.064064,14.183183,14.058524,89142768
2009-11-11,14.276276,14.351852,14.160661,14.278278,14.152782,92695212
2009-11-12,14.253253,14.336837,14.151652,14.21046,14.08556,75376548
2009-11-13,14.246496,14.327077,14.179429,14.315566,14.189742,66605328
2009-11-16,14.389389,14.439189,14.333834,14.421421,14.294665,87880032
2009-11-17,14.386136,14.451952,14.357357,14.451702,14.324682,76591332
2009-11-18,14.430681,14.483984,14.316066,14.430681,14.303846,61922016
2009-11-19,14.358609,14.364364,14.264264,14.339089,14.213058,86633280
2009-11-20,14.251752,14.304304,14.249249,14.263263,14.137898,80167752
2009-11-23,14.426677,14.67968,14.410911,14.573323,14.445234,101798100
2009-11-24,14.577578,14.621872,14.427928,14.591842,14.46359,64143792
2009-11-25,14.674925,14.691191,14.581832,14.658158,14.529323,58389552
2009-11-27,14.314314,14.576076,14.288539,14.508509,14.38099,55328616
2009-11-30,14.53028,14.606356,14.442192,14.58959,14.461357,68934996
2009-12-01,14.717968,14.795295,14.58959,14.761512,14.631769,92719188
2009-12-02,14.78979,14.84009,14.67017,14.702452,14.573229,66461472
2009-12-03,14.740741,14.801051,14.63964,14.658158,14.529323,57090852
2009-12-04,14.84034,14.885636,14.493994,14.63989,14.511215,100443456
2009-12-07,14.61987,14.731982,14.53954,14.670921,14.541972,65382552
2009-12-08,14.602102,14.781281,14.564565,14.690941,14.561818,60899040
2009-12-09,14.702202,14.747998,14.604104,14.74024,14.610685,71168760
2009-12-10,14.775776,14.882633,14.775025,14.802302,14.672201,66665268
2009-12-11,14.881882,14.883634,14.707958,14.777528,14.647645,68731200
2009-12-14,14.898649,14.947698,14.83008,14.908158,14.777126,76459464
2009-12-15,14.847347,14.924424,14.78954,14.843343,14.71288,91124784
2009-12-16,14.97998,15.024274,14.930931,14.958959,14.82748,112263624
2009-12-17,14.925926,14.955956,14.858859,14.863363,14.732723,105446448
2009-12-18,14.915666,14.988238,14.88989,14.925425,14.79424,141118740
2009-12-21,14.955205,15.011011,14.906657,14.981982,14.850302,102745152
2009-12-22,15.048549,15.052553,14.986236,15.043043,14.910825,75156768
2009-12-23,15.102603,15.337087,15.086336,15.307307,15.172768,82825092
2009-12-24,15.338589,15.503504,15.322072,15.477477,15.34144,34313652
2009-12-28,15.557057,15.665415,15.477477,15.587337,15.450335,67848084
2009-12-29,15.634134,15.636637,15.472723,15.500501,15.364263,56935008
2009-12-30,15.477978,15.583834,15.465716,15.583834,15.446863,58565376
2009-12-31,15.634384,15.650651,15.515015,15.515015,15.378648,48743208
2010-01-04,15.689439,15.753504,15.621622,15.684434,15.546578,78169752
2010-01-05,15.695195,15.711712,15.554054,15.615365,15.478118,120067812
2010-01-06,15.662162,15.662162,15.174174,15.221722,15.087934,158988852
2010-01-07,15.25025,15.265265,14.831081,14.867367,14.736694,256315428
2010-01-08,14.814815,15.096346,14.742492,15.065566,14.933151,188783028
2010-01-11,15.126627,15.126627,14.865866,15.042793,14.910578,288227484
2010-01-12,14.956206,14.968969,14.714715,14.776777,14.646899,193937868
2010-01-13,14.426677,14.724224,14.361862,14.691942,14.56281,259604136
2010-01-14,14.612112,14.86987,14.584835,14.761011,14.631273,169434396
2010-01-15,14.848348,14.853854,14.465465,14.514515,14.386943,217162620
2010-01-19,14.544545,14.775275,14.421672,14.705205,14.575956,172495332
2010-01-20,14.664164,14.664164,14.396647,14.524775,14.397112,129897972
2010-01-21,14.600601,14.685185,14.320571,14.589089,14.460863,252055692
2010-01-22,14.126627,14.279279,13.384885,13.764014,13.643037,271743984
2010-01-25,13.678428,13.760761,13.401151,13.513514,13.394739,176619204
2010-01-26,13.462713,13.753754,13.420671,13.574074,13.454766,174045780
2010-01-27,13.545295,13.704955,13.396146,13.566066,13.44683,158417424
2010-01-28,13.625876,13.688689,13.278278,13.370621,13.253102,129034836
2010-01-29,13.475726,13.538288,13.153403,13.261762,13.145201,165454380
2010-02-01,13.378378,13.408659,13.270771,13.338839,13.221599,89941968
2010-02-02,13.387387,13.387387,13.203453,13.291291,13.17447,163684152
2010-02-03,13.22998,13.566066,13.218969,13.534034,13.415078,119844036
2010-02-04,13.438438,13.463463,13.152152,13.182683,13.066815,134972892
2010-02-05,13.223223,13.350851,13.074575,13.295546,13.178687,126113760
2010-02-08,13.325826,13.563564,13.301552,13.3501,13.232762,107664228
2010-02-09,13.502002,13.551802,13.39014,13.424424,13.306434,112671216
2010-02-10,13.365115,13.458208,13.205455,13.374625,13.257071,106873020
2010-02-11,13.346346,13.525776,13.250751,13.423423,13.305439,96303600
2010-02-12,13.337588,13.442192,13.275776,13.341341,13.224081,91096812
2010-02-16,13.435185,13.616867,13.370871,13.546046,13.426988,146029824
2010-02-17,13.563564,13.598599,13.453704,13.468719,13.350337,81106812
2010-02-18,13.451952,13.638889,13.416917,13.594094,13.474612,93382524
2010-02-19,13.526777,13.614364,13.506006,13.532533,13.413589,102021876
2010-02-22,13.697447,13.701201,13.538539,13.583584,13.464193,85698216
2010-02-23,13.588589,13.604354,13.320571,13.39014,13.272449,114789096
2010-02-24,13.362863,13.474474,13.276026,13.30005,13.183153,92970936
2010-02-25,13.191191,13.225475,13.013013,13.173924,13.058134,132235632
2010-02-26,13.198699,13.307057,13.1001,13.183183,13.067312,81890028
2010-03-01,13.243243,13.345596,13.206707,13.330581,13.213413,89426484
2010-03-02,13.4004,13.655155,13.388639,13.54004,13.421033,174097728
2010-03-03,13.572573,13.716717,13.494745,13.646647,13.526703,123452424
2010-03-04,13.676176,13.917167,13.668669,13.878629,13.756645,127224648
2010-03-05,14.047798,14.205956,14.011512,14.119369,13.995269,156331512
2010-03-08,14.133634,14.143644,14.039289,14.076076,13.952357,95360544
2010-03-09,14.01026,14.130631,13.926426,14.018769,13.895554,126936936
2010-03-10,14.108108,14.476977,14.069319,14.425676,14.298884,225969804
2010-03-11,14.370871,14.66992,14.369369,14.543043,14.415219,169162668
2010-03-12,14.718218,14.721722,14.493493,14.503003,14.375532,110025864
2010-03-15,14.181181,14.250501,13.913914,14.093594,13.969722,185969844
2010-03-16,14.05981,14.224725,14.033033,14.144144,14.019828,137122740
2010-03-17,14.221722,14.300551,14.12037,14.153153,14.028757,132731136
2010-03-18,14.132132,14.225225,14.088088,14.174174,14.049593,71016912
2010-03-19,14.014014,14.214214,13.945946,14.014014,13.890842,191576232
2010-03-22,13.916667,14.185435,13.870871,13.951451,13.828827,160031808
2010-03-23,13.93994,13.971722,13.563564,13.738739,13.617985,219831948
2010-03-24,13.651401,14.01026,13.506006,13.947197,13.824611,262345392
2010-03-25,13.989489,14.314314,13.98048,14.086086,13.962279,157078764
2010-03-26,14.145896,14.198949,14.014515,14.081331,13.957565,107740152
2010-03-29,14.089089,14.132132,14.028278,14.075325,13.951613,124055820
2010-03-30,14.084835,14.204955,14.021021,14.181932,14.057283,79036884
2010-03-31,14.14039,14.257758,14.084334,14.192192,14.067451,121110768
2010-04-01,14.298048,14.350601,14.152903,14.234234,14.109125,84023892
2010-04-05,14.286787,14.386386,14.239239,14.28954,14.163944,75983940
2010-04-06,14.250751,14.286537,14.149149,14.21972,14.094738,82321596
2010-04-07,14.196697,14.232983,14.060561,14.102603,13.978651,103136760
2010-04-08,14.097097,14.260511,14.015265,14.201451,14.07663,77822100
2010-04-09,14.201451,14.233483,14.114114,14.16967,14.04513,82181736
2010-04-12,14.197948,14.364364,14.16967,14.332583,14.20661,94001904
2010-04-13,14.327578,14.736737,14.292543,14.683934,14.554874,156335508
2010-04-14,14.766266,14.823323,14.614865,14.73974,14.610188,135971892
2010-04-15,14.819069,14.960961,14.721972,14.897397,14.766459,270201528
2010-04-16,14.089089,14.234484,13.754505,13.767518,13.646511,488930580
2010-04-19,13.732482,13.863614,13.638639,13.766266,13.64527,155604240
2010-04-20,13.868118,14.005506,13.79029,13.88989,13.767808,118976904
2010-04-21,13.925425,14.02027,13.817818,13.871371,13.749452,95564340
2010-04-22,13.813814,13.826326,13.597347,13.69019,13.569862,131096772
2010-04-23,13.694945,13.746747,13.57032,13.638388,13.518517,83492424
2010-04-26,13.637888,13.638388,13.243493,13.304304,13.18737,174577248
2010-04-27,13.236987,13.471722,13.193944,13.23974,13.123372,153634212
2010-04-28,13.315816,13.384134,13.038789,13.242993,13.126597,136107756
2010-04-29,13.347598,13.425926,13.17993,13.313313,13.196298,122233644
2010-04-30,13.291542,13.455455,13.149149,13.155656,13.040028,97318584
2010-05-03,13.175676,13.336336,13.14014,13.278278,13.161572,74237688
2010-05-04,13.176176,13.181682,12.617868,12.671922,12.560543,242808948
2010-05-05,12.537037,12.905906,12.524274,12.756757,12.644633,183104712
2010-05-06,12.731481,12.950951,11.511512,12.479229,12.369546,199803996
2010-05-07,12.511762,12.645646,12.045295,12.340841,12.232374,203356440
2010-05-10,12.862112,13.083584,12.827828,13.054304,12.939566,164954880
2010-05-11,12.904655,13.01001,12.718218,12.738989,12.627022,132771096
2010-05-12,12.813814,12.813814,12.562563,12.647397,12.536236,153917928
2010-05-13,12.925425,13.063063,12.772022,12.784785,12.672416,132898968
2010-05-14,12.757007,12.787538,12.418669,12.700951,12.589318,164475360
2010-05-17,12.682182,12.721722,12.471221,12.711962,12.600234,111640248
2010-05-18,12.762763,12.787037,12.439189,12.471722,12.362103,112906980
2010-05-19,12.418919,12.498498,12.205706,12.373123,12.264373,137690172
2010-05-20,12.138889,12.151652,11.856857,11.887137,11.782658,196335468
2010-05-21,11.738238,12.137137,11.621622,11.813063,11.709232,387244368
2010-05-24,12.03028,12.257007,11.931932,11.940941,11.835988,173650176
2010-05-25,11.715465,11.948198,11.611862,11.938689,11.833756,120575304
2010-05-26,12.063814,12.256256,11.886887,11.898649,11.794068,138884976
2010-05-27,12.135886,12.32007,12.038288,12.273774,12.165897,112251636
2010-05-28,12.330831,12.348599,12.087087,12.152903,12.046088,115676208
2010-06-01,12.022773,12.288789,12.015015,12.071321,11.965223,106565328
2010-06-02,12.179179,12.359109,12.048549,12.346597,12.238079,101530368
2010-06-03,12.39014,12.712713,12.37988,12.652653,12.541445,145881972
2010-06-04,12.505506,12.743994,12.42993,12.48048,12.370784,156655188
2010-06-07,12.488989,12.535285,12.090841,12.15015,12.043359,145162692
2010-06-08,12.208458,12.233233,11.95045,12.131632,12.025003,107296596
2010-06-09,12.192693,12.234234,11.811812,11.862362,11.7581,109050840
2010-06-10,12.021271,12.224725,11.907908,12.187437,12.080317,103012884
2010-06-11,12.074575,12.22998,12.052553,12.224725,12.117278,71196732
2010-06-14,12.374374,12.374875,12.091842,12.091842,11.985562,81534384
2010-06-15,12.089089,12.522523,12.066567,12.462212,12.352675,170213616
2010-06-16,12.416667,12.612613,12.415165,12.544294,12.434039,91480428
2010-06-17,12.598849,12.659409,12.42968,12.514515,12.40452,79012908
2010-06-18,12.575325,12.599349,12.465716,12.513263,12.40328,114801084
2010-06-21,12.51001,12.536787,12.134384,12.226226,12.118766,119220660
2010-06-22,12.25976,12.427427,12.155405,12.168418,12.061466,88699212
2010-06-23,12.184434,12.184434,11.965966,12.063313,11.957284,81082836
2010-06-24,12.003504,12.080831,11.843343,11.889389,11.78489,75668256
2010-06-25,11.938438,11.953203,11.775776,11.828829,11.724861,89718192
2010-06-28,11.826577,11.950701,11.736987,11.813814,11.70998,70421508
2010-06-29,11.597598,11.625375,11.289289,11.367868,11.267953,139943916
2010-06-30,11.385385,11.457207,11.129129,11.134885,11.037018,143983872
2010-07-01,11.143393,11.221221,10.851602,10.998248,10.901581,140403456
2010-07-02,11.051552,11.068068,10.910911,10.924675,10.828655,77362560
2010-07-06,11.111111,11.202953,10.851602,10.912663,10.81675,102301596
2010-07-07,10.968719,11.293544,10.895395,11.266266,11.167244,125062812
2010-07-08,11.3501,11.444695,11.252753,11.425425,11.325004,106649244
2010-07-09,11.810811,11.843343,11.581081,11.698949,11.596124,173086740
2010-07-12,11.821071,11.997998,11.788789,11.907658,11.802999,133242624
2010-07-13,12.068318,12.337087,12.019019,12.242242,12.134642,158892948
2010-07-14,12.259259,12.358108,12.173674,12.295796,12.187723,124595280
2010-07-15,12.305556,12.37988,12.079079,12.362863,12.254202,194133672
2010-07-16,11.73974,11.775776,11.499499,11.501752,11.40066,312679008
2010-07-19,11.536787,11.753003,11.449449,11.666166,11.56363,181829988
2010-07-20,11.537287,12.086837,11.526527,12.051802,11.945875,162017820
2010-07-21,12.112112,12.154655,11.897648,11.949449,11.844421,131052816
2010-07-22,12.092843,12.236737,12.074074,12.132382,12.025747,85822092
2010-07-23,12.031281,12.277027,12.012262,12.263764,12.155975,90485424
2010-07-26,12.239489,12.281031,12.134134,12.236486,12.128937,79728192
2010-07-27,12.276777,12.44995,12.266517,12.328078,12.219724,97949952
2010-07-28,12.385886,12.393644,12.078829,12.120871,12.014337,99740160
2010-07-29,12.160911,12.234234,11.995245,12.136887,12.030212,106912980
2010-07-30,12.003253,12.196196,11.99049,12.133383,12.026739,85678236
2010-08-02,12.236987,12.344344,12.185686,12.272523,12.164657,74273652
2010-08-03,12.274775,12.323824,12.181181,12.258008,12.150269,72019908
2010-08-04,12.316817,12.687688,12.288539,12.670671,12.559305,152347500
2010-08-05,12.65991,12.727728,12.601602,12.715215,12.603457,96719184
2010-08-06,12.647648,12.656156,12.413664,12.518018,12.407994,132647220
2010-08-09,12.568819,12.65015,12.546547,12.646396,12.535243,74813112
2010-08-10,12.571321,12.662663,12.476727,12.605355,12.494563,82877040
2010-08-11,12.455706,12.462462,12.2998,12.305806,12.197647,88831080
2010-08-12,12.110611,12.381131,12.074825,12.312563,12.204344,88095816
2010-08-13,12.237237,12.292042,12.162412,12.170921,12.063948,77310612
2010-08-16,12.104104,12.259009,12.024525,12.151902,12.045095,52147800
2010-08-17,12.225475,12.37988,12.162913,12.275275,12.167383,75552372
2010-08-18,12.273273,12.284034,12.050801,12.065816,11.959765,107348544
2010-08-19,12.037287,12.074825,11.692943,11.710961,11.60803,156843000
2010-08-20,11.710961,11.801552,11.537037,11.562062,11.460439,156547296
2010-08-23,11.549049,11.717968,11.454705,11.613363,11.511289,119328552
2010-08-24,11.453954,11.470721,11.284284,11.296046,11.196762,110397492
2010-08-25,11.261261,11.456707,11.261261,11.376877,11.276881,103580316
2010-08-26,11.412913,11.442943,11.272272,11.285786,11.186593,71008920
2010-08-27,11.325325,11.511261,11.202452,11.482232,11.381311,92403504
2010-08-30,11.49024,11.505506,11.321822,11.328579,11.22901,49206744
2010-08-31,11.264014,11.383133,11.211211,11.261762,11.162777,77794128
2010-09-01,11.385886,11.635135,11.323824,11.51977,11.41852,129002868
2010-09-02,11.582583,11.622372,11.519269,11.591091,11.489215,67300632
2010-09-03,11.774775,11.808809,11.697698,11.769269,11.665825,101514384
2010-09-07,11.624124,11.701451,11.587087,11.621622,11.519476,68327604
2010-09-08,11.641391,11.824324,11.624374,11.776276,11.672771,95975928
2010-09-09,11.957708,12.022022,11.776276,11.916416,11.811681,97126776
2010-09-10,11.987487,12.006757,11.888889,11.915415,11.810686,78893028
2010-09-13,12.034535,12.120871,12.00025,12.068819,11.962743,89570340
2010-09-14,12.062312,12.130881,12.014014,12.022773,11.917101,88571340
2010-09-15,12.010761,12.059309,11.974474,12.028028,11.922311,96015888
2010-09-16,12.010761,12.073323,11.997247,12.038539,11.932729,78701220
2010-09-17,12.105856,12.292292,12.041542,12.266016,12.158206,225438336
2010-09-20,12.324825,12.773023,12.313814,12.71972,12.607921,175963860
2010-09-21,12.754755,13.012513,12.735485,12.849349,12.736411,178473348
2010-09-22,12.834334,12.957457,12.804805,12.912913,12.799418,101382516
2010-09-23,12.878128,13.005255,12.795295,12.84985,12.736909,92603304
2010-09-24,13.056557,13.208959,12.969469,13.195445,13.079466,134141724
2010-09-27,13.234484,13.434685,13.234484,13.273524,13.156858,124171704
2010-09-28,13.35035,13.353103,12.974224,13.192442,13.07649,146041812
2010-09-29,13.209459,13.336837,13.130881,13.205455,13.089389,86801112
2010-09-30,13.242242,13.31006,12.985986,13.157908,13.042259,129634236
2010-10-01,13.263263,13.278779,13.088088,13.153654,13.038043,88911000
2010-10-04,13.136887,13.219469,12.984234,13.071822,12.956929,77542380
2010-10-05,13.222723,13.513514,13.176927,13.469219,13.350835,140143716
2010-10-06,13.494995,13.512262,13.261762,13.372122,13.25459,110381508
2010-10-07,13.418669,13.443443,13.241742,13.263514,13.146936,95736168
2010-10-08,13.332583,13.453453,13.203704,13.422172,13.3042,114253632
2010-10-11,13.475475,13.628629,13.442693,13.484484,13.365965,104946948
2010-10-12,13.516517,13.663413,13.458208,13.548298,13.429216,149993856
2010-10-13,13.688689,13.700951,13.571822,13.596096,13.476596,122101776
2010-10-14,13.618118,13.644895,13.441191,13.536787,13.417809,265098636
2010-10-15,14.996747,15.056056,14.804805,15.051301,14.919011,592399008
2010-10-18,15.028779,15.507758,15.028779,15.458208,15.322341,283644072
2010-10-19,15.236486,15.385886,15.086587,15.210961,15.077269,183332484
2010-10-20,15.218719,15.44995,15.202703,15.214715,15.080988,140862996
2010-10-21,15.303053,15.415415,15.165165,15.315065,15.180458,116703180
2010-10-22,15.313313,15.385886,15.266517,15.328579,15.193851,90153756
2010-10-25,15.405155,15.634134,15.38964,15.427928,15.292327,126209664
2010-10-26,15.342843,15.546296,15.291041,15.48048,15.344419,100415484
2010-10-27,15.40966,15.515516,15.323574,15.427177,15.291584,89586324
2010-10-28,15.516767,15.540541,15.347848,15.47998,15.343923,87284628
2010-10-29,15.442192,15.49049,15.34009,15.357858,15.222875,91040868
2010-11-01,15.408659,15.532032,15.295546,15.39039,15.25512,123360516
2010-11-02,15.482232,15.515516,15.37988,15.405405,15.270002,79824096
2010-11-03,15.452953,15.561311,15.352853,15.52002,15.383611,135084780
2010-11-04,15.631632,15.763764,15.568068,15.622372,15.485063,142689168
2010-11-05,15.595095,15.652903,15.543293,15.642643,15.505156,70557372
2010-11-08,15.616116,15.753003,15.593844,15.684935,15.547075,83967948
2010-11-09,15.765766,15.787037,15.528278,15.636136,15.498706,89398512
2010-11-10,15.567568,15.590591,15.453203,15.587588,15.450583,99780120
2010-11-11,15.508008,15.511762,15.370621,15.445195,15.309442,90373536
2010-11-12,15.365115,15.437938,15.045295,15.097347,14.964652,135584280
2010-11-15,15.092092,15.115115,14.866116,14.901652,14.770678,139016844
2010-11-16,14.833834,14.962212,14.600851,14.607608,14.479218,132163704
2010-11-17,14.63964,14.752252,14.548799,14.603353,14.475,97602300
2010-11-18,14.73974,15.014515,14.728729,14.928929,14.797716,103496400
2010-11-19,14.93994,14.962212,14.773273,14.785536,14.655582,91808100
2010-11-22,14.701451,14.850851,14.583333,14.795295,14.665256,87376536
2010-11-23,14.68994,14.73999,14.469469,14.58984,14.461606,86417496
2010-11-24,14.697447,14.92993,14.690941,14.889139,14.758275,95760144
2010-11-26,14.776276,14.839339,14.68969,14.764765,14.634994,52391556
2010-11-29,14.743994,14.75976,14.513263,14.567317,14.439281,114273612
2010-11-30,14.372372,14.372372,13.846597,13.906657,13.784427,284411304
2010-12-01,14.089089,14.303554,14.074074,14.122873,13.998743,150013836
2010-12-02,14.230731,14.347598,14.147898,14.30981,14.184036,101814084
2010-12-03,14.250501,14.426426,14.214214,14.339339,14.213307,105142752
2010-12-06,14.528779,14.564565,14.42968,14.473473,14.34626,83668248
2010-12-07,14.796547,14.83984,14.664665,14.693193,14.564051,121566312
2010-12-08,14.814064,14.827828,14.606857,14.778278,14.648387,70205724
2010-12-09,14.861862,14.904404,14.73974,14.802302,14.672201,74681244
2010-12-10,14.843343,14.864615,14.772022,14.82007,14.689812,68119812
2010-12-13,14.942943,15.09009,14.867117,14.88038,14.749593,95844060
2010-12-14,14.942192,14.972222,14.826827,14.887638,14.756787,65666268
2010-12-15,14.86987,14.926176,14.743493,14.772272,14.642433,86621292
2010-12-16,14.836086,14.859109,14.716466,14.807558,14.67741,63812124
2010-12-17,14.78979,14.828829,14.706456,14.784785,14.654839,123360516
2010-12-20,14.881131,14.961962,14.731231,14.891391,14.760507,78853068
2010-12-21,14.979229,15.133133,14.955205,15.091842,14.959196,75104820
2010-12-22,15.115115,15.19019,15.097097,15.152402,15.019222,48251700
2010-12-23,15.148649,15.165165,15.065816,15.120871,14.987967,44387568
2010-12-27,15.083584,15.10961,15.002503,15.074575,14.94208,48275676
2010-12-28,15.066316,15.111862,14.965215,14.987988,14.856254,42549408
2010-12-29,15.065065,15.075325,14.987988,15.04004,14.907848,40727232
2010-12-30,14.964965,15.048298,14.9497,14.986486,14.854765,39540420
2010-12-31,14.933433,14.975475,14.815566,14.864114,14.733469,61510428
2011-01-03,14.926927,15.154905,14.926927,15.123874,14.990946,94513392
2011-01-04,15.155656,15.16967,15.018018,15.068068,14.93563,72907020
2011-01-05,15.016767,15.273524,15.016266,15.241992,15.108025,101190708
2011-01-06,15.282282,15.476226,15.266517,15.352853,15.217914,82229688
2011-01-07,15.413163,15.471722,15.268519,15.426426,15.290838,83963952
2011-01-10,15.385385,15.40015,15.229229,15.370621,15.235524,63104832
2011-01-11,15.458208,15.485485,15.377878,15.415666,15.280173,57514428
2011-01-12,15.499249,15.499249,15.384635,15.437187,15.301505,65242692
2011-01-13,15.43969,15.507257,15.369369,15.432683,15.297041,53306640
2011-01-14,15.45045,15.622372,15.442442,15.62012,15.48283,94529376
2011-01-18,15.667167,16.065817,15.647397,16.006758,15.866071,144535320
2011-01-19,16.069069,16.09009,15.757257,15.80956,15.670606,136107756
2011-01-20,15.821071,15.867868,15.597848,15.684935,15.547075,219212568
2011-01-21,16.005507,16.059309,15.299299,15.311061,15.176488,355819824
2011-01-24,15.204454,15.327578,15.045796,15.292292,15.157883,183784032
2011-01-25,15.22022,15.532783,15.178178,15.513263,15.376913,145726128
2011-01-26,15.523774,15.577828,15.397397,15.427928,15.292327,81442476
2011-01-27,15.462713,15.508008,15.346597,15.435185,15.299521,80687232
2011-01-28,15.492242,15.524525,15.009009,15.03979,14.9076,169074756
2011-01-31,15.105105,15.126877,14.903654,15.024024,14.891973,112083804
2011-02-01,15.127377,15.349099,15.092843,15.291291,15.156892,109702188
2011-02-02,15.29029,15.373874,15.203453,15.315315,15.180707,70357572
2011-02-03,15.252252,15.301552,15.168418,15.269019,15.134817,59744196
2011-02-04,15.269019,15.301301,15.18043,15.28979,15.155404,61969968
2011-02-07,15.269269,15.475225,15.245495,15.372623,15.237509,71912016
2011-02-08,15.388639,15.506256,15.378128,15.474975,15.338961,67728204
2011-02-09,15.437187,15.501752,15.323824,15.427928,15.292327,73626300
2011-02-10,15.362863,15.452953,15.304304,15.426426,15.290838,93282624
2011-02-11,15.36011,15.640641,15.34034,15.628128,15.490767,103492404
2011-02-14,15.599099,15.756757,15.516517,15.719469,15.581306,85034880
2011-02-15,15.698699,15.768018,15.593093,15.619369,15.482083,83596320
2011-02-16,15.656406,15.678178,15.568068,15.621121,15.483823,67292640
2011-02-17,15.546797,15.696947,15.522523,15.647147,15.50962,59092848
2011-02-18,15.665666,15.795295,15.62012,15.767768,15.62918,128587284
2011-02-22,15.516266,15.638889,15.209459,15.270521,15.136304,145450404
2011-02-23,15.273524,15.382883,15.115115,15.298298,15.163836,115468416
2011-02-24,15.30005,15.342593,15.048799,15.235736,15.101825,108359532
2011-02-25,15.311812,15.383383,15.252753,15.266266,15.132085,77218704
2011-02-28,15.265265,15.427678,15.215465,15.35035,15.215433,91168740
2011-03-01,15.45996,15.495996,14.997497,15.034034,14.901896,132795072
2011-03-02,15.01001,15.165165,14.894645,15.034785,14.90264,80986932
2011-03-03,15.174675,15.302553,15.14014,15.254254,15.120181,77734188
2011-03-04,15.223473,15.23974,15.02002,15.030531,14.898422,120319560
2011-03-07,15.028779,15.107357,14.68969,14.806306,14.676168,138369492
2011-03-08,14.838088,14.964464,14.76977,14.822573,14.692294,91304604
2011-03-09,14.78979,14.877628,14.658408,14.809059,14.678899,85953960
2011-03-10,14.650651,14.68018,14.500751,14.522022,14.394386,124998876
2011-03-11,14.46997,14.514515,14.347598,14.432182,14.305334,121158720
2011-03-14,14.334334,14.471722,14.214715,14.264014,14.138644,112531356
2011-03-15,13.951451,14.289289,13.901401,14.253253,14.127978,160063776
2011-03-16,14.214464,14.259009,13.795796,13.941441,13.818906,151788060
2011-03-17,14.126126,14.239239,14.027528,14.048048,13.924577,115856028
2011-03-18,14.13013,14.213964,14.007508,14.040541,13.917135,131812056
2011-03-21,14.26977,14.50951,14.23974,14.426927,14.300126,120715164
2011-03-22,14.446196,14.495245,14.327077,14.447447,14.320463,75400524
2011-03-23,14.394144,14.575826,14.314314,14.568569,14.440522,72575352
2011-03-24,14.6504,14.724474,14.484484,14.686937,14.557848,83864052
2011-03-25,14.686687,14.687437,14.495495,14.508008,14.380492,114221664
2011-03-28,14.566316,14.639389,14.382132,14.398398,14.271847,88647264
2011-03-29,14.414414,14.561812,14.33959,14.557808,14.429854,64127808
2011-03-30,14.624124,14.652152,14.529029,14.560561,14.432584,56835108
2011-03-31,14.58959,14.718719,14.558058,14.683684,14.554626,81094824
2011-04-01,14.733734,14.894645,14.733734,14.80981,14.679643,104423472
2011-04-04,14.83984,14.883383,14.592092,14.706707,14.577445,82097820
2011-04-05,14.541542,14.551802,14.156156,14.241491,14.116319,241658100
2011-04-06,14.318819,14.393393,14.214214,14.368869,14.242577,106625268
2011-04-07,14.407658,14.530531,14.369119,14.514515,14.386943,101158740
2011-04-08,14.636887,14.636887,14.465966,14.468468,14.341299,75995928
2011-04-11,14.419419,14.466967,14.339339,14.448699,14.321705,74253672
2011-04-12,14.389389,14.437187,14.215465,14.27953,14.154021,83340576
2011-04-13,14.402152,14.454454,14.308058,14.421421,14.294665,82693224
2011-04-14,14.394144,14.500751,14.316817,14.477227,14.349983,218033748
2011-04-15,13.645896,13.657407,13.264765,13.280781,13.164053,561186252
2011-04-18,13.173674,13.204705,12.987988,13.184184,13.068305,201390408
2011-04-19,13.262012,13.285285,13.035536,13.051301,12.936589,107256636
2011-04-20,13.160661,13.183684,13.047798,13.156406,13.040771,122277600
2011-04-21,13.20045,13.22022,13.072823,13.140641,13.025145,98705196
2011-04-25,13.144394,13.188188,13.063313,13.139389,13.023904,65166768
2011-04-26,13.176176,13.449449,13.143393,13.333834,13.216638,139860000
2011-04-27,13.463463,13.466216,13.372122,13.457457,13.339174,91844064
2011-04-28,13.464965,13.494745,13.365365,13.462713,13.344386,79920000
2011-04-29,13.513514,13.616116,13.476226,13.616116,13.496441,168970860
2011-05-02,13.656156,13.656907,13.441441,13.477477,13.359021,85262652
2011-05-03,13.441692,13.563814,13.254004,13.360611,13.24318,83176740
2011-05-04,13.392643,13.488488,13.338839,13.408158,13.290308,84595320
2011-05-05,13.35986,13.498999,13.300801,13.37012,13.252605,79832088
2011-05-06,13.467217,13.55005,13.392893,13.395896,13.278156,82161756
2011-05-09,13.388388,13.475726,13.290791,13.455455,13.33719,77870052
2011-05-10,13.513514,13.624374,13.451952,13.58008,13.460721,81634284
2011-05-11,13.517017,13.602352,13.355606,13.39965,13.281875,93458448
2011-05-12,13.394394,13.436937,13.286036,13.38964,13.271955,57874068
2011-05-13,13.378629,13.411411,13.239489,13.252002,13.135527,84263652
2011-05-16,13.170921,13.194945,12.922923,12.973473,12.859445,118209672
2011-05-17,12.898649,13.293794,12.888639,13.274775,13.158097,132011856
2011-05-18,13.251752,13.271522,13.155656,13.258509,13.141974,78049872
2011-05-19,13.331582,13.426927,13.256256,13.294545,13.177696,98649252
2011-05-20,13.308308,13.313063,13.091341,13.113864,12.998602,92607300
2011-05-23,12.927928,13.013013,12.847848,12.972723,12.858702,91908000
2011-05-24,13.022272,13.112112,12.966717,12.969469,12.855477,75924000
2011-05-25,12.946196,13.082332,12.944194,13.004755,12.890452,52011936
2011-05-26,12.955455,13.066066,12.887888,12.966216,12.852253,84655260
2011-05-27,12.974975,13.057808,12.92042,13.035536,12.920963,69762168
2011-05-31,13.138138,13.239489,13.100601,13.238739,13.12238,107384508
2011-06-01,13.214214,13.343343,13.145896,13.153153,13.037546,118117764
2011-06-02,13.202452,13.270771,13.075075,13.214715,13.098567,88091820
2011-06-03,13.063063,13.203203,13.050551,13.09009,12.975037,69870060
2011-06-06,13.101602,13.183684,12.994244,13.03954,12.924932,77606316
2011-06-07,13.085335,13.128879,12.987738,12.988739,12.874577,76227696
2011-06-08,12.926176,13.044044,12.907407,12.992242,12.87805,66069864
2011-06-09,13.013013,13.013013,12.903904,12.931181,12.817526,67496436
2011-06-10,12.864865,12.93018,12.744995,12.750501,12.638433,97498404
2011-06-13,12.762763,12.767768,12.566817,12.630881,12.519865,96994908
2011-06-14,12.716466,12.864865,12.687437,12.721972,12.610155,93566340
2011-06-15,12.638388,12.721471,12.527778,12.586336,12.475711,82849068
2011-06-16,12.582833,12.676927,12.429179,12.521772,12.411716,110169720
2011-06-17,12.667167,12.67993,12.132132,12.137638,12.030956,209606184
2011-06-20,12.137137,12.167918,11.992743,12.126627,12.020041,121022856
2011-06-21,12.191942,12.360861,12.13038,12.337337,12.2289,110505384
2011-06-22,12.298549,12.321071,12.18043,12.187437,12.080317,96187716
2011-06-23,12.065315,12.083584,11.855105,12.017518,11.911892,191875932
2011-06-24,12.029029,12.030781,11.837337,11.883884,11.779434,152071776
2011-06-27,11.861862,12.222222,11.851852,12.082082,11.975889,137650212
2011-06-28,12.112613,12.417668,12.112613,12.353604,12.245024,108495396
2011-06-29,12.425926,12.518769,12.321822,12.451702,12.342261,93626280
2011-06-30,12.562312,12.679429,12.55005,12.672172,12.560792,97038864
2011-07-01,12.681181,13.042543,12.672172,13.038789,12.924187,145322532
2011-07-05,13.145646,13.398398,13.145646,13.324324,13.207212,153814032
2011-07-06,13.350851,13.476226,13.339339,13.397397,13.279643,107716176
2011-07-07,13.538539,13.780781,13.41041,13.678679,13.558453,157262580
2011-07-08,13.337087,13.454705,13.194945,13.313063,13.19605,190617192
2011-07-11,13.217718,13.412913,13.150651,13.195195,13.079219,113458428
2011-07-12,13.217217,13.498999,13.163163,13.363614,13.246157,113534352
2011-07-13,13.438438,13.613614,13.425425,13.46997,13.351578,111496392
2011-07-14,13.491491,13.563564,13.181431,13.236737,13.120396,265714020
2011-07-15,14.952452,15.021271,14.718719,14.955455,14.824007,548734716
2011-07-18,14.827077,15.066316,14.814815,14.888388,14.757529,178553268
2011-07-19,14.918418,15.132132,14.903153,15.078829,14.946297,118581300
2011-07-20,15.06957,15.085836,14.898649,14.898649,14.767701,89022888
2011-07-21,14.865616,15.216717,14.865115,15.18994,15.056432,138641220
2011-07-22,15.1499,15.503003,15.121872,15.471221,15.33524,140986872
2011-07-25,15.349349,15.650901,15.34034,15.48999,15.353845,125138736
2011-07-26,15.466717,15.703203,15.445946,15.578579,15.441654,93622284
2011-07-27,15.444945,15.539289,15.133884,15.195696,15.062137,157218624
2011-07-28,15.144895,15.414915,15.09009,15.288789,15.15441,124211664
2011-07-29,15.120871,15.389389,15.107357,15.107357,14.974574,165330504
2011-08-01,15.295796,15.402903,14.994494,15.184434,15.050973,158485356
2011-08-02,15.165165,15.257007,14.804054,14.824825,14.694527,127895976
2011-08-03,14.871622,15.09009,14.605355,15.044294,14.912066,152874972
2011-08-04,14.877377,14.986236,14.451201,14.452452,14.325425,196387416
2011-08-05,14.578078,14.764765,14.064064,14.49049,14.363128,236926836
2011-08-08,14.088589,14.239239,13.622372,13.664164,13.544065,299564136
2011-08-09,14.039039,14.37963,13.538789,14.3496,14.223476,258529212
2011-08-10,14.048549,14.117117,13.706957,13.738989,13.618232,214569216
2011-08-11,13.859359,14.226727,13.723974,14.067317,13.943676,193030776
2011-08-12,14.251752,14.276777,14.024024,14.108358,13.984357,126045828
2011-08-15,13.8496,14.138889,13.664915,13.944695,13.822133,285510204
2011-08-16,13.824575,13.824825,13.270771,13.488488,13.369935,277298424
2011-08-17,13.514264,13.605856,13.282533,13.342092,13.224823,163000836
2011-08-18,13.09985,13.135385,12.524775,12.634635,12.523584,251376372
2011-08-19,12.495996,12.884635,12.283784,12.285285,12.177306,216183600
2011-08-22,12.612613,12.687688,12.375626,12.466717,12.357144,196039764
2011-08-23,12.6001,13.048298,12.488989,12.983483,12.869369,173698128
2011-08-24,12.996246,13.263263,12.943694,13.095345,12.980247,143636220
2011-08-25,13.272773,13.445195,12.97047,13.014014,12.89963,131588280
2011-08-26,13.012763,13.274525,12.841341,13.184685,13.068802,143708148
2011-08-29,13.377377,13.49975,13.352352,13.49049,13.371917,93338568
2011-08-30,13.468218,13.588338,13.283534,13.531031,13.412104,119440440
2011-08-31,13.632132,13.671171,13.413413,13.537538,13.418551,107624268
2011-09-01,13.532282,13.609359,13.293794,13.325826,13.208701,96523380
2011-09-02,13.124875,13.211211,13.031281,13.134134,13.018695,95951952
2011-09-06,12.782783,13.082082,12.775275,13.067568,12.952712,108523368
2011-09-07,13.274525,13.411912,13.198198,13.364114,13.246654,110121768
2011-09-08,13.358358,13.490991,13.310811,13.387387,13.269722,95124780
2011-09-09,13.298298,13.37963,13.042793,13.134384,13.018942,130621248
2011-09-12,12.961962,13.313063,12.95045,13.266266,13.149666,106709184
2011-09-13,13.313313,13.36036,13.098098,13.251251,13.134782,94073832
2011-09-14,13.328078,13.437187,13.158659,13.315065,13.198036,107668224
2011-09-15,13.400901,13.638138,13.377377,13.577578,13.45824,118313568
2011-09-16,13.633634,13.684685,13.592092,13.680681,13.560439,141230628
2011-09-19,13.522272,13.761261,13.397898,13.68043,13.56019,98637264
2011-09-20,13.748749,13.976977,13.58033,13.679429,13.559196,111052836
2011-09-21,13.705956,13.888889,13.484985,13.493493,13.374895,100471428
2011-09-22,13.169419,13.232733,12.862863,13.02953,12.915009,175835988
2011-09-23,12.926927,13.173674,12.875375,13.150901,13.035315,110980908
2011-09-26,13.194444,13.336587,12.844094,13.310561,13.193571,105262632
2011-09-27,13.468468,13.68994,13.414665,13.496997,13.378368,120315564
2011-09-28,13.551051,13.614114,13.205706,13.234234,13.117915,90441468
2011-09-29,13.414414,13.445946,12.998248,13.200701,13.084677,116147736
2011-09-30,13.018268,13.113113,12.872372,12.888889,12.775605,108835056
2011-10-03,12.759009,12.812813,12.387387,12.4004,12.291409,178797024
2011-10-04,12.263013,12.598599,12.027027,12.56006,12.449666,166185648
2011-10-05,12.421171,12.707708,12.031281,12.63013,12.519118,181182636
2011-10-06,12.7002,12.893644,12.577578,12.880631,12.767422,136835028
2011-10-07,12.933684,13.025526,12.77027,12.890891,12.777589,114121764
2011-10-10,13.142643,13.4502,13.093093,13.442693,13.324541,92795112
2011-10-11,13.34985,13.683684,13.34985,13.593093,13.473619,114021864
2011-10-12,13.716967,13.894645,13.629379,13.726226,13.605583,126984888
2011-10-13,13.764515,13.988989,13.714214,13.988739,13.865788,227276496
2011-10-14,15.001752,15.005005,14.703954,14.806807,14.676665,340854804
2011-10-17,14.607608,14.810561,14.464464,14.574825,14.446723,160167672
2011-10-18,14.519269,14.828829,14.449449,14.777528,14.647645,151879968
2011-10-19,14.698198,14.816316,14.494995,14.532032,14.404306,117142740
2011-10-20,14.562062,14.736987,14.502252,14.606356,14.477977,135024840
2011-10-21,14.752503,14.833584,14.682182,14.777027,14.647147,135504360
2011-10-24,14.682683,15.014264,14.677177,14.925425,14.79424,136938924
2011-10-25,14.842342,14.88989,14.585836,14.593594,14.465325,101518380
2011-10-26,14.753504,14.769269,14.335836,14.672422,14.543462,114809076
2011-10-27,14.975475,15.082583,14.847347,14.981732,14.850055,151060788
2011-10-28,14.877878,15.072573,14.871121,15.018519,14.886517,100219680
2011-10-31,14.892142,15.007257,14.806557,14.830831,14.700477,102209688
2011-11-01,14.517017,14.652402,14.433183,14.480731,14.353456,124878996
2011-11-02,14.637137,14.713714,14.526527,14.635135,14.506503,84751164
2011-11-03,14.68969,14.952452,14.607608,14.952452,14.821031,106685208
2011-11-04,14.852352,15.008509,14.825576,14.918418,14.787295,113278608
2011-11-07,14.847848,15.234735,14.820571,15.223473,15.089671,134161704
2011-11-08,15.24024,15.374625,15.105105,15.323824,15.189138,121054824
2011-11-09,15.121622,15.25,14.981481,15.038789,14.906608,148291560
2011-11-10,15.163413,15.163914,14.803804,14.891892,14.761003,114621264
2011-11-11,15.047548,15.317568,14.97998,15.223974,15.090167,158920920
2011-11-14,15.215215,15.467467,15.20971,15.34034,15.205509,127420452
2011-11-15,15.335335,15.467467,15.277778,15.429429,15.293816,106932960
2011-11-16,15.317317,15.472973,15.280531,15.302052,15.167558,104235660
2011-11-17,15.266517,15.322573,14.934434,15.036787,14.904625,139592268
2011-11-18,15.065065,15.127628,14.858609,14.886887,14.756041,131376492
2011-11-21,14.708709,14.727227,14.316567,14.538038,14.410258,119931948
2011-11-22,14.514515,14.638889,14.395395,14.514515,14.386943,96115788
2011-11-23,14.398148,14.520771,14.267017,14.267017,14.14162,92938968
2011-11-25,14.143894,14.371121,14.047297,14.089089,13.965257,62433504
2011-11-28,14.498749,14.735235,14.426927,14.719469,14.590095,113042844
2011-11-29,14.711712,14.773774,14.547798,14.587838,14.45962,73198728
2011-11-30,14.963714,15.002753,14.817067,14.99975,14.867913,135744120
2011-12-01,15.015015,15.415415,14.98999,15.35961,15.224609,144679176
2011-12-02,15.441692,15.615616,15.421922,15.524525,15.388075,163264572
2011-12-05,15.706707,15.813313,15.575576,15.656907,15.519294,127772100
2011-12-06,15.59034,15.731231,15.521522,15.60986,15.472661,92966940
2011-12-07,15.557558,15.657157,15.467968,15.60035,15.463234,90201708
2011-12-08,15.541542,15.701952,15.397898,15.416667,15.281165,96427476
2011-12-09,15.465465,15.743994,15.440691,15.701201,15.563199,110537352
2011-12-12,15.562563,15.67017,15.522773,15.6504,15.512843,87268644
2011-12-13,15.734735,15.92993,15.586837,15.656406,15.518798,160966872
2011-12-14,15.561812,15.623624,15.327578,15.467217,15.331273,155991852
2011-12-15,15.578579,15.615616,15.482733,15.504004,15.367734,96247656
2011-12-16,15.623624,15.748749,15.552302,15.664665,15.526984,178193628
2011-12-19,15.715966,15.728228,15.515516,15.561311,15.424539,85654260
2011-12-20,15.715716,15.811812,15.715465,15.775025,15.636374,95432472
2011-12-21,15.766016,15.811311,15.489489,15.661161,15.523511,99816084
2011-12-22,15.714464,15.809059,15.690941,15.758258,15.619755,72819108
2011-12-23,15.815816,15.882883,15.77978,15.844344,15.705083,58089852
2011-12-27,15.817067,16.128378,15.815816,16.022272,15.881449,64191744
2011-12-28,16.084835,16.141142,15.968468,16.008509,15.867805,85002912
2011-12-29,16.053303,16.091091,15.895896,16.076077,15.934778,62952984
2011-12-30,16.066566,16.185184,16.066566,16.163664,16.021597,71220708
2012-01-03,16.33984,16.72047,16.325577,16.651901,16.505541,146912940
2012-01-04,16.642391,16.773024,16.532032,16.723724,16.576736,114445440
2012-01-05,16.56982,16.615866,16.422173,16.491741,16.346792,131184684
2012-01-06,16.495245,16.516518,16.261011,16.266768,16.123795,107608284
2012-01-09,16.178679,16.191191,15.546296,15.577077,15.440166,232671096
2012-01-10,15.75951,15.860861,15.438188,15.594094,15.457032,175648176
2012-01-11,15.603103,15.750501,15.543544,15.664665,15.526984,95904000
2012-01-12,15.796296,15.838088,15.678178,15.756757,15.618266,74932992
2012-01-13,15.672172,15.689439,15.542042,15.64039,15.502922,92199708
2012-01-17,15.815315,15.815315,15.657658,15.73023,15.591972,76295628
2012-01-18,15.681431,15.865866,15.568569,15.838589,15.699378,110357532
2012-01-19,16.040791,16.040791,15.802302,16.005255,15.86458,251959788
2012-01-20,14.778028,14.78979,14.557057,14.664414,14.535524,422628948
2012-01-23,14.664665,14.731231,14.593594,14.652653,14.523867,136379484
2012-01-24,14.672673,14.706707,14.464464,14.537788,14.410013,122109768
2012-01-25,14.452202,14.482232,14.173674,14.251502,14.126242,199308492
2012-01-26,14.313814,14.376376,14.127878,14.216717,14.091761,128918952
2012-01-27,14.283784,14.522523,14.247497,14.514014,14.386446,144555300
2012-01-30,14.465716,14.514515,14.349349,14.456707,14.329643,93126780
2012-01-31,14.58959,14.614615,14.393143,14.517267,14.389671,85610304
2012-02-01,14.638138,14.652152,14.492993,14.535285,14.407531,92735172
2012-02-02,14.636386,14.674925,14.566567,14.642392,14.513696,96491412
2012-02-03,14.781281,14.941692,14.715966,14.923173,14.79201,126613260
2012-02-06,14.89014,15.286036,14.865115,15.242492,15.108521,147036816
2012-02-07,15.193944,15.25,15.109109,15.184434,15.050973,83600316
2012-02-08,15.231231,15.299049,15.133634,15.261512,15.127374,73382544
2012-02-09,15.315816,15.377878,15.24024,15.301802,15.167311,90497412
2012-02-10,15.212212,15.218468,15.115115,15.162913,15.029641,92914992
2012-02-13,15.277778,15.361361,15.265766,15.32032,15.185666,72579348
2012-02-14,15.303804,15.315315,15.134134,15.259259,15.125142,72075852
2012-02-15,15.338589,15.338589,15.079079,15.154154,15.020959,96938964
2012-02-16,15.085586,15.235485,14.958208,15.178178,15.044772,101134764
2012-02-17,15.139389,15.205956,15.075075,15.131131,14.998139,97866036
2012-02-21,15.111862,15.462462,15.087087,15.365365,15.230314,99132768
2012-02-22,15.314314,15.434935,15.182933,15.213714,15.079996,78601320
2012-02-23,15.19019,15.213714,15.023774,15.167918,15.034603,82117800
2012-02-24,15.198949,15.306557,15.152903,15.262763,15.128613,77346576
2012-02-27,15.17993,15.324324,15.141642,15.247998,15.11398,72483444
2012-02-28,15.265265,15.50976,15.207207,15.475225,15.33921,113790096
2012-02-29,15.48048,15.655656,15.402903,15.471722,15.335735,125350524
2012-03-01,15.572072,15.658158,15.469219,15.575576,15.438679,89418492
2012-03-02,15.565566,15.615616,15.523524,15.546797,15.410151,62869068
2012-03-05,15.526276,15.577828,15.2998,15.371622,15.236516,63668268
2012-03-06,15.216466,15.235485,14.860861,15.139139,15.006076,126849024
2012-03-07,15.241491,15.295045,15.161662,15.185185,15.051719,50529420
2012-03-08,15.266266,15.302803,15.173924,15.193694,15.060152,53766180
2012-03-09,15.213964,15.312813,15.015015,15.021271,14.889245,106717176
2012-03-12,15.015015,15.19019,14.996496,15.143894,15.010791,66693240
2012-03-13,15.233984,15.461712,15.153904,15.45996,15.324078,89742168
2012-03-14,15.39039,15.585085,15.351852,15.415165,15.279675,117358524
2012-03-15,15.43043,15.603103,15.386136,15.543794,15.407175,97306596
2012-03-16,15.537788,15.663413,15.516767,15.641642,15.504162,121897980
2012-03-19,15.593594,15.947698,15.546547,15.865365,15.72592,86825088
2012-03-20,15.788789,15.917417,15.697447,15.853103,15.713765,61558380
2012-03-21,15.881131,16.200951,15.828579,16.015516,15.874752,98685216
2012-03-22,15.978478,16.236237,15.790791,16.167418,16.02532,96311592
2012-03-23,16.181181,16.228729,16.03854,16.080832,15.93949,77530392
2012-03-26,16.141142,16.253504,16.004505,16.249498,16.106676,72695232
2012-03-27,16.191942,16.353853,16.136135,16.191692,16.049376,80207712
2012-03-28,16.317066,16.481232,16.293293,16.41041,16.266172,101454444
2012-03-29,16.352352,16.431181,16.123625,16.226477,16.083855,76895028
2012-03-30,16.310061,16.353603,16.04104,16.047047,15.906006,92335572
2012-04-02,16.035286,16.203705,15.886887,16.18919,16.0469,91276632
2012-04-03,16.151402,16.214966,15.981982,16.081581,15.940237,81714204
2012-04-04,15.977227,15.990991,15.793293,15.894645,15.754942,65038896
2012-04-05,15.821822,15.926677,15.72998,15.823824,15.684744,92655252
2012-04-09,15.727728,15.899149,15.647898,15.786787,15.648032,87220692
2012-04-10,15.853854,15.878378,15.629379,15.687187,15.549308,99180720
2012-04-11,15.865115,15.915916,15.798298,15.914915,15.775035,87872040
2012-04-12,16.074825,16.344845,16.022524,16.291542,16.14835,230033736
2012-04-13,16.204954,16.240992,15.604104,15.630631,15.493251,326045628
2012-04-16,15.590591,15.610861,15.056557,15.166917,15.03361,227456316
2012-04-17,15.229229,15.457708,15.19044,15.254505,15.120429,120835044
2012-04-18,15.216466,15.335335,15.085335,15.201451,15.067841,106673220
2012-04-19,15.157407,15.421922,14.98999,14.997497,14.865679,131652216
2012-04-20,15.121371,15.236486,14.910661,14.916416,14.785312,122213664
2012-04-23,14.837337,14.976226,14.76977,14.954955,14.823514,87824088
2012-04-24,14.970971,15.180931,14.947948,15.046797,14.914546,77086836
2012-04-25,15.115115,15.299049,15.087087,15.258258,15.124148,72771156
2012-04-26,15.288038,15.465465,15.257758,15.402152,15.266777,83616300
2012-04-27,15.390891,15.433934,15.28028,15.38989,15.254623,65390544
2012-04-30,15.34009,15.417417,15.03028,15.136386,15.003348,96195708
2012-05-01,15.10986,15.305305,15.01977,15.125876,14.99293,80011908
2012-05-02,15.045045,15.217968,15.03028,15.196697,15.063129,64395540
2012-05-03,15.255756,15.386136,15.238989,15.290791,15.156396,74645280
2012-05-04,15.163163,15.212462,14.935185,14.939189,14.807886,88207704
2012-05-07,14.88989,15.27953,14.88989,15.203954,15.070321,79700220
2012-05-08,15.153403,15.437938,15.032533,15.335085,15.2003,106984908
2012-05-09,15.185686,15.424925,15.06031,15.243994,15.11001,93058848
2012-05-10,15.339339,15.42017,15.271021,15.356857,15.221882,61374564
2012-05-11,15.274024,15.379129,15.134384,15.145896,15.012775,83892024
2012-05-14,15.034535,15.227728,15.02953,15.115115,14.982264,72903024
2012-05-15,15.148899,15.39039,15.108859,15.293043,15.158628,83999916
2012-05-16,15.464464,15.768268,15.413914,15.738989,15.600655,193210596
2012-05-17,15.861612,15.962212,15.546296,15.591842,15.4548,134017848
2012-05-18,15.643143,15.826326,14.932432,15.025025,14.892965,238701060
2012-05-21,15.027778,15.407658,15.015015,15.368118,15.233045,122892984
2012-05-22,15.351351,15.360611,14.914915,15.035035,14.902888,121953924
2012-05-23,15.056306,15.255255,14.942943,15.251752,15.1177,126996876
2012-05-24,15.244244,15.313313,14.986737,15.106607,14.973831,75576348
2012-05-25,15.04004,15.058308,14.721722,14.803053,14.672946,143132724
2012-05-29,14.91016,14.993243,14.722723,14.873373,14.742647,104123772
2012-05-30,14.718719,14.812312,14.602853,14.72047,14.591088,76191732
2012-05-31,14.732733,14.764765,14.489489,14.536036,14.408275,118613268
2012-06-01,14.309059,14.330581,14.222973,14.288789,14.1632,122193684
2012-06-04,14.26977,14.526777,14.264515,14.479229,14.351968,97210692
2012-06-05,14.400651,14.467718,14.175926,14.274525,14.14906,93502404
2012-06-06,14.426426,14.563814,14.354605,14.528779,14.401081,83748168
2012-06-07,14.704705,14.711962,14.445696,14.47022,14.343037,70269660
2012-06-08,14.410661,14.53954,14.378879,14.525776,14.398104,56359584
2012-06-11,14.61987,14.647648,14.181431,14.226727,14.101685,106337556
2012-06-12,14.258509,14.271772,13.978478,14.141642,14.017346,128839032
2012-06-13,14.057057,14.189189,13.980981,14.041291,13.917878,78089832
2012-06-14,14.046547,14.140891,13.926927,13.99024,13.867275,93702204
2012-06-15,14.022523,14.127127,13.941191,14.126877,14.002711,119927952
2012-06-18,14.07958,14.36962,13.995245,14.285536,14.159975,99776124
2012-06-19,14.354104,14.621622,14.342342,14.552803,14.424895,82964952
2012-06-20,14.50976,14.514515,14.352102,14.452202,14.325177,93774132
2012-06-21,14.510511,14.510511,14.107357,14.144394,14.020074,80371548
2012-06-22,14.214214,14.301301,14.15966,14.301301,14.175602,89026884
2012-06-25,14.197447,14.216466,13.947698,14.031532,13.908205,63200736
2012-06-26,14.083083,14.179179,14.001001,14.131131,14.006927,53953992
2012-06-27,14.206707,14.364114,14.164665,14.246747,14.121528,67624308
2012-06-28,14.161662,14.16992,13.944194,14.121872,13.99775,76759164
2012-06-29,14.388388,14.517768,14.319319,14.516266,14.388679,100679220
2012-07-02,14.56006,14.58959,14.426927,14.526276,14.398601,66153780
2012-07-03,14.514765,14.724975,14.464464,14.71046,14.581166,47532420
2012-07-05,14.733734,15.016517,14.728228,14.912913,14.781839,93742164
2012-07-06,14.826076,14.852853,14.585085,14.664164,14.535276,86385528
2012-07-09,14.638388,14.72973,14.545796,14.664915,14.536019,68535396
2012-07-10,14.76952,14.825576,14.482983,14.557057,14.429112,76847076
2012-07-11,14.421922,14.460711,14.137638,14.294044,14.168409,139832028
2012-07-12,14.192192,14.312563,14.066316,14.276276,14.150796,92299608
2012-07-13,14.318068,14.493243,14.227978,14.427427,14.30062,78960960
2012-07-16,14.423674,14.494244,14.308809,14.387387,14.260934,58445496
2012-07-17,14.475225,14.531281,14.224224,14.432683,14.30583,67136796
2012-07-18,14.438939,14.606857,14.417668,14.533534,14.405794,61866072
2012-07-19,14.668168,14.976977,14.664665,14.841341,14.710896,186801012
2012-07-20,15.234234,15.338839,14.969469,15.285786,15.151435,258289452
2012-07-23,15.027027,15.474224,14.971221,15.403153,15.267771,142325532
2012-07-24,15.39039,15.463714,15.123624,15.204454,15.07082,80295624
2012-07-25,15.223223,15.34985,15.149399,15.214965,15.081235,72847080
2012-07-26,15.39039,15.437187,15.266016,15.349349,15.214439,67340592
2012-07-27,15.487738,15.890891,15.452953,15.88989,15.750229,141846012
2012-07-30,15.917167,16.081081,15.753253,15.823323,15.684246,87380532
2012-07-31,15.722222,15.928428,15.721221,15.84009,15.700866,74549376
2012-08-01,15.948448,16.003754,15.8003,15.832833,15.693675,73710216
2012-08-02,15.653403,15.966717,15.600851,15.734484,15.596189,79028892
2012-08-03,16.016016,16.10911,15.919419,16.049299,15.908237,75808116
2012-08-06,16.006256,16.250751,15.996496,16.086588,15.9452,71224704
2012-08-07,16.06081,16.122623,15.927678,16.02953,15.88864,79192728
2012-08-08,15.992242,16.162912,15.978478,16.071821,15.930563,52835112
2012-08-09,16.12888,16.175425,16.054054,16.074825,15.933538,42769188
2012-08-10,15.980731,16.072071,15.919169,16.066067,15.924857,57326616
2012-08-13,16.201702,16.520269,16.183184,16.516768,16.371597,130585284
2012-08-14,16.497747,16.838087,16.491491,16.733232,16.586157,146321532
2012-08-15,16.773773,16.873123,16.61912,16.705206,16.558378,96331572
2012-08-16,16.704454,16.882883,16.693693,16.838589,16.690588,68639292
2012-08-17,16.869869,16.948198,16.809309,16.945444,16.796505,87020892
2012-08-20,16.904404,16.988739,16.833332,16.905405,16.756819,70253676
2012-08-21,16.844595,16.966967,16.570822,16.754505,16.607244,88799112
2012-08-22,16.7012,17.032032,16.684183,16.946445,16.797499,76291632
2012-08-23,16.873625,17.02903,16.791792,16.936937,16.788073,71296632
2012-08-24,16.906906,17.028278,16.86887,16.982733,16.833466,57006936
2012-08-27,16.591341,16.816816,16.497498,16.747248,16.60005,104443452
2012-08-28,16.641642,16.957457,16.635136,16.948198,16.799236,82261656
2012-08-29,16.9512,17.241993,16.920671,17.217466,17.066135,119492388
2012-08-30,17.123123,17.201952,17.021523,17.059059,16.909122,65010924
2012-08-31,17.117117,17.231731,17.018019,17.144394,16.99371,84998916
2012-09-04,17.13088,17.142141,16.854355,17.043043,16.893248,75508416
2012-09-05,17.017017,17.17968,16.995495,17.035034,16.885309,68259672
2012-09-06,17.166166,17.514765,17.135386,17.502502,17.348667,121618260
2012-09-07,17.517517,17.824074,17.459209,17.671421,17.516102,129190680
2012-09-10,17.761763,17.838087,17.477226,17.536787,17.382652,102297600
2012-09-11,17.466467,17.533785,17.292292,17.322071,17.169823,74877048
2012-09-12,17.252502,17.390141,17.03904,17.289289,17.137329,105586308
2012-09-13,17.344595,17.742743,17.280781,17.668669,17.513378,106253640
2012-09-14,17.757757,17.842842,17.692944,17.75976,17.603664,104635260
2012-09-17,17.72047,17.83984,17.642643,17.767267,17.611105,60271668
2012-09-18,17.712212,17.984484,17.687187,17.974976,17.816988,82589328
2012-09-19,17.955456,18.232231,17.928179,18.205706,18.045692,123808068
2012-09-20,18.129881,18.302803,18.04855,18.221222,18.061071,116179704
2012-09-21,18.323574,18.391392,18.271271,18.368118,18.206678,254109636
2012-09-24,18.293293,18.76977,18.274525,18.753254,18.588427,142409448
2012-09-25,18.845095,19.141392,18.710211,18.747747,18.582968,242097660
2012-09-26,18.765015,19.050051,18.543545,18.855354,18.689631,226689084
2012-09-27,19.017769,19.09009,18.810061,18.931431,18.765038,157086756
2012-09-28,18.872623,19.001501,18.797548,18.88138,18.715429,111228660
2012-10-01,18.995245,19.144144,18.924173,19.063564,18.896009,126593280
2012-10-02,19.149149,19.168919,18.775526,18.943693,18.777191,111496392
2012-10-03,18.911913,19.117117,18.823824,19.081581,18.913868,88243668
2012-10-04,19.087837,19.266518,19.004004,19.22047,19.051538,98069832
2012-10-05,19.287037,19.37888,19.144394,19.210461,19.041615,109326564
2012-10-08,19.044044,19.108608,18.872623,18.964966,18.798277,78265656
2012-10-09,19.010761,19.052052,18.581833,18.620871,18.457207,120007872
2012-10-10,18.565065,18.706957,18.475725,18.632633,18.468868,81514404
2012-10-11,18.841341,18.981482,18.776026,18.805805,18.640514,95260644
2012-10-12,18.815065,18.89064,18.62112,18.637386,18.473579,96071832
2012-10-15,18.567066,18.614365,18.285786,18.543043,18.380062,120643236
2012-10-16,18.521772,18.693443,18.42993,18.636135,18.472338,82245672
2012-10-17,18.617367,18.927427,18.525024,18.906157,18.739986,91624284
2012-10-18,18.907408,19.004505,16.916918,17.392391,17.239523,497198304
2012-10-19,17.657158,17.685184,16.816816,17.061811,16.91185,458828712
2012-10-22,17.042292,17.132883,16.759258,16.983734,16.834461,162061776
2012-10-23,16.817066,17.200451,16.816816,17.025776,16.876133,116547336
2012-10-24,17.187187,17.192192,16.898649,16.94945,16.800476,99760140
2012-10-25,17.017017,17.067066,16.854605,16.96096,16.811886,95947956
2012-10-26,16.929428,17.092842,16.796797,16.895645,16.747145,77953968
2012-10-31,17.013514,17.042042,16.891891,17.024525,16.874891,61418520
2012-11-01,17.004505,17.289789,16.984985,17.206957,17.055721,81921996
2012-11-02,17.387136,17.406157,17.20145,17.215216,17.063906,92883024
2012-11-05,17.129629,17.188688,16.905907,17.091091,16.940872,65370564
2012-11-06,17.154154,17.17968,16.955706,17.060061,16.910114,63248688
2012-11-07,16.891891,16.972723,16.678928,16.694695,16.54796,89202708
2012-11-08,16.771772,16.804054,16.297047,16.323574,16.180103,103776120
2012-11-09,16.382633,16.725225,16.273773,16.592342,16.446507,124439436
2012-11-12,16.610359,16.761763,16.538288,16.664164,16.517698,56179764
2012-11-13,16.591593,16.706707,16.472221,16.492743,16.347784,63704232
2012-11-14,16.533033,16.571072,16.278778,16.33008,16.186552,66669264
2012-11-15,16.266266,16.516518,16.113613,16.197699,16.055334,73882044
2012-11-16,16.165916,16.341843,15.915916,16.195696,16.053349,137390472
2012-11-19,16.408909,16.73974,16.404655,16.721972,16.574997,94633272
2012-11-20,16.754505,16.966967,16.63088,16.766016,16.618654,83464452
2012-11-21,16.741491,16.761763,16.526527,16.663412,16.516951,84403512
2012-11-23,16.766016,16.766768,16.669168,16.715965,16.569042,36863100
2012-11-26,16.677677,16.691692,16.491993,16.545296,16.399874,88095816
2012-11-27,16.520771,16.891891,16.466467,16.784534,16.637012,100247652
2012-11-28,16.716967,17.139891,16.613865,17.108858,16.958481,121558320
2012-11-29,17.211712,17.364864,17.067066,17.314566,17.162382,110948940
2012-11-30,17.300051,17.497997,17.159409,17.476727,17.323118,126417456
2012-12-03,17.573574,17.664915,17.370119,17.398649,17.245726,87612300
2012-12-04,17.392391,17.405155,17.15966,17.293043,17.141048,79588332
2012-12-05,17.321072,17.379881,17.075325,17.212713,17.061426,74421504
2012-12-06,17.206957,17.407658,17.129881,17.295546,17.14353,58433508
2012-12-07,17.392391,17.43944,17.077578,17.122372,16.971878,76695228
2012-12-10,17.151901,17.308559,17.111862,17.152653,17.001894,54613332
2012-12-11,17.267267,17.565565,17.210211,17.43944,17.28616,107396496
2012-12-12,17.498247,17.605354,17.354355,17.456455,17.303028,96942960
2012-12-13,17.915916,17.92968,17.506256,17.585085,17.430525,137658204
2012-12-14,17.496746,17.713213,17.478228,17.566566,17.412169,85118796
2012-12-17,17.655155,18.066067,17.618118,18.037539,17.879,121294584
2012-12-18,17.932934,18.245747,17.894144,18.044794,17.886194,120075804
2012-12-19,18.035786,18.093094,17.934935,18.020771,17.862383,76667256
2012-12-20,18.0996,18.134384,17.942192,18.077078,17.918194,66213720
2012-12-21,17.867117,17.988487,17.780781,17.908659,17.751255,140898960
2012-12-24,17.88063,17.897396,17.704454,17.755255,17.599197,33602364
2012-12-26,17.719469,17.83984,17.577827,17.739489,17.58357,47248704
2012-12-27,17.696196,17.738739,17.482733,17.674925,17.519579,65830104
2012-12-28,17.559811,17.690439,17.517769,17.517769,17.363802,56023920
2012-12-31,17.517517,17.782032,17.417418,17.702202,17.54661,79816104
2013-01-02,18.003504,18.193193,17.931683,18.099348,17.940268,101550348
2013-01-03,18.141392,18.316566,18.036036,18.109859,17.950686,92635272
2013-01-04,18.251753,18.555305,18.210211,18.467718,18.305403,110429460
2013-01-07,18.404655,18.503002,18.282784,18.387136,18.225529,66161772
2013-01-08,18.406906,18.425926,18.12888,18.350851,18.18956,66976956
2013-01-09,18.325075,18.477226,18.233232,18.471472,18.30912,80907012
2013-01-10,18.589338,18.643644,18.355856,18.555555,18.392464,73354572
2013-01-11,18.568569,18.579329,18.425926,18.518269,18.355505,51356592
2013-01-14,18.443443,18.573574,18.076826,18.099348,17.940268,114441444
2013-01-15,18.001251,18.393393,17.82032,18.141392,17.981943,156950892
2013-01-16,18.078077,18.126627,17.85961,17.897648,17.740339,80855064
2013-01-17,17.960711,18.009008,17.793293,17.8008,17.644344,88371540
2013-01-18,17.776777,17.837088,17.5508,17.630381,17.475426,128942928
2013-01-22,17.634134,17.651152,17.405405,17.589338,17.43474,151544304
2013-01-23,18.418167,18.743744,18.413162,18.556055,18.392962,236127636
2013-01-24,18.549549,18.93969,18.531281,18.874125,18.708235,135172692
2013-01-25,18.788038,18.980982,18.775024,18.860611,18.694839,88946964
2013-01-28,18.812813,18.908909,18.715965,18.787037,18.621912,65018916
2013-01-29,18.687437,18.942694,18.682182,18.860861,18.695089,69814116
2013-01-30,18.862362,19.042793,18.841593,18.864614,18.698809,69250680
2013-01-31,18.781532,18.959459,18.775024,18.911161,18.744947,65302632
2013-02-01,18.973974,19.434435,18.971472,19.409409,19.238813,149694156
2013-02-04,19.21146,19.281031,18.975725,18.994493,18.827545,121498380
2013-02-05,19.047297,19.297047,19.005756,19.162663,18.99424,74753172
2013-02-06,18.995747,19.343344,18.981482,19.273523,19.104124,83040876
2013-02-07,19.261763,19.48974,19.156656,19.368118,19.197884,113494392
2013-02-08,19.522774,19.686436,19.508509,19.653904,19.481161,120683196
2013-02-11,19.479479,19.594595,19.363113,19.58008,19.407986,86625288
2013-02-12,19.563313,19.717216,19.503754,19.537037,19.365326,74285640
2013-02-13,19.522774,19.653402,19.518768,19.591091,19.4189,47880072
2013-02-14,19.512762,19.738237,19.463715,19.715216,19.541935,69342588
2013-02-15,19.704704,19.851351,19.696445,19.842093,19.667696,109082808
2013-02-19,19.91967,20.195194,19.901901,20.191441,20.013971,117154728
2013-02-20,20.152653,20.244493,19.814566,19.831331,19.657028,110457432
2013-02-21,19.969971,20.156406,19.800301,19.908157,19.733179,140115744
2013-02-22,20.001501,20.0513,19.864864,20.012762,19.836863,82073844
2013-02-25,20.077578,20.23048,19.782032,19.78904,19.61511,92063844
2013-02-26,19.894896,19.918669,19.629629,19.773024,19.599234,88011900
2013-02-27,19.889891,20.138889,19.797548,20.014515,19.838602,80962956
2013-02-28,20.047548,20.194944,20.045795,20.050051,19.873825,90541368
2013-03-01,19.964966,20.1987,19.923674,20.174925,19.997602,86928984
2013-03-04,20.152653,20.591593,20.145145,20.558058,20.377369,110912976
2013-03-05,20.743994,21.024775,20.743242,20.985987,20.801537,161602236
2013-03-06,21.046797,21.12112,20.740992,20.805305,20.622442,114805080
2013-03-07,20.872372,20.936436,20.76026,20.835836,20.652702,82025892
2013-03-08,20.883383,20.893894,20.646896,20.808809,20.625914,116359524
2013-03-11,20.813063,21.013514,20.808308,20.891392,20.707769,63724212
2013-03-12,20.78854,20.818068,20.612362,20.71096,20.528929,80251668
2013-03-13,20.718218,20.788038,20.578327,20.653402,20.471874,65586348
2013-03-14,20.695444,20.695444,20.455206,20.559059,20.378357,65981952
2013-03-15,20.482983,20.528028,20.353853,20.377878,20.198774,123864012
2013-03-18,20.145145,20.339338,20.056807,20.214966,20.037291,73458468
2013-03-19,20.3013,20.501753,20.181431,20.303303,20.124853,83844072
2013-03-20,20.441191,20.458208,20.306307,20.388138,20.208939,58493448
2013-03-21,20.302553,20.443443,20.266518,20.301802,20.123362,59044896
2013-03-22,20.388889,20.401402,20.261261,20.278028,20.099798,59468472
2013-03-25,20.330582,20.501251,20.190691,20.261261,20.083178,68411520
2013-03-26,20.357859,20.370371,20.214966,20.330832,20.152138,47628324
2013-03-27,20.187187,20.195194,20.053303,20.086588,19.910042,86441472
2013-03-28,20.119869,20.154404,19.852352,19.874624,19.69994,91420488
2013-04-01,19.895145,20.076326,19.851101,20.049801,19.873575,72219708
2013-04-02,20.133635,20.391142,20.120119,20.346346,20.167515,81578340
2013-04-03,20.356857,20.375376,20.036787,20.175175,19.99785,69470460
2013-04-04,20.126375,20.163914,19.802301,19.896646,19.721769,97806096
2013-04-05,19.671171,19.694445,19.429428,19.595846,19.423609,137218644
2013-04-08,19.488237,19.508259,19.229229,19.39064,19.220207,113170716
2013-04-09,19.406906,19.613363,19.347097,19.460711,19.289665,86205708
2013-04-10,19.592592,19.828579,19.419418,19.774275,19.600475,79064856
2013-04-11,19.841843,19.847347,19.62112,19.77953,19.605679,81066852
2013-04-12,19.819571,19.822323,19.592842,19.771021,19.597246,65402532
2013-04-15,19.668419,19.944944,19.444944,19.567818,19.395828,98025876
2013-04-16,19.684435,19.91992,19.617619,19.854103,19.6796,69610320
2013-04-17,19.688438,19.790791,19.471972,19.583584,19.411461,81398520
2013-04-18,19.653402,19.664665,19.05055,19.166918,18.998453,132767100
2013-04-19,19.248247,20.106106,19.175676,20.016768,19.840836,231895872
2013-04-22,20.035034,20.11912,19.394394,20.022774,19.84679,115220664
2013-04-23,20.045046,20.407907,20.02903,20.217718,20.04002,91600308
2013-04-24,20.222973,20.47047,20.220221,20.356607,20.177685,73090836
2013-04-25,20.426678,20.432182,20.21096,20.247747,20.069782,79608312
2013-04-26,20.210211,20.213715,19.934435,20.055555,19.87928,99408492
2013-04-29,20.101351,20.588087,20.095095,20.496998,20.316843,91939968
2013-04-30,20.495495,20.711712,20.462461,20.634886,20.453522,92175732
2013-05-01,20.602102,20.638639,20.429428,20.531281,20.350826,58141800
2013-05-02,20.523024,20.884636,20.496746,20.761011,20.578539,80651268
2013-05-03,20.944944,21.191191,20.920921,21.164164,20.978146,100403496
2013-05-06,21.227728,21.567818,21.227728,21.56031,21.370811,85566348
2013-05-07,21.596848,21.618368,21.288038,21.452202,21.263653,78281640
2013-05-08,21.446445,21.86887,21.344093,21.862614,21.67046,98633268
2013-05-09,21.792793,22.013514,21.727476,21.808809,21.617126,87935976
2013-05-10,21.904655,22.035536,21.825827,22.027779,21.834169,75832092
2013-05-13,21.994244,22.083834,21.856356,21.960211,21.767197,57882060
2013-05-14,21.959459,22.239489,21.950451,22.199699,22.00458,63108828
2013-05-15,22.40991,22.932432,22.372873,22.92017,22.718719,159276564
2013-05-16,22.997997,23.022524,22.572823,22.61937,22.420563,128255616
2013-05-17,22.773273,22.860109,22.535536,22.752253,22.552277,111568320
2013-05-20,22.647648,23.038038,22.647648,22.735987,22.536154,90817092
2013-05-21,22.723223,22.814314,22.462713,22.696947,22.497456,79240680
2013-05-22,22.586588,22.755507,22.194195,22.257757,22.062126,102321576
2013-05-23,21.946947,22.271271,21.871872,22.091843,21.897671,90912996
2013-05-24,21.903402,21.992493,21.797047,21.854855,21.662766,91780128
2013-05-28,22.10961,22.325827,22.032032,22.053804,21.859968,90209700
2013-05-29,21.914665,21.971722,21.62888,21.729479,21.538492,80455464
2013-05-30,21.76977,21.994493,21.681932,21.790791,21.599266,84743172
2013-05-31,21.724726,21.946947,21.709709,21.802301,21.610674,78697224
2013-06-03,21.846848,21.87112,21.396896,21.712461,21.521626,98928972
2013-06-04,21.717968,21.786537,21.373123,21.498999,21.310036,74669256
2013-06-05,21.584333,21.758007,21.449699,21.514013,21.324921,84187728
2013-06-06,21.629129,21.67993,21.201702,21.637638,21.447458,103060836
2013-06-07,21.782282,22.022022,21.654655,22.015265,21.821766,106877016
2013-06-10,22.074575,22.297297,22.024275,22.277779,22.081974,93418488
2013-06-11,22.12137,22.197197,22.01001,22.017267,21.823751,70233696
2013-06-12,22.158659,22.172173,21.763014,21.821321,21.629528,88103808
2013-06-13,21.746246,22.013514,21.659159,21.946947,21.754051,82713204
2013-06-14,22.024525,22.139641,21.875126,21.897898,21.705433,89710200
2013-06-17,22.002752,22.258007,21.978979,22.178429,21.983498,85766148
2013-06-18,22.238487,22.547548,22.230982,22.538038,22.339943,86589324
2013-06-19,22.556807,22.793795,22.459961,22.539539,22.341434,116519364
2013-06-20,22.372122,22.547548,22.104855,22.14064,21.946039,134745120
2013-06-21,22.23073,22.26927,21.848598,22.045296,21.851534,159132708
2013-06-24,21.818819,21.92993,21.602854,21.766518,21.575205,120555324
2013-06-25,21.953453,22.014013,21.634384,21.676678,21.486155,102025872
2013-06-26,21.865616,21.971972,21.786036,21.863113,21.670952,73182744
2013-06-27,21.991993,22.139389,21.938189,21.9487,21.755785,76982940
2013-06-28,21.894394,22.068068,21.876627,22.031281,21.837637,93878028
2013-07-01,22.183434,22.324324,22.147146,22.219219,22.023926,68923008
2013-07-02,22.277277,22.297297,21.953705,22.07983,21.885765,75584340
2013-07-03,22.01952,22.251501,21.984484,22.182934,21.987963,41838120
2013-07-05,22.272524,22.407658,22.205706,22.35961,22.163084,68007924
2013-07-08,22.502752,22.679428,22.44945,22.6499,22.450825,78701220
2013-07-09,22.797798,22.846598,22.471972,22.653654,22.454542,79096824
2013-07-10,22.608858,22.8013,22.532032,22.672422,22.473146,68267664
2013-07-11,22.847849,23.043293,22.735737,23.02903,22.826622,103264632
2013-07-12,23.023024,23.098099,22.903904,23.098099,22.895082,102625272
2013-07-15,23.13063,23.223223,22.931932,23.14039,22.937004,78341580
2013-07-16,23.20145,23.222471,22.870371,23.013264,22.810993,79240680
2013-07-17,23.048048,23.194695,22.930429,22.986736,22.7847,60183756
2013-07-18,22.997747,23.023024,22.602352,22.789789,22.589485,145234620
2013-07-19,22.187437,22.596346,21.912163,22.437437,22.240227,294077628
2013-07-22,22.572573,22.83959,22.447447,22.790291,22.589981,116011872
2013-07-23,22.790291,22.847849,22.511763,22.617619,22.418825,81746172
2013-07-24,22.704205,22.780279,22.540039,22.595095,22.3965,83056860
2013-07-25,22.36912,22.443693,22.174173,22.214714,22.019464,119923956
2013-07-26,22.196947,22.272022,22.072071,22.155907,21.961172,71036892
2013-07-29,22.144646,22.392893,22.044294,22.078829,21.884773,75600324
2013-07-30,22.158659,22.412663,22.043795,22.295296,22.099335,70153776
2013-07-31,22.347097,22.435184,22.176678,22.215965,22.020702,86853060
2013-08-01,22.397396,22.636387,22.397396,22.628128,22.429243,85450464
2013-08-02,22.608608,22.697699,22.543043,22.686937,22.487535,68487444
2013-08-05,22.657408,22.660662,22.502502,22.647648,22.448589,52335612
2013-08-06,22.639891,22.765516,22.415667,22.436687,22.239485,60183756
2013-08-07,22.398397,22.483734,22.249498,22.28854,22.092638,55112832
2013-08-08,22.40966,22.418419,22.154404,22.338839,22.142496,59460480
2013-08-09,22.286285,22.41041,22.272272,22.282534,22.086689,52895052
2013-08-12,22.194695,22.197197,22.063313,22.15991,21.965139,55024920
2013-08-13,22.192944,22.234735,21.926928,22.053303,21.859468,56735208
2013-08-14,21.981232,22.027779,21.700701,21.767017,21.575701,83204712
2013-08-15,21.632633,21.644646,21.471472,21.513014,21.323933,74693232
2013-08-16,21.553555,21.582582,21.434935,21.444195,21.255713,66936996
2013-08-19,21.464214,21.821821,21.457708,21.662912,21.472513,72363564
2013-08-20,21.73048,21.824575,21.610109,21.657158,21.466806,49270680
2013-08-21,21.788038,21.944695,21.684183,21.755005,21.563793,70221708
2013-08-22,21.839338,21.89064,21.778028,21.864614,21.672441,34761204
2013-08-23,21.967718,21.971972,21.765516,21.777027,21.585623,43040916
2013-08-26,21.771772,21.894394,21.672922,21.681431,21.490864,42057900
2013-08-27,21.512012,21.614864,21.218719,21.275024,21.088034,69294636
2013-08-28,21.277529,21.406656,21.215466,21.234985,21.048347,53142804
2013-08-29,21.247997,21.531031,21.235987,21.407158,21.219007,59080860
2013-08-30,21.415415,21.472471,21.16016,21.193693,21.007416,74389536
2013-09-03,21.380381,21.676426,21.370119,21.531031,21.341784,81822096
2013-09-04,21.530279,21.85936,21.400652,21.812563,21.620848,81566352
2013-09-05,21.85936,22.019018,21.812061,22.011011,21.817551,51600348
2013-09-06,22.083082,22.116617,21.865364,22.011513,21.818047,62401536
2013-09-09,22.115364,22.266016,22.082582,22.223473,22.028145,49334616
2013-09-10,22.272774,22.322323,22.122122,22.238989,22.043524,51452496
2013-09-11,22.235737,22.446697,22.174173,22.427177,22.230059,64359576
2013-09-12,22.457457,22.469971,22.272524,22.348848,22.15242,43776180
2013-09-13,22.384886,22.414413,22.143143,22.248999,22.053448,52962984
2013-09-16,22.427427,22.447447,22.143894,22.216215,22.020952,53406540
2013-09-17,22.207457,22.231981,22.047047,22.174925,21.980022,50325624
2013-09-18,22.180931,22.621872,22.098848,22.605606,22.406918,77310612
2013-09-19,22.672422,22.672422,22.407408,22.482231,22.284628,63852084
2013-09-20,22.482231,22.625875,22.412912,22.600349,22.401707,173638188
2013-09-23,22.426176,22.562311,22.152151,22.184685,21.989697,71024904
2013-09-24,22.184685,22.274775,22.057056,22.193193,21.998131,59412528
2013-09-25,22.185936,22.185936,21.911913,21.952703,21.759756,65894040
2013-09-26,21.979479,22.090841,21.896896,21.976227,21.78307,50345604
2013-09-27,21.892391,21.959961,21.804556,21.931683,21.738918,50301648
2013-09-30,21.748749,22.043043,21.729479,21.91967,21.727015,68827104
2013-10-01,22.028278,22.213964,22.023273,22.197197,22.0021,67324608
2013-10-02,22.09034,22.256256,21.967466,22.221972,22.026655,59752188
2013-10-03,22.222221,22.374874,21.824324,21.924173,21.731474,84595320
2013-10-04,21.896896,21.959709,21.771772,21.830582,21.638706,54265680
2013-10-07,21.707958,21.871622,21.624374,21.665165,21.474745,51692256
2013-10-08,21.654655,21.671171,21.312061,21.363113,21.175346,77670252
2013-10-09,21.428429,21.587837,21.095596,21.417917,21.22967,105945948
2013-10-10,21.617619,21.742493,21.526777,21.727728,21.536753,90121788
2013-10-11,21.672422,21.858858,21.654154,21.821571,21.629772,56299644
2013-10-14,21.688189,21.928179,21.656406,21.924675,21.731972,49694256
2013-10-15,21.915916,22.162912,21.871872,22.072323,21.878323,63612324
2013-10-16,22.168919,22.48073,22.122372,22.473223,22.275702,80223696
2013-10-17,22.347097,22.444944,22.165415,22.241993,22.046501,170093736
2013-10-18,24.438938,25.411913,24.374374,25.31056,25.088099,462193344
2013-10-21,25.311811,25.500502,25.013763,25.107609,24.88693,144986868
2013-10-22,25.15015,25.350349,24.91967,25.200199,24.978706,88255656
2013-10-23,25.050051,25.894646,25.040791,25.811062,25.584202,106421472
2013-10-24,25.822573,26.040291,25.645645,25.664413,25.438841,83600316
2013-10-25,25.746246,25.746246,25.293795,25.405405,25.182108,81138780
2013-10-28,25.405405,25.611361,25.3501,25.4004,25.177151,46301652
2013-10-29,25.503002,25.94945,25.362864,25.931932,25.704008,64135800
2013-10-30,25.961712,25.963715,25.675676,25.786285,25.559645,52911036
2013-10-31,25.748999,26.064064,25.624874,25.790291,25.56361,65534400
2013-11-01,25.820572,25.925926,25.653152,25.701702,25.475801,51280668
2013-11-04,25.813313,25.835085,25.576326,25.678429,25.452734,45506448
2013-11-05,25.534285,25.817066,25.46096,25.563564,25.338877,47208744
2013-11-06,25.665667,25.700701,25.40966,25.594343,25.369387,36479484
2013-11-07,25.590841,25.623875,25.216215,25.223974,25.002275,67116816
2013-11-08,25.243994,25.487988,25.237738,25.426176,25.202698,51580368
2013-11-11,25.263014,25.423674,25.225225,25.290039,25.067757,44459496
2013-11-12,25.217718,25.464464,25.15015,25.31982,25.097279,48675276
2013-11-13,25.193945,25.847097,25.187689,25.837587,25.610495,63112824
2013-11-14,25.873875,26.01977,25.784534,25.906656,25.678953,46621332
2013-11-15,25.897648,25.975977,25.783533,25.864864,25.637527,51000948
2013-11-18,25.91967,26.244745,25.756758,25.814566,25.587675,70317612
2013-11-19,25.818819,25.894646,25.601852,25.655657,25.430162,45218736
2013-11-20,25.774525,25.859859,25.534534,25.583332,25.358471,38509452
2013-11-21,25.700701,25.983734,25.675676,25.877628,25.650181,43628328
2013-11-22,25.861361,25.93018,25.756256,25.823072,25.596104,50117832
2013-11-25,25.954954,26.356106,25.901402,26.174423,25.944372,64455480
2013-11-26,26.241241,26.564064,26.0996,26.486736,26.253939,91360548
2013-11-27,26.577328,26.726727,26.526527,26.604355,26.370522,44899056
2013-11-29,26.580582,26.692192,26.512762,26.516266,26.283207,47664288
2013-12-02,26.614365,26.685434,26.295296,26.388388,26.156454,54873072
2013-12-03,26.300051,26.612614,26.251753,26.357859,26.12619,66976956
2013-12-04,26.31056,26.626125,26.276276,26.480982,26.248232,47616336
2013-12-05,26.456455,26.518019,26.303555,26.459961,26.227396,45302652
2013-12-06,26.771523,26.776777,26.528528,26.773523,26.538202,57094848
2013-12-09,26.801552,27.084835,26.727226,26.98048,26.743343,59244696
2013-12-10,26.930681,27.335085,26.918167,27.143644,26.905071,74081844
2013-12-11,27.212212,27.31031,26.906157,26.959209,26.722256,68403528
2013-12-12,27.016266,27.100601,26.751753,26.775776,26.540434,63796140
2013-12-13,26.911913,26.934183,26.473724,26.546295,26.312969,86409504
2013-12-16,26.626627,26.894144,26.576826,26.851351,26.615345,64015920
2013-12-17,26.847347,27.046045,26.736237,26.773273,26.537954,61366572
2013-12-18,26.823072,27.150902,26.502502,27.145897,26.907305,88323588
2013-12-19,27.046295,27.327078,27.004004,27.182684,26.943764,66561372
2013-12-20,27.234735,27.556807,27.227226,27.543043,27.300959,130333536
2013-12-23,27.723724,27.922922,27.655657,27.905405,27.660141,68795136
2013-12-24,27.902151,27.908909,27.73023,27.823824,27.579271,29338632
2013-12-26,27.878128,28.003002,27.744995,27.964464,27.718678,53458488
2013-12-27,28.028028,28.035034,27.851351,27.987988,27.741993,62725212
2013-12-30,28.036537,28.040541,27.753254,27.764263,27.520237,49394556
2013-12-31,27.833834,28.053053,27.684183,28.045795,27.799292,54261684
2014-01-02,27.914413,27.971722,27.734234,27.855856,27.611021,72783144
2014-01-03,27.902903,27.9512,27.650902,27.652653,27.409605,66601332
2014-01-06,27.853104,27.999498,27.688688,27.96096,27.715204,70701228
2014-01-07,28.153152,28.520771,28.057056,28.5,28.249506,102001896
2014-01-08,28.678679,28.711712,28.360611,28.559309,28.30829,89610300
2014-01-09,28.614614,28.634134,28.167168,28.284285,28.035686,83296620
2014-01-10,28.505507,28.505507,28.084333,28.282784,28.034201,85654260
2014-01-13,28.189939,28.70145,27.957207,28.102604,27.8556,96659244
2014-01-14,28.477226,28.803804,28.23048,28.763763,28.51095,99204696
2014-01-15,28.853603,28.903904,28.623373,28.744244,28.491602,77929992
2014-01-16,28.756256,28.977226,28.728729,28.934435,28.680122,67288644
2014-01-17,28.950199,29.044794,28.633635,28.792042,28.538982,107943948
2014-01-21,29.052301,29.129129,28.811312,29.121622,28.865662,79116804
2014-01-22,29.194445,29.226477,29.000502,29.154655,28.898407,62793144
2014-01-23,29.02903,29.091341,28.888138,29.031532,28.776361,77886036
2014-01-24,28.804054,28.867619,28.103104,28.123875,27.876686,155544300
2014-01-27,28.180681,28.190691,27.083834,27.558308,27.316088,173969856
2014-01-28,27.785786,28.171923,27.776276,28.103354,27.856348,88319592
2014-01-29,28.006006,28.071821,27.513014,27.700701,27.457233,95100804
2014-01-30,28.653654,28.841091,28.209459,28.413162,28.163433,203452344
2014-01-31,29.313063,29.693193,28.807056,29.553804,29.294046,222429348
2014-02-03,29.50951,29.572573,28.328579,28.364115,28.114815,182581236
2014-02-04,28.478228,28.903904,28.453705,28.482483,28.232141,112363524
2014-02-05,28.613113,28.798048,28.228729,28.608608,28.357159,95684220
2014-02-06,28.807056,29.033033,28.717466,29.028028,28.772892,77786136
2014-02-07,29.219971,29.476976,29.043043,29.465466,29.206486,105342552
2014-02-10,29.324324,29.58959,29.254755,29.352604,29.094618,77730192
2014-02-11,29.533785,29.826576,29.334585,29.784285,29.522503,81949968
2014-02-12,29.754755,29.779779,29.564064,29.696947,29.43593,68911020
2014-02-13,29.548298,30.027529,29.521021,30.027529,29.763607,73382544
2014-02-14,29.92017,30.139891,29.84985,30.1001,29.835543,87380532
2014-02-18,30.065315,30.352102,30.030029,30.302301,30.035965,84271644
2014-02-19,30.162663,30.260761,29.967466,30.088589,29.824131,84059856
2014-02-20,30.108608,30.202452,30.035536,30.132883,29.868036,67963968
2014-02-21,30.225475,30.277027,30.101101,30.124874,29.8601,74417508
2014-02-24,30.164164,30.534534,30.157658,30.343094,30.076397,66905028
2014-02-25,30.428928,30.643143,30.290791,30.530531,30.26219,57490452
2014-02-26,30.63063,30.752752,30.374374,30.534784,30.266407,79208712
2014-02-27,30.49024,30.636387,30.455706,30.510761,30.242592,50349600
2014-02-28,30.53904,30.635386,30.185686,30.421673,30.154287,92451456
2014-03-03,30.19895,30.226227,29.833332,30.097347,29.832811,84107808
2014-03-04,30.405405,30.430429,30.267769,30.403152,30.135931,58649292
2014-03-05,30.406656,30.607609,30.315565,30.486986,30.219028,49362588
2014-03-06,30.587587,30.684435,30.495495,30.520771,30.252514,50673276
2014-03-07,30.700701,30.705456,30.316317,30.40015,30.132956,60543396
2014-03-10,30.422672,30.471472,30.132381,30.319571,30.053085,48535416
2014-03-11,30.374624,30.388388,29.945946,30.029779,29.765839,68451480
2014-03-12,29.939939,30.226477,29.634384,30.212713,29.947163,78493428
2014-03-13,30.228979,30.292793,29.648649,29.756256,29.49472,93730176
2014-03-14,29.579329,29.801552,29.342592,29.349348,29.091391,91664244
2014-03-17,29.510761,29.956707,29.482231,29.832333,29.570126,86397516
2014-03-18,29.896646,30.318569,29.856356,30.311811,30.045391,72527400
2014-03-19,30.325325,30.33008,29.890141,30.011261,29.74748,64451484
2014-03-20,30.028778,30.270521,29.913914,29.95896,29.695644,67320612
2014-03-21,30.187939,30.271021,29.590841,29.605606,29.345394,128211660
2014-03-24,29.634384,29.652151,28.677427,28.977226,28.722538,121362516
2014-03-25,29.179178,29.275274,28.703705,28.996998,28.742136,96311592
2014-03-26,29.079329,29.318569,28.315817,28.327578,28.0786,103096800
2014-03-27,28.299549,28.326826,27.58008,27.884886,27.639801,152735112
2014-03-28,28.003002,28.358109,27.972221,28.031782,27.7854,90265644
2014-03-31,28.288288,28.403402,27.849098,27.89064,27.6455,77614308
2014-04-01,28.034784,28.465965,27.977978,28.400652,28.151031,87152760
2014-04-02,28.576077,28.648649,28.128128,28.405907,28.15624,83360556
2014-04-03,28.6695,29.415001,28.300501,28.575001,28.323849,80366000
2014-04-04,28.9275,28.986,27.224501,27.262501,27.022886,107274000
2014-04-07,27.2395,27.4925,26.526501,27.0315,26.793915,79232000
2014-04-08,27.252501,27.993999,27.235001,27.8755,27.630497,69650000
2014-04-09,28.292,28.389999,27.768999,28.351999,28.102808,60632000
2014-04-10,28.4,28.4105,27.275,27.334499,27.094248,65890000
2014-04-11,26.896999,27.379499,26.67,26.888,26.651674,63494000
2014-04-14,27.183001,27.650999,27.025999,27.26,27.020403,50824000
2014-04-15,27.549999,27.644501,26.532,27.434999,27.193867,79956000
2014-04-16,27.885,28.200001,27.655001,28.195,27.947187,91644000
2014-04-17,27.816,27.85,26.969999,27.167,26.928219,112294000
2014-04-21,27.200001,27.200001,26.700001,26.9685,26.731466,48502000
2014-04-22,26.799999,27.4,26.799999,27.275,27.035273,46622000
2014-04-23,27.1835,27.24,26.4065,26.8755,26.639284,39114000
2014-04-24,27.084499,27.125,26.549999,26.722,26.487135,41348000
2014-04-25,26.613001,26.693001,26.125,26.155001,25.925119,47400000
2014-04-28,26.290001,26.295,25.549999,26.149,25.919172,75056000
2014-04-29,26.1945,26.888,26.15,26.8165,26.580799,50704000
2014-04-30,26.756001,26.816999,26.4545,26.743999,26.508936,40770000
2014-05-01,26.7125,26.995501,26.643,26.9265,26.689837,40086000
2014-05-02,27.072001,27.120001,26.6635,26.693501,26.458883,35616000
2014-05-05,26.511999,26.785999,26.379,26.7665,26.531242,24568000
2014-05-06,26.6705,26.727501,26.113001,26.1285,25.898849,36700000
2014-05-07,26.1625,26.2215,25.554501,25.9,25.672356,61486000
2014-05-08,25.785999,26.3675,25.723,26.008499,25.779903,49040000
2014-05-09,25.932501,26.3675,25.714001,26.330999,26.099567,45224000
2014-05-12,26.591999,26.9375,26.3755,26.921499,26.684879,38968000
2014-05-13,26.979,27.199499,26.895,27.077,26.839012,40240000
2014-05-14,27.091,27.091,26.6555,26.720501,26.485647,25618000
2014-05-15,26.657,26.700001,26.265499,26.455999,26.223473,36658000
2014-05-16,26.48,26.542,26.178499,26.415001,26.182831,38154000
2014-05-19,26.444,26.967501,26.283001,26.9415,26.704704,39530000
2014-05-20,27,27.317499,26.828501,27.019501,26.782015,48506000
2014-05-21,27.145,27.487499,27.105499,27.485001,27.243427,31294000
2014-05-22,27.610001,27.898001,27.549999,27.772499,27.528399,42994000
2014-05-23,27.9065,28.25,27.7085,28.190001,27.942232,53450000
2014-05-27,28.389,28.7435,28.2075,28.7435,28.490866,43716000
2014-05-28,28.7285,28.882999,28.497499,28.522499,28.271807,31632000
2014-05-29,28.6695,28.674,28.422501,28.528,28.27726,28222000
2014-05-30,28.582001,28.629,28.289499,28.5825,28.331278,37434000
2014-06-02,28.487499,28.5205,27.834999,28.216999,27.96899,33210000
2014-06-03,28.045,28.120001,27.626499,27.7255,27.481813,40626000
2014-06-04,27.576,27.929001,27.427999,27.688,27.444643,34582000
2014-06-05,27.855499,28.25,27.752501,28.2465,27.998236,35868000
2014-06-06,28.408001,28.440001,27.979,28.3015,28.052753,34804000
2014-06-09,28.3375,28.6,28.261,28.536501,28.285686,30594000
2014-06-10,28.438999,28.6,28.306499,28.415001,28.165253,29676000
2014-06-11,28.296,28.4485,28.184,28.375,28.125607,22580000
2014-06-12,28.35,28.35,27.8575,27.975,27.729122,30930000
2014-06-13,28.004,28.032499,27.686001,28.0175,27.771246,27066000
2014-06-16,27.862499,27.8995,27.5,27.615,27.372282,39436000
2014-06-17,27.618,27.687,27.373501,27.531,27.289022,29552000
2014-06-18,27.639999,28.07,27.579,28.033001,27.786612,41212000
2014-06-19,28.057501,28.25,27.8335,28.2495,28.001207,52548000
2014-06-20,28.3225,28.338499,27.9685,28.326,28.077034,63212000
2014-06-23,28.217501,28.722,28.174999,28.7145,28.462122,34456000
2014-06-24,28.711,29.112499,28.458,28.627001,28.375391,56886000
2014-06-25,28.6775,29.365,28.663,29.296499,29.039005,42294000
2014-06-26,29.465,29.48,28.98,29.238501,28.981518,40248000
2014-06-27,29.272499,29.393999,29.131001,29.2845,29.027111,40426000
2014-06-30,29.337999,29.3855,29.164499,29.2335,28.976557,29578000
2014-07-01,29.3825,29.683001,29.314501,29.574499,29.314564,32864000
2014-07-02,29.613001,29.7075,29.4555,29.539,29.279371,23916000
2014-07-03,29.584999,29.7125,29.450001,29.653999,29.39336,17978000
2014-07-07,29.675501,29.782499,29.396999,29.538,29.278385,26734000
2014-07-08,29.318501,29.3985,28.700001,28.92,28.665813,42504000
2014-07-09,28.9475,29.205,28.85,29.167999,28.911634,27456000
2014-07-10,28.65,29.262501,28.605,29.002001,28.747093,28724000
2014-07-11,29.049999,29.411501,29.028999,29.3325,29.07469,30232000
2014-07-14,29.530001,29.743,29.334499,29.712999,29.451843,39032000
2014-07-15,29.7575,29.764999,29.265499,29.653,29.392372,33476000
2014-07-16,29.8445,29.85,29.512501,29.531,29.271444,28816000
2014-07-17,29.4485,29.475,28.842501,29.041,28.785751,58706000
2014-07-18,30.150499,30.334999,29.546,30.255501,29.989574,97432000
2014-07-21,30.067499,30.208,29.7225,29.922001,29.659006,44758000
2014-07-22,29.985001,30.4445,29.962999,30.178499,29.913252,37632000
2014-07-23,30.102501,30.352501,30.067499,30.259501,29.993544,22120000
2014-07-24,30.276501,30.445499,30.049999,30.150499,29.885496,27100000
2014-07-25,29.9625,30.049999,29.7875,29.903999,29.641163,27200000
2014-07-28,29.887501,30.055,29.629499,29.951,29.687752,27162000
2014-07-29,29.885,29.9245,29.6085,29.6975,29.43648,27332000
2014-07-30,29.790501,29.922501,29.635,29.771999,29.510324,24302000
2014-07-31,29.448,29.599501,28.884001,28.977501,28.722809,46190000
2014-08-01,28.9275,29.171499,28.514999,28.68,28.427921,44266000
2014-08-04,28.8255,29.191,28.613001,29.113501,28.857613,30388000
2014-08-05,28.969,29.01,28.515499,28.657,28.405127,32876000
2014-08-06,28.475,28.931999,28.372499,28.724501,28.472033,26456000
2014-08-07,28.8025,28.915501,28.4715,28.5905,28.339211,23260000
2014-08-08,28.601,28.978001,28.451,28.896999,28.643015,29866000
2014-08-11,28.950001,28.984501,28.764999,28.862499,28.60882,24068000
2014-08-12,28.75,28.795,28.495501,28.606001,28.354572,27890000
2014-08-13,28.8225,29.306499,28.76,29.228001,28.971106,37988000
2014-08-14,29.334499,29.389999,29.046,29.2325,28.975569,25458000
2014-08-15,29.375,29.473499,29.038,29.185499,28.928978,34468000
2014-08-18,29.355,29.752501,29.327499,29.635,29.374529,29320000
2014-08-19,29.779499,29.890499,29.722,29.855499,29.593086,20864000
2014-08-20,29.8475,29.849501,29.65,29.7705,29.508839,19346000
2014-08-21,29.745001,29.762501,29.555,29.621,29.360653,22640000
2014-08-22,29.6635,29.7495,29.49,29.627001,29.366596,17544000
2014-08-25,29.738501,29.778999,29.462999,29.5285,29.268965,25912000
2014-08-26,29.6,29.602501,29.372499,29.406,29.147543,29434000
2014-08-27,29.390499,29.4685,29.045,29.15,28.893791,27292000
2014-08-28,29.000999,29.2355,28.893999,29.016001,28.760969,28116000
2014-08-29,29.1175,29.145,28.912001,29.118,28.862072,24122000
2014-09-02,29.147499,29.465,29.120001,29.431499,29.172817,31660000
2014-09-03,29.5865,29.724501,29.325001,29.476,29.216928,31580000
2014-09-04,29.606501,29.9,29.530001,29.657,29.396334,32616000
2014-09-05,29.7565,29.924999,29.6775,29.889,29.626293,35982000
2014-09-08,29.957001,30.176001,29.900999,30.081499,29.817104,31984000
2014-09-09,30.0135,30.030001,29.524,29.598499,29.338346,31424000
2014-09-10,29.587,29.686001,29.357,29.671,29.410213,23202000
2014-09-11,29.5,29.5975,29.302,29.5555,29.295729,30028000
2014-09-12,29.519501,29.573999,29.164,29.245001,28.987959,37030000
2014-09-15,29.112,29.195999,28.8505,29.082001,28.826393,30908000
2014-09-16,29.047501,29.5075,29.047501,29.438999,29.18025,31592000
2014-09-17,29.4755,29.803499,29.356001,29.664499,29.40377,34390000
2014-09-18,29.752501,29.878,29.650999,29.863501,29.601021,29890000
2014-09-19,29.974501,30.27,29.888,30.27,30.003946,83832000
2014-09-22,30.125,30.190001,29.656,29.863501,29.601021,35644000
2014-09-23,29.75,29.8325,29.511999,29.559,29.299196,28074000
2014-09-24,29.578501,30.005501,29.514999,29.921,29.658014,35160000
2014-09-25,29.849501,29.9035,29.237,29.262501,29.005302,33420000
2014-09-26,29.296499,29.4785,29.25,29.395,29.136639,25782000
2014-09-29,29.091499,29.4655,29.078501,29.390499,29.132179,22874000
2014-09-30,29.3745,29.549999,29.225,29.4205,29.161917,31430000
2014-10-01,29.34,29.436001,28.900999,28.981501,28.726776,28954000
2014-10-02,28.9,29.162001,28.702499,29.044001,28.788729,30726000
2014-10-03,29.205,29.414499,29.174999,29.3125,29.054865,24290000
2014-10-06,29.497499,29.620001,29.27,29.389,29.130692,25722000
2014-10-07,29.245001,29.2925,28.705,28.705,28.452703,30914000
2014-10-08,28.7395,29.234501,28.382,29.187,28.930468,44158000
2014-10-09,29.0805,29.126499,28.4515,28.540501,28.28965,48234000
2014-10-10,28.373501,28.761499,27.7505,27.759501,27.515514,59574000
2014-10-13,27.7565,28.044001,27.2215,27.237499,26.9981,55116000
2014-10-14,27.507,27.931499,27.225,27.4345,27.193371,52198000
2014-10-15,27.104,27.195999,26.421,27.036501,26.79887,76720000
2014-10-16,26.35,27.0495,26.247499,26.846001,26.610046,76100000
2014-10-17,27.022499,27.172501,25.9205,26.1485,25.918673,119930000
2014-10-20,26.022499,26.658001,25.957001,26.618999,26.385038,54964000
2014-10-21,26.863501,26.938499,26.51,26.901501,26.665056,49190000
2014-10-22,27.0525,27.538,27.011499,27.134501,26.896008,59474000
2014-10-23,27.414,27.870001,27.275,27.682501,27.43919,43026000
2014-10-24,27.749001,27.75,27.257999,27.445,27.203773,43508000
2014-10-27,27.388,27.700001,27.360001,27.493999,27.252348,31934000
2014-10-28,27.585501,27.959999,27.5215,27.947001,27.701365,34774000
2014-10-29,28.0425,28.248501,27.799,27.922501,27.677082,41066000
2014-10-30,27.9125,28.125,27.606501,28.0135,27.767281,32250000
2014-10-31,28.415001,28.436501,28.240499,28.393499,28.14394,46810000
2014-11-03,28.1765,28.3575,28.081499,28.188499,27.940744,30834000
2014-11-04,28.058001,28.2395,27.915001,28.209499,27.961557,27726000
2014-11-05,28.3395,28.344999,27.7075,27.797501,27.553181,32906000
2014-11-06,27.775,27.84,27.528999,27.584499,27.342051,33014000
2014-11-07,27.780001,27.780001,27.467501,27.591,27.348495,31782000
2014-11-10,27.620001,28.0315,27.580999,27.911501,27.66618,26090000
2014-11-11,27.926001,28.125,27.812,28.064501,27.817835,21966000
2014-11-12,28.057501,28.0625,27.775,27.9125,27.667168,21882000
2014-11-13,28.040501,28.041,27.7045,27.822001,27.577463,30220000
2014-11-14,27.9,27.9,27.6255,27.759501,27.515514,28502000
2014-11-17,27.759501,27.759501,27.222,27.332001,27.091772,33612000
2014-11-18,27.3965,27.6395,27.190001,27.2255,26.98621,36440000
2014-11-19,27.237499,27.410999,26.959499,27.360001,27.119524,30346000
2014-11-20,27.1045,27.268999,27.075001,27.188,26.949036,35016000
2014-11-21,27.552,27.552,27.25,27.2945,27.054602,50120000
2014-11-24,27.328501,27.5595,27.2075,27.374001,27.133404,33076000
2014-11-25,27.3605,27.625,27.345501,27.4615,27.220131,38072000
2014-11-26,27.4615,27.493999,27.261499,27.386499,27.145792,29604000
2014-11-28,27.35,27.48,27.224001,27.454,27.212702,24202000
2014-12-01,27.254499,27.439501,26.931,26.9825,26.745342,39888000
2014-12-02,26.9725,27.092501,26.733,26.929501,26.69281,41480000
2014-12-03,26.875,27.070499,26.7605,26.848499,26.61252,32476000
2014-12-04,26.882,27.134501,26.744499,27.129,26.890554,32598000
2014-12-05,26.834999,26.91,26.363001,26.403999,26.171926,61402000
2014-12-08,26.461,26.691,26.35,26.536501,26.303263,64566000
2014-12-09,26.294001,26.8325,26.1705,26.8055,26.569901,43322000
2014-12-10,26.795,26.968,26.3745,26.402,26.169945,46222000
2014-12-11,26.5005,26.851999,26.458,26.605499,26.371656,41426000
2014-12-12,26.372,26.612,26.073,26.0755,25.846317,47314000
2014-12-15,26.188,26.268499,25.77,25.792,25.565306,52352000
2014-12-16,25.68,25.778999,24.859501,24.908001,24.689079,86998000
2014-12-17,24.993,25.453501,24.9555,25.3225,25.099934,72788000
2014-12-18,25.7995,25.8125,25.327999,25.731001,25.504845,77534000
2014-12-19,25.849501,26.040501,25.443001,26.002001,25.773462,97442000
2014-12-22,26.0305,26.6485,26.029499,26.615,26.381075,66390000
2014-12-23,26.7255,27.115,26.686001,26.938499,26.701731,57544000
2014-12-24,26.941,27.0145,26.754999,26.8465,26.610538,14754000
2014-12-26,26.8465,27.1625,26.7745,27.076,26.83802,22270000
2014-12-29,27.025,27.196501,26.858,26.865499,26.629372,44300000
2014-12-30,26.747999,26.892,26.6805,26.764,26.528763,20972000
2014-12-31,26.886999,26.92,26.51,26.533001,26.299793,24648000
2015-01-02,26.629999,26.790001,26.393999,26.477501,26.244783,26480000
2015-01-05,26.3575,26.3995,25.887501,25.973,25.744717,41182000
2015-01-06,26.025,26.060499,25.2775,25.332001,25.109352,54456000
2015-01-07,25.547501,25.574499,25.182501,25.2575,25.035507,46918000
2015-01-08,25.0755,25.375,24.750999,25.345501,25.122728,73054000
2015-01-09,25.409,25.43,24.932501,25.035999,24.815952,42000000
2015-01-12,24.962,25.014,24.5455,24.853001,24.634563,57138000
2015-01-13,25.1285,25.43,24.863001,25.09,24.86948,60958000
2015-01-14,25.021,25.413,24.908001,25.296499,25.07416,52800000
2015-01-15,25.4445,25.487499,25.1005,25.2005,24.979006,51068000
2015-01-16,25.157499,25.5425,25.154499,25.523001,25.29867,49658000
2015-01-20,25.6385,25.7805,25.4685,25.497,25.2729,46796000
2015-01-21,25.542,26.092501,25.4795,26.019501,25.790808,46356000
2015-01-22,26.15,26.941999,26.095501,26.865,26.628878,56068000
2015-01-23,26.901501,27.2705,26.7875,27.0975,26.859335,45966000
2015-01-26,27.075001,27.075001,26.6035,26.836,26.600132,30932000
2015-01-27,26.57,26.639,26.042999,26.0595,25.830456,39148000
2015-01-28,26.25,26.2845,25.6175,25.6215,25.396301,35822000
2015-01-29,25.645,25.759501,25.174,25.661501,25.435957,79018000
2015-01-30,25.950001,27.155001,25.909,26.877501,26.641268,121108000
2015-02-02,26.716,26.825001,26.086,26.610001,26.376118,75378000
2015-02-03,26.497,26.872499,26.3405,26.665001,26.430634,47062000
2015-02-04,26.657,26.8375,26.251499,26.305,26.073801,33896000
2015-02-05,26.3965,26.5345,26.282,26.491501,26.258661,33176000
2015-02-06,26.550501,27.011,26.432501,26.694,26.459377,42938000
2015-02-09,26.552999,26.694,26.377501,26.464001,26.2314,30314000
2015-02-10,26.6075,27.049999,26.4585,27.007999,26.770617,47430000
2015-02-11,26.9865,27.0975,26.799999,26.9,26.66357,38306000
2015-02-12,26.983,27.417,26.85,27.300501,27.060551,48590000
2015-02-13,27.3755,27.627001,27.33,27.558001,27.315786,47382000
2015-02-17,27.558001,27.65,27.163,27.2505,27.010988,39174000
2015-02-18,27.191,27.377501,26.977501,27.1325,26.894028,31164000
2015-02-19,27.123501,27.343,27.0375,27.3225,27.082355,30834000
2015-02-20,27.379,27.379,26.905001,27.09,26.851896,38234000
2015-02-23,26.950001,26.965,26.6,26.75,26.514887,32906000
2015-02-24,26.577499,26.969999,26.549999,26.932501,26.695782,28406000
2015-02-25,26.922001,27.4785,26.900499,27.366501,27.125969,40836000
2015-02-26,27.287001,28.0065,27.254499,27.9645,27.718714,54032000
2015-02-27,27.907499,28.471001,27.8515,28.1315,27.884245,68328000
2015-03-02,28.35,28.7995,28.157499,28.750999,28.498301,50406000
2015-03-03,28.817499,29.0425,28.525,28.939501,28.685144,50526000
2015-03-04,28.848499,29.081499,28.625999,28.9165,28.662344,37964000
2015-03-05,28.981001,29.16,28.911501,29.071501,28.815981,35918000
2015-03-06,29.1,29.139,28.603001,28.645,28.39323,37592000
2015-03-09,28.546,28.772499,28.452499,28.705,28.452703,23478000
2015-03-10,28.424,28.488001,27.990999,27.9925,27.746466,40080000
2015-03-11,27.99,28.209,27.7705,27.7845,27.540295,40524000
2015-03-12,27.924,28.091999,27.776501,28.0585,27.811888,35602000
2015-03-13,27.9615,28.218,27.5165,27.65,27.406977,35428000
2015-03-16,27.8465,28.1875,27.566,28.082001,27.835178,36856000
2015-03-17,27.914499,28.032,27.720501,27.880501,27.635452,28892000
2015-03-18,27.886499,28.3255,27.674999,28.308001,28.059193,35324000
2015-03-19,28.226,28.348,28.106001,28.1835,27.935789,24660000
2015-03-20,28.335501,28.355,28.224001,28.247499,27.999224,44320000
2015-03-23,28.299999,28.482,28.153,28.268499,28.020041,30234000
2015-03-24,28.427,29.094,28.404499,28.877001,28.623196,79156000
2015-03-25,28.8785,29.0035,28.35,28.35,28.100824,53070000
2015-03-26,28.2325,28.359501,27.915501,28.181999,27.934298,49842000
2015-03-27,28.091499,28.203501,27.8465,27.877501,27.632475,34552000
2015-03-30,28.012501,28.108,27.8395,28.056999,27.810396,24788000
2015-03-31,27.896999,28.122499,27.7335,27.735001,27.491228,34932000
2015-04-01,27.741501,27.924999,27.3015,27.474501,27.233019,38902000
2015-04-02,27.370501,27.4,27.021999,27.0655,26.827614,47760000
2015-04-06,26.941999,27.277,26.785,27.1975,26.958456,33718000
2015-04-07,27.2495,27.507999,27.179501,27.243,27.003551,27318000
2015-04-08,27.299999,27.575001,27.299999,27.441999,27.200802,28386000
2015-04-09,27.460501,27.4685,27.0975,27.400999,27.160162,32366000
2015-04-10,27.4785,27.4925,27.249001,27.427,27.185938,26104000
2015-04-13,27.352501,27.6635,27.315001,27.431999,27.190895,29326000
2015-04-14,27.328501,27.328501,26.787001,26.989,26.751787,47206000
2015-04-15,26.898001,27.1595,26.6185,27.052,26.814232,46962000
2015-04-16,26.9175,27.261499,26.905001,27.176001,26.937141,31722000
2015-04-17,26.865499,26.99,26.450001,26.636999,26.40288,49234000
2015-04-20,26.6875,27.290001,26.6675,27.2265,26.987198,38508000
2015-04-21,27.3155,27.3885,27.1105,27.146,26.907406,29128000
2015-04-22,27.153,27.549999,27.066,27.459,27.217657,31806000
2015-04-23,27.5205,28.0585,27.504,27.872999,27.628017,78184000
2015-04-24,29.002501,29.235001,28.4175,28.683001,28.430899,92168000
2015-04-27,28.6385,28.775999,28.115,28.306,28.057211,48062000
2015-04-28,28.216,28.3915,28.048,28.2185,27.970482,37178000
2015-04-29,28.025499,28.292,27.950001,28.0695,27.82279,33622000
2015-04-30,27.927999,28.0555,27.336,27.438499,27.197334,47240000
2015-05-01,27.525499,27.561001,27.192499,27.558001,27.315786,36572000
2015-05-04,27.5495,27.834499,27.369499,27.642,27.399046,35260000
2015-05-05,27.507999,27.630501,27.1185,27.152,26.913353,28528000
2015-05-06,27.132,27.196501,26.612,26.754,26.51885,39034000
2015-05-07,26.795,27.26,26.672501,27.101999,26.863792,31844000
2015-05-08,27.443501,27.639999,27.401501,27.4475,27.206257,28226000
2015-05-11,27.4245,27.668501,27.280001,27.289,27.049149,21858000
2015-05-12,27.140499,27.148001,26.75,26.936501,26.699749,35282000
2015-05-13,27.0235,27.191999,26.948999,26.974501,26.737417,24238000
2015-05-14,27.1985,27.484501,27.125,27.459999,27.218643,31736000
2015-05-15,27.519501,27.530001,27.125,27.324499,27.084333,33440000
2015-05-18,27.191,27.417,27.112499,27.3335,27.093256,26706000
2015-05-19,27.4,27.67,27.356001,27.464001,27.222614,47126000
2015-05-20,27.546,27.803499,27.254999,27.6255,27.382689,30840000
2015-05-21,27.51,27.880501,27.465,27.8405,27.595802,34170000
2015-05-22,27.723,27.912001,27.681,27.726,27.482311,24266000
2015-05-26,27.629,27.6665,27.1485,27.359501,27.11903,37474000
2015-05-27,27.434,27.7645,27.329,27.7125,27.468925,34844000
2015-05-28,27.689501,27.788,27.540001,27.709,27.465458,23544000
2015-05-29,27.66,27.697001,27.252001,27.266001,27.026352,43446000
2015-06-01,27.436501,27.5285,27.179001,27.460501,27.219145,33210000
2015-06-02,27.3715,27.939501,27.327499,27.6975,27.45406,31842000
2015-06-03,27.754999,27.8995,27.6075,27.7645,27.520473,26710000
2015-06-04,27.608999,27.798,27.455999,27.584499,27.342051,26866000
2015-06-05,27.6,27.6665,27.368999,27.4765,27.235001,24396000
2015-06-08,27.480499,27.4935,27.147499,27.174,26.935162,27336000
2015-06-09,27.171,27.242001,26.942499,27.108,26.86974,30016000
2015-06-10,27.285,27.739,27.255501,27.629999,27.387154,30316000
2015-06-11,27.724501,27.741501,27.4585,27.502001,27.260277,25872000
2015-06-12,27.3575,27.442499,27.2815,27.373501,27.13291,25468000
2015-06-15,27.136499,27.202499,26.960501,27.15,26.911371,27150000
2015-06-16,27.224001,27.334499,27.078501,27.2435,27.004049,32526000
2015-06-17,27.271,27.417999,27.0905,27.33,27.089787,24440000
2015-06-18,27.4,27.862499,27.4,27.809,27.564579,41192000
2015-06-19,27.826,27.8955,27.613001,27.875999,27.630989,59290000
2015-06-22,27.970501,28.2805,27.945499,27.983999,27.738039,34752000
2015-06-23,27.9895,28.245001,27.8575,28.1695,27.921911,31396000
2015-06-24,28.124001,28.132,27.8405,27.928499,27.683027,28924000
2015-06-25,28.014999,28.157,27.872999,27.897499,27.6523,26684000
2015-06-26,27.9855,28,27.592501,27.653,27.40995,43676000
2015-06-29,27.3375,27.545,27.011999,27.0625,26.82464,37756000
2015-06-30,27.254499,27.295,26.976999,27.002001,26.764673,34510000
2015-07-01,27.183001,27.290501,26.988001,27.165001,26.926239,30760000
2015-07-02,27.237,27.4,27.178499,27.367001,27.126465,28124000
2015-07-06,27.112499,27.429001,27.105,27.281,27.04122,25614000
2015-07-07,27.3715,27.549999,26.9925,27.501499,27.259781,33578000
2015-07-08,27.280001,27.414,27.059999,27.084999,26.846941,27662000
2015-07-09,27.432501,27.444,27.231001,27.2325,26.993147,29766000
2015-07-10,27.685499,27.9645,27.6,27.8055,27.561111,43436000
2015-07-13,27.9755,28.6425,27.934999,28.5865,28.335247,41792000
2015-07-14,28.725,29.4855,28.7085,29.209,28.952271,74832000
2015-07-15,29.187,29.4345,29.0105,29.198,28.941368,41466000
2015-07-16,29.475,30.225,29.396,30.089001,29.824541,112642000
2015-07-17,34,35.150002,33.900002,34.980999,34.673538,257162000
2015-07-20,34.449001,34.889999,34.088501,34.641998,34.337517,102436000
2015-07-21,34.243999,35.279999,34.2075,34.767502,34.461914,75604000
2015-07-22,34.701,35.6665,34.581001,34.755001,34.449532,83100000
2015-07-23,34.592499,34.803501,33.579498,33.7365,33.439976,76232000
2015-07-24,33.838501,33.8895,32.659,32.738499,32.450752,82622000
2015-07-27,32.578499,33.3535,32.577499,32.913502,32.624214,58382000
2015-07-28,33.088001,33.205002,32.670502,32.983002,32.693108,34364000
2015-07-29,33.112999,33.1665,32.641998,33.071499,32.78083,36756000
2015-07-30,32.872002,33.4025,32.584499,33.228001,32.935951,39606000
2015-07-31,33.235001,33.25,32.860001,32.875,32.586048,34922000
2015-08-03,32.882999,33.3335,32.882999,33.236,32.943878,31348000
2015-08-04,33.216999,33.400002,33.025501,33.063999,32.773388,26188000
2015-08-05,33.287498,33.995499,33.278999,33.664501,33.368618,36448000
2015-08-06,33.699501,33.737499,33.036499,33.5075,33.212994,40660000
2015-08-07,33.389,33.439999,32.943501,33.219501,32.927521,27544000
2015-08-10,33.3545,33.581001,33.011501,33.157001,32.865574,34458000
2015-08-11,34.979,35.200001,34.216,34.514999,34.211639,109880000
2015-08-12,34.724499,34.799999,34.025501,34.573502,34.269627,58498000
2015-08-13,34.459999,34.7015,34.109001,34.3255,34.023804,36354000
2015-08-14,34.202,34.612999,34.145,34.468498,34.165546,27598000
2015-08-17,34.402,34.737,34.153,34.705502,34.400463,24680000
2015-08-18,34.553501,34.787998,34.265999,34.436501,34.133827,27710000
2015-08-19,34.505501,35.009998,34.34,34.702,34.396992,50194000
2015-08-20,34.455002,34.807999,33.764,33.973999,33.675396,57798000
2015-08-21,33.551998,33.644501,32.154999,32.2015,31.918472,91880000
2015-08-24,30.030001,31.384001,29.654499,30.9055,30.633865,129788000
2015-08-25,32.323502,32.349998,30.5835,30.623501,30.354342,71430000
2015-08-26,32.154999,33.124001,31.518499,32.987,32.697067,87740000
2015-08-27,33.599499,33.699001,32.555,33.397999,33.104454,58974000
2015-08-28,33.287998,33.349998,32.6875,32.984501,32.694588,38836000
2015-08-31,32.716999,33.220501,32.317501,32.390999,32.106304,38936000
2015-09-01,31.6905,32.222,31.253,31.478001,31.201332,51458000
2015-09-02,31.9,32.252998,31.532,32.245499,31.962084,37630000
2015-09-03,32.3965,32.5625,31.6905,31.852501,31.57254,34572000
2015-09-04,31.485001,31.725,31.325001,31.448,31.171593,40478000
2015-09-08,32.049999,32.251999,31.645,32.194,31.911037,39092000
2015-09-09,32.594002,32.868,32.044998,32.170502,31.887751,40978000
2015-09-10,32.195,32.744999,32.084999,32.554001,32.267879,27850000
2015-09-11,32.510502,32.765499,32.370499,32.764999,32.477024,34892000
2015-09-14,32.781502,32.796001,32.474998,32.623501,32.336761,29942000
2015-09-15,32.835499,33.442501,32.667,33.253502,32.961227,35546000
2015-09-16,33.2775,33.4035,33.110001,33.276001,32.983528,26252000
2015-09-17,33.3745,34.099499,33.25,33.5835,33.288322,47752000
2015-09-18,33.252998,33.492001,33.001499,33.046001,32.755547,72544000
2015-09-21,33.275501,33.450001,32.900002,33.348999,33.055885,39094000
2015-09-22,32.873501,32.941002,32.251499,32.66,32.372944,54362000
2015-09-23,32.645,33.014,32.536499,32.664501,32.377407,29160000
2015-09-24,32.448502,32.838501,32.108501,32.745499,32.457687,38692000
2015-09-25,32.929001,32.929001,31.983,32.0075,31.726177,48480000
2015-09-28,31.952499,32.142502,30.892,31.2125,30.938164,47646000
2015-09-29,31.275,31.733999,30.901501,31.130501,30.856886,42130000
2015-09-30,31.591499,31.9655,31.4575,31.918501,31.63796,52954000
2015-10-01,31.896999,32.192001,31.556,32.099998,31.817865,42506000
2015-10-02,31.900499,32.849998,31.674999,32.849499,32.560768,48788000
2015-10-05,33.080002,33.651501,32.793499,33.584,33.288818,37960000
2015-10-06,33.467499,33.939999,33.153999,33.582001,33.286839,42774000
2015-10-07,33.869999,33.937,32.905499,33.5,33.205559,44354000
2015-10-08,33.4725,33.594501,32.724499,33.349998,33.05687,39308000
2015-10-09,33.3745,33.704498,33.118,33.562,33.267014,32124000
2015-10-12,33.459499,33.898998,33.362,33.821499,33.524231,26684000
2015-10-13,33.713001,34.423,33.655499,34.158501,33.858276,42446000
2015-10-14,34.186501,34.501999,33.945,34.0205,33.721485,31292000
2015-10-15,34.262501,34.708,34.219501,34.651001,34.346447,47156000
2015-10-16,34.77,34.811001,34.455002,34.765999,34.460434,36316000
2015-10-19,34.700001,35.012001,34.6105,34.997501,34.689899,30172000
2015-10-20,34.894501,34.900002,33.683998,34,33.701168,52434000
2015-10-21,34.1605,34.244999,33.535,33.59,33.294765,31952000
2015-10-22,33.771999,34.4025,33.584999,34.056999,33.757664,88632000
2015-10-23,37.502998,37.625,35.896999,35.966499,35.650383,126726000
2015-10-26,36.000999,36.747501,36.000999,36.556,36.234699,48776000
2015-10-27,36.328499,36.798,36.207001,36.640999,36.318951,38778000
2015-10-28,36.650002,36.8685,36.363499,36.846001,36.522152,39604000
2015-10-29,36.831501,37.3395,36.757999,37.2425,36.915165,36520000
2015-10-30,37.278,37.315498,36.8265,36.869499,36.545441,39984000
2015-11-02,36.726501,37.409,36.572498,37.387001,37.058392,39914000
2015-11-03,37.2715,37.584999,37.057999,37.441002,37.111923,36306000
2015-11-04,37.494999,37.994999,37.459999,37.765499,37.433567,41840000
2015-11-05,37.940498,38.317501,37.873501,38.033501,37.699211,45486000
2015-11-06,37.969501,38.151001,37.751499,38.080002,37.745304,33544000
2015-11-09,37.925999,38.165001,37.455502,37.738499,37.406799,35538000
2015-11-10,37.674,38.029999,37.420502,37.912998,37.579769,29798000
2015-11-11,38.118999,38.453999,37.987499,38.262501,37.926201,41866000
2015-11-12,38.008999,38.290001,37.792999,37.8265,37.494038,35452000
2015-11-13,37.702,37.766499,36.973499,37.003502,36.678261,48188000
2015-11-16,37.010502,37.585499,36.716499,37.521,37.191216,50704000
2015-11-17,37.623501,37.747501,37.202499,37.299,36.971169,38864000
2015-11-18,37.4785,38.055,37.369499,38.0005,37.6665,36266000
2015-11-19,37.988998,38.161499,37.8615,37.997002,37.66304,28078000
2015-11-20,38.465,38.966,38.205002,38.849998,38.508537,55478000
2015-11-23,38.873501,39.145,38.675499,38.834999,38.493664,34648000
2015-11-24,38.647999,38.7995,37.905499,38.481499,38.143269,47880000
2015-11-25,38.584499,38.650002,38.3265,38.463001,38.124947,23612000
2015-11-27,38.458,38.700001,38.349998,38.598499,38.259243,14434000
2015-11-30,38.593498,38.751499,38.056,38.142502,37.807259,33586000
2015-12-01,38.347,39.25,38.297501,39.189499,38.845051,40398000
2015-12-02,39.262501,39.6525,38.821499,38.892502,38.550659,46876000
2015-12-03,39.028,39.223999,38.122501,38.41,38.072403,41950000
2015-12-04,38.4855,39.120998,38.275501,38.960499,38.618061,49800000
2015-12-07,39.002998,39.049999,38.335999,38.649502,38.309799,36626000
2015-12-08,38.224998,38.932499,38.125999,38.757,38.416351,31082000
2015-12-09,38.555,38.804501,37.600498,38.127499,37.792385,46550000
2015-12-10,38.179501,38.303501,37.75,38.001999,37.667988,32458000
2015-12-11,37.450001,37.872002,37.432499,37.521,37.191216,43184000
2015-12-14,37.563,38.2075,36.813,38.126999,37.791889,53864000
2015-12-15,38.3895,38.737499,37.900002,38.004501,37.670464,49386000
2015-12-16,38.328499,39.075001,37.852501,38.829498,38.488213,53120000
2015-12-17,39.057999,39.079498,38.465,38.491501,38.153187,36510000
2015-12-18,38.3615,38.707001,37.829498,37.842499,37.509888,67794000
2015-12-21,38.1525,38.317501,37.7075,38.040001,37.705662,34848000
2015-12-22,38.213501,38.516998,38.060001,38.356499,38.019379,36338000
2015-12-23,38.5345,38.595001,37.8825,38.425499,38.087765,30594000
2015-12-24,38.425999,38.459999,38.219501,38.292,37.955448,10412000
2015-12-28,38.5,39.140999,38.386501,39.112,38.768238,31156000
2015-12-29,39.349499,39.934502,39.310001,39.698002,39.349087,38430000
2015-12-30,39.698002,39.823002,39.360001,39.514999,39.16769,28566000
2015-12-31,39.390999,39.4165,38.866001,38.900501,38.558594,32752000
2016-01-04,38.110001,38.110001,37.376999,37.972,37.638256,67382000
2016-01-05,38.205002,38.459999,37.782501,38.0765,37.741837,45216000
2016-01-06,37.518501,38.286499,37.400002,37.966499,37.632805,48206000
2016-01-07,37.324501,37.765499,36.764,37.049999,36.724354,63132000
2016-01-08,37.389999,37.506001,36.445999,36.545502,36.224293,47506000
2016-01-11,36.5975,36.754002,35.978001,36.6535,36.331345,50896000
2016-01-12,37.037498,37.417,36.821499,37.266998,36.939445,46816000
2016-01-13,37.466999,37.650002,35.839001,35.9785,35.662273,51728000
2016-01-14,36.222,36.994499,35.25,36.5695,36.248077,55558000
2016-01-15,35.4995,36.208,35.0755,35.524502,35.212269,76676000
2016-01-19,36.0075,36.267502,35.4925,35.953999,35.637989,48724000
2016-01-20,35.294998,36.3475,34.389,35.928001,35.612221,82440000
2016-01-21,36.008499,36.883499,35.5555,36.3335,36.014153,51938000
2016-01-22,37.099998,37.428001,37.025002,37.272999,36.945389,47146000
2016-01-25,37.192001,37.623001,36.625,36.681,36.358601,45340000
2016-01-26,36.760502,36.973,36.348499,36.689499,36.367023,30940000
2016-01-27,36.794498,36.794498,35.672501,35.879002,35.563648,42428000
2016-01-28,36.9095,37.557999,36.529999,37.415001,37.086147,62104000
2016-01-29,37.448002,38.255501,37.209999,38.067501,37.732914,75808000
2016-02-01,38.563,38.879501,38.069,38.538502,38.199776,111522000
2016-02-02,40.025002,40.517502,39.029999,39.045502,38.70232,135846000
2016-02-03,39.313999,39.571499,36.813,37.469002,37.139679,131114000
2016-02-04,37.2295,37.262001,36.130001,36.501499,36.180683,104922000
2016-02-05,36.275002,36.335999,35.007,35.188,34.878723,109556000
2016-02-08,34.383999,35.226002,34.100498,35.208,34.898548,89410000
2016-02-09,34.647499,36.048,34.424999,35.050999,34.742924,84300000
2016-02-10,35.5895,36.160999,35.269501,35.342499,35.031864,60314000
2016-02-11,34.817001,35.616001,34.559502,35.318001,35.007576,65004000
2016-02-12,35.6105,35.799999,35.078999,35.344501,35.033852,46538000
2016-02-16,35.932499,36.144001,35.508999,35.882,35.566616,43444000
2016-02-17,36.349998,36.688,35.830502,36.598499,36.276821,49154000
2016-02-18,36.698002,36.799999,35.7775,35.8755,35.560177,47276000
2016-02-19,35.794998,36.2015,35.655998,36.105499,35.788158,34918000
2016-02-22,36.475498,36.7425,36.172501,36.452499,36.132107,37516000
2016-02-23,36.305,36.544998,35.783501,35.864498,35.549274,41332000
2016-02-24,35.530499,36.061001,35.101002,36.044998,35.728184,37092000
2016-02-25,36.1465,36.475498,35.661499,36.456001,36.135578,36146000
2016-02-26,36.68,36.807999,36.097,36.243,35.92445,42474000
2016-02-29,36.049999,36.529999,35.841999,35.861,35.545811,45068000
2016-03-01,36.064999,37.116501,35.931999,37.108501,36.782345,60112000
2016-03-02,37.143501,37.155998,36.662498,36.973999,36.649025,36292000
2016-03-03,36.973999,37.049999,36.481499,36.579498,36.257984,40534000
2016-03-04,36.740002,36.75,36.280998,36.511002,36.190098,48516000
2016-03-07,36.2575,36.3605,35.257,35.639999,35.326748,61690000
2016-03-08,35.419498,36.112499,35.200001,35.676498,35.362926,52530000
2016-03-09,35.758499,36.312,35.632999,36.2705,35.95171,39544000
2016-03-10,36.3895,36.827,36.164501,36.608501,36.286736,44616000
2016-03-11,36.997501,37.244999,36.834999,37.2435,36.916157,35380000
2016-03-14,37.248501,37.713001,37.182999,37.512001,37.182301,32824000
2016-03-15,37.300999,37.650501,37.141998,37.5285,37.198654,29832000
2016-03-16,37.452499,37.950001,37.325001,37.868,37.535164,29306000
2016-03-17,37.8825,38.266998,37.868,37.924,37.590672,44564000
2016-03-18,38.081501,38.106998,37.591,37.7705,37.438519,56222000
2016-03-21,37.695499,38.167,37.563499,38.108002,37.773067,28774000
2016-03-22,37.922001,38.25,37.894001,38.002499,37.668484,22096000
2016-03-23,38.1675,38.269501,37.801498,37.877998,37.545078,24678000
2016-03-24,37.560001,37.877998,37.525002,37.742001,37.410275,31116000
2016-03-28,37.808498,37.915001,37.602001,37.664001,37.332966,21676000
2016-03-29,37.683998,38.359001,37.414501,38.294498,37.957912,40062000
2016-03-30,38.4105,38.865501,38.379002,38.417,38.079346,40396000
2016-03-31,38.417,38.453999,37.912498,38.145,37.809738,32554000
2016-04-01,37.858002,38.501999,37.759998,38.483501,38.145264,31674000
2016-04-04,38.475498,38.622002,38.0895,38.256001,37.91975,26924000
2016-04-05,37.906502,38.143501,37.779999,37.928501,37.595139,24478000
2016-04-06,37.891998,38.421001,37.814999,38.4035,38.065964,25312000
2016-04-07,38.265999,38.467999,37.875,38.006001,37.671955,25498000
2016-04-08,38.293499,38.356499,37.788502,37.973499,37.63974,23434000
2016-04-11,38.272499,38.361,37.867001,37.876999,37.544086,31774000
2016-04-12,37.921501,38.245998,37.578499,38.216,37.880112,27388000
2016-04-13,38.515499,38.787498,38.2295,38.595501,38.256271,35426000
2016-04-14,38.768002,38.980499,38.660999,38.769501,38.428745,26992000
2016-04-15,38.775002,39.046501,38.746498,39,38.657215,31712000
2016-04-18,39.009499,39.427502,38.880501,39.383999,39.037846,33540000
2016-04-19,39.525002,39.547501,38.5135,38.8125,38.471367,43952000
2016-04-20,38.958,38.983002,38.563499,38.745998,38.405453,34262000
2016-04-21,38.865501,39.084,38.577499,39,38.657215,77628000
2016-04-22,37.195499,37.695999,36.518501,36.8885,36.564281,140798000
2016-04-25,36.767502,37.243999,36.755001,37.1105,36.784325,49442000
2016-04-26,37.221001,37.279499,36.015999,36.268501,35.949722,55864000
2016-04-27,36.265999,36.357498,35.453999,36.073002,35.755951,66262000
2016-04-28,36.164501,36.463001,35.16,35.252998,34.94315,62590000
2016-04-29,35.206001,35.605499,35.188999,35.394001,35.082916,58278000
2016-05-02,35.596001,35.7705,35.318001,35.720501,35.406551,33476000
2016-05-03,35.625,35.668499,35.366501,35.422001,35.110661,38620000
2016-05-04,35.338501,35.752499,35.202499,35.568501,35.255878,34172000
2016-05-05,35.75,35.877499,35.4725,35.7355,35.421413,29668000
2016-05-06,35.610001,36.2995,35.5975,36.258999,35.940308,39952000
2016-05-09,36.334999,36.7145,36.174999,36.456501,36.136074,38074000
2016-05-10,36.748001,37,36.580502,36.969002,36.644073,32634000
2016-05-11,37.026001,37.040001,36.395,36.5275,36.206451,29834000
2016-05-12,36.599998,36.768501,36.213501,36.4035,36.083538,27094000
2016-05-13,36.331001,36.564499,36.175499,36.241501,35.922962,25244000
2016-05-16,36.216,36.633999,36,36.514999,36.194057,22538000
2016-05-17,36.553001,36.7925,35.900002,36.009499,35.693001,33404000
2016-05-18,35.924999,36.2785,35.750999,36.089001,35.771805,32536000
2016-05-19,35.915001,36.025002,35.515499,35.765499,35.451141,30598000
2016-05-20,35.823002,36.384998,35.7505,36.085499,35.768333,34798000
2016-05-23,35.999001,36.174999,35.847,35.862499,35.547295,24816000
2016-05-24,35.9925,36.709999,35.982498,36.651501,36.329357,37884000
2016-05-25,36.75,36.994499,36.630001,36.904999,36.580635,32216000
2016-05-26,36.799999,37.055,36.650002,36.8465,36.522648,27202000
2016-05-27,36.8755,37.3955,36.850498,37.380001,37.051456,34802000
2016-05-31,37.438,37.674,37.2785,37.442501,37.113411,42484000
2016-06-01,37.4235,37.568501,37.216999,37.423,37.094082,20788000
2016-06-02,37.305,37.365002,36.849998,37.213501,36.886417,33916000
2016-06-03,37.074501,37.074501,36.695499,36.792999,36.469612,24608000
2016-06-06,36.924999,36.924999,36.414501,36.502998,36.182156,29992000
2016-06-07,36.663502,36.835499,36.540001,36.554501,36.233215,24314000
2016-06-08,36.974998,37.190498,36.788502,37.1465,36.820011,32314000
2016-06-09,36.8535,37.196499,36.825001,37.125999,36.799683,19180000
2016-06-10,36.797501,36.981998,36.525501,36.6595,36.337292,29050000
2016-06-13,36.491001,36.950001,36.491001,36.594002,36.272369,23354000
2016-06-14,36.4655,36.799999,36.325001,36.662498,36.340256,26584000
2016-06-15,36.745998,36.857498,36.565498,36.609501,36.287731,23234000
2016-06-16,36.397999,36.519501,35.777,36.212502,35.894222,45002000
2016-06-17,36.0695,36.0695,35.056,35.212502,34.903011,82262000
2016-06-20,35.515499,35.793499,35.2705,35.306499,34.996181,45654000
2016-06-21,35.502499,35.769001,35.233002,35.444,35.132473,30318000
2016-06-22,35.702499,35.710499,35.293999,35.523499,35.211273,29058000
2016-06-23,35.5275,35.743999,35.012501,35.7435,35.429344,42500000
2016-06-24,34.508499,35.25,34.245499,34.259998,33.958878,95436000
2016-06-27,34.1245,34.1665,33.632999,34.056999,33.757664,58146000
2016-06-28,34.568501,34.637001,34.2425,34.563,34.25922,38246000
2016-06-29,34.713001,34.974998,34.633999,34.759499,34.453991,43124000
2016-06-30,34.8825,35.188499,34.744999,35.176498,34.867321,42250000
2016-07-01,35.255001,35.626499,35.186501,35.512501,35.200371,30984000
2016-07-05,35.2505,35.405998,34.956501,35.244499,34.934723,28440000
2016-07-06,34.992001,35.650002,34.950001,35.448502,35.136936,28902000
2016-07-07,35.505501,35.508499,35.033501,35.362999,35.052181,21174000
2016-07-08,35.528,35.895,35.405499,35.889,35.573559,29946000
2016-07-11,35.971001,36.446499,35.943501,36.360001,36.040428,28822000
2016-07-12,36.596001,36.779999,36.375,36.6255,36.303585,26468000
2016-07-13,36.776001,36.776001,36.451,36.473999,36.153419,20436000
2016-07-14,36.696999,36.806999,36.529499,36.790001,36.466644,21408000
2016-07-15,37.049999,37.049999,36.731998,36.781502,36.458221,32342000
2016-07-18,36.8955,37.757,36.8255,37.66,37.328999,38698000
2016-07-19,37.4935,37.829498,37.4245,37.670502,37.339409,30436000
2016-07-20,37.702499,38.032001,37.702499,37.854,37.521286,22502000
2016-07-21,37.849998,37.907501,37.576,37.720501,37.388962,19062000
2016-07-22,37.866001,37.9725,37.632999,37.964001,37.630318,20920000
2016-07-25,37.883999,37.991001,37.703499,37.875999,37.543102,21466000
2016-07-26,37.875999,37.963001,37.637501,37.8825,37.549545,23792000
2016-07-27,37.948502,38.2225,37.796501,38.098499,37.763641,32172000
2016-07-28,38.442001,38.448502,37.954498,38.292,37.955448,73464000
2016-07-29,39.885502,40.196999,39.5,39.567001,39.219238,101810000
2016-08-01,39.3335,40.3745,39.251999,40.047001,39.695007,60594000
2016-08-02,39.866501,40.116001,39.726501,40.006001,39.654377,39928000
2016-08-03,39.823502,39.977001,39.651001,39.945999,39.594898,29206000
2016-08-04,39.911999,40.009998,39.695999,39.862499,39.512135,21520000
2016-08-05,40.005501,40.361,39.890499,40.3465,39.991886,36146000
2016-08-08,40.299999,40.380001,40.084499,40.261501,39.907631,24426000
2016-08-09,40.224499,40.6665,40.202999,40.374001,40.019142,32154000
2016-08-10,40.352501,40.543999,40.324501,40.4245,40.069195,18370000
2016-08-11,40.523499,40.694,40.299999,40.41,40.054825,25646000
2016-08-12,40.254501,40.359501,40.181999,40.352501,39.997829,17946000
2016-08-15,40.3605,40.568001,40.2015,40.298,39.94381,18596000
2016-08-16,40.174999,40.213001,39.849998,40.059502,39.707405,21158000
2016-08-17,40,40.281502,39.814999,40.271,39.917046,21322000
2016-08-18,40.268002,40.400002,40.081501,40.137501,39.784718,17292000
2016-08-19,39.989498,40.061501,39.844002,39.982498,39.631081,22416000
2016-08-22,39.925499,39.965,39.716499,39.8475,39.497269,17056000
2016-08-23,40.023998,40.049999,39.7995,39.829498,39.479424,18350000
2016-08-24,39.842999,39.923,39.537998,39.68,39.331238,25672000
2016-08-25,39.599998,39.736,39.3615,39.564999,39.217255,24054000
2016-08-26,39.6245,39.970001,39.470501,39.660999,39.312412,24978000
2016-08-29,39.6525,39.925999,39.515999,39.791,39.441261,15474000
2016-08-30,39.644001,39.900002,39.473499,39.596001,39.247978,23348000
2016-08-31,39.48,39.578499,39.360001,39.4925,39.145386,21428000
2016-09-01,39.598999,39.644501,39.316502,39.57,39.222206,26070000
2016-09-02,39.7635,39.855,39.662998,39.843498,39.493305,26998000
2016-09-06,39.919498,40.544498,39.7715,40.401001,40.045914,39790000
2016-09-07,40.3965,40.529999,40.186001,40.399502,40.044418,22906000
2016-09-08,40.261002,40.421001,40.050499,40.141998,39.789185,23554000
2016-09-09,39.938499,40.087502,39.4025,39.424,39.077496,37752000
2016-09-12,39.226002,40.008499,39.174999,39.941002,39.589951,37274000
2016-09-13,39.7005,39.789501,39.216499,39.436001,39.089386,36180000
2016-09-14,39.376499,39.816502,39.376499,39.522999,39.175617,25842000
2016-09-15,39.5005,40.182499,39.432999,40.061501,39.709389,31144000
2016-09-16,39.951,39.951,39.681,39.898499,39.547821,42612000
2016-09-19,40.0555,40.199501,39.678001,39.769501,39.419952,22990000
2016-09-20,40,40.137501,39.912998,39.988998,39.637524,20984000
2016-09-21,40.063,40.295502,39.801498,40.251499,39.897724,26970000
2016-09-22,40.5,40.952999,40.385502,40.797501,40.438919,35186000
2016-09-23,40.757,40.849998,40.636501,40.748001,40.389851,28234000
2016-09-26,40.491001,40.504002,40.022499,40.1325,39.779762,29454000
2016-09-27,40.091499,40.6745,40.091499,40.536499,40.18021,27346000
2016-09-28,40.203999,40.512501,40.139,40.502998,40.147003,29406000
2016-09-29,40.3615,40.695499,40.042999,40.132,39.77927,27000000
2016-09-30,40.18,40.404499,40.075001,40.202999,39.84964,33204000
2016-10-03,40.127499,40.176998,39.811501,40.019001,39.667263,29784000
2016-10-04,40.25,40.325001,39.983501,40.1395,39.786701,25174000
2016-10-05,40.299999,40.424999,40.0355,40.061501,39.709389,24276000
2016-10-06,40.203999,40.3475,40.025501,40.153999,39.801075,21998000
2016-10-07,40.296501,40.297001,39.841,40.0355,39.683617,23262000
2016-10-10,40.196499,40.868999,40.112,40.7085,40.3507,29922000
2016-10-11,40.7085,40.993,40.3685,40.4785,40.122719,34432000
2016-10-12,40.598,40.724998,40.427502,40.588501,40.231758,18158000
2016-10-13,40.303501,40.327999,39.931,40.203999,39.850636,27380000
2016-10-14,40.372501,40.504501,40.116001,40.23,39.876411,22238000
2016-10-17,40.2995,40.6745,40.191502,40.341999,39.987415,21128000
2016-10-18,40.710499,41.440498,40.6665,41.074501,40.713482,45786000
2016-10-19,41.144001,41.490002,41.144001,41.341999,40.97863,30002000
2016-10-20,41.377998,41.4235,41.0275,41.081501,40.720425,27878000
2016-10-21,41,41.2145,40.915501,41.202999,40.840858,32316000
2016-10-24,41.504501,41.896999,41.452,41.786999,41.419724,28952000
2016-10-25,41.924999,41.924999,41.264999,41.427502,41.063385,37814000
2016-10-26,41.355999,41.385502,40.817501,41.105,40.743717,35898000
2016-10-27,41.150501,41.328999,40.730499,40.8675,40.508305,59470000
2016-10-28,41.497002,41.950001,40.849998,40.978001,40.617836,87098000
2016-10-31,41.121498,41.1315,40.400002,40.494999,40.13908,44854000
2016-11-01,40.543499,40.698002,39.912998,40.273998,39.920021,47118000
2016-11-02,40.338001,40.338001,39.25,39.421001,39.07452,47014000
2016-11-03,39.224998,39.5,38.931499,39.109501,38.765751,43504000
2016-11-04,38.564999,39.424,38.549999,39.055,38.711735,39412000
2016-11-07,39.747501,40.25,39.645,40.101501,39.749043,39852000
2016-11-08,40.101501,40.801998,39.980999,40.598999,40.242165,35382000
2016-11-09,40.091499,40.585499,39.602001,40.279499,39.925468,61970000
2016-11-10,40.5,40.502998,38.411499,39.0145,38.671593,118192000
2016-11-11,38.8405,38.864498,38.277,38.587502,38.248344,71852000
2016-11-14,38.588001,38.589001,37.179501,37.660999,37.329983,73766000
2016-11-15,38.273499,39.012001,38.261002,38.757999,38.417339,58878000
2016-11-16,38.521,39.174999,38.316502,38.999001,38.656219,35968000
2016-11-17,39.125,39.445,38.9925,39.307999,38.962513,30674000
2016-11-18,39.358501,39.564499,38.767502,38.7985,38.457489,36126000
2016-11-21,38.904999,39.327499,38.814999,39.240002,38.895107,32616000
2016-11-22,39.449501,39.688499,39.187,39.25,38.905022,27884000
2016-11-23,39.476002,39.476002,38.6325,38.950001,38.607662,26260000
2016-11-25,39.130501,39.145,38.9095,39.011501,38.668613,12270000
2016-11-28,38.9175,39.987,38.904999,39.289501,38.94418,51508000
2016-11-29,39.418999,39.821999,39.266998,39.472,39.125069,31240000
2016-11-30,39.455002,39.5755,38.657501,38.793999,38.453026,45582000
2016-12-01,38.927502,38.93,37.667999,38.216499,37.880604,57342000
2016-12-02,38.095001,38.525002,37.950001,38.223,37.887043,34376000
2016-12-05,38.5,39,38.348499,38.910999,38.568993,33770000
2016-12-06,39.009499,39.264,38.666,38.808998,38.467896,34682000
2016-12-07,38.997501,39.599998,38.676498,39.573502,39.225674,40588000
2016-12-08,39.647499,39.950001,39.3955,39.758499,39.409046,32250000
2016-12-09,39.965,40.497501,39.9025,40.4725,40.116772,38090000
2016-12-12,40.241001,40.567501,40.226501,40.395,40.039955,32572000
2016-12-13,40.619499,41.215,40.597,40.766998,40.408688,42564000
2016-12-14,40.796001,41.213001,40.639,40.894501,40.535069,35994000
2016-12-15,40.868,41.150002,40.599998,40.782501,40.424057,35394000
2016-12-16,40.915501,40.959999,40.405998,40.492001,40.136108,51978000
2016-12-19,40.464001,40.811001,40.224998,40.625,40.267937,25272000
2016-12-20,40.668499,40.824501,40.549999,40.759998,40.401745,25438000
2016-12-21,40.785999,40.785999,40.255001,40.610001,40.253067,29192000
2016-12-22,40.455002,40.553501,40.301498,40.484001,40.12817,22632000
2016-12-23,40.400501,40.5485,40.255501,40.389999,40.035,15310000
2016-12-27,40.433998,40.799999,40.290001,40.496498,40.140556,19520000
2016-12-28,40.6665,40.6665,40.122002,40.2285,39.874924,24296000
2016-12-29,40.116501,40.287498,39.907001,40.144001,39.791164,21148000
2016-12-30,40.1605,40.164501,39.480999,39.622501,39.274246,34718000
2017-01-03,40.030998,40.571999,39.844501,40.400501,40.045414,39180000
2017-01-04,40.494499,40.671501,40.205502,40.3885,40.033516,30306000
2017-01-05,40.375,40.687,40.296001,40.651001,40.293709,26810000
2017-01-06,40.7495,41.448002,40.575001,41.260502,40.89785,40342000
2017-01-09,41.318501,41.5215,41.081001,41.359001,40.995483,28178000
2017-01-10,41.3535,41.470501,41.157001,41.300499,40.937496,23948000
2017-01-11,41.331001,41.494999,41.073502,41.493,41.128311,26508000
2017-01-12,41.418999,41.519001,41.050499,41.476501,41.11195,26990000
2017-01-13,41.549999,41.732498,41.476002,41.547001,41.181831,25804000
2017-01-17,41.5,41.508999,41.16,41.373001,41.009361,28818000
2017-01-18,41.490002,41.490501,41.203999,41.451,41.086674,20554000
2017-01-19,41.450001,41.650002,41.198002,41.218498,40.856209,21410000
2017-01-20,41.454498,41.462002,41.23,41.408501,41.044552,26124000
2017-01-23,41.580502,42.277,41.435001,42.2215,41.85041,49148000
2017-01-24,42.348999,42.576,42.113998,42.476501,42.103168,33768000
2017-01-25,42.677502,42.939499,42.487,42.922501,42.545238,33108000
2017-01-26,42.952499,43.049999,42.526001,42.848999,42.472389,69866000
2017-01-27,42.950001,43.349998,42.095001,42.251499,41.880138,75050000
2017-01-30,41.853001,41.8615,41.051498,41.191502,40.82946,70338000
2017-01-31,40.974998,41.1535,40.669998,41.009499,40.649052,40404000
2017-02-01,41.200001,41.200001,40.612499,40.762001,40.403736,45020000
2017-02-02,40.75,41.228001,40.602501,40.912998,40.553398,33784000
2017-02-03,41.156502,41.306499,40.967499,41.0065,40.64608,30562000
2017-02-06,41.046001,41.119499,40.7145,41.081001,40.719933,27018000
2017-02-07,41.275002,41.596001,41.164501,41.461498,41.09708,33332000
2017-02-08,41.526501,41.712502,41.255501,41.493999,41.129288,26044000
2017-02-09,41.586498,41.598999,41.325001,41.502998,41.138222,23884000
2017-02-10,41.647499,41.857498,41.525501,41.7425,41.37561,28302000
2017-02-13,41.884998,42.087002,41.8125,41.948002,41.579304,25914000
2017-02-14,41.988499,42.099998,41.7915,42.001499,41.632336,27266000
2017-02-15,41.940498,42.088501,41.811001,41.866001,41.498028,27144000
2017-02-16,41.924999,42.134499,41.862999,42.108501,41.738396,20102000
2017-02-17,42.065498,42.347,41.988998,42.327499,41.955471,29224000
2017-02-21,42.399502,42.610001,42.327499,42.463501,42.090275,25206000
2017-02-22,42.400002,42.689499,42.335499,42.568001,42.193855,24488000
2017-02-23,42.554001,42.631001,42.125,42.549999,42.176018,27734000
2017-02-24,42.3825,42.417999,42.147999,42.390499,42.017914,26924000
2017-02-27,42.247501,42.533501,42.150501,42.483501,42.110107,20206000
2017-02-28,42.3675,42.441502,42.071999,42.246498,41.875183,27662000
2017-03-01,42.569,42.900002,42.451,42.837502,42.460991,36374000
2017-03-02,42.815498,42.824501,42.436001,42.4925,42.119022,25018000
2017-03-03,42.446999,42.541,42.2355,42.453999,42.080856,20100000
2017-03-06,42.342999,42.446999,42.058498,42.363499,41.991154,20958000
2017-03-07,42.362999,42.6665,42.276001,42.557499,42.183453,20774000
2017-03-08,42.655998,42.8465,42.5625,42.681999,42.306854,20576000
2017-03-09,42.684502,43.0355,42.633499,42.891998,42.515003,26954000
2017-03-10,43.134998,43.211498,42.880501,43.070499,42.691944,26732000
2017-03-13,43.0415,43.356499,43.041,43.229,42.849052,23332000
2017-03-14,43.1875,43.379002,43.0065,43.295502,42.914974,21234000
2017-03-15,43.396999,43.493999,43.064999,43.419498,43.037872,26658000
2017-03-16,43.526501,43.635502,43.375999,43.5,43.117668,22090000
2017-03-17,43.683998,43.721001,43.418499,43.6185,43.235126,37366000
2017-03-20,43.473999,43.516998,43.233501,43.3955,43.014084,30844000
2017-03-21,43.502998,43.6735,42.384499,42.507,42.133396,50760000
2017-03-22,42.473999,42.767502,42.349998,42.490002,42.11655,27334000
2017-03-23,42.0695,42.084499,41.650002,41.982498,41.613503,65754000
2017-03-24,42.099998,42.200001,41.455002,41.757,41.389984,42114000
2017-03-27,41.404499,42.069,41.215,41.925499,41.557003,38692000
2017-03-28,41.984501,42.27,41.613499,42.031502,41.662071,30384000
2017-03-29,42.137501,42.579498,42.069,42.4935,42.120014,29146000
2017-03-30,42.598999,42.599998,42.338501,42.473999,42.100685,18988000
2017-03-31,42.341499,42.478001,42.262001,42.389999,42.017422,28820000
2017-04-03,42.4375,42.950001,42.376499,42.837502,42.460991,39388000
2017-04-04,42.400002,42.650002,42.3755,42.628502,42.253826,26970000
2017-04-05,42.7355,43.029499,42.375999,42.445499,42.072433,37104000
2017-04-06,42.474998,42.679501,42.200001,42.255001,41.883606,30672000
2017-04-07,42.25,42.293999,41.865002,42.105,41.734928,22232000
2017-04-10,42.077,42.337002,42.039501,42.084999,41.715103,20924000
2017-04-11,42.084999,42.231499,41.73,41.993999,41.624897,19486000
2017-04-12,41.923,42.186001,41.879501,42.073002,41.703213,22716000
2017-04-13,42.051998,42.186501,41.892502,42.008999,41.639774,21474000
2017-04-17,42.069,42.782001,42.051498,42.7565,42.380699,20982000
2017-04-18,42.626999,42.869499,42.5625,42.699501,42.324203,18724000
2017-04-19,42.869499,43.009998,42.676498,42.8255,42.449097,21606000
2017-04-20,42.987,43.196499,42.875,43.004002,42.62603,23776000
2017-04-21,43.030998,43.122002,42.886501,42.947498,42.570019,23458000
2017-04-24,43.422001,43.998001,43.3055,43.946499,43.560242,33930000
2017-04-25,44.112999,44.612499,43.964001,44.442001,44.051392,40760000
2017-04-26,44.5695,44.649502,44.2575,44.457001,44.066254,26466000
2017-04-27,44.5,44.668999,44.359001,44.571999,44.180244,46846000
2017-04-28,46.450001,46.794998,46.160999,46.226002,45.81971,76918000
2017-05-01,46.2075,46.791,46.040001,46.640999,46.231056,46556000
2017-05-02,46.663502,47.149502,46.549999,46.8545,46.442684,35026000
2017-05-03,46.802502,47.509998,46.760502,47.422501,47.005692,36496000
2017-05-04,47.5145,47.957001,47.3685,47.736,47.316433,38752000
2017-05-05,47.835999,47.922001,47.404999,47.514,47.096382,32310000
2017-05-08,47.372501,48.0495,47.369999,47.934502,47.513195,37534000
2017-05-09,48.066502,48.110001,47.720001,47.835499,47.415062,33758000
2017-05-10,47.811001,47.835499,47.492001,47.742001,47.322392,22920000
2017-05-11,47.564499,47.899502,47.4305,47.794498,47.374424,20622000
2017-05-12,47.892502,47.898998,47.603001,47.757,47.337246,24298000
2017-05-15,47.7645,48.134998,47.640999,47.960999,47.539452,26754000
2017-05-16,48.177502,48.294998,48.017502,48.230499,47.806583,22030000
2017-05-17,47.985001,48.0495,47.002998,47.108501,46.694454,48982000
2017-05-18,47.16,47.709,47.063499,47.525002,47.107292,36010000
2017-05-19,47.640999,47.978001,47.599998,47.732498,47.312962,27206000
2017-05-22,47.849998,48.241001,47.827999,48.203499,47.779827,27748000
2017-05-23,48.498001,48.725498,48.224998,48.5275,48.100975,30908000
2017-05-24,48.763,48.905998,48.581501,48.880501,48.450878,22660000
2017-05-25,48.950001,49.789001,48.890999,49.592999,49.157108,39082000
2017-05-26,49.599998,49.8195,49.368,49.663502,49.22699,32728000
2017-05-30,49.625,49.881001,49.568001,49.808498,49.37072,30324000
2017-05-31,49.810501,49.98,49.084,49.3545,48.920708,34482000
2017-06-01,49.548,49.657001,49.064499,49.414501,48.980179,26128000
2017-06-02,49.429501,49.824001,49.3535,49.806,49.368237,34710000
2017-06-05,49.894501,50.369999,49.772499,50.194,49.752827,27578000
2017-06-06,50.165501,50.4305,49.740002,49.834,49.395996,31042000
2017-06-07,49.954498,50.195499,49.793499,50.075001,49.634872,27482000
2017-06-08,50.211498,50.279999,49.831001,50.214001,49.772655,33758000
2017-06-09,50.274502,50.275002,47.668499,48.506001,48.079659,72958000
2017-06-12,47.936001,48.400002,46.84,48.0905,47.667812,84042000
2017-06-13,48.602001,48.8955,48.100498,48.525002,48.098499,40108000
2017-06-14,48.775002,48.985001,47.975498,48.3965,47.971123,30110000
2017-06-15,47.401001,48.034,47.018501,48.008999,47.587032,48552000
2017-06-16,47.8955,47.997501,47.435001,47.931,47.50972,51184000
2017-06-19,48.482498,48.965,48.41,48.761002,48.332428,29376000
2017-06-20,48.765499,49.039501,48.41,48.449501,48.023666,25946000
2017-06-21,48.539501,48.977501,48.4725,48.929501,48.499447,23232000
2017-06-22,48.843498,49.025002,48.665501,48.831001,48.40181,20190000
2017-06-23,48.775002,49.331001,48.723,49.304501,48.871143,31280000
2017-06-26,49.5,49.699501,48.516499,48.6045,48.177299,30358000
2017-06-27,48.080002,48.361,47.3545,47.404499,46.987846,48872000
2017-06-28,47.533001,48.161999,46.807999,48.050499,47.62817,54912000
2017-06-29,47.567501,47.583,46.48,46.890999,46.478859,64134000
2017-06-30,47.199501,47.25,46.480499,46.484001,46.075439,45754000
2017-07-03,46.660999,46.712002,45.765499,45.973,45.568928,33896000
2017-07-05,46.209999,46.814499,45.931499,46.612999,46.203304,41882000
2017-07-06,46.25,46.806999,45.9925,46.384499,45.976814,40298000
2017-07-07,46.5495,47.233002,46.489498,47.040501,46.627045,33266000
2017-07-10,47.0975,47.656502,47.0975,47.549999,47.132069,29030000
2017-07-11,47.526001,47.744499,47.256001,47.676498,47.257454,29224000
2017-07-12,48.042999,48.481499,47.852001,48.382999,47.957752,32042000
2017-07-13,48.540001,48.935001,48.240002,48.442501,48.016724,30492000
2017-07-14,48.700001,48.876999,48.5075,48.845501,48.416183,21592000
2017-07-17,48.816002,49.1675,48.540001,48.798,48.369102,33210000
2017-07-18,48.667999,49.5425,48.602001,49.3475,48.913773,28266000
2017-07-19,49.5005,49.779999,49.350498,49.6385,49.202213,28242000
2017-07-20,49.849998,49.933998,49.230999,49.609501,49.17347,28368000
2017-07-21,49.450001,49.755501,49.2085,49.692001,49.255245,29266000
2017-07-24,49.705002,50.309502,49.5135,49.915501,49.476772,79690000
2017-07-25,48.535,48.836498,48.189999,48.4515,48.025642,118672000
2017-07-26,48.639,48.697498,48.011501,48.265499,47.841282,44432000
2017-07-27,48.459,48.476002,46.853001,47.6255,47.206905,74358000
2017-07-28,47.399502,48.0895,47.265499,47.9165,47.495342,36276000
2017-07-31,48,48.059502,47.086498,47.275002,46.859493,45670000
2017-08-01,47.390499,47.724499,47.248001,47.327999,46.912022,28052000
2017-08-02,47.418499,47.455002,46.625999,47.382,46.965546,40788000
2017-08-03,47.455002,47.5,46.972,47.014999,46.601768,22478000
2017-08-04,47.197498,47.376999,46.990002,47.289501,46.873856,25092000
2017-08-07,47.375999,47.448002,47.174999,47.287498,46.87188,28916000
2017-08-08,47.2145,47.6245,47.124001,47.209499,46.794559,30102000
2017-08-09,46.922501,47.188,46.695999,47.004002,46.59087,28018000
2017-08-10,46.75,46.814999,46.089001,46.179501,45.773617,54148000
2017-08-11,46.185501,46.667999,46.061001,46.504501,46.095757,32334000
2017-08-14,46.953499,47.051998,46.724499,46.946499,46.533875,23012000
2017-08-15,47.051498,47.1535,46.832001,46.903999,46.491749,22130000
2017-08-16,47.0625,47.494999,47.001999,47.213501,46.798527,26906000
2017-08-17,47.147499,47.190498,46.382,46.382999,45.975327,33914000
2017-08-18,46.348999,46.550999,46.172501,46.308998,45.901978,26748000
2017-08-21,46.288502,46.412498,45.93,46.043499,45.638809,26024000
2017-08-22,46.348,47.098,46.308498,47.02,46.606731,35502000
2017-08-23,46.849998,47.2715,46.762001,47.129002,46.714771,22690000
2017-08-24,47.185501,47.315498,46.536999,46.844501,46.432774,25892000
2017-08-25,46.960499,47.036499,46.505001,46.525002,46.116081,23746000
2017-08-28,46.594002,46.7425,46.3055,46.406502,45.998619,20988000
2017-08-29,45.997501,46.9095,45.9655,46.787498,46.376274,23172000
2017-08-30,46.783501,47.292999,46.702499,47.181499,46.766804,22406000
2017-08-31,47.314999,47.860001,47.3125,47.762001,47.342213,33866000
2017-09-01,47.873501,47.9165,47.514,47.599499,47.181133,20858000
2017-09-05,47.342999,47.5695,46.779999,47.074001,46.660252,29148000
2017-09-06,47.193501,47.224998,46.633999,47.101002,46.687019,27830000
2017-09-07,47.212502,47.525002,46.876499,47.494499,47.077057,22332000
2017-09-08,47.485001,47.535,47.0005,47.070499,46.656788,19998000
2017-09-11,47.360001,47.633999,47.049999,47.164501,46.749962,26748000
2017-09-12,47.346001,47.404499,46.875,47.3325,46.916481,25696000
2017-09-13,47.275002,47.642502,47.237,47.521999,47.104317,21908000
2017-09-14,47.299999,47.401501,46.917999,47.0065,46.593353,28548000
2017-09-15,47.004501,47.087502,46.5625,46.7645,46.353477,39886000
2017-09-18,46.7505,46.842999,46.27,46.487499,46.078907,29474000
2017-09-19,46.670502,46.896999,46.333,46.842999,46.431278,24854000
2017-09-20,46.886501,47.5,46.875,47.376999,46.96059,40080000
2017-09-21,47.406502,47.639999,46.969002,47.377499,46.96109,27414000
2017-09-22,47.1385,47.5,47.042,47.162998,46.748463,21496000
2017-09-25,46.9725,46.987499,46.225498,46.714001,46.303421,37468000
2017-09-26,46.834499,47.203999,46.756001,46.871498,46.459534,33454000
2017-09-27,47.137001,48.2715,47.0975,47.994999,47.573158,46692000
2017-09-28,47.8125,48.308998,47.7775,48.240501,47.816498,28018000
2017-09-29,48.299999,48.790501,48.299999,48.686001,48.25808,40622000
2017-10-02,48.782501,48.887001,48.0975,48.373501,47.94833,30782000
2017-10-03,48.377998,48.622002,48.135502,48.604,48.176804,21666000
2017-10-04,48.588001,48.720001,48.280499,48.339001,47.914135,21156000
2017-10-05,48.6395,49.3255,48.5135,49.259499,48.826542,35618000
2017-10-06,49,49.713001,48.925499,49.681999,49.245327,31060000
2017-10-09,49.75,50.022999,49.575001,49.615501,49.17942,25910000
2017-10-10,49.764999,49.873501,49.0555,49.389999,48.955902,23268000
2017-10-11,49.452,50.378502,49.396999,50.282501,49.840553,36300000
2017-10-12,50.192001,50.577,50.055,50.282501,49.840553,30614000
2017-10-13,50.455502,50.737999,50.353001,50.393501,49.950577,26552000
2017-10-16,50.481499,50.599998,50.076,50.467499,50.023926,21420000
2017-10-17,50.372002,50.728001,50.302502,50.549999,50.105698,20260000
2017-10-18,50.552502,50.815498,50.265999,50.637001,50.191936,25596000
2017-10-19,50.237499,50.366001,49.865002,50.091999,49.651718,34284000
2017-10-20,50.352501,50.432499,50.113499,50.253502,49.811806,32120000
2017-10-23,50.258999,50.289501,49.154999,49.277,48.843891,32786000
2017-10-24,49.325001,49.463001,48.854,49.4245,48.990093,28902000
2017-10-25,49.313499,49.7215,48.886002,49.573002,49.137295,30574000
2017-10-26,49.9235,50.3255,49.523499,49.570999,49.1353,47396000
2017-10-27,51.5495,53.181,51.342499,51.683498,51.229237,103682000
2017-10-30,51.458,51.991501,51.116501,51.656502,51.202477,46804000
2017-10-31,51.650002,52.049999,51.314999,51.652,51.198021,30326000
2017-11-01,51.816002,52.393002,51.700001,52.130001,51.671818,43262000
2017-11-02,51.9995,52.276001,51.432999,52.148499,51.690147,26694000
2017-11-03,52.137501,52.533001,51.8825,52.4995,52.038063,27770000
2017-11-06,52.455002,52.629501,52.099998,52.133999,51.675777,18294000
2017-11-07,52.482498,52.670502,52.150002,52.619499,52.157009,26104000
2017-11-08,52.502499,53.134499,52.352501,52.914501,52.449417,24276000
2017-11-09,52.400002,52.543999,51.7925,52.386002,51.925568,35892000
2017-11-10,52.193501,52.331501,52.061001,52.2075,51.748634,19442000
2017-11-13,52.040001,52.437,51.963001,52.060001,51.602432,18814000
2017-11-14,51.886002,52.115002,51.466499,52.082001,51.624237,21012000
2017-11-15,51.75,51.981499,51.537998,51.820499,51.365032,18106000
2017-11-16,51.9375,52.588001,51.900002,52.4235,51.962727,23768000
2017-11-17,52.490002,52.549999,51.686501,51.794498,51.33926,26712000
2017-11-20,51.799999,51.935001,51.633999,51.733002,51.278301,17526000
2017-11-21,52.001999,52.519501,51.957001,52.514999,52.053429,22206000
2017-11-22,52.557999,52.7715,52.362499,52.596001,52.13372,14538000
2017-11-24,52.719501,53.003502,52.596001,52.826,52.361698,16492000
2017-11-27,52.928501,53.652,52.738499,53.600498,53.129391,35430000
2017-11-28,53.699501,54,52.727001,53.164501,52.69722,36424000
2017-11-29,52.808998,52.938499,51.482498,51.868999,51.413113,55866000
2017-11-30,51.997002,52.207001,51.503502,51.808498,51.353138,45092000
2017-12-01,51.5205,51.862,50.845001,51.253502,50.803024,37762000
2017-12-04,51.389999,51.567001,50.460999,50.593498,50.148815,38778000
2017-12-05,50.5495,51.834,50.116001,50.98,50.531918,38998000
2017-12-06,50.826,51.979,50.765499,51.636002,51.182159,28710000
2017-12-07,51.803501,52.445999,51.768002,52.2285,51.769455,30866000
2017-12-08,52.5905,52.820999,52.292999,52.469002,52.007843,31170000
2017-12-11,52.5555,52.799999,52.206001,52.598499,52.136196,23254000
2017-12-12,52.5,53.125,52.2435,52.438499,51.977604,33882000
2017-12-13,52.604,52.773998,52.328999,52.5695,52.107452,27680000
2017-12-14,52.774502,53.354,52.68,52.873501,52.408783,30962000
2017-12-15,53.188999,53.762501,53.004501,53.599998,53.128895,63760000
2017-12-18,53.822498,54.324501,53.518501,54.254501,53.777645,30292000
2017-12-19,54.151001,54.248501,53.613499,53.988998,53.514469,26350000
2017-12-20,54.046001,54.061501,53.43,53.678001,53.206211,28728000
2017-12-21,53.769501,53.875999,53.450001,53.5425,53.071903,25640000
2017-12-22,53.5,53.585999,53.382,53.443001,52.973278,17788000
2017-12-26,53.431999,53.443001,52.931999,53.2925,52.824097,18376000
2017-12-27,53.330002,53.413502,52.918999,53.009998,52.544083,22324000
2017-12-28,53.112499,53.242001,52.668999,52.797501,52.33345,19884000
2017-12-29,52.774502,52.9025,52.634998,52.669998,52.207066,23606000
2018-01-02,52.651001,53.799,52.651001,53.6605,53.188866,31766000
2018-01-03,53.696499,54.805,53.671501,54.576,54.096317,31318000
2018-01-04,54.8545,55.203999,54.713001,54.787998,54.30645,26052000
2018-01-05,55.172501,55.679001,55.09,55.5145,55.026566,30250000
2018-01-08,55.549999,55.958,55.5,55.710499,55.220844,24644000
2018-01-09,55.922001,55.922001,55.41,55.6395,55.150471,26808000
2018-01-10,55.349998,55.639,55.199001,55.507,55.019131,20734000
2018-01-11,55.615501,55.7425,55.324001,55.602501,55.113796,22424000
2018-01-12,55.505001,56.564999,55.400501,56.532501,56.035625,38586000
2018-01-16,57.015499,57.444,56.333,56.535,56.038094,36462000
2018-01-17,56.818001,56.966,56.1745,56.955002,56.454411,27830000
2018-01-18,56.967499,57.029499,56.223,56.7985,56.299282,27498000
2018-01-19,56.901501,57.188999,56.625,57.174999,56.672466,30552000
2018-01-22,57.191002,58.344002,57.091,58.208,57.6964,29550000
2018-01-23,58.530998,58.925499,58.362499,58.808498,58.291615,39138000
2018-01-24,59.249001,59.352501,58.369999,58.564499,58.049759,37128000
2018-01-25,59.0355,59.25,58.591999,59.106998,58.587486,29984000
2018-01-26,59.376499,59.377998,58.401501,59.377998,58.856102,42170000
2018-01-29,59.400002,59.900002,59.202999,59.324001,58.802578,31494000
2018-01-30,58.886002,59.3965,58.725498,58.8685,58.351089,37338000
2018-01-31,59.190498,59.316002,58.605,59.111,58.591457,36022000
2018-02-01,58.7995,59.372501,58.467999,59.079498,58.560234,73514000
2018-02-02,56.370998,56.564999,55.558498,55.959999,55.468151,117842000
2018-02-05,55.030499,55.7495,52.837002,53.119499,52.652615,83550000
2018-02-06,51.699001,54.368999,51.5005,54.2215,53.744934,76630000
2018-02-07,54.248501,54.3265,52.730999,52.7705,52.306679,51942000
2018-02-08,52.9935,53.196499,50.235001,50.385502,49.94265,66792000
2018-02-09,51.293999,52.585999,49.849998,52.313499,51.853695,98360000
2018-02-12,52.8335,53.2785,52.274502,52.728001,52.264557,56240000
2018-02-13,52.5,53.061001,52.346001,52.707001,52.243748,31586000
2018-02-14,52.716,53.773499,52.490002,53.634998,53.163589,41304000
2018-02-15,54.172501,54.705002,53.3615,54.568001,54.088387,37396000
2018-02-16,54.668999,55.415501,54.577499,54.775002,54.293568,39948000
2018-02-20,54.638,55.814499,54.5,55.179501,54.694511,33754000
2018-02-21,55.455002,56.810001,55.3755,55.6875,55.198048,41486000
2018-02-22,55.9585,56.272999,55.2575,55.494999,55.00724,28010000
2018-02-23,55.932999,56.450001,55.422001,56.404499,55.908745,25292000
2018-02-26,56.592999,57.209999,56.466999,57.185001,56.682388,30912000
2018-02-27,57.185001,57.212502,55.8395,55.8755,55.384392,42964000
2018-02-28,56.099998,56.3825,55.150002,55.195999,54.710869,49292000
2018-03-01,55.477001,55.563499,53.364498,53.570499,53.099655,55338000
2018-03-02,52.898998,54.344501,52.505501,54.207001,53.730556,50162000
2018-03-05,53.906502,55.058998,53.613499,54.737999,54.256886,28648000
2018-03-06,55.105,55.281502,54.724998,55.044998,54.561188,23382000
2018-03-07,54.640999,55.810001,54.495499,55.751999,55.261978,30748000
2018-03-08,55.860001,56.571999,55.860001,56.469002,55.972683,33862000
2018-03-09,56.974998,58.049999,56.7145,58.042,57.531849,42662000
2018-03-12,58.252499,58.908001,57.959999,58.296501,57.784115,44306000
2018-03-13,58.591499,58.900002,56.7285,56.995499,56.494549,43140000
2018-03-14,57.290001,57.987999,57.1175,57.4445,56.939606,41870000
2018-03-15,57.4785,58.125,56.783001,57.530499,57.024853,33382000
2018-03-16,57.767502,57.8405,56.568001,56.721001,56.222462,58656000
2018-03-19,55.888,55.968498,54.445999,55.003502,54.520065,63656000
2018-03-20,54.919998,55.2775,54.120998,54.790001,54.308434,54598000
2018-03-21,54.628502,55.435001,54.3605,54.700001,54.219227,44898000
2018-03-22,54.0005,54.195999,52.481998,52.657501,52.194675,69312000
2018-03-23,52.568501,53.339001,51.2435,51.327499,50.876369,49880000
2018-03-26,52.529999,52.963501,50.528999,52.704498,52.241268,65984000
2018-03-27,53.195,53.227001,49.881001,50.347,49.904488,60816000
2018-03-28,50.095501,51.2495,49.200001,50.258999,49.817257,77698000
2018-03-29,50.560501,52.4025,50.202,51.856998,51.401215,69338000
2018-04-02,51.381001,51.976501,49.712502,50.6315,50.186485,65068000
2018-04-03,50.807499,51.25,49.862499,50.933998,50.486328,51322000
2018-04-04,49.911499,51.637001,49.8255,51.4855,51.032986,50724000
2018-04-05,52.3195,52.335499,51.200001,51.632,51.178192,35836000
2018-04-06,51.154999,51.799999,50.3125,50.497501,50.053665,40134000
2018-04-09,51.001999,52.2295,50.959999,51.004501,50.55621,33220000
2018-04-10,51.513,52.060501,50.7705,51.825001,51.369499,36620000
2018-04-11,51.599998,51.793499,50.959999,51.252998,50.802521,34060000
2018-04-12,51.573502,52.232498,51.302502,51.864498,51.408649,32896000
2018-04-13,52.344501,52.648998,51.5075,51.801998,51.346695,25410000
2018-04-16,52.2775,52.571499,51.695999,52.305,51.845284,29776000
2018-04-17,53.060001,54.25,52.8545,53.967999,53.49366,54584000
2018-04-18,53.9505,54.099998,53.526001,53.769501,53.296906,31126000
2018-04-19,53.451,54.8755,53.451,54.4725,53.993721,39884000
2018-04-20,54.213501,54.737499,53.605,53.866001,53.392563,42434000
2018-04-23,54.148998,54.400002,53.334,53.690498,53.218597,69590000
2018-04-24,52.959999,53.224499,50.643002,51.132,50.68259,128220000
2018-04-25,51.487499,51.803501,50.850498,51.149502,50.699932,57860000
2018-04-26,51.660999,52.601002,51.022499,52.165501,51.707005,50926000
2018-04-27,52.277,52.584999,51.379501,51.572498,51.119217,40746000
2018-04-30,51.721001,51.918499,50.915001,50.929001,50.481373,34492000
2018-05-01,50.814999,52.086498,50.530499,52.037498,51.580124,35326000
2018-05-02,51.700001,52.199001,51.158001,51.302502,50.851582,34698000
2018-05-03,51.268501,51.5345,50.394501,51.314999,50.863976,39282000
2018-05-04,50.980499,52.594002,50.9025,52.549999,52.088127,36892000
2018-05-07,52.6945,53.25,52.5135,52.973,52.507404,34400000
2018-05-08,53.230999,53.261501,52.582001,52.929501,52.464283,26030000
2018-05-09,53.205002,54.700001,53.105499,54.447498,53.968948,47160000
2018-05-10,54.75,55.470501,54.694,55.273499,54.787685,36414000
2018-05-11,55.0205,55.4505,54.861,55.168999,54.684101,30504000
2018-05-14,55.2785,55.907501,55.240002,55.330002,54.843693,39338000
2018-05-15,54.845001,54.956001,53.938999,54.2435,53.766739,35738000
2018-05-16,54.254501,54.719002,54.081501,54.204498,53.728085,25628000
2018-05-17,54.073002,54.549999,53.820999,54.063,53.58783,25738000
2018-05-18,53.299999,53.686501,53.234001,53.481998,53.011932,35482000
2018-05-21,53.950001,54.665001,53.900002,54.2005,53.724117,25180000
2018-05-22,54.490002,54.59,53.612999,53.765499,53.292934,22226000
2018-05-23,53.5,54.400002,53.348,54.298,53.820759,23740000
2018-05-24,54.345001,54.355999,53.615002,54.272499,53.795479,20604000
2018-05-25,54.327499,54.4785,54.130001,54.203999,53.727585,22224000
2018-05-29,53.799999,54.067001,53.153999,53.4035,52.934132,36076000
2018-05-30,53.674,53.949501,53.327499,53.873501,53.399986,28686000
2018-05-31,54.099998,55.5,53.900002,55,54.51659,79368000
2018-06-01,55.643501,56.908001,55.600498,56.75,56.251213,63202000
2018-06-04,56.924999,57.893002,56.849998,57.652,57.145279,44754000
2018-06-05,57.733002,58.055,57.373001,57.550999,57.045166,32964000
2018-06-06,57.6385,57.7355,56.816002,57.3475,56.843452,34934000
2018-06-07,57.229,57.293499,56.306,56.721001,56.222462,36108000
2018-06-08,56.560501,56.938999,56.161499,56.635502,56.137714,27284000
2018-06-11,56.646999,57.387001,56.57,57.044998,56.543613,24796000
2018-06-12,57.050999,57.4375,57.050999,57.4095,56.904911,26092000
2018-06-13,57.613998,57.782001,57.168999,57.211498,56.708649,34302000
2018-06-14,57.6105,58.2995,57.529999,58.005501,57.495674,35422000
2018-06-15,57.995998,58.195499,57.684502,57.963501,57.454044,44438000
2018-06-18,57.634499,59.206501,57.549999,59.179001,58.658863,33038000
2018-06-19,58.505501,59.140499,58.080502,58.934502,58.416512,47282000
2018-06-20,59.165001,60.074501,59.101501,59.203499,58.683136,51686000
2018-06-21,59.275501,59.516499,58.174,58.472,57.958073,44966000
2018-06-22,58.574501,58.75,57.982498,58.4645,57.950642,34220000
2018-06-25,57.75,57.7995,55.994999,56.964001,56.463326,57682000
2018-06-26,57.207001,57.343498,56.450001,56.631001,56.133251,34688000
2018-06-27,56.799999,57.310501,55.834999,55.847,55.356144,34538000
2018-06-28,55.619499,56.700001,55.303501,56.339001,55.843822,29726000
2018-06-29,56.615501,57.068001,56.351002,56.459499,55.963261,31562000
2018-07-02,55.767502,57.149502,55.330002,57.105499,56.60358,23216000
2018-07-03,57.471001,57.495499,55.7215,55.813999,55.323433,16448000
2018-07-05,56.23,57.207001,56.155998,57.064499,56.562939,28594000
2018-07-06,57.088501,57.810001,56.862,57.754002,57.246391,21820000
2018-07-09,58,58.3965,57.8615,58.363998,57.851017,21584000
2018-07-10,58.4995,58.674999,58.127998,58.356998,57.844082,21334000
2018-07-11,57.780998,59.021999,57.768501,58.573002,58.058186,33252000
2018-07-12,58.743,60.099499,58.654999,60.063,59.535091,44148000
2018-07-13,60.139999,60.521999,59.7645,60.221001,59.6917,32612000
2018-07-16,60.190498,60.435501,59.669998,59.8255,59.299679,26784000
2018-07-17,59.137001,60.938,59.099998,60.653999,60.120895,40162000
2018-07-18,60.426498,61.079498,60.228001,60.6455,60.112469,38948000
2018-07-19,60.3325,60.824001,59.886501,59.955002,59.428043,38338000
2018-07-20,59.962002,60.538502,59.829498,59.894001,59.367569,37938000
2018-07-23,59.783001,60.755001,59.600498,60.549999,60.017807,65446000
2018-07-24,63.549999,63.75,62.207001,62.907501,62.354584,107600000
2018-07-25,62.631001,63.911999,62.452499,63.797001,63.236271,51104000
2018-07-26,63.359001,64.370003,63.150002,64.275002,63.710079,54686000
2018-07-27,64.456001,64.571999,62.224499,62.644501,62.093899,48362000
2018-07-30,62.252499,62.644501,61.2085,61.501999,60.961441,43896000
2018-07-31,61.585499,62.060501,60.809502,61.361,60.821682,39382000
2018-08-01,61.955502,62.294998,61.247002,61.649502,61.107647,36994000
2018-08-02,60.924999,62.220501,60.903,62.056499,61.511066,34704000
2018-08-03,62.258999,62.326,61.471001,61.908001,61.363873,21264000
2018-08-06,62.080502,62.123001,61.526501,61.883499,61.339584,22114000
2018-08-07,62.600498,63.304001,62.59,62.792,62.240101,42506000
2018-08-08,62.835999,63.585999,62.605999,63.066502,62.512192,34344000
2018-08-09,63.136501,63.598,63.005001,63.223,62.667309,27326000
2018-08-10,62.959,63.060001,62.358002,62.6255,62.075066,26602000
2018-08-13,62.560001,63.2985,62.351501,62.431999,61.88327,27500000
2018-08-14,62.625,63.029499,61.977001,62.907001,62.354092,28080000
2018-08-15,62.214001,62.598999,61.312,61.611,61.069485,37052000
2018-08-16,62.099499,62.185001,60.981499,61.202999,60.665066,32176000
2018-08-17,61.102001,61.3475,60.200001,60.7925,60.258175,33092000
2018-08-20,61.033001,61.295502,60.435001,61.0975,60.560493,22218000
2018-08-21,61.151001,61.638,60.751499,60.870499,60.335495,23082000
2018-08-22,60.710999,61.3265,60.660999,61.087502,60.550583,22296000
2018-08-23,60.993999,61.758499,60.967499,61.057999,60.521343,24666000
2018-08-24,61.299999,61.869999,61.070999,61.837502,61.293995,24454000
2018-08-27,62.207001,62.893501,62.034,62.813499,62.26141,28580000
2018-08-28,62.794998,62.827999,62.148499,62.292999,61.745487,27330000
2018-08-29,62.75,63.358501,62.639999,63.232498,62.676731,36926000
2018-08-30,63.169998,63.474499,62.3605,62.722,62.170719,30104000
2018-08-31,62.6105,62.627499,61.287498,61.59,61.048672,42308000
2018-09-04,61.125999,61.393501,60.327999,60.565498,60.033169,41458000
2018-09-05,60.460999,60.7435,58.766998,59.955002,59.428043,53988000
2018-09-06,59.928501,59.949501,58.1805,59.199501,58.679188,46854000
2018-09-07,58.599998,59.427502,58.463501,58.879501,58.361996,32658000
2018-09-10,59.209999,59.333,58.530499,58.752998,58.236607,27670000
2018-09-11,58.555,59.547001,58.297501,59.4995,58.976543,29254000
2018-09-12,59.099998,59.5345,58.307999,58.580002,58.065125,35716000
2018-09-13,58.985001,59.393002,58.460999,59.106998,58.587486,40068000
2018-09-14,59.400002,59.400002,58.675999,58.898998,58.381317,24176000
2018-09-17,58.8885,59.091,57.923,57.991501,57.481796,34096000
2018-09-18,58.132999,59.066502,58.071499,58.355499,57.842598,32314000
2018-09-19,58.448002,58.813499,57.931,58.713501,58.197445,25962000
2018-09-20,59.033501,59.700001,58.8125,59.578499,59.054848,29244000
2018-09-21,59.745998,59.828999,58.603001,58.605999,58.090897,91222000
2018-09-24,57.970501,59.259499,57.575001,58.978001,58.459629,31150000
2018-09-25,59.212502,59.842999,58.704498,59.6945,59.169823,33152000
2018-09-26,59.684502,60.362,59.27,59.702999,59.178257,37650000
2018-09-27,60,60.842999,59.9025,60.368,59.837406,36274000
2018-09-28,60.204498,60.422501,59.891499,60.354,59.823532,35612000
2018-10-01,60.650002,61.209999,60.1595,60.426498,59.895393,33164000
2018-10-02,60.3335,61.226002,59.983002,60.382,59.85128,40180000
2018-10-03,60.599998,60.709,60.107498,60.5765,60.044075,26246000
2018-10-04,60.251499,60.294998,58.192501,58.8535,58.336224,46576000
2018-10-05,58.799999,59.099998,57.716,58.391499,57.878277,31852000
2018-10-08,58,58.792999,56.77,57.796001,57.288017,46190000
2018-10-09,57.565498,58.077499,57.2085,57.258499,56.755238,33690000
2018-10-10,56.82,56.851002,54.5755,54.608002,54.128033,58980000
2018-10-11,53.952,55.803001,53.794498,54.536999,54.057659,67696000
2018-10-12,55.981998,56.2915,54.751499,56.027,55.534561,49370000
2018-10-15,55.900002,56.09,54.910999,55.122002,54.63752,30074000
2018-10-16,55.674,56.818501,55.587502,56.653999,56.156052,38378000
2018-10-17,57,57.349998,55.700001,56.379501,55.883968,35652000
2018-10-18,56.5,56.6175,54.317001,54.8955,54.41301,46152000
2018-10-19,55.185501,56.047501,54.851501,55.258999,54.773315,41286000
2018-10-22,55.6255,56.084499,55,55.568501,55.080093,27116000
2018-10-23,54.564499,55.900002,53.9505,55.745499,55.255535,37686000
2018-10-24,55.75,55.831001,52.752998,52.855999,52.391438,49286000
2018-10-25,54.014999,55.890999,53.7775,55.179501,54.694511,72956000
2018-10-26,52.4165,55.849998,52.1115,54.1875,53.711231,106438000
2018-10-29,54.827,55.441502,50.360001,51.7365,51.281769,81290000
2018-10-30,51.0005,52.544998,50.698502,52.475498,52.014275,59768000
2018-10-31,53.41,55.400002,53.41,54.528999,54.049725,70916000
2018-11-01,54.57,54.994999,53.890999,54.299,53.821751,40132000
2018-11-02,54.450001,54.900002,53.382999,53.574501,53.103622,43438000
2018-11-05,53.626499,53.6675,51.700001,52.786499,52.322548,45358000
2018-11-06,52.750999,53.991001,52.6805,53.4785,53.008465,28660000
2018-11-07,54.1745,55.496498,54.029499,55.411999,54.924969,43388000
2018-11-08,55.365002,55.410999,54.217999,54.731499,54.250446,33694000
2018-11-09,54.201,54.4175,53.213001,53.851002,53.377689,34860000
2018-11-12,53.656502,53.705002,52.017502,52.467999,52.006844,34002000
2018-11-13,52.740501,53.3335,52.02,52.398499,51.937958,25750000
2018-11-14,53,53.289501,52.0555,52.729,52.265549,34666000
2018-11-15,52.573002,53.943501,52.064499,53.552502,53.081814,41584000
2018-11-16,53.261501,53.622002,52.744999,53.413502,52.944038,35366000
2018-11-19,53.169498,53.400002,51.143501,51.370998,50.919483,45684000
2018-11-20,50.364498,51.8675,50.1105,51.522499,51.06966,54458000
2018-11-21,52.265499,52.7355,51.973,52.171501,51.712944,29698000
2018-11-23,51.674999,52.150002,51.425999,51.505001,51.052311,14178000
2018-11-26,52.200001,52.849998,51.988499,52.797001,52.332954,31558000
2018-11-27,52.567001,53.338001,52.275002,52.613998,52.151562,33048000
2018-11-28,52.873001,54.643002,52.147499,54.5895,54.109695,46042000
2018-11-29,54.176498,55.0075,54.099998,54.729,54.247971,31004000
2018-11-30,54.781502,55.482498,54.159,55.482498,54.994846,59668000
2018-12-03,56.608002,56.75,55.586498,55.818001,55.327393,57532000
2018-12-04,55.649502,55.712002,53.039001,53.123501,52.656586,45630000
2018-12-06,52.25,53.971001,52.124001,53.903999,53.430229,47436000
2018-12-07,53.6115,54.251499,51.968498,52.328999,51.869064,42682000
2018-12-10,52.146999,52.98,51.650002,52.659,52.196163,33652000
2018-12-11,53.347,53.52,52.505001,53.0825,52.61594,33852000
2018-12-12,53.854,54.586498,53.598499,53.686501,53.214634,28960000
2018-12-13,53.783501,54.421001,53.2495,53.676998,53.205212,24986000
2018-12-14,53.000999,53.585999,52.468498,52.585499,52.123306,36358000
2018-12-17,52.350498,53.118999,50.831501,51.282501,50.831764,49932000
2018-12-18,51.700001,52.984501,51.523998,52.170502,51.711956,43640000
2018-12-19,52.364498,53.7855,50.9715,51.772999,51.317947,58264000
2018-12-20,51.299999,52.372002,50.393002,51.179001,50.729168,53674000
2018-12-21,51.602001,51.883499,49.059502,49.5625,49.126881,104656000
2018-12-24,49.216,50.605999,48.882999,49.233501,48.800777,36360000
2018-12-26,49.899502,52.422501,49.6325,52.392502,51.932011,46318000
2018-12-27,51.310001,52.667,50.349998,52.645,52.182281,45996000
2018-12-28,52.974998,53.211498,52.099998,52.334,51.874016,34398000
2018-12-31,52.891499,53.149502,51.652,52.248001,51.788776,33110000
2019-01-02,51.360001,53.039501,51.264,52.734001,52.270504,31868000
2019-01-03,52.533501,53.313,51.1185,51.273499,50.822842,41960000
2019-01-04,52.127998,54,51.842999,53.9035,53.429729,46022000
2019-01-07,54.0485,54.134998,53.132,53.796001,53.323174,47446000
2019-01-08,54.299999,54.6675,53.4175,54.268501,53.791523,35414000
2019-01-09,54.399502,54.582001,53.718498,54.0825,53.607151,26998000
2019-01-10,53.747002,53.990501,53.234001,53.941502,53.467396,26598000
2019-01-11,53.494999,53.668499,52.821499,53.223499,52.755707,30864000
2019-01-14,52.667,52.922501,52.427502,52.5755,52.1134,28490000
2019-01-15,52.900501,54.413502,52.722,54.3255,53.848019,37518000
2019-01-16,54.5,55.118,54.400501,54.475498,53.996689,38280000
2019-01-17,54.399502,55.035,54.162998,54.956001,54.472973,24896000
2019-01-18,55.429501,55.900002,54.964001,55.365002,54.87838,44892000
2019-01-22,54.799999,54.948502,53.544498,53.931499,53.457481,39632000
2019-01-23,54.342999,54.647499,53.378502,54.220501,53.743938,25194000
2019-01-24,54.1255,54.400002,53.500999,54.200001,53.723618,29114000
2019-01-25,54.711498,55.167999,54.59,55.0755,54.591427,23260000
2019-01-28,54.503502,54.668499,53.730499,53.993,53.518444,29334000
2019-01-29,54.051998,54.2365,53.300999,53.502998,53.032745,19704000
2019-01-30,53.868,54.976002,53.832001,54.899502,54.416973,29452000
2019-01-31,55.612,56.383499,55.262501,56.294498,55.799709,40232000
2019-02-01,56.114498,56.720001,55.712502,55.931,55.439407,33116000
2019-02-04,55.9505,57.117001,55.8755,57.070999,56.569389,78408000
2019-02-05,56.481499,57.6385,56.18,57.593498,57.087292,82296000
2019-02-06,57.463501,57.700001,55.917999,56.144501,55.651028,48256000
2019-02-07,55.591,55.599499,54.679501,55.295502,54.809494,38298000
2019-02-08,54.743999,55.255001,54.712002,55.118999,54.634544,21766000
2019-02-11,55.1875,55.671501,55,55.105999,54.621658,18498000
2019-02-12,55.550499,56.643002,55.550499,56.379002,55.883469,35036000
2019-02-13,56.652,57.142502,56.299999,56.431499,55.935509,28042000
2019-02-14,56.25,56.806499,55.8545,56.459999,55.963757,21106000
2019-02-15,56.965,56.965,55.835999,55.981499,55.489464,27826000
2019-02-19,55.832001,56.481998,55.832001,56.3255,55.830437,21980000
2019-02-20,56.444,56.546501,55.587502,56.029499,55.537045,24090000
2019-02-21,55.938999,55.9575,54.898998,55.210499,54.725239,33272000
2019-02-22,55.485001,55.862499,55.025002,55.827999,55.337315,29436000
2019-02-25,56.0965,56.27,55.705502,55.866501,55.375477,26208000
2019-02-26,55.718498,56.321999,55.334999,56.100498,55.607407,35026000
2019-02-27,55.7005,56.286499,55.428001,56.144501,55.651028,22092000
2019-02-28,55.950001,56.699501,55.920502,56.327499,55.83242,27422000
2019-03-01,56.549999,57.5,56.549999,57.425999,56.921265,34086000
2019-03-04,57.728001,58.276001,56.912498,57.671001,57.16412,35490000
2019-03-05,57.799999,58.824501,57.651001,58.459499,57.945686,40094000
2019-03-06,58.588001,58.737,58.1525,58.247002,57.73505,23602000
2019-03-07,58.025002,58.179001,57.085499,57.5425,57.036743,30086000
2019-03-08,56.695,57.672501,56.509998,57.498501,56.993134,23694000
2019-03-11,57.599998,58.995499,57.578499,58.963001,58.444756,30032000
2019-03-12,59.115002,60.2855,59.115002,59.862499,59.336353,42220000
2019-03-13,60.296501,60.355999,59.8955,59.952999,59.426056,25888000
2019-03-14,59.951,60.235001,59.561501,59.626499,59.102428,27302000
2019-03-15,59.900002,60.085999,59.350498,59.514999,58.991909,51886000
2019-03-18,59.484501,59.747501,59.074001,59.427502,58.905174,24442000
2019-03-19,59.585999,60.170502,59.473,60.123001,59.594566,29788000
2019-03-20,60.07,61.4995,59.9795,61.321499,60.782536,41508000
2019-03-21,61,61.821999,60.828999,61.806499,61.26326,28150000
2019-03-22,61.442501,61.681499,60.299999,60.3825,59.85178,34422000
2019-03-25,59.978001,60.472,59.5,59.868999,59.342796,27576000
2019-03-26,60.259499,60.3825,59.088001,59.492001,58.969105,30752000
2019-03-27,59.596001,59.596001,58.211498,58.900501,58.382813,29428000
2019-03-28,58.775002,58.862499,58.171501,58.613499,58.098324,22402000
2019-03-29,59.008999,59.198502,58.319,58.844501,58.327301,30890000
2019-04-01,59.376999,60.009998,59.318001,59.949001,59.422092,27706000
2019-04-02,60.002499,60.290501,59.562,60.277,59.747211,18288000
2019-04-03,60.634998,61.029999,60.254002,60.540501,60.008392,22180000
2019-04-04,60.564499,61.0275,60.452,60.9725,60.436596,21022000
2019-04-05,60.965,61.019501,60.501499,60.572498,60.040115,20012000
2019-04-08,60.5555,60.697498,60.235001,60.414001,59.883007,21750000
2019-04-09,60.094501,60.357498,59.918999,60.134499,59.605957,19668000
2019-04-10,60.254501,60.446999,60.033001,60.322498,59.792305,15510000
2019-04-11,60.445,60.637001,60.227001,60.4795,59.947929,16998000
2019-04-12,60.780998,61.1525,60.664501,61.136501,60.599159,24312000
2019-04-15,61.204498,61.465,60.728001,61.3265,60.787479,23796000
2019-04-16,61.5,61.799,61.251999,61.595501,61.054115,22622000
2019-04-17,61.849998,62.255001,61.645,62.007,61.462002,30366000
2019-04-18,62.25,62.297001,61.970501,62.073502,61.527924,24750000
2019-04-22,61.8335,62.716999,61.668499,62.688,62.13702,19084000
2019-04-23,62.832001,63.7215,62.598499,63.529499,62.971115,31868000
2019-04-24,63.529499,63.700001,62.990501,63.002499,62.448753,23396000
2019-04-25,63.514999,63.639999,62.900002,63.367001,62.810047,31344000
2019-04-26,63.668999,63.945499,63.25,63.870998,63.309612,27228000
2019-04-29,64.025497,64.848503,63.585499,64.809998,64.240356,72368000
2019-04-30,59.531502,60.049,59.150002,59.948002,59.421101,133178000
2019-05-01,59.875,59.962502,58.584,58.666,58.150364,74340000
2019-05-02,58.630001,58.969002,57.9165,58.3255,57.812859,45098000
2019-05-03,58.870499,59.57,58.677502,59.477501,58.954735,41588000
2019-05-06,58.599998,59.7715,58.557999,59.673,59.148521,31774000
2019-05-07,59.290501,59.738499,58.25,58.943001,58.424934,36604000
2019-05-08,58.864498,59.213501,58.3815,58.539001,58.024487,25520000
2019-05-09,58.130001,58.703499,57.731998,58.398499,57.88522,29556000
2019-05-10,58.442001,58.813999,57.318501,58.382,57.86887,31650000
2019-05-13,57.262001,57.598499,56.275002,56.829498,56.330002,45626000
2019-05-14,57.116001,57.2435,56.176498,56.243,55.748665,40392000
2019-05-15,56.127499,58.915001,56.07,58.540001,58.025478,59302000
2019-05-16,58.591999,59.708,58.422501,59.224998,58.704453,35308000
2019-05-17,58.7915,59.314499,58.320999,58.438999,57.925365,25362000
2019-05-20,57.650002,57.650002,56.907001,57.233002,56.729965,30602000
2019-05-21,57.723999,57.900002,57.165501,57.722,57.214664,20562000
2019-05-22,57.5625,58.188999,57.549999,57.7925,57.28455,18826000
2019-05-23,57.303501,57.502499,56.658001,57.266998,56.763664,25214000
2019-05-24,57.599998,57.717999,56.835499,56.9305,56.430122,18554000
2019-05-28,57.074001,57.824501,56.933498,56.978001,56.477203,20948000
2019-05-29,56.634998,56.75,55.5975,55.997002,55.504826,36230000
2019-05-30,56.0075,56.34,55.794998,56.070499,55.577675,18088000
2019-05-31,55.282001,55.669998,55.1675,55.325001,54.83873,31582000
2019-06-03,53.3465,53.349998,51.351501,51.937,51.480511,96890000
2019-06-04,52.224499,52.922001,51.801498,52.724499,52.261086,60512000
2019-06-05,52.75,52.8405,51.650002,52.231998,51.772919,46988000
2019-06-06,52.310501,52.5,51.775501,52.388,51.927551,29020000
2019-06-07,52.714001,53.671501,52.557499,53.418499,52.948986,43828000
2019-06-10,53.849998,54.742001,53.764,54.138,53.662167,28510000
2019-06-11,54.849499,55.2005,53.9785,54.051998,53.576912,33508000
2019-06-12,53.997501,54.125999,53.48,53.955002,53.480778,23670000
2019-06-13,54.2355,54.829498,54.128502,54.550499,54.071045,20814000
2019-06-14,54.487,54.737999,54.074001,54.314999,53.837612,24582000
2019-06-17,54.455002,55.063999,54.400002,54.6945,54.213772,19770000
2019-06-18,55.575001,55.938999,55.039501,55.262001,54.776283,34526000
2019-06-19,55.362,55.4715,54.801498,55.225498,54.740105,26714000
2019-06-20,56.084999,56.136002,55.349998,55.66,55.170784,24018000
2019-06-21,55.493,56.328499,55.486,56.268501,55.773941,50774000
2019-06-24,56,56.178501,55.665501,55.834999,55.344246,24236000
2019-06-25,55.754002,55.785,54.23,54.379002,53.901043,31644000
2019-06-26,54.549999,54.756001,53.684502,54.015999,53.541233,34698000
2019-06-27,54.337502,54.423,53.7925,53.831501,53.35836,24078000
2019-06-28,53.8615,54.139999,53.689999,54.139999,53.664146,33672000
2019-07-01,55.051998,55.429501,54.766499,55,54.51659,29196000
2019-07-02,55.241501,55.644501,54.983501,55.630001,55.141052,20630000
2019-07-03,55.924999,56.399502,55.7425,56.149502,55.655991,20154000
2019-07-05,55.968498,56.732498,55.875,56.633499,56.135735,29794000
2019-07-08,56.293499,56.3605,55.588001,55.8395,55.348713,29888000
2019-07-09,55.515999,56.393002,55.357498,56.2145,55.720413,29472000
2019-07-10,56.616001,57.117001,56.533001,57.045502,56.544113,30710000
2019-07-11,57.307999,57.661999,56.976501,57.203999,56.701218,26004000
2019-07-12,57.1465,57.375,56.928001,57.266998,56.763664,21878000
2019-07-15,57.266998,57.534,57,57.525501,57.019894,21164000
2019-07-16,57.336498,57.929001,57.336498,57.673,57.1661,25352000
2019-07-17,57.546001,57.922001,57.331001,57.337002,56.83305,19538000
2019-07-18,57.099998,57.408501,56.643002,57.362,56.857826,25450000
2019-07-19,57.466,57.578999,56.5625,56.577499,56.080223,23184000
2019-07-22,56.773499,57.000999,56.260502,56.960499,56.459858,28914000
2019-07-23,57.172501,57.443001,56.642502,57.4025,56.897976,20648000
2019-07-24,56.631001,57.272999,56.425499,56.9865,56.485626,27192000
2019-07-25,56.947498,57.179501,56.185501,56.797001,56.297798,54762000
2019-07-26,61.400002,63.419498,61.400002,62.261002,61.713772,121216000
2019-07-29,62.125,62.449501,61.509998,62.091999,61.546249,41382000
2019-07-30,61.349998,61.845501,61.265999,61.400002,60.86034,28616000
2019-07-31,61.2435,61.745499,60.409,60.91,60.374645,39960000
2019-08-01,60.8815,61.814999,60.349998,60.589001,60.056473,35426000
2019-08-02,60.150002,60.474998,59.5,59.816002,59.290264,34910000
2019-08-05,58.648499,58.844002,57.137501,57.737499,57.230034,47840000
2019-08-06,58.276001,59.07,58.0765,58.554001,58.039349,36014000
2019-08-07,57.889999,58.9935,57.542,58.795502,58.278728,30686000
2019-08-08,59.321499,60.313999,58.700001,60.309502,59.779427,30116000
2019-08-09,59.9995,60.223,59.244499,59.445,58.922516,20418000
2019-08-12,59,59.280499,58.436001,58.724998,58.208847,22064000
2019-08-13,58.717499,60.2715,58.649502,59.836498,59.310581,28434000
2019-08-14,58.803501,59.1395,58.053501,58.212502,57.700851,35430000
2019-08-15,58.421501,58.820999,58.150002,58.466,57.952122,28506000
2019-08-16,59.039501,59.192001,58.650002,58.960499,58.44228,24916000
2019-08-19,59.591499,60.469501,59.52,60.021999,59.494453,24450000
2019-08-20,59.767502,59.900002,59.1525,59.176498,58.656372,20206000
2019-08-21,59.791,60.028,59.396,59.578999,59.055347,14152000
2019-08-22,59.689999,59.938999,58.945499,59.576,59.052368,17352000
2019-08-23,59.258499,59.783501,57.5,57.679001,57.172043,36254000
2019-08-26,57.9725,58.592999,57.7425,58.558998,58.044312,21166000
2019-08-27,59.150002,59.25,58.228001,58.541,58.026474,23460000
2019-08-28,58.2435,58.924999,58.012501,58.6875,58.171677,16810000
2019-08-29,59.320999,59.959499,59.264,59.712002,59.187176,19636000
2019-08-30,60.017502,60.017502,59.285999,59.526501,59.003304,18064000
2019-09-03,59.092499,59.453999,58.185501,58.477501,57.963531,25908000
2019-09-04,58.9725,59.243999,58.5765,59.113499,58.593933,21312000
2019-09-05,59.682999,60.700001,59.634499,60.609501,60.076782,26394000
2019-09-06,60.457001,60.647499,60.162998,60.316002,59.785866,18972000
2019-09-09,60.354,61.0275,59.658501,60.2635,59.733829,31854000
2019-09-10,59.804501,60.5,59.800499,60.285,59.755135,27922000
2019-09-11,60.1945,61.123501,60.113998,61,60.463852,23522000
2019-09-12,61.1735,62.120998,61.127998,61.748501,61.205776,31644000
2019-09-13,61.605499,62.052502,61.354,62.001499,61.456554,23676000
2019-09-16,61.521999,61.951,61.259499,61.581501,61.040245,28218000
2019-09-17,61.581501,61.75,61.1675,61.493999,60.95351,20806000
2019-09-18,61.512001,61.812,60.823502,61.6325,61.090794,17440000
2019-09-19,61.616001,62.216999,61.615501,61.9375,61.393112,16554000
2019-09-20,61.681999,62.139999,61.179001,61.492001,60.95153,37692000
2019-09-23,61.328499,61.984001,61.188999,61.734501,61.191902,20798000
2019-09-24,62,62.355499,60.532001,60.9165,60.381084,35804000
2019-09-25,60.800499,62.401001,60.459999,62.297001,61.749454,26798000
2019-09-26,62.106998,62.233501,61.591,62.114498,61.568554,23166000
2019-09-27,62.141499,62.2495,60.759998,61.297501,60.758739,34122000
2019-09-30,61.029999,61.370499,60.671001,61.056999,60.520348,24470000
2019-10-01,61.1245,61.643002,60.2775,60.299999,59.770008,24504000
2019-10-02,59.825001,59.938,58.6315,58.896,58.378345,33030000
2019-10-03,59.167,59.549999,58.157001,59.4715,58.948788,28368000
2019-10-04,59.7145,60.623001,59.5485,60.548,60.015823,24282000
2019-10-07,60.349998,60.945499,60.217999,60.412498,59.881516,17040000
2019-10-08,59.938499,60.343498,59.473999,59.5065,58.983482,20086000
2019-10-09,60.066502,60.423,59.905998,60.119999,59.591587,15948000
2019-10-10,59.93,60.780998,59.893002,60.473499,59.941982,12842000
2019-10-11,61.2015,61.4375,60.681999,60.7855,60.25124,22330000
2019-10-14,60.6945,61.293999,60.594002,60.8885,60.353333,13296000
2019-10-15,61.075001,62.356499,61.046001,62.112,61.566082,27584000
2019-10-16,62.0905,62.709499,61.926498,62.150002,61.603748,22986000
2019-10-17,62.57,63.1875,62.4935,62.639999,62.089436,20958000
2019-10-18,62.734501,62.905499,62.007,62.220501,61.67363,31624000
2019-10-21,62.435001,62.675499,61.9995,62.214001,61.667187,18094000
2019-10-22,62.223999,62.436501,61.9925,62.060001,61.514534,22862000
2019-10-23,62.010502,62.902,62.010502,62.8815,62.328815,21282000
2019-10-24,62.955502,63.145,62.6175,62.955502,62.402168,20224000
2019-10-25,62.599998,63.400002,62.4575,63.215,62.659389,27104000
2019-10-28,63.75,64.961998,63.615501,64.448997,63.882534,65428000
2019-10-29,63.799999,64.040001,62.780499,63.033001,62.478989,52654000
2019-10-30,62.7575,63.401001,62.532501,63.035,62.480961,29204000
2019-10-31,63,63.326,62.473999,62.939999,62.386799,31904000
2019-11-01,63.290001,63.650002,62.9855,63.612499,63.053391,28812000
2019-11-04,63.8055,64.625,63.8055,64.480499,63.913765,30632000
2019-11-05,64.559998,64.862,64.469002,64.571999,64.004456,25148000
2019-11-06,64.504501,64.649498,64.113503,64.550499,63.983143,24626000
2019-11-07,64.713997,66.1325,64.6875,65.347,64.772652,45140000
2019-11-08,65.075996,65.855499,65.075996,65.449997,64.874741,30392000
2019-11-11,65.199997,65.245003,64.793503,64.914001,64.343445,17234000
2019-11-12,64.928497,65.467499,64.711998,64.860497,64.290413,28852000
2019-11-13,64.658997,65.125999,64.607498,64.808998,64.23938,20538000
2019-11-14,64.75,65.786003,64.696999,65.457497,64.882164,28948000
2019-11-15,65.752502,66.677002,65.594498,66.677002,66.090958,39286000
2019-11-18,66.616997,66.695999,65.807999,65.991997,65.41198,27984000
2019-11-19,66.331497,66.331497,65.588501,65.629501,65.052666,21864000
2019-11-20,65.568001,65.6605,64.460503,65.093002,64.520882,28892000
2019-11-21,64.962502,65.556,64.537498,65.007004,64.435638,25546000
2019-11-22,65.150002,65.345001,64.468002,64.683502,64.114975,27776000
2019-11-25,64.813004,65.5205,64.780502,65.281998,64.708221,23590000
2019-11-26,65.495499,65.7005,65.202003,65.650002,65.07299,21910000
2019-11-27,65.771004,65.882004,65.473503,65.606499,65.029861,18808000
2019-11-29,65.330002,65.497498,65.161499,65.204498,64.631393,12802000
2019-12-02,65.127998,65.272003,64.018997,64.443001,63.876583,26538000
2019-12-03,63.932999,64.861504,63.852501,64.737,64.168015,25270000
2019-12-04,65.305,66.213501,65.152496,65.946999,65.367363,35506000
2019-12-05,66.349998,66.399002,65.716003,66.348,65.764854,24408000
2019-12-06,66.637497,67.123497,66.561501,66.969498,66.380882,32968000
2019-12-09,66.943001,67.877502,66.803497,67.149498,66.559311,30842000
2019-12-10,66.997002,67.400002,66.699997,67.144501,66.554344,17606000
2019-12-11,67.415001,67.494499,67.055,67.212502,66.62175,20480000
2019-12-12,67.1605,67.728996,66.910004,67.4245,66.831902,29114000
2019-12-13,67.394997,67.567497,67.083,67.343498,66.751595,33170000
2019-12-16,67.75,68.176498,67.530502,68.035004,67.437035,28128000
2019-12-17,68.120499,68.216499,67.538498,67.744499,67.149071,32948000
2019-12-18,67.849998,67.971497,67.523003,67.595497,67.001389,23330000
2019-12-19,67.595497,67.876503,67.4375,67.821999,67.225891,28922000
2019-12-20,68.154999,68.199997,67.536499,67.560997,66.967178,50090000
2019-12-23,67.936501,68.092499,67.400002,67.531502,66.937958,19936000
2019-12-24,67.510498,67.600502,67.208504,67.221497,66.630661,13468000
2019-12-26,67.327499,68.160004,67.275497,68.123497,67.524734,23662000
2019-12-27,68.199997,68.352501,67.650002,67.732002,67.136688,23212000
2019-12-30,67.8405,67.849998,66.891998,66.985497,66.396744,19994000
2019-12-31,66.789497,67.032997,66.606499,66.969498,66.380882,19514000
2020-01-02,67.420502,68.433998,67.324501,68.433998,67.832512,27278000
2020-01-03,67.400002,68.6875,67.365997,68.075996,67.477661,23408000
2020-01-06,67.581497,69.916,67.550003,69.890503,69.276215,46768000
2020-01-07,70.023003,70.175003,69.578003,69.755501,69.142395,34330000
2020-01-08,69.740997,70.592499,69.6315,70.251999,69.634537,35314000
2020-01-09,71.096497,71.433998,70.510498,70.989502,70.365555,33200000
2020-01-10,71.473503,71.747002,70.980003,71.447998,70.820015,26258000
2020-01-13,71.762497,72.073997,71.268501,72.001503,71.368668,30730000
2020-01-14,72,72.1315,71.388496,71.529503,70.900818,26076000
2020-01-15,71.651001,72.039001,71.583,71.959999,71.327515,21550000
2020-01-16,72.272499,72.535004,72,72.508003,71.870712,26080000
2020-01-17,73.126999,74.027496,72.827499,73.975998,73.325813,52424000
2020-01-21,73.949997,74.494003,73.510498,74.112503,73.461105,48930000
2020-01-22,74.486504,75.028999,74.133003,74.193497,73.541389,28458000
2020-01-23,74.377502,74.675003,74.015999,74.234497,73.582024,26650000
2020-01-24,74.640999,74.709999,73.158997,73.308502,72.664177,29786000
2020-01-27,71.577003,71.829002,70.974998,71.586502,70.957306,34132000
2020-01-28,72.086998,72.739998,71.517998,72.525002,71.88755,29724000
2020-01-29,72.922997,73.207001,72.269501,72.834999,72.194832,21566000
2020-01-30,71.904999,72.762497,71.75,72.712502,72.073395,27110000
2020-01-31,73.392998,73.483498,71.352997,71.639,71.009346,43822000
2020-02-03,73.082497,74.315002,72.830498,74.129997,73.478462,71636000
2020-02-04,72.724503,73.366997,71.101501,72.2705,71.6353,95880000
2020-02-05,73.180496,73.228996,71.484001,72.302498,71.667007,36376000
2020-02-06,72.598999,74.078003,72.524002,73.7985,73.149857,37822000
2020-02-07,73.369499,74.262497,73.2705,73.955498,73.305473,28360000
2020-02-10,73.861504,75.444,73.760002,75.432999,74.769997,38302000
2020-02-11,75.663498,76.494003,75.272499,75.502998,74.839386,34852000
2020-02-12,75.792999,76.014999,75.433502,75.931503,75.26413,31042000
2020-02-13,75.5,76.297501,75.199997,75.669502,75.004425,22914000
2020-02-14,75.726501,76.002502,75.277496,75.936501,75.269066,23198000
2020-02-18,75.717003,76.528,75.550499,75.972,75.304268,25642000
2020-02-19,76.360001,76.537003,76.049004,76.2435,75.573372,22746000
2020-02-20,75.9505,76.3535,75.212997,75.849503,75.182838,25962000
2020-02-21,75.228996,75.547501,73.9245,74.172997,73.521072,42520000
2020-02-24,71.152496,71.819,70.3395,70.992996,70.369019,49560000
2020-02-25,71.550003,71.842499,69.021004,69.316002,68.706757,51580000
2020-02-26,69.749001,70.683502,68.827499,69.523499,68.91243,49776000
2020-02-27,67.957001,68.470001,65.711998,65.747498,65.169624,62290000
2020-02-28,63.7155,67.122498,63.4105,66.962502,66.373955,80198000
2020-03-02,67.569504,69.373497,66.260002,69.316002,68.706757,55430000
2020-03-03,69.884003,70.4095,66.461998,66.886002,66.298126,56602000
2020-03-04,67.947998,69.139,66.849998,69.080002,68.472839,47598000
2020-03-05,67.277496,67.681503,65.082001,65.737999,65.16021,54380000
2020-03-06,63.497501,65.137497,62.8605,64.787003,64.217567,64640000
2020-03-09,60.248001,62.636501,59.902,60.789501,60.255207,69252000
2020-03-10,62.719501,63.7925,60.725498,63.758499,63.198105,54872000
2020-03-11,62.413502,62.8465,59.556999,60.544998,60.012852,54732000
2020-03-12,56.131001,59.4375,55.4235,55.577499,55.089008,94326000
2020-03-13,58.7495,60.720001,55.614498,60.713501,60.179874,79400000
2020-03-16,54.480499,57.273499,53.354,53.650002,53.178452,96520000
2020-03-17,54.532001,56.299999,52.455002,55.903,55.411659,83194000
2020-03-18,52.997002,55.2495,51.849998,54.559502,54.079964,93044000
2020-03-19,54.410999,57.630501,52.7775,55.5835,55.094952,74064000
2020-03-20,56.544998,56.924,53.105,53.4105,52.941059,82878000
2020-03-23,52.818501,53.345501,50.443501,52.706501,52.243252,83672000
2020-03-24,55.199001,56.6665,54.321499,56.5005,56.003902,72468000
2020-03-25,56.229,57.308498,54.150501,55.081001,54.596882,90324000
2020-03-26,55.736,58.574001,54.601501,58.146,57.634933,76562000
2020-03-27,56.373501,57.552502,55.200001,55.513,55.025074,62794000
2020-03-30,56.632,57.549999,54.9245,57.315498,56.811729,58736000
2020-03-31,57.436501,58.669998,56.835999,58.0975,57.586864,65228000
2020-04-01,56.200001,56.471001,54.6745,55.105,54.620663,51970000
2020-04-02,55,56.1385,54.656502,55.851501,55.360607,56410000
2020-04-03,55.7355,55.939499,53.754002,54.634998,54.154797,51374000
2020-04-06,56.650002,59.537498,56.25,59.1595,58.639526,63320000
2020-04-07,60.850498,61.039001,58.862499,59.127998,58.608303,61620000
2020-04-08,60.154999,60.744999,59.197498,60.349998,59.819569,40334000
2020-04-09,60.909,61.099499,59.620998,60.328499,59.798248,54028000
2020-04-13,60.075001,60.726002,59.116501,60.5205,59.988567,38702000
2020-04-14,61.998501,63.787498,61.426998,63.261501,62.705479,63358000
2020-04-15,62.3255,63.755501,61.700001,62.865002,62.312462,42236000
2020-04-16,63.356998,63.667999,61.91,62.871498,62.318901,57896000
2020-04-17,64.084999,64.5,63.299999,63.950001,63.387928,51050000
2020-04-20,63.494499,63.841,62.821999,63.057499,62.503273,35292000
2020-04-21,62.135502,62.5,60.25,60.608002,60.075298,49648000
2020-04-22,62.0555,63.993999,61.860001,62.920502,62.367477,46296000
2020-04-23,63.286999,64.407501,63.026501,63.558498,62.999859,34202000
2020-04-24,62.75,63.885502,62.200001,63.830002,63.268982,37402000
2020-04-27,64.599998,64.705002,63.252998,63.542999,62.984505,44186000
2020-04-28,64.160004,64.237999,61.519001,61.629501,61.087822,80700000
2020-04-29,67.25,68.0075,66.336502,67.109001,66.519157,108358000
2020-04-30,66.568001,67.5,66.074997,67.334999,66.743179,55842000
2020-05-01,66.204498,67.571503,65.483002,65.865997,65.287079,48872000
2020-05-04,65.406502,66.223503,64.800499,66.144997,65.563629,30806000
2020-05-05,66.875,68.550499,66.751503,67.450996,66.858154,39666000
2020-05-06,67.900002,68.434502,67.2565,67.2715,66.680244,31732000
2020-05-07,68.065498,68.800003,67.626999,68.463997,67.862244,30652000
2020-05-08,69.091003,69.832001,68.600502,69.217003,68.608635,33326000
2020-05-11,68.8395,70.776497,68.775002,70.179497,69.562668,32718000
2020-05-12,70.411003,70.716499,68.725502,68.759003,68.154655,33918000
2020-05-13,68.807999,69.266502,66.400497,67.416496,66.823952,40368000
2020-05-14,66.676003,67.8685,66.165001,67.843002,67.246719,36660000
2020-05-15,67.413002,68.728996,66.949997,68.653,68.049599,41544000
2020-05-18,68.079002,69.638,67.709999,69.259003,68.650261,47094000
2020-05-19,69.274002,69.624496,68.688004,68.720001,68.115997,31586000
2020-05-20,69.458,70.601501,69.371002,70.458,69.83873,38262000
2020-05-21,70.5495,70.822998,69.719498,70.337502,69.719292,30894000
2020-05-22,70.195,70.849998,69.797501,70.662003,70.040939,28544000
2020-05-26,72.098,72.255501,70.970001,71.068497,70.443855,44590000
2020-05-27,71,71.267502,69.730003,71.014,70.389839,31684000
2020-05-28,70,72.223,69.954002,70.912003,70.288734,35170000
2020-05-29,71.0215,71.836502,70.799004,71.676003,71.046028,37044000
2020-06-01,71.285004,72.079002,71.113998,71.7435,71.112923,25162000
2020-06-02,71.75,72.150002,71.080498,72.115501,71.481651,23442000
2020-06-03,72.135002,72.4505,71.581001,71.962502,71.330002,27732000
2020-06-04,71.838997,72.066002,70.300499,70.714996,70.09346,26982000
2020-06-05,70.781998,72.315002,70.380997,72.000999,71.368164,42642000
2020-06-08,71.314003,72.449997,71.223999,72.402,71.765648,33878000
2020-06-09,72.262001,73.389999,72.117996,72.603996,71.965858,33624000
2020-06-10,73.0755,73.638496,72.718002,73.235001,72.591316,31762000
2020-06-11,72.051498,72.580002,69.920502,70.095001,69.478912,47144000
2020-06-12,71.292999,71.725502,69.290001,70.646004,70.025078,36676000
2020-06-15,69.474503,71.25,69.360001,71.037003,70.412636,30468000
2020-06-16,72.449997,72.858498,71.449501,72.323502,71.687828,30648000
2020-06-17,72.647003,73.110001,71.7565,72.626999,71.988655,30610000
2020-06-18,72.4925,72.648499,71.311996,71.706001,71.075752,34862000
2020-06-19,72,72.224998,70.949997,71.232002,70.605934,52784000
2020-06-22,71.250504,72.547501,70.959503,72.532997,71.895477,29442000
2020-06-23,72.599998,73.760002,72.25,73.198997,72.555634,37752000
2020-06-24,73.164001,73.789497,71.5,71.635002,71.005386,31592000
2020-06-25,71.560997,72.115997,70.976997,72.055,71.421692,23958000
2020-06-26,71.6315,71.850998,67.75,68.126999,67.528221,97640000
2020-06-29,68.016998,69.900002,67.582497,69.858498,69.244484,45074000
2020-06-30,69.844002,71.199997,69.346497,70.902496,70.279312,40286000
2020-07-01,70.958504,72.424004,70.709,72.099998,71.466278,42182000
2020-07-02,72.592003,74.426003,72.553497,73.496498,72.850525,57218000
2020-07-06,74.407501,75.5,73.848999,74.982498,74.323448,44712000
2020-07-07,74.806503,76.066002,74.485001,74.496002,73.841232,42364000
2020-07-08,75.040001,75.558502,74.614998,75.18,74.519218,31766000
2020-07-09,75.496498,76.457001,74.779503,75.932999,75.26561,41836000
2020-07-10,75.662498,77.067001,75.036003,76.9505,76.274155,35918000
2020-07-13,77.497002,78.818001,75.328003,75.611504,74.94693,42954000
2020-07-14,74.639503,76.139999,74.296501,76.042999,75.374634,38108000
2020-07-15,76.161499,76.816498,74.891502,75.844002,75.177391,31026000
2020-07-16,75.074997,75.795502,74.413498,75.746002,75.080261,26484000
2020-07-17,75.845497,76.171501,74.904999,75.842499,75.175896,34264000
2020-07-20,75.75,78.4505,75.135002,78.192001,77.504753,30166000
2020-07-21,79.251503,79.352501,77.630997,77.795998,77.112221,27486000
2020-07-22,77.7855,78.348999,77.161499,78.2425,77.554794,24482000
2020-07-23,78.296501,78.517502,75.429497,75.837502,75.170937,33910000
2020-07-24,74.959503,75.7715,74.379501,75.4105,74.747704,29902000
2020-07-27,75.663002,76.877998,75.616501,76.471497,75.79937,27124000
2020-07-28,76.25,76.300499,75.026001,75.182503,74.521698,30910000
2020-07-29,75.25,76.666496,75.150497,76.175499,75.505974,22676000
2020-07-30,74.898499,77.044502,74.758499,76.918503,76.242447,36042000
2020-07-31,74.852501,75.250999,72.699997,74.397499,73.743599,91468000
2020-08-03,74.550003,74.886497,73.585999,74.138,73.486389,45482000
2020-08-04,74.335503,74.655502,73.2015,73.665001,73.017532,37212000
2020-08-05,73.841003,74.5,73.560997,73.954498,73.304497,29134000
2020-08-06,73.807503,75.313499,73.595001,75.247498,74.586121,33306000
2020-08-07,75.452003,76.004501,74.313499,74.918503,74.260017,27718000
2020-08-10,74.540001,75.357498,73.874496,74.841003,74.183197,20546000
2020-08-11,74.699997,75.522003,73.9095,74.027,73.37635,31098000
2020-08-12,74.356003,75.583504,74.25,75.362,74.699623,22512000
2020-08-13,75.4105,76.848503,75.4105,75.832497,75.166,22388000
2020-08-14,75.680496,75.989502,74.949997,75.231499,74.570274,21942000
2020-08-17,75.7985,76.189003,75.25,75.811996,75.14566,19990000
2020-08-18,76.306,77.8685,76.083504,77.789001,77.105286,28378000
2020-08-19,77.624496,78.443001,77,77.230499,76.551689,30472000
2020-08-20,76.998497,79.008499,76.723,78.8125,78.119804,26382000
2020-08-21,78.589996,79.594002,78.115501,78.778503,78.086098,34838000
2020-08-24,79.623497,80.439003,78.751999,79.2575,78.560875,25638000
2020-08-25,79.004997,80.444,78.893997,80.292503,79.586784,25150000
2020-08-26,80.315002,82.639503,80.049004,82.206497,81.483955,52188000
2020-08-27,82.330498,82.399498,80.940498,81.426003,80.710312,31350000
2020-08-28,81.473503,82.067497,81.280502,81.971497,81.251038,22418000
2020-08-31,82.178497,82.224998,81.266502,81.476501,80.760376,26422000
2020-09-01,81.608002,82.960999,81.476501,82.753998,82.026642,22652000
2020-09-02,83.400497,86.305,83.009499,85.869499,85.114754,49522000
2020-09-03,84.975998,85,80.385498,81.475502,80.759392,63726000
2020-09-04,80.449997,81.749496,76.898499,79.060501,78.365616,55850000
2020-09-08,76.25,77.777496,75.824997,76.18,75.510429,54032000
2020-09-09,77.445,77.935997,76.258499,77.361504,76.681557,39242000
2020-09-10,77.509003,78.682999,76,76.302498,75.631866,33024000
2020-09-11,76.407501,76.934998,74.651001,75.788002,75.12188,30706000
2020-09-14,76.582497,77.849998,75.255501,75.441498,74.778419,42660000
2020-09-15,76.394501,77.5495,76.105003,76.755997,76.08136,23042000
2020-09-16,77.124001,77.718498,75.579498,75.6045,74.939987,22128000
2020-09-17,74.290497,74.932999,73.123001,74.351997,73.698502,40008000
2020-09-18,74.415001,74.760002,71.581001,72.554497,71.916801,63056000
2020-09-21,71.581001,72.002998,70.134003,71.507004,70.878517,56908000
2020-09-22,72.515999,73.198502,71.474998,72.990997,72.349464,33950000
2020-09-23,72.6045,72.653999,70.134003,70.469498,69.850128,37726000
2020-09-24,70.134003,71.899498,70.107498,71.142998,70.5177,34552000
2020-09-25,71.252502,72.296997,70.384003,71.953003,71.320587,30326000
2020-09-28,73.599503,73.649498,72.314003,72.932999,72.291969,30784000
2020-09-29,73.195503,73.599998,72.699997,73.301003,72.656738,31816000
2020-09-30,73.046997,74.309998,72.788002,73.279999,72.635918,40924000
2020-10-01,74.182999,74.753502,73.839996,74.394997,73.741119,32884000
2020-10-02,72.981499,73.9515,72.3675,72.779999,72.140312,31222000
2020-10-05,73.1325,74.235001,73.004501,74.141502,73.489845,21602000
2020-10-06,73.775002,74.225998,72.250504,72.551003,71.913322,26096000
2020-10-07,72.9655,73.448502,71.661499,72.957001,72.315758,36108000
2020-10-08,73.272499,74.401497,73.272499,74.171501,73.519585,26076000
2020-10-09,74.642998,75.592499,74.349998,75.522499,74.858719,32966000
2020-10-12,76.900002,79.420998,76.464996,78.2295,77.541916,55344000
2020-10-13,78.850502,79.258003,77.931503,78.3535,77.664833,39072000
2020-10-14,78.730003,79.192497,77.294998,78.171997,77.484917,33174000
2020-10-15,77.224998,78.57,77.056503,77.773499,77.089928,31210000
2020-10-16,78.091499,78.885498,77.883003,78.385002,77.696053,34194000
2020-10-19,78.796501,79.196503,76.146004,76.497498,75.82515,29734000
2020-10-20,76.155502,78.692001,76.025002,77.554001,76.872345,41670000
2020-10-21,78.4925,80.757004,78.357002,79.2995,78.602509,60322000
2020-10-22,79.25,80.670998,78.874001,80.333,79.62693,30512000
2020-10-23,80.752502,81.706001,80.595497,81.649002,80.931374,30548000
2020-10-26,80.75,81.478996,78.389,79.2145,78.518257,35826000
2020-10-27,79.446503,80.099998,78.849503,79.944,79.241341,25902000
2020-10-28,77.500504,77.690498,75.424004,75.540001,74.876045,45174000
2020-10-29,75.850998,79.436996,75.827499,77.844002,77.159798,55406000
2020-10-30,83.372002,84.066002,80.078499,80.805496,80.095261,99878000
2020-11-02,81.177002,82.912003,80.711998,81.216003,80.502174,44228000
2020-11-03,81.538002,82.949997,80.605499,82.282997,81.559776,31432000
2020-11-04,85.278999,88.501503,85.150002,87.292503,86.525261,71342000
2020-11-05,88.522499,89.591003,87.051498,88.125,87.350426,39758000
2020-11-06,87.567001,88.425003,86.834,87.986504,87.213165,28622000
2020-11-09,89.799004,90.844498,87.877502,88.070999,87.296928,53440000
2020-11-10,86.488503,87.969002,85.806,86.886002,86.122345,43022000
2020-11-11,87.419998,88.144997,87.153,87.361504,86.593666,31838000
2020-11-12,87.099998,88.249001,86.898499,87.140999,86.375092,26474000
2020-11-13,87.400002,88.856499,86.799004,88.612999,87.834152,29744000
2020-11-16,88.207001,89.717003,88.066498,88.7015,87.921867,25468000
2020-11-17,88.392998,88.857002,87.974503,88.083,87.308823,21314000
2020-11-18,87.832001,88.25,86.928497,87.031998,86.267036,20108000
2020-11-19,86.661499,88.1745,86.500999,87.928497,87.155663,20106000
2020-11-20,88.099998,88.417999,86.75,86.819,86.055923,27694000
2020-11-23,87.011002,87.2995,85.509003,86.377998,85.61879,22530000
2020-11-24,86.375,88.323997,86.036499,88.195,87.419823,27984000
2020-11-25,88.390503,88.518997,87.417999,88.206497,87.431221,19600000
2020-11-27,88.226997,89.850502,88.226997,89.350998,88.565681,14790000
2020-11-30,88.782501,89.016998,87.391998,87.720001,86.948997,32418000
2020-12-01,88.333,91.085999,88.151497,89.767998,88.978996,37350000
2020-12-02,89.767998,91.637001,89.258499,91.248497,90.44648,29424000
2020-12-03,91.027,92.191498,90.849998,91.092003,90.291367,24728000
2020-12-04,91.011002,91.474998,90.679497,91.188004,90.38652,20544000
2020-12-07,90.777496,91.4645,90.152,90.851501,90.052979,22288000
2020-12-08,90.426003,90.7985,89.564003,90.566498,89.770485,19936000
2020-12-09,90.517998,91.418503,88.099998,88.892998,88.111702,31728000
2020-12-10,88.129997,88.749496,86.676498,88.3825,87.60569,28688000
2020-12-11,88,88.865501,87.637001,88.739998,87.960037,18628000
2020-12-14,88.536003,89.489998,87.456497,87.612999,86.842949,33050000
2020-12-15,87.992996,88.199997,87.083504,88.054001,87.280075,21352000
2020-12-16,88.455498,88.455498,87.453003,87.859497,87.087265,24676000
2020-12-17,88.196503,88.335503,86.557503,87.025497,86.260605,34880000
2020-12-18,87.308502,87.417999,85.75,86.310997,85.552383,85256000
2020-12-21,85.456497,86.849998,84.699997,86.727997,85.965721,33974000
2020-12-22,86.466499,86.630501,85.289001,86.011002,85.255028,20370000
2020-12-23,86.196503,87.205498,86.059998,86.411499,85.652008,22974000
2020-12-24,86.449997,87.120499,86.217499,86.708,85.9459,9312000
2020-12-28,87.245499,89.349998,87.091003,88.697998,87.918404,27650000
2020-12-29,89.361504,89.4235,87.755501,87.888,87.115524,19726000
2020-12-30,88.25,88.388,86.400002,86.8125,86.049477,21026000
2020-12-31,86.863503,87.875,86.804497,87.632004,86.861778,21070000
2021-01-04,88,88.124496,85.357002,86.306503,85.547935,37324000
2021-01-05,86.254501,87.341499,85.845001,87.002502,86.237823,20360000
2021-01-06,85.013,87.198502,84.805,86.143997,85.386848,46588000
2021-01-07,86.337997,88.890999,86.337997,88.717003,87.937248,41936000
2021-01-08,88.858002,89.968002,88.060997,89.891502,89.101418,35484000
2021-01-11,88.850998,89.219002,87.607002,87.814499,87.042679,34796000
2021-01-12,87.267998,88.394997,85.819,86.871498,86.107956,29528000
2021-01-13,86.365997,87.819504,86.365997,87.362503,86.59465,23432000
2021-01-14,87.443497,88.377502,86.303497,86.545998,85.785316,29212000
2021-01-15,86.450996,87.380997,85.585503,86.380997,85.621773,31444000
2021-01-19,87.150002,90.192001,86.641502,89.223503,88.439308,41660000
2021-01-20,91.318497,94.986,90.975502,94.003502,93.177277,64152000
2021-01-21,94.682503,96.603996,93.970497,94.207497,93.379471,58634000
2021-01-22,94.572998,95.219498,93.824997,94.627998,93.796295,32744000
2021-01-25,95.637001,96.091003,92.958,94.713997,93.881531,50586000
2021-01-26,94.2995,95.787498,93.806503,95.397499,94.559021,31462000
2021-01-27,93.745499,94.023499,89.863998,90.946999,90.147644,82512000
2021-01-28,91.550003,94.399498,91.550003,92.660004,91.845589,55278000
2021-01-29,91.700996,92.376999,90.078003,91.367996,90.564919,44530000
2021-02-01,92.2295,95.777,92.2295,94.653503,93.821564,40252000
2021-02-02,95.656502,97.468498,95.318497,95.956001,95.112617,66332000
2021-02-03,103.2805,105.331,100.6775,102.944,102.0392,97882000
2021-02-04,103.031,103.465,101.755,102.6815,101.77901,48596000
2021-02-05,102.978,104.797,102.5,104.4415,103.52353,29866000
2021-02-08,105,105.75,103.1675,104.226,103.30994,28828000
2021-02-09,103.74,104.9255,103.5,103.7695,102.85744,21892000
2021-02-10,104.157,104.944,102.612,104.324,103.40707,25102000
2021-02-11,104.55,104.7,103.443,104.4375,103.51957,20480000
2021-02-12,103.9885,104.975,103.6785,104.7515,103.83081,18990000
2021-02-16,104.5875,107.257,104.5875,105.535,104.60742,31004000
2021-02-17,104.699,106.122,104.4175,105.931,104.99995,20294000
2021-02-18,105.25,106.0995,104.6665,105.2905,104.36506,22546000
2021-02-19,105.3895,105.929,104.1715,104.4405,103.52254,37938000
2021-02-22,102.68,104.0165,102.4,102.713,101.81022,29466000
2021-02-23,100.6995,103.625,99.511497,103.006,102.10065,34658000
2021-02-24,101.502,104.416,101.3765,104.1905,103.27473,22608000
2021-02-25,102.7965,104.15,100.3245,100.7975,99.91156,41548000
2021-02-26,101.4975,102.826,100.0505,101.0955,100.20695,40042000
2021-03-01,102.4,103.8115,101.721,103.483,102.57348,26060000
2021-03-02,103.242,104.737,102.8335,103.224,102.31674,25564000
2021-03-03,102.5975,103.7995,99.699997,100.5705,99.686546,33892000
2021-03-04,100.7435,103.7295,100.2715,101.6965,100.80267,49216000
2021-03-05,103.0575,105.31,101.389,104.8535,103.9319,53100000
2021-03-08,104.203,105.687,100.2595,100.375,99.49276,36868000
2021-03-09,102.4875,103.196,101.78,102.018,101.12133,33920000
2021-03-10,103.07,103.07,100.9665,101.8095,100.91467,27100000
2021-03-11,102.911,105.5635,102.8225,105.027,104.1039,27702000
2021-03-12,103.8205,103.8805,101.621,102.5,101.5991,33818000
2021-03-15,102.249,102.7495,101.3895,102.722,101.81915,26168000
2021-03-16,103.2995,105.684,102.9645,104.1945,103.27871,31900000
2021-03-17,103.4235,104.95,102.206,104.111,103.19593,26382000
2021-03-18,102.409,103.4375,100.959,101.067,100.17869,31700000
2021-03-19,101.4865,101.852,100.1465,101.348,100.45721,46072000
2021-03-22,101.3815,102.417,100.7,101.5345,100.64209,33536000
2021-03-23,101.9975,103.2055,101.4,102.0665,101.1694,28510000
2021-03-24,102.588,103.38,101.45,101.6265,100.73329,25218000
2021-03-25,101.4525,102.282,99.804497,101.623,100.7298,35616000
2021-03-26,101.5895,101.9695,100.1925,101.2365,100.3467,27978000
2021-03-29,101.108,102.4605,100.2725,102.2895,101.39044,26492000
2021-03-30,102.649,103.1335,101.8075,102.3235,101.42416,27312000
2021-03-31,102.72,104.313,102.35,103.126,102.2196,42570000
2021-04-01,104.6125,106.7875,104.5715,106.489,105.55304,39880000
2021-04-05,107.3575,111.4495,107.2605,110.948,109.97284,48510000
2021-04-06,110.546,111.4,110.0895,110.463,109.49211,35240000
2021-04-07,110.655,112.225,110.655,111.9515,110.96755,24134000
2021-04-08,113.2,113.5895,112.1505,112.5215,111.53252,28664000
2021-04-09,112.272,113.6985,111.863,113.5335,112.53563,26146000
2021-04-12,112.706,112.8445,111.391,112.231,111.24458,25024000
2021-04-13,112.5495,113.1735,112.1525,112.7215,111.73076,25682000
2021-04-14,113.3715,113.3715,111.801,112.0955,111.11025,21002000
2021-04-15,113.0975,114.8,112.5585,114.2625,113.2582,29174000
2021-04-16,114.462,114.712,113.546,114.1375,113.1343,26282000
2021-04-19,113.509,115.2045,113.509,114.488,113.48174,30290000
2021-04-20,114.8745,114.95,112.856,113.9505,112.94895,22288000
2021-04-21,113.6025,114,112.241,113.9175,112.91624,23204000
2021-04-22,113.77,114.444,112.016,112.626,111.6361,24146000
2021-04-23,113.35,115.306,113.0625,114.9965,113.98576,29066000
2021-04-26,115.226,116.2265,114.866,115.4965,114.48138,32038000
2021-04-27,115.8815,115.9225,114.308,114.549,113.54221,44386000
2021-04-28,119.625,121.569,117.661,117.952,116.91529,81106000
2021-04-29,119.4615,120.208,118.6925,119.638,118.58647,41234000
2021-04-30,118.401,119.0925,117.328,117.675,116.64071,44856000
2021-05-03,118.2455,119.0775,116.775,117.154,116.12429,28242000
2021-05-04,115.6775,116.2495,112.834,115.3415,114.32774,44818000
2021-05-05,116.4315,116.75,115.414,115.7385,114.72125,26636000
2021-05-06,115.3165,116.8675,114.652,116.8675,115.84032,25190000
2021-05-07,118.1945,118.5625,117.308,117.5965,116.56292,28898000
2021-05-10,116.407,116.55,114.227,114.5875,113.58035,30914000
2021-05-11,112.1535,114.014,111.696,113.503,112.50538,34186000
2021-05-12,111.3095,112.399,109.681,110.0125,109.04556,46376000
2021-05-13,111.306,111.972,110.336,111.452,110.47242,33204000
2021-05-14,112.927,114.236,112.5,113.919,112.91773,31996000
2021-05-17,113.1785,114.489,112.7755,114.446,113.4401,21598000
2021-05-18,115.1175,115.384,113.1095,113.1235,112.12922,22204000
2021-05-19,111.4215,113.7495,111.272,113.575,112.57675,23684000
2021-05-20,114.55,115.6,114.176,115.3475,114.33369,32352000
2021-05-21,115.8705,115.9445,114.465,114.7065,113.6983,40632000
2021-05-24,115.7445,118.2775,115.598,118.052,117.0144,31832000
2021-05-25,118.6,119.2,117.75,118.1435,117.10511,22440000
2021-05-26,118.326,119.4495,118.323,119.0155,117.96945,21572000
2021-05-27,119.4525,119.4525,117.813,118.134,117.09569,35224000
2021-05-28,118.721,118.8035,117.6425,117.8425,116.80674,21482000
2021-06-01,118.722,119.2855,117.714,119.059,118.01255,23354000
2021-06-02,119.4575,119.682,117.618,118.5295,117.48771,21158000
2021-06-03,117.2865,117.851,116.476,117.379,116.34731,18696000
2021-06-04,118.4635,119.9515,118.1205,119.6785,118.62662,24458000
2021-06-07,119.472,120.2255,119.05,120.115,119.05927,24120000
2021-06-08,120.6005,120.976,119.739,119.922,118.86797,24240000
2021-06-09,120.5715,120.644,119.845,120.397,119.33879,17942000
2021-06-10,120.346,121.8,120.189,121.7565,120.68634,25904000
2021-06-11,122,122.086,120.948,121.51,120.44202,21958000
2021-06-14,121.613,122.446,120.9,122.4455,121.36931,22098000
2021-06-15,122.45,122.7755,121.056,121.4195,120.35232,21562000
2021-06-16,121.572,121.886,119.47,120.7725,119.71099,26472000
2021-06-17,120.6975,122.5225,120.5,121.7435,120.67346,25842000
2021-06-18,121.367,121.603,120.015,120.111,119.05531,46116000
2021-06-21,120.5005,122,119.8985,121.8125,120.74186,27414000
2021-06-22,121.75,122.4,121.064,122.3305,121.2553,22390000
2021-06-23,122.0935,123.0955,121.8345,122.127,121.0536,19148000
2021-06-24,122.7,123.0555,122.3,122.5,121.4233,21362000
2021-06-25,122,122.633,121.565,122.5085,121.43175,34594000
2021-06-28,122.6785,122.785,121.4055,122.536,121.459,28526000
2021-06-29,122.6705,123.021,121.691,122.2725,121.19781,23108000
2021-06-30,121.9945,122.257,121.3545,122.0895,121.01641,24474000
2021-07-01,121.725,122.587,121.5315,122.4445,121.36831,18110000
2021-07-02,123.15,125.404,123.0595,125.2575,124.15659,25982000
2021-07-06,125.6485,126.428,124.5825,126.19,125.08088,26404000
2021-07-07,127.162,127.284,126.153,126.474,125.36239,24060000
2021-07-08,124.026,125.5955,124.022,125.044,123.94496,23790000
2021-07-09,125.025,125.7345,124.5515,125.5185,124.41528,18632000
2021-07-12,126.178,127.0695,125.611,126.9755,125.85947,17668000
2021-07-13,127.0385,128.0575,126.6745,127.3415,126.22225,19240000
2021-07-14,127.958,129.32651,127.9145,128.237,127.10988,23742000
2021-07-15,128.649,128.7,126.53,127.005,125.88872,24218000
2021-07-16,127.663,127.8115,126.1535,126.97,125.85402,20424000
2021-07-19,126.0895,126.205,123.505,124.578,123.48305,27968000
2021-07-20,125.5275,127.043,124.3505,126.2095,125.10021,26312000
2021-07-21,126.1335,127.596,126.0235,127.549,126.42794,20746000
2021-07-22,127.844,128.483,127.499,128.42149,127.29275,14302000
2021-07-23,130.4305,133.399,129.80051,133.015,131.84589,41506000
2021-07-26,133.32851,134.237,132.3015,134.035,132.85692,30572000
2021-07-27,134.2505,134.399,130.104,131.89999,130.74068,54710000
2021-07-28,136.312,138.297,135.2775,136.09399,134.89781,95130000
2021-07-29,136.14999,136.661,135.543,135.7775,134.58409,31716000
2021-07-30,135.035,135.3045,134.255,134.7265,133.54236,25576000
2021-08-02,135.117,135.3365,133.79401,134.85451,133.6692,21634000
2021-08-03,135.13499,135.73199,133.3195,135.63,134.43791,20762000
2021-08-04,135.3495,135.64951,134.487,135.1255,133.93787,19676000
2021-08-05,135.6805,136.35001,134.84599,136.2515,135.05396,17870000
2021-08-06,136.04201,136.4725,135.21001,135.73849,134.54546,20488000
2021-08-09,135.9425,137.18401,135.33949,136.91299,135.70964,17760000
2021-08-10,137.342,137.77251,136.3645,136.80701,135.60457,19414000
2021-08-11,137.1815,137.6825,136.2715,136.27901,135.08124,15352000
2021-08-12,135.97549,137.3,135.42551,137.194,135.98817,16506000
2021-08-13,137.25,137.85651,137.033,137.72749,136.51695,15948000
2021-08-16,137.52499,138.3625,135.299,138.30949,137.09384,22384000
2021-08-17,137.75,138.2655,136.082,136.6615,135.46036,21716000
2021-08-18,136.5,137.10451,135.3215,135.44901,134.2585,19258000
2021-08-19,134.4355,136.35249,134.25,135.67999,134.48744,21782000
2021-08-20,136,137.554,135.25,137.4295,136.22159,31194000
2021-08-23,137.9695,140.8745,137.6075,140.0415,138.81064,28454000
2021-08-24,140.6115,142.08,140.3385,141.26151,140.01991,19268000
2021-08-25,141.625,142.1895,141.37601,142.07899,140.83022,15848000
2021-08-26,141.75,142.4175,141.35699,141.44051,140.19734,20610000
2021-08-27,141.6525,144.5125,141.49699,144.004,142.7383,28780000
2021-08-30,144.39999,145.9705,144.16299,144.5905,143.31966,24434000
2021-08-31,145.147,145.17149,144.28101,144.69749,143.4257,22448000
2021-09-01,145,146.254,144.8835,145.2155,143.93916,21936000
2021-09-02,145.216,145.5195,143.185,143.287,142.0276,32342000
2021-09-03,143.08051,144.155,142.4005,143.7395,142.47614,19850000
2021-09-07,143.8345,144.565,143.619,144.2805,143.01237,20124000
2021-09-08,144.10001,144.39999,143,143.69099,142.42805,18344000
2021-09-09,143.8405,144.3105,143.17751,143.541,142.27937,15314000
2021-09-10,144.21249,144.71851,140.73801,140.87601,139.6378,36840000
2021-09-13,141.94949,142.95,141.25,142.3325,141.08148,22094000
2021-09-14,142.9955,143.36301,141.75,142.54449,141.29163,19674000
2021-09-15,142.7715,144.4505,141.3475,144.4295,143.16006,27408000
2021-09-16,143.9505,144.3,142.4015,143.61,142.34776,26190000
2021-09-17,143.0305,143.45,140.47,140.8,139.56248,53384000
2021-09-20,138.1615,139,136.32201,138.7195,137.50024,46518000
2021-09-21,139.7495,140.01151,138.278,139.033,137.81099,25332000
2021-09-22,139.304,140.88699,138.5515,140.28349,139.05049,25056000
2021-09-23,140.9875,141.6965,140.4015,141.216,139.97482,20952000
2021-09-24,140.5385,142.33051,140.241,142.215,140.96503,22984000
2021-09-27,140.8045,141.93851,140.0675,141.07201,139.83206,21882000
2021-09-28,138.655,139.0965,135.36,135.83,134.63615,45772000
2021-09-29,136.98,137.151,133.86501,134.3535,133.17264,30848000
2021-09-30,134.26151,135.5425,133.556,133.67599,132.50105,37996000
2021-10-01,134.44749,136.91051,134.073,136.543,135.34288,35360000
2021-10-04,135.96049,135.96049,131.05,133.6595,132.48473,51202000
2021-10-05,134.041,137.2245,134.041,136.02299,134.82747,32404000
2021-10-06,134.75,137.75,134.55,137.565,136.35588,24364000
2021-10-07,138.892,140.04201,138.651,139.22501,138.00133,25110000
2021-10-08,139.577,140.33099,139.2175,139.78551,138.55687,26526000
2021-10-11,139.29201,140.71201,138.85899,138.914,137.69304,17954000
2021-10-12,139.48,139.507,135.75999,136.44901,135.24969,36332000
2021-10-13,137.4025,138,136.519,137.582,136.37276,19654000
2021-10-14,139.474,141.33749,138.825,141.151,139.91035,31894000
2021-10-15,141.6145,141.718,140.755,141.368,140.12547,30274000
2021-10-18,141.07651,142.79601,141.0695,142.778,141.52309,20396000
2021-10-19,143.3875,143.66251,142.60001,143.237,141.97803,20164000
2021-10-20,143.338,143.54601,141.3765,141.769,140.52293,23288000
2021-10-21,141.769,142.15601,140.5,141.886,140.63892,26292000
2021-10-22,139.14999,140.58299,136.056,137.5665,136.35738,50588000
2021-10-25,137.55,138,135.424,137.44701,136.23897,34412000
2021-10-26,139.2635,140.08299,138.3045,139.3085,138.08409,49236000
2021-10-27,139.405,148.64999,139.405,146.2175,144.93236,85782000
2021-10-28,147.13451,147.158,144.627,145.849,144.56709,36206000
2021-10-29,145.078,148.242,144.64951,148.04601,146.7448,43320000
2021-11-01,148.04601,148.04601,143.22549,143.49699,142.23578,46924000
2021-11-02,144.5795,146.60899,144.33549,145.4325,144.15427,33482000
2021-11-03,145.9005,146.66901,144.591,146.59801,145.30952,27494000
2021-11-04,147.1245,149.73351,146.308,148.2675,146.96432,38412000
2021-11-05,149.16949,150.3275,148.19701,148.85201,147.54367,38354000
2021-11-08,149.825,150.61501,148.4305,149.03101,147.72113,23052000
2021-11-09,149.233,149.8345,147.245,148.9185,147.6096,19530000
2021-11-10,147.5,148.07001,144.53751,145.89349,144.61119,29970000
2021-11-11,146.4895,147.53551,145.60049,145.76649,144.48534,16518000
2021-11-12,146.61549,148.85001,145.411,148.67799,147.3712,22360000
2021-11-15,148.9005,149.5495,147.575,148.452,147.1472,23508000
2021-11-16,148.14951,148.7625,147.3125,147.87601,146.57629,18904000
2021-11-17,148.0275,148.55949,147.24001,148.047,146.74579,19594000
2021-11-18,148.2415,150.58051,147.88451,149.8385,148.52153,35608000
2021-11-19,149.97549,150.96651,148.899,148.9265,147.61755,33682000
2021-11-22,149.3325,149.8295,146.14751,146.302,145.0161,30594000
2021-11-23,146.153,146.66,144.11501,145.782,144.50067,27218000
2021-11-24,145.4735,146.2495,144.373,146.12,144.83569,18040000
2021-11-26,144.3485,144.5575,141.8425,142.183,140.93332,30470000
2021-11-29,144,146.2975,143.89349,145.5305,144.25136,32596000
2021-11-30,145.0085,146,141.6015,141.89751,140.65033,42068000
2021-12-01,144,145.9505,140.912,141.0515,139.81175,34020000
2021-12-02,141.25,143.8645,140.21449,142.966,141.70943,29194000
2021-12-03,143.681,144.39999,140.30099,142.0015,140.7534,41230000
2021-12-06,143.0405,143.85249,140.14999,143.155,141.89674,30618000
2021-12-07,145.5965,147.53101,145.22749,147.2695,145.97511,32240000
2021-12-08,147.5965,148.39301,146.40601,148.18649,146.88405,24270000
2021-12-09,147.591,149.10001,147.11501,147.6385,146.34085,23270000
2021-12-10,148.7,148.97749,146.70399,148.0015,146.70067,24458000
2021-12-13,147.78149,147.97,145.5175,145.82651,144.54478,27070000
2021-12-14,143.968,144.48,141.215,143.907,142.64217,38446000
2021-12-15,143.409,146.72099,141.67799,146.44099,145.1539,36370000
2021-12-16,147.1705,147.677,143.60699,144.44501,143.17545,33650000
2021-12-17,142.5,143.8345,141.3,141.72501,140.47935,50416000
2021-12-20,140,141.77451,139.321,141.60699,140.36237,27192000
2021-12-21,142.0535,143.869,140.5025,143.4725,142.21152,28756000
2021-12-22,143.0675,146.5,143.0675,146.41499,145.12814,26322000
2021-12-23,146.5,148.2435,146.452,146.9165,145.6252,26384000
2021-12-27,147.256,148.34399,147.16949,147.90649,146.60649,15976000
2021-12-28,148.23599,148.299,146.0545,146.687,145.39774,18200000
2021-12-29,146.6445,147.41701,145.64751,146.655,145.36603,17788000
2021-12-30,146.694,147.3,145.99451,146.2005,144.9155,15688000
2021-12-31,146.05,146.6985,144.85201,144.85201,143.57889,18136000
2022-01-03,145.05499,145.851,143.713,144.9915,143.71713,28646000
2022-01-04,145.396,146.485,143.71651,144.39951,143.13034,28400000
2022-01-05,144.42,144.4995,137.688,137.77499,136.56406,54618000
2022-01-06,136.9985,139.94,136.5585,137.7475,136.53679,37348000
2022-01-07,138.14549,138.4485,135.76649,137.017,135.81271,29760000
2022-01-10,135.078,138.8195,133.16451,138.66949,137.45068,44408000
2022-01-11,138.007,140.216,136.6925,139.73599,138.50781,28730000
2022-01-12,141.14999,142.608,140.6945,141.4305,140.18741,26108000
2022-01-13,141.53999,142.85001,138.409,138.58701,137.36893,31436000
2022-01-14,137.07899,140.742,136.9985,139.4805,138.25456,29662000
2022-01-18,136.175,137.1315,135.43851,135.998,134.8027,34872000
2022-01-19,136.5235,137.9595,135.0155,135.1165,133.92892,28648000
2022-01-20,136.25,137.62601,132.96449,133.3075,132.1358,29908000
2022-01-21,132.59351,134.86549,130.0865,130.3515,129.20581,55652000
2022-01-24,125.978,131.203,124.5,130.804,129.65436,76622000
2022-01-25,128.74001,129.399,126.5005,126.935,125.81934,46960000
2022-01-26,131.119,133,127.142,129.233,128.09714,49130000
2022-01-27,131.304,132.6525,128.9325,129.005,127.87113,31950000
2022-01-28,129.659,133.35651,128.485,133.351,132.17894,34362000
2022-01-31,134.162,135.47301,132.2095,135.3035,134.11429,39986000
2022-02-01,137.5945,137.793,134.3685,137.644,136.43422,68644000
2022-02-02,151.25,151.54649,145.52251,148,146.6992,123200000
2022-02-03,145.70551,149.675,142.6655,143.09,141.83234,71518000
2022-02-04,143.4445,144.875,140.515,143.293,142.03355,57998000
2022-02-07,144.25,144.25,138.89999,139.201,137.97754,54974000
2022-02-08,139.0265,140,137.01401,139.399,138.1738,54284000
2022-02-09,140.9635,142.52451,140.187,141.592,140.34749,40144000
2022-02-10,139.70351,141.4845,137.957,138.62,137.40161,39330000
2022-02-11,138.60001,139.15649,133.39999,134.2825,133.10225,39958000
2022-02-14,133.2565,136.3,133.2565,135.526,134.33482,34302000
2022-02-15,137.5705,138.10851,135.8215,136.60851,135.40784,26680000
2022-02-16,136.6465,138.086,134.924,137.73801,136.5274,25022000
2022-02-17,136.243,137.11349,132.4785,132.539,131.3741,38950000
2022-02-18,133.467,134.07001,130.1965,130.403,129.25687,45620000
2022-02-22,129.838,132.1805,128.2235,129.81351,128.67252,44990000
2022-02-23,131.6485,132.05099,127.5275,127.588,126.46658,32786000
2022-02-24,124.9535,133,124.9535,132.69099,131.52472,54456000
2022-02-25,133.552,135.2715,131.7515,134.4595,133.27769,36406000
2022-02-28,133.05,135.7515,132.5925,135.05701,133.86996,38864000
2022-03-01,134.87849,136.25549,133.21851,134.06149,132.88319,26496000
2022-03-02,134.62801,135.2625,133.0715,134.5715,133.3887,23520000
2022-03-03,136.00999,136.4395,133.0255,133.89951,132.72263,24604000
2022-03-04,132.92751,133.8515,130.33749,131.90649,130.74713,30430000
2022-03-07,131.48801,131.735,126.295,126.3785,125.26772,45112000
2022-03-08,126.25,131.25,125.6745,127.1045,125.98734,40428000
2022-03-09,131.25,133.7355,129.9005,133.42,132.24731,37026000
2022-03-10,131.26601,133.272,130.91251,132.4295,131.26555,27102000
2022-03-11,133.48849,133.7955,129.6315,129.8705,128.72902,31526000
2022-03-14,130.25,130.409,125.275,125.951,124.84399,38812000
2022-03-15,126.976,129.85451,125.7205,129.198,128.06242,30920000
2022-03-16,130.733,133.33299,128.7345,133.2805,132.10905,35576000
2022-03-17,133.149,134.08051,132.185,133.839,132.66266,28264000
2022-03-18,133.4245,136.244,132.2585,136.1255,134.92906,44566000
2022-03-21,136.1635,137.05,134.0925,136.1015,134.90526,26832000
2022-03-22,136.1015,141.05,136.1015,139.868,138.63866,35496000
2022-03-23,138.7025,139.5885,137.83501,138.2755,137.06015,25154000
2022-03-24,139.2,141.619,137.7505,141.57201,140.3277,26396000
2022-03-25,141.916,142.035,139.7375,141.673,140.4278,24126000
2022-03-28,140.9005,142.0025,139.81149,141.45551,140.2122,35050000
2022-03-29,142.64751,143.7935,142.0385,142.50549,141.25296,34318000
2022-03-30,142.46001,142.7205,141.60001,141.93851,140.69096,19884000
2022-03-31,142.05299,142.108,139.02451,139.0675,137.84523,37524000
2022-04-01,139.5,140.47099,138.3075,140.1505,138.91867,25942000
2022-04-04,140.35851,143.71201,140.3105,142.9715,141.71487,25942000
2022-04-05,142.869,142.99049,140.38251,140.591,139.3553,21418000
2022-04-06,138.75,139.3605,135.517,136.548,135.34784,32468000
2022-04-07,136.00999,137.16451,134.22749,135.8885,134.69414,26234000
2022-04-08,135.5835,135.67,132.9655,133.28751,132.11601,25142000
2022-04-11,131.8235,132.0925,128.6685,128.8235,127.69123,36884000
2022-04-12,131.60001,131.60001,126.789,127.7145,126.59198,32710000
2022-04-13,128,130.334,127.741,129.894,128.75229,27928000
2022-04-14,130.47951,130.47951,126.601,126.73,125.61613,31598000
2022-04-18,127,128.21249,126.182,127.6765,126.55432,20808000
2022-04-19,127.6915,130.33299,126.9995,130.009,128.86633,26490000
2022-04-20,130.892,131.399,127.5,128.03999,126.91461,31696000
2022-04-21,129.25,130.0985,124.5265,124.8145,123.71746,36446000
2022-04-22,125,125.402,118.925,119.6355,118.58397,56884000
2022-04-25,119.101,123.2775,118.511,123.074,121.99226,46128000
2022-04-26,122.2945,122.51,118.511,118.65,117.60715,73054000
2022-04-27,114.4695,117.242,112.7365,114.2945,113.28996,91820000
2022-04-28,116.415,119.6495,114.115,118.5225,117.48077,48884000
2022-04-29,116.7345,117.92,113.8145,114.1095,113.10655,42676000
2022-05-02,113.405,116.7455,112.6,116.583,115.55831,35534000
2022-05-03,116.4305,118.442,116.0345,117.334,116.30271,24968000
2022-05-04,117.0315,122.8545,115.116,122.261,121.18642,49916000
2022-05-05,120.204,121.039,115.0055,116.5055,115.48151,45840000
2022-05-06,115.1845,117.5715,114.0155,115.7465,114.72917,39710000
2022-05-09,113.25,115.077,112.0005,112.511,111.5221,40802000
2022-05-10,115.5075,116.25,112.9005,114.395,113.38955,39900000
2022-05-11,113.2365,116.3645,113.2365,113.6025,112.60402,37534000
2022-05-12,111.3775,114.295,109.8245,112.844,111.85219,53836000
2022-05-13,114.533,117.875,113.605,116.0505,115.03049,35038000
2022-05-16,114.9555,116.17,113.8895,114.445,113.43911,25990000
2022-05-17,116.8405,116.9,114.87,116.473,115.44929,23054000
2022-05-18,115,115.4,111.5555,111.8995,110.91599,35126000
2022-05-19,111.4315,113.01,110,110.384,109.4138,34144000
2022-05-20,111.951,112.1835,105.7965,108.908,107.95078,48962000
2022-05-23,109.5875,112.1475,108.741,111.488,110.50811,37184000
2022-05-24,105.772,106.4585,101.8845,105.97,105.0386,76780000
2022-05-25,104.9855,106.5,103.8565,105.805,104.87505,40258000
2022-05-26,105.677,108.6495,105.225,107.7925,106.84509,37948000
2022-05-27,109.483,112.318,109.1385,112.3165,111.32931,37914000
2022-05-31,112.7465,115.735,112.0785,113.762,112.76212,50012000
2022-06-01,114.855,117.1015,113.25,113.892,112.89097,36606000
2022-06-02,114,117.8995,112.9465,117.6225,116.58868,37992000
2022-06-03,116.0625,116.3215,113.5185,114.541,113.53426,26136000
2022-06-06,116.7045,119.347,116.164,116.8205,115.79374,33542000
2022-06-07,115.4805,117.691,115.052,117.1495,116.11985,31590000
2022-06-08,116.7615,118.5705,116.6,117.194,116.16394,26108000
2022-06-09,116.3275,118.299,114.776,114.8355,113.82617,25798000
2022-06-10,112.445,113.279,110.366,111.1615,110.18446,41452000
2022-06-13,106.7865,108.7915,106.119,106.3925,105.45739,47252000
2022-06-14,106.535,107.9245,105.8,106.7155,105.77753,33706000
2022-06-15,108.545,111.4235,107.6695,109.7645,108.79976,39698000
2022-06-16,107.221,108.6485,105.138,106.0335,105.10154,51684000
2022-06-17,106.0335,108.6995,105.046,107.1435,106.20179,51376000
2022-06-21,108.9295,112.4895,108.6,111.544,110.56361,47416000
2022-06-22,110.5565,113.3465,110.3825,111.4875,110.50761,30774000
2022-06-23,112.2315,112.7425,110.5005,112.242,111.25547,28362000
2022-06-24,112.995,118.079,112.9525,117.975,116.93809,41164000
2022-06-27,118.273,118.5795,115.1795,115.8335,114.81541,36420000
2022-06-28,115.8025,117.3095,111.848,112.0075,111.02303,35792000
2022-06-29,111.552,113.1605,110.8725,111.7015,110.71973,24716000
2022-06-30,110,110.888,106.75,108.963,108.00529,43170000
2022-07-01,107.933,109.25,106.7305,108.7375,107.78177,35476000
2022-07-05,107.1005,113.377,105.7315,113.263,112.26749,39342000
2022-07-06,113.302,115.5895,111.476,114.572,113.56499,37432000
2022-07-07,115.08,119.1895,114.8335,118.783,117.73898,40936000
2022-07-08,117.25,119.685,116.9015,119.3535,118.30447,38238000
2022-07-11,117.998,117.998,115.3305,115.6765,114.65978,31196000
2022-07-12,116.215,116.974,113.69,114.0205,113.01835,29960000
2022-07-13,111.701,114.196,111.2015,111.3535,110.37478,43722000
2022-07-14,110.2105,111.093,108.373,110.3675,109.39745,37004000
2022-07-15,112.0005,113.1405,110.9,111.7775,110.79504,46770000
2022-07-18,112.64,113.68,108.37,109.03,108.0717,43164600
2022-07-19,110.85,114.02,109.56,113.81,112.80968,36530900
2022-07-20,113.17,115.4,112.48,113.9,112.8989,35600400
2022-07-21,114.28,114.55,111.11,114.34,113.33503,32676200
2022-07-22,111,112.34,106.5,107.9,106.95163,48901200
2022-07-25,108.41,109.87,106.3,107.51,106.56507,34690900
2022-07-26,106.6,107.2,104.07,105.02,104.09695,47991000
2022-07-27,109.26,113.91,108.01,113.06,112.06629,59858500
2022-07-28,112.37,114.34,111.46,114.22,113.21608,32816600
2022-07-29,113.08,116.71,113.06,116.32,115.29764,37223400
2022-08-01,115.3,116.72,114.34,114.86,113.85046,26034300
2022-08-02,114,116.35,113.72,115.13,114.11808,20236000
2022-08-03,115.71,118.62,115.48,118.08,117.04216,28499000
2022-08-04,117.48,118.78,116.89,118.19,117.15119,21602900
2022-08-05,116.23,118.11,116,117.47,116.43752,19159500
2022-08-08,118.39,120.15,116.88,117.3,116.26901,19138300
2022-08-09,117.14,117.32,115.71,116.63,115.6049,19086500
2022-08-10,118.78,120.92,118.41,119.7,118.64792,30930400
2022-08-11,121.28,121.49,118.56,118.84,117.79547,24293700
2022-08-12,120.26,121.68,119.46,121.68,120.61052,19096300
2022-08-15,121.13,122.3,120.61,122.08,121.007,19494800
2022-08-16,121.52,122.43,120.64,121.7,120.63035,19041200
2022-08-17,120.12,121.29,119.38,119.55,118.49924,22847000
2022-08-18,119.43,120.82,118.72,120.17,119.11379,17987700
2022-08-19,119.06,119.15,116.76,117.21,116.17982,21809500
2022-08-22,115.2,115.63,113.85,114.24,113.23592,21456600
2022-08-23,113.48,115.01,113.43,113.86,112.85925,15870400
2022-08-24,113.5,114.78,112.87,113.69,112.69074,17734600
2022-08-25,114.24,116.72,114.11,116.65,115.62473,16956800
2022-08-26,114.72,115.12,110.19,110.34,109.37019,37245700
2022-08-29,109.99,110.95,108.8,109.42,108.45828,21191200
2022-08-30,110.17,110.5,107.8,108.94,107.9825,27513300
2022-08-31,110.65,110.85,108.13,108.22,107.26881,28627000
2022-09-01,108.28,110.45,107.36,109.74,108.77547,28360900
2022-09-02,110.59,110.74,107.26,107.85,106.90206,24160700
2022-09-06,107.3,108.03,105.78,106.81,105.87121,25068300
2022-09-07,107.06,109.98,106.9,109.45,108.48801,23167000
2022-09-08,108.04,109.6,107.16,108.38,107.42741,24238300
2022-09-09,109.07,110.99,109.02,110.65,109.67746,23197700
2022-09-12,110.99,111.62,109.93,110.86,109.8856,22966800
2022-09-13,107.8,108.3,104.09,104.32,103.40309,38172900
2022-09-14,104.57,105.28,103.66,105,104.07713,26395100
2022-09-15,104.03,105.27,102.35,102.91,102.00549,34188300
2022-09-16,102.07,103.13,100.94,102.8,101.89646,42797200
2022-09-19,101.75,103.33,101.55,103.07,102.16409,23036800
2022-09-20,102.08,102.37,100.52,101.14,100.25105,26517100
2022-09-21,101.67,102.88,99.269997,99.279999,98.407394,31487300
2022-09-22,98.82,101.24,98.790001,100.14,99.259842,34298600
2022-09-23,99.629997,99.660004,97.470001,98.739998,97.872139,31625400
2022-09-26,98.099998,99.879997,97.800003,98.169998,97.307152,27072700
2022-09-27,99.43,100,96.870003,97.5,96.643044,30072800
2022-09-28,97.650002,100.7,97.110001,100.05,99.170631,32466300
2022-09-29,98.639999,98.639999,95.959999,97.419998,96.563751,31047200
2022-09-30,97.050003,98.900002,95.559998,95.650002,94.809311,32941500
2022-10-03,96.760002,99.290001,96.519997,98.639999,97.773026,27982000
2022-10-04,100.44,101.84,100.38,101.64,100.74667,28850800
2022-10-05,99.830002,101.93,98.800003,101.43,100.53851,22176900
2022-10-06,100.68,102.93,100.59,101.42,100.52859,22324000
2022-10-07,99.849998,100.53,98.300003,98.68,97.812675,27502800
2022-10-10,99,99.099998,97.010002,97.860001,96.999886,18225100
2022-10-11,97.43,99.25,96.309998,97.18,96.325851,26507100
2022-10-12,97.300003,98.75,96.739998,97.559998,96.702515,21876400
2022-10-13,95.150002,99.779999,94.379997,99.059998,98.189339,34574500
2022-10-14,99.989998,100.69,96.370003,96.559998,95.711311,25410700
2022-10-17,98.860001,100.93,98.830002,99.970001,99.091331,28419200
2022-10-18,103.13,103.47,99.970001,100.77,99.884293,24060700
2022-10-19,100.01,101.02,98.919998,99.629997,98.754326,23811100
2022-10-20,100,102.32,99.389999,99.970001,99.091331,25323200
2022-10-21,97.849998,101.31,97.720001,101.13,100.24113,32458700
2022-10-24,101.8,102.75,99.980003,102.52,101.61893,27176400
2022-10-25,102.9,104.82,102.72,104.48,103.5617,40611400
2022-10-26,96.43,98.309998,94.690002,94.93,94.095634,88114100
2022-10-27,94.519997,95.43,91.800003,92.220001,91.409462,60710900
2022-10-28,92.269997,96.550003,92.129997,96.290001,95.443687,43697300
2022-10-31,95.419998,96.029999,93.980003,94.510002,93.679329,31675000
2022-11-01,95.449997,96.029999,90.370003,90.470001,89.674828,47161400
2022-11-02,90.940002,91.18,86.879997,86.970001,86.205597,57038300
2022-11-03,86.32,86.519997,83.339996,83.43,82.696709,61288000
2022-11-04,85.400002,86.639999,83.709999,86.580002,85.819023,51124900
2022-11-07,87.279999,88.900002,86.849998,88.489998,87.712234,34078900
2022-11-08,88.900002,90.32,87.589996,88.900002,88.118629,30429000
2022-11-09,88.449997,89.440002,87.279999,87.32,86.552528,31769100
2022-11-10,92.25,94.389999,91.610001,93.940002,93.114326,51620100
2022-11-11,94.690002,96.93,93.919998,96.410004,95.562637,33090500
2022-11-14,95.089996,96.790001,94.510002,95.699997,94.858856,30179500
2022-11-15,98.260002,100.14,96.709999,98.440002,97.574791,41640800
2022-11-16,97.900002,99.639999,97.639999,98.849998,97.981171,29105200
2022-11-17,96.970001,99.279999,96.790001,98.360001,97.495491,26052600
2022-11-18,98.769997,98.900002,96.370003,97.43,96.573654,28342300
2022-11-21,97.290001,98.400002,95.360001,95.599998,94.759743,21647400
2022-11-22,95.949997,97.220001,94.050003,97.050003,96.196999,23438500
2022-11-23,97.089996,98.760002,97.089996,98.459999,97.594604,18868100
2022-11-25,98.239998,98.639999,97.400002,97.459999,96.603394,9701400
2022-11-28,97.040001,97.580002,95.610001,96.050003,95.20578,26237500
2022-11-29,95.730003,96.120003,94.110001,95.190002,94.353348,20061700
2022-11-30,94.82,101.04,94.419998,100.99,100.10237,43647500
2022-12-01,101.02,102.25,100.25,100.99,100.10237,28687100
2022-12-02,99.050003,100.77,98.900002,100.44,99.55722,21480700
2022-12-05,99.400002,101.38,99,99.480003,98.605644,24405100
2022-12-06,99.300003,99.779999,96.419998,96.980003,96.127609,24910700
2022-12-07,96.410004,96.879997,94.720001,94.940002,94.105553,31045400
2022-12-08,95.379997,95.580002,93.449997,93.709999,92.886353,32213300
2022-12-09,93.769997,94.260002,92.75,92.830002,92.014091,28225400
2022-12-12,92.709999,93.559998,91.610001,93.309998,92.489868,29420000
2022-12-13,97.760002,99.529999,95.029999,95.629997,94.789474,40593700
2022-12-14,95.199997,96.870003,93.599998,95.07,94.234398,28733600
2022-12-15,93.129997,93.639999,90.010002,90.860001,90.061417,40107000
2022-12-16,90.760002,91.330002,89.519997,90.260002,89.466675,58011800
2022-12-19,90.260002,90.559998,88.209999,88.440002,87.662674,29493000
2022-12-20,88.110001,89.18,87.440002,89.019997,88.237572,23453800
2022-12-21,89.080002,90.220001,88.32,89.580002,88.792656,24745600
2022-12-22,88.160004,88.540001,86.32,87.760002,86.988655,27658300
2022-12-23,87.110001,89.550003,87.07,89.230003,88.445732,23003000
2022-12-27,88.800003,88.940002,87.010002,87.389999,86.621895,20097300
2022-12-28,86.980003,88.040001,85.940002,86.019997,85.263947,19523200
2022-12-29,86.620003,88.849998,86.610001,88.449997,87.672569,23333500
2022-12-30,86.980003,88.300003,86.57,88.230003,87.454529,23986300
2023-01-03,89.589996,91.050003,88.519997,89.120003,88.336685,28131200
2023-01-04,90.349998,90.650002,87.269997,88.080002,87.305832,34854800
2023-01-05,87.470001,87.57,85.900002,86.199997,85.442352,27194400
2023-01-06,86.790001,87.690002,84.860001,87.339996,86.572334,41381500
2023-01-09,88.360001,90.050003,87.860001,88.019997,87.246368,29003900
2023-01-10,85.980003,88.669998,85.830002,88.419998,87.642845,30467800
2023-01-11,89.18,91.599998,89.010002,91.519997,90.715607,26862000
2023-01-12,91.480003,91.870003,89.75,91.129997,90.329025,30258100
2023-01-13,90.849998,92.190002,90.129997,92.120003,91.310333,26329200
2023-01-17,92.059998,92.25,90.050003,91.290001,90.487617,32602400
2023-01-18,92.139999,92.800003,90.639999,91.120003,90.31913,29116700
2023-01-19,90.720001,93.610001,90.629997,93.050003,92.232162,37000400
2023-01-20,95.099998,98.300003,95.019997,98.019997,97.15847,63191100
2023-01-23,97.949997,100.04,97.5,99.790001,98.912918,40005100
2023-01-24,98.099998,99.610001,97.199997,97.699997,96.841301,33078500
2023-01-25,95.57,96.160004,93.760002,95.220001,94.38308,42330000
2023-01-26,96.5,97.57,95.379997,97.519997,96.662872,30114000
2023-01-27,97.309998,100.32,97.309998,99.370003,98.496613,33879800
2023-01-30,97.480003,98.290001,96.400002,96.940002,96.087975,27226200
2023-01-31,96.870003,98.879997,96.82,98.839996,97.971275,29870700
2023-02-01,98.709999,101.19,97.580002,100.43,99.547287,35531100
2023-02-02,105.8,107.85,105.61,107.74,106.79304,69883800
2023-02-03,102.93,107.81,102.58,104.78,103.85905,65309300
2023-02-06,102.4,104.36,101.88,102.9,101.99558,31999600
2023-02-07,103.22,108.18,103.12,107.64,106.69393,49010200
2023-02-08,102.05,103.14,98.040001,99.370003,98.496613,94743500
2023-02-09,100,100.03,93.629997,95.010002,94.174934,119455000
2023-02-10,95.449997,96.75,94.25,94.57,93.738808,54980700
2023-02-13,94.739998,95.199997,93.839996,94.610001,93.778458,50076100
2023-02-14,94.43,94.849998,92.260002,94.68,93.847832,54726100
2023-02-15,94.489998,97.120003,94.150002,96.940002,96.087975,50169000
2023-02-16,95.370003,97.68,94.739998,95.510002,94.67054,42462600
2023-02-17,94.849998,95.559998,93.209999,94.349998,93.520737,34284100
2023-02-21,93,93.099998,91.720001,91.790001,90.983238,33629300
2023-02-22,91.699997,92.110001,90.610001,91.650002,90.844452,30884000
2023-02-23,91.919998,91.940002,89.760002,90.889999,90.091148,41206400
2023-02-24,89.440002,89.889999,88.580002,89.129997,88.346619,36585100
2023-02-27,89.870003,90.160004,89.339996,89.870003,89.080101,27502300
2023-02-28,89.330002,91.230003,89.32,90.059998,89.268433,30142000
2023-03-01,89.980003,91.029999,89.669998,90.360001,89.565804,31111200
2023-03-02,89.660004,92.279999,89.589996,92,91.191383,32204400
2023-03-03,92.480003,93.730003,92.449997,93.650002,92.826881,35160100
2023-03-06,94.019997,95.970001,94,95.129997,94.293869,32639300
2023-03-07,94.980003,95.669998,93.529999,93.860001,93.035042,27835500
2023-03-08,94.120003,95.959999,94,94.25,93.421608,34103300
2023-03-09,94.050003,95.529999,91.900002,92.32,91.508575,28813500
2023-03-10,92.169998,92.790001,90.400002,90.629997,89.833427,35941000
2023-03-13,90.089996,92.57,89.419998,91.110001,90.309212,37335600
2023-03-14,92.559998,94.360001,92.440002,93.970001,93.144073,36050200
2023-03-15,93.220001,96.93,92.639999,96.110001,95.265259,50622100
2023-03-16,96.199997,101.19,95.5,100.32,99.438271,65492000
2023-03-17,100.26,102.84,100.1,101.62,100.72684,61028500
2023-03-20,100.12,101.75,99.870003,101.22,100.33034,32960400
2023-03-21,101.25,105.1,101.22,104.92,103.99783,42110300
2023-03-22,104.27,106.59,103.33,103.37,102.46145,43427400
2023-03-23,105.06,106.3,104.46,105.6,104.67184,40797800
2023-03-24,104.99,105.49,103.84,105.44,104.51328,30393300
2023-03-27,104.62,104.76,101.93,102.46,101.55946,31120900
2023-03-28,102.44,102.45,99.739998,101.03,100.14203,32057900
2023-03-29,102.28,102.49,100.65,101.39,100.49886,28779600
2023-03-30,100.91,101.16,99.779999,100.89,100.00324,33086200
2023-03-31,101.3,103.89,101.04,103.73,102.81828,36863400
2023-04-03,102.39,104.53,101.93,104.36,103.44275,25035400
2023-04-04,104.33,105.58,104.04,104.72,103.79958,24420100
2023-04-05,105.78,106.1,103.66,104.47,103.55179,28290500
2023-04-06,105.26,109.17,104.33,108.42,107.46706,48711500
2023-04-10,106.98,107.59,105.12,106.44,105.50447,27067400
2023-04-11,106.55,106.73,104.68,105.35,104.42405,26311800
2023-04-12,106.58,106.75,104.34,104.64,103.72028,24370300
2023-04-13,105.84,107.49,105.84,107.43,106.48576,24843600
2023-04-14,106.89,108.94,106.84,108.87,107.91312,26578000
2023-04-17,104.66,106.16,104.52,105.97,105.0386,37571200
2023-04-18,106.49,106.54,104.07,104.5,103.58151,26596400
2023-04-19,103.58,104.98,103.07,104.18,103.26434,20905700
2023-04-20,103.91,106.25,103.87,105.29,104.36456,27820800
2023-04-21,105.47,106,104.78,105.41,104.48351,25800100
2023-04-24,105.49,106.63,104.7,105.97,105.0386,23542800
2023-04-25,105.83,106.69,103.84,103.85,102.93723,46664100
2023-04-26,104.92,106.35,102.63,103.71,102.79846,53347600
2023-04-27,104.45,108.37,103.54,107.59,106.64436,50089200
2023-04-28,107.04,107.35,105.09,107.34,106.39656,36139800
2023-05-01,106.84,107.99,106.82,107.2,106.25779,26681700
2023-05-02,107.14,107.2,103.71,105.32,104.39433,30997200
2023-05-03,105.53,107.49,104.96,105.41,104.48351,21795400
2023-05-04,105.49,105.6,103.97,104.69,103.76986,23419500
2023-05-05,104.82,105.88,104.11,105.57,104.64211,26639300
2023-05-08,105.18,107.96,105.16,107.77,106.82277,26511400
2023-05-09,108.39,110.15,107.19,107.35,106.40647,36360100
2023-05-10,107.97,112.94,107.93,111.75,110.76779,63153400
2023-05-11,115.4,117.92,114.41,116.57,115.54543,78900000
2023-05-12,116.68,118.03,116.11,117.51,116.47718,41102300
2023-05-15,116.11,118.48,116.01,116.51,115.48596,36266800
2023-05-16,116.49,120.75,116.43,119.51,118.45959,45035600
2023-05-17,119.61,121.67,118.89,120.84,119.7779,33323600
2023-05-18,120.95,123.31,120.83,122.83,121.75042,35234200
2023-05-19,123.55,125.97,122.15,122.76,121.68102,41353400
2023-05-22,122.94,126.43,122.74,125.05,123.9509,35253000
2023-05-23,124.16,124.63,122.21,122.56,121.48278,34046300
2023-05-24,121.12,121.91,119.86,120.9,119.83738,34182600
2023-05-25,124.52,125.32,121.96,123.48,122.39471,42317000
2023-05-26,123.17,125.26,122.45,124.61,123.51477,35635900
2023-05-30,125.64,125.66,122,123.67,122.58303,35076700
2023-05-31,122.75,124.06,122.5,122.87,121.79007,37325800
2023-06-01,122.82,124.42,122.62,123.72,122.63259,30772700
2023-06-02,123.99,126.15,123.76,124.67,123.57424,26980100
2023-06-05,124.01,127.43,123.84,126.01,124.90247,32305500
2023-06-06,126.01,128.28999,125.36,127.31,126.19103,26638300
2023-06-07,126.97,129.03999,122.12,122.5,121.4233,52539000
2023-06-08,122.23,123.23,121.24,122.14,121.06648,29389200
2023-06-09,122.25,123.76,121.91,122.23,121.15568,23778300
2023-06-12,122.79,124.05,121.66,123.64,122.55328,28306400
2023-06-13,124.98,125.16,123.18,123.83,122.74163,22278300
2023-06-14,123.1,124.05,121.45,123.67,122.58303,30592300
2023-06-15,123.14,125.46,122.4,125.09,123.99055,35246300
2023-06-16,125.93,126.11,123.28,123.53,122.44426,45535600
2023-06-20,122.93,124.57,122.14,123.1,122.01804,26097500
2023-06-21,122.4,122.66,120.1,120.55,119.49044,30306300
2023-06-22,120,123.24,118.83,123.15,122.0676,26952200
2023-06-23,121.38,122.79,121.06,122.34,121.26471,34913600
2023-06-26,120.76,122,118.27,118.34,117.29987,33969900
2023-06-27,117.08,119.08,116.1,118.33,117.28996,39535900
2023-06-28,117.09,120.39,116.85,120.18,119.1237,27091400
2023-06-29,119.24,120.06,118.3,119.1,118.0532,24090900
2023-06-30,120.17,121.08,119.69,119.7,118.64792,29532200
2023-07-03,119.24,120.19,118.82,119.9,118.84618,14467900
2023-07-05,119.24,122.61,119.23,121.75,120.6799,27584800
2023-07-06,119.8,120.3,118.4,120.11,119.05432,24745200
2023-07-07,120.1,121.05,119.4,119.48,118.42986,21709500
2023-07-10,118.3,118.31,116.14,116.45,115.4265,35315200
2023-07-11,116.29,117.71,115.35,117.14,116.11041,23078800
2023-07-12,118.8,120.33,118.41,118.93,117.88469,30404400
2023-07-13,120.93,124.83,120.45,124.54,123.44539,44297900
2023-07-14,124.8,126.78,123.49,125.42,124.31764,33283100
2023-07-17,125.94,127.1,124.2,124.65,123.55442,25716200
2023-07-18,124.6,124.68,122.96,123.76,122.67223,26193600
2023-07-19,124.6,125.18,121.8,122.03,120.95744,37224000
2023-07-20,121.42,124.09,118.22,119.2,118.15231,37906800
2023-07-21,120.62,120.99,118.73,120.02,118.96511,72937900
2023-07-24,121.66,123,120.98,121.53,120.46183,29686100
2023-07-25,121.36,123.15,121.02,122.21,121.13586,52509600
2023-07-26,130.07001,130.98,128.32001,129.27,128.13382,61682100
2023-07-27,131.67,133.24001,128.78999,129.39999,128.26265,44952100
2023-07-28,130.78,133.74001,130.57001,132.58,131.41472,36591200
2023-07-31,132.73,133.53,131.78,132.72,131.55348,28055500
2023-08-01,130.78,132.63,130.67999,131.55,130.39378,23166800
2023-08-02,129.45,130.09,127.56,128.38,127.25163,26273300
2023-08-03,127.97,129.39,127.42,128.45,127.32102,20089500
2023-08-04,129.28,131.50999,127.91,128.11,126.984,26147200
2023-08-07,129.16,131.61,129.02,131.53,130.37395,22746300
2023-08-08,130.62,131.50999,129.53999,131.39999,130.24506,23535200
2023-08-09,131.66,132.03999,129,129.66,128.52036,24912900
2023-08-10,131.32001,132.05,129.45,129.69,128.55013,20857800
2023-08-11,128.66,129.92999,128.17,129.56,128.42125,19591100
2023-08-14,129.39,131.37,128.96001,131.33,130.17569,24695600
2023-08-15,131.10001,131.42,129.28,129.78,128.63933,19770700
2023-08-16,128.7,130.28,127.87,128.7,127.56881,25216100
2023-08-17,129.8,131.99001,129.28999,129.92,128.77809,33446300
2023-08-18,128.50999,129.25,126.38,127.46,126.33971,30504800
2023-08-21,127.18,128.73,126.56,128.37,127.24171,25248700
2023-08-22,128.50999,130.28,128.32001,129.08,127.9455,22054900
2023-08-23,130.17999,133.41,129.87,132.37,131.20654,27819700
2023-08-24,133.95,134.25,129.57001,129.78,128.63933,28500700
2023-08-25,129.53999,130.75999,127.25,129.88,128.73845,26762900
2023-08-28,131.31,132.53999,130.14,131.00999,129.85851,20543300
2023-08-29,132.24001,136.57001,132.24001,134.57001,133.38724,43075600
2023-08-30,134.78,136.28,134.07001,135.88,134.6857,28315800
2023-08-31,136.00999,138,135.78999,136.17,134.97314,30053800
2023-09-01,137.46001,137.46001,134.85001,135.66,134.46765,21543700
2023-09-05,135.44,136.42,134.58,135.77,134.57668,19403100
2023-09-06,136.02,136.53,133.67,134.46001,133.2782,18684500
2023-09-07,133.59,135.58,132.95,135.25999,134.07118,18844300
2023-09-08,134.91,136.66,134.85001,136.38,135.18132,23558300
2023-09-11,136.53999,137.48,135.78999,136.92,135.71657,20763400
2023-09-12,136.25999,136.87,135.19,135.34,134.15047,18405500
2023-09-13,135.09,136.89999,134.14999,136.71001,135.50841,20749500
2023-09-14,137.60001,138.7,136.24001,138.10001,136.88623,24751000
2023-09-15,137.98,138.52,136.48,137.39999,136.19237,38919600
2023-09-18,136.61,139.16,136.61,138.21001,136.99522,21861300
2023-09-19,137.42,138.41,136.62,138.03999,136.82672,20353700
2023-09-20,138.08,138.08,133.62,133.74001,132.56453,29927500
2023-09-21,131.44,132.23,130.07001,130.44,129.29352,31503900
2023-09-22,130.75999,132.03,129.60001,130.25,129.10519,26397300
2023-09-25,129.83,131.17,128.96001,131.11,129.95766,20094600
2023-09-26,129.77,130.36,127.22,128.57001,127.43997,25718700
2023-09-27,128.57001,130.89999,128.57001,130.53999,129.39265,22746500
2023-09-28,129.84,133.3,129.78999,132.31,131.14709,22513100
2023-09-29,133.28,134.05,130.36,130.86,129.70985,30859800
2023-10-02,131.21001,134.42,131.17,134.17,132.99074,22288000
2023-10-03,133.94,134.25999,131.84,132.42999,131.26602,22989400
2023-10-04,132.78999,135.57001,132.53,135.24001,134.05133,26752300
2023-10-05,135.07001,135.49001,133.45,135.07001,133.88283,19832600
2023-10-06,134.00999,138.16,134.00999,137.58,136.37076,27597600
2023-10-09,136.94,138.94,135.61,138.42,137.20337,19278100
2023-10-10,138.5,139.72,137.33,138.06,136.84656,27786600
2023-10-11,138.58,141.11,138.58,140.55,139.31465,25884300
2023-10-12,141.05,141.22,138.25999,138.97,137.74857,24765500
2023-10-13,139.38,140,136.62,137.36,136.15273,23420500
2023-10-16,138.17,139.63,137.99001,139.10001,137.87743,28501900
2023-10-17,138.63,139.89999,137.17999,139.72,138.49194,23515800
2023-10-18,139.45,140.72,137.38,137.96001,136.74744,23375000
2023-10-19,138.5,139.66,137.38,137.75,136.53928,26066000
2023-10-20,137.33,137.87,135.08,135.60001,134.40817,26335700
2023-10-23,135.03999,137.66,133.95,136.5,135.30025,26317900
2023-10-24,137.83,139.36,137.42,138.81,137.58997,44814300
2023-10-25,128.16,128.31,125.07,125.61,124.50598,84366200
2023-10-26,123.27,124.33,121.27,122.28,121.20525,57061100
2023-10-27,122.88,123.31,120.21,122.17,121.09621,44566500
2023-10-30,123.21,125.4,122.75,124.46,123.36609,28940100
2023-10-31,125.06,125.37,122.69,124.08,122.98943,26292300
2023-11-01,124.07,126.49,123.72,126.45,125.33859,30082400
2023-11-02,128.42,128.98,126.93,127.49,126.36945,27124600
2023-11-03,128.02,129.53,127.86,129.10001,127.96531,26393100
2023-11-06,129.05,130.34,128.67,130.25,129.10519,19052700
2023-11-07,130.71001,131.91,129.88,130.97,129.81885,29757300
2023-11-08,130.97,132.21001,130.78,131.84,130.68123,26425800
2023-11-09,131.96001,132.55,130.07001,130.24001,129.09529,23747800
2023-11-10,130.10001,132.8,129.41,132.59,131.42464,26913300
2023-11-13,131.78,132.59,131.25,132.09,130.929,18324800
2023-11-14,134.19,135.7,133.32001,133.62,132.44559,32395200
2023-11-15,134.87,135.03,133.57001,134.62,133.4368,23861500
2023-11-16,135.19,137.22,134.32001,136.92999,135.72647,28013200
2023-11-17,136,136.06,133.64999,135.31,134.12071,37240600
2023-11-20,133.69,136.66,133.62,136.25,135.05246,27815500
2023-11-21,136.28999,137.17999,135.96001,136.97,135.76614,22635300
2023-11-22,137.47,139.42,137.47,138.49001,137.27278,17813900
2023-11-24,138.03,138.13,135.99001,136.69,135.4886,12514300
2023-11-27,136.03,138.42,136,136.41,135.21104,23436500
2023-11-28,136.08,137.25,135.42,137.2,135.99411,18730000
2023-11-29,137.57001,138.28999,134.84,134.99001,133.80354,23967200
2023-11-30,135.05,135.55,131.28,132.53,131.36513,38988300
2023-12-01,131.86,132.11,130.67,131.86,130.70103,31442300
2023-12-04,129.88,130.03,127.9,129.27,128.13382,36669900
2023-12-05,128.95,132.14,128.25,130.99001,129.8387,27384800
2023-12-06,131.44,131.84,129.88,130.02,128.87723,23576200
2023-12-07,135.03999,138.56,134.7,136.92999,135.72647,56767100
2023-12-08,134.2,136.39999,134.03,134.99001,133.80354,32260100
2023-12-11,132.38,133.34,131.36,133.28999,132.11848,31138000
2023-12-12,131.81,133,131.25999,132.52,131.35526,29032800
2023-12-13,133.38,133.5,131.57001,132.57001,131.40482,30104800
2023-12-14,133.38,133.72,129.69,131.94,130.78033,38722400
2023-12-15,131.62,133.50999,131.17999,132.60001,131.43452,50847100
2023-12-18,132.63,137.14999,132.42999,135.8,134.60641,32258000
2023-12-19,136.84,137.47,136.08,136.64999,135.44894,25476800
2023-12-20,138.97,141.7,138.07001,138.34,137.12408,49107200
2023-12-21,139.49001,140.69,139.17999,140.42,139.18581,27488300
2023-12-22,140.77,141.99001,140.71001,141.49001,140.24638,26532200
2023-12-26,141.59,142.67999,141.19,141.52,140.27617,16780300
2023-12-27,141.59,142.08,139.89,140.37,139.13625,19628600
2023-12-28,140.78,141.14,139.75,140.23,138.99745,16045700
2023-12-29,139.63,140.36,138.78,139.69,138.46223,18733000
2024-01-02,138.55,139.45,136.48,138.17,136.95558,23711200
2024-01-03,137.25,139.63,137.08,138.92,137.69901,24212100
2024-01-04,138.42,139.16,136.35001,136.39,135.19122,27137700
2024-01-05,136.75,137.16,135.14999,135.73,134.53702,22513900
2024-01-08,136.28999,139.00999,136.25999,138.84,137.61971,21404000
2024-01-09,138.5,141.49001,138.14999,140.95,139.71115,24759600
2024-01-10,141,143,140.91,142.28,141.02943,21320200
2024-01-11,143.49001,145.22,140.64,142.08,140.83121,24008700
2024-01-12,142.67,143.2,141.82001,142.64999,141.39621,18785500
2024-01-16,142,144.35001,141.45,142.49001,141.23763,22670500
2024-01-17,141.35001,141.84,138.89999,141.47,140.22659,20968600
2024-01-18,142.05,144.21001,141.99001,143.48,142.21889,25746400
2024-01-19,144.74001,146.45,144.38,146.38,145.09344,34271900
2024-01-22,147.10001,148.39,145.84,145.99001,144.70683,32200400
2024-01-23,145.89,147.17999,145.5,147.03999,145.74762,21636100
2024-01-24,148.53999,149.85001,148.10001,148.7,147.39301,25233500
2024-01-25,150.07001,153.05,149.53999,151.87,150.53516,29149100
2024-01-26,151.10001,152.53999,151.00999,152.19,150.85237,26115500
2024-01-29,152.06,153.78,151.42999,153.50999,152.16074,27784300
2024-01-30,152.8,153.62,151.19,151.46001,150.12878,36331800
2024-01-31,143.62,144,139.87,140.10001,138.86862,71910000
2024-02-01,142.12,143.06,140.78999,141.16,139.91933,40466500
2024-02-02,139.25999,142.62,136.5,142.38,141.12857,62499600
2024-02-05,142.82001,145.47,142.78,143.67999,142.41716,38505400
2024-02-06,144.64999,145.36,143.19,144.10001,142.83347,29128200
2024-02-07,144.75999,145.62,143.92999,145.53999,144.26082,25208900
2024-02-08,145.83,146.33,145.10001,145.91,144.62756,22563800
2024-02-09,146.67999,149.44,146.17999,149,147.6904,26829500
2024-02-12,148.42,149.34,147.37,147.53,146.23332,21564100
2024-02-13,144.92,146.67,143.69,145.14,143.8643,27837700
2024-02-14,146.08,146.52,144.09,145.94,144.65729,22704200
2024-02-15,143.14,143.52,140.46001,142.77,141.51515,37590700
2024-02-16,142.99001,143.19,140.14,140.52,139.28493,31468900
2024-02-20,139.66,142.08,139.49001,141.12,139.87967,25144700
2024-02-21,141.45,142.69,140.67999,142.55,141.2971,23223300
2024-02-22,144.92999,145,142.8,144.09,142.82355,27191900
2024-02-23,143.67,144.67999,143.42999,143.96001,142.6947,19493800
2024-02-26,142.14,142.44,137.39,137.57001,136.36089,53641800
2024-02-27,138.02,139.25,137.09,138.88,137.65935,33099200
2024-02-28,137.89999,138.00999,135.41,136.38,135.18132,37328600
2024-02-29,137.28,138.86,136.39999,138.46001,137.24306,42133000
2024-03-01,138.42999,138.87,136.92,137.14,135.93465,31151100
2024-03-04,135.66,135.66,131.91,133.35001,132.17795,55999400
2024-03-05,131.88,133.24001,130.67,132.67,131.50392,40194800
2024-03-06,133.12,133.58,130.85001,131.39999,130.24506,35318600
2024-03-07,132.78999,134.94,131.61,134.38,133.19891,37738200
2024-03-08,134.21001,138.09,134,135.41,134.21986,39370400
2024-03-11,136.13,139.10001,136.13,137.67,136.45996,32437800
2024-03-12,137.03,139.38,137.03,138.5,137.28267,27563400
2024-03-13,139,141.09,138.99001,139.78999,138.56134,23347200
2024-03-14,141.19,143.59,140.46001,143.10001,141.84224,42753400
2024-03-15,142.5,143.17999,140.03,141.17999,139.93912,49475400
2024-03-18,148.61,152.14999,147.17,147.67999,146.38197,69273700
2024-03-19,148.16,148.78999,146.08,147.03,145.73772,24070400
2024-03-20,148,148.86,146.74001,148.74001,147.43269,21311500
2024-03-21,149.47,150.37,146.89999,147.60001,146.30269,24755600
2024-03-22,149.12,151.58,148.98,150.77,149.44484,29211800
2024-03-25,149.94,150.38,147.82001,150.07001,148.75101,19229300
2024-03-26,150.22,152.25999,149.98,150.67,149.34572,22149100
2024-03-27,151.17999,151.64,148.89999,150.87,149.54398,22879200
2024-03-28,150.85001,151.42999,150.17,150.92999,149.60341,24485400
2024-04-01,150.69,155.74001,150.61,155.49001,154.12337,31730800
2024-04-02,153.5,154.7,152.14999,154.56,153.20152,24586000
2024-04-03,153.60001,155.08,152.73,154.92,153.55835,24705000
2024-04-04,153.5,154.77,150.45,150.53,149.20695,34724700
2024-04-05,150.03,153.42,149.60001,152.5,151.15962,23459200
2024-04-08,152.78,155.27,152.61,154.85001,153.489,20702000
2024-04-09,156.09,158.56,155.19,156.60001,155.22362,31079500
2024-04-10,156.21001,156.61,154.67999,156.14,154.76764,22838600
2024-04-11,156.91,159.67999,156.46001,159.41,158.00891,27166400
2024-04-12,157.96001,160.22,157.14,157.73,156.34366,25353700
2024-04-15,158.86,159.24001,154.59,154.86,153.4989,27136500
2024-04-16,154.19,155.64999,153.42999,154.39999,153.04294,20779500
2024-04-17,155.62,157.08,154.58,155.47,154.10353,21763100
2024-04-18,155.34,156.94,154.62,156.00999,154.63878,19883000
2024-04-19,156.2,156.36,152.3,154.09,152.73566,32615600
2024-04-22,154.31,157.64,154.06,156.28,154.9064,26446200
2024-04-23,156.96001,158.97,156.28,158.25999,156.86902,21151600
2024-04-24,157.49001,159.57001,157.17,159.13,157.73137,22779100
2024-04-25,151.33,156.49001,150.87,156,154.62886,57109700
2024-04-26,174.37,174.71001,169.64999,171.95,170.43869,64665300
2024-04-29,169.06,169.55,165.21001,166.14999,164.68965,45610000
2024-04-30,165.61,168.10001,162.60001,162.78,161.34927,33562900
2024-05-01,164.3,167.12,163.09,163.86,162.41978,33493200
2024-05-02,164.78999,166.73,163.89,166.62,165.15552,24294500
2024-05-03,167.56,167.96001,163.05,167.24001,165.77011,34662400
2024-05-06,167.46001,168.14,166.03,168.10001,166.62253,21871300
2024-05-07,168.5,171.75999,168.39,171.25,169.74484,28039700
2024-05-08,169,170.14999,168.74001,169.38,167.89128,19569100
2024-05-09,169.39,170.69,168.17999,169.96001,168.4662,15346700
2024-05-10,168.03,169.85001,166.19,168.64999,167.16768,29799900
2024-05-13,164.25999,169.28,164,169.14,167.6534,31327600
2024-05-14,169.77,171.25,168.8,170.34,168.84283,25127100
2024-05-15,170.63,172.64999,170.50999,172.50999,170.99376,26948400
2024-05-16,173.28999,175.12,172.69,174.17999,172.64906,27867900
2024-05-17,174.17999,176.27,173.69,176.06,174.51254,24479300
2024-05-20,176.19,178.77,176.08,176.92,175.36499,22554400
2024-05-21,176.89999,178.14999,175.81,177.85001,176.28683,16989400
2024-05-22,176.64,177.14999,175.21001,176.38,174.82977,17880000
2024-05-23,177.07001,178.25,172.95,173.55,172.02463,21024900
2024-05-24,174.98,175.77,173.64999,174.99001,173.45197,16579400
2024-05-28,174.45,177.27,174.37,176.39999,174.84956,20572200
2024-05-29,175.42999,176.84,174.72,175.89999,174.35397,23388700
2024-05-30,175.2,175.22,171.78999,172.11,170.59729,22931500
2024-05-31,171.86,173.06,169.44,172.5,170.98384,37638900
2024-06-03,172.53999,174.53,171.16,173.17,171.64796,27459100
2024-06-04,173.28,173.85001,171.89,173.78999,172.26251,26879600
2024-06-05,175.2,176.64999,173.92999,175.41,173.86829,22068500
2024-06-06,175.89999,177.14999,175.75,176.73,175.17667,23251000
2024-06-07,177.05,177.87,174.3,174.46001,172.92664,19661400
2024-06-10,174.97,177.06,172.75999,175.00999,173.67087,23726700
2024-06-11,176.22,176.84,173.77,176.62,175.26857,21540600
2024-06-12,178.25,180.41,176.11,177.78999,176.4296,27864700
2024-06-13,176.11,176.74001,174.88,175.16,173.81975,20913300
2024-06-14,174.22,177.06,174.14999,176.78999,175.43726,18063600
2024-06-17,175.46001,178.36,174.81,177.24001,175.8838,19618500
2024-06-18,177.14,177.39,174.10001,175.09,173.75026,21869900
2024-06-20,175.37,177.28999,174.99001,176.3,174.95102,20160100
2024-06-21,177,180.85001,176.61,179.63,178.25554,57759000
2024-06-24,180.16,180.89,178.67,179.22,177.84868,18298000
2024-06-25,179.62,184.28999,179.42,184.03,182.62187,23130200
2024-06-26,182.63,184.50999,182.48,183.88,182.47301,19839000
2024-06-27,184.17999,186.05,184.02,185.41,183.9913,18848900
2024-06-28,184.32001,185.13,181.96001,182.14999,180.75624,29156600
2024-07-01,183.03,183.88,181.3,182.99001,181.58981,16006100
2024-07-02,182.05,185.57001,181.56,185.24001,183.82262,17372500
2024-07-03,184.85001,186.09,184,185.82001,184.39818,10242100
2024-07-05,185.86,190.86,185.8,190.60001,189.14159,20967500
2024-07-08,189.89999,190.17,187.78,189.03,187.58359,21035900
2024-07-09,190.31,191.36,188.72,188.98,187.53397,15121400
2024-07-10,189.14999,191.75,189.03,191.17999,189.71713,15952500
2024-07-11,189.85001,190.86,185.08,185.57001,184.15012,25625800
2024-07-12,185.08,187.11,184.49001,185.07001,183.65392,22898400
2024-07-15,184.92,188.24001,184.92,186.53,185.10272,16474000
2024-07-16,187.36,188.67999,183.37,183.92,182.5127,18290700
2024-07-17,182.97,183.55,179.89999,181.02,179.63489,20734100
2024-07-18,181.92999,182.5,176.47,177.69,176.33038,25315700
2024-07-19,178.88,180.28999,177.13,177.66,176.3006,18881900
2024-07-22,180.59,182.7,180.23,181.67,180.27991,24100300
2024-07-23,182.05,183.61,181.53999,181.78999,180.399,36352700
2024-07-24,173.60001,176.19,171.82001,172.63,171.3091,49585200
2024-07-25,172.52,173.42,167.19,167.28,166.00003,44852000
2024-07-26,167.14999,168.09,164.06,167,165.72217,41336900
2024-07-29,168.83,170.42999,167.99001,169.53,168.2328,20293800
2024-07-30,170.24001,171.23,168.44,170.28999,168.98698,18959700
2024-07-31,173.24001,174.25,170.00999,171.53999,170.22742,25729100
2024-08-01,170.25,174.05,168.88,170.75999,169.45335,24531400
2024-08-02,166.44,168.50999,164.67,166.66,165.38477,29130100
2024-08-05,155.5,164.42999,154.92999,159.25,158.03146,53630700
2024-08-06,159.33,160.57001,156.41,158.28999,157.07881,49004600
2024-08-07,161.25,162.98,158.47,158.94,157.72382,25138600
2024-08-08,160.50999,163.69,160.21001,162.03,160.79021,25578800
2024-08-09,160.00999,163.78999,159.06,163.67,162.41765,28602300
2024-08-12,164.35001,164.89999,161.84,162.28999,161.0482,15895300
2024-08-13,163.41,164.73,162.97,164.16,162.9039,18551700
2024-08-14,162.39999,163.22,157.71001,160.37,159.1429,40591100
2024-08-15,160.5,161.64,159.61,161.3,160.06578,31524300
2024-08-16,161.47,165.06,161.13,162.96001,161.71309,24208600
2024-08-19,165.28,166.69,164.25999,166.67,165.3947,22416200
2024-08-20,166.89999,168.64,166.82001,167.17999,165.90079,18341500
2024-08-21,165.14999,166.85001,164.67,165.85001,164.58096,22902000
2024-08-22,167.25999,167.59,163.31,163.8,162.54663,22493300
2024-08-23,164.72,166.17999,163.83,165.62,164.35275,13955700
2024-08-26,166.38,167.55,164.46001,166.16,164.88858,14190400
2024-08-27,165.84,166.44,164.46001,164.67999,163.41994,11821900
2024-08-28,165.03999,165.60001,161.53,162.85001,161.60393,16407400
2024-08-29,164.31,165.97,160.25,161.78,160.5421,19699800
2024-08-30,162.62,163.66,161.69,163.38,162.1299,22123800
2024-09-03,161.72,161.85001,156.48,157.36,156.15594,38945300
2024-09-04,156.66,159,155.96001,156.45,155.25288,19353800
2024-09-05,156.3,159.45,155.98,157.24001,156.03688,18688700
2024-09-06,157.3,157.83,150.55,150.92,149.7652,37912100
2024-09-09,152.50999,153.39999,147.22,148.71001,147.76794,39260500
2024-09-10,150.45,151.27,148.34,148.66,147.71825,31118800
2024-09-11,149.92,151.5,147.52,151.16,150.20241,29607700
2024-09-12,153.8,154.82001,152.64999,154.69,153.71007,29621500
2024-09-13,155.42999,158.38,155.21001,157.46001,156.46249,29591200
2024-09-16,157.31,158.25,156.60001,158.06,157.05872,18379800
2024-09-17,159.02,160.55,158.38,159.32001,158.31071,20715600
2024-09-18,159.86,160.5,158.60001,159.81,158.79762,23677300
2024-09-19,163.71001,163.78999,161.34,162.14,161.11287,26587700
2024-09-20,163.5,163.73,162.06,163.59,162.55368,40896400
2024-09-23,164.35001,165.49001,161.67,161.85001,160.82471,24150900
2024-09-24,163.03,163.22,160.69,162.28999,161.2619,23332100
2024-09-25,161.47,162.81,161.3,161.49001,160.46698,18869200
2024-09-26,163.64,164.08,162.28,162.73,161.69913,20319300
2024-09-27,162.81,165.7,162.63,163.95,162.91139,21101300
2024-09-30,163.32001,166.14999,163.25999,165.85001,164.79933,20413900
2024-10-01,167.69,169.16,164.58,166.99001,165.93216,28338100
2024-10-02,166.42,167.52,164.73,165.86,164.80931,17760200
2024-10-03,164.41,166.64,163.92,165.86,164.80931,15073100
2024-10-04,168.06,168.23,165.48,167.06,166.00171,19047400
2024-10-07,167.72,168.48,162.75,162.98,161.94753,22463100
2024-10-08,163.94,164.73,162.87,164.38,163.33868,23072700
2024-10-09,163.45,164.84,159.74001,161.86,160.83466,31181800
2024-10-10,160.87,163.07001,160.39999,162.08,161.05324,14144100
2024-10-11,162.13,163.89999,161.24001,163.24001,162.2059,15344300
2024-10-14,163.64,166.23,163.39999,164.96001,163.91499,19016100
2024-10-15,165.78999,167.67999,164.63,165.46001,164.41182,20247200
2024-10-16,164.53,165.8,163.74001,165.16,164.11374,16406000
2024-10-17,165.73,166.37,162.75999,162.92999,161.89784,21453400
2024-10-18,163.19,164.71001,163.08,163.42,162.38474,19757700
2024-10-21,162.95,164.5,162.62,164.07001,163.03064,20946500
2024-10-22,162.98,165.77,162.98,165.14,164.09386,16568100
2024-10-23,164.75999,165.82001,161.92999,162.78,161.74879,18280500
2024-10-24,162.83,163.33,161.00999,162.72,161.68919,22412500
2024-10-25,163.67,165.59,163.42,165.27,164.22302,19828900
2024-10-28,168.75,168.75,163.95,166.72,165.66386,32138600
2024-10-29,167.73,170.38,167.09,169.67999,168.6051,42169000
2024-10-30,180.67999,182.02,174.06,174.46001,173.35481,68890800
2024-10-31,173.13,176.82001,171,171.11,170.02605,44769000
2024-11-01,170.07001,172.32001,168.88,171.28999,170.20488,31796500
2024-11-04,169.92999,170.73,168.00999,169.24001,168.16789,21492700
2024-11-05,169.42999,170.53,168.84,169.74001,168.66472,18242100
2024-11-06,173.8,176.94,173.5,176.50999,175.39182,33695500
2024-11-07,177.41,181.08,177.19,180.75,179.60497,25352900
2024-11-08,180.64999,180.89999,178.08,178.35001,177.22018,22006200
2024-11-11,178.58,180.55,178.47,180.35001,179.20752,17450400
2024-11-12,179.82001,182.49001,179.39,181.62,180.46945,25134900
2024-11-13,180.46001,180.96001,178.53999,178.88,177.74683,23184000
2024-11-14,178.28,178.82001,174.32001,175.58,174.46773,31007500
2024-11-15,173.73,174.14,171.22,172.49001,171.39731,32504600
2024-11-18,173.42,175.44,172.89999,175.3,174.1895,20135300
2024-11-19,173.72,178.87,173.56,178.12,176.99162,23434900
2024-11-20,177.34,177.67999,173.78,175.98,174.86519,18997100
2024-11-21,173.89999,174.13,163.7,167.63,166.56808,59734400
2024-11-22,165.85001,166.46001,163.89999,164.75999,163.71626,38604600
2024-11-25,166.09,168.63,165.61,167.64999,166.58797,33135300
2024-11-26,167.63,169.82001,167.58,169.12,168.04863,20486700
2024-11-27,169,169.48,168.02,169.23,168.15794,19266500
2024-11-29,168.5,169.42999,167.16,168.95,167.87971,14257200
2024-12-02,168.77,172.08,168.57001,171.49001,170.40366,23789100
2024-12-03,171.49001,172.67999,170.85001,171.34,170.25456,22248700
2024-12-04,171.14999,174.91,171.06,174.37,173.26537,31615100
2024-12-05,175.36,176.06,172.33,172.64,171.54636,21356200
2024-12-06,172.03,175.08,171.86,174.71001,173.60324,21462400
2024-12-09,173.96001,176.25999,173.64999,175.37,174.45877,25389600
2024-12-10,182.85001,186.36,181.05,185.17,184.20784,54813000
2024-12-11,185.31,195.61,184.85001,195.39999,194.38469,67894100
2024-12-12,195,195.17999,191.71001,191.96001,190.96257,34817500
2024-12-13,191.00999,192.73,189.64,189.82001,188.83368,25143500
2024-12-16,192.87,199,192.62,196.66,195.63814,44934900
2024-12-17,197.25,201.42,194.98,195.42,194.40457,43504000
2024-12-18,195.22,197,187.74001,188.39999,187.42105,34166100
2024-12-19,191.63,193.03,188.38,188.50999,187.53047,32265200
2024-12-20,185.78,192.89,185.22,191.41,190.41541,63462900
2024-12-23,192.62,195.10001,190.14999,194.63,193.61871,25675000
2024-12-24,194.84,196.11,193.78,196.11,195.091,10403300
2024-12-26,195.14999,196.75,194.38,195.60001,194.58366,12046600
2024-12-27,194.95,195.32001,190.64999,192.75999,191.75841,18891400
2024-12-30,189.8,192.55,189.12,191.24001,190.24631,14264700
2024-12-31,191.08,191.96001,188.50999,189.3,188.31639,17466900
2025-01-02,190.64999,192,187.5,189.42999,188.44571,20370800
2025-01-03,191.37,193.21001,189.98,191.78999,190.79344,18596200
2025-01-06,193.98,198.22,193.85001,196.87,195.84706,29563600
2025-01-07,197.11,201,194.60001,195.49001,194.47423,26487200
2025-01-08,192.57001,196.28999,192.38,193.95,192.94223,24864800
2025-01-10,194.3,196.52,190.31,192.03999,191.04213,26665200
2025-01-13,190.07001,191.17999,187.36,191.00999,190.01752,21823700
2025-01-14,191.24001,191.98,188.31,189.66,188.67451,17174900
2025-01-15,193.09,196.36,191.86,195.55,194.53391,21776000
2025-01-16,194.14,195.48,192.81,192.91,191.90764,17815400
2025-01-17,196.53,197.23,193.75,196,194.98158,27735100
2025-01-21,199.07001,202.28999,197.87,198.05,197.02092,29971300
2025-01-22,199.06,200.48,197.53,198.37,197.33925,26200600
2025-01-23,198.14,200.3,195.2,197.98,196.95128,26951400
2025-01-24,198.10001,200.89999,198,200.21001,199.16972,23877500
2025-01-27,192.41,196.88,190.73,191.81,190.81334,41728900
2025-01-28,192.75,195.48,190.67999,195.3,194.28522,24157900
2025-01-29,195.56,196.78999,193.42999,195.41,194.39464,18218300
2025-01-30,198,201.39999,197.67,200.87,199.82626,24354700
2025-01-31,202,205.48,201.8,204.02,202.95992,32001100
2025-02-03,200.69,203.75,200.10001,201.23,200.18439,27838300
2025-02-04,203.39,207.05,202.81,206.38,205.30763,43856400
2025-02-05,191.07001,192.75,188.03,191.33,190.33586,70373900
2025-02-06,189.5,192.10001,188.72,191.60001,190.60443,29297400
2025-02-07,191.05,191.17999,183.24001,185.34,184.37697,49315000
2025-02-10,187.35001,188.2,185.86,186.47,185.50108,23105600
2025-02-11,185.03,186.94,184.28,185.32001,184.35707,21239500
2025-02-12,183.22,185.11,181.83,183.61,182.65594,22072600
2025-02-13,184.32001,186.28,183.14,186.14,185.17279,21402500
2025-02-14,185.06,186.39999,184.32001,185.23,184.26752,20448400
2025-02-18,185.60001,185.96001,181.74001,183.77,182.81512,29916700
2025-02-19,184.07001,185.46001,183.59,185.27,184.30733,19549400
2025-02-20,184.8,185.31,182.72,184.56,183.60103,20441500
2025-02-21,185.14999,185.34,179.08,179.66,178.72649,35199200
2025-02-24,181.99001,183.12,178.89,179.25,178.31859,29854200
2025-02-25,178.03999,178.74001,174.69,175.42,174.5085,41913400
2025-02-26,175.07001,176.08,171.58,172.73,171.83249,35431300
2025-02-27,173.99001,174.56,167.94,168.5,167.62447,39991000
2025-02-28,168.67999,170.61,166.77,170.28,169.39519,48130600
2025-03-03,171.92999,173.37,165.92999,167.00999,166.14221,40770500
2025-03-04,166.24001,173.28999,165.8,170.92,170.03189,45388000
2025-03-05,170.52,173.78,169.06,173.02,172.12097,30954900
2025-03-06,170.53,174.81,170.5,172.35001,171.45445,28302000
2025-03-07,171.25999,174.97,170.27,173.86,172.95662,27385800
2025-03-10,168.25999,168.46001,163.69,165.87,165.19817,43604000
2025-03-11,164.91,166.75,161.37,164.03999,163.37558,39587400
2025-03-12,166.58,167.64,163.53,167.11,166.43314,28372400
2025-03-13,166.03999,166.13,162.11,162.75999,162.10077,31756200
2025-03-14,163.27,166.49001,162.45,165.49001,164.81972,31995900
2025-03-17,165.03,166.3,163.67,164.28999,163.62457,31184300
2025-03-18,163.67999,164.25,156.72,160.67,160.01921,42074800
2025-03-19,161.75999,165.87,161,163.89,163.22618,34275600
2025-03-20,161.57001,164.89,160.96001,162.8,162.14061,28138500
2025-03-21,161.21001,164.24001,160.89,163.99001,163.32579,36625800
2025-03-24,167.07001,168.32001,165.14,167.67999,167.00082,30879100
2025-03-25,168.98,170.63,168.32001,170.56,169.86919,24174400
2025-03-26,169,169.61,164.84,165.06,164.39145,28901600
2025-03-27,164.63,165.42,162,162.24001,161.58287,24508300
2025-03-28,160.49001,161.82001,153.63,154.33,153.7049,48669300
2025-03-31,153.11,155.53999,150.66,154.64,154.01364,54603500
2025-04-01,153.62,158.10001,153.62,157.07001,156.43381,30672900
2025-04-02,155.14999,158.41,154.7,157.03999,156.40392,25041700
2025-04-03,151.11,152.78,150.39,150.72,150.10954,46883400
2025-04-04,148.00999,151.07001,145.38,145.60001,145.01027,62259500
2025-04-07,141.55,152.85001,140.53,146.75,146.15561,76794100
2025-04-08,151.22,152.24001,143.03,144.7,144.11391,52200200
2025-04-09,144.42,159.55,143.91,158.71001,158.06717,70406200
2025-04-10,156.53999,157.72,149.92999,152.82001,152.20103,48022000
2025-04-11,152.89999,157.67,152.82001,157.14,156.50352,33636200
2025-04-14,160,161.72,157.56,159.07001,158.42572,30333000
2025-04-15,159.13,159.64999,155.21001,156.31,155.6769,27551500
2025-04-16,153.10001,155.89,151.50999,153.33,152.70897,28187400
2025-04-17,154.28999,154.67999,148.5,151.16,150.54776,33046600
2025-04-21,148.88,148.95,146.10001,147.67,147.07188,26049100
2025-04-22,148.89,152.19,148.53999,151.47,150.85649,26971800
2025-04-23,155.61,157.53,153.81,155.35001,154.72079,31128800
2025-04-24,156.14999,159.59,155.78999,159.28,158.63487,45894000
2025-04-25,165.07001,166.10001,161.03999,161.96001,161.304,56034000
2025-04-28,162.42999,163.14999,158.60001,160.61,159.95947,29745800
2025-04-29,160.32001,160.74001,157.52,160.16,159.51128,26809000
2025-04-30,157.98,159.27,155.39999,158.8,158.15681,34981100
2025-05-01,160.45,161.95,158.91,161.3,160.6467,30203200
2025-05-02,163.41,164.97,161.87,164.03,163.36562,25715000
2025-05-05,163,165.39,162.72,164.21001,163.54489,21341800
2025-05-06,162.17,164.8,161.19,163.23,162.56886,21277200
2025-05-07,164.08,165,147.84,151.38,150.76686,127490100
2025-05-08,155,155.92999,152.89999,154.28,153.65509,57498700
2025-05-09,154.17,155.05,152.2,152.75,152.13132,32435300
2025-05-12,157.49001,159.10001,156.25,158.46001,157.81819,44138800
2025-05-13,158.78999,160.57001,156.16,159.53,158.88383,42382100
2025-05-14,159.96001,167,159.61,165.37,164.7002,48755900
2025-05-15,165.84,166.21001,162.37,163.96001,163.29593,33146700
2025-05-16,167.73,169.35001,165.62,166.19,165.51686,42846900
2025-05-19,164.50999,166.64,164.22,166.53999,165.86546,30426100
2025-05-20,166.42999,168.5,162.89999,163.98,163.31583,46607700
2025-05-21,163.69,173.14,163.56,168.56,167.87727,73416000
2025-05-22,171.85001,176.77,170.71001,170.87,170.1779,74864400
2025-05-23,169.06,169.96001,167.89,168.47,167.78763,35211400
2025-05-27,170.16,173.17,170,172.89999,172.19969,37995700
2025-05-28,173.16,175.27,171.91,172.36,171.66188,34784000
2025-05-29,174,174.42,170.63,171.86,171.16391,29317300
2025-05-30,171.35001,172.21001,167.44,171.74001,171.04439,52639900
2025-06-02,167.84,169.87,167.39,169.03,168.34537,38612300
2025-06-03,167.49001,168.48,165.28,166.17999,165.50691,45084900
2025-06-04,166.74001,168.22,166.36,168.05,167.36934,26900800
2025-06-05,170.34,170.92999,167.59,168.21001,167.52869,36379100
2025-06-06,170.83,174.5,170.83,173.67999,172.97653,35731800
2025-06-09,174.53999,176.47,174.37,176.09,175.58908,28935900
2025-06-10,176.2,181.11,174.91,178.60001,178.09195,61766100
2025-06-11,179.77,180.37,176.75,177.35001,176.8455,31646800
2025-06-12,176.17999,176.72,174.75,175.7,175.20018,20941900
2025-06-13,172.44,177.13,172.39,174.67,174.17313,27663100
2025-06-16,174.73,176.94,174.64999,176.77,176.26715,27389200
2025-06-17,175.7,177.36,174.58,175.95,175.44949,24973000
2025-06-18,176.00999,176.56,173.2,173.32001,172.82698,28707500
2025-06-20,173.95,174.34,165.46001,166.64,166.16597,75659900
2025-06-23,166.27,167.34,162,165.19,164.72011,57671000
2025-06-24,166.92,168.22,166.13,166.77,166.29559,40524300
2025-06-25,167.63,172.36,167.55,170.67999,170.19447,35479000
2025-06-26,172.42999,173.69,169.94,173.53999,173.04634,31796700
2025-06-27,173.53999,178.67999,171.73,178.53,178.02214,108140200
2025-06-30,180.78,181.23,174.58,176.23,175.7287,63378900
2025-07-01,175.74001,176.09,173.53,175.84,175.3398,35904500
2025-07-02,175.53999,178.86,175.07001,178.64,178.13182,29128900
2025-07-03,178.5,179.67,177.05,179.53,179.0193,21689700
2025-07-07,179.06,179.3,175.67999,176.78999,176.28709,34175600
2025-07-08,177.85001,177.95,172.81,174.36,173.86401,40442500
2025-07-09,175.25,179.44,172.77,176.62,176.11757,43025600
2025-07-10,175.63,178.42999,174.38,177.62,177.11472,29252400
2025-07-11,176.78999,181.42999,176.48,180.19,179.67743,34282900
2025-07-14,181.00999,183.67,179.67999,181.56,181.04353,32536600
2025-07-15,182.81,184.22,181.60001,182,181.48227,33448300
2025-07-16,183.24001,184.33,182.03,182.97,182.44951,33104200
2025-07-17,182.14,184.06,180.48,183.58,183.05779,31992600
2025-07-18,185.39999,186.42,183.71001,185.06,184.53357,34014500
2025-07-21,186.25,190.28999,186.14999,190.10001,189.55923,45803100
2025-07-22,191.5,191.64999,187.46001,191.34,190.7957,44660200
2025-07-23,191.5,192.53,189.17999,190.23,189.68886,58681900
2025-07-24,197.03,197.95,191,192.17,191.62335,74881700
2025-07-25,191.98,194.33,191.25999,193.17999,192.63048,39785900
2025-07-28,193.64999,194.05,190.84,192.58,192.03218,38139500
2025-07-29,192.42999,195.92,192.08,195.75,195.19316,41389200
2025-07-30,195.60001,197.60001,194.69,196.53,195.97095,32445400
2025-07-31,195.71001,195.99001,191.09,191.89999,191.35411,51329200
2025-08-01,189.03,190.83,187.82001,189.13,188.592,34832200
2025-08-04,190.28999,195.27,190.12,195.03999,194.48518,31547400
2025-08-05,194.71001,197.86,193.89,194.67,194.11623,31602300
2025-08-06,194.5,196.63,193.67,196.09,195.53218,21562900
2025-08-07,197.06,197.53999,194.33,196.52,195.96098,26321800
2025-08-08,197.22,202.61,197.17,201.42,200.84702,39161800
2025-08-11,200.94,201.48,199.07001,201,200.42822,25832400
2025-08-12,201.37,204.5,200.59,203.34,202.76157,30397900
2025-08-13,204.13,204.53,197.50999,201.96001,201.3855,28342900
2025-08-14,201.5,204.44,201.23,202.94,202.3627,25230400
2025-08-15,203.85001,206.44,201.28,203.89999,203.31996,34931400
2025-08-18,204.2,205.27,202.49001,203.5,202.92111,18526600
2025-08-19,203.03,203.44,199.96001,201.57001,200.99661,24240200
2025-08-20,200.73,201.28,196.60001,199.32001,198.75301,28955500
2025-08-21,199.75,202.48,199.42999,199.75,199.18178,19774600
2025-08-22,202.73,208.53999,201.3,206.09,205.50374,42827000
2025-08-25,206.42999,210.52,205.28,208.49001,207.89694,29928900
2025-08-26,207.50999,207.85001,205.7,207.14,206.55075,28464100
2025-08-27,205.7,208.91,205.64999,207.48,206.88979,23022900
2025-08-28,207.25,212.22,206.89999,211.64,211.03795,32339300
2025-08-29,210.50999,214.64999,210.2,212.91,212.30437,39728400
2025-09-02,208.44,211.67999,206.2,211.35001,210.74878,47523000
2025-09-03,226.21001,231.31,224.78999,230.66,230.00385,103336100
2025-09-04,229.64999,232.37,226.11,232.3,231.63919,51684200
2025-09-05,232.2,235.75999,231.89999,235,234.33151,46588900
2025-09-08,235.47,238.13,233.67,234.03999,233.58296,32474700
2025-09-09,234.17,240.47,233.23,239.63,239.16203,38061000
2025-09-10,238.89999,241.66,237.85001,239.17,238.70294,35141100
2025-09-11,239.88,242.25,236.25,240.37,239.90059,30599300
2025-09-12,240.37,242.08,238,240.8,240.32977,26771600
2025-09-15,244.66,252.41,244.66,251.61,251.11867,58383800
2025-09-16,252.08,253.03999,249.47,251.16,250.66954,34109700
2025-09-17,251.22,251.60001,246.28,249.53,249.04272,34108000
2025-09-18,251.67999,253.99001,249.8,252.03,251.53784,31239500
2025-09-19,253.25,256,251.81,254.72,254.22258,55571400
2025-09-22,254.42999,255.78,250.3,252.53,252.03687,32290500
2025-09-23,253.03999,254.36,250.48,251.66,251.16856,26628000
2025-09-24,251.66,252.35001,246.44,247.14,246.65739,28201000
2025-09-25,244.39999,246.49001,240.74001,245.78999,245.31001,31020400
2025-09-26,247.07001,249.42,245.97,246.53999,246.05855,18503200
2025-09-29,247.85001,251.14999,242.77,244.05,243.57341,32505800
2025-09-30,242.81,243.28999,239.25,243.10001,242.62529,34724300
2025-10-01,240.75,246.3,238.61,244.89999,244.42175,31658200
2025-10-02,245.14999,246.81,242.3,245.69,245.21021,25483300
2025-10-03,244.49001,246.3,241.66,245.35001,244.8709,30249600
2025-10-06,244.78,251.32001,244.58,250.42999,249.94095,28894700
2025-10-07,248.27,250.44,245.52,245.75999,245.28008,23181300
2025-10-08,244.96001,246.00999,243.82001,244.62,244.1423,21307100
2025-10-09,244.47,244.75999,239.14999,241.53,241.05833,27892100
2025-10-10,241.42999,244.09,235.84,236.57001,236.10802,33180300
2025-10-13,240.21001,244.5,239.71001,244.14999,243.67322,24995000
2025-10-14,241.23,247.12,240.50999,245.45,244.97069,22111600
2025-10-15,247.25,252.11,245.99001,251.03,250.53978,27007700
2025-10-16,251.77,256.95999,250.10001,251.46001,250.96896,27997200
2025-10-17,250.75999,254.22,247.81,253.3,252.80536,29671600
2025-10-20,254.69,257.32999,254.23,256.54999,256.04901,22350200
2025-10-21,254.74001,254.88,244.14999,250.46001,249.97092,47312100
2025-10-22,254.37,256.35999,249.28999,251.69,251.1985,35029400
2025-10-23,252.98,255.03999,251.85001,253.08,252.58578,19901400
2025-10-24,256.57999,261.67999,255.32001,259.92001,259.41245,28655100
2025-10-27,264.82001,270.14001,264.28,269.26999,268.74417,35235200
2025-10-28,269.69,270.73001,266.5,267.47,266.94766,29738600
2025-10-29,267.75,275.34,267.67001,274.57001,274.03381,43580300
2025-10-30,291.59,291.59,280.06,281.48001,280.93033,74876000
2025-10-31,283.20999,286,277.03,281.19,280.6409,39267900
2025-11-03,282.17999,285.53,279.79999,283.72,283.16592,29786000
2025-11-04,276.75,281.26999,276.26001,277.54001,276.99802,30078400
2025-11-05,278.87,286.42001,277.34,284.31,283.75482,31010300
2025-11-06,285.32999,288.35001,281.14001,284.75,284.19391,37173600
2025-11-07,283.20999,283.78,275.19,278.82999,278.28549,34479600
2025-11-10,284.42001,290.79999,282.85999,290.10001,289.53348,29557300
2025-11-11,287.75,291.92001,287.32001,291.31,290.74112,19842100
2025-11-12,291.67999,292.01001,283.69,286.70999,286.15009,24829900
2025-11-13,282.34,282.84,277.23999,278.57001,278.02603,29494000
2025-11-14,271.41,278.56,270.70001,276.41,275.87021,31647200
2025-11-17,285.78,293.95001,283.57001,285.01999,284.46341,52670200
2025-11-18,287.92001,288.79999,278.20001,284.28,283.72482,49158700
2025-11-19,287.16,303.81,286.63,292.81,292.23819,68198900
2025-11-20,304.54001,306.42001,288.67001,289.45001,288.88477,62025200
2025-11-21,296.42001,303.92001,293.85001,299.66,299.0748,74137700
2025-11-24,311.13,319.48001,309.60001,318.57999,317.95786,85165100
2025-11-25,326.20999,328.82999,317.64999,323.44,322.80838,88632100
2025-11-26,320.67999,324.5,316.79001,319.95001,319.32523,51373400
2025-11-28,323.37,326.85001,316.79001,320.17999,319.55475,26018600
2025-12-01,317.70001,319.85001,313.89001,314.89001,314.27512,41183000
2025-12-02,316.73999,318.38,313.91,315.81,315.19327,35854700
2025-12-03,315.89001,321.57999,314.10001,319.63,319.00583,41838300
2025-12-04,322.23001,322.35999,314.70001,317.62,316.99976,31240900
2025-12-05,319.48999,323.16,319.17001,321.26999,320.64264,28851700
2025-12-08,320.04999,320.44,311.22,313.72,313.31216,33909400
2025-12-09,312.37,317.98999,311.89999,317.07999,316.66779,30194000
2025-12-10,315.82999,321.31,314.67999,320.20999,319.79373,33428900
2025-12-11,320.07999,321.12,308.60001,312.42999,312.02386,42353700
2025-12-12,313.70001,314.87,305.56,309.29001,308.88794,35940200
2025-12-15,311.32001,311.42001,304.88,308.22,307.81934,29151900
2025-12-16,304.95001,310.76999,302.59,306.57001,306.17148,30585000
2025-12-17,308.01001,308.09,296.12,296.72,296.33426,43930400
2025-12-18,301.72,303.95999,299.23001,302.45999,302.0668,33518000
2025-12-19,301.73001,307.25,300.97,307.16,306.76071,59943200
2025-12-22,309.88,310.13,305.29999,309.78,309.37732,26429900
2025-12-23,309.63,314.94,309.32001,314.35001,313.94135,25478700
2025-12-24,314.76999,315.07999,311.92001,314.09,313.68167,10097400
2025-12-26,314.48001,315.09,312.28,313.51001,313.10248,10899000
2025-12-29,311.37,314.01999,310.62,313.56,313.1524,19621800
2025-12-30,312.5,316.95001,312.45999,313.85001,313.44202,17380900
2025-12-31,312.85001,314.57999,311.44,313,312.59311,16377700
2026-01-02,316.89999,322.5,310.32999,315.14999,314.7403,32009400
2026-01-05,317.66,319.01999,314.63,316.54001,316.12851,30195600
2026-01-06,316.39999,320.94,311.78,314.34,313.93137,31212100
2026-01-07,314.35999,326.14999,314.19,321.98001,321.56146,35104400
2026-01-08,328.97,330.32001,321.5,325.44,325.01694,31896100
2026-01-09,327.09,330.82999,325.79999,328.57001,328.14288,26214200
2026-01-12,325.79999,334.04001,325,331.85999,331.42859,33923900
2026-01-13,334.95001,340.48999,333.62,335.97,335.53323,33517600
2026-01-14,335.06,336.51999,330.48001,335.84,335.40341,28525600
2026-01-15,337.64999,337.69,330.73999,332.78,332.34741,28442400
2026-01-16,334.41,334.64999,327.70001,330,329.57101,40341600
2026-01-20,320.87,327.73001,320.42999,322,321.58142,35361000
2026-01-21,320.92001,332.48001,319.35001,328.38,327.95313,35386600
2026-01-22,334.45001,335.14999,328.75,330.54001,330.11029,26253600
2026-01-23,332.48999,333.69,327.45001,327.92999,327.50369,27280000
2026-01-26,327.81,335.84,327,333.26001,332.82678,26042100
2026-01-27,335.37,337.91,333.48001,334.54999,334.11508,21636200
2026-01-28,336.06,337.54001,331.94,336.01001,335.57318,27434400
2026-01-29,340.29999,342.29001,326.54001,338.25,337.8103,39785600
2026-01-30,340,340,332.29001,338,337.56061,31024000
2026-02-02,336.22,344.82999,335.63,343.69,343.24319,32006100
2026-02-03,347.34,349,337.47,339.70999,339.26837,36506700
2026-02-04,342.95999,343.31,328.51999,333.04001,332.60709,70618400
2026-02-05,312.22,332.69,306.45999,331.25,330.8194,88205800
2026-02-06,327.17999,330.38,319.92001,322.85999,322.44028,56380500
2026-02-09,320.92999,327.70001,317.26001,324.32001,323.89841,39640100
2026-02-10,320.97,321.67001,314.60999,318.57999,318.16583,39170000
2026-02-11,318.97,321.06,309.66,310.95999,310.55573,45406400
2026-02-12,312.09,316.23999,307.20001,309,308.59833,47761300
2026-02-13,307.73001,308.63,303.70999,305.72,305.32257,38499700
2026-02-17,300.04001,304.44,296.25,302.01999,301.62735,39247600
2026-02-18,302.09,305.38,301.25,303.32999,302.93567,28482100
2026-02-19,301.82001,305.47,300.04001,302.85001,302.4563,25834400
2026-02-20,304.32001,316.5,303.89999,314.98001,314.57056,53210800
2026-02-23,319.04999,319.51999,309.87,311.48999,311.08505,31423000
2026-02-24,310.51999,312.26999,305.92999,310.89999,310.49585,25615600
2026-02-25,312.06,313.64001,309.44,312.89999,312.49326,29963600
2026-02-26,312.64001,313.14001,302.35001,307.38,306.98041,36431200
2026-02-27,304.14001,312.37,303.79999,311.76001,311.35474,44640600
2026-03-02,303.23001,308.48999,301.29999,306.51999,306.12152,34790200
2026-03-03,298.59,303.94,296.70999,303.57999,303.18533,35497000
2026-03-04,302.89001,305.47,300.75,303.13,302.73596,29536200
2026-03-05,303.04001,303.29999,297.98999,300.88,300.48889,35752300
2026-03-06,296.09,300.53,295.17999,298.51999,298.13193,25576900
2026-03-09,294.35999,306.79999,294.07999,306.35999,306.17709,29312100
2026-03-10,306.17001,309.51001,305.57001,307.04001,306.85672,23239700
2026-03-11,306.75,311.42001,305.92001,308.70001,308.51575,24125700
2026-03-12,306.82001,308.94,301.03,303.54999,303.36877,24928300
2026-03-13,307.01001,307.69,300.44,302.28,302.09955,23693100
2026-03-16,304.35001,306.48999,303.01999,305.56,305.37759,23519700
2026-03-17,305.85999,311.42001,305.5,310.92001,310.73441,21955200
2026-03-18,309.26999,312.47,306.92999,307.69,307.50632,20009800
2026-03-19,304.01001,308.06,302.35001,307.13,306.94666,25075800
2026-03-20,305.45999,306,298.26999,301,300.82031,44364100
2026-03-23,302.10999,305.98001,300.92999,302.06,301.8797,29326900
2026-03-24,299.20001,299.92001,290.32999,290.44,290.26663,36864300
2026-03-25,293.44,296,289.23999,290.92999,290.75632,29460700
2026-03-26,287.91,287.95001,278.5,280.92001,280.75232,39080600
2026-03-27,277.28,279.37,273.95001,274.34,274.17624,35890600
2026-03-30,276.42001,277.09,272.10999,273.5,273.33673,35141200
2026-03-31,278.04001,288.07999,277.09,287.56,287.38834,43875400
2026-04-01,290.84,300.51999,290.41,297.39001,297.21249,37684500
2026-04-02,290.69,298.07999,289.45001,295.76999,295.59344,21666500
2026-04-06,295.87,300.62,295.17999,299.98999,299.81091,16945500
2026-04-07,302.73001,305.63,297.72,305.45999,305.27765,23205400
2026-04-08,320.45001,322.07999,315.01999,317.32001,317.13058,33547100
2026-04-09,315.91,319.54001,311.06,318.48999,318.29987,23739200
2026-04-10,320.01999,321.82999,316.32001,317.23999,317.05063,19152600
2026-04-13,317.14001,321.63,315.47,321.31,321.11819,18866400
2026-04-14,324.79001,333.29001,323.75,332.91,332.71127,27721400
2026-04-15,332.89001,337.48001,330.89999,337.12,336.91876,24918800
2026-04-16,338.75,339.88,334.51999,336.01999,335.8194,20541500
2026-04-17,337.64999,342.32001,336.23999,341.67999,341.47604,25581900
2026-04-20,340.76001,341.39999,336.60999,337.42001,337.2186,18784200
2026-04-21,337.69,339.34,331.35001,332.29001,332.09164,23123800
2026-04-22,337.01999,339.82001,335.17001,339.32001,339.11746,20293000
2026-04-23,341.17999,341.95999,336.17999,338.89001,338.68771,18650300
2026-04-24,338.73001,345.26999,335.39001,344.39999,344.1944,26426100
2026-04-27,345.98001,353.17999,342.73001,350.34,350.13086,28576900
2026-04-28,348.54999,352.42001,346.12,349.78,349.5712,27824100
2026-04-29,347.57001,355.79001,344.20999,349.94,349.73111,35376300
2026-04-30,374.07001,385.84,365.82001,384.79999,384.57028,72040000
2026-05-01,381.63,386.76001,379.04999,385.69,385.45978,30105200
2026-05-04,385.63,387.38,379.79001,383.25,383.02121,26298600
2026-05-05,386.23001,392.82001,384.01999,388.42999,388.19812,23878600
2026-05-06,394.25,399.85001,392.76001,398.04001,397.8024,31308500
2026-05-07,399.92001,400.10001,392.67999,397.98999,397.75241,24433500
2026-05-08,397,402,396.35999,400.79999,400.56073,21461800
2026-05-11,393.64999,397.44,388.47,388.64001,388.40802,30753700
2026-05-12,387.34,388.51999,382.76999,387.35001,387.11877,26017500
2026-05-13,385.60001,403.70001,385,402.62,402.37967,28144600
2026-05-14,397.28,402.92999,395.84,401.07001,400.8306,21136700
2026-05-15,396.32001,399.54001,393.17999,396.78,396.54315,20309700
2026-05-18,395.69,408.60999,394.53,396.94,396.70306,26837200
2026-05-19,396.95999,397.14999,386.10999,387.66,387.42859,39545700
2026-05-20,387.70001,393.85999,382.89999,388.91,388.67786,31744400
2026-05-21,385.70001,392.5,383.01999,387.66,387.42859,24852800
2026-05-22,387.35001,388.73999,381.76999,382.97,382.74139,20442100
2026-05-26,384.51001,389.26001,382.60001,388.88,388.64786,27747400
2026-05-27,386.67001,393.88,385.89999,388.82999,388.59787,23087300
2026-05-28,388,391.87,385.16,390.13,389.89713,24357500
2026-05-29,385.23999,385.23999,378.45999,380.34,380.11295,44415800
2026-06-01,376.51999,378.56,373.51999,376.37,376.14532,28672100
2026-06-02,366.59,373.54001,358.44,361.85001,361.634,50412300
2026-06-03,362.03,366.45001,358.07999,358.98999,358.7757,55441600
2026-06-04,358.89999,373.25,358.20999,372.19,371.96783,44055500
2026-06-05,366.34,372.07999,364.12,368.53,368.31,37471200
2026-06-08,365.17999,366.20001,360.53,363.31,363.31,27942500
2026-06-09,367.09,372.07999,357.29999,364.26001,364.26001,29535100
2026-06-10,363.19,368.56,355.20001,356.38,356.38,32357100
2026-06-11,355.92999,358.79999,346.35999,357.76999,357.76999,35538200
2026-06-12,362.62,366.57001,354.94,359.67999,359.67999,24704600
2026-06-15,367.92999,372.98999,366.54999,369.35001,369.35001,27727500
2026-06-16,369.60001,376,367.06,373.25,373.25,24876100
2026-06-17,369.13,372.32999,362.01999,363.79001,363.79001,24543600
2026-06-18,365.75,369.48001,358.67001,368.03,368.03,44470100
2026-06-22,357.95001,358.92001,341.72,349.67999,349.67999,52814800
2026-06-23,340.69,349.29001,340.20001,346.13,346.13,34007700
2026-06-24,349.04001,353.48001,341.92999,345.29001,345.29001,44997300
2026-06-25,336.73001,345.57001,335.84,343.70999,343.70999,44491400
2026-06-26,342.54999,346.35999,330.20001,337.39001,337.39001,114706300
2026-06-29,341.82999,354.35001,340.67001,353.64999,353.64999,34213900
2026-06-30,353.87,358.62,350.39999,357.37,357.37,35237200
2026-07-01,358.37,362.97,356.42999,361.20999,361.20999,26736400
2026-07-02,359.48001,364.20999,353.42001,359.91,359.91,25974800
2026-07-06,361.54999,367.92999,357.38,366.45999,366.45999,26915800
2026-07-07,369.07001,373.16,365.5,367.03,367.03,24045600
2026-07-08,364.76001,367.84,358.01999,361.92001,361.92001,22094800
2026-07-09,354.31,359.64999,351.07999,358.89001,358.89001,24729100
2026-07-10,357.53,357.82001,352.75,357.17999,357.17999,18146100
2026-07-13,356.19,358.13,351.75,352.51001,352.51001,15901700
2026-07-14,351.20001,360.16,351.09,359.51001,359.51001,18259400
2026-07-15,357.97,373.64999,357.76001,370.92001,370.92001,28284600
2026-07-16,373.06,375.26999,352.29999,354.45999,354.45999,41158500
2026-07-17,346,348.51999,341.35999,346.76999,346.76999,29959300
2026-07-20,350.88,359.67999,350.51999,351.98999,351.98999,24736600
2026-07-21,351.32001,351.32001,347,347.14999,347.14999,23369800
2026-07-22,348.16,349.94,341.73001,342.09,342.09,39334100
2026-07-23,321.13,324.48999,314.89999,317.69,317.69,69419700
2026-07-24,318.42001,324.17999,317.32001,319.73999,319.73999,31806600
2026-07-27,325.04001,330.42001,324.45001,326.56,326.56,28471600
2026-07-28,327.89999,335.88,324.44,333.70999,333.70999,29511900
2026-07-29,334.67001,342.5,331.62,336.70999,336.70999,27501600
2026-07-30,334.20001,336.51001,330.34,333.66,333.66,30168000
2026-07-31,340.82999,358.57999,340,356.13,356.13,46498000
2026-08-03,365.45001,376.69,363.35001,373.51001,373.51001,38669700
2026-08-04,368.22,380.51999,367.5,377.64999,377.64999,35705700
2026-08-05,383.34,384.48001,356.76999,362.42999,362.42999,46926300
2026-08-06,360.76999,364.13,356.88,357.75,357.75,25235900
2026-08-07,356.72,358.89999,353.78,354.29999,354.29999,19859900
2026-08-10,355.17999,357.60999,352.70999,357.51999,357.51999,18991400
2026-08-11,355.89001,356.81,343.39001,343.79999,343.79999,29081800
2026-08-12,346.31,346.48001,340.88,343.54001,343.54001,25012000
2026-08-13,345.76999,347.92999,343.76001,346.35999,346.35999,17866100
2026-08-14,346.79999,350.45001,344.5,345.89999,345.89999,17808600
2026-08-17,346.26999,347.25,341.92999,344,344,18291300
2026-08-18,342.41,344.87,340.19,344.20001,344.20001,19248800
2026-08-19,342.45999,346.73001,340.66,344.72,344.72,19733800
2026-08-20,343.06,343.89999,338.57001,340.67001,340.67001,18570400
2026-08-21,342.57999,346.20001,340.39999,344.82001,344.82001,20803700