date,open,high,low,close,adjclose,volume
2012-05-18,42.049999,45,38,38.23,37.897205,573576400
2012-05-21,36.529999,36.66,33,34.029999,33.733761,168192700
2012-05-22,32.610001,33.59,30.940001,31,30.730143,101786600
2012-05-23,31.370001,32.5,31.360001,32,31.721439,73600000
2012-05-24,32.950001,33.209999,31.77,33.029999,32.74247,50237200
2012-05-25,32.900002,32.950001,31.110001,31.91,31.632221,37149800
2012-05-29,31.48,31.690001,28.65,28.84,28.588943,78063400
2012-05-30,28.700001,29.549999,27.860001,28.190001,27.944603,57267900
2012-05-31,28.549999,29.67,26.83,29.6,29.342331,111639200
2012-06-01,28.889999,29.15,27.389999,27.719999,27.478695,41855500
2012-06-04,27.200001,27.65,26.440001,26.9,26.665831,35230300
2012-06-05,26.700001,27.76,25.75,25.870001,25.644802,42473400
2012-06-06,26.07,27.17,25.52,26.809999,26.576614,61489200
2012-06-07,27,27.35,26.15,26.309999,26.080967,26159500
2012-06-08,26.549999,27.76,26.440001,27.1,26.864092,38034000
2012-06-11,27.18,28.07,26.84,27.01,26.774876,28219600
2012-06-12,27.48,27.77,26.959999,27.4,27.16148,15816800
2012-06-13,27.66,28.1,27.1,27.27,27.032612,17102800
2012-06-14,27.65,28.32,27.379999,28.290001,28.043734,16855000
2012-06-15,28.51,30.1,28.35,30.01,29.748758,43563800
2012-06-18,29.959999,32.080002,29.41,31.41,31.13657,42978900
2012-06-19,31.540001,32.18,30.700001,31.91,31.632221,30849000
2012-06-20,31.92,31.93,31.15,31.6,31.324917,15553600
2012-06-21,31.67,32.5,31.51,31.84,31.562828,21875300
2012-06-22,32.41,33.450001,32.060001,33.049999,32.762295,74834000
2012-06-25,32.860001,33.02,31.549999,32.060001,31.780916,24352900
2012-06-26,32.689999,33.439999,32.5,33.099998,32.811855,24858700
2012-06-27,32.459999,32.900002,31.9,32.23,31.94943,28568000
2012-06-28,31.959999,32.189999,30.9,31.360001,31.087009,17713300
2012-06-29,31.92,31.99,30.76,31.1,30.829273,19526900
2012-07-02,31.25,31.73,30.549999,30.77,30.50214,14122000
2012-07-03,30.91,31.440001,30.799999,31.200001,30.928398,8763600
2012-07-05,31.32,31.629999,31.02,31.469999,31.196051,10032100
2012-07-06,31.440001,31.9,31.26,31.73,31.453785,10945600
2012-07-09,32.099998,32.880001,31.99,32.169998,31.889956,17785200
2012-07-10,32.43,32.48,31.16,31.469999,31.196051,14269500
2012-07-11,31.48,31.559999,30.549999,30.969999,30.700403,13030300
2012-07-12,30.700001,31.4,30.6,30.809999,30.541796,11300700
2012-07-13,31.040001,31.07,30.559999,30.719999,30.452579,8108300
2012-07-16,30.5,30.5,28.209999,28.25,28.004082,24672100
2012-07-17,28.48,28.59,27.15,28.09,27.845472,30438600
2012-07-18,28.309999,29.290001,28.15,29.110001,28.856594,16841800
2012-07-19,29.41,29.5,28.629999,29,28.747553,13685100
2012-07-20,29,29.469999,28.719999,28.76,28.509638,11869100
2012-07-23,28.120001,29,28.01,28.75,28.499723,12390700
2012-07-24,28.82,29.450001,28.1,28.450001,28.202339,11539800
2012-07-25,28.389999,29.49,28.08,29.34,29.084593,17230200
2012-07-26,27.75,28.23,26.73,26.85,26.616268,64597400
2012-07-27,23.190001,24.540001,22.280001,23.709999,23.503599,123102300
2012-07-30,24,24.040001,23.030001,23.15,22.948477,29285900
2012-07-31,23.370001,23.370001,21.610001,21.709999,21.521011,56179400
2012-08-01,21.5,21.58,20.84,20.879999,20.698236,44604400
2012-08-02,20.77,20.84,19.82,20.040001,19.865553,56374500
2012-08-03,20.360001,22.16,19.9,21.09,20.906412,80647000
2012-08-06,21.389999,22.15,21.299999,21.92,21.729183,27778900
2012-08-07,22.200001,22.450001,20.5,20.719999,20.539631,36782900
2012-08-08,20.709999,21.15,20.219999,20.719999,20.539631,29537400
2012-08-09,20.75,21.17,20.610001,21.01,20.827105,15610700
2012-08-10,21.41,21.82,21.129999,21.809999,21.62014,25794700
2012-08-13,22.15,22.450001,21.4,21.6,21.411968,24973100
2012-08-14,21.41,21.6,20.25,20.379999,20.202587,39308800
2012-08-15,20.639999,21.41,20.4,21.200001,21.015451,47861100
2012-08-16,20.440001,20.48,19.690001,19.870001,19.697029,157565300
2012-08-17,20.01,20.08,19,19.049999,18.884167,129293400
2012-08-20,19.049999,20.129999,18.75,20.01,19.835814,101186600
2012-08-21,19.58,19.98,19.09,19.16,18.993208,70640600
2012-08-22,19.360001,19.530001,18.959999,19.440001,19.270771,49892200
2012-08-23,19.5,19.73,19.360001,19.440001,19.270771,32813700
2012-08-24,19.52,19.68,19.25,19.41,19.241034,29622200
2012-08-27,19.49,19.530001,19.1,19.15,18.983297,20704000
2012-08-28,19.1,19.379999,18.950001,19.34,19.171644,25417000
2012-08-29,19.32,19.379999,19.07,19.1,18.933733,16124700
2012-08-30,19.27,19.450001,19.059999,19.09,18.923819,30647500
2012-08-31,18.68,18.700001,18.030001,18.059999,17.902786,58764200
2012-09-04,18.08,18.27,17.549999,17.73,17.575659,46622400
2012-09-05,18.27,18.75,18.18,18.58,18.418257,60781800
2012-09-06,18.74,19.26,18.719999,18.959999,18.794947,46066500
2012-09-07,19.1,19.42,18.780001,18.98,18.814775,36371700
2012-09-10,19.059999,19.200001,18.549999,18.809999,18.646255,24797800
2012-09-11,18.92,19.58,18.85,19.43,19.26086,50508200
2012-09-12,20.76,21.16,20.280001,20.93,20.747801,121584000
2012-09-13,20.959999,21.48,20.610001,20.709999,20.529718,65041600
2012-09-14,21.129999,22.08,20.9,22,21.808485,72819800
2012-09-17,22.67,22.75,21.5,21.52,21.332666,50667600
2012-09-18,21.6,21.98,21.370001,21.870001,21.679621,36760500
2012-09-19,21.99,23.370001,21.77,23.290001,23.087259,78782800
2012-09-20,23.02,23.24,22.540001,22.59,22.393353,57248900
2012-09-21,22.969999,23.24,22.6,22.860001,22.661001,51218100
2012-09-24,21.780001,21.98,20.360001,20.790001,20.609018,79106500
2012-09-25,21.200001,21.209999,20.219999,20.280001,20.103458,46291700
2012-09-26,20.15,20.780001,19.799999,20.620001,20.440502,38271900
2012-09-27,20.99,21,20.16,20.32,20.143108,30215900
2012-09-28,20.57,21.950001,20.5,21.66,21.471445,65486000
2012-10-01,22.08,22.59,21.73,21.99,21.798573,51262700
2012-10-02,22.08,22.49,21.82,22.27,22.076138,29341400
2012-10-03,22.299999,22.49,21.799999,21.83,21.639965,32000100
2012-10-04,22.32,22.4,21.41,21.950001,21.758923,46892100
2012-10-05,21.49,21.629999,20.879999,20.91,20.727976,40529300
2012-10-08,20.4,20.75,20.16,20.4,20.222416,32236700
2012-10-09,20.389999,20.549999,19.969999,20.23,20.053894,27161800
2012-10-10,19.93,19.940001,19.450001,19.639999,19.469028,39321800
2012-10-11,19.879999,19.959999,19.610001,19.75,19.578075,21817300
2012-10-12,19.75,19.799999,19.48,19.52,19.350079,18809400
2012-10-15,19.68,19.879999,19.49,19.52,19.350079,20189700
2012-10-16,19.68,19.690001,19.299999,19.48,19.310425,21834700
2012-10-17,19.5,20.48,19.370001,19.879999,19.706942,44074500
2012-10-18,19.700001,19.790001,18.889999,18.98,18.814775,52157400
2012-10-19,19,19.059999,18.799999,19,18.834602,34835000
2012-10-22,19.200001,19.43,19.049999,19.32,19.151819,32447300
2012-10-23,19.25,19.799999,19.1,19.5,19.330248,78381200
2012-10-24,24.129999,24.25,22.85,23.23,23.027779,228949900
2012-10-25,23.290001,23.309999,22.469999,22.559999,22.363611,76142000
2012-10-26,22.4,22.879999,21.879999,21.940001,21.749008,73175800
2012-10-31,20.82,21.5,20.73,21.110001,20.926235,99378200
2012-11-01,21.08,21.440001,21.01,21.209999,21.025364,37713900
2012-11-02,21.26,21.690001,21.07,21.18,20.995628,38344400
2012-11-05,21.1,21.48,20.92,21.25,21.065018,31806700
2012-11-06,21.24,21.370001,20.99,21.17,20.985712,29062700
2012-11-07,20.85,20.950001,20.370001,20.469999,20.291803,33396800
2012-11-08,20.52,20.73,19.98,19.99,19.815985,34254600
2012-11-09,19.959999,20,19.129999,19.209999,19.042774,42295500
2012-11-12,19.15,20.17,18.870001,20.07,19.895288,67349200
2012-11-13,19.610001,20.110001,19.559999,19.860001,19.687117,71775100
2012-11-14,20.1,22.5,19.93,22.360001,22.165354,229751000
2012-11-15,22.34,22.5,21.65,22.17,21.977005,78857700
2012-11-16,22.25,23.93,22.18,23.559999,23.354906,107182200
2012-11-19,23.959999,24.120001,22.82,22.92,22.720478,85021300
2012-11-20,22.73,23.9,22.700001,23.1,22.898912,46655300
2012-11-21,23.219999,24.530001,23.049999,24.32,24.10829,89862400
2012-11-23,24.58,24.68,23.879999,24,23.791077,29520900
2012-11-26,24.940001,26.09,24.809999,25.940001,25.71419,123865000
2012-11-27,26.040001,26.5,25.459999,26.15,25.922359,85760600
2012-11-28,25.940001,26.49,25.75,26.360001,26.130531,49205600
2012-11-29,26.5,27.52,26.16,27.32,27.082178,88759700
2012-11-30,27.26,28,26.76,28,27.75626,127049600
2012-12-03,28,28.879999,26.98,27.040001,26.804617,123526100
2012-12-04,27.059999,27.76,26.68,27.459999,27.220953,72869200
2012-12-05,27.75,27.9,27.26,27.709999,27.468781,58976300
2012-12-06,27.68,27.75,26.82,26.969999,26.73522,46001500
2012-12-07,27.07,27.780001,26.84,27.49,27.250696,51751900
2012-12-10,27.17,28.17,27.1,27.84,27.597649,50608500
2012-12-11,28.07,28.24,27.66,27.98,27.736427,77099100
2012-12-12,28,28.139999,27.370001,27.58,27.339911,46704200
2012-12-13,27.59,28.75,27.43,28.24,27.994165,81051600
2012-12-14,28.18,28.33,26.76,26.809999,26.576614,91631600
2012-12-17,26.77,27,26.32,26.75,26.517138,57742500
2012-12-18,26.959999,27.91,26.9,27.709999,27.468781,60512900
2012-12-19,27.83,28.219999,26.950001,27.41,27.171391,61390300
2012-12-20,27.49,27.6,27.129999,27.360001,27.121828,35574800
2012-12-21,26.66,27.01,26.120001,26.26,26.031406,54555200
2012-12-24,26.5,26.959999,26.200001,26.93,26.69557,28230100
2012-12-26,27.030001,27.18,26.379999,26.51,26.27923,33175400
2012-12-27,26.549999,26.799999,25.52,26.049999,25.823231,43481700
2012-12-28,25.48,26.110001,25.15,25.91,25.684448,56574800
2012-12-31,26.200001,26.99,26.110001,26.620001,26.388269,60374500
2013-01-02,27.440001,28.18,27.42,28,27.75626,69846400
2013-01-03,27.879999,28.469999,27.59,27.77,27.528259,63140600
2013-01-04,28.01,28.93,27.83,28.76,28.509638,72715400
2013-01-07,28.690001,29.790001,28.65,29.42,29.163897,83781800
2013-01-08,29.51,29.6,28.860001,29.059999,28.80703,45871300
2013-01-09,29.67,30.6,29.49,30.59,30.323711,104787700
2013-01-10,30.6,31.450001,30.280001,31.299999,31.027531,95316400
2013-01-11,31.280001,31.959999,31.1,31.719999,31.443874,89598000
2013-01-14,32.080002,32.209999,30.620001,30.950001,30.680578,98892800
2013-01-15,30.639999,31.709999,29.879999,30.1,29.837975,173242600
2013-01-16,30.209999,30.35,29.530001,29.85,29.590153,75332700
2013-01-17,30.08,30.42,30.030001,30.139999,29.87763,40256700
2013-01-18,30.309999,30.440001,29.27,29.66,29.401808,49631500
2013-01-22,29.75,30.889999,29.74,30.73,30.46249,55243300
2013-01-23,31.1,31.5,30.799999,30.82,30.551708,48899800
2013-01-24,31.27,31.49,30.809999,31.08,30.809446,43845100
2013-01-25,31.41,31.93,31.129999,31.540001,31.265442,54363600
2013-01-28,31.879999,32.509998,31.809999,32.470001,32.18734,59682500
2013-01-29,32,32.07,30.709999,30.790001,30.521967,72976500
2013-01-30,30.98,31.49,30.879999,31.24,30.96805,87682100
2013-01-31,29.15,31.469999,28.74,30.98,30.71032,190744900
2013-02-01,31.01,31.02,29.629999,29.73,29.471195,85856700
2013-02-04,29.059999,29.200001,28.01,28.110001,27.865301,92362200
2013-02-05,28.26,28.959999,28.040001,28.639999,28.390682,47948200
2013-02-06,28.74,29.290001,28.66,29.049999,28.797115,38375900
2013-02-07,29.110001,29.15,28.27,28.65,28.400597,34540100
2013-02-08,28.889999,29.17,28.51,28.549999,28.30147,37708800
2013-02-11,28.610001,28.68,28.040001,28.26,28.01399,37361800
2013-02-12,27.67,28.16,27.1,27.370001,27.131741,93498700
2013-02-13,27.360001,28.32,27.309999,27.91,27.667042,50164000
2013-02-14,28.02,28.629999,28.01,28.5,28.251904,35615800
2013-02-15,28.52,28.75,28.09,28.32,28.073473,33109300
2013-02-19,28.23,29.08,28.120001,28.93,28.678164,49396400
2013-02-20,28.92,29.049999,28.33,28.459999,28.212252,42098200
2013-02-21,28.280001,28.549999,27.15,27.280001,27.042526,49642300
2013-02-22,27.620001,27.629999,26.82,27.129999,26.893827,36350200
2013-02-25,27.16,27.639999,27.15,27.27,27.032612,34652000
2013-02-26,27.360001,27.459999,26.700001,27.389999,27.151567,31611700
2013-02-27,27.34,27.34,26.629999,26.870001,26.636099,44319700
2013-02-28,26.84,27.299999,26.34,27.25,27.012783,83027800
2013-03-01,27.049999,28.120001,26.809999,27.780001,27.53817,54064800
2013-03-04,27.76,28.059999,27.440001,27.719999,27.478695,32400700
2013-03-05,27.879999,28.18,27.209999,27.52,27.280432,40622200
2013-03-06,28.1,28.129999,27.35,27.450001,27.211042,33532600
2013-03-07,27.57,28.68,27.469999,28.58,28.331209,74540200
2013-03-08,28.43,28.469999,27.73,27.959999,27.716606,44198900
2013-03-11,28.01,28.639999,27.83,28.139999,27.895035,35642100
2013-03-12,28.1,28.32,27.6,27.83,27.587736,27569600
2013-03-13,27.620001,27.65,26.92,27.08,26.844263,39619500
2013-03-14,27.1,27.43,26.83,27.040001,26.804617,27646400
2013-03-15,27.030001,27.059999,26.559999,26.65,26.418009,31597400
2013-03-18,26.370001,26.790001,25.780001,26.49,26.259401,26653700
2013-03-19,26.530001,26.9,26.209999,26.549999,26.318882,25254200
2013-03-20,26.68,26.690001,25.780001,25.860001,25.634886,44006500
2013-03-21,25.66,26.110001,25.559999,25.74,25.51593,24336100
2013-03-22,25.799999,26.01,25.629999,25.73,25.506016,18456300
2013-03-25,25.75,25.799999,25.08,25.129999,24.911242,39199000
2013-03-26,25.08,25.48,25.030001,25.209999,24.990545,26957200
2013-03-27,25,26.280001,24.719999,26.09,25.862883,52297400
2013-03-28,26.09,26.17,25.52,25.58,25.357323,28585700
2013-04-01,25.629999,25.889999,25.280001,25.530001,25.307762,22249300
2013-04-02,25.77,26.120001,25.299999,25.42,25.198713,35153300
2013-04-03,25.83,26.389999,25.700001,26.25,26.02149,48195200
2013-04-04,26.620001,27.23,26.110001,27.07,26.834352,82016800
2013-04-05,26.860001,27.799999,26.610001,27.389999,27.151567,64566600
2013-04-08,27.190001,27.200001,26.629999,26.85,26.616268,27256000
2013-04-09,26.58,26.889999,26.42,26.59,26.358532,21311100
2013-04-10,27.01,27.84,26.9,27.57,27.330002,45949400
2013-04-11,27.48,28.1,27.25,28.02,27.776085,33368500
2013-04-12,28,28,27.24,27.4,27.16148,28697400
2013-04-15,27.16,27.48,26.360001,26.52,26.289139,30275400
2013-04-16,26.809999,27.110001,26.4,26.92,26.685658,27365900
2013-04-17,26.65,27.200001,26.389999,26.629999,26.398182,26440600
2013-04-18,26.82,26.82,25.15,25.690001,25.466364,39059000
2013-04-19,25.620001,25.959999,25.33,25.73,25.506016,20380900
2013-04-22,25.809999,26.360001,25.700001,25.969999,25.743927,25687600
2013-04-23,26.219999,26.33,25.77,25.98,25.753841,25191500
2013-04-24,25.93,26.4,25.799999,26.110001,25.88271,19729900
2013-04-25,26.07,26.4,26,26.139999,25.912449,17150000
2013-04-26,26.6,27.620001,26.6,26.85,26.616268,33018000
2013-04-29,27.16,27.41,26.860001,26.98,26.745136,29201100
2013-04-30,27.129999,27.85,27.01,27.77,27.528259,36245700
2013-05-01,27.85,27.92,27.309999,27.43,27.191217,64567600
2013-05-02,28.01,29.02,27.98,28.969999,28.717812,104257000
2013-05-03,29.040001,29.07,28.15,28.309999,28.063555,58506400
2013-05-06,28.33,28.459999,27.48,27.57,27.330002,43939400
2013-05-07,27.549999,27.85,26.85,26.889999,26.655922,41259100
2013-05-08,26.879999,27.299999,26.65,27.120001,26.883921,34654900
2013-05-09,27.08,27.549999,26.85,27.040001,26.804617,33457200
2013-05-10,27.139999,27.299999,26.57,26.68,26.447746,30847100
2013-05-13,26.6,27.33,26.530001,26.82,26.586525,29068800
2013-05-14,26.889999,27.280001,26.82,27.07,26.834352,24930300
2013-05-15,26.92,26.99,26.4,26.6,26.368446,30299800
2013-05-16,26.48,26.549999,25.9,26.129999,25.902534,35499100
2013-05-17,26.4,26.6,26.200001,26.25,26.02149,29462700
2013-05-20,26.18,26.190001,25.690001,25.76,25.535757,42402900
2013-05-21,25.870001,26.08,25.59,25.66,25.436626,26261300
2013-05-22,25.65,25.85,24.92,25.16,24.940979,45314500
2013-05-23,24.799999,25.530001,24.77,25.059999,24.841846,37663100
2013-05-24,24.969999,24.969999,24.08,24.309999,24.098379,58727900
2013-05-28,24.540001,24.540001,23.92,24.1,23.890207,50079700
2013-05-29,23.790001,23.809999,23.26,23.32,23.116995,64237800
2013-05-30,24.129999,24.780001,23.93,24.549999,24.336288,60733200
2013-05-31,24.629999,24.950001,24.27,24.35,24.138029,35925000
2013-06-03,24.27,24.32,23.709999,23.85,23.642384,35733800
2013-06-04,23.889999,23.93,23.32,23.52,23.315258,34760800
2013-06-05,23.35,23.709999,22.790001,22.9,22.700651,53819700
2013-06-06,22.99,23.09,22.67,22.969999,22.770044,31260700
2013-06-07,23.030001,23.4,22.860001,23.290001,23.087259,38699200
2013-06-10,24.059999,24.6,23.99,24.33,24.1182,58393000
2013-06-11,24.030001,24.35,24,24.030001,23.820818,29885900
2013-06-12,24.16,24.26,23.58,23.77,23.56308,26445800
2013-06-13,23.719999,23.83,23.27,23.73,23.523428,31189300
2013-06-14,23.559999,23.889999,23.26,23.629999,23.424297,30677100
2013-06-17,23.91,24.25,23.75,24.02,23.810904,33664500
2013-06-18,24.09,24.690001,24.08,24.209999,23.999249,36709100
2013-06-19,24.200001,25.190001,24.1,24.309999,24.098379,31790600
2013-06-20,24.280001,24.75,23.65,23.9,23.691948,42765600
2013-06-21,24.59,24.700001,24.049999,24.530001,24.316463,45833900
2013-06-24,23.950001,24.110001,23.379999,23.940001,23.7316,40626000
2013-06-25,24.139999,24.43,24.040001,24.25,24.038904,24713200
2013-06-26,24.51,24.65,23.99,24.16,23.949686,29890300
2013-06-27,24.24,24.84,24.209999,24.66,24.445332,34694100
2013-06-28,24.68,24.98,24.42,24.879999,24.663414,96778900
2013-07-01,24.969999,25.059999,24.620001,24.809999,24.594025,20582200
2013-07-02,24.700001,24.77,24.299999,24.41,24.197506,18394100
2013-07-03,24.219999,24.709999,24.15,24.52,24.306553,10404400
2013-07-05,24.65,24.66,24.200001,24.370001,24.157858,20229500
2013-07-08,24.469999,25.040001,24.42,24.709999,24.494898,27064600
2013-07-09,25.07,25.49,25.030001,25.48,25.258194,30387900
2013-07-10,25.58,25.83,25.469999,25.799999,25.575403,26721800
2013-07-11,25.959999,26,25.450001,25.809999,25.58532,26777400
2013-07-12,25.74,25.93,25.549999,25.91,25.684448,16537900
2013-07-15,25.93,26.43,25.65,26.280001,26.051231,24234000
2013-07-16,26.389999,26.75,26.01,26.32,26.090879,30817600
2013-07-17,26.370001,26.780001,26.299999,26.65,26.418009,21518500
2013-07-18,26.75,26.77,26.120001,26.18,25.952101,24806900
2013-07-19,25.82,26.110001,25.6,25.879999,25.654713,46539700
2013-07-22,25.99,26.129999,25.719999,26.049999,25.823231,27526300
2013-07-23,26.1,26.299999,25.969999,26.129999,25.902534,28221600
2013-07-24,26.32,26.530001,26.049999,26.51,26.27923,82635600
2013-07-25,33.540001,34.880001,32.75,34.360001,34.060894,365457900
2013-07-26,33.77,34.73,33.560001,34.009998,33.713932,136028900
2013-07-29,34.07,35.630001,34.009998,35.43,35.121578,124718800
2013-07-30,35.650002,37.959999,35.32,37.630001,37.302433,173582800
2013-07-31,37.959999,38.310001,36.330002,36.799999,36.479652,154828700
2013-08-01,37.299999,38.290001,36.919998,37.490002,37.163647,106066500
2013-08-02,37.66,38.490002,37.5,38.049999,37.718761,73058500
2013-08-05,38.43,39.32,38.25,39.189999,38.848843,79994800
2013-08-06,39.110001,39.25,37.939999,38.549999,38.214417,63950800
2013-08-07,38.610001,38.939999,37.700001,38.869999,38.531628,68854800
2013-08-08,39.130001,39.189999,38.43,38.540001,38.204506,41301000
2013-08-09,38.59,38.740002,38.009998,38.5,38.164852,43532300
2013-08-12,38.200001,38.5,38.099998,38.220001,37.887295,31161000
2013-08-13,38.240002,38.32,36.77,37.02,36.697731,65379200
2013-08-14,36.830002,37.549999,36.619999,36.650002,36.330959,48423900
2013-08-15,36.360001,37.07,36.02,36.560001,36.241741,56521100
2013-08-16,36.970001,37.490002,36.900002,37.080002,36.757221,45840800
2013-08-19,37.43,38.279999,37.139999,37.810001,37.480862,57609600
2013-08-20,38.349998,38.580002,37.689999,38.41,38.075638,57995200
2013-08-21,38.380001,38.849998,38.150002,38.32,37.986416,46116900
2013-08-22,38.369999,38.75,38.34,38.549999,38.214417,21931200
2013-08-23,39,40.630001,38.93,40.549999,40.197002,86442300
2013-08-26,40.900002,41.939999,40.619999,41.34,40.980129,94162400
2013-08-27,40.68,41.200001,39.419998,39.639999,39.29493,72695100
2013-08-28,39.959999,40.849998,39.880001,40.549999,40.197002,57918200
2013-08-29,40.889999,41.779999,40.799999,41.279999,40.920647,58303400
2013-08-30,42.02,42.259998,41.060001,41.290001,40.930569,67735100
2013-09-03,41.84,42.16,41.509998,41.869999,41.505516,48774900
2013-09-04,42.009998,42.169998,41.439999,41.779999,41.416298,42581900
2013-09-05,41.790001,42.77,41.77,42.66,42.288639,50035400
2013-09-06,43.09,44.610001,42.400002,43.950001,43.567413,117535700
2013-09-09,44.360001,44.790001,43.700001,44.040001,43.656624,75794700
2013-09-10,44.240002,44.259998,43.23,43.599998,43.220455,54540300
2013-09-11,43.389999,45.09,43.110001,45.040001,44.647926,72328300
2013-09-12,45.529999,45.619999,44.650002,44.75,44.360447,68072300
2013-09-13,45.040001,45.080002,43.93,44.310001,43.924282,52765300
2013-09-16,44.849998,44.939999,42.43,42.509998,42.139942,70424200
2013-09-17,42.5,45.439999,42.43,45.07,44.677658,91934600
2013-09-18,44.84,45.470001,44.400002,45.23,44.836266,79317000
2013-09-19,45.509998,46.049999,45.23,45.98,45.579735,63972400
2013-09-20,46.32,47.599998,45.740002,47.490002,47.076599,115508400
2013-09-23,47.279999,47.549999,46.290001,47.189999,46.779202,75177000
2013-09-24,48.509998,49.66,48.16,48.450001,48.028236,136716100
2013-09-25,49.23,49.540001,48.459999,49.459999,49.029442,87879700
2013-09-26,50.009998,50.599998,49.5,50.389999,49.951347,98220100
2013-09-27,50.290001,51.279999,49.860001,51.240002,50.793949,81410500
2013-09-30,50.139999,51.599998,49.799999,50.23,49.792744,100095000
2013-10-01,49.970001,51.029999,49.450001,50.419998,49.981091,98114000
2013-10-02,50.130001,51.099998,49.950001,50.279999,49.842308,62834000
2013-10-03,50.470001,50.720001,49.060001,49.18,48.751884,82045000
2013-10-04,49.77,51.16,49.57,51.040001,50.595688,74447000
2013-10-07,50.73,51.290001,50.400002,50.52,50.080219,57204000
2013-10-08,50.599998,50.599998,47.080002,47.139999,46.729637,136081000
2013-10-09,47.380001,47.84,45.259998,46.77,46.362858,147297000
2013-10-10,47.869999,49.68,47.830002,49.049999,48.623013,99774000
2013-10-11,49.18,49.869999,48.790001,49.110001,48.682495,58428000
2013-10-14,48.310001,49.630001,47.91,49.509998,49.07901,68781000
2013-10-15,49.990002,51,49.18,49.5,49.069099,81167000
2013-10-16,50.040001,51.240002,49.900002,51.139999,50.694817,64678000
2013-10-17,51.119999,52.220001,50.950001,52.209999,51.755508,71522000
2013-10-18,54.18,54.830002,53.599998,54.220001,53.748009,88260000
2013-10-21,54.68,54.810001,53.509998,53.849998,53.381222,58235000
2013-10-22,54.330002,54.759998,52.200001,52.68,52.221416,83204000
2013-10-23,51.75,52.25,51.130001,51.900002,51.4482,57207000
2013-10-24,52.380001,52.84,51.59,52.450001,51.99342,46775000
2013-10-25,53.18,53.240002,51.880001,51.950001,51.497768,45085000
2013-10-28,51.540001,51.700001,49.610001,50.23,49.792744,73472000
2013-10-29,50.73,50.790001,49.25,49.400002,48.969971,102143000
2013-10-30,50,50.209999,48.75,49.009998,48.583363,127073000
2013-10-31,47.16,52,46.5,50.209999,49.772915,248809000
2013-11-01,50.849998,52.09,49.720001,49.75,49.316917,95033000
2013-11-04,49.369999,49.75,48.02,48.220001,47.800243,80371000
2013-11-05,47.790001,50.18,47.509998,50.110001,49.673786,76835000
2013-11-06,50.259998,50.450001,48.709999,49.119999,48.692402,67889000
2013-11-07,49.240002,49.869999,47.299999,47.560001,47.145992,97128000
2013-11-08,47.810001,48.650002,47.25,47.529999,47.116245,70731000
2013-11-11,47.040001,47.529999,45.73,46.200001,45.797825,80910000
2013-11-12,46,47.369999,45.830002,46.610001,46.204258,68196000
2013-11-13,46.23,48.740002,46.060001,48.709999,48.285973,79245000
2013-11-14,48.700001,49.57,48.029999,48.990002,48.563538,75117000
2013-11-15,49.110001,49.48,48.709999,49.009998,48.583363,42453000
2013-11-18,48.470001,48.84,45.799999,45.830002,45.431042,85910000
2013-11-19,46.259998,47,45.720001,46.360001,45.956432,75602000
2013-11-20,46.610001,47.549999,46.310001,46.43,46.025829,53933000
2013-11-21,46.990002,47.459999,46.689999,46.700001,46.293468,34886000
2013-11-22,47.040001,47.27,45.959999,46.23,45.82756,40545000
2013-11-25,46.360001,46.650002,44.040001,44.82,44.429836,82565000
2013-11-26,44.66,46.169998,43.549999,45.889999,45.49052,82016000
2013-11-27,45.970001,46.669998,45.529999,46.490002,46.0853,44993000
2013-11-29,46.75,47.209999,46.5,47.009998,46.600773,22953900
2013-12-02,46.900002,47.540001,46.259998,47.060001,46.650345,50774000
2013-12-03,46.75,47.200001,46.290001,46.73,46.323208,32086000
2013-12-04,46.459999,48.77,46.259998,48.619999,48.196758,60890000
2013-12-05,48.150002,48.700001,47.869999,48.34,47.919193,43855000
2013-12-06,48.98,49.389999,47.709999,47.939999,47.522675,42938000
2013-12-09,48.09,48.970001,47.740002,48.84,48.414845,36056000
2013-12-10,48.639999,50.77,48.540001,50.25,49.812569,68479000
2013-12-11,50.549999,50.77,49.009998,49.380001,48.950142,65776000
2013-12-12,51.049999,52.07,50.66,51.830002,51.378815,92723000
2013-12-13,51.66,53.5,51.34,53.32,52.855846,82641000
2013-12-16,53.25,54.5,52.91,53.810001,53.341579,85119000
2013-12-17,54.759998,55.18,54.240002,54.860001,54.382435,78751000
2013-12-18,54.860001,55.889999,53.75,55.57,55.086254,76003000
2013-12-19,54.330002,55.189999,53.950001,55.049999,54.570786,89753200
2013-12-20,54.93,55.150002,54.23,55.119999,54.640175,239824000
2013-12-23,55.5,58.32,55.450001,57.77,57.267105,98297000
2013-12-24,58.27,58.580002,56.91,57.959999,57.455452,46617800
2013-12-26,58.32,58.380001,57.369999,57.73,57.227451,55101000
2013-12-27,57.48,57.68,55.25,55.439999,54.95739,60466000
2013-12-30,54.93,55.18,53.43,53.709999,53.242447,68307000
2013-12-31,54.119999,54.860001,53.91,54.650002,54.174259,43076200
2014-01-02,54.830002,55.220001,54.189999,54.709999,54.233742,43195500
2014-01-03,55.02,55.650002,54.529999,54.560001,54.085052,38246200
2014-01-06,54.419998,57.259998,54.049999,57.200001,56.702068,68852600
2014-01-07,57.700001,58.549999,57.220001,57.919998,57.415794,77207400
2014-01-08,57.599998,58.41,57.23,58.23,57.723095,56682400
2014-01-09,58.650002,58.959999,56.650002,57.220001,56.721897,92253300
2014-01-10,57.130001,58.299999,57.060001,57.939999,57.435623,42449500
2014-01-13,57.91,58.25,55.380001,55.91,55.423302,63010900
2014-01-14,56.459999,57.779999,56.099998,57.740002,57.237362,37503600
2014-01-15,57.98,58.57,57.27,57.599998,57.098579,33663400
2014-01-16,57.259998,58.02,56.830002,57.189999,56.692154,34541800
2014-01-17,57.299999,57.82,56.07,56.299999,55.809898,40849200
2014-01-21,56.599998,58.580002,56.5,58.509998,58.000664,48669200
2014-01-22,58.849998,59.310001,57.099998,57.509998,57.009361,61352900
2014-01-23,56.369999,56.68,55.689999,56.630001,56.137032,47951800
2014-01-24,56.150002,56.419998,54.400002,54.450001,53.976006,55200700
2014-01-27,54.73,54.939999,51.849998,53.549999,53.083832,73924100
2014-01-28,54.02,55.279999,54,55.139999,54.660004,48191200
2014-01-29,54.610001,54.950001,53.189999,53.529999,53.064014,92995600
2014-01-30,62.119999,62.5,60.459999,61.080002,60.548286,150178900
2014-01-31,60.470001,63.369999,60.169998,62.57,62.025318,87794600
2014-02-03,63.029999,63.77,60.700001,61.48,60.944805,74866600
2014-02-04,62.049999,63.139999,61.82,62.75,62.203754,45985500
2014-02-05,62.740002,63.16,61.27,62.189999,61.648624,51685100
2014-02-06,61.459999,62.779999,61.459999,62.16,61.618893,42086500
2014-02-07,62.27,64.57,62.220001,64.32,63.760094,60704300
2014-02-10,64.300003,64.489998,63.470001,63.549999,62.996784,43666100
2014-02-11,63.75,65,63.349998,64.849998,64.285461,45675600
2014-02-12,64.919998,65.059998,64.050003,64.449997,63.88895,47282100
2014-02-13,64.18,67.330002,64.050003,67.330002,66.743881,61911700
2014-02-14,67.5,67.580002,66.720001,67.089996,66.505974,36694900
2014-02-18,66.940002,67.540001,66.07,67.300003,66.714165,43809900
2014-02-19,67.050003,69.080002,67,68.059998,67.467522,62087100
2014-02-20,67.730003,70.110001,65.730003,69.629997,69.023857,130928900
2014-02-21,69.690002,69.959999,68.449997,68.589996,67.992905,70932400
2014-02-24,68.739998,71.440002,68.540001,70.779999,70.163857,76620300
2014-02-25,70.949997,71,69.449997,69.849998,69.241943,52077000
2014-02-26,70.190002,71.220001,68.849998,69.260002,68.657089,55322700
2014-02-27,69.339996,70.010002,68.870003,68.940002,68.339867,41653700
2014-02-28,69.470001,69.879997,67.379997,68.459999,67.864037,66783700
2014-03-03,66.959999,68.050003,66.510002,67.410004,66.823189,56824100
2014-03-04,68.660004,68.900002,67.620003,68.800003,68.20108,42013500
2014-03-05,69.690002,71.970001,69.620003,71.57,70.946968,74567700
2014-03-06,71.879997,71.889999,70.25,70.839996,70.223328,46026500
2014-03-07,71.080002,71.18,69.470001,69.800003,69.192383,38927000
2014-03-10,70.769997,72.150002,70.510002,72.029999,71.402969,59871600
2014-03-11,72.5,72.589996,69.959999,70.099998,69.489777,59408300
2014-03-12,69.860001,71.349998,69,70.879997,70.262985,46340500
2014-03-13,71.290001,71.349998,68.150002,68.830002,68.230843,57091000
2014-03-14,68.489998,69.43,67.459999,67.720001,67.130493,48227000
2014-03-17,68.18,68.949997,66.620003,68.739998,68.141624,52197000
2014-03-18,68.760002,69.599998,68.300003,69.190002,68.587692,40827000
2014-03-19,69.169998,69.290001,67.470001,68.239998,67.645966,43981000
2014-03-20,68.010002,68.230003,66.82,66.970001,66.387016,44439000
2014-03-21,67.529999,67.919998,66.18,67.239998,66.654655,59999900
2014-03-24,67.190002,67.360001,63.360001,64.099998,63.542,85696000
2014-03-25,64.889999,66.190002,63.779999,64.889999,64.325127,68786000
2014-03-26,64.739998,64.949997,60.369999,60.389999,59.864296,97503900
2014-03-27,60.509998,61.900002,57.98,60.970001,60.439255,112650000
2014-03-28,61.34,61.950001,59.34,60.009998,59.487606,67052000
2014-03-31,60.779999,61.52,59.869999,60.240002,59.715611,53011000
2014-04-01,60.459999,62.66,60.240002,62.619999,62.074883,59291000
2014-04-02,63.209999,63.91,62.209999,62.720001,62.174019,66277000
2014-04-03,62.549999,63.169998,59.130001,59.490002,58.972137,83859000
2014-04-04,59.939999,60.200001,56.32,56.75,56.255981,125214400
2014-04-07,55.900002,58,55.439999,56.950001,56.454247,108488000
2014-04-08,57.68,58.709999,57.169998,58.189999,57.683449,78836000
2014-04-09,59.630001,62.459999,59.189999,62.41,61.866714,100215000
2014-04-10,63.080002,63.18,58.68,59.16,58.645004,114988000
2014-04-11,57.599998,60.310001,57.310001,58.529999,58.020485,91452000
2014-04-14,60.09,60.450001,57.779999,58.889999,58.377357,72325000
2014-04-15,59.290001,59.68,55.880001,59.09,58.575615,108623000
2014-04-16,59.790001,60.189999,57.740002,59.720001,59.200127,78774000
2014-04-17,59.299999,60.580002,58.720001,58.939999,58.426922,88040000
2014-04-21,59.459999,61.240002,59.150002,61.240002,60.706898,60364000
2014-04-22,62.650002,63.439999,62.220001,63.029999,62.481316,60631000
2014-04-23,63.450001,63.48,61.259998,61.360001,60.825855,95908700
2014-04-24,63.599998,63.650002,59.77,60.869999,60.340118,138769000
2014-04-25,59.970001,60.009998,57.57,57.709999,57.207626,92502000
2014-04-28,58.049999,58.310001,54.66,56.139999,55.651291,107758000
2014-04-29,56.09,58.279999,55.84,58.150002,57.643799,75557000
2014-04-30,57.580002,59.849998,57.16,59.779999,59.259605,76093000
2014-05-01,60.43,62.279999,60.209999,61.150002,60.617683,82429000
2014-05-02,61.299999,61.889999,60.18,60.459999,59.933689,54189000
2014-05-05,59.669998,61.349998,59.18,61.220001,60.68708,46057000
2014-05-06,60.98,61.150002,58.490002,58.529999,58.020485,55901000
2014-05-07,58.77,59.299999,56.259998,57.389999,56.890411,78587000
2014-05-08,57.23,58.82,56.5,56.759998,56.2659,61251000
2014-05-09,56.849998,57.650002,56.380001,57.240002,56.741722,52584000
2014-05-12,57.98,59.900002,57.98,59.830002,59.309177,48575000
2014-05-13,59.66,60.889999,59.509998,59.830002,59.309177,48525000
2014-05-14,59.529999,60.450001,58.950001,59.23,58.714397,47429000
2014-05-15,59.259998,59.380001,57.52,57.919998,57.415794,56814000
2014-05-16,58.310001,58.450001,57.310001,58.02,57.514931,47933000
2014-05-19,57.889999,59.560001,57.57,59.209999,58.694569,43034000
2014-05-20,59.5,60.189999,58.18,58.560001,58.050224,53931000
2014-05-21,58.560001,60.5,58.25,60.490002,59.963428,58992000
2014-05-22,60.939999,61.48,60.400002,60.52,59.993164,54200000
2014-05-23,60.41,61.450001,60.150002,61.349998,60.815941,38294000
2014-05-27,61.619999,63.509998,61.57,63.48,62.927399,55682000
2014-05-28,63.389999,64.139999,62.619999,63.509998,62.957134,47795000
2014-05-29,63.84,64.300003,63.509998,63.830002,63.274361,42700000
2014-05-30,63.950001,64.169998,62.560001,63.299999,62.74897,45253500
2014-06-02,63.23,63.59,62.049999,63.080002,62.530884,35996000
2014-06-03,62.619999,63.419998,62.32,62.869999,62.322704,32217000
2014-06-04,62.450001,63.59,62.07,63.34,62.788616,36514000
2014-06-05,63.66,64.360001,62.82,63.189999,62.639923,47352000
2014-06-06,63.369999,63.48,62.150002,62.5,61.955929,42442000
2014-06-09,62.400002,63.34,61.790001,62.880001,62.332626,37617000
2014-06-10,63.529999,65.82,63.5,65.769997,65.197464,69338000
2014-06-11,65.32,65.800003,64.900002,65.779999,65.207367,44242000
2014-06-12,65.849998,66.470001,64.059998,64.290001,63.73035,55730000
2014-06-13,64.699997,64.970001,63.830002,64.5,63.938519,29419000
2014-06-16,64.160004,64.879997,63.75,64.190002,63.631218,31046000
2014-06-17,64.099998,64.879997,63.93,64.400002,63.839394,27715000
2014-06-18,64.489998,65.75,64.050003,65.599998,65.028954,35570000
2014-06-19,65.459999,65.580002,64.209999,64.339996,63.779911,34245000
2014-06-20,64.459999,64.809998,63.349998,64.5,63.938519,46466000
2014-06-23,64.32,65.660004,64.220001,65.370003,64.800957,34560000
2014-06-24,65.360001,67.169998,65.269997,65.720001,65.147896,57335000
2014-06-25,65.580002,67.480003,65.57,67.440002,66.852921,44308000
2014-06-26,68,68,66.900002,67.129997,66.545631,47714000
2014-06-27,67.309998,67.699997,66.839996,67.599998,67.011528,46461000
2014-06-30,67.459999,67.919998,67.129997,67.290001,66.704239,27102800
2014-07-01,67.580002,68.440002,67.389999,68.059998,67.467522,33243000
2014-07-02,68.040001,68.300003,65.790001,66.449997,65.871544,41895000
2014-07-03,66.860001,67,65.760002,66.290001,65.712929,25203200
2014-07-07,66.300003,66.57,65.120003,65.290001,64.721634,28745000
2014-07-08,65.059998,65.559998,62.209999,62.759998,62.213669,68926000
2014-07-09,63.41,65.120003,63.150002,64.970001,64.404427,51432000
2014-07-10,63.310001,65.339996,63.049999,64.870003,64.305298,44422000
2014-07-11,65.279999,66.589996,64.790001,66.339996,65.762505,39212000
2014-07-14,67.129997,68.169998,66.900002,67.900002,67.308929,38537000
2014-07-15,67.959999,68.089996,66.260002,67.169998,66.585274,44213200
2014-07-16,67.540001,67.940002,67.07,67.660004,67.071022,29541600
2014-07-17,67.029999,67.849998,66.040001,66.410004,65.831886,38188000
2014-07-18,66.800003,68.459999,66.160004,68.419998,67.824394,42456000
2014-07-21,68.809998,69.959999,68.5,69.400002,68.795876,49539000
2014-07-22,69.760002,69.769997,68.610001,69.269997,68.667,40398000
2014-07-23,69.739998,71.330002,69.610001,71.290001,70.669411,78435000
2014-07-24,75.959999,76.739998,74.510002,74.980003,74.327293,124168000
2014-07-25,74.989998,75.669998,74.660004,75.190002,74.535461,45917000
2014-07-28,75.169998,75.5,73.849998,74.919998,74.267815,41725000
2014-07-29,74.720001,74.919998,73.419998,73.709999,73.068336,41324000
2014-07-30,74.209999,75.190002,74.129997,74.68,74.029907,36853000
2014-07-31,74,74.169998,72.440002,72.650002,72.017578,43992000
2014-08-01,72.220001,73.220001,71.550003,72.360001,71.730095,43535000
2014-08-04,72.360001,73.879997,72.360001,73.510002,72.87011,30777000
2014-08-05,73.199997,73.589996,72.18,72.690002,72.057228,34986000
2014-08-06,72.019997,73.720001,71.790001,72.470001,71.839142,30986000
2014-08-07,73,74,72.699997,73.169998,72.533051,38141000
2014-08-08,73.400002,73.43,72.559998,73.059998,72.424004,27202000
2014-08-11,73.459999,73.910004,73.059998,73.440002,72.800705,24591000
2014-08-12,73.089996,73.330002,72.220001,72.830002,72.196022,27419000
2014-08-13,73.120003,74.25,73.050003,73.769997,73.127823,29266000
2014-08-14,73.970001,74.379997,73.690002,74.300003,73.653206,22207000
2014-08-15,74.32,74.650002,73,73.629997,72.989029,38846600
2014-08-18,74,74.720001,73.959999,74.589996,73.940689,23974000
2014-08-19,74.809998,75.580002,74.510002,75.290001,74.634598,26679000
2014-08-20,74.970001,75.18,74.620003,74.809998,74.15876,22917000
2014-08-21,74.919998,75.190002,74.410004,74.57,73.920853,20102000
2014-08-22,74.339996,74.730003,73.57,74.57,73.920853,20897000
2014-08-25,74.940002,75.279999,74.790001,75.019997,74.366936,19734000
2014-08-26,75,75.989998,74.730003,75.959999,75.298752,23993000
2014-08-27,75.269997,75.489998,74.459999,74.629997,73.980331,36323000
2014-08-28,74,74.43,73.730003,73.860001,73.217041,21947000
2014-08-29,74.300003,74.82,74.010002,74.82,74.168678,26241000
2014-09-02,75.010002,76.699997,74.82,76.68,76.012489,34979000
2014-09-03,77.139999,77.480003,75.599998,75.830002,75.169891,32389000
2014-09-04,75.889999,76.93,75.529999,75.949997,75.288857,26676000
2014-09-05,76.099998,77.379997,75.599998,77.260002,76.587456,29476000
2014-09-08,77.260002,78.169998,77.010002,77.889999,77.21196,28183000
2014-09-09,77.589996,78.169998,76.199997,76.669998,76.002586,28882000
2014-09-10,76.519997,77.949997,76.510002,77.43,76.755966,29909000
2014-09-11,77.129997,78.360001,77.050003,77.919998,77.241699,32219000
2014-09-12,78.019997,78.300003,77.099998,77.480003,76.805542,26676800
2014-09-15,77.150002,77.25,73.43,74.580002,73.930779,49679000
2014-09-16,73.519997,76.230003,73.07,76.080002,75.417709,37742000
2014-09-17,75.959999,77.25,75.57,76.43,75.764671,28693000
2014-09-18,76.769997,77.330002,76.519997,77,76.329704,23031000
2014-09-19,77.400002,78.300003,76.440002,77.910004,77.231789,76671000
2014-09-22,77,77.529999,75.949997,76.800003,76.131454,31961000
2014-09-23,76.330002,78.629997,76.040001,78.290001,77.608475,36814000
2014-09-24,78.099998,78.620003,77.510002,78.540001,77.8563,30680000
2014-09-25,78.599998,78.940002,77.129997,77.220001,76.547791,37533000
2014-09-26,77.589996,78.839996,77.330002,78.790001,78.104118,28872000
2014-09-29,78.120003,79.199997,77.910004,79,78.312302,34031000
2014-09-30,79.349998,79.709999,78.599998,79.040001,78.351959,35899000
2014-10-01,78.779999,78.82,75.900002,76.550003,75.883629,55090000
2014-10-02,76.57,77.480003,75.639999,77.080002,76.409012,36488000
2014-10-03,77.760002,78.059998,77.260002,77.440002,76.765884,23340000
2014-10-06,77.190002,77.889999,76.849998,77.559998,76.884827,25729000
2014-10-07,77.050003,77.949997,76.239998,76.290001,75.6259,25317000
2014-10-08,76.18,77.709999,75.099998,77.519997,76.845184,32976000
2014-10-09,77.279999,77.760002,75.849998,75.910004,75.249184,32487000
2014-10-10,75.589996,76.5,72.760002,72.910004,72.275314,52146000
2014-10-13,73.230003,74.779999,72.519997,72.989998,72.354614,43938000
2014-10-14,74,74.18,72.050003,73.589996,72.949387,50299000
2014-10-15,71.690002,73.800003,70.32,73.209999,72.572701,61528000
2014-10-16,70.790001,73.349998,70.580002,72.629997,71.997749,53529000
2014-10-17,74.230003,76,73.75,75.949997,75.288857,76342000
2014-10-20,75.599998,77.089996,75.379997,76.949997,76.280136,34701000
2014-10-21,77.559998,78.739998,77.150002,78.690002,78.004997,32252000
2014-10-22,78.82,79.849998,78.010002,78.370003,77.687782,41862000
2014-10-23,79.379997,80.629997,79.010002,80.040001,79.343254,35056000
2014-10-24,80.199997,80.82,79.32,80.669998,79.967758,32248000
2014-10-27,80.739998,80.800003,79.760002,80.279999,79.581154,30169000
2014-10-28,80.18,81.160004,79.57,80.769997,80.066887,74212000
2014-10-29,75.449997,76.879997,74.779999,75.860001,75.199615,106120000
2014-10-30,75.050003,75.349998,72.900002,74.110001,73.464859,83270000
2014-10-31,74.93,75.699997,74.449997,74.989998,74.337196,44544000
2014-11-03,75.470001,75.519997,73.699997,73.879997,73.236855,40727000
2014-11-04,74.230003,75.769997,73.650002,75.760002,75.100487,39326000
2014-11-05,76.510002,76.800003,74.419998,74.830002,74.178596,35913000
2014-11-06,74.889999,75.599998,74.309998,75.260002,74.604866,21383000
2014-11-07,75.389999,75.860001,75.019997,75.599998,74.941895,20774000
2014-11-10,75.360001,75.480003,74.610001,75,74.347122,21575100
2014-11-11,74.949997,74.980003,74.029999,74.610001,73.96051,18715700
2014-11-12,74.279999,75.139999,73.540001,74.720001,74.069557,26536600
2014-11-13,74.739998,75.239998,73.639999,74.25,73.603638,26448500
2014-11-14,74.269997,74.93,74.040001,74.879997,74.228165,19476900
2014-11-17,74.879997,75.660004,73.879997,74.239998,73.593727,28701200
2014-11-18,74.449997,74.800003,73.900002,74.339996,73.692871,20690500
2014-11-19,74.010002,74.540001,73.110001,73.330002,72.691666,25441200
2014-11-20,72.800003,73.989998,72.510002,73.599998,72.959305,19154900
2014-11-21,74.5,74.5,73.5,73.75,73.108009,23060400
2014-11-24,73.540001,74.349998,73.349998,74.010002,73.36573,22103800
2014-11-25,74.209999,75.739998,74.129997,75.629997,74.971634,32250200
2014-11-26,75.529999,77.779999,75.510002,77.620003,76.944298,32695300
2014-11-28,77.669998,78.269997,77.230003,77.699997,77.023605,15992000
2014-12-01,77.260002,77.309998,74.800003,75.099998,74.446251,31789900
2014-12-02,75.330002,75.910004,75.040001,75.459999,74.803123,16773900
2014-12-03,75.379997,75.730003,74.400002,74.879997,74.228165,16689900
2014-12-04,74.830002,75.550003,74.660004,75.239998,74.585022,14362800
2014-12-05,75.800003,76.760002,75.360001,76.360001,75.695274,24306400
2014-12-08,76.18,77.25,75.400002,76.519997,75.853874,25733900
2014-12-09,75.199997,76.93,74.779999,76.839996,76.171097,25358600
2014-12-10,76.650002,77.550003,76.07,76.18,75.516838,32210500
2014-12-11,76.519997,78.519997,76.480003,77.730003,77.053352,33462100
2014-12-12,77.160004,78.879997,77.019997,77.830002,77.152481,28091600
2014-12-15,78.459999,78.580002,76.559998,76.989998,76.319794,29396500
2014-12-16,76.190002,77.389999,74.589996,74.690002,74.03981,31554600
2014-12-17,75.010002,76.410004,74.900002,76.110001,75.447456,29203900
2014-12-18,76.889999,78.400002,76.510002,78.400002,77.717514,34222100
2014-12-19,78.75,80,78.330002,79.879997,79.184631,43335000
2014-12-22,80.080002,81.889999,80,81.449997,80.740967,31395800
2014-12-23,82.019997,82.169998,80.400002,80.610001,79.908287,19865800
2014-12-24,81.029999,81.43,80.75,80.769997,80.066887,7685500
2014-12-26,81.019997,81.279999,80.510002,80.779999,80.076797,10647400
2014-12-29,80.489998,80.959999,79.709999,80.019997,79.32341,14134700
2014-12-30,79.849998,80.589996,79.099998,79.220001,78.53038,14370800
2014-12-31,79.540001,79.800003,77.860001,78.019997,77.340828,19935400
2015-01-02,78.580002,78.93,77.699997,78.449997,77.767082,18177500
2015-01-05,77.980003,79.25,76.860001,77.190002,76.518051,26452200
2015-01-06,77.230003,77.589996,75.360001,76.150002,75.487099,27399300
2015-01-07,76.760002,77.360001,75.82,76.150002,75.487099,22045300
2015-01-08,76.739998,78.230003,76.080002,78.18,77.499435,23961000
2015-01-09,78.199997,78.620003,77.199997,77.739998,77.063255,21157000
2015-01-12,77.839996,78,76.209999,76.720001,76.052147,19190200
2015-01-13,77.230003,78.080002,75.849998,76.449997,75.784492,25179600
2015-01-14,76.419998,77.199997,76.029999,76.279999,75.615974,25918600
2015-01-15,76.400002,76.57,73.540001,74.050003,73.405388,34134000
2015-01-16,74.040001,75.32,73.839996,75.18,74.525543,21791500
2015-01-20,75.720001,76.309998,74.82,76.239998,75.576332,22821600
2015-01-21,76.160004,77.300003,75.849998,76.739998,76.071976,25096700
2015-01-22,77.169998,77.75,76.68,77.650002,76.97406,19519500
2015-01-23,77.650002,78.190002,77.040001,77.830002,77.152481,16746500
2015-01-26,77.980003,78.470001,77.290001,77.5,76.825363,19260800
2015-01-27,76.709999,76.879997,75.629997,75.779999,75.120331,20110000
2015-01-28,76.900002,77.639999,76,76.239998,75.576332,53306400
2015-01-29,76.849998,78.019997,74.209999,78,77.320992,61293500
2015-01-30,78,78.160004,75.75,75.910004,75.249184,42649500
2015-02-02,76.110001,76.139999,73.75,74.989998,74.337196,41955300
2015-02-03,75.190002,75.580002,73.860001,75.400002,74.743637,26957700
2015-02-04,75.089996,76.349998,75.010002,75.629997,74.971634,20277400
2015-02-05,75.709999,75.980003,75.209999,75.610001,74.951813,15062600
2015-02-06,75.68,75.699997,74.25,74.470001,73.821724,21211000
2015-02-09,74.050003,74.830002,73.449997,74.440002,73.791992,16194300
2015-02-10,74.849998,75.339996,74.5,75.190002,74.535461,15811300
2015-02-11,75.089996,76.75,75.029999,76.510002,75.843956,20877400
2015-02-12,76.860001,76.870003,75.889999,76.230003,75.566422,17235000
2015-02-13,76.459999,76.480003,75.5,75.739998,75.080666,18621900
2015-02-17,75.300003,76.910004,75.080002,75.599998,74.941895,25254400
2015-02-18,75.940002,76.900002,75.449997,76.709999,76.042221,22426400
2015-02-19,76.989998,79.839996,76.949997,79.419998,78.728638,45851200
2015-02-20,79.550003,80.339996,79.199997,79.900002,79.20446,36931700
2015-02-23,79.959999,80.190002,78.379997,78.839996,78.153687,24139100
2015-02-24,78.5,79.480003,78.099998,78.449997,77.767082,18897100
2015-02-25,78.5,80.199997,78.5,79.559998,78.867401,25593800
2015-02-26,79.879997,81.370003,79.720001,80.410004,79.71003,31111900
2015-02-27,80.68,81.230003,78.620003,78.970001,78.282555,30739200
2015-03-02,79,79.860001,78.519997,79.75,79.055763,21662500
2015-03-03,79.610001,79.699997,78.519997,79.599998,78.907066,18635000
2015-03-04,79.300003,81.150002,78.849998,80.900002,80.195763,28126700
2015-03-05,81.230003,81.989998,81.050003,81.209999,80.503059,27825700
2015-03-06,80.900002,81.330002,79.830002,80.010002,79.313499,24488600
2015-03-09,79.68,79.910004,78.629997,79.440002,78.748466,18925100
2015-03-10,78.5,79.260002,77.550003,77.550003,76.874924,23067100
2015-03-11,77.800003,78.43,77.260002,77.57,76.894737,20215700
2015-03-12,78.099998,79.050003,77.910004,78.93,78.242905,16093300
2015-03-13,78.599998,79.379997,77.68,78.050003,77.37056,18557300
2015-03-16,77.959999,78.120003,77.360001,78.07,77.390388,19305400
2015-03-17,78.360001,79.779999,78.339996,79.360001,78.669174,22170000
2015-03-18,79.25,81.239998,79.169998,80.910004,80.205673,36912400
2015-03-19,81.120003,83,81,82.75,82.029648,42099500
2015-03-20,83.389999,84.599998,83.07,83.800003,83.070503,44466300
2015-03-23,83.919998,84.959999,83.300003,84.43,83.69503,27357300
2015-03-24,84.709999,86.07,84.519997,85.309998,84.567368,32576500
2015-03-25,85.5,85.519997,82.919998,82.919998,82.198181,37436100
2015-03-26,82.720001,83.769997,82.139999,83.010002,82.287392,32794800
2015-03-27,83.379997,83.949997,82.879997,83.300003,82.574867,18372600
2015-03-30,83.809998,84.339996,82.410004,83.199997,82.475739,24527700
2015-03-31,82.900002,83.5,82.209999,82.220001,81.504265,19734300
2015-04-01,82.5,82.720001,80.870003,81.669998,80.959053,22058200
2015-04-02,82.25,82.559998,81.440002,81.559998,80.850014,19664100
2015-04-06,80.800003,82.809998,80.800003,82.440002,81.722351,19062900
2015-04-07,82.650002,83.419998,82.220001,82.32,81.603394,17467000
2015-04-08,82.629997,83.099998,81.839996,82.279999,81.563751,18966700
2015-04-09,82.5,82.800003,81.709999,82.169998,81.454704,15927300
2015-04-10,82.209999,82.610001,81.910004,82.040001,81.325829,12529700
2015-04-13,81.93,83.940002,81.919998,83.010002,82.287392,26883100
2015-04-14,83.169998,83.690002,82.440002,83.519997,82.792946,19634200
2015-04-15,83.550003,83.660004,82.269997,82.709999,81.990013,22390900
2015-04-16,82.470001,83.07,82.150002,82.309998,81.59346,13769700
2015-04-17,81.480003,82.110001,80.370003,80.779999,80.076797,24215000
2015-04-20,81.540001,83.150002,81.239998,83.089996,82.366699,28796800
2015-04-21,84,84.489998,83.540001,83.620003,82.892082,27171900
2015-04-22,84.32,84.739998,83.650002,84.629997,83.893272,45548000
2015-04-23,84.099998,85.589996,82.410004,82.410004,81.692612,73728100
2015-04-24,82.769997,82.940002,81.480003,81.529999,80.820251,29660400
2015-04-27,81.870003,82.93,81.629997,81.910004,81.19696,25446000
2015-04-28,81.830002,81.900002,80.230003,80.68,79.977669,23775300
2015-04-29,80.010002,81.389999,79.519997,80.470001,79.769508,26430300
2015-04-30,80.010002,80.959999,78.32,78.769997,78.08429,28999000
2015-05-01,79.239998,79.760002,78.110001,78.989998,78.302376,24136400
2015-05-04,79.330002,79.690002,78.629997,78.809998,78.123947,14692000
2015-05-05,78.550003,78.800003,77.220001,77.559998,76.884827,22311300
2015-05-06,77.970001,78.809998,77.050003,78.099998,77.42012,28663000
2015-05-07,78,78.940002,77.559998,78.43,77.747261,19749400
2015-05-08,79.099998,79.230003,78.029999,78.510002,77.826569,19943600
2015-05-11,78.480003,79.029999,77.93,78.010002,77.330917,18874100
2015-05-12,77.870003,77.889999,76.790001,77.459999,76.785698,21285300
2015-05-13,77.720001,78.529999,77.650002,78.440002,77.757164,21512300
2015-05-14,78.940002,81.849998,78.669998,81.370003,80.661659,49438000
2015-05-15,81.410004,81.519997,80.18,80.419998,79.719925,27069900
2015-05-18,80.330002,81.379997,80.230003,80.879997,80.175926,21613700
2015-05-19,81.25,81.690002,80.550003,80.629997,79.928116,17955400
2015-05-20,80.470001,81.099998,79.459999,80.550003,79.848801,23056900
2015-05-21,80.190002,80.919998,80.080002,80.480003,79.779419,13402700
2015-05-22,80.349998,81.309998,80.25,80.540001,79.838882,19567900
2015-05-26,80.43,80.599998,79.080002,79.330002,78.63942,16321300
2015-05-27,79.599998,80.660004,79.43,80.550003,79.848801,14160900
2015-05-28,80.25,81.07,80,80.150002,79.452286,11982000
2015-05-29,79.949997,80.07,78.879997,79.190002,78.500648,16134600
2015-06-01,79.300003,80.379997,78.660004,80.290001,79.591072,18119000
2015-06-02,79.760002,81.349998,79.559998,80.440002,79.739754,18923300
2015-06-03,81.349998,82.529999,81.25,82.440002,81.722351,31775000
2015-06-04,82.139999,82.949997,81.510002,82.050003,81.335739,20863900
2015-06-05,81.870003,82.459999,81.510002,82.139999,81.424957,16143100
2015-06-08,81.82,82,80.129997,80.669998,79.967758,16915500
2015-06-09,80.599998,81.190002,79.32,80.669998,79.967758,16497500
2015-06-10,80.830002,82.599998,80.809998,82.160004,81.444786,21531200
2015-06-11,82.309998,82.900002,81.360001,81.830002,81.117668,18656800
2015-06-12,81.370003,82.089996,81.199997,81.529999,80.820251,11417900
2015-06-15,80.550003,80.93,80.07,80.709999,80.007416,18805100
2015-06-16,80.82,81.510002,80.449997,81.059998,80.354362,13693700
2015-06-17,81.760002,82.220001,81.339996,81.790001,81.078011,18350300
2015-06-18,81.639999,83.190002,81.57,82.910004,82.188278,26782600
2015-06-19,82.830002,82.980003,82.120003,82.510002,81.791748,23353200
2015-06-22,83.410004,84.970001,83.309998,84.739998,84.002335,29383100
2015-06-23,84.959999,87.970001,84.760002,87.879997,87.11499,50667900
2015-06-24,87.660004,89.25,87.449997,88.860001,88.086456,41370200
2015-06-25,89.260002,89.400002,87.839996,87.980003,87.214134,27302000
2015-06-26,88.120003,88.339996,86.830002,88.010002,87.243858,38214600
2015-06-29,86.610001,87.5,85.730003,85.800003,85.053108,35957900
2015-06-30,86.599998,86.699997,85.57,85.769997,85.023361,23016500
2015-07-01,86.769997,87.949997,86.489998,86.910004,86.153442,25260000
2015-07-02,87.400002,87.440002,86.339996,87.290001,86.530151,16908800
2015-07-06,86.489998,88.190002,86.389999,87.550003,86.787865,24635900
2015-07-07,87.800003,87.849998,85.230003,87.220001,86.460739,33059900
2015-07-08,86.290001,86.75,85.449997,85.650002,84.904404,24399300
2015-07-09,86.730003,87.599998,85.650002,85.879997,85.132393,23307400
2015-07-10,87.349998,88.220001,86.769997,87.949997,87.18438,23245900
2015-07-13,88.660004,90.220001,88.419998,90.099998,89.315666,29976700
2015-07-14,90.459999,90.800003,89.650002,89.68,88.899323,26627800
2015-07-15,90,90.989998,89.419998,89.760002,88.97863,30886600
2015-07-16,90.279999,90.860001,89.769997,90.849998,90.059135,21804100
2015-07-17,92.550003,95.389999,92.540001,94.970001,94.143288,54001600
2015-07-20,95.849998,98.599998,95.360001,97.910004,97.057686,54860500
2015-07-21,98.949997,99.239998,97.139999,98.389999,97.533501,39453300
2015-07-22,96.739998,97.580002,95.919998,97.040001,96.195267,28299500
2015-07-23,96.959999,97.449997,94.809998,95.440002,94.609184,29418800
2015-07-24,97.349998,97.760002,95.879997,96.949997,96.106041,33444900
2015-07-27,96.580002,96.610001,93.830002,94.169998,93.350243,38585400
2015-07-28,94.839996,95.559998,93.309998,95.290001,94.460487,35236000
2015-07-29,96.32,97.279999,94.739998,96.989998,96.145691,64648300
2015-07-30,94.910004,95.809998,91.800003,95.209999,94.381172,86211300
2015-07-31,94.949997,96.330002,93.949997,94.010002,93.191635,46509000
2015-08-03,93.529999,95.080002,92.800003,94.139999,93.320503,29343100
2015-08-04,93.790001,94.730003,93.330002,94.059998,93.241188,20136000
2015-08-05,95.25,97.089996,95.18,96.440002,95.600487,29813200
2015-08-06,97.18,98.739998,94.419998,95.120003,94.291985,42271300
2015-08-07,95.379997,95.400002,93.610001,94.300003,93.479111,23199100
2015-08-10,95.68,95.900002,93.629997,94.150002,93.330421,21624200
2015-08-11,93.730003,94.760002,92.900002,93.620003,92.805023,22491000
2015-08-12,92.699997,94.440002,91.190002,94.190002,93.370056,27050500
2015-08-13,94.050003,94.730003,93.349998,93.43,92.616684,17451800
2015-08-14,93.540001,94.720001,93.209999,94.419998,93.598068,15929700
2015-08-17,94.419998,94.459999,93.389999,93.93,93.112328,18313500
2015-08-18,94.080002,95.849998,94.040001,95.169998,94.341537,22278800
2015-08-19,94.629997,96.099998,94.160004,95.309998,94.480301,23251300
2015-08-20,93.540001,94.769997,90.459999,90.559998,89.77166,44598200
2015-08-21,87.519997,89.18,85.610001,86.059998,85.310822,62778700
2015-08-24,77.029999,82.089996,72,82.089996,81.375404,83710700
2015-08-25,86.949997,87.669998,83,83,82.277473,52021200
2015-08-26,85.949997,87.459999,83.260002,87.190002,86.431007,45124300
2015-08-27,89.099998,90.059998,87.190002,89.730003,88.948898,42431400
2015-08-28,89.879997,91.480003,89.790001,91.010002,90.217758,33215900
2015-08-31,90.599998,91.050003,88.889999,89.43,88.651505,32850700
2015-09-01,86.849998,89.389999,86.5,87.230003,86.470657,36097400
2015-09-02,88.809998,89.889999,87.629997,89.889999,89.107491,27190500
2015-09-03,89.760002,89.82,87.730003,88.150002,87.382645,27048200
2015-09-04,87.199997,88.389999,86.699997,88.260002,87.491684,27328700
2015-09-08,89.690002,90.239998,88.830002,89.529999,88.750618,27012500
2015-09-09,90.779999,91.980003,90.169998,90.440002,89.65271,32551100
2015-09-10,90.07,92.059998,89.629997,91.980003,91.179314,26437400
2015-09-11,91.68,92.080002,91.129997,92.050003,91.248703,21185000
2015-09-14,92.309998,92.620003,91.599998,92.309998,91.506432,20127900
2015-09-15,92.370003,93.25,91.790001,92.900002,92.091293,18859400
2015-09-16,92.900002,93.599998,92.629997,93.449997,92.636497,16321200
2015-09-17,93.370003,95.510002,92.900002,94.339996,93.518753,27841800
2015-09-18,93.199997,95.190002,93.050003,94.400002,93.578232,62300000
2015-09-21,94.620003,96.489998,94.519997,95.550003,94.718216,28790000
2015-09-22,93.769997,94.68,91.919998,92.959999,92.15078,36888900
2015-09-23,93.400002,94.32,92.800003,93.970001,93.151978,21701400
2015-09-24,93.059998,94.769997,92.239998,94.410004,93.58815,29106000
2015-09-25,95.790001,95.849998,92.059998,92.769997,91.962418,28961600
2015-09-28,92.080002,92.290001,88.18,89.209999,88.433411,41199900
2015-09-29,89.099998,90.059998,85.720001,86.669998,85.915543,42281800
2015-09-30,88.440002,90.019997,88.010002,89.900002,89.117409,36169100
2015-10-01,90.050003,90.949997,88.360001,90.949997,90.158272,29283700
2015-10-02,88.900002,92.199997,88.370003,92.07,91.268524,37881700
2015-10-05,92.940002,94.269997,92.660004,94.010002,93.191635,27292500
2015-10-06,94.080002,94.169998,92.339996,92.800003,91.992172,22172800
2015-10-07,93.110001,93.660004,91.370003,92.400002,91.59565,24129300
2015-10-08,91.889999,93.220001,90.470001,92.470001,91.665047,27290500
2015-10-09,92.900002,93.739998,92.239998,93.239998,92.428329,20012900
2015-10-12,93.32,94.599998,92.669998,94.260002,93.439453,18449600
2015-10-13,93.660004,95.370003,93.550003,94.120003,93.30069,19480300
2015-10-14,94.080002,95.199997,93.610001,94.07,93.251114,19253400
2015-10-15,94.989998,96.300003,94.900002,95.959999,95.124657,27557500
2015-10-16,96.18,97.589996,95.349998,97.540001,96.69091,25412900
2015-10-19,97.18,98.57,96.919998,98.470001,97.612801,23729900
2015-10-20,98.730003,99.589996,96.559998,97,96.155617,30881800
2015-10-21,97.370003,98.18,96.470001,97.110001,96.264641,21917800
2015-10-22,97.790001,99.730003,97.550003,99.669998,98.802361,26392100
2015-10-23,101.91,102.85,100.16,102.19,101.30043,42809700
2015-10-26,102.2,103.81,101.55,103.77,102.86667,25961200
2015-10-27,102.94,104.1,102.4,103.7,102.79727,23795500
2015-10-28,103.9,104.48,102.92,104.2,103.29292,24081500
2015-10-29,103.96,105.12,103.52,104.88,103.96702,20316700
2015-10-30,104.51,104.72,101.65,101.97,101.08234,33487100
2015-11-02,101.72,103.47,101.18,103.31,102.41068,24003900
2015-11-03,103.22,103.65,102.4,102.58,101.68703,21242300
2015-11-04,103.19,104.14,102.48,103.94,103.03519,43469300
2015-11-05,108.8,110.65,107.95,108.76,107.81324,63232900
2015-11-06,108.04,108.74,105.91,107.1,106.16766,35084300
2015-11-09,107,108.25,105.86,106.49,105.56299,26383500
2015-11-10,105.96,108.15,105.24,107.91,106.97063,25031700
2015-11-11,108.27,109.87,107.11,109.01,108.06105,25057100
2015-11-12,108.48,109.39,108,108.02,107.07967,20924700
2015-11-13,107.71,108.25,103.83,103.95,103.04509,30278400
2015-11-16,103.32,104.17,100.47,104.04,103.13432,49309200
2015-11-17,104.62,106.2,104.14,105.13,104.21483,26807200
2015-11-18,105.8,107.88,105.39,107.77,106.83184,23836500
2015-11-19,107.36,107.73,105.95,106.26,105.33499,25520600
2015-11-20,106.84,107.87,106.62,107.32,106.38577,22129600
2015-11-23,107.19,107.47,106.08,106.95,106.01898,19897200
2015-11-24,106,106.49,104.39,105.74,104.81951,23577300
2015-11-25,106.33,106.6,105.1,105.41,104.49239,15150800
2015-11-27,105.78,105.96,104.86,105.45,104.53204,5913100
2015-11-30,105.84,106.1,103.75,104.24,103.33257,20383200
2015-12-01,104.83,107.15,104.5,107.12,106.18751,22781900
2015-12-02,107,107.92,105.79,106.07,105.14665,24429100
2015-12-03,106.27,106.85,103.35,104.38,103.47135,23236500
2015-12-04,104.81,107.73,104.11,106.18,105.25568,21224700
2015-12-07,106.48,106.83,104.66,105.61,104.69065,15474900
2015-12-08,104,106.91,103.95,106.49,105.56299,20401800
2015-12-09,106.18,106.44,103.55,104.6,103.68944,23517300
2015-12-10,105.05,106.4,104.41,105.42,104.5023,17454300
2015-12-11,104.15,104.34,101.91,102.12,101.23105,26427700
2015-12-14,102.29,104.74,101.46,104.66,103.74892,24648100
2015-12-15,105.3,105.8,104.28,104.55,103.63989,21764300
2015-12-16,105.37,107.09,104.19,106.79,105.86038,22680500
2015-12-17,107.49,107.75,106.13,106.22,105.29534,21675700
2015-12-18,106.08,106.59,103.97,104.04,103.13432,35994200
2015-12-21,104.91,105.15,103.6,104.77,103.85796,16138800
2015-12-22,105.22,105.66,104.81,105.51,104.59151,14597100
2015-12-23,105.89,106.11,103.86,104.63,103.71918,19599700
2015-12-24,104.74,105.32,104.5,105.02,104.10578,6501800
2015-12-28,105.02,105.98,104.53,105.93,105.00786,13069700
2015-12-29,106.42,107.74,106.25,107.26,106.32629,17179900
2015-12-30,107,107.25,106.06,106.22,105.29534,13115000
2015-12-31,106,106.17,104.62,104.66,103.74892,18391100
2016-01-04,101.95,102.24,99.75,102.22,101.33016,37912400
2016-01-05,102.89,103.71,101.67,102.73,101.83573,23258200
2016-01-06,101.13,103.77,100.9,102.97,102.07364,25096200
2016-01-07,100.5,101.43,97.300003,97.919998,97.067604,45172900
2016-01-08,99.879997,100.5,97.029999,97.330002,96.482727,35402300
2016-01-11,97.910004,98.599998,95.389999,97.510002,96.661163,29932400
2016-01-12,99,99.959999,97.550003,99.370003,98.504967,28395400
2016-01-13,100.58,100.58,95.209999,95.440002,94.609184,33410600
2016-01-14,95.849998,98.870003,92.449997,98.370003,97.51368,48658600
2016-01-15,93.980003,96.379997,93.540001,94.970001,94.143288,46132800
2016-01-19,96.529999,97.419998,93.919998,95.260002,94.43074,30998300
2016-01-20,92.830002,95,89.370003,94.349998,93.528671,59051400
2016-01-21,94.910004,95.989998,92.620003,94.160004,93.340332,30518900
2016-01-22,96.410004,98.07,95.489998,97.940002,97.08741,30495400
2016-01-25,98.720001,99.480003,96.93,97.010002,96.16552,32482000
2016-01-26,97.760002,97.879997,95.660004,97.339996,96.492638,26877100
2016-01-27,97.790001,97.849998,94.230003,94.449997,93.627808,58699400
2016-01-28,107.2,110.34,104.81,109.11,108.16018,107475300
2016-01-29,108.99,112.84,108.84,112.21,111.23322,62739500
2016-02-01,112.27,115.72,112.01,115.09,114.08811,46132700
2016-02-02,114.8,117.59,113.2,114.61,113.6123,59778600
2016-02-03,115.27,115.34,109.75,112.69,111.70903,56919300
2016-02-04,111.8,111.94,109.25,110.49,109.52818,38890200
2016-02-05,109.51,109.58,103.18,104.07,103.16405,76894700
2016-02-08,100.41,102.68,97.459999,99.75,98.881668,71229700
2016-02-09,97.139999,102.4,96.82,99.540001,98.6735,62709000
2016-02-10,101.55,103.25,100.24,101,100.1208,45179400
2016-02-11,99.599998,105.11,98.879997,101.91,101.02286,43670600
2016-02-12,103.74,104.24,101.09,102.01,101.12199,36176800
2016-02-16,103.8,103.93,100.24,101.61,100.72548,45687200
2016-02-17,102.02,105.72,100.4,105.2,104.2842,44073400
2016-02-18,105.8,106,103.03,103.47,102.56928,29593500
2016-02-19,102.55,105.02,102.06,104.57,103.65971,32404500
2016-02-22,105.49,108.25,105.34,107.16,106.22715,35709700
2016-02-23,106.85,107.47,105.12,105.46,104.54195,25319300
2016-02-24,104.21,106.95,102.74,106.88,105.9496,34412400
2016-02-25,107.11,108.07,105.61,108.07,107.12924,29906300
2016-02-26,108.7,109.45,107.16,107.92,106.98055,26686200
2016-02-29,107.6,108.91,106.75,106.92,105.98924,32779000
2016-03-01,107.83,109.82,107.6,109.82,108.86401,26817300
2016-03-02,109.68,110.55,108.77,109.95,108.99288,25670200
2016-03-03,110.25,110.3,108.54,109.58,108.62609,21353100
2016-03-04,110.05,110.05,107.93,108.39,107.44645,24938900
2016-03-07,108.07,108.07,104.72,105.73,104.80961,31436400
2016-03-08,104.78,107.37,104.4,105.93,105.00786,25617000
2016-03-09,106.7,107.51,105.49,107.51,106.57412,20493300
2016-03-10,107.91,108.66,105.77,107.32,106.38577,24854300
2016-03-11,108.48,109.42,107.92,109.41,108.45757,20697600
2016-03-14,109.28,110.33,108.77,109.89,108.9334,17249400
2016-03-15,109.11,110.83,108.84,110.67,109.7066,17618500
2016-03-16,110.49,112.5,110.1,112.18,111.20347,24744800
2016-03-17,112.15,112.69,110.73,111.02,110.05355,24241200
2016-03-18,111.56,112.42,110.27,111.45,110.4798,36256900
2016-03-21,111.66,112.37,111.03,111.85,110.87634,18448000
2016-03-22,111.36,112.88,111.17,112.25,111.27287,19001100
2016-03-23,112.01,113.19,112,112.54,111.56033,18562000
2016-03-24,112.13,113.09,111.68,113.05,112.06588,17839100
2016-03-28,113.32,114.59,112.95,113.69,112.70032,21351800
2016-03-29,113.83,116.32,113.64,116.14,115.12898,29825300
2016-03-30,116.73,116.99,114.36,114.7,113.70152,33235200
2016-03-31,114.7,115.01,113.77,114.1,113.10675,21207500
2016-04-01,113.75,116.17,113.35,116.06,115.04968,24760500
2016-04-04,114.07,114.55,111.61,112.55,111.57025,48487900
2016-04-05,112.11,113.32,111.9,112.22,111.24311,22962400
2016-04-06,112.47,113.81,112.42,113.71,112.72013,20814600
2016-04-07,113.79,114.89,113.07,113.64,112.65075,20714500
2016-04-08,114.25,114.33,109.9,110.63,109.66695,48497800
2016-04-11,110.7,110.91,108.77,108.99,108.04122,39762300
2016-04-12,109.34,111.16,108.99,110.61,109.64713,26248100
2016-04-13,112.23,112.65,106.52,110.51,109.548,88227400
2016-04-14,110.62,112.04,110.26,110.84,109.87512,28473300
2016-04-15,110.79,110.97,109.2,109.64,108.68556,20922800
2016-04-18,109.74,110.81,109.2,110.45,109.48853,21167200
2016-04-19,111.1,112.45,109.16,112.29,111.31249,30210500
2016-04-20,112.43,113.27,111.56,112.42,111.44137,21027900
2016-04-21,112.55,114.04,112.31,113.44,112.45249,20875200
2016-04-22,111.21,111.75,109.01,110.56,109.59756,38458200
2016-04-25,109.87,110.67,109.07,110.1,109.14157,21017900
2016-04-26,110.49,110.5,108.15,108.76,107.81324,22521500
2016-04-27,107.94,108.94,106.31,108.89,107.9421,52213100
2016-04-28,119.58,120.79,116.23,116.73,115.71386,87110100
2016-04-29,116.82,117.84,115.84,117.58,116.55646,37140600
2016-05-02,117.83,118.73,116.57,118.57,117.53782,28095200
2016-05-03,117.52,118.16,117.02,117.43,116.40775,24117500
2016-05-04,116.61,118.3,116.57,118.06,117.03227,23448400
2016-05-05,118.04,118.98,117.25,117.81,116.78445,22056700
2016-05-06,117.16,119.64,117.11,119.49,118.44982,26395600
2016-05-09,119.54,120.28,118.9,119.24,118.202,21138100
2016-05-10,119.62,120.5,119,120.5,119.45104,23220000
2016-05-11,120.41,121.08,119.42,119.52,118.47956,22038400
2016-05-12,119.98,120.84,118.9,120.28,119.23294,22035500
2016-05-13,120.38,120.64,119.68,119.81,118.76704,18124300
2016-05-16,119.38,119.61,117.35,118.67,117.63696,31247800
2016-05-17,118.82,119.01,117.2,117.35,116.32845,21328600
2016-05-18,116.8,118.27,116.73,117.65,116.62584,21642300
2016-05-19,117.05,117.49,115.88,116.81,115.79315,20544100
2016-05-20,116.96,117.99,116.95,117.35,116.32845,18944800
2016-05-23,117.42,117.6,115.94,115.97,114.96046,20441000
2016-05-24,116.24,117.73,116.12,117.7,116.67542,20183600
2016-05-25,118.13,118.67,117.38,117.89,116.86375,20019800
2016-05-26,118.24,119.76,117.92,119.47,118.43002,18481300
2016-05-27,119.56,119.85,119.01,119.38,118.34077,13493600
2016-05-31,119.46,120.1,118.12,118.81,117.77574,23547600
2016-06-01,118.5,119.08,117.82,118.78,117.74601,15029500
2016-06-02,118.69,119.44,118.22,118.93,117.89469,13228300
2016-06-03,118.98,118.98,117.86,118.47,117.43871,14135100
2016-06-06,118.62,119.43,118.36,118.79,117.75592,12744700
2016-06-07,119.24,119.3,117.67,117.76,116.73489,17103000
2016-06-08,117.76,118.6,117.27,118.39,117.35941,14505600
2016-06-09,118.13,118.68,117.71,118.56,117.52792,13859200
2016-06-10,117.54,118.11,116.26,116.62,115.60481,18510800
2016-06-13,115,115.48,113.31,113.95,112.95805,31718200
2016-06-14,114.07,114.95,113.58,114.94,113.93944,17618500
2016-06-15,115.3,115.44,114.07,114.6,113.60239,19819400
2016-06-16,113.87,114.5,112.94,114.39,113.39422,19236300
2016-06-17,114.42,114.43,112.56,113.02,112.03615,24644300
2016-06-20,113.77,114.72,112.75,113.37,112.3831,20785400
2016-06-21,114.12,115.21,113.97,114.38,113.38431,19166300
2016-06-22,114.65,114.74,113.61,113.91,112.91841,14846300
2016-06-23,114.37,115.09,113.54,115.08,114.07821,16176900
2016-06-24,111.01,113.68,111,112.08,111.10434,40643100
2016-06-27,111.57,111.57,108.23,108.97,108.0214,36130400
2016-06-28,110.63,112.75,110.55,112.7,111.71893,26813800
2016-06-29,113.37,114.25,113.04,114.16,113.16623,20968300
2016-06-30,114.67,115.18,113.67,114.28,113.28519,23192700
2016-07-01,114.2,115.13,113.81,114.19,113.19597,14980000
2016-07-05,113.94,114.2,112.97,114.2,113.20588,14207000
2016-07-06,113.36,116.79,112.97,116.7,115.6841,24337600
2016-07-07,116.63,116.97,115.36,115.85,114.8415,16630200
2016-07-08,116.43,117.5,115.85,117.24,116.21941,18142600
2016-07-11,117.71,118.7,117.5,117.87,116.84393,17711600
2016-07-12,118.63,118.72,117.57,117.93,116.9034,15217700
2016-07-13,118.39,118.4,116.68,116.78,115.76342,16207700
2016-07-14,117.5,117.64,116.7,117.29,116.26897,14579700
2016-07-15,117.74,118.28,116.58,116.86,115.84271,16646000
2016-07-18,117.32,119.61,116.89,119.37,118.33088,20868400
2016-07-19,118.99,120.85,118.66,120.61,119.56007,21541300
2016-07-20,121.25,122.2,120.56,121.92,120.85867,20046500
2016-07-21,121.92,122.1,120.25,120.61,119.56007,17801700
2016-07-22,119.9,121.01,119.31,121,119.94668,18422400
2016-07-25,121.39,121.85,117.78,121.63,120.57119,18487400
2016-07-26,122,122.07,120.75,121.22,120.16476,17612000
2016-07-27,122.42,125,121.51,123.34,122.2663,52654200
2016-07-28,127.52,128.33,123.63,125,123.91186,78955800
2016-07-29,124.65,125.84,123.71,123.94,122.86108,35058800
2016-08-01,123.85,124.58,122.86,124.31,123.22787,25006900
2016-08-02,124.06,124.8,122.07,123.09,122.01847,23968400
2016-08-03,123.09,123.92,122.31,122.51,121.44353,18525300
2016-08-04,122.94,124.79,122.51,124.36,123.27743,21066000
2016-08-05,124.98,125.84,124.62,125.15,124.06057,20184000
2016-08-08,125.25,125.45,124.55,125.26,124.1696,15233900
2016-08-09,125.34,126.09,124.53,125.06,123.97133,19621000
2016-08-10,125.07,125.48,124.54,124.88,123.79289,10670100
2016-08-11,125.2,125.38,124.75,124.9,123.81274,11729500
2016-08-12,124.7,125,124.18,124.88,123.79289,12159000
2016-08-15,124.91,124.92,123.7,123.9,122.82145,19295100
2016-08-16,123.5,123.92,122.78,123.3,122.22666,14222400
2016-08-17,123.66,124.38,122.85,124.37,123.28734,13794200
2016-08-18,124.01,124.26,123.64,123.91,122.83136,12400800
2016-08-19,123.6,124.16,123.28,123.56,122.4844,11688300
2016-08-22,123.33,124.83,123.11,124.15,123.06927,14386400
2016-08-23,124.51,125.09,124.25,124.37,123.28734,13309500
2016-08-24,124.47,124.69,123.09,123.48,122.4051,12243700
2016-08-25,123.12,124.37,123.1,123.89,122.81153,10730800
2016-08-26,124.05,125.19,123.91,124.96,123.8722,17504800
2016-08-29,124.35,126.73,124.35,126.54,125.43846,15925900
2016-08-30,126.6,126.6,125.15,125.84,124.74454,17804300
2016-08-31,125.6,126.22,125.1,126.12,125.02212,14200600
2016-09-01,126.38,126.63,125.6,126.17,125.07168,13536100
2016-09-02,126.85,126.86,126,126.51,125.40872,12118800
2016-09-06,126.67,129.94,126.47,129.73,128.60069,26278400
2016-09-07,130.03999,131.98,129.95,131.05,129.90918,27990800
2016-09-08,130.92,131.08,129.81,130.27,129.13597,15676600
2016-09-09,129.71001,129.95,127.1,127.1,125.99357,27100700
2016-09-12,125.96,128.75999,125.75,128.69,127.56975,21252800
2016-09-13,128.03,128.35001,126.66,127.21,126.10263,18016200
2016-09-14,126.89,128.8,126.89,127.77,126.65774,15691100
2016-09-15,127.98,129.10001,127.67,128.35001,127.23271,15077200
2016-09-16,128.2,129.17999,128.2,129.07001,127.94645,24119200
2016-09-19,129.91,129.94,128.25999,128.64999,127.53008,14958800
2016-09-20,128.64999,129.17,128.03,128.64,127.52019,11083800
2016-09-21,129.13,130.00999,128.39,129.94,128.80885,14068300
2016-09-22,130.5,130.73,129.56,130.08,128.94763,15538300
2016-09-23,127.56,128.60001,127.3,127.96,126.8461,28326300
2016-09-26,127.37,128.16,126.8,127.31,126.20175,15064900
2016-09-27,127.61,129.00999,127.43,128.69,127.56975,15637100
2016-09-28,129.21001,129.47,128.39999,129.23,128.10506,12047600
2016-09-29,129.17999,129.28999,127.55,128.09,126.97495,14532200
2016-09-30,128.03,128.59,127.45,128.27,127.1534,18402900
2016-10-03,128.38,129.09,127.8,128.77,127.64906,13156900
2016-10-04,129.17,129.28,127.55,128.19,127.0741,14307500
2016-10-05,128.25,128.8,127.83,128.47,127.35165,12386800
2016-10-06,128.42999,129.06,128.08,128.74001,127.6193,11682700
2016-10-07,129.03999,129.25,128.33,128.99001,127.86713,12804400
2016-10-10,129.67999,130.7,129.2,130.24001,129.10625,15138700
2016-10-11,130.23,130.64,128.23,128.88,127.75808,17537900
2016-10-12,129.00999,129.66,128.46001,129.05,127.92661,11073000
2016-10-13,128.21001,128.25,126.75,127.82,126.70732,17139300
2016-10-14,128.49001,128.95,127.58,127.88,126.76679,13345300
2016-10-17,128.2,128.47,127.32,127.54,126.42975,11351700
2016-10-18,128.67999,129.39,128.00999,128.57001,127.45078,13504000
2016-10-19,128.74001,130.47,128.60001,130.11,128.97737,16752300
2016-10-20,130.07001,130.66,129.5,130,128.86835,13167500
2016-10-21,129.78,132.13,129.7,132.07001,130.92032,19088800
2016-10-24,132.72,133.41,132.14999,133.28,132.11978,17470200
2016-10-25,133.5,133.5,132.22,132.28999,131.13841,13336800
2016-10-26,131.64,132.25999,130.94,131.03999,129.89928,13084700
2016-10-27,131.74001,131.8,129.27,129.69,128.56104,16741400
2016-10-28,130.5,132.97,129.92999,131.28999,130.14709,24545500
2016-10-31,132.00999,132.12,130.88,130.99001,129.84972,15669000
2016-11-01,131.41,131.94,128.64999,129.5,128.37271,22077800
2016-11-02,130.23,130.23,126.28,127.17,126.06297,39640900
2016-11-03,122,123.28,119.5,120,118.95539,63766300
2016-11-04,119.59,121.93,119.25,120.75,119.69887,30545500
2016-11-07,122.83,123.21,121.35,122.15,121.08668,23008900
2016-11-08,122.03,124.61,121.54,124.22,123.13866,19460800
2016-11-09,121.5,123.81,120.51,123.18,122.1077,31916000
2016-11-10,123.93,124.18,115.27,120.8,119.74841,67846700
2016-11-11,119.53,120.7,118.15,119.02,117.98392,32840100
2016-11-14,119.13,119.13,113.55,115.08,114.07821,51377000
2016-11-15,116.73,118.49,115.83,117.2,116.17976,34681400
2016-11-16,114.48,117.88,114.21,116.34,115.32726,32397900
2016-11-17,116.81,117.79,116.01,117.79,116.76462,18597800
2016-11-18,118.39,119.13,116.84,117.02,116.00133,22879300
2016-11-21,118.2,121.95,117.8,121.77,120.70998,35415400
2016-11-22,122.4,122.98,120.9,121.47,120.41259,26089200
2016-11-23,121.23,121.31,119.94,120.84,119.78806,15672100
2016-11-25,121.01,121.14,120.07,120.38,119.33208,8658600
2016-11-28,120.12,121.69,119.82,120.41,119.36182,18101300
2016-11-29,120.57,122.1,120.4,120.87,119.81782,18891000
2016-11-30,120.32,121.79,117.95,118.42,117.38914,30188900
2016-12-01,118.38,118.45,114,115.1,114.09804,43277000
2016-12-02,115.11,116.48,114.3,115.4,114.39542,25070400
2016-12-05,115.95,117.57,115.07,117.43,116.40775,20201500
2016-12-06,117.69,117.8,116.33,117.31,116.28879,19131200
2016-12-07,117,117.95,116.57,117.95,116.92323,21913700
2016-12-08,117.98,119.5,117.64,118.91,117.87487,22442800
2016-12-09,119.22,119.94,118.95,119.68,118.63818,17464700
2016-12-12,119.22,119.24,117.65,117.77,116.74479,17805500
2016-12-13,117.86,121.52,117.61,120.31,119.26269,29768000
2016-12-14,120,121.69,118.85,120.21,119.16354,25913100
2016-12-15,120.08,122.5,119.63,120.57,119.52043,20139600
2016-12-16,120.9,121.5,119.27,119.87,118.82651,25324300
2016-12-19,119.85,120.36,118.51,119.24,118.202,15918100
2016-12-20,119.5,119.77,118.8,119.09,118.0533,13684400
2016-12-21,118.92,119.2,118.48,119.04,118.00375,10767600
2016-12-22,118.86,118.99,116.93,117.4,116.37802,16258600
2016-12-23,117,117.56,116.3,117.27,116.24915,10890000
2016-12-27,116.96,118.68,116.86,118.01,116.98271,12051500
2016-12-28,118.19,118.25,116.65,116.92,115.90219,12087400
2016-12-29,117,117.53,116.06,116.35,115.33716,9934900
2016-12-30,116.6,116.83,114.77,115.05,114.04848,18684100
2017-01-03,116.03,117.84,115.51,116.86,115.84271,20663900
2017-01-04,117.55,119.66,117.29,118.69,117.65681,19630900
2017-01-05,118.86,120.95,118.32,120.67,119.61955,19492200
2017-01-06,120.98,123.88,120.03,123.41,122.33572,28545300
2017-01-09,123.55,125.43,123.04,124.9,123.81274,22880400
2017-01-10,124.82,125.5,124.28,124.35,123.26751,17324600
2017-01-11,124.35,126.12,124.06,126.09,124.99237,18356500
2017-01-12,125.61,126.73,124.8,126.62,125.51777,18653900
2017-01-13,127.49,129.27,127.37,128.34,127.22279,24884300
2017-01-17,128.03999,128.34,127.4,127.87,126.75688,15294500
2017-01-18,128.41,128.42999,126.84,127.92,126.80644,13145900
2017-01-19,128.23,128.35001,127.45,127.55,126.43967,12195500
2017-01-20,128.10001,128.48,126.78,127.04,125.9341,19097200
2017-01-23,127.31,129.25,126.95,128.92999,127.80763,16593600
2017-01-24,129.38,129.89999,128.38,129.37,128.24385,15162700
2017-01-25,130,131.74001,129.77,131.48,130.33546,18731300
2017-01-26,131.63,133.14,131.44,132.78,131.62413,20020100
2017-01-27,132.67999,132.95,131.08,132.17999,131.02934,19539500
2017-01-30,131.58,131.58,129.60001,130.98,129.83981,18956100
2017-01-31,130.17,130.66,129.52,130.32001,129.18558,19790500
2017-02-01,132.25,133.49001,130.67999,133.23,132.07022,50139800
2017-02-02,133.22,135.49001,130.39999,130.84,129.70103,54366400
2017-02-03,131.24001,132.85001,130.75999,130.98,129.83981,24804900
2017-02-06,130.98,132.06,130.3,132.06,130.9104,17058500
2017-02-07,132.24001,133,131.66,131.84,130.69229,14596400
2017-02-08,132.60001,134.44,132.44,134.2,133.03177,22390600
2017-02-09,134.49001,134.5,133.31,134.14,132.97229,16470600
2017-02-10,134.10001,134.94,133.67999,134.19,133.02185,15061900
2017-02-13,134.7,134.7,133.7,134.05,132.88306,13526200
2017-02-14,134.10001,134.23,132.55,133.85001,132.68481,14364900
2017-02-15,133.45,133.7,132.66,133.44,132.27838,13226500
2017-02-16,133.07001,133.87,133.02,133.84,132.6749,12831100
2017-02-17,133.5,134.09,133.17,133.53,132.36761,12276500
2017-02-21,133.5,133.91,132.89999,133.72,132.55598,14759100
2017-02-22,133.60001,136.78999,133.46001,136.12,134.93504,27360100
2017-02-23,135.89,136.12,134.33,135.36,134.18167,18422500
2017-02-24,134.16,135.62,134.16,135.44,134.26099,12625700
2017-02-27,135.25999,137.17999,135.02,136.41,135.22253,14306700
2017-02-28,136.78999,136.81,134.75,135.53999,134.36008,16112100
2017-03-01,136.47,137.48,136.3,137.42,136.22372,16257000
2017-03-02,137.09,137.82001,136.31,136.75999,135.56949,12294800
2017-03-03,136.63,137.33,136.08,137.17,135.97592,11160600
2017-03-06,136.88,137.83,136.50999,137.42,136.22372,12748200
2017-03-07,137.03,138.37,136.99001,137.3,136.1048,13527100
2017-03-08,137.14999,137.99001,137.05,137.72,136.52113,10184500
2017-03-09,137.72,138.57001,137.39999,138.24001,137.03664,15535300
2017-03-10,138.91,139.49001,138.22,138.78999,137.58182,16314100
2017-03-13,138.71001,139.67999,138.67,139.60001,138.38477,10955500
2017-03-14,139.46001,139.46001,138.52,139.32001,138.10722,12944000
2017-03-15,139.28999,140.10001,138.49001,139.72,138.50371,19344800
2017-03-16,140.2,140.25,139.73,139.99001,138.77138,13612900
2017-03-17,140.34,140.34,139.7,139.84,138.62267,20592800
2017-03-20,139.71001,140.19,139.25,139.94,138.7218,12099500
2017-03-21,141.14999,142.31,138.39999,138.50999,137.30423,29894800
2017-03-22,137.92999,139.78999,137.60001,139.59,138.37486,17055400
2017-03-23,139.48,140.39,139.09,139.53,138.31534,13022800
2017-03-24,140.08,141.02,139.75999,140.34,139.11832,16664700
2017-03-27,139.05,140.64999,138.77,140.32001,139.09846,12800500
2017-03-28,140.36,141.95,140.00999,141.75999,140.52597,14679400
2017-03-29,141.99001,142.86,141.42999,142.64999,141.40823,16527600
2017-03-30,142.39999,142.95,141.85001,142.41,141.17027,12404000
2017-03-31,142.31,142.63,141.89,142.05,140.81342,11478300
2017-04-03,141.92999,142.47,140.82001,142.28,141.04141,13564000
2017-04-04,141.86,142.09,141.27,141.73,140.49619,12948600
2017-04-05,142.25999,143.44,141.28999,141.85001,140.61516,17158100
2017-04-06,142.11,142.22,140.91,141.17,139.94107,15103400
2017-04-07,141.2,141.55,140.24001,140.78,139.5545,11818300
2017-04-10,141,141.42999,140.63,141.03999,139.81224,9039400
2017-04-11,140.8,141.03,138.81,139.92,138.70197,16638100
2017-04-12,139.72,140.39999,139.44,139.58,138.36494,11612500
2017-04-13,139.62,140.58,139.33,139.39,138.17662,10965600
2017-04-17,139.75999,141.55,139.75,141.42,140.18892,11519700
2017-04-18,141.27,141.91,140.61,140.96001,139.73293,14807500
2017-04-19,141.35001,143.03999,141.27,142.27,141.03152,15563900
2017-04-20,142.95,144.25,142.69,143.8,142.54822,15968200
2017-04-21,143.89999,144.17,142.27,143.67999,142.42924,12382000
2017-04-24,144.96001,145.67,144.34,145.47,144.20366,14407200
2017-04-25,145.78999,147.14999,145.78999,146.49001,145.2148,17767500
2017-04-26,147.09,147.59,146.09,146.56,145.28416,12395000
2017-04-27,146.67,147.75,146.14,147.7,146.41428,11275100
2017-04-28,149.5,151.53,149.07001,150.25,148.94203,30652200
2017-05-01,151.74001,152.57001,151.42,152.46001,151.13284,25218300
2017-05-02,153.34,153.44,151.66,152.78,151.45004,21870400
2017-05-03,153.60001,153.60001,151.34,151.8,150.47856,29782500
2017-05-04,150.17,151.52,148.72,150.85001,149.53685,36225500
2017-05-05,151.45,151.63,149.78999,150.24001,148.93216,17148500
2017-05-08,150.71001,151.08,149.74001,151.06,149.745,15827500
2017-05-09,151.49001,152.59,150.21001,150.48,149.17004,17453900
2017-05-10,150.23,150.52,148.86,150.28999,148.9817,12080700
2017-05-11,150.31,150.64999,149.41,150.03999,148.73387,11841900
2017-05-12,150.39999,150.46001,149.63,150.33,149.02135,9598200
2017-05-15,150.17,151.48,149.77,150.19,148.88257,15064700
2017-05-16,150.11,150.21001,149.03,149.78,148.47614,14550800
2017-05-17,148,148.67,144.42,144.85001,143.58908,28300100
2017-05-18,144.72,148.14999,144.50999,147.66,146.37459,23031600
2017-05-19,148.45,149.39,147.96001,148.06,146.77112,16187900
2017-05-22,148.08,148.59,147.69,148.24001,146.94955,12586700
2017-05-23,148.52,148.81,147.25,148.07001,146.78105,12817800
2017-05-24,148.50999,150.23,148.42,150.03999,148.73387,17862400
2017-05-25,150.3,152.59,149.95,151.96001,150.63719,19891400
2017-05-26,152.23,152.25,151.14999,152.13,150.80568,14996200
2017-05-30,151.97,152.89999,151.64,152.38,151.05353,13226000
2017-05-31,152.7,153.35001,151.09,151.46001,150.14151,18023900
2017-06-01,151.75,152.28999,150.3,151.53,150.21092,14530600
2017-06-02,151.85001,153.63,151.3,153.61,152.2728,16854400
2017-06-05,153.64,154.71001,153.41,153.63,152.29262,12520400
2017-06-06,153.41,154.52,152.48,152.81,151.47977,13457100
2017-06-07,153.27,153.75,152.34,153.12,151.78708,12066700
2017-06-08,154.08,154.73,153.10001,154.71001,153.36325,17799400
2017-06-09,154.77,155.59,146.61,149.60001,148.29773,35577700
2017-06-12,148.17,149.2,144.56,148.44,147.1478,33170200
2017-06-13,150.14999,151.17999,148.89999,150.67999,149.36832,20483400
2017-06-14,151.25999,152.39999,149.05,150.25,148.94203,20808800
2017-06-15,147.67,150.03999,146.37,149.8,148.49597,18994200
2017-06-16,149.59,150.83,148.60001,150.64,149.32864,22882400
2017-06-19,151.71001,153.57001,151.71001,152.87,151.53926,19026500
2017-06-20,152.88,153.84,152.21001,152.25,150.92464,14743900
2017-06-21,152.36,154.08,151.88,153.91,152.57021,15039800
2017-06-22,153.00999,154.55,152.91,153.39999,152.06462,13005500
2017-06-23,152.72,155.2,152.64999,155.07001,153.72012,18027000
2017-06-26,156.25,156.5,153.2,153.59,152.25296,18049700
2017-06-27,152.84,153.31,150.39,150.58,149.2692,19360800
2017-06-28,150.92,153.47,149.86,153.24001,151.90607,16719100
2017-06-29,152.28,152.5,148.92,151.03999,149.72517,23973500
2017-06-30,151.89999,151.92,150.06,150.98,149.6657,17666000
2017-07-03,151.72,152.14999,147.8,148.42999,147.13791,13862700
2017-07-05,149,150.85001,148.13,150.34,149.03127,14334300
2017-07-06,149.03,150.03999,148,148.82001,147.52451,14951800
2017-07-07,149.25,151.99001,149.19,151.44,150.12169,13615900
2017-07-10,151.69,153.98,151.50999,153.5,152.16377,13378700
2017-07-11,153.37,155.42,152.91,155.27,153.91837,13667700
2017-07-12,156.49001,159.16,156.2,158.89999,157.51677,22739400
2017-07-13,158.74001,159.78,158.42,159.25999,157.8736,13929200
2017-07-14,160.13,160.32001,159.33,159.97,158.57742,16371200
2017-07-17,160.25,160.78,158.81,159.73,158.33952,12858800
2017-07-18,159.66,163.73,159.42,162.86,161.44231,23722900
2017-07-19,163.59,165.7,163.17,164.14,162.71115,26273600
2017-07-20,164.8,165,162.81,164.53,163.09773,18523100
2017-07-21,164.16,165.05,163.75,164.42999,162.99863,14744000
2017-07-24,164.64,166.17,164.31,166,164.55495,17367000
2017-07-25,165.00999,165.53999,163.86,165.28,163.8412,15383200
2017-07-26,166.00999,166.00999,164.10001,165.61,164.16835,35236900
2017-07-27,174.7,175.49001,167.5,170.44,168.95631,68910700
2017-07-28,169.07001,173.42999,169.05,172.45,170.94881,24557600
2017-07-31,172,172.72,168.55,169.25,167.77667,25478900
2017-08-01,169.82001,170.47,169.05,169.86,168.38132,14385000
2017-08-02,170.3,170.55,166.91,169.3,167.82623,17433800
2017-08-03,169.3,169.7,168.25,168.59,167.12239,10793800
2017-08-04,168.97,170.06,168.69,169.62,168.14343,10777700
2017-08-07,169.95,172.06,169.66,171.98,170.48289,12787800
2017-08-08,171.88,173.05,170.62,171.23,169.73944,14393500
2017-08-09,169.98,171.45,169.56,171.17999,169.68987,10815000
2017-08-10,170.06,170.59,166.85001,167.39999,165.94276,20832700
2017-08-11,167.95,168.82001,166.85001,168.08,166.61684,13791200
2017-08-14,170.09,171.08,169.28999,170.75,169.26363,12954200
2017-08-15,171.49001,171.5,170.00999,171,169.51141,8729200
2017-08-16,171.25,171.38,169.24001,170,168.52014,15779900
2017-08-17,169.34,169.86,166.85001,166.91,165.457,17216000
2017-08-18,166.84,168.67,166.21001,167.41,165.95267,15093600
2017-08-21,167.16,168,165.82001,167.78,166.31947,11907500
2017-08-22,168.28,169.87,167.14999,169.64,168.16327,11391000
2017-08-23,168.84,169.36,168.2,168.71001,167.24136,9856500
2017-08-24,168.88,169.28999,166.41,167.74001,166.27982,14030400
2017-08-25,167.86,168.38,166.17999,166.32001,164.87215,12614500
2017-08-28,166.91,167.7,166.33,167.24001,165.78416,8553700
2017-08-29,165.25,168.42999,165,168.05,166.58711,11121000
2017-08-30,168.17,170.17999,167.63,169.92,168.44083,11138300
2017-08-31,170.39999,172.14999,170.06,171.97,170.47299,17226500
2017-09-01,172.39999,172.92,171.31,172.02,170.52255,11677600
2017-09-05,171.27,172.39,169.55,170.72,169.23386,13210900
2017-09-06,170.91,172.48,169.57001,172.09,170.59193,13906300
2017-09-07,171.94,173.31,170.27,173.21001,171.70218,18049500
2017-09-08,173.09,173.49001,170.8,170.95,169.46188,10998500
2017-09-11,172.39999,173.89,172.2,173.50999,171.99957,12372000
2017-09-12,173.75999,174,171.75,172.96001,171.45436,11186300
2017-09-13,173.00999,173.17,172.06,173.05,171.54359,9119300
2017-09-14,172.25999,172.28,170.5,170.96001,169.47177,15615700
2017-09-15,170.88,172.34,170.25999,171.64,170.14586,15660500
2017-09-18,171.99001,172.07001,169.34,170.00999,168.53004,12954000
2017-09-19,170.62,172.56,170.36,172.52,171.0182,13168600
2017-09-20,172.5,173.05,170.7,172.17,170.67123,12264100
2017-09-21,171.69,172.27,170.00999,171.11,169.62047,11161400
2017-09-22,170.21001,171.73,169.22,170.53999,169.0554,12097100
2017-09-25,169.24001,169.3,161.56,162.87,161.45219,41251600
2017-09-26,164.5,165.5,162.78,164.21001,162.78055,23363300
2017-09-27,165.89999,168.34,165.57001,167.67999,166.22029,19242500
2017-09-28,167.94,169.07001,167.16,168.73,167.26117,12178700
2017-09-29,168.83,171.66,168.81,170.87,169.38255,15340400
2017-10-02,171.39,171.87,168.75,169.47,167.99472,13392300
2017-10-03,169.3,170.73,169.2,169.96001,168.4805,8190300
2017-10-04,169.83,170.67,168.28999,168.42,166.95386,12127900
2017-10-05,169.17999,171.31,168.60001,171.24001,169.74933,14580600
2017-10-06,170.25,172.37,169.75,172.23,170.73074,13124500
2017-10-09,172.7,174.88,172,172.5,170.99837,14570400
2017-10-10,173,173.2,170.8,171.59,170.09628,11341100
2017-10-11,171.95,172.78,171.39999,172.74001,171.2363,11283700
2017-10-12,172.61,173.85001,172.28999,172.55,171.04796,10351000
2017-10-13,173.45,174.64999,173.2,173.74001,172.2276,13658300
2017-10-16,174.49001,175,174.06,174.52,173.00079,11498800
2017-10-17,174.71001,176.13,174.36,176.11,174.57697,15990100
2017-10-18,176.64999,176.74001,175.75,176.03,174.49763,12752400
2017-10-19,174.92999,176.03,172.63,174.56,173.04045,14048400
2017-10-20,175.5,175.88,174.63,174.98,173.45679,12602200
2017-10-23,175.2,175.34,171.25,171.27,169.77907,13852700
2017-10-24,172.3,173.24001,171.5,171.8,170.30446,12267900
2017-10-25,171.89999,172.25,168.89,170.60001,169.11491,15868200
2017-10-26,171.38,172.28999,170.39,170.63,169.14465,11833100
2017-10-27,174.14999,178.21001,173.89999,177.88,176.33154,30285300
2017-10-30,179.25999,180.69,177.61,179.87,178.3042,24353200
2017-10-31,180.57001,180.8,178.94,180.06,178.49255,20174200
2017-11-01,182.36,182.89999,180.57001,182.66,181.06993,40918300
2017-11-02,180.63,181.94,177.34,178.92,177.36247,35529900
2017-11-03,179.28999,179.86,176.71001,178.92,177.36247,17822100
2017-11-06,178.56,180.45,178.31,180.17,178.60159,13312700
2017-11-07,180.5,180.75,178.96001,180.25,178.68091,12928200
2017-11-08,179.78999,180.35001,179.11,179.56,177.99692,10494100
2017-11-09,178.31,179.39999,177.09,179.3,177.73915,12610300
2017-11-10,178.35001,179.10001,177.96001,178.46001,176.90649,11070200
2017-11-13,177.5,179.03999,177.3,178.77,177.21379,9523400
2017-11-14,178.13,178.97,177.17999,178.07001,176.51991,9585900
2017-11-15,176.66,178.57001,176.39999,177.95,176.40091,10253700
2017-11-16,178.75999,179.83,178.5,179.59,178.02664,15607600
2017-11-17,179.3,179.98,178.89999,179,177.44179,13018000
2017-11-20,178.87,179.5,178.10001,178.74001,177.18405,10052400
2017-11-21,179.14999,181.89,178.99001,181.86,180.2769,14504000
2017-11-22,181.3,181.73,180.44,180.87,179.29552,10376300
2017-11-24,180.39999,183.14999,180.28999,182.78,181.18889,9426300
2017-11-27,182.56,183.73,181.99001,183.03,181.43672,12344500
2017-11-28,183.50999,184.25,182.09,182.42,180.83202,14379700
2017-11-29,181.89,181.97,174,175.13,173.60548,41933500
2017-11-30,176.85001,178.28,175.2,177.17999,175.6376,25307600
2017-12-01,176.03,177.48,172.34,175.10001,173.57573,20182500
2017-12-04,176.28999,176.57001,170.78999,171.47,169.97736,24459400
2017-12-05,170.45,175.38,169.00999,172.83,171.32549,20184900
2017-12-06,172.5,176.77,171.89999,176.06,174.52739,20255800
2017-12-07,175.8,180.39,175.8,180.14,178.57185,20404500
2017-12-08,181.53,182.28,178.74001,179,177.44179,19883800
2017-12-11,179.3,180.22,178.8,179.03999,177.48141,13168600
2017-12-12,178.60001,179.17999,176.60001,176.96001,175.41956,16854100
2017-12-13,177.3,179.16,177.25,178.3,176.74788,14615700
2017-12-14,178.28999,180.36,177.67999,178.39,176.8371,13591000
2017-12-15,179.02,180.49001,178.36,180.17999,178.61151,28463100
2017-12-18,181.00999,181.3,179.75,180.82001,179.24597,17265400
2017-12-19,179.95,180.08,178.22,179.50999,177.94734,14920600
2017-12-20,179.81,179.81,177.36,177.89,176.34143,11860500
2017-12-21,177.94,178.67999,177.05,177.45,175.90526,11600700
2017-12-22,177.14,177.53,176.23,177.2,175.65744,8509500
2017-12-26,176.63,177,174.67,175.99001,174.45801,8897300
2017-12-27,176.55,178.44,176.25999,177.62,176.07381,9496100
2017-12-28,177.95,178.94,177.67999,177.92,176.37122,12220800
2017-12-29,178,178.85001,176.46001,176.46001,174.9239,10261500
2018-01-02,177.67999,181.58,177.55,181.42,179.84073,18151900
2018-01-03,181.88,184.78,181.33,184.67,183.06244,16886600
2018-01-04,184.89999,186.21001,184.10001,184.33,182.72539,13880900
2018-01-05,185.59,186.89999,184.92999,186.85001,185.22346,13574500
2018-01-08,187.2,188.89999,186.33,188.28,186.64101,17994700
2018-01-09,188.7,188.8,187.10001,187.87,186.23457,12393100
2018-01-10,186.94,187.89,185.63,187.84,186.20482,10529900
2018-01-11,188.39999,188.39999,187.38,187.77,186.13544,9588600
2018-01-12,178.06,181.48,177.39999,179.37,177.80858,77551300
2018-01-16,181.5,181.75,178.03999,178.39,176.8371,36183800
2018-01-17,179.25999,179.32001,175.8,177.60001,176.05399,27992400
2018-01-18,178.13,180.98,177.08,179.8,178.23482,23304900
2018-01-19,180.85001,182.37,180.17,181.28999,179.71184,26826500
2018-01-22,180.8,185.39,180.41,185.37,183.75632,21059500
2018-01-23,186.05,189.55,185.55,189.35001,187.70171,25678800
2018-01-24,189.89,190.66,186.52,186.55,184.92607,24334500
2018-01-25,187.95,188.62,186.60001,187.48,185.84796,17377700
2018-01-26,187.75,190,186.81,190,188.34601,17759200
2018-01-29,188.75,188.84,185.63,185.98,184.36102,20453200
2018-01-30,187.62,188.17999,181.84,187.12,185.49106,20858600
2018-01-31,188.37,189.83,185.22,186.89,185.26309,43275100
2018-02-01,188.22,195.32001,187.89,193.09,191.40912,54211300
2018-02-02,192.03999,194.21001,189.98,190.28,188.62361,26677500
2018-02-05,186.92999,190.61,180.61,181.25999,179.6821,33128200
2018-02-06,178.57001,185.77,177.74001,185.31,183.69682,37758500
2018-02-07,184.14999,185.08,179.95,180.17999,178.61151,27601900
2018-02-08,181.00999,181.84,171.48,171.58,170.08636,38478300
2018-02-09,174.75999,176.89999,167.17999,176.11,174.57697,39887600
2018-02-12,177.06,177.55,171.84,176.41,174.87434,32092100
2018-02-13,175.62,175.97,173.10001,173.14999,171.64268,21809400
2018-02-14,173.45,179.81,173.21001,179.52,177.95726,28929700
2018-02-15,180.5,180.5,176.84,179.96001,178.39345,20922100
2018-02-16,178.99001,179.88,176.3,177.36,175.81604,20645300
2018-02-20,175.77,177.95,175.11,176.00999,174.47783,21204900
2018-02-21,176.71001,181.27,176.39999,177.91,176.36127,23200800
2018-02-22,178.7,180.21001,177.41,178.99001,177.43185,18464200
2018-02-23,179.89999,183.39,179.50999,183.28999,181.69444,19007300
2018-02-26,184.58,185.66,183.22,184.92999,183.32014,17599700
2018-02-27,184.45,184.7,181.46001,181.46001,179.88037,15849800
2018-02-28,182.3,182.88,178.14,178.32001,176.76772,18783000
2018-03-01,179.00999,180.12,174.41,175.94,174.40843,23201600
2018-03-02,173.28999,177.11,172.99001,176.62,175.08252,20025900
2018-03-05,176.2,181.14999,175.89,180.39999,178.82959,16189300
2018-03-06,181.78,182.38,179.11,179.78,178.21498,15086800
2018-03-07,178.74001,183.82001,178.07001,183.71001,182.11079,19097300
2018-03-08,183.56,184.39999,181.45,182.34,180.75269,17225900
2018-03-09,183.91,185.50999,183.21001,185.23,183.61754,18526300
2018-03-12,185.23,186.10001,184.22,184.75999,183.15163,15301200
2018-03-13,185.61,185.99001,181.11,181.88,180.29671,18067500
2018-03-14,182.60001,184.25,181.85001,184.19,182.58662,16821700
2018-03-15,183.24001,184,182.19,183.86,182.25948,15614300
2018-03-16,184.49001,185.33,183.41,185.09,183.47876,24403400
2018-03-19,177.00999,177.17,170.06,172.56,171.05783,88140100
2018-03-20,167.47,170.2,161.95,168.14999,166.68622,129851800
2018-03-21,164.8,173.39999,163.3,169.39,167.91544,106598800
2018-03-22,166.13,170.27,163.72,164.89,163.45464,73743000
2018-03-23,165.44,166.60001,159.02,159.39,158.00249,53609700
2018-03-26,160.82001,161.10001,149.02,160.06,158.66667,126116600
2018-03-27,156.31,162.85001,150.75,152.22,150.89491,79117000
2018-03-28,151.64999,155.88,150.8,153.03,151.69788,60029200
2018-03-29,155.14999,161.42,154.14,159.78999,158.39902,59434300
2018-04-02,157.81,159.2,154.11,155.39,154.03731,36796000
2018-04-03,156.55,157.39,150.81,156.11,154.75104,42543900
2018-04-04,152.03,155.56,150.50999,155.10001,153.74985,49885600
2018-04-05,161.56,161.57001,156.64999,159.34,157.95291,41449600
2018-04-06,157.73,161.42,156.81,157.2,155.83154,41644800
2018-04-09,157.82001,160.53,156.03999,157.92999,156.55519,34915200
2018-04-10,157.92999,165.98,157.00999,165.03999,163.60329,57889300
2018-04-11,165.36,168.64999,163.25,166.32001,164.87215,56144600
2018-04-12,166.98,167.45,163.10001,163.87,162.44348,38263000
2018-04-13,164.58,165.7,163.77,164.52,163.08784,19990600
2018-04-16,165.72,165.78,163.39,164.83,163.39513,18119400
2018-04-17,165.83,169,165.66,168.66,167.1918,22743000
2018-04-18,166.88,168.12,165.77,166.36,164.9118,20969600
2018-04-19,166.2,168.33,165.2,168.10001,166.63667,22235000
2018-04-20,167.78999,168.42999,165.81,166.28,164.8325,19119400
2018-04-23,167.27,168.45,165.09,165.84,164.39636,23088100
2018-04-24,165.42999,166.10001,158.19,159.69,158.2999,35079900
2018-04-25,160.14,161.06,156.19,159.69,158.2999,41083600
2018-04-26,173.22,176.27,170.8,174.16,172.64394,77556900
2018-04-27,176.81,177.10001,172.60001,173.59,172.07886,29804700
2018-04-30,173.78999,175.72,171.71001,172,170.50273,20750500
2018-05-01,172,174.02,170.23,173.86,172.34653,26025900
2018-05-02,174.25,178.08,174.2,176.07001,174.53729,30424500
2018-05-03,175.13,176.12,172.12,174.02,172.50514,24026100
2018-05-04,173.08,176.98,173.06,176.61,175.07259,17677800
2018-05-07,177.35001,179.5,177.17,177.97,176.42075,18697200
2018-05-08,178.25,179.03999,177.11,178.92,177.36247,15577200
2018-05-09,179.67,183.00999,178.78,182.66,181.06993,23282800
2018-05-10,183.14999,186.13,182.5,185.53,183.91495,21071400
2018-05-11,184.85001,188.32001,184.17999,186.99001,185.36221,21207800
2018-05-14,187.71001,187.86,186.2,186.64,185.01527,15646700
2018-05-15,184.88,185.28999,183.2,184.32001,182.71547,15429400
2018-05-16,183.7,184.32001,182.66,183.2,181.60521,16975500
2018-05-17,182.67999,184.06,182.22,183.75999,182.16035,14840700
2018-05-18,183.49001,184.19,182.61,182.67999,181.08972,13130500
2018-05-21,183.77,185.3,183.13,184.49001,182.884,13532900
2018-05-22,184.92999,185.42,183.42999,183.8,182.2,12731400
2018-05-23,182.5,186.91,182.17999,186.89999,185.27299,16628100
2018-05-24,185.88,186.8,185.03,185.92999,184.31145,12354700
2018-05-25,186.02,186.33,184.45,184.92,183.31024,10965100
2018-05-29,184.34,186.81,183.71001,185.74001,184.12311,16398900
2018-05-30,186.53999,188,185.25,187.67,186.0363,13736900
2018-05-31,187.87,192.72,187.48,191.78,190.11052,30782600
2018-06-01,193.07001,194.55,192.07001,193.99001,192.30128,17307200
2018-06-04,191.84,193.98,191.47,193.28,191.59749,18939800
2018-06-05,194.3,195,192.62,192.94,191.26042,15544300
2018-06-06,191.03,192.53,189.11,191.34,189.67435,22558900
2018-06-07,190.75,190.97,186.77,188.17999,186.54185,21503200
2018-06-08,187.53,189.48,186.42999,189.10001,187.45386,12677100
2018-06-11,188.81,192.60001,188.8,191.53999,189.87262,12928900
2018-06-12,192.17,193.28,191.56,192.39999,190.72513,11562700
2018-06-13,192.74001,194.5,191.91,192.41,190.73506,15853800
2018-06-14,193.10001,197.28,192.91,196.81,195.09673,19120900
2018-06-15,195.78999,197.07001,194.64,195.85001,194.14511,21860900
2018-06-18,194.8,199.58,194.13,198.31,196.58368,16826000
2018-06-19,196.24001,197.96001,193.78999,197.49001,195.77083,19994000
2018-06-20,199.10001,203.55,198.81,202,200.24159,28230900
2018-06-21,202.75999,203.39,200.09,201.5,199.74593,19045700
2018-06-22,201.16,202.24001,199.31,201.74001,199.98383,17420200
2018-06-25,200,200,193.11,196.35001,194.64075,25275100
2018-06-26,197.60001,199.10001,196.23,199,197.26767,17897600
2018-06-27,199.17999,200.75,195.8,195.84,194.13521,18734400
2018-06-28,195.17999,197.34,193.25999,196.23,194.52179,18172400
2018-06-29,197.32001,197.60001,193.96001,194.32001,192.62842,15811600
2018-07-02,193.37,197.45,192.22,197.36,195.64195,13961600
2018-07-03,194.55,195.39999,192.52,192.73,191.05226,13489500
2018-07-05,194.74001,198.64999,194.03,198.45,196.72246,19684200
2018-07-06,198.45,203.64,197.7,203.23,201.46083,19740100
2018-07-09,204.92999,205.8,202.12,204.74001,202.95773,18149400
2018-07-10,204.5,204.91,202.25999,203.53999,201.76816,13190100
2018-07-11,202.22,204.5,201.75,202.53999,200.77686,12927400
2018-07-12,203.42999,207.08,203.19,206.92,205.11871,15454700
2018-07-13,207.81,208.42999,206.45,207.32001,205.51526,11486800
2018-07-16,207.5,208.72,206.84,207.23,205.42606,11078200
2018-07-17,204.89999,210.46001,204.84,209.99001,208.162,15349900
2018-07-18,209.82001,210.99001,208.44,209.36,207.53752,15334900
2018-07-19,208.77,209.99001,207.75999,208.09,206.27856,11350400
2018-07-20,208.85001,211.5,208.5,209.94,208.11246,16163900
2018-07-23,210.58,211.62,208.8,210.91,209.07402,16732000
2018-07-24,215.11,216.2,212.60001,214.67,212.80128,28468700
2018-07-25,215.72,218.62,214.27,217.5,215.60666,58954200
2018-07-26,174.89,180.13,173.75,176.25999,174.72563,169803700
2018-07-27,179.87,179.92999,173,174.89,173.36754,60073700
2018-07-30,175.3,175.3,166.56,171.06,169.57089,65280800
2018-07-31,170.67,174.24001,170,172.58,171.07765,40356500
2018-08-01,173.92999,175.08,170.89999,171.64999,170.15573,34042100
2018-08-02,170.67999,176.78999,170.27,176.37,174.83469,32400000
2018-08-03,177.69,178.85001,176.14999,177.78,176.23242,24763400
2018-08-06,178.97,185.78999,178.38,185.69,184.07353,49716200
2018-08-07,186.5,188.3,183.72,183.81,182.20992,33398600
2018-08-08,184.75,186.85001,183.75999,185.17999,183.56798,22205200
2018-08-09,185.85001,186.57001,182.48,183.09,181.49619,19732100
2018-08-10,182.03999,182.10001,179.42,180.25999,178.6908,21500400
2018-08-13,180.10001,182.61,178.89999,180.05,178.48268,17423300
2018-08-14,180.71001,181.99001,178.62,181.11,179.5334,19102000
2018-08-15,179.34,180.87,174.78,179.53,177.96718,33020200
2018-08-16,180.42,180.5,174.00999,174.7,173.17923,31351800
2018-08-17,174.5,176.22,172.03999,173.8,172.28703,24893200
2018-08-20,174.03999,174.57001,170.91,172.5,170.99837,21518000
2018-08-21,172.81,174.17,171.39,172.62,171.11732,19578500
2018-08-22,172.21001,174.24001,172.13,173.64,172.12848,16894100
2018-08-23,173.09,175.55,172.83,172.89999,171.39488,18053600
2018-08-24,173.7,174.82001,172.92,174.64999,173.12965,14631600
2018-08-27,175.99001,178.67,175.78999,177.46001,175.91519,17921900
2018-08-28,178.10001,178.24001,175.83,176.25999,174.72563,15910700
2018-08-29,176.3,176.78999,174.75,175.89999,174.36876,18494100
2018-08-30,175.89999,179.78999,175.7,177.64,176.09363,24216500
2018-08-31,177.14999,177.62,174.98,175.73,174.20026,18065200
2018-09-04,173.5,173.89,168.8,171.16,169.67003,29809000
2018-09-05,169.49001,171.13,166.67,167.17999,165.72467,31226700
2018-09-06,166.98,166.98,160,162.53,161.11516,41514800
2018-09-07,160.31,164.63,160.16,163.03999,161.6207,24300600
2018-09-10,163.50999,165.00999,162.16,164.17999,162.75081,20197700
2018-09-11,163.94,167.19,163.72,165.94,164.4955,20457100
2018-09-12,163.25,164.49001,161.8,162,160.58978,24078100
2018-09-13,162,163.32001,160.86,161.36,159.95534,25453800
2018-09-14,161.72,162.84,160.34,162.32001,160.907,21770400
2018-09-17,161.92,162.06,159.77,160.58,159.18214,21005300
2018-09-18,159.39,161.75999,158.87,160.3,158.90457,22465200
2018-09-19,160.08,163.44,159.48,163.06,161.6405,19629000
2018-09-20,164.5,166.45,164.47,166.02,164.57478,18936000
2018-09-21,166.64,167.25,162.81,162.92999,161.51167,45994800
2018-09-24,161.03,165.7,160.88,165.41,163.97006,19222800
2018-09-25,161.99001,165.59,161.14999,164.91,163.47446,27622800
2018-09-26,164.3,169.3,164.21001,166.95,165.49669,25252200
2018-09-27,167.55,171.77,167.21001,168.84,167.37021,27266900
2018-09-28,168.33,168.78999,162.56,164.46001,163.02837,34265600
2018-10-01,163.03,165.88,161.25999,162.44,161.02596,26407700
2018-10-02,161.58,162.28,158.67,159.33,157.94302,36031000
2018-10-03,160,163.66,159.53,162.42999,161.01602,23109500
2018-10-04,161.46001,161.46001,157.35001,158.85001,157.46721,25739600
2018-10-05,159.21001,160.89999,156.2,157.33,155.9604,25744000
2018-10-08,155.53999,158.34,154.39,157.25,155.8811,24046000
2018-10-09,157.69,160.59,157.42,157.89999,156.52545,18844400
2018-10-10,156.82001,157.69,151.31,151.38,150.06221,30610000
2018-10-11,150.13,154.81,149.16,153.35001,152.01508,35338900
2018-10-12,156.73,156.89,151.3,153.74001,152.40169,25293500
2018-10-15,153.32001,155.57001,152.55,153.52,152.18358,15433500
2018-10-16,155.39999,159.46001,155.00999,158.78,157.3978,19180100
2018-10-17,159.56,160.49001,157.95,159.42,158.03224,17592000
2018-10-18,158.50999,158.66,153.28,154.92,153.5714,21675100
2018-10-19,155.86,157.35001,153.55,154.05,152.70898,19761300
2018-10-22,154.75999,157.34,154.46001,154.78,153.43263,15424700
2018-10-23,151.22,154.77,150.85001,154.39,153.04605,19095000
2018-10-24,154.28,154.64999,145.60001,146.03999,144.76871,27744600
2018-10-25,147.73,152.21001,147,150.95,149.63597,22105700
2018-10-26,145.82001,149,143.8,145.37,144.10452,31303300
2018-10-29,148.5,148.83,139.03,142.09,140.85306,31336800
2018-10-30,139.94,146.64,139.74001,146.22,144.94713,50528300
2018-10-31,155,156.39999,148.96001,151.78999,150.46866,60101300
2018-11-01,151.52,152.75,149.35001,151.75,150.42899,25640800
2018-11-02,151.8,154.13,148.96001,150.35001,149.0412,24708700
2018-11-05,150.10001,150.19,147.44,148.67999,147.38574,15971200
2018-11-06,149.31,150.97,148,149.94,148.63478,16667100
2018-11-07,151.57001,153.00999,149.83,151.53,150.21092,21877400
2018-11-08,150.49001,150.94,146.74001,147.87,146.58276,24145800
2018-11-09,146.75,147.75999,144.07001,144.96001,143.69812,17326900
2018-11-12,144.48,145.03999,140.49001,141.55,140.31778,18542100
2018-11-13,142,144.88,141.62,142.16,140.92245,15141700
2018-11-14,143.7,145.58,141.55,144.22,142.96452,22068400
2018-11-15,142.33,144.84,140.83,143.85001,142.59779,30320300
2018-11-16,141.07001,141.77,137.77,139.53,138.31534,37250600
2018-11-19,137.61,137.75,131.21001,131.55,130.40483,44362700
2018-11-20,127.03,134.16,126.85,132.42999,131.27719,41939500
2018-11-21,134.39999,137.19,134.13,134.82001,133.64638,25469700
2018-11-23,133.64999,134.5,131.25999,131.73,130.58325,11886100
2018-11-26,133,137,132.78,136.38,135.19278,24263600
2018-11-27,135.75,136.61,133.71001,135,133.82483,20750300
2018-11-28,136.28,136.78999,131.85001,136.75999,135.56949,29847500
2018-11-29,135.92,139.99001,135.66,138.67999,137.47276,24238700
2018-11-30,138.25999,140.97,137.36,140.61,139.386,25732600
2018-12-03,143,143.67999,140.75999,141.09,139.86179,24819200
2018-12-04,140.73,143.39,137.16,137.92999,136.72928,30307400
2018-12-06,133.82001,139.7,133.67,139.63,138.41452,28218100
2018-12-07,139.25,140.87,136.66,137.42,136.22372,21195500
2018-12-10,139.60001,143.05,139.00999,141.85001,140.61516,26422200
2018-12-11,143.88,143.88,141.10001,142.08,140.84319,20300300
2018-12-12,143.08,147.19,142.50999,144.5,143.2421,23696900
2018-12-13,145.57001,145.85001,143.19,145.00999,143.74768,18148600
2018-12-14,143.34,146.00999,142.50999,144.06,142.80594,21785800
2018-12-17,143.08,144.92,138.42,140.19,138.96962,24334000
2018-12-18,141.08,145.92999,139.83,143.66,142.40941,24709100
2018-12-19,141.21001,144.91,132.5,133.24001,132.08014,57404900
2018-12-20,130.7,135.57001,130,133.39999,132.23872,40297900
2018-12-21,133.39,134.89999,123.42,124.95,123.86229,56901500
2018-12-24,123.1,129.74001,123.02,124.06,122.98004,22066000
2018-12-26,126,134.24001,125.89,134.17999,133.01195,39723400
2018-12-27,132.44,134.99001,129.67,134.52,133.349,31202500
2018-12-28,135.34,135.92,132.2,133.2,132.04048,22627600
2018-12-31,134.45,134.64,129.95,131.09,129.94887,24625300
2019-01-02,128.99001,137.50999,128.56,135.67999,134.49889,28146200
2019-01-03,134.69,137.17,131.12,131.74001,130.59317,22717900
2019-01-04,134.00999,138,133.75,137.95,136.74911,29002100
2019-01-07,137.56,138.87,135.91,138.05,136.84827,20089300
2019-01-08,139.89,143.14,139.53999,142.53,141.28925,26263800
2019-01-09,142.95,144.7,141.27,144.23,142.97446,22205900
2019-01-10,143.08,144.56,140.84,144.2,142.94472,16125000
2019-01-11,143.14999,145.36,142.57001,143.8,142.54822,12908000
2019-01-14,142,146.57001,141.27,145.39,144.12434,20520300
2019-01-15,146.00999,150.67999,145.99001,148.95,147.65338,24069000
2019-01-16,149,149.64999,147,147.53999,146.25565,18025700
2019-01-17,146.95,149,146.5,148.3,147.00902,15787900
2019-01-18,149.75,152.42999,148.55,150.03999,148.73387,31029600
2019-01-22,149.2,151.53,146.37,147.57001,146.28542,22378700
2019-01-23,148.28,148.8,143.06,144.3,143.04387,20098400
2019-01-24,144.64,146.44,142.52,145.83,144.56053,20955500
2019-01-25,147.48,149.83,146.53999,149.00999,147.71284,22237200
2019-01-28,148.05,148.96001,146.21001,147.47,146.18626,15508500
2019-01-29,148.09,148.10001,143.42999,144.19,142.93481,17632100
2019-01-30,146.22,150.95,145.7,150.42,149.11061,44613200
2019-01-31,165.60001,171.67999,165,166.69,165.23895,77233600
2019-02-01,165.84,169.10001,165.66,165.71001,164.26747,30806500
2019-02-04,165.7,169.3,163.62,169.25,167.77667,20036000
2019-02-05,169.14999,171.98,168.69,171.16,169.67003,22557000
2019-02-06,171.2,172.47,169.27,170.49001,169.00586,13281200
2019-02-07,168.2,169.24001,165.25,166.38,164.93166,17517600
2019-02-08,164.47,167.37,164.21001,167.33,165.87338,12561400
2019-02-11,167.89999,168.3,165.08,165.78999,164.34677,12811200
2019-02-12,166.86,168.34,164.5,165.03999,163.60329,16292300
2019-02-13,165.38,166.22,163.73,164.07001,162.64177,14205100
2019-02-14,163.19,164.87,162.25,163.95,162.5228,12755200
2019-02-15,164.50999,164.7,160.86,162.5,161.08545,15504400
2019-02-19,160.5,164.14999,160.33,162.28999,160.87721,14345400
2019-02-20,162.25,163.72,161.25,162.56,161.14487,11770700
2019-02-21,161.92999,162.24001,159.59,160.03999,158.64682,15607800
2019-02-22,160.58,162.41,160.31,161.89,160.48073,15858500
2019-02-25,163.07001,166.07001,162.89999,164.62,163.18692,18737100
2019-02-26,164.34,166.24001,163.8,164.13,162.70125,13784100
2019-02-27,162.89999,163.92999,160.41,162.81,161.39272,12697500
2019-02-28,162.37,163.5,160.86,161.45,160.04456,11114200
2019-03-01,162.60001,163.13,161.69,162.28,160.86736,11097800
2019-03-04,163.89999,167.5,163.83,167.37,165.91301,18894700
2019-03-05,167.37,171.88,166.55,171.25999,169.76917,28187900
2019-03-06,172.89999,173.57001,171.27,172.50999,171.00827,21531700
2019-03-07,171.5,171.74001,167.61,169.13,167.65768,18306500
2019-03-08,166.2,169.62,165.97,169.60001,168.12361,13184800
2019-03-11,171.60001,174.3,171.58,172.07001,170.57213,18884000
2019-03-12,172.09,173.8,171.22,171.92,170.4234,12155300
2019-03-13,172.32001,174.03,172.12,173.37,171.86078,11973300
2019-03-14,169.75999,171.14999,168.16,170.17,168.68866,18037400
2019-03-15,167.16,167.58,162.50999,165.98,164.5351,37135400
2019-03-18,163.57001,163.89999,159.28,160.47,159.0731,37524200
2019-03-19,161.48,163.82001,160.82001,161.57001,160.16351,25611500
2019-03-20,161.5,166.12,161.24001,165.44,163.9998,20211500
2019-03-21,164.89,166.39,163.75,166.08,164.63426,16223000
2019-03-22,165.64999,167.42,164.09,164.34,162.90941,16389200
2019-03-25,163,166.53999,162,166.28999,164.84241,12631200
2019-03-26,167.35001,169.45,166.35001,167.67999,166.22029,15437900
2019-03-27,167.85001,168.94,164.78999,165.87,164.42609,10620300
2019-03-28,164.57001,166.72,163.33,165.55,164.10886,10443000
2019-03-29,166.39,167.19,164.81,166.69,165.23895,13455500
2019-04-01,167.83,168.89999,167.28,168.7,167.23143,10381500
2019-04-02,170.14,174.89999,169.55,174.2,172.68356,23946500
2019-04-03,174.5,177.96001,172.95,173.53999,172.02931,27391100
2019-04-04,176.02,178,175.53,176.02,174.48772,17847700
2019-04-05,176.88,177,175.10001,175.72,174.19032,9594100
2019-04-08,175.21001,175.5,174.23,174.92999,173.4072,7297400
2019-04-09,175.62,179.19,175.55,177.58,176.03415,19751000
2019-04-10,178.17999,178.78999,176.53999,177.82001,176.27206,11701500
2019-04-11,178.24001,178.39999,177,177.50999,175.96474,8071000
2019-04-12,178,179.63,177.95,179.10001,177.54092,12329800
2019-04-15,178.5,180.5,176.87,179.64999,178.08612,10834800
2019-04-16,179,180.17,178.3,178.87,177.31291,11215200
2019-04-17,179.60001,180.74001,178.36,178.78,177.22369,9973700
2019-04-18,178.8,178.88,177.34,178.28,176.72809,11655600
2019-04-22,178.25,181.67,178.25,181.44,179.86053,13389900
2019-04-23,182.74001,184.22,181.48,183.78,182.18015,19954800
2019-04-24,184.49001,185.14,181.64999,182.58,180.99063,37289900
2019-04-25,196.98,198.48,192.12,193.25999,191.57765,54148800
2019-04-26,192.5,192.89999,189.09,191.49001,189.82306,22075000
2019-04-29,190.95,195.41,190.64999,194.78,193.0844,19641300
2019-04-30,194.19,197.39,192.28,193.39999,191.71643,23494700
2019-05-01,194.78,196.17999,193.00999,193.03,191.34966,15996600
2019-05-02,193,194,189.75,192.53,190.85399,13209500
2019-05-03,194.38,196.16,193.71001,195.47,193.76842,14575400
2019-05-06,191.24001,194.28,190.55,193.88,192.19226,13994900
2019-05-07,192.53999,192.89999,187.85001,189.77,188.11806,16253000
2019-05-08,189.39,190.72,188.55,189.53999,187.89001,12505700
2019-05-09,187.2,189.77,186.25999,188.64999,187.00775,12967000
2019-05-10,188.25,190,184.59,188.34,186.70049,12578500
2019-05-13,183.5,185.42999,180.84,181.53999,179.95967,16833300
2019-05-14,182.52,183.49001,178.10001,180.73,179.15671,17628100
2019-05-15,180.42,187.28,180.02,186.27,184.6485,16746900
2019-05-16,185.05,188.58,185.05,186.99001,185.36221,12953100
2019-05-17,184.84,187.58,184.28,185.3,183.68695,10485400
2019-05-20,181.88,184.23,181.37,182.72,181.12939,10352000
2019-05-21,184.57001,185.7,183.89,184.82001,183.21112,7502800
2019-05-22,184.73,186.74001,183.61,185.32001,183.70679,9213800
2019-05-23,182.42,183.89999,179.67,180.87,179.29552,12768800
2019-05-24,182.33,183.63,180.83,181.06,179.48384,8807700
2019-05-28,181.53999,184.71001,181.45,184.31,182.70558,14843300
2019-05-29,183.5,184.56,181.35001,182.19,180.60402,12797700
2019-05-30,183.08,183.48,180.89,183.00999,181.41687,8581500
2019-05-31,180.28,180.53999,177.16,177.47,175.92513,15226500
2019-06-03,175,175.05,161.00999,164.14999,162.72107,56059600
2019-06-04,163.71001,168.28,160.84,167.5,166.04189,46044300
2019-06-05,167.48,168.72,164.63,168.17,166.70607,19758300
2019-06-06,168.3,169.7,167.23,168.33,166.86469,12446400
2019-06-07,170.17,173.87,168.84,173.35001,171.84094,16917300
2019-06-10,174.75,177.86,173.8,174.82001,173.29816,14767900
2019-06-11,178.48,179.98,176.78999,178.10001,176.54964,15266600
2019-06-12,178.38,179.27,172.88,175.03999,173.51625,17699800
2019-06-13,175.53,178.03,174.61,177.47,175.92513,12253600
2019-06-14,180.50999,181.84,180,181.33,179.75151,16773700
2019-06-17,185.00999,189.5,184.41,189.00999,187.36462,29459900
2019-06-18,194,194.53,187.28,188.47,186.82939,37571400
2019-06-19,187,188.10001,184.55,187.48,185.84796,21417100
2019-06-20,190.95,191.16,187.64,189.53,187.88011,14635700
2019-06-21,188.75,192,188.75,191.14,189.4761,22751200
2019-06-24,192.42,193.98,191.57001,192.60001,190.92339,15509000
2019-06-25,192.88,193.14,188.13,188.84,187.19614,16750300
2019-06-26,189.53999,190.75999,187.31,187.66,186.02641,12808600
2019-06-27,189.88,198.88,188.27,189.5,187.8504,11159000
2019-06-28,190.55,193.2,189.94,193,191.3199,16378900
2019-07-01,195.21001,195.28,191.92999,193,191.3199,14181800
2019-07-02,193,195,192.71001,195,193.30249,9050000
2019-07-03,194.16,197.39999,194.16,197.2,195.48335,10246100
2019-07-05,196.17999,197.07001,194.17,196.39999,194.69031,11164100
2019-07-08,195.19,196.67999,193.64,195.75999,194.05589,9723900
2019-07-09,194.97,199.46001,194.89,199.21001,197.47588,14698600
2019-07-10,200,202.96001,199.67,202.73,200.96521,20571700
2019-07-11,203.25999,203.8,200.21001,201.23,199.47826,13678500
2019-07-12,199.67999,205.3,199.16,204.87,203.08658,15366300
2019-07-15,204.25,205.33,201.82001,203.91,202.13493,16030300
2019-07-16,203.89,205.47,203.10001,203.84,202.06555,12132700
2019-07-17,204.17999,204.36,201.59,201.8,200.04332,12083700
2019-07-18,200.14999,202.47,199.38,200.78,199.0322,11937900
2019-07-19,202.17999,202.33,198.07001,198.36,196.63326,12098300
2019-07-22,199.91,202.57001,198.81,202.32001,200.55879,13589000
2019-07-23,202.84,204.24001,200.96001,202.36,200.59842,14583700
2019-07-24,197.63,204.81,197.22,204.66,202.8784,32532500
2019-07-25,206.7,208.66,198.25999,200.71001,198.96277,39889900
2019-07-26,200.19,202.88,196.25,199.75,198.01117,24434000
2019-07-29,199,199.63,195.3,195.94,194.23431,16530800
2019-07-30,195.39,198.71001,193.5,197.03999,195.32474,11903600
2019-07-31,196.95,198.75999,192.67999,194.23,192.53922,14593500
2019-08-01,194.17,198.47,190.88,192.73,191.05226,17777000
2019-08-02,191.10001,192.62,188.07001,189.02,187.37456,15297000
2019-08-05,184.69,185.67,179.34,181.73,180.14801,23086700
2019-08-06,183.69,185.78999,183.09,184.50999,182.90382,18035700
2019-08-07,183.60001,186.37,181.22,185.14999,183.53825,15833200
2019-08-08,186.62,190.34,184.05,190.16,188.50464,14828900
2019-08-09,190,190.98,187.12,187.85001,186.21477,11058800
2019-08-12,186.85001,187.59,184.46001,185.37,183.75632,10930900
2019-08-13,185.52,191.38,185.37,188.45,186.80954,13577000
2019-08-14,185.8,185.99001,179.31,179.71001,178.14563,18903700
2019-08-15,180.95,183.2,180.03,182.59,181.00053,12925900
2019-08-16,183.75,185.10001,182.36,183.7,182.10086,12654600
2019-08-19,186.00999,187.5,184.85001,186.17,184.54935,9691200
2019-08-20,185.45,186,182.39,183.81,182.20992,10083400
2019-08-21,185,185.89999,183.14,183.55,181.95216,8398200
2019-08-22,183.42999,184.11,179.91,182.03999,180.45532,10821400
2019-08-23,180.84,183.13,176.66,177.75,176.20267,17323400
2019-08-26,179.39999,180.5,178.24001,180.36,178.78995,8773600
2019-08-27,181.92999,184.03999,181.00999,181.3,179.72177,14399600
2019-08-28,180.53,181.95,178.92,181.75999,180.17775,9386100
2019-08-29,183.77,186.08,183.47,185.57001,183.95461,10128700
2019-08-30,186.78,186.8,183.46001,185.67,184.05371,10774500
2019-09-03,184,185.67,182.11,182.39,180.80223,9779400
2019-09-04,184.64999,187.75,183.89,187.14,185.51091,11308000
2019-09-05,188.53,191.36,187.94,190.89999,189.23817,13876700
2019-09-06,190.21001,190.21001,186.35001,187.49001,185.85788,15226800
2019-09-09,187.73,188.98,185.85001,188.75999,187.11681,14722400
2019-09-10,187.44,188.10001,184.55,186.17,184.54935,15455900
2019-09-11,186.46001,189.44,186.08,188.49001,186.84918,11761700
2019-09-12,189.86,190.92999,187.23,187.47,185.83806,11419800
2019-09-13,187.33,187.97,186.53999,187.19,185.56052,11441100
2019-09-16,186.92999,187.78999,185.77,186.22,184.59892,8444800
2019-09-17,186.66,188.32001,185.53999,188.08,186.44272,9671100
2019-09-18,188.09,189.08,186.00999,188.14,186.50223,9681900
2019-09-19,188.66,191.10001,188.14999,190.14,188.48482,10392700
2019-09-20,190.66,193.10001,188.12,189.92999,188.27663,19934200
2019-09-23,189.34,190.10001,185.21001,186.82001,185.1937,13327600
2019-09-24,187.98,188.03999,180.39,181.28,179.7019,18546600
2019-09-25,181.45,183.42,177.87,182.8,181.20871,18068300
2019-09-26,181.33,181.39999,177.67,180.11,178.54213,16083300
2019-09-27,180.49001,180.75999,175.66,177.10001,175.55832,14656200
2019-09-30,177.87,178.67,176.85001,178.08,176.52979,10740000
2019-10-01,179.14999,179.84,174.88,175.81,174.27956,17073000
2019-10-02,174.84,176.53,173.09,174.60001,173.08009,16151700
2019-10-03,175.57001,179.84,173.63,179.38,177.81847,16086300
2019-10-04,179.55,180.98,178.10001,180.45,178.87917,10430200
2019-10-07,180,181.17999,178.09,179.67999,178.11586,9178300
2019-10-08,178.25999,180.37,177.72,177.75,176.20267,9466900
2019-10-09,179.16,180.72,177.94,179.85001,178.28438,7556900
2019-10-10,180.32001,181.61,179.17,180.03,178.46283,8605000
2019-10-11,182.14999,186.49001,182.14,184.19,182.58662,14930500
2019-10-14,184.2,184.62,182.57001,183.28,181.68454,7006000
2019-10-15,183.8,190.38,183.66,188.89,187.24568,15039100
2019-10-16,188.32001,189.7,186.89999,189.55,187.89995,10516900
2019-10-17,190.3,190.84,188.77,190.39,188.73262,9603000
2019-10-18,190.23,191.49001,183.92,185.85001,184.23216,16874200
2019-10-21,187.03999,189.91,186.75,189.75999,188.10809,8122600
2019-10-22,190,190.64999,181.5,182.34,180.75269,19537600
2019-10-23,182.00999,186.38,182,186.14999,184.52956,12300400
2019-10-24,184.62,186.73,182.8,186.38,184.75754,11413500
2019-10-25,185.83,189,185.09,187.89,186.25439,8061200
2019-10-28,187.2,189.53,185.08,189.39999,187.75124,13657900
2019-10-29,191.69,192.53,188.47,189.31,187.66202,13574900
2019-10-30,189.56,190.45,185.98,188.25,186.61125,28734600
2019-10-31,196.7,198.09,188.25,191.64999,189.98166,42286500
2019-11-01,192.85001,194.11,189.91,193.62,191.93452,21711800
2019-11-04,194.55,197.37,193.81,194.72,193.02493,16371300
2019-11-05,195.37,195.75,193.60001,194.32001,192.62842,9942000
2019-11-06,194.03,194.37,191.35001,191.55,189.88252,10973000
2019-11-07,191.91,193.44,189.47,190.42,188.76234,13473000
2019-11-08,190,192.34,189.7,190.84,189.1787,10760800
2019-11-11,189.92999,190.08,188.53999,189.61,187.95943,8631200
2019-11-12,190,195.06,189.74001,194.47,192.7771,17615500
2019-11-13,194.7,195.7,192.74001,193.19,191.50824,10860700
2019-11-14,192.92999,194.03,191.45,193.14999,191.4686,9040500
2019-11-15,194.25999,195.3,193.38,195.10001,193.40164,11524300
2019-11-18,194.56,198.63,193.05,197.39999,195.68163,16167200
2019-11-19,197.39999,200,196.86,199.32001,197.58488,19056800
2019-11-20,198.58,199.59,195.42999,197.50999,195.79065,12355400
2019-11-21,197.42,199.09,196.86,197.92999,196.207,12131000
2019-11-22,198.38,199.3,197.62,198.82001,197.08923,9959800
2019-11-25,199.52,200.97,199.25,199.78999,198.0508,15272300
2019-11-26,200,200.14999,198.03999,198.97,197.23793,11735500
2019-11-27,199.89999,203.14,199.42,202,200.24159,12736600
2019-11-29,201.60001,203.8,201.21001,201.64,199.8847,7985200
2019-12-02,202.13,202.17999,198.05,199.7,197.96159,11503400
2019-12-03,197.60001,198.92999,195.08,198.82001,197.08923,11595300
2019-12-04,200,200.03,198.05,198.71001,196.98022,8456300
2019-12-05,199.86,201.28999,198.21001,199.36,197.62456,9740400
2019-12-06,200.5,201.57001,200.06,201.05,199.29982,12270600
2019-12-09,200.64999,203.14,200.21001,201.34,199.58733,11954800
2019-12-10,201.66,202.05,200.14999,200.87,199.1214,9475700
2019-12-11,200.28,202.63,200.28,202.25999,200.4993,8036800
2019-12-12,202.35001,203.66,194.10001,196.75,195.03728,23734800
2019-12-13,196.39999,196.8,193.17,194.11,192.42024,18798000
2019-12-16,195.27,199.12,194.81,197.92,196.19707,14911500
2019-12-17,198.84,199,196.13,198.39,196.66299,10175700
2019-12-18,200.09,204.3,200.09,202.5,200.7372,23274400
2019-12-19,202.78,206.3,202.50999,206.06,204.26624,16514600
2019-12-20,207.48,207.71001,203.42999,206.3,204.50412,27306900
2019-12-23,206.7,208.59,205.67999,206.17999,204.38518,13348900
2019-12-24,206.3,206.78999,205,205.12,203.33441,6046300
2019-12-26,205.57001,207.82001,205.31,207.78999,205.98116,9350700
2019-12-27,208.67,208.92999,206.59,208.10001,206.28847,10284200
2019-12-30,207.86,207.89999,203.89999,204.41,202.63057,10524300
2019-12-31,204,205.56,203.60001,205.25,203.46327,8953500
2020-01-02,206.75,209.78999,206.27,209.78,207.95383,12077100
2020-01-03,207.21001,210.39999,206.95,208.67,206.8535,11188400
2020-01-06,206.7,212.78,206.52,212.60001,210.7493,17058900
2020-01-07,212.82001,214.58,211.75,213.06,211.20531,14912400
2020-01-08,213,216.24001,212.61,215.22,213.34648,13475000
2020-01-09,217.53999,218.38,216.28,218.3,216.39966,12642800
2020-01-10,219.2,219.88,217.42,218.06,216.16174,12119400
2020-01-13,219.60001,221.97,219.21001,221.91,219.97826,14463400
2020-01-14,221.61,222.38,218.63,219.06,217.15308,13288900
2020-01-15,220.61,221.67999,220.14,221.14999,219.22487,10036500
2020-01-16,222.57001,222.63,220.39,221.77,219.83946,10015300
2020-01-17,222.03,222.28999,220.53,222.14,220.20622,15905900
2020-01-21,222.16,222.37,219.12,221.44,219.51237,14275800
2020-01-22,222.31,222.75,221.28,221.32001,219.39337,12212800
2020-01-23,220.75,221.49001,219.27,219.75999,217.84694,11195000
2020-01-24,220.8,221.78,216.11,217.94,216.0428,11905800
2020-01-27,213.10001,216.06,212.5,214.87,212.99953,13810700
2020-01-28,216.14,218.74001,213.52,217.78999,215.8941,13413800
2020-01-29,221.44,224.2,218.45,223.23,221.28677,33181300
2020-01-30,206.53,211.42999,204.75,209.53,207.70601,48775500
2020-01-31,208.42999,208.69,201.06,201.91,200.15233,31359900
2020-02-03,203.44,205.14,202.5,204.19,202.41252,15495600
2020-02-04,206.62,210.60001,205.2,209.83,208.0034,19628900
2020-02-05,212.50999,212.73,208.71001,210.11,208.28099,12538200
2020-02-06,210.47,211.19,209.34,210.85001,209.01453,10567500
2020-02-07,210.3,212.82001,209.92999,212.33,210.48163,12242500
2020-02-10,211.52,213.8,210.66,213.06,211.20531,11856400
2020-02-11,210.19,210.86,206.50999,207.19,205.38638,25030800
2020-02-12,207.85001,211.22,207.39999,210.75999,208.92531,13813700
2020-02-13,209.52,214.33,209.17999,213.14,211.28459,15396600
2020-02-14,214,214.92999,212.64999,214.17999,212.31552,10741700
2020-02-18,213.55,217.98,213.39999,217.8,215.90402,15609200
2020-02-19,217.99001,218.32001,216.11,217.49001,215.59671,12135100
2020-02-20,216.52,218.77,212.95,214.58,212.71204,13109200
2020-02-21,213.48,214.24001,208.83,210.17999,208.35034,14092300
2020-02-24,201.8,203.64999,198.17,200.72,198.97273,23080100
2020-02-25,202.25,203.5,195.95,196.77,195.0571,21433500
2020-02-26,197.19,201.21001,195.49001,197.2,195.48335,16524500
2020-02-27,191.82001,195.88,189.5,189.75,188.09822,21682600
2020-02-28,182.7,192.74001,181.82001,192.47,190.79453,32568900
2020-03-02,194.03,196.57001,188.85001,196.44,194.72998,24949000
2020-03-03,196.22,197.24001,183.97,185.89,184.27182,27984100
2020-03-04,189.17,191.83,186.39,191.75999,190.0907,23062500
2020-03-05,186.78,188.99001,183.89,185.17,183.55809,19333400
2020-03-06,178.33,183.78,176.25999,181.09,179.51357,24559600
2020-03-09,169.60001,175,165.19,169.5,168.02449,29949000
2020-03-10,174.67,178.28999,169.5,178.19,176.63882,24517800
2020-03-11,174.00999,175.88,167.66,170.24001,168.75804,20373900
2020-03-12,159.53999,166.60001,154.34,154.47,153.12529,43266300
2020-03-13,163.53,170.78999,157.60001,170.28,168.7977,35028600
2020-03-16,152.32001,159.13,143.10001,146.00999,144.73894,39120400
2020-03-17,150.74001,153.94,140,149.42,148.11928,34255600
2020-03-18,139.75,148.17999,137.10001,146.96001,145.68073,37553100
2020-03-19,146.62,159.92999,144.8,153.13,151.79697,39862300
2020-03-20,156.02,159.27,148,149.73,148.42657,32568400
2020-03-23,149.66,152.31,142.25,148.10001,146.81078,29830800
2020-03-24,155.21001,161.31,152.57001,160.98,159.57864,30440400
2020-03-25,158.92,162.99001,153.06,156.21001,154.85019,35184300
2020-03-26,158.25,164,157.02,163.34,161.91811,26556800
2020-03-27,158.2,160.09,154.75,156.78999,155.42513,24879900
2020-03-30,159.17999,166.75,158.06,165.95,164.50539,22515200
2020-03-31,165.48,170.92999,164.2,166.8,165.34799,23676300
2020-04-01,161.62,164.14999,158.03999,159.60001,158.21068,19507600
2020-04-02,159.10001,161.35001,155.92,158.19,156.81296,20886300
2020-04-03,157.14999,157.91,150.83,154.17999,152.83786,25983300
2020-04-06,160.14999,166.2,158.50999,165.55,164.10886,28453600
2020-04-07,171.78999,173.39,166.00999,168.83,167.36032,31411900
2020-04-08,171.25,175,167.74001,174.28,172.76286,21664200
2020-04-09,175.89999,177.08,171.57001,175.19,173.66496,23534300
2020-04-13,173.67,175,169.45,174.78999,173.26845,19355400
2020-04-14,178.98,181.23,176.62,178.17,176.619,21011800
2020-04-15,175.19,178.19,172.82001,176.97,175.42944,17423000
2020-04-16,177.95,178.05,172.50999,176.25,174.71573,23593200
2020-04-17,179.2,180.28,176.66,179.24001,177.67969,20974800
2020-04-20,177.41,180.5,176.77,178.24001,176.68842,16110700
2020-04-21,175.25,175.38,168.34,170.8,169.31319,24850500
2020-04-22,178.45,184.78,178.14,182.28,180.69324,33242000
2020-04-23,184.08,187.05,183.14999,185.13,183.51843,21426600
2020-04-24,183.23,190.41,180.83,190.07001,188.41542,28792000
2020-04-27,192.66,193.75,187.41,187.5,185.86777,29197800
2020-04-28,188.66,189.2,182.56,182.91,181.31776,21731000
2020-04-29,190.92999,196.91,190,194.19,192.49954,45954500
2020-04-30,206.92,209.69,201.57001,204.71001,202.92796,46230100
2020-05-01,201.60001,207.28,199.05,202.27,200.50919,30415600
2020-05-04,200.2,205.91,198.75999,205.25999,203.47319,19250700
2020-05-05,207.02,210.38,206.5,207.07001,205.26744,21071200
2020-05-06,208.12,211.60001,206.66,208.47,206.65524,21857000
2020-05-07,211.16,211.60001,209.03999,211.25999,209.42094,15152000
2020-05-08,212.24001,213.21001,210.85001,212.35001,210.50146,12506000
2020-05-11,210.89,215,210.37,213.17999,211.32423,12911900
2020-05-12,213.28999,215.28,210,210.10001,208.27106,14704600
2020-05-13,209.42999,210.78,202.11,205.10001,203.31461,20684600
2020-05-14,202.56,206.92999,200.69,206.81,205.0097,17178900
2020-05-15,205.27,211.34,204.12,210.88,209.04425,19383200
2020-05-18,212.14999,214.64,210.94,213.19,211.33418,20151900
2020-05-19,213.27,220.49001,212.83,216.88,214.99203,31843200
2020-05-20,223.5,231.34,223.19,229.97,227.96808,50162900
2020-05-21,234.72,237.2,231.2,231.39,229.37576,47782600
2020-05-22,231.50999,235.99001,228.74001,234.91,232.86508,33925600
2020-05-26,239.77,240.89999,231.67,232.2,230.17867,33178300
2020-05-27,229.07001,230.56,221.13,229.14,227.14531,34697600
2020-05-28,224.3,231.63,224,225.46001,223.49733,29377200
2020-05-29,225.2,227.49001,222.88,225.09,223.13057,23241500
2020-06-01,224.59,232.44,223.5,231.91,229.89119,18223800
2020-06-02,230.94,233,226.56,232.72,230.69414,20919000
2020-06-03,232.11,232.64999,228.53,230.16,228.15642,15380300
2020-06-04,229.56,231.63,224.61,226.28999,224.32014,17041500
2020-06-05,226.71001,231.35001,225.31,230.77,228.76112,16750400
2020-06-08,229.03,231.55,227.41,231.39999,229.38562,15466500
2020-06-09,231.52,239.77,230.41,238.67,236.59235,27462900
2020-06-10,240.96001,241.21001,235.28,236.73,234.66924,20720700
2020-06-11,229.94,232.89,223.55,224.42999,222.4763,26708200
2020-06-12,229.89999,231.66,224.5,228.58,226.59019,22091400
2020-06-15,225.09,233.77,224.8,232.5,230.47607,15340300
2020-06-16,237.14,238.46001,233,235.64999,233.59865,15236700
2020-06-17,235,237.59,231.73,235.53,233.47969,19578100
2020-06-18,234.99001,236.14,232.14999,235.94,233.88609,15782500
2020-06-19,237.78999,240.83,235.55,238.78999,236.7113,30081300
2020-06-22,238.56,240.7,236.91,239.22,237.13756,18917800
2020-06-23,241.28,245.19,239.86,242.24001,240.13129,24017900
2020-06-24,241.2,243.22,232.67999,234.02,231.98283,20834900
2020-06-25,234.62,237.3,232.74001,235.67999,233.62837,18704300
2020-06-26,232.64,233.09,215.39999,216.08,214.19901,76343900
2020-06-29,209.75,220.75,207.11,220.64,218.71928,58514300
2020-06-30,220.59,227.5,218.47,227.07001,225.09334,33927100
2020-07-01,228.5,239,227.56,237.55,235.4821,43399700
2020-07-02,239,240,232.61,233.42,231.38805,30633600
2020-07-06,233.75999,240.39999,232.27,240.28,238.18835,26206200
2020-07-07,239.41,247.64999,238.82001,240.86,238.76331,27887800
2020-07-08,238.11,246.99001,236.59,243.58,241.45963,29791300
2020-07-09,245,246.53,239.24001,244.5,242.37161,22174900
2020-07-10,243.69,245.49001,239.32001,245.07001,242.93665,22982700
2020-07-13,247.00999,250.14999,238.42,239,236.91948,24674900
2020-07-14,236.75999,240.33,232.03,239.73,237.64313,23378100
2020-07-15,241.55,244.82001,238.05,240.28,238.18835,19133600
2020-07-16,238,241.75999,236.33,240.92999,238.83269,18880700
2020-07-17,241,244.16,237.86,242.03,239.9231,18152400
2020-07-20,240.06,246.05,235.64,245.42,243.28358,20872200
2020-07-21,246.22,246.91,240.08,241.75,239.64555,19364200
2020-07-22,240.25999,241.89999,238.12,239.87,237.78191,15427900
2020-07-23,239.63,242.42,231.75,232.60001,230.5752,21771800
2020-07-24,230.19,233.49001,226.89999,230.71001,228.70166,18325800
2020-07-27,231.46001,234.95,230.83,233.5,231.46738,13163100
2020-07-28,234.63,234.96001,229.83,230.12,228.11679,14170100
2020-07-29,231.14,233.7,230.31,233.28999,231.25917,13588300
2020-07-30,230.22,234.89,229,234.5,232.45865,20615300
2020-07-31,255.82001,255.85001,249,253.67,251.46176,53005100
2020-08-03,252.64999,255.39999,250.33,251.96001,249.76668,23124900
2020-08-04,251.56,252.8,247.42999,249.83,247.6552,17183500
2020-08-05,250.19,252.27,247.77,249.12,246.95139,13050100
2020-08-06,249.03999,266.60001,248.67,265.28,262.97064,45241600
2020-08-07,264.07999,278.89001,263.42999,268.44,266.10321,72766400
2020-08-10,268.04001,273.85999,259.69,263,260.71057,30248800
2020-08-11,260.19,265.92001,255.13,256.13,253.90036,28238300
2020-08-12,258.97,263.89999,258.10999,259.89001,257.62769,21415700
2020-08-13,261.54999,265.16,259.57001,261.29999,259.02533,17374000
2020-08-14,262.31,262.64999,258.67999,261.23999,258.96585,14792700
2020-08-17,262.5,264.10001,259.39999,261.16,258.88654,13351100
2020-08-18,260.95001,265.14999,259.26001,262.34,260.0563,18690400
2020-08-19,261.39001,267.91,261.35001,262.59,260.30414,23291500
2020-08-20,261.5,269.63,261.45999,269.01001,266.66827,20299700
2020-08-21,268.69,270.48999,266.42001,267.01001,264.68567,15538600
2020-08-24,271.07001,277.25,268.76999,271.39001,269.02756,23685600
2020-08-25,272.41,283.09,270.26001,280.82001,278.37549,42127200
2020-08-26,284,304.67001,284,303.91,301.2644,69015200
2020-08-27,300.16,301.23001,292.01999,293.22,290.66742,30301300
2020-08-28,295,297.23001,290.98001,293.66,291.10367,17157400
2020-08-31,293.95001,296.88,291.54999,293.20001,290.64767,17345100
2020-09-01,294.70999,301.48999,292.70999,295.44,292.86816,17295900
2020-09-02,298.88,303.60001,293.04999,302.5,299.86667,24341400
2020-09-03,295.98999,297.60001,283.63,291.12,288.58575,32294100
2020-09-04,287.25,289,271.14001,282.73001,280.26883,30333700
2020-09-08,271.28,279.29999,269.42001,271.16,268.7995,24864000
2020-09-09,275.76999,278.48001,271.35001,273.72,271.33722,22918800
2020-09-10,275.51001,279.16,267.03,268.09,265.75623,24814700
2020-09-11,270.06,271.39001,262.64001,266.60999,264.28912,18913900
2020-09-14,270.95001,276.64001,265.70001,266.14999,263.8331,24093800
2020-09-15,270.67001,274.51999,269.29999,272.42001,270.04858,18478500
2020-09-16,267.29001,272.44,261.79001,263.51999,261.22598,29183400
2020-09-17,258.28,261.5,250.19,254.82001,252.60178,31281400
2020-09-18,258.39999,259.20001,250.05,252.53,250.33171,28130800
2020-09-21,247.53999,249.95,244.13,248.14999,245.98981,24709400
2020-09-22,253.31,255.32001,248.22,254.75,252.53236,30293100
2020-09-23,255.25999,257.98999,248.14999,249.02,246.85226,19641300
2020-09-24,246.5,252.24001,245.62,249.53,247.35779,20006800
2020-09-25,249.39999,255.75,246.61,254.82001,252.60178,18351300
2020-09-28,259.39999,259.60001,254.82001,256.82001,254.5844,18826300
2020-09-29,257.81,263.32999,256.89999,261.79001,259.51111,20200200
2020-09-30,261.98001,266.07999,260.10001,261.89999,259.62015,20142500
2020-10-01,265.35001,268.32999,264.79999,266.63,264.30896,20009800
2020-10-02,261.20999,265.14999,259.17999,259.94,257.67715,16367600
2020-10-05,262.20001,264.87,260.84,264.64999,262.34622,12822300
2020-10-06,261.78,265.69,258.23999,258.66,256.40839,18696900
2020-10-07,259.20999,260.17999,254.82001,258.12,255.87302,23133400
2020-10-08,259.75,264.62,259.14999,263.76001,261.46396,16312800
2020-10-09,264.51999,264.75,262.17001,264.45001,262.14795,14107800
2020-10-12,270.20001,280.17999,267.87,275.75,273.34958,31019300
2020-10-13,277.57999,279.10001,273.39001,276.14001,273.73621,18063300
2020-10-14,277.62,278.75,271.5,271.82001,269.45377,15577800
2020-10-15,267.60001,269.04001,263.67001,266.72,264.39822,15416100
2020-10-16,267.38,271.37,265.29999,265.92999,263.61502,16622700
2020-10-19,265.53,268.54999,259.88,261.39999,259.12445,13587000
2020-10-20,263.06,269.70001,262.88,267.56,265.23087,18763200
2020-10-21,279.56,283.04999,276.37,278.73001,276.30365,28998600
2020-10-22,279.87,282.45001,275.04001,278.12,275.69894,16720000
2020-10-23,278.79999,285.23999,276.82001,284.79001,282.31085,17535200
2020-10-26,283.16,285.23001,274.26001,277.10999,274.69772,21322900
2020-10-27,278.76001,284.51001,276.31,283.29001,280.82394,16287200
2020-10-28,278.79001,278.79001,267.26001,267.67001,265.33994,23121800
2020-10-29,276.54999,283.60001,273.78,280.82999,278.38531,32368100
2020-10-30,274.5,276.70001,259.10001,263.10999,260.81964,47247800
2020-11-02,264.60001,270.47,257.34,261.35999,259.08481,27165700
2020-11-03,263.16,270.04999,260.88,265.29999,262.99057,17961900
2020-11-04,281,288.94,278.62,287.38,284.8783,35364400
2020-11-05,291.89999,297.38,288.95001,294.67999,292.11478,23823600
2020-11-06,293.95001,294.60001,288.06,293.41,290.85583,13891000
2020-11-09,289.87,292.57999,278.53,278.76999,276.34326,25117700
2020-11-10,273.10001,274,264,272.42999,270.05844,29067700
2020-11-11,273.47,278.39999,272.48001,276.48001,274.07327,14957000
2020-11-12,277.17999,279.75,274.42999,275.07999,272.68536,12899500
2020-11-13,277.72,277.76001,273.10001,276.95001,274.53915,10391200
2020-11-16,275.04999,279.41,274.63,278.95999,276.53162,12970400
2020-11-17,277.67999,277.67999,273.29001,275,272.60614,15040300
2020-11-18,274.51999,277.39001,271.84,271.97,269.60248,12152900
2020-11-19,271.01999,273.47,269.19,272.94,270.56409,12963700
2020-11-20,272.56,273,269.41,269.70001,267.35223,18114700
2020-11-23,270.89001,270.95001,264.53,268.42999,266.09326,20990800
2020-11-24,268.48999,277.82001,267.87,276.92001,274.5094,16930400
2020-11-25,278.14001,280.17999,272.64999,275.59,273.19095,12467000
2020-11-27,277.39001,279.13,274.82001,277.81,275.39163,7808400
2020-11-30,276.03,277.70001,271.01001,276.97,274.5589,16693300
2020-12-01,279.16,289.29999,278.95999,286.54999,284.05554,20738900
2020-12-02,285.35999,291.78,280.82999,287.51999,285.01712,17361600
2020-12-03,286.25,286.64999,281.07001,281.85001,279.39645,12921700
2020-12-04,280.29999,283.45999,279.29999,279.70001,277.2652,10880300
2020-12-07,279.19,288.48999,278.20001,285.57999,283.09399,13007700
2020-12-08,286.01001,286.42999,281.54999,283.39999,280.93298,10747700
2020-12-09,283.66,287.63,271.75,277.92001,275.5007,25189700
2020-12-10,275.54001,278.73001,271.85999,277.12,274.70761,20065100
2020-12-11,274.53,276.48001,270.25,273.54999,271.1687,14391400
2020-12-14,273.37,277.22,271.56,274.19,271.80313,16376900
2020-12-15,274.82999,276.07999,267.47,275.54999,273.15128,23979500
2020-12-16,274.76001,277.85999,272.51001,275.67001,273.27026,15885000
2020-12-17,277.07001,280.44,273.60999,274.48001,272.09064,16377800
2020-12-18,275.76999,278,271.14001,276.39999,273.9939,26693200
2020-12-21,272.98001,274.67001,267.79001,272.79001,270.41537,16553700
2020-12-22,271.5,271.5,264.63,267.09,264.76495,17312900
2020-12-23,266.89001,272.17001,266.23001,268.10999,265.77606,14329000
2020-12-24,268.88,270.39999,266.20001,267.39999,265.0723,6702000
2020-12-28,268.73999,277.29999,265.66,277,274.58868,23299700
2020-12-29,276.95001,280.51001,276.28,276.78,274.37061,16383000
2020-12-30,277.95001,278.07999,271.70999,271.87,269.50339,11803800
2020-12-31,272,277.09,269.81,273.16,270.7821,12900400
2021-01-04,274.78,275,265.20001,268.94,266.59888,15106100
2021-01-05,268.29001,272.39999,268.20999,270.97,268.61118,9871600
2021-01-06,262,267.75,260.01001,263.31,261.01788,24354100
2021-01-07,265.89999,271.60999,264.78,268.73999,266.40057,15789800
2021-01-08,268.31,268.95001,263.17999,267.57001,265.24075,18528300
2021-01-11,260.48001,263.47,255.89999,256.84,254.60417,30412300
2021-01-12,256.63,259.72,250.3,251.09,248.90424,26383500
2021-01-13,251.55,253.95,249.2,251.64,249.44945,19528900
2021-01-14,253.39999,255.03,244.61,245.64,243.50166,29739400
2021-01-15,247.89999,253.86,247.16,251.36,249.17189,24942900
2021-01-19,256.89999,262.20001,252.72,261.10001,258.82712,28028500
2021-01-20,268.92999,270.32001,263.60001,267.48001,265.15158,25199900
2021-01-21,269.26001,273.60001,267.48999,272.87,270.49466,20838700
2021-01-22,272.01001,278.47,272,274.5,272.11041,21954000
2021-01-25,278.14001,280.10001,271.51001,278.01001,275.5899,19087000
2021-01-26,278.14001,285.39001,277.81,282.04999,279.5947,19373600
2021-01-27,282.53,283.45001,268.12,272.14001,269.77097,35346200
2021-01-28,277.17999,286.79001,264.70001,265,262.69315,37758800
2021-01-29,265.29999,266.56,254.85001,258.32999,256.08118,30389500
2021-02-01,259.51999,264.17001,254.91,262.01001,259.72916,22914300
2021-02-02,264,268.85001,263.26999,267.07999,264.75504,17320800
2021-02-03,265.62,269.20001,263.84,266.64999,264.3288,14223400
2021-02-04,267.01001,268.16,264,266.48999,264.1702,16060000
2021-02-05,266.79999,269.17001,265.67001,268.10001,265.76611,12454400
2021-02-08,268.75,269.85999,265,266.57999,264.2594,13755200
2021-02-09,266.44,273.39001,265.75,269.45001,267.1044,14613400
2021-02-10,272.45001,273.79999,267.72,271.87,269.50339,14687200
2021-02-11,271.89001,273.57999,268.48999,270.39001,268.03622,12828600
2021-02-12,270.51999,271.17999,268.34,270.5,268.14526,9097600
2021-02-16,270.79999,276.60001,270.04999,273.97,271.58508,15417200
2021-02-17,271.23999,273.97,269.57999,273.57001,271.18851,12763200
2021-02-18,269.57001,271.95001,266.03,269.39001,267.04495,15249100
2021-02-19,269.85999,270.26999,260.14999,261.56,259.28311,25622600
2021-02-22,257.95001,263.07001,257.53,260.32999,258.06378,17434900
2021-02-23,259.5,267.45999,254.96001,265.85999,263.54572,21924600
2021-02-24,262.32999,266.38,258.39001,264.31,262.00919,15736100
2021-02-25,262.29999,266.94,254.03999,254.69,252.4729,19053100
2021-02-26,256.47,265.54999,256.47,257.62,255.37735,26619500
2021-03-01,260.82001,266.64999,257.89999,264.91,262.60391,22157300
2021-03-02,265.78,266.70999,258.64999,259,256.74542,15191700
2021-03-03,260.29001,260.98999,255.10001,255.41,253.18663,15513500
2021-03-04,256.47,266.48999,253.5,257.64001,255.39723,31626500
2021-03-05,260.67001,265.45001,255.61,264.28,261.97937,26820100
2021-03-08,265.54999,265.57999,255.05,255.31,253.08746,18391800
2021-03-09,261.17999,268.53,259.81,265.73999,263.4267,22039700
2021-03-10,268.64001,268.97,262.87,264.89999,262.59402,14210300
2021-03-11,268.10999,277.89999,267.82001,273.88,271.49585,21834000
2021-03-12,269.14001,269.73999,264.01999,268.39999,266.06354,20600200
2021-03-15,269.07999,275.95999,268.5,273.75,271.36691,16844800
2021-03-16,276.07999,282.14001,274.79999,279.28,276.84875,22437700
2021-03-17,275.70999,286.23001,275.41,284.01001,281.53769,21315000
2021-03-18,279.87,285.19,278.28,278.62,276.19455,18728300
2021-03-19,281.22,292.79999,281.20001,290.10999,287.58453,38930500
2021-03-22,290.45001,299.70999,286.75,293.54001,290.98474,28273100
2021-03-23,293.14999,298,289.81,290.63,288.10001,23000900
2021-03-24,291,291.72,281.16,282.14001,279.68399,18675000
2021-03-25,280.98001,288.06,277.75,278.73999,276.31354,24505600
2021-03-26,278.29999,284.5,277.76999,283.01999,280.55621,17629200
2021-03-29,285.76999,293.17999,284.70001,290.82001,288.28839,21718800
2021-03-30,289.82999,292.47,286.70001,288,285.49292,17474500
2021-03-31,289.98999,296.5,288.60999,294.53,291.96609,19498200
2021-04-01,298.39999,302.39999,296.60001,298.66,296.06009,17616000
2021-04-05,300.89001,310.76999,300.67999,308.91,306.22089,28237000
2021-04-06,308.84,311.35001,305.25,306.26001,303.59393,17335200
2021-04-07,306.34,314.25,305.5,313.09,310.3645,22855200
2021-04-08,314.85001,315.88,310.04999,313.01999,310.29507,20894100
2021-04-09,311.39999,314.73999,310.32999,312.45999,309.74005,15988600
2021-04-12,311.04999,312.14999,307.92999,311.54001,308.82797,10881900
2021-04-13,312.20999,314.42999,309.32001,309.76001,307.06354,14036900
2021-04-14,307.29999,308.03,301.95001,302.82001,300.1839,17421400
2021-04-15,306.34,310.14001,304.10001,307.82001,305.14041,14558300
2021-04-16,308.17001,308.95001,304.60999,306.17999,303.51468,13059200
2021-04-19,305.01001,307.70001,300.56,302.23999,299.60898,14553500
2021-04-20,301.98999,305.10001,297.20999,302.64999,300.01538,16796400
2021-04-21,301.95001,301.98001,297.39001,301.47,298.84567,14863500
2021-04-22,301.32999,302.92001,296.04001,296.51999,293.93872,16375400
2021-04-23,298.76001,302.59,297.14999,301.13,298.50867,17536800
2021-04-26,303.34,305.79999,301.56,303.04001,300.40195,16172600
2021-04-27,304.28,305.34,301.10999,303.57001,300.92737,15309300
2021-04-28,307.35999,310.92001,305.37,307.10001,304.42667,33907200
2021-04-29,330.12,331.81,321.60999,329.51001,326.64157,56526800
2021-04-30,326.14001,329.82001,324.5,325.07999,322.25009,26332400
2021-05-03,326.17001,328.54999,321.84,322.57999,319.77185,18719500
2021-05-04,320.01999,322.19,313.12,318.35999,315.58859,24032600
2021-05-05,318.19,321.06,314.48999,315.01999,312.27771,15577600
2021-05-06,314.51999,320.23999,313.26999,320.01999,317.23422,19012200
2021-05-07,322.38,322.94,318.75,319.07999,316.30234,15916700
2021-05-10,314.35001,314.57999,304.82999,305.97,303.30649,24239200
2021-05-11,300.75,306.84,299.69,306.53,303.86157,18920100
2021-05-12,301.13,304.95999,298.19,302.54999,299.91626,24645500
2021-05-13,306.07999,308.85999,302.76999,305.26001,302.60269,18079200
2021-05-14,309.54001,316.85001,309.07999,315.94,313.18973,19245700
2021-05-17,313.54999,315.67999,311.57999,315.45999,312.71384,15401300
2021-05-18,315.59,316.5,309.81,309.95999,307.26175,14522400
2021-05-19,304.19,314.66,303.57001,313.59,310.8602,19106200
2021-05-20,313.57999,319.25,313.16,318.60999,315.83646,17320200
2021-05-21,319.29001,319.92999,315.81,316.23001,313.47717,13600900
2021-05-24,318.20999,325.95001,318.03,324.63,321.80408,16445400
2021-05-25,327.07999,329.17999,324.79999,327.79001,324.93655,16437000
2021-05-26,328.35001,329.82999,325.82001,327.66,324.80768,9686900
2021-05-27,328,333.78,326.76001,332.75,329.8533,20477700
2021-05-28,331,332.87,328.32999,328.73001,325.86838,12037400
2021-06-01,330.14999,331.42001,326.64001,329.13,326.26486,11765900
2021-06-02,330.38,331.87,327.12,329.14999,326.28467,11654300
2021-06-03,325.78,327.38,323.48001,326.04001,323.20175,12610800
2021-06-04,325.89999,332.45999,325.17999,330.35001,327.47427,13289400
2021-06-07,329.48001,337.69,328.92999,336.57999,333.65002,20136700
2021-06-08,336.70001,338.29999,332.23999,333.67999,330.77527,14580500
2021-06-09,335.73999,336.79999,330,330.25,327.37515,13727900
2021-06-10,330.79001,333.94,328.54999,332.45999,329.56586,13240200
2021-06-11,332.57999,332.82999,328.92999,331.26001,328.37637,13587900
2021-06-14,331.89999,336.82001,329.81,336.76999,333.83838,12250800
2021-06-15,336.98999,339.92001,335.03,336.75,333.81854,15795200
2021-06-16,336.70001,337.54999,328.72,331.07999,328.19791,17232200
2021-06-17,330.48999,337.98001,330.14999,336.51001,333.58066,17794100
2021-06-18,334.53,336.14999,329,329.66,326.79025,23039500
2021-06-21,331.09,332.92001,327.64999,332.29001,329.3974,11337500
2021-06-22,332.69,339.92001,332.60001,339.03,336.07874,15345300
2021-06-23,339.35001,343.42001,338.20001,340.59,337.62509,14817800
2021-06-24,341.85001,344.89999,341.79001,343.17999,340.19257,12329100
2021-06-25,342.59,344.12,339.67999,341.37,338.39835,14594400
2021-06-28,342.45999,358.14001,341.76999,355.64001,352.54413,29156100
2021-06-29,356.26999,356.73999,349.04999,351.89001,348.82678,21417300
2021-06-30,352.17001,352.92001,347.17001,347.70999,344.68317,15107500
2021-07-01,346.82001,354.67001,346.5,354.39001,351.30499,17137000
2021-07-02,355.10001,356.44,352.62,354.70001,351.61227,11521300
2021-07-06,356.5,358.79001,349.17999,352.78,349.70905,13488500
2021-07-07,355.26001,356.48999,350,350.48999,347.43896,14218900
2021-07-08,345.73001,348.32999,342.56,345.64999,342.64105,14406500
2021-07-09,345.32001,350.70999,345.26999,350.42001,347.36957,13018700
2021-07-12,351.23001,354.19,349.64001,353.16,350.08569,10018600
2021-07-13,351.5,358.48999,348.79999,352.09,349.02505,11456000
2021-07-14,354.56,355.20001,346.73001,347.63,344.60388,13894200
2021-07-15,349.23001,349.23001,340.22,344.45999,341.46149,14781600
2021-07-16,344.91,345.98999,340.14001,341.16,338.19019,11026100
2021-07-19,337.57001,339.79001,334.54001,336.95001,334.01682,14372300
2021-07-20,338.79999,343.45001,334.5,341.66,338.68579,11024300
2021-07-21,341.5,346.51999,341.25,346.23001,343.21606,9279700
2021-07-22,346.67999,351.54001,345.20999,351.19,348.13287,12385400
2021-07-23,360.91,375.32999,357.19,369.79001,366.57092,33694300
2021-07-26,369.57999,374.44,368.22,372.45999,369.21771,14925200
2021-07-27,371.91,373.14999,364.54999,367.81,364.60818,15705400
2021-07-28,374.56,377.54999,366.92999,373.28,370.03055,29676900
2021-07-29,361,365.51999,356.73999,358.32001,355.20078,33413200
2021-07-30,354,360.73001,352.94,356.29999,353.19836,15976200
2021-08-02,358.10001,359.39999,350.73999,351.95001,348.88626,13180400
2021-08-03,352.73001,353.76999,347.70001,351.23999,348.18237,12406100
2021-08-04,352.42001,360.48001,351.51001,358.92001,355.79559,14180600
2021-08-05,359.64001,363.89999,356.89999,362.97,359.81033,10247200
2021-08-06,361.39999,365.14999,361.39999,363.51001,360.34564,8925000
2021-08-09,363.76001,365.78,360.75,361.60999,358.46216,7798900
2021-08-10,361.82999,364.10001,359.04001,361.13,357.98633,7469900
2021-08-11,362.10001,362.35999,357.81,359.95999,356.82648,8400300
2021-08-12,358.45001,363,357.10999,362.64999,359.49304,7170700
2021-08-13,362.97,364.66,361.48001,363.17999,360.01846,7195700
2021-08-16,362.51999,366.95001,357.38,366.56,363.36908,11222100
2021-08-17,362.98001,364.67001,355.07001,358.45001,355.32965,12328700
2021-08-18,356.25,359.85999,355.14999,355.45001,352.35574,10042400
2021-08-19,351.35001,357.57001,351,355.12,352.02863,12004500
2021-08-20,354.60001,359.98999,353.31,359.37,356.24164,8697700
2021-08-23,359.44,365.69,359.10001,363.35001,360.18698,10942000
2021-08-24,363.66,367.95999,361.84,365.51001,362.32822,9235100
2021-08-25,365.60001,370.85999,365.39999,368.39001,365.18314,9684500
2021-08-26,368.38,369.44,364.13,364.38,361.20804,7888700
2021-08-27,365.10001,373.73999,364.07999,372.63,369.3862,11219100
2021-08-30,372.56,381.48999,370.51999,380.66,377.34628,13547300
2021-08-31,379.95001,382.76001,378.79999,379.38,376.07748,12345400
2021-09-01,379.59,384.32999,378.81,382.04999,378.72421,11567200
2021-09-02,381.5,381.75,374.06,375.28,372.01312,14832900
2021-09-03,374.75,377.16,373.10999,376.26001,372.98462,7509600
2021-09-07,375.88,382.95999,373.14999,382.17999,378.85309,10793800
2021-09-08,380.16,380.87,374.79001,377.57001,374.2832,11067200
2021-09-09,377.64001,379.82999,376.57001,378,374.7095,9098900
2021-09-10,381.35999,383.79001,378.26001,378.69,375.39349,11549600
2021-09-13,381.67999,381.75,374.35001,376.51001,373.23248,13026300
2021-09-14,377.39999,378.59,375.10999,376.53,373.25223,8711600
2021-09-15,377,377.56,367.67001,373.92001,370.66498,17940300
2021-09-16,372.79001,373.56,369.70999,373.06,369.81244,11934200
2021-09-17,371.41,371.41,361.59,364.72,361.54507,26299000
2021-09-20,359.29999,361.03,349.79999,355.70001,352.60358,19822800
2021-09-21,358.5,360.04001,355.19,357.48001,354.3681,11751900
2021-09-22,347.23001,349.84,340.69,343.20999,340.22226,43692900
2021-09-23,345.35999,349.67001,343,345.95999,342.94836,21806300
2021-09-24,343.23999,354.35001,342.37,352.95999,349.88745,18801900
2021-09-27,349.81,355.14999,347.07999,353.57999,350.50204,15205800
2021-09-28,347.97,349.60001,338.92001,340.64999,337.6846,21710300
2021-09-29,343.14999,345.23001,338.88,339.60999,336.65369,14452200
2021-09-30,340.45001,342.79999,338.14999,339.39001,336.43561,16547100
2021-10-01,341.60999,345.01999,338.64001,343.01001,340.02411,14905300
2021-10-04,335.53,335.94,322.70001,326.23001,323.39014,42885000
2021-10-05,328.57999,335.17999,326.16,332.95999,330.06152,35377900
2021-10-06,329.73999,334.38,325.79999,333.64001,330.73563,26443000
2021-10-07,337,338.84,328.98001,329.22,326.35413,28307500
2021-10-08,331.51001,333.39999,328.70999,330.04999,327.17688,15946100
2021-10-11,327.63,330.45999,325.31,325.45001,322.61691,14708200
2021-10-12,323.03,324.38,317.37,323.76999,320.95154,31658700
2021-10-13,326.97,327,322.66,324.54001,321.71487,14761500
2021-10-14,328.35999,330.51999,327.10001,328.53,325.67004,14302200
2021-10-15,328.67999,329.07001,322.51001,324.76001,321.93292,21596400
2021-10-18,328.95001,335.89001,327.5,335.34,332.42084,21585000
2021-10-19,339.64999,342.45999,337.28,339.98999,337.03033,18786300
2021-10-20,343.45001,343.98001,339.45001,340.78,337.81348,13639500
2021-10-21,340.28,342.31,337.79999,341.88,338.90387,16354400
2021-10-22,326.35001,329.63,321.10999,324.60999,321.78421,35224500
2021-10-25,320.29999,329.56,319.72,328.69,325.82874,38409000
2021-10-26,328.26001,330.20999,309.60001,315.81,313.06085,65654000
2021-10-27,314.19,319.25,312.06,312.22,309.50208,29971800
2021-10-28,312.98999,325.51999,308.10999,316.92001,314.16116,50806800
2021-10-29,320.19,326,319.60001,323.57001,320.75333,37059400
2021-11-01,326.04001,333.45001,326,329.98001,327.10748,31518900
2021-11-02,331.38,334.79001,323.79999,328.07999,325.224,28353000
2021-11-03,327.48999,332.14999,323.20001,331.62,328.73315,20786500
2021-11-04,334.01001,337.26999,332.64999,335.85001,332.92642,22495300
2021-11-05,340.31,346.79001,339.64001,341.13,338.1604,26872800
2021-11-08,344.42001,344.79001,338.34,338.62,335.67227,18342500
2021-11-09,340,341.31,334.47,335.37,332.45053,17556700
2021-11-10,332.48999,333.19,325.51001,327.64001,324.78784,21872600
2021-11-11,329.82001,332.45999,327,327.73999,324.88696,12376600
2021-11-12,330.17999,341.85999,329.78,340.89001,337.92249,25414300
2021-11-15,344.34,353.64999,343.20001,347.56,344.53439,25076600
2021-11-16,343.82999,346.64999,340.87,342.95999,339.97446,18181100
2021-11-17,344.23999,347.29999,340.10001,340.76999,337.80353,13602800
2021-11-18,339.72,342.45999,335.29999,338.69,335.74167,17487200
2021-11-19,342.20001,352.10001,339.89999,345.29999,342.29413,26488500
2021-11-22,349.04999,353.82999,340.51001,341.01001,338.04147,27116800
2021-11-23,338.92999,341.39999,333.5,337.25,334.31421,17225000
2021-11-24,336,341.78,332.81,341.06,338.09103,13566200
2021-11-26,335.79999,337.75,331.89999,333.12,330.22021,14750700
2021-11-29,336.89001,340.67001,335.31,338.03,335.0874,16650900
2021-11-30,335,335.81,323.42999,324.45999,321.6355,25390000
2021-12-01,330.29001,330.5,310.29001,310.60001,307.89624,30329600
2021-12-02,311.39999,314.60001,307.20001,310.39001,307.68802,24396200
2021-12-03,313.73001,313.75,299.5,306.84,304.16888,27471000
2021-12-06,308.13,320.10001,306.34,317.87,315.10287,21758300
2021-12-07,321.57001,326.54001,321,322.81,319.99991,18794000
2021-12-08,325,332.75,323.07001,330.56,327.6824,19937700
2021-12-09,329.54001,336.13,328,329.82001,326.94891,16879200
2021-12-10,332.56,335.03,326.37,329.75,326.87952,14528000
2021-12-13,330.95001,341.09,329.59,334.48999,331.57825,22948700
2021-12-14,328.04999,335.70001,327.64999,333.73999,330.83475,20461000
2021-12-15,332.48999,342.10999,323.98001,341.66,338.68579,24681300
2021-12-16,338.98001,344.45999,333.73999,334.89999,331.98468,22635000
2021-12-17,332.79999,337.10999,330.75,333.79001,330.88431,40012600
2021-12-20,329.78,329.89999,322.53,325.45001,322.61691,17901800
2021-12-21,326.41,336,323.75,334.20001,331.29077,16116800
2021-12-22,333.79999,334.51001,328.26001,330.45001,327.57339,16764600
2021-12-23,330.10001,336.67001,328.35999,335.23999,332.32166,13987700
2021-12-27,338.85001,347.87,338.01001,346.17999,343.16647,17795000
2021-12-28,346.63,352.70999,345.20001,346.22,343.20612,16637600
2021-12-29,346.91,349.69,341.64001,342.94,339.95471,10747000
2021-12-30,344,347.23001,343.22,344.35999,341.36224,10593300
2021-12-31,343.01999,343.44,336.26999,336.35001,333.42206,12870500
2022-01-03,338.29999,341.07999,337.19,338.54001,335.59296,14537900
2022-01-04,339.95001,343.09,331.87,336.53,333.60043,15998000
2022-01-05,333.01999,335.76001,323.84,324.17001,321.34805,20564500
2022-01-06,322.82001,339.17001,322.72,332.45999,329.56586,27962800
2022-01-07,332.73999,337,328.88,331.79001,328.90173,14722000
2022-01-10,325.31,328.34,315.42999,328.07001,325.21408,24942400
2022-01-11,326.78,334.63,325.28,334.37,331.4592,16226800
2022-01-12,335.17999,336.37,330.03,333.26001,330.35895,14104900
2022-01-13,334.98001,335.63,325.76001,326.48001,323.63794,14797100
2022-01-14,321.79001,332.73001,321.20999,331.89999,329.01077,16868500
2022-01-18,323.29001,324.20999,317.64001,318.14999,315.38046,22645600
2022-01-19,319.57999,327.10001,319.32999,319.59,316.80792,20814700
2022-01-20,323.89999,327.82001,315.98001,316.56,313.80429,16925000
2022-01-21,314.81,318.31,303.04001,303.17001,300.53091,28710700
2022-01-24,297.84,309.53,289.01001,308.70999,306.02261,38878100
2022-01-25,299.95001,306.23001,297.57999,300.14999,297.5372,25108500
2022-01-26,307.01001,307.51001,290.85001,294.63,292.06522,28348800
2022-01-27,297.75,301.70999,294.26001,294.64001,292.07513,21629900
2022-01-28,295.62,301.89999,293.03,301.70999,299.08356,21871600
2022-01-31,300.67999,313.79001,299.32001,313.26001,310.53308,21579500
2022-02-01,314.56,319.66,312.12,319,316.22305,18023800
2022-02-02,327.82001,328,316.87,323,320.18823,58458300
2022-02-03,244.64999,248,235.75,237.75999,235.69028,188119900
2022-02-04,234.97,242.61,230.11,237.09,235.02611,89342200
2022-02-07,237.7,238.3,224.00999,224.91,222.95215,88613800
2022-02-08,220.85001,225.77,216.14999,220.17999,218.26329,94729700
2022-02-09,224.2,233.37,222.21001,232,229.98042,86563300
2022-02-10,228.27,235,226.7,228.07001,226.08463,49310400
2022-02-11,228.46001,230.42,218.77,219.55,217.63879,46156900
2022-02-14,219.31,221,214.78,217.7,215.8049,38184000
2022-02-15,220.47,221.14999,215.06,221,219.07617,42685500
2022-02-16,212.41,217.46001,212.36,216.53999,214.65498,45817500
2022-02-17,214.02,217.5,207.16,207.71001,205.90184,38747500
2022-02-18,209.39,210.75,205.17999,206.16,204.36537,37128400
2022-02-22,202.34,207.48,200.06,202.08,200.32088,39852400
2022-02-23,204.16,206.94,198.05,198.45,196.72246,44481400
2022-02-24,191.06,208.35001,190.22,207.60001,205.7928,49957200
2022-02-25,204.94,211.32001,203.17999,210.48,208.64774,37627600
2022-02-28,207.67999,213.14999,206.83,211.03,209.19295,34239800
2022-03-01,209.87,211.75,202.22,203.49001,201.71858,27094900
2022-03-02,204.78,209.14999,202.02,208.11,206.29836,29452100
2022-03-03,209.02,209.08,201.42,202.97,201.20316,27263500
2022-03-04,202.37,205.89,198.78999,200.06,198.31844,32130900
2022-03-07,200.78999,200.89,187.28,187.47,185.83806,38560600
2022-03-08,187.85001,196.7,186.11,190.28999,188.63348,37508100
2022-03-09,195.74001,199.10001,193.92,198.5,196.772,31894700
2022-03-10,194.84,196.28,191.07001,195.21001,193.51068,24853000
2022-03-11,192.64,193.56,186.67,187.61,185.97684,34694500
2022-03-14,187.03,192.28999,185.82001,186.63,185.00539,31010500
2022-03-15,190.8,192.28,185.91,192.03,190.35834,31721700
2022-03-16,194.7,203.73,194.52,203.63,201.85738,40640300
2022-03-17,201.7,208.03999,201.11,207.84,206.03073,29499700
2022-03-18,206.7,216.8,206,216.49001,214.60541,52128000
2022-03-21,214.5,214.71001,207.63,211.49001,209.64899,30142300
2022-03-22,211.37,219.46001,210.17999,216.64999,214.76404,31998800
2022-03-23,213.33,216.8,212.16,213.46001,211.60181,23717300
2022-03-24,215,220.67,214.78999,219.57001,217.65863,31502300
2022-03-25,220.50999,225.5,218.89,221.82001,219.88904,40039000
2022-03-28,222.13,224.03999,219.53999,223.59,221.64362,26224100
2022-03-29,226.07001,230.89,225.28999,229.86,227.85905,31417900
2022-03-30,228.91,231.14999,226.71001,227.85001,225.86655,25588000
2022-03-31,228.45,228.49001,222.25999,222.36,220.42433,24192300
2022-04-01,224.55,227.28,222.7,224.85001,222.89265,19544800
2022-04-04,225.98,234.35001,225.86,233.89,231.85396,28054800
2022-04-05,234.08,236.86,231.02,231.84,229.82181,29727200
2022-04-06,226.91,228.99001,221.41,223.3,221.35614,28995100
2022-04-07,223.92999,225.52,218.56,222.95,221.0092,21037200
2022-04-08,222.38,225.13,220.03,222.33,220.39459,18375700
2022-04-11,218.42,220.61,215.22,216.46001,214.57568,20516600
2022-04-12,220.24001,222.03,213.13,214.14,212.27588,20128800
2022-04-13,211.82001,216.61,211.33,214.99001,213.1185,19231800
2022-04-14,214.89,214.99001,210,210.17999,208.35034,18379500
2022-04-18,210,213.38,208.3,210.77,208.93523,16580800
2022-04-19,210.52,218.42999,209,217.31,215.41827,20089900
2022-04-20,213.61,214.16,198.92,200.42,198.67531,43036500
2022-04-21,201.60001,202.97,185.58,188.07001,186.43285,49954100
2022-04-22,190.37,192.72,183.27,184.11,182.50731,36426800
2022-04-25,182.73,187.17999,181.66,186.99001,185.36221,29281100
2022-04-26,186.63,187.19,179.5,180.95,179.3748,31747400
2022-04-27,174.42999,181.21001,169,174.95,173.42705,71062900
2022-04-28,202.92,208.53,192.89999,205.73,203.93909,100890600
2022-04-29,204.46001,212.48,199.89999,200.47,198.72488,49193400
2022-05-02,201.17,211.88,200.99001,211.13,209.29211,49915300
2022-05-03,210.45,214.89999,208.09,212.03,210.18427,41556300
2022-05-04,210.64999,224.3,206.96001,223.41,221.46521,41375900
2022-05-05,218.74001,220.17,206.16,208.28,206.4669,41129200
2022-05-06,207.34,209.38,201.02,203.77,201.99617,34747200
2022-05-09,199.84,202.57001,195.58,196.21001,194.50198,36303200
2022-05-10,199.50999,202.96001,194.19,197.64999,195.92941,34452500
2022-05-11,196.33,200.67,188.27,188.74001,187.09702,31153400
2022-05-12,187.06,198.05,184.78,191.24001,189.57523,38262200
2022-05-13,192.58,199.89,191.28,198.62,196.89099,24549800
2022-05-16,197.05,205.37,195.92999,200.03999,198.29863,27112600
2022-05-17,202.12,205.46001,198.36,202.62,200.85616,24872700
2022-05-18,200,201,191.63,192.24001,190.56654,23960000
2022-05-19,191.2,195.28999,189.60001,191.28999,189.62479,24446900
2022-05-20,194.97,197.91,187.87,193.53999,191.85521,31465600
2022-05-23,195.19,196.99001,191.24001,196.23,194.52179,25059200
2022-05-24,180.55,183.67999,176.11,181.28,179.7019,50406300
2022-05-25,180.39999,185.45,179.32001,183.83,182.22975,28030200
2022-05-26,182.88,192.83,182.25999,191.63,189.96184,23056500
2022-05-27,191.36,195.33,189.8,195.13,193.4314,22562700
2022-05-31,194.89,197.60001,192.00999,193.64,191.95435,26131100
2022-06-01,196.50999,199.53,185,188.64,186.99789,36623500
2022-06-02,188.45,200.94,187.73,198.86,197.12889,31951600
2022-06-03,195.98,196.61,189.78,190.78,189.11923,19465000
2022-06-06,193.99001,196.92,188.39999,194.25,192.55904,30574200
2022-06-07,191.92999,196.53,191.49001,195.64999,193.94685,18828700
2022-06-08,194.67,202.03,194.41,196.64,194.92824,22267200
2022-06-09,194.28,199.45,183.67999,184,182.39824,23501600
2022-06-10,183.03999,183.10001,175.02,175.57001,174.04164,27450800
2022-06-13,170.59,172.58,164.03,164.25999,162.83008,31749300
2022-06-14,166.03,166.75,161.36,163.73,162.30472,27244300
2022-06-15,167.2,172.16,163.98,169.35001,167.87581,30008300
2022-06-16,163.72,165.08,159.61,160.87,159.46962,26944100
2022-06-17,161.67999,165.89999,159.89999,163.74001,162.31461,31374200
2022-06-21,165.92999,167.75999,155.97,157.05,155.68285,50724900
2022-06-22,158.38,160.78999,155.44,155.85001,154.49332,47267800
2022-06-23,156.27,159.75,154.25,158.75,157.36804,40499200
2022-06-24,161.73,170.25,161.3,170.16,168.67876,68736000
2022-06-27,171.32001,171.75,168.00999,169.49001,168.01457,29174600
2022-06-28,169.89999,171.3,160.61,160.67999,159.28123,27744500
2022-06-29,163.57001,166.33,160.32001,163.94,162.51288,28595200
2022-06-30,162.14999,165.23,158.49001,161.25,159.8463,35250600
2022-07-01,160.31,160.62,155,160.03,158.63695,31423900
2022-07-05,158.14,168.25,157.02,168.19,166.72589,28618600
2022-07-06,168.2,171.59,165.46001,169.77,168.29214,23085900
2022-07-07,169.45,172.72,167.78,172.19,170.69107,24083400
2022-07-08,169.98,172.39999,168.14999,170.88,169.39244,19249200
2022-07-11,167.07001,167.49001,161.91,162.88,161.46213,21885600
2022-07-12,164.8,165.91,162.10001,163.27,161.84871,16639700
2022-07-13,160.16,164.98,159.61,163.49001,162.06682,16555100
2022-07-14,161.22,162.59,157.28,158.05,156.67416,23765200
2022-07-15,160.53999,164.98,159.82001,164.7,163.26625,23342800
2022-07-18,166.75,171.69,165.64,167.23,165.77423,23574300
2022-07-19,170.37,176.49001,169.50999,175.78,174.24982,25933700
2022-07-20,177.49001,183.60001,176.7,183.09,181.49619,24784300
2022-07-21,180.63,183.85001,178.87,183.17,181.57549,27195800
2022-07-22,173.07001,175.60001,168.41,169.27,167.79648,42583900
2022-07-25,169,170.57001,164.81,166.64999,165.19928,26166300
2022-07-26,165.94,166,157.95,159.14999,157.76457,28468400
2022-07-27,162.59,170.87,162.02,169.58,168.10379,43846600
2022-07-28,161.06,161.50999,154.85001,160.72,159.32092,73214300
2022-07-29,157.69,160.14,155.17,159.10001,157.71504,42065400
2022-08-01,157.25,165.19,155.23,159.92999,158.53777,40596700
2022-08-02,158.31,162.24001,158.00999,160.19,158.79555,27374500
2022-08-03,162.69,169.53999,161.57001,168.8,167.33058,31721900
2022-08-04,168.3,172.14999,166.8,170.57001,169.08519,23938200
2022-08-05,166.99001,171.61,165.8,167.11,165.65529,25832700
2022-08-08,168,177.50999,167.13,170.25,168.76796,27299100
2022-08-09,168.95,169.53,166.60001,168.53,167.06293,18655100
2022-08-10,175.99001,180.48,173.95,178.34,176.78751,30262100
2022-08-11,179.71001,183.10001,176.37,177.49001,175.94492,24079100
2022-08-12,180.81,181.46001,178.91,180.5,178.92873,21274000
2022-08-15,178.96001,181.44,178.2,180.89,179.31534,15878700
2022-08-16,179.44,180.99001,177.03999,179.47,177.90768,21156700
2022-08-17,176.75999,178.14,174.17,174.85001,173.32793,20118100
2022-08-18,174.34,175.75999,171.86,174.66,173.13959,18844500
2022-08-19,170.2,172.32001,167.05,167.96001,166.49788,26240800
2022-08-22,165.49001,165.49001,162.25999,163.05,161.63065,19499700
2022-08-23,162.48,165.05,160.7,161.11,159.70752,18111800
2022-08-24,160.60001,165.46001,159.77,163.25999,161.83879,20891500
2022-08-25,165.17999,168.88,164.02,168.78,167.31073,15550500
2022-08-26,168.48,170.92,161.67,161.78,160.37169,24023600
2022-08-29,160.66,163.05,159.00999,159.17,157.78441,20052700
2022-08-30,160.35001,161.66,155.91,157.16,155.79193,19567900
2022-08-31,167.07001,167.84,162.14,162.92999,161.51167,40953000
2022-09-01,163.58,167.36,160.35001,165.36,163.92052,30145700
2022-09-02,167.45,167.92999,159.22,160.32001,158.92442,22634200
2022-09-06,160.10001,161.69,157.69,158.53999,157.15988,19339800
2022-09-07,157.75999,160.96001,156.81,160.39,158.99379,16831200
2022-09-08,158.71001,162.23,157.74001,162.06,160.64923,22530800
2022-09-09,163.25,169.53999,163.02,169.14999,167.67752,22086800
2022-09-12,167.39,171.39,167.28,168.96001,167.48921,23220400
2022-09-13,161.53999,161.63,152.67,153.13,151.79697,44444100
2022-09-14,153.33,153.53999,149.05,151.47,150.15147,43064200
2022-09-15,149.8,154.2,148.7,149.55,148.24812,34606300
2022-09-16,148.05,148.58,144.28999,146.28999,145.01651,40122800
2022-09-19,145.24001,148.58,145.10001,148.02,146.73146,22169500
2022-09-20,145.78,148.84,145.22,146.09,144.81827,23217400
2022-09-21,146.39,149.60001,142,142.12,140.88283,38338600
2022-09-22,141.55,144.58,140.87,142.82001,141.57677,34418500
2022-09-23,141.42,142.62,138.89,140.41,139.18774,31710700
2022-09-26,140.12,142.24001,136.19,136.37,135.18289,30497000
2022-09-27,137.92,139.42,134.12,134.39999,133.23004,30826500
2022-09-28,134.62,142.03,134.27,141.61,140.37727,32658500
2022-09-29,139.36,139.84,135.2,136.41,135.22253,38985400
2022-09-30,136.05,140.99001,135.5,135.67999,134.49889,33166400
2022-10-03,137.14,139.62,136.10001,138.61,137.40338,27723100
2022-10-04,140.49001,142.39,139.34,140.28,139.05884,34670700
2022-10-05,138.24001,140.21001,134.78,138.98,137.77016,27979300
2022-10-06,137.72,141.45,136.60001,139.07001,137.85939,36231100
2022-10-07,136.75999,138.28999,132.44,133.45,132.2883,33214800
2022-10-10,133.55,136.11,131.87,133.78999,132.62534,24024000
2022-10-11,131.62,132.66,126.99,128.53999,127.42101,38481400
2022-10-12,128.32001,129.67,126.25,127.5,126.39009,34605200
2022-10-13,123.53,131.14,122.53,130.28999,129.15581,34325700
2022-10-14,131,131.78999,126.52,126.76,125.65653,23559400
2022-10-17,130.3,134.78999,130.17999,134.03999,132.87318,29612200
2022-10-18,137.09,137.84,131.39999,132.8,131.64397,25445000
2022-10-19,132.89,137,132.22,133.23,132.07022,30691000
2022-10-20,132.92999,136.77,131.31,131.53,130.38499,26356300
2022-10-21,126.31,130.12,125.44,130.00999,128.87823,46348600
2022-10-24,127.25,133.48,124.57,129.72,128.59076,63563400
2022-10-25,130.88,138.35001,130.59,137.50999,136.31293,38433200
2022-10-26,131.67999,135.55,128.53,129.82001,128.68993,82791500
2022-10-27,97.980003,102.5,96.379997,97.940002,97.08741,232316600
2022-10-28,99.580002,100.85,97.510002,99.199997,98.336449,95928300
2022-10-31,98.220001,99.32,92.599998,93.160004,92.349037,121361400
2022-11-01,94.330002,97.489998,93.550003,95.199997,94.371284,110189600
2022-11-02,94.209999,95.199997,90.480003,90.540001,89.751846,71821100
2022-11-03,90.080002,90.459999,88.410004,88.910004,88.136032,60664000
2022-11-04,90.349998,91.389999,88.089996,90.790001,89.999664,55638100
2022-11-07,94.779999,96.879997,93.099998,96.720001,95.878036,81987300
2022-11-08,95.919998,97.800003,94.790001,96.470001,95.630211,52088300
2022-11-09,101.72,104.9,100.74,101.47,100.58669,107677300
2022-11-10,107.12,112.75,104.61,111.87,110.89616,80671000
2022-11-11,109.23,114.9,108.81,113.02,112.03615,59961700
2022-11-14,110.99,116.27,110.8,114.22,113.22569,53395000
2022-11-15,116.07,118.74,114.41,117.08,116.06081,50670500
2022-11-16,114.5,116.08,112.66,113.23,112.24432,33287800
2022-11-17,110.41,112.33,109.8,111.45,110.4798,35093800
2022-11-18,113.8,114.32,110.62,112.05,111.0746,33357700
2022-11-21,111.52,112.37,109.19,109.86,108.90366,24351100
2022-11-22,109.86,111.62,108.32,111.44,110.46989,29029000
2022-11-23,111.72,112.67,110.73,112.24,111.26294,21343100
2022-11-25,111.3,112.73,111.02,111.41,110.44017,12007600
2022-11-28,110.78,112.04,108.38,108.78,107.83306,23309400
2022-11-29,109.54,110.94,108.54,109.46,108.50715,23899200
2022-11-30,109.51,118.16,109.38,118.1,117.07192,43348600
2022-12-01,119.2,121.2,118.4,120.44,119.39156,36551400
2022-12-02,117.83,124.04,117.61,123.49,122.41501,39950500
2022-12-05,121.75,124.67,121.35,122.43,121.36425,35474900
2022-12-06,119.91,120.55,113.74,114.12,113.12657,43689200
2022-12-07,113.76,115.88,112.88,113.93,112.93822,29461100
2022-12-08,116.39,117.34,114.59,115.33,114.32603,30619400
2022-12-09,115.3,117.54,113.87,115.9,114.89108,26033400
2022-12-12,115.18,115.72,113.14,114.71,113.71144,24747100
2022-12-13,122.13,123.3,118.64,120.15,119.1041,44701100
2022-12-14,119.39,124.14,119.39,121.59,120.53154,36922000
2022-12-15,118.33,118.63,114.01,116.15,115.13891,34531000
2022-12-16,120.23,123.31,118.82,119.43,118.39034,67064000
2022-12-19,116.83,117.8,114.33,114.48,113.48344,29769900
2022-12-20,113.26,117.33,112.46,117.09,116.07072,28742500
2022-12-21,116.7,120.34,115.62,119.76,118.71748,20392800
2022-12-22,117.2,118.62,114.38,117.12,116.10045,23618100
2022-12-23,116.03,118.18,115.54,118.04,117.01246,17796600
2022-12-27,117.93,118.6,116.05,116.88,115.86253,21392300
2022-12-28,116.25,118.15,115.51,115.62,114.61352,19612500
2022-12-29,116.4,121.03,115.77,120.26,119.21313,22366200
2022-12-30,118.16,120.42,117.74,120.34,119.29243,19583800
2023-01-03,122.82,126.37,122.28,124.74,123.65412,35528500
2023-01-04,127.38,129.05,125.85,127.37,126.26123,32397100
2023-01-05,126.13,128.52,124.54,126.94,125.83497,25447100
2023-01-06,128.97,130.33,126.04,130.02,128.88817,27584500
2023-01-09,131.16,132.95,129.28,129.47,128.34294,26649100
2023-01-10,127.27,133.44,127.15,132.99001,131.83232,28684400
2023-01-11,130.96001,133.85001,130.34,132.89,131.73317,25423000
2023-01-12,133.44,137.67999,131.75999,136.71001,135.51996,30757700
2023-01-13,134.97,137.39,134.84,136.98,135.7876,22423800
2023-01-17,136.17999,136.75,134.25,135.36,134.18167,21147600
2023-01-18,135.81,137.25,132.8,133.02,131.86205,20215500
2023-01-19,132.49001,137.45,132.14,136.14999,134.96478,28625200
2023-01-20,135.89,139.94,134.61,139.37,138.15677,28688600
2023-01-23,139.28999,143.75999,138.66,143.27,142.02281,27470100
2023-01-24,141.69,145,141.36,143.14,141.89394,21970200
2023-01-25,141.22,143.17,140.31,141.5,140.26822,26622000
2023-01-26,144.39999,147.50999,143.3,147.3,146.01775,25482100
2023-01-27,148.24001,153.19,147.39,151.74001,150.41908,35771900
2023-01-30,149.41,151.12,146.95,147.06,145.77983,28040100
2023-01-31,147.95,149.88,147.52,148.97,147.6732,29842100
2023-02-01,148.03,153.58,147.06,153.12,151.78708,55661000
2023-02-02,183.38,197.16,180.16,188.77,187.12674,150475700
2023-02-03,183.47,196.77,182.89,186.53,184.90622,76809700
2023-02-06,186.53,190.7,185.52,186.06,184.44034,42483800
2023-02-07,185.58,193.78,184.39999,191.62,189.95192,47080700
2023-02-08,190,190.83,182.92,183.42999,181.83324,36139100
2023-02-09,186.13,186.64999,177.27,177.92,176.37122,37118800
2023-02-10,176.35001,178.89,173.35001,174.14999,172.634,33433600
2023-02-13,178.22,181,175.82001,179.42999,177.86806,31463200
2023-02-14,177.16,181.50999,175.88,179.48,177.91762,24034600
2023-02-15,176.42,178.19,175.33,177.16,175.6178,25308900
2023-02-16,172.75,175.85001,171.78999,172.44,170.93889,25827500
2023-02-17,170.22,173.17999,169.7,172.88,171.37508,24171300
2023-02-21,174.31,178.17,171.88,172.08,170.58203,34592600
2023-02-22,171.07001,172.75999,169.69,171.12,169.63039,22433200
2023-02-23,172,173.69,169.38,172.03999,170.54237,20017800
2023-02-24,168.64,170.72,167.66,170.39,168.90674,19791300
2023-02-27,171.88,173.12,169.06,169.53999,168.06413,19277000
2023-02-28,171.89999,177.55,171.87,174.94,173.41713,46051100
2023-03-01,174.59,177.85001,173.05,173.42,171.91035,30998400
2023-03-02,172.38,175.00999,171.42999,174.53,173.01071,17352000
2023-03-03,178.92,186.62,177.05,185.25,183.63737,45877700
2023-03-06,188,189.66,184.64,184.89999,183.29042,33209400
2023-03-07,189,190.36,184.00999,184.50999,182.90382,36701500
2023-03-08,182.87,185.25999,181.34,184.97,183.3598,19432400
2023-03-09,186.35001,188.92999,180.3,181.69,180.10838,26582800
2023-03-10,181.00999,184.77,178.8,179.50999,177.94734,25665000
2023-03-13,177.96001,183.78,174.82001,180.89999,179.32524,24728000
2023-03-14,187.58,194.32001,186.56,194.02,192.33104,41642600
2023-03-15,192.95,197.78,190.84,197.75,196.02855,42123600
2023-03-16,198.25999,205.75999,196.09,204.92999,203.14604,50447100
2023-03-17,200.56,201.89999,195.42999,195.61,193.90721,50141100
2023-03-20,198.48,199.36,193.64,197.81,196.08803,25186300
2023-03-21,203.2,203.55,197.95,202.16,200.40019,31827000
2023-03-22,202.5,207.37,199.67,199.81,198.07065,28477800
2023-03-23,202.84,207.88,202.14999,204.28,202.50172,27389700
2023-03-24,205.17999,207.58,203.55,206.00999,204.21666,27716400
2023-03-27,204.81,205.86,201.36,202.84,201.07426,18527200
2023-03-28,200.14999,201.03,197.89999,200.67999,198.93306,19127300
2023-03-29,203.56,205.72,202.53999,205.35001,203.56242,18851100
2023-03-30,203.38,208.09,202.82001,207.84,206.03073,22608300
2023-03-31,207.24001,212.17,206.77,211.94,210.09503,25440300
2023-04-03,208.84,213.49001,208.2,213.07001,211.21519,17924600
2023-04-04,213.39,216.24001,212.53999,214.72,212.85083,21026400
2023-04-05,214.14999,215.19,209.94,211.48,209.63902,19396600
2023-04-06,209.25,216.94,208.64999,216.10001,214.21883,26104400
2023-04-10,214.71001,215.66,210.66,214.75,212.88058,16106100
2023-04-11,215.48,216.02,213.41,213.85001,211.98845,16710100
2023-04-12,214.84,216.84,212.58,214,212.1371,18972200
2023-04-13,215.73,221.14999,215.69,220.35001,218.43182,23310400
2023-04-14,217.88,222.11,217.55,221.49001,219.5619,21591200
2023-04-17,219.78999,220.98,217.13,218.86,216.95482,15481900
2023-04-18,219.91,220.44,216.21001,217.89,215.99324,12281000
2023-04-19,213.47,217.33,212.92999,215.7,213.8223,15898100
2023-04-20,213.48,216.75,212.77,213.07001,211.21519,16475400
2023-04-21,210.21001,213.41,209.58,212.89,211.03674,17717200
2023-04-24,213.67999,213.92,210.71001,212.78999,210.93759,15750900
2023-04-25,210.82001,211.25999,207.13,207.55,205.74327,19198200
2023-04-26,212.5,214.11,208.88,209.39999,207.57716,41992700
2023-04-27,239.89,241.69,236.77,238.56,236.48328,71196500
2023-04-28,239.00999,240.42999,235.75,240.32001,238.22801,39554000
2023-05-01,238.62,244,236.46001,243.17999,241.06308,29143900
2023-05-02,243.17999,244.92,238.99001,239.24001,237.15736,24350100
2023-05-03,239.47,241.75,232.75,237.03,234.96663,34463900
2023-05-04,236.06,238.2,232.92999,233.52,231.4872,17889400
2023-05-05,232.24001,234.67999,229.85001,232.78,230.75363,27000500
2023-05-08,231.42,235.62,230.27,233.27,231.23938,16400500
2023-05-09,231.46001,235.88,231.08,233.37,231.33849,16865600
2023-05-10,236.17,236.75,230.72,233.08,231.05103,19119000
2023-05-11,233.05,238.21001,232.3,235.78999,233.73741,20449000
2023-05-12,236.74001,236.96001,231.45,233.81,231.77464,16161400
2023-05-15,236.92,240.25999,235.33,238.86,236.78069,20653200
2023-05-16,235.78999,239.64,235.52,238.82001,236.74106,18163800
2023-05-17,238.45,243.84,238.14,242.49001,240.3791,21193100
2023-05-18,241.3,247.09,241.19,246.85001,244.70116,22943300
2023-05-19,247.47,248.69,243.41,245.64,243.50166,21733600
2023-05-22,245.41,253.57001,245.12,248.32001,246.15836,27738500
2023-05-23,246.81,251.61,246.64999,246.74001,244.59212,17748100
2023-05-24,245.28,249.59,244.95,249.21001,247.04062,17724300
2023-05-25,253.39999,255.62,249.17,252.69,250.4903,22371400
2023-05-26,252.92999,262.31,252.71001,262.04001,259.75894,25727200
2023-05-30,265.25,268.64999,261.29001,262.51999,260.23474,23816500
2023-05-31,260,265,258.45001,264.72,262.41562,25473700
2023-06-01,265.89999,274,265.89001,272.60999,270.23685,25609500
2023-06-02,272.66,275.35001,271.12,272.60999,270.23685,19416900
2023-06-05,270.29999,275.57001,269.56,271.39001,269.02756,20742900
2023-06-06,270.14001,276.57001,269.69,271.12,268.7598,19419000
2023-06-07,271.67001,274.25,262.79999,263.60001,261.30533,26163600
2023-06-08,260.62,267.64999,258.88,264.57999,262.27682,20899400
2023-06-09,262.48001,267.95001,261.70001,264.95001,262.64362,16949800
2023-06-12,267.17001,271.75,265.32999,271.04999,268.69046,15442500
2023-06-13,274.88,275.72,269.09,271.32001,268.95813,16164000
2023-06-14,271.89001,274.98999,268.32001,273.35001,270.97046,19175100
2023-06-15,272.29999,283.98999,271.42001,281.82999,279.37665,25973500
2023-06-16,284.75,287.85001,280.13,281,278.55389,43127700
2023-06-20,278.73001,284.79999,276.22,284.32999,281.85486,20701600
2023-06-21,283.53,284,278.35999,281.64001,279.18829,20556200
2023-06-22,279.07999,285.26001,277.79001,284.88,282.40015,17563100
2023-06-23,281.51001,289.67001,278.95001,288.73001,286.21661,51092000
2023-06-26,288.70001,289.79001,277.60001,278.47,276.04596,24232700
2023-06-27,282.01001,289.35001,280.64999,287.04999,284.55118,26108300
2023-06-28,284.82001,289.54999,284.06,285.29001,282.80652,16722100
2023-06-29,284.5,286.57001,280.69,281.53,279.07932,15395700
2023-06-30,284.76001,289.04999,284.42001,286.98001,284.48181,19694900
2023-07-03,286.70001,289.39999,284.85001,286.01999,283.53015,8629300
2023-07-05,287.64999,298.12,286.35999,294.37,291.80746,33865500
2023-07-06,295.89001,298.12,291.31,291.98999,289.44815,47600500
2023-07-07,292.17999,296.20001,288.66,290.53,288.00092,25586000
2023-07-10,295.54999,298.13,287.04999,294.10001,291.53986,37058300
2023-07-11,293.89999,300.17999,291.89999,298.29001,295.69336,27585900
2023-07-12,301.75,309.45001,300.10001,309.34,306.64713,36677100
2023-07-13,313.62,316.23999,310.29001,313.41,310.68173,30281000
2023-07-14,311.79001,314.88,307.35999,308.87,306.18124,23054100
2023-07-17,307.54001,311.70999,304.70999,310.62,307.91599,25323100
2023-07-18,310.88,314.20001,307.62,312.04999,309.33356,20731900
2023-07-19,313.03,318.67999,310.51999,316.01001,313.25912,21763700
2023-07-20,313.5,315.54001,302.22,302.51999,299.88654,23836900
2023-07-21,304.57001,305.45999,291.20001,294.26001,291.69843,42139300
2023-07-24,295.78,297.51999,288.29999,291.60999,289.07147,24915700
2023-07-25,295.19,298.29999,291.85999,294.47,291.90662,19585600
2023-07-26,301.19,301.76999,291.89999,298.57001,295.97092,47256900
2023-07-27,325.12,325.35001,309.84,311.70999,308.99652,64229200
2023-07-28,316.88,326.20001,314.25,325.48001,322.64664,39220300
2023-07-31,323.69,325.66,317.59,318.60001,315.82654,25799600
2023-08-01,317.54001,324.14001,314.66,322.70999,319.90076,22817900
2023-08-02,318,318.39001,310.64999,314.31,311.57391,20461100
2023-08-03,309.92999,315.95001,309.92999,313.19,310.46365,15180200
2023-08-04,314.95999,318.41,310.20001,310.73001,308.02502,17612800
2023-08-07,313.23001,317.07001,310.45999,316.56,313.80429,16236500
2023-08-08,314.39999,317.89001,310.10999,312.64001,309.91843,15183500
2023-08-09,312.88,313.63,302.85001,305.20999,302.55313,19955800
2023-08-10,307.94,312.34,303.87,305.73999,303.07852,14358900
2023-08-11,302.57001,304.72,300.35999,301.64001,299.01422,14046300
2023-08-14,300.98001,306.20999,298.25,306.19,303.52457,15641900
2023-08-15,306.14001,307.23001,300.03,301.95001,299.32147,11623600
2023-08-16,300.20001,301.07999,294.28,294.29001,291.72815,18547700
2023-08-17,293.04999,296.04999,284.95001,285.09,282.60822,23950100
2023-08-18,279.03,285.69,274.38,283.25,280.7843,35347900
2023-08-21,283.45001,290.5,281.85001,289.89999,287.3764,20181500
2023-08-22,292.54999,292.89999,286.75,287.60001,285.09644,12980200
2023-08-23,288.5,297.39999,287.67001,294.23999,291.67865,18287000
2023-08-24,298.5,299.45999,286.64001,286.75,284.25381,18360900
2023-08-25,286.13,288.39001,276.03,285.5,283.01465,23701400
2023-08-28,288,291.45001,285.79999,290.26001,287.73328,14239300
2023-08-29,288.57999,299.14999,288.17999,297.98999,295.39597,20844500
2023-08-30,297.17001,298.29001,293.42999,295.10001,292.53116,17717000
2023-08-31,295.79999,301.10001,295.66,295.89001,293.3143,17229900
2023-09-01,299.37,301.73999,294.47,296.38,293.79999,12842300
2023-09-05,297.01999,301.39001,295.51001,300.14999,297.5372,14956000
2023-09-06,301.70999,303.29999,295.66,299.17001,296.56573,15418100
2023-09-07,298,307.04999,292.22,298.67001,296.07004,33748700
2023-09-08,299.22,305.25,296.78,297.89001,295.29688,17548000
2023-09-11,301.41,309.04001,301.28,307.56,304.88266,19489300
2023-09-12,306.32999,308.66,300.23001,301.66,299.034,13480400
2023-09-13,302.35999,307.17999,301.32001,305.06,302.40445,13210900
2023-09-14,306.73999,312.87,305.03,311.72,309.00647,19343100
2023-09-15,311.60999,312,298.75,300.31,297.69574,28131100
2023-09-18,298.19,303.60001,297.79999,302.54999,299.91626,14234200
2023-09-19,302.48001,306.17001,299.81,305.07001,302.41434,15924400
2023-09-20,305.04999,308.06,299.42999,299.67001,297.06131,19379500
2023-09-21,295.70001,300.26001,293.26999,295.73001,293.15561,21319600
2023-09-22,299.29999,305.38,298.26999,299.07999,296.4765,25369600
2023-09-25,295.64001,300.95001,293.70001,300.82999,298.21124,18987000
2023-09-26,297.66,300.29999,296.01001,298.95999,296.35745,19417200
2023-09-27,300.45001,301.29999,286.79001,297.73999,295.14813,36429800
2023-09-28,298.94,306.32999,296.70001,303.95999,301.31396,22167100
2023-09-29,307.38,310.64001,299.35999,300.20999,297.59665,25373700
2023-10-02,302.73999,307.17999,301.63,306.82001,304.14914,16265600
2023-10-03,304.26001,306.76999,299.64001,300.94,298.32031,17362300
2023-10-04,298.73001,306.89999,298.5,305.57999,302.91983,16880500
2023-10-05,304.63,306.20999,299.5,304.79001,302.13678,19130000
2023-10-06,301.44,316.31,300.91,315.42999,312.68408,21803900
2023-10-09,312.5,320.32999,311.82001,318.35999,315.58859,22503700
2023-10-10,319.12,324.66,318.16,321.84,319.03833,19038000
2023-10-11,323.01001,328.84,322.95001,327.82001,324.96634,22036300
2023-10-12,328,330.54001,322.69,324.16,321.33817,20530500
2023-10-13,323.53,325.04999,312.37,314.69,311.95059,21341000
2023-10-16,318.64001,321.82001,315.51999,321.14999,318.35431,16536100
2023-10-17,318.17999,324.39999,317.29999,324,321.17957,16387800
2023-10-18,321.39001,325.94,315.56,316.97,314.21072,16851000
2023-10-19,319.88,321.89001,311.75,312.81,310.08694,18709200
2023-10-20,314.14001,315.29999,306.47,308.64999,305.9631,22312300
2023-10-23,309.5,317.35999,307.26001,314.01001,311.27655,17796800
2023-10-24,316.78,318.35001,310.63,312.54999,309.82922,19525500
2023-10-25,310,310.88,298.84,299.53,296.92255,42192500
2023-10-26,295,295,279.39999,288.35001,285.8399,66684100
2023-10-27,294.48001,299.31,292.97,296.73001,294.14691,29596300
2023-10-30,299.09,309.39999,299.04999,302.66,300.02533,28435100
2023-10-31,303.31,303.67999,296.85999,301.26999,298.6474,19434200
2023-11-01,301.85001,312.73999,301.85001,311.85001,309.13528,20434600
2023-11-02,317.29999,318.82001,308.32999,310.87,308.16385,21631800
2023-11-03,312.54999,315.54999,311.01999,314.60001,311.86133,16764300
2023-11-06,315.98001,318.32999,314.45001,315.79999,313.0509,12887700
2023-11-07,317.06,321,315.12,318.82001,316.04462,14055600
2023-11-08,318.14001,321.32999,314.88,319.78,316.99631,13609700
2023-11-09,319.42001,324.17999,318.79999,320.54999,317.75952,16103100
2023-11-10,319.94,329.10001,319.45999,328.76999,325.90802,19096200
2023-11-13,326.20001,332.32999,325.70001,329.19,326.3244,16908900
2023-11-14,334.54001,338.10001,333.32999,336.31,333.38242,17179400
2023-11-15,337.92999,338.39999,330.01999,332.70999,329.81372,14531200
2023-11-16,329.37,334.57999,326.38,334.19,331.28082,18932600
2023-11-17,330.26001,335.5,329.35001,335.04001,332.12344,14494400
2023-11-20,334.89001,341.87,334.19,339.97,337.01053,16960500
2023-11-21,338.32999,339.89999,335.89999,336.98001,334.0466,12027900
2023-11-22,339.20999,342.92001,338.57999,341.48999,338.51724,10702700
2023-11-24,340.13,341.85999,336.76999,338.23001,335.28564,5467500
2023-11-27,336.17999,339.89999,334.20001,334.70001,331.78647,15684500
2023-11-28,333.39999,339.38,333.39999,338.98999,336.03906,12637200
2023-11-29,339.69,339.89999,330.78,332.20001,329.3082,16024500
2023-11-30,331.89001,333.5,322.39999,327.14999,324.30212,23146400
2023-12-01,325.48001,326.85999,320.76001,324.82001,321.9924,15276400
2023-12-04,317.29001,320.85999,313.66,320.01999,317.23422,19037100
2023-12-05,318.98001,321.88,315.39001,318.29001,315.51926,16952100
2023-12-06,321.92999,322.25,317.04001,317.45001,314.68655,11294300
2023-12-07,317.76999,328.23999,317.76999,326.59,323.74701,15905100
2023-12-08,323.09,333.17001,323,332.75,329.8533,14087400
2023-12-11,329.39999,329.89001,320,325.28,322.44843,25802500
2023-12-12,324.60001,334.47,324.56,334.22,331.31058,18485500
2023-12-13,333.92999,338.37,332.64001,334.73999,331.82602,16353300
2023-12-14,333.85001,334.70001,328.64001,333.17001,330.26968,19607300
2023-12-15,331.98999,338.66,331.22,334.92001,332.00452,31776900
2023-12-18,337.48001,347.56,337.01999,344.62,341.62006,18993900
2023-12-19,345.57999,353.60001,345.12,350.35999,347.31006,17729400
2023-12-20,348.64999,354.95999,347.79001,349.28,346.23944,16369900
2023-12-21,352.98001,356.41,349.20999,354.09,351.00754,15289600
2023-12-22,355.57999,357.20001,351.22,353.39001,350.31375,11772800
2023-12-26,354.98999,356.98001,353.45001,354.82999,351.74112,9898600
2023-12-27,356.07001,359,355.31,357.82999,354.71506,13207900
2023-12-28,359.70001,361.89999,357.81,358.32001,355.20078,11798800
2023-12-29,358.98999,360,351.82001,353.95999,350.87872,14987100
2024-01-02,351.32001,353.16,340.01001,346.29001,343.27551,19042200
2024-01-03,344.98001,347.95001,343.17999,344.47,341.47131,15451100
2024-01-04,344.5,348.14999,343.39999,347.12,344.09827,12099900
2024-01-05,346.98999,353.5,346.26001,351.95001,348.88626,13920700
2024-01-08,354.70001,358.98001,352.04999,358.66,355.53781,13890200
2024-01-09,356.39999,360.64001,355.35999,357.42999,354.31854,13463900
2024-01-10,360.17001,372.94,359.07999,370.47,367.245,22117200
2024-01-11,372.13,372.78,362.92999,369.67001,366.452,17205400
2024-01-12,370.16,377.06,369.54001,374.48999,371.23004,19310000
2024-01-16,373.64999,375.60999,367.23001,367.45999,364.26117,15306900
2024-01-17,366.29999,368.54001,358.60999,368.37,365.16327,12724800
2024-01-18,371.48999,376.85001,370.95001,376.13,372.85574,16354300
2024-01-19,379,384.35999,377.97,383.45001,380.11206,21670800
2024-01-22,387.95001,390.35001,381.16,381.78,378.45657,17680500
2024-01-23,384.62,388.38,382.07999,385.20001,381.84677,15506100
2024-01-24,390,396.14999,387.81,390.70001,387.29892,15698500
2024-01-25,390.17001,395.48999,385.66,393.17999,389.75732,15091100
2024-01-26,394.35001,396.79001,391.59,394.14001,390.70895,13163700
2024-01-29,394.98999,402.92999,393.10001,401.01999,397.52902,18742400
2024-01-30,403.59,406.35999,399.57001,400.06,396.57742,18614700
2024-01-31,389,398,387.10001,390.14001,386.74374,20180800
2024-02-01,393.94,400.5,393.04999,394.78,391.34332,29727100
2024-02-02,459.60001,485.95999,453.01001,474.98999,470.85516,84707600
2024-02-05,469.88,471.89999,459.22,459.41,455.41077,40832400
2024-02-06,464,467.12,453,454.72,450.7616,21655200
2024-02-07,458,471.51999,456.17999,469.59,465.50214,23066000
2024-02-08,468.32001,470.59,465.03,470,465.90857,18815100
2024-02-09,472.95001,473.59,467.47,468.10999,464.03503,18413100
2024-02-12,468.19,479.14999,466.57999,468.89999,464.81818,19382000
2024-02-13,456.87,467.89001,455.09,460.12,456.11456,20916600
2024-02-14,467.92999,474.10999,466.09,473.28,469.16003,16858400
2024-02-15,475.28,488.62,472.22,484.03,479.8165,24212300
2024-02-16,478.10999,478.95999,469.20999,473.32001,469.19965,23324600
2024-02-20,469.72,476.17999,466.56,471.75,467.64337,18015500
2024-02-21,466.5,469,461.79001,468.03,464.448,12921800
2024-02-22,480.23999,489.98999,476.06,486.13,482.40945,21625800
2024-02-23,488.04999,494.35999,482.35001,484.03,480.32559,18374300
2024-02-26,483.47,486.14001,480.60001,481.73999,478.05304,12101400
2024-02-27,479.98001,487.26999,479.92001,487.04999,483.32245,10809600
2024-02-28,485,491.04999,482.75,484.01999,480.31561,12715500
2024-02-29,488.44,491.70001,482.60999,490.13,486.37888,17732000
2024-03-01,492.10999,504.25,491.85001,502.29999,498.45572,16273600
2024-03-04,503,504.42001,496.42001,498.19,494.3772,12324100
2024-03-05,495,495.57999,487.89001,490.22,486.4682,15325300
2024-03-06,497.63,502.97,494.29001,496.09,492.29321,11757900
2024-03-07,503.28,519.84998,501.38,512.19,508.27002,18586400
2024-03-08,514.19,523.57001,499.35001,505.95001,502.07782,18597100
2024-03-11,497.01001,497.32001,476,483.59,479.88889,20428300
2024-03-12,493.26001,502.31,484.73001,499.75,495.92526,15448200
2024-03-13,495.39001,500.98001,491.03,495.57001,491.77728,12090700
2024-03-14,500.26001,501.35001,488.16,491.82999,488.06586,12620000
2024-03-15,489.01001,491.82999,481.29999,484.10001,480.39502,29153600
2024-03-18,491.91,497.42001,486.81,496.98001,493.17645,11755300
2024-03-19,488.17001,496.63,481.28,496.23999,492.44214,10903100
2024-03-20,499.5,508.20001,495.17001,505.51999,501.65109,11711100
2024-03-21,514.71002,515.03998,506.01001,507.76001,503.87396,9712500
2024-03-22,507,509.97,504.34,509.57999,505.67993,8120600
2024-03-25,505.79001,507.22,500.23999,503.01999,499.17023,8380600
2024-03-26,505.13,510,495.20999,495.89001,492.09479,11205400
2024-03-27,499.29999,499.89001,488.07001,493.85999,490.08029,9989700
2024-03-28,492.84,492.89001,485.14999,485.57999,481.86368,15212800
2024-04-01,487.20001,497.42999,481.78,491.35001,487.58954,9247000
2024-04-02,485.10001,497.53,484.64999,497.37,493.56345,11081000
2024-04-03,498.92999,507.23999,498.75,506.73999,502.86172,12099200
2024-04-04,516.41998,530,510.57999,510.92001,507.00977,26476300
2024-04-05,516.85999,530.70001,514.40997,527.34003,523.30408,19263300
2024-04-08,529.28003,531.48999,518.89001,519.25,515.276,13260600
2024-04-09,522.22998,525.87,506.73999,516.90002,512.94403,10863800
2024-04-10,509.29001,522.56,505.79999,519.83002,515.85156,11418500
2024-04-11,521.10999,523.85999,517.28998,523.15997,519.15607,10369500
2024-04-12,517.75,520.19,509.32999,511.89999,507.98224,11984500
2024-04-15,516.71997,518.53003,497.28,500.23001,496.40158,13512900
2024-04-16,498.10999,504.76999,497.10999,499.76001,495.93518,9847900
2024-04-17,503.10001,503.16,487.14001,494.17001,490.38797,12193700
2024-04-18,499.82001,512.21002,499.04001,501.79999,497.95953,14808700
2024-04-19,502.79999,502.79999,475.73001,481.07001,477.38821,25215400
2024-04-22,489.72,492.01001,473.39999,481.73001,478.04318,17271100
2024-04-23,491.25,498.76001,488.97,496.10001,492.30316,15079200
2024-04-24,508.06,510,484.57999,493.5,489.72311,37772700
2024-04-25,421.39999,445.76999,414.5,441.38,438.00195,82890700
2024-04-26,441.45999,446.44,431.95999,443.29001,439.89734,32691400
2024-04-29,439.56,439.76001,428.56,432.62,429.30899,21502600
2024-04-30,431.04999,439.62,429.72,430.17001,426.87778,18429500
2024-05-01,428.60001,449.95999,427.10999,439.19,435.82874,20344900
2024-05-02,438.84,443.95999,432.28,441.67999,438.29965,15221300
2024-05-03,445.92999,454.17001,443.85001,451.95999,448.50098,16489100
2024-05-06,455.57999,466.16,453.34,465.67999,462.116,15094600
2024-05-07,466.29001,471.53,461.31,468.23999,464.6564,13406800
2024-05-08,463.5,475.57999,463,472.60001,468.98303,11683900
2024-05-09,470,476.07999,467.63,475.42001,471.7814,9437700
2024-05-10,477.09,477.5,469.60001,476.20001,472.55554,10750000
2024-05-13,472.75,473.35001,462.85001,468.01001,464.42816,14668800
2024-05-14,463.37,472.54001,460.07999,471.85001,468.23877,10478600
2024-05-15,474.98001,482.5,471.20001,481.54001,477.85461,13100500
2024-05-16,475,477.69,472.75,473.23001,469.60822,16608200
2024-05-17,470.82999,472.79999,468.42001,471.91,468.29834,10807300
2024-05-20,469.95001,473.20001,467.04001,468.84,465.2518,11745100
2024-05-21,467.12,470.70001,462.26999,464.63,461.07404,11742200
2024-05-22,467.87,473.72,465.64999,467.78,464.19995,10078600
2024-05-23,472.88,474.35999,461.54001,465.78,462.21521,11747900
2024-05-24,467.62,479.85001,466.29999,478.22,474.56,12024300
2024-05-28,476.57999,480.85999,474.84,479.92001,476.24698,10175800
2024-05-29,474.66,479.85001,473.70001,474.35999,470.72949,9226200
2024-05-30,471.67001,471.73001,464.70999,467.04999,463.47552,10719600
2024-05-31,465.79999,469.12,454.45999,466.82999,463.25717,16919800
2024-06-03,470.85999,479.60001,468.23999,477.48999,473.8356,11279400
2024-06-04,477,478.89001,473.23001,476.98999,473.33945,7088700
2024-06-05,484.45001,496.64999,483.91,495.06,491.27112,15690500
2024-06-06,492.98001,502.82001,490.89001,493.76001,489.98111,10667300
2024-06-07,495.91,498.91,490.17001,492.95999,489.18719,9380700
2024-06-10,493.85999,502.66,493.41,502.60001,498.75348,11220900
2024-06-11,500.16,507.60001,498.26999,507.47,503.58615,9673700
2024-06-12,513.98999,514.01001,504.47,508.84,504.94568,11983200
2024-06-13,505.70999,509.35999,501.35999,504.10001,500.24194,9954600
2024-06-14,502.64999,507.14999,500.75,504.16,500.79822,10243300
2024-06-17,501.67001,510.75,496.01001,506.63,503.25174,11266600
2024-06-18,504.56,506,495.01999,499.48999,496.15933,13060400
2024-06-20,502,503.67001,496.76999,501.70001,498.35464,11801200
2024-06-21,503.45001,503.45001,492.39001,494.78,491.48074,22359200
2024-06-24,499.20001,507.79999,494.29001,498.91,495.58322,13525300
2024-06-25,497.04999,510.70999,495.5,510.60001,507.19528,12063200
2024-06-26,506.64999,513.81,504.67999,513.12,509.69849,8882300
2024-06-27,514.25,522.88,513.90002,519.56,516.09552,10121200
2024-06-28,517.15002,521.88,503.84,504.22,500.85785,15855100
2024-07-01,504.95001,506.57999,493.17001,504.67999,501.31476,10328200
2024-07-02,500.76001,510.5,499.45001,509.5,506.1026,7739500
2024-07-03,506.37,511.28,506.01999,509.95999,506.55948,6005600
2024-07-05,511.60001,540.87,511.60001,539.90997,536.30981,21354100
2024-07-08,542.34998,542.81,526.65002,529.32001,525.79047,14917500
2024-07-09,533.75,537.47998,528.19,530,526.46582,8753200
2024-07-10,530.78998,538.88,528.35999,534.69,531.12463,10983300
2024-07-11,530.89001,535.46002,508.37,512.70001,509.28131,16458300
2024-07-12,497.76001,508.09,494.23001,498.87,495.54349,19750500
2024-07-15,498.63,506.67999,493.37,496.16,492.85156,12539200
2024-07-16,501.5,503.95001,485.79001,489.79001,486.52402,14075800
2024-07-17,479.17001,479.17001,459.12,461.98999,458.90939,28076600
2024-07-18,475,479.23999,464.54001,475.85001,472.67694,19267200
2024-07-19,476.06,486.70999,475.70999,476.79001,473.61078,15149400
2024-07-22,486.57999,492.06,483.89999,487.39999,484.14999,12023100
2024-07-23,489.84,495.22,487.72,488.69,485.43137,9455500
2024-07-24,472.31,476.29999,460.57999,461.26999,458.19418,17649700
2024-07-25,463.26001,463.54999,442.64999,453.41,450.38669,18240500
2024-07-26,464.20001,469.76999,459.42001,465.70001,462.5947,14222400
2024-07-29,469.88,473.95999,465.01999,465.70999,462.60458,11339600
2024-07-30,467,472.73001,456.70001,463.19,460.10141,11390400
2024-07-31,471.01999,476.5,466.75,474.82999,471.66379,24285800
2024-08-01,521,527.16998,492.10001,497.73999,494.42102,43083100
2024-08-02,489,501.14999,476.14999,488.14001,484.88507,24044700
2024-08-05,451.35001,483.48001,450.79999,475.73001,472.5578,21396200
2024-08-06,479,502.56,478.64999,494.09,490.79541,20955000
2024-08-07,503.13,510.14999,486.85999,488.92001,485.65985,20105300
2024-08-08,497.5,509.95999,494.72,509.63,506.23178,16156800
2024-08-09,507.70999,518.34003,505.70001,517.77002,514.3175,13696600
2024-08-12,516.85999,518.02002,509.10001,515.95001,512.50958,9767400
2024-08-13,520.01001,531.5,518.15002,528.53998,525.01563,13743800
2024-08-14,528.06,534,523.13,526.76001,523.24756,11444200
2024-08-15,531.78998,539.77002,526.70001,537.33002,533.74707,13482100
2024-08-16,531.90002,533.65997,524.65997,527.41998,523.90308,14776700
2024-08-19,526.87,531.65997,522.76001,529.28003,525.75067,9879700
2024-08-20,528.34998,531.09003,525.88,526.72998,523.21765,7944400
2024-08-21,527.15002,539.40002,526.92999,535.15997,531.59143,13423300
2024-08-22,537,544.22998,528.59003,531.92999,528.383,15708300
2024-08-23,536.91998,539.87,525.06,528,524.47919,11323900
2024-08-26,527.59998,528,514.95001,521.12,517.64508,9584000
2024-08-27,518.97998,524.01001,515.31,519.09998,515.63855,6282700
2024-08-28,517.66998,521.09003,512.45001,516.78003,513.33411,9106100
2024-08-29,519.04999,527.20001,515.67999,518.21997,514.76447,8317400
2024-08-30,521.34998,523.53998,515.20001,521.31,517.8338,9157500
2024-09-03,519.64001,525.48999,508.62,511.76001,508.34753,12459100
2024-09-04,506.07001,516.59003,504.07001,512.73999,509.32104,8335200
2024-09-05,511.72,521.63,511.14999,516.85999,513.41357,8640900
2024-09-06,521.88,524.58002,498.25,500.26999,496.93411,14744500
2024-09-09,506.16,511.32999,502.07999,504.79001,501.42404,11047800
2024-09-10,508.16,514.17999,500.03,504.79001,501.42404,9899000
2024-09-11,507.01001,513.12,495.60001,511.82999,508.41705,10782500
2024-09-12,517.04999,526.71002,515.21997,525.59998,522.09528,11970500
2024-09-13,520.34003,527.58002,517.10999,524.62,521.12177,10321400
2024-09-16,524.53998,534.09998,517.40002,533.28003,530.22949,9527600
2024-09-17,537.59998,542.09998,530.57001,536.32001,533.25208,11690800
2024-09-18,537.07001,544.20001,533.90002,537.95001,534.87268,10323500
2024-09-19,550,562.07001,546.52002,559.09998,555.90167,15647000
2024-09-20,560,564.5,556.29999,561.34998,558.13885,22066800
2024-09-23,569.5,573.97998,562.40997,564.40997,561.18127,12830700
2024-09-24,566.67999,567.75,554.19,563.33002,560.10754,12993000
2024-09-25,564.04999,576.88,563.71997,568.31,565.0589,16543400
2024-09-26,575.72998,577.40002,562.34998,567.84003,564.5918,14400800
2024-09-27,570.09998,570.84003,564.51001,567.35999,564.11444,9398400
2024-09-30,567.70001,574.67999,564.79999,572.44,569.16534,12792300
2024-10-01,577.97998,583.03998,570.09998,576.46997,573.1723,15259300
2024-10-02,574.85999,576,569.34003,572.81,569.53326,6524700
2024-10-03,570.15002,583.35999,568.72998,582.77002,579.43634,11581000
2024-10-04,583.72998,596.84998,581.42999,595.94,592.53094,14169500
2024-10-07,598.21997,602.95001,584.03998,584.78003,581.43481,12014200
2024-10-08,589.69,593.56,585.96997,592.89001,589.49835,7857400
2024-10-09,593.98999,594.39001,581.60999,590.51001,587.13202,9529700
2024-10-10,587.57001,590.22998,582.52002,583.83002,580.49017,7740400
2024-10-11,584.83002,591.21002,582.71002,589.95001,586.5752,8587100
2024-10-14,594.21997,600.09998,589.96002,590.41998,587.04248,8252000
2024-10-15,590.15997,590.60999,580.14001,586.27002,582.9162,9564200
2024-10-16,581.40002,582.08002,574.03003,576.78998,573.49054,11268400
2024-10-17,583.33002,584.96997,575.20001,576.92999,573.6297,8701200
2024-10-18,581.09998,583.96997,575.25,576.46997,573.1723,7694300
2024-10-21,576.03003,577.23999,569.10999,575.15997,571.86981,8171900
2024-10-22,574.28998,583.53003,572.12,582.01001,578.68066,8544500
2024-10-23,579.96997,585,562.5,563.69,560.46539,14248400
2024-10-24,567.13,568.88,561.52002,567.78003,564.53204,7184700
2024-10-25,573.92999,581.28998,571.71997,573.25,569.9707,11337900
2024-10-28,582,583.75,574.12,578.15997,574.85266,10925100
2024-10-29,580.15002,593.66998,575.40002,593.28003,589.88617,13019100
2024-10-30,600.97998,601.20001,589.38,591.79999,588.41467,26864900
2024-10-31,585,589.90002,563.01001,567.58002,564.33325,26838400
2024-11-01,567.60999,573.66998,562.56,567.15997,563.91553,15303200
2024-11-04,564.09998,568.69,557.89001,560.67999,557.47272,12064600
2024-11-05,567.29999,573.47998,566.66998,572.42999,569.1554,9775400
2024-11-06,562.75,573,555.16998,572.04999,568.77759,18305400
2024-11-07,576.89001,594.79999,575.21002,591.70001,588.31519,14653700
2024-11-08,591.53998,593.09998,584.52002,589.34003,585.96869,9415700
2024-11-11,586.35999,587,576.51001,583.16998,579.83398,10209100
2024-11-12,588.53998,599.65997,580.38,584.82001,581.47455,16287700
2024-11-13,582.60999,585.64001,575.16998,580,576.68213,10757600
2024-11-14,577,580.76001,573.01001,577.15997,573.85846,11053700
2024-11-15,571.21997,572.57001,551.5,554.08002,550.9104,17712900
2024-11-18,557.03998,559.90002,550.09003,554.40002,551.22858,14327300
2024-11-19,551.85999,561.42999,550.59998,561.09003,557.88031,9522400
2024-11-20,562.92999,566.34998,554.20001,565.52002,562.28491,9797300
2024-11-21,569.52002,570,549.04999,563.09003,559.8689,11154700
2024-11-22,563.54999,563.83002,554.59003,559.14001,555.94153,9164000
2024-11-25,562.09998,572.59003,556.39001,565.10999,561.87732,13599800
2024-11-26,566,577.5,565.20001,573.53998,570.25916,10356600
2024-11-27,574.89001,574.97998,564.09998,569.20001,565.94385,7200200
2024-11-29,569,578.46002,566.90002,574.32001,571.03461,7130500
2024-12-02,577.5,594.5,575.57001,592.83002,589.43872,12522400
2024-12-03,595,614.20001,591.25,613.65002,610.13971,14907200
2024-12-04,612.96002,617.78003,605.09998,613.78003,610.26892,14697000
2024-12-05,617.08002,619.90002,607.04999,608.92999,605.44666,8081200
2024-12-06,610.09998,629.78998,608.53003,623.77002,620.20184,16935500
2024-12-09,623.91998,626.40002,606.16998,613.57001,610.06012,11426000
2024-12-10,617.56,625.59003,612.73999,619.32001,615.77722,10938900
2024-12-11,623.37,638.40002,621.53003,632.67999,629.06085,10837200
2024-12-12,631.5,636.65997,627.21002,630.78998,627.18164,7474700
2024-12-13,627.21997,631.08002,616.89001,620.34998,616.80139,8453300
2024-12-16,629.97998,631.15002,618.58002,624.23999,621.16974,10885600
2024-12-17,626.16998,632.37,616.53998,619.44,616.39331,12897800
2024-12-18,621,627.35999,596.32001,597.19,594.25275,17075500
2024-12-19,610.39001,611.52002,595,595.57001,592.64075,14958100
2024-12-20,590.58002,603.10999,580,585.25,582.37146,48989400
2024-12-23,589.59998,601.09003,586.25,599.84998,596.89966,10205800
2024-12-24,602.71997,607.98999,599.28003,607.75,604.7608,4726100
2024-12-26,605.47998,606.29999,598.94,603.34998,600.38239,6081400
2024-12-27,599.40997,601.84998,589.79999,599.81,596.85992,8084200
2024-12-30,588.75,596.94,585.58002,591.23999,588.33197,7025900
2024-12-31,592.27002,593.96997,583.84998,585.51001,582.63019,6019500
2025-01-02,589.71997,604.90997,587.82001,599.23999,596.29266,12682300
2025-01-03,604.76001,609.5,596.40997,604.63,601.65613,11436800
2025-01-06,611.83002,630.98999,605.62,630.20001,627.10046,14560800
2025-01-07,631.70001,632.09998,608.22998,617.89001,614.85095,12071500
2025-01-08,613.40002,616.44,602.78998,610.71997,607.71619,10085800
2025-01-10,610.03003,629.90997,597.34003,615.85999,612.83081,19256600
2025-01-13,607.09998,608.96997,598.45001,608.33002,605.33801,10785000
2025-01-14,605.07001,605.48999,588.54999,594.25,591.32727,13598000
2025-01-15,610.21002,622.46002,606.5,617.12,614.08472,15524300
2025-01-16,611.5,616.25,609.71002,611.29999,608.29333,8355300
2025-01-17,624.04999,624.96997,603.66998,612.77002,609.75616,17280600
2025-01-21,617.83002,621.5,609.01001,616.46002,613.42804,11674000
2025-01-22,623.29999,633.70001,619.42999,623.5,620.43341,12274000
2025-01-23,627.35999,636.59998,621.15002,636.45001,633.31964,9910200
2025-01-24,636.40002,652,634.20001,647.48999,644.30536,19065300
2025-01-27,626.60999,663.87,625.09998,659.88,656.63446,28399200
2025-01-28,666,682.58002,659.46997,674.33002,671.01337,20950100
2025-01-29,675,681.04999,665.66998,676.48999,673.16278,21377800
2025-01-30,696.82001,710.78998,676.09998,687,683.62109,29322900
2025-01-31,691,705.29999,685.58002,689.17999,685.79028,19303900
2025-02-03,675.90997,704,675.25,697.46002,694.02954,21415700
2025-02-04,702.5,707.71002,691.60999,704.19,700.72644,13826300
2025-02-05,703.54999,718.14001,699.01001,704.87,701.4032,17778200
2025-02-06,705.88,718.90002,703.5,711.98999,708.4881,13080700
2025-02-07,716.79999,725.01001,711.75,714.52002,711.00562,16427100
2025-02-10,718.56,721.20001,711.33002,717.40002,713.87152,12904300
2025-02-11,713.32001,723.65997,710.03998,719.79999,716.2597,12998000
2025-02-12,715.29999,727.09998,712.59998,725.38,721.81226,12016500
2025-02-13,721.52002,729,718.03998,728.56,724.97668,12569100
2025-02-14,726.14001,740.90997,725.62,736.66998,733.04675,16901200
2025-02-18,736,737,706.44,716.37,712.84656,21938700
2025-02-19,704.09998,707,695.39001,703.77002,700.30859,17535500
2025-02-20,697.28003,705.63,693.64001,694.84003,691.42249,12587400
2025-02-21,696.58002,703.87,682.35999,683.54999,680.18799,15660400
2025-02-24,686.28003,687.27002,662.45001,668.13,664.84387,15677000
2025-02-25,665.96997,668,641.85999,657.5,654.26617,20579700
2025-02-26,659.65002,683.01001,658,673.70001,670.38654,14488700
2025-02-27,682.45001,688.65002,657.57001,658.23999,655.00244,12500000
2025-02-28,658.03998,669.63,642.59998,668.20001,664.91351,17534200
2025-03-03,673.67999,681.25,650.84003,655.04999,651.82813,10843800
2025-03-04,645.51001,649.75,623.65002,640,636.85217,21495200
2025-03-05,641,659.5,637.65997,656.46997,653.24127,13770000
2025-03-06,648,650.56,624.10999,627.92999,624.84161,13446500
2025-03-07,625.37,634.78998,600.60999,625.65997,622.58264,21375700
2025-03-10,608.07001,610.10999,586.87,597.98999,595.04877,21999900
2025-03-11,595.04999,614.92999,593.33002,605.71002,602.7309,17401500
2025-03-12,629.90002,633.33002,609.34998,619.56,616.5127,15747000
2025-03-13,620.25,620.5,586.51001,590.64001,587.73499,16480300
2025-03-14,602.79999,608.85999,594.78003,607.59998,605.14941,12364500
2025-03-17,607.46002,613.09998,598,604.90002,602.46033,15473900
2025-03-18,600.04999,600.25,574.65997,582.35999,580.01123,20297700
2025-03-19,584.28003,592.32001,574.77002,584.06,581.70447,20537500
2025-03-20,582.76001,610.20001,579.51001,586,583.6366,24336500
2025-03-21,583.41998,597.53998,580.95001,596.25,593.84515,25015900
2025-03-24,614.96997,622.53998,612.20001,618.84998,616.35406,15741300
2025-03-25,626.76001,633.88,621.17999,626.31,623.78406,15312500
2025-03-26,624.89001,626.75,606.60999,610.97998,608.51581,12609800
2025-03-27,602,614.25,600.09998,602.58002,600.14978,10436500
2025-03-28,600.31,601.75,573.91998,576.73999,574.41394,17602800
2025-03-31,563.5,578.70001,553.29999,576.35999,574.03546,21124700
2025-04-01,570.84003,589.90997,570,586,583.6366,12836600
2025-04-02,574.90997,592.65997,573.35999,583.92999,581.57495,13470800
2025-04-03,546.21997,552.56,530.29999,531.62,529.47589,34777500
2025-04-04,506.62,518,494.20001,504.73001,502.69437,38589800
2025-04-07,485.10001,539.37,481.89999,516.25,514.16785,36606100
2025-04-08,543.25,547.42999,502.85999,510.45001,508.3913,28034200
2025-04-09,509.26999,587.89001,502.10999,585.77002,583.40753,39216600
2025-04-10,575.48999,581.29999,535.29999,546.28998,544.08667,28173500
2025-04-11,535.51001,547.40002,528.59003,543.57001,541.37769,17642300
2025-04-14,556.16998,557.77002,528.28003,531.47998,529.33649,14130900
2025-04-15,532.10999,537.94,517.5,521.52002,519.41669,15558700
2025-04-16,508.51001,513.37,495.63,502.31,500.28412,18735100
2025-04-17,505.25,507.29999,498.01001,501.48001,499.45752,14593500
2025-04-21,491.32999,493.5,479.79999,484.66,482.70529,16166000
2025-04-22,491.87,506.88,486.35999,500.28,498.26233,17399400
2025-04-23,528.53003,535.34003,516.52002,520.27002,518.17181,18173900
2025-04-24,518.72998,533.90002,517.5,533.15002,530.99976,13910000
2025-04-25,546.79999,549.85999,536.25,547.27002,545.06281,17098900
2025-04-28,555.64001,558.48999,540.59003,549.73999,547.52283,15179000
2025-04-29,546,556.57001,544.12,554.44,552.20386,11835000
2025-04-30,538.40002,549.09998,529.5,549,546.78583,29244000
2025-05-01,592.08002,592.95001,570.5,572.21002,569.90228,31159000
2025-05-02,583.46002,604.34003,578.33002,597.02002,594.61212,24739300
2025-05-05,591.21997,603.21002,588.04999,599.27002,596.85309,13887700
2025-05-06,592.53003,596.03003,586.58002,587.31,584.94135,10600700
2025-05-07,590.35999,603.08002,586.66998,596.81,594.40295,13139100
2025-05-08,606.28998,611.29999,596.62,598.01001,595.59821,14622800
2025-05-09,603.71997,606.96997,591.71002,592.48999,590.10046,10427300
2025-05-12,630.91998,640.39001,621.03003,639.42999,636.85107,21965100
2025-05-13,645.53998,660.91998,642.83002,656.03003,653.38416,18570800
2025-05-14,661.21002,662.66998,654.31,659.35999,656.70074,12348200
2025-05-15,654.28003,657.31,638.58002,643.88,641.2832,14341800
2025-05-16,637.96002,640.44,626.15002,640.34003,637.75745,18519000
2025-05-19,628.25,643,627.79999,640.42999,637.84705,9592400
2025-05-20,636.01001,639.34998,632.26001,637.09998,634.53052,6743500
2025-05-21,631.78998,646.60999,630.16998,635.5,632.93695,11464600
2025-05-22,634.04999,643.25,630.71002,636.57001,634.00262,8228400
2025-05-23,624,632.45001,622.65002,627.06,624.53094,8454100
2025-05-27,635.40997,643.08002,632.75,642.32001,639.72943,9508400
2025-05-28,642.59998,650.88,642.54999,643.58002,640.98438,9042900
2025-05-29,651.65002,653.32001,639.5,645.04999,642.44836,8858800
2025-05-30,642.5,649.40997,632.78003,647.48999,644.8786,16241000
2025-06-02,644.39001,673.26001,644.26001,670.90002,668.19415,15766300
2025-06-03,671.45001,675.58002,665.03003,666.84998,664.16052,11585000
2025-06-04,669.32001,689,668.57001,687.95001,685.17548,14031900
2025-06-05,691.65997,694.38,682.25,684.62,681.85876,13083100
2025-06-06,696.16998,702.81,691.87,697.71002,694.89606,11728000
2025-06-09,698.46002,705.19,693.94,694.06,691.26074,12773200
2025-06-10,701.34998,703.22998,691.56,702.40002,699.56714,10850100
2025-06-11,703.71002,708.87,691.98999,694.14001,691.34039,9582500
2025-06-12,693.29999,695.38,687,693.35999,690.5636,7322700
2025-06-13,687.95001,694.57001,681.01001,682.87,680.11591,9274400
2025-06-16,699.33002,707.15002,693.51001,702.12,699.82629,13720300
2025-06-17,702,705.96997,696.06,697.22998,694.95221,10066100
2025-06-18,698.17999,701.59003,694.90002,695.77002,693.49707,10068300
2025-06-20,700.75,701.82001,678.66998,682.34998,680.12079,22538600
2025-06-23,683.69,699.04999,678.75,698.53003,696.24811,11080100
2025-06-24,704.89001,713.19,702.10999,712.20001,709.87347,13823200
2025-06-25,713.32001,716.58002,705.38,708.67999,706.36487,9320400
2025-06-26,714.35999,728.21997,711.04999,726.09003,723.71796,13964800
2025-06-27,726.52002,735.42999,725.85999,733.63,731.2334,18775700
2025-06-30,744.54999,747.90002,734.25,738.09003,735.67883,15402100
2025-07-01,736.88,737.75,715.37,719.21997,716.87036,13431200
2025-07-02,715.33002,720.29999,712.79999,713.57001,711.23889,9336700
2025-07-03,726.60999,729.03003,714.41998,719.01001,716.66113,8601700
2025-07-07,717.59998,727,713.51001,718.34998,716.00336,9457100
2025-07-08,721.57001,722.90997,714.81,720.66998,718.31567,7770700
2025-07-09,722.71997,737.53003,722.71997,732.78003,730.38617,11418000
2025-07-10,731.54999,735.79999,719.59998,727.23999,724.8642,9913600
2025-07-11,722.5,725.15997,709.70001,717.51001,715.16602,10873900
2025-07-14,717.59998,728,716.54999,720.91998,718.56488,8939400
2025-07-15,723.90002,724.46997,709.82001,710.39001,708.06934,11529500
2025-07-16,713.37,713.96997,699.27002,702.90997,700.61365,13067600
2025-07-17,704.39001,705.90002,697.10999,701.40997,699.11859,11803300
2025-07-18,702.19,704.71002,691.65002,704.28003,701.97925,12779800
2025-07-21,706.79999,717,705.76001,712.96997,710.64081,9404400
2025-07-22,716.19,716.59998,701.40997,704.81,702.50745,8921100
2025-07-23,706.37,714.63,704.92999,713.58002,711.24884,8771600
2025-07-24,717.04999,723.62,714,714.79999,712.46484,10920800
2025-07-25,716.91998,720.65002,711.90002,712.67999,710.35175,8271700
2025-07-28,715.20001,724.73999,712.67999,717.63,715.28564,8715700
2025-07-29,720,724.46997,699.90997,700,697.7132,13267000
2025-07-30,708.09003,708.5,691.20001,695.21002,692.9389,27077300
2025-07-31,775.20001,784.75,765.51001,773.44,770.91333,38831100
2025-08-01,760.72998,766,745.31,750.01001,747.55988,19028700
2025-08-04,760,776.84998,758.40997,776.37,773.83374,15801700
2025-08-05,776.45001,783.13,763,763.46002,760.96594,11640300
2025-08-06,770,773.64001,760.46002,771.98999,769.46802,9733900
2025-08-07,773.48999,775,759.54999,761.83002,759.34125,9019700
2025-08-08,762.75,769.90002,758.58002,769.29999,766.7868,7320800
2025-08-11,770.08002,773.46002,764.66998,765.87,763.36804,7612000
2025-08-12,773,793.66998,772.42999,790,787.41919,14563100
2025-08-13,791.15002,795.46002,778.22998,780.08002,777.53168,8811800
2025-08-14,777.88,787.81,772.51001,782.13,779.57489,8116200
2025-08-15,784.15002,796.25,780.82001,785.22998,782.66479,13375400
2025-08-18,775.09003,775.81,756.56,767.37,764.86316,16513700
2025-08-19,767.12,767.16998,749.35999,751.47998,749.02509,12286700
2025-08-20,747.57001,750.20001,731,747.71997,745.27728,11898200
2025-08-21,744.71002,745.5,733.10999,739.09998,736.68542,8876300
2025-08-22,739.22998,756.90002,734.39001,754.78998,752.32422,10612700
2025-08-25,754.82001,758.88,750.13,753.29999,750.83911,6861200
2025-08-26,750.79999,754.87,747.94,754.09998,751.63647,7601800
2025-08-27,752.29999,754.15002,742.84003,747.38,744.93848,8315400
2025-08-28,744,753.04999,740.79999,751.10999,748.65631,7468000
2025-08-29,745.28003,747.14001,735.34998,738.70001,736.28687,9070500
2025-09-02,726.03998,736,721.72998,735.10999,732.7085,9350900
2025-09-03,736,740.25,733.98999,737.04999,734.64215,7699300
2025-09-04,748.57001,761.15997,745.82001,748.65002,746.20435,11439100
2025-09-05,752.62,757.95001,745.03003,752.45001,749.99188,9663400
2025-09-08,756,766.51001,752.02002,752.29999,749.84235,13087800
2025-09-09,757.48999,766.29999,753.42999,765.70001,763.19855,10999000
2025-09-10,765.13,765.70001,751,751.97998,749.52344,12478300
2025-09-11,754.65002,757.09998,748.37,750.90002,748.44702,7923300
2025-09-12,748.72998,757.57001,743.76001,755.59003,753.12164,8248600
2025-09-15,757.46997,774.07001,751.98999,764.70001,762.20184,10533800
2025-09-16,767,781.35999,765.09998,779,776.45514,11782500
2025-09-17,779.98999,783.28998,766.31,775.71997,773.18585,9400900
2025-09-18,780.75,788.78003,773.35999,780.25,777.70111,10955000
2025-09-19,786.41998,790.79999,769.19,778.38,775.83716,23696800
2025-09-22,781.84998,785.72998,764.46997,765.15997,763.17511,11706900
2025-09-23,769.25,770.59998,751.07001,755.40002,753.44049,10872600
2025-09-24,757.5,761.10999,752.53003,760.65997,758.68677,8828200
2025-09-25,753.45001,756.77002,744.54999,748.90997,746.96722,10591100
2025-09-26,750,751.92999,737.34998,743.75,741.82062,9696300
2025-09-29,748.71997,750.78003,739.15002,743.40002,741.47162,9246800
2025-09-30,742.25,742.96997,726.29999,734.38,732.47491,16226800
2025-10-01,721.48999,721.84998,710.20001,717.34003,715.47919,20419600
2025-10-02,722.58002,727.77002,718.14001,727.04999,725.16394,11415300
2025-10-03,729.63,731,710.17999,710.56,708.71674,16154300
2025-10-06,705.19,716.88,690.51001,715.65997,713.80353,21654700
2025-10-07,717.71997,718.5,705.75,713.08002,711.23022,12062900
2025-10-08,713.45001,719.65002,707.81,717.84003,715.97791,10790600
2025-10-09,718.28003,733.51001,712.44,733.51001,731.60724,12717200
2025-10-10,730.91998,735.27002,704.51001,705.29999,703.4704,16980100
2025-10-13,713.01001,719.94,707.64001,715.70001,713.84338,9251800
2025-10-14,707.78003,715.54999,699.33002,708.65002,706.81177,8829800
2025-10-15,717.06,723.90002,709.51001,717.54999,715.6886,10246800
2025-10-16,717.54999,725.48999,703.88,712.07001,710.22284,9017000
2025-10-17,707.08002,718.53998,706.12,716.91998,715.06024,12232400
2025-10-20,721.19,733.77002,720.17999,732.16998,730.27069,8900200
2025-10-21,736.02002,738.5,728.75,733.27002,731.36786,7647300
2025-10-22,733.83002,740.59998,724.03003,733.40997,731.50745,8734500
2025-10-23,734.70001,742.40997,733.09998,734,732.09595,9856000
2025-10-24,736.78998,741.21002,731.15002,738.35999,736.44458,9151300
2025-10-27,749.72998,755.75,748.01001,750.82001,748.87231,11321100
2025-10-28,752.63,758.40002,745.52002,751.44,749.49072,12193800
2025-10-29,754.75,759.15997,742.51001,751.66998,749.72015,26818600
2025-10-30,669.15002,680.96002,650.16998,666.46997,664.74109,88440100
2025-10-31,674.51001,674.89001,645.57001,648.34998,646.66809,56953200
2025-11-03,656,659.33002,636.17999,637.71002,636.05579,33003600
2025-11-04,628.03998,641.73999,626.01001,627.32001,625.69269,27356600
2025-11-05,632.31,642.22998,626.53998,635.95001,634.30029,20219900
2025-11-06,635.84998,636,618,618.94,617.33441,23628800
2025-11-07,616.48999,622.13,601.20001,621.71002,620.09723,29946800
2025-11-10,631.09003,635,618.10999,631.76001,630.12115,19245000
2025-11-11,628,629.56,619.39001,627.08002,625.45337,13302200
2025-11-12,628.13,628.98999,607.77002,609.01001,607.43018,24493300
2025-11-13,613.07001,617.65002,603,609.89001,608.30792,20973800
2025-11-14,601.78998,613.67999,595.20001,609.46002,607.87903,20724100
2025-11-17,609.03998,611.69,595.40002,602.01001,600.4483,16501300
2025-11-18,591.59998,603.65997,583.78003,597.69,596.13959,25500600
2025-11-19,593.71997,595.33002,581.25,590.32001,588.78864,24744700
2025-11-20,603.5,606.71997,583.34998,589.15002,587.62177,20603000
2025-11-21,588.5,598.12,581.85999,594.25,592.7085,21052600
2025-11-24,598.71997,616.70001,597.63,613.04999,611.45972,23554900
2025-11-25,624,637.04999,618.29999,636.21997,634.56958,25213000
2025-11-26,637.69,638.35999,631.63,633.60999,631.96643,15209500
2025-11-28,636.08002,648.04999,635.5,647.95001,646.26917,11033200
2025-12-01,639.54999,645.32001,637.76001,640.87,639.20758,13029900
2025-12-02,642.34003,647.87,638.07001,647.09998,645.42133,11640900
2025-12-03,644.40997,648.84998,637.54999,639.59998,637.94086,11134300
2025-12-04,676,676.09998,660.04999,661.53003,659.81396,29874600
2025-12-05,664,674.69,662.39001,673.41998,671.6731,21207900
2025-12-08,669.34003,676.71002,665.07001,666.79999,665.07025,13161000
2025-12-09,663.77002,664.47998,653.34003,656.96002,655.2558,12997100
2025-12-10,649.95001,654.51001,643.40002,650.13,648.44348,16910900
2025-12-11,643.28998,655.28003,640.79999,652.71002,651.01685,13056700
2025-12-12,649.79999,711,638.60999,644.22998,642.55884,14016900
2025-12-15,645.70001,653,638.70001,647.51001,646.35706,15549100
2025-12-16,643.5,662.53998,643.20001,657.15002,655.97992,14309100
2025-12-17,655.60999,661.22998,649.20001,649.5,648.34351,15598500
2025-12-18,657.03003,670.56,656.46002,664.45001,663.26685,20260300
2025-12-19,666.41998,671,658.17999,658.77002,657.59698,49977100
2025-12-22,661.65002,673.58002,656.65002,661.5,660.32214,15659400
2025-12-23,660.04999,666,658.25,664.94,663.75598,8486800
2025-12-24,662.53003,668.17999,662.20001,667.54999,666.36133,5627500
2025-12-26,668.06,668.95001,661.32001,663.28998,662.10895,7133800
2025-12-29,658.01001,660.25,654.39001,658.69,657.51715,8506500
2025-12-30,658.69,672.21997,657.84003,665.95001,664.76422,9187500
2025-12-31,664.75,665,659.44,660.09003,658.91461,7940400
2026-01-02,662.72998,664.39001,643.5,650.40997,649.25183,13726500
2026-01-05,651.01001,664.53998,647.75,658.78998,657.61694,12213700
2026-01-06,659.57001,665.52002,651.90002,660.62,659.44366,11074400
2026-01-07,655.64001,659.15002,644.81,648.69,647.53491,12846300
2026-01-08,645.88,647.09998,635.71997,646.06,644.90961,11921700
2026-01-09,645.44,654.95001,642.84998,653.06,651.89716,11634900
2026-01-12,652.53003,653.96997,641.22998,641.96997,640.82684,14797200
2026-01-13,642.27002,642.27002,624.09998,631.09003,629.96631,18030400
2026-01-14,626.5,628.45001,614.82001,615.52002,614.42401,15527900
2026-01-15,618.47998,624.16998,614.22998,620.79999,619.69458,13076100
2026-01-16,624.17999,629.08002,620.08002,620.25,619.14557,17012500
2026-01-20,607.88,611.40002,600,604.12,603.04431,15169600
2026-01-21,606.73999,618.27002,600.08002,612.96002,611.86859,14494700
2026-01-22,629.34998,660.57001,626.54999,647.63,646.47681,21394700
2026-01-23,644.77002,666.48999,644.45001,658.76001,657.58704,22797700
2026-01-26,665.13,675.28003,661.28998,672.35999,671.16272,16327400
2026-01-27,674.59003,676.82001,664.65997,672.96997,671.77167,13297400
2026-01-28,674.5,677.67999,666.09998,668.72998,667.53918,25709600
2026-01-29,737.42999,744,712.54999,738.31,736.99536,59852900
2026-01-30,727.5,732.16998,713.59003,716.5,715.22418,23744600
2026-02-02,714.59998,721.29999,703.52002,706.40997,705.1521,14365200
2026-02-03,707.37,717,686.40997,691.70001,690.46832,13760700
2026-02-04,687.72998,688.83002,667.46002,668.98999,667.79883,16882800
2026-02-05,663.58002,681.5,653.5,670.21002,669.01666,17131800
2026-02-06,665.48999,671.98999,646.5,661.46002,660.28223,18159300
2026-02-09,663.17999,683.31,658.78003,677.21997,676.0141,14837500
2026-02-10,677.59998,680.65002,669.78998,670.71997,669.52563,10455800
2026-02-11,674,679.27002,657.09998,668.69,667.49933,14323800
2026-02-12,669.96997,676,645.28003,649.81,648.65295,14960100
2026-02-13,645.09998,651.42999,634.57001,639.77002,638.6308,12336400
2026-02-17,639.5,642.59998,628.79999,639.28998,638.15167,12674700
2026-02-18,633.79999,645,628.15002,643.21997,642.07465,14649200
2026-02-19,638.57001,647.19,636.71997,644.78003,643.6319,10035700
2026-02-20,639.69,663.34998,638.78003,655.65997,654.49255,14183500
2026-02-23,652.53998,657.70001,636,637.25,636.11536,8605900
2026-02-24,633.08002,641.10999,628.97998,639.29999,638.16168,10135600
2026-02-25,642.53003,653.88,642.14001,653.69,652.526,11330700
2026-02-26,650.54999,661,647.5,657.01001,655.84015,10637700
2026-02-27,643.45001,649.44,638.12,648.17999,647.02582,15703000
2026-03-02,637.15997,659.94,634.5,653.56,652.39624,9816100
2026-03-03,648.28998,659.03998,638.84003,655.08002,653.91357,12263800
2026-03-04,657.96002,672.77002,657.66998,667.72998,666.54102,10810100
2026-03-05,661.92999,670.70001,650.31,660.57001,659.3938,13341400
2026-03-06,647.90002,649.46997,636.10999,644.85999,643.71173,13159400
2026-03-09,634.78003,647.75,626.78003,647.39001,646.23724,13489700
2026-03-10,653.56,660.29999,649,654.07001,652.9054,9859300
2026-03-11,654.76001,659.12,648.35999,654.85999,653.69397,8977200
2026-03-12,648.75,653.5,636.90002,638.17999,637.0437,11617500
2026-03-13,623.89001,629.16998,609.54999,613.71002,612.61719,18957600
2026-03-16,632,634.75,623.09998,627.45001,626.86902,15134900
2026-03-17,627.98999,636.54999,621.70001,622.65997,622.08344,10348800
2026-03-18,616.34003,622.65002,614.60999,615.67999,615.10992,11726300
2026-03-19,612.15002,613,602.26001,606.70001,606.13824,13247700
2026-03-20,603.53003,603.96002,587.25,593.65997,593.11029,21214900
2026-03-23,605.78998,608.64001,599.01001,604.06,603.50067,13638000
2026-03-24,599.09998,601,591,592.91998,592.37097,10739700
2026-03-25,598.73999,603.66998,593.40002,594.89001,594.33917,12585000
2026-03-26,582.48999,583,543.34998,547.53998,547.03296,35780100
2026-03-27,540.09998,543.59998,520.26001,525.71997,525.23315,30133000
2026-03-30,536.38,539.54999,528.53998,536.38,535.88336,22795200
2026-03-31,549.97998,573.69,546.77002,572.13,571.60022,32898300
2026-04-01,580.13,592.54999,573.82001,579.22998,578.69366,23608100
2026-04-02,566.03998,578.5,559.70001,574.46002,573.9281,13518500
2026-04-06,577.69,582.78998,572,573.02002,572.48944,9515700
2026-04-07,572.47998,575.22998,564.76001,575.04999,574.51752,9580800
2026-04-08,606,629.95001,591.83002,612.41998,611.85291,32036600
2026-04-09,626.96997,637.5,623,628.39001,627.80817,19012900
2026-04-10,634.46997,638.58002,624.33002,629.85999,629.27673,13294800
2026-04-13,629.5,635,624.40002,634.53003,633.9425,9538900
2026-04-14,643.21997,666.26001,639.37,662.48999,661.87653,17818000
2026-04-15,667,678.5,664.21997,671.58002,670.95819,14952600
2026-04-16,675.98999,677.58002,667.75,676.87,676.24323,9544800
2026-04-17,678.59998,691.52002,675.13,688.54999,687.91241,16283500
2026-04-20,681.35999,683.38,668,670.90997,670.28876,12534000
2026-04-21,671,676.20001,667.33002,668.84003,668.2207,8660100
2026-04-22,674.35999,678.38,669.75,674.71997,674.09521,9215600
2026-04-23,663.70001,669.56,653.04999,659.15002,658.53967,11667000
2026-04-24,660.32001,680.66998,653.84003,675.03003,674.40497,13348300
2026-04-27,671,682.5,670.84003,678.62,677.99164,12805200
2026-04-28,674.23999,678.17999,665.63,671.34003,670.71838,10606800
2026-04-29,668.90997,674.25,663.81,669.12,668.50043,18947500
2026-04-30,619.32001,620.84998,600,611.90997,611.34338,52765000
2026-05-01,614.69,618.88,606.10999,608.75,608.18634,21404000
2026-05-04,607.94,614,602.75,610.40997,609.84479,16203900
2026-05-05,613.31,614.34998,600.35999,604.96002,604.39984,17171300
2026-05-06,601.04999,619.95001,598.09998,612.88,612.3125,19915500
2026-05-07,614.71997,624.97998,613.53998,616.81,616.23883,12307400
2026-05-08,615.20001,616.77002,606.06,609.63,609.06549,13557000
2026-05-11,604.57001,604.90997,598.08002,598.85999,598.30548,15940600
2026-05-12,594.82001,603.75,592.59998,603,602.44165,11351600
2026-05-13,598.83002,619.90002,596.65997,616.63,616.05902,14634400
2026-05-14,616,623.72998,615,618.42999,617.85736,10651200
2026-05-15,613.98999,621.20001,609.31,614.22998,613.66125,13272600
2026-05-18,609.10999,615.59003,603.69,611.21002,610.64404,13772400
2026-05-19,608.91998,613.92999,600.54999,602.60999,602.052,11749900
2026-05-20,600.76001,608,597.81,605.06,604.49976,11329700
2026-05-21,600,609.59998,594.81,607.38,606.81757,13476100
2026-05-22,607.88,614.81,606.95001,610.26001,609.69495,11688600
2026-05-26,608.89001,614.46997,605.29999,612.34003,611.77301,12234200
2026-05-27,609.40002,638.5,609,635.26001,634.67181,23143600
2026-05-28,639.5,643,629.31,635.28998,634.70172,16772400
2026-05-29,633.5,634.5,623.34998,632.51001,631.92432,19806500
2026-06-01,630.40002,635.75,599.53003,600.46997,599.91394,29138800
2026-06-02,603.23999,608.88,596.67999,597.63,597.0766,18252000
2026-06-03,603,624.15002,600.27002,622.97998,622.40314,23020100
2026-06-04,623.66998,642.40002,622.42999,627.57001,626.98889,21469200
2026-06-05,623.46002,629.15002,582.90997,593,592.45093,30091600
2026-06-08,592,592,579.21997,585.39001,584.84796,19512400
2026-06-09,591,597.63,581.01001,584.59003,584.04871,16977400
2026-06-10,580.72998,591.32001,570.59998,570.97998,570.45129,17064000
2026-06-11,565.83002,572.16998,557.01001,568.42999,567.90363,17628000
2026-06-12,572.95001,576.07001,560.90002,566.97998,566.45496,14326400
2026-06-15,579.90002,601.27002,579.29999,593.47998,593.47998,17653300
2026-06-16,593.65002,605.81,592,600.21002,600.21002,11344400
2026-06-17,592,593.81,566.19,567.58002,567.58002,20478300
2026-06-18,572.82001,580.21997,563.09998,577.21997,577.21997,28824600
2026-06-22,572.02002,575.81,559.81,563.84998,563.84998,15405500
2026-06-23,562.25,572.20001,561.02002,562.20001,562.20001,13103300
2026-06-24,561.89001,569.03998,555.54999,557.66998,557.66998,13963600
2026-06-25,555.54999,556.34003,540.17999,542.87,542.87,16968600
2026-06-26,543.34003,556.84998,540.40002,550.25,550.25,18867700
2026-06-29,560,570.90002,558,562.59998,562.59998,15011400
2026-06-30,560.94,565.53998,551.42999,563.28998,563.28998,18111100
2026-07-01,607.90997,628.28003,595.09998,612.90997,612.90997,45536300
2026-07-02,607.90002,610,580.41998,582.90002,582.90002,21705900
2026-07-06,594.84003,603.58002,581.76001,600.28998,600.28998,17674100
2026-07-07,607.59003,625.37,603.65997,615.58002,615.58002,18560800
2026-07-08,614.39001,616,598.01001,603.12,603.12,13606500
2026-07-09,583.98999,633.27002,577.07001,631.47998,631.47998,26579700
2026-07-10,660.34003,677.85999,658.01001,669.21002,669.21002,40608900
2026-07-13,661.38,676.62,654.20001,656.72998,656.72998,19840700
2026-07-14,652,666.5,649.04999,661.03998,661.03998,16748200
2026-07-15,663.59998,686.08002,656.65997,681.31,681.31,19003400
2026-07-16,677.28003,681.90002,660.15997,664.53998,664.53998,15816000
2026-07-17,647.70001,652.20001,626,646.01001,646.01001,22267900
2026-07-20,646.70001,653.29999,636.01001,645.84998,645.84998,10225200
2026-07-21,654.17999,655.88,643.20001,643.81,643.81,9140500
2026-07-22,647.70001,649,624,627.16998,627.16998,11019600
2026-07-23,608.40997,614.65002,597.21997,606.09998,606.09998,15494800
2026-07-24,605.29999,609.97998,594.45001,595.19,595.19,11503500
2026-07-27,607.21997,611.26001,593.13,593.87,593.87,11195300
2026-07-28,596.82001,601,587,593.40997,593.40997,12009300
2026-07-29,593.25,599.96997,582.21997,585.60999,585.60999,22371100
2026-07-30,526,539.88,524.48999,539.03003,539.03003,42271500
2026-07-31,543.59998,558.33002,540.21997,556.71002,556.71002,24261500
2026-08-03,562.23999,597.52002,559.35999,590.23999,590.23999,25938100
2026-08-04,581.5,592.78998,578.25,587.94,587.94,17959200
2026-08-05,600.46002,601,580.12,588.77002,588.77002,14897200
2026-08-06,586.95001,595.31,586,589.90002,589.90002,11811500
2026-08-07,585.64001,598.73999,585.62,592.09998,592.09998,11250300
2026-08-10,599.13,608.21002,592.03003,594.91998,594.91998,14967300
2026-08-11,598,612.42999,593.40002,599.12,599.12,13146900
2026-08-12,601.07001,604.5,578.21002,578.84998,578.84998,16186900
2026-08-13,580.71002,595.84998,579.39001,594.96997,594.96997,11164200
2026-08-14,596.97998,601.85999,589.28998,589.84998,589.84998,8758000
2026-08-17,589.75,590.23999,564.75,568.96997,568.96997,17225600
2026-08-18,557.47998,560.65997,543.21002,543.66998,543.66998,27094900
2026-08-19,541.34003,554.07001,537.27002,546.03003,546.03003,16971700
2026-08-20,546.95001,549.98999,539.31,545.83002,545.83002,13872200
2026-08-21,546.89001,553.87,543.22998,549.90002,549.90002,13663800