date,open,high,low,close,adjclose,volume
1986-03-13,0.088541999,0.101563,0.088541999,0.097222,0.059014272,1031788800
1986-03-14,0.097222,0.102431,0.097222,0.100694,0.061121758,308160000
1986-03-17,0.100694,0.103299,0.100694,0.102431,0.062176116,133171200
1986-03-18,0.102431,0.103299,0.098958001,0.099826001,0.060594887,67766400
1986-03-19,0.099826001,0.100694,0.097222,0.09809,0.059541121,47894400
1986-03-20,0.09809,0.09809,0.094618,0.095486,0.057960507,58435200
1986-03-21,0.095486,0.097222,0.091146,0.092882,0.05637984,59990400
1986-03-24,0.092882,0.092882,0.08941,0.090278,0.054799225,65289600
1986-03-25,0.090278,0.092014,0.08941,0.092014,0.055852991,32083200
1986-03-26,0.092014,0.095486,0.091146,0.094618,0.057433572,22752000
1986-03-27,0.094618,0.096354,0.094618,0.096354,0.058487367,16848000
1986-03-31,0.096354,0.096354,0.09375,0.095486,0.057960507,12873600
1986-04-01,0.095486,0.095486,0.094618,0.094618,0.057433572,11088000
1986-04-02,0.094618,0.097222,0.094618,0.095486,0.057960507,27014400
1986-04-03,0.096354,0.098958001,0.096354,0.096354,0.058487367,23040000
1986-04-04,0.096354,0.097222,0.096354,0.096354,0.058487367,26582400
1986-04-07,0.096354,0.097222,0.092882,0.094618,0.057433572,16560000
1986-04-08,0.094618,0.097222,0.094618,0.095486,0.057960507,10252800
1986-04-09,0.095486,0.09809,0.095486,0.097222,0.059014272,12153600
1986-04-10,0.097222,0.098958001,0.095486,0.09809,0.059541121,13881600
1986-04-11,0.098958001,0.101563,0.098958001,0.099826001,0.060594887,17222400
1986-04-14,0.099826001,0.101563,0.099826001,0.100694,0.061121758,12153600
1986-04-15,0.100694,0.100694,0.097222,0.100694,0.061121758,9302400
1986-04-16,0.100694,0.105035,0.099826001,0.104167,0.063229904,31910400
1986-04-17,0.104167,0.105035,0.104167,0.105035,0.063756809,22003200
1986-04-18,0.105035,0.105035,0.100694,0.101563,0.061649252,21628800
1986-04-21,0.101563,0.102431,0.098958001,0.101563,0.061649252,22924800
1986-04-22,0.101563,0.101563,0.099826001,0.099826001,0.060594887,15552000
1986-04-23,0.099826001,0.100694,0.098958001,0.10026,0.060858317,15609600
1986-04-24,0.10026,0.111979,0.099826001,0.110243,0.06691806,62352000
1986-04-25,0.111111,0.121962,0.111111,0.117188,0.071133696,85795200
1986-04-28,0.117188,0.118924,0.116319,0.118056,0.071660593,28886400
1986-04-29,0.118056,0.118056,0.113715,0.114583,0.069552451,30326400
1986-04-30,0.114583,0.115451,0.109375,0.111979,0.067971818,30902400
1986-05-01,0.111979,0.111979,0.108507,0.110243,0.06691806,54345600
1986-05-02,0.110243,0.111979,0.109375,0.110243,0.06691806,20246400
1986-05-05,0.110243,0.110243,0.109375,0.109375,0.066391148,3254400
1986-05-06,0.110243,0.111979,0.110243,0.110243,0.06691806,9734400
1986-05-07,0.110243,0.111111,0.108507,0.110243,0.06691806,5155200
1986-05-08,0.110243,0.111111,0.109375,0.111111,0.067444958,3542400
1986-05-09,0.111111,0.111111,0.110243,0.110243,0.06691806,6076800
1986-05-12,0.110243,0.113715,0.110243,0.111111,0.067444958,10483200
1986-05-13,0.111111,0.112847,0.111111,0.111979,0.067971818,3830400
1986-05-14,0.111979,0.111979,0.111111,0.111111,0.067444958,9302400
1986-05-15,0.111111,0.112847,0.111111,0.111111,0.067444958,3801600
1986-05-16,0.111111,0.114583,0.111111,0.111979,0.067971818,11952000
1986-05-19,0.111979,0.111979,0.109375,0.110243,0.06691806,11001600
1986-05-20,0.110243,0.110243,0.108507,0.109375,0.066391148,61977600
1986-05-21,0.109375,0.110243,0.107639,0.107639,0.065337412,8092800
1986-05-22,0.107639,0.108507,0.107639,0.107639,0.065337412,4406400
1986-05-23,0.107639,0.109375,0.107639,0.107639,0.065337412,4089600
1986-05-27,0.107639,0.111111,0.107639,0.111111,0.067444958,13881600
1986-05-28,0.111111,0.114583,0.111111,0.114583,0.069552451,15523200
1986-05-29,0.114583,0.118924,0.113715,0.117188,0.071133696,45676800
1986-05-30,0.118056,0.123264,0.118056,0.121528,0.073768102,27072000
1986-06-02,0.121528,0.121528,0.118056,0.118056,0.071660593,19728000
1986-06-03,0.118056,0.118056,0.116319,0.118056,0.071660593,5011200
1986-06-04,0.118056,0.118924,0.116319,0.117188,0.071133696,4723200
1986-06-05,0.117188,0.118924,0.116319,0.118924,0.072187439,13708800
1986-06-06,0.118924,0.118924,0.117188,0.118924,0.072187439,3427200
1986-06-09,0.118924,0.118924,0.113715,0.113715,0.069025561,12672000
1986-06-10,0.113715,0.113715,0.111979,0.113715,0.069025561,3427200
1986-06-11,0.113715,0.113715,0.111979,0.113715,0.069025561,2304000
1986-06-12,0.113715,0.113715,0.108507,0.109375,0.066391148,13708800
1986-06-13,0.109375,0.110243,0.108507,0.109375,0.066391148,7891200
1986-06-16,0.109375,0.110243,0.107639,0.108507,0.065864287,9590400
1986-06-17,0.109375,0.111979,0.109375,0.110243,0.06691806,13075200
1986-06-18,0.110243,0.110243,0.107639,0.109375,0.066391148,4348800
1986-06-19,0.109375,0.110243,0.107639,0.108507,0.065864287,8467200
1986-06-20,0.108507,0.109375,0.108507,0.108941,0.066127732,3801600
1986-06-23,0.108941,0.110243,0.106771,0.110243,0.06691806,46195200
1986-06-24,0.110243,0.111111,0.108507,0.109375,0.066391148,14572800
1986-06-25,0.109375,0.110243,0.107639,0.107639,0.065337412,15235200
1986-06-26,0.107639,0.108507,0.104167,0.104167,0.063229904,19152000
1986-06-27,0.104167,0.105035,0.102431,0.103299,0.062703036,10396800
1986-06-30,0.103299,0.109375,0.102431,0.106771,0.064810574,62352000
1986-07-01,0.106771,0.106771,0.105903,0.106771,0.064810574,47577600
1986-07-02,0.106771,0.106771,0.105903,0.106771,0.064810574,52617600
1986-07-03,0.107639,0.109375,0.107639,0.108507,0.065864287,14140800
1986-07-07,0.108507,0.108507,0.104167,0.104167,0.063229904,14054400
1986-07-08,0.104167,0.104167,0.100694,0.101563,0.061649252,14256000
1986-07-09,0.101563,0.101563,0.096354,0.097222,0.059014272,46137600
1986-07-10,0.097222,0.09809,0.090278,0.094618,0.057433572,46886400
1986-07-11,0.094618,0.098958001,0.094618,0.097222,0.059014272,17395200
1986-07-14,0.094618,0.09809,0.094618,0.095919997,0.058223918,28598400
1986-07-15,0.095919997,0.098958001,0.094618,0.097222,0.059014272,13190400
1986-07-16,0.09809,0.100694,0.09809,0.100694,0.061121758,9360000
1986-07-17,0.100694,0.102431,0.099826001,0.102431,0.062176116,6940800
1986-07-18,0.102431,0.104167,0.099826001,0.103299,0.062703036,12326400
1986-07-21,0.103299,0.105035,0.103299,0.103299,0.062703036,3513600
1986-07-22,0.103299,0.106771,0.103299,0.106771,0.064810574,10512000
1986-07-23,0.106771,0.108507,0.104167,0.104167,0.063229904,20793600
1986-07-24,0.105903,0.109375,0.105903,0.107639,0.065337412,14140800
1986-07-25,0.107639,0.109375,0.107639,0.108507,0.065864287,20448000
1986-07-28,0.108507,0.108507,0.105903,0.105903,0.064283639,11808000
1986-07-29,0.105903,0.106771,0.101563,0.103299,0.062703036,14054400
1986-07-30,0.103299,0.103299,0.096354,0.099826001,0.060594887,26409600
1986-07-31,0.099826001,0.100694,0.098958001,0.098958001,0.060068008,15638400
1986-08-01,0.098958001,0.099826001,0.097222,0.09809,0.059541121,12902400
1986-08-04,0.09809,0.09809,0.095486,0.09809,0.059541121,12441600
1986-08-05,0.09809,0.098958001,0.097222,0.097222,0.059014272,2822400
1986-08-06,0.097222,0.09809,0.094618,0.096354,0.058487367,18316800
1986-08-07,0.096354,0.097222,0.094618,0.095486,0.057960507,3657600
1986-08-08,0.095486,0.09809,0.095486,0.096354,0.058487367,4147200
1986-08-11,0.09809,0.100694,0.09809,0.099826001,0.060594887,7948800
1986-08-12,0.099826001,0.102431,0.099826001,0.102431,0.062176116,9993600
1986-08-13,0.102431,0.103299,0.101563,0.103299,0.062703036,6883200
1986-08-14,0.103299,0.106771,0.103299,0.105903,0.064283639,20131200
1986-08-15,0.105903,0.106771,0.105035,0.106337,0.064547092,6105600
1986-08-18,0.106337,0.106771,0.105035,0.105035,0.063756809,12787200
1986-08-19,0.105035,0.105469,0.103299,0.105035,0.063756809,20390400
1986-08-20,0.105035,0.105035,0.104167,0.104167,0.063229904,20764800
1986-08-21,0.104167,0.105903,0.104167,0.104167,0.063229904,49536000
1986-08-22,0.104167,0.105035,0.100694,0.102431,0.062176116,5760000
1986-08-25,0.102431,0.102431,0.100694,0.102431,0.062176116,2419200
1986-08-26,0.102431,0.102431,0.101563,0.101563,0.061649252,10857600
1986-08-27,0.101563,0.102431,0.100694,0.101563,0.061649252,9532800
1986-08-28,0.101563,0.102431,0.101563,0.101563,0.061649252,3427200
1986-08-29,0.101563,0.102431,0.097222,0.098958001,0.060068008,25430400
1986-09-02,0.098958001,0.098958001,0.095051996,0.096354,0.058487367,5212800
1986-09-03,0.095486,0.095486,0.091146,0.09375,0.056906737,18316800
1986-09-04,0.095486,0.101563,0.095486,0.101563,0.061649252,39427200
1986-09-05,0.101563,0.105903,0.100694,0.105903,0.064283639,26352000
1986-09-08,0.105903,0.106771,0.105035,0.105035,0.063756809,9619200
1986-09-09,0.105035,0.109375,0.105035,0.106771,0.064810574,37526400
1986-09-10,0.106771,0.107639,0.105035,0.105035,0.063756809,10886400
1986-09-11,0.105035,0.105903,0.100694,0.100694,0.061121758,35654400
1986-09-12,0.100694,0.101563,0.09809,0.09809,0.059541121,24451200
1986-09-15,0.09809,0.099826001,0.096354,0.099826001,0.060594887,22492800
1986-09-16,0.099826001,0.100694,0.09809,0.099826001,0.060594887,5184000
1986-09-17,0.099826001,0.104167,0.098958001,0.102431,0.062176116,8035200
1986-09-18,0.102431,0.105035,0.102431,0.103299,0.062703036,5356800
1986-09-19,0.103299,0.104167,0.102431,0.103299,0.062703036,2505600
1986-09-22,0.103299,0.103299,0.102431,0.102431,0.062176116,4492800
1986-09-23,0.102431,0.105035,0.102431,0.104167,0.063229904,5961600
1986-09-24,0.104167,0.104167,0.102431,0.102865,0.062439594,4780800
1986-09-25,0.102865,0.103299,0.100694,0.100694,0.061121758,5155200
1986-09-26,0.100694,0.101563,0.099826001,0.100694,0.061121758,2332800
1986-09-29,0.100694,0.100694,0.09809,0.09809,0.059541121,6192000
1986-09-30,0.09809,0.099826001,0.09809,0.09809,0.059541121,5184000
1986-10-01,0.09809,0.099826001,0.095486,0.097222,0.059014272,32428800
1986-10-02,0.097222,0.098958001,0.096354,0.097222,0.059014272,22723200
1986-10-03,0.097222,0.098958001,0.097222,0.09809,0.059541121,14716800
1986-10-06,0.100694,0.107639,0.100694,0.105903,0.064283639,85334400
1986-10-07,0.105903,0.110243,0.105903,0.108073,0.065600835,59788800
1986-10-08,0.108073,0.112413,0.106771,0.111111,0.067444958,119606400
1986-10-09,0.111111,0.117188,0.111111,0.114583,0.069552451,92563200
1986-10-10,0.114583,0.122396,0.112847,0.119792,0.072714359,76752000
1986-10-13,0.119792,0.119792,0.114583,0.114583,0.069552451,27129600
1986-10-14,0.115451,0.117188,0.115451,0.116319,0.070606232,12873600
1986-10-15,0.116319,0.122396,0.116319,0.121528,0.073768102,63532800
1986-10-16,0.121528,0.122396,0.12066,0.121528,0.073768102,21859200
1986-10-17,0.121528,0.12586799,0.121528,0.125,0.075875632,124444800
1986-10-20,0.125,0.12760399,0.122396,0.12586799,0.076402515,43545600
1986-10-21,0.126736,0.13107599,0.126736,0.13107599,0.079563804,112377600
1986-10-22,0.13107599,0.132378,0.130208,0.13107599,0.079563804,54576000
1986-10-23,0.13107599,0.131944,0.129774,0.13107599,0.079563804,70444800
1986-10-24,0.13107599,0.13107599,0.126736,0.130208,0.079036944,101376000
1986-10-27,0.13107599,0.13454901,0.13107599,0.13454901,0.081671901,125654400
1986-10-28,0.13454901,0.13975701,0.13454901,0.137587,0.083515994,142646400
1986-10-29,0.137587,0.13802101,0.131944,0.133681,0.081145041,53222400
1986-10-30,0.133681,0.13802101,0.13281301,0.13628501,0.082725689,44380800
1986-10-31,0.13628501,0.13802101,0.133681,0.13454901,0.081671901,63734400
1986-11-03,0.135417,0.13802101,0.135417,0.137153,0.083252564,42192000
1986-11-04,0.137153,0.142361,0.137153,0.142361,0.086413875,54403200
1986-11-05,0.142361,0.15191001,0.14149299,0.151042,0.091683224,45100800
1986-11-06,0.151042,0.157986,0.15017401,0.154514,0.093790777,72576000
1986-11-07,0.154514,0.15538201,0.151042,0.15364601,0.093263902,44323200
1986-11-10,0.15364601,0.15364601,0.14670099,0.147569,0.089575104,28684800
1986-11-11,0.14843801,0.15017401,0.14843801,0.14843801,0.090102613,11894400
1986-11-12,0.14843801,0.15191001,0.14670099,0.14843801,0.090102613,34156800
1986-11-13,0.14843801,0.149306,0.145833,0.146267,0.088784784,30211200
1986-11-14,0.146267,0.147569,0.14322899,0.147569,0.089575104,18720000
1986-11-17,0.147569,0.15017401,0.145833,0.14843801,0.090102613,24307200
1986-11-18,0.14843801,0.149306,0.140625,0.140625,0.085360125,59673600
1986-11-19,0.140625,0.14670099,0.140625,0.145833,0.088521376,48729600
1986-11-20,0.145833,0.15711799,0.145833,0.15711799,0.09537144,98179200
1986-11-21,0.157986,0.16406301,0.157986,0.16232599,0.098532706,91065600
1986-11-24,0.16232599,0.17621499,0.15711799,0.175347,0.10643651,173836800
1986-11-25,0.175347,0.17795099,0.17447899,0.177083,0.10749029,95788800
1986-11-26,0.177083,0.17795099,0.175347,0.175347,0.10643651,38793600
1986-11-28,0.175347,0.17621499,0.17100701,0.17274299,0.10485584,41328000
1986-12-01,0.17274299,0.173611,0.168403,0.16927101,0.10274832,40291200
1986-12-02,0.170139,0.173611,0.170139,0.170139,0.10327523,28771200
1986-12-03,0.170139,0.171875,0.168403,0.168837,0.1024849,35164800
1986-12-04,0.168837,0.17274299,0.16753501,0.17100701,0.10380208,42508800
1986-12-05,0.17100701,0.171875,0.170139,0.170139,0.10327523,107510400
1986-12-08,0.170139,0.171875,0.16579901,0.168403,0.10222148,22665600
1986-12-09,0.168403,0.16927101,0.166667,0.16753501,0.10169459,16099200
1986-12-10,0.16753501,0.16927101,0.16579901,0.168837,0.1024849,27590400
1986-12-11,0.168837,0.17100701,0.168403,0.170139,0.10327523,11635200
1986-12-12,0.170139,0.170139,0.16406301,0.16406301,0.099587075,25286400
1986-12-15,0.16406301,0.164931,0.15711799,0.159722,0.096952073,50774400
1986-12-16,0.16058999,0.16406301,0.16058999,0.161458,0.098005824,77299200
1986-12-17,0.161458,0.16406301,0.161458,0.163194,0.099059626,23356800
1986-12-18,0.163194,0.164931,0.16232599,0.164497,0.099850476,12672000
1986-12-19,0.164931,0.170139,0.164931,0.168403,0.10222148,56592000
1986-12-22,0.168403,0.171875,0.168403,0.170139,0.10327523,18316800
1986-12-23,0.170139,0.171875,0.170139,0.171875,0.10432903,23788800
1986-12-24,0.171875,0.171875,0.17100701,0.171441,0.10406554,7027200
1986-12-26,0.171441,0.17274299,0.17100701,0.17100701,0.10380208,3715200
1986-12-29,0.17100701,0.17274299,0.16406301,0.16406301,0.099587075,41702400
1986-12-30,0.16406301,0.166667,0.16232599,0.16579901,0.10064079,25401600
1986-12-31,0.16579901,0.170139,0.16579901,0.16753501,0.10169459,23356800
1987-01-02,0.16753501,0.16927101,0.164931,0.16579901,0.10064079,12643200
1987-01-05,0.16579901,0.177083,0.164931,0.175347,0.10643651,48499200
1987-01-06,0.175347,0.178819,0.17447899,0.17795099,0.1080172,40032000
1987-01-07,0.17795099,0.1875,0.17795099,0.1875,0.11381347,60998400
1987-01-08,0.18836799,0.19531301,0.18836799,0.19357599,0.11750158,61488000
1987-01-09,0.19357599,0.20225701,0.192708,0.201389,0.12224413,63705600
1987-01-12,0.201389,0.21614601,0.199653,0.21441001,0.13014793,128793600
1987-01-13,0.21267401,0.21267401,0.204861,0.208333,0.12645918,76320000
1987-01-14,0.208333,0.20920099,0.20399299,0.208333,0.12645918,69465600
1987-01-15,0.208333,0.22482599,0.208333,0.21961799,0.13330922,117014400
1987-01-16,0.21961799,0.21961799,0.210069,0.21441001,0.13014793,65433600
1987-01-19,0.21441001,0.222222,0.210069,0.222222,0.13488992,88243200
1987-01-20,0.222222,0.230903,0.22135399,0.225694,0.1369974,95760000
1987-01-21,0.225694,0.241319,0.22135399,0.23524299,0.14279364,108489600
1987-01-22,0.23524299,0.25954899,0.22829901,0.258681,0.15702066,116035200
1987-01-23,0.258681,0.269097,0.234375,0.234375,0.14226678,317894400
1987-01-26,0.236111,0.241319,0.22829901,0.23871499,0.14490122,116553600
1987-01-27,0.23871499,0.25173599,0.23871499,0.248264,0.1506975,114105600
1987-01-28,0.248264,0.25260401,0.241319,0.24913201,0.15122439,76723200
1987-01-29,0.24913201,0.25173599,0.23350701,0.23871499,0.14490122,79228800
1987-01-30,0.23871499,0.25433999,0.23524299,0.25390601,0.15412225,104169600
1987-02-02,0.25390601,0.258681,0.253472,0.253472,0.15385881,46915200
1987-02-03,0.253472,0.25607601,0.244792,0.24913201,0.15122439,59328000
1987-02-04,0.24913201,0.25086799,0.246528,0.25,0.15175126,31737600
1987-02-05,0.25,0.25173599,0.24566001,0.248264,0.1506975,42652800
1987-02-06,0.248264,0.249566,0.237847,0.239149,0.14516465,45619200
1987-02-09,0.23871499,0.23871499,0.235677,0.23697899,0.14384744,136080000
1987-02-10,0.23697899,0.237847,0.23177101,0.237847,0.14437434,44668800
1987-02-11,0.23871499,0.24913201,0.23871499,0.24913201,0.15122439,60307200
1987-02-12,0.24913201,0.267795,0.24913201,0.26649299,0.16176255,185731200
1987-02-13,0.26649299,0.26996499,0.25781301,0.26388901,0.16018195,81763200
1987-02-17,0.26388901,0.26649299,0.25781301,0.265625,0.16123576,70732800
1987-02-18,0.265625,0.26996499,0.248264,0.24913201,0.15122439,128592000
1987-02-19,0.248264,0.248264,0.236111,0.23871499,0.14490122,317750400
1987-02-20,0.23871499,0.23871499,0.232639,0.236111,0.14332058,87897600
1987-02-23,0.236111,0.25433999,0.230903,0.25086799,0.15227813,125913600
1987-02-24,0.25086799,0.26388901,0.25086799,0.26302099,0.15965509,120816000
1987-02-25,0.26302099,0.267795,0.256944,0.258681,0.15702066,65001600
1987-02-26,0.258681,0.27604201,0.253472,0.26822901,0.16281644,145209600
1987-02-27,0.26822901,0.26996499,0.262153,0.26649299,0.16176255,37555200
1987-03-02,0.26649299,0.26649299,0.256944,0.258681,0.15702066,79516800
1987-03-03,0.258681,0.26128501,0.25520799,0.258681,0.15702066,81100800
1987-03-04,0.258681,0.277778,0.25781301,0.27691001,0.16808575,98179200
1987-03-05,0.27691001,0.29600701,0.27691001,0.289931,0.1759896,128188800
1987-03-06,0.289931,0.29166701,0.28211799,0.28906301,0.17546268,63561600
1987-03-09,0.28906301,0.289931,0.28211799,0.28385401,0.17230082,38275200
1987-03-10,0.28385401,0.29600701,0.28298599,0.29253501,0.17757022,74102400
1987-03-11,0.296875,0.29861099,0.293403,0.296875,0.18020464,43862400
1987-03-12,0.296875,0.300347,0.289931,0.298177,0.18099503,71337600
1987-03-13,0.298177,0.300347,0.28125,0.28732601,0.17440836,105120000
1987-03-16,0.28645799,0.28645799,0.27691001,0.28558999,0.17335464,88473600
1987-03-17,0.28558999,0.296875,0.284722,0.29513901,0.17915082,54547200
1987-03-18,0.296875,0.31336799,0.296875,0.31076401,0.1886353,119347200
1987-03-19,0.31076401,0.31683999,0.305556,0.31683999,0.19232354,62812800
1987-03-20,0.31683999,0.31683999,0.31163201,0.31336799,0.19021596,38246400
1987-03-23,0.31336799,0.31770799,0.30816001,0.311198,0.18889877,67478400
1987-03-24,0.303819,0.31510401,0.303819,0.31336799,0.19021596,69609600
1987-03-25,0.31336799,0.31510401,0.30989599,0.31206599,0.18942565,33840000
1987-03-26,0.31206599,0.3125,0.309028,0.30989599,0.18810847,33379200
1987-03-27,0.31163201,0.32552099,0.31163201,0.31857601,0.19337724,120873600
1987-03-30,0.31857601,0.33593801,0.30729201,0.33593801,0.20391606,186134400
1987-03-31,0.331597,0.34375,0.331597,0.33593801,0.20391606,125337600
1987-04-01,0.33593801,0.34288201,0.31423599,0.315972,0.19179663,259430400
1987-04-02,0.321181,0.336806,0.321181,0.32986099,0.20022731,159955200
1987-04-03,0.32986099,0.34808999,0.32986099,0.34635401,0.21023867,155606400
1987-04-06,0.34635401,0.347222,0.33854201,0.34461799,0.20918483,98956800
1987-04-07,0.34461799,0.34461799,0.32638901,0.32638901,0.19811982,73728000
1987-04-08,0.32638901,0.33941001,0.32638901,0.33593801,0.20391606,106214400
1987-04-09,0.33593801,0.33593801,0.32725701,0.32986099,0.20022731,71568000
1987-04-10,0.32986099,0.33246499,0.32899299,0.33203101,0.20154452,43372800
1987-04-13,0.331597,0.331597,0.319444,0.321181,0.19495848,50256000
1987-04-14,0.321181,0.331597,0.315972,0.32638901,0.19811982,87379200
1987-04-15,0.32899299,0.336806,0.32899299,0.33333299,0.20233481,95961600
1987-04-16,0.33333299,0.34895799,0.33246499,0.34201401,0.20760415,188092800
1987-04-20,0.34201401,0.34548599,0.331597,0.33246499,0.20180793,100310400
1987-04-21,0.33246499,0.340278,0.32552099,0.33767399,0.20496981,113184000
1987-04-22,0.33767399,0.34288201,0.33767399,0.34201401,0.20760415,74678400
1987-04-23,0.34201401,0.34548599,0.336806,0.34201401,0.20760415,48326400
1987-04-24,0.34201401,0.34548599,0.33767399,0.34375,0.20865805,54172800
1987-04-27,0.34375,0.34635401,0.33767399,0.34375,0.20865805,53107200
1987-04-28,0.34375,0.36979201,0.340278,0.36892399,0.22393864,111081600
1987-04-29,0.36892399,0.378472,0.35850701,0.35850701,0.21761559,85161600
1987-04-30,0.35850701,0.36892399,0.35329899,0.36111099,0.21919619,88041600
1987-05-01,0.36111099,0.36545101,0.35677099,0.36458299,0.22130369,37843200
1987-05-04,0.36458299,0.37413201,0.362847,0.371528,0.22551936,34531200
1987-05-05,0.37239599,0.40191001,0.37239599,0.40191001,0.24396147,110995200
1987-05-06,0.40191001,0.40538201,0.390625,0.39236099,0.23816518,153504000
1987-05-07,0.39236099,0.41145799,0.38975701,0.41058999,0.24923016,289699200
1987-05-08,0.41145799,0.44531301,0.41145799,0.43923599,0.26661843,150048000
1987-05-11,0.43923599,0.43923599,0.426649,0.42708299,0.2592417,127382400
1987-05-12,0.42708299,0.43142399,0.40625,0.41232601,0.2502839,148464000
1987-05-13,0.414931,0.42447901,0.414931,0.42274299,0.25660715,73382400
1987-05-14,0.42274299,0.434028,0.42274299,0.42621499,0.25871468,59961600
1987-05-15,0.425347,0.425347,0.41406301,0.41406301,0.25133836,84326400
1987-05-18,0.41406301,0.41406301,0.38888901,0.40017399,0.24290775,172598400
1987-05-19,0.40017399,0.40017399,0.38628501,0.38628501,0.23447703,78336000
1987-05-20,0.38454899,0.38454899,0.37239599,0.38020799,0.23078823,228355200
1987-05-21,0.38107601,0.39149299,0.38107601,0.387153,0.23500371,93312000
1987-05-22,0.387153,0.38888901,0.37413201,0.37586799,0.22815378,64627200
1987-05-26,0.37586799,0.381944,0.375,0.38020799,0.23078823,46886400
1987-05-27,0.38020799,0.38888901,0.378472,0.38020799,0.23078823,48758400
1987-05-28,0.38020799,0.40451401,0.37933999,0.40364599,0.24501505,108662400
1987-05-29,0.40364599,0.41058999,0.399306,0.40017399,0.24290775,80380800
1987-06-01,0.40017399,0.40017399,0.39236099,0.39236099,0.23816518,30326400
1987-06-02,0.39236099,0.39843801,0.38541701,0.390625,0.2371113,51552000
1987-06-03,0.39236099,0.39843801,0.39236099,0.39322901,0.23869203,21628800
1987-06-04,0.39322901,0.39322901,0.38802099,0.390625,0.2371113,20390400
1987-06-05,0.390625,0.39236099,0.371528,0.37933999,0.23026124,59270400
1987-06-08,0.37933999,0.381944,0.37326401,0.38107601,0.23131509,111571200
1987-06-09,0.38107601,0.381944,0.37673599,0.378472,0.22973429,25833600
1987-06-10,0.378472,0.38020799,0.35156301,0.359375,0.21814241,176256000
1987-06-11,0.36545101,0.36718801,0.33767399,0.33854201,0.20549664,268704000
1987-06-12,0.33854201,0.352431,0.33767399,0.34114599,0.20707731,196156800
1987-06-15,0.34114599,0.34635401,0.33420101,0.34114599,0.20707731,125222400
1987-06-16,0.34114599,0.352431,0.340278,0.34808999,0.21129245,73526400
1987-06-17,0.34982601,0.36111099,0.34982601,0.36024299,0.21866934,71078400
1987-06-18,0.359375,0.36458299,0.35416701,0.364149,0.22104026,56188800
1987-06-19,0.36545101,0.36892399,0.36111099,0.362847,0.22025,40809600
1987-06-22,0.36458299,0.36458299,0.35763901,0.36024299,0.21866934,87436800
1987-06-23,0.36024299,0.36024299,0.34895799,0.35677099,0.21656185,100771200
1987-06-24,0.35850701,0.368056,0.35850701,0.36371499,0.2207768,82684800
1987-06-25,0.362847,0.36458299,0.359375,0.362847,0.22025,44035200
1987-06-26,0.36371499,0.36545101,0.36024299,0.36371499,0.2207768,21945600
1987-06-29,0.36371499,0.36371499,0.355903,0.36197901,0.21972306,25632000
1987-06-30,0.362847,0.36371499,0.35329899,0.35416701,0.2149812,38332800
1987-07-01,0.35329899,0.35850701,0.352431,0.355903,0.21603499,21945600
1987-07-02,0.35677099,0.35677099,0.34288201,0.347222,0.21076556,56880000
1987-07-06,0.34635401,0.350694,0.336806,0.33854201,0.20549664,65491200
1987-07-07,0.33767399,0.33767399,0.31076401,0.31336799,0.19021596,197078400
1987-07-08,0.315972,0.32899299,0.30729201,0.32378501,0.19653913,193449600
1987-07-09,0.32552099,0.340278,0.32378501,0.33246499,0.20180793,92707200
1987-07-10,0.33072901,0.33854201,0.32638901,0.336806,0.20444296,75830400
1987-07-13,0.336806,0.34548599,0.33333299,0.34461799,0.20918483,48326400
1987-07-14,0.347222,0.36545101,0.34548599,0.36458299,0.22130369,152812800
1987-07-15,0.36458299,0.36718801,0.35503501,0.35503501,0.21550804,96768000
1987-07-16,0.355903,0.35763901,0.347222,0.35416701,0.2149812,72979200
1987-07-17,0.35416701,0.36111099,0.35329899,0.35503501,0.21550804,51264000
1987-07-20,0.35416701,0.35416701,0.34461799,0.34548599,0.20971169,42019200
1987-07-21,0.34548599,0.350694,0.34201401,0.34461799,0.20918483,36547200
1987-07-22,0.34461799,0.34895799,0.34201401,0.347222,0.21076556,53366400
1987-07-23,0.347222,0.347222,0.32638901,0.33941001,0.20602357,148492800
1987-07-24,0.340278,0.34548599,0.33941001,0.34201401,0.20760415,57744000
1987-07-27,0.34201401,0.34635401,0.336806,0.34635401,0.21023867,41817600
1987-07-28,0.34808999,0.35329899,0.34461799,0.34548599,0.20971169,38160000
1987-07-29,0.34548599,0.34635401,0.33941001,0.34461799,0.20918483,27676800
1987-07-30,0.34461799,0.34461799,0.33333299,0.336806,0.20444296,55555200
1987-07-31,0.335069,0.335069,0.319444,0.32638901,0.19811982,186624000
1987-08-03,0.32638901,0.328125,0.31683999,0.31857601,0.19337724,116352000
1987-08-04,0.31857601,0.32552099,0.31857601,0.32552099,0.19759285,135072000
1987-08-05,0.32638901,0.34201401,0.32552099,0.33767399,0.20496981,211190400
1987-08-06,0.33854201,0.35286501,0.33854201,0.350694,0.21287303,152553600
1987-08-07,0.350694,0.362847,0.34982601,0.359375,0.21814241,171014400
1987-08-10,0.36024299,0.36111099,0.355903,0.359375,0.21814241,56448000
1987-08-11,0.36111099,0.362847,0.350694,0.352431,0.21392734,68544000
1987-08-12,0.352431,0.35329899,0.347222,0.347222,0.21076556,42364800
1987-08-13,0.347222,0.362847,0.347222,0.35763901,0.21708874,80640000
1987-08-14,0.35763901,0.36024299,0.355903,0.359375,0.21814241,50832000
1987-08-17,0.359375,0.36197901,0.35763901,0.36197901,0.21972306,33667200
1987-08-18,0.359375,0.36111099,0.352431,0.355903,0.21603499,46944000
1987-08-19,0.355903,0.35677099,0.34895799,0.355903,0.21603499,48902400
1987-08-20,0.355903,0.36718801,0.355903,0.36545101,0.22183058,82051200
1987-08-21,0.36458299,0.37586799,0.36458299,0.371528,0.22551936,68976000
1987-08-24,0.371528,0.38975701,0.366319,0.38802099,0.23553069,97747200
1987-08-25,0.39149299,0.40538201,0.387153,0.39843801,0.24185386,185961600
1987-08-26,0.39843801,0.409722,0.39670101,0.40104201,0.24343447,114105600
1987-08-27,0.40104201,0.40364599,0.39670101,0.40191001,0.24396147,72432000
1987-08-28,0.402778,0.42100701,0.402778,0.41753501,0.2534458,114796800
1987-08-31,0.41579899,0.41753501,0.40538201,0.41232601,0.2502839,84326400
1987-09-01,0.409722,0.41232601,0.39236099,0.394097,0.23921889,93859200
1987-09-02,0.390625,0.40017399,0.38975701,0.399306,0.24238077,78393600
1987-09-03,0.40364599,0.40885401,0.39496499,0.40017399,0.24290775,70934400
1987-09-04,0.40017399,0.40104201,0.38802099,0.38888901,0.2360577,48355200
1987-09-08,0.38802099,0.38888901,0.37586799,0.387153,0.23500371,96336000
1987-09-09,0.38888901,0.39583299,0.387153,0.39149299,0.23763828,60710400
1987-09-10,0.39322901,0.40191001,0.39236099,0.397569,0.24132641,58176000
1987-09-11,0.397569,0.40451401,0.39583299,0.40364599,0.24501505,41040000
1987-09-14,0.40451401,0.41666701,0.40451401,0.41406301,0.25133836,94464000
1987-09-15,0.414931,0.414931,0.40364599,0.40928799,0.24843992,39052800
1987-09-16,0.409722,0.41666701,0.40538201,0.40538201,0.24606894,57715200
1987-09-17,0.40625,0.40798599,0.39496499,0.402778,0.24448825,69436800
1987-09-18,0.402778,0.402778,0.39583299,0.399306,0.24238077,31651200
1987-09-21,0.371528,0.397569,0.368056,0.371528,0.22551936,85550400
1987-09-22,0.371528,0.40104201,0.368056,0.397569,0.24132641,82008000
1987-09-23,0.40104201,0.41927099,0.40104201,0.418403,0.25397277,107697600
1987-09-24,0.41666701,0.43923599,0.41666701,0.425347,0.25818771,118440000
1987-09-25,0.42708299,0.45138901,0.425347,0.430556,0.26134965,82454400
1987-09-28,0.430556,0.453125,0.428819,0.444444,0.26977983,95544000
1987-09-29,0.44791701,0.453125,0.44183999,0.446181,0.27083418,57412800
1987-09-30,0.444444,0.46267399,0.444444,0.460069,0.27926421,85680000
1987-10-01,0.460069,0.477431,0.45833299,0.475694,0.28874868,127224000
1987-10-02,0.47916701,0.50520802,0.477431,0.50347197,0.30561006,131644800
1987-10-05,0.51041698,0.54861099,0.51041698,0.54861099,0.33300954,184320000
1987-10-06,0.54861099,0.55034697,0.50954902,0.51215303,0.3108795,203040000
1987-10-07,0.51388901,0.522569,0.496528,0.506944,0.30771762,125640000
1987-10-08,0.508681,0.515625,0.48263901,0.5,0.30350253,96940800
1987-10-09,0.50173599,0.522569,0.49826401,0.49826401,0.30244878,93888000
1987-10-12,0.5,0.506944,0.47916701,0.496528,0.301395,117187200
1987-10-13,0.50173599,0.51388901,0.493056,0.508681,0.30877197,96811200
1987-10-14,0.508681,0.51909697,0.491319,0.49479201,0.30034119,114220800
1987-10-15,0.48958299,0.50520802,0.48611099,0.48958299,0.29717934,128822400
1987-10-16,0.48958299,0.51736099,0.446181,0.449653,0.27294159,210240000
1987-10-19,0.42708299,0.440972,0.3125,0.31423599,0.19074288,146880000
1987-10-20,0.319444,0.36111099,0.29861099,0.33333299,0.20233481,324000000
1987-10-21,0.359375,0.42013901,0.347222,0.39322901,0.23869203,262080000
1987-10-22,0.394097,0.402778,0.35416701,0.36979201,0.22446558,223200000
1987-10-23,0.36458299,0.368056,0.32986099,0.335069,0.20338851,112766400
1987-10-26,0.32291701,0.33333299,0.258681,0.272569,0.16545078,148320000
1987-10-27,0.28298599,0.29861099,0.272569,0.28645799,0.17388144,234720000
1987-10-28,0.277778,0.29513901,0.26736099,0.28645799,0.17388144,149760000
1987-10-29,0.28645799,0.33854201,0.28645799,0.331597,0.20128098,167040000
1987-10-30,0.34548599,0.362847,0.336806,0.34548599,0.20971169,168480000
1987-11-02,0.34201401,0.35416701,0.336806,0.34895799,0.21181925,84772800
1987-11-03,0.34201401,0.347222,0.303819,0.33333299,0.20233481,116150400
1987-11-04,0.32638901,0.352431,0.319444,0.33854201,0.20549664,95342400
1987-11-05,0.340278,0.355903,0.33854201,0.350694,0.21287303,81432000
1987-11-06,0.34895799,0.350694,0.32638901,0.32986099,0.20022731,75355200
1987-11-09,0.324653,0.32986099,0.315972,0.32638901,0.19811982,86587200
1987-11-10,0.32291701,0.336806,0.315972,0.32638901,0.19811982,91166400
1987-11-11,0.32986099,0.34201401,0.328125,0.340278,0.20655046,54619200
1987-11-12,0.352431,0.36111099,0.340278,0.347222,0.21076556,99172800
1987-11-13,0.347222,0.34895799,0.335069,0.335069,0.20338851,58492800
1987-11-16,0.33854201,0.34548599,0.32986099,0.331597,0.20128098,59472000
1987-11-17,0.324653,0.32986099,0.31423599,0.324653,0.19706602,69321600
1987-11-18,0.32986099,0.33333299,0.3125,0.33333299,0.20233481,89308800
1987-11-19,0.335069,0.336806,0.319444,0.321181,0.19495848,75024000
1987-11-20,0.315972,0.331597,0.31076401,0.32986099,0.20022731,82468800
1987-11-23,0.328125,0.33854201,0.32638901,0.331597,0.20128098,44640000
1987-11-24,0.336806,0.340278,0.315972,0.32986099,0.20022731,72230400
1987-11-25,0.32986099,0.331597,0.319444,0.319444,0.19390415,32155200
1987-11-27,0.319444,0.321181,0.3125,0.31423599,0.19074288,18316800
1987-11-30,0.30729201,0.3125,0.28125,0.31076401,0.1886353,164160000
1987-12-01,0.309028,0.31770799,0.29861099,0.303819,0.18441972,73540800
1987-12-02,0.30208299,0.31076401,0.296875,0.305556,0.1854741,68515200
1987-12-03,0.30729201,0.31076401,0.27951401,0.28038201,0.1701933,127670400
1987-12-04,0.27951401,0.29427099,0.277778,0.29166701,0.17704339,121752000
1987-12-07,0.29861099,0.303819,0.293403,0.300347,0.18231221,66211200
1987-12-08,0.300347,0.32986099,0.29861099,0.32986099,0.20022731,112521600
1987-12-09,0.328125,0.335069,0.319444,0.321181,0.19495848,83793600
1987-12-10,0.315972,0.34375,0.30729201,0.32986099,0.20022731,165600000
1987-12-11,0.331597,0.336806,0.324653,0.33333299,0.20233481,72475200
1987-12-14,0.33333299,0.35416701,0.331597,0.352431,0.21392734,95112000
1987-12-15,0.355903,0.36024299,0.347222,0.355903,0.21603499,112219200
1987-12-16,0.350694,0.38020799,0.34895799,0.37673599,0.22868058,105537600
1987-12-17,0.38020799,0.38020799,0.359375,0.36111099,0.21919619,94017600
1987-12-18,0.36458299,0.37326401,0.36111099,0.36111099,0.21919619,52488000
1987-12-21,0.36458299,0.371528,0.352431,0.35763901,0.21708874,51163200
1987-12-22,0.35763901,0.368056,0.347222,0.36458299,0.22130369,41774400
1987-12-23,0.36979201,0.37326401,0.362847,0.36979201,0.22446558,60710400
1987-12-24,0.36979201,0.37326401,0.368056,0.36979201,0.22446558,12672000
1987-12-28,0.368056,0.36979201,0.347222,0.355903,0.21603499,50716800
1987-12-29,0.355903,0.381944,0.350694,0.378472,0.22973429,79459200
1987-12-30,0.378472,0.38888901,0.37673599,0.387153,0.23500371,70704000
1987-12-31,0.383681,0.387153,0.37326401,0.37673599,0.22868058,61545600
1988-01-04,0.38020799,0.39236099,0.378472,0.38888901,0.2360577,110347200
1988-01-05,0.397569,0.402778,0.39236099,0.39583299,0.24027269,155520000
1988-01-06,0.397569,0.414931,0.39583299,0.40625,0.24659581,121680000
1988-01-07,0.402778,0.42100701,0.399306,0.42013901,0.25502655,90676800
1988-01-08,0.418403,0.428819,0.38628501,0.38888901,0.2360577,145440000
1988-01-11,0.387153,0.402778,0.38020799,0.40191001,0.24396147,143568000
1988-01-12,0.402778,0.40625,0.37673599,0.394097,0.23921889,168480000
1988-01-13,0.38888901,0.40625,0.38020799,0.394097,0.23921889,96148800
1988-01-14,0.397569,0.402778,0.38888901,0.390625,0.2371113,40608000
1988-01-15,0.409722,0.41145799,0.40104201,0.40104201,0.24343447,92174400
1988-01-18,0.402778,0.402778,0.390625,0.397569,0.24132641,30038400
1988-01-19,0.38888901,0.40451401,0.387153,0.397569,0.24132641,47419200
1988-01-20,0.394097,0.397569,0.36458299,0.375,0.22762695,208800000
1988-01-21,0.37673599,0.390625,0.37673599,0.381944,0.23184203,125107200
1988-01-22,0.38628501,0.38975701,0.366319,0.37413201,0.22709997,75297600
1988-01-25,0.37673599,0.390625,0.37673599,0.387153,0.23500371,75499200
1988-01-26,0.381944,0.38802099,0.37673599,0.378472,0.22973429,43560000
1988-01-27,0.38020799,0.390625,0.38020799,0.387153,0.23500371,100411200
1988-01-28,0.38888901,0.394097,0.38888901,0.39236099,0.23816518,29318400
1988-01-29,0.39236099,0.39583299,0.378472,0.387153,0.23500371,66700800
1988-02-01,0.394097,0.39583299,0.381944,0.383681,0.23289633,48729600
1988-02-02,0.383681,0.38888901,0.38020799,0.387153,0.23500371,60753600
1988-02-03,0.387153,0.387153,0.362847,0.366319,0.22235744,75801600
1988-02-04,0.368056,0.36979201,0.34548599,0.35416701,0.2149812,114710400
1988-02-05,0.36111099,0.371528,0.355903,0.35763901,0.21708874,94104000
1988-02-08,0.352431,0.36458299,0.352431,0.359375,0.21814241,72878400
1988-02-09,0.362847,0.368056,0.36111099,0.366319,0.22235744,49939200
1988-02-10,0.368056,0.375,0.36458299,0.37326401,0.22657306,77025600
1988-02-11,0.375,0.38020799,0.37326401,0.38020799,0.23078823,69436800
1988-02-12,0.38020799,0.390625,0.378472,0.383681,0.23289633,80222400
1988-02-16,0.381944,0.40104201,0.378472,0.399306,0.24238077,67334400
1988-02-17,0.402778,0.40798599,0.397569,0.399306,0.24238077,101318400
1988-02-18,0.397569,0.409722,0.39583299,0.402778,0.24448825,84153600
1988-02-19,0.40451401,0.40798599,0.40104201,0.40798599,0.24764946,53164800
1988-02-22,0.40798599,0.409722,0.402778,0.40798599,0.24764946,52228800
1988-02-23,0.40798599,0.41666701,0.40798599,0.413194,0.25081089,91728000
1988-02-24,0.413194,0.421875,0.413194,0.41579899,0.25239202,79560000
1988-02-25,0.414931,0.42013901,0.40191001,0.40364599,0.24501505,61560000
1988-02-26,0.40451401,0.40798599,0.397569,0.40451401,0.24554206,29923200
1988-02-29,0.40625,0.413194,0.402778,0.41232601,0.2502839,39326400
1988-03-01,0.414931,0.41666701,0.40625,0.409722,0.24870329,43300800
1988-03-02,0.409722,0.421875,0.40798599,0.413194,0.25081089,67896000
1988-03-03,0.41666701,0.42708299,0.414931,0.42361099,0.25713396,83664000
1988-03-04,0.42361099,0.425347,0.414931,0.421875,0.25608024,68356800
1988-03-07,0.42361099,0.43576401,0.421875,0.43489599,0.26398408,78004800
1988-03-08,0.4375,0.449653,0.43576401,0.44357601,0.26925293,96897600
1988-03-09,0.440972,0.44791701,0.43923599,0.444444,0.26977983,81734400
1988-03-10,0.446181,0.45138901,0.43316001,0.43576401,0.26451093,97948800
1988-03-11,0.434028,0.4375,0.42361099,0.434028,0.26345715,84297600
1988-03-14,0.43229201,0.44270799,0.42708299,0.44183999,0.26819903,46281600
1988-03-15,0.44270799,0.44270799,0.43229201,0.434028,0.26345715,43761600
1988-03-16,0.43576401,0.449653,0.430556,0.449653,0.27294159,54547200
1988-03-17,0.45138901,0.45486099,0.44270799,0.44357601,0.26925293,125308800
1988-03-18,0.44270799,0.444444,0.40451401,0.40451401,0.24554206,169920000
1988-03-21,0.40625,0.40798599,0.394097,0.40798599,0.24764946,198720000
1988-03-22,0.40798599,0.421875,0.40798599,0.418403,0.25397277,115833600
1988-03-23,0.428819,0.43316001,0.40798599,0.409722,0.24870329,151200000
1988-03-24,0.40798599,0.40798599,0.387153,0.39236099,0.23816518,159840000
1988-03-25,0.394097,0.40017399,0.387153,0.38975701,0.23658445,47332800
1988-03-28,0.38541701,0.39583299,0.381944,0.39496499,0.23974583,67147200
1988-03-29,0.397569,0.40451401,0.390625,0.39236099,0.23816518,80712000
1988-03-30,0.394097,0.39583299,0.37673599,0.38020799,0.23078823,100713600
1988-03-31,0.378472,0.39236099,0.378472,0.39236099,0.23816518,50256000
1988-04-04,0.38888901,0.39236099,0.378472,0.383681,0.23289633,47721600
1988-04-05,0.38541701,0.38888901,0.378472,0.38888901,0.2360577,41760000
1988-04-06,0.38888901,0.40451401,0.387153,0.40364599,0.24501505,75297600
1988-04-07,0.40451401,0.40798599,0.397569,0.397569,0.24132641,74923200
1988-04-08,0.399306,0.40625,0.39670101,0.402778,0.24448825,57974400
1988-04-11,0.40625,0.40625,0.39583299,0.399306,0.24238077,40406400
1988-04-12,0.397569,0.40104201,0.381944,0.387153,0.23500371,52444800
1988-04-13,0.38888901,0.39583299,0.38541701,0.39583299,0.24027269,42206400
1988-04-14,0.38541701,0.39236099,0.366319,0.368056,0.22341196,110030400
1988-04-15,0.36979201,0.381944,0.366319,0.37673599,0.22868058,114220800
1988-04-18,0.375,0.383681,0.37326401,0.38020799,0.23078823,48052800
1988-04-19,0.38020799,0.39583299,0.375,0.37673599,0.22868058,75772800
1988-04-20,0.37673599,0.381944,0.37326401,0.378472,0.22973429,65404800
1988-04-21,0.381944,0.38541701,0.37326401,0.37760401,0.22920758,63979200
1988-04-22,0.378472,0.387153,0.378472,0.383681,0.23289633,33926400
1988-04-25,0.383681,0.387153,0.38020799,0.38281301,0.23236944,23385600
1988-04-26,0.387153,0.39236099,0.383681,0.387153,0.23500371,46454400
1988-04-27,0.387153,0.38888901,0.37673599,0.38541701,0.23395006,47894400
1988-04-28,0.38541701,0.387153,0.381944,0.38454899,0.23342317,28468800
1988-04-29,0.381944,0.381944,0.37673599,0.378472,0.22973429,64771200
1988-05-02,0.378472,0.383681,0.371528,0.381944,0.23184203,49262400
1988-05-03,0.383681,0.39583299,0.383681,0.39236099,0.23816518,62740800
1988-05-04,0.394097,0.40104201,0.38888901,0.39670101,0.24079944,75153600
1988-05-05,0.394097,0.397569,0.390625,0.39583299,0.24027269,24883200
1988-05-06,0.394097,0.402778,0.394097,0.397569,0.24132641,43977600
1988-05-09,0.397569,0.40451401,0.394097,0.397569,0.24132641,34790400
1988-05-10,0.397569,0.40017399,0.390625,0.39583299,0.24027269,46828800
1988-05-11,0.39236099,0.39236099,0.381944,0.387153,0.23500371,59486400
1988-05-12,0.387153,0.39236099,0.38541701,0.38888901,0.2360577,26409600
1988-05-13,0.39236099,0.39583299,0.390625,0.394097,0.23921889,17913600
1988-05-16,0.394097,0.40885401,0.394097,0.40451401,0.24554206,59788800
1988-05-17,0.409722,0.41145799,0.402778,0.402778,0.24448825,70430400
1988-05-18,0.402778,0.40538201,0.39236099,0.394097,0.23921889,81374400
1988-05-19,0.38888901,0.397569,0.387153,0.39583299,0.24027269,57729600
1988-05-20,0.397569,0.40104201,0.38888901,0.390625,0.2371113,42523200
1988-05-23,0.390625,0.39236099,0.378472,0.381944,0.23184203,50227200
1988-05-24,0.381944,0.394097,0.38020799,0.394097,0.23921889,55324800
1988-05-25,0.39236099,0.39583299,0.38541701,0.387153,0.23500371,53582400
1988-05-26,0.38888901,0.39583299,0.387153,0.38975701,0.23658445,43387200
1988-05-27,0.390625,0.390625,0.38541701,0.38541701,0.23395006,33148800
1988-05-31,0.38541701,0.40451401,0.383681,0.402778,0.24448825,44049600
1988-06-01,0.40451401,0.41666701,0.40104201,0.41145799,0.24975713,95788800
1988-06-02,0.413194,0.41666701,0.40798599,0.409722,0.24870329,63230400
1988-06-03,0.409722,0.414931,0.40798599,0.413194,0.25081089,34833600
1988-06-06,0.413194,0.42361099,0.41145799,0.421875,0.25608024,81748800
1988-06-07,0.42361099,0.430556,0.41927099,0.42361099,0.25713396,82166400
1988-06-08,0.421875,0.434028,0.421875,0.430556,0.26134965,66283200
1988-06-09,0.43229201,0.43663201,0.42795101,0.428819,0.26029524,69264000
1988-06-10,0.428819,0.43576401,0.425347,0.43229201,0.26240334,45014400
1988-06-13,0.434028,0.4375,0.43229201,0.43316001,0.26293048,31118400
1988-06-14,0.4375,0.440972,0.43576401,0.4375,0.26556459,60379200
1988-06-15,0.43576401,0.444444,0.434028,0.444444,0.26977983,51033600
1988-06-16,0.43923599,0.44270799,0.4375,0.440972,0.26767224,73713600
1988-06-17,0.440972,0.446181,0.43576401,0.4375,0.26556459,42105600
1988-06-20,0.43576401,0.4375,0.430556,0.43576401,0.26451093,28137600
1988-06-21,0.434028,0.444444,0.434028,0.444444,0.26977983,39715200
1988-06-22,0.45138901,0.46875,0.44704899,0.465278,0.28242609,127324800
1988-06-23,0.465278,0.46701401,0.456597,0.45833299,0.2782104,41054400
1988-06-24,0.45833299,0.460069,0.45138901,0.453125,0.27504909,28555200
1988-06-27,0.453125,0.453125,0.444444,0.444444,0.26977983,23630400
1988-06-28,0.444444,0.45833299,0.44270799,0.456597,0.27715656,32140800
1988-06-29,0.45833299,0.461806,0.45486099,0.456597,0.27715656,49809600
1988-06-30,0.460069,0.465278,0.45833299,0.465278,0.28242609,31550400
1988-07-01,0.465278,0.472222,0.46354201,0.472222,0.28664115,42940800
1988-07-05,0.46875,0.484375,0.465278,0.48350701,0.29349124,48096000
1988-07-06,0.484375,0.48958299,0.475694,0.477431,0.28980312,89380800
1988-07-07,0.47395799,0.47916701,0.47048599,0.477431,0.28980312,68428800
1988-07-08,0.472222,0.477431,0.47048599,0.475694,0.28874868,40089600
1988-07-11,0.477431,0.477431,0.46354201,0.46354201,0.28137225,65764800
1988-07-12,0.465278,0.46701401,0.449653,0.45572901,0.27662978,90000000
1988-07-13,0.45486099,0.46354201,0.45138901,0.46354201,0.28137225,57427200
1988-07-14,0.46354201,0.465278,0.45833299,0.465278,0.28242609,34848000
1988-07-15,0.465278,0.46701401,0.460069,0.465278,0.28242609,31579200
1988-07-18,0.46701401,0.47048599,0.465278,0.46875,0.28453356,20102400
1988-07-19,0.46701401,0.46875,0.456597,0.45833299,0.2782104,36460800
1988-07-20,0.461806,0.461806,0.44270799,0.444444,0.26977983,111096000
1988-07-21,0.44270799,0.444444,0.42013901,0.42361099,0.25713396,128937600
1988-07-22,0.421875,0.434028,0.42013901,0.428819,0.26029524,68817600
1988-07-25,0.430556,0.434028,0.418403,0.42013901,0.25502655,52704000
1988-07-26,0.402778,0.409722,0.394097,0.402778,0.24448825,228960000
1988-07-27,0.40451401,0.409722,0.399306,0.40017399,0.24290775,68140800
1988-07-28,0.399306,0.40625,0.39583299,0.40451401,0.24554206,57945600
1988-07-29,0.40625,0.41666701,0.40451401,0.413194,0.25081089,59385600
1988-08-01,0.414931,0.41666701,0.40625,0.40625,0.24659581,51825600
1988-08-02,0.40625,0.40798599,0.394097,0.399306,0.24238077,65476800
1988-08-03,0.397569,0.399306,0.38541701,0.390625,0.2371113,91987200
1988-08-04,0.390625,0.39236099,0.38541701,0.38541701,0.23395006,53496000
1988-08-05,0.38541701,0.38541701,0.359375,0.371528,0.22551936,201600000
1988-08-08,0.37326401,0.37326401,0.366319,0.36979201,0.22446558,148320000
1988-08-09,0.368056,0.36979201,0.35416701,0.359375,0.21814241,138830400
1988-08-10,0.355903,0.359375,0.347222,0.350694,0.21287303,113169600
1988-08-11,0.35416701,0.36111099,0.347222,0.359375,0.21814241,123105600
1988-08-12,0.359375,0.362847,0.35763901,0.36111099,0.21919619,58262400
1988-08-15,0.36111099,0.362847,0.347222,0.352431,0.21392734,41083200
1988-08-16,0.350694,0.366319,0.34895799,0.36458299,0.22130369,90878400
1988-08-17,0.36458299,0.37413201,0.35677099,0.36458299,0.22130369,59112000
1988-08-18,0.366319,0.36979201,0.36458299,0.366319,0.22235744,32025600
1988-08-19,0.366319,0.368056,0.34895799,0.350694,0.21287303,67377600
1988-08-22,0.34895799,0.350694,0.331597,0.33333299,0.20233481,110174400
1988-08-23,0.335069,0.34548599,0.331597,0.34288201,0.20813109,88315200
1988-08-24,0.34375,0.35850701,0.34201401,0.35763901,0.21708874,102585600
1988-08-25,0.34895799,0.35763901,0.347222,0.352431,0.21392734,72633600
1988-08-26,0.352431,0.359375,0.352431,0.35677099,0.21656185,24451200
1988-08-29,0.36111099,0.36458299,0.359375,0.36197901,0.21972306,35035200
1988-08-30,0.36111099,0.362847,0.35416701,0.355903,0.21603499,20966400
1988-08-31,0.35763901,0.359375,0.34201401,0.347222,0.21076556,71884800
1988-09-01,0.34375,0.34548599,0.33333299,0.33941001,0.20602357,82382400
1988-09-02,0.34548599,0.359375,0.34375,0.35763901,0.21708874,115329600
1988-09-06,0.35763901,0.36458299,0.355903,0.36111099,0.21919619,67752000
1988-09-07,0.362847,0.366319,0.352431,0.359375,0.21814241,72115200
1988-09-08,0.35763901,0.36979201,0.355903,0.36111099,0.21919619,69206400
1988-09-09,0.359375,0.38020799,0.35763901,0.375,0.22762695,111124800
1988-09-12,0.37326401,0.381944,0.371528,0.37326401,0.22657306,43257600
1988-09-13,0.36979201,0.37673599,0.366319,0.375,0.22762695,40608000
1988-09-14,0.38107601,0.383681,0.37326401,0.375,0.22762695,79214400
1988-09-15,0.375,0.37673599,0.36111099,0.362847,0.22025,72921600
1988-09-16,0.362847,0.36458299,0.359375,0.36111099,0.21919619,48700800
1988-09-19,0.36458299,0.36458299,0.35416701,0.359375,0.21814241,44697600
1988-09-20,0.36111099,0.36979201,0.359375,0.36979201,0.22446558,53625600
1988-09-21,0.371528,0.375,0.371528,0.37326401,0.22657306,16056000
1988-09-22,0.375,0.381944,0.37326401,0.378472,0.22973429,59688000
1988-09-23,0.378472,0.378472,0.37326401,0.37326401,0.22657306,35092800
1988-09-26,0.37326401,0.375,0.359375,0.36371499,0.2207768,50212800
1988-09-27,0.36111099,0.362847,0.35763901,0.36111099,0.21919619,35366400
1988-09-28,0.362847,0.368056,0.359375,0.368056,0.22341196,25516800
1988-09-29,0.366319,0.371528,0.36458299,0.368056,0.22341196,56462400
1988-09-30,0.366319,0.368056,0.359375,0.362847,0.22025,37252800
1988-10-03,0.355903,0.359375,0.350694,0.35677099,0.21656185,41097600
1988-10-04,0.35763901,0.36111099,0.35329899,0.35503501,0.21550804,29260800
1988-10-05,0.355903,0.355903,0.347222,0.34895799,0.21181925,67089600
1988-10-06,0.34895799,0.352431,0.347222,0.347222,0.21076556,33609600
1988-10-07,0.347222,0.34895799,0.33246499,0.34548599,0.20971169,208065600
1988-10-10,0.347222,0.347222,0.331597,0.34201401,0.20760415,106358400
1988-10-11,0.34548599,0.350694,0.340278,0.34548599,0.20971169,65952000
1988-10-12,0.34375,0.359375,0.340278,0.35156301,0.21340048,137534400
1988-10-13,0.34982601,0.362847,0.34895799,0.35763901,0.21708874,82468800
1988-10-14,0.36111099,0.362847,0.35416701,0.355903,0.21603499,56764800
1988-10-17,0.355903,0.36458299,0.355903,0.36111099,0.21919619,25675200
1988-10-18,0.359375,0.366319,0.355903,0.36458299,0.22130369,37224000
1988-10-19,0.371528,0.37326401,0.362847,0.36979201,0.22446558,80683200
1988-10-20,0.366319,0.375,0.366319,0.371528,0.22551936,73296000
1988-10-21,0.368056,0.371528,0.36458299,0.368056,0.22341196,24264000
1988-10-24,0.36979201,0.36979201,0.36024299,0.36111099,0.21919619,28627200
1988-10-25,0.36111099,0.362847,0.347222,0.350694,0.21287303,74548800
1988-10-26,0.34895799,0.350694,0.336806,0.34548599,0.20971169,157420800
1988-10-27,0.34201401,0.34375,0.331597,0.34375,0.20865805,114336000
1988-10-28,0.34201401,0.34548599,0.336806,0.34375,0.20865805,46540800
1988-10-31,0.34201401,0.34201401,0.336806,0.340278,0.20655046,41284800
1988-11-01,0.340278,0.34548599,0.33854201,0.33854201,0.20549664,53280000
1988-11-02,0.33854201,0.33854201,0.324653,0.328125,0.19917348,221803200
1988-11-03,0.328125,0.331597,0.32031301,0.328125,0.19917348,118339200
1988-11-04,0.32291701,0.331597,0.32291701,0.32291701,0.19601223,106603200
1988-11-07,0.32291701,0.32638901,0.319444,0.324653,0.19706602,55065600
1988-11-08,0.328125,0.340278,0.32638901,0.33767399,0.20496981,56606400
1988-11-09,0.33333299,0.347222,0.331597,0.34548599,0.20971169,124732800
1988-11-10,0.34548599,0.350694,0.340278,0.340278,0.20655046,78796800
1988-11-11,0.336806,0.340278,0.32986099,0.33072901,0.20075417,54936000
1988-11-14,0.33333299,0.33854201,0.32986099,0.336806,0.20444296,34329600
1988-11-15,0.336806,0.336806,0.32291701,0.32638901,0.19811982,93902400
1988-11-16,0.32725701,0.328125,0.315972,0.321181,0.19495848,199008000
1988-11-17,0.321181,0.324653,0.31770799,0.319444,0.19390415,65865600
1988-11-18,0.321181,0.324653,0.31770799,0.32378501,0.19653913,34430400
1988-11-21,0.319444,0.321181,0.31423599,0.319444,0.19390415,47102400
1988-11-22,0.319444,0.32291701,0.315972,0.319444,0.19390415,30312000
1988-11-23,0.321181,0.32638901,0.319444,0.32552099,0.19759285,56548800
1988-11-25,0.321181,0.32291701,0.31770799,0.32204899,0.19548538,11462400
1988-11-28,0.321181,0.32986099,0.321181,0.32638901,0.19811982,58737600
1988-11-29,0.32638901,0.32986099,0.324653,0.32986099,0.20022731,21873600
1988-11-30,0.328125,0.331597,0.328125,0.328125,0.19917348,35193600
1988-12-01,0.32986099,0.34375,0.32638901,0.340278,0.20655046,82008000
1988-12-02,0.336806,0.34895799,0.336806,0.34548599,0.20971169,91497600
1988-12-05,0.34548599,0.350694,0.33854201,0.34375,0.20865805,70142400
1988-12-06,0.34375,0.34548599,0.340278,0.34548599,0.20971169,44366400
1988-12-07,0.34375,0.347222,0.34114599,0.34201401,0.20760415,30888000
1988-12-08,0.34201401,0.34375,0.33854201,0.340278,0.20655046,40176000
1988-12-09,0.33854201,0.34201401,0.336806,0.340278,0.20655046,22305600
1988-12-12,0.33854201,0.340278,0.32899299,0.32899299,0.19970033,38894400
1988-12-13,0.328125,0.331597,0.328125,0.331597,0.20128098,39168000
1988-12-14,0.331597,0.33854201,0.32986099,0.33593801,0.20391606,28008000
1988-12-15,0.340278,0.34201401,0.336806,0.340278,0.20655046,23198400
1988-12-16,0.33854201,0.34895799,0.33854201,0.34548599,0.20971169,51796800
1988-12-19,0.35156301,0.35763901,0.350694,0.352431,0.21392734,83534400
1988-12-20,0.35677099,0.36458299,0.35416701,0.355903,0.21603499,92188800
1988-12-21,0.35763901,0.36458299,0.355903,0.362847,0.22025,46440000
1988-12-22,0.36458299,0.368056,0.359375,0.36111099,0.21919619,74592000
1988-12-23,0.359375,0.36111099,0.35763901,0.36111099,0.21919619,17121600
1988-12-27,0.36111099,0.36458299,0.359375,0.359375,0.21814241,30772800
1988-12-28,0.36111099,0.362847,0.359375,0.362847,0.22025,21268800
1988-12-29,0.36111099,0.371528,0.36111099,0.36979201,0.22446558,38275200
1988-12-30,0.371528,0.37673599,0.36979201,0.36979201,0.22446558,63820800
1989-01-03,0.371528,0.37326401,0.366319,0.37239599,0.22604628,51825600
1989-01-04,0.371528,0.38107601,0.371528,0.37673599,0.22868058,53899200
1989-01-05,0.38020799,0.38020799,0.36979201,0.37066001,0.22499248,47246400
1989-01-06,0.371528,0.37326401,0.368056,0.368056,0.22341196,59054400
1989-01-09,0.368056,0.36979201,0.36197901,0.36458299,0.22130369,46008000
1989-01-10,0.362847,0.36458299,0.359375,0.36111099,0.21919619,54129600
1989-01-11,0.36024299,0.36458299,0.35763901,0.36458299,0.22130369,48297600
1989-01-12,0.362847,0.37326401,0.362847,0.36458299,0.22130369,54590400
1989-01-13,0.36458299,0.36979201,0.36458299,0.368056,0.22341196,35568000
1989-01-16,0.36979201,0.37586799,0.366319,0.36892399,0.22393864,27532800
1989-01-17,0.36545101,0.36718801,0.355903,0.35763901,0.21708874,41745600
1989-01-18,0.359375,0.359375,0.34895799,0.35763901,0.21708874,63633600
1989-01-19,0.362847,0.37326401,0.362847,0.371528,0.22551936,84297600
1989-01-20,0.371528,0.37760401,0.36979201,0.37586799,0.22815378,61027200
1989-01-23,0.375,0.375,0.36718801,0.368056,0.22341196,52228800
1989-01-24,0.368056,0.371528,0.36458299,0.366319,0.22235744,56217600
1989-01-25,0.368056,0.36979201,0.36458299,0.368056,0.22341196,49046400
1989-01-26,0.36545101,0.378472,0.36458299,0.37673599,0.22868058,87134400
1989-01-27,0.37586799,0.39236099,0.37326401,0.38454899,0.23342317,166420800
1989-01-30,0.38541701,0.40798599,0.383681,0.40625,0.24659581,110088000
1989-01-31,0.409722,0.418403,0.40625,0.41406301,0.25133836,125092800
1989-02-01,0.413194,0.414931,0.409722,0.41145799,0.24975713,131212800
1989-02-02,0.413194,0.4375,0.41145799,0.42274299,0.25660715,180028800
1989-02-03,0.42013901,0.434028,0.41666701,0.42361099,0.25713396,91324800
1989-02-06,0.421875,0.42361099,0.414931,0.42013901,0.25502655,87580800
1989-02-07,0.42100701,0.434028,0.42013901,0.43142399,0.26187655,127094400
1989-02-08,0.430556,0.444444,0.42708299,0.434028,0.26345715,133315200
1989-02-09,0.430556,0.449653,0.428819,0.44270799,0.2687259,199036800
1989-02-10,0.4375,0.440972,0.42795101,0.42968801,0.26082283,129038400
1989-02-13,0.42708299,0.430556,0.42361099,0.425347,0.25818771,94075200
1989-02-14,0.42968801,0.43229201,0.41666701,0.418403,0.25397277,62956800
1989-02-15,0.42013901,0.43229201,0.418403,0.43229201,0.26240334,81936000
1989-02-16,0.434028,0.440972,0.425347,0.43576401,0.26451093,61387200
1989-02-17,0.4375,0.43923599,0.43229201,0.434028,0.26345715,29692800
1989-02-21,0.43229201,0.43576401,0.42708299,0.428819,0.26029524,33753600
1989-02-22,0.42708299,0.428819,0.41666701,0.41666701,0.25291902,95515200
1989-02-23,0.418403,0.421875,0.41145799,0.41927099,0.25449955,75945600
1989-02-24,0.418403,0.421875,0.40798599,0.40798599,0.24764946,76017600
1989-02-27,0.40798599,0.418403,0.40625,0.414931,0.251865,68788800
1989-02-28,0.41666701,0.418403,0.409722,0.413194,0.25081089,43444800
1989-03-01,0.41666701,0.418403,0.41145799,0.41145799,0.24975713,59889600
1989-03-02,0.41145799,0.42361099,0.41145799,0.421875,0.25608024,92304000
1989-03-03,0.421875,0.430556,0.42013901,0.428819,0.26029524,68947200
1989-03-06,0.428819,0.43229201,0.42361099,0.430556,0.26134965,56635200
1989-03-07,0.414931,0.41666701,0.36979201,0.371528,0.22551936,788688000
1989-03-08,0.37326401,0.378472,0.36371499,0.36458299,0.22130369,253612800
1989-03-09,0.366319,0.366319,0.35763901,0.359375,0.21814241,123307200
1989-03-10,0.35763901,0.36458299,0.35416701,0.359375,0.21814241,66902400
1989-03-13,0.36111099,0.366319,0.359375,0.366319,0.22235744,60206400
1989-03-14,0.36979201,0.36979201,0.362847,0.366319,0.22235744,63720000
1989-03-15,0.366319,0.366319,0.34895799,0.34895799,0.21181925,104889600
1989-03-16,0.352431,0.35763901,0.350694,0.355903,0.21603499,102888000
1989-03-17,0.34895799,0.350694,0.319444,0.32291701,0.19601223,245577600
1989-03-20,0.32204899,0.32291701,0.31770799,0.32291701,0.19601223,238996800
1989-03-21,0.324653,0.347222,0.321181,0.34635401,0.21023867,224467200
1989-03-22,0.34375,0.34548599,0.336806,0.340278,0.20655046,167025600
1989-03-23,0.33854201,0.34895799,0.33854201,0.34895799,0.21181925,87811200
1989-03-27,0.347222,0.35156301,0.34375,0.34548599,0.20971169,75542400
1989-03-28,0.34895799,0.350694,0.34201401,0.34548599,0.20971169,70804800
1989-03-29,0.34548599,0.34548599,0.34201401,0.34375,0.20865805,30009600
1989-03-30,0.34548599,0.347222,0.34114599,0.34635401,0.21023867,46742400
1989-03-31,0.347222,0.34895799,0.34375,0.34635401,0.21023867,29736000
1989-04-03,0.347222,0.352431,0.34461799,0.34895799,0.21181925,35049600
1989-04-04,0.34895799,0.34895799,0.34375,0.347222,0.21076556,25027200
1989-04-05,0.347222,0.350694,0.34548599,0.34982601,0.21234614,19641600
1989-04-06,0.350694,0.35763901,0.34895799,0.355903,0.21603499,51681600
1989-04-07,0.355903,0.359375,0.35416701,0.355903,0.21603499,29448000
1989-04-10,0.355903,0.362847,0.355903,0.35677099,0.21656185,28670400
1989-04-11,0.35763901,0.36111099,0.34982601,0.35677099,0.21656185,28728000
1989-04-12,0.359375,0.359375,0.33072901,0.33420101,0.20286164,71020800
1989-04-13,0.331597,0.34982601,0.32986099,0.33854201,0.20549664,92880000
1989-04-14,0.34201401,0.355903,0.34201401,0.352431,0.21392734,62625600
1989-04-17,0.355903,0.36371499,0.352431,0.35763901,0.21708874,51638400
1989-04-18,0.36458299,0.36979201,0.36111099,0.36979201,0.22446558,69336000
1989-04-19,0.381944,0.387153,0.378472,0.38107601,0.23131509,168969600
1989-04-20,0.381944,0.39236099,0.378472,0.38888901,0.2360577,138801600
1989-04-21,0.38888901,0.38888901,0.381944,0.383681,0.23289633,58190400
1989-04-24,0.381944,0.38541701,0.378472,0.38281301,0.23236944,29332800
1989-04-25,0.38541701,0.387153,0.378472,0.38020799,0.23078823,24897600
1989-04-26,0.381944,0.381944,0.37239599,0.375,0.22762695,44510400
1989-04-27,0.375,0.38107601,0.375,0.38020799,0.23078823,34588800
1989-04-28,0.38020799,0.390625,0.37326401,0.38802099,0.23553069,69782400
1989-05-01,0.38454899,0.38888901,0.37673599,0.37933999,0.23026124,33739200
1989-05-02,0.38020799,0.381944,0.371528,0.375,0.22762695,34372800
1989-05-03,0.375,0.38020799,0.375,0.375,0.22762695,28857600
1989-05-04,0.37673599,0.37673599,0.362847,0.36458299,0.22130369,37425600
1989-05-05,0.36979201,0.36979201,0.359375,0.36111099,0.21919619,35827200
1989-05-08,0.36111099,0.362847,0.35416701,0.35763901,0.21708874,49003200
1989-05-09,0.359375,0.371528,0.35763901,0.368056,0.22341196,54590400
1989-05-10,0.371528,0.38020799,0.36979201,0.375,0.22762695,58752000
1989-05-11,0.37673599,0.37673599,0.371528,0.375,0.22762695,34401600
1989-05-12,0.37933999,0.381944,0.371528,0.37673599,0.22868058,71092800
1989-05-15,0.37586799,0.381944,0.375,0.38020799,0.23078823,74736000
1989-05-16,0.38020799,0.39236099,0.378472,0.390625,0.2371113,83433600
1989-05-17,0.39149299,0.402778,0.39149299,0.39843801,0.24185386,89812800
1989-05-18,0.397569,0.40711799,0.397569,0.40451401,0.24554206,52574400
1989-05-19,0.40364599,0.413194,0.40364599,0.40451401,0.24554206,62568000
1989-05-22,0.40451401,0.413194,0.40104201,0.41145799,0.24975713,74275200
1989-05-23,0.40451401,0.409722,0.390625,0.39322901,0.23869203,97545600
1989-05-24,0.38975701,0.399306,0.387153,0.399306,0.24238077,69364800
1989-05-25,0.399306,0.40625,0.39583299,0.399306,0.24238077,33840000
1989-05-26,0.402778,0.409722,0.40104201,0.40885401,0.24817638,37886400
1989-05-30,0.409722,0.41406301,0.40625,0.409722,0.24870329,63907200
1989-05-31,0.409722,0.42361099,0.409722,0.42013901,0.25502655,80971200
1989-06-01,0.418403,0.421875,0.414931,0.41666701,0.25291902,62798400
1989-06-02,0.41753501,0.418403,0.40451401,0.40451401,0.24554206,54043200
1989-06-05,0.40625,0.40625,0.39236099,0.394097,0.23921889,61416000
1989-06-06,0.394097,0.40711799,0.39236099,0.40625,0.24659581,53899200
1989-06-07,0.40798599,0.41666701,0.40798599,0.414931,0.251865,44928000
1989-06-08,0.414931,0.418403,0.413194,0.414931,0.251865,29217600
1989-06-09,0.414931,0.41753501,0.41145799,0.414931,0.251865,36144000
1989-06-12,0.414931,0.418403,0.40711799,0.409722,0.24870329,51681600
1989-06-13,0.40538201,0.40625,0.397569,0.397569,0.24132641,40564800
1989-06-14,0.40104201,0.402778,0.39236099,0.40104201,0.24343447,47304000
1989-06-15,0.40104201,0.40104201,0.390625,0.394097,0.23921889,52113600
1989-06-16,0.39322901,0.39583299,0.390625,0.394097,0.23921889,47361600
1989-06-19,0.39583299,0.39583299,0.38541701,0.39236099,0.23816518,27158400
1989-06-20,0.39236099,0.394097,0.378472,0.378472,0.22973429,45806400
1989-06-21,0.36979201,0.38888901,0.36979201,0.381944,0.23184203,80496000
1989-06-22,0.383681,0.38541701,0.381944,0.38541701,0.23395006,36072000
1989-06-23,0.38541701,0.38888901,0.383681,0.38454899,0.23342317,33537600
1989-06-26,0.383681,0.38541701,0.37673599,0.38020799,0.23078823,30240000
1989-06-27,0.38020799,0.383681,0.37326401,0.37413201,0.22709997,35899200
1989-06-28,0.375,0.375,0.36111099,0.366319,0.22235744,57456000
1989-06-29,0.36718801,0.36718801,0.355903,0.36111099,0.21919619,77198400
1989-06-30,0.36111099,0.371528,0.355903,0.368056,0.22341196,67248000
1989-07-03,0.36892399,0.37673599,0.36892399,0.375,0.22762695,14688000
1989-07-05,0.378472,0.38541701,0.375,0.383681,0.23289633,26539200
1989-07-06,0.387153,0.38888901,0.36371499,0.366319,0.22235744,94780800
1989-07-07,0.366319,0.37673599,0.36545101,0.371528,0.22551936,41457600
1989-07-10,0.37326401,0.381944,0.371528,0.38107601,0.23131509,27259200
1989-07-11,0.38107601,0.38541701,0.36979201,0.371528,0.22551936,43488000
1989-07-12,0.368056,0.371528,0.36111099,0.36979201,0.22446558,52156800
1989-07-13,0.36892399,0.37326401,0.36458299,0.368056,0.22341196,33408000
1989-07-14,0.36979201,0.371528,0.359375,0.366319,0.22235744,42768000
1989-07-17,0.366319,0.371528,0.36458299,0.36979201,0.22446558,31291200
1989-07-18,0.36979201,0.37673599,0.36979201,0.371528,0.22551936,42984000
1989-07-19,0.375,0.378472,0.36979201,0.37586799,0.22815378,29764800
1989-07-20,0.37673599,0.383681,0.371528,0.371528,0.22551936,44524800
1989-07-21,0.368056,0.39236099,0.366319,0.383681,0.23289633,99763200
1989-07-24,0.38020799,0.387153,0.37673599,0.383681,0.23289633,38361600
1989-07-25,0.381944,0.39583299,0.35763901,0.36111099,0.21919619,326030400
1989-07-26,0.366319,0.36979201,0.36111099,0.366319,0.22235744,123638400
1989-07-27,0.37239599,0.375,0.36979201,0.37326401,0.22657306,45561600
1989-07-28,0.375,0.378472,0.36979201,0.37673599,0.22868058,29217600
1989-07-31,0.375,0.381944,0.37326401,0.38020799,0.23078823,33336000
1989-08-01,0.38020799,0.383681,0.375,0.37673599,0.22868058,62136000
1989-08-02,0.375,0.38020799,0.375,0.37673599,0.22868058,28368000
1989-08-03,0.37760401,0.383681,0.37673599,0.381944,0.23184203,27590400
1989-08-04,0.38020799,0.399306,0.378472,0.39583299,0.24027269,178128000
1989-08-07,0.40104201,0.402778,0.39583299,0.40104201,0.24343447,93571200
1989-08-08,0.399306,0.41145799,0.399306,0.409722,0.24870329,110548800
1989-08-09,0.40885401,0.41666701,0.40798599,0.40798599,0.24764946,113774400
1989-08-10,0.409722,0.409722,0.40451401,0.40625,0.24659581,48340800
1989-08-11,0.409722,0.413194,0.40104201,0.40104201,0.24343447,61473600
1989-08-14,0.40104201,0.40104201,0.39583299,0.39583299,0.24027269,68990400
1989-08-15,0.39583299,0.402778,0.39322901,0.399306,0.24238077,17856000
1989-08-16,0.40104201,0.402778,0.38541701,0.38802099,0.23553069,46670400
1989-08-17,0.387153,0.394097,0.383681,0.39236099,0.23816518,39960000
1989-08-18,0.39236099,0.40104201,0.39236099,0.399306,0.24238077,24912000
1989-08-21,0.399306,0.40191001,0.38888901,0.38975701,0.23658445,32097600
1989-08-22,0.38888901,0.40798599,0.38888901,0.40538201,0.24606894,64771200
1989-08-23,0.40711799,0.41406301,0.402778,0.41145799,0.24975713,46094400
1989-08-24,0.41579899,0.42013901,0.40451401,0.409722,0.24870329,92764800
1989-08-25,0.40798599,0.41145799,0.40104201,0.40885401,0.24817638,85147200
1989-08-28,0.40798599,0.413194,0.40451401,0.41058999,0.24923016,28540800
1989-08-29,0.41579899,0.41666701,0.40538201,0.40625,0.24659581,54417600
1989-08-30,0.40798599,0.41406301,0.40625,0.41145799,0.24975713,40377600
1989-08-31,0.413194,0.414931,0.40798599,0.40798599,0.24764946,14198400
1989-09-01,0.409722,0.418403,0.40798599,0.41579899,0.25239202,44409600
1989-09-05,0.414931,0.42361099,0.41406301,0.41666701,0.25291902,93340800
1989-09-06,0.414931,0.41666701,0.40798599,0.41145799,0.24975713,42379200
1989-09-07,0.409722,0.41145799,0.402778,0.40451401,0.24554206,41904000
1989-09-08,0.402778,0.413194,0.40104201,0.409722,0.24870329,39787200
1989-09-11,0.40798599,0.413194,0.40625,0.41232601,0.2502839,27907200
1989-09-12,0.413194,0.42361099,0.41145799,0.418403,0.25397277,67795200
1989-09-13,0.42361099,0.440972,0.42013901,0.43229201,0.26240334,181022400
1989-09-14,0.43576401,0.44791701,0.43229201,0.44270799,0.2687259,78163200
1989-09-15,0.444444,0.44791701,0.434028,0.43576401,0.26451093,89150400
1989-09-18,0.434028,0.440972,0.434028,0.440972,0.26767224,39110400
1989-09-19,0.44270799,0.444444,0.434028,0.434028,0.26345715,49204800
1989-09-20,0.43576401,0.45138901,0.43229201,0.45138901,0.27399537,72129600
1989-09-21,0.456597,0.46354201,0.44791701,0.45486099,0.2761029,89352000
1989-09-22,0.45486099,0.45833299,0.449653,0.45833299,0.2782104,43948800
1989-09-25,0.45833299,0.472222,0.45486099,0.465278,0.28242609,69940800
1989-09-26,0.465278,0.46875,0.461806,0.46701401,0.28347981,39988800
1989-09-27,0.460069,0.46788201,0.456597,0.46267399,0.28084537,69235200
1989-09-28,0.461806,0.472222,0.461806,0.472222,0.28664115,41428800
1989-09-29,0.472222,0.48263901,0.47048599,0.475694,0.28874868,64324800
1989-10-02,0.47395799,0.48611099,0.472222,0.48350701,0.29349124,50428800
1989-10-03,0.48958299,0.48958299,0.47829899,0.47916701,0.29085684,68918400
1989-10-04,0.47916701,0.52604198,0.475694,0.524306,0.31825641,260020800
1989-10-05,0.524306,0.571181,0.522569,0.55034697,0.33406335,284760000
1989-10-06,0.55295098,0.55902803,0.54340303,0.553819,0.33617091,87609600
1989-10-09,0.55208302,0.569444,0.54861099,0.56770802,0.34460163,58536000
1989-10-10,0.57291698,0.57638901,0.56076401,0.56423599,0.3424941,68299200
1989-10-11,0.55729198,0.55902803,0.54861099,0.555556,0.33722538,106401600
1989-10-12,0.555556,0.55902803,0.54340303,0.54513901,0.33090219,58881600
1989-10-13,0.539931,0.54166698,0.506944,0.51041698,0.30982572,102643200
1989-10-16,0.491319,0.52951401,0.47916701,0.52604198,0.31931019,253065600
1989-10-17,0.522569,0.56597197,0.515625,0.54600698,0.33142895,177206400
1989-10-18,0.54774302,0.56076401,0.54513901,0.55902803,0.33933291,134784000
1989-10-19,0.5625,0.59722197,0.55729198,0.585069,0.35513967,179424000
1989-10-20,0.58333302,0.59375,0.57291698,0.59201401,0.35935545,93542400
1989-10-23,0.58854198,0.59548599,0.57291698,0.57725698,0.35039783,60912000
1989-10-24,0.57291698,0.57291698,0.546875,0.56163198,0.3409135,157089600
1989-10-25,0.56597197,0.57465303,0.55034697,0.553819,0.33617091,71481600
1989-10-26,0.546875,0.55729198,0.538194,0.539931,0.32774082,135460800
1989-10-27,0.539931,0.54166698,0.52951401,0.53472197,0.32457894,97041600
1989-10-30,0.54166698,0.553819,0.54079902,0.55295098,0.33564398,45921600
1989-10-31,0.55729198,0.569444,0.555556,0.56770802,0.34460163,56563200
1989-11-01,0.56770802,0.57638901,0.56770802,0.57031298,0.34618288,74649600
1989-11-02,0.56163198,0.56163198,0.52777803,0.52951401,0.32141763,226051200
1989-11-03,0.53125,0.546875,0.52951401,0.54340303,0.3298485,98755200
1989-11-06,0.54340303,0.553819,0.53125,0.53645802,0.32563287,88027200
1989-11-07,0.538194,0.57204902,0.53645802,0.5625,0.3414405,131544000
1989-11-08,0.57031298,0.586806,0.569444,0.578125,0.35092464,106488000
1989-11-09,0.58333302,0.586806,0.57291698,0.58159697,0.35303211,111528000
1989-11-10,0.58333302,0.59027803,0.58159697,0.586806,0.35619414,59169600
1989-11-13,0.586806,0.61284697,0.58159697,0.61197901,0.37147439,178905600
1989-11-14,0.616319,0.61979198,0.59722197,0.600694,0.36462441,95241600
1989-11-15,0.602431,0.61979198,0.59895802,0.61458302,0.37305507,94492800
1989-11-16,0.618056,0.61979198,0.59895802,0.60763901,0.36883995,68054400
1989-11-17,0.60850698,0.61284697,0.602431,0.60329902,0.36620539,31651200
1989-11-20,0.602431,0.602431,0.586806,0.600694,0.36462441,56937600
1989-11-21,0.600694,0.61458302,0.600694,0.61197901,0.37147439,67118400
1989-11-22,0.61284697,0.61458302,0.60763901,0.61284697,0.37200123,38232000
1989-11-24,0.61718798,0.618056,0.60763901,0.60850698,0.36936679,17971200
1989-11-27,0.60763901,0.609375,0.59548599,0.602431,0.36567852,37281600
1989-11-28,0.60416698,0.61284697,0.59895802,0.60416698,0.36673233,56664000
1989-11-29,0.60763901,0.61111099,0.585069,0.59375,0.36040929,85896000
1989-11-30,0.58333302,0.60590303,0.58159697,0.60416698,0.36673233,111211200
1989-12-01,0.60503501,0.609375,0.58941001,0.59027803,0.35830164,52070400
1989-12-04,0.59027803,0.60590303,0.58593798,0.59895802,0.36357069,40536000
1989-12-05,0.602431,0.60590303,0.59722197,0.602431,0.36567852,44049600
1989-12-06,0.600694,0.60416698,0.586806,0.59201401,0.35935545,57384000
1989-12-07,0.58333302,0.59895802,0.58333302,0.59375,0.36040929,40348800
1989-12-08,0.59375,0.59722197,0.57638901,0.58854198,0.35724786,107625600
1989-12-11,0.58854198,0.58854198,0.569444,0.57638901,0.34987098,103377600
1989-12-12,0.58159697,0.58159697,0.55902803,0.57291698,0.34776357,93628800
1989-12-13,0.56076401,0.57291698,0.55034697,0.555556,0.33722538,95788800
1989-12-14,0.54861099,0.553819,0.54166698,0.54166698,0.32879463,61516800
1989-12-15,0.54340303,0.54513901,0.52083302,0.53472197,0.32457894,107164800
1989-12-18,0.53645802,0.54861099,0.53472197,0.54340303,0.3298485,78436800
1989-12-19,0.54340303,0.55902803,0.539931,0.55816001,0.33880603,70473600
1989-12-20,0.56423599,0.57638901,0.56076401,0.57465303,0.3488172,111009600
1989-12-21,0.57465303,0.57986099,0.56423599,0.57986099,0.35197854,55022400
1989-12-22,0.57986099,0.59895802,0.57465303,0.59548599,0.36146295,54892800
1989-12-26,0.59635401,0.59982598,0.58854198,0.59375,0.36040929,23817600
1989-12-27,0.59722197,0.60416698,0.59201401,0.59895802,0.36357069,62798400
1989-12-28,0.57986099,0.59548599,0.57638901,0.59201401,0.35935545,123091200
1989-12-29,0.59375,0.61284697,0.59201401,0.60416698,0.36673233,77630400
1990-01-02,0.60590303,0.616319,0.59808999,0.616319,0.37410885,53035200
1990-01-03,0.62152803,0.62673599,0.61458302,0.61979198,0.37621695,113774400
1990-01-04,0.61979198,0.63888901,0.616319,0.63802099,0.38728207,125740800
1990-01-05,0.63541698,0.63888901,0.62152803,0.62239599,0.37779754,69566400
1990-01-08,0.62152803,0.631944,0.61458302,0.631944,0.38359326,58982400
1990-01-09,0.631944,0.63888901,0.62673599,0.63020802,0.38253927,70300800
1990-01-10,0.625,0.633681,0.61197901,0.61284697,0.37200123,103766400
1990-01-11,0.616319,0.62152803,0.59027803,0.600694,0.36462441,95774400
1990-01-12,0.59114599,0.60590303,0.58333302,0.59808999,0.36304367,148910400
1990-01-15,0.59548599,0.60416698,0.59201401,0.59808999,0.36304367,62467200
1990-01-16,0.59375,0.61979198,0.586806,0.616319,0.37410885,80092800
1990-01-17,0.61111099,0.62847197,0.60416698,0.60763901,0.36883995,97588800
1990-01-18,0.62239599,0.65972197,0.62152803,0.65972197,0.40045461,292363200
1990-01-19,0.66145802,0.66666698,0.649306,0.65364599,0.39676648,99259200
1990-01-22,0.65277803,0.65277803,0.62847197,0.63020802,0.38253927,167688000
1990-01-23,0.631944,0.633681,0.61979198,0.62326401,0.3783243,139348800
1990-01-24,0.61111099,0.63020802,0.60503501,0.63020802,0.38253927,180345600
1990-01-25,0.63541698,0.64236099,0.62847197,0.63020802,0.38253927,112752000
1990-01-26,0.62847197,0.633681,0.625,0.63020802,0.38253927,68083200
1990-01-29,0.63541698,0.640625,0.62673599,0.63541698,0.38570127,55080000
1990-01-30,0.63715303,0.64236099,0.625,0.633681,0.38464773,73108800
1990-01-31,0.63888901,0.64236099,0.633681,0.64236099,0.38991636,112939200
1990-02-01,0.64236099,0.65451401,0.64236099,0.65104198,0.39518571,89193600
1990-02-02,0.64583302,0.663194,0.64583302,0.65104198,0.39518571,71395200
1990-02-05,0.65017402,0.65451401,0.647569,0.65451401,0.39729345,59731200
1990-02-06,0.65277803,0.65451401,0.640625,0.65277803,0.39623964,81964800
1990-02-07,0.649306,0.65798599,0.64583302,0.647569,0.3930777,134150400
1990-02-08,0.65017402,0.65972197,0.647569,0.65451401,0.39729345,95227200
1990-02-09,0.65451401,0.65798599,0.65277803,0.65625,0.39834696,62380800
1990-02-12,0.65625,0.663194,0.65277803,0.65798599,0.39940065,56088000
1990-02-13,0.65972197,0.66145802,0.65625,0.65798599,0.39940065,58752000
1990-02-14,0.66145802,0.66145802,0.65625,0.65972197,0.40045461,35870400
1990-02-15,0.65972197,0.680556,0.65972197,0.67361099,0.40888527,89496000
1990-02-16,0.68229198,0.68576401,0.678819,0.680556,0.41310093,70876800
1990-02-20,0.678819,0.69791698,0.67361099,0.696181,0.42258546,132652800
1990-02-21,0.68576401,0.694444,0.664931,0.66753501,0.40519711,103348800
1990-02-22,0.671875,0.68229198,0.66840303,0.66927099,0.40625098,60811200
1990-02-23,0.664931,0.678819,0.663194,0.67708302,0.41099256,56851200
1990-02-26,0.67708302,0.694444,0.67534697,0.68923599,0.41836965,69220800
1990-02-27,0.69097197,0.69097197,0.680556,0.680556,0.41310093,62020800
1990-02-28,0.680556,0.69270802,0.680556,0.68576401,0.41626218,39312000
1990-03-01,0.68402803,0.70659697,0.68402803,0.694444,0.42153111,76867200
1990-03-02,0.696181,0.72482598,0.69531298,0.72048599,0.43733868,100209600
1990-03-05,0.71875,0.734375,0.710069,0.73090303,0.44366181,75528000
1990-03-06,0.727431,0.72916698,0.711806,0.725694,0.44049999,68630400
1990-03-07,0.727431,0.73263901,0.71354198,0.71354198,0.43312371,47606400
1990-03-08,0.71527803,0.74479198,0.70659697,0.73784697,0.44787693,88977600
1990-03-09,0.73611099,0.75,0.73090303,0.73958302,0.44893047,75744000
1990-03-12,0.73784697,0.75520802,0.73611099,0.75173599,0.45630756,68875200
1990-03-13,0.75347197,0.756944,0.73784697,0.73784697,0.44787693,85204800
1990-03-14,0.74479198,0.75520802,0.73611099,0.74913198,0.45472693,130968000
1990-03-15,0.74913198,0.77604198,0.74826401,0.77083302,0.46789962,81676800
1990-03-16,0.77777803,0.80034697,0.77604198,0.79166698,0.48054591,118900800
1990-03-19,0.789931,0.8125,0.78472197,0.80902803,0.49108413,81172800
1990-03-20,0.80902803,0.81076401,0.78125,0.78472197,0.47633037,92145600
1990-03-21,0.78385401,0.80208302,0.77951401,0.78645802,0.47738406,69840000
1990-03-22,0.788194,0.789931,0.765625,0.772569,0.4689534,92419200
1990-03-23,0.77777803,0.78645802,0.756944,0.765625,0.46473837,53596800
1990-03-26,0.76736099,0.78125,0.76649302,0.774306,0.47000742,55929600
1990-03-27,0.77170098,0.78472197,0.76909697,0.78125,0.4742226,52516800
1990-03-28,0.77951401,0.77951401,0.75347197,0.77083302,0.46789962,99532800
1990-03-29,0.76649302,0.78298599,0.76388901,0.76736099,0.46579191,64785600
1990-03-30,0.76388901,0.77083302,0.758681,0.76909697,0.46684566,36691200
1990-04-02,0.76215303,0.78038198,0.758681,0.774306,0.47000742,74059200
1990-04-03,0.78298599,0.80729198,0.78125,0.805556,0.48897651,84643200
1990-04-04,0.805556,0.82465303,0.80208302,0.8125,0.49319163,79646400
1990-04-05,0.81163198,0.81336802,0.79513901,0.79513901,0.48265347,66369600
1990-04-06,0.796875,0.80034697,0.78645802,0.79340303,0.48159945,72878400
1990-04-09,0.789931,0.80034697,0.789931,0.79513901,0.48265347,31176000
1990-04-10,0.79600698,0.819444,0.79513901,0.819444,0.49740657,45187200
1990-04-11,0.82291698,0.84027803,0.821181,0.84027803,0.5100531,70372800
1990-04-12,0.84548599,0.84722197,0.83333302,0.83854198,0.50899911,48254400
1990-04-16,0.84722197,0.85763901,0.835069,0.84375,0.51216048,39470400
1990-04-17,0.84201401,0.875,0.82986099,0.86111099,0.5226987,66780000
1990-04-18,0.85590303,0.85763901,0.81597197,0.84201401,0.51110649,97797600
1990-04-19,0.83333302,0.850694,0.82291698,0.82638901,0.5016225,58003200
1990-04-20,0.83333302,0.84027803,0.81597197,0.82291698,0.49951473,44661600
1990-04-23,0.81770802,0.82638901,0.79513901,0.819444,0.49740657,64879200
1990-04-24,0.82986099,0.82986099,0.78472197,0.805556,0.48897651,47916000
1990-04-25,0.80902803,0.81597197,0.79166698,0.805556,0.48897651,53870400
1990-04-26,0.8125,0.81597197,0.79513901,0.796875,0.48370698,46296000
1990-04-27,0.79340303,0.79513901,0.772569,0.78125,0.4742226,57124800
1990-04-30,0.78125,0.805556,0.774306,0.805556,0.48897651,51451200
1990-05-01,0.81597197,0.81597197,0.788194,0.79340303,0.48159945,52473600
1990-05-02,0.79513901,0.8125,0.79513901,0.80902803,0.49108413,33264000
1990-05-03,0.8125,0.82986099,0.80902803,0.819444,0.49740657,45892800
1990-05-04,0.82638901,0.85763901,0.819444,0.85763901,0.52059114,47815200
1990-05-07,0.86111099,0.91666698,0.85416698,0.88888901,0.5395602,97351200
1990-05-08,0.87152803,0.881944,0.86458302,0.87152803,0.52902186,50824800
1990-05-09,0.87326401,0.87847197,0.86111099,0.87152803,0.52902186,35164800
1990-05-10,0.87847197,0.90277803,0.87152803,0.89583302,0.54377508,48801600
1990-05-11,0.90277803,0.91666698,0.87847197,0.90972197,0.5522058,49168800
1990-05-14,0.92013901,0.92361099,0.90972197,0.913194,0.55431312,47232000
1990-05-15,0.90972197,0.913194,0.89236099,0.899306,0.54588318,54122400
1990-05-16,0.89583302,0.899306,0.881944,0.899306,0.54588318,38556000
1990-05-17,0.899306,0.90625,0.89236099,0.899306,0.54588318,41731200
1990-05-18,0.897569,0.961806,0.89583302,0.94791698,0.57539034,101822400
1990-05-21,0.95486099,1.003472,0.95486099,0.975694,0.59225118,159595200
1990-05-22,0.98611099,1.003472,0.95833302,0.993056,0.60279,142437600
1990-05-23,1,1.0555561,0.99826401,1.0538189,0.63967335,141184800
1990-05-24,1.065972,1.09375,1.0555561,1.0625,0.64494306,146649600
1990-05-25,1.03125,1.059028,1.027778,1.03125,0.62597388,104688000
1990-05-29,1.03125,1.048611,1.027778,1.045139,0.63440454,61480800
1990-05-30,1.057292,1.0625,1.0381939,1.048611,0.63651222,65073600
1990-05-31,1.0381939,1.048611,1.0069439,1.013889,0.6154356,69436800
1990-06-01,1.017361,1.045139,1.013889,1.043403,0.63335109,69069600
1990-06-04,1.0399311,1.072917,1.027778,1.0625,0.64494306,59162400
1990-06-05,1.072917,1.076389,1.010417,1.019097,0.61859721,80258400
1990-06-06,1.017361,1.034722,1.0069439,1.013889,0.6154356,86292000
1990-06-07,1.017361,1.0243061,0.98611099,1,0.60700506,90122400
1990-06-08,1,1.0243061,0.993056,1.020833,0.6196509,63770400
1990-06-11,1.013889,1.048611,1.013889,1.0399311,0.63124335,58240800
1990-06-12,1.048611,1.0555561,1.034722,1.0538189,0.63967335,46656000
1990-06-13,1.0538189,1.079861,1.043403,1.0625,0.64494306,80265600
1990-06-14,1.0625,1.065972,1.03125,1.048611,0.63651222,58204800
1990-06-15,1.034722,1.0694439,1.034722,1.0555561,0.64072782,51552000
1990-06-18,1.052083,1.059028,1.034722,1.0399311,0.63124335,52790400
1990-06-19,1.0381939,1.048611,1.0243061,1.041667,0.6322974,41716800
1990-06-20,1.046875,1.079861,1.041667,1.078125,0.65442735,39564000
1990-06-21,1.076389,1.079861,1.0555561,1.0694439,0.64915788,34308000
1990-06-22,1.072917,1.079861,1.048611,1.052083,0.63861978,34034400
1990-06-25,1.050347,1.0625,1.03125,1.034722,0.62808144,68983200
1990-06-26,1.045139,1.050347,1.034722,1.0381939,0.63018894,50198400
1990-06-27,1.0381939,1.0625,1.034722,1.059028,0.64283526,35762400
1990-06-28,1.064236,1.072917,1.057292,1.0625,0.64494306,30052800
1990-06-29,1.0625,1.0625,1.045139,1.0555561,0.64072782,34956000
1990-07-02,1.0555561,1.0555561,1.0225689,1.0243061,0.621759,35474400
1990-07-03,1.019097,1.020833,0.993056,1,0.60700506,79257600
1990-07-05,0.993056,1.0069439,0.98263901,1.003472,0.6091125,61855200
1990-07-06,1.001736,1.027778,0.99652803,1.017361,0.6175434,41803200
1990-07-09,1.020833,1.0381939,1.017361,1.03125,0.62597388,37317600
1990-07-10,1.03125,1.041667,1.020833,1.0243061,0.621759,29700000
1990-07-11,1.027778,1.052083,1.017361,1.048611,0.63651222,28922400
1990-07-12,1.045139,1.079861,1.045139,1.076389,0.65337354,89042400
1990-07-13,1.079861,1.1180561,1.076389,1.088542,0.66075057,93628800
1990-07-16,1.09375,1.121528,1.090278,1.1006939,0.6681267,48729600
1990-07-17,1.1024311,1.104167,1.0694439,1.079861,0.6554811,54475200
1990-07-18,1.072917,1.079861,1.048611,1.0555561,0.64072782,41853600
1990-07-19,1.046875,1.065972,1.0243061,1.065972,0.6470502,63136800
1990-07-20,1.0694439,1.0868061,1.013889,1.017361,0.6175434,87724800
1990-07-23,1.017361,1.027778,0.98958302,1,0.60700506,74203200
1990-07-24,1.0069439,1.0069439,0.92708302,0.96527803,0.58592868,137102400
1990-07-25,0.97222197,0.99652803,0.95486099,0.993056,0.60279,60148800
1990-07-26,0.98958302,1.027778,0.91666698,0.95486099,0.57960564,303321600
1990-07-27,0.95138901,0.97222197,0.94097197,0.95833302,0.58171308,51019200
1990-07-30,0.95138901,0.95833302,0.913194,0.944444,0.5732823,87955200
1990-07-31,0.94791698,0.953125,0.91666698,0.92361099,0.56063652,42307200
1990-08-01,0.92013901,0.93402803,0.88541698,0.92708302,0.56274384,111117600
1990-08-02,0.90972197,0.92708302,0.89236099,0.91666698,0.55642134,91771200
1990-08-03,0.90972197,0.913194,0.83854198,0.87847197,0.53323686,117180000
1990-08-06,0.85416698,0.86111099,0.8125,0.84027803,0.5100531,113184000
1990-08-07,0.850694,0.86458302,0.83333302,0.850694,0.51637542,91065600
1990-08-08,0.868056,0.88888901,0.86111099,0.881944,0.53534448,86263200
1990-08-09,0.88888901,0.913194,0.87847197,0.90451401,0.54904461,77054400
1990-08-10,0.90451401,0.913194,0.87152803,0.89583302,0.54377508,73188000
1990-08-13,0.88541698,0.90972197,0.87847197,0.90277803,0.54799074,53942400
1990-08-14,0.90625,0.914931,0.88541698,0.89236099,0.5416677,33710400
1990-08-15,0.899306,0.913194,0.89236099,0.89236099,0.5416677,51408000
1990-08-16,0.88888901,0.89583302,0.85763901,0.85763901,0.52059114,53330400
1990-08-17,0.84722197,0.85763901,0.83333302,0.836806,0.50794554,95227200
1990-08-20,0.836806,0.84027803,0.77083302,0.77083302,0.46789962,113601600
1990-08-21,0.75347197,0.76041698,0.70486099,0.75347197,0.45736116,165650400
1990-08-22,0.76388901,0.77083302,0.741319,0.74652803,0.45314613,79236000
1990-08-23,0.72916698,0.74652803,0.70833302,0.71875,0.43628481,107445600
1990-08-24,0.725694,0.80208302,0.725694,0.79513901,0.48265347,95443200
1990-08-27,0.819444,0.850694,0.819444,0.84375,0.51216048,110116800
1990-08-28,0.836806,0.87847197,0.83333302,0.87326401,0.53007549,79826400
1990-08-29,0.868056,0.88541698,0.83333302,0.84027803,0.5100531,77954400
1990-08-30,0.84375,0.866319,0.83333302,0.83333302,0.50583726,65383200
1990-08-31,0.83333302,0.86111099,0.82291698,0.85416698,0.51848406,40737600
1990-09-04,0.84722197,0.868056,0.84375,0.86458302,0.52480608,47376000
1990-09-05,0.868056,0.875,0.8125,0.819444,0.49740657,54676800
1990-09-06,0.805556,0.8125,0.78125,0.79861099,0.48476094,115617600
1990-09-07,0.79166698,0.819444,0.78472197,0.80208302,0.48686838,53704800
1990-09-10,0.81597197,0.83333302,0.774306,0.774306,0.47000742,74246400
1990-09-11,0.77777803,0.78472197,0.756944,0.77083302,0.46789962,78868800
1990-09-12,0.78125,0.80208302,0.774306,0.796875,0.48370698,75016800
1990-09-13,0.805556,0.8125,0.79166698,0.79861099,0.48476094,49867200
1990-09-14,0.79166698,0.836806,0.78298599,0.82986099,0.50372964,67672800
1990-09-17,0.82638901,0.85763901,0.82291698,0.84375,0.51216048,70394400
1990-09-18,0.84201401,0.866319,0.82986099,0.85763901,0.52059114,60638400
1990-09-19,0.875,0.87847197,0.85763901,0.86111099,0.5226987,52696800
1990-09-20,0.85416698,0.86111099,0.82986099,0.82986099,0.50372964,52444800
1990-09-21,0.82986099,0.84375,0.8125,0.84027803,0.5100531,79891200
1990-09-24,0.82638901,0.83333302,0.79861099,0.8125,0.49319163,81439200
1990-09-25,0.828125,0.84027803,0.81597197,0.83854198,0.50899911,53308800
1990-09-26,0.84027803,0.84375,0.82638901,0.836806,0.50794554,39268800
1990-09-27,0.84722197,0.85416698,0.80902803,0.82291698,0.49951473,65728800
1990-09-28,0.80902803,0.881944,0.805556,0.875,0.53112918,97984800
1990-10-01,0.899306,0.9375,0.89583302,0.93229198,0.56590581,131623200
1990-10-02,0.94791698,0.95138901,0.90972197,0.914931,0.55536753,83469600
1990-10-03,0.90972197,0.93576401,0.90625,0.913194,0.55431312,57600000
1990-10-04,0.90625,0.913194,0.88888901,0.890625,0.54061389,69292800
1990-10-05,0.875,0.913194,0.86458302,0.899306,0.54588318,82101600
1990-10-08,0.91666698,0.92361099,0.89583302,0.91666698,0.55642134,38678400
1990-10-09,0.90625,0.91666698,0.868056,0.875,0.53112918,66376800
1990-10-10,0.86111099,0.86458302,0.819444,0.82638901,0.5016225,115596000
1990-10-11,0.82986099,0.836806,0.79166698,0.805556,0.48897651,83815200
1990-10-12,0.8125,0.81597197,0.75,0.79166698,0.48054591,109252800
1990-10-15,0.80208302,0.805556,0.77083302,0.78472197,0.47633037,130334400
1990-10-16,0.788194,0.80034697,0.75,0.758681,0.46052304,300888000
1990-10-17,0.76041698,0.788194,0.743056,0.78472197,0.47633037,135820800
1990-10-18,0.79166698,0.85416698,0.788194,0.84895802,0.51532185,123739200
1990-10-19,0.86111099,0.87847197,0.84027803,0.86111099,0.5226987,170337600
1990-10-22,0.86111099,0.899306,0.85763901,0.88888901,0.5395602,80294400
1990-10-23,0.88541698,0.913194,0.87847197,0.89236099,0.5416677,71884800
1990-10-24,0.881944,0.90972197,0.87847197,0.90798599,0.55115211,54734400
1990-10-25,0.90972197,0.92013901,0.88888901,0.899306,0.54588318,51501600
1990-10-26,0.88541698,0.89583302,0.87847197,0.88020802,0.53429085,59126400
1990-10-29,0.88541698,0.89236099,0.86111099,0.868056,0.5269143,67881600
1990-10-30,0.868056,0.89236099,0.86111099,0.88715303,0.53850663,52567200
1990-10-31,0.89583302,0.90625,0.88541698,0.88541698,0.5374524,61200000
1990-11-01,0.875,0.89236099,0.87152803,0.881944,0.53534448,49442400
1990-11-02,0.881944,0.913194,0.87847197,0.90277803,0.54799074,74764800
1990-11-05,0.90625,0.91666698,0.899306,0.91145802,0.55325955,50702400
1990-11-06,0.913194,0.92361099,0.881944,0.89236099,0.5416677,59212800
1990-11-07,0.88541698,0.899306,0.881944,0.88541698,0.5374524,63100800
1990-11-08,0.881944,0.899306,0.875,0.881944,0.53534448,43466400
1990-11-09,0.899306,0.90972197,0.89583302,0.899306,0.54588318,43344000
1990-11-12,0.91666698,0.961806,0.91666698,0.95659697,0.58065927,87660000
1990-11-13,0.95486099,0.96527803,0.94097197,0.953125,0.57855183,67658400
1990-11-14,0.95138901,0.97222197,0.94791698,0.96527803,0.58592868,59724000
1990-11-15,0.95833302,0.961806,0.93402803,0.94270802,0.57222867,63129600
1990-11-16,0.9375,0.95486099,0.93402803,0.944444,0.5732823,67075200
1990-11-19,0.944444,0.96875,0.944444,0.96527803,0.58592868,45554400
1990-11-20,0.961806,0.97916698,0.946181,0.94791698,0.57539034,68868000
1990-11-21,0.944444,0.95833302,0.930556,0.95486099,0.57960564,60739200
1990-11-23,0.961806,0.975694,0.95138901,0.95486099,0.57960564,22060800
1990-11-26,0.95138901,0.97916698,0.94097197,0.975694,0.59225118,47577600
1990-11-27,0.97916698,1.003472,0.96875,0.99826401,0.60595131,63417600
1990-11-28,1.003472,1.010417,0.975694,0.977431,0.59330529,77623200
1990-11-29,0.975694,0.98958302,0.96875,0.98958302,0.60068172,65865600
1990-11-30,0.98958302,1.03125,0.97916698,1.003472,0.6091125,72165600
1990-12-03,1.017361,1.034722,1.010417,1.026042,0.62281263,68241600
1990-12-04,1.020833,1.045139,1.013889,1.034722,0.62808144,54547200
1990-12-05,1.034722,1.052083,1.03125,1.045139,0.63440454,68630400
1990-12-06,1.059028,1.065972,1.027778,1.0381939,0.63018894,108201600
1990-12-07,1.03125,1.045139,1.003472,1.03125,0.62597388,81921600
1990-12-10,1.017361,1.046875,1.010417,1.027778,0.62386632,55526400
1990-12-11,1.017361,1.034722,1,1.001736,0.60805875,61768800
1990-12-12,0.99652803,1.010417,0.97916698,1.0069439,0.61122012,71560800
1990-12-13,1.013889,1.020833,0.99652803,1.010417,0.61332822,50709600
1990-12-14,1.013889,1.03125,1.0069439,1.0225689,0.62070447,48636000
1990-12-17,1.013889,1.03125,1.0069439,1.027778,0.62386632,27288000
1990-12-18,1.034722,1.052083,1.03125,1.045139,0.63440454,51876000
1990-12-19,1.046875,1.052083,1.0381939,1.0399311,0.63124335,34264800
1990-12-20,1.03125,1.0555561,1.027778,1.048611,0.63651222,46994400
1990-12-21,1.052083,1.0555561,1.045139,1.052083,0.63861978,33472800
1990-12-24,1.048611,1.048611,1.0381939,1.045139,0.63440454,13550400
1990-12-26,1.045139,1.052083,1.034722,1.041667,0.6322974,16214400
1990-12-27,1.041667,1.045139,1.034722,1.0381939,0.63018894,22629600
1990-12-28,1.034722,1.045139,1.03125,1.041667,0.6322974,20268000
1990-12-31,1.041667,1.045139,1.034722,1.045139,0.63440454,23702400
1991-01-02,1.041667,1.045139,1.0381939,1.0381939,0.63018894,38109600
1991-01-03,1.0381939,1.0555561,1.0381939,1.045139,0.63440454,52826400
1991-01-04,1.041667,1.0625,1.041667,1.0538189,0.63967335,58485600
1991-01-07,1.045139,1.079861,1.0381939,1.0399311,0.63124335,87552000
1991-01-08,1.0381939,1.045139,1.013889,1.020833,0.6196509,76442400
1991-01-09,1.027778,1.052083,1.020833,1.027778,0.62386632,115624800
1991-01-10,1.03125,1.09375,1.03125,1.0868061,0.659697,123890400
1991-01-11,1.090278,1.097222,1.065972,1.083333,0.65758872,62006400
1991-01-14,1.072917,1.076389,1.048611,1.065972,0.6470502,58658400
1991-01-15,1.065972,1.104167,1.065972,1.088542,0.66075057,83440800
1991-01-16,1.090278,1.151042,1.0868061,1.142361,0.69341904,139917600
1991-01-17,1.1944439,1.197917,1.1631939,1.166667,0.7081731,163526400
1991-01-18,1.145833,1.1875,1.142361,1.184028,0.7187109,103032000
1991-01-21,1.175347,1.25,1.175347,1.2430561,0.75454122,154512000
1991-01-22,1.244792,1.263889,1.213542,1.234375,0.74927181,113716800
1991-01-23,1.2256939,1.253472,1.2256939,1.236111,0.75032574,77083200
1991-01-24,1.239583,1.262153,1.232639,1.2569439,0.76297152,86083200
1991-01-25,1.260417,1.263889,1.236111,1.2430561,0.75454122,86889600
1991-01-28,1.236111,1.3055561,1.236111,1.28125,0.77772504,130989600
1991-01-29,1.28125,1.310764,1.25,1.284722,0.77983272,146980800
1991-01-30,1.284722,1.340278,1.270833,1.3368061,0.81144774,148586400
1991-01-31,1.340278,1.3819439,1.333333,1.362847,0.82725525,111420000
1991-02-01,1.375,1.402778,1.3506939,1.385417,0.84095496,117878400
1991-02-04,1.388889,1.3993061,1.361111,1.376736,0.83568561,88236000
1991-02-05,1.378472,1.416667,1.361111,1.40625,0.85360062,88740000
1991-02-06,1.402778,1.479167,1.395833,1.46875,0.89153868,106351200
1991-02-07,1.4756939,1.513889,1.420139,1.4305561,0.86835498,133466400
1991-02-08,1.4305561,1.454861,1.4131939,1.4444439,0.87678474,74232000
1991-02-11,1.4461811,1.451389,1.420139,1.447917,0.87889296,152337600
1991-02-12,1.434028,1.454861,1.423611,1.434028,0.87046236,96206400
1991-02-13,1.423611,1.467014,1.4131939,1.465278,0.88943136,95493600
1991-02-14,1.4618061,1.465278,1.375,1.3993061,0.84938556,133704000
1991-02-15,1.409722,1.447917,1.40625,1.434028,0.87046236,115452000
1991-02-19,1.420139,1.4375,1.409722,1.423611,0.86413938,66564000
1991-02-20,1.4131939,1.4444439,1.409722,1.427083,0.86624682,52552800
1991-02-21,1.4305561,1.4375,1.388889,1.388889,0.84306276,68277600
1991-02-22,1.385417,1.451389,1.385417,1.420139,0.86203146,105343200
1991-02-25,1.434028,1.4444439,1.409722,1.4305561,0.86835498,88524000
1991-02-26,1.409722,1.423611,1.395833,1.4131939,0.85781568,55540800
1991-02-27,1.420139,1.46875,1.40625,1.4618061,0.88732362,87674400
1991-02-28,1.472222,1.4756939,1.434028,1.440972,0.87467736,55008000
1991-03-01,1.4305561,1.4756939,1.416667,1.46875,0.89153868,77724000
1991-03-04,1.46875,1.4930561,1.451389,1.486111,0.90207684,47023200
1991-03-05,1.489583,1.5625,1.486111,1.548611,0.94001436,76356000
1991-03-06,1.5625,1.5694439,1.482639,1.489583,0.90418458,101088000
1991-03-07,1.447917,1.4930561,1.4375,1.4444439,0.87678474,165391200
1991-03-08,1.451389,1.472222,1.4131939,1.423611,0.86413938,134697600
1991-03-11,1.4131939,1.423611,1.357639,1.378472,0.8367393,160970400
1991-03-12,1.364583,1.373264,1.328125,1.329861,0.80723238,152884800
1991-03-13,1.333333,1.404514,1.333333,1.395833,0.84727752,110268000
1991-03-14,1.409722,1.409722,1.347222,1.361111,0.8262015,100216800
1991-03-15,1.364583,1.371528,1.3368061,1.342014,0.81460869,76932000
1991-03-18,1.3368061,1.385417,1.333333,1.378472,0.8367393,66218400
1991-03-19,1.364583,1.402778,1.34375,1.375,0.83463222,92505600
1991-03-20,1.375,1.402778,1.371528,1.375,0.83463222,83217600
1991-03-21,1.3819439,1.3993061,1.3055561,1.315972,0.7988013,119188800
1991-03-22,1.3125,1.326389,1.291667,1.302083,0.7903707,95688000
1991-03-25,1.3055561,1.371528,1.3055561,1.364583,0.82830852,59824800
1991-03-26,1.371528,1.4618061,1.371528,1.4600689,0.88626903,89928000
1991-03-27,1.458333,1.517361,1.458333,1.496528,0.90839988,91936800
1991-03-28,1.489583,1.503472,1.472222,1.473958,0.89469993,30492000
1991-04-01,1.472222,1.496528,1.451389,1.482639,0.89996946,59205600
1991-04-02,1.4930561,1.5625,1.482639,1.559028,0.94633782,96256800
1991-04-03,1.565972,1.621528,1.565972,1.579861,0.95898378,91778400
1991-04-04,1.583333,1.621528,1.565972,1.579861,0.95898378,73850400
1991-04-05,1.583333,1.5868061,1.513889,1.527778,0.92736918,108914400
1991-04-08,1.527778,1.572917,1.520833,1.546875,0.93896121,46526400
1991-04-09,1.548611,1.572917,1.5243061,1.53125,0.92947674,60768000
1991-04-10,1.5243061,1.53125,1.465278,1.4930561,0.90629226,74340000
1991-04-11,1.5069439,1.548611,1.5,1.541667,0.9357996,47937600
1991-04-12,1.520833,1.527778,1.440972,1.489583,0.90418458,176731200
1991-04-15,1.472222,1.5868061,1.458333,1.579861,0.95898378,88819200
1991-04-16,1.579861,1.590278,1.527778,1.559028,0.94633782,81331200
1991-04-17,1.583333,1.6319439,1.543403,1.548611,0.94001436,128383200
1991-04-18,1.545139,1.5555561,1.5,1.527778,0.92736918,88084800
1991-04-19,1.4756939,1.520833,1.458333,1.489583,0.90418458,96588000
1991-04-22,1.472222,1.4756939,1.4131939,1.418403,0.86097789,139708800
1991-04-23,1.420139,1.4305561,1.395833,1.411458,0.85676211,103910400
1991-04-24,1.409722,1.454861,1.395833,1.4305561,0.86835498,82130400
1991-04-25,1.423611,1.440972,1.395833,1.3993061,0.84938556,65707200
1991-04-26,1.392361,1.420139,1.371528,1.3993061,0.84938556,88372800
1991-04-29,1.40625,1.409722,1.357639,1.357639,0.8240937,71258400
1991-04-30,1.357639,1.378472,1.333333,1.375,0.83463222,115178400
1991-05-01,1.3680561,1.3993061,1.347222,1.3993061,0.84938556,111628800
1991-05-02,1.40625,1.423611,1.392361,1.395833,0.84727752,66888000
1991-05-03,1.395833,1.40625,1.385417,1.40625,0.85360062,23047200
1991-05-06,1.395833,1.434028,1.392361,1.427083,0.86624682,44755200
1991-05-07,1.434028,1.440972,1.40625,1.40625,0.85360062,50904000
1991-05-08,1.402778,1.434028,1.392361,1.4305561,0.86835498,57592800
1991-05-09,1.434028,1.472222,1.427083,1.46875,0.89153868,76298400
1991-05-10,1.4756939,1.486111,1.416667,1.427083,0.86624682,52070400
1991-05-13,1.434028,1.440972,1.40625,1.432292,0.86940837,68745600
1991-05-14,1.425347,1.434028,1.3993061,1.40625,0.85360062,58816800
1991-05-15,1.392361,1.395833,1.342014,1.361111,0.8262015,111160800
1991-05-16,1.378472,1.388889,1.3680561,1.380208,0.83779335,70243200
1991-05-17,1.375,1.3819439,1.361111,1.378472,0.8367393,44812800
1991-05-20,1.3819439,1.388889,1.357639,1.376736,0.83568561,65937600
1991-05-21,1.385417,1.434028,1.3819439,1.416667,0.85992414,83570400
1991-05-22,1.427083,1.482639,1.420139,1.482639,0.89996946,88783200
1991-05-23,1.486111,1.5243061,1.486111,1.520833,0.92315358,67752000
1991-05-24,1.527778,1.5625,1.520833,1.527778,0.92736918,67932000
1991-05-28,1.534722,1.552083,1.527778,1.5381939,0.93369132,43941600
1991-05-29,1.545139,1.5555561,1.5243061,1.53125,0.92947674,64202400
1991-05-30,1.529514,1.552083,1.513889,1.53125,0.92947674,61833600
1991-05-31,1.534722,1.541667,1.5,1.5243061,0.92526156,81784800
1991-06-03,1.520833,1.559028,1.513889,1.5555561,0.94423079,46951200
1991-06-04,1.5555561,1.576389,1.534722,1.5694439,0.95266074,35035200
1991-06-05,1.5625,1.5868061,1.5555561,1.5555561,0.94423079,41385600
1991-06-06,1.565972,1.5694439,1.534722,1.543403,0.93685389,32680800
1991-06-07,1.5243061,1.53125,1.510417,1.53125,0.92947674,51984000
1991-06-10,1.53125,1.541667,1.5243061,1.534722,0.93158382,29498400
1991-06-11,1.541667,1.5694439,1.534722,1.536458,0.93263733,41846400
1991-06-12,1.5381939,1.559028,1.53125,1.543403,0.93685389,51069600
1991-06-13,1.541667,1.559028,1.534722,1.541667,0.9357996,38001600
1991-06-14,1.545139,1.579861,1.541667,1.576389,0.95687616,46360800
1991-06-17,1.579861,1.59375,1.5625,1.576389,0.95687616,29419200
1991-06-18,1.572917,1.576389,1.5243061,1.548611,0.94001436,46850400
1991-06-19,1.5243061,1.5243061,1.4305561,1.435764,0.87151569,157039200
1991-06-20,1.402778,1.4131939,1.375,1.3993061,0.84938556,187999200
1991-06-21,1.40625,1.4305561,1.40625,1.420139,0.86203146,67680000
1991-06-24,1.402778,1.409722,1.354167,1.362847,0.82725525,79696800
1991-06-25,1.378472,1.392361,1.361111,1.371528,0.83252436,97228800
1991-06-26,1.375,1.409722,1.364583,1.3993061,0.84938556,96638400
1991-06-27,1.411458,1.421875,1.390625,1.416667,0.85992414,56510400
1991-06-28,1.411458,1.432292,1.364583,1.419271,0.86150491,61526400
1991-07-01,1.432292,1.492188,1.411458,1.486979,0.90260369,72388800
1991-07-02,1.484375,1.505208,1.416667,1.419271,0.86150491,43920000
1991-07-03,1.34375,1.354167,1.286458,1.333333,0.80933988,191630400
1991-07-05,1.328125,1.328125,1.28125,1.286458,0.78088653,78758400
1991-07-08,1.265625,1.401042,1.260417,1.395833,0.84727752,109185600
1991-07-09,1.40625,1.432292,1.385417,1.414063,0.85834336,76948800
1991-07-10,1.421875,1.432292,1.354167,1.359375,0.82514751,67310400
1991-07-11,1.369792,1.390625,1.354167,1.380208,0.83779335,51148800
1991-07-12,1.395833,1.427083,1.375,1.416667,0.85992414,35174400
1991-07-15,1.432292,1.463542,1.427083,1.455729,0.88363469,36763200
1991-07-16,1.458333,1.458333,1.40625,1.40625,0.85360062,42734400
1991-07-17,1.369792,1.411458,1.354167,1.411458,0.85676211,40526400
1991-07-18,1.416667,1.442708,1.390625,1.395833,0.84727752,25656000
1991-07-19,1.40625,1.416667,1.375,1.411458,0.85676211,24441600
1991-07-22,1.390625,1.432292,1.385417,1.40625,0.85360062,35136000
1991-07-23,1.416667,1.421875,1.385417,1.385417,0.84095496,35596800
1991-07-24,1.395833,1.401042,1.354167,1.364583,0.82830852,54321600
1991-07-25,1.395833,1.416667,1.372396,1.375,0.83463222,90211200
1991-07-26,1.395833,1.494792,1.390625,1.479167,0.89786166,149294400
1991-07-29,1.479167,1.484375,1.432292,1.463542,0.88837701,136468800
1991-07-30,1.46875,1.520833,1.453125,1.515625,0.91999227,78038400
1991-07-31,1.520833,1.541667,1.515625,1.53125,0.92947674,111628800
1991-08-01,1.536458,1.541667,1.520833,1.526042,0.92631507,53942400
1991-08-02,1.536458,1.557292,1.526042,1.526042,0.92631507,81369600
1991-08-05,1.526042,1.526042,1.494792,1.505208,0.91366899,28252800
1991-08-06,1.505208,1.5625,1.505208,1.552083,0.94212216,53097600
1991-08-07,1.557292,1.59375,1.552083,1.583333,0.9610914,69235200
1991-08-08,1.583333,1.651042,1.583333,1.645833,0.9990291,91852800
1991-08-09,1.640625,1.708333,1.630208,1.682292,1.0211594,114806400
1991-08-12,1.661458,1.744792,1.661458,1.729167,1.0496128,56899200
1991-08-13,1.744792,1.744792,1.713542,1.71875,1.0432903,94497600
1991-08-14,1.723958,1.739583,1.708333,1.71875,1.0432903,67008000
1991-08-15,1.71875,1.734375,1.6875,1.697917,1.0306443,45460800
1991-08-16,1.682292,1.716146,1.671875,1.703125,1.0338054,52075200
1991-08-19,1.614583,1.692708,1.604167,1.671875,1.0148363,85425600
1991-08-20,1.679688,1.705729,1.666667,1.677083,1.0179974,57326400
1991-08-21,1.708333,1.760417,1.703125,1.75,1.0622584,73214400
1991-08-22,1.755208,1.776042,1.734375,1.75,1.0622584,43627200
1991-08-23,1.75,1.802083,1.75,1.776042,1.0780662,43161600
1991-08-26,1.765625,1.776042,1.739583,1.776042,1.0780662,44136000
1991-08-27,1.765625,1.770833,1.75,1.765625,1.0717431,34204800
1991-08-28,1.765625,1.807292,1.760417,1.783854,1.0828086,41558400
1991-08-29,1.791667,1.802083,1.770833,1.786458,1.0843891,27974400
1991-08-30,1.786458,1.796875,1.760417,1.776042,1.0780662,22032000
1991-09-03,1.770833,1.770833,1.71875,1.731771,1.0511936,33494400
1991-09-04,1.734375,1.739583,1.6875,1.721354,1.0448707,38467200
1991-09-05,1.729167,1.729167,1.666667,1.677083,1.0179974,58459200
1991-09-06,1.6875,1.713542,1.671875,1.682292,1.0211594,50788800
1991-09-09,1.682292,1.697917,1.671875,1.682292,1.0211594,31915200
1991-09-10,1.708333,1.71875,1.666667,1.666667,1.0116752,65937600
1991-09-11,1.677083,1.713542,1.677083,1.708333,1.0369674,64032000
1991-09-12,1.729167,1.786458,1.729167,1.783854,1.0828086,53808000
1991-09-13,1.78125,1.786458,1.71875,1.729167,1.0496128,51360000
1991-09-16,1.729167,1.739583,1.713542,1.729167,1.0496128,21686400
1991-09-17,1.723958,1.765625,1.708333,1.760417,1.0685824,23366400
1991-09-18,1.75,1.78125,1.744792,1.765625,1.0717431,26942400
1991-09-19,1.770833,1.817708,1.765625,1.796875,1.0907129,51364800
1991-09-20,1.807292,1.8125,1.791667,1.802083,1.093873,30316800
1991-09-23,1.796875,1.802083,1.760417,1.768229,1.0733241,49771200
1991-09-24,1.776042,1.838542,1.776042,1.833333,1.1128422,47625600
1991-09-25,1.833333,1.841146,1.802083,1.828125,1.1096811,25766400
1991-09-26,1.822917,1.875,1.817708,1.859375,1.1286498,48000000
1991-09-27,1.864583,1.864583,1.828125,1.838542,1.1160046,33273600
1991-09-30,1.838542,1.864583,1.8125,1.854167,1.1254884,27700800
1991-10-01,1.854167,1.859375,1.833333,1.851563,1.1239078,19627200
1991-10-02,1.84375,1.885417,1.796875,1.8125,1.1001964,67219200
1991-10-03,1.802083,1.838542,1.796875,1.822917,1.1065197,34632000
1991-10-04,1.833333,1.854167,1.822917,1.835938,1.1144238,26457600
1991-10-07,1.817708,1.851563,1.807292,1.84375,1.1191658,27187200
1991-10-08,1.833333,1.864583,1.833333,1.859375,1.1286498,37708800
1991-10-09,1.864583,1.901042,1.859375,1.864583,1.1318109,60931200
1991-10-10,1.885417,1.885417,1.84375,1.869792,1.134973,42048000
1991-10-11,1.890625,1.895833,1.828125,1.867188,1.1333922,69921600
1991-10-14,1.875,1.921875,1.875,1.921875,1.1665882,50625600
1991-10-15,1.921875,1.921875,1.890625,1.903646,1.1555229,57854400
1991-10-16,1.90625,1.90625,1.872396,1.890625,1.147619,100200000
1991-10-17,1.890625,1.890625,1.84375,1.859375,1.1286498,95563200
1991-10-18,1.875,1.901042,1.869792,1.875,1.1381342,37843200
1991-10-21,1.875,1.90625,1.869792,1.895833,1.15078,28704000
1991-10-22,1.90625,1.932292,1.901042,1.903646,1.1555229,32496000
1991-10-23,1.911458,1.916667,1.869792,1.880208,1.1412953,36724800
1991-10-24,1.885417,1.885417,1.859375,1.880208,1.1412953,26942400
1991-10-25,1.880208,1.890625,1.859375,1.864583,1.1318109,28080000
1991-10-28,1.864583,1.880208,1.828125,1.880208,1.1412953,37953600
1991-10-29,1.880208,1.890625,1.869792,1.890625,1.147619,36523200
1991-10-30,1.890625,1.973958,1.890625,1.96875,1.1950409,65592000
1991-10-31,1.96875,1.984375,1.942708,1.955729,1.187137,41092800
1991-11-01,1.947917,1.953125,1.916667,1.929688,1.1713302,34296000
1991-11-04,1.921875,1.927083,1.890625,1.895833,1.15078,28838400
1991-11-05,1.901042,1.96875,1.895833,1.953125,1.1855568,51739200
1991-11-06,1.958333,1.989583,1.942708,1.984375,1.2045256,38308800
1991-11-07,1.989583,1.994792,1.96875,1.973958,1.1982017,20894400
1991-11-08,1.979167,2.015625,1.979167,1.984375,1.2045256,36494400
1991-11-11,2,2.041667,1.992188,2.03125,1.2329792,40564800
1991-11-12,2.046875,2.098958,2.041667,2.080729,1.2630135,80035200
1991-11-13,2.072917,2.119792,2.057292,2.104167,1.2772402,57523200
1991-11-14,2.114583,2.114583,2.057292,2.067708,1.255109,44371200
1991-11-15,2.0625,2.09375,1.973958,1.979167,1.201364,71592000
1991-11-18,1.984375,2.036458,1.979167,2.026042,1.2298175,72432000
1991-11-19,2.005208,2.028646,1.963542,2.005208,1.2171712,71976000
1991-11-20,2.020833,2.03125,2,2.010417,1.2203337,36441600
1991-11-21,2.005208,2.026042,1.994792,2.026042,1.2298175,35558400
1991-11-22,2.020833,2.03125,1.984375,2,1.2140101,38102400
1991-11-25,1.994792,2.020833,1.984375,1.992188,1.2092686,33724800
1991-11-26,2.002604,2.005208,1.932292,1.96875,1.1950409,58809600
1991-11-27,1.963542,1.989583,1.958333,1.984375,1.2045256,15009600
1991-11-29,1.973958,2.036458,1.973958,2.026042,1.2298175,20524800
1991-12-02,2.005208,2.114583,2,2.109375,1.280401,55852800
1991-12-03,2.104167,2.140625,2.072917,2.111979,1.2819817,64996800
1991-12-04,2.119792,2.145833,2.083333,2.125,1.2898861,36297600
1991-12-05,2.119792,2.130208,2.098958,2.119792,1.286725,24892800
1991-12-06,2.114583,2.192708,2.104167,2.171875,1.3183388,51580800
1991-12-09,2.151042,2.161458,2.109375,2.125,1.2898861,57720000
1991-12-10,2.125,2.125,2.083333,2.119792,1.286725,46252800
1991-12-11,2.127604,2.140625,2.072917,2.098958,1.2740784,39134400
1991-12-12,2.104167,2.151042,2.09375,2.125,1.2898861,36979200
1991-12-13,2.130208,2.140625,2.114583,2.125,1.2898861,26193600
1991-12-16,2.125,2.130208,2.098958,2.127604,1.2914667,27225600
1991-12-17,2.125,2.15625,2.088542,2.122396,1.2883049,27480000
1991-12-18,2.125,2.151042,2.109375,2.143229,1.300951,33561600
1991-12-19,2.132813,2.151042,2.109375,2.140625,1.2993703,38116800
1991-12-20,2.166667,2.1875,2.130208,2.151042,1.3056934,35356800
1991-12-23,2.151042,2.223958,2.135417,2.223958,1.3499533,46113600
1991-12-24,2.223958,2.239583,2.208333,2.213542,1.3436316,23995200
1991-12-26,2.213542,2.255208,2.203125,2.247396,1.3641808,24326400
1991-12-27,2.255208,2.322917,2.244792,2.299479,1.3957952,36657600
1991-12-30,2.302083,2.317708,2.28125,2.307292,1.400538,35524800
1991-12-31,2.307292,2.333333,2.265625,2.317708,1.4068602,40512000
1992-01-02,2.307292,2.390625,2.28125,2.375,1.4416372,74265600
1992-01-03,2.375,2.380208,2.328125,2.354167,1.4289911,38246400
1992-01-06,2.359375,2.453125,2.341146,2.427083,1.473251,63057600
1992-01-07,2.427083,2.505208,2.411458,2.5,1.5175122,64363200
1992-01-08,2.479167,2.619792,2.473958,2.588542,1.5712577,90763200
1992-01-09,2.588542,2.6875,2.583333,2.651042,1.6091963,88348800
1992-01-10,2.645833,2.661458,2.583333,2.609375,1.583904,64641600
1992-01-13,2.583333,2.684896,2.557292,2.648438,1.6076156,52804800
1992-01-14,2.65625,2.677083,2.625,2.671875,1.6218412,44006400
1992-01-15,2.682292,2.776042,2.671875,2.739583,1.6629409,65294400
1992-01-16,2.734375,2.75,2.65625,2.661458,1.6155186,58761600
1992-01-17,2.661458,2.697917,2.578125,2.635417,1.5997125,85027200
1992-01-20,2.651042,2.651042,2.552083,2.552083,1.5491276,58862400
1992-01-21,2.546875,2.5625,2.416667,2.486979,1.5096081,120019200
1992-01-22,2.5,2.614583,2.479167,2.614583,1.5870651,56131200
1992-01-23,2.614583,2.695313,2.578125,2.604167,1.580742,75590400
1992-01-24,2.59375,2.614583,2.583333,2.596354,1.5759993,37756800
1992-01-27,2.598958,2.614583,2.510417,2.513021,1.5254163,46233600
1992-01-28,2.520833,2.536458,2.416667,2.515625,1.5269967,95539200
1992-01-29,2.552083,2.619792,2.536458,2.59375,1.5744188,97344000
1992-01-30,2.59375,2.598958,2.53125,2.572917,1.5617734,41923200
1992-01-31,2.572917,2.578125,2.494792,2.505208,1.5206738,49948800
1992-02-03,2.463542,2.614583,2.447917,2.604167,1.580742,80265600
1992-02-04,2.609375,2.625,2.552083,2.59375,1.5744188,58440000
1992-02-05,2.598958,2.677083,2.572917,2.651042,1.6091963,71212800
1992-02-06,2.635417,2.6875,2.619792,2.630208,1.5965495,62356800
1992-02-07,2.630208,2.65625,2.583333,2.619792,1.5902271,36499200
1992-02-10,2.617188,2.625,2.541667,2.59375,1.5744188,41371200
1992-02-11,2.588542,2.598958,2.53125,2.552083,1.5491276,41078400
1992-02-12,2.471354,2.640625,2.471354,2.619792,1.5902271,83342400
1992-02-13,2.614583,2.635417,2.53125,2.552083,1.5491276,97358400
1992-02-14,2.546875,2.552083,2.458333,2.46875,1.4985436,82632000
1992-02-18,2.484375,2.546875,2.458333,2.463542,1.4953821,73694400
1992-02-19,2.458333,2.458333,2.364583,2.398438,1.4558636,145372800
1992-02-20,2.416667,2.484375,2.411458,2.447917,1.4858975,74323200
1992-02-21,2.4375,2.46875,2.369792,2.385417,1.4479607,91118400
1992-02-24,2.385417,2.427083,2.354167,2.393229,1.452702,59049600
1992-02-25,2.395833,2.427083,2.359375,2.411458,1.4637672,57388800
1992-02-26,2.416667,2.541667,2.416667,2.541667,1.5428045,100670400
1992-02-27,2.557292,2.609375,2.557292,2.601563,1.5791613,79579200
1992-02-28,2.604167,2.635417,2.546875,2.572917,1.5617734,58276800
1992-03-02,2.578125,2.619792,2.536458,2.5625,1.5554501,34876800
1992-03-03,2.572917,2.609375,2.552083,2.567708,1.5586114,27734400
1992-03-04,2.567708,2.588542,2.536458,2.552083,1.5491276,33086400
1992-03-05,2.552083,2.567708,2.484375,2.526042,1.5333202,55689600
1992-03-06,2.515625,2.541667,2.432292,2.463542,1.4953821,61867200
1992-03-09,2.473958,2.510417,2.463542,2.479167,1.5048671,30427200
1992-03-10,2.489583,2.557292,2.484375,2.536458,1.5396426,45480000
1992-03-11,2.546875,2.567708,2.484375,2.505208,1.5206738,39532800
1992-03-12,2.505208,2.53125,2.46875,2.523438,1.5317395,50025600
1992-03-13,2.552083,2.5625,2.510417,2.520833,1.5301579,36763200
1992-03-16,2.520833,2.588542,2.510417,2.588542,1.5712577,55132800
1992-03-17,2.611979,2.682292,2.598958,2.666667,1.6186806,94473600
1992-03-18,2.677083,2.6875,2.625,2.632813,1.5981308,69230400
1992-03-19,2.645833,2.713542,2.630208,2.65625,1.612357,111576000
1992-03-20,2.65625,2.6875,2.65625,2.677083,1.6250033,35774400
1992-03-23,2.677083,2.692708,2.661458,2.677083,1.6250033,37843200
1992-03-24,2.6875,2.705729,2.635417,2.65625,1.612357,70228800
1992-03-25,2.65625,2.692708,2.645833,2.677083,1.6250033,36739200
1992-03-26,2.682292,2.6875,2.588542,2.604167,1.580742,60403200
1992-03-27,2.59375,2.604167,2.489583,2.526042,1.5333202,89971200
1992-03-30,2.53125,2.541667,2.5,2.5,1.5175122,40713600
1992-03-31,2.510417,2.541667,2.453125,2.46875,1.4985436,86702400
1992-04-01,2.442708,2.515625,2.4375,2.510417,1.5238353,74203200
1992-04-02,2.510417,2.53125,2.432292,2.4375,1.4795747,56918400
1992-04-03,2.447917,2.484375,2.432292,2.447917,1.4858975,59534400
1992-04-06,2.453125,2.533854,2.453125,2.526042,1.5333202,40123200
1992-04-07,2.541667,2.552083,2.411458,2.416667,1.466929,72758400
1992-04-08,2.411458,2.447917,2.359375,2.442708,1.4827356,105388800
1992-04-09,2.463542,2.505208,2.429688,2.5,1.5175122,70008000
1992-04-10,2.526042,2.541667,2.375,2.416667,1.466929,126446400
1992-04-13,2.432292,2.460938,2.380208,2.447917,1.4858975,45552000
1992-04-14,2.463542,2.505208,2.427083,2.4375,1.4795747,72806400
1992-04-15,2.682292,2.692708,2.635417,2.684896,1.6297449,223305600
1992-04-16,2.6875,2.6875,2.645833,2.658854,1.6139381,66393600
1992-04-20,2.59375,2.604167,2.40625,2.460938,1.4938023,226118400
1992-04-21,2.463542,2.46875,2.40625,2.419271,1.4685099,99244800
1992-04-22,2.427083,2.46875,2.385417,2.450521,1.4874787,61790400
1992-04-23,2.46875,2.479167,2.338542,2.411458,1.4637672,115334400
1992-04-24,2.416667,2.432292,2.333333,2.338542,1.419507,90393600
1992-04-27,2.34375,2.427083,2.34375,2.359375,1.432153,99585600
1992-04-28,2.369792,2.385417,2.229167,2.270833,1.3784071,199876800
1992-04-29,2.28125,2.322917,2.255208,2.320313,1.4084415,137308800
1992-04-30,2.333333,2.348958,2.286458,2.296875,1.3942144,95870400
1992-05-01,2.302083,2.375,2.296875,2.369792,1.4384761,62083200
1992-05-04,2.364583,2.416667,2.34375,2.375,1.4416372,73920000
1992-05-05,2.369792,2.447917,2.359375,2.427083,1.473251,59246400
1992-05-06,2.4375,2.442708,2.40625,2.416667,1.466929,50016000
1992-05-07,2.416667,2.427083,2.380208,2.395833,1.4542832,40579200
1992-05-08,2.416667,2.4375,2.359375,2.385417,1.4479607,59822400
1992-05-11,2.390625,2.401042,2.359375,2.375,1.4416372,41112000
1992-05-12,2.390625,2.401042,2.348958,2.380208,1.4447979,49905600
1992-05-13,2.369792,2.380208,2.3125,2.348958,1.4258294,64320000
1992-05-14,2.348958,2.354167,2.276042,2.307292,1.400538,72307200
1992-05-15,2.296875,2.322917,2.28125,2.291667,1.3910539,40814400
1992-05-18,2.307292,2.364583,2.302083,2.348958,1.4258294,37526400
1992-05-19,2.359375,2.385417,2.359375,2.385417,1.4479607,51240000
1992-05-20,2.385417,2.4375,2.385417,2.432292,1.4764137,58800000
1992-05-21,2.4375,2.4375,2.401042,2.429688,1.4748333,48566400
1992-05-22,2.4375,2.4375,2.395833,2.411458,1.4637672,36969600
1992-05-26,2.416667,2.4375,2.395833,2.40625,1.460606,38217600
1992-05-27,2.411458,2.421875,2.390625,2.395833,1.4542832,31166400
1992-05-28,2.390625,2.489583,2.385417,2.479167,1.5048671,62702400
1992-05-29,2.494792,2.546875,2.489583,2.520833,1.5301579,89918400
1992-06-01,2.510417,2.588542,2.5,2.588542,1.5712577,68529600
1992-06-02,2.588542,2.59375,2.546875,2.559896,1.5538698,42585600
1992-06-03,2.552083,2.588542,2.552083,2.5625,1.5554501,28190400
1992-06-04,2.567708,2.572917,2.552083,2.554688,1.5507092,41755200
1992-06-05,2.552083,2.5625,2.515625,2.520833,1.5301579,40939200
1992-06-08,2.515625,2.520833,2.463542,2.463542,1.4953821,40228800
1992-06-09,2.46875,2.479167,2.375,2.395833,1.4542832,84604800
1992-06-10,2.401042,2.40625,2.333333,2.34375,1.4226688,65457600
1992-06-11,2.34375,2.401042,2.239583,2.25,1.365762,130732800
1992-06-12,2.296875,2.354167,2.268229,2.34375,1.4226688,138028800
1992-06-15,2.34375,2.4375,2.34375,2.367188,1.4368944,54940800
1992-06-16,2.359375,2.390625,2.265625,2.273438,1.3799882,57376000
1992-06-17,2.265625,2.289063,2.234375,2.261719,1.3728746,70032000
1992-06-18,2.28125,2.335938,2.21875,2.257813,1.3705035,53356800
1992-06-19,2.296875,2.320313,2.273438,2.296875,1.3942144,43110400
1992-06-22,2.289063,2.328125,2.234375,2.320313,1.4084415,54080000
1992-06-23,2.335938,2.367188,2.273438,2.296875,1.3942144,57420800
1992-06-24,2.304688,2.304688,2.242188,2.257813,1.3705035,34096000
1992-06-25,2.257813,2.257813,2.078125,2.1875,1.327823,165340800
1992-06-26,2.171875,2.179688,2.054688,2.085938,1.2661752,140982400
1992-06-29,2.140625,2.273438,2.132813,2.257813,1.3705035,90963200
1992-06-30,2.273438,2.28125,2.171875,2.1875,1.327823,74048000
1992-07-01,2.195313,2.273438,2.171875,2.253906,1.3681316,45136000
1992-07-02,2.273438,2.28125,2.148438,2.183594,1.325453,80563200
1992-07-06,2.1875,2.195313,2.117188,2.171875,1.3183388,36224000
1992-07-07,2.179688,2.179688,2.101563,2.125,1.2898861,54396800
1992-07-08,2.125,2.15625,2.046875,2.144531,1.3017411,93417600
1992-07-09,2.15625,2.210938,2.132813,2.15625,1.3088547,61174400
1992-07-10,2.164063,2.1875,2.113281,2.171875,1.3183388,28905600
1992-07-13,2.179688,2.226563,2.140625,2.1875,1.327823,35113600
1992-07-14,2.203125,2.234375,2.195313,2.222656,1.3491627,41116800
1992-07-15,2.242188,2.289063,2.21875,2.234375,1.3562773,80172800
1992-07-16,2.21875,2.257813,2.210938,2.257813,1.3705035,42291200
1992-07-17,2.242188,2.25,2.179688,2.195313,1.332566,59865600
1992-07-20,2.171875,2.195313,2.140625,2.164063,1.3135973,48707200
1992-07-21,2.1875,2.273438,2.171875,2.242188,1.3610187,45907200
1992-07-22,2.242188,2.242188,2.171875,2.1875,1.327823,59008000
1992-07-23,2.179688,2.257813,2.148438,2.21875,1.3467926,68441600
1992-07-24,2.222656,2.304688,2.21875,2.273438,1.3799882,76259200
1992-07-27,2.273438,2.296875,2.257813,2.28125,1.3847301,30512000
1992-07-28,2.296875,2.328125,2.273438,2.3125,1.4036986,45363200
1992-07-29,2.328125,2.335938,2.25,2.3125,1.4036986,145273600
1992-07-30,2.296875,2.328125,2.28125,2.285156,1.3871007,32035200
1992-07-31,2.296875,2.296875,2.257813,2.273438,1.3799882,35312000
1992-08-03,2.273438,2.320313,2.25,2.304688,1.3989574,31516800
1992-08-04,2.3125,2.328125,2.296875,2.308594,1.4013283,31430400
1992-08-05,2.304688,2.304688,2.226563,2.25,1.365762,60150400
1992-08-06,2.234375,2.25,2.195313,2.234375,1.3562773,3705600
1992-08-07,2.234375,2.304688,2.203125,2.210938,1.3420508,55008000
1992-08-10,2.21875,2.265625,2.210938,2.214844,1.3444214,42067200
1992-08-11,2.226563,2.246094,2.1875,2.230469,1.3539063,33436800
1992-08-12,2.242188,2.265625,2.210938,2.21875,1.3467926,30441600
1992-08-13,2.226563,2.242188,2.203125,2.214844,1.3444214,28227200
1992-08-14,2.21875,2.242188,2.210938,2.21875,1.3467926,33942400
1992-08-17,2.210938,2.21875,2.171875,2.171875,1.3183388,63318400
1992-08-18,2.15625,2.210938,2.125,2.171875,1.3183388,66313600
1992-08-19,2.171875,2.203125,2.148438,2.164063,1.3135973,27433600
1992-08-20,2.171875,2.210938,2.15625,2.199219,1.3349363,36534400
1992-08-21,2.203125,2.214844,2.15625,2.179688,1.323081,52710400
1992-08-24,2.175781,2.1875,2.148438,2.15625,1.3088547,42800000
1992-08-25,2.148438,2.210938,2.140625,2.199219,1.3349363,37123200
1992-08-26,2.195313,2.257813,2.195313,2.238281,1.3586484,50016000
1992-08-27,2.25,2.3125,2.25,2.300781,1.3965859,88028800
1992-08-28,2.296875,2.328125,2.296875,2.324219,1.410813,49468800
1992-08-31,2.320313,2.34375,2.296875,2.328125,1.413183,25651200
1992-09-01,2.3125,2.332031,2.289063,2.328125,1.413183,30825600
1992-09-02,2.328125,2.367188,2.304688,2.355469,1.4297816,61955200
1992-09-03,2.367188,2.414063,2.359375,2.394531,1.4534918,85296000
1992-09-04,2.382813,2.390625,2.359375,2.375,1.4416372,28585600
1992-09-08,2.375,2.402344,2.351563,2.398438,1.4558636,49376000
1992-09-09,2.398438,2.449219,2.390625,2.441406,1.4819458,60982400
1992-09-10,2.445313,2.46875,2.421875,2.46875,1.4985436,53302400
1992-09-11,2.453125,2.476563,2.4375,2.460938,1.4938023,30796800
1992-09-14,2.492188,2.5625,2.492188,2.554688,1.5507092,95100800
1992-09-15,2.546875,2.554688,2.5,2.539063,1.541224,44614400
1992-09-16,2.492188,2.554688,2.484375,2.511719,1.5246258,35708800
1992-09-17,2.515625,2.546875,2.507813,2.535156,1.5388525,23590400
1992-09-18,2.539063,2.546875,2.449219,2.496094,1.5151415,71683200
1992-09-21,2.460938,2.484375,2.445313,2.472656,1.5009145,31811200
1992-09-22,2.46875,2.472656,2.421875,2.429688,1.4748333,30777600
1992-09-23,2.429688,2.492188,2.421875,2.472656,1.5009145,37654400
1992-09-24,2.476563,2.515625,2.476563,2.507813,1.5222552,36953600
1992-09-25,2.507813,2.511719,2.375,2.460938,1.4938023,41817600
1992-09-28,2.390625,2.445313,2.382813,2.40625,1.460606,52854400
1992-09-29,2.40625,2.46875,2.40625,2.460938,1.4938023,39392000
1992-09-30,2.492188,2.515625,2.460938,2.515625,1.5269967,59843200
1992-10-01,2.5,2.53125,2.484375,2.488281,1.5103991,47804800
1992-10-02,2.476563,2.492188,2.4375,2.460938,1.4938023,36803200
1992-10-05,2.453125,2.554688,2.367188,2.554688,1.5507092,71347200
1992-10-06,2.570313,2.609375,2.539063,2.578125,1.5649339,74316800
1992-10-07,2.578125,2.632813,2.53125,2.535156,1.5388525,58153600
1992-10-08,2.570313,2.640625,2.554688,2.605469,1.5815331,59532800
1992-10-09,2.609375,2.609375,2.546875,2.574219,1.5625638,40182400
1992-10-12,2.59375,2.625,2.585938,2.621094,1.5910174,34700800
1992-10-13,2.648438,2.667969,2.601563,2.632813,1.5981308,86643200
1992-10-14,2.636719,2.65625,2.59375,2.609375,1.583904,47456000
1992-10-15,2.601563,2.648438,2.585938,2.640625,1.6028731,35942400
1992-10-16,2.648438,2.671875,2.617188,2.667969,1.6194706,47644800
1992-10-19,2.65625,2.757813,2.65625,2.746094,1.6668929,83280000
1992-10-20,2.757813,2.804688,2.71875,2.746094,1.6668929,84150400
1992-10-21,2.757813,2.8125,2.742188,2.8125,1.7072012,60396800
1992-10-22,2.8125,2.820313,2.757813,2.804688,1.7024591,49174400
1992-10-23,2.820313,2.820313,2.757813,2.769531,1.6811197,46006400
1992-10-26,2.765625,2.820313,2.742188,2.8125,1.7072012,40121600
1992-10-27,2.8125,2.820313,2.734375,2.75,1.6692644,49116800
1992-10-28,2.757813,2.773438,2.726563,2.765625,1.6787492,36172800
1992-10-29,2.773438,2.8125,2.765625,2.8125,1.7072012,32774400
1992-10-30,2.808594,2.8125,2.765625,2.773438,1.6834908,24998400
1992-11-02,2.78125,2.8125,2.742188,2.800781,1.7000879,31091200
1992-11-03,2.796875,2.804688,2.738281,2.757813,1.6740065,35267200
1992-11-04,2.757813,2.804688,2.75,2.765625,1.6787492,23657600
1992-11-05,2.78125,2.882813,2.757813,2.871094,1.7427686,90361600
1992-11-06,2.867188,2.914063,2.851563,2.898438,1.7593671,61155200
1992-11-09,2.898438,2.898438,2.828125,2.871094,1.7427686,54796800
1992-11-10,2.875,2.914063,2.859375,2.902344,1.7617378,38710400
1992-11-11,2.898438,2.96875,2.882813,2.929688,1.7783347,60748800
1992-11-12,2.929688,2.945313,2.875,2.921875,1.7735929,46960000
1992-11-13,2.921875,2.929688,2.890625,2.914063,1.7688514,25811200
1992-11-16,2.90625,2.921875,2.882813,2.898438,1.7593671,19312000
1992-11-17,2.902344,2.9375,2.789063,2.8125,1.7072012,56649600
1992-11-18,2.828125,2.890625,2.808594,2.875,1.7451392,33273600
1992-11-19,2.882813,2.96875,2.882813,2.9375,1.7830774,46857600
1992-11-20,2.9375,2.96875,2.929688,2.96875,1.8020465,41113600
1992-11-23,2.820313,2.867188,2.726563,2.765625,1.6787492,309884800
1992-11-24,2.851563,2.898438,2.789063,2.859375,1.7356552,145513600
1992-11-25,2.875,2.890625,2.820313,2.847656,1.7285419,53152000
1992-11-27,2.859375,2.890625,2.84375,2.867188,1.7403976,17593600
1992-11-30,2.890625,2.914063,2.867188,2.910156,1.7664796,35251200
1992-12-01,2.898438,2.921875,2.875,2.910156,1.7664796,33593600
1992-12-02,2.90625,2.921875,2.828125,2.835938,1.7214289,49881600
1992-12-03,2.835938,2.890625,2.828125,2.863281,1.7380263,26048000
1992-12-04,2.859375,2.890625,2.851563,2.867188,1.7403976,23548800
1992-12-07,2.875,2.921875,2.84375,2.917969,1.7712226,46422400
1992-12-08,2.929688,2.9375,2.859375,2.890625,1.754624,26908800
1992-12-09,2.867188,2.914063,2.851563,2.875,1.7451392,26048000
1992-12-10,2.8125,2.867188,2.765625,2.78125,1.6882331,89296000
1992-12-11,2.765625,2.78125,2.679688,2.699219,1.6384392,112934400
1992-12-14,2.710938,2.757813,2.703125,2.722656,1.6526653,51286400
1992-12-15,2.726563,2.742188,2.671875,2.699219,1.6384392,45289600
1992-12-16,2.703125,2.757813,2.664063,2.71875,1.650295,73792000
1992-12-17,2.726563,2.820313,2.71875,2.8125,1.7072012,51859200
1992-12-18,2.78125,2.820313,2.765625,2.8125,1.7072012,74387200
1992-12-21,2.804688,2.875,2.789063,2.828125,1.7166862,64928000
1992-12-22,2.84375,2.859375,2.71875,2.742188,1.6645221,56928000
1992-12-23,2.75,2.757813,2.6875,2.726563,1.6550379,59974400
1992-12-24,2.726563,2.726563,2.6875,2.726563,1.6550379,32723200
1992-12-28,2.726563,2.742188,2.6875,2.734375,1.6597793,45731200
1992-12-29,2.726563,2.734375,2.695313,2.703125,1.6408103,60035200
1992-12-30,2.710938,2.71875,2.664063,2.683594,1.6289549,50860800
1992-12-31,2.6875,2.695313,2.664063,2.667969,1.6194706,30851200
1993-01-04,2.65625,2.679688,2.640625,2.660156,1.6147274,72646400
1993-01-05,2.65625,2.710938,2.648438,2.703125,1.6408103,71529600
1993-01-06,2.71875,2.789063,2.710938,2.78125,1.6882331,87440000
1993-01-07,2.78125,2.808594,2.71875,2.726563,1.6550379,58748800
1993-01-08,2.726563,2.757813,2.695313,2.722656,1.6526653,43977600
1993-01-11,2.726563,2.789063,2.695313,2.785156,1.6906034,58348800
1993-01-12,2.78125,2.851563,2.773438,2.804688,1.7024591,85129600
1993-01-13,2.796875,2.882813,2.757813,2.851563,1.7309127,83696000
1993-01-14,2.882813,2.9375,2.828125,2.851563,1.7309127,121264000
1993-01-15,2.734375,2.84375,2.71875,2.804688,1.7024591,181958400
1993-01-18,2.796875,2.804688,2.757813,2.789063,1.6929759,50611200
1993-01-19,2.78125,2.789063,2.757813,2.761719,1.6763779,52960000
1993-01-20,2.765625,2.78125,2.742188,2.761719,1.6763779,47968000
1993-01-21,2.742188,2.8125,2.710938,2.796875,1.6977178,73363200
1993-01-22,2.804688,2.820313,2.773438,2.792969,1.6953458,49088000
1993-01-25,2.789063,2.820313,2.742188,2.765625,1.6787492,49609600
1993-01-26,2.765625,2.8125,2.734375,2.75,1.6692644,42345600
1993-01-27,2.734375,2.742188,2.671875,2.695313,1.6360688,64192000
1993-01-28,2.695313,2.722656,2.648438,2.71875,1.650295,77030400
1993-01-29,2.734375,2.75,2.679688,2.703125,1.6408103,39424000
1993-02-01,2.695313,2.75,2.671875,2.734375,1.6597793,42854400
1993-02-02,2.730469,2.796875,2.726563,2.78125,1.6882331,70371200
1993-02-03,2.796875,2.820313,2.75,2.761719,1.6763779,71728000
1993-02-04,2.742188,2.742188,2.640625,2.65625,1.612357,124214400
1993-02-05,2.648438,2.796875,2.570313,2.78125,1.6882331,177216000
1993-02-08,2.765625,2.78125,2.65625,2.679688,1.6265839,92665600
1993-02-09,2.710938,2.726563,2.609375,2.621094,1.5910174,64550400
1993-02-10,2.640625,2.695313,2.625,2.671875,1.6218412,39193600
1993-02-11,2.695313,2.703125,2.648438,2.664063,1.6170995,31635200
1993-02-12,2.664063,2.664063,2.601563,2.613281,1.5862749,34752000
1993-02-16,2.589844,2.617188,2.492188,2.503906,1.519884,91180800
1993-02-17,2.53125,2.539063,2.414063,2.507813,1.5222552,121913600
1993-02-18,2.539063,2.585938,2.46875,2.550781,1.5483369,138553600
1993-02-19,2.558594,2.5625,2.484375,2.492188,1.5127701,97094400
1993-02-22,2.492188,2.53125,2.398438,2.398438,1.4558636,76256000
1993-02-23,2.4375,2.515625,2.398438,2.484375,1.5080286,105974400
1993-02-24,2.46875,2.625,2.460938,2.621094,1.5910174,77548800
1993-02-25,2.578125,2.65625,2.578125,2.636719,1.600502,60806400
1993-02-26,2.632813,2.65625,2.59375,2.605469,1.5815331,29833600
1993-03-01,2.617188,2.617188,2.539063,2.546875,1.5459659,26432000
1993-03-02,2.554688,2.648438,2.539063,2.644531,1.6052436,38380800
1993-03-03,2.648438,2.671875,2.609375,2.648438,1.6076156,42352000
1993-03-04,2.648438,2.648438,2.554688,2.617188,1.5886462,56659200
1993-03-05,2.609375,2.65625,2.578125,2.585938,1.5696772,35724800
1993-03-08,2.582031,2.640625,2.5625,2.613281,1.5862749,48022400
1993-03-09,2.625,2.65625,2.617188,2.632813,1.5981308,41312000
1993-03-10,2.640625,2.679688,2.609375,2.65625,1.612357,26592000
1993-03-11,2.664063,2.742188,2.65625,2.703125,1.6408103,57779200
1993-03-12,2.6875,2.789063,2.664063,2.78125,1.6882331,73580800
1993-03-15,2.789063,2.789063,2.71875,2.738281,1.6621504,35347200
1993-03-16,2.757813,2.773438,2.71875,2.742188,1.6645221,36336000
1993-03-17,2.710938,2.734375,2.664063,2.667969,1.6194706,39644800
1993-03-18,2.679688,2.710938,2.65625,2.664063,1.6170995,34406400
1993-03-19,2.679688,2.679688,2.625,2.632813,1.5981308,45404800
1993-03-22,2.601563,2.625,2.578125,2.605469,1.5815331,34083200
1993-03-23,2.609375,2.65625,2.59375,2.597656,1.5767902,34409600
1993-03-24,2.601563,2.710938,2.59375,2.695313,1.6360688,50576000
1993-03-25,2.703125,2.757813,2.699219,2.730469,1.657409,43833600
1993-03-26,2.75,2.757813,2.6875,2.707031,1.643181,28380800
1993-03-29,2.710938,2.765625,2.710938,2.71875,1.650295,48262400
1993-03-30,2.765625,2.851563,2.726563,2.84375,1.7261705,140777600
1993-03-31,2.851563,2.945313,2.835938,2.890625,1.754624,179660800
1993-04-01,2.890625,2.960938,2.890625,2.90625,1.7641081,100412800
1993-04-02,2.867188,2.875,2.804688,2.804688,1.7024591,73251200
1993-04-05,2.773438,2.882813,2.75,2.859375,1.7356552,61187200
1993-04-06,2.867188,2.90625,2.789063,2.804688,1.7024591,55699200
1993-04-07,2.8125,2.828125,2.789063,2.820313,1.7119434,39417600
1993-04-08,2.8125,2.820313,2.757813,2.78125,1.6882331,40185600
1993-04-12,2.773438,2.851563,2.765625,2.816406,1.709573,48976000
1993-04-13,2.820313,2.882813,2.773438,2.777344,1.6858617,53337600
1993-04-14,2.78125,2.820313,2.742188,2.78125,1.6882331,38592000
1993-04-15,2.75,2.808594,2.6875,2.722656,1.6526653,109152000
1993-04-16,2.726563,2.742188,2.671875,2.71875,1.650295,49600000
1993-04-19,2.71875,2.726563,2.65625,2.71875,1.650295,45673600
1993-04-20,2.710938,2.734375,2.65625,2.710938,1.6455536,46009600
1993-04-21,2.710938,2.710938,2.632813,2.652344,1.6099864,92528000
1993-04-22,2.640625,2.65625,2.589844,2.601563,1.5791613,79872000
1993-04-23,2.59375,2.601563,2.523438,2.542969,1.5435956,89296000
1993-04-26,2.546875,2.578125,2.492188,2.511719,1.5246258,65376000
1993-04-27,2.515625,2.585938,2.507813,2.578125,1.5649339,58208000
1993-04-28,2.59375,2.6875,2.585938,2.6875,1.6313263,55372800
1993-04-29,2.679688,2.679688,2.625,2.671875,1.6218412,49660800
1993-04-30,2.65625,2.710938,2.65625,2.671875,1.6218412,46825600
1993-05-03,2.671875,2.71875,2.65625,2.691406,1.6336969,38096000
1993-05-04,2.710938,2.765625,2.703125,2.75,1.6692644,49664000
1993-05-05,2.75,2.8125,2.734375,2.789063,1.6929759,51868800
1993-05-06,2.78125,2.804688,2.710938,2.726563,1.6550379,47244800
1993-05-07,2.726563,2.742188,2.703125,2.71875,1.650295,31798400
1993-05-10,2.765625,2.8125,2.75,2.785156,1.6906034,69091200
1993-05-11,2.757813,2.773438,2.726563,2.742188,1.6645221,38220800
1993-05-12,2.734375,2.75,2.679688,2.695313,1.6360688,48272000
1993-05-13,2.679688,2.6875,2.640625,2.679688,1.6265839,43708800
1993-05-14,2.6875,2.710938,2.648438,2.671875,1.6218412,49116800
1993-05-17,2.679688,2.707031,2.664063,2.703125,1.6408103,27763200
1993-05-18,2.710938,2.773438,2.703125,2.765625,1.6787492,84185600
1993-05-19,2.835938,2.90625,2.796875,2.890625,1.754624,181017600
1993-05-20,2.882813,2.976563,2.875,2.941406,1.7854488,150256000
1993-05-21,2.921875,2.945313,2.875,2.890625,1.754624,75500800
1993-05-24,2.882813,2.9375,2.875,2.878906,1.7475107,64252800
1993-05-25,2.867188,2.875,2.8125,2.851563,1.7309127,36716800
1993-05-26,2.859375,2.976563,2.851563,2.976563,1.8067895,87484800
1993-05-27,2.96875,2.984375,2.90625,2.941406,1.7854488,95052800
1993-05-28,2.921875,2.929688,2.867188,2.894531,1.7569953,35136000
1993-06-01,2.90625,3.0625,2.898438,3.007813,1.8257574,173088000
1993-06-02,2.992188,3.046875,2.976563,2.992188,1.8162737,70710400
1993-06-03,2.992188,3,2.953125,2.957031,1.7949325,23936000
1993-06-04,2.9375,2.953125,2.921875,2.9375,1.7830774,32652800
1993-06-07,2.945313,2.992188,2.90625,2.914063,1.7688514,52761600
1993-06-08,2.90625,2.914063,2.835938,2.882813,1.7498814,48131200
1993-06-09,2.898438,2.90625,2.835938,2.84375,1.7261705,62480000
1993-06-10,2.851563,2.890625,2.796875,2.847656,1.7285419,56544000
1993-06-11,2.867188,2.890625,2.78125,2.792969,1.6953458,67542400
1993-06-14,2.84375,2.882813,2.820313,2.882813,1.7498814,40489600
1993-06-15,2.90625,2.90625,2.859375,2.890625,1.754624,42345600
1993-06-16,2.898438,2.914063,2.789063,2.851563,1.7309127,66966400
1993-06-17,2.859375,2.867188,2.828125,2.839844,1.7237991,28083200
1993-06-18,2.828125,2.851563,2.71875,2.734375,1.6597793,75910400
1993-06-21,2.773438,2.789063,2.71875,2.769531,1.6811197,68102400
1993-06-22,2.789063,2.804688,2.726563,2.75,1.6692644,41062400
1993-06-23,2.75,2.789063,2.742188,2.769531,1.6811197,33129600
1993-06-24,2.757813,2.796875,2.726563,2.765625,1.6787492,35782400
1993-06-25,2.765625,2.789063,2.710938,2.765625,1.6787492,45484800
1993-06-28,2.773438,2.820313,2.765625,2.820313,1.7119434,52224000
1993-06-29,2.820313,2.867188,2.765625,2.78125,1.6882331,42361600
1993-06-30,2.789063,2.820313,2.726563,2.75,1.6692644,56422400
1993-07-01,2.757813,2.765625,2.703125,2.722656,1.6526653,57907200
1993-07-02,2.726563,2.734375,2.703125,2.726563,1.6550379,25404800
1993-07-06,2.710938,2.742188,2.664063,2.6875,1.6313263,47721600
1993-07-07,2.566406,2.632813,2.539063,2.605469,1.5815331,182569600
1993-07-08,2.625,2.671875,2.625,2.652344,1.6099864,70105600
1993-07-09,2.65625,2.65625,2.609375,2.644531,1.6052436,50000000
1993-07-12,2.648438,2.648438,2.609375,2.617188,1.5886462,26540800
1993-07-13,2.625,2.625,2.578125,2.585938,1.5696772,36476800
1993-07-14,2.59375,2.671875,2.578125,2.632813,1.5981308,43491200
1993-07-15,2.632813,2.632813,2.585938,2.609375,1.583904,34432000
1993-07-16,2.601563,2.601563,2.523438,2.535156,1.5388525,86217600
1993-07-19,2.484375,2.507813,2.4375,2.460938,1.4938023,122435200
1993-07-20,2.476563,2.515625,2.4375,2.515625,1.5269967,74822400
1993-07-21,2.453125,2.46875,2.398438,2.46875,1.4985436,178963200
1993-07-22,2.523438,2.554688,2.398438,2.425781,1.4724612,147584000
1993-07-23,2.40625,2.445313,2.398438,2.425781,1.4724612,92790400
1993-07-26,2.445313,2.476563,2.429688,2.445313,1.4843169,65801600
1993-07-27,2.453125,2.460938,2.359375,2.359375,1.432153,112220800
1993-07-28,2.375,2.484375,2.335938,2.445313,1.4843169,113459200
1993-07-29,2.4375,2.523438,2.421875,2.46875,1.4985436,96534400
1993-07-30,2.28125,2.320313,2.25,2.3125,1.4036986,287936000
1993-08-02,2.335938,2.367188,2.257813,2.273438,1.3799882,148208000
1993-08-03,2.28125,2.289063,2.25,2.28125,1.3847301,85136000
1993-08-04,2.289063,2.304688,2.242188,2.28125,1.3847301,94416000
1993-08-05,2.296875,2.34375,2.289063,2.335938,1.4179263,67910400
1993-08-06,2.335938,2.371094,2.273438,2.289063,1.389473,71760000
1993-08-09,2.289063,2.3125,2.257813,2.28125,1.3847301,70876800
1993-08-10,2.28125,2.289063,2.199219,2.21875,1.3467926,192028800
1993-08-11,2.226563,2.28125,2.222656,2.261719,1.3728746,95974400
1993-08-12,2.265625,2.328125,2.257813,2.3125,1.4036986,77366400
1993-08-13,2.3125,2.367188,2.28125,2.351563,1.427411,61900800
1993-08-16,2.367188,2.445313,2.359375,2.429688,1.4748333,78451200
1993-08-17,2.4375,2.453125,2.375,2.414063,1.4653486,54272000
1993-08-18,2.429688,2.476563,2.390625,2.414063,1.4653486,66012800
1993-08-19,2.414063,2.433594,2.304688,2.320313,1.4084415,114742400
1993-08-20,2.296875,2.398438,2.289063,2.382813,1.4463798,73683200
1993-08-23,2.359375,2.445313,2.359375,2.40625,1.460606,59472000
1993-08-24,2.390625,2.40625,2.367188,2.371094,1.4392655,39417600
1993-08-25,2.34375,2.375,2.277344,2.320313,1.4084415,68800000
1993-08-26,2.296875,2.304688,2.234375,2.253906,1.3681316,136256000
1993-08-27,2.257813,2.265625,2.226563,2.246094,1.3633908,67763200
1993-08-30,2.265625,2.289063,2.242188,2.269531,1.3776164,54012800
1993-08-31,2.304688,2.359375,2.296875,2.347656,1.4250394,93020800
1993-09-01,2.351563,2.414063,2.34375,2.398438,1.4558636,86035200
1993-09-02,2.414063,2.453125,2.378906,2.394531,1.4534918,55497600
1993-09-03,2.390625,2.398438,2.351563,2.367188,1.4368944,26800000
1993-09-07,2.367188,2.382813,2.320313,2.335938,1.4179263,38659200
1993-09-08,2.3125,2.335938,2.289063,2.328125,1.413183,54777600
1993-09-09,2.34375,2.390625,2.328125,2.382813,1.4463798,29856000
1993-09-10,2.40625,2.445313,2.382813,2.4375,1.4795747,56540800
1993-09-13,2.453125,2.453125,2.382813,2.386719,1.4487509,33481600
1993-09-14,2.375,2.382813,2.320313,2.351563,1.427411,57756800
1993-09-15,2.367188,2.398438,2.324219,2.390625,1.4511217,60428800
1993-09-16,2.398438,2.414063,2.367188,2.375,1.4416372,25641600
1993-09-17,2.359375,2.390625,2.351563,2.375,1.4416372,25286400
1993-09-20,2.382813,2.429688,2.34375,2.363281,1.4345239,34691200
1993-09-21,2.359375,2.417969,2.335938,2.375,1.4416372,57846400
1993-09-22,2.375,2.4375,2.351563,2.414063,1.4653486,72051200
1993-09-23,2.414063,2.476563,2.398438,2.460938,1.4938023,72214400
1993-09-24,2.453125,2.523438,2.453125,2.5,1.5175122,91481600
1993-09-27,2.554688,2.578125,2.539063,2.570313,1.5601927,73472000
1993-09-28,2.570313,2.632813,2.570313,2.625,1.5933878,84012800
1993-09-29,2.617188,2.625,2.523438,2.59375,1.5744188,87529600
1993-09-30,2.585938,2.601563,2.570313,2.578125,1.5649339,38400000
1993-10-01,2.578125,2.601563,2.5625,2.5625,1.5554501,46048000
1993-10-04,2.578125,2.625,2.578125,2.582031,1.5673063,40505600
1993-10-05,2.585938,2.648438,2.578125,2.601563,1.5791613,86931200
1993-10-06,2.601563,2.671875,2.59375,2.652344,1.6099864,77321600
1993-10-07,2.65625,2.679688,2.617188,2.628906,1.5957605,41596800
1993-10-08,2.632813,2.648438,2.570313,2.640625,1.6028731,38086400
1993-10-11,2.640625,2.648438,2.570313,2.625,1.5933878,36457600
1993-10-12,2.632813,2.664063,2.570313,2.632813,1.5981308,79296000
1993-10-13,2.617188,2.632813,2.539063,2.601563,1.5791613,62409600
1993-10-14,2.617188,2.625,2.5625,2.566406,1.5578216,63257600
1993-10-15,2.570313,2.59375,2.507813,2.523438,1.5317395,126425600
1993-10-18,2.53125,2.601563,2.523438,2.59375,1.5744188,67750400
1993-10-19,2.5625,2.625,2.484375,2.507813,1.5222552,91392000
1993-10-20,2.515625,2.554688,2.476563,2.53125,1.5364816,81590400
1993-10-21,2.460938,2.5,2.4375,2.484375,1.5080286,127142400
1993-10-22,2.476563,2.523438,2.476563,2.511719,1.5246258,47625600
1993-10-25,2.515625,2.539063,2.46875,2.515625,1.5269967,48553600
1993-10-26,2.515625,2.523438,2.476563,2.484375,1.5080286,66944000
1993-10-27,2.484375,2.515625,2.484375,2.496094,1.5151415,45564800
1993-10-28,2.492188,2.515625,2.460938,2.46875,1.4985436,56009600
1993-10-29,2.484375,2.507813,2.476563,2.503906,1.519884,39843200
1993-11-01,2.507813,2.546875,2.492188,2.527344,1.5341105,30163200
1993-11-02,2.539063,2.546875,2.484375,2.507813,1.5222552,42422400
1993-11-03,2.5,2.515625,2.429688,2.453125,1.4890597,56796800
1993-11-04,2.460938,2.46875,2.390625,2.390625,1.4511217,63177600
1993-11-05,2.382813,2.46875,2.375,2.460938,1.4938023,56432000
1993-11-08,2.46875,2.484375,2.429688,2.453125,1.4890597,28819200
1993-11-09,2.46875,2.5,2.4375,2.445313,1.4843169,36320000
1993-11-10,2.5,2.550781,2.46875,2.542969,1.5435956,57177600
1993-11-11,2.539063,2.578125,2.53125,2.550781,1.5483369,31158400
1993-11-12,2.554688,2.578125,2.554688,2.558594,1.5530788,34339200
1993-11-15,2.5625,2.5625,2.515625,2.515625,1.5269967,29244800
1993-11-16,2.53125,2.585938,2.515625,2.570313,1.5601927,47664000
1993-11-17,2.585938,2.59375,2.523438,2.523438,1.5317395,72217600
1993-11-18,2.523438,2.546875,2.5,2.507813,1.5222552,48438400
1993-11-19,2.492188,2.507813,2.484375,2.503906,1.519884,38403200
1993-11-22,2.492188,2.492188,2.390625,2.40625,1.460606,80355200
1993-11-23,2.429688,2.453125,2.414063,2.417969,1.4677194,98256000
1993-11-24,2.421875,2.492188,2.421875,2.460938,1.4938023,32467200
1993-11-26,2.46875,2.476563,2.460938,2.46875,1.4985436,6403200
1993-11-29,2.46875,2.5,2.46875,2.484375,1.5080286,32105600
1993-11-30,2.453125,2.515625,2.445313,2.5,1.5175122,44153600
1993-12-01,2.515625,2.570313,2.515625,2.546875,1.5459659,58886400
1993-12-02,2.5625,2.59375,2.554688,2.589844,1.5720483,51936000
1993-12-03,2.617188,2.703125,2.609375,2.679688,1.6265839,114502400
1993-12-06,2.65625,2.671875,2.625,2.652344,1.6099864,59337600
1993-12-07,2.65625,2.6875,2.65625,2.671875,1.6218412,32780800
1993-12-08,2.59375,2.617188,2.570313,2.609375,1.583904,105900800
1993-12-09,2.609375,2.609375,2.515625,2.535156,1.5388525,61465600
1993-12-10,2.539063,2.570313,2.523438,2.558594,1.5530788,19916800
1993-12-13,2.546875,2.5625,2.523438,2.542969,1.5435956,20112000
1993-12-14,2.53125,2.546875,2.476563,2.5,1.5175122,47414400
1993-12-15,2.5,2.53125,2.492188,2.492188,1.5127701,35219200
1993-12-16,2.5,2.53125,2.492188,2.5,1.5175122,29113600
1993-12-17,2.515625,2.515625,2.492188,2.515625,1.5269967,26112000
1993-12-20,2.53125,2.5625,2.515625,2.5625,1.5554501,35462400
1993-12-21,2.5625,2.578125,2.546875,2.578125,1.5649339,31008000
1993-12-22,2.570313,2.578125,2.53125,2.535156,1.5388525,24169600
1993-12-23,2.53125,2.570313,2.523438,2.527344,1.5341105,31820800
1993-12-27,2.523438,2.539063,2.492188,2.515625,1.5269967,24537600
1993-12-28,2.515625,2.59375,2.515625,2.585938,1.5696772,27776000
1993-12-29,2.585938,2.609375,2.515625,2.546875,1.5459659,48988800
1993-12-30,2.554688,2.570313,2.523438,2.539063,1.541224,25328000
1993-12-31,2.53125,2.546875,2.507813,2.519531,1.5293676,22995200
1994-01-03,2.515625,2.523438,2.476563,2.503906,1.519884,36646400
1994-01-04,2.507813,2.523438,2.476563,2.515625,1.5269967,45302400
1994-01-05,2.507813,2.578125,2.5,2.570313,1.5601927,53974400
1994-01-06,2.582031,2.648438,2.578125,2.644531,1.6052436,82006400
1994-01-07,2.632813,2.679688,2.601563,2.664063,1.6170995,70832000
1994-01-10,2.65625,2.703125,2.65625,2.679688,1.6265839,74185600
1994-01-11,2.65625,2.6875,2.636719,2.664063,1.6170995,35360000
1994-01-12,2.65625,2.679688,2.617188,2.671875,1.6218412,39488000
1994-01-13,2.648438,2.671875,2.625,2.667969,1.6194706,40755200
1994-01-14,2.671875,2.6875,2.648438,2.675781,1.6242124,45216000
1994-01-17,2.664063,2.6875,2.640625,2.648438,1.6076156,30755200
1994-01-18,2.664063,2.671875,2.625,2.644531,1.6052436,43686400
1994-01-19,2.617188,2.632813,2.578125,2.601563,1.5791613,76563200
1994-01-20,2.601563,2.699219,2.601563,2.695313,1.6360688,145004800
1994-01-21,2.695313,2.71875,2.65625,2.695313,1.6360688,99078400
1994-01-24,2.6875,2.71875,2.65625,2.664063,1.6170995,38374400
1994-01-25,2.664063,2.667969,2.625,2.660156,1.6147274,70361600
1994-01-26,2.65625,2.65625,2.625,2.632813,1.5981308,50489600
1994-01-27,2.625,2.648438,2.601563,2.632813,1.5981308,51129600
1994-01-28,2.640625,2.671875,2.632813,2.652344,1.6099864,41875200
1994-01-31,2.664063,2.683594,2.648438,2.660156,1.6147274,62566400
1994-02-01,2.65625,2.679688,2.640625,2.660156,1.6147274,44003200
1994-02-02,2.648438,2.671875,2.625,2.625,1.5933878,40924800
1994-02-03,2.632813,2.640625,2.609375,2.640625,1.6028731,31792000
1994-02-04,2.625,2.640625,2.539063,2.539063,1.541224,78217600
1994-02-07,2.492188,2.539063,2.484375,2.523438,1.5317395,118851200
1994-02-08,2.515625,2.515625,2.4375,2.460938,1.4938023,149875200
1994-02-09,2.453125,2.507813,2.4375,2.488281,1.5103991,98585600
1994-02-10,2.492188,2.523438,2.46875,2.480469,1.5056577,66620800
1994-02-11,2.476563,2.484375,2.4375,2.460938,1.4938023,53747200
1994-02-14,2.46875,2.484375,2.460938,2.472656,1.5009145,55270400
1994-02-15,2.492188,2.507813,2.476563,2.492188,1.5127701,28876800
1994-02-16,2.507813,2.507813,2.460938,2.460938,1.4938023,43731200
1994-02-17,2.46875,2.484375,2.4375,2.457031,1.4914311,85017600
1994-02-18,2.453125,2.523438,2.453125,2.5,1.5175122,79465600
1994-02-22,2.5,2.507813,2.453125,2.484375,1.5080286,63235200
1994-02-23,2.492188,2.5625,2.445313,2.53125,1.5364816,139462400
1994-02-24,2.5,2.523438,2.476563,2.496094,1.5151415,82553600
1994-02-25,2.507813,2.539063,2.492188,2.53125,1.5364816,52995200
1994-02-28,2.539063,2.59375,2.53125,2.578125,1.5649339,55494400
1994-03-01,2.59375,2.601563,2.570313,2.601563,1.5791613,48070400
1994-03-02,2.554688,2.59375,2.53125,2.585938,1.5696772,68499200
1994-03-03,2.59375,2.601563,2.515625,2.53125,1.5364816,31564800
1994-03-04,2.53125,2.546875,2.515625,2.53125,1.5364816,25705600
1994-03-07,2.539063,2.570313,2.523438,2.539063,1.541224,30540800
1994-03-08,2.539063,2.539063,2.492188,2.53125,1.5364816,24723200
1994-03-09,2.539063,2.554688,2.5,2.527344,1.5341105,37024000
1994-03-10,2.546875,2.570313,2.515625,2.527344,1.5341105,46588800
1994-03-11,2.53125,2.570313,2.523438,2.554688,1.5507092,34857600
1994-03-14,2.578125,2.632813,2.570313,2.621094,1.5910174,69203200
1994-03-15,2.625,2.664063,2.609375,2.652344,1.6099864,62934400
1994-03-16,2.65625,2.664063,2.640625,2.648438,1.6076156,41286400
1994-03-17,2.648438,2.664063,2.640625,2.640625,1.6028731,30992000
1994-03-18,2.640625,2.65625,2.609375,2.648438,1.6076156,36857600
1994-03-21,2.65625,2.667969,2.59375,2.601563,1.5791613,65078400
1994-03-22,2.570313,2.679688,2.570313,2.648438,1.6076156,89024000
1994-03-23,2.664063,2.734375,2.65625,2.695313,1.6360688,116441600
1994-03-24,2.679688,2.726563,2.65625,2.726563,1.6550379,60166400
1994-03-25,2.71875,2.789063,2.71875,2.734375,1.6597793,102051200
1994-03-28,2.734375,2.75,2.617188,2.699219,1.6384392,118403200
1994-03-29,2.703125,2.703125,2.578125,2.578125,1.5649339,78339200
1994-03-30,2.585938,2.65625,2.578125,2.613281,1.5862749,86860800
1994-03-31,2.609375,2.679688,2.578125,2.648438,1.6076156,72297600
1994-04-04,2.578125,2.679688,2.5625,2.640625,1.6028731,73996800
1994-04-05,2.664063,2.742188,2.65625,2.742188,1.6645221,101878400
1994-04-06,2.734375,2.789063,2.726563,2.78125,1.6882331,80780800
1994-04-07,2.789063,2.816406,2.773438,2.804688,1.7024591,76630400
1994-04-08,2.804688,2.8125,2.710938,2.71875,1.650295,118710400
1994-04-11,2.71875,2.726563,2.6875,2.71875,1.650295,40400000
1994-04-12,2.710938,2.710938,2.625,2.648438,1.6076156,84969600
1994-04-13,2.648438,2.671875,2.59375,2.652344,1.6099864,69644800
1994-04-14,2.640625,2.664063,2.617188,2.628906,1.5957605,53088000
1994-04-15,2.609375,2.664063,2.609375,2.652344,1.6099864,35241600
1994-04-18,2.648438,2.679688,2.570313,2.59375,1.5744188,78006400
1994-04-19,2.71875,2.796875,2.679688,2.753906,1.6716354,291273600
1994-04-20,2.765625,2.800781,2.71875,2.796875,1.6977178,104732800
1994-04-21,2.796875,2.867188,2.789063,2.859375,1.7356552,141980800
1994-04-22,2.875,2.898438,2.835938,2.867188,1.7403976,66060800
1994-04-25,2.875,2.945313,2.859375,2.929688,1.7783347,142745600
1994-04-26,2.953125,2.976563,2.9375,2.9667971,1.8008603,113193600
1994-04-28,2.976563,2.976563,2.867188,2.878906,1.7475107,141382400
1994-04-29,2.875,2.921875,2.851563,2.890625,1.754624,56803200
1994-05-02,2.898438,2.9863279,2.875,2.984375,1.8115305,79260800
1994-05-03,2.976563,2.984375,2.914063,2.921875,1.7735929,41929600
1994-05-04,2.929688,2.976563,2.898438,2.972656,1.804417,68889600
1994-05-05,2.976563,3.007813,2.9375,2.949219,1.7901902,56374400
1994-05-06,2.914063,2.945313,2.839844,2.890625,1.754624,96403200
1994-05-09,2.867188,2.925781,2.863281,2.882813,1.7498814,47600000
1994-05-10,2.90625,2.953125,2.898438,2.9375,1.7830774,65305600
1994-05-11,2.9375,2.945313,2.898438,2.921875,1.7735929,57433600
1994-05-12,2.921875,2.9780271,2.914063,2.953125,1.7925614,58998400
1994-05-13,3.046875,3.046875,2.953125,3.015625,1.8304998,179920000
1994-05-16,3.007813,3.023438,2.960938,2.96875,1.8020465,56633600
1994-05-17,2.96875,2.976563,2.921875,2.957031,1.7949325,122464000
1994-05-18,2.976563,3.046875,2.960938,3.0332029,1.8411689,96953600
1994-05-19,3.039063,3.09375,3.03125,3.074219,1.8660666,89651200
1994-05-20,3.0625,3.101563,3.039063,3.054688,1.8542106,78140800
1994-05-23,3.0625,3.1875,3.03125,3.160156,1.9182304,74947200
1994-05-24,3.203125,3.242188,3.140625,3.195313,1.9395705,85144000
1994-05-25,3.1875,3.296875,3.140625,3.28125,1.9917359,86003200
1994-05-26,3.296875,3.296875,3.203125,3.25,1.9727665,64296000
1994-05-27,3.234375,3.296875,3.203125,3.273438,1.9869927,47544000
1994-05-31,3.265625,3.360352,3.242188,3.359375,2.0391564,76000000
1994-06-01,3.34375,3.34375,3.273438,3.3125,2.010704,100764800
1994-06-02,3.328125,3.335938,3.25,3.265625,1.9822518,60291200
1994-06-03,3.28125,3.34375,3.265625,3.304688,2.0059626,86841600
1994-06-06,3.289063,3.414063,3.234375,3.40625,2.0676107,764504000
1994-06-07,3.375,3.390625,3.34375,3.351563,2.0344145,166171200
1994-06-08,3.351563,3.351563,3.226563,3.25,1.9727665,203835200
1994-06-09,3.242188,3.285156,3.234375,3.265625,1.9822518,79356800
1994-06-10,3.265625,3.3125,3.242188,3.285156,1.9941059,53726400
1994-06-13,3.289063,3.335938,3.242188,3.304688,2.0059626,56628800
1994-06-14,3.320313,3.382813,3.3125,3.347656,2.0320439,59249600
1994-06-15,3.351563,3.414063,3.328125,3.390625,2.0581269,58860800
1994-06-16,3.390625,3.390625,3.34375,3.347656,2.0320439,48478400
1994-06-17,3.34375,3.351563,3.304688,3.3125,2.010704,47622400
1994-06-20,3.28125,3.34375,3.273438,3.34375,2.0296726,45668800
1994-06-21,3.257813,3.335938,3.25,3.289063,1.9964776,86995200
1994-06-22,3.296875,3.3125,3.203125,3.21875,1.953797,82924800
1994-06-23,3.21875,3.265625,3.125,3.132813,1.9016334,85979200
1994-06-24,3.125,3.148438,3.078125,3.09375,1.8779224,81454400
1994-06-27,3.109375,3.257813,3.085938,3.242188,1.9680241,76161600
1994-06-28,3.25,3.296875,3.136719,3.207031,1.9466835,99417600
1994-06-29,3.210938,3.242188,3.179688,3.210938,1.9490566,53435200
1994-06-30,3.234375,3.257813,3.1875,3.226563,1.95854,40827200
1994-07-01,3.226563,3.234375,3.1162109,3.140625,1.9063751,66622400
1994-07-05,3.148438,3.1875,3.0625,3.070313,1.8636953,40430400
1994-07-06,3.035156,3.0625,2.984375,3.019531,1.8328706,89254400
1994-07-07,3.03125,3.15625,2.996094,3.148438,1.9111181,89667200
1994-07-08,3.117188,3.179688,3.070313,3.09375,1.8779224,48945600
1994-07-11,3.101563,3.101563,2.984375,3.023438,1.8352423,85406400
1994-07-12,3.015625,3.015625,2.929688,3,1.8210156,83752000
1994-07-13,3.015625,3.09375,2.992188,3.09375,1.8779224,82956800
1994-07-14,3.085938,3.101563,3.023438,3.046875,1.8494686,81446400
1994-07-15,3.046875,3.085938,3,3.039063,1.8447263,45520000
1994-07-18,3.21875,3.234375,3.09375,3.15625,1.9158589,150499200
1994-07-19,3.164063,3.164063,3.101563,3.132813,1.9016334,70126400
1994-07-20,3.125,3.125,2.992188,3.023438,1.8352423,112604800
1994-07-21,3.039063,3.054688,2.96875,2.984375,1.8115305,85740800
1994-07-22,3.03125,3.171875,2.953125,3.160156,1.9182304,152916800
1994-07-25,3.164063,3.226563,3.140625,3.199219,1.9419416,51513600
1994-07-26,3.195313,3.203125,3.109375,3.148438,1.9111181,54308800
1994-07-27,3.148438,3.148438,3.09375,3.09375,1.8779224,29291200
1994-07-28,3.09375,3.140625,3.078125,3.09375,1.8779224,39899200
1994-07-29,3.117188,3.226563,3.101563,3.21875,1.953797,67064000
1994-08-01,3.226563,3.351563,3.21875,3.335938,2.0249312,83934400
1994-08-02,3.359375,3.414063,3.289063,3.300781,2.0035911,95249600
1994-08-03,3.359375,3.375,3.320313,3.335938,2.0249312,58771200
1994-08-04,3.34375,3.351563,3.296875,3.296875,2.00122,40192000
1994-08-05,3.289063,3.304688,3.265625,3.28125,1.9917359,31204800
1994-08-08,3.273438,3.3125,3.25,3.3125,2.010704,34537600
1994-08-09,3.3125,3.367188,3.296875,3.34375,2.0296726,40198400
1994-08-10,3.34375,3.398438,3.328125,3.382813,2.0533845,48646400
1994-08-11,3.367188,3.5,3.367188,3.453125,2.0960641,81428800
1994-08-12,3.460938,3.476563,3.429688,3.453125,2.0960641,38088000
1994-08-15,3.46875,3.46875,3.398438,3.402344,2.0652397,36113600
1994-08-16,3.429688,3.445313,3.375,3.429688,2.0818374,56779200
1994-08-17,3.460938,3.515625,3.445313,3.492188,2.1197755,79790400
1994-08-18,3.492188,3.523438,3.460938,3.46875,2.1055486,61276800
1994-08-19,3.492188,3.5,3.421875,3.429688,2.0818374,74761600
1994-08-22,3.4375,3.4375,3.40625,3.414063,2.0723536,62835200
1994-08-23,3.414063,3.523438,3.40625,3.46875,2.1055486,58363200
1994-08-24,3.46875,3.5,3.46875,3.484375,2.1150331,35246400
1994-08-25,3.492188,3.546875,3.484375,3.511719,2.1316311,55174400
1994-08-26,3.523438,3.609375,3.515625,3.554688,2.1577141,60961600
1994-08-29,3.585938,3.632813,3.5625,3.566406,2.1648271,56625600
1994-08-30,3.5625,3.65625,3.539063,3.648438,2.2146196,39851200
1994-08-31,3.648438,3.703125,3.609375,3.632813,2.2051349,60968000
1994-09-01,3.5625,3.5625,3.484375,3.507813,2.1292596,115568000
1994-09-02,3.53125,3.53125,3.484375,3.5,2.1245167,46964800
1994-09-06,3.492188,3.515625,3.480469,3.5,2.1245167,28804800
1994-09-07,3.515625,3.613281,3.507813,3.554688,2.1577141,43588800
1994-09-08,3.5625,3.625,3.5625,3.621094,2.1980228,28377600
1994-09-09,3.507813,3.617188,3.492188,3.554688,2.1577141,60800000
1994-09-12,3.570313,3.570313,3.492188,3.507813,2.1292596,36238400
1994-09-13,3.523438,3.617188,3.523438,3.597656,2.1837959,41134400
1994-09-14,3.609375,3.632813,3.59375,3.601563,2.1861668,29968000
1994-09-15,3.601563,3.640625,3.585938,3.640625,2.2098782,40640000
1994-09-16,3.625,3.632813,3.546875,3.554688,2.1577141,52921600
1994-09-19,3.570313,3.578125,3.539063,3.554688,2.1577141,48350400
1994-09-20,3.554688,3.570313,3.496094,3.5,2.1245167,40276800
1994-09-21,3.519531,3.585938,3.4375,3.578125,2.1719396,82948800
1994-09-22,3.578125,3.59375,3.539063,3.5625,2.1624556,44320000
1994-09-23,3.554688,3.59375,3.5,3.5,2.1245167,48371200
1994-09-26,3.5,3.5,3.453125,3.472656,2.1079192,29921600
1994-09-27,3.46875,3.53125,3.429688,3.53125,2.1434863,50585600
1994-09-28,3.539063,3.59375,3.53125,3.5625,2.1624556,33355200
1994-09-29,3.554688,3.578125,3.523438,3.53125,2.1434863,27105600
1994-09-30,3.53125,3.59375,3.507813,3.507813,2.1292596,34608000
1994-10-03,3.507813,3.523438,3.46875,3.492188,2.1197755,28833600
1994-10-04,3.5,3.507813,3.429688,3.4375,2.0865805,42622400
1994-10-05,3.429688,3.492188,3.382813,3.46875,2.1055486,50985600
1994-10-06,3.46875,3.492188,3.390625,3.40625,2.0676107,40790400
1994-10-07,3.414063,3.429688,3.367188,3.398438,2.0628688,51518400
1994-10-10,3.398438,3.460938,3.398438,3.421875,2.0770955,39480000
1994-10-11,3.445313,3.539063,3.445313,3.488281,2.1174047,55692800
1994-10-12,3.492188,3.53125,3.484375,3.515625,2.1340027,27912000
1994-10-13,3.539063,3.609375,3.539063,3.578125,2.1719396,63033600
1994-10-14,3.578125,3.585938,3.449219,3.496094,2.1221466,99878400
1994-10-17,3.5,3.515625,3.4375,3.445313,2.0913227,31160000
1994-10-18,3.453125,3.546875,3.441406,3.539063,2.1482289,52686400
1994-10-19,3.539063,3.625,3.515625,3.601563,2.1861668,59488000
1994-10-20,3.640625,3.742188,3.617188,3.726563,2.262043,136558400
1994-10-21,3.703125,3.726563,3.648438,3.710938,2.2525587,67099200
1994-10-24,3.71875,3.71875,3.648438,3.679688,2.233588,57145600
1994-10-25,3.671875,3.734375,3.648438,3.730469,2.2644143,44780800
1994-10-26,3.742188,3.820313,3.734375,3.8125,2.3142073,97904000
1994-10-27,3.820313,3.851563,3.796875,3.851563,2.3379183,41238400
1994-10-28,3.851563,3.898438,3.835938,3.882813,2.3568864,58414400
1994-10-31,3.890625,3.984375,3.875,3.9375,2.3900819,59932800
1994-11-01,3.921875,3.929688,3.882813,3.921875,2.3805985,39624000
1994-11-02,3.921875,4.007813,3.90625,3.9375,2.3900819,61408000
1994-11-03,3.9375,3.953125,3.898438,3.914063,2.3758569,63441600
1994-11-04,3.914063,3.945313,3.832031,3.84375,2.3331764,46947200
1994-11-07,3.84375,3.875,3.804688,3.867188,2.3474021,47094400
1994-11-08,3.867188,3.992188,3.855469,3.976563,2.4137938,43328000
1994-11-09,4.015625,4.039063,3.945313,3.984375,2.4185367,60206400
1994-11-10,3.96875,4.023438,3.96875,3.980469,2.4161644,24689600
1994-11-11,3.890625,3.917969,3.796875,3.890625,2.3616288,132899200
1994-11-14,3.921875,4.03125,3.921875,4.03125,2.4469893,48934400
1994-11-15,4.03125,4.070313,4.015625,4.0351558,2.4493601,52544000
1994-11-16,4.046875,4.054688,4.03125,4.039063,2.451731,30196800
1994-11-17,4.039063,4.046875,3.992188,4.015625,2.4375048,33232000
1994-11-18,4.007813,4.046875,4,4.007813,2.4327626,25694400
1994-11-21,4.03125,4.046875,3.960938,3.96875,2.4090512,35560000
1994-11-22,3.953125,3.992188,3.867188,3.875,2.3521445,56358400
1994-11-23,3.851563,3.878906,3.816406,3.84375,2.3331764,87507200
1994-11-25,3.859375,3.898438,3.851563,3.890625,2.3616288,12563200
1994-11-28,3.90625,3.96875,3.890625,3.960938,2.4043102,43449600
1994-11-29,3.976563,4.023438,3.96875,4.007813,2.4327626,37673600
1994-11-30,4.015625,4.015625,3.921875,3.929688,2.3853402,40934400
1994-12-01,3.914063,3.9628911,3.90625,3.910156,2.3734841,43096000
1994-12-02,3.921875,3.953125,3.875,3.953125,2.3995664,37715200
1994-12-05,3.960938,4.015625,3.945313,3.957031,2.4019375,38166400
1994-12-06,3.953125,4.007813,3.9375,3.960938,2.4043102,38830400
1994-12-07,3.96875,3.992188,3.9375,3.9375,2.3900819,36744000
1994-12-08,3.945313,3.984375,3.890625,3.90625,2.3711135,41934400
1994-12-09,3.90625,3.953125,3.890625,3.945313,2.3948252,79956800
1994-12-12,3.945313,3.96875,3.851563,3.945313,2.3948252,65313600
1994-12-13,3.960938,3.96875,3.890625,3.921875,2.3805985,30219200
1994-12-14,3.90625,3.976563,3.90625,3.953125,2.3995664,33641600
1994-12-15,3.960938,4.007813,3.9375,3.96875,2.4090512,28854400
1994-12-16,3.976563,4.015625,3.9501951,3.960938,2.4043102,54020800
1994-12-19,3.960938,3.976563,3.90625,3.914063,2.3758569,31507200
1994-12-20,3.914063,3.921875,3.671875,3.742188,2.2715282,253456000
1994-12-21,3.765625,3.851563,3.757813,3.84375,2.3331764,69395200
1994-12-22,3.84375,3.875,3.765625,3.789063,2.2999804,57355200
1994-12-23,3.789063,3.835938,3.773438,3.804688,2.3094649,19486400
1994-12-27,3.8125,3.851563,3.789063,3.796875,2.3047221,20566400
1994-12-28,3.796875,3.8125,3.75,3.8125,2.3142073,34961600
1994-12-29,3.804688,3.867188,3.789063,3.863281,2.3450315,23446400
1994-12-30,3.867188,3.867188,3.820313,3.820313,2.3189495,20686400
1995-01-03,3.84375,3.84375,3.757813,3.761719,2.2833822,39545600
1995-01-04,3.765625,3.796875,3.71875,3.789063,2.2999804,51611200
1995-01-05,3.804688,3.8125,3.710938,3.726563,2.262043,39824000
1995-01-06,3.742188,3.828125,3.734375,3.789063,2.2999804,46681600
1995-01-09,3.804688,3.8125,3.734375,3.765625,2.2857535,46000000
1995-01-10,3.789063,3.84375,3.78125,3.8125,2.3142073,42184000
1995-01-11,3.820313,3.859375,3.796875,3.835938,2.3284326,31512000
1995-01-12,3.828125,3.882813,3.8125,3.828125,2.3236909,26996800
1995-01-13,3.875,3.9375,3.867188,3.921875,2.3805985,41307200
1995-01-16,3.953125,4.03125,3.9375,4.007813,2.4327626,74648000
1995-01-17,4.046875,4.070313,4.023438,4.039063,2.451731,73932800
1995-01-18,4.054688,4.078125,4.015625,4.0664058,2.4683287,50504000
1995-01-19,4.03125,4.0625,3.964844,3.96875,2.4090512,67108800
1995-01-20,3.929688,3.96875,3.828125,3.851563,2.3379183,82388800
1995-01-23,3.8125,3.9375,3.78125,3.925781,2.3829689,53843200
1995-01-24,3.9375,3.945313,3.875,3.875977,2.3527377,36739200
1995-01-25,3.851563,3.890625,3.8125,3.859375,2.3426597,52459200
1995-01-26,3.804688,3.8125,3.734375,3.742188,2.2715282,80836800
1995-01-27,3.757813,3.765625,3.734375,3.742188,2.2715282,58376000
1995-01-30,3.757813,3.757813,3.679688,3.6875,2.2383316,55164800
1995-01-31,3.695313,3.734375,3.640625,3.710938,2.2525587,59945600
1995-02-01,3.710938,3.796875,3.686523,3.695313,2.2430737,66705600
1995-02-02,3.671875,3.710938,3.648438,3.6875,2.2383316,46312000
1995-02-03,3.71875,3.78125,3.703125,3.757813,2.2810118,60332800
1995-02-06,3.757813,3.820313,3.757813,3.804688,2.3094649,48345600
1995-02-07,3.796875,3.820313,3.789063,3.8125,2.3142073,33152000
1995-02-08,3.828125,3.875,3.8125,3.867188,2.3474021,49150400
1995-02-09,3.882813,3.90625,3.859375,3.867188,2.3474021,42398400
1995-02-10,3.875,3.914063,3.84375,3.875,2.3521445,49862400
1995-02-13,3.875,3.921875,3.851563,3.875,2.3521445,38160000
1995-02-14,3.882813,3.890625,3.84375,3.867188,2.3474021,31121600
1995-02-15,3.757813,3.835938,3.726563,3.796875,2.3047221,147001600
1995-02-16,3.804688,3.820313,3.765625,3.804688,2.3094649,56744000
1995-02-17,3.796875,3.804688,3.765625,3.773438,2.2904961,37824000
1995-02-21,3.78125,3.796875,3.71875,3.734375,2.2667842,55392000
1995-02-22,3.734375,3.875,3.726563,3.84375,2.3331764,60902400
1995-02-23,3.828125,3.882813,3.8125,3.851563,2.3379183,59939200
1995-02-24,3.835938,3.867188,3.828125,3.828125,2.3236909,34177600
1995-02-27,3.835938,3.875,3.820313,3.859375,2.3426597,28592000
1995-02-28,3.867188,3.953125,3.859375,3.9375,2.3900819,52544000
1995-03-01,3.945313,4,3.921875,3.953125,2.3995664,52032000
1995-03-02,3.953125,3.984375,3.945313,3.984375,2.4185367,26038400
1995-03-03,3.976563,3.992188,3.945313,3.976563,2.4137938,31776000
1995-03-06,3.953125,4.023438,3.929688,4.0195308,2.4398761,45156800
1995-03-07,4.023438,4.125977,4.015625,4.0839839,2.4789989,91750400
1995-03-08,4.109375,4.289063,4.109375,4.28125,2.5987406,140096000
1995-03-09,4.28125,4.296875,4.179688,4.242188,2.5750296,58238400
1995-03-10,4.242188,4.296875,4.15625,4.2851558,2.6011105,44324800
1995-03-13,4.289063,4.3554692,4.265625,4.3125,2.6177094,34550400
1995-03-14,4.335938,4.5,4.328125,4.484375,2.7220371,78643200
1995-03-15,4.484375,4.492188,4.398438,4.40625,2.6746156,57294400
1995-03-16,4.375,4.40625,4.351563,4.382813,2.6603904,47510400
1995-03-17,4.40625,4.484375,4.367188,4.3710942,2.6532764,59868800
1995-03-20,4.382813,4.46875,4.375,4.445313,2.6983256,37772800
1995-03-21,4.453125,4.46875,4.398438,4.4023442,2.6722457,74772800
1995-03-22,4.40625,4.4375,4.367188,4.4335942,2.6912141,52464000
1995-03-23,4.460938,4.578125,4.453125,4.546875,2.7599759,105286400
1995-03-24,4.578125,4.632813,4.570313,4.617188,2.8026567,65683200
1995-03-27,4.546875,4.617188,4.539063,4.5625,2.7694602,61008000
1995-03-28,4.554688,4.625,4.554688,4.601563,2.7931726,47603200
1995-03-29,4.601563,4.625,4.5039058,4.515625,2.7410066,65763200
1995-03-30,4.53125,4.546875,4.398438,4.507813,2.736264,75011200
1995-03-31,4.484375,4.507813,4.40625,4.445313,2.6983256,63080000
1995-04-03,4.4375,4.460938,4.34375,4.375,2.6556461,65617600
1995-04-04,4.390625,4.46875,4.359375,4.367188,2.6509061,66689600
1995-04-05,4.367188,4.414063,4.296875,4.414063,2.6793587,65792000
1995-04-06,4.414063,4.429688,4.3398442,4.375,2.6556461,35414400
1995-04-07,4.390625,4.421875,4.34375,4.351563,2.6414206,43148800
1995-04-10,4.34375,4.453125,4.335938,4.4335942,2.6912141,43169600
1995-04-11,4.476563,4.5087891,4.445313,4.507813,2.736264,43624000
1995-04-12,4.507813,4.578125,4.421875,4.476563,2.7172968,40430400
1995-04-13,4.484375,4.53125,4.445313,4.53125,2.7504921,32814400
1995-04-17,4.71875,4.882813,4.71875,4.835938,2.9354389,187913600
1995-04-18,4.835938,4.84375,4.75,4.796875,2.9117265,75609600
1995-04-19,4.789063,4.8125,4.71875,4.757813,2.8880167,59163200
1995-04-20,4.78125,4.804688,4.625,4.703125,2.854821,83913600
1995-04-21,4.726563,4.742188,4.679688,4.6875,2.8453376,53555200
1995-04-24,4.710938,4.860352,4.695313,4.859375,2.949666,68089600
1995-04-25,4.851563,5.007813,4.851563,5,3.0350244,69371200
1995-04-26,4.984375,5.015625,4.945313,4.976563,3.0207984,44305600
1995-04-27,4.976563,5.03125,4.773438,4.914063,2.9828622,128844800
1995-04-28,4.929688,5.132813,4.914063,5.109375,3.101418,92104000
1995-05-01,5.117188,5.234375,5.109375,5.132813,3.115644,65550400
1995-05-02,5.132813,5.140625,4.96875,4.9726558,3.0184283,78099200
1995-05-03,5.015625,5.0625,5.015625,5.054688,3.0682211,61566400
1995-05-04,5.09375,5.203125,5.0625,5.09375,3.0919318,66524800
1995-05-05,5.085938,5.101563,4.992188,5,3.0350244,43707200
1995-05-08,4.992188,5.023438,4.945313,4.992188,3.030283,43988800
1995-05-09,5,5.023438,4.945313,4.9882808,3.0279107,36748800
1995-05-10,5.007813,5.023438,4.929688,4.953125,3.0065718,38688000
1995-05-11,4.945313,5.09375,4.9375,5.085938,3.0871911,38673600
1995-05-12,5.085938,5.140625,5.023438,5.046875,3.0634785,36192000
1995-05-15,5.039063,5.125,4.992188,5.0820308,3.0848184,35232000
1995-05-16,5.09375,5.313477,5.09375,5.304688,3.2199728,86708800
1995-05-17,5.328125,5.429688,5.320313,5.375,3.2626526,66515200
1995-05-18,5.351563,5.421875,5.289063,5.289063,3.2104876,58326400
1995-05-19,5.265625,5.34375,5.25,5.335938,3.2389412,45190400
1995-05-22,5.335938,5.46875,5.25,5.453125,3.3100748,91382400
1995-05-23,5.46875,5.53125,5.3769531,5.53125,3.3574984,55516800
1995-05-24,5.570313,5.59375,5.4375,5.46875,3.3195586,68684800
1995-05-25,5.492188,5.585938,5.445313,5.578125,3.3859513,43440000
1995-05-26,5.5742192,5.578125,5.4375,5.46875,3.3195586,52934400
1995-05-30,5.5,5.523438,5.164063,5.1875,3.1488376,99612800
1995-05-31,5.203125,5.296875,5.0625,5.2929692,3.2128592,119756800
1995-06-01,5.3125,5.351563,5.242188,5.257813,3.1915212,61153600
1995-06-02,5.234375,5.257813,5.164063,5.195313,3.1535814,55556800
1995-06-05,5.164063,5.335938,5.109375,5.296875,3.2152307,55852800
1995-06-06,5.304688,5.375977,5.195313,5.195313,3.1535814,49036800
1995-06-07,5.179688,5.296875,5.132813,5.25,3.1867757,64590400
1995-06-08,5.257813,5.289063,5.226563,5.257813,3.1915212,29320000
1995-06-09,5.234375,5.367188,5.164063,5.304688,3.2199728,81214400
1995-06-12,5.289063,5.296875,5.203125,5.234375,3.1772919,45832000
1995-06-13,5.257813,5.296875,5.210938,5.242188,3.1820347,37691200
1995-06-14,5.210938,5.257813,5.171875,5.2382808,3.1796637,43096000
1995-06-15,5.25,5.3125,5.242188,5.304688,3.2199728,43912000
1995-06-16,5.3125,5.46875,5.304688,5.4375,3.30059,92278400
1995-06-19,5.453125,5.6181641,5.429688,5.6132808,3.4072893,78982400
1995-06-20,5.648438,5.710938,5.609375,5.710938,3.466568,56670400
1995-06-21,5.742188,5.773438,5.625,5.65625,3.4333725,57224000
1995-06-22,5.664063,5.75,5.664063,5.742188,3.4855373,46296000
1995-06-23,5.671875,5.7617192,5.640625,5.695313,3.4570839,46356800
1995-06-26,5.6875,5.695313,5.59375,5.609375,3.4049182,41048000
1995-06-27,5.59375,5.65625,5.421875,5.429688,3.2958474,66004800
1995-06-28,5.421875,5.5625,5.304688,5.492188,3.3337858,107286400
1995-06-29,5.5,5.609375,5.5,5.585938,3.3906915,57643200
1995-06-30,5.601563,5.6875,5.601563,5.648438,3.4286284,53342400
1995-07-03,5.679688,5.695313,5.648438,5.6835942,3.4499702,16763200
1995-07-05,5.726563,5.75,5.648438,5.6679692,3.4404852,48547200
1995-07-06,5.664063,5.8125,5.648438,5.796875,3.5187335,47070400
1995-07-07,5.804688,5.976563,5.796875,5.976563,3.6278038,66699200
1995-07-10,6,6.234375,5.984375,6.179688,3.7511027,111982400
1995-07-11,6.1875,6.195313,6.03125,6.03125,3.6609995,78227200
1995-07-12,6.046875,6.25,6.046875,6.242188,3.7890396,94675200
1995-07-13,6.257813,6.34375,6.132813,6.257813,3.7985234,84811200
1995-07-14,6.140625,6.476563,6.125,6.476563,3.9313083,89905600
1995-07-17,6.734375,6.828125,6.65625,6.8125,4.1352215,155830400
1995-07-18,6.6875,6.695313,6.328125,6.367188,3.8649144,289624000
1995-07-19,6.0625,6.171875,5.53125,5.90625,3.5851228,305092800
1995-07-20,5.953125,6.085938,5.875,6.007813,3.6467726,177848000
1995-07-21,5.875,6,5.734375,5.75,3.4902785,169257600
1995-07-24,5.789063,5.859375,5.757813,5.851563,3.5519283,94811200
1995-07-25,5.96875,6.101563,5.9375,6.023438,3.6562567,109422400
1995-07-26,6.101563,6.132813,5.929688,6,3.6420312,77470400
1995-07-27,6.03125,6.101563,6.015625,6.03125,3.6609995,52916800
1995-07-28,6,6,5.75,5.789063,3.5139911,158468800
1995-07-31,5.820313,5.84375,5.625,5.65625,3.4333725,101435200
1995-08-01,5.671875,5.6806641,5.492188,5.59375,3.3954356,166144000
1995-08-02,5.6875,5.789063,5.5,5.5625,3.3764663,129804800
1995-08-03,5.5,5.710938,5.46875,5.695313,3.4570839,113536000
1995-08-04,5.710938,5.867188,5.703125,5.867188,3.5614121,77705600
1995-08-07,5.90625,5.96875,5.734375,5.851563,3.5519283,64273600
1995-08-08,5.882813,5.929688,5.835938,5.84375,3.5471859,43913600
1995-08-09,6.109375,6.132813,6,6.03125,3.6609995,144384000
1995-08-10,6.0625,6.070313,5.867188,5.882813,3.5708981,71883200
1995-08-11,5.921875,6.039063,5.757813,6.03125,3.6609995,97195200
1995-08-14,6.054688,6.203125,5.984375,6.171875,3.7463591,88872000
1995-08-15,6.203125,6.210938,6.054688,6.148438,3.7321332,63267200
1995-08-16,6.148438,6.179688,6.070313,6.171875,3.7463591,38118400
1995-08-17,6.179688,6.296875,6.1650391,6.195313,3.7605863,74564800
1995-08-18,6.2304692,6.234375,6.0625,6.070313,3.68471,77502400
1995-08-21,6.09375,6.140625,5.898438,5.90625,3.5851228,110491200
1995-08-22,5.945313,6.210938,5.898438,6.2070308,3.7676988,94320000
1995-08-23,6.25,6.28125,6.09375,6.117188,3.7131636,111188800
1995-08-24,6.132813,6.132813,5.96875,6.007813,3.6467726,95275200
1995-08-25,6.023438,6.046875,5.898438,5.898438,3.5803804,73489600
1995-08-28,5.898438,5.898438,5.617188,5.6289058,3.4167747,112622400
1995-08-29,5.632813,5.742188,5.4375,5.742188,3.4855373,163929600
1995-08-30,5.804688,5.859375,5.71875,5.828125,3.5377018,79499200
1995-08-31,5.835938,5.875,5.71875,5.78125,3.509248,38764800
1995-09-01,5.734375,5.75,5.585938,5.609375,3.4049182,80262400
1995-09-05,5.679688,5.945313,5.640625,5.9375,3.6040931,92052800
1995-09-06,5.953125,6.03125,5.8125,5.84375,3.5471859,100265600
1995-09-07,5.890625,6.039063,5.828125,5.914063,3.589865,93932800
1995-09-08,5.859375,5.976563,5.828125,5.96875,3.6230609,64417600
1995-09-11,5.960938,6.117188,5.9375,6.101563,3.7036793,77408000
1995-09-12,6.109375,6.109375,5.976563,6.015625,3.6515148,71155200
1995-09-13,6.007813,6.0625,5.945313,6.007813,3.6467726,61208000
1995-09-14,6.007813,6.03125,5.921875,5.929688,3.5993509,54230400
1995-09-15,5.921875,5.960938,5.78125,5.8398442,3.5448141,88316800
1995-09-18,5.828125,5.835938,5.679688,5.75,3.4902785,76827200
1995-09-19,5.75,5.90625,5.71875,5.8320308,3.540072,58011200
1995-09-20,5.84375,5.914063,5.789063,5.820313,3.5329597,44652800
1995-09-21,5.703125,5.8164058,5.65625,5.664063,3.4381146,83836800
1995-09-22,5.617188,5.671875,5.5625,5.609375,3.4049182,99899200
1995-09-25,5.65625,5.664063,5.53125,5.639648,3.4232943,57878400
1995-09-26,5.648438,5.742188,5.507813,5.515625,3.3480122,76548800
1995-09-27,5.5,5.546875,5.210938,5.539063,3.3622396,140756800
1995-09-28,5.5625,5.71875,5.554688,5.71875,3.4713104,105510400
1995-09-29,5.726563,5.796875,5.6289058,5.65625,3.4333725,95158400
1995-10-02,5.65625,5.679688,5.507813,5.515625,3.3480122,67731200
1995-10-03,5.507813,5.578125,5.453125,5.554688,3.3717234,80736000
1995-10-04,5.507813,5.507813,5.34375,5.382813,3.2673948,73473600
1995-10-05,5.375,5.46875,5.3125,5.46875,3.3195586,101289600
1995-10-06,5.46875,5.5625,5.34375,5.367188,3.2579098,76616000
1995-10-09,5.304688,5.359375,5.171875,5.195313,3.1535814,108614400
1995-10-10,5.078125,5.257813,5.023438,5.234375,3.1772919,157644800
1995-10-11,5.367188,5.460938,5.3125,5.414063,3.2863619,107009600
1995-10-12,5.4375,5.507813,5.414063,5.476563,3.3243012,78700800
1995-10-13,5.53125,5.546875,5.375,5.390625,3.2721367,68644800
1995-10-16,5.359375,5.460938,5.34375,5.421875,3.2911065,61067200
1995-10-17,5.453125,5.71875,5.421875,5.695313,3.4570839,123140800
1995-10-18,6.140625,6.164063,5.929688,5.976563,3.6278038,294329600
1995-10-19,5.953125,6.0625,5.921875,6.046875,3.6704841,95840000
1995-10-20,6.03125,6.054688,5.929688,5.96875,3.6230609,79984000
1995-10-23,5.9375,6.070313,5.90625,6.023438,3.6562567,93473600
1995-10-24,6.023438,6.132813,6.023438,6.09375,3.6989372,68681600
1995-10-25,6.101563,6.109375,5.992188,5.992188,3.6372867,60211200
1995-10-26,5.984375,6.132813,5.960938,6.125,3.717907,82841600
1995-10-27,6.09375,6.2587891,6.085938,6.25,3.7937808,130683200
1995-10-30,6.203125,6.460938,6.15625,6.421875,3.8981128,125464000
1995-10-31,6.4375,6.460938,6.234375,6.25,3.7937808,91958400
1995-11-01,6.257813,6.3125,6.140625,6.148438,3.7321332,72819200
1995-11-02,6.164063,6.273438,6.140625,6.25,3.7937808,63504000
1995-11-03,6.25,6.257813,6.171875,6.21875,3.7748125,40635200
1995-11-06,6.0625,6.179688,6.054688,6.085938,3.6941974,87729600
1995-11-07,6.03125,6.085938,5.804688,5.8125,3.5282161,115921600
1995-11-08,5.867188,5.96875,5.835938,5.953125,3.613579,71280000
1995-11-09,6.03125,6.188477,6,6.1875,3.7558448,99814400
1995-11-10,6.15625,6.1875,6.0380859,6.054688,3.6752253,60819200
1995-11-13,6.039063,6.078125,6.0039058,6.0195308,3.6538849,59003200
1995-11-14,5.992188,6,5.867188,5.875,3.5661547,75657600
1995-11-15,5.898438,5.914063,5.742188,5.875,3.5661547,108686400
1995-11-16,5.65625,5.7402339,5.601563,5.617188,3.4096613,195126400
1995-11-17,5.625,5.664063,5.460938,5.460938,3.3148179,143803200
1995-11-20,5.523438,5.585938,5.359375,5.375,3.2626526,115296000
1995-11-21,5.367188,5.546875,5.265625,5.5,3.3385289,130163200
1995-11-22,5.523438,5.59375,5.453125,5.460938,3.3148179,65428800
1995-11-24,5.476563,5.515625,5.460938,5.5,3.3385289,15014400
1995-11-27,5.539063,5.59375,5.4462891,5.453125,3.3100748,79100800
1995-11-28,5.4375,5.71875,5.40625,5.71875,3.4713104,86537600
1995-11-29,5.742188,5.78125,5.578125,5.609375,3.4049182,91067200
1995-11-30,5.59375,5.609375,5.429688,5.445313,3.305331,93512000
1995-12-01,5.445313,5.492188,5.367188,5.390625,3.2721367,96124800
1995-12-04,5.382813,5.601563,5.328125,5.492188,3.3337858,130436800
1995-12-05,5.492188,5.507813,5.320313,5.375,3.2626526,104528000
1995-12-06,5.382813,5.6875,5.375,5.664063,3.4381146,145272000
1995-12-07,5.695313,5.75,5.5537109,5.65625,3.4333725,132876800
1995-12-08,5.789063,5.914063,5.764648,5.90625,3.5851228,147041600
1995-12-11,5.90625,5.921875,5.8125,5.820313,3.5329597,61924800
1995-12-12,5.8125,5.820313,5.695313,5.710938,3.466568,44739200
1995-12-13,5.695313,5.757813,5.65625,5.734375,3.4807944,39577600
1995-12-14,5.765625,5.84375,5.539063,5.546875,3.3669815,92822400
1995-12-15,5.570313,5.609375,5.453125,5.523438,3.3527558,115470400
1995-12-18,5.523438,5.5625,5.335938,5.4375,3.30059,99460800
1995-12-19,5.460938,5.688477,5.460938,5.679688,3.4475982,84340800
1995-12-20,5.695313,5.710938,5.4375,5.445313,3.305331,84980800
1995-12-21,5.484375,5.625,5.460938,5.625,3.4144025,60593600
1995-12-22,5.632813,5.679688,5.570313,5.65625,3.4333725,36057600
1995-12-26,5.640625,5.703125,5.617188,5.640625,3.4238863,34707200
1995-12-27,5.648438,5.664063,5.523438,5.554688,3.3717234,40539200
1995-12-28,5.515625,5.53125,5.453125,5.460938,3.3148179,49777600
1995-12-29,5.453125,5.546875,5.390625,5.484375,3.3290439,52342400
1996-01-02,5.492188,5.609375,5.460938,5.609375,3.4049182,57779200
1996-01-03,5.570313,5.632813,5.421875,5.429688,3.2958474,62857600
1996-01-04,5.453125,5.46875,5.304688,5.460938,3.3148179,102353600
1996-01-05,5.390625,5.476563,5.382813,5.398438,3.2768784,62083200
1996-01-08,5.40625,5.476563,5.382813,5.390625,3.2721367,11377600
1996-01-09,5.375,5.375,4.992188,5.0117192,3.0421391,177424000
1996-01-10,5.03125,5.203125,5.030273,5.148438,3.1251276,181571200
1996-01-11,5.21875,5.429688,5.195313,5.414063,3.2863619,116617600
1996-01-12,5.40625,5.429688,5.242188,5.359375,3.2531669,80544000
1996-01-15,5.367188,5.367188,5.117188,5.15625,3.1298678,84572800
1996-01-16,5.226563,5.405273,5.203125,5.398438,3.2768784,122006400
1996-01-17,5.296875,5.46875,5.289063,5.304688,3.2199728,143078400
1996-01-18,5.34375,5.554688,5.3125,5.476563,3.3243012,121331200
1996-01-19,5.640625,5.828125,5.601563,5.742188,3.4855373,227440000
1996-01-22,5.726563,5.796875,5.679688,5.75,3.4902785,82643200
1996-01-23,5.710938,5.734375,5.578125,5.59375,3.3954356,66473600
1996-01-24,5.617188,5.78125,5.59375,5.703125,3.4618244,92217600
1996-01-25,5.710938,5.726563,5.5625,5.585938,3.3906915,59881600
1996-01-26,5.570313,5.679688,5.5625,5.65625,3.4333725,50881600
1996-01-29,5.671875,5.703125,5.5849609,5.648438,3.4286284,39587200
1996-01-30,5.679688,5.710938,5.664063,5.6757808,3.4452279,45120000
1996-01-31,5.671875,5.789063,5.632813,5.78125,3.509248,68774400
1996-02-01,5.765625,5.890625,5.75,5.882813,3.5708981,78587200
1996-02-02,5.875,5.882813,5.757813,5.8125,3.5282161,44686400
1996-02-05,5.796875,6.078125,5.796875,6.070313,3.68471,126480000
1996-02-06,6.03125,6.09375,5.976563,6.03125,3.6609995,98158400
1996-02-07,6,6.070313,5.967773,6.054688,3.6752253,65555200
1996-02-08,6.039063,6.21875,5.96875,6.179688,3.7511027,103924800
1996-02-09,6.171875,6.265625,6.15625,6.257813,3.7985234,122832000
1996-02-12,6.234375,6.320313,6.195313,6.21875,3.7748125,87779200
1996-02-13,6.109375,6.265625,6.09375,6.226563,3.7795544,114513600
1996-02-14,6.257813,6.257813,6.148438,6.171875,3.7463591,80212800
1996-02-15,6.15625,6.195313,6.109375,6.15625,3.7368746,52195200
1996-02-16,6.171875,6.203125,6.117188,6.117188,3.7131636,62206400
1996-02-20,6.078125,6.15625,6.054688,6.109375,3.7084208,64182400
1996-02-21,6.109375,6.257813,6.09375,6.242188,3.7890396,80046400
1996-02-22,6.25,6.414063,6.25,6.40625,3.8886254,106500800
1996-02-23,6.414063,6.476563,6.367188,6.46875,3.9265635,102640000
1996-02-26,6.4375,6.453125,6.28125,6.289063,3.8174925,63696000
1996-02-27,6.296875,6.3007808,6.233398,6.257813,3.7985234,60958400
1996-02-28,6.296875,6.375,6.242188,6.257813,3.7985234,60051200
1996-02-29,6.1875,6.257813,6.1601558,6.1679692,3.7439899,61723200
1996-03-01,6.148438,6.164063,5.914063,5.96875,3.6230609,157652800
1996-03-04,6,6.085938,5.96875,6.015625,3.6515148,72564800
1996-03-05,6,6.141602,5.984375,6.132813,3.7226472,57369600
1996-03-06,6.140625,6.179688,6.0625,6.0625,3.6799691,44256000
1996-03-07,6.070313,6.101563,6.039063,6.0820308,3.6918228,44291200
1996-03-08,5.96875,6.09375,5.921875,5.945313,3.608835,108524800
1996-03-11,5.945313,6.039063,5.945313,6.03125,3.6609995,74592000
1996-03-12,6.015625,6.039063,5.921875,5.984375,3.6325474,76888000
1996-03-13,6.139648,6.3125,6.109375,6.304688,3.8269773,156710400
1996-03-14,6.320313,6.367188,6.226563,6.226563,3.7795544,60640000
1996-03-15,6.25,6.445313,6.226563,6.398438,3.8838832,121721600
1996-03-18,6.398438,6.617188,6.398438,6.578125,3.9929547,119472000
1996-03-19,6.648438,6.6914058,6.546875,6.679688,4.0546045,92491200
1996-03-20,6.640625,6.664063,6.483398,6.539063,3.9692438,92944000
1996-03-21,6.515625,6.523438,6.28125,6.296875,3.8222358,66313600
1996-03-22,6.320313,6.3398442,6.234375,6.320313,3.8364613,48046400
1996-03-25,6.34375,6.398438,6.1757808,6.242188,3.7890396,63379200
1996-03-26,6.210938,6.429688,6.171875,6.421875,3.8981128,79899200
1996-03-27,6.453125,6.5,6.320313,6.40625,3.8886254,52729600
1996-03-28,6.367188,6.46875,6.320313,6.390625,3.8791411,54955200
1996-03-29,6.398438,6.507813,6.382813,6.445313,3.9123392,53508800
1996-04-01,6.4462891,6.46875,6.382813,6.421875,3.8981128,31692800
1996-04-02,6.421875,6.5625,6.414063,6.539063,3.9692438,54396800
1996-04-03,6.507813,6.570313,6.460938,6.53125,3.9645035,46072000
1996-04-04,6.539063,6.554688,6.46875,6.523438,3.9597583,28961600
1996-04-08,6.40625,6.492188,6.367188,6.484375,3.9360478,73753600
1996-04-09,6.5,6.5,6.34375,6.351563,3.8554313,66942400
1996-04-10,6.34375,6.4375,6.328125,6.351563,3.8554313,51910400
1996-04-11,6.34375,6.398438,6.226563,6.320313,3.8364613,62465600
1996-04-12,6.320313,6.351563,6.28125,6.320313,3.8364613,33737600
1996-04-15,6.3125,6.476563,6.3125,6.469727,3.9271562,50102400
1996-04-16,6.515625,6.59375,6.5,6.578125,3.9929547,80116800
1996-04-17,6.578125,6.625,6.5195308,6.6210942,4.0190392,62630400
1996-04-18,6.625,6.828125,6.59375,6.8125,4.1352215,133958400
1996-04-19,6.976563,7.007813,6.84375,6.859375,4.1636739,169492800
1996-04-22,6.90625,7.085938,6.890625,7.046875,4.2774911,92758400
1996-04-23,7.046875,7.078125,6.960938,7.039063,4.272748,57139200
1996-04-24,7.0625,7.070313,6.953125,6.96875,4.2300663,69251200
1996-04-25,6.96875,7.109375,6.890625,7.046875,4.2774911,63896000
1996-04-26,7.046875,7.117188,7.023438,7.09375,4.3059421,54296000
1996-04-29,7.085938,7.09375,7,7.039063,4.272748,34267200
1996-04-30,7.039063,7.078125,6.992188,7.078125,4.2964573,28441600
1996-05-01,7.054688,7.203125,7.039063,7.195313,4.3675923,65014400
1996-05-02,7.195313,7.203125,6.945313,6.976563,4.2348099,87340800
1996-05-03,7.03125,7.15625,6.882813,6.929688,4.206357,75300800
1996-05-06,6.9375,7.023438,6.851563,6.984375,4.2395506,75852800
1996-05-07,6.976563,7.09375,6.976563,7.070313,4.2917171,47366400
1996-05-08,7.054688,7.148438,6.921875,7.140625,4.3343959,77851200
1996-05-09,7.140625,7.195313,7.078125,7.09375,4.3059421,47776000
1996-05-10,7.148438,7.1962891,7.132813,7.179688,4.358109,43913600
1996-05-13,7.1875,7.429688,7.1875,7.414063,4.5003738,95606400
1996-05-14,7.453125,7.5,7.389648,7.4375,4.5145993,76832000
1996-05-15,7.4375,7.484375,7.335938,7.351563,4.4624343,56323200
1996-05-16,7.25,7.335938,7.226563,7.320313,4.4434681,67092800
1996-05-17,7.367188,7.375,7.273438,7.3125,4.4387245,35392000
1996-05-20,7.335938,7.367188,7.289063,7.296875,4.4292388,38457600
1996-05-21,7.296875,7.304688,7.195313,7.195313,4.3675923,42113600
1996-05-22,7.1875,7.328125,7.164063,7.304688,4.4339824,45646400
1996-05-23,7.304688,7.445313,7.304688,7.40625,4.4956303,51976000
1996-05-24,7.40625,7.4375,7.390625,7.40625,4.4956303,26443200
1996-05-28,7.421875,7.4462891,7.320313,7.328125,4.4482093,43376000
1996-05-29,7.335938,7.390625,7.289063,7.320313,4.4434681,33569600
1996-05-30,7.328125,7.390625,7.289063,7.390625,4.4861465,33824000
1996-05-31,7.4101558,7.460938,7.375,7.421875,4.5051169,40259200
1996-06-03,7.421875,7.46875,7.382813,7.398438,4.4908876,31684800
1996-06-04,7.414063,7.429688,7.265625,7.367188,4.4719219,65852800
1996-06-05,7.375,7.578125,7.367188,7.554688,4.5857325,50968000
1996-06-06,7.609375,7.6875,7.484375,7.4882808,4.5454254,88136000
1996-06-07,7.351563,7.578125,7.351563,7.578125,4.5999603,70198400
1996-06-10,7.5625,7.578125,7.499023,7.539063,4.5762486,45819200
1996-06-11,7.546875,7.703125,7.539063,7.632813,4.6331577,65259200
1996-06-12,7.679688,7.835938,7.671875,7.8125,4.7422271,88844800
1996-06-13,7.820313,7.867188,7.734375,7.789063,4.7279992,62577600
1996-06-14,7.796875,7.8125,7.679688,7.6875,4.6663527,55944000
1996-06-17,7.695313,7.8125,7.648438,7.789063,4.7279992,57499200
1996-06-18,7.78125,7.78125,7.625,7.648438,4.6426392,74585600
1996-06-19,7.65625,7.695313,7.585938,7.609375,4.6189289,73409600
1996-06-20,7.625,7.655273,7.4375,7.609375,4.6189289,102228800
1996-06-21,7.648438,7.757813,7.59375,7.742188,4.6995473,56806400
1996-06-24,7.75,7.820313,7.6875,7.757813,4.7090316,48102400
1996-06-25,7.765625,7.765625,7.585938,7.625,4.6284146,41145600
1996-06-26,7.617188,7.625,7.4375,7.53125,4.571507,71457600
1996-06-27,7.53125,7.5625,7.4375,7.4960942,4.5501661,77582400
1996-06-28,7.53125,7.5625,7.445313,7.507813,4.5572782,52000000
1996-07-01,7.515625,7.65625,7.507813,7.6445308,4.6402693,47862400
1996-07-02,7.648438,7.664063,7.578125,7.601563,4.6141863,38548800
1996-07-03,7.601563,7.679688,7.539063,7.570313,4.5952191,44243200
1996-07-05,7.507813,7.507813,7.398438,7.398438,4.4908876,35331200
1996-07-08,7.40625,7.546875,7.382813,7.5195308,4.5643926,64432000
1996-07-09,7.554688,7.585938,7.5,7.5,4.552537,35571200
1996-07-10,7.5,7.5,7.382813,7.46875,4.5335684,77980800
1996-07-11,7.390625,7.398438,7.109375,7.15625,4.3438792,140915200
1996-07-12,7.1992192,7.1992192,6.905273,7.023438,4.2632623,139478400
1996-07-15,7.023438,7.109375,6.867188,6.914063,4.1968713,111832000
1996-07-16,6.890625,7.226563,6.71875,7.210938,4.3770747,182100800
1996-07-17,7.359375,7.382813,7.226563,7.320313,4.4434681,126208000
1996-07-18,7.328125,7.5,7.242188,7.492188,4.5477953,98537600
1996-07-19,7.359375,7.601563,7.359375,7.561523,4.5898824,99208000
1996-07-22,7.563477,7.59375,7.367188,7.484375,4.543056,144475200
1996-07-23,7.5,7.5,6.890625,7.007813,4.253778,257678400
1996-07-24,6.84375,7.234375,6.84375,7.171875,4.3533654,192225600
1996-07-25,7.25,7.421875,7.195313,7.40625,4.4956303,100920000
1996-07-26,7.46875,7.46875,7.390625,7.445313,4.5193419,59304000
1996-07-29,7.453125,7.492188,7.296875,7.304688,4.4339824,56748800
1996-07-30,7.367188,7.421875,7.257813,7.414063,4.5003738,66976000
1996-07-31,7.4375,7.476563,7.351563,7.367188,4.4719219,56320000
1996-08-01,7.367188,7.554688,7.335938,7.539063,4.5762486,96025600
1996-08-02,7.632813,7.742188,7.539063,7.710938,4.6805792,109289600
1996-08-05,7.71875,7.734375,7.578125,7.609375,4.6189289,55072000
1996-08-06,7.601563,7.757813,7.554688,7.75,4.704289,67388800
1996-08-07,7.773438,7.820313,7.679688,7.796875,4.7327433,76790400
1996-08-08,7.757813,7.867188,7.734375,7.828125,4.7517128,54379200
1996-08-09,7.796875,7.84375,7.742188,7.78125,4.7232575,44313600
1996-08-12,7.765625,7.882813,7.75,7.828125,4.7517128,66187200
1996-08-13,7.8125,7.867188,7.710938,7.71875,4.6853194,72508800
1996-08-14,7.742188,7.820313,7.734375,7.804688,4.7374868,52032000
1996-08-15,7.796875,7.859375,7.773438,7.820313,4.7469687,35556800
1996-08-16,7.820313,7.828125,7.734375,7.765625,4.7137723,47598400
1996-08-19,7.742188,7.757813,7.640625,7.71875,4.6853194,43131200
1996-08-20,7.734375,7.757813,7.703125,7.710938,4.6805792,25678400
1996-08-21,7.65625,7.71875,7.609375,7.71875,4.6853194,49345600
1996-08-22,7.757813,7.820313,7.71875,7.8125,4.7422271,50236800
1996-08-23,7.804688,7.8125,7.703125,7.703125,4.6758356,44006400
1996-08-26,7.710938,7.734375,7.671875,7.679688,4.6616096,31944000
1996-08-27,7.695313,7.796875,7.6875,7.796875,4.7327433,28038400
1996-08-28,7.8125,7.859375,7.804688,7.851563,4.7659388,32070400
1996-08-29,7.828125,7.828125,7.726563,7.757813,4.7090316,34182400
1996-08-30,7.765625,7.765625,7.65625,7.65625,4.6473818,28088000
1996-09-03,7.625,7.710938,7.539063,7.710938,4.6805792,48524800
1996-09-04,7.710938,7.726563,7.6835942,7.710938,4.6805792,27126400
1996-09-05,7.671875,7.671875,7.59375,7.59375,4.6094441,40372800
1996-09-06,7.625,7.671875,7.601563,7.65625,4.6473818,41921600
1996-09-09,7.65625,7.8125,7.640625,7.804688,4.7374868,41747200
1996-09-10,7.796875,7.820313,7.726563,7.773438,4.7185168,38904000
1996-09-11,7.7460942,7.84375,7.726563,7.820313,4.7469687,36387200
1996-09-12,7.84375,8.09375,7.8242192,8.0390635,4.8797536,95944000
1996-09-13,8.1015635,8.2109385,8.0546885,8.1875,4.9698539,80137600
1996-09-16,8.1953135,8.3203135,8.1875,8.21875,4.9888225,62409600
1996-09-17,8.3046885,8.4140635,8.265625,8.3671885,5.0789251,75624000
1996-09-18,8.375,8.6171885,8.328125,8.53125,5.1785131,86049600
1996-09-19,8.53125,8.640625,8.484375,8.609375,5.2259316,75912000
1996-09-20,8.5625,8.6640635,8.4921885,8.6328135,5.2401605,104849600
1996-09-23,8.6015635,8.6328135,8.515625,8.609375,5.2259316,46385600
1996-09-24,8.59375,8.6484385,8.5078135,8.5546885,5.1927404,72520000
1996-09-25,8.59375,8.6171885,8.4609385,8.4765635,5.1453166,44067200
1996-09-26,8.484375,8.5078135,8.234375,8.25,5.007791,92604800
1996-09-27,8.28125,8.453125,8.203125,8.3984385,5.0978966,98372800
1996-09-30,8.34375,8.4296885,8.234375,8.2421885,5.0030518,89574400
1996-10-01,8.234375,8.3671885,8.1796885,8.2578135,5.0125332,69124800
1996-10-02,8.3046885,8.484375,8.2734385,8.421875,5.1121197,68760000
1996-10-03,8.421875,8.4453135,8.3515635,8.375,5.0836692,58294400
1996-10-04,8.4140635,8.5390635,8.390625,8.5234385,5.1737704,45166400
1996-10-07,8.5234385,8.6328135,8.4921885,8.59375,5.2164478,42432000
1996-10-08,8.609375,8.609375,8.4375,8.4609385,5.1358342,48465600
1996-10-09,8.5,8.5078135,8.328125,8.40625,5.1026354,64955200
1996-10-10,8.359375,8.5078135,8.3359385,8.359375,5.0741835,51739200
1996-10-11,8.4140635,8.578125,8.390625,8.5703135,5.2022228,36523200
1996-10-14,8.5859385,8.6328135,8.5234385,8.5390635,5.1832552,36091200
1996-10-15,8.671875,8.6953135,8.5859385,8.6796885,5.2686148,61206400
1996-10-16,8.671875,8.6835938,8.5625,8.625,5.2354188,36427200
1996-10-17,8.640625,8.6875,8.46875,8.46875,5.1405745,49097600
1996-10-18,8.375,8.4375,8.3476563,8.421875,5.1121197,69646400
1996-10-21,8.421875,8.5,8.34375,8.375,5.0836692,71401600
1996-10-22,8.3203135,8.3359385,8.203125,8.28125,5.0267606,113806400
1996-10-23,8.2890635,8.421875,8.234375,8.40625,5.1026354,67443200
1996-10-24,8.4296885,8.5859385,8.3671885,8.5390635,5.1832552,81417600
1996-10-25,8.5390635,8.6171885,8.5078135,8.5273438,5.1761384,53084800
1996-10-28,8.5429688,8.6015635,8.515625,8.5390635,5.1832552,51240000
1996-10-29,8.5546885,8.5859385,8.4296885,8.4609385,5.1358342,66756800
1996-10-30,8.4609385,8.5625,8.4296885,8.515625,5.1690264,60526400
1996-10-31,8.5234385,8.5859385,8.5078135,8.578125,5.2069654,37028800
1996-11-01,8.578125,8.671875,8.53125,8.5859385,5.211709,56531200
1996-11-04,8.578125,8.6484385,8.546875,8.625,5.2354188,36006400
1996-11-05,8.65625,8.84375,8.6445313,8.84375,5.3682017,86417600
1996-11-06,8.8359385,9.03125,8.8125,9.03125,5.4820132,71438400
1996-11-07,9.046875,9.1328135,8.9453135,8.96875,5.4440742,76742400
1996-11-08,8.9609385,8.96875,8.84375,8.96875,5.4440742,67369600
1996-11-11,8.9609385,9.046875,8.9375,8.9765635,5.4488196,38593600
1996-11-12,9,9.1171885,8.84375,8.859375,5.3776846,81156800
1996-11-13,8.9765635,9.109375,8.9453135,9.0625,5.5009842,90409600
1996-11-14,9.078125,9.3515635,9.078125,9.3515635,5.6764474,114969600
1996-11-15,9.421875,9.4296885,9.2109385,9.3125,5.6527319,104041600
1996-11-18,9.3359385,9.484375,9.2890635,9.3984385,5.7048988,98585600
1996-11-19,9.40625,9.7421885,9.390625,9.7421885,5.9135575,104739200
1996-11-20,9.75,9.875,9.578125,9.578125,5.8139682,123857600
1996-11-21,9.65625,9.6640635,9.375,9.3984385,5.7048988,130718400
1996-11-22,9.421875,9.53125,9.3359385,9.40625,5.7096419,94424000
1996-11-25,9.4453135,9.6015635,9.40625,9.59375,5.8234529,75129600
1996-11-26,9.625,9.7109385,9.5234385,9.609375,5.8329377,108238400
1996-11-27,9.6328135,9.734375,9.609375,9.71875,5.899332,44446400
1996-11-29,9.71875,9.8203135,9.71875,9.8046885,5.9514928,17152000
1996-12-02,9.84375,9.859375,9.703125,9.859375,5.9846897,64502400
1996-12-03,9.8984385,9.96875,9.6640635,9.6679688,5.8685045,77563200
1996-12-04,9.6953135,9.703125,9.5078135,9.578125,5.8139682,102542400
1996-12-05,9.5859385,9.7109385,9.4921885,9.5625,5.8044868,74950400
1996-12-06,9.3125,9.65625,9.2666016,9.5546885,5.7997441,110238400
1996-12-09,9.796875,10.234375,9.75,10.21875,6.202836,94718400
1996-12-10,10.546875,10.570313,10.21875,10.234375,6.2123141,125725600
1996-12-11,10.125,10.453125,10.015625,10.421875,6.3261313,113558400
1996-12-12,10.625,10.65625,10.125,10.125,6.1459265,78272800
1996-12-13,10.140625,10.25,9.9042969,10,6.0700488,74532000
1996-12-16,10.03125,10.09375,9.5625,9.59375,5.8234529,64883200
1996-12-17,9.578125,10.015625,9.546875,9.984375,6.060565,68944800
1996-12-18,10.171875,10.34375,10,10.328125,6.2692256,61796800
1996-12-19,10.5,10.640625,10.375,10.609375,6.4399447,94609600
1996-12-20,10.6875,10.703125,10.421875,10.453125,6.3450999,90414400
1996-12-23,10.515625,10.59375,10.359375,10.46875,6.3545837,36892800
1996-12-24,10.515625,10.640625,10.390625,10.609375,6.4399447,16246400
1996-12-26,10.65625,10.765625,10.640625,10.6875,6.4873648,27905600
1996-12-27,10.6875,10.71875,10.501953,10.53125,6.3925223,19079200
1996-12-30,10.671875,10.703125,10.4375,10.4375,6.3356161,27279200
1996-12-31,10.5,10.53125,10.3125,10.328125,6.2692256,34367200
1997-01-02,10.390625,10.390625,10.09375,10.203125,6.1933479,54480800
1997-01-03,10.28125,10.59375,10.25,10.578125,6.4209752,44131200
1997-01-06,10.578125,10.65625,10.390625,10.546875,6.4020071,55948000
1997-01-07,10.5625,10.640625,10.421875,10.625,6.4494281,36880800
1997-01-08,10.625,10.654297,10.390625,10.421875,6.3261313,50593600
1997-01-09,10.46875,10.46875,10.28125,10.296875,6.2502542,47763200
1997-01-10,10.25,10.546875,10.203125,10.53125,6.3925223,66556800
1997-01-13,10.640625,10.6875,10.4375,10.46875,6.3545837,50361600
1997-01-14,10.53125,10.828125,10.53125,10.671875,6.4778824,63728000
1997-01-15,10.703125,10.78125,10.546875,10.578125,6.4209752,53058400
1997-01-16,10.625,10.890625,10.625,10.75,6.5253053,58688000
1997-01-17,10.703125,10.96875,10.6875,10.890625,6.610661,65368800
1997-01-20,10.875,11.609375,10.828125,11.34375,6.8857141,146220800
1997-01-21,11.328125,11.882813,11.203125,11.875,7.2081861,114592000
1997-01-22,11.890625,12.3125,11.828125,12.171875,7.3883939,129236800
1997-01-23,12.265625,12.46875,11.8125,11.84375,7.1892176,105048000
1997-01-24,11.890625,12.21875,11.796875,11.992188,7.2793202,89817600
1997-01-27,12.0625,12.173828,11.9375,12.015625,7.2935452,53263200
1997-01-28,12.296875,12.34375,11.84375,11.953125,7.2556067,64656800
1997-01-29,12.09375,12.171875,11.96875,12.15625,7.3789053,48933600
1997-01-30,12.28125,12.65625,12.25,12.640625,7.6729226,79937600
1997-01-31,12.734375,12.90625,12.609375,12.75,7.7393117,86516000
1997-02-03,12.828125,12.923828,12.640625,12.796875,7.7677665,60804800
1997-02-04,12.796875,12.90625,12.5625,12.890625,7.8246775,56464000
1997-02-05,12.890625,12.9375,12.109375,12.296875,7.4642663,110099200
1997-02-06,12.28125,12.296875,12,12.140625,7.3694191,102122400
1997-02-07,12.296875,12.5625,12.1875,12.546875,7.6160164,62448000
1997-02-10,12.59375,12.6875,12.203125,12.21875,7.4168415,66804800
1997-02-11,12.28125,12.328125,11.890625,12.3125,7.4737492,88834400
1997-02-12,12.296875,12.5,12.1875,12.484375,7.5780783,72001600
1997-02-13,12.5625,12.640625,12.421875,12.5,7.5875616,58292000
1997-02-14,12.421875,12.5625,12.203125,12.234375,7.4263272,57395200
1997-02-18,12.203125,12.234375,12.03125,12.171875,7.3883939,52545600
1997-02-19,12.171875,12.265625,12.0625,12.1875,7.3978744,56383200
1997-02-20,12.109375,12.1875,11.890625,11.90625,7.2271581,75395200
1997-02-21,11.859375,11.921875,11.75,11.875,7.2081861,61131200
1997-02-24,11.78125,12.53125,11.75,12.515625,7.5970464,68599200
1997-02-25,12.5,12.626953,12.359375,12.4375,7.5496249,63941600
1997-02-26,12.4375,12.546875,12.296875,12.53125,7.6065335,48849600
1997-02-27,12.53125,12.53125,12,12.015625,7.2935452,56628800
1997-02-28,12.015625,12.296875,11.929688,12.1875,7.3978744,78412000
1997-03-03,12.125,12.515625,12.078125,12.4375,7.5496249,53874400
1997-03-04,12.40625,12.515625,12.328125,12.390625,7.5211725,63920800
1997-03-05,12.4375,12.625,12.40625,12.609375,7.6539536,46393600
1997-03-06,12.59375,12.609375,12.216797,12.21875,7.4168415,57018400
1997-03-07,12.296875,12.4375,12.0625,12.09375,7.3409681,46032000
1997-03-10,12.140625,12.515625,11.992188,12.5,7.5875616,45997600
1997-03-11,12.453125,12.570313,12.296875,12.296875,7.4642663,47577600
1997-03-12,12.21875,12.4375,12.21875,12.34375,7.4927182,43234400
1997-03-13,12.28125,12.515625,12.25,12.453125,7.5591078,45505600
1997-03-14,12.46875,12.53125,12.359375,12.375,7.5116897,61327200
1997-03-17,12.3125,12.59375,12.25,12.5625,7.6255002,83958400
1997-03-18,12.578125,12.601563,12.359375,12.453125,7.5591078,59012000
1997-03-19,12.21875,12.28125,11.867188,12.09375,7.3409681,111560000
1997-03-20,12.078125,12.21875,11.921875,12,7.2840624,81410400
1997-03-21,12.0625,12.140625,11.609375,11.75,7.1323094,85829600
1997-03-24,11.640625,11.6875,10.953125,11.265625,6.8382926,186269600
1997-03-25,11.328125,11.421875,11.109375,11.289063,6.8525209,89701600
1997-03-26,11.34375,11.828125,11.328125,11.78125,7.1512804,81270400
1997-03-27,11.890625,12.015625,11.375,11.71875,7.113338,93919200
1997-03-31,11.640625,11.8125,11.40625,11.460938,6.9568467,93825600
1997-04-01,11.265625,11.71875,11.21875,11.65625,7.0754037,86680800
1997-04-02,11.609375,11.703125,11.375,11.5,6.980557,63331200
1997-04-03,11.375,11.921875,11.328125,11.890625,7.217669,92252800
1997-04-04,11.71875,12.09375,11.71875,11.773438,7.1465354,94964000
1997-04-07,11.953125,12.203125,11.875,11.984375,7.2745733,76511200
1997-04-08,12.078125,12.28125,11.9375,12.28125,7.4547791,53339200
1997-04-09,12.390625,12.40625,12.21875,12.25,7.4358139,73762400
1997-04-10,12.21875,12.21875,11.9375,12.09375,7.3409681,67913600
1997-04-11,11.9375,12.15625,11.867188,11.875,7.2081861,60033600
1997-04-14,11.84375,12.171875,11.671875,12.171875,7.3883939,59107200
1997-04-15,12.234375,12.375,11.984375,12.140625,7.3694191,84440000
1997-04-16,12.078125,12.3125,12.03125,12.28125,7.4547791,42710400
1997-04-17,12.3125,12.5,12.1875,12.265625,7.4452944,71720800
1997-04-18,13,13.453125,12.875,13.453125,8.1661139,231764000
1997-04-21,13.375,13.984375,13.265625,13.453125,8.1661139,155695200
1997-04-22,13.453125,13.851563,13.4375,13.828125,8.3937426,82300000
1997-04-23,13.828125,14.46875,13.796875,14.390625,8.7351837,102814400
1997-04-24,14.578125,14.734375,14.09375,14.265625,8.6593084,118163200
1997-04-25,14.1875,14.421875,14.15625,14.203125,8.6213722,58566400
1997-04-28,14.21875,14.382813,13.953125,14.359375,8.716217,67224000
1997-04-29,14.671875,14.890625,14.5625,14.875,9.0291986,73953600
1997-04-30,14.828125,15.328125,14.796875,15.1875,9.2188883,90204000
1997-05-01,15.25,15.40625,14.90625,15.125,9.1809521,72325600
1997-05-02,15.25,15.4375,14.867188,15.09375,9.1619844,96192000
1997-05-05,14.953125,15.09375,14.4375,15.023438,9.1193008,111063200
1997-05-06,14.921875,14.96875,14.546875,14.664063,8.9011583,74770400
1997-05-07,14.546875,14.875,14.390625,14.4375,8.7636309,70532800
1997-05-08,14.40625,14.765625,14.390625,14.546875,8.8300295,53834400
1997-05-09,14.75,14.8125,14.46875,14.59375,8.8584776,58392000
1997-05-12,14.6875,14.8125,14.625,14.765625,8.9628105,42976000
1997-05-13,14.796875,14.90625,14.609375,14.71875,8.9343519,49813600
1997-05-14,14.796875,14.828125,14.453125,14.484375,8.7920904,60744800
1997-05-15,14.5,14.734375,14.484375,14.640625,8.8869362,41861600
1997-05-16,14.546875,14.625,14.359375,14.429688,8.758893,59913600
1997-05-19,14.515625,14.640625,14.390625,14.390625,8.7351837,45632000
1997-05-20,14.484375,14.90625,14.40625,14.890625,9.0386829,64876800
1997-05-21,15.078125,15.367188,14.96875,15.046875,9.1335278,76620000
1997-05-22,15.125,15.203125,14.96875,15.078125,9.1524963,33655200
1997-05-23,15.171875,15.375,15.109375,15.359375,9.3232183,28904800
1997-05-27,15.34375,15.921875,15.296875,15.828125,9.6077499,69036000
1997-05-28,15.90625,15.90625,15.609375,15.734375,9.5508432,52241600
1997-05-29,15.90625,16.132813,15.625,15.734375,9.5508432,51111200
1997-05-30,14.6875,15.703125,14.6875,15.5,9.4085779,83337600
1997-06-02,15.625,15.6875,15.390625,15.546875,9.4370327,38939200
1997-06-03,15.421875,15.4375,15.078125,15.09375,9.1619844,41995200
1997-06-04,15.078125,15.28125,14.78125,14.898438,9.0434303,54639200
1997-06-05,15.033203,15.1875,14.9375,15.070313,9.1477566,35892000
1997-06-06,15.171875,15.539063,15.125,15.507813,9.4133253,35964000
1997-06-09,15.609375,15.765625,15.3125,15.640625,9.4939365,48200000
1997-06-10,15.640625,15.882813,15.46875,15.601563,9.4702311,53135200
1997-06-11,15.601563,15.921875,15.445313,15.875,9.6362047,49056800
1997-06-12,15.84375,16.015625,15.671875,15.875,9.6362047,44614400
1997-06-13,15.84375,16.257813,15.820313,16.203125,9.8353796,50116000
1997-06-16,16.203125,16.421875,16.109375,16.421875,9.9681625,40612800
1997-06-17,16.4375,16.867188,16.359375,16.773438,10.181561,53191200
1997-06-18,16.65625,16.6875,16.257813,16.273438,9.8780556,55657600
1997-06-19,16.046875,16.34375,16,16.164063,9.8116646,65519200
1997-06-20,16.171875,16.421875,16.0625,16.234375,9.8543453,64240000
1997-06-23,16.234375,16.4375,16,16.007813,9.7168236,35724800
1997-06-24,16.1875,16.515625,16.046875,16.507813,10.020325,39319200
1997-06-25,16.609375,16.65625,16.226563,16.304688,9.897027,49576000
1997-06-26,16.265625,16.351563,15.984375,16.03125,9.7310495,37312000
1997-06-27,16.140625,16.25,15.90625,15.9375,9.6741467,38198400
1997-06-30,15.984375,16.09375,15.773438,15.796875,9.5887833,38286400
1997-07-01,15.804688,15.859375,15.40625,15.617188,9.4797096,59377600
1997-07-02,15.703125,16.0625,15.507813,16.046875,9.7405367,53237600
1997-07-03,16.257813,16.257813,16.0625,16.195313,9.8306379,28764000
1997-07-07,16.328125,16.46875,16.171875,16.1875,9.8258944,39320000
1997-07-08,16.171875,16.414063,16.117188,16.40625,9.958683,36007200
1997-07-09,16.5625,16.578125,16.1875,16.34375,9.9207382,48266400
1997-07-10,16.3125,16.40625,16.109375,16.234375,9.8543453,43780800
1997-07-11,16.28125,16.382813,16.054688,16.21875,9.8448658,38094400
1997-07-14,16.351563,17,16.3125,16.992188,10.314342,57424000
1997-07-15,17.257813,17.40625,17.078125,17.308594,10.506399,75503200
1997-07-16,17.796875,18.6875,17.5,18.554688,11.262788,111217600
1997-07-17,18.8125,18.84375,18.3125,18.6875,11.343408,131668000
1997-07-18,18.125,18.421875,17.5,17.5625,10.660526,158927200
1997-07-21,17.609375,17.625,16.71875,16.992188,10.314342,127223200
1997-07-22,17.109375,18.101563,17.09375,18.015625,10.935575,101384000
1997-07-23,18.15625,18.359375,17.625,17.679688,10.731664,95556000
1997-07-24,17.296875,17.546875,16.953125,17.25,10.470838,141855200
1997-07-25,17.3125,17.78125,17.15625,17.3125,10.508776,90308800
1997-07-28,17.40625,17.421875,16.96875,17.125,10.394962,56404000
1997-07-29,17.09375,17.507813,17.015625,17.492188,10.617849,79061600
1997-07-30,17.59375,17.75,17.453125,17.640625,10.707947,78324000
1997-07-31,17.75,17.765625,17.609375,17.671875,10.726912,42240800
1997-08-01,17.671875,17.726563,17.398438,17.578125,10.67001,58912800
1997-08-04,17.53125,17.75,17.429688,17.695313,10.741141,46312800
1997-08-05,17.78125,18.046875,17.75,17.914063,10.873927,59333600
1997-08-06,17.914063,18.078125,17.78125,17.929688,10.883411,43410400
1997-08-07,18.039063,18.046875,17.75,17.992188,10.921346,43947200
1997-08-08,17.851563,17.890625,17.5,17.5,10.622584,66815200
1997-08-11,17.5,17.53125,17.046875,17.28125,10.489809,72696000
1997-08-12,17.421875,17.46875,16.976563,17,10.319089,60887200
1997-08-13,17.265625,17.28125,16.84375,17.007813,10.323824,66731200
1997-08-14,17,17.09375,16.765625,17.03125,10.338053,45900800
1997-08-15,16.9375,17,16.59375,16.609375,10.081973,51078400
1997-08-18,16.625,16.734375,16.375,16.734375,10.157849,69969600
1997-08-19,16.84375,17.375,16.828125,17.351563,10.532486,91013600
1997-08-20,17.375,17.585938,17.125,17.570313,10.665269,51433600
1997-08-21,17.703125,17.796875,17.1875,17.234375,10.461352,64412000
1997-08-22,16.90625,17.1875,16.765625,17.15625,10.413931,72161600
1997-08-25,17.234375,17.375,16.953125,17.0625,10.357026,38856800
1997-08-26,17,17.109375,16.84375,16.875,10.243208,34327200
1997-08-27,16.90625,16.914063,16.625,16.820313,10.210016,49371200
1997-08-28,16.6875,16.71875,16.5,16.507813,10.020325,43641600
1997-08-29,16.507813,16.734375,16.46875,16.523438,10.029812,37857600
1997-09-02,16.640625,17.1875,16.625,17.148438,10.409188,50112800
1997-09-03,17.203125,17.359375,17.023438,17.070313,10.361767,42872800
1997-09-04,17,17.3125,16.96875,17.273438,10.485064,44476000
1997-09-05,17.382813,17.460938,17.03125,17.164063,10.418667,48398400
1997-09-08,17.21875,17.476563,17.21875,17.414063,10.570425,42416000
1997-09-09,17.40625,17.53125,17.296875,17.4375,10.584647,39465600
1997-09-10,17.359375,17.390625,16.882813,16.890625,10.252695,53294400
1997-09-11,16.875,17.171875,16.609375,17.101563,10.380736,61779200
1997-09-12,17.109375,17.296875,16.953125,17.242188,10.466096,48576000
1997-09-15,16.953125,17.15625,16.328125,16.335938,9.9159966,129003200
1997-09-16,16.46875,17.125,16.375,17.046875,10.34754,102538400
1997-09-17,17.078125,17.09375,16.578125,16.648438,10.105688,61609600
1997-09-18,16.78125,16.890625,16.429688,16.53125,10.034553,61077600
1997-09-19,16.53125,16.90625,16.5,16.898438,10.257437,77435200
1997-09-22,16.875,16.984375,16.648438,16.664063,10.11517,43251200
1997-09-23,16.695313,16.9375,16.640625,16.9375,10.281149,39946400
1997-09-24,16.953125,17.007813,16.515625,16.554688,10.04878,60040000
1997-09-25,16.609375,16.765625,16.507813,16.59375,10.07249,39272000
1997-09-26,16.703125,16.71875,16.453125,16.671875,10.119913,36652000
1997-09-29,16.6875,16.84375,16.609375,16.8125,10.205271,27505600
1997-09-30,16.804688,16.96875,16.53125,16.539063,10.039296,43892800
1997-10-01,16.5625,16.8125,16.421875,16.734375,10.157849,61466400
1997-10-02,16.71875,16.828125,16.59375,16.648438,10.105688,28831200
1997-10-03,16.867188,17.03125,16.671875,16.867188,10.238466,60284800
1997-10-06,16.984375,17.03125,16.78125,16.890625,10.252695,41776800
1997-10-07,16.875,17.210938,16.828125,17.070313,10.361767,54548800
1997-10-08,17.078125,17.382813,17.03125,17.375,10.54671,71196800
1997-10-09,17.3125,17.453125,17.265625,17.367188,10.541969,34672800
1997-10-10,17.289063,17.34375,17.03125,17.0625,10.357026,24893600
1997-10-13,17.125,17.234375,17.070313,17.09375,10.375992,19051200
1997-10-14,17.140625,17.171875,16.921875,17.085938,10.37125,33361600
1997-10-15,16.96875,17,16.859375,16.96875,10.300117,45003200
1997-10-16,17.015625,17.078125,16.53125,16.738281,10.160224,47327200
1997-10-17,16.640625,16.828125,16.296875,16.53125,10.034553,87720000
1997-10-20,16.625,16.90625,15.9375,16.578125,10.063006,154052800
1997-10-21,17.015625,17.404297,16.914063,17.3125,10.508776,115682400
1997-10-22,17.296875,17.3125,16.921875,16.960938,10.295375,55775200
1997-10-23,16.5,17.15625,16.5,16.953125,10.290633,66413600
1997-10-24,17.109375,17.15625,16.65625,16.921875,10.271667,70030400
1997-10-27,16.859375,17.03125,16.078125,16.109375,9.7784719,96795200
1997-10-28,16.53125,16.875,15.4375,16.671875,10.119913,160057600
1997-10-29,16.71875,16.882813,16.265625,16.359375,9.9302216,85532800
1997-10-30,16.1875,16.421875,16.0625,16.078125,9.7595062,72097600
1997-10-31,16.375,16.4375,16.203125,16.25,9.8638334,46808800
1997-11-03,16.453125,16.78125,16.414063,16.765625,10.176823,67714400
1997-11-04,16.75,16.867188,16.648438,16.78125,10.186305,49134400
1997-11-05,16.8125,16.828125,16.5625,16.695313,10.134141,42512800
1997-11-06,16.65625,16.6875,16.46875,16.507813,10.020325,40266400
1997-11-07,16.257813,16.5,16.234375,16.445313,9.9823856,63628800
1997-11-10,16.453125,16.5625,16.21875,16.273438,9.8780556,36764800
1997-11-11,16.304688,16.429688,16.171875,16.328125,9.9112577,37013600
1997-11-12,16.265625,16.375,16.125,16.148438,9.802186,45784000
1997-11-13,16.257813,16.453125,16.148438,16.445313,9.9823856,60094400
1997-11-14,16.453125,16.734375,16.421875,16.664063,10.11517,46663200
1997-11-17,16.8125,16.976563,16.679688,16.859375,10.233724,60094400
1997-11-18,16.867188,16.9375,16.71875,16.75,10.167338,36683200
1997-11-19,16.703125,16.890625,16.671875,16.882813,10.24795,31720800
1997-11-20,16.90625,17.140625,16.859375,17.109375,10.385479,53680800
1997-11-21,17.226563,17.25,17.046875,17.234375,10.461352,68220800
1997-11-24,17.140625,17.265625,16.9375,16.9375,10.281149,39084000
1997-11-25,16.984375,17.40625,16.96875,17.375,10.54671,56463200
1997-11-26,17.375,17.734375,17.28125,17.695313,10.741141,63053600
1997-11-28,17.65625,17.78125,17.640625,17.6875,10.736403,17392800
1997-12-01,17.742188,18,17.703125,17.976563,10.911869,49006400
1997-12-02,17.945313,18.109375,17.75,17.78125,10.793303,50167200
1997-12-03,17.710938,18.132813,17.625,18.085938,10.978255,57712000
1997-12-04,18.09375,18.234375,17.78125,17.820313,10.817023,62630400
1997-12-05,17.765625,18.09375,17.765625,17.890625,10.859699,48136000
1997-12-08,17.9375,18.328125,17.890625,18.265625,11.087332,49952800
1997-12-09,18.125,18.171875,17.9375,18.039063,10.949805,51782400
1997-12-10,17.78125,17.90625,17.625,17.78125,10.793303,66434400
1997-12-11,17.546875,17.625,17.359375,17.382813,10.551452,70189600
1997-12-12,17.21875,17.3125,17,17.09375,10.375992,54308000
1997-12-15,17.054688,17.125,16.625,17.015625,10.328568,84305600
1997-12-16,16.984375,17.546875,16.875,17.382813,10.551452,65401600
1997-12-17,17.484375,17.546875,16.9375,16.953125,10.290633,51472000
1997-12-18,16.8125,16.84375,16.296875,16.359375,9.9302216,98774400
1997-12-19,16.09375,16.273438,15.78125,16.085938,9.764245,138065600
1997-12-22,16.140625,16.25,15.734375,15.875,9.6362047,59063200
1997-12-23,15.882813,16.03125,15.375,15.414063,9.3564196,67195200
1997-12-24,15.46875,15.484375,14.75,14.867188,9.024457,88411200
1997-12-26,14.859375,15.09375,14.84375,15.09375,9.1619844,32388800
1997-12-29,15.296875,15.84375,15.265625,15.789063,9.5840435,67815200
1997-12-30,15.804688,16.375,15.78125,16.28125,9.882803,77864800
1997-12-31,16.375,16.4375,16.125,16.15625,9.8069229,46147200
1998-01-02,16.203125,16.4375,16.1875,16.390625,9.949193,39748000
1998-01-05,16.40625,16.703125,15.984375,16.296875,9.8922853,80377600
1998-01-06,16.21875,16.625,16.15625,16.390625,9.949193,67834400
1998-01-07,16.234375,16.398438,15.9375,16.195313,9.8306379,61492800
1998-01-08,16.078125,16.515625,15.9375,16.3125,9.9017706,77619200
1998-01-09,16.257813,16.4375,15.734375,15.875,9.6362047,87534400
1998-01-12,15.578125,16.25,15.546875,16.1875,9.8258944,78393600
1998-01-13,16.1875,16.53125,16.015625,16.515625,10.025065,66945600
1998-01-14,16.515625,16.5625,16.15625,16.390625,9.949193,54774400
1998-01-15,16.296875,16.625,16.234375,16.539063,10.039296,50622400
1998-01-16,16.546875,16.921875,16.539063,16.90625,10.262179,72943200
1998-01-20,16.765625,17.25,16.75,17.226563,10.456607,64956000
1998-01-21,17.15625,17.304688,16.953125,17.125,10.394962,85567200
1998-01-22,16.945313,17.484375,16.914063,17.328125,10.518262,159139200
1998-01-23,17.34375,17.429688,17.087891,17.28125,10.489809,63312000
1998-01-26,17.484375,17.734375,17.306641,17.71875,10.755369,74277600
1998-01-27,17.796875,18.234375,17.695313,18.148438,11.01619,97540800
1998-01-28,18.28125,18.6875,18.1875,18.625,11.305464,79387200
1998-01-29,18.617188,18.765625,18.4375,18.53125,11.248564,73571200
1998-01-30,18.578125,18.75,18.453125,18.648438,11.319701,50071200
1998-02-02,18.96875,19.390625,18.8125,19.359375,11.751238,98397600
1998-02-03,19.390625,19.515625,19.226563,19.484375,11.827115,61374400
1998-02-04,19.484375,19.75,19.382813,19.601563,11.898247,61940800
1998-02-05,19.765625,19.84375,19.34375,19.429688,11.793916,67014400
1998-02-06,19.421875,19.78125,19.390625,19.765625,11.997833,50070400
1998-02-09,19.84375,19.859375,19.453125,19.648438,11.926703,54681600
1998-02-10,19.65625,19.9375,19.59375,19.90625,12.083193,48099200
1998-02-11,19.921875,20.007813,19.632813,19.867188,12.05948,76460000
1998-02-12,19.757813,19.867188,19.554688,19.84375,12.045261,76658400
1998-02-13,19.828125,19.84375,19.671875,19.6875,11.950415,42203200
1998-02-17,19.8125,19.8125,19.234375,19.296875,11.713301,85673600
1998-02-18,19.328125,19.5,19.21875,19.328125,11.732272,76608800
1998-02-19,19.4375,19.507813,19.28125,19.359375,11.751238,73773600
1998-02-20,19.4375,19.46875,19.109375,19.390625,11.770209,86092000
1998-02-23,20.234375,20.421875,19.84375,20.40625,12.386696,120803600
1998-02-24,20.84375,21.234375,20.46875,20.53125,12.462575,118302000
1998-02-25,20.859375,21.25,20.765625,21.234375,12.889373,94944400
1998-02-26,21.375,21.421875,21.109375,21.375,12.97473,61388000
1998-02-27,21.390625,21.5,21.140625,21.1875,12.860923,47532400
1998-03-02,21.46875,21.46875,20.765625,20.828125,12.642776,50093600
1998-03-03,20.65625,21.140625,20.640625,21.125,12.822985,50753600
1998-03-04,20.609375,20.953125,20.390625,20.578125,12.491023,71513600
1998-03-05,19.8125,20.359375,19.8125,20.015625,12.149589,92255600
1998-03-06,20.078125,20.6875,20.0625,20.6875,12.557415,51404800
1998-03-09,20.625,20.625,19.875,19.898438,12.078452,52256000
1998-03-10,20.296875,20.375,19.984375,20.375,12.367727,47406400
1998-03-11,20.5,20.5,19.9375,20.171875,12.244431,39838800
1998-03-12,20.625,20.65625,20.203125,20.46875,12.424628,47962000
1998-03-13,20.609375,20.75,20.390625,20.59375,12.500508,32542400
1998-03-16,20.609375,20.6875,20.34375,20.5,12.443601,27979600
1998-03-17,20.421875,20.421875,19.921875,20.09375,12.197006,53842400
1998-03-18,20.015625,20.453125,19.96875,20.4375,12.405672,33887600
1998-03-19,20.375,20.578125,20.3125,20.5,12.443601,30299200
1998-03-20,20.53125,20.75,20.125,20.453125,12.415152,56310000
1998-03-23,20.296875,21.15625,20.265625,20.96875,12.728137,55050000
1998-03-24,21.046875,21.265625,20.859375,21.234375,12.889373,32281600
1998-03-25,22.625,22.734375,21.8125,22.203125,13.477407,124244800
1998-03-26,22.125,22.390625,21.875,22.0625,13.392049,45441200
1998-03-27,22.34375,22.34375,21.890625,21.953125,13.325654,38924000
1998-03-30,22.015625,22.15625,21.78125,21.984375,13.344625,27463200
1998-03-31,22.15625,22.4375,22.125,22.375,13.581742,38177200
1998-04-01,22.453125,22.65625,22.125,22.59375,13.714512,36835600
1998-04-02,22.671875,22.984375,22.46875,22.828125,13.856789,41414800
1998-04-03,23,23.265625,22.875,23.25,14.112864,40987600
1998-04-06,23.15625,23.15625,22.265625,22.484375,13.64813,74232000
1998-04-07,22.328125,22.65625,21.6875,21.8125,13.240299,62630800
1998-04-08,21.6875,22.25,21.65625,22.234375,13.496377,36793200
1998-04-09,21.984375,22.40625,21.875,22.25,13.505865,33619200
1998-04-13,22.203125,22.25,21.6875,22.15625,13.448957,33156400
1998-04-14,22.171875,22.390625,21.875,22.109375,13.420502,28476800
1998-04-15,22.3125,22.84375,22.21875,22.84375,13.866272,40498400
1998-04-16,22.59375,23.015625,22.546875,22.921875,13.913692,39695600
1998-04-17,22.875,23.0625,22.578125,23.03125,13.980087,37402800
1998-04-20,23.09375,23.75,23.046875,23.65625,14.35946,45535200
1998-04-21,23.671875,23.75,23.28125,23.71875,14.397402,51938400
1998-04-22,24,24.78125,23.90625,24.71875,15.004409,80154000
1998-04-23,24.3125,24.34375,23.535156,23.625,14.340491,64215200
1998-04-24,23.375,23.6875,22.96875,23.03125,13.980087,51436000
1998-04-27,22.375,22.632813,22.125,22.578125,13.705042,58752000
1998-04-28,23.03125,23.0625,22.253906,22.46875,13.638643,56668000
1998-04-29,22.515625,22.875,22.40625,22.625,13.73349,50061600
1998-04-30,22.875,22.90625,22.421875,22.53125,13.676585,54473600
1998-05-01,22.546875,22.625,22.03125,22.40625,13.600703,35996000
1998-05-04,22.296875,22.46875,21.984375,22.015625,13.363596,37899600
1998-05-05,21.90625,22.390625,21.75,21.9375,13.316175,50828000
1998-05-06,21.875,21.875,21.5,21.59375,13.107512,48110800
1998-05-07,21.546875,21.5625,20.796875,20.84375,12.652263,78022000
1998-05-08,20.46875,21.53125,20.46875,21.4375,13.012668,96274800
1998-05-11,21.53125,21.546875,21.015625,21.0625,12.785045,51474400
1998-05-12,20.8125,21.4375,20.8125,21.421875,13.003188,64147200
1998-05-13,22.171875,22.1875,21.625,21.734375,13.19288,80680400
1998-05-14,21.46875,22.75,21.453125,22.234375,13.496377,94774400
1998-05-15,22.53125,22.546875,22.1875,22.359375,13.572253,48150800
1998-05-18,21.125,21.625,21.125,21.515625,13.06009,80395600
1998-05-19,21.453125,21.734375,21.390625,21.625,13.126482,52234400
1998-05-20,21.53125,21.71875,21.34375,21.4375,13.012668,35698800
1998-05-21,21.453125,21.84375,21.375,21.59375,13.107512,36680000
1998-05-22,21.65625,21.6875,21.359375,21.390625,12.98422,36129200
1998-05-26,21.328125,21.546875,20.875,20.90625,12.6902,44473600
1998-05-27,20.71875,21.53125,20.71875,21.5,13.050611,58574400
1998-05-28,21.4375,21.59375,21.265625,21.578125,13.098028,30746800
1998-05-29,21.59375,21.625,21.1875,21.203125,12.870406,34091200
1998-06-01,20.96875,21.152344,20.78125,20.9375,12.709167,42436800
1998-06-02,21.015625,21.484375,20.96875,21.375,12.97473,38570800
1998-06-03,21.46875,21.609375,21.03125,21.078125,12.794527,36010800
1998-06-04,21.171875,21.53125,20.90625,21.515625,13.06009,33717600
1998-06-05,21.46875,21.625,21.1875,21.5625,13.088547,34431600
1998-06-08,21.40625,21.578125,21.25,21.421875,13.003188,18886400
1998-06-09,21.328125,21.890625,21.3125,21.765625,13.21184,35690400
1998-06-10,21.65625,22.09375,21.46875,21.5,13.050611,33290400
1998-06-11,21.609375,21.78125,21.28125,21.328125,12.946281,41271200
1998-06-12,21.21875,21.53125,21,21.4375,13.012668,41323600
1998-06-15,21.171875,21.828125,21.140625,21.484375,13.041122,42846000
1998-06-16,21.578125,22.484375,21.375,22.46875,13.638643,61138400
1998-06-17,22.484375,23.09375,22.4375,22.765625,13.818847,76147600
1998-06-18,22.703125,22.9375,22.59375,22.796875,13.837818,39228400
1998-06-19,23.21875,23.6875,23.125,23.671875,14.368955,91226800
1998-06-22,23.6875,23.984375,23.421875,23.953125,14.539666,48969600
1998-06-23,23.953125,25.21875,23.8125,25.1875,15.288943,124675200
1998-06-24,25.421875,26.28125,24.984375,26.234375,15.924398,105724800
1998-06-25,26.46875,26.71875,25.34375,25.390625,15.412243,88969600
1998-06-26,25.5625,26.15625,25.5,26.109375,15.848531,55680400
1998-06-29,26.375,26.921875,26.3125,26.859375,16.303782,65906000
1998-06-30,26.3125,27.140625,26.15625,27.09375,16.446043,77010000
1998-07-01,27.28125,27.53125,26.796875,27.34375,16.597795,53470400
1998-07-02,27.203125,27.28125,26.78125,26.8125,16.275314,27321200
1998-07-06,26.71875,27.015625,26.34375,26.953125,16.360682,35307600
1998-07-07,26.953125,27.140625,26.625,26.984375,16.37965,32422800
1998-07-08,27.03125,27.53125,26.6875,27.46875,16.673668,41553600
1998-07-09,27.5,28,27.4375,27.75,16.844389,43690000
1998-07-10,27.78125,28.3125,27.46875,28.296875,17.176338,45396800
1998-07-13,28.53125,29.5625,28.40625,29.390625,17.840263,69223200
1998-07-14,29.5625,29.6875,28.875,29.125,17.679026,56972400
1998-07-15,29,29.5,28.90625,29.34375,17.811802,48690000
1998-07-16,29.515625,29.71875,29.15625,29.34375,17.811802,65125200
1998-07-17,29.375,29.90625,28.984375,29.484375,17.897161,83108400
1998-07-20,29.546875,29.875,29.203125,29.25,17.754898,45794800
1998-07-21,29.21875,29.75,28.125,28.203125,17.119431,74605200
1998-07-22,28,29.3125,27.96875,29.1875,17.716955,71654400
1998-07-23,29.078125,29.375,28.25,28.25,17.14789,51029600
1998-07-24,28.4375,28.90625,28.125,28.453125,17.271194,60366400
1998-07-27,28.28125,29.1875,27.671875,29.1875,17.716955,58998000
1998-07-28,29,29.21875,28,28.0625,17.034075,78378400
1998-07-29,28.3125,28.5625,27.515625,27.671875,16.796972,59738000
1998-07-30,27.984375,28.40625,27.6875,28.359375,17.214279,72746400
1998-07-31,28.234375,28.378906,27.484375,27.484375,16.683155,53705200
1998-08-03,27.28125,27.71875,26.84375,27.109375,16.455526,73566400
1998-08-04,27.15625,27.40625,26.046875,26.125,15.858014,91412000
1998-08-05,26.03125,26.5625,25.375,26.078125,15.829555,120208800
1998-08-06,25.9375,26.734375,25.90625,26.71875,16.218416,68308000
1998-08-07,26.859375,26.875,26.265625,26.46875,16.066662,54972400
1998-08-10,26.453125,26.578125,26.109375,26.109375,15.848531,46763200
1998-08-11,25.71875,26.09375,25.5,25.859375,15.696769,60976400
1998-08-12,26.078125,26.296875,25.75,26.265625,15.943361,53760000
1998-08-13,26.03125,26.5,25.9375,25.984375,15.772645,51193200
1998-08-14,26.171875,26.265625,25.875,26.0625,15.820072,29566400
1998-08-17,25.875,26.84375,25.75,26.828125,16.284817,54073200
1998-08-18,26.96875,27.953125,26.84375,27.8125,16.88233,70591200
1998-08-19,28.0625,28.1875,27.5625,27.640625,16.778,55709600
1998-08-20,27.53125,28.1875,27.421875,28.140625,17.081497,49970400
1998-08-21,27.78125,27.96875,27.1875,27.65625,16.787485,59523600
1998-08-24,27.578125,28,27.5,27.59375,16.749544,26319200
1998-08-25,27.84375,28.421875,27.78125,28.203125,17.119431,58026800
1998-08-26,27.8125,28.4375,27.71875,28.140625,17.081497,44804400
1998-08-27,27.640625,28.1875,27.125,27.3125,16.578827,74874000
1998-08-28,27.0625,27.40625,26.1875,26.3125,15.971819,72730000
1998-08-31,26.21875,26.625,23.9375,23.984375,14.558639,132690400
1998-09-01,23.8125,25.4375,23.625,25.3125,15.364817,140112400
1998-09-02,25.453125,26.0625,25.0625,25.140625,15.260489,63438400
1998-09-03,24.6875,25.1875,24.59375,24.8125,15.061312,67506800
1998-09-04,24.921875,25.0625,24.03125,24.15625,14.662967,50890400
1998-09-08,25,25.515625,24.765625,25.492188,15.473891,60625600
1998-09-09,25.5625,26.109375,25.40625,25.5625,15.516564,65480800
1998-09-10,25,25.28125,24.671875,25.1875,15.288943,60758000
1998-09-11,25.28125,26.15625,25.03125,26.0625,15.820072,58989200
1998-09-14,26.234375,26.765625,26.21875,26.5,16.085632,45086800
1998-09-15,26.46875,27.109375,26.28125,27.078125,16.436552,49367600
1998-09-16,26.96875,27.125,26.53125,27.046875,16.417585,42886800
1998-09-17,26.328125,26.625,26.203125,26.234375,15.924398,45178400
1998-09-18,26.4375,26.5625,26.078125,26.34375,15.990787,47361600
1998-09-21,25.625,27.015625,25.59375,26.96875,16.370174,45872000
1998-09-22,27.109375,27.46875,26.6875,27.296875,16.56934,43082000
1998-09-23,27.40625,28.46875,27.125,28.40625,17.242744,65263600
1998-09-24,28.28125,28.65625,27.25,27.53125,16.711607,63521600
1998-09-25,27.28125,28.28125,27.15625,28.265625,17.157377,47878400
1998-09-28,28.25,28.59375,27.4375,27.828125,16.891811,41405200
1998-09-29,27.953125,28.5,27.84375,28.21875,17.128923,48743200
1998-09-30,28.078125,28.390625,27.507813,27.515625,16.70212,38875600
1998-10-01,27.015625,27.375,26,26.015625,15.791611,65442400
1998-10-02,25.84375,26.296875,25.25,26.03125,15.801104,65889600
1998-10-05,25.625,25.71875,24.125,25.296875,15.355326,114937600
1998-10-06,25.625,25.90625,24.34375,24.40625,14.814717,76550000
1998-10-07,24.34375,24.9375,23.34375,23.53125,14.28359,90710400
1998-10-08,22.640625,22.96875,21.9375,22.796875,13.837818,144719200
1998-10-09,23.296875,24.25,23.0625,24.21875,14.700899,72661600
1998-10-12,24.8125,25.25,24.625,24.9375,15.137186,51502800
1998-10-13,24.875,24.9375,23.9375,24.109375,14.634512,47995600
1998-10-14,23.96875,25.34375,23.96875,25.046875,15.203589,62403200
1998-10-15,25.03125,26.40625,24.90625,26.359375,16.000267,66253600
1998-10-16,26.5,26.625,26,26.265625,15.943361,68620000
1998-10-19,26.03125,26.046875,25.28125,25.734375,15.620895,60177600
1998-10-20,25.8125,25.84375,24.90625,25.0625,15.213067,94368400
1998-10-21,26.21875,26.71875,25.765625,26.609375,16.152025,125377200
1998-10-22,26.5,27.53125,26.3125,27.5,16.692644,81910800
1998-10-23,27.25,27.5,26.546875,26.59375,16.142546,59882000
1998-10-26,26.703125,27,26.421875,26.765625,16.246874,59678400
1998-10-27,26.9375,26.96875,26.25,26.359375,16.000267,65434800
1998-10-28,26.21875,26.65625,26.21875,26.421875,16.038216,56808400
1998-10-29,26.359375,26.875,26.359375,26.65625,16.180473,52402800
1998-10-30,26.8125,27.046875,26.28125,26.46875,16.066662,59322800
1998-11-02,26.59375,26.71875,26.25,26.453125,16.057184,48388400
1998-11-03,26.375,26.640625,26.1875,26.296875,15.962342,36546800
1998-11-04,26.453125,26.828125,26.21875,26.375,16.00976,67459600
1998-11-05,26.328125,26.90625,26.3125,26.59375,16.142546,76727200
1998-11-06,26.515625,27.4375,26.484375,27.328125,16.588314,74461200
1998-11-09,27.296875,27.84375,27.203125,27.671875,16.796972,68956800
1998-11-10,27.53125,28.359375,27.515625,28.015625,17.00563,72075600
1998-11-11,28.359375,28.6875,27.71875,27.765625,16.853874,63899200
1998-11-12,27.5625,27.78125,27.125,27.1875,16.502947,38526800
1998-11-13,27.109375,27.625,27.09375,27.5,16.692644,28368800
1998-11-16,27.828125,27.9375,26.875,27.203125,16.512436,42620400
1998-11-17,27.25,28.09375,27.234375,27.96875,16.977173,58744000
1998-11-18,27.390625,27.765625,27.28125,27.4375,16.654696,41691200
1998-11-19,27.265625,28.125,27.265625,27.9375,16.958202,45220800
1998-11-20,28.1875,28.4375,27.8125,28.40625,17.242744,48405200
1998-11-23,28.125,30.046875,28.125,29.796875,18.086861,110870400
1998-11-24,29.671875,31.265625,29.65625,30.421875,18.466234,101114800
1998-11-25,30.671875,31.09375,30.1875,31.0625,18.855089,41394000
1998-11-27,31.28125,32.03125,31.078125,32.015625,19.433647,26335600
1998-11-30,32.34375,32.566406,30.484375,30.5,18.513659,70900000
1998-12-01,30.0625,32.4375,30.03125,32.375,19.651789,86330800
1998-12-02,32.296875,32.4375,31.375,31.6875,19.234478,65759600
1998-12-03,31.71875,32.234375,30.5,30.53125,18.532629,51426800
1998-12-04,31.234375,31.84375,31,31.84375,19.329313,44352000
1998-12-07,31.921875,33.4375,31.6875,33.390625,20.268282,89809200
1998-12-08,33.21875,33.5625,32.4375,32.796875,19.907862,77585200
1998-12-09,33.03125,33.453125,32.5,33.40625,20.277765,44781600
1998-12-10,33.28125,33.65625,32.84375,32.890625,19.964771,57015600
1998-12-11,32.75,33.671875,32.6875,33.5,20.334677,51728800
1998-12-14,33.1875,33.4375,31.921875,31.984375,19.414671,64077600
1998-12-15,32.328125,33,32.3125,32.96875,20.012203,51719600
1998-12-16,33.125,33.78125,32.28125,33.4375,20.296734,60024000
1998-12-17,33.546875,33.71875,33.0625,33.59375,20.391584,46963600
1998-12-18,33.75,34.5625,33.53125,34.453125,20.913214,59648000
1998-12-21,34.65625,35.546875,34.4375,35.109375,21.311571,48112000
1998-12-22,35.125,35.125,34.34375,34.609375,21.00807,41350000
1998-12-23,35.09375,35.953125,34.84375,35.890625,21.78578,34940000
1998-12-24,35.90625,36,35.375,35.4375,21.510738,13832400
1998-12-28,35.75,35.90625,35.375,35.59375,21.605581,23636400
1998-12-29,35.640625,35.640625,34.90625,35.125,21.321053,29651600
1998-12-30,35.21875,35.839844,34.71875,34.75,21.09342,34942800
1998-12-31,34.796875,35,34.5,34.671875,21.046011,23834400
1999-01-04,34.902344,36.3125,34.84375,35.25,21.396925,69305200
1999-01-05,35.46875,37,35.359375,36.625,22.23156,64281600
1999-01-06,37.375,37.875,36.6875,37.8125,22.952383,69064800
1999-01-07,37.4375,37.65625,37.0625,37.625,22.838568,51150400
1999-01-08,38.046875,38.125,36.75,37.46875,22.74371,50244800
1999-01-11,37.71875,37.734375,36.0625,36.875,22.38331,46463200
1999-01-12,37.03125,37.03125,35.25,35.546875,21.577127,57907200
1999-01-13,34,36.9375,34,35.953125,21.823738,75346000
1999-01-14,36.3125,36.390625,35.375,35.4375,21.510738,59214000
1999-01-15,35.734375,37.5,35.34375,37.4375,22.724754,59344000
1999-01-19,37.84375,39.59375,37.71875,38.90625,23.616289,102741600
1999-01-20,41.734375,41.9375,40.621094,40.65625,24.678551,125481200
1999-01-21,40.4375,40.828125,39.4375,39.578125,24.024126,80077200
1999-01-22,38.90625,40.058594,38.8125,39.0625,23.711134,82160000
1999-01-25,40.421875,40.828125,39.78125,40.46875,24.56473,103076400
1999-01-26,41.375,42.9375,41.125,42.890625,26.034824,120203200
1999-01-27,43.125,43.609375,42.125,42.15625,25.589054,98048000
1999-01-28,42.9375,43.515625,42.453125,43.5,26.40472,78838400
1999-01-29,43.6875,43.78125,42.71875,43.75,26.556469,79571600
1999-02-01,43.859375,43.984375,42.703125,43.234375,26.243475,81729200
1999-02-02,43.125,43.140625,41.5625,41.90625,25.437313,91965600
1999-02-03,41.59375,42.46875,41.5,41.703125,25.314009,73749200
1999-02-04,42.03125,42.09375,39.71875,39.765625,24.137926,89151600
1999-02-05,40.0625,40.40625,38.71875,40,24.280195,127945200
1999-02-08,40.640625,41.390625,40.40625,41.3125,25.076902,109866800
1999-02-09,41.234375,41.6875,39.9375,40.015625,24.289686,77293600
1999-02-10,39.96875,41.09375,39.65625,40.15625,24.375046,73694000
1999-02-11,40.6875,40.96875,40.09375,40.6875,24.697529,60366000
1999-02-12,40.421875,40.921875,39.28125,39.4375,23.938759,62930400
1999-02-16,39.9375,39.96875,38.640625,39.0625,23.711134,73666800
1999-02-17,38.234375,38.53125,37.125,37.5,22.762701,101215600
1999-02-18,37.734375,37.84375,35.996094,36.4375,22.117741,117035200
1999-02-19,36.859375,37.3125,36.4375,36.9375,22.421251,73085600
1999-02-22,37.0625,37.25,36.1875,37.203125,22.582485,92514400
1999-02-23,38.234375,38.90625,37.625,38.859375,23.587831,95106800
1999-02-24,39.109375,39.84375,38.1875,38.21875,23.198975,67696800
1999-02-25,38.09375,38.4375,37.40625,38.375,23.293812,70817200
1999-02-26,38.09375,38.125,37.375,37.53125,22.781662,59273200
1999-03-01,37.390625,38.140625,37.375,37.9375,23.028244,58332000
1999-03-02,37.96875,38.53125,36.90625,37.140625,22.544554,58569600
1999-03-03,37.25,37.671875,36.765625,37.40625,22.70579,76798400
1999-03-04,37.78125,38.375,37.03125,38.0625,23.10413,61696400
1999-03-05,38.6875,38.84375,38.28125,38.734375,23.511957,47302800
1999-03-08,38.875,39.808594,38.75,39.75,24.128458,46726000
1999-03-09,39.96875,41.1875,39.9375,40.453125,24.555246,90129600
1999-03-10,40.578125,40.625,39.796875,40.34375,24.488863,53114800
1999-03-11,40.25,41.140625,39.828125,40.359375,24.498354,62948400
1999-03-12,40.65625,40.6875,39.203125,40.046875,24.308657,73395200
1999-03-15,40.140625,41.5,39.46875,41.46875,25.171745,60609600
1999-03-16,41.375,42.5,41.0625,42.265625,25.655451,68554000
1999-03-17,42.265625,42.359375,41.6875,41.78125,25.361431,44919600
1999-03-18,41.609375,43.140625,41.546875,43.109375,26.167604,56231200
1999-03-19,43.46875,43.53125,42.46875,42.796875,25.977921,91980400
1999-03-22,43.234375,43.734375,43,43.203125,26.224518,55719200
1999-03-23,43.171875,43.53125,41.5625,41.640625,25.276079,69581200
1999-03-24,41.75,42.953125,40.78125,42.8125,25.987398,82634400
1999-03-25,43.265625,45.015625,43.125,44.984375,27.30575,109447600
1999-03-26,44.734375,45.09375,43.9375,44.53125,27.03068,94687600
1999-03-29,45.0625,46.3125,43.9375,46.1875,28.036049,79777000
1999-03-30,46.6875,46.75,46.125,46.5,28.225729,67502400
1999-03-31,47.25,47.3125,44.5625,44.8125,27.201406,58752600
1999-04-01,45.625,46.4375,45.132813,46.34375,28.130875,41106000
1999-04-05,47.15625,47.507813,46.75,47.46875,28.813761,39848600
1999-04-06,47.59375,47.8125,46.625,47.03125,28.548206,39674800
1999-04-07,47.4375,47.5,45.625,46.65625,28.32058,46910200
1999-04-08,46.625,47.3125,45.5,47.28125,28.699959,38637000
1999-04-09,47.125,47.5,46.5,47.125,28.605122,31816800
1999-04-12,45.8125,46.8125,45.6875,46.5,28.225729,37858800
1999-04-13,46.5625,46.5625,44.59375,45.0625,27.35317,46746800
1999-04-14,45.40625,45.5625,42.9375,42.9375,26.063274,52944000
1999-04-15,43.65625,44.9375,41.9375,44.4375,26.973783,72594600
1999-04-16,44.53125,44.5625,42.9375,43.3125,26.290895,44774000
1999-04-19,43.4375,44.0625,40.1875,40.5,24.583706,75389000
1999-04-20,41.125,42,40,41.5625,25.228647,108459400
1999-04-21,41.0625,41.25,40,41,24.887201,92732800
1999-04-22,42.5,42.625,41.6875,42.46875,25.778746,55096400
1999-04-23,42.5,43.5,41.5,43,26.101221,56592000
1999-04-26,43.59375,44.46875,43.375,44,26.708231,48349800
1999-04-27,44.375,44.375,41.96875,42,25.494205,58665800
1999-04-28,42.65625,43.25,40.859375,41.0625,24.92515,55963400
1999-04-29,41.1875,41.84375,40.203125,41.03125,24.906172,60880600
1999-04-30,41.375,41.875,39.9375,40.65625,24.678551,58558600
1999-05-03,40.71875,40.75,39.28125,39.9375,24.24226,67180000
1999-05-04,40.25,40.90625,38.875,39.03125,23.692162,66502200
1999-05-05,39.5625,39.9375,38.21875,39.5625,24.014635,67028200
1999-05-06,40.34375,40.5625,38.75,38.96875,23.65423,74021000
1999-05-07,39.8125,40.1875,39,39.53125,23.995667,48011600
1999-05-10,39.9375,40.25,39.125,39.84375,24.185368,46218000
1999-05-11,40.375,40.507813,39.71875,39.9375,24.24226,42786200
1999-05-12,40.375,40.5,39.625,40.25,24.431948,60142600
1999-05-13,40.5625,40.875,39.5625,39.5625,24.014635,51737200
1999-05-14,39.4375,39.96875,38.3125,38.4375,23.331751,84401000
1999-05-17,38.6875,39.78125,38.5,39.5625,24.014635,66850200
1999-05-18,39.90625,40.125,38.96875,39.34375,23.881844,63858400
1999-05-19,39.9375,39.9375,38.625,39.65625,24.071547,46510800
1999-05-20,39.78125,40,39.1875,39.21875,23.805967,42386200
1999-05-21,39.25,39.5,38.5,38.78125,23.540419,56568800
1999-05-24,38.9375,38.9375,38.03125,38.625,23.445574,38990000
1999-05-25,38.375,39.625,38.0625,38.125,23.142073,50791600
1999-05-26,38.59375,39.25,37.75,39.25,23.824955,52022800
1999-05-27,39.125,39.71875,38.75,39.1875,23.787001,56702200
1999-05-28,39.375,40.4375,39.0625,40.34375,24.488863,41548000
1999-06-01,40.3125,40.375,39.21875,39.25,23.824955,36046400
1999-06-02,39.03125,39.3125,38.125,39.21875,23.805967,42812600
1999-06-03,39.1875,39.46875,38.0625,38.1875,23.18001,32934400
1999-06-04,38.46875,39.84375,38.375,39.78125,24.147429,35668200
1999-06-07,39.96875,40.53125,39.59375,40.125,24.356075,32392200
1999-06-08,39.9375,41.0625,39.5,39.6875,24.090523,41516400
1999-06-09,40.0625,41.3125,40,41.15625,24.982046,53310800
1999-06-10,40.9375,41.15625,39.53125,39.9375,24.24226,35277400
1999-06-11,40,40.25,38.78125,39.0625,23.711134,34543000
1999-06-14,39.375,39.84375,38.71875,38.78125,23.540419,28369800
1999-06-15,39.03125,39.4375,38.34375,38.84375,23.578342,36981000
1999-06-16,39.53125,40.8125,39.46875,40.5,24.583706,48325200
1999-06-17,40.34375,41.5,40.25,41.4375,25.152769,44475200
1999-06-18,41.15625,42.5,41.0625,42.5,25.797712,69116200
1999-06-21,42.4375,44.5,42.4375,44.46875,26.992754,56194400
1999-06-22,44.21875,44.21875,43.125,43.25,26.252964,38751000
1999-06-23,42.96875,43.6875,42.53125,43,26.101221,33942000
1999-06-24,42.875,43.125,42,42.3125,25.683901,33559000
1999-06-25,42.6875,43.21875,42.1875,42.46875,25.778746,24933000
1999-06-28,42.75,43.40625,42.46875,43.375,26.328852,31701000
1999-06-29,43.34375,44.03125,43,44,26.708231,38973200
1999-06-30,43.875,45.125,43.375,45.09375,27.372129,57610200
1999-07-01,44.9375,45.75,44.1875,45.59375,27.675636,47737800
1999-07-02,45.4375,46.0625,45.15625,46,27.922228,32094800
1999-07-06,46.125,46.46875,44.625,44.78125,27.182447,45419400
1999-07-07,45.03125,46.15625,44.9375,46.15625,28.017082,33834600
1999-07-08,45.90625,46.5,45.34375,46.28125,28.09296,37790400
1999-07-09,46.1875,46.65625,46.125,46.625,28.301615,33884200
1999-07-12,46.59375,47.375,46.1875,47.09375,28.586138,43847800
1999-07-13,46.5625,47.03125,46.40625,46.8125,28.415422,30845000
1999-07-14,46.875,47.5,46.25,47.46875,28.813761,37985200
1999-07-15,47.5,47.625,46.875,47.1875,28.64304,40926200
1999-07-16,47.75,49.9375,47.5,49.71875,30.179535,115369800
1999-07-19,50,50.375,48.90625,49.1875,29.857065,81181600
1999-07-20,48.21875,48.375,46.15625,46.65625,28.32058,92287400
1999-07-21,46.8125,47.65625,46.5,47.34375,28.737909,54050800
1999-07-22,47.1875,47.25,45,45.53125,27.637693,60904200
1999-07-23,45.78125,45.875,44.84375,45.125,27.39109,68833200
1999-07-26,44.4375,44.90625,43.8125,43.8125,26.59441,50885000
1999-07-27,44.40625,44.875,44,44.40625,26.954815,65513000
1999-07-28,44.59375,45.25,44.1875,45,27.31522,62215200
1999-07-29,44.34375,44.40625,43.15625,43.46875,26.385759,57968200
1999-07-30,43.8125,44.3125,42.75,42.90625,26.04431,51127400
1999-08-02,42.84375,43.46875,42.1875,42.40625,25.740812,48050600
1999-08-03,42.9375,43.03125,42.1875,42.375,25.721846,55051200
1999-08-04,42.5625,43.59375,42.375,42.46875,25.778746,75573400
1999-08-05,42.6875,43.1875,42.375,42.875,26.025335,76634000
1999-08-06,43.03125,43.21875,42.46875,42.5625,25.83564,67205800
1999-08-09,42.8125,42.90625,41.84375,41.90625,25.437313,39333600
1999-08-10,41.78125,42.03125,40.8125,41.46875,25.171745,62743000
1999-08-11,42,42.34375,41.15625,42.09375,25.551119,66105200
1999-08-12,41.96875,42.09375,40.8125,40.875,24.811344,61062000
1999-08-13,41.46875,42.8125,41.375,42.34375,25.702873,65099800
1999-08-16,42.53125,42.945313,41.15625,42.15625,25.589054,57321800
1999-08-17,42.71875,42.75,41.46875,42.28125,25.664942,51749000
1999-08-18,42.21875,43.09375,42.03125,42.5,25.797712,58361200
1999-08-19,42.28125,42.5625,41.5625,41.90625,25.437313,71478200
1999-08-20,42,42.390625,41.53125,41.6875,25.304525,46072800
1999-08-23,42.15625,43.3125,41.9375,43.21875,26.234005,60447000
1999-08-24,43.53125,46.75,43.53125,46.09375,27.979143,120450000
1999-08-25,46.8125,48,46.59375,47.65625,28.927586,81877600
1999-08-26,47.6875,48.1875,46.84375,47.3125,28.71892,61246000
1999-08-27,47.53125,47.5625,46.1875,46.625,28.301615,41948400
1999-08-30,46.4375,46.71875,45.78125,46.125,27.998098,33300800
1999-08-31,45.90625,46.5625,45.0625,46.28125,28.09296,46882800
1999-09-01,46.15625,46.71875,45.8125,46.1875,28.036049,36607200
1999-09-02,45.75,46.28125,45.34375,45.90625,27.865324,33340800
1999-09-03,46.875,48.21875,46.75,47.9375,29.098293,52098000
1999-09-07,47.4375,48.34375,46.875,47.125,28.605122,47028000
1999-09-08,46.84375,47.34375,46.03125,46.125,27.998098,42568200
1999-09-09,46.21875,47.070313,45.898438,47.03125,28.548206,38475200
1999-09-10,47.53125,47.65625,47,47.5,28.832745,34455000
1999-09-13,47.25,47.40625,46.6875,46.9375,28.491293,27870800
1999-09-14,46.84375,47.78125,46.8125,47.53125,28.851704,40207800
1999-09-15,47.75,47.875,46.1875,46.3125,28.111929,48413800
1999-09-16,46.4375,47.03125,45.3125,47,28.529238,45796000
1999-09-17,47.1875,48.25,46.90625,48.21875,29.269024,79773400
1999-09-20,48,48.9375,47.5,48.78125,29.610453,48601800
1999-09-21,48.28125,48.28125,47.0625,47.3125,28.71892,47082800
1999-09-22,47.375,48.3125,46.84375,48.03125,29.155218,48531600
1999-09-23,48.4375,48.4375,45.007813,45.59375,27.675636,71073600
1999-09-24,45.09375,45.6875,44.4375,45.46875,27.599758,70277000
1999-09-27,46,46.46875,45.4375,45.71875,27.751503,34132200
1999-09-28,45.625,46.34375,44.53125,46.0625,27.960175,46000600
1999-09-29,45.78125,46.0625,44.5625,44.75,27.163485,37484400
1999-09-30,45,45.84375,44.40625,45.28125,27.485945,47455400
1999-10-01,45.09375,45.3125,44.15625,44.992188,27.310474,44239000
1999-10-04,45.25,46.3125,45.125,46.28125,28.09296,29998000
1999-10-05,46.375,46.9375,44.75,45.90625,27.865324,43397000
1999-10-06,46.15625,47,46.03125,46.84375,28.434397,35500200
1999-10-07,46.84375,47.53125,46.34375,46.875,28.453352,46036400
1999-10-08,46.75,47.59375,46.0625,47.46875,28.813761,35697000
1999-10-11,47.3125,47.5,47.0625,47.15625,28.624071,19943800
1999-10-12,47,47.15625,46.1875,46.28125,28.09296,27668600
1999-10-13,46,46.5625,45.15625,45.53125,27.637693,38098400
1999-10-14,45.4375,46.117188,44.84375,45.34375,27.523882,42737800
1999-10-15,44.75,44.90625,43.65625,44.03125,26.727192,73788000
1999-10-18,43.59375,44,42.53125,43.9375,26.670286,75312800
1999-10-19,44.125,44.625,42.625,43.15625,26.196056,69945600
1999-10-20,45.78125,46.1875,45.125,46.125,27.998098,88090600
1999-10-21,45.28125,46.5625,45.25,46.53125,28.244715,60801200
1999-10-22,46.78125,46.9375,45.875,46.34375,28.130875,43650600
1999-10-25,46,46.78125,45.5625,46.21875,28.055023,30492200
1999-10-26,47.1875,47.625,46.132813,46.1875,28.036049,52467600
1999-10-27,45.75,45.8125,44.84375,45.4375,27.580786,54416600
1999-10-28,45,45.4375,44.65625,44.9375,27.277287,70570400
1999-10-29,45.71875,47,45.625,46.28125,28.09296,79452600
1999-11-01,46.625,47.09375,46.0625,46.1875,28.036049,53261200
1999-11-02,46.375,47.25,45.96875,46.28125,28.09296,46349000
1999-11-03,46.46875,46.75,45.75,46,27.922228,44517000
1999-11-04,46.15625,46.375,45.15625,45.875,27.846355,54239400
1999-11-05,45.90625,46.4375,45.25,45.78125,27.789452,70167400
1999-11-08,42.40625,45.375,42.1875,44.96875,27.296261,243819200
1999-11-09,44.875,44.9375,43.21875,44.4375,26.973783,109769800
1999-11-10,44.0625,44.5625,43.21875,43.5625,26.442644,69385400
1999-11-11,44.125,45.21875,44.125,44.8125,27.201406,69274600
1999-11-12,44.875,45,43.53125,44.59375,27.06863,49414200
1999-11-15,44.125,44.25,43.46875,43.5,26.40472,47080400
1999-11-16,43.46875,43.875,42.9375,43.65625,26.499567,59165200
1999-11-17,43.21875,43.53125,42.5,42.5,25.797712,66819000
1999-11-18,42.46875,42.90625,42.25,42.46875,25.778746,64493200
1999-11-19,42.21875,43.28125,42.1875,43,26.101221,58226000
1999-11-22,44.8125,45.1875,44.21875,44.90625,27.258314,90596600
1999-11-23,44.625,45.6875,44.1875,44.8125,27.201406,70787400
1999-11-24,44.78125,46.125,44.75,45.84375,27.827383,53771000
1999-11-26,45.8125,46.6875,45.5,45.5625,27.65667,28514200
1999-11-29,45.0625,46.03125,44.75,45.09375,27.372129,51460200
1999-11-30,44.875,46.4375,44.78125,45.523438,27.632963,64145600
1999-12-01,45.53125,46.96875,45.4375,46.59375,28.282637,48864200
1999-12-02,46.53125,47.625,46.4375,47.40625,28.775835,55473800
1999-12-03,47.90625,48.5625,47.867188,48.0625,29.174181,64100600
1999-12-06,47.625,48.59375,47.375,47.71875,28.965528,49098200
1999-12-07,47.375,47.4375,46.4375,46.5,28.225729,56859200
1999-12-08,46.5625,47.15625,45.84375,45.875,27.846355,40955800
1999-12-09,46,46.65625,45.71875,46.375,28.149868,46258200
1999-12-10,46.6875,47.0625,46.125,46.9375,28.491293,36836000
1999-12-13,46.804688,48.46875,46.375,48.3125,29.325933,52691600
1999-12-14,48.09375,50.5625,47.65625,49.34375,29.951916,144116200
1999-12-15,49.28125,54.375,49.25,54.21875,32.911053,155571600
1999-12-16,54.625,57.5,54.46875,56.84375,34.504452,128660200
1999-12-17,58.3125,58.5625,56.8125,57.625,34.978664,105898800
1999-12-20,57.40625,57.5,55.59375,56.375,34.219929,39433800
1999-12-21,56.1875,58.3125,55.3125,57.9375,35.168362,57446000
1999-12-22,58.148438,59,57.5625,58.78125,35.680527,38565200
1999-12-23,58.625,59.625,58.375,58.71875,35.642567,31028400
1999-12-27,59.21875,59.625,58.0625,59.5625,36.154732,32202200
1999-12-28,59.375,59.40625,58.53125,58.75,35.661549,24591000
1999-12-29,58.46875,59.1875,58.40625,58.96875,35.794323,17449200
1999-12-30,58.9375,59.96875,58.5625,58.8125,35.699471,22360000
1999-12-31,58.75,58.875,58.125,58.375,35.43391,12517600
2000-01-03,58.6875,59.3125,56,58.28125,35.377022,53228400
2000-01-04,56.78125,58.5625,56.125,56.3125,34.18198,54119000
2000-01-05,55.5625,58.1875,54.6875,56.90625,34.542389,64059600
2000-01-06,56.09375,56.9375,54.1875,55,33.385288,54976600
2000-01-07,54.3125,56.125,53.65625,55.71875,33.821564,62013600
2000-01-10,56.71875,56.84375,55.6875,56.125,34.06815,44963600
2000-01-11,55.75,57.125,54.34375,54.6875,33.195591,46743600
2000-01-12,54.25,54.4375,52.21875,52.90625,32.114368,66532400
2000-01-13,52.1875,54.3125,50.75,53.90625,32.721363,83144000
2000-01-14,53.59375,56.96875,52.875,56.125,34.06815,73416400
2000-01-18,55.90625,58.25,55.875,57.65625,34.997646,81483600
2000-01-19,55.25,55.75,53,53.5,32.474762,97568200
2000-01-20,53.53125,54.84375,52.9375,53,32.171265,56349800
2000-01-21,53.5,53.625,51.625,51.875,31.488382,68416200
2000-01-24,51.898438,52.84375,50.40625,50.625,30.729633,63597600
2000-01-25,50.5,51.9375,49.78125,51.40625,31.203848,59823200
2000-01-26,51.21875,51.75,49.5625,49.6875,30.160557,49365000
2000-01-27,49.945313,50.59375,48.625,49.375,29.970873,63654800
2000-01-28,49.0625,50.125,48.625,49.125,29.819117,58225400
2000-01-31,48.8125,49.09375,47.4375,48.9375,29.705309,73194200
2000-02-01,49.25,51.625,48.84375,51.46875,31.241791,70196600
2000-02-02,51.21875,51.96875,50.25,50.40625,30.596851,49915600
2000-02-03,51.03125,52.09375,50.0625,51.8125,31.450462,49186000
2000-02-04,52.1875,54,52.070313,53.28125,32.341976,55365400
2000-02-07,53.40625,53.4375,52.125,53.3125,32.360947,40005800
2000-02-08,53.21875,55,53.21875,54.96875,33.36631,56229000
2000-02-09,54.71875,54.71875,51.9375,52,31.564264,55090000
2000-02-10,51.945313,53.28125,51.25,53,32.171265,54527800
2000-02-11,52.4375,52.4375,49.5625,49.96875,30.331272,115559000
2000-02-14,50.617188,50.875,49.53125,49.8125,30.236431,81028600
2000-02-15,49.875,50,49.0625,49.28125,29.913961,71027600
2000-02-16,49.625,50.09375,48.5625,48.8125,29.629435,65202600
2000-02-17,49.25,49.84375,48.570313,49.8125,30.236431,80343400
2000-02-18,50,50.03125,47.4375,47.53125,28.851704,79063000
2000-02-22,47.5625,48.5625,46.40625,46.90625,28.472336,66296200
2000-02-23,46.75,47.875,46.03125,47.125,28.605122,75847200
2000-02-24,47.125,47.9375,46,47.375,28.75687,69733200
2000-02-25,47.34375,47.351563,45.25,45.65625,27.713577,65301400
2000-02-28,45.125,46.0625,44.0625,45.78125,27.789452,76131800
2000-02-29,45.875,45.875,44.4375,44.6875,27.125532,58437400
2000-03-01,44.8125,47.046875,44.46875,45.40625,27.561827,106889800
2000-03-02,45.90625,47.6875,45.5625,46.6875,28.339558,106932600
2000-03-03,47.375,49.4375,46.9375,48.0625,29.174181,101435200
2000-03-06,48,48.6875,45.0625,45.3125,27.504913,93609400
2000-03-07,48.0625,48.75,45.96875,46.4375,28.187801,135061000
2000-03-08,46.90625,48.09375,45.5,47.78125,29.003466,94290000
2000-03-09,47.65625,50,47.5,50,30.350246,88198800
2000-03-10,49.78125,51.25,49.75,50.5,30.653742,85589000
2000-03-13,48.8125,50.125,48.75,49,29.743256,61831800
2000-03-14,49.3125,49.625,47.5625,47.5625,28.870676,73489200
2000-03-15,47.28125,48.3125,46.84375,47.6875,28.946547,53208000
2000-03-16,47.96875,48.34375,46.625,47.6875,28.946547,77300800
2000-03-17,47.625,49.75,47.25,49.6875,30.160557,81161600
2000-03-20,49.375,49.875,48.25,48.6875,29.553576,47773000
2000-03-21,48.375,51.5625,48.25,51.375,31.184902,81648800
2000-03-22,51.40625,52.8125,50.5625,51.625,31.336639,93975800
2000-03-23,53.40625,56.4375,53.3125,55.9375,33.954346,148224000
2000-03-24,56.3125,57.5,54.78125,55.84375,33.89743,112196800
2000-03-27,53.882813,54.125,51.96875,52.03125,31.583221,111434000
2000-03-28,51.8125,53.71875,51.1875,52.15625,31.659109,81114400
2000-03-29,52.59375,54.46875,52.5625,53.59375,32.531685,64363800
2000-03-30,53.09375,54.3125,51.25,51.6875,31.374582,64178400
2000-03-31,53,54.125,52.0625,53.125,32.24715,64281400
2000-04-03,47.21875,48.25,45,45.4375,27.580786,260118200
2000-04-04,45.78125,46,42.46875,44.28125,26.878937,181244400
2000-04-05,44.125,44.25,42.9375,43.1875,26.215025,82887600
2000-04-06,43.9375,44,42.632813,43,26.101221,66421400
2000-04-07,43.5,44.6875,42.5,44.53125,27.03068,82613600
2000-04-10,44.3125,44.3125,43,43.03125,26.12018,60685400
2000-04-11,42.5625,43.03125,41.75,41.9375,25.456274,71961800
2000-04-12,41.0625,41.125,39.375,39.6875,24.090523,153003800
2000-04-13,40.4375,41.125,39.5,39.625,24.052574,94316200
2000-04-14,39.5625,39.75,36.625,37.0625,22.497128,151217800
2000-04-17,37.125,38,36.5,37.9375,23.028244,119772200
2000-04-18,38.25,40.96875,37.9375,40.28125,24.45092,91794600
2000-04-19,40.71875,40.75,39.0625,39.34375,23.881844,53715400
2000-04-20,39.3125,39.9375,38.75,39.46875,23.957731,52387400
2000-04-24,33.625,34,32.5,33.3125,20.220852,313645800
2000-04-25,34.375,34.75,33.8125,34.6875,21.05549,159517400
2000-04-26,35,35.5625,33.6875,34,20.638178,107091200
2000-04-27,33.71875,34.96875,33.6875,34.90625,21.188278,77669800
2000-04-28,35.375,35.5,34.125,34.875,21.169294,78082600
2000-05-01,36.4375,37,35.84375,36.71875,22.288465,107811000
2000-05-02,36.40625,36.75,34.75,34.9375,21.207247,97716200
2000-05-03,35.1875,35.40625,34.40625,35.28125,21.415894,55354800
2000-05-04,35.15625,35.625,34.65625,35.21875,21.377962,43317200
2000-05-05,35.125,35.90625,34.9375,35.5625,21.586605,36402200
2000-05-08,35.46875,35.6875,34.84375,34.90625,21.188278,36187600
2000-05-09,35.09375,35.21875,33.75,33.90625,20.581266,60778400
2000-05-10,33.875,33.9375,32.875,33.09375,20.088072,67740000
2000-05-11,33.3125,34.0625,32.875,33.9375,20.600233,58390800
2000-05-12,34.21875,34.875,34.125,34.40625,20.884768,37886000
2000-05-15,34.5,34.71875,34,34.6875,21.05549,33899600
2000-05-16,34.78125,35.3125,34.53125,34.75,21.09342,48410600
2000-05-17,34.4375,34.5625,33.625,33.84375,20.543333,53242000
2000-05-18,34.03125,34.03125,32.9375,33.09375,20.088072,53640400
2000-05-19,32.6875,32.96875,32.25,32.53125,19.746634,66578000
2000-05-22,32.5625,32.625,31.21875,32.09375,19.481073,69955000
2000-05-23,31.9375,32.78125,31.53125,31.59375,19.177567,57963200
2000-05-24,31.5625,33.28125,31.5,32.78125,19.898386,85482400
2000-05-25,32.28125,32.375,30.5625,30.75,18.665411,94348800
2000-05-26,31.03125,31.3125,30.1875,30.71875,18.646437,55822000
2000-05-30,31.21875,32.0625,31,31.6875,19.234478,68536400
2000-05-31,31.820313,31.851563,31.03125,31.28125,18.987873,54968200
2000-06-01,32.1875,33,31.90625,32.28125,19.594883,94507200
2000-06-02,33,33.375,32.5,33.15625,20.126013,80463200
2000-06-05,33.007813,34.1875,33,33.4375,20.296734,64400000
2000-06-06,34.09375,34.9375,33.90625,34.8125,21.131361,99019000
2000-06-07,34.625,35.375,33.5625,35.25,21.396925,76310600
2000-06-08,35.78125,36.0625,34.125,34.40625,20.884768,94765600
2000-06-09,34.8125,34.84375,34.15625,34.40625,20.884768,35710200
2000-06-12,34.5,34.5,33.1875,33.4375,20.296734,49260600
2000-06-13,33.375,34,33.0625,33.9375,20.600233,44289200
2000-06-14,34.90625,35.5,34.75,35.25,21.396925,79992400
2000-06-15,35.40625,36.34375,35.3125,36.1875,21.96599,65592600
2000-06-16,36.3125,36.5625,35.75,36.28125,22.022909,68710600
2000-06-19,36.28125,36.90625,36,36.84375,22.364346,46604800
2000-06-20,36.9375,37.625,36.875,37.46875,22.74371,62275000
2000-06-21,38.5,41.09375,38.46875,40.34375,24.488863,160399600
2000-06-22,40.6875,41,39.65625,39.9375,24.24226,87315200
2000-06-23,39.96875,40.03125,38.5,38.84375,23.578342,49811600
2000-06-26,38.75,40.0625,38.75,39.75,24.128458,48287000
2000-06-27,39.625,40.0625,39.1875,39.40625,23.9198,31071200
2000-06-28,39.5,40.03125,39.3125,39.46875,23.957731,37459200
2000-06-29,39.125,39.46875,38.53125,38.59375,23.426601,38449000
2000-06-30,38.53125,40,38.34375,40,24.280195,52356400
2000-07-03,39.84375,40.03125,39.6875,40,24.280195,15734800
2000-07-05,39.9375,39.9375,39.125,39.25,23.824955,34824400
2000-07-06,39.4375,40.84375,39.25,40.46875,24.56473,47873200
2000-07-07,40.632813,41.4375,40.28125,41,24.887201,54153200
2000-07-10,40.34375,40.65625,39.6875,39.71875,24.109476,52689800
2000-07-11,39.40625,40.25,39.25,39.5625,24.014635,37164800
2000-07-12,39.125,40.5,38.59375,40.15625,24.375046,58370200
2000-07-13,39.40625,40,38.6875,39.96875,24.261248,80843200
2000-07-14,39.75,39.875,39.21875,39.46875,23.957731,51180600
2000-07-17,39.125,39.78125,38.75,39.09375,23.730106,53992800
2000-07-18,38.8125,39.75,38.71875,39.25,23.824955,70617200
2000-07-19,38.03125,38.75,36.40625,36.5625,22.193615,139924600
2000-07-20,36.71875,37.625,36.5625,37.40625,22.70579,54690600
2000-07-21,37.375,37.5,35.9375,36.15625,21.947027,56100600
2000-07-24,36.03125,36.0625,35,35.28125,21.415894,56165600
2000-07-25,35.40625,35.5,34.1875,34.5,20.941675,64188600
2000-07-26,34.53125,34.75,33.625,33.90625,20.581266,85404600
2000-07-27,33.9375,35.0625,33.75,34.6875,21.05549,74337600
2000-07-28,35.46875,35.90625,34.8125,34.84375,21.150328,75645600
2000-07-31,35.09375,35.5625,34.625,34.90625,21.188278,70283800
2000-08-01,34.96875,35.03125,34.09375,34.34375,20.846832,47163600
2000-08-02,34.28125,35.21875,34.25,34.6875,21.05549,48269200
2000-08-03,34.09375,35.1875,34.0625,35.125,21.321053,54543400
2000-08-04,34.71875,34.9375,34.09375,34.5625,20.979618,38107400
2000-08-07,35.09375,35.5625,34.875,35,21.245169,52741800
2000-08-08,35.03125,37.34375,35,37.0625,22.497128,138038800
2000-08-09,36.875,37.4375,36.5625,37.125,22.535061,63945600
2000-08-10,36.90625,37.03125,35.875,36.3125,22.041862,48986000
2000-08-11,36.21875,36.34375,35.8125,36.21875,21.984957,35629600
2000-08-14,36.15625,36.6875,35.6875,36.09375,21.909094,53427000
2000-08-15,36,36.5,35.75,35.8125,21.738375,40714200
2000-08-16,35.9375,36.125,35.28125,35.5,21.548681,44976200
2000-08-17,35.5625,36,35.28125,35.78125,21.719398,36112800
2000-08-18,35.5625,35.71875,35,35.5,21.548681,54438800
2000-08-21,35.34375,35.40625,35.03125,35.3125,21.434868,34119600
2000-08-22,35.40625,36.21875,35.109375,35.625,21.624561,54428200
2000-08-23,35.40625,35.5625,35.1875,35.375,21.472807,36726800
2000-08-24,35.3125,35.59375,34.96875,35.5625,21.586605,42405400
2000-08-25,35.34375,35.84375,35.28125,35.3125,21.434868,52729400
2000-08-28,35.09375,36.0625,35.0625,35.65625,21.643517,56421600
2000-08-29,35.59375,36.375,35.4375,35.46875,21.529711,59400200
2000-08-30,35.34375,35.46875,34.84375,35,21.245169,53498800
2000-08-31,35.4375,36,34.84375,34.90625,21.188278,72575400
2000-09-01,35,35.3125,34.84375,35.09375,21.302086,37629800
2000-09-05,35,35.34375,34.90625,35.0625,21.283119,50755200
2000-09-06,35.03125,35.34375,34.65625,34.71875,21.074457,62960800
2000-09-07,35,36.03125,34.71875,35.03125,21.264153,111711200
2000-09-08,35.1875,35.4375,34.59375,34.65625,21.036524,56709600
2000-09-11,34.5625,34.84375,34.03125,34.40625,20.884768,48495200
2000-09-12,34.375,34.65625,33.8125,34.0625,20.676105,46781200
2000-09-13,33.78125,34.375,33.59375,34.125,20.714052,40744800
2000-09-14,34.34375,34.375,32.84375,32.90625,19.974262,78503000
2000-09-15,32.71875,32.8125,31.65625,32.09375,19.481073,99915200
2000-09-18,32.125,32.3125,31.09375,31.5,19.120655,69037800
2000-09-19,31.8125,32.875,31.6875,32.5,19.727667,79311200
2000-09-20,32.4375,32.5,31.59375,32.125,19.500038,67791400
2000-09-21,32,32.5625,31.78125,32.09375,19.481073,48952200
2000-09-22,30.5625,31.75,30.5,31.625,19.196531,84476600
2000-09-25,31.625,31.75,30.21875,30.625,18.589527,53484200
2000-09-26,30.46875,32.9375,30.21875,31.34375,19.025818,155704800
2000-09-27,31.71875,31.78125,29.90625,30.3125,18.399841,106155600
2000-09-28,30.40625,30.9375,30.3125,30.65625,18.608496,52360400
2000-09-29,30.5,30.65625,29.3125,30.15625,18.304993,74053600
2000-10-02,30.25,30.40625,29.125,29.5625,17.944586,58562400
2000-10-03,29.78125,29.90625,28.25,28.28125,17.166866,85374000
2000-10-04,28.1875,28.28125,27.25,27.71875,16.825428,136453400
2000-10-05,27.75,28.625,27.625,27.6875,16.806459,81099400
2000-10-06,27.90625,28.375,27.375,27.78125,16.863354,61794000
2000-10-09,27.8125,27.875,26.5,27.09375,16.446043,58323600
2000-10-10,26.96875,27.78125,26.90625,27.28125,16.559851,62066200
2000-10-11,27,28.46875,27,27.875,16.920265,101205800
2000-10-12,28.15625,28.4375,26.90625,27.1875,16.502947,90219600
2000-10-13,26.9375,27.4375,26.0625,26.875,16.313251,104521200
2000-10-16,26.75,26.90625,24.78125,25.1875,15.288943,119759000
2000-10-17,25.9375,26.21875,25.125,25.21875,15.307907,81276600
2000-10-18,24.8125,26.625,24.21875,25.875,15.706254,110536400
2000-10-19,29.21875,31.09375,29,30.9375,18.779213,256993200
2000-10-20,30.65625,33.0625,30.5625,32.59375,19.784571,160378600
2000-10-23,32.3125,33.125,30.34375,31.0625,18.855089,185170400
2000-10-24,31.3125,31.46875,30.09375,30.75,18.665411,94427400
2000-10-25,30.96875,31.71875,30.21875,30.625,18.589527,167603800
2000-10-26,30.5,32.53125,30.40625,32.21875,19.556944,114826600
2000-10-27,32.34375,34.59375,32.3125,33.84375,20.543333,124292400
2000-10-30,33.75,35.0625,33.6875,34.53125,20.960638,110057600
2000-10-31,34.5,34.75,34,34.4375,20.903727,104474000
2000-11-01,34.25,35.03125,34.21875,34.8125,21.131361,81309400
2000-11-02,35.1875,35.421875,34.8125,35.15625,21.340019,77985200
2000-11-03,34.625,34.8125,34.03125,34.125,20.714052,68711000
2000-11-06,34.34375,35.0625,34.125,34.75,21.09342,74851400
2000-11-07,34.875,35.9375,34.75,35.25,21.396925,104331200
2000-11-08,35.5625,36.1875,34,34.71875,21.074457,206149400
2000-11-09,34.25,35.65625,34.21875,35.4375,21.510738,91058600
2000-11-10,34.96875,35.15625,33.40625,33.6875,20.448479,93744400
2000-11-13,33.34375,34.0625,32.203125,33.21875,20.163946,83364800
2000-11-14,34,34.90625,33.65625,34.40625,20.884768,84218600
2000-11-15,34.53125,35.4375,34.34375,35.03125,21.264153,60422200
2000-11-16,34.71875,35.75,34.46875,34.46875,20.922705,92128600
2000-11-17,34.71875,35,33.898438,34.53125,20.960638,106525600
2000-11-20,34.0625,34.25,32.78125,33.59375,20.391584,80157200
2000-11-21,33.6875,34.625,33.6875,33.875,20.562298,59487600
2000-11-22,33.03125,34.75,33,34.125,20.714052,76343200
2000-11-24,34.5,35.21875,34.25,34.96875,21.226208,34439200
2000-11-27,35.71875,36.125,35.3125,35.34375,21.453825,85307600
2000-11-28,34.6875,34.875,33.40625,33.5,20.334677,127446200
2000-11-29,33.40625,33.5625,31.625,32.53125,19.746634,98280400
2000-11-30,31,31.03125,28.5,28.6875,17.413462,197200800
2000-12-01,29.03125,30.3125,28.03125,28.3125,17.185829,109809800
2000-12-04,28.625,29.5,27.59375,28.21875,17.128923,80407200
2000-12-05,29.59375,30.25,29.125,29.9375,18.172224,101734400
2000-12-06,30,30.03125,28.03125,28.34375,17.204796,90560800
2000-12-07,26.71875,27,26.125,26.5625,16.123575,145308400
2000-12-08,27.3125,27.9375,26.71875,27.21875,16.521915,120939800
2000-12-11,27.75,29.375,27.5,29.03125,17.622116,95576200
2000-12-12,28.90625,30,28.375,29.1875,17.716955,63106000
2000-12-13,30.25,30.25,28.40625,28.625,17.375517,98360400
2000-12-14,28.96875,29.367188,27.6875,27.75,16.844389,71201400
2000-12-15,25.523438,26,23.875,24.59375,14.928533,116899800
2000-12-18,24.5,25,23.5,23.90625,14.511213,107187400
2000-12-19,23.71875,24,22.25,22.40625,13.600703,120271800
2000-12-20,21.40625,22,20.6875,20.75,12.59535,149037800
2000-12-21,20.375,22.5625,20.15625,21.71875,13.183388,163173000
2000-12-22,22.375,23.5625,22.375,23.21875,14.093901,109551800
2000-12-26,23.4375,24.28125,22.9375,23.4375,14.226676,66941600
2000-12-27,23.0625,23.40625,22.5,23.21875,14.093901,69003800
2000-12-28,22.5625,23.125,21.9375,22.28125,13.524827,77619200
2000-12-29,21.96875,22.90625,21.5,21.6875,13.164426,99977600
2001-01-02,22.0625,22.5,21.4375,21.6875,13.164426,82413200
2001-01-03,21.59375,24.4375,21.5625,23.96875,14.549147,135962200
2001-01-04,23.90625,25.25,23.4375,24.21875,14.700899,112397000
2001-01-05,24.25,24.9375,23.78125,24.5625,14.909558,93414600
2001-01-08,24.46875,24.875,23.34375,24.46875,14.852654,79817600
2001-01-09,25,26.3125,24.875,25.90625,15.725231,114965400
2001-01-10,25.5,26.90625,25.375,26.4375,16.047699,90230200
2001-01-11,26.5,27.875,26.15625,27.5,16.692644,101854800
2001-01-12,27.4375,27.5,26.25,26.75,16.237381,73712000
2001-01-16,26.6875,26.75,25.5625,26.28125,15.952849,68462400
2001-01-17,26.8125,27.4375,26.28125,26.46875,16.066662,72844200
2001-01-18,26.84375,28.09375,26.3125,27.75,16.844389,109788800
2001-01-19,30,30.71875,29.4375,30.5,18.513659,209348800
2001-01-22,30.375,30.5,29.5,30.0625,18.248093,76673000
2001-01-23,29.875,30.46875,29.46875,30.28125,18.380877,70295200
2001-01-24,30.5,31.71875,30.375,31.46875,19.101686,110455000
2001-01-25,31.375,32,30.78125,30.90625,18.760254,85657400
2001-01-26,30.5,32.15625,30.5,32,19.424162,93080000
2001-01-29,31.78125,32.3125,31.75,32.25,19.575914,84983800
2001-01-30,32.25,32.375,31.4375,31.6875,19.234478,57276800
2001-01-31,31.5,31.875,30.5,30.53125,18.532629,81898800
2001-02-01,30.40625,31.3125,30.1875,31.1875,18.930973,71792800
2001-02-02,31.25,31.6875,30.375,30.40625,18.456745,71100000
2001-02-05,30.375,31.03125,30.125,30.96875,18.798187,51399200
2001-02-06,31.03125,31.90625,30.84375,31.28125,18.987873,96442000
2001-02-07,31,32.53125,30.90625,32.34375,19.63282,126061800
2001-02-08,31.875,32.25,31,31.125,18.89303,88041200
2001-02-09,30.65625,30.78125,29.25,29.5625,17.944586,100575200
2001-02-12,29.40625,29.71875,28.59375,29.375,17.830774,71289400
2001-02-13,29.8125,30.53125,29.0625,29.09375,17.660059,76070600
2001-02-14,28.8125,29.5,28.1875,29.1875,17.716955,61728400
2001-02-15,29.5,30.09375,28.9375,29.40625,17.849735,65627800
2001-02-16,28.5,29.125,28.0625,28.65625,17.394487,66958400
2001-02-20,28.6875,29.125,27.6875,27.9375,16.958202,60730800
2001-02-21,27.625,29.03125,27.59375,28.125,17.072021,63947200
2001-02-22,28.15625,28.40625,26.9375,27.59375,16.749544,100816400
2001-02-23,27.21875,28.75,27.15625,28.375,17.223768,92620600
2001-02-26,28.8125,29.96875,28.6875,29.78125,18.077366,87936800
2001-02-27,29.6875,30.59375,29.335938,29.6875,18.020468,99148600
2001-02-28,29.78125,30.039063,29.09375,29.5,17.906652,84608400
2001-03-01,29.28125,29.75,28.125,29.679688,18.015718,81781600
2001-03-02,28.75,29.0625,28.21875,28.34375,17.204796,79800800
2001-03-05,28.625,29.3125,28.28125,28.71875,17.432434,49383600
2001-03-06,29.3125,30,29.1875,29.71875,18.039431,66781800
2001-03-07,29.9375,30.5625,29.65625,30.34375,18.418804,59743600
2001-03-08,30.15625,30.296875,29.21875,29.625,17.982521,54626000
2001-03-09,28.96875,29.09375,27.4375,28.34375,17.204796,103794400
2001-03-12,27.34375,27.5,25.8125,25.96875,15.763165,114376000
2001-03-13,26.09375,27.375,26,27.09375,16.446043,91035600
2001-03-14,26.25,27.625,26.09375,27,16.389135,90686200
2001-03-15,27.65625,28.039063,26.75,26.84375,16.294294,71638400
2001-03-16,26.25,27.5625,26.242188,27.28125,16.559851,112848800
2001-03-19,27.25,27.75,26.5625,27.15625,16.483988,61036400
2001-03-20,27.28125,28.0625,26.3125,26.34375,15.990787,91822800
2001-03-21,26.125,26.625,24.875,25.03125,15.194093,124988600
2001-03-22,25.28125,27.03125,25.25,27,16.389135,126363200
2001-03-23,27.46875,28.5,27.1875,28.28125,17.166866,99519600
2001-03-26,28.5625,28.75,27.78125,28.03125,17.01511,63118600
2001-03-27,28.03125,29.28125,27.9375,29.125,17.679026,95135600
2001-03-28,28.6875,28.96875,27.6875,27.78125,16.863354,78681600
2001-03-29,27.6875,28.59375,27.28125,27.6875,16.806459,86985000
2001-03-30,27.875,28.09375,26.9375,27.34375,16.597795,91201600
2001-04-02,27.40625,28.46875,27.3125,27.90625,16.93924,75924000
2001-04-03,27.65625,27.65625,26.375,26.6875,16.199448,94187600
2001-04-04,26.6875,27.5,25.53125,25.96875,15.763165,104046600
2001-04-05,26.875,28.6875,26.75,28.375,17.223768,113364000
2001-04-06,28.1875,28.59375,27.53125,28.09375,17.053049,92622000
2001-04-09,28.285,28.709999,27.83,28.575001,17.345175,56295600
2001-04-10,28.975,30.045,28.889999,29.84,18.113035,109199400
2001-04-11,30.325001,30.75,29.85,30.02,18.222296,109879600
2001-04-12,29.780001,31.155001,29.674999,31.09,18.871788,87520000
2001-04-16,30.700001,30.790001,30.059999,30.395,18.449921,65857400
2001-04-17,30.26,31.055,30.02,30.74,18.65934,85149200
2001-04-18,31.695,33.154999,31.5,32.715,19.858171,156696400
2001-04-19,32.904999,34.5,32.875,34.02,20.650311,159375600
2001-04-20,35.150002,35.549999,34.25,34.5,20.941675,192919600
2001-04-23,34.055,34.235001,33.450001,34.125,20.714052,92171200
2001-04-24,34.099998,34.965,33.57,33.775002,20.501598,89176600
2001-04-25,33.785,34.895,33.625,34.845001,21.151094,76744000
2001-04-26,35.035,35.5,34.125,34.564999,20.981133,118737600
2001-04-27,34.764999,34.84,33.105,33.560001,20.371086,121572400
2001-04-30,34.264999,34.529999,33.84,33.875,20.562298,74368200
2001-05-01,33.830002,35.150002,33.799999,35.084999,21.296782,83702800
2001-05-02,35.5,35.575001,34.674999,34.880001,21.172335,92864400
2001-05-03,34.625,35.09,34.07,34.264999,20.799026,66273400
2001-05-04,34,35.525002,33.98,35.375,21.472807,119538400
2001-05-07,35.415001,36.075001,35.349998,35.689999,21.664009,109356200
2001-05-08,35.875,36.049999,35.375,36.029999,21.870403,75084000
2001-05-09,35.619999,35.650002,34.93,35.200001,21.366571,76676600
2001-05-10,35.564999,35.619999,34.98,35,21.245169,64334600
2001-05-11,34.98,35,34.325001,34.700001,21.063086,51128800
2001-05-14,34.564999,34.599998,34.150002,34.360001,20.856705,44968000
2001-05-15,34.369999,34.650002,34,34.134998,20.720119,61385600
2001-05-16,33.849998,34.939999,33.665001,34.580002,20.990238,91893800
2001-05-17,34.549999,35.07,33.775002,34.084999,20.689772,106984800
2001-05-18,33.845001,34.599998,33.625,34.044998,20.665485,90605400
2001-05-21,34.025002,34.994999,33.875,34.395,20.877937,103491600
2001-05-22,34.724998,35.174999,34.59,35.154999,21.339258,83455600
2001-05-23,35.195,35.799999,34.755001,34.849998,21.154135,93637400
2001-05-24,34.970001,35.889999,34.634998,35.860001,21.7672,80781600
2001-05-25,35.830002,35.950001,35.18,35.455002,21.52137,52747600
2001-05-29,35.400002,35.875,35.025002,35.169998,21.348358,71210800
2001-05-30,34.779999,35.290001,34.325001,34.595001,20.999336,86501800
2001-05-31,34.744999,35.189999,34.200001,34.59,20.996305,70682600
2001-06-01,34.799999,35.349998,34.349998,35.169998,21.348358,57587600
2001-06-04,35.275002,35.509998,34.900002,35.389999,21.481915,43736600
2001-06-05,35.380001,36.540001,35.25,36.299999,22.034296,89454200
2001-06-06,36.445,36.740002,35.775002,36.18,21.961451,80022800
2001-06-07,36.060001,36.865002,36.040001,36.84,22.362059,66960000
2001-06-08,36.849998,36.875,36.025002,36.595001,22.21336,51867000
2001-06-11,36.424999,36.424999,35.755001,36.060001,21.888607,47345600
2001-06-12,35.509998,36.205002,35.404999,36.040001,21.876465,66714600
2001-06-13,36.025002,36.150002,35.32,35.345001,21.45459,55302400
2001-06-14,35.110001,35.275002,34.200001,34.450001,20.911325,71972400
2001-06-15,33.755001,34.150002,33.200001,34.009998,20.644238,108354400
2001-06-18,33.974998,33.98,33.005001,33.439999,20.298246,56846800
2001-06-19,34.105,34.424999,33.424999,33.66,20.431787,63457400
2001-06-20,33.57,34.794998,33.549999,34.705002,21.066116,64108400
2001-06-21,34.575001,35.275002,34.459999,34.919998,21.196613,69603800
2001-06-22,35,35.305,34.290001,34.415001,20.890081,51092000
2001-06-25,34.549999,34.904999,33.884998,34.424999,20.896152,49215600
2001-06-26,33.91,35.105,33.849998,35.07,21.287668,63077000
2001-06-27,34.93,35.764999,34.68,35.57,21.591164,69199800
2001-06-28,35.775002,38.075001,35.264999,36.369999,22.076777,128975600
2001-06-29,36.299999,36.705002,35.700001,36.5,22.155682,94283800
2001-07-02,36.025002,36.575001,35.075001,35.299999,21.42728,72810200
2001-07-03,35.150002,35.400002,34.965,35.235001,21.387819,28037400
2001-07-05,35.110001,35.360001,34.220001,34.255001,20.792952,49242600
2001-07-06,34.150002,34.200001,32.834999,33.029999,20.049366,67467800
2001-07-09,33.099998,33.455002,32.52,32.845001,19.937088,66476600
2001-07-10,32.950001,33.125,32.174999,32.240002,19.569839,66562600
2001-07-11,32.105,33.375,32.099998,33.25,20.182922,73822600
2001-07-12,35.349998,36.025002,35.165001,35.799999,21.730782,128078000
2001-07-13,35.700001,36,35.470001,35.669998,21.651871,58934600
2001-07-16,35.724998,36.080002,35.075001,35.59,21.603317,55990800
2001-07-17,35.330002,36.005001,35.07,35.91,21.797562,63241000
2001-07-18,35.299999,35.75,34.935001,35.285,21.418171,57590800
2001-07-19,35.610001,36.5,35.610001,36.285,22.025177,76549400
2001-07-20,34.014999,34.700001,33.970001,34.59,20.996305,124203600
2001-07-23,34.619999,34.619999,33.174999,33.544998,20.361982,79999400
2001-07-24,33.5,33.994999,32.849998,33.16,20.128284,67530200
2001-07-25,33.130001,33.759998,32.805,33.740002,20.480349,74065400
2001-07-26,33.560001,33.66,32.75,33.294998,20.210236,77974000
2001-07-27,33.025002,33.125,32.525002,32.735001,19.870306,65396000
2001-07-30,32.825001,33.439999,32.77,32.900002,19.970461,42196400
2001-07-31,33.005001,33.695,32.924999,33.095001,20.088829,59031600
2001-08-01,33.400002,33.404999,32.880001,33.235001,20.173807,55679000
2001-08-02,33.605,33.77,33.130001,33.724998,20.471233,54198400
2001-08-03,33.650002,33.68,33,33.445,20.301281,43260400
2001-08-06,33.264999,33.560001,32.84,33.064999,20.070618,27831600
2001-08-07,33.02,33.525002,32.994999,33.174999,20.137384,31347800
2001-08-08,33.255001,33.619999,32.244999,32.43,19.685177,54996400
2001-08-09,32.490002,32.775002,32.150002,32.505001,19.730703,45536200
2001-08-10,32.384998,32.93,31.450001,32.759998,19.885483,51756400
2001-08-13,32.619999,32.994999,32.375,32.915001,19.97957,32675400
2001-08-14,32.875,33.044998,32.224998,32.345001,19.633577,36481200
2001-08-15,32.355,32.525002,31.6,31.6,19.181362,39503000
2001-08-16,31.42,32.355,31.35,32.310001,19.612329,43905600
2001-08-17,31.889999,32.064999,30.75,30.940001,18.780741,52234200
2001-08-20,30.83,31.375,30.549999,31.35,19.029608,48371200
2001-08-21,31.35,31.6,30.355,30.389999,18.446877,47111800
2001-08-22,30.565001,30.575001,29.540001,30.33,18.410465,78107200
2001-08-23,30.334999,30.764999,29.5,29.559999,17.943075,51813200
2001-08-24,29.799999,31.139999,29.615,31.025,18.832329,63399000
2001-08-27,30.950001,31.68,30.785,31.155001,18.911242,44562800
2001-08-28,31.17,31.475,30.290001,30.370001,18.434738,47422800
2001-08-29,30.525,30.65,29.77,30.125,18.286028,48170000
2001-08-30,29.52,29.83,28.26,28.469999,17.281435,97632000
2001-08-31,28.424999,29.030001,28.15,28.525,17.314816,57900800
2001-09-04,28.594999,29.540001,28.035,28.049999,17.026499,67189200
2001-09-05,28.09,29.195,27.695,28.870001,17.524242,89470600
2001-09-06,28.280001,29.195,27.950001,28.01,17.002216,112356800
2001-09-07,28.055,28.68,27.655001,27.700001,16.814043,89863800
2001-09-10,27.459999,28.975,27.35,28.790001,17.475677,84471800
2001-09-17,27.01,27.549999,26.4,26.455,16.058311,127502000
2001-09-18,26.705,27.5,26.584999,27.16,16.486258,83182600
2001-09-19,27.23,27.35,25.299999,26.934999,16.349682,126950200
2001-09-20,26.174999,26.305,25.334999,25.379999,15.405788,117983200
2001-09-21,23.959999,25.299999,23.75,24.855,15.087103,184976600
2001-09-24,25.325001,26.225,24.934999,26.004999,15.785163,85580200
2001-09-25,26.135,26.5,25.08,25.65,15.569674,84940600
2001-09-26,25.754999,25.9,24.775,25.135,15.25707,58524400
2001-09-27,25.049999,25.34,24,24.98,15.162986,81191200
2001-09-28,24.809999,25.795,24.49,25.584999,15.530229,116641200
2001-10-01,25.469999,26.25,25.205,25.895,15.71839,69999600
2001-10-02,25.815001,26.775,25.780001,26.525,16.100807,80860800
2001-10-03,26.24,28.465,26.200001,28.115,17.065939,97199200
2001-10-04,28.459999,29.200001,28.105,28.219999,17.129681,101778000
2001-10-05,28.08,29,27.469999,28.860001,17.518162,80844400
2001-10-08,28.4,29.325001,28.370001,29.02,17.615292,60605800
2001-10-09,28.75,28.785,27.094999,27.280001,16.559099,99477600
2001-10-10,26.799999,27.875,26.5,27.754999,16.847418,86349200
2001-10-11,27.879999,28.42,27.295,28.16,17.093264,83742600
2001-10-12,27.85,28.32,27.275,28.190001,17.111477,63307000
2001-10-15,27.950001,29.25,27.924999,29.030001,17.621359,68437000
2001-10-16,28.934999,29.455,28.605,29.225,17.739723,66169000
2001-10-17,29.559999,29.65,27.99,28.014999,17.005249,73710600
2001-10-18,28.17,28.790001,27.75,28.375,17.223768,78348000
2001-10-19,28.700001,29.004999,27.815001,28.950001,17.572796,91219600
2001-10-22,28.950001,30.09,28.735001,30.08,18.258709,72323600
2001-10-23,30.235001,30.719999,29.700001,30.215,18.340658,80325000
2001-10-24,30.25,30.809999,29.809999,30.66,18.610769,79141400
2001-10-25,30.305,31.299999,29.785,31.280001,18.987122,75318200
2001-10-26,31.16,31.815001,31.040001,31.1,18.877861,64509400
2001-10-29,31.049999,31.1,29.77,29.82,18.100899,55129400
2001-10-30,29.459999,29.77,29.094999,29.440001,17.870234,57395600
2001-10-31,29.65,30.365,29.049999,29.075001,17.64868,64700000
2001-11-01,30.040001,31.125,29.799999,30.92,18.768599,109671200
2001-11-02,30.965,31.51,30.254999,30.700001,18.635057,83360000
2001-11-05,30.93,32.014999,30.875,31.635,19.202602,66401600
2001-11-06,31.35,32.470001,31.08,32.389999,19.660892,68612000
2001-11-07,32.110001,32.525002,32.014999,32.125,19.500038,58899000
2001-11-08,32.23,33.029999,31.83,32.209999,19.551628,74227800
2001-11-09,32.169998,32.825001,31.955,32.605,19.791395,48013600
2001-11-12,32.349998,33.220001,31.825001,32.895,19.967432,57752800
2001-11-13,33.400002,33.974998,33.299999,33.950001,20.607834,60159600
2001-11-14,34.115002,34.169998,32.895,32.974998,20.015989,88625600
2001-11-15,33.049999,33.525002,32.724998,33.060001,20.067595,77922000
2001-11-16,33.18,33.305,32.474998,32.875,19.95529,59249000
2001-11-19,33.125,33.485001,32.849998,33.27,20.195063,56005000
2001-11-20,33.224998,33.900002,32.514999,32.700001,19.849068,65921800
2001-11-21,32.18,32.299999,31.74,32.025002,19.439339,50785200
2001-11-23,32.189999,32.404999,31.809999,32.355,19.639647,15754600
2001-11-26,32.494999,32.855,32.200001,32.57,19.770153,41983600
2001-11-27,32.395,32.535,31.375,31.870001,19.345253,90819000
2001-11-28,31.584999,32.060001,31.365,31.4,19.059965,54536600
2001-11-29,31.559999,32.450001,31.475,32.419998,19.679098,54034400
2001-11-30,32.330002,32.540001,31.965,32.105,19.4879,48234200
2001-12-03,31.915001,32.615002,31.9,32.384998,19.657858,47211800
2001-12-04,32.5,33.040001,32.049999,33,20.031164,51005800
2001-12-05,33.244999,34.084999,32.599998,34.049999,20.668518,74243000
2001-12-06,33.990002,34.5,33.775002,34.325001,20.835442,56026200
2001-12-07,34.125,34.419998,33.275002,33.915001,20.586565,42334800
2001-12-10,33.759998,34.224998,33.43,33.529999,20.352879,38367400
2001-12-11,33.830002,34.064999,33.535,33.66,20.431787,54334000
2001-12-12,33.580002,33.990002,33.125,33.974998,20.622992,47884200
2001-12-13,33.564999,34.119999,33.035,33.134998,20.113113,53227800
2001-12-14,33.009998,33.974998,32.965,33.720001,20.468206,43000600
2001-12-17,33.584999,34.555,33.580002,34.490002,20.935595,57079800
2001-12-18,34.459999,34.700001,34.299999,34.634998,21.023624,47255200
2001-12-19,34.310001,34.945,34.224998,34.744999,21.090389,56996200
2001-12-20,34.575001,34.625,33.310001,33.380001,20.261826,78585000
2001-12-21,34.005001,34.009998,33.5,33.77,20.498566,84307600
2001-12-24,33.860001,34.014999,33.599998,33.634998,20.416609,11701600
2001-12-26,33.709999,34.535,33.695,33.84,20.541052,29328000
2001-12-27,33.990002,34.355,33.630001,33.924999,20.592646,32406600
2001-12-28,34.115002,34.424999,33.849998,33.935001,20.598709,28787200
2001-12-31,33.919998,34.240002,33.125,33.125,20.107042,43006200
2002-01-02,33.325001,33.555,32.755001,33.52,20.346807,48124000
2002-01-03,33.555,34.625,33.544998,34.615002,21.011484,67590800
2002-01-04,34.625,34.955002,34.334999,34.450001,20.911325,52731400
2002-01-07,34.875,35.009998,34.174999,34.279999,20.80814,58508800
2002-01-08,34.345001,34.93,34,34.689999,21.057009,47736400
2002-01-09,34.860001,35.310001,34.275002,34.355,20.853659,76304000
2002-01-10,34.240002,34.900002,34.064999,34.639999,21.026657,50296600
2002-01-11,34.759998,35.16,34.049999,34.305,20.823305,72993200
2002-01-14,34.150002,34.52,33.869999,34.235001,20.780819,50997800
2002-01-15,34.330002,34.810001,34.25,34.775002,21.108601,60717400
2002-01-16,34.424999,34.919998,33.924999,33.935001,20.598709,61955400
2002-01-17,34.264999,35,34.200001,34.93,21.202688,78958000
2002-01-18,33.549999,33.924999,32.709999,33.049999,20.06151,107140400
2002-01-22,33.305,33.314999,32.125,32.23,19.563772,76837200
2002-01-23,32.025002,32.355,31.620001,31.870001,19.345253,80403000
2002-01-24,32.049999,32.59,31.9,32.299999,19.606276,83886000
2002-01-25,32.095001,32.424999,31.754999,31.9,19.363455,48981200
2002-01-28,32.115002,32.200001,31.455,31.91,19.369532,41622000
2002-01-29,31.950001,32.25,30.995001,31.16,18.914282,58666000
2002-01-30,31.225,31.450001,30.665001,31.424999,19.07513,66100000
2002-01-31,31.530001,31.905001,31.059999,31.855,19.336138,69566200
2002-02-01,32.075001,32.25,31.235001,31.33,19.017464,63462200
2002-02-04,31.200001,31.344999,30.375,30.559999,18.550076,70308400
2002-02-05,30.4,31.115,30.25,30.575001,18.559183,66772600
2002-02-06,30.805,30.945,30.125,30.200001,18.331551,66103000
2002-02-07,30.15,30.805,29.875,29.9,18.14946,63314000
2002-02-08,30.059999,30.33,29.415001,30.325001,18.407433,61283000
2002-02-11,30.004999,30.620001,29.795,30.565001,18.553104,50899600
2002-02-12,30.245001,30.424999,30.01,30.07,18.252636,44973800
2002-02-13,30.129999,30.940001,29.975,30.91,18.762529,54168600
2002-02-14,31,31.495001,30.66,30.84,18.720039,57267000
2002-02-15,30.85,31.030001,30.1,30.115,18.279955,50179800
2002-02-19,29.955,30.07,29.299999,29.465,17.885403,52262600
2002-02-20,29.700001,30.18,29.4,29.950001,18.179804,50492000
2002-02-21,29.860001,30.135,29.004999,29.025,17.61832,59398400
2002-02-22,29.025,29.375,28.575001,28.995001,17.600109,71347800
2002-02-25,28.969999,29.945,28.945,29.540001,17.930929,51832200
2002-02-26,29.549999,30,28.950001,29.275,17.770073,63276200
2002-02-27,29.535,30.075001,28.995001,29.195,17.721514,65750000
2002-02-28,29.389999,29.85,29.07,29.17,17.706331,68068000
2002-03-01,29.525,30.709999,29.424999,30.684999,18.625954,62115600
2002-03-04,30.620001,31.75,30.434999,31.65,19.211712,74464200
2002-03-05,31.5,31.940001,31.17,31.540001,19.144941,55926400
2002-03-06,31.455,31.85,31.094999,31.815001,19.311867,49835400
2002-03-07,31.834999,31.940001,30.93,31.360001,19.035685,58079200
2002-03-08,31.815001,32.349998,31.584999,31.975,19.408987,57701800
2002-03-11,31.754999,32.5,31.5,32.169998,19.527357,43718200
2002-03-12,31.26,31.4,30.834999,31.27,18.981049,66407200
2002-03-13,31.040001,31.51,30.975,31.049999,18.847504,44387400
2002-03-14,31.07,31.120001,30.525,30.610001,18.580421,51819600
2002-03-15,30.5,31.254999,30.485001,31.245001,18.965876,69086800
2002-03-18,31.370001,31.495001,30.6,31.07,18.859644,52296800
2002-03-19,31.09,31.5,30.75,31.115,18.886969,36376400
2002-03-20,30.700001,31.01,30.049999,30.049999,18.240505,55235200
2002-03-21,30.105,30.795,29.915001,30.68,18.622915,46123400
2002-03-22,30.525,30.57,30.110001,30.225,18.346725,41341400
2002-03-25,30.24,30.389999,29.575001,29.615,17.976452,47752400
2002-03-26,29.549999,30.459999,29.155001,29.540001,17.930929,69357200
2002-03-27,29.4,29.940001,29.295,29.719999,18.040184,47318400
2002-03-28,29.975,30.325001,29.83,30.155001,18.304241,43901200
2002-04-01,29.915001,30.200001,29.6,30.190001,18.325481,47010000
2002-04-02,29.450001,29.545,28.555,28.639999,17.384624,76509400
2002-04-03,28.719999,28.805,27.75,28.165001,17.096296,76931400
2002-04-04,27.99,28.485001,27.709999,28.225,17.132708,61763800
2002-04-05,28.445,28.65,27.92,27.934999,16.956692,50166000
2002-04-08,27.15,28.655001,27.129999,28.610001,17.366415,73389600
2002-04-09,28.665001,28.715,27.4,27.434999,16.653181,63413000
2002-04-10,27.559999,28.555,27.530001,28.15,17.087202,75636400
2002-04-11,27.945,28.225,27.25,27.395,16.628897,58165800
2002-04-12,27.575001,28.129999,27.43,27.965,16.974899,52297600
2002-04-15,28,28.375,27.700001,27.844999,16.902052,47388800
2002-04-16,28.200001,29.049999,28.18,28.905001,17.545486,51921600
2002-04-17,28.975,29.139999,28.209999,28.315001,17.187349,55158600
2002-04-18,28.395,28.655001,26.34,28.184999,17.108435,74794800
2002-04-19,28.719999,28.99,28.43,28.6,17.360342,104268600
2002-04-22,28.26,28.35,27.5,27.795,16.871708,51465200
2002-04-23,27.85,27.91,26.65,26.995001,16.386099,68281400
2002-04-24,26.924999,27.215,26.5,26.51,16.091707,61220400
2002-04-25,26.450001,27.225,26.440001,26.865,16.307194,57290400
2002-04-26,27.035,27.225,25.73,25.75,15.630376,62776600
2002-04-29,25.735001,26.455,25.719999,26.120001,15.854975,70246000
2002-04-30,26.049999,26.65,25.959999,26.129999,15.861041,77384000
2002-05-01,26.08,26.594999,25.33,26.375,16.00976,76413000
2002-05-02,26.32,27.035,25.575001,25.605,15.542367,79009200
2002-05-03,25.629999,25.84,24.754999,24.780001,15.041592,71628000
2002-05-06,24.719999,25.27,24.184999,24.309999,14.756289,66299400
2002-05-07,24.59,25.145,24.174999,24.735001,15.014263,88385400
2002-05-08,25.635,27.485001,25.610001,27.485001,16.683538,101242000
2002-05-09,27.200001,27.5,25.950001,26.059999,15.81855,83288200
2002-05-10,26.264999,26.334999,24.995001,25.025,15.190304,64408800
2002-05-13,25.225,26.455,24.875,26.344999,15.991546,64819000
2002-05-14,27.200001,27.549999,26.99,27.440001,16.656219,64832400
2002-05-15,27.245001,28.219999,26.93,27.375,16.616764,70412000
2002-05-16,27.355,28.014999,27.325001,27.870001,16.917233,53406400
2002-05-17,28.105,28.200001,27.635,28.014999,17.005249,54646200
2002-05-20,27.75,27.775,26.75,27.004999,16.392174,52115800
2002-05-21,26.975,27.299999,26.065001,26.094999,15.839798,63120000
2002-05-22,25.934999,26.860001,25.924999,26.844999,16.295048,54169400
2002-05-23,26.85,27.42,26.504999,27.41,16.638004,51412800
2002-05-24,27.07,27.26,26.52,26.629999,16.164543,35982000
2002-05-28,26.795,26.844999,25.875,26.16,15.879258,49602000
2002-05-29,25.825001,26.360001,25.775,26.025,15.797304,45393200
2002-05-30,25.82,26.68,25.715,26.32,15.976373,63213000
2002-05-31,26.450001,26.709999,25.440001,25.455,15.451314,66468000
2002-06-03,25.495001,25.82,24.584999,24.709999,14.999099,88439000
2002-06-04,24.75,25.615,24.620001,24.99,15.169056,88008400
2002-06-05,25.215,25.875,25.165001,25.83,15.678943,66969400
2002-06-06,25.75,26.07,25,25.950001,15.751781,78703400
2002-06-07,24.945,26.299999,24.93,25.99,15.776068,97834400
2002-06-10,25.825001,26.65,25.73,26.41,16.031004,71825400
2002-06-11,26.620001,27.09,26.209999,26.285,15.955125,74368200
2002-06-12,26.290001,27.889999,26.25,27.77,16.856531,136198600
2002-06-13,27.42,27.74,27.1,27.110001,16.455902,79771600
2002-06-14,26.575001,27.775,26.5,27.625,16.768513,109433600
2002-06-17,27.83,28.219999,27.684999,27.84,16.899023,94486600
2002-06-18,27.764999,28.145,27.674999,27.995001,16.993105,77518400
2002-06-19,27.735001,27.969999,27.16,27.18,16.498392,81247000
2002-06-20,27.184999,27.549999,26.950001,27.049999,16.419477,86401200
2002-06-21,26.700001,27.275,26.139999,26.139999,15.867105,116820000
2002-06-24,26.045,27.32,25.924999,27.08,16.437696,104523200
2002-06-25,27.35,27.5,26.4,26.475,16.070457,84025200
2002-06-26,25.525,27.195,25.525,27.065001,16.428589,112131400
2002-06-27,27.299999,27.469999,26.43,27.459999,16.668354,95812400
2002-06-28,27.275,27.895,27,27.35,16.601593,89555600
2002-07-01,27.059999,27.195,26.290001,26.33,15.982436,66473800
2002-07-02,26.190001,26.459999,25.665001,25.719999,15.612168,82814200
2002-07-03,25.620001,26.26,25.225,25.92,15.733568,80936600
2002-07-05,26.545,27.450001,26.525,27.424999,16.647114,35673600
2002-07-08,27.205,27.465,26.290001,26.459999,16.061352,63199400
2002-07-09,26.655001,27.365,26.485001,26.605,16.149366,85277200
2002-07-10,26.844999,27.1,26.065001,26.120001,15.854975,90673400
2002-07-11,26.02,26.535,25.625,26.455,16.058311,129550600
2002-07-12,26.684999,26.865,25.74,25.93,15.73964,95733800
2002-07-15,25.695,25.93,24,25.9,15.721421,136965600
2002-07-16,25.655001,26.4,25.32,25.625,15.554502,97154600
2002-07-17,26.26,26.65,25.584999,26,15.782132,98034800
2002-07-18,26.030001,26.370001,25.33,25.555,15.51202,91053600
2002-07-19,24.934999,25.445,24.405001,24.780001,15.041592,112543400
2002-07-22,24.475,24.995001,22.950001,23.754999,14.419412,180069800
2002-07-23,23.245001,23.4,21.485001,21.504999,13.053637,168061600
2002-07-24,20.875,23.18,20.705,23.115,14.030922,202307800
2002-07-25,22.725,22.855,21.219999,21.415001,12.999016,163411400
2002-07-26,21.870001,22.705,21.84,22.674999,13.763842,123538000
2002-07-29,23.424999,24.15,23.275,24.125,14.643998,112148600
2002-07-30,23.775,24.415001,23.665001,24.049999,14.598473,122690600
2002-07-31,23.805,24,23.18,23.99,14.562043,93875600
2002-08-01,23.790001,24.045,22.75,22.875,13.885242,92002800
2002-08-02,22.754999,22.924999,21.9,22.205,13.478548,85947600
2002-08-05,22.145,22.584999,21.905001,21.995001,13.351076,78941600
2002-08-06,22.450001,23.625,22.42,22.834999,13.860953,88715800
2002-08-07,23.5,23.65,22.58,23.545,14.29193,86349400
2002-08-08,23.555,24.5,23.205,24.455,14.844305,88748000
2002-08-09,24.075001,24.575001,23.83,24.059999,14.604544,69049400
2002-08-12,23.805,24.375,23.799999,24.235001,14.710768,56866600
2002-08-13,23.995001,24.85,23.459999,23.530001,14.282827,100122800
2002-08-14,23.625,24.865,23.605,24.855,15.087103,96706000
2002-08-15,24.98,25.370001,24.375,24.885,15.105323,98745600
2002-08-16,24.715,25.115,24.459999,25,15.175123,69334000
2002-08-19,25.02,26.025,24.924999,26,15.782132,79848200
2002-08-20,25.690001,25.85,25.375,25.52,15.490764,70317600
2002-08-21,25.780001,26.190001,25.575001,26.139999,15.867105,81203400
2002-08-22,26.424999,26.725,26.299999,26.615,16.155443,72517600
2002-08-23,26.33,26.424999,25.92,26.110001,15.8489,57929200
2002-08-26,26.25,26.325001,25.59,26.049999,15.812482,55652400
2002-08-27,26.165001,26.225,25.325001,25.42,15.430068,65470200
2002-08-28,25.24,25.33,24.65,24.690001,14.986955,68875000
2002-08-29,24.445,25.5,24.26,25.290001,15.351165,94275600
2002-08-30,25.07,25.24,24.5,24.540001,14.895901,58138400
2002-09-03,24.26,24.26,23.5,23.51,14.270689,74452600
2002-09-04,23.725,24.299999,23.575001,24.105,14.631855,80232000
2002-09-05,23.75,23.76,22.940001,22.955,13.933802,90438800
2002-09-06,23.875,24.135,23.735001,23.91,14.513491,69918400
2002-09-09,23.625,24.475,23.315001,24.35,14.780572,81653200
2002-09-10,24.27,24.91,24.174999,24.895,15.111385,83950000
2002-09-11,25.115,25.549999,24.264999,24.290001,14.744151,77443200
2002-09-12,24.075001,24.15,23.51,23.575001,14.310145,63726800
2002-09-13,23.450001,24.129999,23.424999,23.955,14.540801,59549200
2002-09-16,23.799999,24.065001,23.525,23.889999,14.501345,50166200
2002-09-17,24.334999,24.450001,23.605,23.645,14.352633,73343400
2002-09-18,23.360001,24.120001,23.33,23.875,14.492244,83951800
2002-09-19,23.34,23.91,23.295,23.6,14.325321,77777600
2002-09-20,23.855,24,23.65,23.73,14.404229,130619200
2002-09-23,23.299999,23.355,22.405001,22.615,13.727422,89783800
2002-09-24,22.415001,23.24,22.315001,22.82,13.851857,104142200
2002-09-25,23.200001,23.48,22.525,23.254999,14.115901,107116600
2002-09-26,23.555,23.75,22.975,23.1,14.021814,100852200
2002-09-27,23.02,23.549999,22.594999,22.625,13.73349,81011600
2002-09-30,22.434999,22.52,21.555,21.870001,13.275201,115577000
2002-10-01,22.16,23.125,21.594999,23.115,14.030922,110636600
2002-10-02,23.049999,23.405001,22.58,22.805,13.84275,103488600
2002-10-03,22.65,23.295,22.299999,22.4,13.596911,105221400
2002-10-04,22.695,22.785,21.844999,21.885,13.284307,107120400
2002-10-07,21.905001,22.530001,21.844999,22.025,13.369289,89790000
2002-10-08,22.375,22.99,22.065001,22.495001,13.65458,115667600
2002-10-09,22.115,22.725,21.905001,21.995001,13.351076,123142600
2002-10-10,22,23.309999,21.625,23.190001,14.076449,118515000
2002-10-11,23.68,24.450001,23.504999,24.434999,14.832174,108828800
2002-10-14,24.125,24.665001,23.92,24.645,14.959633,76216200
2002-10-15,25.629999,26.184999,25.325001,26.145,15.87015,133374200
2002-10-16,25.195,25.629999,25.139999,25.205,15.299561,95437400
2002-10-17,26.139999,26.25,25.025,25.385,15.408824,182602400
2002-10-18,26.299999,26.6,25.57,26.575001,16.131155,152817200
2002-10-21,25.985001,26.495001,25.68,26.254999,15.936913,112378600
2002-10-22,25.715,25.965,25.514999,25.834999,15.681977,87159000
2002-10-23,25.715,26.629999,25.715,26.6,16.146336,110866600
2002-10-24,26.68,26.684999,25.450001,25.615,15.548434,95833400
2002-10-25,25.625,26.4,25.58,26.34,15.988511,75425800
2002-10-28,26.700001,26.75,25.754999,25.975,15.766955,79906600
2002-10-29,26.075001,26.245001,25.424999,26.035,15.803375,90517200
2002-10-30,26.1,26.695,25.815001,26.555,16.119015,94451200
2002-10-31,26.594999,27.035,26.424999,26.735001,16.228279,105973800
2002-11-01,26.215,26.620001,25.950001,26.5,16.085632,105097800
2002-11-04,28.375,28.625,27.76,28.049999,17.026499,139964200
2002-11-05,27.889999,28.4,27.790001,28.34,17.202518,76658200
2002-11-06,28.495001,28.549999,27.764999,28.514999,17.308756,115407000
2002-11-07,28.1,28.309999,27.75,28.004999,16.999174,73699600
2002-11-08,28,28.275,27.504999,27.549999,16.722992,64522200
2002-11-11,27.535,27.549999,26.91,26.93,16.346649,58341200
2002-11-12,27.049999,27.715,26.950001,27.254999,16.543922,81398600
2002-11-13,27.120001,27.965,27.055,27.68,16.801908,107370200
2002-11-14,27.995001,28.5,27.934999,28.495001,17.296606,78337000
2002-11-15,28.299999,28.459999,27.834999,28.344999,17.205557,77533600
2002-11-18,28.475,28.514999,27.870001,27.924999,16.950615,58086400
2002-11-19,27.775,27.9,27.155001,27.43,16.650145,76403400
2002-11-20,27.504999,28.450001,27.465,28.309999,17.184317,76435400
2002-11-21,28.49,29,28.389999,28.92,17.554583,82922200
2002-11-22,28.725,29.15,28.525,29.110001,17.66991,70002000
2002-11-25,29.030001,29.32,28.785,29.115,17.672947,61583000
2002-11-26,28.82,29.125,28.389999,28.450001,17.269297,68650400
2002-11-27,28.799999,29.305,28.700001,29.040001,17.627426,55191800
2002-11-29,29.215,29.315001,28.84,28.84,17.506025,28393000
2002-12-02,29.325001,29.48,28.504999,28.844999,17.509068,63735000
2002-12-03,28.639999,28.674999,28.205,28.355,17.21162,58457400
2002-12-04,28.065001,28.719999,27.91,28.27,17.160036,83892000
2002-12-05,28.475,28.545,27.65,27.67,16.795828,68435800
2002-12-06,27.434999,27.870001,27.110001,27.735001,16.835285,71670200
2002-12-09,27.5,27.610001,26.754999,26.764999,16.246489,63862800
2002-12-10,26.780001,27.24,26.74,27.004999,16.392174,63730200
2002-12-11,26.924999,27.504999,26.790001,27.33,16.589447,69186200
2002-12-12,27.5,27.530001,26.844999,27.084999,16.440731,55242000
2002-12-13,26.84,26.875,26.245001,26.25,15.933887,65245400
2002-12-16,26.5,27.275,26.334999,27.24,16.534822,60140400
2002-12-17,27.209999,27.495001,26.889999,27.18,16.498392,49549800
2002-12-18,26.92,27.200001,26.395,26.764999,16.246489,62709400
2002-12-19,26.625,27.375,26.440001,26.555,16.119015,82686600
2002-12-20,26.745001,26.860001,26.475,26.52,16.09778,98294600
2002-12-23,26.525,27.139999,26.450001,27,16.389135,48798400
2002-12-24,26.77,27.115,26.76,26.91,16.334505,18386000
2002-12-26,27.014999,27.344999,26.584999,26.695,16.203999,37228000
2002-12-27,26.639999,27,26.450001,26.485001,16.076523,40891600
2002-12-30,26.504999,26.620001,26.135,26.375,16.00976,48019600
2002-12-31,26.370001,26.495001,25.629999,25.85,15.691078,58208800
2003-01-02,26.15,26.875,25.855,26.860001,16.304152,67025200
2003-01-03,26.795,26.9,26.440001,26.895,16.325392,55546800
2003-01-06,27.01,27.615,26.9,27.385,16.622835,59456200
2003-01-07,27.459999,28.004999,27.34,27.9,16.935434,80517400
2003-01-08,27.684999,27.775,27.055,27.120001,16.461983,64566000
2003-01-09,27.360001,27.959999,27.264999,27.905001,16.938477,61808000
2003-01-10,27.549999,28.15,27.450001,27.959999,16.971869,67730200
2003-01-13,28.26,28.375,27.885,28.195,17.114502,60817800
2003-01-14,28.165001,28.5,28.094999,28.485001,17.290546,54206400
2003-01-15,28.5,28.66,28.094999,28.135,17.078077,59622600
2003-01-16,28.16,28.325001,27.555,27.674999,16.79887,81371000
2003-01-17,26.469999,26.5,25.655001,25.73,15.618243,155876000
2003-01-21,25.934999,26.075001,25.645,25.665001,15.578781,86159200
2003-01-22,25.795,26.200001,25.455,25.5,15.478623,86948000
2003-01-23,25.975,26.27,25.73,26.139999,15.867105,71374800
2003-01-24,26.014999,26.025,24.85,24.924999,15.129602,103027000
2003-01-27,24.66,25.299999,24.205,24.584999,14.923218,114838600
2003-01-28,24.844999,24.85,24.280001,24.41,14.816988,86151200
2003-01-29,24.365,25.02,23.965,24.955,15.147816,106884000
2003-01-30,25.08,25.084999,24.094999,24.120001,14.640958,87877400
2003-01-31,23.725,24.174999,23.514999,23.73,14.404229,106858400
2003-02-03,23.965,24.549999,23.73,24.280001,14.738085,80129800
2003-02-04,23.9,23.969999,23.440001,23.66,14.361742,81854800
2003-02-05,23.915001,24.264999,23.365,23.48,14.252481,101072000
2003-02-06,23.43,23.809999,23.280001,23.709999,14.392094,83312000
2003-02-07,23.940001,23.975,23.205,23.290001,14.137148,75208000
2003-02-10,23.4,23.76,23.27,23.690001,14.37995,74081400
2003-02-11,23.65,23.834999,23,23.219999,14.094658,84292000
2003-02-12,23.275,23.549999,23.129999,23.219999,14.094658,71315200
2003-02-13,23.205,23.559999,23.065001,23.495001,14.26159,73558200
2003-02-14,23.625,24.25,23.385,24.15,14.659171,90446400
2003-02-18,24.620001,24.99,24.4,24.959999,15.150846,57415500
2003-02-19,24.82,24.879999,24.17,24.530001,14.937716,46902700
2003-02-20,24.77,24.870001,24.1,24.139999,14.700215,50897200
2003-02-21,24.290001,24.799999,23.700001,24.629999,14.998611,56853200
2003-02-24,24.440001,24.5,23.84,24.07,14.657589,62403700
2003-02-25,23.540001,24.27,23.379999,24.190001,14.730668,68113000
2003-02-26,24.07,24.469999,23.58,23.610001,14.377469,57096000
2003-02-27,23.9,24.209999,23.299999,23.58,14.359208,75434300
2003-02-28,23.74,24.07,23.549999,23.700001,14.43228,56585400
2003-03-03,24.02,24.120001,23.4,23.540001,14.334842,50653500
2003-03-04,23.58,23.66,23.059999,23.07,14.048636,56605700
2003-03-05,23.07,23.549999,23.049999,23.440001,14.27395,55415900
2003-03-06,23.17,23.5,23.129999,23.27,14.170428,54607600
2003-03-07,22.950001,23.790001,22.9,23.559999,14.347027,66167600
2003-03-10,23.309999,23.459999,22.889999,22.950001,13.975558,48413600
2003-03-11,23.059999,23.26,22.76,22.799999,13.884219,53990700
2003-03-12,22.809999,23.440001,22.549999,23.389999,14.243501,72379500
2003-03-13,23.719999,24.74,23.440001,24.67,15.022963,80701300
2003-03-14,24.68,24.959999,24.26,24.860001,15.13867,75451400
2003-03-17,24.52,25.950001,24.33,25.93,15.790257,100983800
2003-03-18,25.889999,26.040001,25.5,26.040001,15.857235,78108800
2003-03-19,25.98,26.43,25.74,26.32,16.027742,73652100
2003-03-20,26.02,26.52,25.67,26.25,15.985115,71798500
2003-03-21,26.75,26.799999,26.030001,26.57,16.179981,85586800
2003-03-24,25.549999,25.93,25.18,25.290001,15.400515,61105200
2003-03-25,25.6,25.75,25.030001,25.49,15.52231,63595100
2003-03-26,25.459999,25.620001,25.24,25.25,15.376155,51673600
2003-03-27,24.940001,25.26,24.59,25.040001,15.248281,60043300
2003-03-28,24.67,25.1,24.6,24.67,15.022963,39584600
2003-03-31,24.25,24.709999,24.01,24.209999,14.742844,71384000
2003-04-01,24.459999,24.700001,24.25,24.35,14.8281,49803200
2003-04-02,25.1,26,25.1,25.719999,15.662373,68282500
2003-04-03,25.99,26.09,25.6,25.73,15.668454,57394300
2003-04-04,25.76,25.799999,24.93,25.09,15.278728,55740600
2003-04-07,26.23,26.43,25.17,25.17,15.327446,65627100
2003-04-08,25.309999,25.83,25.200001,25.58,15.577112,54132100
2003-04-09,25.610001,25.67,24.540001,24.57,14.962071,76875800
2003-04-10,24.709999,24.790001,24.280001,24.59,14.974246,51608900
2003-04-11,24.889999,25.18,23.950001,24.200001,14.736754,71565500
2003-04-14,24.27,24.879999,24,24.76,15.077773,51599600
2003-04-15,24.68,24.790001,24.1,24.6,14.980343,63399000
2003-04-16,25.6,25.74,24.6,24.92,15.175206,86178700
2003-04-17,24.77,25.540001,24.74,25.5,15.528395,58356600
2003-04-21,25.610001,25.610001,25.08,25.209999,15.351801,41557800
2003-04-22,25.059999,25.799999,25.030001,25.76,15.686728,58844000
2003-04-23,25.75,25.99,25.469999,25.719999,15.662373,55559300
2003-04-24,25.48,25.719999,25.32,25.49,15.52231,51703600
2003-04-25,25.33,25.639999,25.17,25.219999,15.357887,53657400
2003-04-28,25.389999,25.940001,25.32,25.74,15.674547,56287600
2003-04-29,25.950001,26.25,25.68,25.799999,15.711082,65877300
2003-04-30,25.73,25.879999,25.25,25.57,15.571024,55566800
2003-05-01,25.540001,25.950001,25.34,25.719999,15.662373,42085800
2003-05-02,25.65,26.290001,25.559999,26.1,15.893772,52695400
2003-05-05,26.25,26.389999,25.84,25.860001,15.747621,50391500
2003-05-06,25.860001,26.5,25.82,26.370001,16.058197,54299500
2003-05-07,26.110001,26.35,25.84,25.99,15.826789,49120000
2003-05-08,25.75,26.139999,25.709999,25.74,15.674547,46401400
2003-05-09,25.9,26.5,25.889999,26.360001,16.052094,58913600
2003-05-12,26.15,26.469999,26.059999,26.200001,15.954668,53900800
2003-05-13,26.040001,26.200001,25.889999,25.99,15.826789,44501900
2003-05-14,26.08,26.18,25.540001,25.620001,15.601475,45021000
2003-05-15,25.85,26.01,25.57,25.790001,15.704989,45450200
2003-05-16,25.879999,26.049999,25.41,25.57,15.571024,60620900
2003-05-19,25.4,25.540001,24.74,24.76,15.077773,55336300
2003-05-20,24.860001,25,24.5,24.629999,14.998611,52677600
2003-05-21,24.629999,24.709999,23.889999,24.030001,14.633231,108960900
2003-05-22,24.200001,24.27,24.040001,24.16,14.712397,93157100
2003-05-23,24.200001,24.540001,24.030001,24.219999,14.748938,76968000
2003-05-27,24.25,24.889999,24.219999,24.790001,15.096042,68486800
2003-05-28,24.780001,24.870001,24.299999,24.41,14.86463,91467000
2003-05-29,24.469999,24.67,24.23,24.4,14.858549,75451300
2003-05-30,24.73,24.91,24.51,24.610001,14.986425,85096700
2003-06-02,24.98,25.030001,24.57,24.639999,15.00469,66310800
2003-06-03,24.75,24.92,24.57,24.879999,15.150842,61058200
2003-06-04,24.99,25.219999,24.74,24.870001,15.144749,83484600
2003-06-05,24.469999,24.52,24.01,24.09,14.669764,115877900
2003-06-06,24.440001,24.559999,23.65,23.67,14.414003,119629400
2003-06-09,23.719999,23.98,23.6,23.75,14.46273,73610000
2003-06-10,23.940001,24.75,23.85,24.68,15.029051,80655300
2003-06-11,24.67,24.959999,24.42,24.879999,15.150842,75768600
2003-06-12,24.969999,25.139999,24.74,24.99,15.217832,66177700
2003-06-13,25.200001,25.25,24.49,24.65,15.010786,55157500
2003-06-16,24.799999,25.42,24.67,25.389999,15.461411,69658600
2003-06-17,25.639999,26.139999,25.530001,25.959999,15.808521,122213900
2003-06-18,25.98,26.43,25.709999,26.07,15.875503,89957700
2003-06-19,26.09,26.389999,26.01,26.07,15.875503,63626900
2003-06-20,26.34,26.379999,26.01,26.33,16.033838,86048900
2003-06-23,26.139999,26.24,25.49,25.780001,15.698909,52584500
2003-06-24,25.65,26.040001,25.52,25.700001,15.650194,51820300
2003-06-25,25.639999,25.99,25.139999,25.26,15.382249,60483500
2003-06-26,25.389999,26.51,25.209999,25.75,15.680643,51758100
2003-06-27,25.950001,26.34,25.530001,25.629999,15.607564,76040300
2003-06-30,25.940001,26.120001,25.5,25.639999,15.613651,48073100
2003-07-01,25.59,26.200001,25.389999,26.15,15.92422,60926000
2003-07-02,26.5,26.93,26.450001,26.879999,16.368755,94069300
2003-07-03,26.690001,26.950001,26.41,26.5,16.137356,39440900
2003-07-07,27.02,27.549999,26.950001,27.42,16.697598,88960800
2003-07-08,27.26,27.799999,27.25,27.700001,16.868101,61896800
2003-07-09,27.559999,27.700001,27.25,27.469999,16.72805,62300700
2003-07-10,27.25,27.42,26.59,26.91,16.387039,55350800
2003-07-11,26.950001,27.450001,26.889999,27.309999,16.63061,50377300
2003-07-14,27.629999,27.809999,27.049999,27.4,16.685423,60464400
2003-07-15,27.469999,27.530001,27.1,27.27,16.606249,53567600
2003-07-16,27.559999,27.620001,27.200001,27.52,16.758497,49838900
2003-07-17,27.139999,27.27,26.540001,26.690001,16.253065,72805000
2003-07-18,27.110001,27.23,26.75,26.889999,16.374849,63388400
2003-07-21,26.870001,26.91,26,26.040001,15.857235,48480800
2003-07-22,26.280001,26.559999,26.129999,26.379999,16.064283,51791000
2003-07-23,26.42,26.65,26.139999,26.450001,16.106909,49828200
2003-07-24,26.780001,26.92,25.98,26,15.832874,53556600
2003-07-25,26.280001,26.950001,26.07,26.889999,16.374849,54173000
2003-07-28,26.940001,27,26.49,26.610001,16.204344,52658300
2003-07-29,26.879999,26.9,26.24,26.469999,16.119091,62391100
2003-07-30,26.459999,26.57,26.17,26.23,15.972942,41240300
2003-07-31,26.6,26.99,26.309999,26.41,16.08255,64504800
2003-08-01,26.33,26.51,26.120001,26.17,15.9364,42649700
2003-08-04,26.15,26.41,25.75,26.18,15.942488,51825600
2003-08-05,26.309999,26.540001,25.6,25.66,15.625832,58825800
2003-08-06,25.540001,26.190001,25.43,25.65,15.619745,56294900
2003-08-07,25.719999,25.809999,25.450001,25.709999,15.656274,44258500
2003-08-08,25.879999,25.98,25.5,25.58,15.577112,33241400
2003-08-11,25.610001,25.99,25.540001,25.610001,15.595376,36433900
2003-08-12,25.709999,25.77,25.450001,25.73,15.668454,38208400
2003-08-13,25.790001,25.889999,25.5,25.6,15.589295,39636900
2003-08-14,25.66,25.709999,25.52,25.629999,15.607564,37338300
2003-08-15,25.610001,25.66,25.43,25.540001,15.552761,27607900
2003-08-18,25.559999,25.83,25.459999,25.700001,15.650194,45817400
2003-08-19,25.85,26.65,25.77,26.620001,16.21044,72952900
2003-08-20,26.299999,26.530001,26,26.450001,16.106909,56739300
2003-08-21,26.65,26.73,26.129999,26.24,15.979031,63802700
2003-08-22,26.780001,26.950001,26.209999,26.219999,15.966851,65846300
2003-08-25,26.309999,26.540001,26.23,26.5,16.137356,36132900
2003-08-26,26.309999,26.67,25.959999,26.57,16.179981,47546000
2003-08-27,26.51,26.58,26.299999,26.42,16.08864,30633900
2003-08-28,26.5,26.58,26.24,26.51,16.143438,46211200
2003-08-29,26.459999,26.549999,26.35,26.52,16.14954,34503000
2003-09-02,26.700001,27.299999,26.469999,27.26,16.600163,74168900
2003-09-03,27.42,28.4,27.379999,28.299999,17.233482,109437800
2003-09-04,28.1,28.469999,27.99,28.43,17.312649,59840800
2003-09-05,28.23,28.75,28.17,28.379999,17.282206,64024500
2003-09-08,28.389999,28.92,28.34,28.84,17.562323,46105300
2003-09-09,28.65,28.709999,28.309999,28.370001,17.276112,44315200
2003-09-10,28.030001,28.18,27.48,27.549999,16.77676,54763500
2003-09-11,27.66,28.110001,27.59,27.84,16.953362,37813300
2003-09-12,27.48,28.4,27.450001,28.34,17.25783,55777200
2003-09-15,28.370001,28.610001,28.33,28.360001,17.270014,41432300
2003-09-16,28.41,28.950001,28.32,28.9,17.598848,52060600
2003-09-17,28.76,28.950001,28.469999,28.5,17.355274,47221600
2003-09-18,28.49,29.51,28.42,29.5,17.964226,67268100
2003-09-19,29.76,29.969999,29.52,29.959999,18.244345,92433800
2003-09-22,29.389999,30,28.809999,29.07,17.70237,65678700
2003-09-23,29.120001,29.709999,28.879999,29.6,18.025122,57827800
2003-09-24,29.610001,29.700001,28.42,28.459999,17.330914,66336500
2003-09-25,28.469999,28.959999,28.219999,28.24,17.196941,56224500
2003-09-26,28.27,28.780001,28.139999,28.190001,17.166491,49864700
2003-09-29,28.41,28.91,28.1,28.83,17.556225,47380300
2003-09-30,28.59,28.610001,27.75,27.799999,16.928995,63333700
2003-10-01,28.030001,28.629999,27.809999,28.52,17.367456,58375900
2003-10-02,28.450001,28.75,28.190001,28.5,17.355274,38143600
2003-10-03,29.16,29.459999,28.93,29.08,17.708458,57303000
2003-10-06,29.15,29.299999,28.91,29.190001,17.775446,34047600
2003-10-07,29.01,29.370001,28.92,29.139999,17.745005,52356800
2003-10-08,29.360001,29.360001,28.68,28.82,17.550137,46989100
2003-10-09,29.219999,29.35,28.799999,28.940001,17.623209,62653300
2003-10-10,28.91,29.200001,28.67,28.91,17.60494,37604700
2003-10-13,28.98,29.1,28.5,28.780001,17.525774,39320300
2003-10-14,28.66,28.77,28.48,28.68,17.464882,34851300
2003-10-15,29.200001,29.26,28.700001,29.07,17.801678,57242100
2003-10-16,28.91,29.309999,28.799999,29.23,17.899668,42232500
2003-10-17,29.280001,29.290001,28.799999,28.93,17.71595,49960000
2003-10-20,28.950001,29.370001,28.799999,29.35,17.97315,38794500
2003-10-21,29.35,29.43,29.17,29.35,17.97315,44166800
2003-10-22,29.030001,29.209999,28.799999,28.889999,17.69146,48798500
2003-10-23,28.719999,29.08,28.1,28.91,17.703703,67357900
2003-10-24,27.27,27.4,26.42,26.610001,16.295252,210558300
2003-10-27,26.91,27.1,26.82,26.91,16.47897,65619100
2003-10-28,27.09,27.219999,26.879999,27.200001,16.656555,71752600
2003-10-29,27.16,27.25,26.66,26.74,16.374849,73551500
2003-10-30,27.01,27.040001,25.91,26.120001,15.995182,98729400
2003-10-31,26.370001,26.440001,26.110001,26.139999,16.007441,69623700
2003-11-03,26.35,26.75,26.290001,26.68,16.338123,57772300
2003-11-04,26.59,26.620001,26.01,26.07,15.964563,84026100
2003-11-05,26.15,26.32,26,26.1,15.982937,61514400
2003-11-06,26.26,26.299999,26,26.23,16.06255,68189800
2003-11-07,26.379999,26.49,26.030001,26.1,15.982937,57822100
2003-11-10,26.120001,26.23,26,26,15.921707,54579100
2003-11-11,26.01,26.08,25.67,25.799999,15.799216,64990700
2003-11-12,25.85,26.139999,25.6,25.98,15.909456,75877300
2003-11-13,25.860001,25.93,25.450001,25.690001,15.731867,78949500
2003-11-14,25.700001,26.02,25.440001,25.5,15.615512,83146400
2003-11-17,25.389999,25.440001,24.84,25.15,15.401186,103900200
2003-11-18,25.33,25.84,25.120001,25.15,15.401186,106868300
2003-11-19,25.290001,25.540001,25.17,25.35,15.523661,78853300
2003-11-20,25.17,25.629999,25.08,25.1,15.370561,106845700
2003-11-21,25.33,25.379999,25.08,25.110001,15.376691,70712900
2003-11-24,25.33,25.809999,25.280001,25.73,15.756356,99463800
2003-11-25,25.870001,25.950001,25.379999,25.4,15.554278,85663800
2003-11-26,25.610001,25.629999,25.32,25.450001,15.584899,69758400
2003-11-28,25.5,25.75,25.4,25.709999,15.744106,33402600
2003-12-01,25.9,26.209999,25.5,25.84,15.823725,101914600
2003-12-02,25.950001,26.09,25.610001,25.66,15.713494,85121700
2003-12-03,25.82,26.07,25.620001,25.67,15.719621,93121600
2003-12-04,25.719999,26.23,25.66,26.200001,16.04417,87202400
2003-12-05,25.959999,26.48,25.92,25.98,15.909456,96610900
2003-12-08,26.120001,26.34,25.809999,26.24,16.068676,90504000
2003-12-09,26.440001,26.610001,26.25,26.379999,16.154406,103547100
2003-12-10,26.450001,26.629999,26.379999,26.59,16.283001,82853700
2003-12-11,26.59,26.77,26.280001,26.610001,16.295252,79309000
2003-12-12,26.690001,26.809999,26.5,26.65,16.319742,69154100
2003-12-15,27.049999,27.1,26.68,26.74,16.374849,88860600
2003-12-16,26.83,27.16,26.77,27.059999,16.570818,73978000
2003-12-17,27.040001,27.08,26.85,27.040001,16.558571,53712300
2003-12-18,27.1,27.450001,27.049999,27.4,16.779028,61177800
2003-12-19,27.49,27.549999,27.190001,27.360001,16.754526,76856400
2003-12-22,27.16,27.43,26.969999,27.18,16.644304,43894800
2003-12-23,27.17,27.34,27.01,27.15,16.625931,39609000
2003-12-24,27.139999,27.16,27,27.040001,16.558571,19924200
2003-12-26,27.049999,27.25,27,27.209999,16.662663,12076900
2003-12-29,27.209999,27.530001,27.16,27.459999,16.815765,40426700
2003-12-30,27.41,27.549999,27.4,27.52,16.852514,34406600
2003-12-31,27.42,27.549999,27.23,27.370001,16.760653,42198900
2004-01-02,27.58,27.77,27.33,27.450001,16.809643,44487700
2004-01-05,27.73,28.18,27.719999,28.139999,17.232174,67333700
2004-01-06,28.190001,28.280001,28.07,28.24,17.293417,46950800
2004-01-07,28.17,28.309999,28.01,28.209999,17.275045,54298200
2004-01-08,28.389999,28.48,28,28.16,17.244427,58810800
2004-01-09,28.030001,28.059999,27.59,27.66,16.938242,67079900
2004-01-12,27.67,27.73,27.35,27.57,16.883121,55845200
2004-01-13,27.549999,27.639999,27.26,27.43,16.797398,51555900
2004-01-14,27.52,27.73,27.469999,27.700001,16.962732,43907000
2004-01-15,27.549999,27.719999,27.42,27.540001,16.864763,58504100
2004-01-16,27.709999,27.879999,27.530001,27.809999,17.0301,63983400
2004-01-20,27.98,28.200001,27.93,28.1,17.20768,63068500
2004-01-21,28.129999,28.299999,27.85,28.299999,17.330164,53570600
2004-01-22,28.360001,28.440001,27.940001,28.01,17.152575,78425200
2004-01-23,28.280001,28.76,28.219999,28.48,17.440393,127259100
2004-01-26,28.49,28.83,28.32,28.799999,17.636345,58299600
2004-01-27,28.639999,28.719999,28.219999,28.25,17.29954,63196200
2004-01-28,28.299999,28.440001,27.469999,27.709999,16.968853,71336000
2004-01-29,27.809999,27.950001,27.57,27.91,17.091335,63748400
2004-01-30,27.84,27.9,27.549999,27.65,16.932116,40528700
2004-02-02,27.610001,27.799999,27.24,27.4,16.779028,62891800
2004-02-03,27.4,27.549999,27.18,27.290001,16.711662,47993800
2004-02-04,27.219999,27.43,27.01,27.01,16.540195,60648000
2004-02-05,27.059999,27.17,26.83,26.959999,16.509579,55527500
2004-02-06,27.030001,27.190001,26.93,27.08,16.583069,47209600
2004-02-09,27.190001,27.23,26.85,26.9,16.472841,48108500
2004-02-10,26.870001,27.15,26.82,27.02,16.54632,37790600
2004-02-11,26.969999,27.23,26.85,27.15,16.625931,51515300
2004-02-12,27.09,27.15,26.93,26.950001,16.503452,44537000
2004-02-13,26.98,27.059999,26.5,26.59,16.283001,67541100
2004-02-17,26.719999,27.1,26.59,26.99,16.527952,43477000
2004-02-18,26.9,27.110001,26.74,26.77,16.39324,50334700
2004-02-19,26.92,26.98,26.43,26.459999,16.2034,61840600
2004-02-20,26.66,26.799999,26.5,26.57,16.270754,57821900
2004-02-23,26.73,26.76,26.48,26.610001,16.295252,50256800
2004-02-24,26.610001,26.950001,26.549999,26.879999,16.460587,55426500
2004-02-25,26.9,26.99,26.610001,26.700001,16.350368,64275700
2004-02-26,26.59,26.65,26.41,26.5,16.227886,66602700
2004-02-27,26.469999,26.620001,26.35,26.530001,16.246258,58266500
2004-03-01,26.629999,26.719999,26.5,26.700001,16.350368,51912300
2004-03-02,26.610001,26.690001,26.35,26.389999,16.160524,66331000
2004-03-03,26.35,26.549999,26.219999,26.370001,16.148283,54998700
2004-03-04,26.33,26.42,26.209999,26.370001,16.148283,44023200
2004-03-05,26.23,26.6,26.200001,26.35,16.136036,59849800
2004-03-08,26.309999,26.35,25.809999,25.83,15.817598,69367800
2004-03-09,25.799999,25.969999,25.540001,25.719999,15.750237,81111700
2004-03-10,25.65,25.799999,25.35,25.370001,15.535906,75155800
2004-03-11,25.18,25.780001,25.07,25.09,15.364443,90536300
2004-03-12,25.379999,25.51,25.23,25.379999,15.542022,64137100
2004-03-15,25.299999,25.43,25.059999,25.16,15.407313,68835300
2004-03-16,25.26,25.370001,25.1,25.18,15.419558,65453800
2004-03-17,25.25,25.459999,25.110001,25.129999,15.388936,56241400
2004-03-18,24.959999,25.030001,24.58,24.889999,15.241967,123231000
2004-03-19,24.77,24.940001,24.559999,24.629999,15.082759,86281600
2004-03-22,24.48,24.84,24.01,24.5,15.003145,127605200
2004-03-23,24.65,24.66,24.110001,24.15,14.788809,91696300
2004-03-24,24.379999,24.58,24.18,24.41,14.94802,97584700
2004-03-25,24.6,25.24,24.58,25.190001,15.42568,85677900
2004-03-26,25.110001,25.51,25,25.030001,15.327697,61584900
2004-03-29,25.25,25.4,25,25.309999,15.499166,51881600
2004-03-30,25.209999,25.33,25.030001,25.200001,15.431801,59010400
2004-03-31,25.200001,25.200001,24.870001,24.93,15.266463,70533200
2004-04-01,24.950001,25.110001,24.85,25.08,15.358315,69051900
2004-04-02,25.48,25.9,25.440001,25.85,15.829845,98043800
2004-04-05,25.809999,25.98,25.73,25.950001,15.891087,53800300
2004-04-06,25.77,25.9,25.66,25.799999,15.799216,48992000
2004-04-07,25.74,25.780001,25.35,25.59,15.670634,63268900
2004-04-08,25.82,25.85,25.360001,25.48,15.603271,45294600
2004-04-12,25.48,25.74,25.43,25.610001,15.682872,38786800
2004-04-13,25.68,25.77,25.41,25.450001,15.584899,56971500
2004-04-14,25.389999,25.68,25.379999,25.51,15.621641,61079600
2004-04-15,25.530001,25.73,25.1,25.219999,15.44405,73756900
2004-04-16,25.33,25.4,25.110001,25.16,15.407313,51768600
2004-04-19,25.08,25.6,25.059999,25.530001,15.633891,44592100
2004-04-20,25.65,25.879999,25.280001,25.33,15.511417,59902600
2004-04-21,25.360001,25.49,25.200001,25.450001,15.584899,49252000
2004-04-22,25.51,25.99,25.469999,25.950001,15.891087,99207700
2004-04-23,27.4,27.719999,27.34,27.540001,16.864763,258269000
2004-04-26,27.450001,27.549999,27.1,27.24,16.681051,89391000
2004-04-27,27.16,27.370001,27.129999,27.219999,16.668795,80716800
2004-04-28,27.01,27.049999,26.469999,26.559999,16.264633,72842200
2004-04-29,26.51,26.940001,26.309999,26.48,16.215637,77787300
2004-04-30,26.59,26.75,25.959999,26.129999,16.00131,66172200
2004-05-03,26.190001,26.52,26.190001,26.35,16.136036,65916200
2004-05-04,26.35,26.540001,26.02,26.33,16.123785,55496400
2004-05-05,26.32,26.6,26.25,26.299999,16.105413,51841700
2004-05-06,26.16,26.34,26.030001,26.120001,15.995182,62693900
2004-05-07,26.030001,26.379999,25.75,25.780001,15.786978,68290200
2004-05-10,25.629999,26.049999,25.620001,25.93,15.878834,64621400
2004-05-11,26.09,26.110001,25.790001,25.940001,15.884955,57917200
2004-05-12,25.870001,26,25.43,25.940001,15.884955,64145600
2004-05-13,25.82,26.190001,25.790001,26.1,15.982937,63861500
2004-05-14,26,26.17,25.639999,25.860001,15.835967,43775300
2004-05-17,25.469999,25.790001,25.42,25.540001,15.640009,55149600
2004-05-18,25.700001,25.969999,25.639999,25.83,15.817598,58158600
2004-05-19,26.030001,26.27,25.620001,25.620001,15.689005,60052800
2004-05-20,25.75,25.870001,25.59,25.73,15.756356,52089900
2004-05-21,25.969999,26.200001,25.780001,25.889999,15.85434,57809300
2004-05-24,26.049999,26.17,25.74,25.76,15.774734,56250500
2004-05-25,25.709999,26.190001,25.6,26.1,15.982937,66615000
2004-05-26,25.99,26.15,25.85,26.139999,16.007441,50306900
2004-05-27,26.16,26.190001,25.92,26.190001,16.038046,49071900
2004-05-28,26.139999,26.35,26.02,26.23,16.06255,37393000
2004-06-01,26.129999,26.27,25.870001,26.110001,15.989071,48369500
2004-06-02,26.120001,26.280001,26.01,26.129999,16.00131,54020000
2004-06-03,26.049999,26.129999,25.860001,25.889999,15.85434,45933100
2004-06-04,26.030001,26.24,25.940001,25.950001,15.891087,48815300
2004-06-07,26.02,26.43,25.969999,26.43,16.185017,65218600
2004-06-08,26.280001,26.65,26.24,26.6,16.289125,58447700
2004-06-09,26.4,26.65,26.4,26.469999,16.209524,50385500
2004-06-10,26.379999,26.790001,26.379999,26.77,16.39324,48109200
2004-06-14,26.549999,26.9,26.530001,26.9,16.472841,67377500
2004-06-15,26.99,27.6,26.969999,27.41,16.785143,114183400
2004-06-16,27.34,27.5,27.15,27.32,16.730032,67431100
2004-06-17,27.309999,27.92,27.290001,27.77,17.005611,105427500
2004-06-18,27.77,28.5,27.700001,28.35,17.360773,134218700
2004-06-21,28.219999,28.66,28.120001,28.35,17.360773,116881700
2004-06-22,28.15,28.35,27.809999,28.290001,17.32403,98932000
2004-06-23,28.200001,28.379999,28,28.299999,17.330164,58558400
2004-06-24,28.48,28.65,28.360001,28.389999,17.385269,65503800
2004-06-25,28.48,28.629999,28.25,28.57,17.495497,71136500
2004-06-28,28.6,28.75,28.17,28.280001,17.317915,77024100
2004-06-29,28.18,28.58,28.18,28.5,17.452641,55371700
2004-06-30,28.57,28.799999,28.389999,28.559999,17.489384,83544400
2004-07-01,28.700001,28.84,28.26,28.629999,17.532248,78441400
2004-07-02,28.620001,28.68,28.4,28.57,17.495497,36690100
2004-07-06,28.32,28.33,27.940001,28.02,17.158699,69158900
2004-07-07,27.67,28.32,27.549999,28.1,17.20768,66255700
2004-07-08,27.879999,28.15,27.549999,27.639999,16.925999,59125100
2004-07-09,27.780001,28,27.639999,27.860001,17.06072,50249300
2004-07-12,27.67,28,27.59,27.889999,17.079081,45757300
2004-07-13,27.91,27.950001,27.6,27.6,16.901501,43274100
2004-07-14,27.4,28.360001,27.34,28.129999,17.226055,87656300
2004-07-15,28.049999,28.200001,27.799999,27.870001,17.066832,46759700
2004-07-16,28.18,28.200001,27.25,27.48,16.828014,66406300
2004-07-19,27.620001,28.26,27.6,27.950001,17.115826,60354500
2004-07-20,28,28.48,27.85,28.32,17.342405,89010700
2004-07-21,29.889999,29.889999,28.809999,28.860001,17.673086,201518000
2004-07-22,29.07,29.299999,28.83,29,17.758821,124640700
2004-07-23,28.379999,28.4,28.02,28.030001,17.164829,97372700
2004-07-26,28.360001,28.709999,28.200001,28.66,17.55061,72387600
2004-07-27,28.700001,28.76,28.129999,28.440001,17.415888,72968400
2004-07-28,28.34,28.790001,28.280001,28.58,17.501627,62718800
2004-07-29,28.780001,28.799999,28.25,28.48,17.440393,60148400
2004-07-30,28.450001,28.809999,28.33,28.49,17.446508,59552900
2004-08-02,28.27,28.549999,28.16,28.52,17.464888,52267000
2004-08-03,28.379999,28.42,28,28.07,17.18932,53990900
2004-08-04,28.01,28.200001,27.99,28.059999,17.183189,46217900
2004-08-05,28.16,28.209999,27.52,27.530001,16.858629,55591700
2004-08-06,27.379999,27.860001,27.059999,27.139999,16.619804,75628000
2004-08-09,27.26,27.280001,27.1,27.18,16.644304,51877500
2004-08-10,27.299999,27.75,27.25,27.719999,16.974987,57632700
2004-08-11,27.389999,27.51,27.200001,27.41,16.785143,53097300
2004-08-12,27.23,27.309999,26.860001,26.879999,16.460587,50279700
2004-08-13,27.01,27.25,26.98,27.02,16.54632,43333200
2004-08-16,27.030001,27.200001,26.959999,27.09,16.58919,54347200
2004-08-17,27.219999,27.379999,26.98,27.049999,16.56469,56879700
2004-08-18,26.93,27.5,26.889999,27.459999,16.815765,58844000
2004-08-19,27.35,27.450001,27.01,27.120001,16.607565,46293000
2004-08-20,27.129999,27.370001,27.040001,27.200001,16.656555,46494800
2004-08-23,27.27,27.33,27.120001,27.24,16.730261,39572200
2004-08-24,27.4,27.459999,27.09,27.24,16.730261,40835300
2004-08-25,27.209999,27.67,27.18,27.549999,16.92065,53512700
2004-08-26,27.459999,27.6,27.389999,27.440001,16.853086,35465500
2004-08-27,27.5,27.65,27.450001,27.459999,16.86537,33248700
2004-08-30,27.299999,27.389999,26.85,27.299999,16.767101,36679600
2004-08-31,27.290001,27.32,27.049999,27.299999,16.767101,52106700
2004-09-01,27.23,27.52,27.139999,27.389999,16.822386,48507500
2004-09-02,27.4,27.68,27.35,27.620001,16.963638,42161700
2004-09-03,27.459999,27.620001,27.1,27.110001,16.65041,46174400
2004-09-07,27.290001,27.379999,27.16,27.360001,16.803951,44893400
2004-09-08,27.299999,27.469999,27.139999,27.26,16.742538,53278100
2004-09-09,27.299999,27.469999,27.18,27.280001,16.754827,56904700
2004-09-10,27.34,27.51,27.18,27.49,16.883804,52664500
2004-09-13,27.530001,27.57,26.74,27.25,16.736395,48239200
2004-09-14,27.370001,27.51,27.27,27.440001,16.853086,55920000
2004-09-15,27.360001,27.4,27.139999,27.190001,16.699545,52605700
2004-09-16,27.219999,27.35,27.17,27.26,16.742538,35951500
2004-09-17,27.389999,27.530001,27.26,27.51,16.896078,65283000
2004-09-20,27.440001,27.65,27.33,27.51,16.896078,51513600
2004-09-21,27.450001,27.530001,27.25,27.26,16.742538,73874400
2004-09-22,27.280001,27.74,27.07,27.120001,16.656553,68409000
2004-09-23,27.190001,27.389999,27.17,27.35,16.797815,52155800
2004-09-24,27.389999,27.459999,27.190001,27.290001,16.76096,49859800
2004-09-27,27.17,27.32,27.129999,27.190001,16.699545,47813600
2004-09-28,27.209999,27.360001,27.040001,27.27,16.748676,62055100
2004-09-29,27.26,27.690001,27.23,27.58,16.939074,61529300
2004-09-30,27.59,27.790001,27.52,27.65,16.982065,71218000
2004-10-01,27.82,28.32,27.780001,28.25,17.350567,66302800
2004-10-04,28.440001,28.459999,28.07,28.120001,17.270727,62016200
2004-10-05,28.15,28.450001,28.1,28.379999,17.430422,58017700
2004-10-06,28.389999,28.549999,28.23,28.530001,17.522547,56999600
2004-10-07,28.540001,28.59,28.16,28.17,17.301441,38401500
2004-10-08,28.1,28.33,27.969999,27.99,17.190887,49556600
2004-10-11,28.200001,28.219999,27.93,28.059999,17.233879,44691000
2004-10-12,27.83,28.16,27.809999,28.030001,17.215467,56412900
2004-10-13,28.190001,28.27,27.940001,28.030001,17.215467,49500700
2004-10-14,28.040001,28.16,27.799999,27.799999,17.07419,41548700
2004-10-15,27.969999,28.24,27.82,27.99,17.190887,49828500
2004-10-18,28.07,28.450001,27.98,28.41,17.448837,50350700
2004-10-19,28.530001,28.59,28.17,28.18,17.307577,57026500
2004-10-20,28.219999,28.75,28.120001,28.700001,17.626957,69078100
2004-10-21,28.809999,28.889999,28.469999,28.559999,17.540972,94988500
2004-10-22,28.299999,28.34,27.58,27.74,17.037336,101912800
2004-10-25,27.67,27.77,27.549999,27.629999,16.96978,61529500
2004-10-26,27.709999,27.9,27.629999,27.9,17.135609,76966600
2004-10-27,27.860001,28.35,27.58,28.15,17.289156,72392600
2004-10-28,28.110001,28.540001,27.9,28.01,17.203173,63059600
2004-10-29,28.120001,28.15,27.799999,27.969999,17.178604,80010100
2004-11-01,28.16,28.280001,27.959999,28.08,17.246164,72930900
2004-11-02,28.26,28.469999,28.030001,28.24,17.344429,89417100
2004-11-03,28.65,28.65,28.309999,28.469999,17.485689,79666700
2004-11-04,28.379999,29,28.379999,29,17.811205,87867700
2004-11-05,29.209999,29.360001,29.030001,29.309999,18.001608,95337700
2004-11-08,29.18,29.48,29.129999,29.280001,17.983181,112802100
2004-11-09,29.43,29.889999,29.35,29.77,18.284124,100401000
2004-11-10,29.92,30,29.690001,29.73,18.259554,84097700
2004-11-11,29.889999,30.08,29.82,29.98,18.413109,87358900
2004-11-12,30.16,30.200001,29.799999,29.969999,18.406958,162269000
2004-11-15,27.34,27.5,27.200001,27.389999,18.749233,104468000
2004-11-16,27.33,27.34,27.049999,27.120001,18.564405,64522600
2004-11-17,27.25,27.35,27.059999,27.17,18.598629,58830700
2004-11-18,27.129999,27.17,27,27.07,18.530174,63249900
2004-11-19,27.030001,27.07,26.84,26.860001,18.386427,85808600
2004-11-22,26.75,26.82,26.1,26.65,18.242672,92410800
2004-11-23,26.52,26.700001,26.4,26.530001,18.160532,70459700
2004-11-24,26.620001,26.73,26.4,26.639999,18.23583,60069200
2004-11-26,26.559999,26.82,26.549999,26.6,18.208448,24398700
2004-11-29,26.639999,26.950001,26.610001,26.77,18.32482,67079900
2004-11-30,26.75,27.01,26.700001,26.809999,18.352201,75960400
2004-12-01,26.950001,27.280001,26.809999,27.25,18.653395,99889000
2004-12-02,27.27,27.4,26.92,27.09,18.543863,96088300
2004-12-03,27.16,27.440001,27.139999,27.23,18.6397,76498400
2004-12-06,27.1,27.440001,27.07,27.33,18.708147,55297400
2004-12-07,27.26,27.379999,27,27.07,18.530174,111656000
2004-12-08,27.01,27.360001,26.91,27.360001,18.728689,95655000
2004-12-09,27.129999,27.360001,26.940001,27.23,18.6397,83006000
2004-12-10,27.08,27.18,27.040001,27.08,18.537025,70949200
2004-12-13,27.1,27.280001,26.91,27.25,18.653395,93812500
2004-12-14,27.049999,27.33,27.040001,27.23,18.6397,127843200
2004-12-15,27.219999,27.4,27.07,27.110001,18.557556,106303900
2004-12-16,27.15,27.280001,27.01,27.16,18.591782,88997500
2004-12-17,27,27.32,26.799999,26.959999,18.454874,126184400
2004-12-20,27.01,27.15,26.889999,26.950001,18.448032,85552800
2004-12-21,27,27.17,26.940001,27.07,18.530174,94646100
2004-12-22,26.84,27.15,26.780001,26.969999,18.461729,63651900
2004-12-23,26.870001,27.15,26.83,27.01,18.4891,65801900
2004-12-27,27.01,27.1,26.82,26.85,18.379576,55958500
2004-12-28,26.85,27.030001,26.799999,26.950001,18.448032,55075900
2004-12-29,26.85,27,26.82,26.9,18.413809,47594900
2004-12-30,26.889999,26.940001,26.75,26.76,18.317974,48355400
2004-12-31,26.75,26.9,26.68,26.719999,18.290588,54959500
2005-01-03,26.799999,26.950001,26.65,26.74,18.304283,65002900
2005-01-04,26.870001,27.1,26.66,26.84,18.372736,109442100
2005-01-05,26.84,27.1,26.76,26.780001,18.331656,72463500
2005-01-06,26.85,27.059999,26.639999,26.75,18.311132,76890500
2005-01-07,26.82,26.889999,26.620001,26.67,18.256365,68723300
2005-01-10,26.6,26.860001,26.540001,26.799999,18.345346,70376600
2005-01-11,26.690001,26.82,26.610001,26.73,18.29743,64712000
2005-01-12,26.77,26.85,26.620001,26.780001,18.331656,72940600
2005-01-13,26.68,26.799999,26.16,26.27,17.982548,89861600
2005-01-14,26.4,26.450001,26.040001,26.120001,17.879875,92180800
2005-01-18,26.030001,26.35,25.84,26.32,18.016781,69146400
2005-01-19,26.209999,26.26,25.92,25.98,17.784044,58114100
2005-01-20,25.84,26.1,25.74,25.860001,17.701895,58380100
2005-01-21,25.950001,26.129999,25.639999,25.65,17.558149,76501000
2005-01-24,25.76,26,25.639999,25.67,17.571833,69010900
2005-01-25,25.76,26.190001,25.75,26.02,17.811422,67580700
2005-01-26,26.07,26.17,25.9,26.01,17.804579,64974500
2005-01-27,25.950001,26.16,25.85,26.110001,17.873034,93204100
2005-01-28,26.540001,26.65,25.959999,26.18,17.920942,110466500
2005-01-31,26.35,26.52,26.16,26.280001,17.989397,71442100
2005-02-01,26.25,26.43,26.219999,26.389999,18.064699,57981700
2005-02-02,26.42,26.5,26.280001,26.459999,18.112616,79329500
2005-02-03,26.370001,26.4,26.1,26.18,17.920942,62545400
2005-02-04,26.17,26.370001,26.139999,26.32,18.016781,61246500
2005-02-07,26.27,26.299999,26.059999,26.16,17.907257,57763400
2005-02-08,26.190001,26.34,26.16,26.24,17.962025,61343700
2005-02-09,26.25,26.309999,26.040001,26.07,17.84565,77874800
2005-02-10,26.1,26.129999,26,26.059999,17.838802,71796400
2005-02-11,26.030001,26.120001,25.809999,25.969999,17.777197,83835900
2005-02-14,25.93,26.120001,25.91,26.01,17.804579,58694000
2005-02-15,26,26.08,25.860001,25.93,17.804579,76551600
2005-02-16,25.870001,25.93,25.67,25.790001,17.708443,57506600
2005-02-17,25.709999,25.860001,25.6,25.65,17.61232,67024800
2005-02-18,25.639999,25.65,25.4,25.48,17.49559,77091100
2005-02-22,25.25,25.49,25.200001,25.23,17.323929,96419200
2005-02-23,25.24,25.35,25.17,25.200001,17.303329,83689400
2005-02-24,25.18,25.440001,25.15,25.370001,17.420067,85236300
2005-02-25,25.33,25.379999,25.15,25.25,17.33766,62467700
2005-02-28,25.219999,25.370001,25.129999,25.16,17.275862,82728000
2005-03-01,25.190001,25.41,25.129999,25.280001,17.358273,56394800
2005-03-02,25.190001,25.48,25.16,25.26,17.344524,67739000
2005-03-03,25.299999,25.309999,25.139999,25.17,17.282738,52183600
2005-03-04,25.209999,25.299999,25.129999,25.17,17.282738,63058200
2005-03-07,25.17,25.790001,25.16,25.469999,17.488724,80407400
2005-03-08,25.4,25.620001,25.34,25.4,17.440651,52871800
2005-03-09,25.389999,25.57,25.280001,25.309999,17.37886,62991800
2005-03-10,25.43,25.48,25.25,25.43,17.46126,59132900
2005-03-11,25.450001,25.48,25.059999,25.09,17.227793,60617900
2005-03-14,25.08,25.15,24.959999,25.110001,17.241531,65550500
2005-03-15,25.1,25.24,24.889999,24.91,17.104208,71469400
2005-03-16,24.82,24.969999,24.559999,24.629999,16.911949,74841400
2005-03-17,24.639999,24.68,24.530001,24.540001,16.850145,60573200
2005-03-18,24.530001,24.91,24.280001,24.309999,16.692221,135904000
2005-03-21,24.35,24.360001,24.15,24.200001,16.61669,71446200
2005-03-22,24.190001,24.27,23.959999,23.99,16.472486,102113300
2005-03-23,23.99,24.389999,23.959999,24.18,16.602955,79293300
2005-03-24,24.24,24.469999,24.200001,24.280001,16.671625,78820900
2005-03-28,24.4,24.469999,24.18,24.200001,16.61669,49802000
2005-03-29,24.139999,24.24,23.82,23.92,16.424435,74231700
2005-03-30,24.040001,24.190001,24,24.16,16.589226,59585700
2005-03-31,24.25,24.309999,24.120001,24.17,16.596088,62382300
2005-04-01,24.24,24.35,24.1,24.120001,16.561754,64619600
2005-04-04,24.110001,24.26,23.940001,24.23,16.637281,62196400
2005-04-05,24.219999,24.5,24.120001,24.469999,16.802078,73549600
2005-04-06,24.469999,24.940001,24.450001,24.67,16.939409,78020200
2005-04-07,24.66,25.129999,24.629999,25.1,17.234673,77451500
2005-04-08,25.07,25.25,24.91,24.940001,17.1248,47956300
2005-04-11,25.030001,25.110001,24.860001,24.969999,17.145397,47791800
2005-04-12,24.92,25.35,24.799999,25.32,17.385727,67517800
2005-04-13,25.23,25.450001,24.99,25.040001,17.193464,60929300
2005-04-14,25.01,25.139999,24.83,24.84,17.056137,66754400
2005-04-15,24.58,24.9,24.41,24.459999,16.795221,100251600
2005-04-18,24.450001,24.84,24.4,24.65,16.925682,75766400
2005-04-19,24.709999,24.799999,24.450001,24.629999,16.911949,65956200
2005-04-20,24.66,24.700001,24.299999,24.32,16.699083,91923500
2005-04-21,24.48,25.389999,24.469999,25.280001,17.358273,93562300
2005-04-22,25.049999,25.25,24.780001,24.98,17.152267,80087500
2005-04-25,25.07,25.280001,24.860001,24.99,17.159134,75457900
2005-04-26,24.950001,25.25,24.74,24.76,17.001207,60464300
2005-04-27,24.66,25.15,24.629999,24.99,17.159134,47732800
2005-04-28,24.82,24.92,24.440001,24.450001,16.788349,83623100
2005-04-29,24.879999,25.299999,24.790001,25.299999,17.37199,98641200
2005-05-02,25.23,25.360001,24.950001,25.23,17.323929,54376700
2005-05-03,25.129999,25.4,25.09,25.360001,17.413195,67867800
2005-05-04,25.34,25.4,25.110001,25.209999,17.310188,86864200
2005-05-05,25.200001,25.33,25.08,25.23,17.323929,59362300
2005-05-06,25.33,25.48,25.190001,25.219999,17.31706,64322600
2005-05-09,25.23,25.33,25.049999,25.110001,17.241531,61872400
2005-05-10,25.040001,25.08,24.82,24.9,17.09734,62235100
2005-05-11,24.889999,24.969999,24.639999,24.91,17.104208,59463300
2005-05-12,24.84,25.110001,24.83,25,17.165997,74540700
2005-05-13,25.030001,25.379999,24.99,25.299999,17.37199,77204300
2005-05-16,25.23,25.5,25.190001,25.49,17.557978,50577300
2005-05-17,25.309999,25.5,25.25,25.459999,17.537312,39983200
2005-05-18,25.5,25.84,25.42,25.700001,17.702621,71182400
2005-05-19,25.75,26.049999,25.700001,25.92,17.85417,52120800
2005-05-20,25.879999,25.92,25.73,25.74,17.730179,64444500
2005-05-23,25.74,26.07,25.74,25.85,17.805952,75421100
2005-05-24,25.799999,25.879999,25.719999,25.75,17.737068,61287700
2005-05-25,25.68,25.77,25.5,25.709999,17.709505,35749000
2005-05-26,25.75,26,25.73,25.9,17.840393,50579200
2005-05-27,25.83,26.09,25.809999,26.07,17.957487,54978000
2005-05-31,25.99,26.030001,25.75,25.799999,17.771503,46131100
2005-06-01,25.73,26,25.610001,25.809999,17.778397,54621000
2005-06-02,25.709999,25.860001,25.639999,25.790001,17.764616,27212500
2005-06-03,25.700001,25.809999,25.34,25.43,17.516657,79659500
2005-06-06,25.379999,25.5,25.309999,25.370001,17.475315,40756900
2005-06-07,25.33,25.83,25.309999,25.51,17.571749,54511400
2005-06-08,25.549999,25.620001,25.34,25.4,17.495983,45369700
2005-06-09,25.4,25.610001,25.35,25.51,17.571749,52767900
2005-06-10,25.49,25.52,25.34,25.43,17.516657,39459800
2005-06-13,25.360001,25.49,25.26,25.309999,17.433985,49104100
2005-06-14,25.309999,25.440001,25.24,25.360001,17.468435,44243300
2005-06-15,25.4,25.41,25.110001,25.26,17.399546,50764800
2005-06-16,25.219999,25.23,24.950001,25.040001,17.248007,65918800
2005-06-17,25.27,25.290001,24.92,25.040001,17.248007,90821300
2005-06-20,24.98,25.280001,24.93,25.110001,17.296227,50538900
2005-06-21,25.08,25.190001,25.040001,25.15,17.323776,81084000
2005-06-22,25.110001,25.26,25.030001,25.07,17.268673,60492700
2005-06-23,25.17,25.620001,25.15,25.309999,17.433985,105159800
2005-06-24,25.219999,25.4,25.040001,25.040001,17.248007,57970700
2005-06-27,25.07,25.25,25.030001,25.049999,17.2549,61636200
2005-06-28,25.09,25.200001,25.030001,25.07,17.268673,53058100
2005-06-29,25.219999,25.32,25,25.09,17.282444,55859900
2005-06-30,25.059999,25.139999,24.82,24.84,17.110247,82018200
2005-07-01,24.85,24.99,24.67,24.709999,17.020691,69718400
2005-07-05,24.66,25.190001,24.620001,24.98,17.206667,61883500
2005-07-06,24.969999,25.08,24.690001,24.700001,17.013807,64214600
2005-07-07,24.58,24.709999,24.5,24.65,16.979361,80082900
2005-07-08,24.639999,25.120001,24.629999,25.09,17.282444,56104000
2005-07-11,25.15,25.379999,25.110001,25.290001,17.420206,61525400
2005-07-12,25.24,25.620001,25.200001,25.610001,17.640631,63384800
2005-07-13,25.530001,25.75,25.48,25.66,17.67507,44749200
2005-07-14,25.790001,26.1,25.790001,25.969999,17.888603,69506800
2005-07-15,26.040001,26.1,25.75,25.790001,17.764616,56472800
2005-07-18,25.709999,25.790001,25.549999,25.549999,17.599302,39668000
2005-07-19,25.790001,26.25,25.75,26.16,18.019476,113290100
2005-07-20,26,26.23,25.879999,26.190001,18.04014,71424800
2005-07-21,26.299999,26.48,26,26.440001,18.212347,112932100
2005-07-22,25.99,26.34,25.629999,25.68,17.68885,97558900
2005-07-25,25.690001,25.9,25.65,25.690001,17.69574,45174600
2005-07-26,25.719999,25.74,25.530001,25.540001,17.592413,51476400
2005-07-27,25.610001,25.799999,25.530001,25.719999,17.716402,57977300
2005-07-28,25.75,25.85,25.66,25.75,17.737068,44738700
2005-07-29,25.780001,26,25.59,25.610001,17.640631,59524400
2005-08-01,25.809999,26.049999,25.76,25.92,17.85417,61346800
2005-08-02,25.9,26.9,25.870001,26.809999,18.467215,137510100
2005-08-03,26.76,27.43,26.73,27.25,18.770294,139422400
2005-08-04,27.16,27.5,27.049999,27.32,18.818506,91461400
2005-08-05,27.290001,27.940001,27.25,27.76,19.121592,82212400
2005-08-08,27.799999,27.84,27.08,27.129999,18.687637,77207200
2005-08-09,27.219999,27.51,27.01,27.35,18.839176,64761800
2005-08-10,27.41,27.5,26.85,26.950001,18.563646,62818800
2005-08-11,26.98,27.299999,26.889999,27.27,18.784065,48646800
2005-08-12,27.08,27.139999,26.9,27.049999,18.632524,52006500
2005-08-15,26.98,27.299999,26.690001,27.129999,18.743069,45976600
2005-08-16,27.030001,27.139999,26.700001,26.74,18.473627,46894600
2005-08-17,26.82,27.15,26.66,26.950001,18.618711,52413100
2005-08-18,26.889999,27.08,26.799999,26.82,18.528906,40861900
2005-08-19,26.85,26.91,26.700001,26.719999,18.459812,36043500
2005-08-22,26.790001,27.17,26.77,26.91,18.591078,41691700
2005-08-23,26.84,27.07,26.74,26.870001,18.563442,48296700
2005-08-24,26.84,27.16,26.780001,26.809999,18.521992,63645000
2005-08-25,26.9,27.09,26.85,27.030001,18.673981,39306300
2005-08-26,27.059999,27.08,26.870001,26.969999,18.63253,36774600
2005-08-29,26.809999,27.23,26.809999,27.15,18.756884,52307700
2005-08-30,27.059999,27.23,26.959999,27.18,18.777615,55163200
2005-08-31,27.17,27.440001,27.040001,27.379999,18.915785,65210200
2005-09-01,27.379999,27.389999,27.15,27.200001,18.791428,75974500
2005-09-02,27.209999,27.27,26.969999,27.02,18.667076,52047500
2005-09-06,27.059999,27.290001,26.98,27,18.653254,46089000
2005-09-07,26.940001,27.110001,26.82,26.85,18.549625,44656100
2005-09-08,26.799999,26.879999,26.52,26.610001,18.383833,52552300
2005-09-09,26.620001,26.82,26.530001,26.58,18.363098,41515800
2005-09-12,26.620001,26.75,26.52,26.610001,18.383833,40550500
2005-09-13,26.540001,26.76,26.370001,26.48,18.294003,63422900
2005-09-14,26.52,26.639999,26.299999,26.309999,18.176565,54969600
2005-09-15,26.370001,26.43,26.219999,26.27,18.148916,60357200
2005-09-16,26.34,26.4,25.969999,26.07,18.010756,187384300
2005-09-19,26.09,26.27,25.860001,26,17.962395,61832300
2005-09-20,26.07,26.219999,25.690001,25.84,17.851864,61043400
2005-09-21,25.799999,25.9,25.43,25.49,17.610058,68281800
2005-09-22,25.49,25.6,25.15,25.34,17.50643,71314900
2005-09-23,25.309999,25.540001,25.120001,25.27,17.458065,66396800
2005-09-26,25.4,25.49,25.209999,25.27,17.458065,56203700
2005-09-27,25.370001,25.450001,25.299999,25.34,17.50643,48797900
2005-09-28,25.389999,25.870001,25.379999,25.67,17.734409,71019400
2005-09-29,25.610001,26,25.5,25.940001,17.920942,66807100
2005-09-30,25.91,25.950001,25.610001,25.73,17.77586,57644500
2005-10-03,25.709999,25.73,25.440001,25.5,17.616953,55341300
2005-10-04,25.360001,25.389999,24.75,24.98,17.257708,151666300
2005-10-05,25.040001,25.049999,24.67,24.67,17.043549,73684700
2005-10-06,24.66,24.950001,24.530001,24.73,17.084991,81724600
2005-10-07,24.77,24.84,24.52,24.59,16.988276,50768700
2005-10-10,24.67,24.68,24.35,24.459999,16.898472,48880900
2005-10-11,24.51,24.549999,24.25,24.41,16.863922,76567300
2005-10-12,24.49,24.700001,24.27,24.299999,16.787931,71294400
2005-10-13,24.309999,24.73,24.27,24.59,16.988276,70192000
2005-10-14,24.709999,24.73,24.5,24.67,17.043549,53846700
2005-10-17,24.68,24.690001,24.440001,24.530001,16.946833,46924400
2005-10-18,24.49,24.83,24.450001,24.57,16.974466,69328200
2005-10-19,24.559999,25.09,24.5,25.09,17.333708,66574500
2005-10-20,25.049999,25.129999,24.74,24.790001,17.126457,58830600
2005-10-21,24.91,25,24.57,24.780001,17.119549,69431200
2005-10-24,24.889999,25.1,24.68,25.1,17.34062,51868000
2005-10-25,24.950001,25.129999,24.83,25.030001,17.292261,41310500
2005-10-26,24.969999,25.33,24.93,25.110001,17.347532,58178100
2005-10-27,25.219999,25.27,24.85,24.85,17.167904,61566100
2005-10-28,25.1,25.6,25.1,25.530001,17.63769,106559300
2005-10-31,25.610001,25.799999,25.5,25.700001,17.755133,75122100
2005-11-01,25.610001,26.1,25.610001,25.959999,17.934761,71370400
2005-11-02,25.93,26.5,25.93,26.459999,18.280195,75067100
2005-11-03,26.6,26.639999,26.25,26.440001,18.266369,73421600
2005-11-04,26.530001,26.709999,26.450001,26.66,18.418364,57464000
2005-11-07,26.719999,27.08,26.700001,27.01,18.66016,77104800
2005-11-08,26.940001,27.18,26.77,27.049999,18.687794,60091700
2005-11-09,26.98,27.15,26.940001,26.959999,18.625618,59562100
2005-11-10,26.940001,27.15,26.639999,27.09,18.715433,73314800
2005-11-11,27.15,27.389999,27.129999,27.280001,18.846699,51945600
2005-11-14,27.360001,27.440001,27.200001,27.370001,18.908869,67152200
2005-11-15,27.33,27.540001,27.25,27.5,19.054382,65081000
2005-11-16,27.48,27.879999,27.440001,27.74,19.220669,86277000
2005-11-17,27.85,28,27.76,27.969999,19.380033,91351000
2005-11-18,28.120001,28.25,27.9,28.07,19.449326,75431200
2005-11-21,28.07,28.24,27.84,28.16,19.511683,65794400
2005-11-22,28.059999,28.08,27.860001,27.91,19.338461,104253300
2005-11-23,27.92,28.09,27.74,27.92,19.345396,70541300
2005-11-25,27.799999,27.940001,27.469999,27.76,19.234537,44082500
2005-11-28,27.790001,27.85,27.530001,27.75,19.227602,57517200
2005-11-29,27.790001,27.790001,27.6,27.68,19.179104,62220400
2005-11-30,27.68,27.77,27.629999,27.68,19.179104,55904700
2005-12-01,27.73,28.1,27.73,27.889999,19.324604,61006100
2005-12-02,27.82,28.1,27.790001,28.01,19.407753,42319600
2005-12-05,27.93,28.02,27.709999,27.85,19.296892,47517300
2005-12-06,27.9,27.92,27.68,27.690001,19.186041,65980000
2005-12-07,27.67,27.75,27.549999,27.75,19.227602,55583200
2005-12-08,27.709999,27.809999,27.6,27.690001,19.186041,63931600
2005-12-09,27.709999,27.83,27.639999,27.709999,19.199886,48467000
2005-12-12,27.700001,27.75,27.33,27.450001,19.019735,63757200
2005-12-13,27.290001,27.43,27,27.129999,18.798016,104285500
2005-12-14,27,27.24,26.85,27.09,18.770294,65076200
2005-12-15,27.08,27.110001,26.809999,26.92,18.652506,79018100
2005-12-16,26.879999,27.08,26.809999,26.9,18.638655,88542500
2005-12-19,26.82,26.870001,26.65,26.83,18.590147,68680100
2005-12-20,26.76,26.879999,26.67,26.860001,18.610929,62960600
2005-12-21,26.870001,26.91,26.709999,26.73,18.520849,75800900
2005-12-22,26.709999,26.780001,26.42,26.59,18.423849,91276900
2005-12-23,26.52,26.67,26.440001,26.639999,18.4585,30689200
2005-12-27,26.68,26.85,26.450001,26.459999,18.33378,37819000
2005-12-28,26.51,26.66,26.35,26.389999,18.285273,35444400
2005-12-29,26.41,26.5,26.26,26.27,18.202122,34495500
2005-12-30,26.15,26.309999,26.1,26.15,18.118982,49044600
2006-01-03,26.25,27,26.1,26.84,18.597075,79973000
2006-01-04,26.77,27.08,26.77,26.969999,18.687149,57975600
2006-01-05,26.959999,27.129999,26.91,26.99,18.70101,48245500
2006-01-06,26.889999,27,26.49,26.91,18.64558,100963000
2006-01-09,26.93,27.07,26.76,26.860001,18.610929,55625000
2006-01-10,26.65,27.02,26.59,27,18.707933,64921900
2006-01-11,27.01,27.389999,26.9,27.290001,18.908865,70120700
2006-01-12,27.25,27.26,26.969999,27.139999,18.804941,45994800
2006-01-13,27.030001,27.25,27.01,27.190001,18.839588,41418000
2006-01-17,26.9,27.190001,26.9,26.99,18.70101,58566600
2006-01-18,26.74,26.98,26.700001,26.83,18.590147,52376200
2006-01-19,26.870001,27.24,26.85,27.02,18.721798,60367600
2006-01-20,27.01,27.01,26.26,26.41,18.299133,79165900
2006-01-23,26.41,26.530001,26.299999,26.35,18.257568,47925600
2006-01-24,26.34,26.450001,26.219999,26.280001,18.209057,63040700
2006-01-25,26.41,26.57,26.23,26.4,18.292208,59072100
2006-01-26,26.559999,26.719999,26.309999,26.5,18.361488,69509300
2006-01-27,27.23,27.950001,27.190001,27.790001,19.255312,134520700
2006-01-30,27.82,28.18,27.780001,28,19.400826,103999200
2006-01-31,27.91,28.379999,27.870001,28.15,19.504759,94841300
2006-02-01,27.959999,28.07,27.76,28.040001,19.428539,68448800
2006-02-02,27.969999,27.99,27.549999,27.68,19.179104,55073400
2006-02-03,27.48,27.700001,27.34,27.540001,19.0821,75022700
2006-02-06,27.51,27.540001,27.09,27.17,18.825729,60170500
2006-02-07,26.950001,27.15,26.809999,26.940001,18.666361,72159500
2006-02-08,27.01,27.08,26.709999,26.91,18.64558,51795200
2006-02-09,26.959999,27.030001,26.65,26.66,18.472355,52861700
2006-02-10,26.620001,26.889999,26.51,26.690001,18.493147,52127000
2006-02-13,26.629999,26.700001,26.34,26.389999,18.285273,46707000
2006-02-14,26.41,26.68,26.35,26.65,18.46542,58432900
2006-02-15,26.6,26.93,26.5,26.879999,18.687897,62808900
2006-02-16,26.85,26.9,26.57,26.809999,18.639227,48868500
2006-02-17,26.67,26.809999,26.559999,26.700001,18.562763,41513200
2006-02-21,26.719999,26.719999,26.34,26.540001,18.451517,50216100
2006-02-22,26.530001,26.860001,26.469999,26.719999,18.576658,43043100
2006-02-23,26.73,26.889999,26.540001,26.66,18.534958,47359100
2006-02-24,26.59,26.74,26.52,26.629999,18.514086,44753800
2006-02-27,26.75,27.26,26.67,27.049999,18.806091,51301500
2006-02-28,26.950001,27.299999,26.870001,26.870001,18.680946,65036100
2006-03-01,26.98,27.200001,26.950001,27.139999,18.868664,53061200
2006-03-02,27.02,27.1,26.9,26.969999,18.750473,41850300
2006-03-03,26.809999,27.16,26.74,26.93,18.722673,45218800
2006-03-06,26.92,27.15,26.83,26.91,18.708765,53054100
2006-03-07,26.9,27.1,26.809999,27.059999,18.813047,51613900
2006-03-08,26.99,27.5,26.969999,27.25,18.945141,57547400
2006-03-09,27.27,27.42,27,27,18.771328,45360700
2006-03-10,27.059999,27.219999,26.879999,27.17,18.889517,41297200
2006-03-13,27.18,27.290001,26.940001,27.110001,18.847809,40342600
2006-03-14,27.040001,27.379999,26.99,27.23,18.931236,39821800
2006-03-15,27.200001,27.450001,27.01,27.360001,19.021614,57152000
2006-03-16,27.34,27.48,27.219999,27.27,18.959042,73793700
2006-03-17,27.35,27.66,27.27,27.5,19.118952,120615000
2006-03-20,27.700001,27.99,27.67,27.889999,19.390091,67094100
2006-03-21,27.74,28.219999,27.68,27.74,19.285809,73199600
2006-03-22,27.08,27.5,26.799999,27.15,18.875614,145696100
2006-03-23,27.08,27.1,26.66,26.85,18.667049,73682900
2006-03-24,26.709999,27.209999,26.620001,27.01,18.778284,69157600
2006-03-27,27.01,27.299999,27,27.01,18.778284,59908600
2006-03-28,27.01,27.209999,26.809999,26.9,18.701807,58520500
2006-03-29,26.950001,27.200001,26.92,27.02,18.785234,53150300
2006-03-30,27.030001,27.389999,27,27.23,18.931236,54612000
2006-03-31,27.299999,27.540001,27.209999,27.209999,18.91733,62190500
2006-04-03,27.67,27.73,27.440001,27.559999,19.160662,57605300
2006-04-04,27.6,27.799999,27.469999,27.639999,19.216284,45470000
2006-04-05,27.879999,27.940001,27.639999,27.74,19.285809,41539300
2006-04-06,27.66,27.719999,27.370001,27.559999,19.160662,51885500
2006-04-07,27.610001,27.719999,27.23,27.25,18.945141,47249400
2006-04-10,27.23,27.440001,27.200001,27.290001,18.972944,39432000
2006-04-11,27.290001,27.32,27,27.129999,18.86171,42953400
2006-04-12,27.1,27.200001,26.969999,27.200001,18.910381,32183000
2006-04-13,27.08,27.200001,27,27.07,18.819992,28160000
2006-04-17,27.030001,27.049999,26.73,26.84,18.660093,35796200
2006-04-18,26.940001,27.5,26.82,27.219999,18.924276,56272700
2006-04-19,27.110001,27.190001,26.959999,27.030001,18.792183,45111100
2006-04-20,27.049999,27.190001,26.700001,27.030001,18.792183,45648300
2006-04-21,27.049999,27.389999,27,27.15,18.875614,58528000
2006-04-24,27.07,27.25,26.98,27.110001,18.847809,42318400
2006-04-25,27.09,27.209999,27.02,27.110001,18.847809,49222500
2006-04-26,27.08,27.23,27,27.1,18.840849,39190000
2006-04-27,26.969999,27.629999,26.940001,27.25,18.945141,96509600
2006-04-28,24.23,24.5,24,24.15,16.789917,591052200
2006-05-01,24.32,25,24.09,24.290001,16.887247,174800900
2006-05-02,24.49,25,23.9,24.01,16.692577,190533500
2006-05-03,23.99,24.02,23.15,23.17,16.10858,211527100
2006-05-04,23.35,23.67,23.139999,23.440001,16.296301,171257400
2006-05-05,23.66,23.950001,23.52,23.799999,16.546585,131604300
2006-05-08,23.85,25,23.51,23.73,16.497919,80693500
2006-05-09,23.75,24,23.49,23.620001,16.421436,75345900
2006-05-10,23.67,23.790001,23.59,23.77,16.525723,76563300
2006-05-11,23.709999,23.790001,23.15,23.219999,16.143349,92916700
2006-05-12,23.139999,23.370001,23.049999,23.17,16.10858,83115900
2006-05-15,23.1,23.23,23.030001,23.15,16.157438,67314800
2006-05-16,23.16,24,22.91,23.01,16.059723,82095100
2006-05-17,22.889999,23.08,22.73,22.73,15.864306,98598300
2006-05-18,22.84,23.139999,22.76,22.83,15.934098,95476400
2006-05-19,22.790001,22.9,22.52,22.559999,15.74565,100071200
2006-05-22,22.48,23.02,22.450001,22.879999,15.968994,87322300
2006-05-23,23.110001,23.379999,22.77,22.790001,15.906187,79986300
2006-05-24,22.99,23.540001,22.98,23.5,16.401722,107356700
2006-05-25,23.57,23.92,23.540001,23.74,16.569233,83052700
2006-05-26,23.77,23.879999,23.559999,23.719999,16.555264,46861600
2006-05-30,23.549999,23.76,23.139999,23.15,16.157438,52497500
2006-05-31,23.26,23.35,22.65,22.65,15.808468,120202000
2006-06-01,22.74,22.84,22.620001,22.82,15.927118,80230800
2006-06-02,22.870001,22.99,22.67,22.76,15.885243,73935600
2006-06-05,22.719999,22.73,22.49,22.5,15.703776,63914100
2006-06-06,22.549999,22.559999,21.98,22.129999,15.445532,126601300
2006-06-07,22.15,22.389999,22.01,22.040001,15.382721,73827500
2006-06-08,22.030001,22.209999,21.969999,22.110001,15.431581,104126900
2006-06-09,22.15,22.190001,21.889999,21.92,15.298965,52573800
2006-06-12,21.959999,22.1,21.700001,21.709999,15.1524,74309700
2006-06-13,21.73,22.030001,21.459999,21.51,15.012809,113175300
2006-06-14,21.59,21.940001,21.549999,21.879999,15.271055,86081500
2006-06-15,22.01,22.129999,21.799999,22.07,15.40366,121577300
2006-06-16,21.969999,22.280001,21.790001,22.1,15.424603,147506500
2006-06-19,22.139999,22.6,22.120001,22.549999,15.738671,129640900
2006-06-20,22.540001,22.76,22.5,22.559999,15.74565,90598500
2006-06-21,22.610001,23.15,22.530001,23.08,16.108585,91660300
2006-06-22,23.059999,23.17,22.780001,22.879999,15.968994,76590600
2006-06-23,22.85,22.870001,22.5,22.5,15.703776,60532600
2006-06-26,22.65,22.889999,22.629999,22.82,15.927118,53644100
2006-06-27,22.889999,23.16,22.84,22.860001,15.95504,84759100
2006-06-28,22.959999,23.25,22.91,23.16,16.164417,71906500
2006-06-29,23.32,23.629999,23.219999,23.469999,16.380775,121395500
2006-06-30,23.540001,23.65,23.299999,23.299999,16.262121,73048800
2006-07-03,23.530001,23.719999,23.450001,23.700001,16.541309,25711400
2006-07-05,23.48,23.52,23.299999,23.35,16.297028,53093500
2006-07-06,23.450001,23.610001,23.42,23.48,16.387758,44775200
2006-07-07,23.389999,23.549999,23.299999,23.299999,16.262121,63168800
2006-07-10,23.43,23.66,23.379999,23.5,16.401722,50565100
2006-07-11,23.370001,23.370001,22.74,23.1,16.122534,88676300
2006-07-12,22.790001,22.879999,22.620001,22.639999,15.801483,77379300
2006-07-13,22.370001,22.610001,22.25,22.26,15.536267,73099500
2006-07-14,22.280001,22.549999,22.23,22.290001,15.557205,67499400
2006-07-17,22.290001,22.610001,22.26,22.48,15.689808,37053500
2006-07-18,22.59,22.76,22.48,22.74,15.871289,65047300
2006-07-19,22.82,23.459999,22.719999,23.4,16.331932,82188200
2006-07-20,23.440001,23.450001,22.780001,22.85,15.948062,76605200
2006-07-21,24.08,24.15,23,23.870001,16.659966,175483800
2006-07-24,24.01,24.110001,23.790001,24,16.750689,59586700
2006-07-25,24,24.290001,23.9,24.219999,16.904242,60075800
2006-07-26,24.120001,24.530001,24.1,24.370001,17.008928,54942100
2006-07-27,24.58,24.6,23.77,23.870001,16.659966,85386800
2006-07-28,24.08,24.280001,24.059999,24.25,16.925182,51705800
2006-07-31,24.07,24.42,24.01,24.059999,16.79257,40254400
2006-08-01,24.02,24.200001,23.85,23.99,16.743711,49168700
2006-08-02,24.120001,24.4,24.030001,24.299999,16.960075,46462000
2006-08-03,24.190001,24.48,24.15,24.209999,16.897261,43155300
2006-08-04,24.4,24.49,24.15,24.290001,16.9531,45690400
2006-08-07,24.280001,24.48,24.190001,24.219999,16.904242,36862400
2006-08-08,24.389999,24.52,24.200001,24.34,16.987993,58171300
2006-08-09,24.49,24.639999,24.34,24.440001,17.057789,44405700
2006-08-10,24.370001,24.6,24.34,24.459999,17.071751,31753400
2006-08-11,24.43,24.450001,24.200001,24.43,17.050802,30255500
2006-08-14,24.52,24.6,24.35,24.530001,17.120604,47831900
2006-08-15,24.549999,24.65,24.440001,24.620001,17.246698,48994500
2006-08-16,24.610001,24.73,24.469999,24.700001,17.302734,52373600
2006-08-17,24.700001,24.75,24.610001,24.700001,17.302734,45674800
2006-08-18,25.049999,25.799999,24.98,25.790001,18.066294,128414800
2006-08-21,25.66,26.129999,25.559999,26.120001,18.297476,88398300
2006-08-22,26.01,26.25,25.620001,25.620001,17.94721,89312400
2006-08-23,25.65,25.950001,25.52,25.67,17.982233,44648500
2006-08-24,25.82,25.860001,25.5,25.74,18.031273,35933300
2006-08-25,25.709999,26,25.690001,25.85,18.10833,33115900
2006-08-28,25.84,26,25.690001,25.950001,18.178387,34190900
2006-08-29,25.92,25.98,25.629999,25.84,18.101322,42711200
2006-08-30,25.85,25.889999,25.639999,25.799999,18.073305,30283100
2006-08-31,25.870001,25.98,25.68,25.700001,18.003254,26380500
2006-09-01,25.889999,25.969999,25.639999,25.84,18.101322,31594600
2006-09-05,25.690001,25.959999,25.559999,25.610001,17.940201,44222400
2006-09-06,25.51,25.719999,25.51,25.610001,17.940201,50160400
2006-09-07,25.48,25.700001,25.389999,25.43,17.814116,51266900
2006-09-08,25.530001,25.790001,25.459999,25.6,17.933201,36866800
2006-09-11,25.43,25.950001,25.42,25.91,18.150356,55608200
2006-09-12,25.9,25.98,25.719999,25.93,18.164375,52248800
2006-09-13,25.82,26.1,25.82,25.98,18.199402,37706700
2006-09-14,25.99,26.5,25.98,26.33,18.444578,74324500
2006-09-15,26.58,26.940001,26.49,26.85,18.808846,126057700
2006-09-18,26.74,27.040001,26.67,26.790001,18.766817,49135000
2006-09-19,26.74,26.940001,26.719999,26.860001,18.815849,43039100
2006-09-20,27.01,27.23,26.99,27.18,19.040012,71676400
2006-09-21,27.24,27.25,26.85,26.9,18.843868,58495100
2006-09-22,26.83,26.85,26.48,26.66,18.675749,47712500
2006-09-25,26.809999,27.190001,26.790001,26.950001,18.878893,67903900
2006-09-26,26.91,27.32,26.879999,27.200001,19.054026,54766500
2006-09-27,27.18,27.469999,27.120001,27.440001,19.222147,66233900
2006-09-28,27.469999,27.52,27.26,27.4,19.19413,44179700
2006-09-29,27.35,27.42,27.209999,27.35,19.159109,34283500
2006-10-02,27.32,27.49,27.15,27.360001,19.166103,52908100
2006-10-03,27.370001,27.48,27.209999,27.370001,19.173111,39386200
2006-10-04,27.389999,27.959999,27.370001,27.940001,19.572407,82191200
2006-10-05,27.92,28.110001,27.780001,27.92,19.558397,81967200
2006-10-06,27.76,28,27.65,27.870001,19.523371,36452200
2006-10-09,27.799999,27.93,27.620001,27.719999,19.418299,33366300
2006-10-10,27.690001,27.75,27.440001,27.690001,19.397285,34598500
2006-10-11,27.459999,27.67,27.42,27.540001,19.292204,37219600
2006-10-12,27.58,28.290001,27.540001,28.219999,19.768553,120174900
2006-10-13,28.34,28.690001,28.309999,28.370001,19.873638,129751900
2006-10-16,28.48,28.6,28.33,28.450001,19.929678,49744800
2006-10-17,28.24,28.51,28.17,28.440001,19.922659,40122600
2006-10-18,28.5,28.700001,28.26,28.52,19.978708,40630800
2006-10-19,28.35,28.450001,28.120001,28.290001,19.817587,44730800
2006-10-20,28.48,28.49,28.17,28.43,19.915668,48887800
2006-10-23,28.299999,28.690001,28.18,28.450001,19.929678,48525000
2006-10-24,28.43,28.43,28.129999,28.280001,19.810581,61409600
2006-10-25,28.280001,28.459999,28.139999,28.309999,19.831593,40717100
2006-10-26,28.33,28.41,28.040001,28.35,19.859623,69964200
2006-10-27,28.49,28.790001,28.25,28.34,19.852612,89060100
2006-10-30,28.35,28.84,28.32,28.530001,19.98572,47296800
2006-10-31,28.66,28.85,28.559999,28.709999,20.111803,61861700
2006-11-01,28.780001,28.99,28.700001,28.809999,20.181854,75895900
2006-11-02,28.709999,28.860001,28.58,28.77,20.153828,58674400
2006-11-03,28.85,28.93,28.610001,28.73,20.125813,41124500
2006-11-06,28.77,29.049999,28.76,28.84,20.202869,60446200
2006-11-07,28.860001,29.07,28.799999,28.950001,20.279934,56511200
2006-11-08,28.780001,29.23,28.66,28.98,20.300951,77403300
2006-11-09,29.110001,29.4,29,29.26,20.497093,89407500
2006-11-10,29.17,29.290001,29.15,29.24,20.48308,37855100
2006-11-13,29.190001,29.459999,29.16,29.35,20.560133,47271800
2006-11-14,29.280001,29.42,29.07,29.23,20.54608,63012500
2006-11-15,29.129999,29.360001,29.110001,29.120001,20.468756,63943200
2006-11-16,29.139999,29.639999,29.129999,29.469999,20.714777,64328500
2006-11-17,29.309999,29.540001,29.280001,29.4,20.665567,49356700
2006-11-20,29.52,30,29.5,29.889999,21.010008,85703800
2006-11-21,29.91,30,29.790001,29.92,21.031092,66446600
2006-11-22,29.969999,30,29.82,29.92,21.031092,43907200
2006-11-24,29.66,29.84,29.639999,29.76,20.918619,20456700
2006-11-27,29.690001,29.74,29.33,29.48,20.721811,72722100
2006-11-28,29.34,29.42,29.129999,29.389999,20.658531,52602300
2006-11-29,29.440001,29.780001,29.43,29.57,20.785074,58775100
2006-11-30,29.42,29.57,29.33,29.360001,20.637459,53297400
2006-12-01,29.23,29.299999,28.9,29.120001,20.468756,72257000
2006-12-04,29.23,29.52,29.17,29.33,20.616365,55123400
2006-12-05,29.360001,29.4,29.030001,29.129999,20.475786,45606000
2006-12-06,29.1,29.129999,28.870001,28.99,20.377382,48564100
2006-12-07,28.959999,29.07,28.809999,28.85,20.278975,46831100
2006-12-08,28.82,29.4,28.799999,29.4,20.665567,108854900
2006-12-11,29.190001,29.75,29.110001,29.540001,20.763981,107712000
2006-12-12,29.559999,29.629999,29.219999,29.43,20.686663,68529400
2006-12-13,29.6,29.6,29.32,29.549999,20.771013,46002500
2006-12-14,29.540001,30.08,29.52,30.07,21.136518,85866500
2006-12-15,30.139999,30.23,30.030001,30.190001,21.220877,102783700
2006-12-18,30.190001,30.26,29.780001,29.889999,21.010008,56986800
2006-12-19,29.709999,30.17,29.530001,29.99,21.080286,53822100
2006-12-20,29.99,30.24,29.969999,30.09,21.150585,31202100
2006-12-21,30.129999,30.139999,29.889999,29.98,21.073271,32270500
2006-12-22,29.83,29.860001,29.620001,29.639999,20.83427,37971700
2006-12-26,29.530001,30,29.4,29.99,21.080286,37098300
2006-12-27,29.99,30.129999,29.91,30.02,21.101377,31248400
2006-12-28,29.860001,30.030001,29.809999,29.98,21.073271,26690600
2006-12-29,29.860001,30.15,29.83,29.860001,20.988909,41739800
2007-01-03,29.91,30.25,29.4,29.860001,20.988909,76935100
2007-01-04,29.700001,29.969999,29.440001,29.809999,20.953764,45774500
2007-01-05,29.629999,29.75,29.450001,29.639999,20.83427,44607200
2007-01-08,29.65,30.1,29.530001,29.93,21.038113,50220200
2007-01-09,30,30.18,29.73,29.959999,21.059202,44636600
2007-01-10,29.799999,29.889999,29.43,29.66,20.848331,55017400
2007-01-11,29.76,30.75,29.65,30.700001,21.579357,99464300
2007-01-12,30.65,31.389999,30.639999,31.209999,21.937834,103972500
2007-01-16,31.26,31.450001,31.030001,31.16,21.902699,62379600
2007-01-17,31.26,31.440001,31.01,31.1,21.860521,58519600
2007-01-18,31.15,31.370001,30.799999,31,21.790226,56364300
2007-01-19,30.73,31.110001,30.690001,31.110001,21.867548,75826900
2007-01-22,31.059999,31.120001,30.51,30.719999,21.59341,56143900
2007-01-23,30.629999,30.959999,30.52,30.74,21.607471,49171200
2007-01-24,30.780001,31.299999,30.65,31.09,21.853485,58527800
2007-01-25,31.08,31.48,30.450001,30.450001,21.403624,97378700
2007-01-26,31.219999,31.23,30.6,30.6,21.509073,96103700
2007-01-29,30.65,30.780001,30.34,30.530001,21.459856,57605900
2007-01-30,30.57,30.639999,30.139999,30.48,21.424719,61900400
2007-01-31,30.41,31.1,30.35,30.860001,21.691824,73968400
2007-02-01,30.84,30.940001,30.370001,30.559999,21.480951,55355800
2007-02-02,30.82,30.84,30.129999,30.190001,21.220877,60401700
2007-02-05,29.969999,30.02,29.41,29.610001,20.813187,99102100
2007-02-06,29.59,29.75,29.219999,29.51,20.742891,79281100
2007-02-07,29.639999,29.700001,29.25,29.370001,20.644474,65145500
2007-02-08,29.24,29.799999,29.200001,29.26,20.56716,48749000
2007-02-09,29.35,29.4,28.93,28.98,20.370354,69823100
2007-02-12,28.889999,29.09,28.83,28.940001,20.34223,52774400
2007-02-13,29.040001,29.200001,28.959999,29.01,20.462149,50348100
2007-02-14,29.17,29.690001,29.15,29.4,20.737226,55588600
2007-02-15,29.58,29.65,29.219999,29.459999,20.779551,63858100
2007-02-16,28.91,28.940001,28.65,28.74,20.271698,109340300
2007-02-20,28.629999,28.860001,28.469999,28.83,20.335176,53978200
2007-02-21,28.75,29.389999,28.74,29.35,20.701963,68604900
2007-02-22,29.309999,29.540001,29.16,29.389999,20.730164,57754400
2007-02-23,29.219999,29.280001,28.889999,28.9,20.384554,63787100
2007-02-26,28.959999,29.09,28.82,29.07,20.504467,63481900
2007-02-27,28.709999,28.969999,27.790001,27.870001,19.658043,87143300
2007-02-28,27.950001,28.25,27.92,28.17,19.869659,86333300
2007-03-01,27.82,28.33,27.73,28.09,19.813225,80175700
2007-03-02,28.02,28.16,27.76,27.76,19.580458,63254700
2007-03-05,27.49,27.91,27.41,27.549999,19.432329,56454300
2007-03-06,27.799999,27.940001,27.65,27.83,19.629833,49361800
2007-03-07,27.76,27.9,27.549999,27.610001,19.474648,52044700
2007-03-08,27.719999,27.85,26.6,27.32,19.270105,72175200
2007-03-09,27.42,27.48,27.030001,27.290001,19.248943,80125000
2007-03-12,27.18,27.48,27.129999,27.440001,19.35475,36516400
2007-03-13,27.25,27.4,26.709999,26.719999,18.846895,75169500
2007-03-14,26.82,27.4,26.73,27.4,19.326532,75730300
2007-03-15,27.32,27.469999,27.200001,27.280001,19.241892,51757100
2007-03-16,27.35,27.48,27.200001,27.33,19.277161,65055300
2007-03-19,27.34,27.83,27.200001,27.83,19.629833,49412000
2007-03-20,27.93,28.16,27.76,27.84,19.63689,47902400
2007-03-21,27.9,28.52,27.559999,28.52,20.116514,72808200
2007-03-22,28.52,28.549999,28.01,28.27,19.940189,47934900
2007-03-23,28.219999,28.27,27.799999,28.02,19.763847,50519800
2007-03-26,27.940001,28.219999,27.700001,28.219999,19.904915,47491500
2007-03-27,28.040001,28.16,27.65,27.719999,19.552246,58979800
2007-03-28,27.58,28,27.4,27.639999,19.495815,46947000
2007-03-29,27.84,27.85,27.49,27.75,19.573406,42629900
2007-03-30,27.75,27.950001,27.5,27.870001,19.658043,47061000
2007-04-02,27.889999,27.93,27.559999,27.74,19.566351,41977600
2007-04-03,27.860001,28.059999,27.75,27.870001,19.658043,39821300
2007-04-04,28.01,28.780001,27.9,28.5,20.102406,63244200
2007-04-05,28.32,28.65,28.299999,28.549999,20.137684,30131200
2007-04-09,28.58,28.719999,28.389999,28.57,20.151783,31384600
2007-04-10,28.5,28.639999,28.219999,28.4,20.031885,38643100
2007-04-11,28.299999,28.57,27.99,28.110001,19.827326,44050200
2007-04-12,28.059999,28.620001,28.040001,28.540001,20.130627,43762100
2007-04-13,28.43,28.700001,28.1,28.610001,20.180004,36002900
2007-04-16,28.6,28.75,28.209999,28.73,20.264641,30740100
2007-04-17,28.629999,28.889999,28.559999,28.85,20.349289,33170200
2007-04-18,28.610001,28.67,28.360001,28.6,20.172955,41778400
2007-04-19,28.34,28.889999,28.26,28.690001,20.236429,43648800
2007-04-20,28.98,29.1,28.700001,29.02,20.469191,60311500
2007-04-23,28.959999,28.99,28.67,28.780001,20.299911,41739100
2007-04-24,28.790001,28.959999,28.59,28.790001,20.306971,34236700
2007-04-25,28.860001,29,28.690001,28.99,20.448034,39475000
2007-04-26,29.09,29.35,28.91,29.1,20.525629,68760300
2007-04-27,30.17,30.74,30,30.120001,21.245075,128298800
2007-04-30,30.129999,30.370001,29.940001,29.940001,21.118114,67788800
2007-05-01,29.940001,30.42,29.9,30.4,21.442577,73539300
2007-05-02,30.389999,30.690001,30.299999,30.610001,21.590704,80686700
2007-05-03,30.6,31,30.530001,30.969999,21.844616,82036800
2007-05-04,30.68,30.700001,30.290001,30.559999,21.555428,104385900
2007-05-07,30.52,30.76,30.48,30.709999,21.661226,59889100
2007-05-08,30.68,30.940001,30.58,30.75,21.689444,60551700
2007-05-09,30.700001,30.93,30.57,30.780001,21.7106,51735000
2007-05-10,30.68,30.93,30.530001,30.58,21.569536,55398600
2007-05-11,30.57,30.98,30.549999,30.889999,21.788191,43425300
2007-05-14,30.84,30.99,30.809999,30.969999,21.844616,70188500
2007-05-15,30.9,31.09,30.84,30.9,21.865847,75013900
2007-05-16,31,31.09,30.809999,31.07,21.986147,45833600
2007-05-17,31.030001,31.139999,30.959999,30.98,21.922461,41045600
2007-05-18,30.969999,30.99,30.58,30.83,21.816328,58453000
2007-05-21,30.73,31.16,30.73,31.049999,21.971996,41836400
2007-05-22,30.9,30.93,30.66,30.690001,21.717255,39999500
2007-05-23,30.84,30.84,30.57,30.58,21.639406,46322500
2007-05-24,30.540001,30.799999,29.959999,30.17,21.349285,64046400
2007-05-25,30.280001,30.66,30.18,30.48,21.568653,47726500
2007-05-29,30.49,30.83,30.389999,30.790001,21.788013,42373100
2007-05-30,30.549999,31.129999,30.51,31.110001,22.014458,57376800
2007-05-31,31.120001,31.16,30.610001,30.690001,21.717255,85290500
2007-06-01,30.790001,30.9,30.549999,30.59,21.646482,39469400
2007-06-04,30.42,30.76,30.4,30.719999,21.738472,41434500
2007-06-05,30.620001,30.629999,30.33,30.58,21.639406,44265000
2007-06-06,30.370001,30.530001,30.25,30.290001,21.434202,38217500
2007-06-07,30.02,30.290001,29.59,29.620001,20.960077,71971400
2007-06-08,29.58,30.059999,29.41,30.049999,21.264372,61346200
2007-06-11,29.940001,30.25,29.93,30.02,21.243135,48467400
2007-06-12,29.959999,30.24,29.77,29.85,21.122843,56981800
2007-06-13,29.969999,30.41,29.85,30.389999,21.504963,64435600
2007-06-14,30.35,30.709999,30.299999,30.52,21.596952,59065700
2007-06-15,30.860001,30.879999,30.43,30.49,21.575731,100933000
2007-06-18,30.690001,30.719999,30.42,30.51,21.589882,45412600
2007-06-19,30.48,30.66,30.379999,30.459999,21.554499,46802600
2007-06-20,30.440001,30.51,29.959999,30.01,21.236053,46861600
2007-06-21,29.98,30.299999,29.91,30.219999,21.384659,56564800
2007-06-22,30,30.1,29.450001,29.49,20.868092,86219900
2007-06-25,29.469999,29.77,29.379999,29.49,20.868092,53905800
2007-06-26,29.549999,29.799999,29.5,29.52,20.88932,48340300
2007-06-27,29.360001,29.950001,29.360001,29.870001,21.136986,53468600
2007-06-28,29.860001,29.969999,29.68,29.83,21.108685,46055200
2007-06-29,29.870001,29.93,29.040001,29.469999,20.853935,71193900
2007-07-02,29.67,29.799999,29.49,29.74,21.044994,47316000
2007-07-03,29.790001,30.219999,29.780001,30.02,21.243135,35202600
2007-07-05,30.049999,30.219999,29.83,29.99,21.221914,47838500
2007-07-06,29.91,30.040001,29.66,29.969999,21.207747,57541000
2007-07-09,29.860001,29.950001,29.809999,29.870001,21.136986,33831400
2007-07-10,29.700001,29.99,29.18,29.33,20.754871,66013500
2007-07-11,29.24,29.65,29.209999,29.49,20.868092,48017000
2007-07-12,29.559999,30.110001,29.440001,30.07,21.278515,54302400
2007-07-13,29.940001,30.02,29.66,29.82,21.101608,42173000
2007-07-16,29.76,30.24,29.719999,30.030001,21.250217,48023200
2007-07-17,30.02,30.879999,30.01,30.780001,21.780933,77539600
2007-07-18,30.51,30.969999,30.5,30.92,21.880009,64414400
2007-07-19,31.049999,31.84,30.93,31.51,22.297503,121159300
2007-07-20,31.15,31.200001,30.790001,31.16,22.049835,98292600
2007-07-23,31.360001,31.52,31.120001,31.190001,22.071062,48910600
2007-07-24,31.01,31.48,30.709999,30.799999,21.795086,59729300
2007-07-25,30.99,31.299999,30.370001,30.709999,21.731392,54950100
2007-07-26,30.24,30.530001,29.51,29.98,21.214827,87025300
2007-07-27,29.93,30,29.360001,29.389999,20.797316,69214600
2007-07-30,29.41,29.49,28.950001,29.4,20.804405,67499600
2007-07-31,29.709999,29.719999,28.98,28.99,20.514269,66554000
2007-08-01,28.950001,29.549999,28.82,29.299999,20.733633,80006300
2007-08-02,29.190001,29.790001,29.02,29.52,20.88932,47938300
2007-08-03,29.450001,29.780001,28.9,28.959999,20.493044,61535500
2007-08-06,29.049999,29.540001,28.75,29.540001,20.903461,59530500
2007-08-07,29.33,29.790001,29.049999,29.549999,20.910549,49163000
2007-08-08,29.719999,30.01,29.209999,30,21.228977,52898600
2007-08-09,29.639999,30.1,28.92,29.299999,20.733633,72964500
2007-08-10,28.9,29.049999,28.26,28.709999,20.316139,76576200
2007-08-13,28.940001,28.99,28.440001,28.629999,20.259523,55492300
2007-08-14,28.77,28.889999,28.200001,28.27,20.0749,42944100
2007-08-15,28.24,28.99,28.049999,28.1,19.95418,48117700
2007-08-16,27.879999,28.35,27.51,27.809999,19.748241,81447400
2007-08-17,28.09,28.25,27.82,28.25,20.060698,76747700
2007-08-20,28.18,28.49,28.08,28.26,20.067793,49952000
2007-08-21,28.1,28.32,27.870001,28.07,19.932873,50786200
2007-08-22,28.27,28.32,28.01,28.219999,20.039385,44763500
2007-08-23,28.280001,28.33,28.1,28.299999,20.096199,33886600
2007-08-24,28.209999,28.84,28.07,28.809999,20.458353,45158900
2007-08-27,28.610001,28.77,28.4,28.49,20.231125,32789500
2007-08-28,28.299999,28.49,27.91,27.93,19.833458,43924400
2007-08-29,28.129999,28.610001,27.82,28.59,20.30213,45753700
2007-08-30,28.42,28.93,28.32,28.450001,20.202717,33690700
2007-08-31,28.700001,28.92,28.360001,28.73,20.401541,42511900
2007-09-04,28.5,29.1,28.48,28.809999,20.458353,45689600
2007-09-05,28.65,28.73,28.42,28.48,20.224018,47669800
2007-09-06,28.559999,29.01,28.549999,28.91,20.529375,45430800
2007-09-07,28.620001,28.83,28.32,28.440001,20.195616,52160900
2007-09-10,28.67,28.75,28.41,28.48,20.224018,37247600
2007-09-11,28.629999,28.950001,28.58,28.93,20.543573,34380800
2007-09-12,28.809999,29.17,28.799999,28.93,20.543573,42364700
2007-09-13,29.120001,29.26,28.959999,29.16,20.706894,35288600
2007-09-14,28.98,29.110001,28.879999,29.040001,20.621677,33496600
2007-09-17,28.790001,28.879999,28.620001,28.73,20.401541,39536500
2007-09-18,28.700001,28.969999,28.27,28.93,20.543573,77462400
2007-09-19,28.870001,28.91,28.299999,28.67,20.358931,94242200
2007-09-20,28.48,28.58,28.34,28.42,20.18141,67168900
2007-09-21,28.690001,28.809999,28.440001,28.65,20.344742,135636100
2007-09-24,28.809999,29.610001,28.799999,29.08,20.650091,104459800
2007-09-25,29.139999,29.559999,29.110001,29.559999,20.990944,75621000
2007-09-26,29.68,29.85,29.48,29.5,20.948332,60337000
2007-09-27,29.700001,29.719999,29.440001,29.49,20.941235,43407100
2007-09-28,29.49,29.690001,29.23,29.459999,20.919926,45819100
2007-10-01,29.459999,29.790001,29.41,29.77,21.140068,43875100
2007-10-02,29.700001,29.85,29.57,29.700001,21.090357,33700900
2007-10-03,29.709999,29.85,29.290001,29.450001,20.912827,37633900
2007-10-04,29.559999,29.77,29.440001,29.709999,21.097456,37868000
2007-10-05,29.889999,29.99,29.73,29.84,21.189774,45012300
2007-10-08,29.66,29.85,29.6,29.84,21.189774,30265400
2007-10-09,30.030001,30.389999,30,30.1,21.374401,63603100
2007-10-10,30.040001,30.370001,30.030001,30.23,21.466715,32251500
2007-10-11,30.299999,30.629999,29.790001,29.91,21.239481,50788400
2007-10-12,30.030001,30.4,29.950001,30.17,21.424114,31121100
2007-10-15,30.1,30.33,30,30.040001,21.331795,47150500
2007-10-16,30.24,30.58,30.23,30.32,21.530634,56286200
2007-10-17,30.75,31.23,30.65,31.08,22.070313,86092400
2007-10-18,31.219999,31.23,30.629999,31.16,22.127125,49208600
2007-10-19,31.09,31.09,30.110001,30.17,21.424114,75200200
2007-10-22,30.120001,30.700001,30.120001,30.51,21.66555,58785100
2007-10-23,30.709999,31.120001,30.709999,30.9,21.942488,49956200
2007-10-24,30.85,31.299999,30.5,31.25,22.191029,77979200
2007-10-25,31.57,32.220001,31.49,31.99,22.716513,169588700
2007-10-26,36.009998,36.029999,34.560001,35.029999,24.875257,288121200
2007-10-29,34.849998,35.290001,34.450001,34.57,24.548609,114655600
2007-10-30,34.369999,35.59,34.349998,35.57,25.25872,107297300
2007-10-31,35.52,37,35.509998,36.810001,26.139263,185635800
2007-11-01,36.529999,37.490002,36.360001,37.060001,26.316803,152078800
2007-11-02,37.220001,37.5,36.419998,37.060001,26.316803,96389800
2007-11-05,36.759998,37.099998,36.630001,36.73,26.082451,75485400
2007-11-06,36.59,36.66,35.869999,36.41,25.855219,100966700
2007-11-07,36.040001,36.16,35.450001,35.52,25.223209,74897800
2007-11-08,35.599998,35.900002,34.400002,34.740002,24.669329,133742400
2007-11-09,34.18,34.540001,33.650002,33.73,23.952116,125136900
2007-11-12,33.32,33.709999,33.02,33.380001,23.703577,84865200
2007-11-13,33.540001,34.669998,33.380001,34.459999,24.551401,104311500
2007-11-14,34.619999,34.75,33.75,33.93,24.173801,84063100
2007-11-15,33.759998,34.099998,33.549999,33.759998,24.052673,64014100
2007-11-16,33.860001,34.259998,33.709999,34.09,24.287781,71113800
2007-11-19,33.959999,34.240002,33.869999,33.959999,24.195168,63026200
2007-11-20,34.23,34.970001,34.099998,34.580002,24.636896,100009400
2007-11-21,34.400002,34.73,34.18,34.23,24.387535,89518700
2007-11-23,34.360001,34.439999,33.709999,34.110001,24.302042,33467200
2007-11-26,34.09,34.369999,32.93,32.970001,23.489834,80335000
2007-11-27,33.27,33.599998,32.68,33.060001,23.553957,84178400
2007-11-28,33.380001,33.889999,32.900002,33.700001,24.009932,88585000
2007-11-29,33.580002,33.93,33.310001,33.59,23.931564,53633600
2007-11-30,33.919998,34.119999,33.189999,33.599998,23.938684,71027800
2007-12-03,33.5,33.639999,32.68,32.919998,23.454212,61770600
2007-12-04,32.740002,33.240002,32.630001,32.77,23.347349,54801500
2007-12-05,33.139999,34.52,33.029999,34.150002,24.330544,84894700
2007-12-06,34.259998,34.610001,33.869999,34.549999,24.615517,49209700
2007-12-07,34.610001,34.700001,34.220001,34.529999,24.601271,40771000
2007-12-10,34.639999,34.950001,34.470001,34.759998,24.765144,36083500
2007-12-11,34.73,34.990002,33.93,34.099998,24.29492,55070700
2007-12-12,34.610001,35.09,33.93,34.470001,24.558523,63345400
2007-12-13,34.48,35.450001,34.279999,35.220001,25.092875,73913200
2007-12-14,35.049999,35.84,35.009998,35.310001,25.156998,71126200
2007-12-17,35.029999,35.130001,34.360001,34.389999,24.501528,58121200
2007-12-18,34.639999,35,34.209999,34.740002,24.750895,52791800
2007-12-19,34.689999,35.139999,34.380001,34.790001,24.786509,58469100
2007-12-20,35.290001,35.790001,35.080002,35.52,25.306606,59345000
2007-12-21,35.900002,36.060001,35.75,36.060001,25.691345,83240500
2007-12-24,36.130001,36.720001,36.049999,36.580002,26.061834,29622600
2007-12-26,36.41,36.639999,36.259998,36.610001,26.083187,30252400
2007-12-27,36.349998,36.549999,35.939999,35.970001,25.627218,33311100
2007-12-28,36.099998,36.23,35.669998,36.119999,25.734087,33447200
2007-12-31,35.900002,35.990002,35.52,35.599998,25.363596,35229700
2008-01-02,35.790001,35.959999,35,35.220001,25.092875,63004200
2008-01-03,35.220001,35.650002,34.860001,35.369999,25.199738,49599600
2008-01-04,35.189999,35.200001,34.09,34.380001,24.49441,72090800
2008-01-07,34.549999,34.799999,34.25,34.610001,24.658268,80164300
2008-01-08,34.709999,34.709999,33.400002,33.450001,23.831827,79148300
2008-01-09,33.360001,34.540001,33.349998,34.439999,24.537151,74305500
2008-01-10,34.349998,34.5,33.779999,34.330002,24.45878,72446000
2008-01-11,34.139999,34.240002,33.720001,33.91,24.15955,55187900
2008-01-14,34.459999,34.57,34.080002,34.389999,24.501528,52792200
2008-01-15,34.029999,34.380001,34,34,24.223669,61606200
2008-01-16,33.419998,33.650002,32.509998,33.23,23.675079,120778500
2008-01-17,33.540001,33.799999,32.970001,33.110001,23.589582,94247800
2008-01-18,33.16,34,32.970001,33.009998,23.518333,117062000
2008-01-22,31.540001,32.529999,31.5,31.959999,22.77025,108521400
2008-01-23,31.48,32.049999,31.040001,31.93,22.748875,137597400
2008-01-24,32.349998,33.360001,32.119999,33.25,23.689331,155640400
2008-01-25,34.900002,35,32.869999,32.939999,23.468456,196992300
2008-01-28,33.02,33.099998,32.419998,32.720001,23.311716,81019000
2008-01-29,32.849998,32.889999,32.349998,32.599998,23.226217,68023000
2008-01-30,32.560001,32.799999,32.049999,32.200001,22.941238,106432600
2008-01-31,31.91,32.740002,31.719999,32.599998,23.226217,103642200
2008-02-01,31.059999,33.25,30.25,30.450001,21.694429,291138900
2008-02-04,30.49,30.719999,30.110001,30.190001,21.509193,119998600
2008-02-05,29.91,29.940001,28.889999,29.07,20.711237,137534100
2008-02-06,29.280001,29.35,28.290001,28.52,20.319378,138315600
2008-02-07,28.34,28.780001,27.9,28.120001,20.034391,164964900
2008-02-08,28.290001,29.08,28.24,28.559999,20.347874,124872000
2008-02-11,28.52,28.610001,27.91,28.209999,20.098518,156814100
2008-02-12,28.43,28.620001,28.110001,28.34,20.191141,84365900
2008-02-13,28.620001,29.049999,28.530001,28.959999,20.63287,88986200
2008-02-14,28.879999,29.040001,28.459999,28.5,20.305128,69113500
2008-02-15,28.309999,28.639999,28.25,28.42,20.248133,68166100
2008-02-19,28.799999,28.84,28.07,28.17,20.148006,68261200
2008-02-20,28.15,28.26,27.92,28.219999,20.183764,93056200
2008-02-21,28.620001,28.959999,27.959999,28.1,20.097944,98776500
2008-02-22,28.24,28.389999,27.200001,27.68,19.797544,125705400
2008-02-25,27.65,28.24,27.48,27.84,19.911983,109974300
2008-02-26,27.74,28.860001,27.67,28.379999,20.298204,108923500
2008-02-27,28.190001,28.68,28.1,28.26,20.212374,75199500
2008-02-28,28.02,28.27,27.799999,27.93,19.976347,83002900
2008-02-29,27.690001,27.83,27.02,27.200001,19.454241,117411400
2008-03-03,27.24,27.389999,26.870001,26.99,19.304031,76544300
2008-03-04,27.02,27.629999,26.959999,27.59,19.733173,86925600
2008-03-05,27.75,28.41,27.700001,28.120001,20.112244,106489800
2008-03-06,28.059999,28.17,27.5,27.57,19.718874,91127700
2008-03-07,27.34,28.07,27.32,27.870001,19.933445,77597600
2008-03-10,27.83,28.26,27.75,28.049999,20.06218,72175100
2008-03-11,28.4,29.34,28.379999,29.280001,20.941906,98740700
2008-03-12,29.43,29.49,28.540001,28.629999,20.477011,75993800
2008-03-13,28.540001,28.99,28.16,28.620001,20.469864,84552200
2008-03-14,28.719999,29.01,27.639999,27.959999,19.997805,105214900
2008-03-17,27.299999,28.73,27.280001,28.299999,20.240988,84490100
2008-03-18,28.67,29.48,28.67,29.42,21.04204,83695300
2008-03-19,29.379999,29.59,28.620001,28.620001,20.469864,61442100
2008-03-20,28.74,29.219999,28.59,29.18,20.870382,60170200
2008-03-24,29.33,29.4,29.059999,29.17,20.863241,48294700
2008-03-25,29.33,29.370001,28.940001,29.139999,20.841774,49149000
2008-03-26,29.030001,29.07,28.379999,28.559999,20.426939,45868100
2008-03-27,28.48,28.49,28,28.049999,20.06218,47894400
2008-03-28,28.23,28.43,27.83,27.91,19.962042,49244000
2008-03-31,27.879999,28.59,27.84,28.379999,20.298204,46780600
2008-04-01,28.83,29.540001,28.629999,29.5,21.099262,65796200
2008-04-02,29.57,29.58,29,29.16,20.856079,49499400
2008-04-03,29,29.32,28.799999,29,20.74165,38961400
2008-04-04,29.129999,29.26,28.74,29.16,20.856079,43860800
2008-04-07,29.549999,29.59,29.030001,29.16,20.856079,44428600
2008-04-08,28.940001,29,28.540001,28.75,20.562841,44733500
2008-04-09,28.719999,29.040001,28.540001,28.889999,20.662973,45839300
2008-04-10,28.83,29.4,28.799999,29.110001,20.820322,65591600
2008-04-11,28.870001,29.01,28.209999,28.280001,20.226681,54373700
2008-04-14,28.24,28.309999,27.93,28.059999,20.069328,43418100
2008-04-15,28.120001,28.48,28.030001,28.25,20.205227,34310000
2008-04-16,28.57,29.049999,28.379999,28.950001,20.705879,54107400
2008-04-17,29.120001,29.34,28.9,29.219999,20.898998,48743300
2008-04-18,30.01,30.1,29.610001,30,21.456871,73658900
2008-04-21,30.190001,30.6,30.120001,30.42,21.757267,54411700
2008-04-22,30.639999,30.700001,29.969999,30.25,21.635675,67387500
2008-04-23,30.450001,31.459999,30.299999,31.450001,22.493954,98351500
2008-04-24,31.629999,32.099998,31.16,31.799999,22.744286,115416700
2008-04-25,30.049999,30.389999,29.6,29.83,21.335289,145194900
2008-04-28,29.799999,29.84,28.82,28.99,20.734489,97473000
2008-04-29,28.799999,28.9,28.450001,28.639999,20.484159,84428900
2008-04-30,28.74,29.209999,28.51,28.52,20.398329,74733600
2008-05-01,28.5,29.49,28.48,29.4,21.027737,71699400
2008-05-02,29.59,29.620001,28.860001,29.24,20.9133,66024200
2008-05-05,29.93,30.23,28.99,29.08,20.798868,119687700
2008-05-06,29,29.860001,28.93,29.700001,21.242306,93582000
2008-05-07,29.690001,30.139999,29.08,29.209999,20.891844,88775000
2008-05-08,29.280001,29.389999,29,29.27,20.934757,69589900
2008-05-09,29.209999,29.549999,28.950001,29.389999,21.02058,51621200
2008-05-12,29.4,30.059999,29.35,29.99,21.449724,64278800
2008-05-13,30,30.129999,29.530001,29.780001,21.377941,70934700
2008-05-14,29.889999,30.26,29.73,29.93,21.48562,66730400
2008-05-15,29.98,30.530001,29.940001,30.450001,21.858898,53355800
2008-05-16,30.469999,30.48,29.92,29.99,21.528692,81538200
2008-05-19,29.870001,29.889999,29.309999,29.459999,21.148224,59615000
2008-05-20,29.299999,29.309999,28.629999,28.76,20.64572,75767600
2008-05-21,28.809999,29.049999,28.190001,28.25,20.279602,60125100
2008-05-22,28.280001,28.700001,28.18,28.469999,20.437536,52203100
2008-05-23,28.26,28.33,27.950001,28.049999,20.136028,48890700
2008-05-27,28.110001,28.5,28.049999,28.440001,20.416002,47334500
2008-05-28,28.559999,28.57,28.040001,28.18,20.229359,52318500
2008-05-29,28.209999,28.68,28.139999,28.309999,20.322678,47699200
2008-05-30,28.379999,28.700001,28.200001,28.32,20.329855,63399200
2008-06-02,28.24,28.360001,27.549999,27.799999,19.956572,77028400
2008-06-03,27.91,28.309999,27.27,27.309999,19.604807,86616700
2008-06-04,27.280001,27.639999,27.200001,27.540001,19.769924,79567400
2008-06-05,27.719999,28.299999,27.6,28.299999,20.315506,76063400
2008-06-06,27.99,28.17,27.49,27.49,19.734039,78500800
2008-06-09,27.65,27.91,27.299999,27.709999,19.89196,66787100
2008-06-10,27.360001,28.290001,27.32,27.889999,20.021183,77433900
2008-06-11,27.85,27.940001,27.110001,27.120001,19.46842,59330800
2008-06-12,27.4,28.549999,27.190001,28.24,20.27243,113996300
2008-06-13,28.629999,29.57,28.5,29.07,20.868254,131969100
2008-06-16,29.02,29.110001,28.639999,28.93,20.767754,74718900
2008-06-17,29.040001,29.120001,28.790001,28.799999,20.674431,44256700
2008-06-18,28.549999,28.860001,28.459999,28.459999,20.430357,49677800
2008-06-19,28.549999,29.190001,28.33,28.93,20.767754,62037800
2008-06-20,28.9,28.92,28.1,28.23,20.265247,97480400
2008-06-23,28.299999,28.41,27.790001,27.969999,20.0786,57145300
2008-06-24,27.92,28.01,27.51,27.73,19.906326,65218300
2008-06-25,27.809999,28.67,27.76,28.35,20.351389,64280200
2008-06-26,28.030001,28.200001,27.75,27.75,19.920681,67049100
2008-06-27,27.68,27.91,27.459999,27.629999,19.834536,73450200
2008-06-30,27.73,27.98,27.49,27.51,19.748388,57830500
2008-07-01,27.27,27.379999,26.440001,26.870001,19.288956,100327800
2008-07-02,26.9,27,25.879999,25.879999,18.578274,84669000
2008-07-03,25.969999,26.1,25.6,25.98,18.650061,37074500
2008-07-07,26.110001,26.389999,25.450001,26.030001,18.685949,71527600
2008-07-08,25.93,26.200001,25.51,25.85,18.556746,65553200
2008-07-09,25.790001,25.85,25.18,25.23,18.11167,54255800
2008-07-10,25.200001,25.67,24.98,25.450001,18.269592,57830600
2008-07-11,25.16,25.639999,24.870001,25.25,18.126022,69532600
2008-07-14,25.48,25.809999,25.07,25.15,18.054232,51216200
2008-07-15,24.93,26.639999,24.93,26.15,18.7721,92719300
2008-07-16,26.129999,27.290001,25.92,27.26,19.568926,82060400
2008-07-17,27.58,27.91,27.110001,27.52,19.755569,96526100
2008-07-18,26.360001,26.469999,25.110001,25.860001,18.563919,150277000
2008-07-21,25.66,26.17,25.530001,25.639999,18.405989,77575600
2008-07-22,25.540001,25.940001,25.48,25.799999,18.520838,88657200
2008-07-23,25.860001,26.84,25.85,26.43,18.973091,79408800
2008-07-24,26.09,26.17,25.440001,25.440001,18.262419,81092600
2008-07-25,25.639999,26.219999,25.5,26.16,18.779278,58682300
2008-07-28,26.059999,26.110001,25.34,25.5,18.305481,59707800
2008-07-29,25.52,26.190001,25.4,26.110001,18.743387,66368200
2008-07-30,26.200001,26.49,25.9,26.23,18.829525,51977700
2008-07-31,25.85,26.280001,25.709999,25.719999,18.463421,60461000
2008-08-01,25.92,25.950001,25.07,25.440001,18.262419,82720200
2008-08-04,25.389999,25.549999,25.110001,25.280001,18.147564,60588300
2008-08-05,25.639999,26.280001,25.5,26.209999,18.815168,84297600
2008-08-06,26.73,27.16,26.379999,27.02,19.396646,95550000
2008-08-07,26.9,27.75,26.73,27.389999,19.662245,82565800
2008-08-08,27.35,28.23,27.190001,28.129999,20.193466,80814100
2008-08-11,27.860001,28.4,27.66,27.9,20.028355,68743800
2008-08-12,27.780001,28.360001,27.58,28.120001,20.186283,62813000
2008-08-13,28.07,28.5,27.76,27.91,20.03553,51165200
2008-08-14,27.82,28.280001,27.559999,27.91,20.03553,49732300
2008-08-15,27.98,28.15,27.58,27.809999,19.963745,47267400
2008-08-18,27.780001,28.049999,27.549999,27.690001,19.877604,38078200
2008-08-19,27.540001,27.75,27.27,27.32,19.69022,40332900
2008-08-20,27.540001,27.58,27.17,27.290001,19.668594,41497200
2008-08-21,27.1,27.23,26.860001,27.18,19.589306,43614200
2008-08-22,27.23,27.879999,27.219999,27.84,20.064995,47930400
2008-08-25,27.610001,27.84,27.459999,27.66,19.935265,51381300
2008-08-26,27.58,27.719999,27.17,27.27,19.654167,44774400
2008-08-27,27.34,27.790001,27.129999,27.559999,19.863184,33975300
2008-08-28,27.610001,28.01,27.6,27.940001,20.137062,48372600
2008-08-29,27.68,27.780001,27.290001,27.290001,19.668594,50735500
2008-09-02,27.67,27.76,27.059999,27.1,19.531649,66079200
2008-09-03,27,27.18,26.84,26.9,19.387505,57127700
2008-09-04,26.74,26.889999,26.35,26.35,18.991117,66141900
2008-09-05,26.030001,26.219999,25.629999,25.65,18.486607,82305200
2008-09-08,26.209999,26.33,25.67,26.120001,18.825342,62110800
2008-09-09,26.200001,26.6,26.049999,26.1,18.810928,85735700
2008-09-10,26.52,26.860001,26.25,26.440001,19.055977,75064900
2008-09-11,26.1,27.459999,26.030001,27.34,19.704638,72913300
2008-09-12,27.139999,27.74,26.940001,27.620001,19.906429,75628500
2008-09-15,26.92,27.49,26.73,26.82,19.329853,82349400
2008-09-16,26.09,26.49,25.52,25.99,18.731644,111729700
2008-09-17,25.73,25.870001,24.5,24.57,17.708221,106972100
2008-09-18,24.799999,25.35,24.01,25.26,18.205524,132291300
2008-09-19,26.370001,26.4,23.5,25.16,18.133451,134926100
2008-09-22,26.219999,26.32,25.32,25.4,18.306416,105207700
2008-09-23,25.66,26.17,25.34,25.440001,18.335255,92181300
2008-09-24,25.58,26.09,25.459999,25.719999,18.537052,80250300
2008-09-25,25.82,26.879999,25.74,26.610001,19.178509,96203500
2008-09-26,26.17,27.559999,26.139999,27.4,19.747875,100744300
2008-09-29,26.940001,27.66,25.01,25.01,18.025335,134383100
2008-09-30,25.77,26.690001,25.540001,26.690001,19.236162,107192700
2008-10-01,26.379999,26.99,26.280001,26.48,19.084801,88957000
2008-10-02,26.18,26.530001,25.700001,26.25,18.919039,93819800
2008-10-03,26.370001,27.469999,26.24,26.32,18.969494,114289400
2008-10-06,25.629999,25.99,24.139999,24.91,17.95327,146374600
2008-10-07,24.98,25.209999,23.139999,23.23,16.742456,145941200
2008-10-08,22.9,24.299999,22.5,23.01,16.583895,171598600
2008-10-09,23.77,23.91,22.07,22.299999,16.072174,131948700
2008-10-10,21.790001,22.35,20.65,21.5,15.495594,228467500
2008-10-13,22.860001,25.5,22.629999,25.5,18.378494,144935400
2008-10-14,25.639999,25.73,23.6,24.1,17.369478,165674900
2008-10-15,23.780001,24.25,22.48,22.66,16.331629,113280200
2008-10-16,22.940001,24.190001,21.309999,24.190001,17.434349,161147800
2008-10-17,23.57,25.110001,23.309999,23.93,17.246952,133673100
2008-10-20,24.200001,24.75,23.01,24.719999,17.816334,93484300
2008-10-21,24.299999,25.01,23.27,23.360001,16.836145,100385600
2008-10-22,23.040001,23.059999,20.9,21.530001,15.517214,150054800
2008-10-23,21.549999,22.59,20.889999,22.32,16.086582,154774100
2008-10-24,21.059999,22.860001,20.950001,21.959999,15.827124,153919700
2008-10-27,21.67,21.959999,21.02,21.18,15.264958,117683900
2008-10-28,21.639999,23.209999,21.34,23.1,16.648754,134088800
2008-10-29,23.129999,23.969999,22.700001,23,16.576683,111701800
2008-10-30,23.690001,23.879999,22.389999,22.629999,16.310009,95323000
2008-10-31,22.530001,22.91,22.120001,22.33,16.09379,93055200
2008-11-03,22.48,22.91,22.209999,22.620001,16.302805,61923500
2008-11-04,23.129999,23.66,22.870001,23.530001,16.958672,72123000
2008-11-05,23.33,23.34,22.049999,22.08,15.913614,81179700
2008-11-06,21.870001,22.08,20.860001,20.879999,15.048742,95509700
2008-11-07,21.32,21.540001,21,21.5,15.495594,71256300
2008-11-10,21.85,21.969999,21.190001,21.299999,15.351449,67106800
2008-11-11,21.290001,21.299999,20.790001,21.200001,15.27937,78014500
2008-11-12,20.889999,21,20.280001,20.299999,14.630723,90162300
2008-11-13,20.15,21.25,18.74,21.25,15.315406,148413700
2008-11-14,20.559999,21.34,19.65,20.059999,14.457743,96624500
2008-11-17,19.74,20.24,19.15,19.32,13.924407,97289000
2008-11-18,19.5,19.66,18.75,19.620001,14.236421,108966500
2008-11-19,19.629999,19.950001,18.25,18.290001,13.27137,103010500
2008-11-20,18.120001,18.84,17.5,17.530001,12.719902,139532800
2008-11-21,18.02,19.700001,17.98,19.68,14.279956,157231900
2008-11-24,19.889999,20.940001,19.870001,20.690001,15.012825,125289900
2008-11-25,20.860001,20.93,19.549999,19.99,14.504904,92948100
2008-11-26,19.73,20.68,19.73,20.49,14.867701,79678300
2008-11-28,20.23,20.309999,20.02,20.219999,14.67179,28650800
2008-12-01,19.879999,19.950001,18.6,18.610001,13.503558,79639900
2008-12-02,18.99,19.309999,18.559999,19.15,13.895388,79689800
2008-12-03,18.65,19.9,18.6,19.870001,14.417833,80961500
2008-12-04,19.4,19.92,18.790001,19.110001,13.866363,78719200
2008-12-05,18.91,19.98,18.469999,19.870001,14.417833,91996200
2008-12-08,20.35,21.25,20.139999,21.01,15.245015,107225000
2008-12-09,20.620001,21.25,20.459999,20.6,14.947517,80484900
2008-12-10,20.82,20.959999,20.299999,20.610001,14.954773,61499000
2008-12-11,20.110001,20.120001,19.309999,19.450001,14.113071,83564300
2008-12-12,19.15,19.85,18.700001,19.360001,14.047768,78112600
2008-12-15,19.34,19.440001,18.889999,19.040001,13.815571,59925900
2008-12-16,19.209999,20.18,19,20.110001,14.591975,97688700
2008-12-17,19.809999,20.049999,19.5,19.66,14.265444,78922700
2008-12-18,19.860001,20.02,18.99,19.299999,14.004227,80759200
2008-12-19,19.42,19.799999,19.110001,19.120001,13.873624,113530400
2008-12-22,19.24,19.290001,18.889999,19.18,13.917162,58575400
2008-12-23,19.280001,19.57,19.01,19.280001,13.989718,47511400
2008-12-24,19.26,19.450001,19.1,19.17,13.909901,16880400
2008-12-26,19.200001,19.33,19.09,19.129999,13.880878,23101000
2008-12-29,19.15,19.209999,18.639999,18.959999,13.757526,58512800
2008-12-30,19.01,19.49,19,19.34,14.033257,43224100
2008-12-31,19.309999,19.68,19.27,19.440001,14.105815,46419000
2009-01-02,19.530001,20.4,19.370001,20.33,14.751602,50084000
2009-01-05,20.200001,20.67,20.059999,20.52,14.889476,61475200
2009-01-06,20.75,21,20.610001,20.76,15.063619,58083400
2009-01-07,20.190001,20.290001,19.48,19.51,14.156612,72709900
2009-01-08,19.629999,20.190001,19.549999,20.120001,14.599225,70255400
2009-01-09,20.17,20.299999,19.41,19.52,14.163867,49815300
2009-01-12,19.709999,19.790001,19.299999,19.469999,14.127588,52163500
2009-01-13,19.52,19.99,19.52,19.82,14.381549,65843500
2009-01-14,19.530001,19.68,19.01,19.09,13.851851,80257500
2009-01-15,19.07,19.299999,18.52,19.24,13.960691,96169800
2009-01-16,19.629999,19.91,19.15,19.709999,14.301725,79634100
2009-01-20,19.459999,19.620001,18.370001,18.48,13.40923,89873000
2009-01-21,18.870001,19.450001,18.459999,19.379999,14.062278,68340900
2009-01-22,18.049999,18.18,17.07,17.110001,12.415149,222436600
2009-01-23,16.969999,17.49,16.75,17.200001,12.480451,117020600
2009-01-26,17.290001,17.809999,17.23,17.629999,12.792459,92476500
2009-01-27,17.780001,17.969999,17.43,17.66,12.814231,61695000
2009-01-28,17.799999,18.309999,17.76,18.040001,13.089961,64145500
2009-01-29,17.780001,17.959999,17.559999,17.59,12.763434,49192800
2009-01-30,17.74,17.790001,17.1,17.1,12.407891,62370900
2009-02-02,17.030001,18.129999,17,17.83,12.937585,88871700
2009-02-03,17.85,18.610001,17.6,18.5,13.42374,86865100
2009-02-04,18.540001,19,18.5,18.629999,13.518073,75618000
2009-02-05,18.51,19.139999,18.25,19.040001,13.815571,75195200
2009-02-06,19.16,19.93,19.059999,19.66,14.265444,86746000
2009-02-09,19.639999,19.77,19.26,19.440001,14.105815,52196400
2009-02-10,19.25,19.799999,18.700001,18.799999,13.641425,83953200
2009-02-11,18.940001,19.49,18.92,19.209999,13.938921,58599000
2009-02-12,18.969999,19.32,18.540001,19.26,13.975207,75323200
2009-02-13,19.27,19.469999,19.040001,19.09,13.851851,47416000
2009-02-17,18.49,18.5,17.889999,18.09,13.216239,75853300
2009-02-18,18.219999,18.450001,18,18.120001,13.238167,54946900
2009-02-19,18.299999,18.379999,17.809999,17.91,13.084735,49195600
2009-02-20,17.77,18.190001,17.66,18,13.150491,69413800
2009-02-23,18.02,18.15,17.16,17.209999,12.573331,70803400
2009-02-24,17.030001,17.35,16.360001,17.17,12.544112,122674500
2009-02-25,17.01,17.24,16.459999,16.959999,12.390683,105894600
2009-02-26,17.049999,17.08,16.42,16.42,11.99617,83219500
2009-02-27,16.290001,16.52,16.1,16.15,11.798911,93428000
2009-03-02,15.96,16.25,15.72,15.79,11.535903,80602100
2009-03-03,16.030001,16.24,15.64,15.88,11.601653,80476600
2009-03-04,16.120001,16.4,15.89,16.120001,11.776996,69285100
2009-03-05,15.86,15.88,15.27,15.27,11.156001,89708500
2009-03-06,15.35,15.62,14.87,15.28,11.163303,92821400
2009-03-09,15.2,15.74,15.1,15.15,11.068334,66479100
2009-03-10,15.37,16.620001,15.25,16.48,12.040006,95184200
2009-03-11,16.629999,17.200001,16.43,17.110001,12.500275,84522200
2009-03-12,17.01,17.040001,16.48,17.01,12.427218,93694100
2009-03-13,16.98,17.049999,16.18,16.65,12.164205,82965800
2009-03-16,16.82,16.959999,16.24,16.25,11.871976,67028900
2009-03-17,16.32,16.9,16.26,16.9,12.346848,62481000
2009-03-18,17.030001,17.219999,16.6,16.959999,12.390683,70710700
2009-03-19,17.370001,17.450001,16.92,17.139999,12.522191,58994600
2009-03-20,17.32,17.65,16.879999,17.059999,12.463743,81725500
2009-03-23,17.370001,18.59,17.309999,18.33,13.391587,71600000
2009-03-24,18.040001,18.209999,17.84,17.93,13.099352,50044100
2009-03-25,17.98,18.309999,17.52,17.879999,13.062826,73927100
2009-03-26,18.17,18.879999,18.120001,18.83,13.756879,63775100
2009-03-27,18.540001,18.620001,18.049999,18.129999,13.245469,47670400
2009-03-30,17.74,17.76,17.27,17.48,12.770585,49633000
2009-03-31,17.83,18.790001,17.780001,18.370001,13.420808,92423300
2009-04-01,18.23,19.360001,18.18,19.309999,14.107553,96438900
2009-04-02,19.5,19.889999,19,19.290001,14.092945,99082300
2009-04-03,19.129999,19.15,18.43,18.75,13.698428,81858400
2009-04-06,18.540001,18.76,18.27,18.76,13.70573,47476100
2009-04-07,18.76,19.139999,18.629999,18.76,13.70573,65815200
2009-04-08,18.969999,19.620001,18.959999,19.190001,14.019882,56408900
2009-04-09,19.450001,19.700001,19.219999,19.67,14.370568,55759600
2009-04-13,19.690001,19.85,19.370001,19.59,14.312119,44444700
2009-04-14,19.440001,19.549999,19,19.35,14.136782,63796300
2009-04-15,19.209999,19.25,18.51,18.83,13.756879,72725500
2009-04-16,19.16,19.780001,18.99,19.76,14.436322,67688700
2009-04-17,19.690001,19.690001,19,19.200001,14.027192,61398500
2009-04-20,18.889999,18.950001,18.57,18.610001,13.596148,62937200
2009-04-21,18.59,19.08,18.57,18.969999,13.85916,60928300
2009-04-22,18.76,19.190001,18.700001,18.780001,13.720348,59401000
2009-04-23,18.92,18.940001,18.469999,18.92,13.822634,86116300
2009-04-24,19.82,21.200001,19.5,20.91,15.276488,168478500
2009-04-27,20.549999,20.82,20.280001,20.4,14.903889,68219600
2009-04-28,20.25,20.27,19.790001,19.93,14.560515,76685200
2009-04-29,20.110001,20.889999,20.059999,20.25,14.794309,79301600
2009-04-30,20.6,21.1,20.01,20.26,14.801619,87439900
2009-05-01,20.190001,20.35,19.860001,20.24,14.786996,63224500
2009-05-04,20.370001,20.4,19.98,20.190001,14.750469,54313400
2009-05-05,20.139999,20.24,19.639999,19.790001,14.458237,66835500
2009-05-06,20.059999,20.07,19.610001,19.790001,14.458237,59639100
2009-05-07,19.959999,19.99,19.139999,19.32,14.114862,68727200
2009-05-08,19.459999,19.639999,19.139999,19.42,14.18792,67597600
2009-05-11,19.200001,19.73,19.01,19.32,14.114862,63762600
2009-05-12,19.51,20.059999,19.469999,19.889999,14.531295,71966800
2009-05-13,19.92,20,19.67,19.75,14.429012,49281700
2009-05-14,19.83,20.23,19.799999,20.059999,14.655492,54539500
2009-05-15,20.129999,20.5,19.98,20.219999,14.772388,61289900
2009-05-18,20.360001,20.6,20.24,20.6,15.050005,46073800
2009-05-19,20.51,20.74,20.25,20.309999,14.932365,51368300
2009-05-20,20.41,20.690001,20.219999,20.379999,14.983837,47450700
2009-05-21,20.139999,20.23,19.51,19.82,14.572112,58232800
2009-05-22,19.93,20.17,19.469999,19.75,14.520647,37318700
2009-05-26,19.540001,20.450001,19.450001,20.34,14.954431,44991700
2009-05-27,20.25,20.6,20.07,20.129999,14.800034,42892900
2009-05-28,20.32,20.629999,20.049999,20.450001,15.035307,45480800
2009-05-29,20.559999,20.940001,20.299999,20.889999,15.358798,46134900
2009-06-01,21,21.5,20.860001,21.4,15.733768,57317100
2009-06-02,21.360001,21.98,21.200001,21.4,15.733768,48935700
2009-06-03,21.309999,21.76,21.290001,21.73,15.976386,56039600
2009-06-04,21.77,21.9,21.58,21.83,16.049908,42330000
2009-06-05,21.959999,22.309999,21.809999,22.139999,16.27783,59579200
2009-06-08,21.98,22.32,21.629999,22.049999,16.211651,49000600
2009-06-09,22.059999,22.32,21.879999,22.08,16.233711,50887700
2009-06-10,22.17,22.620001,22.120001,22.549999,16.579264,61297200
2009-06-11,22.59,23.26,22.57,22.83,16.785135,65124600
2009-06-12,22.9,23.379999,22.74,23.33,17.152737,50963500
2009-06-15,23.23,23.540001,23.02,23.42,17.218908,69089600
2009-06-16,23.469999,24.110001,23.440001,23.450001,17.240973,105295600
2009-06-17,23.5,23.82,23.17,23.68,17.410074,86483100
2009-06-18,23.620001,23.690001,23.299999,23.5,17.277729,58852200
2009-06-19,24.040001,24.34,23.75,24.07,17.696812,115459000
2009-06-22,23.950001,23.950001,23.25,23.280001,17.115988,71291600
2009-06-23,23.379999,23.66,23.209999,23.34,17.160088,56752700
2009-06-24,23.450001,23.75,23.360001,23.469999,17.255674,54287700
2009-06-25,23.43,23.92,23.200001,23.790001,17.490952,57724300
2009-06-26,23.57,23.690001,23.32,23.35,17.167458,65126400
2009-06-29,23.6,24.030001,23.549999,23.860001,17.542412,62854900
2009-06-30,23.969999,24.24,23.629999,23.77,17.476244,66452400
2009-07-01,24.049999,24.299999,23.959999,24.040001,17.674757,54908400
2009-07-02,23.76,24.040001,23.209999,23.370001,17.182158,65422200
2009-07-06,23.209999,23.280001,22.870001,23.200001,17.057165,49207700
2009-07-07,23.08,23.139999,22.459999,22.530001,16.564564,52842500
2009-07-08,22.309999,22.690001,22,22.559999,16.586615,73023400
2009-07-09,22.65,22.809999,22.370001,22.440001,16.498394,46981200
2009-07-10,22.190001,22.540001,22.15,22.389999,16.461639,43229200
2009-07-13,22.42,23.290001,22.139999,23.23,17.079226,67584000
2009-07-14,23.200001,23.219999,22.860001,23.110001,16.990997,45448700
2009-07-15,23.75,24.120001,23.559999,24.120001,17.733572,67238700
2009-07-16,23.93,24.440001,23.860001,24.440001,17.968849,64555100
2009-07-17,24.4,24.450001,24.1,24.290001,17.858566,52860100
2009-07-20,24.440001,24.530001,24.15,24.530001,18.035015,47798000
2009-07-21,24.690001,24.83,24.370001,24.83,18.255579,52028400
2009-07-22,24.700001,24.9,24.51,24.799999,18.233526,66192500
2009-07-23,24.93,25.719999,24.84,25.559999,18.792286,106060500
2009-07-24,23.610001,23.889999,22.809999,23.450001,17.240973,215135700
2009-07-27,23.440001,23.450001,22.9,23.110001,16.990997,80950000
2009-07-28,22.99,23.549999,22.9,23.469999,17.255674,70288400
2009-07-29,23.73,23.91,23.34,23.799999,17.498295,73626900
2009-07-30,24.200001,24.43,23.709999,23.809999,17.505651,67820000
2009-07-31,23.77,24.07,23.5,23.52,17.292437,54258200
2009-08-03,23.82,23.860001,23.5,23.83,17.520351,46902900
2009-08-04,23.68,23.790001,23.530001,23.77,17.476244,49218300
2009-08-05,23.84,24.25,23.790001,23.809999,17.505651,53310300
2009-08-06,23.93,23.98,23.27,23.459999,17.248323,59686000
2009-08-07,23.75,23.82,23.5,23.559999,17.321844,46169700
2009-08-10,23.459999,23.549999,23.299999,23.42,17.218908,35261900
2009-08-11,23.32,23.4,23.049999,23.129999,17.005695,33615800
2009-08-12,23.129999,23.9,23.030001,23.530001,17.299784,61972300
2009-08-13,23.629999,23.85,23.4,23.620001,17.365959,38954500
2009-08-14,23.620001,23.799999,23.51,23.690001,17.417421,46330200
2009-08-17,23.32,23.6,23.23,23.25,17.093927,42474400
2009-08-18,23.290001,23.65,23.27,23.58,17.434032,38878900
2009-08-19,23.25,23.719999,23.25,23.65,17.485786,41821300
2009-08-20,23.6,23.870001,23.540001,23.67,17.50058,39505900
2009-08-21,23.93,24.42,23.77,24.41,18.047699,69011400
2009-08-24,24.41,24.73,24.280001,24.639999,18.217749,54180900
2009-08-25,24.6,24.82,24.459999,24.639999,18.217749,43980300
2009-08-26,24.59,24.75,24.42,24.549999,18.151209,41079000
2009-08-27,24.41,24.780001,24.299999,24.690001,18.254717,45495600
2009-08-28,25.07,25.49,24.610001,24.68,18.247328,55808000
2009-08-31,24.57,24.85,24.290001,24.65,18.225142,49592800
2009-09-01,24.35,24.74,23.9,24,17.744558,62608500
2009-09-02,23.82,24.139999,23.780001,23.860001,17.64105,40771300
2009-09-03,23.91,24.139999,23.76,24.110001,17.825882,34120000
2009-09-04,24.09,24.799999,24.08,24.620001,18.202959,44999700
2009-09-08,24.620001,24.84,24.41,24.82,18.350832,53737100
2009-09-09,24.74,24.950001,24.67,24.780001,18.321257,49900300
2009-09-10,24.799999,25.049999,24.65,25,18.483923,46256000
2009-09-11,24.93,25.17,24.809999,24.860001,18.380405,54303500
2009-09-14,24.65,25.09,24.639999,25,18.483923,42806800
2009-09-15,24.969999,25.27,24.860001,25.200001,18.631788,44716600
2009-09-16,25.25,25.35,24.950001,25.200001,18.631788,50055800
2009-09-17,25.059999,25.379999,25.059999,25.299999,18.705725,42428800
2009-09-18,25.459999,25.48,25.1,25.26,18.676149,68016500
2009-09-21,25.110001,25.370001,25.1,25.299999,18.705725,28878700
2009-09-22,25.4,25.82,25.290001,25.77,19.053221,61376700
2009-09-23,25.92,26.25,25.639999,25.709999,19.008858,60599900
2009-09-24,25.92,26.110001,25.66,25.940001,19.178921,56302900
2009-09-25,25.690001,25.82,25.52,25.549999,18.890562,50158900
2009-09-28,25.6,26.16,25.6,25.83,19.097582,44358000
2009-09-29,25.91,25.959999,25.690001,25.75,19.038433,39050300
2009-09-30,25.76,25.99,25.379999,25.719999,19.016251,63533400
2009-10-01,25.41,25.469999,24.799999,24.879999,18.395193,75958100
2009-10-02,24.459999,25.09,24.43,24.959999,18.45434,51219700
2009-10-05,24.98,25.059999,24.52,24.639999,18.217749,60804900
2009-10-06,24.68,25.209999,24.66,25.110001,18.565256,48795300
2009-10-07,24.99,25.18,24.879999,25.1,18.557856,38472700
2009-10-08,25.440001,25.9,25.219999,25.67,18.97928,60521300
2009-10-09,25.57,25.790001,25.459999,25.549999,18.890562,39520000
2009-10-12,25.66,25.889999,25.549999,25.719999,19.016251,29145800
2009-10-13,25.59,25.940001,25.52,25.809999,19.082796,37749000
2009-10-14,26.139999,26.200001,25.82,25.959999,19.193693,45365500
2009-10-15,25.9,26.709999,25.9,26.709999,19.748211,65620100
2009-10-16,26.450001,26.629999,26.1,26.5,19.592949,56500900
2009-10-19,26.49,26.58,26.25,26.360001,19.489439,48143200
2009-10-20,26.42,26.51,25.940001,26.370001,19.496838,54604700
2009-10-21,26.459999,26.75,26.389999,26.58,19.652109,61672700
2009-10-22,26.559999,26.719999,26.129999,26.59,19.659494,61600000
2009-10-23,29.200001,29.35,27.879999,28.02,20.716776,281761000
2009-10-26,28.129999,29.02,28.110001,28.68,21.204748,124149700
2009-10-27,28.73,28.879999,28.440001,28.59,21.138203,69685800
2009-10-28,28.24,28.77,27.950001,28.02,20.716776,73542400
2009-10-29,28.07,28.41,27.85,28.219999,20.864643,65225500
2009-10-30,28.030001,28.4,27.66,27.73,20.502356,73371800
2009-11-02,27.700001,28.049999,27.41,27.879999,20.613255,62428900
2009-11-03,27.639999,27.74,27.43,27.530001,20.35449,50294800
2009-11-04,27.690001,28.389999,27.620001,28.059999,20.746344,63898400
2009-11-05,28.52,28.74,28.280001,28.469999,21.04949,52681700
2009-11-06,28.379999,28.629999,28.200001,28.52,21.086452,38908500
2009-11-09,28.620001,29,28.530001,28.99,21.433943,57518000
2009-11-10,28.9,29.280001,28.809999,29.01,21.44874,65881100
2009-11-11,29.08,29.299999,29.02,29.120001,21.530064,49693400
2009-11-12,29.01,29.49,29,29.360001,21.707512,55352400
2009-11-13,29.469999,29.790001,29.370001,29.629999,21.907133,53037600
2009-11-16,29.610001,29.799999,29.370001,29.540001,21.840597,54129500
2009-11-17,29.5,30,29.469999,30,22.278734,75648900
2009-11-18,30,30.139999,29.809999,30.110001,22.360434,59431200
2009-11-19,29.99,30,29.700001,29.780001,22.115366,51967700
2009-11-20,29.66,29.77,29.43,29.620001,21.99655,42647100
2009-11-23,29.84,30.01,29.700001,29.940001,22.23419,41832700
2009-11-24,29.950001,29.99,29.75,29.91,22.211903,37341400
2009-11-25,29.809999,29.860001,29.58,29.790001,22.122793,32033500
2009-11-27,29.110001,29.389999,28.75,29.219999,21.699497,29357900
2009-11-30,29.15,29.450001,29,29.41,21.840597,44172000
2009-12-01,29.52,30.049999,29.41,30.01,22.286175,49904200
2009-12-02,29.9,29.99,29.65,29.780001,22.115366,36308600
2009-12-03,29.84,30.200001,29.76,29.83,22.152496,43095200
2009-12-04,30.049999,30.370001,29.83,29.98,22.263891,58810700
2009-12-07,29.780001,30.08,29.68,29.790001,22.122793,38082700
2009-12-08,29.52,29.74,29.379999,29.57,21.959419,37402200
2009-12-09,29.469999,29.809999,29.25,29.709999,22.063379,44713300
2009-12-10,29.709999,29.959999,29.66,29.870001,22.182205,45940200
2009-12-11,29.969999,30,29.790001,29.85,22.167351,43744200
2009-12-14,29.91,30.16,29.9,30.110001,22.360434,34651200
2009-12-15,29.889999,30.209999,29.879999,30.02,22.293594,49473200
2009-12-16,30.07,30.41,30.040001,30.1,22.353004,55737800
2009-12-17,29.950001,29.959999,29.57,29.6,21.981699,43691200
2009-12-18,29.84,30.450001,29.799999,30.360001,22.546091,94118000
2009-12-21,30.4,30.84,30.370001,30.52,22.664911,40129100
2009-12-22,30.6,30.93,30.540001,30.82,22.887699,36321000
2009-12-23,30.709999,30.950001,30.690001,30.92,22.96196,28362700
2009-12-24,30.879999,31,30.76,31,23.021368,11083900
2009-12-28,31,31.18,30.889999,31.17,23.14761,25384000
2009-12-29,31.35,31.5,31.23,31.389999,23.310993,29716200
2009-12-30,31.15,31.290001,30.799999,30.959999,22.991663,42006200
2009-12-31,30.98,30.99,30.48,30.48,22.635206,31929700
2010-01-04,30.620001,31.1,30.59,30.950001,22.984238,38409100
2010-01-05,30.85,31.1,30.639999,30.959999,22.991663,49749600
2010-01-06,30.879999,31.08,30.52,30.77,22.850559,58182400
2010-01-07,30.629999,30.700001,30.190001,30.450001,22.612919,50559700
2010-01-08,30.280001,30.879999,30.24,30.66,22.768877,51197400
2010-01-11,30.709999,30.76,30.120001,30.27,22.47925,68754700
2010-01-12,30.15,30.4,29.91,30.07,22.330725,65912100
2010-01-13,30.26,30.52,30.01,30.35,22.538664,51863500
2010-01-14,30.309999,31.1,30.26,30.959999,22.991663,63228100
2010-01-15,31.08,31.24,30.709999,30.860001,22.917402,79913200
2010-01-19,30.75,31.24,30.68,31.1,23.095638,46575700
2010-01-20,30.809999,30.940001,30.309999,30.59,22.716892,54849500
2010-01-21,30.610001,30.719999,30,30.01,22.286175,73086700
2010-01-22,30,30.200001,28.84,28.959999,21.506418,102004600
2010-01-25,29.24,29.66,29.1,29.32,21.77376,63373000
2010-01-26,29.200001,29.85,29.09,29.5,21.907434,66639900
2010-01-27,29.35,29.82,29.02,29.67,22.033682,63949500
2010-01-28,29.84,29.870001,28.889999,29.16,21.65493,117513700
2010-01-29,29.9,29.92,27.66,28.18,20.927172,193888500
2010-02-01,28.389999,28.48,27.92,28.41,21.097973,85931100
2010-02-02,28.370001,28.5,28.139999,28.459999,21.135101,54413700
2010-02-03,28.26,28.790001,28.120001,28.629999,21.261339,61397900
2010-02-04,28.379999,28.5,27.809999,27.84,20.674671,77850000
2010-02-05,28,28.280001,27.57,28.02,20.808344,80960100
2010-02-08,28.01,28.08,27.57,27.719999,20.58556,52820600
2010-02-09,27.969999,28.34,27.75,28.01,20.800922,59195800
2010-02-10,28.030001,28.24,27.84,27.99,20.786068,48591300
2010-02-11,27.93,28.4,27.700001,28.120001,20.882612,65993700
2010-02-12,27.809999,28.059999,27.58,27.93,20.741512,81117200
2010-02-16,28.129999,28.370001,28.02,28.35,21.151871,51935600
2010-02-17,28.530001,28.65,28.360001,28.59,21.330927,45882900
2010-02-18,28.59,29.030001,28.51,28.969999,21.614447,42856500
2010-02-19,28.790001,28.92,28.690001,28.77,21.465231,44451800
2010-02-22,28.84,28.940001,28.65,28.73,21.435381,36707100
2010-02-23,28.68,28.83,28.09,28.33,21.136946,52266200
2010-02-24,28.52,28.790001,28.379999,28.629999,21.360773,43165900
2010-02-25,28.27,28.65,28.02,28.6,21.338388,48735300
2010-02-26,28.65,28.85,28.51,28.67,21.390615,40370600
2010-03-01,28.77,29.049999,28.530001,29.02,21.651747,43805400
2010-03-02,29.08,29.299999,28.24,28.459999,21.233934,93123900
2010-03-03,28.51,28.610001,28.35,28.459999,21.233934,48442100
2010-03-04,28.459999,28.65,28.27,28.629999,21.360773,42890600
2010-03-05,28.66,28.68,28.42,28.59,21.330927,56001800
2010-03-08,28.52,28.93,28.5,28.629999,21.360773,39414500
2010-03-09,28.559999,29.110001,28.549999,28.799999,21.487606,50271600
2010-03-10,28.860001,29.110001,28.799999,28.969999,21.614447,44891400
2010-03-11,28.889999,29.190001,28.85,29.18,21.771124,35349700
2010-03-12,29.32,29.379999,29.040001,29.27,21.838274,31700200
2010-03-15,29.18,29.370001,29.01,29.290001,21.853193,37512000
2010-03-16,29.42,29.49,29.200001,29.370001,21.912882,36723500
2010-03-17,29.5,29.870001,29.4,29.629999,22.106867,50385700
2010-03-18,29.629999,29.719999,29.5,29.610001,22.091948,43845200
2010-03-19,29.76,29.9,29.35,29.59,22.077026,81332100
2010-03-22,29.5,29.700001,29.389999,29.6,22.084476,37718200
2010-03-23,29.59,29.9,29.41,29.879999,22.293398,42026600
2010-03-24,29.719999,29.85,29.6,29.65,22.121792,33987700
2010-03-25,29.83,30.57,29.799999,30.01,22.390387,73168700
2010-03-26,30.09,30.200001,29.59,29.66,22.129255,55595500
2010-03-29,29.709999,29.82,29.549999,29.59,22.077026,33336000
2010-03-30,29.629999,29.860001,29.5,29.77,22.211323,34954800
2010-03-31,29.639999,29.719999,29.17,29.290001,21.853193,63760000
2010-04-01,29.35,29.540001,28.620001,29.16,21.756197,74768100
2010-04-05,29.129999,29.43,29.030001,29.27,21.838274,34331200
2010-04-06,29.15,29.58,28.98,29.32,21.87558,47366800
2010-04-07,29.16,29.559999,29.139999,29.35,21.897959,58318800
2010-04-08,29.32,29.98,29.299999,29.92,22.323235,63713800
2010-04-09,29.950001,30.41,29.9,30.34,22.636604,54752500
2010-04-12,30.25,30.49,30.209999,30.32,22.621677,37068800
2010-04-13,30.15,30.5,30.129999,30.450001,22.718668,41374600
2010-04-14,30.790001,31,30.66,30.82,22.994728,68941200
2010-04-15,30.82,30.950001,30.709999,30.870001,23.03203,52745400
2010-04-16,30.790001,30.98,30.6,30.67,22.882807,88703100
2010-04-19,30.77,31.25,30.76,31.040001,23.158869,64970300
2010-04-20,31.219999,31.440001,31.129999,31.360001,23.397612,52199500
2010-04-21,31.33,31.5,31.23,31.33,23.375231,55343100
2010-04-22,31.040001,31.530001,30.9,31.389999,23.420002,84847600
2010-04-23,31.120001,31.58,30.65,30.959999,23.099174,126766600
2010-04-26,31,31.280001,30.860001,31.110001,23.211092,63649300
2010-04-27,30.950001,31.25,30.75,30.85,23.017113,68730900
2010-04-28,30.92,31,30.620001,30.91,23.061871,64557900
2010-04-29,30.93,31.43,30.67,31,23.129019,52665200
2010-04-30,31.07,31.08,30.52,30.540001,22.785826,63214800
2010-05-03,30.67,31.059999,30.58,30.860001,23.024569,43989500
2010-05-04,30.52,30.549999,29.75,30.129999,22.479916,82085600
2010-05-05,29.77,30.09,29.690001,29.85,22.271011,66833800
2010-05-06,29.59,29.879999,27.91,28.98,21.621904,128613000
2010-05-07,28.93,28.950001,27.32,28.209999,21.047411,173718100
2010-05-10,29.01,29.48,28.709999,28.940001,21.59206,86653300
2010-05-11,28.68,29.65,28.57,28.879999,21.547297,63789400
2010-05-12,28.98,29.58,28.92,29.440001,21.965113,47146800
2010-05-13,29.26,29.73,29.18,29.24,21.815891,45188800
2010-05-14,29.200001,29.209999,28.639999,28.93,21.584599,63334000
2010-05-17,29.120001,29.23,28.450001,28.940001,21.59206,46053300
2010-05-18,28.870001,29,28.4,28.6,21.434673,52690600
2010-05-19,28.52,28.690001,27.790001,28.24,21.164873,61746700
2010-05-20,27.65,27.84,27.040001,27.110001,20.317972,87991100
2010-05-21,26.629999,27.110001,26.440001,26.84,20.115612,117596300
2010-05-24,26.85,26.860001,26.26,26.27,19.688423,73711700
2010-05-25,25.65,26.33,25.379999,26.07,19.538532,98373600
2010-05-26,26.23,26.610001,24.559999,25.01,18.744099,176684100
2010-05-27,25.73,26.360001,25.73,26,19.486074,136433600
2010-05-28,25.84,26.120001,25.66,25.799999,19.33618,67496900
2010-06-01,25.530001,26.309999,25.52,25.889999,19.403624,76152400
2010-06-02,26.059999,26.48,25.73,26.459999,19.83082,65718800
2010-06-03,26.549999,26.93,26.41,26.860001,20.130604,67837000
2010-06-04,26.1,26.57,25.620001,25.790001,19.32868,89832200
2010-06-07,25.82,25.83,25.24,25.290001,18.953951,80456200
2010-06-08,25.25,25.26,24.65,25.110001,18.819042,87355000
2010-06-09,25.219999,25.52,24.75,24.790001,18.57922,87794000
2010-06-10,25.129999,25.15,24.780001,25,18.736607,78930900
2010-06-11,25.040001,25.719999,24.77,25.66,19.231253,68057700
2010-06-14,25.860001,25.959999,25.469999,25.5,19.111332,50972400
2010-06-15,25.75,26.65,25.74,26.58,19.920759,81641500
2010-06-16,26.469999,26.58,26.23,26.32,19.725897,48698000
2010-06-17,26.559999,26.67,26.040001,26.370001,19.763369,47995500
2010-06-18,26.370001,26.530001,26.17,26.440001,19.815832,52075600
2010-06-21,26.780001,26.889999,25.889999,25.950001,19.448599,54625300
2010-06-22,26.16,26.450001,25.76,25.77,19.313692,55985400
2010-06-23,25.780001,25.780001,25.219999,25.309999,18.968933,61466200
2010-06-24,25.459999,25.719999,24.93,25,18.736607,85243400
2010-06-25,25.049999,25.110001,24.309999,24.530001,18.384352,156256700
2010-06-28,24.51,24.610001,24.120001,24.309999,18.219467,73784800
2010-06-29,24.129999,24.200001,23.110001,23.309999,17.470009,119882100
2010-06-30,23.299999,23.68,22.950001,23.01,17.245171,81050500
2010-07-01,23.09,23.32,22.73,23.16,17.357595,92239400
2010-07-02,23.360001,23.48,23.049999,23.27,17.440033,62485100
2010-07-06,23.700001,24.09,23.58,23.82,17.852238,73592000
2010-07-07,23.82,24.32,23.610001,24.299999,18.211977,79965300
2010-07-08,24.6,24.620001,23.969999,24.41,18.294428,50758100
2010-07-09,24.33,24.41,24.15,24.27,18.189495,53806100
2010-07-12,24.43,24.889999,24.42,24.83,18.609196,49854200
2010-07-13,25.139999,25.299999,24.9,25.129999,18.83403,61928700
2010-07-14,25.5,25.610001,25.120001,25.440001,19.06638,72808100
2010-07-15,25.5,25.59,24.98,25.51,19.118834,56934700
2010-07-16,25.51,25.639999,24.879999,24.889999,18.654163,65064800
2010-07-19,24.959999,25.299999,24.91,25.23,18.908979,38181800
2010-07-20,24.860001,25.48,24.700001,25.48,19.09634,45530700
2010-07-21,25.6,25.65,24.98,25.120001,18.826538,73297300
2010-07-22,25.51,25.99,25.469999,25.84,19.366158,73016400
2010-07-23,25.84,26.02,25.25,25.809999,19.343666,108520100
2010-07-26,25.860001,26.200001,25.799999,26.1,19.561018,67249900
2010-07-27,26.139999,26.24,25.959999,26.16,19.605984,60672100
2010-07-28,26.07,26.190001,25.83,25.950001,19.448599,69704800
2010-07-29,26.129999,26.41,25.6,26.030001,19.508556,69446200
2010-07-30,25.75,25.84,25.35,25.809999,19.343666,83534800
2010-08-02,25.99,26.379999,25.75,26.33,19.733391,55044600
2010-08-03,26.200001,26.35,25.969999,26.16,19.605984,56877700
2010-08-04,26.15,26.24,25.440001,25.73,19.283707,78531900
2010-08-05,25.49,25.58,25.209999,25.370001,19.013906,64922100
2010-08-06,25.18,25.559999,25.02,25.549999,19.148809,55982100
2010-08-09,25.549999,25.73,25.370001,25.610001,19.193773,57096500
2010-08-10,25.33,25.34,24.879999,25.07,18.789063,87257700
2010-08-11,24.68,24.9,24.559999,24.860001,18.63168,76746900
2010-08-12,24.42,24.68,24.360001,24.49,18.354382,70240500
2010-08-13,24.35,24.67,24.24,24.4,18.286915,45263500
2010-08-16,24.360001,24.610001,24.299999,24.5,18.361872,40909700
2010-08-17,24.709999,24.959999,24.6,24.709999,18.61804,52912600
2010-08-18,24.68,24.950001,24.41,24.82,18.700924,46818900
2010-08-19,24.620001,24.74,24.209999,24.440001,18.414618,54064600
2010-08-20,24.309999,24.4,24.200001,24.23,18.256386,49560100
2010-08-23,24.440001,24.639999,24.24,24.280001,18.294058,51643000
2010-08-24,24.09,24.35,24,24.040001,18.11323,66522500
2010-08-25,24,24.219999,23.870001,24.1,18.158436,47404800
2010-08-26,24.09,24.190001,23.790001,23.82,17.947468,49105300
2010-08-27,23.879999,24.02,23.51,23.93,18.030352,60939400
2010-08-30,23.74,23.82,23.6,23.639999,17.81184,45453100
2010-08-31,23.6,23.73,23.32,23.469999,17.683752,66074600
2010-09-01,23.67,23.950001,23.540001,23.9,18.007744,65235900
2010-09-02,23.879999,23.950001,23.709999,23.940001,18.037884,48837100
2010-09-03,24.24,24.450001,24.200001,24.290001,18.301592,64189100
2010-09-07,24.1,24.299999,23.92,23.959999,18.052946,51928700
2010-09-08,24.07,24.200001,23.74,23.93,18.030352,65512400
2010-09-09,24.190001,24.209999,23.99,24.01,18.090628,46028900
2010-09-10,23.98,24.030001,23.790001,23.85,17.970072,58284300
2010-09-13,24.200001,25.290001,24.09,25.110001,18.919432,114680400
2010-09-14,25.040001,25.35,24.889999,25.030001,18.859158,87160400
2010-09-15,25.1,25.219999,24.92,25.120001,18.926964,56201900
2010-09-16,25.059999,25.370001,25.049999,25.33,19.085197,44548300
2010-09-17,25.4,25.530001,25.08,25.219999,19.002312,70341600
2010-09-20,25.280001,25.52,25.110001,25.43,19.160542,49838700
2010-09-21,25.42,25.42,25.08,25.15,18.949574,52675700
2010-09-22,24.889999,24.969999,24.360001,24.610001,18.542706,94299400
2010-09-23,24.51,24.59,24.360001,24.43,18.407078,46201800
2010-09-24,24.639999,24.799999,24.58,24.780001,18.670792,51948800
2010-09-27,24.85,24.99,24.59,24.73,18.63312,43603300
2010-09-28,24.799999,24.9,24.35,24.68,18.595448,56041200
2010-09-29,24.629999,24.66,24.4,24.5,18.459824,44318900
2010-09-30,24.610001,24.83,24.360001,24.49,18.452288,61262700
2010-10-01,24.77,24.82,24.299999,24.379999,18.369402,62672300
2010-10-04,23.959999,23.99,23.780001,23.91,18.015284,98143400
2010-10-05,24.059999,24.450001,23.91,24.35,18.3468,78152900
2010-10-06,24.32,24.540001,24.129999,24.43,18.407078,50489700
2010-10-07,24.620001,24.75,24.280001,24.530001,18.482422,50096100
2010-10-08,24.620001,24.65,24.370001,24.57,18.512558,41327800
2010-10-11,24.74,24.74,24.5,24.59,18.527636,27587800
2010-10-12,24.65,24.93,24.43,24.83,18.708466,50141500
2010-10-13,25.02,25.540001,24.889999,25.34,19.092728,75336500
2010-10-14,25.290001,25.34,25,25.23,19.009848,51949100
2010-10-15,25.360001,25.549999,25.23,25.540001,19.243425,68954800
2010-10-18,25.59,25.950001,25.450001,25.82,19.454393,48330500
2010-10-19,25.27,25.370001,24.950001,25.1,18.911903,66150900
2010-10-20,25.26,25.4,25.1,25.309999,19.070122,56283600
2010-10-21,25.4,25.540001,25.049999,25.42,19.153002,50032400
2010-10-22,25.52,25.540001,25.27,25.379999,19.122866,25837900
2010-10-25,25.24,25.35,25.17,25.190001,18.97971,50912400
2010-10-26,25.120001,25.969999,25.059999,25.9,19.514669,69304200
2010-10-27,25.790001,26.110001,25.620001,26.049999,19.627691,64805500
2010-10-28,26.209999,26.379999,25.92,26.280001,19.800982,80730300
2010-10-29,27.15,27.200001,26.48,26.67,20.094831,114193200
2010-11-01,26.879999,27.219999,26.700001,26.950001,20.305805,61912100
2010-11-02,27.059999,27.42,27.02,27.389999,20.637327,54402100
2010-11-03,27.459999,27.49,26.959999,27.030001,20.366081,110255300
2010-11-04,27.41,27.43,27.01,27.139999,20.448956,93599300
2010-11-05,27.17,27.190001,26.530001,26.85,20.230455,110953700
2010-11-08,26.68,28.870001,26.58,26.809999,20.200319,71670800
2010-11-09,26.809999,27.110001,26.709999,26.950001,20.305805,58538600
2010-11-10,27.01,27.08,26.809999,26.940001,20.298271,52277300
2010-11-11,26.68,26.719999,26.280001,26.68,20.102371,62073100
2010-11-12,26.469999,26.52,26.1,26.27,19.793447,64962200
2010-11-15,26.33,26.5,26.17,26.200001,19.740713,51794600
2010-11-16,26.040001,26.040001,25.65,25.809999,19.566343,65339200
2010-11-17,25.9,25.91,25.549999,25.57,19.384399,58299700
2010-11-18,25.709999,26.08,25.610001,25.84,19.589092,59514000
2010-11-19,25.799999,25.83,25.6,25.690001,19.475378,52423200
2010-11-22,25.65,25.74,25.440001,25.73,19.505692,53350500
2010-11-23,25.57,25.6,25.09,25.120001,19.043262,69742500
2010-11-24,25.200001,25.459999,25.16,25.370001,19.232782,56825900
2010-11-26,25.209999,25.41,25.17,25.25,19.141813,21356500
2010-11-29,25.190001,25.42,24.93,25.309999,19.187294,56603600
2010-11-30,25.049999,25.469999,25,25.26,19.149393,75282100
2010-12-01,25.57,26.25,25.559999,26.040001,19.740709,74123500
2010-12-02,26.24,26.98,26.200001,26.889999,20.38509,91759200
2010-12-03,26.809999,27.059999,26.780001,27.02,20.483635,52622000
2010-12-06,26.93,26.98,26.76,26.84,20.347179,36264200
2010-12-07,27.08,27.129999,26.85,26.870001,20.369923,57860500
2010-12-08,26.83,27.24,26.799999,27.23,20.642836,41666800
2010-12-09,27.280001,27.34,27.01,27.08,20.529123,47148300
2010-12-10,27.190001,27.4,27.110001,27.34,20.726231,37625800
2010-12-13,27.27,27.450001,27.17,27.25,20.657991,47943900
2010-12-14,27.309999,27.75,27.26,27.620001,20.93849,64070500
2010-12-15,27.530001,27.99,27.530001,27.85,21.112852,69634200
2010-12-16,27.76,27.99,27.66,27.99,21.218985,57680200
2010-12-17,27.92,28.09,27.75,27.9,21.150759,87456500
2010-12-20,27.950001,27.99,27.68,27.809999,21.082531,52811000
2010-12-21,27.85,28.139999,27.76,28.07,21.279634,38153000
2010-12-22,28.01,28.4,27.98,28.190001,21.370604,42252300
2010-12-23,27.969999,28.32,27.959999,28.299999,21.453991,24902500
2010-12-27,28.120001,28.200001,27.879999,28.07,21.279634,21652800
2010-12-28,27.969999,28.17,27.959999,28.01,21.234148,23042200
2010-12-29,27.940001,28.120001,27.879999,27.969999,21.203815,19502500
2010-12-30,27.92,28,27.780001,27.85,21.112852,20786100
2010-12-31,27.799999,27.92,27.629999,27.91,21.158339,24752000
2011-01-03,28.049999,28.18,27.92,27.98,21.211411,53443800
2011-01-04,27.940001,28.17,27.85,28.09,21.294794,54405600
2011-01-05,27.9,28.01,27.77,28,21.226572,58998700
2011-01-06,28.040001,28.85,27.860001,28.82,21.8482,88026300
2011-01-07,28.639999,28.74,28.25,28.6,21.681423,73762000
2011-01-10,28.26,28.4,28.040001,28.219999,21.393351,57573600
2011-01-11,28.200001,28.25,28.049999,28.110001,21.309956,50298900
2011-01-12,28.120001,28.59,28.07,28.549999,21.64352,52631100
2011-01-13,28.33,28.389999,28.01,28.190001,21.370604,67077600
2011-01-14,28.08,28.379999,27.91,28.299999,21.453991,62688400
2011-01-18,28.16,28.74,28.139999,28.66,21.726904,53322700
2011-01-19,28.459999,28.68,28.27,28.469999,21.58287,50005900
2011-01-20,28.5,28.549999,28.129999,28.35,21.491905,58613600
2011-01-21,28.4,28.43,28.02,28.02,21.24173,58080300
2011-01-24,28.02,28.559999,27.99,28.379999,21.514639,52047800
2011-01-25,28.139999,28.450001,28.120001,28.450001,21.567707,42436600
2011-01-26,28.51,28.99,28.5,28.780001,21.817879,74628800
2011-01-27,28.75,29.459999,28.49,28.870001,21.88611,146938600
2011-01-28,28.9,28.93,27.450001,27.75,21.037045,141249400
2011-01-31,27.77,27.9,27.42,27.73,21.021875,65029000
2011-02-01,27.799999,28.059999,27.610001,27.99,21.218985,62810700
2011-02-02,27.93,28.110001,27.879999,27.940001,21.181084,45824000
2011-02-03,27.969999,27.969999,27.540001,27.65,20.961229,60340100
2011-02-04,27.700001,27.84,27.51,27.77,21.052208,40412200
2011-02-07,27.799999,28.34,27.790001,28.200001,21.378189,68980900
2011-02-08,28.1,28.34,28.049999,28.280001,21.438829,34904200
2011-02-09,28.190001,28.26,27.91,27.969999,21.203815,52905100
2011-02-10,27.93,27.940001,27.290001,27.5,20.847523,76672400
2011-02-11,27.76,27.809999,27.07,27.25,20.657991,83939700
2011-02-14,27.209999,27.27,26.950001,27.23,20.642836,56766200
2011-02-15,27.040001,27.33,26.950001,26.959999,20.558945,44116500
2011-02-16,27.049999,27.07,26.6,27.02,20.604708,70817900
2011-02-17,26.969999,27.370001,26.91,27.209999,20.749592,57207300
2011-02-18,27.129999,27.209999,26.99,27.059999,20.635206,68667800
2011-02-22,26.780001,27.1,26.52,26.59,20.276806,60889000
2011-02-23,26.530001,26.860001,26.43,26.59,20.276806,60234100
2011-02-24,26.639999,27.059999,26.5,26.77,20.414066,64494200
2011-02-25,26.91,26.950001,26.5,26.549999,20.246296,53006300
2011-02-28,26.690001,26.860001,26.51,26.58,20.269171,51379900
2011-03-01,26.6,26.780001,26.15,26.16,19.948893,60055000
2011-03-02,26.110001,26.370001,26.040001,26.08,19.887886,48658200
2011-03-03,26.26,26.4,26.18,26.200001,19.979399,68271500
2011-03-04,26.219999,26.24,25.799999,25.950001,19.788752,70437200
2011-03-07,26.129999,26.27,25.549999,25.719999,19.613358,64980400
2011-03-08,25.77,26.02,25.65,25.91,19.758255,50549800
2011-03-09,25.809999,25.98,25.66,25.889999,19.742998,39789100
2011-03-10,25.620001,25.709999,25.35,25.41,19.376966,66549500
2011-03-11,25.41,25.85,25.360001,25.68,19.582861,49905800
2011-03-14,25.49,25.76,25.35,25.690001,19.59049,54473400
2011-03-15,25.08,25.469999,25,25.389999,19.361715,76067300
2011-03-16,25.219999,25.280001,24.68,24.790001,18.904169,100725400
2011-03-17,25.059999,25.219999,24.75,24.780001,18.896549,62497000
2011-03-18,25.059999,25.18,24.799999,24.799999,18.911797,85486700
2011-03-21,25.18,25.58,25.15,25.33,19.315956,46878100
2011-03-22,25.299999,25.459999,25.23,25.299999,19.293081,30895600
2011-03-23,25.23,25.610001,25.18,25.540001,19.476099,43969000
2011-03-24,25.6,25.870001,25.5,25.809999,19.681992,38696700
2011-03-25,25.93,25.950001,25.59,25.620001,19.537107,57029800
2011-03-28,25.66,25.719999,25.379999,25.41,19.376966,48973200
2011-03-29,25.34,25.52,25.299999,25.49,19.437971,40763500
2011-03-30,25.6,25.719999,25.5,25.610001,19.529482,41999300
2011-03-31,25.6,25.68,25.34,25.389999,19.361715,63233700
2011-04-01,25.530001,25.530001,25.309999,25.48,19.430338,63114200
2011-04-04,25.450001,25.66,25.41,25.549999,19.483728,35433700
2011-04-05,25.82,26.18,25.74,25.780001,19.659115,73651100
2011-04-06,25.98,26.309999,25.860001,26.15,19.941265,65581400
2011-04-07,26.190001,26.26,25.969999,26.200001,19.979399,46134700
2011-04-08,26.17,26.280001,25.959999,26.07,19.880268,39887600
2011-04-11,26.190001,26.25,25.799999,25.98,19.811628,34286300
2011-04-12,25.83,25.85,25.549999,25.639999,19.552355,36920400
2011-04-13,25.65,25.870001,25.559999,25.629999,19.544727,38144700
2011-04-14,25.42,25.440001,25.09,25.42,19.384598,55239900
2011-04-15,25.459999,25.559999,25.18,25.370001,19.346462,65080400
2011-04-18,25.1,25.280001,24.719999,25.08,19.12532,58045100
2011-04-19,25,25.17,24.870001,25.15,19.178696,38892400
2011-04-20,25.540001,26,25.51,25.76,19.643864,61608600
2011-04-21,25.790001,25.889999,25.360001,25.52,19.460854,46892300
2011-04-25,25.559999,25.620001,25.34,25.610001,19.529482,33525100
2011-04-26,25.74,26.440001,25.67,26.190001,19.971779,69200000
2011-04-27,26.299999,26.389999,26.129999,26.379999,20.116653,52689000
2011-04-28,26.459999,26.870001,26.4,26.709999,20.368315,80200000
2011-04-29,26.549999,26.639999,25.360001,25.92,19.765877,319317900
2011-05-02,25.940001,26,25.48,25.66,19.567612,89825600
2011-05-03,25.6,25.85,25.49,25.809999,19.681992,71892900
2011-05-04,25.85,26.25,25.790001,26.059999,19.872633,73292300
2011-05-05,26.049999,26.08,25.68,25.790001,19.666746,55600000
2011-05-06,26.07,26.219999,25.75,25.870001,19.727753,55993000
2011-05-09,25.799999,25.959999,25.67,25.83,19.697247,38696400
2011-05-10,25.379999,25.85,25.25,25.67,19.57523,120798700
2011-05-11,25.65,25.66,25.209999,25.360001,19.338837,78600000
2011-05-12,25.35,25.389999,25.1,25.32,19.308331,77400000
2011-05-13,25.280001,25.32,24.950001,25.030001,19.087189,66812300
2011-05-16,24.959999,25.07,24.5,24.57,18.736406,91350900
2011-05-17,24.4,24.700001,24.27,24.52,18.820839,82882100
2011-05-18,24.530001,24.74,24.25,24.690001,18.951319,53931100
2011-05-19,24.85,24.879999,24.5,24.719999,18.974352,37783600
2011-05-20,24.719999,24.870001,24.440001,24.49,18.797813,45451500
2011-05-23,24.209999,24.25,24.030001,24.17,18.552185,52692500
2011-05-24,24.200001,24.290001,24.040001,24.15,18.536839,47691800
2011-05-25,24.17,24.309999,24.16,24.190001,18.567535,34904200
2011-05-26,24.35,25.030001,24.32,24.67,18.935976,78016600
2011-05-27,24.68,24.9,24.65,24.76,19.005056,50251000
2011-05-31,24.959999,25.059999,24.700001,25.01,19.196945,60196300
2011-06-01,24.99,25.1,24.370001,24.43,18.751755,74033500
2011-06-02,24.49,24.65,24.18,24.219999,18.590563,51487800
2011-06-03,24.049999,24.139999,23.84,23.91,18.352623,60697700
2011-06-06,23.889999,24.25,23.77,24.01,18.429377,54778700
2011-06-07,24.09,24.17,23.9,24.059999,18.467754,41112600
2011-06-08,23.9,24.02,23.860001,23.940001,18.375648,42205000
2011-06-09,24.01,24.040001,23.82,23.959999,18.390989,42878700
2011-06-10,24.02,24.02,23.690001,23.709999,18.199099,49327200
2011-06-13,23.790001,24.190001,23.700001,24.040001,18.45241,47572500
2011-06-14,24.299999,24.450001,24.190001,24.219999,18.590563,42894500
2011-06-15,24,24.01,23.67,23.74,18.222134,49410200
2011-06-16,23.75,24.1,23.65,24,18.421698,57184100
2011-06-17,24.219999,24.299999,23.98,24.26,18.621265,83320400
2011-06-20,24.17,24.66,24.16,24.469999,18.782465,54338400
2011-06-21,24.52,24.860001,24.4,24.76,19.005056,49708700
2011-06-22,24.6,24.809999,24.59,24.65,18.920626,44287300
2011-06-23,24.440001,24.65,24.200001,24.629999,18.905272,59470400
2011-06-24,24.51,24.540001,24.190001,24.299999,18.651966,101387200
2011-06-27,24.23,25.459999,24.23,25.200001,19.342785,92044200
2011-06-28,25.299999,25.92,25.16,25.799999,19.803329,81032100
2011-06-29,25.709999,25.709999,25.360001,25.620001,19.665165,66051000
2011-06-30,25.74,26,25.66,26,19.956852,52535400
2011-07-01,25.93,26.17,25.84,26.02,19.972189,52906200
2011-07-05,26.1,26.15,25.9,26.030001,19.979874,37805300
2011-07-06,25.969999,26.370001,25.959999,26.33,20.210138,48744200
2011-07-07,26.49,26.879999,26.360001,26.77,20.547873,51946500
2011-07-08,26.540001,26.98,26.51,26.92,20.663008,58320700
2011-07-11,26.620001,26.799999,26.49,26.629999,20.440407,43999800
2011-07-12,26.549999,26.790001,26.34,26.540001,20.371325,47319300
2011-07-13,26.6,26.959999,26.51,26.629999,20.440407,40861800
2011-07-14,26.620001,27.01,26.360001,26.469999,20.317596,46382300
2011-07-15,26.469999,26.93,26.469999,26.780001,20.555546,49132400
2011-07-18,26.629999,26.9,26.26,26.59,20.409702,44501900
2011-07-19,26.809999,27.639999,26.780001,27.540001,21.138899,86730600
2011-07-20,27.280001,27.35,26.98,27.059999,20.770466,49795400
2011-07-21,27.040001,27.309999,26.65,27.1,20.801168,81737400
2011-07-22,26.860001,27.549999,26.68,27.530001,21.131227,76380600
2011-07-25,27.26,28.09,27.190001,27.91,21.422895,108482400
2011-07-26,27.82,28.15,27.780001,28.08,21.553389,74636500
2011-07-27,27.879999,27.99,27.200001,27.33,20.977711,71488700
2011-07-28,27.290001,28.07,27.209999,27.719999,21.277063,83761400
2011-07-29,27.52,27.709999,27.26,27.4,21.031435,104394800
2011-08-01,27.51,27.690001,26.75,27.27,20.93166,61838400
2011-08-02,26.98,27.450001,26.76,26.799999,20.5709,63883100
2011-08-03,26.83,27,26.48,26.92,20.663008,64581200
2011-08-04,26.530001,26.870001,25.93,25.940001,19.910786,92949500
2011-08-05,25.969999,26.1,25.23,25.68,19.711218,112071700
2011-08-08,25.02,25.6,24.389999,24.48,18.790133,134257200
2011-08-09,24.709999,25.620001,24.030001,25.58,19.63446,126268900
2011-08-10,24.950001,25.09,24.1,24.200001,18.575218,127819900
2011-08-11,24.5,25.379999,24.4,25.190001,19.335119,90690100
2011-08-12,25.129999,25.34,24.65,25.1,19.266033,64787100
2011-08-15,25.24,25.58,25.15,25.51,19.580734,56529400
2011-08-16,25.219999,25.59,25.049999,25.35,19.580734,54251500
2011-08-17,25.25,25.700001,24.93,25.25,19.503494,50923700
2011-08-18,24.57,25.09,24.030001,24.67,19.055496,105714200
2011-08-19,24.41,24.620001,23.91,24.049999,18.576591,77397900
2011-08-22,24.42,24.49,23.790001,23.98,18.522528,54721000
2011-08-23,24.030001,24.75,24.030001,24.719999,19.094109,59670600
2011-08-24,24.65,24.93,24.42,24.9,19.233145,45329700
2011-08-25,25.08,25.16,24.5,24.57,18.978252,48192000
2011-08-26,24.51,25.34,24.42,25.25,19.503494,71957000
2011-08-29,25.530001,25.860001,25.370001,25.84,19.959217,38863200
2011-08-30,25.73,26.43,25.700001,26.23,20.260456,57341400
2011-08-31,26.290001,26.709999,26.26,26.6,20.546255,59300800
2011-09-01,26.459999,26.860001,26.209999,26.209999,20.245012,60510800
2011-09-02,25.780001,26,25.66,25.799999,19.928324,43894400
2011-09-06,25.200001,25.59,25.110001,25.51,19.704323,54929300
2011-09-07,25.690001,26,25.57,26,20.082802,41961000
2011-09-08,26,26.66,25.950001,26.219999,20.252733,65811900
2011-09-09,26,26.18,25.5,25.74,19.881979,64529200
2011-09-12,25.440001,25.93,25.27,25.889999,19.997837,55046100
2011-09-13,25.92,26.190001,25.809999,26.040001,20.113699,48792300
2011-09-14,26.17,26.799999,25.889999,26.5,20.469009,66739200
2011-09-15,26.73,27.030001,26.309999,26.99,20.847494,67808300
2011-09-16,27.049999,27.27,26.83,27.120001,20.947906,89681500
2011-09-19,26.799999,27.309999,26.6,27.209999,21.017424,52324900
2011-09-20,27.309999,27.5,26.93,26.98,20.839767,49211900
2011-09-21,27.049999,27.059999,25.969999,25.99,20.075083,72750700
2011-09-22,25.299999,25.65,24.6,25.059999,19.356737,96278300
2011-09-23,24.9,25.15,24.690001,25.059999,19.356737,64768100
2011-09-26,25.190001,25.52,24.73,25.440001,19.650249,51057600
2011-09-27,25.66,25.92,25.450001,25.67,19.827908,55620700
2011-09-28,25.93,26.370001,25.51,25.58,19.758389,60736200
2011-09-29,25.98,26.17,25.09,25.450001,19.657974,63407300
2011-09-30,25.200001,25.5,24.879999,24.889999,19.22542,54060500
2011-10-03,24.719999,25.34,24.52,24.530001,18.947351,64592500
2011-10-04,24.299999,25.389999,24.26,25.34,19.573011,83485400
2011-10-05,25.42,26.16,25.16,25.889999,19.997837,94061300
2011-10-06,25.9,26.4,25.700001,26.34,20.345421,55111400
2011-10-07,26.34,26.51,26.200001,26.25,20.275908,52741600
2011-10-10,26.58,26.969999,26.469999,26.940001,20.808874,41815300
2011-10-11,26.860001,27.07,26.719999,27,20.855221,38826200
2011-10-12,27.18,27.309999,26.9,26.959999,20.82432,52489800
2011-10-13,26.76,27.200001,26.620001,27.18,20.994255,43823500
2011-10-14,27.309999,27.5,27.02,27.27,21.06377,50947700
2011-10-17,27.110001,27.42,26.85,26.98,20.839767,39453300
2011-10-18,26.940001,27.4,26.799999,27.309999,21.094662,52487900
2011-10-19,27.370001,27.469999,27.01,27.129999,20.955633,42880000
2011-10-20,27.26,27.34,26.4,27.040001,20.886116,76300200
2011-10-21,27.15,27.190001,26.799999,27.16,20.978804,76620600
2011-10-24,27.059999,27.4,27.040001,27.190001,21.001984,56897800
2011-10-25,27.08,27.23,26.719999,26.809999,20.708454,53554600
2011-10-26,27.030001,27.059999,26.1,26.59,20.53853,63029900
2011-10-27,27.129999,27.4,26.65,27.25,21.048326,74512400
2011-10-28,27.139999,27.190001,26.790001,26.98,20.839767,57712100
2011-10-31,26.76,27,26.620001,26.629999,20.569431,46799000
2011-11-01,26.190001,26.32,25.860001,25.99,20.075083,61182600
2011-11-02,26.1,26.200001,25.700001,26.01,20.090532,53533100
2011-11-03,26.24,26.59,25.98,26.530001,20.492184,65836100
2011-11-04,26.379999,26.4,26,26.25,20.275908,36549200
2011-11-07,26.209999,26.82,26.129999,26.799999,20.700737,42589700
2011-11-08,27.01,27.200001,26.690001,27.16,20.978804,47822500
2011-11-09,26.59,26.75,26.059999,26.200001,20.237293,62950900
2011-11-10,26.469999,26.5,26.120001,26.280001,20.29908,32514400
2011-11-11,26.58,27.08,26.57,26.91,20.785702,37903000
2011-11-14,26.879999,27,26.65,26.76,20.669842,34199200
2011-11-15,26.559999,26.940001,26.4,26.74,20.809921,43874200
2011-11-16,26.469999,26.51,26.040001,26.07,20.288509,53262800
2011-11-17,26.01,26.040001,25.440001,25.540001,19.876049,70977500
2011-11-18,25.48,25.5,25.15,25.299999,19.689264,47626200
2011-11-21,25.24,25.25,24.9,25,19.455795,61882500
2011-11-22,24.889999,24.959999,24.65,24.790001,19.292366,49204500
2011-11-23,24.610001,24.790001,24.469999,24.469999,19.043331,49099700
2011-11-25,24.379999,24.67,24.299999,24.299999,18.911034,26164600
2011-11-28,24.940001,24.969999,24.690001,24.870001,19.354628,46766700
2011-11-29,24.82,25.040001,24.75,24.84,19.331284,40917100
2011-11-30,25.370001,25.59,25.139999,25.58,19.907175,81350900
2011-12-01,25.559999,25.629999,25.200001,25.280001,19.673702,48545400
2011-12-02,25.59,25.620001,25.16,25.219999,19.627005,52293800
2011-12-05,25.780001,25.799999,25.5,25.700001,20.000559,56818400
2011-12-06,25.809999,25.870001,25.610001,25.66,19.969435,46175300
2011-12-07,25.67,25.76,25.34,25.6,19.922745,62667000
2011-12-08,25.48,25.719999,25.370001,25.4,19.767078,60522200
2011-12-09,25.52,25.870001,25.5,25.700001,20.000559,53788500
2011-12-12,25.41,25.57,25.290001,25.51,19.852699,38945900
2011-12-13,25.75,26.1,25.65,25.76,20.047253,54581100
2011-12-14,25.719999,25.860001,25.57,25.59,19.914951,47926400
2011-12-15,25.719999,25.879999,25.540001,25.559999,19.891605,46213900
2011-12-16,25.67,26.17,25.629999,26,20.234028,101408100
2011-12-19,26.02,26.120001,25.459999,25.530001,19.868265,52258300
2011-12-20,25.860001,26.1,25.809999,26.030001,20.257376,60767600
2011-12-21,26.01,26.190001,25.440001,25.76,20.047253,64132500
2011-12-22,25.82,25.860001,25.48,25.809999,20.086168,35794100
2011-12-23,25.91,26.040001,25.73,26.030001,20.257376,23205800
2011-12-27,25.959999,26.139999,25.93,26.040001,20.265163,21287200
2011-12-28,26.110001,26.15,25.76,25.82,20.09395,29822500
2011-12-29,25.950001,26.049999,25.860001,26.02,20.249594,22616900
2011-12-30,26,26.120001,25.91,25.959999,20.202896,27395700
2012-01-03,26.549999,26.959999,26.389999,26.77,20.833263,64731500
2012-01-04,26.82,27.469999,26.780001,27.4,21.323553,80516100
2012-01-05,27.379999,27.73,27.290001,27.68,21.54146,56081400
2012-01-06,27.530001,28.190001,27.530001,28.110001,21.876091,99455500
2012-01-09,28.049999,28.1,27.719999,27.74,21.588152,59706800
2012-01-10,27.93,28.15,27.75,27.84,21.665977,60014400
2012-01-11,27.43,27.98,27.370001,27.719999,21.572584,65582400
2012-01-12,27.870001,28.02,27.65,28,21.790495,49370800
2012-01-13,27.93,28.25,27.790001,28.25,21.985052,60196100
2012-01-17,28.4,28.65,28.17,28.26,21.992834,72395300
2012-01-18,28.309999,28.4,27.969999,28.23,21.969484,64860600
2012-01-19,28.16,28.440001,28.030001,28.120001,21.883879,74053500
2012-01-20,28.82,29.74,28.75,29.709999,23.121271,165902900
2012-01-23,29.549999,29.950001,29.35,29.73,23.136831,76078100
2012-01-24,29.469999,29.57,29.18,29.34,22.833319,51703300
2012-01-25,29.07,29.65,29.07,29.559999,23.004532,59231700
2012-01-26,29.610001,29.700001,29.4,29.5,22.957836,49102800
2012-01-27,29.450001,29.530001,29.17,29.23,22.747715,44187700
2012-01-30,28.969999,29.620001,28.83,29.610001,23.043446,51114800
2012-01-31,29.66,29.700001,29.23,29.530001,22.981192,50572400
2012-02-01,29.790001,30.049999,29.76,29.889999,23.261358,67409900
2012-02-02,29.9,30.17,29.709999,29.950001,23.308041,52223300
2012-02-03,30.139999,30.4,30.09,30.24,23.53373,41838500
2012-02-06,30.040001,30.219999,29.969999,30.200001,23.502605,28039700
2012-02-07,30.15,30.49,30.049999,30.35,23.619333,39242400
2012-02-08,30.26,30.67,30.219999,30.66,23.860588,49659100
2012-02-09,30.68,30.799999,30.48,30.77,23.946192,50481600
2012-02-10,30.639999,30.799999,30.360001,30.5,23.736073,44605300
2012-02-13,30.629999,30.77,30.43,30.58,23.79833,33319800
2012-02-14,30.33,30.459999,29.85,30.25,23.696495,59644000
2012-02-15,30.33,30.389999,30.030001,30.049999,23.539833,43311300
2012-02-16,30.309999,31.549999,30.299999,31.290001,24.511189,94705100
2012-02-17,31.200001,31.32,30.950001,31.25,24.479851,70036500
2012-02-21,31.18,31.610001,31.15,31.440001,24.628685,50829900
2012-02-22,31.450001,31.68,31.18,31.27,24.495512,49253200
2012-02-23,31.200001,31.59,31,31.370001,24.573849,35034700
2012-02-24,31.48,31.5,31.24,31.48,24.660025,35575400
2012-02-27,31.24,31.5,31.1,31.35,24.558186,34568400
2012-02-28,31.41,31.93,31.379999,31.870001,24.965536,45230600
2012-02-29,31.889999,32,31.610001,31.74,24.863693,59323600
2012-03-01,31.93,32.389999,31.85,32.290001,25.29454,77344100
2012-03-02,32.310001,32.439999,32,32.080002,25.130037,47314200
2012-03-05,32.009998,32.049999,31.620001,31.799999,24.910696,45240000
2012-03-06,31.540001,31.98,31.49,31.559999,24.722691,51932900
2012-03-07,31.67,31.92,31.530001,31.84,24.942032,34340400
2012-03-08,32.040001,32.209999,31.9,32.009998,25.075197,36747400
2012-03-09,32.099998,32.16,31.92,31.99,25.059528,34628400
2012-03-12,31.969999,32.200001,31.82,32.040001,25.098709,34073600
2012-03-13,32.240002,32.689999,32.150002,32.669998,25.592205,48951700
2012-03-14,32.529999,32.880001,32.490002,32.77,25.670551,41986900
2012-03-15,32.790001,32.939999,32.580002,32.849998,25.733215,49068300
2012-03-16,32.91,32.950001,32.5,32.599998,25.537378,65626400
2012-03-19,32.540001,32.610001,32.150002,32.200001,25.224041,44789200
2012-03-20,32.099998,32.150002,31.74,31.99,25.059528,41566800
2012-03-21,31.959999,32.150002,31.82,31.91,24.996864,37928600
2012-03-22,31.809999,32.09,31.790001,32,25.067369,31749500
2012-03-23,32.099998,32.110001,31.719999,32.009998,25.075197,35912200
2012-03-26,32.189999,32.610001,32.150002,32.59,25.529547,36758300
2012-03-27,32.650002,32.700001,32.400002,32.52,25.474716,36274900
2012-03-28,32.52,32.700001,32.040001,32.189999,25.2162,41344800
2012-03-29,32.060001,32.189999,31.809999,32.119999,25.161367,37038500
2012-03-30,32.400002,32.41,32.040001,32.259998,25.271032,31749400
2012-04-02,32.220001,32.459999,31.950001,32.290001,25.29454,35853600
2012-04-03,32.16,32.189999,31.66,31.940001,25.020359,42752100
2012-04-04,31.66,31.690001,31.049999,31.209999,24.448513,49455900
2012-04-05,31.15,31.629999,31.049999,31.52,24.691359,50368600
2012-04-09,31.219999,31.4,30.969999,31.1,24.362343,31056400
2012-04-10,31.059999,31.190001,30.299999,30.469999,23.86883,54131300
2012-04-11,30.43,30.530001,30.23,30.35,23.774828,43014000
2012-04-12,30.48,31.040001,30.42,30.98,24.268341,38304000
2012-04-13,30.889999,31.16,30.719999,30.809999,24.135174,39749200
2012-04-16,30.99,31.190001,30.77,31.08,24.346682,38124800
2012-04-17,31.27,31.610001,31.200001,31.440001,24.628685,34361500
2012-04-18,31.280001,31.309999,31.040001,31.139999,24.393679,40552900
2012-04-19,31.129999,31.68,30.940001,31.01,24.291845,54781200
2012-04-20,32.150002,32.889999,32.049999,32.419998,25.396378,106045000
2012-04-23,32.310001,32.5,32.029999,32.119999,25.161367,61398200
2012-04-24,32.209999,32.52,31.83,31.92,25.004694,40871100
2012-04-25,31.92,32.32,31.870001,32.200001,25.224041,62495500
2012-04-26,32.119999,32.23,31.92,32.110001,25.153536,40308100
2012-04-27,32.119999,32.220001,31.879999,31.98,25.051704,41419100
2012-04-30,31.98,32.110001,31.92,32.02,25.083035,35697200
2012-05-01,32.049999,32.34,31.950001,32.009998,25.075197,43832300
2012-05-02,31.85,31.93,31.639999,31.799999,24.910696,37385300
2012-05-03,31.879999,31.9,31.610001,31.76,24.879362,31501300
2012-05-04,31.450001,31.57,30.92,30.98,24.268341,57927200
2012-05-07,30.700001,30.860001,30.57,30.65,24.009838,48641400
2012-05-08,30.48,30.780001,30.17,30.5,23.892336,46328300
2012-05-09,30.190001,30.83,30.1,30.76,24.096004,50309300
2012-05-10,30.860001,31.02,30.450001,30.74,24.080341,43839200
2012-05-11,30.690001,31.540001,30.690001,31.16,24.409346,43459300
2012-05-14,30.82,31.040001,30.639999,30.68,24.033337,40528900
2012-05-15,30.639999,30.799999,30.15,30.209999,23.82044,61822800
2012-05-16,30.309999,30.32,29.74,29.9,23.576012,60083700
2012-05-17,29.99,30.209999,29.709999,29.719999,23.434084,48484000
2012-05-18,29.790001,29.809999,29.17,29.27,23.07926,56205300
2012-05-21,29.1,29.790001,29.059999,29.75,23.457727,38787900
2012-05-22,29.690001,29.879999,29.5,29.76,23.465618,39504900
2012-05-23,29.35,29.4,28.639999,29.110001,22.9531,65171000
2012-05-24,29.16,29.299999,28.76,29.07,22.921556,52575000
2012-05-25,29.200001,29.360001,29.01,29.059999,22.913673,29507200
2012-05-29,29.379999,29.719999,29.219999,29.559999,23.307917,37758800
2012-05-30,29.35,29.48,29.120001,29.34,23.134451,41585500
2012-05-31,29.299999,29.42,28.940001,29.190001,23.016176,39134000
2012-06-01,28.76,28.959999,28.440001,28.450001,22.432692,56634300
2012-06-04,28.620001,28.780001,28.32,28.549999,22.511545,47926300
2012-06-05,28.51,28.75,28.389999,28.51,22.480011,45715400
2012-06-06,28.879999,29.370001,28.809999,29.35,23.142336,46860500
2012-06-07,29.639999,29.700001,29.17,29.23,23.047716,37792800
2012-06-08,29.209999,29.68,29.049999,29.65,23.378883,42551100
2012-06-11,29.73,29.809999,28.82,28.9,22.787514,46361900
2012-06-12,29.1,29.299999,28.84,29.290001,23.095028,35337900
2012-06-13,29.219999,29.440001,29.049999,29.129999,22.968872,32984600
2012-06-14,29.33,29.459999,28.879999,29.34,23.134451,39458900
2012-06-15,29.59,30.08,29.49,30.02,23.670628,62314400
2012-06-18,29.99,30.030001,29.709999,29.84,23.5287,58679900
2012-06-19,30.190001,31.110001,30.049999,30.700001,24.206808,75725800
2012-06-20,30.93,31.049999,30.639999,30.93,24.388159,36257100
2012-06-21,30.959999,31.139999,30.059999,30.139999,23.765247,48456600
2012-06-22,30.299999,30.73,30.030001,30.700001,24.206808,45098100
2012-06-25,30.299999,30.32,29.620001,29.870001,23.552353,42217200
2012-06-26,30,30.27,29.940001,30.02,23.670628,38421300
2012-06-27,30.190001,30.5,30.030001,30.17,23.7889,33781700
2012-06-28,29.98,30.049999,29.42,29.91,23.583895,45328400
2012-06-29,30.450001,30.690001,30.139999,30.59,24.12007,55227200
2012-07-02,30.620001,30.620001,30.209999,30.559999,24.096416,30589100
2012-07-03,30.23,30.76,30.17,30.76,24.254112,20938100
2012-07-05,30.59,30.780001,30.379999,30.700001,24.206808,28801900
2012-07-06,30.610001,30.700001,29.950001,30.190001,23.80467,38294800
2012-07-09,30.120001,30.23,29.780001,30,23.654858,30680800
2012-07-10,30.08,30.219999,29.51,29.74,23.44985,37534100
2012-07-11,29.709999,29.74,29.110001,29.299999,23.102921,39184900
2012-07-12,29.15,29.18,28.540001,28.629999,22.574615,63523600
2012-07-13,28.76,29.48,28.719999,29.389999,23.173876,39085000
2012-07-16,29.48,29.530001,29.040001,29.440001,23.213299,27900600
2012-07-17,29.639999,29.860001,29.200001,29.66,23.386768,33771300
2012-07-18,29.6,30.450001,29.459999,30.450001,24.009678,41090400
2012-07-19,30.51,30.799999,30.379999,30.67,24.183153,46663200
2012-07-20,31,31.049999,30.049999,30.120001,23.749481,64021700
2012-07-23,29.57,29.58,29.01,29.280001,23.087149,55151900
2012-07-24,29.24,29.360001,28.9,29.15,22.98464,47723300
2012-07-25,29.24,29.33,28.780001,28.83,22.732321,45579500
2012-07-26,29.23,29.5,29.09,29.16,22.992533,45301400
2012-07-27,29.48,29.85,29.18,29.76,23.465618,44242600
2012-07-30,29.75,29.82,29.459999,29.639999,23.371,28905000
2012-07-31,29.48,29.709999,29.33,29.469999,23.236958,37620900
2012-08-01,29.59,29.65,29.209999,29.41,23.189648,31721800
2012-08-02,29.209999,29.530001,28.969999,29.190001,23.016176,39520500
2012-08-03,29.530001,29.940001,29.48,29.75,23.457727,35859400
2012-08-06,30,30.110001,29.809999,29.950001,23.615433,27471800
2012-08-07,30.07,30.35,29.870001,30.26,23.859869,28002900
2012-08-08,30.209999,30.469999,30.110001,30.33,23.915066,26257600
2012-08-09,30.389999,30.65,30.299999,30.5,24.049107,24920800
2012-08-10,30.5,30.620001,30.25,30.42,23.986025,27810300
2012-08-13,30.35,30.459999,30.16,30.389999,23.962378,23049100
2012-08-14,30.299999,30.389999,30.01,30.129999,23.914749,34551400
2012-08-15,30.110001,30.280001,30.02,30.200001,23.970314,24351000
2012-08-16,30.360001,30.940001,30.26,30.780001,24.430674,35787200
2012-08-17,30.92,30.92,30.59,30.9,24.525909,32589900
2012-08-20,30.82,30.85,30.58,30.74,24.398924,23737700
2012-08-21,30.76,30.959999,30.610001,30.799999,24.446539,28822700
2012-08-22,30.59,30.76,30.469999,30.540001,24.24017,33437400
2012-08-23,30.389999,30.4,30.08,30.26,24.017933,28355600
2012-08-24,30.25,30.629999,30.18,30.559999,24.25605,22943300
2012-08-27,30.93,30.959999,30.59,30.690001,24.359232,34691100
2012-08-28,30.700001,30.799999,30.52,30.629999,24.311611,23947900
2012-08-29,30.65,30.75,30.440001,30.65,24.327486,23346800
2012-08-30,30.530001,30.610001,30.219999,30.32,24.065557,23982100
2012-08-31,30.6,30.959999,30.379999,30.82,24.462412,36590100
2012-09-04,30.450001,30.66,30.15,30.389999,24.12112,48556700
2012-09-05,30.219999,30.530001,30.209999,30.389999,24.12112,33650000
2012-09-06,30.5,31.360001,30.459999,31.35,24.883093,48371700
2012-09-07,31.040001,31.07,30.73,30.950001,24.565599,42649100
2012-09-10,30.83,30.9,30.51,30.719999,24.383034,40524000
2012-09-11,30.690001,30.91,30.610001,30.790001,24.438604,25191800
2012-09-12,30.940001,31.18,30.73,30.780001,24.430674,32775800
2012-09-13,30.889999,31.18,30.4,30.940001,24.557655,45047300
2012-09-14,31.01,31.25,30.809999,31.209999,24.771963,51422800
2012-09-17,31.190001,31.26,31.040001,31.209999,24.771963,36488500
2012-09-18,31.1,31.209999,31.030001,31.18,24.748156,34542700
2012-09-19,31.09,31.190001,31.040001,31.049999,24.64497,48871900
2012-09-20,30.950001,31.48,30.91,31.450001,24.96246,45543000
2012-09-21,31.43,31.610001,31.09,31.190001,24.756094,102348900
2012-09-24,31,31.07,30.639999,30.780001,24.430674,46825900
2012-09-25,30.950001,31,30.360001,30.389999,24.12112,54266400
2012-09-26,30.280001,30.6,30.040001,30.17,23.946497,54672000
2012-09-27,30.17,30.4,29.889999,30.16,23.938568,47129900
2012-09-28,30.18,30.26,29.74,29.76,23.621069,54229300
2012-10-01,29.809999,29.98,29.42,29.49,23.406771,54042700
2012-10-02,29.68,29.889999,29.5,29.66,23.541697,43338900
2012-10-03,29.75,29.99,29.67,29.860001,23.700449,46655900
2012-10-04,29.969999,30.030001,29.57,30.030001,23.835377,43634900
2012-10-05,30.23,30.25,29.74,29.85,23.692514,41133900
2012-10-08,29.639999,29.92,29.549999,29.780001,23.636953,29752000
2012-10-09,29.68,29.74,29.18,29.280001,23.240091,45121100
2012-10-10,29.15,29.309999,28.950001,28.98,23.001976,47227100
2012-10-11,29.219999,29.25,28.870001,28.950001,22.978161,41488500
2012-10-12,28.969999,29.32,28.799999,29.200001,23.176586,46464700
2012-10-15,29.370001,29.719999,29.25,29.51,23.422649,42440200
2012-10-16,29.450001,29.74,29.32,29.49,23.406771,47739400
2012-10-17,29.299999,29.639999,29.09,29.59,23.486139,44206100
2012-10-18,29.65,29.73,29.26,29.5,23.414711,59238500
2012-10-19,29.049999,29.08,28.5,28.639999,22.732111,90470800
2012-10-22,28.73,28.83,27.83,28,22.224127,83374000
2012-10-23,27.77,28.200001,27.76,28.049999,22.263811,64414800
2012-10-24,28.16,28.200001,27.870001,27.9,22.144753,53320400
2012-10-25,28.190001,28.200001,27.860001,27.879999,22.128883,54084300
2012-10-26,27.860001,28.34,27.84,28.209999,22.390802,57790000
2012-10-31,28.549999,28.879999,28.5,28.540001,22.652733,69464100
2012-11-01,28.84,29.559999,28.82,29.52,23.430578,72047900
2012-11-02,29.59,29.77,29.33,29.5,23.414711,57131600
2012-11-05,29.620001,29.74,29.33,29.629999,23.517889,38070800
2012-11-06,29.82,30.200001,29.610001,29.860001,23.700449,43401500
2012-11-07,29.530001,29.83,29.049999,29.08,23.081354,57871800
2012-11-08,29.120001,29.370001,28.799999,28.809999,22.867043,49841800
2012-11-09,28.879999,29.190001,28.809999,28.83,22.882915,43291200
2012-11-12,28.940001,29.01,28.209999,28.219999,22.398745,61112300
2012-11-13,27.02,27.299999,26.75,27.09,21.678528,131689200
2012-11-14,27.24,27.290001,26.799999,26.84,21.478464,76086100
2012-11-15,26.879999,26.969999,26.629999,26.66,21.334431,50955600
2012-11-16,26.67,26.700001,26.34,26.52,21.222385,64083300
2012-11-19,26.799999,26.799999,26.469999,26.73,21.390446,57179300
2012-11-20,26.76,26.799999,26.459999,26.709999,21.374437,47070400
2012-11-21,26.709999,27.17,26.67,26.950001,21.566496,66360300
2012-11-23,27.23,27.77,27.200001,27.700001,22.166677,57845700
2012-11-26,27.540001,27.58,27.17,27.389999,21.918608,85198700
2012-11-27,27.360001,27.379999,27.040001,27.08,21.670525,45018600
2012-11-28,27.01,27.389999,26.77,27.360001,21.894596,53018400
2012-11-29,27.110001,27.360001,26.860001,26.950001,21.566496,69551400
2012-11-30,27.049999,27.129999,26.49,26.620001,21.302418,83690200
2012-12-03,26.780001,26.82,26.4,26.43,21.15037,53173800
2012-12-04,26.5,26.629999,26.34,26.370001,21.10235,49777500
2012-12-05,26.379999,26.93,26.26,26.67,21.342424,68283800
2012-12-06,26.809999,26.98,26.610001,26.73,21.390446,39182300
2012-12-07,26.82,26.82,26.370001,26.459999,21.174376,46162100
2012-12-10,26.559999,26.969999,26.52,26.940001,21.558491,47031100
2012-12-11,27.049999,27.49,27.049999,27.32,21.862583,52282800
2012-12-12,27.530001,27.620001,27.08,27.24,21.798563,43966300
2012-12-13,27.32,27.52,26.950001,27.110001,21.694536,45080100
2012-12-14,27.110001,27.129999,26.700001,26.809999,21.454466,42077500
2012-12-17,26.790001,27.219999,26.68,27.1,21.686531,42046100
2012-12-18,27.25,27.629999,27.139999,27.559999,22.054638,50486900
2012-12-19,27.690001,27.73,27.25,27.309999,21.85458,53519900
2012-12-20,27.360001,27.68,27.15,27.68,22.150675,52607300
2012-12-21,27.450001,27.49,27,27.450001,21.966619,98776500
2012-12-24,27.200001,27.25,27,27.059999,21.65452,20842400
2012-12-26,27.030001,27.200001,26.700001,26.860001,21.494476,31631100
2012-12-27,26.889999,27.09,26.57,26.959999,21.574501,39394000
2012-12-28,26.709999,26.9,26.549999,26.549999,21.246397,28239900
2012-12-31,26.59,26.77,26.370001,26.709999,21.374437,42749500
2013-01-02,27.25,27.73,27.15,27.620001,22.102655,52899300
2013-01-03,27.629999,27.65,27.16,27.25,21.806562,48294400
2013-01-04,27.27,27.34,26.73,26.74,21.398447,52521100
2013-01-07,26.77,26.879999,26.639999,26.690001,21.358433,37110400
2013-01-08,26.75,26.790001,26.459999,26.549999,21.246397,44703100
2013-01-09,26.719999,26.75,26.559999,26.700001,21.366434,49047900
2013-01-10,26.65,26.98,26.290001,26.459999,21.174376,71431300
2013-01-11,26.49,26.93,26.280001,26.83,21.470461,55512100
2013-01-14,26.9,27.08,26.76,26.889999,21.518482,48324400
2013-01-15,26.83,27.290001,26.83,27.209999,21.774559,48244500
2013-01-16,27.15,27.23,27.01,27.040001,21.638525,41077400
2013-01-17,27.190001,27.469999,27.059999,27.25,21.806562,51685900
2013-01-18,27.1,27.290001,27.040001,27.25,21.806562,52167700
2013-01-22,27.299999,27.450001,27,27.15,21.726547,58650600
2013-01-23,27.200001,27.639999,27.200001,27.610001,22.094658,50387700
2013-01-24,27.700001,28.07,27.469999,27.629999,22.110653,101739300
2013-01-25,27.58,28.23,27.389999,27.879999,22.31072,81847700
2013-01-28,28.01,28.23,27.76,27.91,22.334723,56056500
2013-01-29,27.82,28.129999,27.6,28.01,22.414755,49242600
2013-01-30,28.01,28.190001,27.76,27.85,22.286713,43580500
2013-01-31,27.790001,27.969999,27.4,27.450001,21.966619,50530000
2013-02-01,27.67,28.049999,27.549999,27.93,22.350737,55565900
2013-02-04,27.870001,28.02,27.42,27.440001,21.958611,50540000
2013-02-05,27.620001,27.66,27.360001,27.5,22.006632,35410400
2013-02-06,27.379999,27.540001,27.25,27.34,21.878592,41889600
2013-02-07,27.35,27.389999,27.1,27.280001,21.83058,38028300
2013-02-08,27.35,27.709999,27.309999,27.549999,22.046642,33318500
2013-02-11,27.65,27.92,27.5,27.860001,22.294714,32247700
2013-02-12,27.879999,28,27.75,27.879999,22.31072,35990900
2013-02-13,27.93,28.110001,27.879999,28.030001,22.430752,41715600
2013-02-14,27.92,28.059999,27.870001,28.040001,22.438753,32663200
2013-02-15,28.040001,28.16,27.879999,28.01,22.414755,49650900
2013-02-19,27.879999,28.09,27.799999,28.049999,22.632608,38781400
2013-02-20,28.129999,28.200001,27.83,27.870001,22.487368,44110200
2013-02-21,27.74,27.74,27.23,27.49,22.180759,49078500
2013-02-22,27.68,27.76,27.48,27.76,22.398613,31425900
2013-02-25,27.969999,28.049999,27.370001,27.370001,22.083937,48011800
2013-02-26,27.379999,27.6,27.34,27.370001,22.083937,49923300
2013-02-27,27.42,28,27.33,27.809999,22.438963,36394700
2013-02-28,27.879999,27.969999,27.74,27.799999,22.430889,35840200
2013-03-01,27.719999,27.98,27.52,27.950001,22.551918,34849700
2013-03-04,27.85,28.15,27.700001,28.15,22.713291,38157500
2013-03-05,28.290001,28.540001,28.16,28.35,22.874664,41432200
2013-03-06,28.209999,28.23,27.780001,28.09,22.664881,51448500
2013-03-07,28.110001,28.280001,28.01,28.139999,22.705229,29196700
2013-03-08,28.25,28.33,27.959999,28,22.592258,37667800
2013-03-11,27.940001,27.969999,27.67,27.870001,22.487368,36627500
2013-03-12,27.84,27.950001,27.639999,27.91,22.519642,39255200
2013-03-13,27.870001,28.02,27.75,27.92,22.527723,29093400
2013-03-14,28,28.16,27.93,28.139999,22.705229,55914800
2013-03-15,28.030001,28.16,27.98,28.040001,22.624533,92710300
2013-03-18,27.879999,28.280001,27.809999,28.1,22.672949,44809400
2013-03-19,28.120001,28.219999,28.030001,28.18,22.737505,51901600
2013-03-20,28.34,28.49,28.18,28.32,22.850464,35447800
2013-03-21,28.110001,28.360001,28.049999,28.110001,22.681015,34233200
2013-03-22,28.190001,28.34,28.1,28.25,22.793982,28720900
2013-03-25,28.299999,28.35,27.959999,28.16,22.721363,44154000
2013-03-26,28.24,28.34,28.110001,28.16,22.721363,27824300
2013-03-27,28.139999,28.450001,28.08,28.370001,22.890799,36047400
2013-03-28,28.32,28.66,28.26,28.610001,23.084455,55453800
2013-04-01,28.639999,28.66,28.360001,28.610001,23.084455,29201100
2013-04-02,28.59,28.85,28.52,28.799999,23.237753,28456500
2013-04-03,28.75,28.950001,28.540001,28.559999,23.044102,35062800
2013-04-04,28.389999,28.610001,28.27,28.6,23.076382,45263200
2013-04-05,28.219999,28.780001,28.110001,28.700001,23.157061,50927300
2013-04-08,28.73,28.73,28.469999,28.59,23.06831,34759500
2013-04-09,28.73,29.82,28.68,29.610001,23.891314,77733800
2013-04-10,29.57,30.32,29.52,30.280001,24.431919,71116700
2013-04-11,29.1,29.200001,28.73,28.940001,23.350714,130923200
2013-04-12,28.85,29.02,28.66,28.790001,23.229689,62886300
2013-04-15,28.65,28.98,28.51,28.690001,23.149006,56332900
2013-04-16,28.9,29.139999,28.700001,28.969999,23.37492,52797300
2013-04-17,28.85,29.040001,28.6,28.83,23.261959,52840700
2013-04-18,28.950001,28.98,28.5,28.790001,23.229689,56906600
2013-04-19,29.620001,30.24,29.610001,29.77,24.020416,99790700
2013-04-22,30.299999,31.18,30.27,30.83,24.8757,137904000
2013-04-23,30.700001,30.9,30.379999,30.6,24.690115,59126900
2013-04-24,30.620001,31.92,30.6,31.76,25.626085,90946600
2013-04-25,31.709999,32.84,31.540001,31.940001,25.771309,110700200
2013-04-26,31.9,31.98,31.450001,31.790001,25.65029,47799300
2013-04-29,31.799999,32.68,31.77,32.610001,26.311922,59116400
2013-04-30,32.560001,33.110001,32.279999,33.099998,26.707275,75165200
2013-05-01,32.93,33.080002,32.599998,32.720001,26.400673,54330900
2013-05-02,32.630001,33.169998,32.389999,33.16,26.755695,46059500
2013-05-03,33.23,33.52,33.080002,33.490002,27.021959,46784600
2013-05-06,33.419998,33.91,33.25,33.75,27.231741,40978300
2013-05-07,33.650002,33.790001,33.240002,33.310001,26.876726,43078300
2013-05-08,33.07,33.240002,32.650002,32.990002,26.618532,51595700
2013-05-09,32.849998,33,32.59,32.66,26.352255,46417800
2013-05-10,32.669998,32.720001,32.32,32.689999,26.376461,36394900
2013-05-13,32.610001,33.07,32.549999,33.029999,26.650803,36027600
2013-05-14,32.860001,33.529999,32.799999,33.529999,27.243942,56870100
2013-05-15,33.450001,33.900002,33.43,33.849998,27.503941,46303900
2013-05-16,33.639999,34.150002,33.549999,34.080002,27.690832,59382900
2013-05-17,34.130001,34.869999,34.099998,34.869999,28.332708,60666700
2013-05-20,34.73,35.099998,34.68,35.080002,28.503355,54020800
2013-05-21,35.099998,35.27,34.720001,34.849998,28.316471,48702400
2013-05-22,34.790001,34.84,34.360001,34.610001,28.121471,66047500
2013-05-23,34.23,34.549999,33.900002,34.150002,27.747711,51102700
2013-05-24,33.919998,34.279999,33.900002,34.27,27.845211,33174400
2013-05-28,34.419998,35.18,34.41,35.02,28.454603,48212100
2013-05-29,34.740002,35.02,34.57,34.880001,28.340855,38412200
2013-05-30,34.849998,35.25,34.810001,35.029999,28.462723,51131000
2013-05-31,34.82,35.279999,34.790001,34.900002,28.357098,56165700
2013-06-03,34.919998,35.630001,34.830002,35.59,28.917736,51252600
2013-06-04,35.619999,35.740002,34.77,34.990002,28.430244,65529500
2013-06-05,34.599998,34.889999,34.43,34.779999,28.259604,46025100
2013-06-06,34.84,35.110001,34.490002,34.959999,28.405857,37618500
2013-06-07,35.25,35.779999,35.060001,35.669998,28.982738,40757300
2013-06-10,35.509998,35.650002,35.139999,35.470001,28.820238,35994500
2013-06-11,35.049999,35.18,34.68,34.84,28.30835,39435900
2013-06-12,35.139999,35.27,34.849998,35,28.438354,37372700
2013-06-13,34.990002,35.02,34.59,34.720001,28.210854,45654900
2013-06-14,34.549999,34.689999,34.25,34.400002,27.950844,53192600
2013-06-17,34.689999,35.16,34.630001,35,28.438354,49670100
2013-06-18,34.970001,35.169998,34.900002,34.98,28.422102,28616500
2013-06-19,34.959999,35.09,34.59,34.59,28.105223,30816200
2013-06-20,34.259998,34.330002,33.369999,33.490002,27.211441,54493700
2013-06-21,33.66,33.73,33.049999,33.27,27.032688,85338500
2013-06-24,32.939999,34.200001,32.57,33.720001,27.398331,56109000
2013-06-25,34.080002,34.380001,33.459999,33.669998,27.357691,44073400
2013-06-26,34.119999,34.48,33.889999,34.349998,27.910213,48665900
2013-06-27,34.52,34.779999,34.5,34.619999,28.129602,28993100
2013-06-28,34.380001,34.790001,34.34,34.540001,28.064598,65545500
2013-07-01,34.75,34.990002,34.330002,34.360001,27.918339,31055400
2013-07-02,34.41,34.439999,33.630001,33.939999,27.577082,37630000
2013-07-03,33.66,34.369999,33.599998,34.009998,27.633951,15994400
2013-07-05,34.09,34.240002,33.580002,34.209999,27.796459,26085900
2013-07-08,34.349998,34.59,33.98,34.330002,27.893965,32396900
2013-07-09,34.580002,34.599998,34.139999,34.349998,27.910213,25318500
2013-07-10,34.34,34.810001,34.32,34.700001,28.194597,29658800
2013-07-11,35,35.77,34.900002,35.689999,28.998997,53638300
2013-07-12,35.580002,35.73,35.279999,35.669998,28.982738,35501200
2013-07-15,35.66,36.220001,35.580002,36.169998,29.389006,34142600
2013-07-16,36.009998,36.43,35.959999,36.27,29.470266,36378500
2013-07-17,36.34,36.389999,35.490002,35.740002,29.039625,37285100
2013-07-18,35.720001,35.889999,35.220001,35.439999,28.795866,49547100
2013-07-19,32.400002,32.669998,31.02,31.4,25.513269,248428500
2013-07-22,31.700001,32.009998,31.6,32.009998,26.008904,79040700
2013-07-23,31.91,32.040001,31.709999,31.82,25.854527,65810400
2013-07-24,32.040001,32.189999,31.889999,31.959999,25.968277,52803100
2013-07-25,31.620001,31.65,31.25,31.389999,25.50514,63213000
2013-07-26,31.26,31.620001,31.209999,31.620001,25.692022,38633600
2013-07-29,31.469999,31.6,31.4,31.540001,25.62702,28870700
2013-07-30,31.780001,32.119999,31.549999,31.85,25.878902,45799500
2013-07-31,31.969999,32.049999,31.709999,31.84,25.870781,43898400
2013-08-01,32.060001,32.09,31.6,31.67,25.732647,42557900
2013-08-02,31.690001,31.9,31.57,31.889999,25.911409,29199900
2013-08-05,31.9,32,31.639999,31.700001,25.757021,30984000
2013-08-06,31.549999,31.67,31.379999,31.58,25.659523,36331500
2013-08-07,31.540001,32.099998,31.25,32.060001,26.049536,38078600
2013-08-08,32.240002,33.07,32.049999,32.889999,26.723925,59034400
2013-08-09,32.77,32.900002,32.470001,32.700001,26.569546,26800700
2013-08-12,32.459999,32.970001,32.459999,32.869999,26.707678,25493700
2013-08-13,32.509998,32.549999,32.209999,32.23,26.372196,39464100
2013-08-14,32.139999,33.360001,31.700001,32.349998,26.470383,48519600
2013-08-15,32,32.18,30.84,31.790001,26.012167,33338000
2013-08-16,31.790001,31.99,31.66,31.799999,26.020351,32866300
2013-08-19,31.76,31.969999,31.379999,31.389999,25.684866,27902500
2013-08-20,31.440001,31.9,31.370001,31.620001,25.873066,22979600
2013-08-21,31.610001,32.009998,31.540001,31.610001,25.864878,37409100
2013-08-22,32.189999,32.490002,32.099998,32.389999,26.503115,31169900
2013-08-23,35.169998,35.200001,34,34.75,28.434187,225493800
2013-08-26,34.400002,34.669998,34.029999,34.150002,27.943243,72786800
2013-08-27,33.52,34.099998,33.150002,33.259998,27.214991,58522300
2013-08-28,33.389999,33.599998,33,33.02,27.018614,44257400
2013-08-29,32.93,33.599998,32.799999,33.549999,27.452297,45284700
2013-08-30,33.369999,33.48,33.09,33.400002,27.329548,42790200
2013-09-03,31.75,32.07,31.290001,31.879999,26.085815,154507000
2013-09-04,31.389999,31.469999,31.110001,31.200001,25.5294,142320600
2013-09-05,31.1,31.440001,30.950001,31.23,25.553947,71644900
2013-09-06,31.309999,31.389999,31.129999,31.15,25.488483,75434900
2013-09-09,31.219999,31.790001,31.200001,31.66,25.905792,49628500
2013-09-10,31.9,32.400002,31.790001,32.389999,26.503115,56881200
2013-09-11,32.57,32.93,32.529999,32.740002,26.789503,39087500
2013-09-12,32.720001,32.779999,32.59,32.689999,26.748592,32860200
2013-09-13,32.77,33.07,32.509998,33.029999,27.026798,40899000
2013-09-16,33.380001,33.5,32.73,32.799999,26.838589,52839700
2013-09-17,33.419998,33.470001,32.900002,32.93,26.944973,84716500
2013-09-18,32.990002,33.400002,32.830002,33.32,27.26409,64099900
2013-09-19,33.48,33.68,33.32,33.639999,27.525927,42026600
2013-09-20,33.41,33.48,32.689999,32.790001,26.830425,102904900
2013-09-23,32.540001,32.970001,32.5,32.740002,26.789503,39826100
2013-09-24,32.869999,32.869999,32.150002,32.450001,26.552212,40685000
2013-09-25,32.490002,32.799999,32.400002,32.509998,26.601301,28907500
2013-09-26,32.639999,33,32.59,32.77,26.814051,28504000
2013-09-27,32.880001,33.75,32.869999,33.27,27.223177,55348000
2013-09-30,33,33.310001,32.700001,33.279999,27.231358,39839500
2013-10-01,33.349998,33.610001,33.299999,33.580002,27.476835,36718700
2013-10-02,33.360001,34.029999,33.290001,33.919998,27.755037,46946800
2013-10-03,33.880001,34,33.419998,33.860001,27.705942,38703800
2013-10-04,33.689999,33.990002,33.619999,33.880001,27.722313,33008100
2013-10-07,33.599998,33.709999,33.200001,33.299999,27.247713,35069300
2013-10-08,33.310001,33.330002,32.799999,33.009998,27.010429,41017600
2013-10-09,33.07,33.349998,32.959999,33.07,27.059519,35878600
2013-10-10,33.310001,33.889999,33.259998,33.759998,27.624113,42875100
2013-10-11,33.68,34.139999,33.68,34.130001,27.926872,30033300
2013-10-14,33.900002,34.5,33.779999,34.450001,28.188707,27757900
2013-10-15,34.669998,34.990002,34.470001,34.490002,28.22143,47097800
2013-10-16,34.599998,34.900002,34.560001,34.639999,28.344183,35111600
2013-10-17,34.450001,34.990002,34.369999,34.919998,28.573294,31359200
2013-10-18,34.82,34.990002,34.330002,34.959999,28.606022,41811700
2013-10-21,34.98,35.200001,34.91,34.990002,28.630581,27433500
2013-10-22,35.02,35.099998,34.52,34.580002,28.29508,40438500
2013-10-23,34.349998,34.490002,33.669998,33.759998,27.624113,58600500
2013-10-24,33.82,34.099998,33.57,33.720001,27.591394,53209700
2013-10-25,35.880001,36.290001,35.470001,35.73,29.236063,113494000
2013-10-28,35.610001,35.73,35.27,35.57,29.105145,38383600
2013-10-29,35.630001,35.720001,35.259998,35.52,29.064247,31702200
2013-10-30,35.529999,35.790001,35.43,35.540001,29.080606,36997700
2013-10-31,35.66,35.689999,35.34,35.41,28.974234,41682300
2013-11-01,35.669998,35.689999,35.389999,35.529999,29.072416,40264600
2013-11-04,35.59,35.98,35.549999,35.939999,29.407898,28060700
2013-11-05,35.790001,36.709999,35.77,36.639999,29.980684,51681900
2013-11-06,37.240002,38.220001,37.060001,38.18,31.240784,88948800
2013-11-07,37.959999,38.009998,37.43,37.5,30.684362,60437400
2013-11-08,37.669998,37.779999,37.34,37.779999,30.913475,36737800
2013-11-11,37.689999,37.779999,37.349998,37.59,30.758013,26872500
2013-11-12,37.380001,37.599998,37.200001,37.360001,30.569807,31651600
2013-11-13,36.98,38.16,36.900002,38.16,31.224415,44957600
2013-11-14,37.869999,38.130001,37.720001,38.02,31.109858,46183700
2013-11-15,37.950001,38.02,37.720001,37.84,30.962582,50601300
2013-11-18,37.349998,37.580002,37.07,37.200001,30.438896,53277500
2013-11-19,36.849998,37.23,36.669998,36.740002,30.290493,44275000
2013-11-20,36.919998,37.41,36.860001,37.080002,30.570822,32229900
2013-11-21,37.27,37.529999,37.259998,37.400002,30.834629,23064700
2013-11-22,37.529999,37.68,37.330002,37.57,30.974781,27982000
2013-11-25,37.93,37.950001,37.57,37.639999,31.032511,30646800
2013-11-26,37.57,37.650002,37.349998,37.349998,30.793411,34465300
2013-11-27,37.57,37.759998,37.490002,37.599998,30.999531,26002100
2013-11-29,37.82,38.290001,37.82,38.130001,31.436483,22090400
2013-12-02,38.09,38.779999,38.060001,38.450001,31.700317,42950400
2013-12-03,38.139999,38.490002,38.080002,38.310001,31.584887,52109800
2013-12-04,38.209999,38.98,38.119999,38.939999,32.104305,51983600
2013-12-05,38.849998,38.880001,37.18,38,31.329304,116305000
2013-12-06,38.419998,38.549999,37.990002,38.360001,31.626104,36457300
2013-12-09,38.560001,38.869999,38.369999,38.709999,31.914663,30286000
2013-12-10,38.610001,38.900002,38.02,38.110001,31.420004,37828600
2013-12-11,38.060001,38.299999,37.389999,37.610001,31.007778,39853400
2013-12-12,37.639999,37.639999,37.18,37.220001,30.686228,36012800
2013-12-13,37.419998,37.450001,36.619999,36.689999,30.249275,40066100
2013-12-16,36.73,37,36.540001,36.889999,30.414158,31734200
2013-12-17,36.939999,37.110001,36.330002,36.52,30.10911,45687700
2013-12-18,36.360001,36.599998,35.529999,36.580002,30.158587,63192100
2013-12-19,36.509998,36.549999,36.080002,36.25,29.886509,34160100
2013-12-20,36.200001,36.93,36.189999,36.799999,30.339966,62649100
2013-12-23,36.810001,36.889999,36.549999,36.619999,30.191566,25128700
2013-12-24,36.720001,37.169998,36.639999,37.080002,30.570822,14243000
2013-12-26,37.200001,37.490002,37.169998,37.439999,30.867611,17612800
2013-12-27,37.580002,37.619999,37.169998,37.290001,30.743946,14563000
2013-12-30,37.220001,37.380001,36.900002,37.290001,30.743946,16290500
2013-12-31,37.400002,37.580002,37.220001,37.41,30.842873,17503500
2014-01-02,37.349998,37.400002,37.099998,37.16,30.636778,30632200
2014-01-03,37.200001,37.220001,36.599998,36.91,30.430656,31134800
2014-01-06,36.849998,36.889999,36.110001,36.130001,29.787577,43603700
2014-01-07,36.330002,36.490002,36.209999,36.41,30.018431,35802800
2014-01-08,36,36.139999,35.580002,35.759998,29.482515,59971700
2014-01-09,35.880001,35.91,35.400002,35.529999,29.2929,36516300
2014-01-10,35.900002,36.150002,35.75,36.040001,29.713371,40548800
2014-01-13,35.990002,36.02,34.830002,34.98,28.839458,45901900
2014-01-14,34.73,35.880001,34.630001,35.779999,29.499022,41623300
2014-01-15,35.900002,36.790001,35.849998,36.759998,30.306976,44812600
2014-01-16,36.689999,37,36.310001,36.889999,30.414158,38018700
2014-01-17,36.830002,36.830002,36.150002,36.380001,29.99369,46267500
2014-01-21,36.82,36.82,36.060001,36.169998,29.820559,31567300
2014-01-22,36.259998,36.32,35.75,35.93,29.62269,21904300
2014-01-23,36.09,36.130001,35.52,36.060001,29.72987,43954000
2014-01-24,37.450001,37.549999,36.529999,36.810001,30.348196,76395500
2014-01-27,36.869999,36.889999,35.98,36.029999,29.705145,44420800
2014-01-28,36.119999,36.389999,35.75,36.27,29.903004,36205500
2014-01-29,35.98,36.880001,35.900002,36.66,30.224541,52745900
2014-01-30,36.790001,36.880001,36.23,36.860001,30.389429,35036300
2014-01-31,36.950001,37.889999,36.560001,37.84,31.197418,93162300
2014-02-03,37.740002,37.990002,36.43,36.48,30.076141,64063100
2014-02-04,36.970001,37.189999,36.25,36.349998,29.968962,54697900
2014-02-05,36.290001,36.470001,35.799999,35.82,29.53199,55814400
2014-02-06,35.799999,36.25,35.689999,36.18,29.828798,35351800
2014-02-07,36.32,36.59,36.009998,36.560001,30.142097,33260500
2014-02-10,36.630001,36.799999,36.290001,36.799999,30.339966,26767000
2014-02-11,36.880001,37.259998,36.860001,37.169998,30.645018,32141400
2014-02-12,37.349998,37.599998,37.299999,37.470001,30.892353,27051800
2014-02-13,37.330002,37.860001,37.330002,37.610001,31.007778,37635500
2014-02-14,37.389999,37.779999,37.330002,37.619999,31.01601,31407500
2014-02-18,37.630001,37.779999,37.41,37.419998,31.082466,32834000
2014-02-19,37.220001,37.75,37.209999,37.509998,31.157211,29750400
2014-02-20,37.57,37.869999,37.400002,37.75,31.356571,27526100
2014-02-21,37.939999,38.349998,37.860001,37.98,31.547613,38021300
2014-02-24,37.689999,37.98,37.540001,37.689999,31.306744,32085100
2014-02-25,37.610001,37.849998,37.349998,37.540001,31.182148,30736500
2014-02-26,37.580002,37.740002,37.189999,37.470001,31.124001,41041800
2014-02-27,37.450001,37.889999,37.23,37.860001,31.447948,33903400
2014-02-28,37.98,38.459999,37.82,38.310001,31.821739,41215000
2014-03-03,37.919998,38.130001,37.490002,37.779999,31.381483,29717500
2014-03-04,38.200001,38.48,38.07,38.41,31.9048,26802400
2014-03-05,38.25,38.27,37.93,38.110001,31.655615,20520100
2014-03-06,38.139999,38.240002,37.889999,38.150002,31.688826,23582200
2014-03-07,38.279999,38.360001,37.689999,37.900002,31.481176,26591600
2014-03-10,37.990002,38.009998,37.720001,37.82,31.414713,19006600
2014-03-11,37.869999,38.23,37.720001,38.02,31.580843,25216400
2014-03-12,37.799999,38.43,37.790001,38.27,31.788504,30494100
2014-03-13,38.419998,38.450001,37.639999,37.889999,31.472872,32169700
2014-03-14,37.650002,38.139999,37.509998,37.700001,31.31505,27195600
2014-03-17,37.900002,38.41,37.790001,38.049999,31.605776,20479600
2014-03-18,38.259998,39.900002,38.220001,39.549999,32.851734,64063900
2014-03-19,39.470001,39.549999,38.91,39.27,32.619144,35597200
2014-03-20,39.25,40.650002,39.240002,40.330002,33.49963,59269800
2014-03-21,40.720001,40.939999,40.009998,40.16,33.358421,80721800
2014-03-24,40.34,40.639999,39.860001,40.5,33.640835,46098400
2014-03-25,40.66,40.990002,39.959999,40.34,33.507931,43193100
2014-03-26,40.48,40.709999,39.599998,39.790001,33.051086,41977500
2014-03-27,39.740002,39.970001,39.34,39.360001,32.693905,35369200
2014-03-28,39.790001,40.639999,39.68,40.299999,33.474705,43472700
2014-03-31,40.43,41.5,40.400002,40.990002,34.047848,46886300
2014-04-01,41.150002,41.59,41.07,41.419998,34.405022,32605000
2014-04-02,41.439999,41.66,41.169998,41.349998,34.346867,28666700
2014-04-03,41.290001,41.290001,40.709999,41.009998,34.064449,30139600
2014-04-04,41.25,41.389999,39.639999,39.869999,33.117531,51409600
2014-04-07,39.959999,40.27,39.740002,39.799999,33.059387,37559600
2014-04-08,39.75,39.93,39.200001,39.82,33.075996,35918600
2014-04-09,39.93,40.549999,39.880001,40.470001,33.61591,27398700
2014-04-10,40.439999,40.689999,39.09,39.360001,32.693905,45960800
2014-04-11,39,39.790001,39,39.209999,32.569305,34330200
2014-04-14,39.110001,39.41,38.900002,39.18,32.544403,32006600
2014-04-15,39.34,39.959999,39.049999,39.75,33.017849,33968700
2014-04-16,40.060001,40.419998,39.91,40.400002,33.557774,30615800
2014-04-17,40.009998,40.200001,39.509998,40.009998,33.233814,36688400
2014-04-21,40.130001,40.150002,39.790001,39.939999,33.175671,22221200
2014-04-22,39.959999,40.139999,39.830002,39.990002,33.217205,27056700
2014-04-23,39.990002,39.990002,39.470001,39.689999,32.968018,24602800
2014-04-24,39.740002,39.970001,39.299999,39.860001,33.109211,42381600
2014-04-25,40.290001,40.68,39.75,39.91,33.150761,56876800
2014-04-28,40.139999,41.290001,40.09,40.869999,33.94817,50610200
2014-04-29,41.099998,41.189999,40.389999,40.509998,33.649132,29636200
2014-04-30,40.400002,40.5,40.169998,40.400002,33.557774,35458700
2014-05-01,40.240002,40.360001,39.950001,40,33.225525,28787400
2014-05-02,40.310001,40.34,39.66,39.689999,32.968018,43416600
2014-05-05,39.52,39.639999,39.299999,39.43,32.752048,22460900
2014-05-06,39.290001,39.349998,38.950001,39.060001,32.444721,27112400
2014-05-07,39.220001,39.509998,38.509998,39.419998,32.74374,41744500
2014-05-08,39.34,39.900002,38.970001,39.639999,32.926483,32120400
2014-05-09,39.540001,39.849998,39.369999,39.540001,32.843422,29647600
2014-05-12,39.740002,40.02,39.650002,39.970001,33.2006,22782600
2014-05-13,39.919998,40.5,39.849998,40.419998,33.811234,27004800
2014-05-14,40.299999,40.450001,40.049999,40.240002,33.660664,18818700
2014-05-15,40.09,40.400002,39.509998,39.599998,33.125317,37793200
2014-05-16,39.669998,39.84,39.27,39.830002,33.317703,29867100
2014-05-19,39.610001,39.82,39.459999,39.75,33.250782,24537400
2014-05-20,39.68,39.939999,39.459999,39.68,33.192223,21320900
2014-05-21,39.799999,40.349998,39.740002,40.349998,33.752686,22398700
2014-05-22,40.290001,40.349998,39.849998,40.099998,33.543549,20201800
2014-05-23,40.369999,40.369999,40,40.119999,33.560287,18020000
2014-05-27,40.259998,40.259998,39.810001,40.189999,33.618835,26160600
2014-05-28,40.139999,40.189999,39.82,40.009998,33.468266,25711500
2014-05-29,40.150002,40.349998,39.91,40.34,33.744328,19888200
2014-05-30,40.450001,40.970001,40.25,40.939999,34.246216,34567600
2014-06-02,40.950001,41.09,40.68,40.790001,34.120743,18504300
2014-06-03,40.599998,40.68,40.25,40.290001,33.702488,18068900
2014-06-04,40.209999,40.369999,39.860001,40.32,33.727596,23209000
2014-06-05,40.59,41.25,40.400002,41.209999,34.472065,31865200
2014-06-06,41.48,41.66,41.240002,41.48,34.697922,24060500
2014-06-09,41.389999,41.48,41.02,41.27,34.522255,15019200
2014-06-10,41.029999,41.16,40.860001,41.110001,34.38842,15117700
2014-06-11,40.93,41.07,40.77,40.860001,34.179298,18040000
2014-06-12,40.810001,40.880001,40.290001,40.580002,33.945076,29818900
2014-06-13,41.099998,41.57,40.860001,41.23,34.488789,26310000
2014-06-16,41.040001,41.610001,41.040001,41.5,34.714668,24205300
2014-06-17,41.290001,41.91,40.34,41.68,34.865223,22518600
2014-06-18,41.610001,41.740002,41.18,41.650002,34.840126,27097000
2014-06-19,41.57,41.77,41.330002,41.509998,34.723022,19828200
2014-06-20,41.450001,41.830002,41.380001,41.68,34.865223,47764900
2014-06-23,41.73,42,41.689999,41.990002,35.124538,18743900
2014-06-24,41.830002,41.939999,41.560001,41.75,34.923786,26509100
2014-06-25,41.700001,42.049999,41.459999,42.029999,35.157993,20049100
2014-06-26,41.93,41.939999,41.43,41.720001,34.898693,23604400
2014-06-27,41.610001,42.290001,41.509998,42.25,35.342026,74640000
2014-06-30,42.169998,42.209999,41.700001,41.700001,34.881943,30793100
2014-07-01,41.860001,42.150002,41.689999,41.869999,35.02417,26917000
2014-07-02,41.73,41.900002,41.529999,41.900002,35.049271,20208100
2014-07-03,41.91,41.990002,41.560001,41.799999,34.965595,15969300
2014-07-07,41.75,42.119999,41.709999,41.990002,35.124538,21952400
2014-07-08,41.869999,42,41.610001,41.779999,34.948883,31218200
2014-07-09,41.98,41.990002,41.529999,41.669998,34.856857,18445900
2014-07-10,41.369999,42,41.049999,41.689999,34.873589,21854700
2014-07-11,41.700001,42.09,41.48,42.09,35.208183,24083000
2014-07-14,42.220001,42.450001,42.040001,42.139999,35.250015,21881100
2014-07-15,42.330002,42.470001,42.029999,42.450001,35.509323,28748700
2014-07-16,42.509998,44.310001,42.48,44.080002,36.872829,63318000
2014-07-17,45.450001,45.709999,44.25,44.529999,37.249241,82180300
2014-07-18,44.650002,44.84,44.25,44.689999,37.383076,43407500
2014-07-21,44.560001,45.16,44.220001,44.84,37.508545,37604400
2014-07-22,45,45.150002,44.59,44.830002,37.500195,43095800
2014-07-23,45.450001,45.450001,44.619999,44.869999,37.533653,52362900
2014-07-24,44.93,45,44.32,44.400002,37.140507,30725300
2014-07-25,44.299999,44.66,44.299999,44.5,37.224148,26737700
2014-07-28,44.360001,44.509998,43.93,43.970001,36.780811,29684200
2014-07-29,43.91,44.09,43.639999,43.889999,36.713879,27763100
2014-07-30,44.07,44.099998,43.290001,43.580002,36.454571,31921400
2014-07-31,43.380001,43.689999,43.080002,43.16,36.103241,31537500
2014-08-01,43.209999,43.25,42.599998,42.860001,35.852291,31170300
2014-08-04,42.970001,43.470001,42.810001,43.369999,36.278908,34277400
2014-08-05,43.310001,43.459999,42.830002,43.080002,36.036324,26266400
2014-08-06,42.740002,43.169998,42.209999,42.740002,35.751915,24634000
2014-08-07,42.84,43.450001,42.650002,43.23,36.161804,30314900
2014-08-08,43.23,43.32,42.91,43.200001,36.136703,28942700
2014-08-11,43.259998,43.450001,43.02,43.200001,36.136703,20351600
2014-08-12,43.040001,43.59,43,43.52,36.404381,21431100
2014-08-13,43.68,44.18,43.52,44.080002,36.872829,22889500
2014-08-14,44.080002,44.419998,44.009998,44.27,37.03175,19313200
2014-08-15,44.580002,44.900002,44.400002,44.790001,37.466736,41611300
2014-08-18,44.939999,45.110001,44.68,45.110001,37.734406,26891100
2014-08-19,44.970001,45.34,44.830002,45.330002,38.155281,28139500
2014-08-20,45.34,45.400002,44.900002,44.950001,37.835415,24770500
2014-08-21,44.84,45.25,44.830002,45.220001,38.062683,22285500
2014-08-22,45.349998,45.470001,45.07,45.150002,38.003765,18294500
2014-08-25,45.400002,45.439999,45.040001,45.169998,38.02058,16910000
2014-08-26,45.310001,45.400002,44.939999,45.009998,37.885929,14873100
2014-08-27,44.900002,45,44.759998,44.869999,37.768089,21287900
2014-08-28,44.75,44.98,44.610001,44.880001,37.776505,17657600
2014-08-29,45.09,45.439999,44.860001,45.43,38.239449,21607600
2014-09-02,45.43,45.459999,44.849998,45.09,37.953266,22976800
2014-09-03,44.529999,45.110001,44.529999,44.959999,37.843822,33684500
2014-09-04,44.740002,45.27,44.720001,45.259998,38.096348,26475500
2014-09-05,45.110001,45.93,45.110001,45.91,38.643475,36939400
2014-09-08,46.02,46.799999,45.990002,46.470001,39.114826,45736700
2014-09-09,46.470001,46.970001,46.419998,46.759998,39.358932,40302400
2014-09-10,46.82,46.939999,46.279999,46.84,39.42627,27302400
2014-09-11,46.740002,47,46.470001,47,39.560955,29216400
2014-09-12,46.91,47.02,46.599998,46.700001,39.308422,38244700
2014-09-15,46.540001,46.709999,46.099998,46.240002,38.921242,37667600
2014-09-16,46.389999,46.849998,46.290001,46.759998,39.358932,27910600
2014-09-17,46.259998,46.689999,46.23,46.52,39.156937,38311900
2014-09-18,46.59,46.830002,46.459999,46.68,39.291588,35556600
2014-09-19,46.810001,47.57,46.599998,47.52,39.998634,202522400
2014-09-22,47.299999,47.380001,46.98,47.060001,39.611462,38686100
2014-09-23,46.849998,46.98,46.470001,46.560001,39.19059,33430300
2014-09-24,46.630001,47.110001,46.34,47.080002,39.628284,26582700
2014-09-25,46.880001,47.09,46.029999,46.040001,38.752899,33077400
2014-09-26,45.93,46.619999,45.759998,46.41,39.064323,27078800
2014-09-29,45.98,46.560001,45.759998,46.439999,39.089584,26091000
2014-09-30,46.369999,46.48,46.009998,46.360001,39.022236,33033100
2014-10-01,46.27,46.529999,45.849998,45.900002,38.635071,38088400
2014-10-02,45.830002,46.099998,45.639999,45.759998,38.517216,25119400
2014-10-03,45.98,46.299999,45.610001,46.09,38.794987,32453200
2014-10-06,46.119999,46.299999,45.919998,46.09,38.794987,20604000
2014-10-07,45.860001,45.93,45.419998,45.529999,38.323627,25723700
2014-10-08,45.48,46.889999,45.34,46.779999,39.375771,33031000
2014-10-09,46.5,46.799999,45.740002,45.849998,38.59296,34422800
2014-10-10,45.599998,46.119999,43.950001,44.029999,37.061039,51978100
2014-10-13,43.82,44.560001,43.490002,43.650002,36.741184,37100200
2014-10-14,43.869999,44.380001,43.560001,43.73,36.808525,38115700
2014-10-15,43,43.389999,42.099998,43.220001,36.379234,60218700
2014-10-16,42.529999,43.080002,42.220001,42.740002,35.975224,49040400
2014-10-17,43.200001,43.939999,42.790001,43.630001,36.724361,40683300
2014-10-20,43.060001,44.139999,42.810001,44.080002,37.103123,34527900
2014-10-21,44.360001,44.98,44.189999,44.880001,37.776505,36433800
2014-10-22,45,45.07,44.23,44.380001,37.355633,33570900
2014-10-23,44.619999,45.450001,44.529999,45.02,37.894344,45451900
2014-10-24,46.830002,46.900002,45.18,46.130001,38.82864,61076700
2014-10-27,45.709999,46.099998,45.709999,45.91,38.643475,30371300
2014-10-28,45.860001,46.5,45.77,46.490002,39.131668,29049800
2014-10-29,46.439999,46.700001,46.34,46.619999,39.241093,30276100
2014-10-30,46.32,46.32,45.77,46.049999,38.761322,30073900
2014-10-31,46.939999,46.970001,46.48,46.950001,39.518867,35849700
2014-11-03,46.889999,47.459999,46.73,47.439999,39.931309,23130400
2014-11-04,47.299999,47.73,47.25,47.57,40.040733,21530800
2014-11-05,47.799999,47.900002,47.259998,47.860001,40.284828,22449600
2014-11-06,47.860001,48.860001,47.790001,48.700001,40.991879,33037800
2014-11-07,48.919998,48.919998,48.290001,48.68,40.975048,28000600
2014-11-10,48.650002,49.150002,48.549999,48.889999,41.151806,36370100
2014-11-11,48.849998,48.950001,48.650002,48.869999,41.134964,23445200
2014-11-12,48.560001,48.919998,48.52,48.779999,41.059219,22722100
2014-11-13,48.810001,49.650002,48.709999,49.610001,41.757858,26210400
2014-11-14,49.740002,50.049999,49.389999,49.580002,41.732574,29081700
2014-11-17,49.41,49.709999,49.139999,49.459999,41.63158,30318600
2014-11-18,49.130001,49.330002,48.700001,48.740002,41.284298,23995500
2014-11-19,48.66,48.75,47.93,48.220001,40.843842,26177500
2014-11-20,48,48.700001,47.869999,48.700001,41.250416,21510600
2014-11-21,49.02,49.049999,47.57,47.98,40.640553,42884800
2014-11-24,47.990002,48,47.389999,47.59,40.310204,35434200
2014-11-25,47.66,47.970001,47.450001,47.470001,40.208572,28008000
2014-11-26,47.490002,47.990002,47.279999,47.75,40.445732,27163600
2014-11-28,47.950001,48.200001,47.610001,47.810001,40.496563,21534400
2014-12-01,47.880001,48.779999,47.709999,48.619999,41.182671,31191600
2014-12-02,48.84,49.049999,48.200001,48.459999,41.047134,25773500
2014-12-03,48.439999,48.5,47.810001,48.080002,40.725269,23534800
2014-12-04,48.389999,49.060001,48.200001,48.84,41.369015,30320400
2014-12-05,48.82,48.970001,48.380001,48.419998,41.013248,27313400
2014-12-08,48.259998,48.349998,47.450001,47.700001,40.4034,26663100
2014-12-09,47.110001,47.919998,47.049999,47.59,40.310204,24330500
2014-12-10,47.580002,47.66,46.700001,46.900002,39.725773,30431800
2014-12-11,47.080002,47.740002,46.68,47.169998,39.954464,29060400
2014-12-12,46.779999,47.73,46.669998,46.950001,39.76812,34248400
2014-12-15,47.200001,47.669998,46.549999,46.669998,39.530949,29247800
2014-12-16,45.900002,46.34,45.130001,45.16,38.251919,47801400
2014-12-17,45.049999,45.950001,44.900002,45.740002,38.743214,34970900
2014-12-18,46.580002,47.52,46.34,47.52,40.250927,40105600
2014-12-19,47.630001,48.099998,47.169998,47.66,40.369514,64551200
2014-12-22,47.779999,48.119999,47.709999,47.98,40.640553,26566000
2014-12-23,48.369999,48.799999,48.130001,48.450001,41.038673,23648100
2014-12-24,48.639999,48.639999,48.080002,48.139999,40.776096,11437800
2014-12-26,48.41,48.41,47.82,47.880001,40.555859,13197800
2014-12-29,47.700001,47.779999,47.259998,47.450001,40.191643,14439500
2014-12-30,47.439999,47.619999,46.84,47.02,39.827415,16384700
2014-12-31,46.73,47.439999,46.450001,46.450001,39.344608,21552500
2015-01-02,46.66,47.419998,46.540001,46.759998,39.607178,27913900
2015-01-05,46.369999,46.73,46.25,46.330002,39.24295,39673900
2015-01-06,46.380001,46.75,45.540001,45.650002,38.666977,36447900
2015-01-07,45.98,46.459999,45.490002,46.23,39.158253,29114100
2015-01-08,46.75,47.75,46.720001,47.59,40.310204,29645200
2015-01-09,47.610001,47.82,46.900002,47.189999,39.971401,23944200
2015-01-12,47.419998,47.540001,46.360001,46.599998,39.471657,23651900
2015-01-13,46.970001,47.91,46.060001,46.360001,39.268353,35270600
2015-01-14,45.959999,46.240002,45.619999,45.959999,38.929562,29719600
2015-01-15,46.220001,46.380001,45.41,45.48,38.522984,32750800
2015-01-16,45.310001,46.279999,45.169998,46.240002,39.166721,35695300
2015-01-20,46.299999,46.650002,45.57,46.389999,39.293781,36161900
2015-01-21,45.939999,46.139999,45.48,45.919998,38.895664,39081100
2015-01-22,46.380001,47.139999,46.080002,47.130001,39.920597,35898000
2015-01-23,47.360001,47.389999,46.799999,47.18,39.962944,26211600
2015-01-26,47,47.130001,46.240002,47.009998,39.818943,42525500
2015-01-27,42.950001,43.200001,42.110001,42.66,36.134346,169164000
2015-01-28,42.740002,42.790001,41.16,41.189999,34.889206,84507100
2015-01-29,40.93,42.119999,40.790001,42.009998,35.583786,63585300
2015-01-30,41.549999,41.580002,40.349998,40.400002,34.220066,78004900
2015-02-02,40.59,41.369999,40.23,41.279999,34.965439,50352500
2015-02-03,41.630001,41.93,41.049999,41.599998,35.2365,52082400
2015-02-04,41.939999,42.209999,41.360001,41.84,35.439796,41614800
2015-02-05,42.220001,42.639999,41.860001,42.450001,35.956463,36548200
2015-02-06,42.68,42.790001,42.150002,42.41,35.9226,34616600
2015-02-09,42.240002,42.740002,42.209999,42.360001,35.880241,31381100
2015-02-10,42.740002,42.77,42.18,42.599998,36.08353,29670700
2015-02-11,42.650002,42.650002,42.209999,42.380001,35.897186,38262500
2015-02-12,42.66,43.09,42.509998,43.09,36.498585,33268800
2015-02-13,43.380001,43.869999,43.150002,43.869999,37.159264,40264900
2015-02-17,43.970001,44,43.189999,43.580002,37.176327,33695700
2015-02-18,43.630001,43.700001,43.389999,43.529999,37.133675,27111700
2015-02-19,43.18,43.529999,43.049999,43.5,37.108086,27603400
2015-02-20,43.509998,43.880001,43.290001,43.860001,37.415173,29721100
2015-02-23,43.700001,44.189999,43.650002,44.150002,37.66256,32518800
2015-02-24,44.150002,44.299999,43.919998,44.09,37.611382,25271700
2015-02-25,43.950001,44.09,43.799999,43.990002,37.526089,29759800
2015-02-26,43.990002,44.23,43.889999,44.060001,37.585793,28957300
2015-02-27,44.130001,44.200001,43.66,43.849998,37.406643,33807700
2015-03-02,43.669998,44.189999,43.549999,43.880001,37.432236,31924000
2015-03-03,43.560001,43.830002,43.09,43.279999,36.920406,31748600
2015-03-04,43.009998,43.209999,42.880001,43.060001,36.732738,25748700
2015-03-05,43.07,43.240002,42.82,43.110001,36.775383,23193500
2015-03-06,43,43.110001,42.150002,42.360001,36.135586,36248800
2015-03-09,42.189999,43.130001,42.189999,42.849998,36.553589,32108000
2015-03-10,42.349998,42.709999,42.029999,42.029999,35.854069,39159700
2015-03-11,42.310001,42.369999,41.84,41.98,35.811424,32215300
2015-03-12,41.330002,41.650002,40.860001,41.02,34.992489,59992500
2015-03-13,40.700001,41.470001,40.610001,41.380001,35.299591,58007700
2015-03-16,41.470001,41.639999,41.279999,41.560001,35.453156,35273500
2015-03-17,41.369999,41.830002,41.150002,41.700001,35.572559,31673400
2015-03-18,41.43,42.830002,41.330002,42.5,36.255013,44194800
2015-03-19,42.259998,42.59,42.220001,42.290001,36.075874,33879100
2015-03-20,42.560001,42.98,42.490002,42.880001,36.579174,71904500
2015-03-23,42.880001,43.130001,42.779999,42.860001,36.56213,26246100
2015-03-24,42.779999,43.169998,42.75,42.900002,36.596233,25513300
2015-03-25,42.919998,42.93,41.439999,41.459999,35.367828,43469900
2015-03-26,41.220001,41.610001,40.919998,41.209999,35.154568,37495600
2015-03-27,41.119999,41.43,40.830002,40.970001,34.949844,34401400
2015-03-30,41.099998,41.540001,40.91,40.959999,34.941319,35049700
2015-03-31,40.779999,41.029999,40.540001,40.66,34.685379,34887200
2015-04-01,40.599998,40.759998,40.310001,40.720001,34.736576,36865300
2015-04-02,40.66,40.740002,40.119999,40.290001,34.369759,37487500
2015-04-06,40.34,41.779999,40.18,41.549999,35.444607,39223700
2015-04-07,41.610001,41.91,41.310001,41.529999,35.42754,28809400
2015-04-08,41.459999,41.689999,41.040001,41.419998,35.333698,24753400
2015-04-09,41.25,41.619999,41.25,41.48,35.384884,25723900
2015-04-10,41.630001,41.950001,41.41,41.720001,35.589642,28022000
2015-04-13,41.400002,42.060001,41.389999,41.759998,35.623764,30276700
2015-04-14,41.799999,42.029999,41.389999,41.650002,35.5299,24244400
2015-04-15,41.759998,42.459999,41.68,42.259998,36.050282,27343600
2015-04-16,41.950001,42.34,41.82,42.16,35.964977,22509700
2015-04-17,41.669998,41.740002,41.16,41.619999,35.504314,42387600
2015-04-20,41.73,43.169998,41.68,42.91,36.604767,46057700
2015-04-21,43,43.150002,42.529999,42.639999,36.374443,26013800
2015-04-22,42.669998,43.130001,42.549999,42.990002,36.673019,25064300
2015-04-23,42.889999,43.610001,42.799999,43.34,36.971584,46309500
2015-04-24,45.66,48.139999,45.650002,47.869999,40.835949,130933700
2015-04-27,47.23,48.130001,47.220001,48.029999,40.972427,59248200
2015-04-28,47.779999,49.209999,47.700001,49.16,41.93639,60730800
2015-04-29,48.720001,49.310001,48.5,49.060001,41.851074,47804600
2015-04-30,48.700001,49.540001,48.599998,48.639999,41.492802,64725500
2015-05-01,48.580002,48.880001,48.400002,48.66,41.509861,38937300
2015-05-04,48.369999,48.869999,48.18,48.240002,41.151585,34039500
2015-05-05,47.82,48.16,47.310001,47.599998,40.605625,50369200
2015-05-06,47.57,47.77,46.02,46.279999,39.479584,52433000
2015-05-07,46.27,47.09,46.16,46.700001,39.83786,32971700
2015-05-08,47.549999,47.98,47.52,47.75,40.733574,35364900
2015-05-11,47.549999,47.91,47.369999,47.369999,40.409416,24609400
2015-05-12,46.849998,47.68,46.419998,47.349998,40.392342,29928300
2015-05-13,48.189999,48.32,47.57,47.630001,40.631203,34184600
2015-05-14,48.029999,48.82,48.029999,48.720001,41.56105,32980900
2015-05-15,48.869999,48.91,48.049999,48.299999,41.20277,28642700
2015-05-18,47.98,48.220001,47.610001,48.009998,40.955379,24136500
2015-05-19,47.560001,47.810001,47.18,47.580002,40.852345,28574800
2015-05-20,47.389999,47.93,47.27,47.580002,40.852345,25047900
2015-05-21,47.279999,47.599998,47.009998,47.419998,40.71497,22410700
2015-05-22,47.299999,47.349998,46.82,46.900002,40.268482,25720600
2015-05-26,46.830002,46.880001,46.189999,46.59,40.002316,29581900
2015-05-27,46.82,47.77,46.619999,47.610001,40.878109,27335600
2015-05-28,47.5,48.02,47.389999,47.450001,40.740719,19283700
2015-05-29,47.43,47.57,46.59,46.860001,40.234154,36519600
2015-06-01,47.060001,47.77,46.619999,47.23,40.55183,28837300
2015-06-02,46.93,47.349998,46.619999,46.919998,40.285652,21498300
2015-06-03,47.369999,47.740002,46.82,46.849998,40.225552,28002200
2015-06-04,46.790001,47.16,46.200001,46.360001,39.804852,27745500
2015-06-05,46.310001,46.52,45.84,46.139999,39.615952,25438100
2015-06-08,46.299999,46.43,45.669998,45.73,39.26392,22121600
2015-06-09,45.759998,45.939999,45.459999,45.650002,39.19524,24406100
2015-06-10,45.790001,46.830002,45.689999,46.610001,40.019508,28417400
2015-06-11,46.66,46.919998,46.130001,46.439999,39.873535,27347800
2015-06-12,46.220001,46.470001,45.900002,45.970001,39.469986,23931000
2015-06-15,45.450001,45.650002,45.02,45.48,39.049286,33254500
2015-06-16,45.349998,46.240002,45.299999,45.830002,39.34977,27070300
2015-06-17,45.73,46.07,45.360001,45.970001,39.469986,28704100
2015-06-18,46.220001,46.799999,46.169998,46.720001,40.113953,32658300
2015-06-19,46.790001,46.830002,45.990002,46.099998,39.581608,63837000
2015-06-22,46.330002,46.720001,46.16,46.23,39.69323,20318100
2015-06-23,46.130001,46.279999,45.619999,45.91,39.418472,25896500
2015-06-24,45.669998,46.25,45.549999,45.639999,39.186646,34890900
2015-06-25,46.029999,46.060001,45.5,45.650002,39.19524,20616000
2015-06-26,45.650002,46.279999,45.029999,45.259998,38.860382,49835300
2015-06-29,45.040001,45.23,44.360001,44.369999,38.096222,34081700
2015-06-30,44.709999,44.720001,43.939999,44.150002,37.90733,35945400
2015-07-01,44.459999,45.23,44.099998,44.450001,38.164909,28343900
2015-07-02,44.48,44.75,44.060001,44.400002,38.121986,21752000
2015-07-06,43.959999,44.48,43.950001,44.389999,38.113392,23034000
2015-07-07,44.34,44.490002,43.32,44.299999,38.036125,36435800
2015-07-08,44.439999,44.900002,44.029999,44.240002,37.9846,39785900
2015-07-09,44.75,45.220001,44.5,44.52,38.22501,32424700
2015-07-10,45.009998,45.139999,44.57,44.610001,38.302292,25465800
2015-07-13,44.98,45.619999,44.950001,45.540001,39.10078,28178300
2015-07-14,45.450001,45.959999,45.310001,45.619999,39.169479,22880300
2015-07-15,45.68,45.889999,45.43,45.759998,39.289688,26629600
2015-07-16,46.009998,46.689999,45.970001,46.66,40.062424,26271700
2015-07-17,46.549999,46.779999,46.259998,46.619999,40.028065,29467100
2015-07-20,46.650002,47.130001,46.439999,46.919998,40.285652,30631900
2015-07-21,46.779999,47.330002,46.48,47.279999,40.594765,42781900
2015-07-22,45.439999,46.93,45.200001,45.540001,39.10078,59152400
2015-07-23,45.27,46.23,45.099998,46.110001,39.590195,33934000
2015-07-24,45.91,46.32,45.799999,45.939999,39.444237,32333200
2015-07-27,45.939999,46.009998,45.25,45.349998,38.937649,39701400
2015-07-28,45.580002,45.639999,44.790001,45.34,38.929058,34328900
2015-07-29,45.400002,46.779999,45.259998,46.290001,39.74474,40945900
2015-07-30,46.259998,47.400002,45.93,46.880001,40.25132,39777900
2015-07-31,47.290001,47.369999,46.5,46.700001,40.096764,31201500
2015-08-03,46.98,47,46.450001,46.810001,40.191223,24125900
2015-08-04,46.75,47.709999,46.68,47.540001,40.818001,33403900
2015-08-05,47.98,48.41,47.540001,47.580002,40.852345,26959700
2015-08-06,47.709999,47.77,46.330002,46.619999,40.028065,27368000
2015-08-07,46.389999,46.779999,46.259998,46.740002,40.131104,19163000
2015-08-10,46.950001,47.490002,46.84,47.330002,40.637695,23079900
2015-08-11,46.82,46.939999,45.900002,46.41,39.847778,29237400
2015-08-12,46.189999,46.900002,45.709999,46.740002,40.131104,30181400
2015-08-13,47.060001,47.099998,46.490002,46.73,40.122509,22627200
2015-08-14,46.529999,47.099998,46.52,47,40.354355,21473400
2015-08-17,46.810001,47.450001,46.57,47.32,40.629105,21099700
2015-08-18,46.84,47.43,46.700001,47.27,40.853821,23574100
2015-08-19,46.779999,47.080002,46.299999,46.610001,40.283401,31485500
2015-08-20,46.07,46.470001,45.66,45.66,39.462341,36238200
2015-08-21,45.299999,45.48,43.07,43.07,37.223904,70053100
2015-08-24,40.450001,42.689999,39.720001,41.68,36.022572,88753700
2015-08-25,42.57,43.240002,40.389999,40.470001,34.976803,70616600
2015-08-26,42.009998,42.84,41.060001,42.709999,36.912766,63408000
2015-08-27,43.23,43.950001,42.93,43.900002,37.941246,50943200
2015-08-28,43.400002,44.150002,43.389999,43.93,37.967178,28246700
2015-08-31,43.560001,43.93,43.099998,43.52,37.612808,34441700
2015-09-01,42.169998,42.59,41.66,41.82,36.14357,49688900
2015-09-02,42.360001,43.380001,41.880001,43.360001,37.474545,37671500
2015-09-03,43.41,43.98,43.279999,43.5,37.595535,28285200
2015-09-04,42.810001,43.040001,42.200001,42.610001,36.826328,37138800
2015-09-08,43.299999,44,43.200001,43.889999,37.932598,32469800
2015-09-09,44.209999,44.400002,42.91,43.07,37.223904,33469500
2015-09-10,43.119999,43.790001,42.75,43.290001,37.41404,31366600
2015-09-11,43.139999,43.59,42.939999,43.48,37.578251,27132500
2015-09-14,43.43,43.439999,42.860001,43.040001,37.19796,23656000
2015-09-15,43.189999,44.290001,43.080002,43.98,38.010365,28882200
2015-09-16,43.970001,44.380001,43.84,44.299999,38.286945,23372200
2015-09-17,44.290001,45,44.080002,44.25,38.243729,32768200
2015-09-18,43.5,43.990002,43.330002,43.48,37.578251,63143700
2015-09-21,43.619999,44.470001,43.599998,44.110001,38.122719,26177200
2015-09-22,43.380001,44.049999,43.310001,43.900002,37.941246,28085900
2015-09-23,43.93,44.169998,43.509998,43.869999,37.915318,17145200
2015-09-24,43.450001,44.130001,43.27,43.91,37.949883,27905600
2015-09-25,44.48,44.73,43.759998,43.939999,37.975811,29384600
2015-09-28,43.830002,44.09,43.209999,43.290001,37.41404,27613800
2015-09-29,43.369999,43.57,43.049999,43.439999,37.543678,32763600
2015-09-30,43.880001,44.299999,43.66,44.259998,38.252369,34958900
2015-10-01,44.75,44.75,43.75,44.610001,38.554859,28657900
2015-10-02,44.27,45.57,43.919998,45.57,39.384556,41839000
2015-10-05,45.75,46.889999,45.700001,46.630001,40.30069,34369300
2015-10-06,46.330002,47.18,46.220001,46.75,40.404388,27017200
2015-10-07,47.099998,47.349998,45.950001,46.799999,40.447601,27711500
2015-10-08,46.560001,47.52,46.5,47.450001,41.009384,33772700
2015-10-09,47.450001,47.540001,46.919998,47.110001,40.715534,28600600
2015-10-12,46.98,47.07,46.5,47,40.620453,19769100
2015-10-13,46.560001,47.130001,46.560001,46.889999,40.525379,19987800
2015-10-14,46.650002,47.099998,46.529999,46.68,40.343891,24697800
2015-10-15,47.009998,47.029999,46.529999,47.009998,40.629093,27189400
2015-10-16,47.02,47.540001,46.900002,47.509998,41.061245,26450300
2015-10-19,47.419998,47.880001,47.02,47.619999,41.1563,29387600
2015-10-20,47.439999,47.810001,47.02,47.77,41.28595,30802200
2015-10-21,47.919998,47.990002,47.110001,47.200001,40.793316,25144300
2015-10-22,47.529999,48.950001,47.09,48.029999,41.510651,56637100
2015-10-23,52.299999,54.07,52.25,52.869999,45.693699,135227100
2015-10-26,52.529999,54.32,52.5,54.25,46.886395,64633300
2015-10-27,53.990002,54.369999,53.580002,53.689999,46.40239,50999900
2015-10-28,53.540001,53.98,52.860001,53.98,46.653042,47000800
2015-10-29,53.540001,53.830002,53.220001,53.360001,46.11718,30202100
2015-10-30,53.32,53.990002,52.619999,52.639999,45.494923,46619800
2015-11-02,52.849998,53.360001,52.619999,53.240002,46.013493,30285000
2015-11-03,52.93,54.389999,52.900002,54.150002,46.799969,36596900
2015-11-04,54.18,54.880001,54.060001,54.400002,47.016026,37087800
2015-11-05,54.490002,54.700001,54,54.380001,46.998734,31468500
2015-11-06,54.09,54.98,53.959999,54.919998,47.465431,32851200
2015-11-09,54.549999,54.869999,53.560001,54.16,46.80859,32513100
2015-11-10,54.07,54.130001,53.27,53.509998,46.246815,55283700
2015-11-11,53.700001,54.200001,53.459999,53.650002,46.367821,36516300
2015-11-12,53.48,53.98,53.189999,53.32,46.082619,35361100
2015-11-13,53.07,53.290001,52.529999,52.84,45.66777,36848200
2015-11-16,53.080002,53.889999,52.849998,53.77,46.471539,32165200
2015-11-17,53.169998,53.529999,52.849998,52.970001,46.088699,31551300
2015-11-18,53,53.98,52.98,53.849998,46.854382,29710000
2015-11-19,53.990002,54.66,53.779999,53.939999,46.932686,28149200
2015-11-20,54.25,54.299999,53.27,54.189999,47.150215,37147600
2015-11-23,54.25,54.459999,53.75,54.189999,47.150215,28235900
2015-11-24,53.919998,54.439999,53.580002,54.25,47.202427,24600000
2015-11-25,54.09,54.23,53.689999,53.689999,46.71516,21005100
2015-11-27,53.799999,54.080002,53.790001,53.93,46.923977,9009100
2015-11-30,54.540001,54.959999,54,54.349998,47.289413,56241400
2015-12-01,54.41,55.23,54.299999,55.220001,48.046406,39952800
2015-12-02,55.32,55.959999,55.060001,55.209999,48.037704,47274900
2015-12-03,55.490002,55.77,53.93,54.200001,47.158913,38627800
2015-12-04,54.119999,56.23,54.099998,55.91,48.646755,43963700
2015-12-07,55.790001,55.970001,55.290001,55.810001,48.55975,30709800
2015-12-08,55.470001,56.099998,54.990002,55.790001,48.542347,32878000
2015-12-09,55.369999,55.869999,54.509998,54.98,47.837574,36373200
2015-12-10,55.389999,55.66,55.009998,55.27,48.08992,31775800
2015-12-11,54.709999,55.099998,54.009998,54.060001,47.03709,39549500
2015-12-14,54.330002,55.209999,53.68,55.139999,47.97678,46768900
2015-12-15,55.66,55.900002,55.09,55.200001,48.029011,39843000
2015-12-16,55.540001,56.25,54.759998,56.130001,48.838181,37503300
2015-12-17,56.360001,56.790001,55.529999,55.700001,48.464046,41280900
2015-12-18,55.77,56,54.029999,54.130001,47.098007,84684200
2015-12-21,54.880001,55.349998,54.23,54.830002,47.707058,37246300
2015-12-22,54.990002,55.48,54.5,55.349998,48.159515,28322200
2015-12-23,55.700001,55.880001,55.439999,55.82,48.568459,27279800
2015-12-24,55.860001,55.959999,55.43,55.669998,48.437935,9558500
2015-12-28,55.349998,55.950001,54.98,55.950001,48.681568,22458300
2015-12-29,56.290001,56.849998,56.060001,56.549999,49.203625,27731400
2015-12-30,56.470001,56.779999,56.290001,56.310001,48.994801,21704500
2015-12-31,56.040001,56.189999,55.419998,55.48,48.272625,27334100
2016-01-04,54.32,54.799999,53.389999,54.799999,47.680958,53778000
2016-01-05,54.93,55.389999,54.540001,55.049999,47.898483,34079700
2016-01-06,54.32,54.400002,53.639999,54.049999,47.0284,39518900
2016-01-07,52.700001,53.490002,52.07,52.169998,45.392609,56564900
2016-01-08,52.369999,53.279999,52.150002,52.330002,45.531841,48754000
2016-01-11,52.509998,52.849998,51.459999,52.299999,45.505749,36943800
2016-01-12,52.759998,53.099998,52.060001,52.779999,45.923389,36095500
2016-01-13,53.799999,54.07,51.299999,51.639999,44.931473,66883600
2016-01-14,52,53.419998,51.57,53.110001,46.210518,52381900
2016-01-15,51.310001,51.970001,50.34,50.990002,44.365902,71820700
2016-01-19,51.48,51.68,50.060001,50.560001,43.991787,43564500
2016-01-20,49.98,51.380001,49.099998,50.790001,44.191906,63273000
2016-01-21,51,51.580002,50.299999,50.48,43.922173,40191200
2016-01-22,51.41,52.330002,51.259998,52.290001,45.49704,37555800
2016-01-25,51.939999,52.650002,51.650002,51.790001,45.061996,34707700
2016-01-26,51.790001,52.439999,51.549999,52.169998,45.392609,28900800
2016-01-27,52.009998,52.200001,51.02,51.220001,44.566048,36775200
2016-01-28,51.860001,52.209999,51.25,52.060001,45.296913,62513800
2016-01-29,54.73,55.09,54,55.09,47.933281,83611700
2016-02-01,54.880001,55.09,54.5,54.709999,47.60265,44208500
2016-02-02,54.169998,54.259998,52.650002,53,46.114803,56313800
2016-02-03,53.25,53.389999,51.259998,52.16,45.383923,57559800
2016-02-04,52.099998,52.810001,51.369999,52,45.24469,46987100
2016-02-05,51.939999,52,49.560001,50.16,43.643738,62009000
2016-02-08,49.549999,49.57,48.189999,49.41,42.99118,59290500
2016-02-09,49.02,50.240002,48.669998,49.279999,42.878059,46740500
2016-02-10,49.889999,50.389999,49.52,49.709999,43.252201,38237000
2016-02-11,48.68,50.110001,48.509998,49.689999,43.234806,48878600
2016-02-12,50.25,50.68,49.75,50.5,43.939583,34243300
2016-02-16,50.900002,51.09,50.130001,51.09,44.772095,37291200
2016-02-17,51.490002,52.77,51.450001,52.419998,45.937626,40789000
2016-02-18,52.330002,52.950001,52.099998,52.189999,45.736065,27176000
2016-02-19,51.970001,52.279999,51.529999,51.82,45.411827,33559100
2016-02-22,52.279999,53,52.279999,52.650002,46.139191,25008300
2016-02-23,52.34,52.369999,50.98,51.18,44.850967,28895300
2016-02-24,50.689999,51.5,50.200001,51.360001,45.008701,33014500
2016-02-25,51.73,52.099998,50.610001,52.099998,45.657196,26939500
2016-02-26,52.599998,52.68,51.099998,51.299999,44.956127,35975900
2016-02-29,51.349998,51.650002,50.66,50.880001,44.588058,31654000
2016-03-01,50.970001,52.59,50.919998,52.580002,46.077835,33024500
2016-03-02,52.41,52.959999,52.16,52.950001,46.402084,29289900
2016-03-03,52.970001,52.970001,51.779999,52.349998,45.876286,24427800
2016-03-04,52.400002,52.450001,51.709999,52.029999,45.595848,33034200
2016-03-07,51.560001,51.799999,50.580002,51.029999,44.719501,38407800
2016-03-08,50.799999,52.130001,50.599998,51.650002,45.26284,33835100
2016-03-09,51.889999,52.849998,51.860001,52.84,46.305698,28251600
2016-03-10,52.93,52.939999,51.16,52.049999,45.613384,38387800
2016-03-11,53,53.07,52.380001,53.07,46.507244,32275700
2016-03-14,52.709999,53.59,52.630001,53.169998,46.594872,24083600
2016-03-15,52.75,53.59,52.740002,53.59,46.96294,21104800
2016-03-16,53.450001,54.599998,53.400002,54.349998,47.628941,31691700
2016-03-17,54.209999,55,54,54.66,47.90062,28223900
2016-03-18,54.919998,54.970001,53.450001,53.490002,46.875301,67625500
2016-03-21,53.25,53.93,52.93,53.860001,47.199562,23925700
2016-03-22,53.610001,54.25,53.459999,54.07,47.383579,23124100
2016-03-23,54.110001,54.240002,53.740002,53.970001,47.295948,20129000
2016-03-24,53.84,54.330002,53.73,54.209999,47.506256,19950000
2016-03-28,54.209999,54.290001,53.330002,53.540001,46.919113,17025100
2016-03-29,53.66,54.860001,53.450001,54.709999,47.944431,23924300
2016-03-30,54.93,55.639999,54.900002,55.049999,48.242405,23008300
2016-03-31,54.950001,55.59,54.860001,55.23,48.400139,26360500
2016-04-01,55.049999,55.610001,54.57,55.57,48.698086,24399200
2016-04-04,55.43,55.66,55,55.43,48.575405,18928800
2016-04-05,55.189999,55.299999,54.459999,54.560001,47.812984,19272300
2016-04-06,54.360001,55.200001,54.209999,55.119999,48.30373,21188700
2016-04-07,54.869999,54.91,54.23,54.459999,47.725357,19225100
2016-04-08,54.669998,55.279999,54.32,54.419998,47.690292,22167200
2016-04-11,54.490002,55.150002,54.299999,54.310001,47.593903,21414200
2016-04-12,54.369999,54.779999,53.759998,54.650002,47.891869,24944300
2016-04-13,55.119999,55.439999,54.889999,55.349998,48.505299,20818000
2016-04-14,55.220001,55.580002,55.07,55.360001,48.51405,20877100
2016-04-15,55.299999,55.919998,55.110001,55.650002,48.7682,28793800
2016-04-18,55.490002,56.59,55.209999,56.459999,49.478031,23786000
2016-04-19,56.630001,56.77,55.68,56.389999,49.416676,29596800
2016-04-20,56.290001,56.5,55.490002,55.59,48.715614,36195700
2016-04-21,55.799999,56.23,55.419998,55.779999,48.882114,38909100
2016-04-22,51.91,52.43,50.77,51.779999,45.376762,126834100
2016-04-25,51.779999,52.130001,51.630001,52.110001,45.665947,33226900
2016-04-26,52.259998,52.349998,51.09,51.439999,45.078815,33532600
2016-04-27,51.48,51.5,50.549999,50.939999,44.64064,43369300
2016-04-28,50.619999,50.77,49.560001,49.900002,43.729248,43134800
2016-04-29,49.349998,50.25,49.349998,49.869999,43.702961,48411700
2016-05-02,50,50.75,49.779999,50.610001,44.35146,33114500
2016-05-03,50.34,50.41,49.599998,49.779999,43.624096,26460200
2016-05-04,49.84,50.060001,49.459999,49.869999,43.702961,24257600
2016-05-05,49.869999,50.299999,49.73,49.939999,43.764305,25390700
2016-05-06,49.919998,50.389999,49.66,50.389999,44.158657,24787300
2016-05-09,50.490002,50.59,50,50.07,43.87825,17951600
2016-05-10,50.330002,51.099998,50.189999,51.02,44.710735,22891000
2016-05-11,51.130001,51.779999,51,51.049999,44.737041,24039100
2016-05-12,51.200001,51.810001,50.919998,51.509998,45.140148,24102800
2016-05-13,51.439999,51.900002,51.040001,51.080002,44.76334,22592300
2016-05-16,50.799999,51.959999,50.75,51.830002,45.420593,20032000
2016-05-17,51.720001,51.73,50.360001,50.509998,44.57341,27803500
2016-05-18,50.48,51.139999,50.299999,50.810001,44.838158,24907500
2016-05-19,50.470001,50.619999,49.82,50.32,44.405735,23842400
2016-05-20,50.48,51.220001,50.400002,50.619999,44.670494,23905800
2016-05-23,50.599998,50.68,49.98,50.029999,44.149841,26118700
2016-05-24,50.700001,51.709999,50.400002,51.59,45.526489,34757900
2016-05-25,51.919998,52.490002,51.790001,52.119999,45.994183,24040200
2016-05-26,51.93,51.98,51.360001,51.889999,45.791222,24335200
2016-05-27,51.919998,52.32,51.77,52.32,46.170673,17721400
2016-05-31,52.259998,53,52.080002,53,46.770763,37653100
2016-06-01,52.439999,52.950001,52.439999,52.849998,46.63839,25324800
2016-06-02,52.639999,52.740002,51.84,52.48,46.311882,22840800
2016-06-03,52.380001,52.419998,51.599998,51.790001,45.70298,23368300
2016-06-06,51.990002,52.349998,51.889999,52.130001,46.003014,18243300
2016-06-07,52.240002,52.73,52.099998,52.099998,45.976536,20866800
2016-06-08,52.02,52.439999,51.869999,52.040001,45.92358,21149400
2016-06-09,52,52,51.490002,51.619999,45.552952,20305700
2016-06-10,51.049999,52.049999,51.040001,51.48,45.429424,25833200
2016-06-13,49.580002,50.720001,49.060001,50.139999,44.246914,83217800
2016-06-14,49.900002,50.099998,49.57,49.830002,43.973347,42577100
2016-06-15,49.779999,50.119999,49.689999,49.689999,43.8498,33757600
2016-06-16,49.52,50.470001,49.509998,50.389999,44.467522,31188600
2016-06-17,50.41,50.43,49.82,50.130001,44.238083,45710500
2016-06-20,50.639999,50.830002,50.029999,50.07,44.185146,35607900
2016-06-21,50.200001,51.43,50.16,51.189999,45.173492,34097800
2016-06-22,51.080002,51.459999,50.950001,50.990002,44.996994,28816800
2016-06-23,51.279999,52.060001,51.150002,51.91,45.808868,29028800
2016-06-24,49.810001,50.939999,49.52,49.830002,43.973347,133503000
2016-06-27,49.099998,49.150002,48.040001,48.43,42.737885,50216300
2016-06-28,48.919998,49.470001,48.669998,49.439999,43.629169,38140700
2016-06-29,49.91,50.720001,49.799999,50.540001,44.599907,31304000
2016-06-30,50.720001,51.299999,50.5,51.169998,45.15583,28527800
2016-07-01,51.130001,51.720001,51.07,51.16,45.147026,21400400
2016-07-05,50.830002,51.279999,50.740002,51.169998,45.15583,24806400
2016-07-06,50.779999,51.540001,50.389999,51.380001,45.341167,28167500
2016-07-07,51.419998,51.610001,51.07,51.380001,45.341167,19585200
2016-07-08,51.73,52.360001,51.549999,52.299999,46.153038,28391000
2016-07-11,52.5,52.830002,52.470001,52.59,46.408947,22269200
2016-07-12,52.939999,53.400002,52.790001,53.209999,46.956081,27317600
2016-07-13,53.560001,53.860001,53.18,53.509998,47.220821,25356800
2016-07-14,53.84,53.990002,53.580002,53.740002,47.42379,24545500
2016-07-15,53.950001,54,53.209999,53.700001,47.388489,32024400
2016-07-18,53.700001,54.34,53.549999,53.959999,47.617924,31433900
2016-07-19,53.709999,53.900002,52.93,53.09,46.850178,53336500
2016-07-20,56.150002,56.84,55.529999,55.91,49.338753,89893300
2016-07-21,55.98,56.23,55.759998,55.799999,49.241665,32776700
2016-07-22,56.080002,56.630001,55.779999,56.57,49.921165,32157200
2016-07-25,56.470001,56.740002,56.259998,56.73,50.062366,25610600
2016-07-26,56.52,57.290001,56.509998,56.759998,50.08884,28079000
2016-07-27,56.610001,56.799999,56.110001,56.189999,49.585827,32327500
2016-07-28,56,56.369999,55.720001,56.209999,49.603477,37550400
2016-07-29,56.259998,56.759998,56.049999,56.68,50.018242,30558700
2016-08-01,56.599998,56.75,56.139999,56.580002,49.93,26003400
2016-08-02,56.849998,56.900002,56.310001,56.580002,49.93,35122000
2016-08-03,56.68,57.110001,56.490002,56.970001,50.274155,22075600
2016-08-04,56.799999,57.52,56.669998,57.389999,50.644794,26587700
2016-08-05,57.650002,58.209999,57.450001,57.959999,51.147789,29335200
2016-08-08,58.060001,58.09,57.779999,58.060001,51.23605,19473500
2016-08-09,58.169998,58.5,58.02,58.200001,51.359585,16920700
2016-08-10,58.16,58.32,57.82,58.02,51.200745,15756900
2016-08-11,58.029999,58.450001,58.029999,58.299999,51.447838,18162300
2016-08-12,58.029999,58.189999,57.619999,57.939999,51.13015,21655200
2016-08-15,58.009998,58.5,57.959999,58.119999,51.288986,19283900
2016-08-16,57.610001,57.619999,57.27,57.439999,51.004837,20523500
2016-08-17,57.540001,57.68,57.23,57.560001,51.111393,18856400
2016-08-18,57.419998,57.700001,57.27,57.599998,51.146915,14214300
2016-08-19,57.43,57.73,57.200001,57.619999,51.164677,17271000
2016-08-22,57.599998,57.75,57.259998,57.669998,51.20908,15221900
2016-08-23,57.900002,58.18,57.849998,57.889999,51.404434,18732400
2016-08-24,57.799999,58.040001,57.720001,57.950001,51.457695,18151500
2016-08-25,57.880001,58.290001,57.779999,58.169998,51.653061,18552600
2016-08-26,58.279999,58.700001,57.689999,58.029999,51.528744,20971200
2016-08-29,58.18,58.599998,58.099998,58.099998,51.590889,16417200
2016-08-30,57.98,58.189999,57.610001,57.889999,51.404434,16930200
2016-08-31,57.650002,57.799999,57.299999,57.459999,51.022606,20860300
2016-09-01,57.009998,57.82,57.009998,57.59,51.138035,26075400
2016-09-02,57.669998,58.189999,57.419998,57.669998,51.20908,18900500
2016-09-06,57.779999,57.799999,57.209999,57.610001,51.1558,16278400
2016-09-07,57.470001,57.84,57.41,57.66,51.200184,17493400
2016-09-08,57.630001,57.790001,57.18,57.43,50.99596,20146100
2016-09-09,56.790001,57.52,56.209999,56.209999,49.912647,35113900
2016-09-12,56,57.209999,55.610001,57.049999,50.658531,29303000
2016-09-13,56.5,56.650002,56.049999,56.529999,50.196785,30130200
2016-09-14,56.389999,56.630001,56.029999,56.259998,49.957035,24062500
2016-09-15,56.150002,57.349998,55.98,57.189999,50.782848,26847000
2016-09-16,57.630001,57.630001,56.75,57.25,50.836121,44607000
2016-09-19,57.27,57.75,56.849998,56.93,50.551991,20937100
2016-09-20,57.349998,57.349998,56.75,56.810001,50.445435,17384000
2016-09-21,57.509998,57.849998,57.080002,57.759998,51.288979,33707300
2016-09-22,57.919998,58,57.630001,57.82,51.342274,19822200
2016-09-23,57.869999,57.91,57.380001,57.43,50.99596,19955300
2016-09-26,57.080002,57.139999,56.830002,56.900002,50.525345,21688700
2016-09-27,56.93,58.060001,56.68,57.950001,51.457695,28065100
2016-09-28,57.880001,58.060001,57.669998,58.029999,51.528744,20536400
2016-09-29,57.810001,58.169998,57.209999,57.400002,50.969318,25463500
2016-09-30,57.57,57.77,57.34,57.599998,51.146915,29910800
2016-10-03,57.41,57.549999,57.060001,57.419998,50.987072,19189500
2016-10-04,57.27,57.599998,56.970001,57.240002,50.827248,20085900
2016-10-05,57.290001,57.959999,57.259998,57.639999,51.182423,16726400
2016-10-06,57.740002,57.860001,57.279999,57.740002,51.271229,16212600
2016-10-07,57.849998,57.98,57.419998,57.799999,51.324509,20089000
2016-10-10,57.91,58.389999,57.869999,58.040001,51.537613,18196500
2016-10-11,57.889999,58.02,56.889999,57.189999,50.782848,26497400
2016-10-12,57.110001,57.27,56.400002,57.110001,50.711807,22177500
2016-10-13,56.700001,57.299999,56.32,56.919998,50.54311,25313700
2016-10-14,57.119999,57.740002,57.119999,57.419998,50.987072,27402500
2016-10-17,57.360001,57.459999,56.869999,57.220001,50.809494,23830000
2016-10-18,57.529999,57.950001,57.41,57.66,51.200184,19149500
2016-10-19,57.470001,57.84,57.400002,57.529999,51.084747,22878400
2016-10-20,57.5,57.52,56.66,57.25,50.836121,49455600
2016-10-21,60.279999,60.450001,59.490002,59.66,52.976124,80032200
2016-10-24,59.939999,61,59.93,61,54.166012,54067000
2016-10-25,60.849998,61.369999,60.799999,60.990002,54.157124,35137200
2016-10-26,60.810001,61.200001,60.470001,60.630001,53.837452,29911600
2016-10-27,60.610001,60.830002,60.09,60.099998,53.36684,28479900
2016-10-28,60.009998,60.52,59.580002,59.869999,53.162594,33574700
2016-10-31,60.16,60.419998,59.919998,59.919998,53.207005,26434700
2016-11-01,59.970001,60.02,59.25,59.799999,53.10043,24533000
2016-11-02,59.82,59.93,59.299999,59.43,52.771896,22147000
2016-11-03,59.529999,59.639999,59.110001,59.209999,52.576546,21600400
2016-11-04,58.650002,59.279999,58.52,58.709999,52.132557,28697000
2016-11-07,59.779999,60.52,59.779999,60.419998,53.650978,31664800
2016-11-08,60.549999,60.779999,60.150002,60.470001,53.695374,22935400
2016-11-09,60,60.59,59.200001,60.169998,53.428986,49632500
2016-11-10,60.48,60.490002,57.630001,58.700001,52.123676,57822400
2016-11-11,58.23,59.119999,58.009998,59.02,52.407837,38767800
2016-11-14,59.02,59.080002,57.279999,58.119999,51.608654,41328400
2016-11-15,58.330002,59.490002,58.32,58.869999,52.627781,35904100
2016-11-16,58.939999,59.66,58.810001,59.650002,53.325069,27332500
2016-11-17,60.41,60.950001,59.970001,60.639999,54.210094,32132700
2016-11-18,60.779999,61.139999,60.299999,60.349998,53.950844,27686300
2016-11-21,60.5,60.970001,60.419998,60.860001,54.406769,19652600
2016-11-22,60.98,61.259998,60.810001,61.119999,54.63921,23206700
2016-11-23,61.009998,61.099998,60.25,60.400002,53.995552,21848900
2016-11-25,60.299999,60.529999,60.130001,60.529999,54.111759,8409600
2016-11-28,60.34,61.02,60.209999,60.610001,54.183281,20732600
2016-11-29,60.650002,61.41,60.52,61.09,54.612377,22366700
2016-11-30,60.860001,61.18,60.220001,60.259998,53.870392,34655400
2016-12-01,60.110001,60.150002,58.939999,59.200001,52.922791,34542100
2016-12-02,59.080002,59.470001,58.799999,59.25,52.967476,25515700
2016-12-05,59.700001,60.59,59.560001,60.220001,53.834633,23552700
2016-12-06,60.43,60.459999,59.799999,59.950001,53.593266,19907000
2016-12-07,60.009998,61.380001,59.799999,61.369999,54.862698,30809000
2016-12-08,61.299999,61.580002,60.84,61.009998,54.540871,21220800
2016-12-09,61.18,61.990002,61.130001,61.970001,55.399078,27349400
2016-12-12,61.82,62.299999,61.720001,62.169998,55.577873,20198100
2016-12-13,62.5,63.419998,62.240002,62.98,56.301987,35718900
2016-12-14,63,63.450001,62.529999,62.68,56.033783,30352700
2016-12-15,62.700001,63.150002,62.299999,62.580002,55.944393,27669900
2016-12-16,62.950001,62.950001,62.119999,62.299999,55.694088,42453100
2016-12-19,62.560001,63.77,62.419998,63.619999,56.874107,34338200
2016-12-20,63.689999,63.799999,63.029999,63.540001,56.802601,26028400
2016-12-21,63.43,63.700001,63.119999,63.540001,56.802601,17096300
2016-12-22,63.84,64.099998,63.41,63.549999,56.811535,22176600
2016-12-23,63.450001,63.540001,62.799999,63.240002,56.534409,12403800
2016-12-27,63.209999,64.07,63.209999,63.279999,56.570164,11763200
2016-12-28,63.400002,63.400002,62.830002,62.990002,56.310921,14653300
2016-12-29,62.860001,63.200001,62.73,62.900002,56.230469,10250600
2016-12-30,62.959999,62.990002,62.029999,62.139999,55.551041,25579900
2017-01-03,62.790001,62.84,62.130001,62.580002,55.944393,20694100
2017-01-04,62.48,62.75,62.119999,62.299999,55.694088,21340000
2017-01-05,62.189999,62.66,62.029999,62.299999,55.694088,24876000
2017-01-06,62.299999,63.150002,62.040001,62.84,56.176811,19922900
2017-01-09,62.759998,63.080002,62.540001,62.639999,55.998035,20382700
2017-01-10,62.73,63.07,62.279999,62.619999,55.980133,18593000
2017-01-11,62.610001,63.23,62.43,63.189999,56.489704,21517300
2017-01-12,63.060001,63.400002,61.950001,62.610001,55.971199,20968200
2017-01-13,62.619999,62.869999,62.349998,62.700001,56.051659,19422300
2017-01-17,62.68,62.700001,62.029999,62.529999,55.899681,20664000
2017-01-18,62.669998,62.700001,62.119999,62.5,55.872864,19670100
2017-01-19,62.240002,62.98,62.200001,62.299999,55.694088,18451700
2017-01-20,62.669998,62.82,62.369999,62.740002,56.087429,30213500
2017-01-23,62.700001,63.119999,62.57,62.959999,56.284088,23097600
2017-01-24,63.200001,63.740002,62.939999,63.52,56.784721,24672900
2017-01-25,63.950001,64.099998,63.450001,63.68,56.927757,23672700
2017-01-26,64.120003,64.540001,63.549999,64.269997,57.455196,43554600
2017-01-27,65.389999,65.910004,64.889999,65.779999,58.805069,44818000
2017-01-30,65.690002,65.790001,64.800003,65.129997,58.223991,31651400
2017-01-31,64.860001,65.150002,64.260002,64.650002,57.794895,25270500
2017-02-01,64.360001,64.620003,63.470001,63.580002,56.838356,39671500
2017-02-02,63.25,63.41,62.75,63.169998,56.471828,45827000
2017-02-03,63.5,63.700001,63.07,63.68,56.927757,30301800
2017-02-06,63.5,63.650002,63.139999,63.639999,56.891998,19796400
2017-02-07,63.740002,63.779999,63.23,63.43,56.70425,20277200
2017-02-08,63.57,63.810001,63.220001,63.34,56.62381,18096400
2017-02-09,63.52,64.440002,63.32,64.059998,57.267456,22644400
2017-02-10,64.25,64.300003,63.98,64,57.213833,18170700
2017-02-13,64.239998,64.860001,64.129997,64.720001,57.857479,22920100
2017-02-14,64.410004,64.720001,64.019997,64.57,58.073322,23108400
2017-02-15,64.5,64.57,64.160004,64.529999,58.037354,17005200
2017-02-16,64.739998,65.239998,64.440002,64.519997,58.028351,20546300
2017-02-17,64.470001,64.690002,64.300003,64.620003,58.118305,21248800
2017-02-21,64.610001,64.949997,64.449997,64.489998,58.001377,20655900
2017-02-22,64.330002,64.389999,64.050003,64.360001,57.884468,19292700
2017-02-23,64.419998,64.730003,64.190002,64.620003,58.118305,20273100
2017-02-24,64.529999,64.800003,64.139999,64.620003,58.118305,21796800
2017-02-27,64.540001,64.540001,64.050003,64.230003,57.767548,15871500
2017-02-28,64.080002,64.199997,63.759998,63.98,57.542694,23239800
2017-03-01,64.129997,64.989998,64.019997,64.940002,58.406105,26937500
2017-03-02,64.690002,64.75,63.880001,64.010002,57.569683,24539600
2017-03-03,63.990002,64.279999,63.619999,64.25,57.785534,18135900
2017-03-06,63.970001,64.559998,63.810001,64.269997,57.80352,18750300
2017-03-07,64.190002,64.779999,64.190002,64.400002,57.920437,18521000
2017-03-08,64.260002,65.080002,64.25,64.989998,58.451073,21510900
2017-03-09,65.190002,65.199997,64.480003,64.730003,58.217236,19846800
2017-03-10,65.110001,65.260002,64.75,64.93,58.397118,19538200
2017-03-13,65.010002,65.190002,64.57,64.709999,58.199242,20100000
2017-03-14,64.529999,64.550003,64.150002,64.410004,57.929436,14280200
2017-03-15,64.550003,64.919998,64.25,64.75,58.235218,24833800
2017-03-16,64.75,64.760002,64.300003,64.639999,58.136276,20674300
2017-03-17,64.910004,65.239998,64.68,64.870003,58.343143,49219700
2017-03-20,64.910004,65.18,64.720001,64.93,58.397118,14598100
2017-03-21,65.190002,65.5,64.129997,64.209999,57.749554,26640500
2017-03-22,64.120003,65.139999,64.120003,65.029999,58.487045,20680000
2017-03-23,64.940002,65.239998,64.769997,64.870003,58.343143,19269200
2017-03-24,65.360001,65.449997,64.760002,64.980003,58.442074,22617100
2017-03-27,64.629997,65.220001,64.349998,65.099998,58.550011,18614700
2017-03-28,64.959999,65.470001,64.650002,65.290001,58.72089,20080400
2017-03-29,65.120003,65.5,64.949997,65.470001,58.882782,13618400
2017-03-30,65.419998,65.980003,65.360001,65.709999,59.098625,15122800
2017-03-31,65.650002,66.190002,65.449997,65.860001,59.233555,21040300
2017-04-03,65.809998,65.940002,65.190002,65.550003,58.954727,20400900
2017-04-04,65.389999,65.809998,65.279999,65.730003,59.116611,12997400
2017-04-05,66.300003,66.349998,65.440002,65.559998,58.963722,21448600
2017-04-06,65.599998,66.059998,65.480003,65.730003,59.116611,18103500
2017-04-07,65.849998,65.959999,65.440002,65.68,59.071644,14108500
2017-04-10,65.610001,65.82,65.360001,65.529999,58.936737,17952700
2017-04-11,65.599998,65.610001,64.849998,65.480003,58.891773,18791500
2017-04-12,65.419998,65.510002,65.110001,65.230003,58.666931,17108500
2017-04-13,65.290001,65.860001,64.949997,64.949997,58.415092,17896500
2017-04-17,65.040001,65.489998,65.010002,65.480003,58.891773,16689300
2017-04-18,65.330002,65.709999,65.160004,65.389999,58.810814,15155600
2017-04-19,65.650002,65.75,64.889999,65.040001,58.496037,26992800
2017-04-20,65.459999,65.75,65.139999,65.5,58.909763,22299500
2017-04-21,65.669998,66.699997,65.449997,66.400002,59.719208,32522600
2017-04-24,67.480003,67.660004,67.099998,67.529999,60.735519,29770000
2017-04-25,67.900002,68.040001,67.599998,67.919998,61.086266,30242700
2017-04-26,68.080002,68.309998,67.620003,67.830002,61.005329,26190800
2017-04-27,68.150002,68.379997,67.580002,68.269997,61.401062,34971000
2017-04-28,68.910004,69.139999,67.690002,68.459999,61.571926,39548800
2017-05-01,68.68,69.550003,68.5,69.410004,62.426376,31954400
2017-05-02,69.709999,69.709999,69.129997,69.300003,62.327427,23906100
2017-05-03,69.379997,69.379997,68.709999,69.080002,62.129559,28928000
2017-05-04,69.029999,69.080002,68.639999,68.809998,61.886734,21749400
2017-05-05,68.900002,69.029999,68.489998,69,62.057594,19128800
2017-05-08,68.970001,69.050003,68.419998,68.940002,62.003647,18566100
2017-05-09,68.860001,69.279999,68.68,69.040001,62.093582,22858400
2017-05-10,68.989998,69.559998,68.919998,69.309998,62.336422,17977800
2017-05-11,68.360001,68.730003,68.120003,68.459999,61.571926,28789400
2017-05-12,68.610001,68.610001,68.040001,68.379997,61.499981,18714100
2017-05-15,68.139999,68.480003,67.57,68.43,61.54496,31530300
2017-05-16,68.230003,69.440002,68.160004,69.410004,62.78421,34956000
2017-05-17,68.889999,69.099998,67.43,67.480003,61.038425,30548800
2017-05-18,67.400002,68.129997,67.139999,67.709999,61.246456,25201300
2017-05-19,67.5,68.099998,67.43,67.690002,61.228371,26961100
2017-05-22,67.889999,68.5,67.5,68.449997,61.915821,16237600
2017-05-23,68.720001,68.75,68.379997,68.68,62.123882,15425800
2017-05-24,68.870003,68.879997,68.449997,68.769997,62.205273,14593900
2017-05-25,68.970001,69.879997,68.910004,69.620003,62.974136,21854100
2017-05-26,69.800003,70.220001,69.519997,69.959999,63.281689,19827900
2017-05-30,69.790001,70.410004,69.769997,70.410004,63.68874,17072800
2017-05-31,70.529999,70.739998,69.809998,69.839996,63.173153,30436400
2017-06-01,70.239998,70.610001,69.449997,70.099998,63.408314,21603600
2017-06-02,70.440002,71.860001,70.239998,71.760002,64.909866,34770300
2017-06-05,71.970001,72.889999,71.809998,72.279999,65.380211,33316800
2017-06-06,72.300003,72.620003,72.269997,72.519997,65.59729,31511100
2017-06-07,72.639999,72.769997,71.949997,72.389999,65.479698,22301800
2017-06-08,72.510002,72.519997,71.5,71.949997,65.081711,24588300
2017-06-09,72.040001,72.080002,68.589996,70.32,63.607311,49187400
2017-06-12,69.25,69.940002,68.129997,69.779999,63.118858,47761700
2017-06-13,70.019997,70.82,69.959999,70.650002,63.905788,25258600
2017-06-14,70.910004,71.099998,69.43,70.269997,63.562065,25510700
2017-06-15,69.269997,70.209999,68.800003,69.900002,63.227417,26068700
2017-06-16,69.730003,70.029999,69.220001,70,63.317852,48345100
2017-06-19,70.5,70.940002,70.349998,70.870003,64.10482,23798300
2017-06-20,70.82,70.870003,69.870003,69.910004,63.236473,21512200
2017-06-21,70.209999,70.620003,69.940002,70.269997,63.562065,19891100
2017-06-22,70.540001,70.589996,69.709999,70.260002,63.553055,22965700
2017-06-23,70.089996,71.25,69.919998,71.209999,64.412361,27617300
2017-06-26,71.400002,71.709999,70.440002,70.529999,63.797264,19607000
2017-06-27,70.110001,70.18,69.18,69.209999,62.603264,25215100
2017-06-28,69.209999,69.839996,68.790001,69.800003,63.136951,25806200
2017-06-29,69.379997,69.489998,68.089996,68.489998,61.952011,28918700
2017-06-30,68.779999,69.379997,68.739998,68.93,62.350006,24161100
2017-07-03,69.330002,69.599998,68.019997,68.169998,61.662544,16165500
2017-07-05,68.260002,69.440002,68.220001,69.080002,62.485691,21176300
2017-07-06,68.269997,68.779999,68.120003,68.57,62.024361,21117600
2017-07-07,68.699997,69.839996,68.699997,69.459999,62.829426,16878300
2017-07-10,69.459999,70.25,69.199997,69.980003,63.299763,15014500
2017-07-11,70,70.68,69.75,69.989998,63.308807,17460000
2017-07-12,70.690002,71.279999,70.550003,71.150002,64.35807,17750900
2017-07-13,71.5,72.040001,71.309998,71.769997,64.9189,20269800
2017-07-14,72.239998,73.269997,71.959999,72.779999,65.832489,25868100
2017-07-17,72.800003,73.449997,72.720001,73.349998,66.348091,21803900
2017-07-18,73.089996,73.389999,72.660004,73.300003,66.302856,26435300
2017-07-19,73.5,74.040001,73.449997,73.860001,66.809387,22416200
2017-07-20,74.18,74.300003,73.279999,74.220001,67.135017,42361000
2017-07-21,73.449997,74.290001,73.169998,73.790001,66.746094,46717100
2017-07-24,73.529999,73.75,73.129997,73.599998,66.574188,21394800
2017-07-25,73.800003,74.309998,73.5,74.190002,67.10788,22018700
2017-07-26,74.339996,74.379997,73.809998,74.050003,66.981255,16252200
2017-07-27,73.760002,74.419998,72.32,73.160004,66.176224,36844200
2017-07-28,72.669998,73.309998,72.540001,73.040001,66.06765,18306700
2017-07-31,73.300003,73.440002,72.410004,72.699997,65.760086,23600100
2017-08-01,73.099998,73.419998,72.489998,72.580002,65.651573,22132300
2017-08-02,72.550003,72.559998,71.440002,72.260002,65.362106,26499200
2017-08-03,72.190002,72.440002,71.849998,72.150002,65.262611,18214400
2017-08-04,72.400002,73.040001,72.239998,72.68,65.742035,22579000
2017-08-07,72.800003,72.900002,72.260002,72.400002,65.48877,18705700
2017-08-08,72.089996,73.129997,71.75,72.790001,65.841537,22044600
2017-08-09,72.25,72.510002,72.050003,72.470001,65.552071,22213400
2017-08-10,71.900002,72.190002,71.349998,71.410004,64.593269,24734500
2017-08-11,71.610001,72.699997,71.279999,72.5,65.579216,21443700
2017-08-14,73.059998,73.720001,72.949997,73.589996,66.565178,20096600
2017-08-15,73.589996,73.589996,73.040001,73.220001,66.583321,19181400
2017-08-16,73.339996,74.099998,73.169998,73.650002,66.97438,18150400
2017-08-17,73.580002,73.870003,72.400002,72.400002,65.837692,22977500
2017-08-18,72.269997,72.839996,71.93,72.489998,65.919502,18761500
2017-08-21,72.470001,72.480003,71.699997,72.150002,65.610329,17734800
2017-08-22,72.349998,73.239998,72.349998,73.160004,66.528824,14343700
2017-08-23,72.959999,73.150002,72.529999,72.720001,66.12867,13766500
2017-08-24,72.739998,72.860001,72.07,72.690002,66.101387,17098300
2017-08-25,72.860001,73.349998,72.480003,72.82,66.219612,12794300
2017-08-28,73.059998,73.089996,72.550003,72.830002,66.228714,14569700
2017-08-29,72.25,73.160004,72.050003,73.050003,66.428749,11478400
2017-08-30,73.010002,74.209999,72.830002,74.010002,67.301743,16897800
2017-08-31,74.029999,74.959999,73.800003,74.769997,67.992859,27652800
2017-09-01,74.709999,74.739998,73.639999,73.940002,67.238083,21736200
2017-09-05,73.339996,73.889999,72.980003,73.610001,66.937996,21556000
2017-09-06,73.739998,74.040001,73.349998,73.400002,66.74704,16535800
2017-09-07,73.68,74.599998,73.599998,74.339996,67.601822,17471200
2017-09-08,74.330002,74.440002,73.839996,73.980003,67.274467,14703800
2017-09-11,74.309998,74.940002,74.309998,74.760002,67.98378,17910400
2017-09-12,74.760002,75.239998,74.370003,74.68,67.911011,14394900
2017-09-13,74.93,75.230003,74.550003,75.209999,68.39299,13380800
2017-09-14,75,75.489998,74.519997,74.769997,67.992859,15733900
2017-09-15,74.830002,75.389999,74.07,75.309998,68.483917,38578400
2017-09-18,75.230003,75.970001,75.040001,75.160004,68.347504,23307000
2017-09-19,75.209999,75.709999,75.010002,75.440002,68.602119,16093300
2017-09-20,75.349998,75.550003,74.309998,74.940002,68.147453,21587900
2017-09-21,75.110001,75.239998,74.110001,74.209999,67.483627,19186100
2017-09-22,73.989998,74.510002,73.849998,74.410004,67.665489,14111400
2017-09-25,74.089996,74.25,72.919998,73.260002,66.61972,24149200
2017-09-26,73.669998,73.809998,72.989998,73.260002,66.61972,18019600
2017-09-27,73.550003,74.169998,73.169998,73.849998,67.156242,19565100
2017-09-28,73.540001,73.970001,73.309998,73.870003,67.174408,10883800
2017-09-29,73.940002,74.540001,73.879997,74.489998,67.738235,17079100
2017-10-02,74.709999,75.010002,74.300003,74.610001,67.847374,15304800
2017-10-03,74.669998,74.879997,74.190002,74.260002,67.529083,12190400
2017-10-04,74.089996,74.720001,73.709999,74.690002,67.920128,13317700
2017-10-05,75.220001,76.120003,74.959999,75.970001,69.084091,21195300
2017-10-06,75.669998,76.029999,75.540001,76,69.111389,13959800
2017-10-09,75.970001,76.550003,75.860001,76.290001,69.375076,11386500
2017-10-10,76.330002,76.629997,76.139999,76.290001,69.375076,13944500
2017-10-11,76.360001,76.459999,75.949997,76.419998,69.493294,15388900
2017-10-12,76.489998,77.290001,76.370003,77.120003,70.129883,16876500
2017-10-13,77.589996,77.870003,77.290001,77.489998,70.466316,15335700
2017-10-16,77.419998,77.809998,77.349998,77.650002,70.611832,12380100
2017-10-17,77.470001,77.620003,77.25,77.589996,70.557251,16824000
2017-10-18,77.669998,77.849998,77.370003,77.610001,70.575447,13300700
2017-10-19,77.57,77.93,77.349998,77.910004,70.848259,15092800
2017-10-20,78.32,78.970001,78.220001,78.809998,71.666672,22866400
2017-10-23,78.989998,79.339996,78.760002,78.830002,71.684853,20627200
2017-10-24,78.900002,79.199997,78.459999,78.860001,71.712128,17517200
2017-10-25,78.580002,79.099998,78.010002,78.629997,71.502953,20410800
2017-10-26,79.199997,79.419998,78.75,78.760002,71.621208,32120700
2017-10-27,84.370003,86.199997,83.610001,83.809998,76.21347,71066700
2017-10-30,83.699997,84.330002,83.110001,83.889999,76.286232,31756700
2017-10-31,84.360001,84.360001,83.110001,83.18,75.640564,27086600
2017-11-01,83.68,83.760002,82.879997,83.18,75.640564,22307400
2017-11-02,83.349998,84.459999,83.120003,84.050003,76.431732,23992900
2017-11-03,84.080002,84.540001,83.400002,84.139999,76.513565,17633500
2017-11-06,84.199997,84.699997,84.080002,84.470001,76.813644,19860900
2017-11-07,84.769997,84.900002,83.93,84.269997,76.631783,17939700
2017-11-08,84.139999,84.610001,83.830002,84.559998,76.8955,18034200
2017-11-09,84.110001,84.269997,82.900002,84.089996,76.468109,21178400
2017-11-10,83.790001,84.099998,83.230003,83.870003,76.268036,19397800
2017-11-13,83.660004,83.940002,83.459999,83.93,76.322578,14196900
2017-11-14,83.5,84.099998,82.980003,84.050003,76.431732,18801300
2017-11-15,83.470001,83.690002,82.690002,82.980003,75.837654,19383100
2017-11-16,83.099998,83.419998,82.940002,83.199997,76.038719,20962800
2017-11-17,83.120003,83.120003,82.239998,82.400002,75.307579,22079000
2017-11-20,82.400002,82.589996,82.25,82.529999,75.426399,16315000
2017-11-21,82.739998,83.839996,82.739998,83.720001,76.513985,21237500
2017-11-22,83.830002,83.900002,83.040001,83.110001,75.956459,20553100
2017-11-24,83.010002,83.43,82.779999,83.260002,76.093552,7425600
2017-11-27,83.309998,83.980003,83.300003,83.870003,76.65107,18265200
2017-11-28,84.07,85.059998,84.019997,84.879997,77.57412,21926000
2017-11-29,84.709999,84.919998,83.18,83.339996,76.166664,27381100
2017-11-30,83.510002,84.519997,83.339996,84.169998,76.925262,33054600
2017-12-01,83.599998,84.809998,83.220001,84.260002,77.007477,29532100
2017-12-04,84.419998,84.43,80.699997,81.080002,74.101212,39094900
2017-12-05,81.339996,82.68,80.980003,81.589996,74.567307,26152300
2017-12-06,81.550003,83.139999,81.43,82.779999,75.654877,26162100
2017-12-07,82.540001,82.800003,82,82.489998,75.389839,23184500
2017-12-08,83.629997,84.580002,83.330002,84.160004,76.916092,24489100
2017-12-11,84.290001,85.370003,84.120003,85.230003,77.89399,22857900
2017-12-12,85.309998,86.050003,85.080002,85.580002,78.213875,23924100
2017-12-13,85.739998,86,85.169998,85.349998,78.003677,22062700
2017-12-14,85.43,85.870003,84.529999,84.690002,77.400482,19306000
2017-12-15,85.260002,87.089996,84.879997,86.849998,79.374565,53936700
2017-12-18,87.120003,87.5,86.230003,86.379997,78.945,22283800
2017-12-19,86.349998,86.349998,85.269997,85.830002,78.44236,23524800
2017-12-20,86.199997,86.300003,84.709999,85.519997,78.159027,23674900
2017-12-21,86.050003,86.099998,85.400002,85.5,78.140762,17990700
2017-12-22,85.400002,85.629997,84.919998,85.510002,78.14991,14145800
2017-12-26,85.309998,85.529999,85.029999,85.400002,78.04937,9891200
2017-12-27,85.650002,85.980003,85.220001,85.709999,78.332672,14678000
2017-12-28,85.900002,85.93,85.550003,85.720001,78.341843,10594300
2017-12-29,85.629997,86.050003,85.5,85.540001,78.177315,18717400
2018-01-02,86.129997,86.309998,85.5,85.949997,78.552055,22483800
2018-01-03,86.059998,86.510002,85.970001,86.349998,78.91758,26061400
2018-01-04,86.589996,87.660004,86.57,87.110001,79.612183,21912000
2018-01-05,87.660004,88.410004,87.43,88.190002,80.599228,23407100
2018-01-08,88.199997,88.580002,87.599998,88.279999,80.681488,22113000
2018-01-09,88.650002,88.730003,87.860001,88.220001,80.626656,19484300
2018-01-10,87.860001,88.190002,87.410004,87.82,80.261093,18652200
2018-01-11,88.129997,88.129997,87.239998,88.080002,80.498695,17808900
2018-01-12,88.669998,89.779999,88.449997,89.599998,81.887871,24271500
2018-01-16,90.099998,90.790001,88.010002,88.349998,80.745453,36599700
2018-01-17,89.080002,90.279999,88.75,90.139999,82.381393,25621200
2018-01-18,89.800003,90.669998,89.660004,90.099998,82.344841,24159700
2018-01-19,90.139999,90.610001,89.660004,90,82.253441,36875000
2018-01-22,90,91.620003,89.739998,91.610001,83.724854,23601600
2018-01-23,91.900002,92.300003,91.540001,91.900002,83.989906,23412800
2018-01-24,92.550003,93.43,91.580002,91.82,83.916786,33277500
2018-01-25,92.470001,93.239998,91.93,92.330002,84.382896,26383200
2018-01-26,93.120003,94.059998,92.580002,94.059998,85.963974,29172200
2018-01-29,95.139999,95.449997,93.720001,93.919998,85.836037,31569900
2018-01-30,93.300003,93.660004,92.099998,92.739998,84.757591,38635100
2018-01-31,93.75,95.400002,93.510002,95.010002,86.832237,48756300
2018-02-01,94.790001,96.07,93.580002,94.260002,86.146744,47227900
2018-02-02,93.639999,93.970001,91.5,91.779999,83.880219,47867800
2018-02-05,90.559998,93.239998,88,88,80.425583,51031500
2018-02-06,86.889999,91.480003,85.25,91.330002,83.468956,67998600
2018-02-07,90.489998,91.769997,89.199997,89.610001,81.896988,41107600
2018-02-08,89.709999,89.879997,84.760002,85.010002,77.692955,55628700
2018-02-09,86.300003,88.93,83.830002,88.18,80.590096,63499100
2018-02-12,88.739998,89.779999,87.93,89.129997,81.458298,35720300
2018-02-13,88.93,90,87.800003,89.830002,82.098083,26407700
2018-02-14,88.510002,90.989998,88.410004,90.809998,83.383591,34960900
2018-02-15,91.209999,92.720001,90.620003,92.660004,85.08226,27823900
2018-02-16,92.449997,93.5,91.800003,92,84.47625,30596900
2018-02-20,91.480003,93.059998,91.010002,92.720001,85.137375,30911700
2018-02-21,92.980003,93.360001,91.489998,91.489998,84.00798,26922500
2018-02-22,92.050003,92.730003,91.360001,91.730003,84.228325,24392800
2018-02-23,93.599998,94.07,92.360001,94.059998,86.367783,26329200
2018-02-26,94.400002,95.449997,94.25,95.419998,87.616585,30199800
2018-02-27,95.739998,95.839996,94.199997,94.199997,86.496346,25869100
2018-02-28,94.839996,95.709999,93.629997,93.769997,86.101509,31167300
2018-03-01,93.989998,94.57,91.839996,92.849998,85.25676,37135600
2018-03-02,91.580002,93.150002,90.860001,93.050003,85.440414,32830400
2018-03-05,92.339996,94.269997,92.260002,93.639999,85.982147,23901600
2018-03-06,94.339996,94.489998,92.940002,93.32,85.688301,22175800
2018-03-07,93.160004,93.940002,92.43,93.860001,86.184151,26716100
2018-03-08,94.269997,95.099998,93.769997,94.43,86.707535,25887800
2018-03-09,95.290001,96.540001,95,96.540001,88.644989,36937300
2018-03-12,96.5,97.209999,96.040001,96.769997,88.856155,26073700
2018-03-13,97,97.239998,93.970001,94.410004,86.689163,35387800
2018-03-14,95.120003,95.410004,93.5,93.849998,86.174957,32132000
2018-03-15,93.529999,94.580002,92.830002,94.18,86.477982,27611000
2018-03-16,94.68,95.379997,93.919998,94.599998,86.863632,49081300
2018-03-19,93.739998,93.900002,92.110001,92.889999,85.293472,33344100
2018-03-20,93.050003,93.769997,93,93.129997,85.513832,23075200
2018-03-21,92.93,94.050003,92.209999,92.480003,84.917015,24457100
2018-03-22,91.269997,91.75,89.660004,89.790001,82.447006,38604700
2018-03-23,89.5,90.459999,87.080002,87.18,80.050415,44068900
2018-03-26,90.610001,94,90.400002,93.779999,86.11068,56396800
2018-03-27,94.940002,95.139999,88.510002,89.470001,82.15316,56569000
2018-03-28,89.82,91.230003,88.870003,89.389999,82.079704,52501100
2018-03-29,90.18,92.290001,88.400002,91.269997,83.805923,45867500
2018-04-02,90.470001,90.879997,87.510002,88.519997,81.280838,48515400
2018-04-03,89.580002,90.050003,87.889999,89.709999,82.373528,37213800
2018-04-04,87.849998,92.760002,87.730003,92.330002,84.779266,35560000
2018-04-05,92.440002,93.07,91.400002,92.379997,84.82518,29771900
2018-04-06,91.489998,92.459999,89.480003,90.230003,82.851021,38026000
2018-04-09,91.040001,93.169998,90.620003,90.769997,83.34684,31533900
2018-04-10,92.389999,93.279999,91.639999,92.879997,85.284302,26812000
2018-04-11,92.010002,93.290001,91.480003,91.860001,84.347717,24872100
2018-04-12,92.43,94.160004,92.43,93.580002,85.927055,26758900
2018-04-13,94.050003,94.18,92.440002,93.080002,85.467926,23346100
2018-04-16,94.07,94.660004,93.419998,94.169998,86.468765,20288100
2018-04-17,95,96.540001,94.879997,96.07,88.213409,26771000
2018-04-18,96.220001,96.720001,95.519997,96.440002,88.553146,21043300
2018-04-19,96.440002,97.07,95.339996,96.110001,88.25016,23552500
2018-04-20,95.910004,96.110001,94.050003,95,87.230927,31154400
2018-04-23,95.739998,96.290001,94.629997,95.349998,87.552299,22331800
2018-04-24,96.239998,96.470001,92.410004,93.120003,85.504669,34524800
2018-04-25,93.300003,93.300003,90.279999,92.309998,84.760902,33729300
2018-04-26,93.550003,95.150002,93.099998,94.260002,86.551422,42529000
2018-04-27,97.599998,97.900002,93.910004,95.82,87.983871,48272800
2018-04-30,96.330002,96.400002,93.150002,93.519997,85.871964,41523600
2018-05-01,93.209999,95.290001,92.790001,95,87.230927,31408900
2018-05-02,94.989998,95.169998,93.190002,93.510002,85.862785,27471000
2018-05-03,92.959999,94.93,92.449997,94.07,86.376968,31142500
2018-05-04,93.32,95.370003,92.919998,95.160004,87.377815,22531300
2018-05-07,95.169998,96.709999,95.099998,96.220001,88.351158,24242000
2018-05-08,95.849998,96.160004,95.059998,95.809998,87.974693,23484600
2018-05-09,96.010002,96.970001,95.050003,96.940002,89.01226,27327400
2018-05-10,97.459999,97.949997,97.050003,97.910004,89.902954,22388100
2018-05-11,97.800003,97.870003,97.040001,97.699997,89.710106,16778300
2018-05-14,97.919998,98.690002,97.309998,98.029999,90.013123,19454100
2018-05-15,97.239998,97.849998,96.339996,97.32,89.361214,24594000
2018-05-16,97.360001,97.400002,96.620003,97.150002,89.591774,17384700
2018-05-17,96.760002,97.540001,95.830002,96.18,88.697227,17246700
2018-05-18,96.010002,96.93,96.010002,96.360001,88.863228,17865800
2018-05-21,97,98.010002,96.800003,97.599998,90.006714,19422500
2018-05-22,97.68,98.169998,97.199997,97.5,89.914528,15441200
2018-05-23,96.709999,98.730003,96.32,98.660004,90.984283,21251200
2018-05-24,98.730003,98.940002,96.809998,98.309998,90.661499,26649300
2018-05-25,98.300003,98.980003,97.860001,98.360001,90.707619,18363900
2018-05-29,97.839996,98.879997,97.230003,98.010002,90.384842,28671000
2018-05-30,98.309998,99.25,97.910004,98.949997,91.251678,22158500
2018-05-31,99.290001,99.989998,98.610001,98.839996,91.150246,34140900
2018-06-01,99.279999,100.86,99.169998,100.79,92.94857,28655600
2018-06-04,101.26,101.86,100.85,101.67,93.760071,27281600
2018-06-05,102,102.33,101.53,102.19,94.239632,23514400
2018-06-06,102.48,102.6,101.9,102.49,94.516296,21122900
2018-06-07,102.65,102.69,100.38,100.88,93.031555,28232200
2018-06-08,101.09,101.95,100.54,101.63,93.72319,22165100
2018-06-11,101.01,101.59,100.67,101.05,93.188347,23490900
2018-06-12,101.1,101.45,100.75,101.31,93.428078,18325200
2018-06-13,101.72,102.01,100.56,100.85,93.003883,29492900
2018-06-14,101.65,102.03,101,101.42,93.529541,25691800
2018-06-15,101.51,101.53,100.07,100.13,92.339897,65738600
2018-06-18,100.01,101.11,99.419998,100.86,93.013107,23586000
2018-06-19,99.650002,101,99.5,100.86,93.013107,28653100
2018-06-20,101.37,102.52,101.12,101.87,93.944519,26180800
2018-06-21,102.08,102.46,100.88,101.14,93.271317,23198200
2018-06-22,100.41,100.77,99.629997,100.41,92.598122,38923100
2018-06-25,100,100.11,97.300003,98.389999,90.735237,35433300
2018-06-26,98.82,100.08,98.75,99.080002,91.371613,26897200
2018-06-27,99.580002,100.02,97.400002,97.540001,89.951401,31298400
2018-06-28,97.379997,99.110001,97.260002,98.629997,90.956596,26650700
2018-06-29,98.93,99.910004,98.330002,98.610001,90.938133,28053200
2018-07-02,98.099998,100.06,98,100.01,92.229218,19564500
2018-07-03,100.48,100.63,98.940002,99.050003,91.34391,14670300
2018-07-05,99.5,99.919998,99.029999,99.760002,91.998703,18977400
2018-07-06,99.889999,101.43,99.669998,101.16,93.28978,19234600
2018-07-09,101.65,102.25,101.25,101.85,93.926079,18212000
2018-07-10,102,102.51,101.86,102.12,94.175072,19293100
2018-07-11,101.15,102.34,101.1,101.98,94.045975,19644600
2018-07-12,102.77,104.41,102.73,104.19,96.084015,24335900
2018-07-13,104.37,105.6,104.09,105.43,97.227577,24635200
2018-07-16,105.4,105.82,104.52,104.91,96.748009,21786900
2018-07-17,104.61,106.5,104.32,105.95,97.707108,25901700
2018-07-18,105.94,106.05,104.72,105.12,96.941681,29493900
2018-07-19,104.93,105.31,103.89,104.4,96.277664,40171600
2018-07-20,108.08,108.2,106.08,106.27,98.002205,56004000
2018-07-23,106.3,108.14,106.13,107.97,99.569954,29707000
2018-07-24,108.57,108.82,107.26,107.66,99.284073,26316600
2018-07-25,107.96,111.15,107.6,110.83,102.20747,30702100
2018-07-26,110.74,111,109.5,109.62,101.09158,31372100
2018-07-27,110.18,110.18,106.14,107.68,99.302513,37005300
2018-07-30,107.19,107.53,104.76,105.37,97.172203,34668300
2018-07-31,106.49,106.72,105.38,106.08,97.826988,27655200
2018-08-01,106.03,106.45,105.42,106.28,98.011414,23628700
2018-08-02,105.4,108.09,104.84,107.57,99.201065,26104300
2018-08-03,107.8,108.05,106.82,108.04,99.634491,18659600
2018-08-06,108.12,108.42,107.56,108.13,99.717529,20265900
2018-08-07,108.56,109.1,108.17,108.88,100.40913,16080200
2018-08-08,109.33,109.75,108.76,109.49,100.9717,15487500
2018-08-09,109.71,110.16,109.6,109.67,101.1377,13677200
2018-08-10,109.42,109.69,108.38,109,100.51982,18183700
2018-08-13,109.24,109.58,108.1,108.21,99.79129,18472500
2018-08-14,108.56,109.75,108.04,109.56,101.03625,16788300
2018-08-15,108.49,108.99,106.82,107.66,99.666145,29982800
2018-08-16,108.3,108.86,107.3,107.64,99.647606,21384300
2018-08-17,107.36,107.9,106.69,107.58,99.592094,18061500
2018-08-20,107.51,107.9,106.48,106.87,98.934807,17914200
2018-08-21,106.92,107.35,105.85,105.98,98.110863,22881900
2018-08-22,105.85,107.34,105.78,107.06,99.110687,18000600
2018-08-23,107.15,108.18,106.87,107.56,99.573578,18167700
2018-08-24,107.67,108.56,107.56,108.4,100.35118,17234000
2018-08-27,109.27,109.64,108.51,109.6,101.46208,19662300
2018-08-28,109.94,110.5,109.79,110.26,102.07308,19151500
2018-08-29,110.45,112.03,110.27,112.02,103.70242,20818000
2018-08-30,111.67,112.61,111.44,111.95,103.6376,22798700
2018-08-31,111.69,112.78,111.52,112.33,103.9894,23222700
2018-09-04,110.85,111.96,110.22,111.71,103.41542,22634600
2018-09-05,111.01,111.42,108.1,108.49,100.4345,32872400
2018-09-06,108.25,108.99,107.51,108.74,100.66595,23477600
2018-09-07,108.23,108.72,107.23,108.21,100.17529,22498600
2018-09-10,108.84,109.64,108.36,109.38,101.25842,20727900
2018-09-11,108.9,111.59,108.89,111.24,102.98033,24301800
2018-09-12,111.43,111.85,110.51,111.71,103.41542,18891100
2018-09-13,112.12,113.73,112.12,112.91,104.52634,26055600
2018-09-14,113.36,113.73,112.44,113.37,104.95216,19122300
2018-09-17,113.69,113.7,111.86,112.14,103.81348,20736500
2018-09-18,112.19,113.7,111.72,113.21,104.80406,22170900
2018-09-19,113.05,113.32,111.04,111.7,103.40615,21728400
2018-09-20,112.28,113.8,111.93,113.57,105.13729,23714500
2018-09-21,114,115.29,113.51,114.26,105.77608,71229700
2018-09-24,113.03,114.9,112.22,114.67,106.15565,27334500
2018-09-25,114.8,115.1,113.75,114.45,105.95198,22668000
2018-09-26,114.47,115.06,113.74,113.98,105.51688,19352000
2018-09-27,114.78,114.91,114.2,114.41,105.91495,19091300
2018-09-28,114.19,114.57,113.68,114.37,105.87791,21647800
2018-10-01,114.75,115.68,114.73,115.61,107.02587,18883100
2018-10-02,115.3,115.84,114.44,115.15,106.59998,20787200
2018-10-03,115.42,116.18,114.93,115.17,106.61852,16648000
2018-10-04,114.61,114.76,111.63,112.79,104.41524,34821700
2018-10-05,112.63,113.17,110.64,112.13,103.80422,29068900
2018-10-08,111.66,112.03,109.34,110.85,102.61926,29640600
2018-10-09,111.14,113.08,110.8,112.26,103.92459,26198600
2018-10-10,111.24,111.5,105.79,106.16,98.277504,61376300
2018-10-11,105.35,108.93,104.2,105.91,98.046074,63904300
2018-10-12,109.01,111.24,107.12,109.57,101.43431,47742100
2018-10-15,108.91,109.48,106.95,107.6,99.610596,32068100
2018-10-16,109.54,111.41,108.95,111,102.75813,31610200
2018-10-17,111.68,111.81,109.55,110.71,102.48965,26548200
2018-10-18,110.1,110.53,107.83,108.5,100.44376,32506200
2018-10-19,108.93,110.86,108.21,108.66,100.59189,32785500
2018-10-22,109.32,110.54,108.24,109.63,101.48987,26545600
2018-10-23,107.77,108.97,105.11,108.1,100.07348,43770400
2018-10-24,108.41,108.49,101.59,102.32,94.722633,63897800
2018-10-25,106.55,109.27,106.15,108.3,100.25864,61646800
2018-10-26,105.69,108.75,104.76,106.96,99.01812,55523100
2018-10-29,108.11,108.7,101.63,103.85,96.139023,55162000
2018-10-30,103.66,104.38,100.11,103.73,96.027954,65350900
2018-10-31,105.44,108.14,105.39,106.81,98.87925,51062400
2018-11-01,107.05,107.32,105.53,105.92,98.055344,33384200
2018-11-02,106.48,107.32,104.98,106.16,98.277504,37680200
2018-11-05,106.37,107.74,105.9,107.51,99.527298,27922100
2018-11-06,107.38,108.84,106.28,107.72,99.721703,24340200
2018-11-07,109.44,112.24,109.4,111.96,103.64687,37901700
2018-11-08,111.8,112.21,110.91,111.75,103.45246,25644100
2018-11-09,110.85,111.45,108.76,109.57,101.43431,32039200
2018-11-12,109.42,109.96,106.1,106.87,98.934807,33621800
2018-11-13,107.55,108.74,106.64,106.94,98.999603,35374600
2018-11-14,108.1,108.26,104.47,104.97,97.595688,39495100
2018-11-15,104.99,107.8,103.91,107.28,99.743408,38505200
2018-11-16,107.08,108.88,106.8,108.29,100.68245,33502100
2018-11-19,108.27,108.56,103.55,104.62,97.270287,44773900
2018-11-20,101.8,102.97,99.349998,101.71,94.564705,64052500
2018-11-21,103.6,104.43,102.24,103.11,95.866333,28130600
2018-11-23,102.17,103.81,102,103.07,95.829155,13823100
2018-11-26,104.79,106.63,104.58,106.47,98.990295,32336200
2018-11-27,106.27,107.33,105.36,107.14,99.613235,29124500
2018-11-28,107.89,111.33,107.86,111.12,103.31364,46788500
2018-11-29,110.33,111.12,109.03,110.19,102.44895,28123200
2018-11-30,110.7,110.97,109.36,110.89,103.0998,33665600
2018-12-03,113,113.42,110.73,112.09,104.21549,34732800
2018-12-04,111.94,112.64,108.21,108.52,100.89628,45197000
2018-12-06,105.82,109.24,105,109.19,101.51922,49107400
2018-12-07,108.38,109.45,104.3,104.82,97.456223,45044900
2018-12-10,104.8,107.98,103.89,107.59,100.03161,40801500
2018-12-11,109.8,110.95,107.44,108.59,100.96136,42381900
2018-12-12,110.89,111.27,109.04,109.08,101.41695,36183000
2018-12-13,109.58,110.87,108.63,109.45,101.76094,31333400
2018-12-14,108.25,109.26,105.5,106.03,98.58123,47043100
2018-12-17,105.41,105.8,101.71,102.89,95.661804,56957300
2018-12-18,103.75,104.51,102.52,103.97,96.665939,49319200
2018-12-19,103.65,106.88,101.35,103.69,96.405579,68198200
2018-12-20,103.05,104.31,98.779999,101.51,94.378746,70334200
2018-12-21,101.63,103,97.459999,98.230003,91.329163,111242100
2018-12-24,97.68,97.970001,93.980003,94.129997,87.517227,43935200
2018-12-26,95.139999,100.69,93.959999,100.56,93.495499,51634800
2018-12-27,99.300003,101.19,96.400002,101.18,94.071938,49498500
2018-12-28,102.09,102.41,99.519997,100.39,93.33744,38196300
2018-12-31,101.29,102.4,100.44,101.57,94.434555,33173800
2019-01-02,99.550003,101.75,98.940002,101.12,94.016129,35329300
2019-01-03,100.1,100.19,97.199997,97.400002,90.55748,42579100
2019-01-04,99.720001,102.51,98.93,101.93,94.769257,44060600
2019-01-07,101.64,103.27,100.98,102.06,94.890106,35656100
2019-01-08,103.04,103.97,101.71,102.8,95.578117,31514400
2019-01-09,103.86,104.88,103.24,104.27,96.944862,32280800
2019-01-10,103.22,103.75,102.38,103.6,96.32193,30067600
2019-01-11,103.19,103.44,101.64,102.8,95.578117,28314200
2019-01-14,101.9,102.87,101.26,102.05,94.880821,28437100
2019-01-15,102.51,105.05,101.88,105.01,97.632896,31587600
2019-01-16,105.26,106.26,104.96,105.38,97.976883,29853900
2019-01-17,105,106.63,104.76,106.12,98.664902,28393000
2019-01-18,107.46,107.9,105.91,107.71,100.14318,37427600
2019-01-22,106.75,107.1,104.86,105.68,98.255829,32371300
2019-01-23,106.12,107.04,105.34,106.71,99.213463,25874300
2019-01-24,106.86,107,105.34,106.2,98.739265,23164800
2019-01-25,107.24,107.88,106.2,107.17,99.641129,31225600
2019-01-28,106.26,106.48,104.66,105.08,97.697952,29476700
2019-01-29,104.88,104.97,102.17,102.94,95.708305,31490500
2019-01-30,104.62,106.38,104.33,106.38,98.906616,49471900
2019-01-31,103.8,105.22,103.18,104.43,97.093628,55636400
2019-02-01,103.78,104.1,102.35,102.78,95.559525,35535700
2019-02-04,102.87,105.8,102.77,105.74,98.311592,31315100
2019-02-05,106.06,107.27,105.96,107.22,99.687614,27325400
2019-02-06,107,107,105.53,106.03,98.58123,20609800
2019-02-07,105.19,105.59,104.29,105.27,97.874596,29760700
2019-02-08,104.39,105.78,104.26,105.67,98.246506,21461100
2019-02-11,106.2,106.58,104.97,105.25,97.856018,18914100
2019-02-12,106.14,107.14,105.48,106.89,99.380768,25056600
2019-02-13,107.5,107.78,106.71,106.81,99.306427,18394900
2019-02-14,106.31,107.29,105.66,106.9,99.390091,21784700
2019-02-15,107.91,108.3,107.36,108.22,100.61736,26606900
2019-02-19,107.79,108.66,107.78,108.17,100.57088,18038500
2019-02-20,107.86,107.94,106.29,107.15,100.048,21607700
2019-02-21,106.9,109.48,106.87,109.41,102.15821,29063200
2019-02-22,110.05,111.2,109.82,110.97,103.61478,27763200
2019-02-25,111.76,112.18,111.26,111.59,104.1937,23750600
2019-02-26,111.26,113.24,111.17,112.36,104.91268,21536700
2019-02-27,111.69,112.36,110.88,112.17,104.73527,21487100
2019-02-28,112.04,112.88,111.73,112.03,104.60452,29083900
2019-03-01,112.89,113.02,111.67,112.53,105.07139,23501200
2019-03-04,113.02,113.25,110.8,112.26,104.81931,26608000
2019-03-05,112.25,112.39,111.23,111.7,104.2964,19538300
2019-03-06,111.87,112.66,111.43,111.75,104.3431,17687000
2019-03-07,111.4,111.55,109.87,110.39,103.07327,25339000
2019-03-08,109.16,110.71,108.8,110.51,103.1853,22818400
2019-03-11,110.99,112.95,110.98,112.83,105.35152,26491600
2019-03-12,112.82,113.99,112.65,113.62,106.08917,26132700
2019-03-13,114.13,115,113.78,114.5,106.91083,35513800
2019-03-14,114.54,115.2,114.33,114.59,106.99486,30763400
2019-03-15,115.34,117.25,114.59,115.91,108.22737,54681100
2019-03-18,116.17,117.61,116.05,117.57,109.77735,31207600
2019-03-19,118.09,118.44,116.99,117.65,109.85205,37588700
2019-03-20,117.39,118.75,116.71,117.52,109.73064,28113300
2019-03-21,117.14,120.82,117.09,120.22,112.25169,29854400
2019-03-22,119.5,119.59,117.04,117.05,109.29183,33624500
2019-03-25,116.56,118.01,116.32,117.66,109.86137,27067100
2019-03-26,118.62,118.71,116.85,117.91,110.0948,26097700
2019-03-27,117.88,118.21,115.52,116.77,109.03035,22733400
2019-03-28,117.44,117.58,116.13,116.93,109.17973,18334800
2019-03-29,118.07,118.32,116.96,117.94,110.12282,25399800
2019-04-01,118.95,119.11,118.1,119.02,111.13123,22789100
2019-04-02,119.06,119.48,118.52,119.19,111.28996,18142300
2019-04-03,119.86,120.43,119.15,119.97,112.01824,22860700
2019-04-04,120.1,120.23,118.38,119.36,111.44871,20112800
2019-04-05,119.39,120.23,119.37,119.89,111.94357,15826200
2019-04-08,119.81,120.02,118.64,119.93,111.98093,15116200
2019-04-09,118.63,119.54,118.58,119.28,111.37401,17612000
2019-04-10,119.76,120.35,119.54,120.19,112.22369,16477200
2019-04-11,120.54,120.85,119.92,120.33,112.35439,14209100
2019-04-12,120.64,120.98,120.37,120.95,112.93333,19745100
2019-04-15,120.94,121.58,120.57,121.05,113.02669,15792600
2019-04-16,121.64,121.65,120.1,120.77,112.76525,14071800
2019-04-17,121.24,121.85,120.54,121.77,113.69897,19300900
2019-04-18,122.19,123.52,121.3,123.37,115.19289,27991000
2019-04-22,122.62,124,122.57,123.76,115.55708,15648700
2019-04-23,124.1,125.58,123.83,125.44,117.12572,24025500
2019-04-24,125.79,125.85,124.52,125.01,116.72423,31257000
2019-04-25,130.06,131.37,128.83,129.14999,120.58981,38033900
2019-04-26,129.7,130.52,129.02,129.89,121.28074,23654900
2019-04-29,129.89999,130.17999,129.35001,129.77,121.16869,16324200
2019-04-30,129.81,130.7,129.39,130.60001,121.94369,24166500
2019-05-01,130.53,130.64999,127.7,127.88,119.40398,26821700
2019-05-02,127.98,128,125.52,126.21,117.84468,27350200
2019-05-03,127.36,129.42999,127.25,128.89999,120.35636,24911100
2019-05-06,126.39,128.56,126.11,128.14999,119.65607,24239800
2019-05-07,126.46,127.18,124.22,125.52,117.20039,36017700
2019-05-08,125.44,126.37,124.75,125.51,117.19109,28419000
2019-05-09,124.29,125.79,123.57,125.5,117.18172,27235800
2019-05-10,124.91,127.93,123.82,127.13,118.7037,30915100
2019-05-13,124.11,125.55,123.04,123.35,115.17425,33944900
2019-05-14,123.87,125.88,123.7,124.73,116.46277,25266300
2019-05-15,124.26,126.71,123.7,126.02,118.10283,24722700
2019-05-16,126.75,129.38,126.46,128.92999,120.83001,30112200
2019-05-17,128.31,130.46001,127.92,128.07001,120.02404,25770500
2019-05-20,126.52,127.59,125.76,126.22,118.29026,23706900
2019-05-21,127.43,127.53,126.58,126.9,118.92755,15293300
2019-05-22,126.62,128.24001,126.52,127.67,119.64915,15396500
2019-05-23,126.2,126.29,124.74,126.18,118.25279,23603800
2019-05-24,126.91,127.42,125.97,126.24,118.309,14123400
2019-05-28,126.98,128,126.05,126.16,118.23403,23128400
2019-05-29,125.38,125.39,124.04,124.94,117.0907,22763100
2019-05-30,125.26,125.76,124.78,125.73,117.83105,16829600
2019-05-31,124.23,124.62,123.32,123.68,115.90983,26646800
2019-06-03,123.85,124.37,119.01,119.84,112.31108,37983600
2019-06-04,121.28,123.28,120.65,123.16,115.42249,29382600
2019-06-05,124.95,125.87,124.21,125.83,117.92479,24926100
2019-06-06,126.44,127.97,125.6,127.82,119.78976,21459000
2019-06-07,129.19,132.25,128.25999,131.39999,123.14483,33885600
2019-06-10,132.39999,134.08,132,132.60001,124.26945,26477100
2019-06-11,133.88,134.24001,131.28,132.10001,123.8009,23913700
2019-06-12,131.39999,131.97,130.71001,131.49001,123.22916,17092500
2019-06-13,131.98,133,131.56,132.32001,124.00705,17200800
2019-06-14,132.25999,133.78999,131.64,132.45,124.12885,17821700
2019-06-17,132.63,133.73,132.53,132.85001,124.50371,14517800
2019-06-18,134.19,135.24001,133.57001,135.16,126.66862,25934500
2019-06-19,135,135.92999,133.81,135.69,127.16536,23744400
2019-06-20,137.45,137.66,135.72,136.95,128.34613,33042600
2019-06-21,136.58,137.73,136.46001,136.97,128.36493,36727900
2019-06-24,137,138.39999,137,137.78,129.12401,20628800
2019-06-25,137.25,137.59,132.73,133.42999,125.04724,33327400
2019-06-26,134.35001,135.74001,133.60001,133.92999,125.51593,23657700
2019-06-27,134.14,134.71001,133.50999,134.14999,125.72208,16557500
2019-06-28,134.57001,134.60001,133.16,133.96001,125.54401,30043000
2019-07-01,136.63,136.7,134.97,135.67999,127.15594,22613500
2019-07-02,136.12,136.59,135.34,136.58,127.9994,15237800
2019-07-03,136.8,137.74001,136.28999,137.46001,128.82413,13629300
2019-07-05,135.94,137.33,135.72,137.06,128.44931,18141100
2019-07-08,136.39999,137.10001,135.37,136.96001,128.35547,16779700
2019-07-09,136,136.97,135.8,136.46001,127.88691,19953100
2019-07-10,137.13,138.58,137.02,137.85001,129.18964,24204400
2019-07-11,138.2,139.22,137.87,138.39999,129.70508,22327900
2019-07-12,138.85001,139.13,138.00999,138.89999,130.17365,18936800
2019-07-15,139.44,139.53999,138.46001,138.89999,130.17365,16651500
2019-07-16,138.96001,139.05,136.52,137.08,128.46805,22726100
2019-07-17,137.7,137.92999,136.22,136.27,127.70889,20211000
2019-07-18,135.55,136.62,134.67,136.42,127.84944,30381800
2019-07-19,140.22,140.67,136.45,136.62,128.03688,48992400
2019-07-22,137.41,139.19,137.33,138.42999,129.73314,25074900
2019-07-23,139.75999,139.99001,138.03,139.28999,130.53915,18034600
2019-07-24,138.89999,140.74001,138.85001,140.72,131.8793,20738300
2019-07-25,140.42999,140.61,139.32001,140.19,131.38261,18356900
2019-07-26,140.37,141.67999,140.3,141.34,132.46033,19037600
2019-07-29,141.5,141.50999,139.37,141.03,132.16986,16605900
2019-07-30,140.14,141.22,139.8,140.35001,131.53258,16846500
2019-07-31,140.33,140.49001,135.08,136.27,127.70889,38598800
2019-08-01,137,140.94,136.92999,138.06,129.38643,40557500
2019-08-02,138.09,138.32001,135.25999,136.89999,128.29929,30791600
2019-08-05,133.3,133.92999,130.78,132.21001,123.90394,42749600
2019-08-06,133.8,135.67999,133.21001,134.69,126.22816,32696700
2019-08-07,133.78999,135.64999,131.83,135.28,126.7811,33414500
2019-08-08,136.60001,138.99001,135.92999,138.89,130.16431,27496500
2019-08-09,138.61,139.38,136.46001,137.71001,129.05841,23466700
2019-08-12,137.07001,137.86,135.24001,135.78999,127.25898,20484300
2019-08-13,136.05,138.8,135,138.60001,129.89252,25154600
2019-08-14,136.36,136.92,133.67,133.98,125.98087,32527300
2019-08-15,134.39,134.58,132.25,133.67999,125.69878,28074400
2019-08-16,134.88,136.46001,134.72,136.13,128.0025,24449100
2019-08-19,137.85001,138.55,136.89,138.41,130.14642,24355700
2019-08-20,138.21001,138.71001,137.24001,137.25999,129.06505,21170800
2019-08-21,138.55,139.49001,138,138.78999,130.50368,14970300
2019-08-22,138.66,139.2,136.28999,137.78,129.55399,18697000
2019-08-23,137.19,138.35001,132.8,133.39,125.42609,38508600
2019-08-26,134.99001,135.56,133.89999,135.45,127.36311,20312600
2019-08-27,136.39,136.72,134.66,135.74001,127.63574,23102100
2019-08-28,134.88,135.75999,133.55,135.56,127.46651,17393300
2019-08-29,137.25,138.44,136.91,138.12,129.87366,20168700
2019-08-30,139.14999,139.17999,136.27,137.86,129.62924,23940100
2019-09-03,136.61,137.2,135.7,136.03999,127.91784,18869300
2019-09-04,137.3,137.69,136.48,137.63,129.41296,17995900
2019-09-05,139.11,140.38,138.75999,140.05,131.68848,26101800
2019-09-06,140.03,140.17999,138.2,139.10001,130.79523,20824500
2019-09-09,139.59,139.75,136.46001,137.52,129.30956,25773900
2019-09-10,136.8,136.89,134.50999,136.08,127.95549,28903400
2019-09-11,135.91,136.27,135.09,136.12,127.99309,24726100
2019-09-12,137.85001,138.42,136.87,137.52,129.30956,27010000
2019-09-13,137.78,138.06,136.57001,137.32001,129.12143,23363100
2019-09-16,135.83,136.7,135.66,136.33,128.19058,16731400
2019-09-17,136.96001,137.52,136.42999,137.39,129.18727,17814200
2019-09-18,137.36,138.67,136.53,138.52,130.24979,23982100
2019-09-19,140.3,142.37,140.07001,141.07001,132.64761,35772100
2019-09-20,141.00999,141.64999,138.25,139.44,131.11487,39167300
2019-09-23,139.23,139.63,138.44,139.14,130.83276,17139300
2019-09-24,140.36,140.69,136.88,137.38,129.1779,29773200
2019-09-25,137.5,139.96001,136.03,139.36,131.03967,21382000
2019-09-26,139.44,140.17999,138.44,139.53999,131.20892,17456600
2019-09-27,140.14999,140.36,136.64999,137.73,129.50699,22477700
2019-09-30,138.05,139.22,137.78,139.03,130.72939,17280900
2019-10-01,139.66,140.25,137,137.07001,128.88635,21466600
2019-10-02,136.25,136.37,133.58,134.64999,126.61088,30521700
2019-10-03,134.95,136.75,133.22,136.28,128.14354,24132900
2019-10-04,136.75,138.25,136.42,138.12,129.87366,22897700
2019-10-07,137.14,138.17999,137.02,137.12,128.93336,15303700
2019-10-08,137.08,137.75999,135.62,135.67,127.56995,25550500
2019-10-09,137.46001,138.7,136.97,138.24001,129.98651,19749900
2019-10-10,138.49001,139.67,138.25,139.10001,130.79523,17654600
2019-10-11,140.12,141.03,139.5,139.67999,131.3405,25446000
2019-10-14,139.69,140.28999,139.52,139.55,131.21829,13304300
2019-10-15,140.06,141.78999,139.81,141.57001,133.11774,19695700
2019-10-16,140.78999,140.99001,139.53,140.41,132.02698,20751600
2019-10-17,140.95,141.42,139.02,139.69,131.34996,21460600
2019-10-18,139.75999,140,136.56,137.41,129.2061,32273500
2019-10-21,138.45,138.5,137.00999,138.42999,130.16513,20078200
2019-10-22,138.97,140.00999,136.25999,136.37,128.22813,27431000
2019-10-23,136.88,137.45,135.61,137.24001,129.04625,29844600
2019-10-24,139.39,140.42,138.67,139.94,131.58505,37029300
2019-10-25,139.34,141.14,139.2,140.73,132.3279,25959700
2019-10-28,144.39999,145.67,143.50999,144.19,135.5813,35280100
2019-10-29,144.08,144.5,142.64999,142.83,134.30247,20589500
2019-10-30,143.52,145,142.78999,144.61,135.97621,18496600
2019-10-31,144.89999,144.92999,142.99001,143.37,134.81024,24605100
2019-11-01,144.25999,144.42,142.97,143.72,135.13933,33128400
2019-11-04,144.83,145,144.16,144.55,135.91978,16912000
2019-11-05,144.97,145.02,143.91,144.46001,135.83516,18250200
2019-11-06,144.37,144.52,143.2,144.06,135.45901,16575800
2019-11-07,143.84,144.88,143.77,144.25999,135.64711,17786700
2019-11-08,143.98,145.99001,143.75999,145.96001,137.24561,16732700
2019-11-11,145.34,146.42,144.73,146.11,137.38664,14362600
2019-11-12,146.28,147.57001,146.06,147.07001,138.28934,18641600
2019-11-13,146.74001,147.46001,146.28,147.31,138.51497,16919200
2019-11-14,147.02,148.41,147,148.06,139.22025,19729800
2019-11-15,148.92999,149.99001,148.27,149.97,141.01619,23485700
2019-11-18,150.07001,150.55,148.98,150.34,141.36415,21534000
2019-11-19,150.88,151.33,150.2,150.39,141.41113,23935700
2019-11-20,150.31,150.84,148.46001,149.62,141.16579,25696800
2019-11-21,149.39999,149.8,148.5,149.48,141.03374,18576100
2019-11-22,150.07001,150.3,148.82001,149.59,141.1375,15901800
2019-11-25,150,151.35001,149.92,151.23,142.68486,22420900
2019-11-26,151.36,152.42,151.32001,152.03,143.43961,24620100
2019-11-27,152.33,152.5,151.52,152.32001,143.71327,15184400
2019-11-29,152.10001,152.3,151.28,151.38,142.82639,11977300
2019-12-02,151.81,151.83,148.32001,149.55,141.09976,27418400
2019-12-03,147.49001,149.42999,146.64999,149.31,140.87335,24066000
2019-12-04,150.14,150.17999,149.2,149.85001,141.38284,17574700
2019-12-05,150.05,150.32001,149.48,149.92999,141.4583,17869100
2019-12-06,150.99001,151.87,150.27,151.75,143.17548,16403500
2019-12-09,151.07001,152.21001,150.91,151.36,142.80748,16687400
2019-12-10,151.28999,151.89,150.75999,151.13,142.5905,16476100
2019-12-11,151.53999,151.87,150.33,151.7,143.1283,18856600
2019-12-12,151.64999,153.44,151.02,153.24001,144.58131,24612100
2019-12-13,153,154.89,152.83,154.53,145.79837,23845400
2019-12-16,155.11,155.89999,154.82001,155.53,146.74188,24144200
2019-12-17,155.45,155.71001,154.45,154.69,145.94933,25425600
2019-12-18,154.3,155.48,154.17999,154.37,145.64742,24129200
2019-12-19,154,155.77,153.75,155.71001,146.91173,24958900
2019-12-20,157.35001,158.49001,156.28999,157.41,148.51566,53477500
2019-12-23,158.12,158.12,157.27,157.41,148.51566,17718200
2019-12-24,157.48,157.71001,157.12,157.38,148.48738,8989200
2019-12-26,157.56,158.73,157.39999,158.67,149.70445,14520600
2019-12-27,159.45,159.55,158.22,158.96001,149.9781,18412800
2019-12-30,158.99001,159.02,156.73,157.59,148.68549,16348400
2019-12-31,156.77,157.77,156.45,157.7,148.78929,18369400
2020-01-02,158.78,160.73,158.33,160.62,151.54427,22622100
2020-01-03,158.32001,159.95,158.06,158.62,149.65727,21116200
2020-01-06,157.08,159.10001,156.50999,159.03,150.04411,20813700
2020-01-07,159.32001,159.67,157.32001,157.58,148.67604,21634100
2020-01-08,158.92999,160.8,157.95,160.09,151.04417,27746500
2020-01-09,161.84,162.22,161.03,162.09,152.9312,21385000
2020-01-10,162.82001,163.22,161.17999,161.34,152.22359,20725900
2020-01-13,161.75999,163.31,161.25999,163.28,154.05396,21626500
2020-01-14,163.39,163.60001,161.72,162.13,152.96895,23477400
2020-01-15,162.62,163.94,162.57001,163.17999,153.95959,21417900
2020-01-16,164.35001,166.24001,164.03,166.17,156.78065,23865400
2020-01-17,167.42,167.47,165.42999,167.10001,157.65814,34371700
2020-01-21,166.67999,168.19,166.42999,166.5,157.092,29517200
2020-01-22,167.39999,167.49001,165.67999,165.7,156.3372,24138800
2020-01-23,166.19,166.8,165.27,166.72,157.29959,19680800
2020-01-24,167.50999,167.53,164.45,165.03999,155.71449,24918100
2020-01-27,161.14999,163.38,160.2,162.28,153.11044,32078100
2020-01-28,163.78,165.75999,163.07001,165.46001,156.11076,24899900
2020-01-29,167.84,168.75,165.69,168.03999,158.54497,34754500
2020-01-30,174.05,174.05,170.78999,172.78,163.01718,51597500
2020-01-31,172.21001,172.39999,169.58,170.23,160.61125,36142700
2020-02-03,170.42999,174.5,170.39999,174.38,164.52675,30107000
2020-02-04,177.14,180.64,176.31,180.12,169.94246,36433300
2020-02-05,184.03,184.2,178.41,179.89999,169.73485,39186300
2020-02-06,180.97,183.82001,180.06,183.63,173.25409,27751400
2020-02-07,182.85001,185.63,182.48,183.89,173.49944,33529100
2020-02-10,183.58,188.84,183.25,188.7,178.0376,35844300
2020-02-11,190.64999,190.7,183.5,184.44,174.0183,53159900
2020-02-12,185.58,185.85001,181.85001,184.71001,174.27312,47062900
2020-02-13,183.08,186.23,182.87,183.71001,173.32957,35295800
2020-02-14,183.25,185.41,182.64999,185.35001,174.87692,23149500
2020-02-18,185.61,187.7,185.5,187.23,176.65068,27792200
2020-02-19,188.06,188.17999,186.47,187.28,177.18051,29997500
2020-02-20,186.95,187.25,181.10001,184.42,174.4747,36862400
2020-02-21,183.17,183.5,177.25,178.59,168.95911,48572600
2020-02-24,167.77,174.55,163.23,170.89,161.67438,68311100
2020-02-25,174.2,174.84,167.64999,168.07001,159.00645,68073300
2020-02-26,169.71001,173.25999,168.21001,170.17,160.99318,56206100
2020-02-27,163.32001,167.03,157.98,158.17999,149.64975,93174900
2020-02-28,152.41,163.71001,152,162.00999,153.27318,97012700
2020-03-02,165.31,172.92,162.31,172.78999,163.47188,71030800
2020-03-03,173.8,175,162.25999,164.50999,155.6384,71677000
2020-03-04,168.49001,170.7,165.62,170.55,161.35271,49814400
2020-03-05,166.05,170.87,165.69,166.27,157.30351,47817300
2020-03-06,162.61,163.11,156,161.57001,152.85696,72821100
2020-03-09,151,157.75,150,150.62,142.4975,70419300
2020-03-10,158.16,161.03,152.58,160.92,152.242,65354400
2020-03-11,157.13,157.7,151.14999,153.63,145.34515,56371600
2020-03-12,145.3,153.47,138.58,139.06,131.56085,93226400
2020-03-13,147.5,161.91,140.73,158.83,150.26469,92727400
2020-03-16,140,149.35001,135,135.42,128.11717,87905900
2020-03-17,140,147.5,135,146.57001,138.66583,81059800
2020-03-18,138,146,135.02,140.39999,132.8286,81593200
2020-03-19,142.77,150.14999,139,142.71001,135.01401,85922700
2020-03-20,146,147.10001,135.86,137.35001,129.9431,84866200
2020-03-23,137.00999,140.57001,132.52,135.98,128.64697,78975200
2020-03-24,143.75,149.60001,141.27,148.34,140.34039,82516700
2020-03-25,148.91,154.33,144.44,146.92,138.99699,75638200
2020-03-26,148.39999,156.66,148.37,156.11,147.69142,64568100
2020-03-27,151.75,154.89,149.2,149.7,141.62709,57042300
2020-03-30,152.44,160.60001,150.00999,160.23,151.58919,63420300
2020-03-31,159.39999,164.78,156.56,157.71001,149.20512,77927200
2020-04-01,153,157.75,150.82001,152.11,143.90712,57969900
2020-04-02,151.86,155.48,150.36,155.25999,146.88724,49630700
2020-04-03,155.10001,157.38,152.19,153.83,145.53433,41243300
2020-04-06,160.32001,166.5,157.58,165.27,156.35747,67111700
2020-04-07,169.59,170,163.25999,163.49001,154.67345,62769000
2020-04-08,165.67,166.67,163.5,165.13,156.22498,48318200
2020-04-09,166.36,167.37,163.33,165.14,156.23442,51385100
2020-04-13,164.35001,165.57001,162.3,165.50999,156.5845,41905300
2020-04-14,169,173.75,168,173.7,164.33284,52874300
2020-04-15,171.2,173.57001,169.24001,171.88,162.61099,40940800
2020-04-16,174.3,177.28,172.89999,177.03999,167.49274,50479600
2020-04-17,179.5,180,175.87,178.60001,168.96857,52765600
2020-04-20,176.63,178.75,174.99001,175.06,165.61949,36669600
2020-04-21,173.5,173.67,166.11,167.82001,158.7699,56203700
2020-04-22,171.39,174,170.82001,173.52,164.16254,34620200
2020-04-23,174.11,175.06,170.91,171.42,162.17577,32790800
2020-04-24,172.06,174.56,170.71001,174.55,165.13701,34277600
2020-04-27,176.59,176.89999,173.3,174.05,164.66391,33194400
2020-04-28,175.59,175.67,169.39,169.81,160.65259,34392700
2020-04-29,173.22,177.67999,171.88,177.42999,167.86166,51286600
2020-04-30,180,180.39999,176.23,179.21001,169.54568,53875900
2020-05-01,175.8,178.64,174.00999,174.57001,165.15593,39370500
2020-05-04,174.49001,179,173.8,178.84,169.19563,30372900
2020-05-05,180.62,183.64999,179.89999,180.75999,171.01207,36839200
2020-05-06,182.08,184.2,181.63,182.53999,172.69612,32139300
2020-05-07,184.17,184.55,182.58,183.60001,173.69891,28316000
2020-05-08,184.98,185,183.36,184.67999,174.72069,30877800
2020-05-11,183.14999,187.50999,182.85001,186.74001,176.6696,30892700
2020-05-12,186.8,187.03999,182.3,182.50999,172.66777,32038200
2020-05-13,182.55,184.05,176.53999,179.75,170.05656,44711500
2020-05-14,177.53999,180.69,175.67999,180.53,170.79451,41873900
2020-05-15,179.06,187.06,177,183.16,173.28267,46610400
2020-05-18,185.75,186.2,183.96001,184.91,174.93831,35264500
2020-05-19,185.03,186.60001,183.49001,183.63,173.72733,26799100
2020-05-20,184.81,185.85001,183.94,185.66,176.13704,31261300
2020-05-21,185.39999,186.67,183.28999,183.42999,174.02145,29119500
2020-05-22,183.19,184.46001,182.53999,183.50999,174.09731,20826900
2020-05-26,186.34,186.5,181.10001,181.57001,172.25682,36073600
2020-05-27,180.2,181.99001,176.60001,181.81,172.4845,39517100
2020-05-28,180.74001,184.14999,180.38,181.39999,172.09552,33810200
2020-05-29,182.73,184.27,180.41,183.25,173.85066,42130400
2020-06-01,182.53999,183,181.46001,182.83,173.45221,22622400
2020-06-02,184.25,185,181.35001,184.91,175.42551,30794600
2020-06-03,184.82001,185.94,183.58,185.36,175.85242,27311000
2020-06-04,184.3,185.84,182.3,182.92,173.53758,28761800
2020-06-05,182.62,187.73,182.00999,187.2,177.59805,39893600
2020-06-08,185.94,188.55,184.44,188.36,178.69859,33211600
2020-06-09,188,190.7,187.25999,189.8,180.0647,29783900
2020-06-10,191.13,198.52,191.00999,196.84,186.74356,43872300
2020-06-11,193.13,195.75999,186.07001,186.27,176.71573,52854700
2020-06-12,190.53999,191.72,185.17999,187.74001,178.11034,43373600
2020-06-15,184.58,190.82001,184.00999,188.94,179.24879,32770200
2020-06-16,192.89,195.58,191.46001,193.57001,183.64136,42556700
2020-06-17,195.03,196.32001,193.69,194.24001,184.27695,25687800
2020-06-18,194,196.49001,194,196.32001,186.25026,23061600
2020-06-19,198.59,199.28999,194.37,195.14999,185.14026,44441100
2020-06-22,195.78999,200.75999,195.23,200.57001,190.28226,32818900
2020-06-23,202.09,203.95,201.42999,201.91,191.55356,30917400
2020-06-24,201.60001,203.25,196.56,197.84,187.69234,36740600
2020-06-25,197.8,200.61,195.47,200.34,190.06406,27803900
2020-06-26,199.73,199.89,194.88,196.33,186.25977,54675800
2020-06-29,195.78,198.53,193.55,198.44,188.26149,26701600
2020-06-30,197.88,204.39999,197.74001,203.50999,193.0715,34310300
2020-07-01,203.14,206.35001,201.77,204.7,194.20042,32061200
2020-07-02,205.67999,208.02,205,206.25999,195.68044,29315800
2020-07-06,208.83,211.13,208.09,210.7,199.89267,31897600
2020-07-07,210.45,214.67,207.99001,208.25,197.56836,33600700
2020-07-08,210.07001,213.25999,208.69,212.83,201.91342,33600000
2020-07-09,216.33,216.38,211.47,214.32001,203.32703,33121700
2020-07-10,213.62,214.08,211.08,213.67,202.71033,26177600
2020-07-13,214.48,215.8,206.5,207.07001,196.44888,38135600
2020-07-14,206.13,208.85001,202.03,208.35001,197.66328,37591800
2020-07-15,209.56,211.33,205.03,208.03999,197.36909,32179400
2020-07-16,205.39999,205.7,202.31,203.92,193.46042,29940700
2020-07-17,204.47,205.03999,201.39,202.88,192.47379,31635300
2020-07-20,205,212.3,203.00999,211.60001,200.74651,36884800
2020-07-21,213.66,213.94,208.03,208.75,198.04271,37990400
2020-07-22,209.2,212.3,208.39,211.75,200.88882,49605700
2020-07-23,207.19,210.92,202.14999,202.53999,192.15121,67457000
2020-07-24,200.42,202.86,197.50999,201.3,190.97484,39827000
2020-07-27,201.47,203.97,200.86,203.85001,193.39407,30160900
2020-07-28,203.61,204.7,201.74001,202.02,191.65788,23251400
2020-07-29,202.5,204.64999,202.00999,204.06,193.59329,19632600
2020-07-30,201,204.46001,199.57001,203.89999,193.44144,25079600
2020-07-31,204.39999,205.10001,199.00999,205.00999,194.49451,51044000
2020-08-03,211.52,217.64,210.44,216.53999,205.43311,78983000
2020-08-04,214.17,214.77,210.31,213.28999,202.34982,49280100
2020-08-05,214.89999,215,211.57001,212.94,202.01781,28806400
2020-08-06,212.34,216.37,211.55,216.35001,205.25287,32656800
2020-08-07,214.85001,215.7,210.92999,212.48,201.58134,27820400
2020-08-10,211.67,211.88,206.35001,208.25,197.56836,36716500
2020-08-11,207.16,207.64999,203.14,203.38,192.94817,36446500
2020-08-12,205.28999,210.28,204.75,209.19,198.4601,28013100
2020-08-13,209.44,211.35001,208.14999,208.7,197.99525,22588900
2020-08-14,208.75999,209.59,207.50999,208.89999,198.18501,17958900
2020-08-17,209.60001,211.19,208.92,210.28,199.49426,20184800
2020-08-18,210.53,212.36,209.21001,211.49001,200.64215,21336200
2020-08-19,211.49001,212.10001,209.25,209.7,199.42487,27627600
2020-08-20,209.53999,215,208.91,214.58,204.06577,26981500
2020-08-21,213.86,216.25,212.85001,213.02,202.58223,36249300
2020-08-24,214.78999,215.52,212.42999,213.69,203.21939,25460100
2020-08-25,213.10001,216.61,213.10001,216.47,205.86317,23043700
2020-08-26,217.88,222.09,217.36,221.14999,210.31383,39600800
2020-08-27,222.89,231.14999,219.39999,226.58,215.47775,57602200
2020-08-28,228.17999,230.64,226.58,228.91,217.6936,26292900
2020-08-31,227,228.7,224.31,225.53,214.47925,28774200
2020-09-01,225.50999,227.45,224.42999,227.27,216.13397,25725500
2020-09-02,227.97,232.86,227.35001,231.64999,220.29935,34080800
2020-09-03,229.27,229.31,214.96001,217.3,206.65251,58400300
2020-09-04,215.10001,218.36,205.19,214.25,203.75194,59664100
2020-09-08,206.5,210.03,202.2,202.66,192.72987,52924300
2020-09-09,207.60001,214.84,206.7,211.28999,200.93695,45679000
2020-09-10,213.39999,214.74001,204.11,205.37,195.30705,35461500
2020-09-11,207.2,208.63,201.24001,204.03,194.03273,33620100
2020-09-14,204.24001,209.2,204.03,205.41,195.34508,30375800
2020-09-15,208.42,209.78,206.92999,208.78,198.54993,21823900
2020-09-16,210.62,210.64999,204.64,205.05,195.00273,26328100
2020-09-17,200.05,204.33,199.96001,202.91,192.96759,34011300
2020-09-18,202.8,203.64999,196.25,200.39,190.57106,55225300
2020-09-21,197.19,202.71001,196.38,202.53999,192.61572,39839700
2020-09-22,205.06,208.10001,202.08,207.42,197.25665,33517100
2020-09-23,207.89999,208.10001,200.03,200.59,190.76126,30803800
2020-09-24,199.85001,205.57001,199.2,203.19,193.23386,31202500
2020-09-25,203.55,209.03999,202.53999,207.82001,197.63702,29437300
2020-09-28,210.88,212.57001,208.06,209.44,199.17763,32004900
2020-09-29,209.35001,210.07001,206.81,207.25999,197.10446,24221900
2020-09-30,207.73,211.98,206.53999,210.33,200.02403,33829100
2020-10-01,213.49001,213.99001,211.32001,212.46001,202.04964,27158400
2020-10-02,208,210.99001,205.53999,206.19,196.08687,33154800
2020-10-05,207.22,210.41,206.98,210.38,200.07156,21331600
2020-10-06,208.82001,210.17999,204.82001,205.91,195.82062,28554300
2020-10-07,207.06,210.11,206.72,209.83,199.54848,25681100
2020-10-08,210.50999,211.19,208.32001,210.58,200.26178,19925800
2020-10-09,211.23,215.86,211.23,215.81,205.23546,26458000
2020-10-12,218.78999,223.86,216.81,221.39999,210.55162,40461400
2020-10-13,222.72,225.21001,220.42999,222.86,211.94006,28950800
2020-10-14,223,224.22,219.13,220.86,210.03802,23421700
2020-10-15,217.10001,220.36,216.00999,219.66,208.89687,22733100
2020-10-16,220.14999,222.28999,219.32001,219.66,208.89687,26057900
2020-10-19,220.42,222.3,213.72,214.22,203.72339,27625800
2020-10-20,215.8,217.37,213.09,214.64999,204.13232,22753500
2020-10-21,213.12,216.92,213.12,214.8,204.27502,22724900
2020-10-22,213.92999,216.06,211.7,214.89,204.3606,22351500
2020-10-23,215.03,216.28,213.16,216.23,205.63493,18879600
2020-10-26,213.85001,216.34,208.10001,210.08,199.78627,37111600
2020-10-27,211.59,214.67,210.33,213.25,202.80092,36700300
2020-10-28,207.67,208.84,202.10001,202.67999,192.74887,51195600
2020-10-29,204.07001,207.36,203.37,204.72,194.68889,31432600
2020-10-30,203.5,204.28999,199.62,202.47,192.54916,36953700
2020-11-02,204.28999,205.28,200.12,202.33,192.41599,30842200
2020-11-03,203.89,208.12,203.12,206.42999,196.31511,27512000
2020-11-04,214.02,218.32001,212.42,216.39,205.78706,42311800
2020-11-05,222.03999,224.12,221.14999,223.28999,212.34897,36080100
2020-11-06,222.25999,224.36,218.03,223.72,212.7579,25231900
2020-11-09,224.44,228.12,217.88,218.39,207.68909,44395000
2020-11-10,214.5,216.5,209.72,211.00999,200.67067,44045100
2020-11-11,212.39,218.03999,212.2,216.55,205.93921,29440800
2020-11-12,217.21001,219.11,214.46001,215.44,204.88364,21593900
2020-11-13,216.36,217.42,214.16,216.50999,205.90117,18621100
2020-11-16,214.87,217.74001,214.52,217.23,206.58591,24953300
2020-11-17,216.10001,217.67999,214.08,214.46001,203.95169,24154100
2020-11-18,213.64999,215.17,210.92999,211.08,201.26279,28372800
2020-11-19,211.38,213.03,209.92999,212.42,202.54047,24792700
2020-11-20,212.2,213.28999,210,210.39,200.6049,22843100
2020-11-23,210.95,212.28999,208.16,210.11,200.33791,25683500
2020-11-24,209.59,214.25,208.86,213.86,203.91353,33979700
2020-11-25,215.11,215.28999,212.46001,213.87,203.92305,21012900
2020-11-27,214.85001,216.27,214.03999,215.23,205.21979,14512200
2020-11-30,214.10001,214.75999,210.84,214.07001,204.11374,33064800
2020-12-01,214.50999,217.32001,213.35001,216.21001,206.15421,30904500
2020-12-02,214.88,215.47,212.8,215.37,205.35333,23724500
2020-12-03,214.61,216.38,213.64999,214.24001,204.27583,25120900
2020-12-04,214.22,215.38,213.17999,214.36,204.39027,24666000
2020-12-07,214.37,215.53999,212.99001,214.28999,204.32353,24620000
2020-12-08,213.97,216.95,212.89,216.00999,205.9635,23284100
2020-12-09,215.16,215.23,211.21001,211.8,201.94931,32440600
2020-12-10,211.77,213.08,210.36,210.52,200.72887,26733300
2020-12-11,210.05,213.32001,209.11,213.25999,203.34138,30979400
2020-12-14,213.10001,216.21001,212.88,214.2,204.2377,28798400
2020-12-15,215.17,215.42,212.24001,214.13,204.17097,27000600
2020-12-16,214.75,220.11,214.72,219.28,209.08139,35023300
2020-12-17,219.87,220.89,217.92,219.42,209.21492,32515800
2020-12-18,218.59,219.69,216.02,218.59,208.42349,63354900
2020-12-21,217.55,224,217.28,222.59,212.23749,37181900
2020-12-22,222.69,225.63,221.85001,223.94,213.52472,22612200
2020-12-23,223.11,223.56,220.8,221.02,210.74049,18699600
2020-12-24,221.42,223.61,221.2,222.75,212.39003,10550600
2020-12-28,224.45,226.03,223.02,224.96001,214.49722,17933500
2020-12-29,226.31,227.17999,223.58,224.14999,213.7249,17403200
2020-12-30,225.23,225.63,221.47,221.67999,211.3698,20272300
2020-12-31,221.7,223,219.67999,222.42,212.07538,20942100
2021-01-04,222.53,223,214.81,217.69,207.56538,37130100
2021-01-05,217.25999,218.52,215.7,217.89999,207.76561,23823000
2021-01-06,212.17,216.49001,211.94,212.25,202.37839,35930700
2021-01-07,214.03999,219.34,213.71001,218.28999,208.13748,27694500
2021-01-08,218.67999,220.58,217.03,219.62,209.40559,22956200
2021-01-11,218.47,218.91,216.73,217.49001,207.37471,23031300
2021-01-12,216.5,217.10001,213.32001,214.92999,204.93373,23249300
2021-01-13,214.02,216.75999,213.92999,216.34,206.27817,20087100
2021-01-14,215.91,217.46001,212.74001,213.02,203.11263,29480800
2021-01-15,213.52,214.50999,212.03,212.64999,202.75977,31746500
2021-01-19,213.75,216.98,212.63,216.44,206.37349,30480900
2021-01-20,217.7,225.78999,217.28999,224.34,213.90616,37777300
2021-01-21,224.7,226.3,222.42,224.97,214.50681,30709400
2021-01-22,227.08,230.07001,225.8,225.95,215.44121,30172700
2021-01-25,229.12,229.78,224.22,229.53,218.85471,33152100
2021-01-26,231.86,234.17999,230.08,232.33,221.52449,49169600
2021-01-27,238,240.44,230.14,232.89999,222.06798,69870600
2021-01-28,235.61,242.64,235.09,238.92999,227.81752,49111200
2021-01-29,235.99001,238.02,231.35001,231.96001,221.17171,42503100
2021-02-01,235.06,242.5,232.42999,239.64999,228.50403,33314200
2021-02-02,241.3,242.31,238.69,239.50999,228.37056,25916300
2021-02-03,239.57001,245.09,239.25999,243,231.69826,27158100
2021-02-04,242.66,243.24001,240.37,242.00999,230.75424,25296100
2021-02-05,242.23,243.28,240.42,242.2,230.93542,18054800
2021-02-08,243.14999,243.67999,240.81,242.47,231.1929,22211900
2021-02-09,241.87,244.75999,241.38,243.77,232.4324,23565000
2021-02-10,245,245.92,240.89,242.82001,231.52661,22186700
2021-02-11,244.78,245.14999,242.14999,244.49001,233.11893,15751100
2021-02-12,243.92999,245.3,242.73,244.99001,233.59566,16561100
2021-02-16,245.03,246.13,242.92,243.7,232.36565,26728500
2021-02-17,241.32001,244.31,240.94,244.2,233.37871,21653500
2021-02-18,241.8,243.92999,240.86,243.78999,232.98689,16925600
2021-02-19,243.75,243.86,240.17999,240.97,230.29181,25262600
2021-02-22,237.42,237.92999,232.39999,234.50999,224.11812,36446900
2021-02-23,230.33,234.83,228.73,233.27,222.93303,30228700
2021-02-24,230.00999,235.2,229,234.55,224.15634,26339700
2021-02-25,232.08,234.59,227.88,228.99001,218.84271,39542200
2021-02-26,231.53,235.37,229.53999,232.38,222.08246,37819200
2021-03-01,235.89999,237.47,233.14999,236.94,226.44041,25324000
2021-03-02,237.00999,237.3,233.45,233.87,223.50642,22812500
2021-03-03,232.16,233.58,227.25999,227.56,217.47606,34029500
2021-03-04,226.74001,232.49001,224.25999,226.73,216.68283,44727800
2021-03-05,229.52,233.27,226.46001,231.60001,221.33704,41872800
2021-03-08,231.37,233.37,227.13,227.39,217.31357,35267400
2021-03-09,232.88,235.38,231.67,233.78,223.42043,33080500
2021-03-10,237,237,232.03999,232.42,222.12068,29746800
2021-03-11,234.96001,239.17,234.31,237.13,226.62198,29907600
2021-03-12,234.00999,235.82001,233.23,235.75,225.30313,22653700
2021-03-15,234.96001,235.19,231.81,234.81,224.4048,26034900
2021-03-16,236.28,240.06,235.94,237.71001,227.17628,28092200
2021-03-17,236.14999,238.55,233.23,237.03999,226.536,29562100
2021-03-18,232.56,234.19,230.33,230.72,220.49608,34833000
2021-03-19,231.02,232.47,229.35001,230.35001,220.14243,46430700
2021-03-22,230.27,236.89999,230.14,235.99001,225.5325,30127000
2021-03-23,237.49001,241.05,237.07001,237.58,227.05209,31638400
2021-03-24,237.85001,238,235.32001,235.46001,225.02597,25620100
2021-03-25,235.3,236.94,231.57001,232.34,222.04427,34061900
2021-03-26,231.55,236.71001,231.55,236.48,226.00079,25479900
2021-03-29,236.59,236.8,231.88,235.24001,224.81577,25227500
2021-03-30,233.53,233.85001,231.10001,231.85001,221.57594,24792000
2021-03-31,232.91,239.10001,232.39,235.77,225.32224,43623500
2021-04-01,238.47,242.84,238.05,242.35001,231.61069,30338000
2021-04-05,242.75999,249.96001,242.7,249.07001,238.03287,36910600
2021-04-06,247.61,249.39999,246.88,247.86,236.8765,22931900
2021-04-07,247.81,250.92999,247.19,249.89999,238.82607,22719800
2021-04-08,252.77,254.14,252,253.25,242.02763,23625200
2021-04-09,252.87,255.99001,252.44,255.85001,244.51242,24326800
2021-04-12,254.71001,257.67001,254.62,255.91,244.56979,27148700
2021-04-13,257.26001,259.19,256.82999,258.48999,247.03546,23837500
2021-04-14,257.48001,258.82999,255.16,255.59,244.26398,23070900
2021-04-15,257.92999,259.92999,257.73001,259.5,248.00067,25627500
2021-04-16,259.47,261,257.60001,260.73999,249.18576,24878600
2021-04-19,260.19,261.48001,257.82001,258.73999,247.27438,23209300
2021-04-20,257.82001,260.20001,256.84,258.26001,246.81566,19722900
2021-04-21,258.94,260.67999,257.25,260.57999,249.03279,24030400
2021-04-22,260.20999,261.78,255.64,257.17001,245.77393,25606200
2021-04-23,257.88,261.51001,257.26999,261.14999,249.57758,21462600
2021-04-26,261.66,262.44,260.17001,261.54999,249.95985,19763300
2021-04-27,261.57999,263.19,260.12,261.97,250.36125,31014200
2021-04-28,256.07999,256.54001,252.95,254.56,243.2796,46903100
2021-04-29,255.46001,256.10001,249,252.50999,241.32043,40589000
2021-04-30,249.74001,253.08,249.60001,252.17999,241.00508,30945100
2021-05-03,253.39999,254.35001,251.12,251.86,240.69926,19626600
2021-05-04,250.97,251.21001,245.75999,247.78999,236.80962,32756100
2021-05-05,249.06,249.5,245.82001,246.47,235.54811,21901300
2021-05-06,246.45,249.86,244.69,249.73,238.6636,26491100
2021-05-07,252.14999,254.3,251.17,252.46001,241.27269,27032900
2021-05-10,250.87,251.73,247.12,247.17999,236.22662,29299900
2021-05-11,244.55,246.60001,242.57001,246.23,235.3187,33641600
2021-05-12,242.17,244.38,238.07001,239,228.40913,36684400
2021-05-13,241.8,245.60001,241.42,243.03,232.26051,29624300
2021-05-14,245.58,249.17999,245.49001,248.14999,237.15366,23901100
2021-05-17,246.55,246.59,243.52,245.17999,234.31528,24970200
2021-05-18,246.27,246.41,242.89999,243.08,232.30835,20168000
2021-05-19,239.31,243.23,238.60001,243.12,232.88307,25739800
2021-05-20,243.96001,247.95,243.86,246.48,236.10159,21800700
2021-05-21,247.57001,248.33,244.74001,245.17,234.84669,21863100
2021-05-24,247.78999,251.16,247.50999,250.78,240.22054,21411500
2021-05-25,251.77,252.75,250.82001,251.72,241.12093,17704300
2021-05-26,251.42999,252.94,250.75,251.49001,240.90063,17771600
2021-05-27,251.17,251.48,249.25,249.31,238.81241,24426200
2021-05-28,251,252.08,249.56,249.67999,239.16687,18270200
2021-06-01,251.23,251.28999,246.96001,247.39999,236.98286,23213300
2021-06-02,248.13,249.27,245.84,247.3,236.88708,19406700
2021-06-03,245.22,246.34,243,245.71001,235.36401,25307700
2021-06-04,247.75999,251.64999,247.50999,250.78999,240.2301,25281100
2021-06-07,249.98,254.09,249.81,253.81,243.12296,23079200
2021-06-08,255.16,256.01001,252.50999,252.57001,241.93518,22455000
2021-06-09,253.81,255.53,253.21001,253.59,242.91222,17937600
2021-06-10,254.28999,257.45999,253.67,257.23999,246.40852,24563600
2021-06-11,257.98999,258.48999,256.60999,257.89001,247.03114,18999700
2021-06-14,257.89999,259.95001,256.79999,259.89001,248.94701,19150500
2021-06-15,259.76999,259.98999,257.67999,258.35999,247.48131,18038900
2021-06-16,259.39999,260.57999,254.42,257.38,246.54265,27220000
2021-06-17,256.07001,261.75,256.01001,260.89999,249.91446,27565500
2021-06-18,259.63,262.29999,258.75,259.42999,248.50633,37202200
2021-06-21,259.82001,263.51999,257.92001,262.63,251.57155,26696100
2021-06-22,262.72,265.79001,262.39999,265.51001,254.33026,24694100
2021-06-23,265.98999,266.82999,264.42999,265.26999,254.10037,19518700
2021-06-24,266.16,267.85001,265.47,266.69,255.46069,21446900
2021-06-25,266.23001,267.25,264.76001,265.01999,253.86098,25611100
2021-06-28,266.19,268.89999,265.91,268.72,257.40515,19590000
2021-06-29,268.87,271.64999,267.98001,271.39999,259.97229,19937800
2021-06-30,270.69,271.35999,269.60001,270.89999,259.49338,21656500
2021-07-01,269.60999,271.84,269.60001,271.60001,260.16385,16725300
2021-07-02,272.82001,278,272.5,277.64999,265.95911,26458000
2021-07-06,278.03,279.37,274.29999,277.66,265.96866,31565600
2021-07-07,279.39999,280.69,277.14999,279.92999,268.14313,23260000
2021-07-08,276.89999,278.73001,274.87,277.42001,265.73886,24618600
2021-07-09,275.72,278.04999,275.32001,277.94,266.23697,23916700
2021-07-12,279.16,279.76999,276.57999,277.32001,265.64301,18931700
2021-07-13,277.51999,282.85001,277.39001,280.98001,269.14886,26120100
2021-07-14,282.35001,283.66,280.54999,282.51001,270.61453,23113700
2021-07-15,282,282.51001,279.82999,281.03,269.19684,22604200
2021-07-16,282.07001,284.10001,279.45999,280.75,268.92859,26186800
2021-07-19,278.92999,280.37,274.45001,277.01001,265.34604,32935600
2021-07-20,278.03,280.97,276.26001,279.32001,267.55875,26259700
2021-07-21,278.89999,281.51999,277.29001,281.39999,269.55121,24364300
2021-07-22,283.84,286.42001,283.42001,286.14001,274.09161,23384100
2021-07-23,287.37,289.98999,286.5,289.67001,277.47302,22768100
2021-07-26,289,289.69,286.64001,289.04999,276.879,23176100
2021-07-27,289.42999,289.57999,282.95001,286.54001,274.47476,33604100
2021-07-28,288.98999,290.14999,283.82999,286.22,274.16827,33566900
2021-07-29,286.23999,288.62,286.07999,286.5,274.43649,18168300
2021-07-30,285.17001,286.66,283.91,284.91,272.91342,20944800
2021-08-02,286.35999,286.76999,283.73999,284.82001,272.82724,16267400
2021-08-03,285.42001,287.23001,284,287.12,275.03036,17879000
2021-08-04,286.22,287.59,284.64999,286.51001,274.44601,16191300
2021-08-05,286.88,289.63,286.10001,289.51999,277.32935,13900200
2021-08-06,288.51001,289.5,287.62,289.45999,277.27191,16589300
2021-08-09,289.75,291.54999,287.81,288.32999,276.18939,16117600
2021-08-10,288.79999,289.25,285.20001,286.44,274.37903,18616600
2021-08-11,287.20999,288.66,285.85999,286.95001,274.86758,13955900
2021-08-12,286.63,289.97,286.34,289.81,277.60712,14561300
2021-08-13,289.48001,292.89999,289.29999,292.85001,280.5191,18249000
2021-08-16,293.19,294.82001,290.01999,294.60001,282.1954,22507600
2021-08-17,292.39001,293.42999,291.07999,293.07999,280.73938,20075300
2021-08-18,292.04001,294.82001,290.26999,290.73001,279.02151,21813000
2021-08-19,288.69,297.47,288.64001,296.76999,284.81821,29850500
2021-08-20,299.72,305.84,298.06,304.35999,292.10263,40817600
2021-08-23,303.25,305.39999,301.85001,304.64999,292.38092,22830200
2021-08-24,305.01999,305.64999,302,302.62,290.43271,18175800
2021-08-25,304.29999,304.59,300.42001,302.01001,289.84723,20006100
2021-08-26,300.98999,302.42999,298.95001,299.09,287.04486,17666100
2021-08-27,298.98999,300.87,296.82999,299.72,287.64951,22605700
2021-08-30,301.12,304.22,301.06,303.59,291.36362,16348100
2021-08-31,304.42001,304.5,301.5,301.88,289.72247,26285300
2021-09-01,302.87,305.19,301.48999,301.82999,289.6745,18983800
2021-09-02,302.20001,303.35999,300.17999,301.14999,289.02185,16285600
2021-09-03,300.98999,302.60001,300.26001,301.14001,289.01227,14747900
2021-09-07,301.01001,301.09,298.20001,300.17999,288.09094,17180400
2021-09-08,299.78,300.60999,297.47,300.20999,288.11969,15046800
2021-09-09,300.82001,302.14001,297,297.25,285.2789,19927000
2021-09-10,298.42001,299.92001,295.38,295.70999,283.80096,19633400
2021-09-13,297.54999,298.54001,294.07999,296.98999,285.02933,23652900
2021-09-14,299.56,301.39001,298.10001,299.79001,287.71667,21853400
2021-09-15,303.26001,305.32001,301.82001,304.82001,292.5441,28356300
2021-09-16,303.76001,305.31,300.76001,305.22,292.92798,19550800
2021-09-17,304.17001,304.5,299.53,299.87,287.7934,41372500
2021-09-20,296.32999,298.72,289.51999,294.29999,282.44772,38278700
2021-09-21,295.69,297.54001,294.07001,294.79999,282.92755,22364100
2021-09-22,296.73001,300.22,294.51001,298.57999,286.55533,26626300
2021-09-23,298.85001,300.89999,297.53,299.56,287.49585,18604600
2021-09-24,298.23001,299.79999,296.92999,299.35001,287.29437,14999000
2021-09-27,296.14001,296.47,292.94,294.17001,282.32294,23571700
2021-09-28,289.79999,290.78,282.75,283.51999,272.10181,43186200
2021-09-29,285.10001,286.76999,283.01001,284,272.56262,26353700
2021-09-30,285.70999,287.82999,281.62,281.92001,270.56635,32343600
2021-10-01,282.12,289.98001,281.29001,289.10001,277.45715,30086300
2021-10-04,287.39999,287.75,280.25,283.10999,271.70837,31350700
2021-10-05,284.04999,290.39999,284.04999,288.76001,277.13086,24993000
2021-10-06,285.78,293.63,285.51001,293.10999,281.30573,28002600
2021-10-07,295.17999,296.64001,293.92001,294.85001,282.97556,20430500
2021-10-08,296.22,296.64001,293.76001,294.85001,282.97556,17685700
2021-10-11,292.92001,297.97,292.75,294.23001,282.38052,19298600
2021-10-12,295.34,295.44,292.35001,292.88,281.08499,17974100
2021-10-13,294.91,297.28,293.48999,296.31,284.37686,23416300
2021-10-14,299.20999,303.26999,297.82999,302.75,290.5574,27262900
2021-10-15,302.34,304.45001,300.51999,304.20999,291.95868,25384800
2021-10-18,303.57001,308.20999,302.69,307.29001,294.91461,22729300
2021-10-19,308.35001,309.29999,307.22,308.23001,295.81674,17682100
2021-10-20,309.20999,309.70001,306.10999,307.41,295.02975,16537100
2021-10-21,307.17001,311.01999,306.35999,310.76001,298.24487,16918100
2021-10-22,310.39999,311.09,307.79999,309.16,296.70929,17449300
2021-10-25,309.35999,309.39999,306.45999,308.13,295.72073,17554500
2021-10-26,311,312.39999,308.60001,310.10999,297.62103,28107300
2021-10-27,316,326.10001,316,323.17001,310.15512,52588700
2021-10-28,324.32999,324.87,321.35999,324.35001,311.2876,26297900
2021-10-29,324.13,332,323.89999,331.62,318.2648,34766000
2021-11-01,331.35999,331.48999,326.37,329.37,316.10535,27073200
2021-11-02,330.31,333.45001,330,333.13,319.71396,26487100
2021-11-03,333.89999,334.89999,330.64999,334,320.54892,21500100
2021-11-04,332.89001,336.54001,329.51001,336.44,322.89069,23992200
2021-11-05,338.51001,338.79001,334.42001,336.06,322.52594,22570100
2021-11-08,337.29999,337.64999,334.44,336.98999,323.41849,20897000
2021-11-09,337.10999,338.72,334.53,335.95001,322.42044,21307400
2021-11-10,334.57001,334.63,329.92001,330.79999,317.47778,25500900
2021-11-11,331.25,333.76999,330.51001,332.42999,319.04211,16849800
2021-11-12,333.92001,337.23001,333.79001,336.72,323.15939,23831000
2021-11-15,337.54001,337.88,334.03,336.07001,322.53558,16723000
2021-11-16,335.67999,340.67001,335.51001,339.51001,325.83701,20886800
2021-11-17,338.94,342.19,338,339.12,326.0582,19053400
2021-11-18,338.17999,342.45001,337.12,341.26999,328.12524,22463500
2021-11-19,342.64001,345.10001,342.20001,343.10999,329.89441,21963400
2021-11-22,344.62,349.67001,339.54999,339.82999,326.74078,31031100
2021-11-23,337.04999,339.45001,333.56,337.67999,324.67361,30427600
2021-11-24,336.28,338.16,333.91,337.91,324.89471,21661300
2021-11-26,334.35001,337.92999,328.12,329.67999,316.98172,24217200
2021-11-29,334.94,339.03,334.73999,336.63,323.66403,28563500
2021-11-30,335.32001,337.78,328.98999,330.59,317.85672,42885600
2021-12-01,335.13,339.28,329.39001,330.07999,317.3663,33337600
2021-12-02,330.29999,333.48999,327.79999,329.48999,316.79907,30766000
2021-12-03,331.98999,332.70001,318.03,323.01001,310.56866,41779300
2021-12-06,323.95001,327.45001,319.23001,326.19,313.62619,30032600
2021-12-07,331.64001,335.79999,330.10001,334.92001,322.01996,31021900
2021-12-08,335.31,335.5,330.79999,334.97,322.06799,24761000
2021-12-09,334.41,336.48999,332.12,333.10001,320.27002,22214200
2021-12-10,334.98001,343,334.79001,342.54001,329.34647,38095700
2021-12-13,340.67999,343.79001,339.07999,339.39999,326.32733,28899400
2021-12-14,333.22,334.64001,324.10999,328.34,315.69342,44438700
2021-12-15,328.60999,335.19,324.5,334.64999,321.76031,35381100
2021-12-16,335.70999,336.76001,323.01999,324.89999,312.3858,35034800
2021-12-17,320.88,324.92001,317.25,323.79999,311.32825,47750300
2021-12-20,320.04999,322.79999,317.57001,319.91,307.58807,28326500
2021-12-21,323.29001,327.73001,319.79999,327.29001,314.68384,24740600
2021-12-22,328.29999,333.60999,325.75,333.20001,320.36615,24831500
2021-12-23,332.75,336.39001,332.73001,334.69,321.79871,19617800
2021-12-27,335.45999,342.48001,335.42999,342.45001,329.25986,19947000
2021-12-28,343.14999,343.81,340.32001,341.25,328.10608,15661500
2021-12-29,341.29999,344.29999,339.67999,341.95001,328.77917,15042000
2021-12-30,341.91,343.13,338.82001,339.32001,326.25043,15994500
2021-12-31,338.51001,339.35999,335.85001,336.32001,323.366,18000800
2022-01-03,335.35001,338,329.78,334.75,321.85651,28865100
2022-01-04,334.82999,335.20001,326.12,329.01001,316.33759,32674300
2022-01-05,325.85999,326.07001,315.98001,316.38,304.19403,40054300
2022-01-06,313.14999,318.70001,311.48999,313.88,301.79031,39646100
2022-01-07,314.14999,316.5,310.09,314.04001,301.94412,32720000
2022-01-10,309.48999,314.72,304.69,314.26999,302.16528,44289500
2022-01-11,313.38,316.60999,309.89001,314.98001,302.8479,29386800
2022-01-12,319.67001,323.41,317.07999,318.26999,306.0112,34372200
2022-01-13,320.47,320.88,304,304.79999,293.06,45366000
2022-01-14,304.25,310.82001,303.75,310.20001,298.25201,39846400
2022-01-18,304.07001,309.79999,301.73999,302.64999,290.99289,42333200
2022-01-19,306.29001,313.91,302.70001,303.32999,291.64664,45933900
2022-01-20,309.07001,311.64999,301.14001,301.60001,289.98331,35380700
2022-01-21,302.69,304.10999,295.60999,296.03,284.62781,57984400
2022-01-24,292.20001,297.10999,276.04999,296.37,284.95471,85731500
2022-01-25,291.51999,294.98999,285.17001,288.48999,277.3782,72848600
2022-01-26,307.98999,308.5,293.03,296.70999,285.28165,90428900
2022-01-27,302.66,307.29999,297.92999,299.84,288.29111,53481300
2022-01-28,300.23001,308.48001,294.45001,308.26001,296.38678,49743700
2022-01-31,308.95001,312.38,306.37,310.98001,299.00204,46444500
2022-02-01,310.41,310.63,305.13,308.76001,296.86752,40950400
2022-02-02,309.63,315.12,308.88,313.45999,301.38651,36636000
2022-02-03,309.48999,311.23001,299.95999,301.25,289.64676,43730000
2022-02-04,300.20999,308.79999,299.97,305.94,294.15616,35096500
2022-02-07,306.17001,307.84,299.89999,300.95001,289.35834,28533300
2022-02-08,301.25,305.56,299.95001,304.56,292.82922,32421200
2022-02-09,309.87,311.92999,307.39001,311.20999,299.22314,31284700
2022-02-10,304.04001,309.12,300.70001,302.38,290.73331,45386200
2022-02-11,303.19,304.29001,294.22,295.04001,283.67599,39175600
2022-02-14,293.76999,296.76001,291.35001,295,283.63751,36359500
2022-02-15,300.01001,300.79999,297.01999,300.47,288.89679,27058300
2022-02-16,298.37,300.87,293.67999,299.5,288.55957,29982100
2022-02-17,296.35999,296.79999,290,290.73001,280.10995,32461600
2022-02-18,293.04999,293.85999,286.31,287.92999,277.41229,34264000
2022-02-22,285,291.54001,284.5,287.72,277.2099,41736100
2022-02-23,290.17999,291.70001,280.10001,280.26999,270.03204,37811200
2022-02-24,272.51001,295.16,271.51999,294.59,283.82904,56989700
2022-02-25,295.14001,297.63,291.64999,297.31,286.44968,32546700
2022-02-28,294.31,299.14001,293,298.79001,287.87555,34627500
2022-03-01,296.39999,299.97,292.14999,294.95001,284.17584,31217800
2022-03-02,295.35999,301.47,293.70001,300.19,289.22443,31873000
2022-03-03,302.89001,303.13,294.04999,295.92001,285.11032,27314500
2022-03-04,294.29001,295.66,287.17001,289.85999,279.2717,32356500
2022-03-07,288.53,289.69,278.53,278.91,268.72177,43157200
2022-03-08,277.79999,283.95999,270,275.85001,265.77353,48159500
2022-03-09,283.44,289.60001,280.78,288.5,277.96146,35204500
2022-03-10,283.01999,286.60001,280.57999,285.59,275.15768,30628000
2022-03-11,287.95999,289.51001,279.42999,280.07001,269.83942,27209300
2022-03-14,280.34,285.39999,275.82001,276.44,266.34189,30660700
2022-03-15,280.35001,287.82001,278.73001,287.14999,276.66077,34245100
2022-03-16,289.10999,294.57001,283.20001,294.39001,283.63632,37826300
2022-03-17,293.29001,295.60999,289.37,295.22,284.43594,30816600
2022-03-18,295.37,301,292.73001,300.42999,289.45569,43390600
2022-03-21,298.89001,300.14001,294.89999,299.16,288.23206,28351200
2022-03-22,299.79999,305,298.76999,304.06,292.95303,27599700
2022-03-23,300.51001,303.23001,297.72,299.48999,288.54993,25715400
2022-03-24,299.14001,304.20001,298.32001,304.10001,292.99155,24484500
2022-03-25,305.23001,305.5,299.29001,303.67999,292.58682,22566500
2022-03-28,304.32999,310.79999,304.32999,310.70001,299.35052,29578200
2022-03-29,313.91,315.82001,309.04999,315.41,303.88846,30393400
2022-03-30,313.76001,315.95001,311.57999,313.85999,302.39505,28163600
2022-03-31,313.89999,315.14001,307.89001,308.31,297.04776,33422100
2022-04-01,309.37,310.13,305.54001,309.42001,298.11722,27110500
2022-04-04,310.09,315.10999,309.70999,314.97,303.4646,24289600
2022-04-05,313.26999,314.87,309.87,310.88,299.52396,23156700
2022-04-06,305.19,307,296.70999,299.5,288.55957,40110400
2022-04-07,296.66,303.64999,296.35001,301.37,290.36133,31411200
2022-04-08,300.44,301.12,296.28,296.97,286.12198,24361900
2022-04-11,291.79001,292.60999,285,285.26001,274.83984,34569300
2022-04-12,289.23999,290.73999,280.48999,282.06,271.75662,30966700
2022-04-13,282.73001,288.57999,281.29999,287.62,277.11362,21907200
2022-04-14,288.09,288.31,279.32001,279.82999,269.60818,28221600
2022-04-18,278.91,282.45999,278.34,280.51999,270.27289,20778000
2022-04-19,279.38,286.17001,278.41,285.29999,274.87833,22297700
2022-04-20,289.39999,289.70001,285.37,286.35999,275.89963,22906700
2022-04-21,288.57999,293.29999,280.06,280.81,270.55231,29454600
2022-04-22,281.67999,283.20001,273.38,274.03,264.02008,29405800
2022-04-25,273.29001,281.10999,270.76999,280.72,270.46561,35678900
2022-04-26,277.5,278.35999,270,270.22,260.34918,46518400
2022-04-27,282.10001,290.97,279.16,283.22,272.87433,63477700
2022-04-28,285.19,290.98001,281.45999,289.63,279.05017,33646600
2022-04-29,288.60999,289.88,276.5,277.51999,267.38248,37073900
2022-05-02,277.70999,284.94,276.22,284.47,274.07858,35151100
2022-05-03,283.95999,284.13,280.14999,281.78,271.48691,25978600
2022-05-04,282.59,290.88,276.73001,289.98001,279.38745,33599300
2022-05-05,285.54001,286.35001,274.34,277.35001,267.21878,43260400
2022-05-06,274.81,279.25,271.26999,274.73001,264.69446,37780300
2022-05-09,270.06,272.35999,263.32001,264.57999,254.91518,47726000
2022-05-10,271.69,273.75,265.07001,269.5,259.65549,39336400
2022-05-11,265.67999,271.35999,259.29999,260.54999,251.03236,48975900
2022-05-12,257.69,259.88,250.02,255.35001,246.02237,51033800
2022-05-13,257.35001,263.04001,255.35001,261.12,251.58163,34925100
2022-05-16,259.95999,265.82001,255.78,261.5,251.94769,32550900
2022-05-17,266.10999,268.32999,262.45999,266.82001,257.07333,28828800
2022-05-18,263,263.60001,252.77,254.08,245.3689,31356000
2022-05-19,253.89999,257.67001,251.88,253.14,244.46112,32692300
2022-05-20,257.23999,258.54001,246.44,252.56,243.90103,39199300
2022-05-23,255.49001,261.5,253.42999,260.64999,251.71367,33175400
2022-05-24,257.89001,261.32999,253.5,259.62,250.71896,29043900
2022-05-25,258.14001,264.57999,257.13,262.51999,253.51959,28547900
2022-05-26,262.26999,267.10999,261.42999,265.89999,256.78366,25002100
2022-05-27,268.48001,273.34,267.56,273.23999,263.87198,26910800
2022-05-31,272.53,274.76999,268.92999,271.87,262.54895,37827700
2022-06-01,275.20001,277.69,270.04001,272.42001,263.08017,25292200
2022-06-02,264.45001,274.64999,261.60001,274.57999,265.16608,44008200
2022-06-03,270.31,273.45001,268.41,270.01999,260.76245,28059000
2022-06-06,272.06,274.17999,267.22,268.75,259.53601,22400300
2022-06-07,266.64001,273.13,265.94,272.5,263.15735,22860700
2022-06-08,271.70999,273,269.60999,270.41,261.13901,17372300
2022-06-09,267.78,272.70999,264.63,264.79001,255.71173,26439700
2022-06-10,260.57999,260.57999,252.53,252.99001,244.31628,31422800
2022-06-13,245.11,249.02,241.53,242.25999,233.95416,46135800
2022-06-14,243.86,245.74001,241.50999,244.49001,236.10771,28651500
2022-06-15,248.31,255.3,246.42,251.75999,243.12848,33111700
2022-06-16,245.98,247.42,243.02,244.97,236.57126,33169200
2022-06-17,244.7,250.5,244.03,247.64999,239.15936,43084800
2022-06-21,250.25999,254.75,249.50999,253.74001,245.04059,29928300
2022-06-22,251.89,257.17001,250.37,253.13,244.45149,25939900
2022-06-23,255.57001,259.37,253.63,258.85999,249.98512,25861400
2022-06-24,261.81,267.98001,261.72,267.70001,258.522,33923200
2022-06-27,268.20999,268.29999,263.28,264.89001,255.80832,24615100
2022-06-28,263.98001,266.91,256.32001,256.48001,247.68666,27295500
2022-06-29,257.59,261.97,255.75999,260.26001,251.33705,20069800
2022-06-30,257.04999,259.53,252.89999,256.82999,248.02466,31730900
2022-07-01,256.39001,259.76999,254.61,259.57999,250.68031,22837700
2022-07-05,256.16,262.98001,254.74001,262.85001,253.8382,22941000
2022-07-06,263.75,267.98999,262.39999,266.20999,257.08307,23824400
2022-07-07,265.12,269.06,265.01999,268.39999,259.19791,20859900
2022-07-08,264.79001,268.10001,263.29001,267.66,258.48331,19658800
2022-07-11,265.64999,266.53,262.17999,264.51001,255.44136,19455200
2022-07-12,265.88,265.94,252.03999,253.67,244.97296,35868500
2022-07-13,250.19,253.55,248.11,252.72,244.05556,29497400
2022-07-14,250.57001,255.14,245.94,254.08,245.3689,25102800
2022-07-15,255.72,260.37,254.77,256.72,247.9184,29774100
2022-07-18,259.75,260.84,253.3,254.25,245.53311,20975000
2022-07-19,257.57999,259.72,253.67999,259.53,250.63208,25012600
2022-07-20,259.89999,264.87,258.91,262.26999,253.27811,22788300
2022-07-21,259.79001,264.89001,257.03,264.84,255.76001,22404700
2022-07-22,265.23999,265.32999,259.07001,260.35999,251.43359,21881300
2022-07-25,261,261.5,256.81,258.82999,249.95605,21056000
2022-07-26,259.85999,259.88,249.57001,251.89999,243.26364,39348000
2022-07-27,261.16,270.04999,258.85001,268.73999,259.52625,45994000
2022-07-28,269.75,277.84,267.87,276.41,266.93338,33459300
2022-07-29,277.70001,282,276.63,280.73999,271.11484,32152800
2022-08-01,277.82001,281.28,275.84,278.01001,268.47852,21539600
2022-08-02,276,277.89001,272.38,274.82001,265.39786,22754200
2022-08-03,276.76001,283.5,276.60999,282.47,272.78558,23518900
2022-08-04,281.79999,283.79999,280.17001,283.64999,273.92511,18098700
2022-08-05,279.14999,283.64999,278.67999,282.91,273.21051,16774600
2022-08-08,284.04999,285.92001,279.32001,280.32001,270.70926,18739200
2022-08-09,279.64001,283.07999,277.60999,282.29999,272.62137,23405200
2022-08-10,288.17001,289.81,286.94,289.16,279.24619,24687800
2022-08-11,290.85001,291.20999,286.51001,287.01999,277.17957,20065900
2022-08-12,288.48001,291.91,286.94,291.91,281.90198,22619700
2022-08-15,291,294.17999,290.10999,293.47,283.40848,18085700
2022-08-16,291.98999,294.04001,290.42001,292.70999,282.67447,18102900
2022-08-17,289.73999,293.35001,289.47,291.32001,281.92938,18253400
2022-08-18,290.19,291.91,289.07999,290.17001,280.81638,17186200
2022-08-19,288.89999,289.25,285.56,286.14999,276.92596,20570000
2022-08-22,282.07999,282.45999,277.22,277.75,268.79666,25061100
2022-08-23,276.44,278.85999,275.39999,276.44,267.52902,17527400
2022-08-24,275.41,277.23001,275.10999,275.79001,266.89996,18137000
2022-08-25,277.32999,279.01999,274.51999,278.85001,269.8613,16583400
2022-08-26,279.07999,280.34,267.98001,268.09,259.44818,27549300
2022-08-29,265.85001,267.39999,263.85001,265.23001,256.68027,20338500
2022-08-30,266.67001,267.04999,260.66,262.97,254.49319,22767100
2022-08-31,265.39001,267.10999,261.32999,261.47,253.0415,24791800
2022-09-01,258.87,260.89001,255.41,260.39999,252.00601,23263400
2022-09-02,261.70001,264.73999,254.47,256.06,247.80594,22855400
2022-09-06,256.20001,257.82999,251.94,253.25,245.08649,21328200
2022-09-07,254.7,258.82999,253.22,258.09,249.77051,24126700
2022-09-08,257.51001,260.42999,254.78999,258.51999,250.18658,20319900
2022-09-09,260.5,265.23001,260.29001,264.45999,255.93513,22084700
2022-09-12,265.78,267.45001,265.16,266.64999,258.05453,18747700
2022-09-13,258.84,260.39999,251.59,251.99001,243.86714,33353300
2022-09-14,253.53,254.23,249.86,252.22,244.08971,23913000
2022-09-15,249.77,251.39999,244.02,245.38,237.47017,31530900
2022-09-16,244.25999,245.3,242.06,244.74001,236.85081,39791800
2022-09-19,242.47,245.14,240.85001,244.52,236.63789,26826900
2022-09-20,242.07001,243.50999,239.64,242.45,234.63464,26660300
2022-09-21,244.27,247.66,238.89999,238.95,231.24744,28625600
2022-09-22,237.87,243.86,237.57001,240.98,233.21199,31061200
2022-09-23,239.53999,241.13,235.2,237.92,230.25066,34176000
2022-09-26,237.05,241.45,236.89999,237.45,229.79582,27694200
2022-09-27,239.98,241.8,234.5,236.41,228.78934,27018700
2022-09-28,236.81,242.33,234.73,241.07001,233.29913,29029700
2022-09-29,238.89,239.95,234.41,237.5,229.84416,27484200
2022-09-30,238.28999,240.53999,232.73,232.89999,225.39249,35694800
2022-10-03,235.41,241.61,234.66,240.74001,232.97974,28880400
2022-10-04,245.09,250.36,244.98,248.88,240.85739,34888400
2022-10-05,245.99001,250.58,244.10001,249.2,241.16707,20347100
2022-10-06,247.92999,250.34,246.08,246.78999,238.83472,20239900
2022-10-07,240.89999,241.32001,233.17,234.24001,226.6893,37769600
2022-10-10,233.05,234.56,226.73,229.25,221.86015,29743600
2022-10-11,227.62,229.06,224.11,225.41,218.14391,30474000
2022-10-12,225.39999,227.86,223.96001,225.75,218.47295,21903900
2022-10-13,219.85001,236.10001,219.13,234.24001,226.6893,42551800
2022-10-14,235.53999,237.24001,228.34,228.56,221.19237,30198600
2022-10-17,235.82001,238.96001,235.14,237.53,229.87321,28142300
2022-10-18,243.24001,243.92999,235.37,238.5,230.81197,26329600
2022-10-19,237.03999,239.61,234.28999,236.48,228.85706,19985700
2022-10-20,235.77,241.31,234.87,236.14999,228.53772,21811000
2022-10-21,234.74001,243,234.5,242.12,234.31528,26299700
2022-10-24,243.75999,247.84,241.3,247.25,239.27992,24911200
2022-10-25,247.25999,251.03999,245.83,250.66,242.57996,34775500
2022-10-26,231.17,238.3,230.06,231.32001,223.86339,82543200
2022-10-27,231.03999,233.69,225.78,226.75,219.44072,40424600
2022-10-28,226.24001,236.60001,226.05,235.87,228.26672,40647700
2022-10-31,233.75999,234.92,231.14999,232.13,224.64734,28357300
2022-11-01,234.60001,235.74001,227.33,228.17,220.81496,30592300
2022-11-02,229.46001,231.3,220.03999,220.10001,213.00508,38407000
2022-11-03,220.09,220.41,213.98,214.25,207.34366,36633900
2022-11-04,217.55,221.59,213.42999,221.39,214.25351,36789100
2022-11-07,221.99001,228.41,221.28,227.87,220.52463,33498000
2022-11-08,228.7,231.64999,225.84,228.87,221.49239,28192500
2022-11-09,227.37,228.63,224.33,224.50999,217.27295,27852900
2022-11-10,235.42999,243.33,235,242.98,235.14752,46268000
2022-11-11,242.99001,247.99001,241.92999,247.11,239.14441,34620200
2022-11-14,241.99001,243.91,239.21001,241.55,233.76363,31123300
2022-11-15,245.66,247,240.03,241.97,234.17012,31390100
2022-11-16,242.78999,243.8,240.42,241.73,234.59714,24093300
2022-11-17,237.78,243.25,237.63,241.67999,234.54858,23123500
2022-11-18,243.50999,243.74001,239.03,241.22,234.10214,27613500
2022-11-21,241.42999,244.67,241.19,242.05,234.90767,26394700
2022-11-22,243.59,245.31,240.71001,245.03,237.79976,19665700
2022-11-23,245.11,248.28,244.27,247.58,240.27451,19508500
2022-11-25,247.31,248.7,246.73,247.49001,240.18721,9200800
2022-11-28,246.08,246.64999,240.8,241.75999,234.62621,24778200
2022-11-29,241.39999,242.78999,238.21001,240.33,233.23843,17956300
2022-11-30,240.57001,255.33,239.86,255.14,247.61143,47594200
2022-12-01,253.87,256.12,250.92,254.69,247.17468,26041500
2022-12-02,249.82001,256.06,249.69,255.02,247.49498,21528500
2022-12-05,252.00999,253.82001,248.06,250.2,242.8172,23435300
2022-12-06,250.82001,251.86,243.78,245.12,237.88708,22463700
2022-12-07,244.83,246.16,242.21001,244.37,237.15919,20481500
2022-12-08,244.84,248.74001,243.06,247.39999,240.09976,22611800
2022-12-09,244.7,248.31,244.16,245.42,238.17821,20609700
2022-12-12,247.45,252.53999,247.17,252.50999,245.05902,30665100
2022-12-13,261.69,263.92001,253.07001,256.92001,249.33891,42196900
2022-12-14,257.13,262.59,254.31,257.22,249.63007,35410900
2022-12-15,253.72,254.2,247.34,249.00999,241.66228,35560400
2022-12-16,248.55,249.84,243.50999,244.69,237.46977,86102000
2022-12-19,244.86,245.21001,238.71001,240.45,233.35484,29696400
2022-12-20,239.39999,242.91,238.42,241.8,234.66504,25150800
2022-12-21,241.69,245.62,240.11,244.42999,237.21745,23690600
2022-12-22,241.25999,241.99001,233.87,238.19,231.16159,28651700
2022-12-23,236.11,238.87,233.94,238.73,231.68561,21207000
2022-12-27,238.7,238.92999,235.83,236.96001,229.96791,16688600
2022-12-28,236.89,239.72,234.17,234.53,227.60953,17457100
2022-12-29,235.64999,241.92,235.64999,241.00999,233.89838,19770700
2022-12-30,238.21001,239.96001,236.66,239.82001,232.74347,21938500
2023-01-03,243.08,245.75,237.39999,239.58,232.51056,25740000
2023-01-04,232.28,232.87,225.96001,229.10001,222.33978,50623400
2023-01-05,227.2,227.55,221.75999,222.31,215.75014,39585600
2023-01-06,223,225.75999,219.35001,224.92999,218.29285,43613600
2023-01-09,226.45,231.24001,226.41,227.12,220.41824,27369800
2023-01-10,227.75999,231.31,227.33,228.85001,222.09718,27033900
2023-01-11,231.28999,235.95,231.11,235.77,228.81297,28669300
2023-01-12,235.25999,239.89999,233.56,238.50999,231.47212,27269500
2023-01-13,237,239.37,234.92,239.23,232.17087,21333300
2023-01-17,237.97,240.91,237.09,240.35001,233.25783,29831300
2023-01-18,241.57001,242.38,235.52,235.81,228.85181,30028700
2023-01-19,233.78,235.52,230.67999,231.92999,225.0863,28623000
2023-01-20,234.86,240.74001,234.50999,240.22,233.1317,35389800
2023-01-23,241.10001,245.17,239.64999,242.58,235.42206,31934000
2023-01-24,242.5,243.95,240.44,242.03999,234.89795,40234400
2023-01-25,234.48,243.3,230.89999,240.61,233.51018,66526600
2023-01-26,243.64999,248.31,242,248,240.68211,33454500
2023-01-27,248.99001,249.83,246.83,248.16,240.83737,26498900
2023-01-30,244.50999,245.60001,242.2,242.71001,235.54823,25867400
2023-01-31,243.45,247.95,242.95,247.81,240.4977,26541100
2023-02-01,248,255.17999,245.47,252.75,245.29195,31259900
2023-02-02,258.82001,264.69,257.25,264.60001,256.79224,39940400
2023-02-03,259.54001,264.20001,257.10001,258.35001,250.72667,29077300
2023-02-06,257.44,258.29999,254.78,256.76999,249.19331,22518000
2023-02-07,260.53,268.76999,260.07999,267.56,259.66492,50841400
2023-02-08,273.20001,276.76001,266.20999,266.73001,258.85944,54686000
2023-02-09,273.79999,273.98001,262.79999,263.62,255.84119,42375100
2023-02-10,261.53,264.09,260.66,263.10001,255.33659,25818500
2023-02-13,267.64001,274.60001,267.14999,271.32001,263.31396,44630900
2023-02-14,272.67001,274.97,269.28,272.17001,264.13892,37047900
2023-02-15,268.32001,270.73001,266.17999,269.32001,262.02768,28922400
2023-02-16,264.01999,266.73999,261.89999,262.14999,255.05176,29603600
2023-02-17,259.39001,260.09,256,258.06,251.07254,30000100
2023-02-21,254.48,255.49001,251.59,252.67,245.82851,28397400
2023-02-22,254.09,254.34,250.34,251.50999,244.69992,22491100
2023-02-23,255.56,256.84,250.48,254.77,247.87163,29219100
2023-02-24,249.96001,251,248.10001,249.22,242.47191,24990900
2023-02-27,252.46001,252.82001,249.39,250.16,243.38647,21190000
2023-02-28,249.07001,251.49001,248.73,249.42,242.66647,22491000
2023-03-01,250.75999,250.92999,245.78999,246.27,239.60178,27565300
2023-03-02,246.55,251.39999,245.61,251.11,244.31073,24808200
2023-03-03,252.19,255.62,251.39,255.28999,248.37755,30760100
2023-03-06,256.42999,260.12,255.98,256.87,249.91478,24109800
2023-03-07,256.29999,257.69,253.39,254.14999,247.26839,21473200
2023-03-08,254.03999,254.53999,250.81,253.7,246.8306,17340200
2023-03-09,255.82001,259.56,251.58,252.32001,245.48796,26653400
2023-03-10,251.08,252.78999,247.60001,248.59,241.85895,28333900
2023-03-13,247.39999,257.91,245.73,253.92,247.04463,33339700
2023-03-14,256.75,261.07001,255.86,260.79001,253.72864,33620300
2023-03-15,259.98001,266.48001,259.20999,265.44,258.25269,46028000
2023-03-16,265.20999,276.56,263.28,276.20001,268.72141,54768800
2023-03-17,278.26001,283.32999,276.32001,279.42999,271.86395,69527400
2023-03-20,276.98001,277.48001,269.85001,272.23001,264.85883,43466600
2023-03-21,274.88,275,269.51999,273.78,266.36694,34558700
2023-03-22,273.39999,281.04001,272.17999,272.29001,264.91718,34873300
2023-03-23,277.94,281.06,275.20001,277.66,270.14182,36610900
2023-03-24,277.23999,280.63,275.28,280.57001,272.97302,28172000
2023-03-27,280.5,281.45999,275.51999,276.38,268.89651,26840200
2023-03-28,275.79001,276.14001,272.04999,275.23001,267.77768,21878600
2023-03-29,278.95999,281.14001,278.41,280.51001,272.91467,25087000
2023-03-30,284.23001,284.45999,281.48001,284.04999,276.3588,25053400
2023-03-31,283.73001,289.26999,283,288.29999,280.49371,32766000
2023-04-03,286.51999,288.26999,283.95001,287.23001,279.4527,24883300
2023-04-04,287.23001,290.45001,285.67001,287.17999,279.40414,25824300
2023-04-05,285.85001,287.14999,282.92001,284.34,276.64096,22064800
2023-04-06,283.20999,292.07999,282.03,291.60001,283.70438,29770300
2023-04-10,289.20999,289.60001,284.70999,289.39001,281.55423,23103000
2023-04-11,285.75,285.98001,281.64001,282.82999,275.17188,27276600
2023-04-12,284.79001,287.01001,281.95999,283.48999,275.81403,27403400
2023-04-13,283.59,289.89999,283.17001,289.84,281.99203,24222700
2023-04-14,287,288.48001,283.69,286.14001,278.39224,20987900
2023-04-17,289.92999,291.60001,286.16,288.79999,280.98016,23836200
2023-04-18,291.57001,291.76001,287.01001,288.37,280.56186,20161800
2023-04-19,285.98999,289.04999,284.54001,288.45001,280.63968,17150300
2023-04-20,285.25,289.03,285.07999,286.10999,278.36304,23244400
2023-04-21,285.01001,286.26999,283.06,285.76001,278.02252,21676400
2023-04-24,282.09,284.95001,278.72,281.76999,274.14053,26611000
2023-04-25,279.51001,281.60001,275.37,275.42001,267.96252,45772200
2023-04-26,296.70001,299.57001,292.73001,295.37,287.37231,64599200
2023-04-27,295.97,305.20001,295.25,304.82999,296.57614,46462600
2023-04-28,304.01001,308.92999,303.31,307.26001,298.94034,36469600
2023-05-01,306.97,308.60001,305.14999,305.56,297.28641,21294100
2023-05-02,307.76001,309.17999,303.91,305.41,297.14044,26404400
2023-05-03,306.62,308.60999,304.09,304.39999,296.15778,22360800
2023-05-04,306.23999,307.76001,303.39999,305.41,297.14044,22519900
2023-05-05,305.72,311.97,304.26999,310.64999,302.23862,28197100
2023-05-08,310.13,310.20001,306.09,308.64999,300.29272,21318600
2023-05-09,308,310.04001,306.31,307,298.68741,21340800
2023-05-10,308.62,313,307.67001,312.31,303.85361,30078000
2023-05-11,310.10001,311.12,306.26001,310.10999,301.7132,31680200
2023-05-12,310.54999,310.64999,306.60001,308.97,300.6041,19774700
2023-05-15,309.10001,309.89999,307.59,309.45999,301.08078,16336500
2023-05-16,309.82999,313.70999,309.82999,311.73999,303.2991,26730300
2023-05-17,312.29001,314.42999,310.73999,314,306.16571,24315000
2023-05-18,314.53,319.04001,313.72,318.51999,310.57294,27276000
2023-05-19,316.73999,318.75,316.37,318.34,310.39743,27546700
2023-05-22,318.60001,322.59,318.01001,321.17999,313.1665,24115700
2023-05-23,320.03,322.72,315.25,315.26001,307.3942,30797200
2023-05-24,314.73001,316.5,312.60999,313.85001,306.01941,23384900
2023-05-25,323.23999,326.89999,320,325.92001,317.78833,43301700
2023-05-26,324.01999,333.39999,323.88,332.89001,324.58441,36630600
2023-05-30,335.23001,335.73999,330.51999,331.20999,322.94629,29503100
2023-05-31,332.29001,335.94,327.32999,328.39001,320.19669,45950600
2023-06-01,325.92999,333.53,324.72,332.57999,324.2821,26773900
2023-06-02,334.25,337.5,332.54999,335.39999,327.03177,25873800
2023-06-05,335.22,338.56,334.66,335.94,327.55826,21307100
2023-06-06,335.32999,335.37,332.17001,333.67999,325.35474,20396200
2023-06-07,331.64999,334.48999,322.5,323.38,315.31168,40717100
2023-06-08,323.94,326.64001,323.35001,325.26001,317.14478,23277700
2023-06-09,324.98999,329.98999,324.41,326.79001,318.63663,22529000
2023-06-12,328.57999,332.10001,325.16,331.85001,323.57034,24260300
2023-06-13,334.47,336.98001,330.39001,334.29001,325.94946,22951300
2023-06-14,334.34,339.04001,332.81,337.34,328.9234,26003800
2023-06-15,337.48001,349.84,337.20001,348.10001,339.41489,38899100
2023-06-16,351.32001,351.47,341.95001,342.32999,333.78885,46552000
2023-06-20,339.31,342.07999,335.85999,338.04999,329.61563,26375400
2023-06-21,336.37,337.73001,332.07001,333.56,325.2377,25117800
2023-06-22,334.12,340.12,333.34,339.70999,331.23416,23556800
2023-06-23,334.35999,337.95999,333.45001,335.01999,326.66122,23146900
2023-06-26,333.72,336.10999,328.48999,328.60001,320.40146,21520600
2023-06-27,331.85999,336.14999,329.29999,334.57001,326.2225,24354100
2023-06-28,334.66,337.98001,333.81,335.85001,327.47055,20259500
2023-06-29,334.70999,336.10999,332.62,335.04999,326.69052,16997000
2023-06-30,337.75,342.73001,337.20001,340.54001,332.04355,26832800
2023-07-03,339.19,340.89999,336.57001,337.98999,329.5571,12508700
2023-07-05,335.09,341.64999,334.73001,338.14999,329.71313,18172400
2023-07-06,337.29999,342.98999,335.5,341.26999,332.75531,28161200
2023-07-07,339.32001,341.79001,337,337.22,328.8064,21214800
2023-07-10,334.60001,335.23001,327.59,331.82999,323.55081,32791400
2023-07-11,331.06,332.85999,327,332.47,324.17493,26698200
2023-07-12,336.60001,341.64999,335.67001,337.20001,328.7869,29995300
2023-07-13,339.56,343.73999,339.01999,342.66,334.11069,20567200
2023-07-14,347.59,351.42999,344.31,345.23999,336.62625,28352700
2023-07-17,345.67999,346.98999,342.20001,345.73001,337.1041,20363900
2023-07-18,345.82999,366.78,342.17001,359.48999,350.52072,64738600
2023-07-19,361.75,362.45999,352.44,355.07999,346.22076,39732900
2023-07-20,353.57001,357.97,345.37,346.87,338.21564,33778400
2023-07-21,349.14999,350.29999,339.82999,343.76999,335.19293,69405400
2023-07-24,345.85001,346.92001,342.31,345.10999,336.49951,26678100
2023-07-25,347.10999,351.89001,345.07001,350.98001,342.22305,41637700
2023-07-26,341.44,344.67001,333.10999,337.76999,329.34262,58383700
2023-07-27,340.48001,341.32999,329.04999,330.72,322.46851,39635300
2023-07-28,333.67001,340.01001,333.17001,338.37,329.92767,28484900
2023-07-31,336.92001,337.70001,333.35999,335.92001,327.53882,25446000
2023-08-01,335.19,338.54001,333.70001,336.34,327.9483,18311900
2023-08-02,333.63,333.63,326.35999,327.5,319.32889,27761300
2023-08-03,326,329.88,325.95001,326.66,318.5098,18253700
2023-08-04,331.88,335.14001,327.23999,327.78,319.6019,23741500
2023-08-07,328.37,331.10999,327.51999,330.10999,321.87378,17741500
2023-08-08,326.95999,328.75,323,326.04999,317.9151,22327600
2023-08-09,326.47,327.10999,321.04999,322.23001,314.1904,22373300
2023-08-10,326.01999,328.26001,321.17999,322.92999,314.87286,20113700
2023-08-11,320.26001,322.41,319.20999,321.01001,313.00079,24355500
2023-08-14,321.39001,324.06,320.07999,324.04001,315.9552,18836100
2023-08-15,323,325.09,320.89999,321.85999,313.82962,16966300
2023-08-16,320.79999,324.42001,319.79999,320.39999,313.06741,20698900
2023-08-17,320.54001,321.87,316.20999,316.88,309.62805,21257200
2023-08-18,314.48999,318.38,311.54999,316.48001,309.23715,24755000
2023-08-21,317.92999,322.76999,317.04001,321.88,314.51361,24040000
2023-08-22,325.5,326.07999,321.45999,322.45999,315.08035,16084600
2023-08-23,323.82001,329.20001,323.45999,327,319.51642,21166400
2023-08-24,332.85001,332.98001,319.95999,319.97,312.64728,23281400
2023-08-25,321.47,325.35999,318.79999,322.98001,315.58844,21684100
2023-08-28,325.66,326.14999,321.72,323.70001,316.29196,14808500
2023-08-29,321.88,328.98001,321.88,328.41,320.8941,19284600
2023-08-30,328.67001,329.81,326.45001,328.79001,321.26544,15222100
2023-08-31,329.20001,330.91,326.78,327.76001,320.25906,26411000
2023-09-01,331.31,331.98999,326.78,328.66,321.13846,14942000
2023-09-05,329,334.85001,328.66,333.54999,325.91647,18553900
2023-09-06,333.38,334.45999,330.17999,332.88,325.26187,17535800
2023-09-07,331.29001,333.07999,329.03,329.91,322.35977,18381000
2023-09-08,330.09,336.16,329.45999,334.26999,326.61996,19530100
2023-09-11,337.23999,338.42001,335.42999,337.94,330.20605,16583300
2023-09-12,335.82001,336.79001,331.48001,331.76999,324.17728,17565500
2023-09-13,331.31,336.85001,331.17001,336.06,328.36905,16544400
2023-09-14,339.14999,340.85999,336.57001,338.70001,330.94867,20267000
2023-09-15,336.92001,337.39999,329.64999,330.22,322.66269,37679800
2023-09-18,327.79999,330.39999,326.35999,329.06,321.52924,16834200
2023-09-19,326.17001,329.39001,324.51001,328.64999,321.1286,16505900
2023-09-20,329.51001,329.59,320.51001,320.76999,313.42899,21436500
2023-09-21,319.26001,325.35001,315,319.53,312.21729,35560400
2023-09-22,321.32001,321.45001,316.14999,317.01001,309.75507,21447900
2023-09-25,316.59,317.67001,315,317.54001,310.27295,17836000
2023-09-26,315.13,315.88,310.01999,312.14001,304.99652,26297600
2023-09-27,312.29999,314.29999,309.69,312.79001,305.63159,19410100
2023-09-28,310.98999,315.48001,309.45001,313.64001,306.46219,19683600
2023-09-29,317.75,319.47,314.98001,315.75,308.52383,24147300
2023-10-02,316.28,321.89001,315.17999,321.79999,314.43542,20570000
2023-10-03,320.82999,321.39001,311.20999,313.39001,306.2179,21033500
2023-10-04,314.03,320.04001,314,318.95999,311.6604,20720100
2023-10-05,319.09,319.98001,314.89999,319.35999,312.05124,16965600
2023-10-06,316.54999,329.19,316.29999,327.26001,319.77045,25673600
2023-10-09,324.75,330.29999,323.17999,329.82001,322.27182,19891200
2023-10-10,330.95999,331.10001,327.67001,328.39001,320.8746,20557100
2023-10-11,331.20999,332.82001,329.14001,332.42001,324.81238,20063200
2023-10-12,330.57001,333.63,328.72,331.16,323.58118,19313100
2023-10-13,332.38,333.82999,326.35999,327.73001,320.22971,21072400
2023-10-16,331.04999,336.14001,330.60001,332.64001,325.02737,22158000
2023-10-17,329.59,333.45999,327.41,332.06,324.46063,18338500
2023-10-18,332.48999,335.59,328.29999,330.10999,322.55524,23153600
2023-10-19,332.14999,336.88,330.91,331.32001,323.73758,25052100
2023-10-20,331.72,331.92001,325.45001,326.67001,319.19394,25027700
2023-10-23,325.47,332.73001,324.39001,329.32001,321.78329,24374700
2023-10-24,331.29999,331.84,327.60001,330.53,322.96564,31153600
2023-10-25,345.01999,346.20001,337.62,340.67001,332.8736,55053800
2023-10-26,340.54001,341.63,326.94,327.89001,320.38608,37828500
2023-10-27,330.42999,336.72,328.39999,329.81,322.26215,29856500
2023-10-30,333.41,339.45001,331.82999,337.31,329.59045,22828100
2023-10-31,338.85001,339,334.69,338.10999,330.37213,20265300
2023-11-01,339.79001,347.42001,339.64999,346.07001,338.15002,28158800
2023-11-02,347.23999,348.82999,344.76999,348.32001,340.34851,24348100
2023-11-03,349.63,354.39001,347.32999,352.79999,344.72592,23637700
2023-11-06,353.45001,357.54001,353.35001,356.53,348.37054,23828300
2023-11-07,359.39999,362.45999,357.63,360.53,352.27905,25833900
2023-11-08,361.67999,363.87,360.54999,363.20001,354.88794,26767800
2023-11-09,362.29999,364.79001,360.35999,360.69,352.43536,24847300
2023-11-10,361.48999,370.10001,361.07001,369.67001,361.2099,28042100
2023-11-13,368.22,368.47,365.89999,366.67999,358.28833,19986500
2023-11-14,371.01001,371.95001,367.35001,370.26999,361.79614,27683900
2023-11-15,371.28,373.13,367.10999,369.67001,361.94305,26860100
2023-11-16,370.95999,376.35001,370.17999,376.17001,368.30719,27182300
2023-11-17,373.60999,374.37,367,369.85001,362.11923,40157000
2023-11-20,371.22,378.87,371,377.44,369.55063,52465100
2023-11-21,375.67001,376.22,371.12,373.07001,365.27194,28423100
2023-11-22,378,379.79001,374.97,377.85001,369.95206,23345300
2023-11-24,377.32999,377.97,375.14001,377.42999,369.54077,10176600
2023-11-27,376.78,380.64001,376.20001,378.60999,370.69617,22179200
2023-11-28,378.35001,383,378.16,382.70001,374.70062,20453100
2023-11-29,383.76001,384.29999,377.44,378.85001,370.93115,28963400
2023-11-30,378.48999,380.09,375.47,378.91,370.98984,30554400
2023-12-01,376.76001,378.16,371.31,374.51001,366.68188,33040500
2023-12-04,369.10001,369.51999,362.89999,369.14001,361.42407,32063300
2023-12-05,366.45001,373.07999,365.62,372.51999,364.73343,23065000
2023-12-06,373.54001,374.17999,368.03,368.79999,361.09119,21182100
2023-12-07,368.23001,371.45001,366.32001,370.95001,363.19626,23118900
2023-12-08,369.20001,374.45999,368.23001,374.23001,366.40771,20154400
2023-12-11,368.48001,371.60001,366.10001,371.29999,363.53894,27708800
2023-12-12,370.85001,374.42001,370.45999,374.38,366.5546,24838300
2023-12-13,376.01999,377.64001,370.76999,374.37,366.54474,30955500
2023-12-14,373.31,373.76001,364.13,365.92999,358.28119,43277500
2023-12-15,366.85001,372.39999,366.28,370.73001,362.98087,78502300
2023-12-18,369.45001,373,368.67999,372.64999,364.86075,21802900
2023-12-19,371.48999,373.26001,369.84,373.26001,365.45798,20603700
2023-12-20,375,376.03,370.53,370.62,362.87317,26316700
2023-12-21,372.56,374.41,370.04001,373.54001,365.73212,17708000
2023-12-22,373.67999,375.17999,372.70999,374.57999,366.75046,17107500
2023-12-26,375,376.94,373.5,374.66,366.82874,12673100
2023-12-27,373.69,375.06,372.81,374.07001,366.25107,14905400
2023-12-28,375.37,376.45999,374.16,375.28,367.43576,14327000
2023-12-29,376,377.16,373.48001,376.04001,368.17987,18730800
2024-01-02,373.85999,375.89999,366.76999,370.87,363.11792,25258600
2024-01-03,369.01001,373.26001,368.51001,370.60001,362.85361,23083500
2024-01-04,370.67001,373.10001,367.17001,367.94,360.24918,20901500
2024-01-05,368.97,372.06,366.5,367.75,360.06317,21004600
2024-01-08,369.29999,375.20001,369.01001,374.69,366.85809,23134000
2024-01-09,372.01001,375.98999,371.19,375.79001,367.93509,20830000
2024-01-10,376.37,384.17001,376.32001,382.76999,374.7692,25514200
2024-01-11,386,390.67999,380.38,384.63,376.59036,27850800
2024-01-12,385.48999,388.67999,384.64999,388.47,380.35004,21661200
2024-01-16,393.66,394.03,387.62,390.26999,382.1124,27202300
2024-01-17,387.98001,390.10999,384.81,389.47,381.32916,22234100
2024-01-18,391.72,393.98999,390.12,393.87,385.63715,23392100
2024-01-19,395.76001,398.67001,393.5,398.67001,390.33682,29331100
2024-01-22,400.01999,400.62,393.59,396.51001,388.22202,27016900
2024-01-23,395.75,399.38,393.92999,398.89999,390.56204,20525900
2024-01-24,401.54001,405.63,400.45001,402.56,394.1456,24867000
2024-01-25,404.32001,407.01001,402.53,404.87,396.40723,21021200
2024-01-26,404.37,406.17001,402.42999,403.92999,395.48694,17803300
2024-01-29,406.06,409.98001,404.32999,409.72,401.15585,24510200
2024-01-30,412.26001,413.04999,406.45001,408.59,400.0495,33477600
2024-01-31,406.95999,415.32001,397.20999,397.57999,389.26965,47871100
2024-02-01,401.82999,408,401.79999,403.78,395.34006,30657700
2024-02-02,403.81,412.64999,403.56,411.22,402.62454,28256700
2024-02-05,409.89999,411.16,403.98999,405.64999,397.1709,25352300
2024-02-06,405.88,407.97,402.91,405.48999,397.01431,18382600
2024-02-07,407.44,414.29999,407.39999,414.04999,405.39539,22340500
2024-02-08,414.04999,415.56,412.53,414.10999,405.45404,21225300
2024-02-09,415.25,420.82001,415.09,420.54999,411.75949,22032800
2024-02-12,420.56,420.73999,414.75,415.26001,406.58005,21202900
2024-02-13,404.94,410.07001,403.39001,406.32001,397.82697,27824900
2024-02-14,408.07001,409.84,404.57001,409.48999,401.67209,20401200
2024-02-15,408.14001,409.13,404.29001,406.56,398.79807,21825500
2024-02-16,407.95999,408.29001,403.44,404.06,396.34576,22296500
2024-02-20,403.23999,404.48999,398.01001,402.79001,395.10004,24307900
2024-02-21,400.17001,402.29001,397.22,402.17999,394.50168,18518900
2024-02-22,410.19,412.82999,408.57001,411.64999,403.79086,27009900
2024-02-23,415.67001,415.85999,408.97,410.34,402.50589,16295900
2024-02-26,411.45999,412.16,407.35999,407.54001,399.75937,16193500
2024-02-27,407.98999,408.32001,403.85001,407.48001,399.70047,14835800
2024-02-28,408.17999,409.29999,405.32001,407.72,399.93585,13183100
2024-02-29,408.64001,414.20001,405.92001,413.64001,405.74286,31947300
2024-03-01,411.26999,415.87,410.88,415.5,407.56738,17823400
2024-03-04,413.44,417.35001,412.32001,414.92001,406.99847,17596000
2024-03-05,413.95999,414.25,400.64001,402.64999,394.96262,26919200
2024-03-06,402.97,405.16,398.39001,402.09,394.41336,22344100
2024-03-07,406.12,409.78,402.23999,409.14001,401.3288,18718500
2024-03-08,407.95999,410.42001,404.32999,406.22,398.46454,18002200
2024-03-11,403.76001,405.67999,401.26001,404.51999,396.79697,16120800
2024-03-12,407.62,415.57001,406.79001,415.28,407.35156,22457000
2024-03-13,418.10001,418.17999,411.45001,415.10001,407.17505,17115900
2024-03-14,420.23999,427.82001,417.98999,425.22,417.10181,34157300
2024-03-15,419.29001,422.60001,412.79001,416.42001,408.46979,45079900
2024-03-18,414.25,420.73001,413.78,417.32001,409.35263,20106000
2024-03-19,417.82999,421.67001,415.54999,421.41,413.3645,19837900
2024-03-20,422,425.95999,420.66,425.23001,417.1116,17860100
2024-03-21,429.82999,430.82001,427.16,429.37,421.17255,21296200
2024-03-22,429.70001,429.85999,426.07001,428.73999,420.5546,17648500
2024-03-25,425.23999,427.41,421.60999,422.85999,414.78683,18060500
2024-03-26,425.60999,425.98999,421.35001,421.64999,413.59995,16725600
2024-03-27,424.44,424.45001,419.01001,421.42999,413.38409,16705000
2024-03-28,420.95999,421.87,419.12,420.72,412.68768,21871200
2024-04-01,423.95001,427.89001,422.22,424.57001,416.4642,16316000
2024-04-02,420.10999,422.38,417.84,421.44,413.39401,17912000
2024-04-03,419.73001,423.26001,419.09,420.45001,412.42288,16502300
2024-04-04,424.98999,428.67001,417.57001,417.88,409.90192,19370900
2024-04-05,420.01001,426.51001,418.32001,425.51999,417.396,16554800
2024-04-08,425.17001,427.28,423.29999,424.59,416.48383,14272400
2024-04-09,426.44,427.73999,421.62,426.28,418.14151,12496900
2024-04-10,422.19,424.03,419.70001,423.26001,415.1792,16216600
2024-04-11,425.82001,429.37,422.35999,427.92999,419.76007,17966400
2024-04-12,424.04999,425.17999,419.76999,421.89999,413.84518,19253800
2024-04-15,426.60001,426.82001,413.42999,413.64001,405.74286,20273500
2024-04-16,414.57001,418.39999,413.73001,414.57999,406.66486,16765600
2024-04-17,417.25,418.88,410.32999,411.84,403.97723,15855500
2024-04-18,410.63,411.89001,403.95001,404.26999,396.55176,21029900
2024-04-19,404.03,405.48001,397.76999,399.12,391.50006,30565800
2024-04-22,400.07999,402.85001,395.75,400.95999,393.3049,20286900
2024-04-23,404.23999,408.20001,403.06,407.57001,399.78879,15734500
2024-04-24,409.56,412.47,406.78,409.06,401.25027,15065300
2024-04-25,394.03,399.89001,388.03,399.04001,391.42163,40586500
2024-04-26,412.17001,413,405.76001,406.32001,398.56265,29694700
2024-04-29,405.25,406.32001,399.19,402.25,394.57034,19582100
2024-04-30,401.48999,402.16,389.17001,389.32999,381.897,28781400
2024-05-01,392.60999,401.72,390.31,394.94,387.39984,23562500
2024-05-02,397.66,399.92999,394.64999,397.84,390.24451,17709400
2024-05-03,402.28,407.14999,401.85999,406.66,398.89615,17446700
2024-05-06,408.76001,413.92999,406.37,413.54001,405.64481,16996600
2024-05-07,414.66,414.67001,409.09,409.34,401.52496,20018200
2024-05-08,408.17001,412.23001,406.70999,410.54001,402.70206,11792300
2024-05-09,410.57001,412.72,409.10001,412.32001,404.44809,14689700
2024-05-10,412.94,415.38,411.79999,414.73999,406.82187,13402300
2024-05-13,418.01001,418.35001,410.82001,413.72,405.82129,15440200
2024-05-14,412.01999,417.48999,411.54999,416.56,408.60712,15109300
2024-05-15,417.89999,423.81,417.26999,423.07999,415.75119,22239500
2024-05-16,421.79999,425.42001,420.35001,420.98999,413.69742,17530100
2024-05-17,422.54001,422.92001,418.03,420.20999,412.93091,15352200
2024-05-20,420.20999,426.76999,419.98999,425.34,417.97208,16272100
2024-05-21,426.82999,432.97,424.85001,429.04001,421.60803,21453300
2024-05-22,430.09,432.41,427.13,430.51999,423.06229,18073700
2024-05-23,432.97,433.60001,425.42001,427,419.60324,17211700
2024-05-24,427.19,431.06,424.41,430.16,422.70856,11855300
2024-05-28,429.63,430.82001,426.60001,430.32001,422.86578,15718000
2024-05-29,425.69,430.94,425.69,429.17001,421.73569,15517100
2024-05-30,424.29999,424.29999,414.23999,414.67001,407.48694,28394500
2024-05-31,416.75,416.75,404.51001,415.13,407.93893,47995300
2024-06-03,415.53,416.42999,408.92001,413.51999,406.35678,17484700
2024-06-04,412.42999,416.44,409.67999,416.07001,408.86264,14348900
2024-06-05,417.81,424.07999,416.29999,424.01001,416.6651,16988000
2024-06-06,424.01001,425.31,420.57999,424.51999,417.16626,14861300
2024-06-07,426.20001,426.28,423,423.85001,416.50784,13621700
2024-06-10,424.70001,428.07999,423.89001,427.87,420.45825,13982900
2024-06-11,425.48001,432.82001,425.25,432.67999,425.18491,14551100
2024-06-12,435.32001,443.39999,433.25,441.06,433.41974,22366200
2024-06-13,440.85001,443.39001,439.37,441.57999,433.93076,15960600
2024-06-14,438.28,443.14001,436.72,442.57001,434.90356,13582000
2024-06-17,442.59,450.94,440.72,448.37,440.60312,20790000
2024-06-18,449.70999,450.14001,444.89001,446.34,438.60831,17112500
2024-06-20,446.29999,446.53,441.26999,445.70001,437.97937,19877400
2024-06-21,447.38,450.57999,446.51001,449.78,441.98871,34187100
2024-06-24,449.79999,452.75,446.41,447.67001,439.91522,15913700
2024-06-25,448.25,451.42001,446.75,450.95001,443.13846,16413400
2024-06-26,449,453.60001,448.19,452.16,444.32742,16507000
2024-06-27,452.17999,456.17001,451.76999,452.85001,445.00549,14806300
2024-06-28,453.07001,455.38,446.41,446.95001,439.2077,28362300
2024-07-01,448.66,457.37,445.66,456.73001,448.8183,17662800
2024-07-02,453.20001,459.59,453.10999,459.28,451.32419,13979800
2024-07-03,458.19,461.01999,457.88,460.76999,452.78827,9932800
2024-07-05,459.60999,468.35001,458.97,467.56,459.46069,16000300
2024-07-08,466.54999,467.70001,464.45999,466.23999,458.16357,12962300
2024-07-09,467,467.32999,458,459.54001,451.57965,17207200
2024-07-10,461.22,466.45999,458.85999,466.25,458.17343,18196100
2024-07-11,462.98001,464.78,451.54999,454.70001,446.82349,23111200
2024-07-12,454.32999,456.35999,450.64999,453.54999,445.69339,16324300
2024-07-15,453.29999,457.26001,451.42999,453.95999,446.09631,14429400
2024-07-16,454.22,454.29999,446.66,449.51999,441.73315,17175700
2024-07-17,442.59,444.85001,439.17999,443.51999,435.83713,21778000
2024-07-18,444.34,444.64999,434.39999,440.37,432.7417,20794800
2024-07-19,433.10001,441.14001,432,437.10999,429.53812,20940400
2024-07-22,441.79001,444.60001,438.91,442.94,435.26718,15808800
2024-07-23,443.89999,448.39001,443.10001,444.85001,437.14413,13107100
2024-07-24,440.45001,441.48001,427.59,428.89999,421.47037,26805800
2024-07-25,428.79999,429.79999,417.51001,418.39999,411.15228,29943800
2024-07-26,418.20001,428.92001,417.26999,425.26999,417.90326,23583800
2024-07-29,431.57999,432.14999,424.70001,426.73001,419.33795,15125800
2024-07-30,427.72,429.04999,417.35999,422.92001,415.59396,32687600
2024-07-31,420.5,421.78,412.20999,418.35001,411.10315,42891400
2024-08-01,420.79001,427.45999,413.09,417.10999,409.88458,30296400
2024-08-02,412.48999,415,404.34,408.48999,401.41394,29437900
2024-08-05,389.17001,401.04001,385.57999,395.14999,388.30499,40709200
2024-08-06,400,405.67001,398.5,399.60999,392.68774,24946500
2024-08-07,408.64001,410.07999,397.47,398.42999,391.52823,20650900
2024-08-08,402.44,405.85999,399.94,402.69,395.71445,20203000
2024-08-09,404.03,408.04999,402.26001,406.01999,398.98672,19276700
2024-08-12,407.06,408.76001,404.23999,406.81,399.76306,16762900
2024-08-13,409.59,414.95001,409.57001,414.01001,406.83835,19414300
2024-08-14,414.79999,417.72,412.45001,416.85999,409.63892,18267000
2024-08-15,419.79999,421.10999,417.66,421.03,414.48242,20752100
2024-08-16,420.60001,421.34,417.29999,418.47,411.96225,22775600
2024-08-19,418.95999,421.75,416.45999,421.53,414.97464,15234000
2024-08-20,421.70001,425.85999,421.64001,424.79999,418.19376,16387600
2024-08-21,424.07999,426.39999,421.72,424.14001,417.5441,16067300
2024-08-22,424.35999,426.79001,414.60999,415.54999,409.08762,19361900
2024-08-23,416.98001,419.26001,412.09,416.79001,410.30841,18493800
2024-08-26,416.37,417.28,411.34,413.48999,407.05966,13152800
2024-08-27,412.85999,414.35999,410.25,413.84,407.40427,13492900
2024-08-28,414.88,415,407.31,410.60001,404.21469,14882700
2024-08-29,414.94,422.04999,410.60001,413.12,406.69543,17045200
2024-08-30,415.60001,417.48999,412.13,417.14001,410.65292,24308300
2024-09-03,417.91,419.88,407.03,409.44,403.07266,20313600
2024-09-04,405.91,411.23999,404.37,408.89999,402.54108,15135800
2024-09-05,407.62,413.10001,406.13,408.39001,402.039,14195500
2024-09-06,409.06,410.64999,400.79999,401.70001,395.45306,19609500
2024-09-09,407.23999,408.64999,402.14999,405.72,399.41052,15295100
2024-09-10,408.20001,416.32999,407.70001,414.20001,407.75867,19594300
2024-09-11,415.5,423.98999,409.57999,423.04001,416.46115,19266900
2024-09-12,423.31,427.37,419.75,427,420.35959,17395700
2024-09-13,425.82999,431.82999,425.45999,430.59,423.89377,15874600
2024-09-16,430.60001,433.53,428.22,431.34,424.63208,13834700
2024-09-17,440.23001,441.85001,432.26999,435.14999,428.38284,18874200
2024-09-18,435,436.03,430.41,430.81,424.11029,18898000
2024-09-19,441.23001,441.5,436.89999,438.69,431.86777,21706600
2024-09-20,437.22,439.23999,434.22,435.26999,428.50098,55167100
2024-09-23,434.28,436.45999,430.39001,433.51001,426.7684,15128900
2024-09-24,433,433.35001,426.10001,429.17001,422.49582,17015800
2024-09-25,429.82999,433.12,428.57001,432.10999,425.39011,13396400
2024-09-26,435.09,435.29999,429.13,431.31,424.60257,14492000
2024-09-27,431.51999,431.85001,427.47,428.01999,421.36374,14896100
2024-09-30,428.20999,430.42001,425.37,430.29999,423.60828,16807300
2024-10-01,428.45001,428.48001,418.81,420.69,414.14771,19092900
2024-10-02,422.57999,422.82001,416.70999,417.13,410.64307,16582300
2024-10-03,417.63,419.54999,414.29001,416.54001,410.06229,13686400
2024-10-04,418.23999,419.75,414.97,416.06,409.58969,19169700
2024-10-07,416,417.10999,409,409.54001,403.17114,20919800
2024-10-08,410.89999,415.66,408.17001,414.70999,408.26071,19229300
2024-10-09,415.85999,420.38,414.29999,417.45999,410.96796,14974300
2024-10-10,415.23001,417.35001,413.14999,415.84,409.37314,13848400
2024-10-11,416.14001,417.13,413.25,416.32001,409.84564,14144900
2024-10-14,417.76999,424.04001,417.51999,419.14001,412.62183,16653100
2024-10-15,422.17999,422.48001,415.26001,418.73999,412.22803,18900200
2024-10-16,415.17001,416.35999,410.48001,416.12,409.64874,15508900
2024-10-17,422.35999,422.5,415.59,416.72,410.23947,14820000
2024-10-18,417.14001,419.64999,416.26001,418.16,411.65707,17145300
2024-10-21,416.12,418.95999,413.75,418.78,412.26743,14206100
2024-10-22,418.48999,430.57999,418.04001,427.51001,420.86169,25482200
2024-10-23,430.85999,431.07999,422.53,424.60001,417.99692,19654400
2024-10-24,425.32999,425.98001,422.39999,424.73001,418.12488,13581600
2024-10-25,426.76001,432.51999,426.57001,428.14999,421.4917,16899100
2024-10-28,431.66,431.94,426.29999,426.59,419.95596,14882400
2024-10-29,428,433.17001,425.79999,431.95001,425.2326,17644100
2024-10-30,437.44,438.5,432.10001,432.53,425.80362,29749100
2024-10-31,415.35999,416.16,406.29999,406.35001,400.03073,53971000
2024-11-01,409.01001,415.5,407.5,410.37,403.98819,24230400
2024-11-04,409.79999,410.42001,405.57001,408.45999,402.10788,19672300
2024-11-05,408.37,414.89999,408.07999,411.45999,405.06122,17626000
2024-11-06,412.42001,420.45001,410.51999,420.17999,413.64566,26681800
2024-11-07,421.28,426.85001,419.88,425.42999,418.814,19901800
2024-11-08,425.32001,426.5,421.78,422.54001,415.96893,16891400
2024-11-11,422.51999,424.81,416,418.01001,411.50946,24503300
2024-11-12,418.25,424.44,417.20001,423.03,416.45132,19401200
2024-11-13,421.64001,429.32999,418.20999,425.20001,418.58762,21502200
2024-11-14,425,428.17001,420,426.89001,420.25131,30246900
2024-11-15,419.82001,422.79999,413.64001,415,408.5462,28247600
2024-11-18,414.87,418.39999,412.10001,415.76001,409.2944,24727000
2024-11-19,413.10999,417.94,411.54999,417.79001,411.29285,18133500
2024-11-20,416.87,417.29001,410.57999,415.48999,409.02863,19191700
2024-11-21,419.5,419.78,410.29001,412.87,407.26288,20780200
2024-11-22,411.37,417.39999,411.06,417,411.33682,24814600
2024-11-25,418.38,421.07999,414.85001,418.79001,413.10248,27691100
2024-11-26,419.59,429.04001,418.85001,427.98999,422.17755,23458900
2024-11-27,425.10999,427.23001,422.01999,422.98999,417.24545,18332400
2024-11-29,420.09,424.88,417.79999,423.45999,417.70908,16271900
2024-12-02,421.57001,433,421.31,430.98001,425.12695,20207200
2024-12-03,429.84,432.47,427.73999,431.20001,425.34396,18302000
2024-12-04,433.03,439.67001,432.63,437.42001,431.47952,26009400
2024-12-05,437.92001,444.66,436.17001,442.62,436.60883,21697800
2024-12-06,442.29999,446.10001,441.76999,443.57001,437.54596,18821000
2024-12-09,442.60001,448.32999,440.5,446.01999,439.96268,19144400
2024-12-10,444.39001,449.62,441.60001,443.32999,437.3092,18469500
2024-12-11,444.04999,450.35001,444.04999,448.98999,442.8924,19200200
2024-12-12,449.10999,456.16,449.10999,449.56,443.45459,20834800
2024-12-13,448.44,451.42999,445.57999,447.26999,441.19568,20177800
2024-12-16,447.26999,452.17999,445.28,451.59,445.45706,23598800
2024-12-17,451.01001,455.29001,449.57001,454.45999,448.28809,22733500
2024-12-18,451.32001,452.64999,437.01999,437.39001,431.44989,24444500
2024-12-19,441.62,443.17999,436.32001,437.03,431.09476,22963700
2024-12-20,433.10999,443.73999,428.63,436.60001,430.67059,64263700
2024-12-23,436.73999,437.64999,432.82999,435.25,429.33899,19152500
2024-12-24,434.64999,439.60001,434.19,439.32999,433.36353,7164500
2024-12-26,439.07999,440.94,436.63,438.10999,432.16013,8194200
2024-12-27,434.60001,435.22,426.35001,430.53,424.68304,18117700
2024-12-30,426.06,427.54999,421.89999,424.82999,419.06049,13158700
2024-12-31,426.10001,426.73001,420.66,421.5,415.77567,13246500
2025-01-02,425.53,426.07001,414.85001,418.57999,412.89532,16896500
2025-01-03,421.07999,424.03,419.54001,423.35001,417.60056,16662900
2025-01-06,428,434.32001,425.48001,427.85001,422.03946,20573600
2025-01-07,429,430.64999,420.79999,422.37,416.63382,18139100
2025-01-08,423.45999,426.97,421.54001,424.56,418.79413,15054600
2025-01-10,424.63,424.70999,415.01999,418.95001,413.26035,20201100
2025-01-13,415.23999,418.5,412.29001,417.19,411.52426,17604800
2025-01-14,417.81,419.73999,410.72,415.67001,410.0249,16935900
2025-01-15,419.13,428.14999,418.26999,426.31,420.52039,19637800
2025-01-16,428.70001,429.48999,424.39001,424.57999,418.81387,15300000
2025-01-17,434.09,434.48001,428.17001,429.03,423.20343,26197500
2025-01-21,430.20001,430.89999,425.60001,428.5,422.68063,26085700
2025-01-22,437.56,447.26999,436,446.20001,440.14026,27803800
2025-01-23,442,446.75,441.5,446.70999,440.64331,18389300
2025-01-24,445.16,446.64999,441.39999,444.06,438.02933,15549500
2025-01-27,424.01001,435.20001,423.5,434.56,428.65839,35647800
2025-01-28,434.60001,448.38,431.38,447.20001,441.12668,23491700
2025-01-29,446.69,446.88,440.39999,442.32999,436.32278,23581400
2025-01-30,418.76999,422.85999,413.16,414.98999,409.3541,54586300
2025-01-31,418.98001,420.69,414.91,415.06,409.42319,34161900
2025-02-03,411.60001,415.41,408.66,410.92001,405.33936,25679100
2025-02-04,412.69,413.92001,409.73999,412.37,406.76968,20532100
2025-02-05,412.35001,413.82999,410.39999,413.29001,407.67719,16316700
2025-02-06,414,418.20001,414,415.82001,410.17285,16309800
2025-02-07,416.48001,418.64999,408.10001,409.75,404.18527,22886800
2025-02-10,413.70999,415.45999,410.92001,412.22,406.62173,20817900
2025-02-11,409.64001,412.48999,409.29999,411.44,405.85236,18140600
2025-02-12,407.20999,410.75,404.37,409.04001,403.48492,19121700
2025-02-13,407,411,406.35999,410.54001,404.96454,23891700
2025-02-14,407.79001,408.91,405.88,408.42999,402.88321,22758500
2025-02-18,408,410.60001,406.5,409.64001,404.07675,21423100
2025-02-19,407.88,415.48999,407.64999,414.76999,409.13705,24114200
2025-02-20,415.29001,419.31,412.54001,416.13,411.3017,23508700
2025-02-21,417.34,418.04999,407.89001,408.20999,403.47357,27524800
2025-02-24,408.51001,409.37,399.32001,404,399.31241,26443700
2025-02-25,401.10001,401.92001,396.70001,397.89999,393.2832,29387400
2025-02-26,398.01001,403.60001,394.25,399.73001,395.09201,19619000
2025-02-27,401.26999,405.73999,392.17001,392.53,387.97549,21127400
2025-02-28,392.66,397.63,386.57001,396.98999,392.38376,32845700
2025-03-03,398.82001,398.82001,386.16,388.48999,383.98236,23007700
2025-03-04,383.39999,392.57999,381,388.60999,384.10095,29342900
2025-03-05,389.34,401.67001,388.81,401.01999,396.36703,23433100
2025-03-06,394.28,402.14999,392.67999,396.89001,392.28494,23304600
2025-03-07,392.32001,394.79999,385.54001,393.31,388.74646,22034100
2025-03-10,385.84,386.39999,377.22,380.16,375.74902,32840100
2025-03-11,379,386,376.91,380.45001,376.03568,30380200
2025-03-12,382.95001,385.22,378.95001,383.26999,378.82297,24253600
2025-03-13,383.16,385.32001,377.45001,378.76999,374.37512,20473000
2025-03-14,379.78,390.23001,379.51001,388.56,384.05157,19952800
2025-03-17,386.70001,392.70999,385.57001,388.70001,384.19,22474300
2025-03-18,387.07001,387.37,381.10001,383.51999,379.07004,19486900
2025-03-19,385.53,389.67999,384,387.82001,383.32016,19185500
2025-03-20,385.73999,391.79001,383.28,386.84,382.35153,18470500
2025-03-21,383.22,391.73999,382.79999,391.26001,386.72025,39675900
2025-03-24,395.39999,395.39999,389.81,393.07999,388.51917,21004500
2025-03-25,393.92001,396.35999,392.64001,395.16,390.57501,15775000
2025-03-26,395,395.31,388.57001,389.97,385.44519,16108400
2025-03-27,390.13,392.23999,387.39999,390.57999,386.04813,13766800
2025-03-28,388.07999,389.13,376.92999,378.79999,374.40482,21632000
2025-03-31,372.54001,377.07001,367.23999,375.39001,371.03442,35184700
2025-04-01,374.64999,382.85001,373.23001,382.19,377.75552,19689500
2025-04-02,377.97,385.07999,376.62,382.14001,377.70609,16092600
2025-04-03,374.79001,377.48001,369.35001,373.10999,368.78079,30198000
2025-04-04,364.13,374.59,359.48001,359.84,355.66476,49209900
2025-04-07,350.88,371,344.79001,357.85999,353.70776,50425000
2025-04-08,368.26001,373.64999,350.25,354.56,350.44601,35868900
2025-04-09,353.54001,393.23001,353.10001,390.48999,385.95917,50199700
2025-04-10,382.06,383.89999,367.79999,381.35001,376.92523,38024400
2025-04-11,380.64001,390.04999,378.89001,388.45001,383.94284,23839200
2025-04-14,393.22,394.64999,384.20999,387.81,383.31024,19251200
2025-04-15,388.51001,391.89001,384.16,385.73001,381.25443,17199900
2025-04-16,380.67001,381.60999,368,371.60999,367.29825,21967800
2025-04-17,373.75,374.32001,366.89001,367.78,363.51266,21120200
2025-04-21,362.82001,364.48001,355.67001,359.12,354.95316,20807300
2025-04-22,363.38,367.76999,359.85999,366.82001,362.56381,19485000
2025-04-23,376.06,380.39001,373.01999,374.39001,370.04599,20545500
2025-04-24,375.70001,388.45001,375.19,387.29999,382.80615,22232300
2025-04-25,387,392.16,384.60001,391.85001,387.30344,18973200
2025-04-28,391.95999,392.73999,386.64001,391.16,386.6214,16579400
2025-04-29,391.29999,395.10001,390.38,394.04001,389.46799,14974000
2025-04-30,390.29999,396.66,384.44,395.26001,390.67386,36461100
2025-05-01,431.10999,436.98999,424.89999,425.39999,420.46408,58938100
2025-05-02,431.73999,439.44,429.98999,435.28,430.22949,30757400
2025-05-05,432.87,439.5,432.10999,436.17001,431.10919,20136100
2025-05-06,432.20001,437.73001,431.17001,433.31,428.28235,15104200
2025-05-07,433.84,438.12,431.10999,433.35001,428.3219,23295300
2025-05-08,437.92999,443.67001,435.66,438.17001,433.08597,23491300
2025-05-09,440,440.73999,435.88,438.73001,433.6394,15324200
2025-05-12,445.94,449.37,439.78,449.26001,444.04727,22821900
2025-05-13,447.78,450.67001,445.35999,449.14001,443.92871,23618800
2025-05-14,448.14001,453.89999,448.14001,452.94,447.6846,19902800
2025-05-15,450.76999,456.19,450.42999,453.13,448.69461,21992300
2025-05-16,452.04999,454.35999,448.73001,454.26999,449.82343,23849800
2025-05-19,450.88,459.59,450.79999,458.87,454.37842,21336500
2025-05-20,455.59,458.34,454.32001,458.17001,453.68527,15441800
2025-05-21,454.57001,457.78,451.81,452.57001,448.14011,19216900
2025-05-22,454.95001,460.25,453.89999,454.85999,450.40768,18025600
2025-05-23,449.98001,453.69,448.91,450.17999,445.7735,16883500
2025-05-27,456.48001,460.95001,456.12,460.69,456.1806,20974300
2025-05-28,461.22,462.51999,456.92999,457.35999,452.88318,17086300
2025-05-29,461.54999,461.72,455.31,458.67999,454.19028,13974800
2025-05-30,459.72,461.67999,455.54001,460.35999,455.85382,34770500
2025-06-02,457.14001,462.10999,456.89001,461.97,457.44806,16626500
2025-06-03,461.47,464.14001,460.85999,462.97,458.43829,15743800
2025-06-04,464,465.69,463.01999,463.87,459.3295,14162700
2025-06-05,464.95999,469.64999,464.03,467.67999,463.10217,20131700
2025-06-06,470.09,473.34,468.78,470.38,465.77576,15285600
2025-06-09,469.70001,473.42999,468.62,472.75,468.12256,16469900
2025-06-10,471.19,472.79999,466.95999,470.92001,466.31049,15375900
2025-06-11,470.01999,475.47,469.66,472.62,467.99384,16399200
2025-06-12,475.01999,480.42001,473.51999,478.87,474.18262,18950600
2025-06-13,476.41,479.17999,472.76001,474.95999,470.31091,16814500
2025-06-16,475.20999,480.69,475,479.14001,474.45001,15626100
2025-06-17,475.39999,478.73999,474.07999,478.04001,473.36078,15414100
2025-06-18,478,481,474.45999,480.23999,475.53925,17526500
2025-06-20,482.23001,483.45999,476.87,477.39999,472.72702,37576200
2025-06-23,478.20999,487.75,472.51001,486,481.24286,24864000
2025-06-24,488.95001,491.85001,486.79999,490.10999,485.31259,22305600
2025-06-25,492.04001,494.56,489.39001,492.26999,487.45148,17495100
2025-06-26,492.98001,498.04001,492.81,497.45001,492.58078,21578900
2025-06-27,497.54999,499.29999,493.03,495.94,491.08554,34539200
2025-06-30,497.04001,500.76001,495.32999,497.41,492.5412,28369000
2025-07-01,496.47,498.04999,490.98001,492.04999,487.23361,19945400
2025-07-02,489.98999,493.5,488.70001,491.09,486.28302,16319600
2025-07-03,493.81,500.13,493.44,498.84,493.95718,13984800
2025-07-07,497.38,498.75,495.23001,497.72,492.84814,13981600
2025-07-08,497.23999,498.20001,494.10999,496.62,491.75891,11846600
2025-07-09,500.29999,506.78,499.73999,503.51001,498.58148,18659500
2025-07-10,503.04999,504.44,497.75,501.48001,496.57132,16492100
2025-07-11,498.47,505.03,497.79999,503.32001,498.39331,16459500
2025-07-14,501.51999,503.97,501.03,503.01999,498.09625,12058800
2025-07-15,503.01999,508.29999,502.79001,505.82001,500.86884,14927200
2025-07-16,505.17999,506.72,501.89001,505.62,500.67081,15154400
2025-07-17,505.67999,513.37,505.62,511.70001,506.69128,17503100
2025-07-18,514.47998,514.64001,507.42999,510.04999,505.05743,21209700
2025-07-21,506.70999,512.09003,505.54999,510.06,505.06735,14066800
2025-07-22,510.97,511.20001,505.26999,505.26999,500.32425,13868600
2025-07-23,506.75,506.79001,500.70001,505.87,500.91833,16396600
2025-07-24,508.76999,513.66998,507.29999,510.88,505.87933,16107000
2025-07-25,512.46997,518.28998,510.35999,513.71002,508.68161,19125700
2025-07-28,514.08002,515,510.12,512.5,507.48349,14308000
2025-07-29,515.53003,517.62,511.56,512.57001,507.55276,16469200
2025-07-30,515.16998,515.95001,509.44,513.23999,508.21622,26380400
2025-07-31,555.22998,555.45001,531.90002,533.5,528.27789,51617300
2025-08-01,535,535.79999,520.85999,524.10999,518.9798,28977600
2025-08-04,528.27002,538.25,528.13,535.64001,530.39703,25349000
2025-08-05,537.17999,537.29999,527.23999,527.75,522.58417,19171600
2025-08-06,530.90002,531.70001,524.03003,524.94,519.8017,21355700
2025-08-07,526.79999,528.09003,517.54999,520.84003,515.74188,16079100
2025-08-08,522.59998,524.65997,519.40997,522.03998,516.92999,15531000
2025-08-11,522.29999,527.59003,519.71997,521.77002,516.66278,20194400
2025-08-12,523.75,530.97998,522.70001,529.23999,524.05957,18667000
2025-08-13,532.10999,532.70001,519.37,520.58002,515.48444,19619200
2025-08-14,522.56,525.95001,520.14001,522.47998,517.36578,20269100
2025-08-15,522.77002,526.09998,519.08002,520.16998,515.07837,25213300
2025-08-18,521.59003,522.82001,514.02002,517.09998,512.03845,23760600
2025-08-19,515,515.15997,508.54999,509.76999,504.78015,21481000
2025-08-20,509.87,511,504.44,505.72,500.76984,27723000
2025-08-21,503.69,507.63,502.72,504.23999,500.12512,18443300
2025-08-22,504.25,510.73001,502.41,507.23001,503.09076,24324200
2025-08-25,506.63,508.19,504.12,504.26001,500.14499,21638600
2025-08-26,504.35999,504.98001,498.51001,502.04001,497.94308,30835700
2025-08-27,502,507.29001,499.89999,506.73999,502.60474,17277900
2025-08-28,507.09,511.09,505.5,509.64001,505.48108,18015600
2025-08-29,508.66,509.60001,504.48999,506.69,502.55515,20961600
2025-09-02,500.47,506,496.81,505.12,500.99792,18128000
2025-09-03,503.79001,507.79001,502.32001,505.35001,501.22604,16345100
2025-09-04,504.29999,508.14999,503.14999,507.97,503.82471,15509500
2025-09-05,509.07001,511.97,492.37,495,490.96054,31994800
2025-09-08,498.10999,501.20001,495.03,498.20001,494.13446,16771000
2025-09-09,501.42999,502.25,497.70001,498.41,494.34271,14410500
2025-09-10,502.98001,503.23001,496.72,500.37,496.28671,21611800
2025-09-11,502.25,503.17001,497.88,501.01001,496.92151,18881600
2025-09-12,506.64999,512.54999,503.85001,509.89999,505.73895,23624900
2025-09-15,508.79001,515.46997,507,515.35999,511.15439,17143800
2025-09-16,516.88,517.22998,508.60001,509.04001,504.88596,19711900
2025-09-17,510.62,511.29001,505.92999,510.01999,505.85797,15816600
2025-09-18,511.48999,513.07001,507.66,508.45001,504.30078,18913700
2025-09-19,510.56,519.29999,510.31,517.92999,513.70343,52474100
2025-09-22,515.59003,517.73999,512.53998,514.45001,510.25183,20009300
2025-09-23,513.79999,514.59003,507.31,509.23001,505.07443,19799600
2025-09-24,510.38,512.47998,506.92001,510.14999,505.98691,13533700
2025-09-25,508.29999,510.01001,505.04001,507.03,502.89236,15786500
2025-09-26,510.06,513.94,506.62,511.45999,507.28619,16213100
2025-09-29,511.5,516.84998,508.88,514.59998,510.40057,17617800
2025-09-30,513.23999,518.15997,509.66,517.95001,513.72327,19728200
2025-10-01,514.79999,520.51001,511.69,519.71002,515.46887,22632300
2025-10-02,517.64001,521.59998,510.67999,515.73999,511.53131,21222900
2025-10-03,517.09998,520.48999,515,517.34998,513.12811,15112300
2025-10-06,518.60999,531.03003,518.20001,528.57001,524.25659,21388600
2025-10-07,528.28998,529.79999,521.44,523.97998,519.70404,14615200
2025-10-08,523.28003,526.95001,523.09003,524.84998,520.56696,13363400
2025-10-09,522.34003,524.33002,517.40002,522.40002,518.13696,18343600
2025-10-10,519.64001,523.58002,509.63,510.95999,506.79028,24133800
2025-10-13,516.40997,516.40997,511.67999,514.04999,509.8551,14284200
2025-10-14,510.23001,515.28003,506,513.57001,509.37897,14684300
2025-10-15,514.96002,517.19,510,513.42999,509.24017,14694700
2025-10-16,512.58002,516.84998,508.13,511.60999,507.43497,15559600
2025-10-17,509.04001,515.47998,507.31,513.58002,509.38895,19867800
2025-10-20,514.60999,518.70001,513.42999,516.78998,512.57275,14665600
2025-10-21,517.5,518.69,513.03998,517.65997,513.43561,15586200
2025-10-22,521.15002,525.22998,517.71002,520.53998,516.29205,18962700
2025-10-23,522.46002,523.95001,518.60999,520.56,516.31195,14023500
2025-10-24,522.78998,525.34998,520.71002,523.60999,519.3371,15532400
2025-10-27,531.78003,534.58002,529.01001,531.52002,527.18256,18734700
2025-10-28,550,553.71997,540.77002,542.07001,537.64636,29986700
2025-10-29,544.94,546.27002,536.72998,541.54999,537.13062,36023000
2025-10-30,530.47998,534.96997,522.12,525.76001,521.46954,41023100
2025-10-31,528.88,529.32001,515.09998,517.81,513.58435,34006400
2025-11-03,519.81,524.96002,514.59003,517.03003,512.81073,22374700
2025-11-04,511.76001,515.54999,507.84,514.33002,510.13278,20958700
2025-11-05,513.29999,514.83002,506.57999,507.16,503.02133,23024300
2025-11-06,505.66,505.70001,495.81,497.10001,493.0434,27406500
2025-11-07,496.95001,499.38,493.25,496.82001,492.76569,24019800
2025-11-10,500.04001,506.85001,498.79999,506,501.87079,26101500
2025-11-11,504.79999,509.60001,502.35001,508.67999,504.5289,17980000
2025-11-12,509.35999,511.67001,499.12,511.14001,506.96881,26574900
2025-11-13,510.31,513.5,501.29001,503.29001,499.18289,25273100
2025-11-14,498.23001,511.60001,497.44,510.17999,506.01666,28505700
2025-11-17,508.45001,512.12,504.91,507.48999,503.3486,19092800
2025-11-18,495.37,502.98001,486.78,493.79001,489.76044,33815100
2025-11-19,490.10001,495.19,482.82999,487.12,483.14487,23245300
2025-11-20,492.70999,493.57001,475.5,478.42999,475.41391,26802500
2025-11-21,478.5,478.92001,468.26999,472.12,469.14365,31769200
2025-11-24,475,476.89999,468.01999,474,471.01184,34421000
2025-11-25,474.07001,479.14999,464.89001,476.98999,473.98294,28019800
2025-11-26,486.31,488.31,481.20001,485.5,482.4393,25709100
2025-11-28,487.60001,492.63,486.64999,492.01001,488.90829,14386700
2025-12-01,488.44,489.85999,484.64999,486.73999,483.67148,23964000
2025-12-02,486.72,493.5,486.32001,490,486.91095,19562700
2025-12-03,476.32001,484.23999,475.20001,477.73001,474.71829,34615100
2025-12-04,479.76001,481.32001,476.48999,480.84,477.80869,22318200
2025-12-05,482.51999,483.39999,478.88,483.16,480.11407,22608700
2025-12-08,484.89001,492.29999,484.38,491.01999,487.92453,21965900
2025-12-09,489.10001,492.12,488.5,492.01999,488.91818,14696100
2025-12-10,484.03,484.25,475.07999,478.56,475.54306,35756200
2025-12-11,476.63,486.03,475.85999,483.47,480.42212,24669200
2025-12-12,479.82001,482.45001,476.34,478.53,475.51324,21248100
2025-12-15,480.10001,480.72,472.51999,474.82001,471.82666,23727700
2025-12-16,471.91,477.89001,470.88,476.39001,473.38678,20705600
2025-12-17,476.91,480,475,476.12,473.11844,24527200
2025-12-18,478.19,489.60001,477.89001,483.98001,480.92889,28573500
2025-12-19,487.35999,487.85001,482.48999,485.92001,482.85666,70836100
2025-12-22,486.12,488.73001,482.69,484.92001,481.86301,16963000
2025-12-23,484.98001,487.82999,484.73999,486.85001,483.78082,14683600
2025-12-24,485.67999,489.16,484.82999,488.01999,484.94342,5855900
2025-12-26,486.70999,488.12,485.95999,487.70999,484.63541,8842200
2025-12-29,484.85999,488.35001,484.17999,487.10001,484.02924,10893400
2025-12-30,485.92999,489.67999,485.5,487.48001,484.40686,13944500
2025-12-31,487.84,488.14001,483.29999,483.62,480.57117,15601600
2026-01-02,484.39001,484.66,470.16,472.94,469.9585,25571600
2026-01-05,474.06,476.07001,469.5,472.85001,469.86908,25250300
2026-01-06,473.79999,478.73999,469.75,478.51001,475.49341,23037700
2026-01-07,479.76001,489.70001,477.95001,483.47,480.42212,25564200
2026-01-08,481.23999,482.66,475.85999,478.10999,475.09589,18162600
2026-01-09,474.06,479.82001,472.20001,479.28,476.25851,18491000
2026-01-12,476.67001,480.98999,475.67999,477.17999,474.17175,23519900
2026-01-13,474.67999,475.78,465.95001,470.67001,467.70282,28545800
2026-01-14,466.45999,468.20001,457.17001,459.38,456.48401,28184300
2026-01-15,464.12,464.25,455.89999,456.66,453.78116,23225800
2026-01-16,457.82999,463.19,456.48001,459.85999,456.96097,34246700
2026-01-20,451.22,456.79999,449.28,454.51999,451.6546,26130000
2026-01-21,452.60001,452.69,438.67999,444.10999,441.31021,37980500
2026-01-22,447.62,452.84,444.70001,451.14001,448.29593,25349400
2026-01-23,451.87,471.10001,450.53,465.95001,463.01257,38000200
2026-01-26,465.31,474.25,462,470.28,467.31525,29291200
2026-01-27,473.70001,482.87,473.16,480.57999,477.55035,29213900
2026-01-28,483.20999,483.73999,478,481.63,478.59369,36875400
2026-01-29,439.98999,442.5,421.01999,433.5,430.76715,128855300
2026-01-30,439.17001,439.60001,426.45001,430.29001,427.57736,58566800
2026-02-02,430.23999,430.73999,422.25,423.37,420.70102,42219900
2026-02-03,422.01001,422.04999,408.56,411.20999,408.61765,61424100
2026-02-04,411,419.79999,409.23999,414.19,411.57889,45012400
2026-02-05,407.44,408.29999,392.32001,393.67001,391.18823,66289200
2026-02-06,399.17001,401.79001,392.92001,401.14001,398.61115,53515300
2026-02-09,404.85001,414.89001,400.87,413.60001,410.99258,45480500
2026-02-10,419.62,423.67999,412.70001,413.26999,410.66467,44857900
2026-02-11,416.17999,416.45999,401.01001,404.37,401.82074,42491000
2026-02-12,405,406.20001,398.01001,401.84,399.3067,40802400
2026-02-13,404.45001,405.54001,398.04999,401.32001,398.79001,34091600
2026-02-17,399.22,400.51999,394.53,396.85999,394.35812,32078800
2026-02-18,398.13,402.56,396.32001,399.60001,397.08084,23223400
2026-02-19,400.69,404.42999,396.67001,398.45999,396.85178,28234000
2026-02-20,396.10999,400.12,395.16,397.23001,395.62674,34015200
2026-02-23,395,395.35999,383.10001,384.47,382.91821,43238300
2026-02-24,384.14001,389.35999,381.70999,389,387.42996,33884700
2026-02-25,390.53,401.47,390.16,400.60001,398.98312,43625500
2026-02-26,404.70999,407.48999,398.73999,401.72,400.0986,34405900
2026-02-27,390.88,396.82001,389.88,392.73999,391.15485,51367200
2026-03-02,392.85999,401.19,390.63,398.54999,396.94138,35474900
2026-03-03,393.14001,406.70001,392.67001,403.92999,402.29968,38199200
2026-03-04,401.26999,411.03,400.31,405.20001,403.56458,35808000
2026-03-05,404.42001,411.60999,404.39999,410.67999,409.02243,39001300
2026-03-06,409.20001,413.04999,408.51001,408.95999,407.30939,31123900
2026-03-09,404.92001,410.20999,403.5,409.41,407.75757,30131900
2026-03-10,410.03,410.20001,402.92999,405.76001,404.12231,31706400
2026-03-11,405.57001,409.01001,401.59,404.88,403.24585,25512100
2026-03-12,404.63,406.12,401.70999,401.85999,400.23804,27263900
2026-03-13,401,404.79999,394.25,395.54999,393.95349,26848000
2026-03-16,398.07001,400.63,394.79001,399.95001,398.33575,27733700
2026-03-17,400.26999,404.39999,397.75,399.41,397.79791,26228300
2026-03-18,397.13,398,391,391.79001,390.20871,25908500
2026-03-19,390.10001,392.48999,387.06,389.01999,387.44986,25138800
2026-03-20,386.79001,387,380.12,381.87,380.32874,50853200
2026-03-23,383.89999,387.20999,381.67999,383,381.45419,29680100
2026-03-24,382.35999,382.47,371.85001,372.73999,371.23557,42733600
2026-03-25,376.92001,377.06,369.63,371.04001,369.54245,31181200
2026-03-26,370.82001,374.72,365.19,365.97,364.49292,36836600
2026-03-27,361.89999,362.45001,356.51001,356.76999,355.33002,37883400
2026-03-30,361.89999,365.35999,356.28,358.95999,357.51117,44797000
2026-03-31,364.54999,372.89999,363.07001,370.17001,368.67596,45244400
2026-04-01,373.48999,373.98999,368.20001,369.37,367.87918,29417200
2026-04-02,367.20999,373.64001,364.14999,373.45999,371.95267,24099100
2026-04-06,373.48999,373.73001,369.5,372.88,371.375,16146600
2026-04-07,370.34,372.45001,366.56,372.29001,370.78741,21443300
2026-04-08,384.98001,385,371.41,374.32999,372.81915,33064800
2026-04-09,372.5,373.5,367.04999,373.07001,371.56427,30435300
2026-04-10,372.98001,375.64001,370.03,370.87,369.37314,28111100
2026-04-13,373.60999,384.54001,371.01999,384.37,382.81863,35745800
2026-04-14,387.92001,394.69,386.51999,393.10999,391.52335,37504500
2026-04-15,398,414.37,396.73001,411.22,409.56027,45063400
2026-04-16,419.85999,420.82001,412.14001,420.26001,418.56378,41642400
2026-04-17,424.82001,431.57999,420.69,422.79001,421.08359,48568200
2026-04-20,421.14999,423.32999,416.29999,418.07001,416.38263,27582200
2026-04-21,420.23999,427.17999,417.20001,424.16,422.44806,32048500
2026-04-22,426.19,433.70001,423.67001,432.92001,431.1727,29378200
2026-04-23,419.89001,423.66,411.41,415.75,414.07196,38308000
2026-04-24,416.97,424.95001,415.79999,424.62,422.90619,27457400
2026-04-27,422.38,427.10999,417.07001,424.82001,423.10538,30867300
2026-04-28,424.57001,429.92001,421.89999,429.25,427.51749,30438100
2026-04-29,424.57999,426.82001,420.29001,424.45999,422.7468,38288300
2026-04-30,410.81,414.42001,398.01001,407.78,406.13416,70909400
2026-05-01,412.79999,417.10999,410.44,414.44,412.76727,31372400
2026-05-04,411.54001,420.78,410.79999,413.62,411.95056,28066500
2026-05-05,415.32001,416.78,408.79999,411.38,409.71964,25700900
2026-05-06,408,418.42001,405.10999,413.95999,412.28918,30285900
2026-05-07,420.10999,427.98001,418.76001,420.76999,419.07172,34942400
2026-05-08,417.39001,418.63,414,415.12,413.44452,33383800
2026-05-11,407.87,412.69,405.5,412.66,410.99445,35657900
2026-05-12,414.48001,415.5,406.64001,407.76999,406.12418,38594200
2026-05-13,403.20001,406.31,401.03,405.20999,403.57452,29667100
2026-05-14,404.48001,411.84,400.88,409.42999,407.7775,27077500
2026-05-15,414.26999,428.17001,412.91,421.92001,420.21707,50771200
2026-05-18,416.62,425.12,415.60999,423.54001,421.83057,32564100
2026-05-19,429.89999,432.70001,416.48999,417.42001,415.73526,33018700
2026-05-20,414.17001,422.10001,411.29999,421.06,419.36053,27864000
2026-05-21,424.75,426.34,415.70999,419.09,418.30252,31393500
2026-05-22,419.54001,424.39999,416.32999,418.57001,417.78354,22390300
2026-05-26,416.42999,419.76999,413.01999,416.03,415.24829,30398000
2026-05-27,411.01001,415.94,409.57999,412.67001,411.89462,28901500
2026-05-28,412.98001,429.48999,412.67001,426.98999,426.18768,47250500
2026-05-29,432.54999,450.32999,432.35999,450.23999,449.39401,79654400
2026-06-01,464.84,466.32001,458.26999,460.51999,459.65469,53628900
2026-06-02,446.88,453.5,440.42999,441.31,440.48077,37036800
2026-06-03,438.45001,440.39001,424.25,427.34,426.53705,39037000
2026-06-04,435.81,436.14999,426.41,428.04999,427.2457,26899500
2026-06-05,428.34,429.47,414.39999,416.67001,415.88708,34782200
2026-06-08,414.14001,417.16,408.56,411.73999,410.96634,32086700
2026-06-09,409.03,411.98001,398.48001,403.41,402.65201,35317300
2026-06-10,398.54999,405.04001,397.16,397.35999,396.61334,32576000
2026-06-11,395.20999,396.85001,384,390.34,389.60657,47224100
2026-06-12,391.42999,391.73999,382.26999,390.73999,390.0058,34865800
2026-06-15,396.79999,401.75,392.85001,399.76001,399.00888,32266400
2026-06-16,395.79001,396.84,390.69,393.82999,393.09,31506800
2026-06-17,390.25,390.37,377.32001,378.91,378.19803,41987800
2026-06-18,377.82001,381.37,373.28,379.39999,378.6871,59714200
2026-06-22,375.73999,381.63,367.07001,367.34,366.64978,45171100
2026-06-23,372.38,377.22,370.67001,373.94,373.23737,40647600
2026-06-24,371.57001,378.88,364.78,365.45999,364.77332,44509900
2026-06-25,362.76999,364.23001,349.20001,352.82999,352.16702,66179000
2026-06-26,357.14999,376.60999,355.42999,372.97,372.2692,186201600
2026-06-29,377.5,380.5,359.89999,368.57001,367.87747,51229900
2026-06-30,371.03,374.14999,367.45001,373.01999,372.31909,44945700
2026-07-01,380.82999,388.82999,374.89001,384.28,383.55795,48065800
2026-07-02,384.48001,392.20001,383.70001,390.48999,389.75626,42128900
2026-07-06,387.04001,389.14999,381.22,386.73999,386.01331,34224500
2026-07-07,392.48999,395.57001,388.22,388.84,388.10938,29297500
2026-07-08,384.03,385.31,381.32999,383.34,382.61972,25908300
2026-07-09,374.45001,384.64999,373.35001,384.35999,383.63779,31083200
2026-07-10,387.79999,391.91,381.5,385.10001,384.3764,24644600
2026-07-13,387.75,393.64999,384.14999,390.98999,390.25534,28914900
2026-07-14,382.82001,388.19,378.64999,384.92999,384.20673,27863900
2026-07-15,387.79999,398.95999,386.39999,395.63,394.88663,36253700
2026-07-16,398.31,405.98999,392.04999,401.10001,400.34634,37047400
2026-07-17,394.85999,398.39001,389.39001,393.82001,393.08002,33049800
2026-07-20,391.41,403.17999,389.64999,402.29001,401.53412,27915800
2026-07-21,398.81,401.47,396.32001,397.75,397.00262,24126600
2026-07-22,399.57999,401,386.95999,390.34,389.60657,28142500
2026-07-23,389.97,391.78,377.39001,381.57999,380.86301,30351800
2026-07-24,387.04999,389.03,380.64999,381.70001,380.98282,27659400
2026-07-27,390.07999,394.20001,387.98999,389.10001,388.3689,27856200
2026-07-28,393.16,400.32001,391.29999,393.35001,392.6109,32367500
2026-07-29,393.39999,401.25,388.73999,390.54001,389.80618,47209000
2026-07-30,437.89999,458.69,432.44,451.10001,450.25241,110160700
2026-07-31,450,466.84,449.32999,464.72,463.8468,60846000
2026-08-03,476.13,491.64999,475,487.64999,486.7337,66762100
2026-08-04,480.89999,499.44,479.17001,492.81,491.88403,50455500
2026-08-05,496.35999,498.23999,485.67999,487.45999,486.54407,33388900
2026-08-06,488.54999,501.56,488.51999,499.85999,498.92075,36441500
2026-08-07,499.20999,505.17999,498.73001,499.98999,499.05051,28846200
2026-08-10,503.44,513.72998,502.26999,506.06,505.10913,31206100
2026-08-11,504.32999,505.32999,499.54999,503.81,502.86334,23049800
2026-08-12,499.98999,501.5,491.51999,492.42999,491.50473,29001500
2026-08-13,493.26999,501.34,493.01001,496.88,495.94638,23039000
2026-08-14,496.35999,500.01001,493.92001,495.39999,494.46915,16217600
2026-08-17,490.14001,492.66,478.41,480.35001,479.44745,29635800
2026-08-18,481.54001,484.26999,477.14999,481.63,480.72504,24087600
2026-08-19,480.07001,489.29999,479.35999,484.31,483.39999,19961900
2026-08-20,483.29999,484.16,479.5,481.14999,481.14999,20020800
2026-08-21,479.88,486.35999,478.53,483.23999,483.23999,22489200