date,open,high,low,close,adjclose,volume
1999-01-22,0.043749999,0.048827998,0.038802002,0.041016001,0.037559081,2714688000
1999-01-25,0.044271,0.045832999,0.041016001,0.045313001,0.041493908,510480000
1999-01-26,0.045832999,0.046744999,0.041145999,0.041797001,0.038274243,343200000
1999-01-27,0.041926999,0.042969,0.039583001,0.041666999,0.038155198,244368000
1999-01-28,0.041666999,0.041926999,0.041276,0.041536,0.038035251,227520000
1999-01-29,0.041536,0.041666999,0.039583001,0.039583001,0.036246844,244032000
1999-02-01,0.039583001,0.040624999,0.039583001,0.040364999,0.036962952,154704000
1999-02-02,0.039583001,0.040624999,0.036068,0.037239999,0.034101319,264096000
1999-02-03,0.036719002,0.038541999,0.036458001,0.038020998,0.034816504,75120000
1999-02-04,0.038541999,0.041145999,0.038020998,0.040104002,0.036723945,181920000
1999-02-05,0.040755,0.041666999,0.039714001,0.041276,0.037797157,136848000
1999-02-08,0.041536,0.041666999,0.039843999,0.039843999,0.036485847,154080000
1999-02-09,0.040624999,0.040885001,0.037760001,0.038281001,0.035054594,86976000
1999-02-10,0.038281001,0.039322998,0.037239999,0.037891001,0.034697443,148224000
1999-02-11,0.038020998,0.042707998,0.038020998,0.041145999,0.037678108,132240000
1999-02-12,0.041666999,0.043749999,0.041666999,0.04349,0.039824553,109728000
1999-02-16,0.044271,0.046094,0.039322998,0.043749999,0.040062647,211008000
1999-02-17,0.042707998,0.043228999,0.040624999,0.041405998,0.037916202,67728000
1999-02-18,0.042707998,0.043228999,0.040885001,0.042057,0.038512349,70704000
1999-02-19,0.041666999,0.044271,0.041145999,0.04349,0.039824553,75360000
1999-02-22,0.044271,0.044792,0.041405998,0.043749999,0.040062647,205248000
1999-02-23,0.044792,0.046744999,0.042188,0.045832999,0.041970089,138096000
1999-02-24,0.052604001,0.054687999,0.048307002,0.049479,0.045308795,612768000
1999-02-25,0.051562998,0.053125001,0.047134999,0.047917001,0.043878436,149136000
1999-02-26,0.048438001,0.050000001,0.045313001,0.045703001,0.041851047,172608000
1999-03-01,0.046875,0.047917001,0.043749999,0.045963999,0.042090047,92160000
1999-03-02,0.045832999,0.046094,0.044792,0.045573,0.041732006,55248000
1999-03-03,0.045832999,0.045832999,0.042188,0.042447999,0.038870379,61392000
1999-03-04,0.044530999,0.044792,0.041145999,0.041536,0.038035251,57360000
1999-03-05,0.041926999,0.044009998,0.041926999,0.043880001,0.040181693,78768000
1999-03-08,0.042707998,0.045832999,0.041926999,0.044530999,0.04077781,75888000
1999-03-09,0.044401001,0.046615001,0.044401001,0.045963999,0.042090047,143184000
1999-03-10,0.046615001,0.046615001,0.044530999,0.045182001,0.041373964,235344000
1999-03-11,0.044401001,0.045182001,0.043228999,0.043228999,0.039585553,54288000
1999-03-12,0.04349,0.04349,0.041666999,0.042447999,0.038870379,90768000
1999-03-15,0.04349,0.044792,0.043228999,0.044271,0.040539727,108816000
1999-03-16,0.044530999,0.045051999,0.042447999,0.042838998,0.039228421,79152000
1999-03-17,0.043228999,0.044009998,0.042057,0.043099001,0.039466508,51360000
1999-03-18,0.043228999,0.044271,0.042188,0.043620002,0.039943594,46320000
1999-03-19,0.04349,0.045051999,0.04349,0.043749999,0.040062647,105312000
1999-03-22,0.044661,0.044792,0.042447999,0.042447999,0.038870379,36672000
1999-03-23,0.042707998,0.042707998,0.039062999,0.039843999,0.036485847,163968000
1999-03-24,0.039583001,0.039843999,0.038020998,0.039583001,0.036246844,60864000
1999-03-25,0.039453,0.041666999,0.039322998,0.040104002,0.036723945,40320000
1999-03-26,0.040624999,0.043749999,0.040624999,0.043620002,0.039943594,88272000
1999-03-29,0.044922002,0.045963999,0.044140998,0.044922002,0.041135874,65952000
1999-03-30,0.045051999,0.045442998,0.040885001,0.041145999,0.037678108,69504000
1999-03-31,0.042447999,0.044530999,0.040495001,0.044009998,0.040300723,153600000
1999-04-01,0.044009998,0.044271,0.041926999,0.042707998,0.039108463,30432000
1999-04-05,0.042188,0.043228999,0.041145999,0.041405998,0.037916202,98640000
1999-04-06,0.041797001,0.041926999,0.039583001,0.040364999,0.036962952,69696000
1999-04-07,0.040624999,0.044009998,0.040364999,0.043749999,0.040062647,89280000
1999-04-08,0.044009998,0.045832999,0.04349,0.044530999,0.04077781,130128000
1999-04-09,0.044792,0.044792,0.04349,0.043749999,0.040062647,48624000
1999-04-12,0.043228999,0.043228999,0.041145999,0.041926999,0.038393278,33312000
1999-04-13,0.042707998,0.042707998,0.039583001,0.040233999,0.036842976,36144000
1999-04-14,0.040104002,0.041016001,0.039062999,0.039062999,0.035770677,48288000
1999-04-15,0.040104002,0.040104002,0.039062999,0.040104002,0.036723945,35856000
1999-04-16,0.039843999,0.042057,0.039843999,0.041405998,0.037916202,38928000
1999-04-19,0.041926999,0.041926999,0.039062999,0.039583001,0.036246844,31296000
1999-04-20,0.039583001,0.041145999,0.038410999,0.038802002,0.035531666,67680000
1999-04-21,0.038802002,0.039583001,0.038541999,0.039453,0.036127802,37488000
1999-04-22,0.039583001,0.039583001,0.03737,0.037760001,0.034577489,227184000
1999-04-23,0.037629999,0.037760001,0.035677001,0.035937998,0.032909065,126048000
1999-04-26,0.035937998,0.036458001,0.033333,0.034115002,0.031239711,123504000
1999-04-27,0.034896001,0.038020998,0.034375001,0.037760001,0.034577489,226944000
1999-04-28,0.038020998,0.038020998,0.036327999,0.037500001,0.034339406,120096000
1999-04-29,0.037629999,0.037760001,0.036719002,0.037500001,0.034339406,48144000
1999-04-30,0.037891001,0.039583001,0.037629999,0.038020998,0.034816504,99312000
1999-05-03,0.038410999,0.038410999,0.037239999,0.038281001,0.035054594,33840000
1999-05-04,0.038281001,0.038281001,0.035417002,0.036198001,0.033147141,96048000
1999-05-05,0.036458001,0.036979001,0.034375001,0.036979001,0.033862334,144576000
1999-05-06,0.036719002,0.037500001,0.035156,0.036263,0.033206664,35616000
1999-05-07,0.035156,0.036719002,0.035156,0.036458001,0.033385228,25008000
1999-05-10,0.036198001,0.037239999,0.036198001,0.036458001,0.033385228,19680000
1999-05-11,0.038020998,0.039583001,0.037239999,0.038410999,0.035173632,171744000
1999-05-12,0.038802002,0.039714001,0.038281001,0.039583001,0.036246844,168480000
1999-05-13,0.039583001,0.040624999,0.039453,0.039583001,0.036246844,69936000
1999-05-14,0.039583001,0.039583001,0.036979001,0.037500001,0.034339406,28464000
1999-05-17,0.036979001,0.039322998,0.036849,0.039322998,0.036008757,35760000
1999-05-18,0.039714001,0.041666999,0.038541999,0.041145999,0.037678108,151536000
1999-05-19,0.042969,0.044530999,0.038672,0.039322998,0.036008757,451728000
1999-05-20,0.039583001,0.039583001,0.034766,0.036198001,0.033147141,178176000
1999-05-21,0.035677001,0.035677001,0.034375001,0.035417002,0.032431971,303504000
1999-05-24,0.035677001,0.036458001,0.034766,0.035286002,0.032311998,162624000
1999-05-25,0.035417002,0.035937998,0.035156,0.035546999,0.032551013,130080000
1999-05-26,0.035417002,0.037239999,0.035417002,0.035417002,0.032431971,104736000
1999-05-27,0.035677001,0.035677001,0.035156,0.035156,0.03219296,82320000
1999-05-28,0.035677001,0.035677001,0.035156,0.035546999,0.032551013,88656000
1999-06-01,0.035417002,0.035677001,0.034896001,0.035677001,0.032670069,98544000
1999-06-02,0.035677001,0.035677001,0.034375001,0.034375001,0.031477787,130128000
1999-06-03,0.035286002,0.035546999,0.034896001,0.035286002,0.032311998,41568000
1999-06-04,0.035546999,0.035677001,0.035286002,0.035546999,0.032551013,78912000
1999-06-07,0.035742,0.036458001,0.035677001,0.035937998,0.032909065,125136000
1999-06-08,0.036068,0.037500001,0.035937998,0.036849,0.033743262,153312000
1999-06-09,0.036979001,0.038281001,0.036979001,0.037500001,0.034339406,95184000
1999-06-10,0.037500001,0.037760001,0.037239999,0.037629999,0.034458444,36096000
1999-06-11,0.037629999,0.037760001,0.035546999,0.036849,0.033743262,61008000
1999-06-14,0.036913998,0.036979001,0.035156,0.035417002,0.032431971,51648000
1999-06-15,0.035417002,0.035677001,0.034896001,0.035417002,0.032431971,49296000
1999-06-16,0.035937998,0.037500001,0.035417002,0.036458001,0.033385228,64416000
1999-06-17,0.036198001,0.036719002,0.035417002,0.035417002,0.032431971,74928000
1999-06-18,0.035677001,0.035677001,0.034115002,0.034115002,0.031239711,158736000
1999-06-21,0.035156,0.035937998,0.034212001,0.035937998,0.032909065,83472000
1999-06-22,0.035937998,0.035937998,0.034504998,0.035286002,0.032311998,193056000
1999-06-23,0.034896001,0.035937998,0.034504998,0.035937998,0.032909065,210912000
1999-06-24,0.036198001,0.036198001,0.034896001,0.035156,0.03219296,115200000
1999-06-25,0.034896001,0.036068,0.034896001,0.035677001,0.032670069,73536000
1999-06-28,0.036849,0.036849,0.035417002,0.036198001,0.033147141,109152000
1999-06-29,0.036719002,0.037108999,0.036198001,0.036589,0.033505198,92688000
1999-06-30,0.037760001,0.039843999,0.036979001,0.039843999,0.036485847,269232000
1999-07-01,0.039843999,0.039843999,0.035677001,0.037760001,0.034577489,88992000
1999-07-02,0.038281001,0.040495001,0.037500001,0.040495001,0.037081987,224880000
1999-07-06,0.040885001,0.040885001,0.040104002,0.040624999,0.037201036,198096000
1999-07-07,0.040885001,0.040885001,0.039843999,0.039843999,0.036485847,63120000
1999-07-08,0.040104002,0.041405998,0.038802002,0.040755,0.037320077,186048000
1999-07-09,0.040624999,0.044530999,0.040624999,0.044206001,0.0404802,211728000
1999-07-12,0.046875,0.048177,0.045051999,0.046224002,0.042328127,401040000
1999-07-13,0.046744999,0.047005001,0.044271,0.046354,0.042447176,138864000
1999-07-14,0.046354,0.047396,0.044271,0.044530999,0.04077781,137952000
1999-07-15,0.044922002,0.046354,0.044792,0.044792,0.041016821,137040000
1999-07-16,0.045573,0.046094,0.044792,0.045703001,0.041851047,103872000
1999-07-19,0.045832999,0.045963999,0.044271,0.044530999,0.04077781,43632000
1999-07-20,0.044530999,0.044530999,0.042188,0.043749999,0.040062647,178752000
1999-07-21,0.043228999,0.043228999,0.041145999,0.042447999,0.038870379,112080000
1999-07-22,0.042188,0.042188,0.040104002,0.040495001,0.037081987,213264000
1999-07-23,0.040364999,0.041666999,0.040364999,0.040495001,0.037081987,80256000
1999-07-26,0.041536,0.041536,0.040624999,0.040624999,0.037201036,60528000
1999-07-27,0.040624999,0.040885001,0.040104002,0.040755,0.037320077,98592000
1999-07-28,0.040624999,0.041926999,0.040495001,0.041405998,0.037916202,244224000
1999-07-29,0.040624999,0.041926999,0.040364999,0.041797001,0.038274243,388800000
1999-07-30,0.041797001,0.042969,0.041666999,0.041926999,0.038393278,452304000
1999-08-02,0.041926999,0.042447999,0.041666999,0.042318001,0.038751349,313344000
1999-08-03,0.042318001,0.042318001,0.040885001,0.041276,0.037797157,255216000
1999-08-04,0.041536,0.041666999,0.041145999,0.041276,0.037797157,89952000
1999-08-05,0.041276,0.041926999,0.040624999,0.041926999,0.038393278,240576000
1999-08-06,0.041797001,0.042057,0.041666999,0.041926999,0.038393278,183984000
1999-08-09,0.042057,0.042447999,0.041666999,0.041926999,0.038393278,31056000
1999-08-10,0.042188,0.044530999,0.041926999,0.042707998,0.039108463,212064000
1999-08-11,0.04349,0.046094,0.042969,0.045573,0.041732006,197712000
1999-08-12,0.045832999,0.048958,0.045573,0.047786001,0.043758482,239616000
1999-08-13,0.047396,0.048307002,0.046875,0.047265999,0.043282289,84672000
1999-08-16,0.047656,0.047656,0.043880001,0.045442998,0.041612945,223440000
1999-08-17,0.045573,0.046354,0.044401001,0.045573,0.041732006,193536000
1999-08-18,0.045051999,0.047134999,0.044140998,0.046615001,0.042686168,279888000
1999-08-19,0.049869999,0.059115,0.048177,0.056510001,0.051747192,1966992000
1999-08-20,0.056641001,0.057030998,0.053906001,0.055989999,0.051271033,353088000
1999-08-23,0.055208001,0.055208001,0.050781,0.052604001,0.048170406,507984000
1999-08-24,0.051823001,0.052864999,0.049219001,0.052344002,0.047932316,398064000
1999-08-25,0.052474,0.052995,0.050000001,0.052083001,0.047693316,350352000
1999-08-26,0.052083001,0.052864999,0.050521001,0.051302001,0.046978135,275376000
1999-08-27,0.052344002,0.056249999,0.052083001,0.054166999,0.049601678,552384000
1999-08-30,0.055078,0.056120001,0.051693,0.053971,0.04942219,158640000
1999-08-31,0.054166999,0.058853999,0.053125001,0.058594,0.053655554,786864000
1999-09-01,0.058594,0.058594,0.054947998,0.055858999,0.05115106,565344000
1999-09-02,0.054035999,0.055468999,0.052864999,0.055208001,0.050554939,341088000
1999-09-03,0.056249999,0.057030998,0.055208001,0.055599,0.050912976,258864000
1999-09-07,0.056510001,0.056510001,0.055078,0.055339001,0.050674897,124416000
1999-09-08,0.055468999,0.055858999,0.055208001,0.055208001,0.050554939,170064000
1999-09-09,0.055729002,0.056120001,0.053385001,0.054427002,0.049839761,209472000
1999-09-10,0.055339001,0.055989999,0.054947998,0.055208001,0.050554939,167424000
1999-09-13,0.055468999,0.055468999,0.052864999,0.053385001,0.048885576,174432000
1999-09-14,0.053385001,0.053385001,0.051562998,0.051823001,0.047455229,250368000
1999-09-15,0.051171999,0.052864999,0.050781,0.052214,0.04781327,212736000
1999-09-16,0.051562998,0.052083001,0.05026,0.050911002,0.046620097,158112000
1999-09-17,0.050586,0.051042002,0.048958,0.050781,0.046501063,171648000
1999-09-20,0.049869999,0.050521001,0.048958,0.048958,0.044831704,229104000
1999-09-21,0.047917001,0.048177,0.043620002,0.044271,0.040539727,737328000
1999-09-22,0.044271,0.045573,0.041666999,0.045313001,0.041493908,375984000
1999-09-23,0.045442998,0.045573,0.041145999,0.041536,0.038035251,379584000
1999-09-24,0.041666999,0.042707998,0.034896001,0.037760001,0.034577489,684912000
1999-09-27,0.040233999,0.040885001,0.037760001,0.040104002,0.036723945,432000000
1999-09-28,0.040169001,0.044271,0.040104002,0.043749999,0.040062647,413184000
1999-09-29,0.044661,0.046354,0.039583001,0.040233999,0.036842976,594048000
1999-09-30,0.041666999,0.042969,0.039583001,0.040104002,0.036723945,342528000
1999-10-01,0.039453,0.040885001,0.037760001,0.039843999,0.036485847,347760000
1999-10-04,0.041145999,0.041276,0.040104002,0.040624999,0.037201036,177600000
1999-10-05,0.040624999,0.044792,0.040624999,0.044530999,0.04077781,478080000
1999-10-06,0.044661,0.052083001,0.044271,0.049869999,0.045666829,1508736000
1999-10-07,0.051952999,0.051952999,0.046354,0.046615001,0.042686168,487296000
1999-10-08,0.046615001,0.050391,0.044792,0.048958,0.044831704,398928000
1999-10-11,0.049348999,0.049479,0.046354,0.047656,0.04363944,544464000
1999-10-12,0.047917001,0.048438001,0.046875,0.047005001,0.043043323,322992000
1999-10-13,0.046484001,0.046484001,0.044792,0.045703001,0.041851047,280368000
1999-10-14,0.045832999,0.045832999,0.044271,0.044792,0.041016821,192336000
1999-10-15,0.042578001,0.044792,0.042447999,0.044530999,0.04077781,210720000
1999-10-18,0.044661,0.044661,0.041926999,0.042188,0.0386323,215184000
1999-10-19,0.04349,0.04349,0.039714001,0.040495001,0.037081987,308928000
1999-10-20,0.041145999,0.042447999,0.040495001,0.041926999,0.038393278,348720000
1999-10-21,0.041797001,0.043880001,0.040624999,0.043880001,0.040181693,382128000
1999-10-22,0.043749999,0.046224002,0.043749999,0.044922002,0.041135874,286752000
1999-10-25,0.044661,0.045313001,0.042707998,0.042707998,0.039108463,213840000
1999-10-26,0.044530999,0.048438001,0.044271,0.046875,0.042924244,481248000
1999-10-27,0.047134999,0.047396,0.044009998,0.044792,0.041016821,214128000
1999-10-28,0.045051999,0.045832999,0.042447999,0.042707998,0.039108463,222768000
1999-10-29,0.043228999,0.046875,0.042969,0.046094,0.04220907,330528000
1999-11-01,0.045313001,0.050781,0.045313001,0.048958,0.044831704,782544000
1999-11-02,0.049869999,0.052344002,0.049479,0.052083001,0.047693316,837504000
1999-11-03,0.054166999,0.058594,0.053776,0.057161,0.052343328,2011680000
1999-11-04,0.057813,0.062369999,0.057813,0.060807001,0.055682041,1260336000
1999-11-05,0.0625,0.063020997,0.055989999,0.058853999,0.053893648,616368000
1999-11-08,0.057030998,0.062240001,0.055208001,0.060547002,0.055443954,470016000
1999-11-09,0.060417,0.060676999,0.057291999,0.059634998,0.054608811,272352000
1999-11-10,0.059831001,0.059896,0.057943001,0.059115,0.054132644,144048000
1999-11-11,0.059115,0.066405997,0.057813,0.063281,0.05794752,562704000
1999-11-12,0.066016003,0.066666998,0.062240001,0.066666998,0.061048139,501504000
1999-11-15,0.067121997,0.069141001,0.064323001,0.065365002,0.059855867,362208000
1999-11-16,0.066927001,0.072916999,0.066666998,0.071615003,0.065579139,723792000
1999-11-17,0.072916999,0.078125,0.071874999,0.074349001,0.06808266,786384000
1999-11-18,0.075911,0.076563001,0.073958002,0.074608997,0.068320744,235968000
1999-11-19,0.083594002,0.092448004,0.083333001,0.089322999,0.081794642,2165184000
1999-11-22,0.091601998,0.091666996,0.083853997,0.089193001,0.081675589,540192000
1999-11-23,0.080077998,0.083724,0.079167001,0.082813002,0.075833306,553248000
1999-11-24,0.082422003,0.083333001,0.074088998,0.080208004,0.073447891,406848000
1999-11-26,0.079426996,0.080208004,0.077082999,0.079687998,0.072971694,71760000
1999-11-29,0.079426996,0.080468997,0.075000003,0.076823004,0.070348173,298608000
1999-11-30,0.077082999,0.078385003,0.072135001,0.072135001,0.066055275,314688000
1999-12-01,0.072135001,0.076823004,0.072135001,0.075781003,0.069393985,223536000
1999-12-02,0.076041996,0.082422003,0.076041996,0.081380002,0.074521117,309888000
1999-12-03,0.082161002,0.083594002,0.078385003,0.079426996,0.072732694,342768000
1999-12-06,0.079687998,0.082030997,0.079687998,0.081641003,0.074760064,178608000
1999-12-07,0.082291998,0.082422003,0.075781003,0.078906,0.072255604,186384000
1999-12-08,0.078645997,0.083203003,0.078385003,0.082422003,0.075475268,201696000
1999-12-09,0.082291998,0.084375001,0.077082999,0.079948001,0.073209777,214944000
1999-12-10,0.081380002,0.081771001,0.077604003,0.079035997,0.072374649,98304000
1999-12-13,0.078125,0.080858998,0.077082999,0.078776002,0.072136573,183840000
1999-12-14,0.078906,0.080858998,0.076692998,0.077473998,0.070944287,273888000
1999-12-15,0.076953001,0.077344,0.073177002,0.075000003,0.068678811,205968000
1999-12-16,0.075391002,0.076563001,0.074219003,0.074478999,0.068201736,132576000
1999-12-17,0.076563001,0.079557002,0.076172002,0.078385003,0.071778543,262080000
1999-12-20,0.078515999,0.086425997,0.075781003,0.084895998,0.077740759,402432000
1999-12-21,0.084895998,0.088671997,0.081771001,0.088541999,0.081079453,388368000
1999-12-22,0.088802002,0.091666996,0.085417002,0.090625003,0.082986906,251184000
1999-12-23,0.090755001,0.096874997,0.090365,0.096615002,0.088472024,280224000
1999-12-27,0.098697998,0.098828003,0.091926999,0.092969,0.085133344,202416000
1999-12-28,0.092969,0.096354,0.092448004,0.092707999,0.084894352,179184000
1999-12-29,0.092513002,0.096874997,0.092448004,0.095833004,0.087755956,132144000
1999-12-30,0.095833004,0.097266003,0.094270997,0.096615002,0.088472024,139776000
1999-12-31,0.096418999,0.097916998,0.096093997,0.097786002,0.089544341,127344000
2000-01-03,0.098438002,0.099219002,0.091926999,0.097525999,0.08930625,300912000
2000-01-04,0.095833004,0.096093997,0.090103999,0.094921999,0.086921737,300480000
2000-01-05,0.092188001,0.09375,0.090494998,0.091797002,0.084060133,188352000
2000-01-06,0.091797002,0.091797002,0.082291998,0.085807003,0.078574985,120480000
2000-01-07,0.085417002,0.088151,0.084114999,0.087240003,0.079887189,71184000
2000-01-10,0.087499999,0.09375,0.085937999,0.090103999,0.082509838,239856000
2000-01-11,0.089583002,0.090625003,0.086457998,0.086457998,0.079171106,148128000
2000-01-12,0.086457998,0.086589001,0.083072998,0.084244996,0.077144653,123552000
2000-01-13,0.084114999,0.088541999,0.083072998,0.087760001,0.080363385,132192000
2000-01-14,0.089063004,0.095182002,0.088802002,0.091536,0.083821133,604560000
2000-01-18,0.092707999,0.095833004,0.088541999,0.095443003,0.08739882,261648000
2000-01-19,0.095833004,0.095833004,0.09375,0.094531,0.086563677,164688000
2000-01-20,0.095312998,0.100521,0.093489997,0.094270997,0.086325616,179568000
2000-01-21,0.094010003,0.094401002,0.090884998,0.093229003,0.08537142,544272000
2000-01-24,0.096224003,0.096224003,0.088541999,0.089063004,0.081556574,256944000
2000-01-25,0.089452997,0.090365,0.085417002,0.088280998,0.080840468,237120000
2000-01-26,0.088280998,0.090625003,0.083072998,0.084634997,0.077501751,232464000
2000-01-27,0.085285999,0.085285999,0.077082999,0.080208004,0.073447891,458208000
2000-01-28,0.079167001,0.079687998,0.07474,0.077864997,0.071302317,194448000
2000-01-31,0.078254998,0.079948001,0.072916999,0.077214003,0.070706211,182400000
2000-02-01,0.077344,0.079687998,0.074478999,0.079035997,0.072374649,92976000
2000-02-02,0.079426996,0.082813002,0.079035997,0.081249997,0.074402072,149040000
2000-02-03,0.083853997,0.085547,0.082030997,0.082552001,0.075594313,108240000
2000-02-04,0.085156001,0.085156001,0.082813002,0.084504999,0.077382728,123696000
2000-02-07,0.084895998,0.084895998,0.079167001,0.079296999,0.072613642,217488000
2000-02-08,0.081249997,0.085937999,0.079167001,0.083072998,0.076071396,468816000
2000-02-09,0.086198002,0.087630004,0.085026003,0.085156001,0.077978849,589056000
2000-02-10,0.090365,0.104167,0.090365,0.102604,0.093956269,970080000
2000-02-11,0.107682,0.107813,0.096615002,0.104167,0.095387541,423792000
2000-02-14,0.104427,0.120833,0.103385,0.120833,0.1106489,650112000
2000-02-15,0.121094,0.121224,0.111198,0.116146,0.10635691,450480000
2000-02-16,0.117448,0.125521,0.116146,0.121484,0.11124503,1019568000
2000-02-17,0.121354,0.126563,0.119531,0.125781,0.11517986,535776000
2000-02-18,0.123958,0.142188,0.123047,0.140365,0.12853463,960864000
2000-02-22,0.135938,0.13776,0.13124999,0.13645799,0.124957,542496000
2000-02-23,0.134896,0.13867199,0.133203,0.13723999,0.12567304,511392000
2000-02-24,0.13802101,0.138932,0.130208,0.135938,0.1244808,244320000
2000-02-25,0.136068,0.136068,0.121875,0.127474,0.11673018,278736000
2000-02-28,0.12682299,0.128125,0.124479,0.126563,0.11589593,517872000
2000-02-29,0.125781,0.134896,0.125781,0.133333,0.12209534,306048000
2000-03-01,0.133333,0.133333,0.127344,0.129427,0.11851856,383568000
2000-03-02,0.13046899,0.13046899,0.120313,0.120703,0.11052988,191040000
2000-03-03,0.120833,0.123958,0.119792,0.122656,0.11231824,273696000
2000-03-06,0.123438,0.13281301,0.120833,0.121875,0.11160308,432096000
2000-03-07,0.15625,0.181771,0.149479,0.173568,0.15893927,1952208000
2000-03-08,0.17347001,0.17656299,0.16093799,0.175,0.16025059,668736000
2000-03-09,0.177083,0.22499999,0.17656299,0.20895199,0.19134101,952944000
2000-03-10,0.21979199,0.30208299,0.218229,0.24583299,0.2251136,2161200000
2000-03-13,0.22291701,0.3125,0.220833,0.310938,0.28473148,2415168000
2000-03-14,0.30924499,0.30924499,0.22499999,0.22942699,0.21009029,1567776000
2000-03-15,0.245866,0.25221401,0.21250001,0.220052,0.20150548,995616000
2000-03-16,0.227083,0.234896,0.19296899,0.196191,0.17965554,750384000
2000-03-17,0.19166701,0.22291701,0.191634,0.20807301,0.19053611,557616000
2000-03-20,0.216276,0.223177,0.20130201,0.20794301,0.19041705,365280000
2000-03-21,0.208333,0.21015599,0.18125001,0.19765601,0.18099709,536640000
2000-03-22,0.199219,0.205208,0.195833,0.19908901,0.1823093,230592000
2000-03-23,0.197266,0.213542,0.19687501,0.202604,0.18552801,309408000
2000-03-24,0.20130201,0.210417,0.1875,0.194141,0.17777835,231600000
2000-03-27,0.19374999,0.2,0.17968801,0.18138,0.16609289,388944000
2000-03-28,0.17512999,0.177083,0.164583,0.16783901,0.15369314,393312000
2000-03-29,0.16848999,0.172396,0.15000001,0.156771,0.14355797,469440000
2000-03-30,0.15208299,0.170313,0.14687499,0.15585899,0.14272283,361920000
2000-03-31,0.166504,0.183073,0.163542,0.176009,0.16117448,962976000
2000-04-03,0.17441399,0.175,0.157682,0.16224,0.14856596,329952000
2000-04-04,0.17083301,0.17369799,0.11875,0.15625,0.14308088,513792000
2000-04-05,0.157813,0.203125,0.14974,0.191016,0.17491674,639600000
2000-04-06,0.19987001,0.210026,0.190365,0.19987001,0.18302447,404592000
2000-04-07,0.209896,0.21875,0.201042,0.213672,0.19566315,318576000
2000-04-10,0.217318,0.229948,0.19075499,0.194792,0.17837442,395280000
2000-04-11,0.181217,0.197917,0.166667,0.183203,0.16776218,457584000
2000-04-12,0.18346401,0.1875,0.163542,0.164193,0.15035443,313440000
2000-04-13,0.16549499,0.171354,0.15442701,0.157161,0.1439151,313296000
2000-04-14,0.147135,0.158464,0.13645799,0.143327,0.13124706,421920000
2000-04-17,0.13124999,0.15625,0.13124999,0.15065099,0.13795371,294096000
2000-04-18,0.16582,0.186979,0.16093799,0.17734399,0.16239698,477504000
2000-04-19,0.182943,0.185417,0.166667,0.16888,0.15464635,278352000
2000-04-20,0.173438,0.17669301,0.16562501,0.167969,0.15381217,153936000
2000-04-24,0.158333,0.165365,0.15130199,0.15963501,0.14618053,205968000
2000-04-25,0.166797,0.182292,0.16640601,0.177083,0.16215803,249696000
2000-04-26,0.18945301,0.19374999,0.175,0.17526001,0.16048868,254112000
2000-04-27,0.163542,0.191406,0.16263001,0.189583,0.17360449,280992000
2000-04-28,0.192578,0.2,0.18567701,0.18567701,0.1700277,179040000
2000-05-01,0.192708,0.19687501,0.18710899,0.19166701,0.17551288,119424000
2000-05-02,0.19166701,0.202865,0.17890599,0.18424501,0.16871636,234000000
2000-05-03,0.183073,0.189063,0.166667,0.18125001,0.16597381,329184000
2000-05-04,0.180859,0.191146,0.179297,0.18346401,0.16800123,241200000
2000-05-05,0.18268199,0.196354,0.180208,0.191927,0.17575094,170592000
2000-05-08,0.186979,0.19374999,0.184635,0.18489601,0.16931251,185136000
2000-05-09,0.188021,0.189583,0.177083,0.182292,0.16692802,176832000
2000-05-10,0.18046901,0.180599,0.16276,0.164323,0.15047349,274080000
2000-05-11,0.166667,0.174349,0.164453,0.171354,0.15691189,245904000
2000-05-12,0.17604201,0.185417,0.166146,0.166146,0.15214279,187824000
2000-05-15,0.165365,0.18046901,0.15729199,0.177604,0.1626351,282096000
2000-05-16,0.185417,0.201432,0.18333299,0.195833,0.17932771,366432000
2000-05-17,0.20625,0.238802,0.20612,0.23020799,0.21080549,1290624000
2000-05-18,0.23151,0.235286,0.21315099,0.21458299,0.19649743,509904000
2000-05-19,0.208333,0.21979199,0.206771,0.21276,0.19482802,521184000
2000-05-22,0.210417,0.22656301,0.191797,0.22656301,0.20746768,517152000
2000-05-23,0.220833,0.245703,0.217188,0.22474,0.20579836,778560000
2000-05-24,0.224479,0.22812501,0.19218799,0.221875,0.20317481,739632000
2000-05-25,0.22513001,0.23854201,0.21601599,0.21875,0.2003132,569184000
2000-05-26,0.21985701,0.22591101,0.20625,0.21985701,0.20132691,183456000
2000-05-30,0.22578099,0.234635,0.22474,0.22890601,0.20961323,303648000
2000-05-31,0.22812501,0.241667,0.22812501,0.23776001,0.21772105,469536000
2000-06-01,0.244792,0.247005,0.238281,0.24440099,0.22380224,418992000
2000-06-02,0.249479,0.27708301,0.249479,0.27408901,0.25098816,592176000
2000-06-05,0.273698,0.29374999,0.26276001,0.27998,0.25638261,491904000
2000-06-06,0.28099,0.29140601,0.26458299,0.26601601,0.24359557,375888000
2000-06-07,0.264063,0.266276,0.25026,0.25416699,0.23274511,332352000
2000-06-08,0.26067701,0.26093799,0.24583299,0.25612,0.23453358,460704000
2000-06-09,0.26093799,0.27500001,0.25703099,0.26341099,0.24120992,467280000
2000-06-12,0.26458299,0.26679701,0.250521,0.25637999,0.23477162,380016000
2000-06-13,0.249219,0.26458299,0.247917,0.26445299,0.24216421,447840000
2000-06-14,0.26940101,0.27083299,0.26071,0.264193,0.24192622,275088000
2000-06-15,0.26341099,0.27109399,0.249219,0.27109399,0.24824546,338592000
2000-06-16,0.27011701,0.3125,0.27005199,0.311979,0.2856847,987840000
2000-06-19,0.311198,0.35677099,0.30338499,0.33151001,0.30356953,1052160000
2000-06-20,0.33724001,0.34114599,0.32291701,0.32708299,0.2995156,610272000
2000-06-21,0.322005,0.366667,0.322005,0.360286,0.32992023,614880000
2000-06-22,0.358724,0.366146,0.33724001,0.34062499,0.31191629,614352000
2000-06-23,0.33151001,0.335677,0.30833301,0.30846399,0.28246593,607392000
2000-06-26,0.314583,0.34765601,0.30963501,0.34570301,0.31656629,618288000
2000-06-27,0.34270799,0.34843799,0.28775999,0.296875,0.27185363,604608000
2000-06-28,0.30312499,0.314583,0.27708301,0.28541699,0.26136139,586608000
2000-06-29,0.280469,0.280469,0.239583,0.244271,0.22368325,1184880000
2000-06-30,0.25572899,0.26927099,0.243229,0.264844,0.24252219,1209192000
2000-07-03,0.26666701,0.27500001,0.252083,0.25468799,0.23322228,232680000
2000-07-05,0.25364599,0.25416699,0.21979199,0.22734401,0.20818289,777936000
2000-07-06,0.227604,0.249479,0.22213501,0.241146,0.22082162,603936000
2000-07-07,0.25,0.25416699,0.2375,0.242448,0.22201392,346560000
2000-07-10,0.238281,0.26093799,0.235938,0.25494799,0.23346037,351264000
2000-07-11,0.25156301,0.288542,0.248698,0.27552101,0.25229943,755304000
2000-07-12,0.28697899,0.297656,0.27786499,0.283333,0.25945294,388152000
2000-07-13,0.289323,0.31145799,0.288802,0.30989599,0.28377715,458736000
2000-07-14,0.31614599,0.322135,0.30000001,0.30755201,0.28163075,280200000
2000-07-17,0.31224,0.3125,0.30312499,0.304167,0.27853113,105552000
2000-07-18,0.28749999,0.3125,0.28749999,0.298177,0.27304599,183672000
2000-07-19,0.28749999,0.289583,0.273177,0.279167,0.25563821,189504000
2000-07-20,0.27890599,0.29374999,0.27812499,0.28671899,0.2625536,142992000
2000-07-21,0.28749999,0.29583299,0.283333,0.29036501,0.2658923,251928000
2000-07-24,0.29062501,0.29270801,0.25416699,0.265625,0.24323751,281112000
2000-07-25,0.26979199,0.27187499,0.25520799,0.25572899,0.23417552,335304000
2000-07-26,0.25572899,0.25572899,0.229688,0.236719,0.21676771,380064000
2000-07-27,0.229167,0.232292,0.216667,0.21979199,0.20126741,331560000
2000-07-28,0.220833,0.24140599,0.208333,0.22499999,0.20603642,512664000
2000-07-31,0.2375,0.250521,0.22499999,0.25,0.2289294,371232000
2000-08-01,0.25,0.252083,0.243229,0.24505199,0.22439843,350616000
2000-08-02,0.241667,0.25403601,0.23776001,0.25,0.2289294,345432000
2000-08-03,0.22499999,0.26666701,0.22499999,0.26093799,0.23894556,368664000
2000-08-04,0.26718801,0.27083299,0.26145801,0.265625,0.24323751,194784000
2000-08-07,0.26744801,0.288802,0.266406,0.28645799,0.26231468,246936000
2000-08-08,0.28020799,0.29583299,0.279167,0.28020799,0.25659135,128112000
2000-08-09,0.28385401,0.28567699,0.26796901,0.27187499,0.24896064,136248000
2000-08-10,0.265625,0.28125,0.26041701,0.27500001,0.25182229,156432000
2000-08-11,0.27552101,0.27760401,0.25572899,0.26848999,0.24586098,131928000
2000-08-14,0.27187499,0.274479,0.26249999,0.27109399,0.24824546,108576000
2000-08-15,0.272396,0.30208299,0.271615,0.29668,0.27167523,443328000
2000-08-16,0.31276,0.31276,0.29505199,0.304167,0.27853113,266232000
2000-08-17,0.30000001,0.31145799,0.298958,0.30989599,0.28377715,129816000
2000-08-18,0.30859399,0.32447901,0.30807301,0.320833,0.2937924,204720000
2000-08-21,0.33255199,0.33828101,0.32499999,0.32578099,0.29832345,464472000
2000-08-22,0.30885401,0.31562501,0.29218799,0.29505199,0.27018437,658872000
2000-08-23,0.29036501,0.31276,0.28437501,0.31224,0.28592366,352800000
2000-08-24,0.310417,0.32369801,0.30468801,0.320573,0.29355443,332616000
2000-08-25,0.31718799,0.32395801,0.310938,0.3125,0.28616175,153048000
2000-08-28,0.31406301,0.32916701,0.310417,0.32499999,0.29760829,189264000
2000-08-29,0.32630199,0.32708299,0.320833,0.32421899,0.29689297,149376000
2000-08-30,0.320573,0.33151001,0.31718799,0.32708299,0.2995156,178080000
2000-08-31,0.33203101,0.34375,0.32552099,0.33072901,0.30285436,388896000
2000-09-01,0.33750001,0.34062499,0.327604,0.33125001,0.3033314,204144000
2000-09-05,0.33906299,0.33932301,0.329427,0.33177099,0.30380857,246144000
2000-09-06,0.33307299,0.33307299,0.30625001,0.30885401,0.282823,230136000
2000-09-07,0.31354201,0.326042,0.30052099,0.32552099,0.29808539,239760000
2000-09-08,0.32187501,0.32916701,0.305208,0.30625001,0.28043854,222648000
2000-09-11,0.30234399,0.304167,0.28229201,0.29374999,0.26899201,285888000
2000-09-12,0.29401001,0.30937499,0.28749999,0.29192701,0.26732275,125976000
2000-09-13,0.29114601,0.296615,0.28489599,0.29179701,0.26720375,239976000
2000-09-14,0.29322901,0.30625001,0.28541699,0.28906301,0.26470011,216336000
2000-09-15,0.28749999,0.29947901,0.28541699,0.295378,0.27048284,242592000
2000-09-18,0.296094,0.29791701,0.27500001,0.27812499,0.25468391,163488000
2000-09-19,0.265365,0.28749999,0.26249999,0.28671899,0.2625536,301104000
2000-09-20,0.27890599,0.28437501,0.272917,0.27734399,0.25396881,227568000
2000-09-21,0.27942699,0.295573,0.279167,0.289258,0.26487857,346824000
2000-09-22,0.26067701,0.29791701,0.26041701,0.29427099,0.26946902,387264000
2000-09-25,0.30338499,0.319792,0.30104199,0.31536499,0.28878531,467568000
2000-09-26,0.31874999,0.326563,0.304167,0.32291701,0.29570082,337344000
2000-09-27,0.32031301,0.35572901,0.32031301,0.34062499,0.31191629,676128000
2000-09-28,0.33750001,0.35312501,0.32916701,0.351042,0.32145545,333816000
2000-09-29,0.34114599,0.35416701,0.335417,0.34114599,0.31239331,373872000
2000-10-02,0.345833,0.359375,0.32447901,0.33307299,0.30500078,340584000
2000-10-03,0.334896,0.33750001,0.3125,0.31510401,0.28854629,300264000
2000-10-04,0.30677101,0.31666699,0.30260399,0.31145799,0.28520748,419568000
2000-10-05,0.313802,0.313802,0.297656,0.304167,0.27853113,525048000
2000-10-06,0.304948,0.30703101,0.28099,0.28515601,0.26112232,1027176000
2000-10-09,0.27786499,0.29583299,0.258333,0.29140601,0.26684552,665256000
2000-10-10,0.279167,0.29322901,0.26666701,0.26927099,0.24657622,415944000
2000-10-11,0.25286499,0.28645799,0.242708,0.271615,0.24872258,535776000
2000-10-12,0.27760401,0.29374999,0.258333,0.26093799,0.23894556,401616000
2000-10-13,0.26276001,0.279167,0.25996101,0.27135399,0.24848361,578976000
2000-10-16,0.27135399,0.27135399,0.258854,0.265104,0.24276051,339216000
2000-10-17,0.264063,0.265104,0.24296901,0.24583299,0.2251136,463248000
2000-10-18,0.229948,0.25599,0.21901,0.241927,0.22153684,416952000
2000-10-19,0.257552,0.26875001,0.25364599,0.265365,0.24299936,294888000
2000-10-20,0.25911501,0.296875,0.257292,0.290104,0.26565331,387360000
2000-10-23,0.29244801,0.29427099,0.274479,0.28359401,0.25969198,182112000
2000-10-24,0.28229201,0.28697899,0.27343801,0.274479,0.25134525,193968000
2000-10-25,0.266927,0.27083299,0.248698,0.250521,0.22940649,385512000
2000-10-26,0.252083,0.27083299,0.234375,0.26119801,0.23918359,265776000
2000-10-27,0.26145801,0.26790401,0.24583299,0.25520799,0.23369838,210960000
2000-10-30,0.25104201,0.256706,0.23697899,0.23724,0.21724485,192120000
2000-10-31,0.24661499,0.26302099,0.23906299,0.258919,0.23709676,299256000
2000-11-01,0.25260401,0.26249999,0.24375001,0.258854,0.23703712,304536000
2000-11-02,0.26796901,0.28541699,0.263542,0.27864599,0.25516099,192888000
2000-11-03,0.27500001,0.30208299,0.272917,0.296875,0.27185363,268632000
2000-11-06,0.30390599,0.33333299,0.30208299,0.319792,0.29283911,635040000
2000-11-07,0.314583,0.314583,0.28749999,0.298177,0.27304599,258240000
2000-11-08,0.30156299,0.30156299,0.28489599,0.289323,0.26493812,187080000
2000-11-09,0.27187499,0.28541699,0.246354,0.25911501,0.23727614,564528000
2000-11-10,0.26796901,0.28125,0.23854201,0.24505199,0.22439843,805248000
2000-11-13,0.232813,0.272917,0.22499999,0.246094,0.22535263,530040000
2000-11-14,0.26249999,0.29322901,0.26041701,0.29114601,0.26660752,470736000
2000-11-15,0.28593799,0.29505199,0.27421901,0.287305,0.26309022,423864000
2000-11-16,0.279167,0.28645799,0.26666701,0.26927099,0.24657622,235536000
2000-11-17,0.27135399,0.28515601,0.25520799,0.264063,0.24180706,178776000
2000-11-20,0.25429699,0.25442699,0.240885,0.24375001,0.22320616,298752000
2000-11-21,0.25416699,0.25624999,0.22656301,0.23906299,0.21891415,382512000
2000-11-22,0.229167,0.236458,0.216667,0.22656301,0.20746768,409752000
2000-11-24,0.229167,0.248438,0.229167,0.239583,0.21939038,165072000
2000-11-27,0.256771,0.258333,0.22194,0.23151,0.21199776,363864000
2000-11-28,0.235026,0.2375,0.209115,0.214258,0.1961998,382344000
2000-11-29,0.217448,0.21770801,0.18489601,0.201042,0.18409771,636408000
2000-11-30,0.183854,0.183854,0.151563,0.16875,0.15452734,981624000
2000-12-01,0.179167,0.203125,0.17812499,0.185417,0.16978961,784080000
2000-12-04,0.186589,0.192708,0.173958,0.188281,0.17241226,474264000
2000-12-05,0.201563,0.208854,0.182813,0.20052101,0.18362059,997224000
2000-12-06,0.196615,0.20208301,0.17083301,0.171875,0.1573889,950928000
2000-12-07,0.163542,0.177865,0.154688,0.16875,0.15452734,785184000
2000-12-08,0.186198,0.208333,0.168815,0.20729201,0.18982092,853392000
2000-12-11,0.20052101,0.211458,0.19531301,0.20729201,0.18982092,757632000
2000-12-12,0.20208301,0.20572899,0.194792,0.201563,0.18457477,409512000
2000-12-13,0.200781,0.20416699,0.182292,0.185938,0.17026669,675072000
2000-12-14,0.184635,0.186198,0.16875,0.173177,0.15858124,569016000
2000-12-15,0.16224,0.172396,0.15520801,0.15599,0.14284278,1094424000
2000-12-18,0.16249999,0.166667,0.15885399,0.16113301,0.14755233,658872000
2000-12-19,0.163542,0.17812499,0.145833,0.148958,0.13640347,946200000
2000-12-20,0.141406,0.161979,0.125521,0.13281301,0.12161921,1105392000
2000-12-21,0.13099,0.148958,0.114583,0.116146,0.10635691,845256000
2000-12-22,0.125521,0.159375,0.125521,0.14609399,0.13378088,949080000
2000-12-26,0.147917,0.149479,0.130729,0.140104,0.12829567,343824000
2000-12-27,0.138542,0.15520801,0.13281301,0.149479,0.13688055,339456000
2000-12-28,0.14349,0.154167,0.141146,0.15026,0.13759573,419232000
2000-12-29,0.15000001,0.154948,0.133333,0.13652299,0.1250165,495168000
2001-01-02,0.1375,0.139323,0.124219,0.12474,0.11422662,290808000
2001-01-03,0.120833,0.164323,0.117708,0.163021,0.1492812,910368000
2001-01-04,0.160156,0.185938,0.155729,0.181771,0.16645086,815448000
2001-01-05,0.180208,0.18099,0.151042,0.154557,0.14153053,432768000
2001-01-08,0.15026,0.17604201,0.15026,0.16927101,0.15500447,573768000
2001-01-09,0.171615,0.17604201,0.16328099,0.172656,0.15810412,302904000
2001-01-10,0.163802,0.185417,0.159896,0.184635,0.16907351,392928000
2001-01-11,0.180208,0.20781299,0.177083,0.2,0.18314353,447648000
2001-01-12,0.203385,0.215625,0.19374999,0.195833,0.17932771,669000000
2001-01-16,0.19687501,0.19687501,0.17734399,0.18046901,0.16525868,414984000
2001-01-17,0.194271,0.2,0.186198,0.186979,0.17121996,592584000
2001-01-18,0.186979,0.22812501,0.182813,0.22285201,0.2040695,948168000
2001-01-19,0.229167,0.2375,0.213542,0.21692701,0.19864385,1018704000
2001-01-22,0.210417,0.21875,0.202344,0.208333,0.19077419,377712000
2001-01-23,0.20572899,0.23333301,0.204688,0.229102,0.20979275,433632000
2001-01-24,0.22890601,0.23125,0.214844,0.22812501,0.20889807,451728000
2001-01-25,0.220313,0.220833,0.20052101,0.205208,0.18791254,440016000
2001-01-26,0.19374999,0.214193,0.19231801,0.21171901,0.19387478,259248000
2001-01-29,0.205208,0.213021,0.197917,0.21276,0.19482802,354168000
2001-01-30,0.21614601,0.22200499,0.211979,0.217448,0.19912091,243720000
2001-01-31,0.21770801,0.226042,0.210417,0.215104,0.1969745,358344000
2001-02-01,0.215104,0.21770801,0.20572899,0.21621101,0.19798824,371856000
2001-02-02,0.216406,0.22135399,0.19374999,0.19531301,0.17885153,320520000
2001-02-05,0.195052,0.196354,0.183594,0.195052,0.1786125,367584000
2001-02-06,0.191406,0.2,0.190951,0.19609401,0.17956674,250440000
2001-02-07,0.194792,0.196354,0.17656299,0.186979,0.17121996,720384000
2001-02-08,0.188021,0.198698,0.185156,0.185938,0.17026669,384288000
2001-02-09,0.184375,0.18567701,0.177865,0.184635,0.16907351,259608000
2001-02-12,0.18255199,0.184635,0.17083301,0.17968801,0.16454349,354336000
2001-02-13,0.183073,0.19374999,0.18099,0.185156,0.1695506,467736000
2001-02-14,0.182813,0.20416699,0.175,0.198698,0.18195127,690888000
2001-02-15,0.226042,0.23906299,0.224479,0.235156,0.2153365,1108512000
2001-02-16,0.223177,0.25416699,0.22291701,0.247917,0.22702195,1081176000
2001-02-20,0.241667,0.246875,0.22291701,0.223177,0.20436713,701304000
2001-02-21,0.214844,0.242708,0.21250001,0.23333301,0.21366717,646512000
2001-02-22,0.232031,0.25,0.22499999,0.243229,0.22272907,815304000
2001-02-23,0.241927,0.24583299,0.21875,0.226432,0.20734772,1034664000
2001-02-26,0.21979199,0.226042,0.21171901,0.22135399,0.20269768,751824000
2001-02-27,0.215885,0.224479,0.206771,0.20807301,0.19053611,533832000
2001-02-28,0.20651001,0.21875,0.182292,0.186198,0.17050475,784056000
2001-03-01,0.183854,0.20416699,0.166667,0.200911,0.18397769,915288000
2001-03-02,0.18645801,0.19973999,0.179167,0.181576,0.16627237,1413504000
2001-03-05,0.17447899,0.188021,0.173438,0.18333299,0.16788125,742296000
2001-03-06,0.192708,0.207552,0.18945301,0.201042,0.18409771,834408000
2001-03-07,0.205469,0.21770801,0.201823,0.217188,0.19888288,938280000
2001-03-08,0.21093801,0.226823,0.21093801,0.224479,0.20555937,829344000
2001-03-09,0.21276,0.21380199,0.189063,0.20859399,0.1910132,1216776000
2001-03-12,0.201563,0.21093801,0.19218799,0.201042,0.18409771,762144000
2001-03-13,0.203646,0.22812501,0.202604,0.22499999,0.20603642,1082352000
2001-03-14,0.214844,0.23854201,0.214844,0.23776001,0.21772105,1351128000
2001-03-15,0.25234401,0.26556,0.243229,0.249479,0.22845234,1875984000
2001-03-16,0.245573,0.25520799,0.238281,0.248438,0.22749904,1225200000
2001-03-19,0.247135,0.26458299,0.233659,0.26276001,0.24061403,943896000
2001-03-20,0.259635,0.27604201,0.23541699,0.238281,0.21819812,1990560000
2001-03-21,0.238802,0.26302099,0.2375,0.25599,0.23441449,1877352000
2001-03-22,0.258333,0.28281301,0.25624999,0.281771,0.25802261,1697760000
2001-03-23,0.28697899,0.29218799,0.265104,0.279167,0.25563821,1509672000
2001-03-26,0.279167,0.29583299,0.279167,0.29427099,0.26946902,1542960000
2001-03-27,0.288542,0.29869801,0.27135399,0.28359401,0.25969198,1702152000
2001-03-28,0.27578101,0.29114601,0.27500001,0.28378901,0.25987059,1433280000
2001-03-29,0.281315,0.29791701,0.27552101,0.288021,0.2637459,1632960000
2001-03-30,0.28593799,0.29140601,0.26875001,0.27050799,0.24770886,1423176000
2001-04-02,0.26979199,0.27630201,0.25572899,0.25911501,0.23727614,1265160000
2001-04-03,0.25520799,0.27474001,0.25494799,0.267708,0.24514489,1991616000
2001-04-04,0.257552,0.258073,0.22421899,0.240104,0.21986742,3362472000
2001-04-05,0.25599,0.266406,0.24895801,0.26223999,0.24013782,1724760000
2001-04-06,0.258854,0.27500001,0.25442699,0.26119801,0.23918359,1547664000
2001-04-09,0.26625001,0.272708,0.24437501,0.2485,0.2275558,1097160000
2001-04-10,0.25445801,0.28,0.25212499,0.27195799,0.2490368,1186416000
2001-04-11,0.288708,0.29916701,0.280417,0.28837499,0.26407003,1426872000
2001-04-12,0.28304201,0.305208,0.27762499,0.29270801,0.26803789,1440264000
2001-04-16,0.28749999,0.293542,0.28033301,0.28558299,0.26151329,764112000
2001-04-17,0.28137499,0.301875,0.28125,0.29958299,0.27433345,1112448000
2001-04-18,0.312208,0.35166699,0.312208,0.321917,0.29478502,2301864000
2001-04-19,0.32374999,0.35512501,0.322292,0.349583,0.32011932,1632264000
2001-04-20,0.345375,0.37495801,0.33625001,0.362333,0.33179474,1773840000
2001-04-23,0.354458,0.354792,0.33958301,0.34320799,0.31428149,1239000000
2001-04-24,0.34224999,0.36787501,0.31354201,0.31891701,0.29203787,1828320000
2001-04-25,0.31975001,0.34495801,0.318542,0.333583,0.30546784,1423728000
2001-04-26,0.34083301,0.34083301,0.304167,0.30729201,0.28139269,1486008000
2001-04-27,0.31916699,0.330542,0.312958,0.32916701,0.301424,915672000
2001-04-30,0.33812499,0.366458,0.33095801,0.347083,0.31783003,1583280000
2001-05-01,0.348333,0.38041699,0.34270799,0.3795,0.34751478,1867368000
2001-05-02,0.389375,0.389375,0.36583301,0.370792,0.33954078,1547784000
2001-05-03,0.35958299,0.37083301,0.357333,0.369167,0.33805269,960504000
2001-05-04,0.35833299,0.38012499,0.35666701,0.37424999,0.34270737,953520000
2001-05-07,0.37283301,0.39375001,0.368458,0.39104199,0.35808408,975600000
2001-05-08,0.396833,0.39700001,0.35941699,0.36274999,0.33217663,1620144000
2001-05-09,0.351208,0.35883299,0.34333301,0.34575,0.31660938,1319040000
2001-05-10,0.35574999,0.35995799,0.33000001,0.33412501,0.3059642,998904000
2001-05-11,0.33329201,0.335417,0.31891701,0.32558301,0.29814211,921216000
2001-05-14,0.32654199,0.33225,0.31479201,0.32837501,0.30069882,702432000
2001-05-15,0.33125001,0.35416701,0.32749999,0.34016699,0.31149685,1242600000
2001-05-16,0.33237499,0.35833299,0.33024999,0.356208,0.32618585,957096000
2001-05-17,0.357375,0.372917,0.35187501,0.36250001,0.33194762,919056000
2001-05-18,0.361292,0.37083301,0.35249999,0.35958299,0.32927644,575832000
2001-05-21,0.35879201,0.383333,0.351583,0.375833,0.34415689,1064688000
2001-05-22,0.38133299,0.39083299,0.366667,0.38708299,0.35445872,1049976000
2001-05-23,0.40229201,0.41666701,0.37916699,0.38379201,0.35144517,2244912000
2001-05-24,0.38124999,0.399333,0.36979201,0.389458,0.35663366,1680576000
2001-05-25,0.381625,0.387292,0.375,0.382083,0.3498801,947952000
2001-05-29,0.379917,0.38,0.36125001,0.36641699,0.33553451,920568000
2001-05-30,0.35779199,0.375958,0.35583299,0.35958299,0.32927644,3308904000
2001-05-31,0.36245799,0.36458299,0.34900001,0.35670799,0.32664371,1262928000
2001-06-01,0.35916701,0.3795,0.35708299,0.37645799,0.3447291,1022472000
2001-06-04,0.376708,0.378708,0.36566699,0.37062499,0.33938789,621552000
2001-06-05,0.370208,0.393958,0.36958301,0.39008299,0.35720581,987168000
2001-06-06,0.39154199,0.39687499,0.385833,0.39175001,0.35873225,698976000
2001-06-07,0.38829201,0.41499999,0.38541701,0.41387501,0.37899265,1141152000
2001-06-08,0.41262501,0.41325,0.39883301,0.40312499,0.36914864,712680000
2001-06-11,0.40370801,0.404167,0.38508299,0.39133301,0.35835049,581928000
2001-06-12,0.38312501,0.41020799,0.382292,0.40437499,0.3702932,1102728000
2001-06-13,0.40733299,0.41350001,0.387292,0.39079201,0.35785511,938712000
2001-06-14,0.38575,0.39662501,0.38020799,0.38995799,0.35709137,946152000
2001-06-15,0.38541701,0.402917,0.37825,0.39604199,0.36266261,1094544000
2001-06-18,0.395042,0.401458,0.37604201,0.380375,0.34831604,856656000
2001-06-19,0.38754201,0.39658299,0.35187501,0.35958299,0.32927644,1513128000
2001-06-20,0.35295799,0.37916699,0.34562501,0.37504199,0.34343258,1759200000
2001-06-21,0.37354201,0.38874999,0.36354199,0.38212499,0.34991851,1484568000
2001-06-22,0.38020799,0.39037499,0.37541699,0.38041699,0.34835449,761184000
2001-06-25,0.38466701,0.38624999,0.36858299,0.37966701,0.34766775,640032000
2001-06-26,0.37125,0.39250001,0.36979201,0.390625,0.35770223,757920000
2001-06-27,0.38874999,0.38958299,0.37191701,0.37854201,0.34663758,895752000
2001-06-28,0.383625,0.388542,0.37916699,0.38299999,0.35071981,909336000
2001-06-29,0.38437501,0.39250001,0.38004199,0.38645801,0.35388631,730920000
2001-07-02,0.371167,0.37429199,0.36375001,0.369333,0.33820477,1040016000
2001-07-03,0.36679199,0.37791699,0.36491701,0.374042,0.34251672,406296000
2001-07-05,0.36958301,0.37187499,0.34645799,0.346917,0.31767794,1020096000
2001-07-06,0.341708,0.34437501,0.32958299,0.33625001,0.30790994,802824000
2001-07-09,0.331875,0.339917,0.322083,0.32525,0.29783714,1014072000
2001-07-10,0.32958299,0.333958,0.32395801,0.32791701,0.30027935,1221744000
2001-07-11,0.32666701,0.332542,0.31716701,0.327292,0.29970694,904632000
2001-07-12,0.34270799,0.34687501,0.33437499,0.34445801,0.31542629,981552000
2001-07-13,0.34191701,0.345667,0.330208,0.33733299,0.30890164,690144000
2001-07-16,0.33354199,0.33750001,0.30854201,0.31020799,0.28406289,1191696000
2001-07-17,0.30500001,0.33058301,0.30208299,0.32754201,0.299936,1169904000
2001-07-18,0.31975001,0.328583,0.30950001,0.316208,0.28955716,840984000
2001-07-19,0.32079199,0.334667,0.31587499,0.32129201,0.29421273,840024000
2001-07-20,0.313292,0.32041699,0.30208299,0.312042,0.28574231,742464000
2001-07-23,0.3125,0.31291699,0.282125,0.2825,0.25869018,1547976000
2001-07-24,0.28629199,0.301875,0.28025001,0.30162501,0.2762033,1365312000
2001-07-25,0.301083,0.301667,0.28866699,0.29870799,0.27353212,1245888000
2001-07-26,0.29587501,0.33125001,0.294375,0.32916701,0.301424,1714152000
2001-07-27,0.32854199,0.34112501,0.31874999,0.33750001,0.30905467,1094688000
2001-07-30,0.337917,0.33929199,0.32583299,0.329458,0.30169061,582288000
2001-07-31,0.32991701,0.33854201,0.31791699,0.33708301,0.3086729,1187760000
2001-08-01,0.34370801,0.35941699,0.341333,0.357667,0.32752189,1204944000
2001-08-02,0.36220801,0.36745799,0.349958,0.36616701,0.33530566,1097928000
2001-08-03,0.36250001,0.36891699,0.355667,0.36329201,0.33267298,820344000
2001-08-06,0.360708,0.37799999,0.35683301,0.37429199,0.34274572,1292568000
2001-08-07,0.374208,0.37604201,0.364375,0.36875001,0.33767074,1088616000
2001-08-08,0.36554199,0.375,0.35775,0.359375,0.32908604,1125696000
2001-08-09,0.35770801,0.36475,0.34666699,0.35308301,0.32332432,1643616000
2001-08-10,0.35291699,0.35749999,0.34208301,0.352667,0.32294342,1036488000
2001-08-13,0.35870799,0.37145799,0.35337499,0.36745799,0.33648759,1514784000
2001-08-14,0.36079201,0.363125,0.353167,0.35770801,0.32755944,2321160000
2001-08-15,0.36579201,0.370083,0.354958,0.358125,0.32794142,1816392000
2001-08-16,0.351542,0.37375,0.35012501,0.37320799,0.34175307,1026096000
2001-08-17,0.36375001,0.36849999,0.34608299,0.349042,0.31962386,1668840000
2001-08-20,0.34683299,0.350375,0.336,0.346625,0.31741056,1183320000
2001-08-21,0.3475,0.35666701,0.338792,0.339333,0.31073317,1186656000
2001-08-22,0.34533301,0.35366699,0.33437499,0.35329199,0.32351577,1498104000
2001-08-23,0.352083,0.35662499,0.34375,0.345458,0.31634185,1013592000
2001-08-24,0.34916699,0.36245799,0.34712499,0.355333,0.32538471,1110936000
2001-08-27,0.34737501,0.37233299,0.34604201,0.367625,0.33664066,1279608000
2001-08-28,0.36662501,0.37479201,0.36000001,0.36283299,0.33225256,1178760000
2001-08-29,0.36383301,0.36612499,0.34812501,0.35116699,0.32156971,1435800000
2001-08-30,0.344583,0.35249999,0.336458,0.35004199,0.32053953,1431312000
2001-08-31,0.34770799,0.35616699,0.34312499,0.35295799,0.32320976,887904000
2001-09-04,0.352,0.352,0.32595801,0.328417,0.30073726,1856136000
2001-09-05,0.328125,0.337917,0.31479201,0.335417,0.30714718,2395584000
2001-09-06,0.32879201,0.339167,0.32020801,0.32170799,0.29459372,1950768000
2001-09-07,0.31666699,0.33000001,0.315,0.32508299,0.29768407,1970256000
2001-09-10,0.32233301,0.327292,0.30912501,0.315667,0.2890619,1872360000
2001-09-17,0.296,0.30325001,0.28183299,0.28325,0.259377,1138596000
2001-09-18,0.28874999,0.290833,0.25975001,0.26616701,0.24373378,894372000
2001-09-19,0.267667,0.27074999,0.2255,0.26291701,0.24075772,1561908000
2001-09-20,0.248833,0.25791699,0.23333301,0.240667,0.22038297,1470696000
2001-09-21,0.222083,0.23566701,0.21675,0.22475,0.20580754,1226304000
2001-09-24,0.24258301,0.253667,0.231833,0.25,0.2289294,1507500000
2001-09-25,0.25075001,0.261583,0.2395,0.24025001,0.22000113,941724000
2001-09-26,0.243333,0.244167,0.229167,0.231583,0.21206458,430812000
2001-09-27,0.23074999,0.23333301,0.21258301,0.21875,0.2003132,907296000
2001-09-28,0.22499999,0.24008299,0.215417,0.228917,0.20962329,1044876000
2001-10-01,0.22875001,0.2325,0.205833,0.2095,0.19184281,972804000
2001-10-02,0.209167,0.2175,0.188833,0.199,0.18222782,1123032000
2001-10-03,0.198,0.25075001,0.198,0.238167,0.21809372,1798824000
2001-10-04,0.250833,0.28166699,0.242167,0.26908299,0.24640401,1980576000
2001-10-05,0.26499999,0.28075001,0.254917,0.274167,0.25105953,1078212000
2001-10-08,0.26333299,0.29075,0.26333299,0.28033301,0.25670576,765900000
2001-10-09,0.28108299,0.28666699,0.260167,0.26816699,0.24556522,917556000
2001-10-10,0.26341701,0.28749999,0.26166701,0.28541699,0.26136139,968124000
2001-10-11,0.30066699,0.31716701,0.29908299,0.316333,0.28967163,918000000
2001-10-12,0.30833301,0.33750001,0.30724999,0.33691701,0.30852076,1253100000
2001-10-15,0.32708299,0.345833,0.31791699,0.335417,0.30714718,908568000
2001-10-16,0.33500001,0.371833,0.32808301,0.369167,0.33805269,1383852000
2001-10-17,0.37733299,0.3775,0.345833,0.3475,0.31821185,1695540000
2001-10-18,0.3475,0.365583,0.34666699,0.362167,0.33164257,1020864000
2001-10-19,0.35699999,0.375,0.35249999,0.36966699,0.3385106,1059264000
2001-10-22,0.36691701,0.383333,0.35874999,0.37841699,0.34652302,970824000
2001-10-23,0.38325,0.39008299,0.36333299,0.37175,0.34041798,953028000
2001-10-24,0.36500001,0.389083,0.36083299,0.38816699,0.35545138,1212144000
2001-10-25,0.37916699,0.417833,0.37333301,0.41091701,0.37628388,1152396000
2001-10-26,0.40808299,0.420333,0.37916699,0.38158301,0.34942231,1097124000
2001-10-29,0.38291699,0.38958299,0.35016701,0.35058299,0.32103497,1004796000
2001-10-30,0.34416699,0.36616701,0.33625001,0.34999999,0.32050118,1153380000
2001-10-31,0.363083,0.372917,0.352083,0.35716701,0.32706419,989292000
2001-11-01,0.36175001,0.39058301,0.35624999,0.387667,0.35499352,1093776000
2001-11-02,0.38591701,0.39783299,0.371667,0.39308301,0.35995302,1087248000
2001-11-05,0.39991701,0.410833,0.39199999,0.39449999,0.36125055,933456000
2001-11-06,0.39375001,0.423417,0.39166701,0.421583,0.38605091,1415376000
2001-11-07,0.41833299,0.43816701,0.41591701,0.42191699,0.38635671,1419144000
2001-11-08,0.427167,0.43283299,0.40208301,0.414583,0.37964094,1915188000
2001-11-09,0.432917,0.44366699,0.42491701,0.443333,0.40596786,2270484000
2001-11-12,0.44166699,0.46658301,0.42816699,0.45524999,0.41688043,1458636000
2001-11-13,0.45666701,0.45675001,0.44499999,0.4515,0.41344643,1446516000
2001-11-14,0.454833,0.459167,0.426667,0.43891701,0.40192404,1150224000
2001-11-15,0.43391699,0.44725001,0.428417,0.44125,0.40406036,874944000
2001-11-16,0.44166699,0.44633299,0.43149999,0.437417,0.40055045,496128000
2001-11-19,0.44174999,0.445833,0.404167,0.42783299,0.39177418,1943052000
2001-11-20,0.42991701,0.437417,0.41108301,0.415833,0.38078564,937884000
2001-11-21,0.408833,0.421417,0.39833301,0.41049999,0.37590215,728412000
2001-11-23,0.412083,0.41666701,0.405,0.41624999,0.38116735,254016000
2001-11-26,0.42324999,0.446583,0.42208299,0.44600001,0.40841001,1215780000
2001-11-27,0.44575,0.46083301,0.4375,0.45074999,0.41275969,1183992000
2001-11-28,0.44499999,0.45241699,0.42699999,0.428,0.39192712,740844000
2001-11-29,0.45908299,0.46141699,0.44499999,0.44674999,0.4090969,5135472000
2001-11-30,0.446583,0.458583,0.44,0.45533299,0.41695637,1034028000
2001-12-03,0.44575,0.45133299,0.44041699,0.44841701,0.41062334,851496000
2001-12-04,0.45066699,0.48500001,0.45066699,0.48449999,0.44366515,1384644000
2001-12-05,0.48833299,0.52458298,0.48791701,0.52358299,0.47945398,1707036000
2001-12-06,0.51950002,0.52083302,0.50225002,0.515333,0.47189936,1138944000
2001-12-07,0.5115,0.51616699,0.49066699,0.49958301,0.45747691,807036000
2001-12-10,0.49708301,0.51599997,0.492917,0.504583,0.46205556,695868000
2001-12-11,0.51341701,0.53458297,0.50833303,0.52266699,0.47861531,792252000
2001-12-12,0.526667,0.53916699,0.5165,0.53891701,0.49349588,1004628000
2001-12-13,0.52833301,0.535083,0.52133298,0.523417,0.47930211,881400000
2001-12-14,0.52333301,0.54958302,0.520917,0.54699999,0.50089729,754680000
2001-12-17,0.54283297,0.57458299,0.54283297,0.56666702,0.51890683,1080960000
2001-12-18,0.55425,0.56208301,0.54741699,0.55208302,0.50555205,886968000
2001-12-19,0.54299998,0.55408299,0.534917,0.537,0.49174044,854652000
2001-12-20,0.53916699,0.548917,0.51391703,0.51583302,0.47235739,951228000
2001-12-21,0.52708298,0.54166698,0.52100003,0.538167,0.492809,723972000
2001-12-24,0.53791702,0.55433297,0.53766698,0.55158299,0.50509417,265308000
2001-12-26,0.55433297,0.57450002,0.55425,0.56508303,0.51745671,642156000
2001-12-27,0.56999999,0.58074999,0.56916702,0.57816702,0.52943772,730152000
2001-12-28,0.58158302,0.58541697,0.558667,0.56424999,0.51669365,757680000
2001-12-31,0.56841701,0.57166702,0.55624998,0.5575,0.51051265,737580000
2002-01-02,0.55991697,0.57041699,0.54583299,0.56083298,0.51356465,1298904000
2002-01-03,0.56199998,0.60000002,0.56166703,0.597583,0.54721743,1414752000
2002-01-04,0.60549998,0.60549998,0.56999999,0.580167,0.53126919,936288000
2002-01-07,0.58249998,0.58333302,0.55675,0.564583,0.51699853,973068000
2002-01-08,0.56341702,0.58483303,0.56150001,0.57125002,0.52310359,774360000
2002-01-09,0.57916701,0.58958298,0.555417,0.56341702,0.51593059,1141188000
2002-01-10,0.560417,0.56808299,0.54500002,0.54991698,0.50356865,992508000
2002-01-11,0.55358303,0.55374998,0.523417,0.52558303,0.48128578,1380852000
2002-01-14,0.52441698,0.52808303,0.498,0.498,0.45602739,1369560000
2002-01-15,0.51875001,0.544833,0.51816702,0.54449999,0.4986082,1838808000
2002-01-16,0.53708303,0.54058301,0.52125001,0.52324998,0.47914934,1115388000
2002-01-17,0.54058301,0.54166698,0.52100003,0.541583,0.49593711,1121544000
2002-01-18,0.52116698,0.53541702,0.52083302,0.53166699,0.48685697,803676000
2002-01-22,0.53666699,0.53808302,0.51233298,0.51833302,0.47464672,1085028000
2002-01-23,0.523,0.53183299,0.512667,0.52808303,0.48357493,889164000
2002-01-24,0.533333,0.55250001,0.52208298,0.54699999,0.50089729,1137684000
2002-01-25,0.53916699,0.55916703,0.53250003,0.54558301,0.4995999,817752000
2002-01-28,0.55624998,0.56666702,0.55075002,0.56658298,0.51882982,924288000
2002-01-29,0.56791699,0.569583,0.52999997,0.53883302,0.49341893,1381932000
2002-01-30,0.54166698,0.54575002,0.52875,0.54533303,0.49937105,1218456000
2002-01-31,0.55241698,0.55666697,0.52958298,0.54783303,0.50166029,973980000
2002-02-01,0.54691702,0.55274999,0.53125,0.53441697,0.48937508,688272000
2002-02-04,0.53324997,0.54624999,0.50841701,0.50924999,0.46632913,1104864000
2002-02-05,0.50583303,0.51024997,0.48441699,0.50424999,0.46175054,1474620000
2002-02-06,0.51758301,0.52574998,0.50749999,0.51683301,0.47327319,1242528000
2002-02-07,0.51749998,0.51749998,0.49766701,0.50008303,0.45793492,964476000
2002-02-08,0.50341702,0.50625002,0.46191701,0.48100001,0.44046012,1871292000
2002-02-11,0.48025,0.50833303,0.47850001,0.50758302,0.46480256,1249224000
2002-02-12,0.499917,0.52791703,0.494167,0.51833302,0.47464672,1216500000
2002-02-13,0.52499998,0.53383303,0.50666702,0.51166701,0.46854246,1230432000
2002-02-14,0.51599997,0.52875,0.50950003,0.51800001,0.4743416,1225692000
2002-02-15,0.494167,0.49708301,0.47291699,0.47791699,0.43763691,3988548000
2002-02-19,0.45750001,0.46224999,0.44258299,0.44624999,0.40863892,1972524000
2002-02-20,0.438333,0.474583,0.4375,0.469583,0.43000543,1838736000
2002-02-21,0.46316701,0.46333301,0.43691701,0.4375,0.40062639,1531044000
2002-02-22,0.42875001,0.43375,0.41041699,0.41600001,0.38093856,2585616000
2002-02-25,0.41791701,0.45183301,0.417833,0.44858301,0.41077533,1599564000
2002-02-26,0.458417,0.46625,0.44624999,0.45833299,0.41970354,1902672000
2002-02-27,0.46875,0.47075,0.44166699,0.44291699,0.4055869,1723224000
2002-02-28,0.44,0.44791701,0.42133299,0.42508301,0.389256,1585440000
2002-03-01,0.429167,0.466667,0.427917,0.466167,0.42687723,1311396000
2002-03-04,0.467583,0.4975,0.463083,0.492167,0.45068586,1484724000
2002-03-05,0.48458299,0.50408298,0.48416701,0.490917,0.44954121,1379448000
2002-03-06,0.47624999,0.48108301,0.46524999,0.47549999,0.43542367,1446060000
2002-03-07,0.48225001,0.48383299,0.4585,0.47166699,0.43191373,1346532000
2002-03-08,0.480667,0.49575001,0.478333,0.48574999,0.44480973,1270356000
2002-03-11,0.48041701,0.48574999,0.472083,0.48008299,0.43962047,810540000
2002-03-12,0.465417,0.467917,0.45166701,0.45491701,0.41657543,1255032000
2002-03-13,0.45066699,0.453917,0.44499999,0.44666699,0.40902072,1031616000
2002-03-14,0.443333,0.443333,0.421,0.42191699,0.38635671,1139460000
2002-03-15,0.42491701,0.44025001,0.41683301,0.43974999,0.4026868,1248288000
2002-03-18,0.44775,0.45741701,0.43474999,0.43974999,0.4026868,1236996000
2002-03-19,0.44291699,0.44374999,0.42783299,0.430417,0.39414045,846072000
2002-03-20,0.42333299,0.42416701,0.38624999,0.387667,0.35499352,2292588000
2002-03-21,0.39425001,0.41291699,0.38383299,0.40825,0.37384173,1721712000
2002-03-22,0.41558301,0.41558301,0.401667,0.40474999,0.3706367,1249140000
2002-03-25,0.40283301,0.40333301,0.383333,0.38383299,0.35148251,884160000
2002-03-26,0.37983301,0.40141699,0.37766701,0.39166701,0.35865635,1123512000
2002-03-27,0.385667,0.3935,0.3725,0.37916699,0.3472099,1068012000
2002-03-28,0.38174999,0.38416699,0.34891701,0.36966699,0.3385106,3124080000
2002-04-01,0.34916699,0.36641699,0.338,0.363583,0.33293915,2365344000
2002-04-02,0.352667,0.372417,0.352,0.354083,0.32424,1438008000
2002-04-03,0.355667,0.36533299,0.348333,0.36074999,0.33034512,1094640000
2002-04-04,0.35800001,0.37125,0.35308301,0.359,0.32874259,1130964000
2002-04-05,0.36133301,0.367167,0.34716699,0.350833,0.32126379,1026900000
2002-04-08,0.33458301,0.36258301,0.33450001,0.36258301,0.33202365,1151316000
2002-04-09,0.36616701,0.369167,0.338833,0.33966699,0.31103894,1380768000
2002-04-10,0.342417,0.345,0.29666701,0.32091701,0.29386938,3689724000
2002-04-11,0.318333,0.32241699,0.30333301,0.306833,0.28097227,1437288000
2002-04-12,0.313667,0.316167,0.296083,0.30566701,0.27990466,1376880000
2002-04-15,0.31158301,0.32325,0.31083301,0.31799999,0.29119816,1157208000
2002-04-16,0.33225,0.33566701,0.325333,0.331833,0.30386537,854856000
2002-04-17,0.33575001,0.34066701,0.32525,0.33575001,0.30745208,944484000
2002-04-18,0.332333,0.335917,0.32291701,0.330167,0.3023397,693156000
2002-04-19,0.31900001,0.32291701,0.30724999,0.30766699,0.28173608,1125672000
2002-04-22,0.30425,0.31541699,0.304167,0.309167,0.28310966,808176000
2002-04-23,0.31158301,0.31516701,0.293917,0.29666701,0.27166325,773508000
2002-04-24,0.30008301,0.30450001,0.26991701,0.27066699,0.24785452,1582956000
2002-04-25,0.26958299,0.28658301,0.26949999,0.281167,0.25746956,1168296000
2002-04-26,0.28424999,0.284583,0.25308299,0.25308299,0.23175256,1191120000
2002-04-29,0.28299999,0.29949999,0.2735,0.29525,0.27036557,3930852000
2002-04-30,0.30225,0.30625001,0.28375,0.29008299,0.26563412,1776504000
2002-05-01,0.28533301,0.29941699,0.277917,0.295333,0.27044159,1718904000
2002-05-02,0.29675001,0.30408299,0.283333,0.28341699,0.25952983,1125084000
2002-05-03,0.28375,0.28591701,0.27149999,0.272917,0.24991493,852756000
2002-05-06,0.26583299,0.27833301,0.260333,0.26249999,0.24037579,1102044000
2002-05-07,0.26833299,0.27391699,0.25591701,0.26908299,0.24640401,1412448000
2002-05-08,0.28741699,0.304667,0.27833301,0.30000001,0.27471524,1688688000
2002-05-09,0.29908299,0.30524999,0.28666699,0.28716701,0.26296386,1230840000
2002-05-10,0.29308301,0.29416701,0.26249999,0.26566699,0.243276,1321548000
2002-05-13,0.268417,0.28266701,0.26616701,0.28174999,0.25800335,800892000
2002-05-14,0.29975,0.31291699,0.29458299,0.30974999,0.28364354,1526112000
2002-05-15,0.30500001,0.32166699,0.30074999,0.315833,0.28921381,1504548000
2002-05-16,0.31591699,0.32291701,0.30950001,0.31641701,0.28974852,985560000
2002-05-17,0.32499999,0.327333,0.316917,0.326417,0.29890576,934404000
2002-05-20,0.32366699,0.33208299,0.32216701,0.32991701,0.30211085,953412000
2002-05-21,0.334167,0.33875,0.30441701,0.30475,0.27906492,1382604000
2002-05-22,0.30716699,0.31891701,0.306667,0.317083,0.29035854,1547988000
2002-05-23,0.31799999,0.31866699,0.288333,0.29775,0.27265495,2556780000
2002-05-24,0.292083,0.29358301,0.28516701,0.291917,0.26731357,737784000
2002-05-28,0.29449999,0.29466701,0.27450001,0.28033301,0.25670576,1367088000
2002-05-29,0.27583301,0.292083,0.27158299,0.29091701,0.26639786,1311012000
2002-05-30,0.285,0.29358301,0.27941701,0.28666699,0.26250586,1066080000
2002-05-31,0.288333,0.289583,0.27833301,0.278833,0.25533232,674112000
2002-06-03,0.27208301,0.27333301,0.259083,0.26241699,0.24029991,901248000
2002-06-04,0.26075,0.27708301,0.260333,0.27566701,0.25243324,1095432000
2002-06-05,0.27625,0.276333,0.26208299,0.271667,0.24877022,1114308000
2002-06-06,0.26883301,0.275417,0.26875001,0.27175,0.24884619,739356000
2002-06-07,0.249667,0.27250001,0.24958301,0.26916701,0.2464809,1371300000
2002-06-10,0.27274999,0.28033301,0.26625001,0.26691699,0.24442062,749148000
2002-06-11,0.27133301,0.27250001,0.25424999,0.254917,0.23343198,859308000
2002-06-12,0.248833,0.253333,0.22225,0.232917,0.21328613,2267544000
2002-06-13,0.234667,0.23899999,0.223167,0.2305,0.21107285,1265892000
2002-06-14,0.222,0.23658299,0.2145,0.234833,0.2150407,1116444000
2002-06-17,0.24008299,0.243167,0.232833,0.236917,0.21694906,1054140000
2002-06-18,0.234,0.24250001,0.23125,0.23566701,0.21580444,1008300000
2002-06-19,0.224167,0.224167,0.197,0.19875,0.18199888,2593620000
2002-06-20,0.199167,0.204583,0.194333,0.196917,0.18032035,1425048000
2002-06-21,0.195917,0.2035,0.18483301,0.188833,0.17291768,1484364000
2002-06-24,0.184,0.19825,0.178333,0.192333,0.17612268,1379592000
2002-06-25,0.195833,0.195833,0.17524999,0.17641699,0.16154812,1172232000
2002-06-26,0.156417,0.17316701,0.15208299,0.16725001,0.15315381,2067828000
2002-06-27,0.173417,0.17475,0.14,0.142333,0.13033687,3182808000
2002-06-28,0.14,0.149083,0.136917,0.143167,0.13110049,1991184000
2002-07-01,0.1425,0.146667,0.139833,0.14283299,0.13079469,1164372000
2002-07-02,0.141167,0.14166699,0.13016701,0.13383301,0.12255327,1368180000
2002-07-03,0.133,0.145667,0.132917,0.145417,0.1331609,1073304000
2002-07-05,0.15583301,0.158333,0.151333,0.15825,0.1449123,739524000
2002-07-08,0.156417,0.168667,0.15625,0.163,0.149262,1587180000
2002-07-09,0.163417,0.1655,0.1515,0.155,0.14193612,1075080000
2002-07-10,0.15875,0.16,0.14966699,0.15075,0.13804442,926988000
2002-07-11,0.14991701,0.166667,0.14858299,0.16608299,0.1520851,1143948000
2002-07-12,0.175,0.175667,0.16249999,0.16591699,0.15193316,1344900000
2002-07-15,0.166333,0.1825,0.158833,0.18241701,0.1670424,1495272000
2002-07-16,0.177917,0.194583,0.174583,0.17749999,0.16253991,1773432000
2002-07-17,0.173667,0.177083,0.15549999,0.16241699,0.14872807,1922364000
2002-07-18,0.15975,0.169167,0.157833,0.15825,0.1449123,1243188000
2002-07-19,0.15341701,0.1595,0.15000001,0.15108299,0.13834932,845772000
2002-07-22,0.150417,0.154667,0.137917,0.14408299,0.13193926,1290744000
2002-07-23,0.144917,0.145833,0.128417,0.133333,0.12209534,1409652000
2002-07-24,0.13150001,0.14399999,0.13141701,0.14183301,0.12987897,1175100000
2002-07-25,0.136333,0.13675,0.120917,0.12549999,0.11492256,1796448000
2002-07-26,0.12916701,0.132167,0.119167,0.122583,0.1122514,1221900000
2002-07-29,0.12766699,0.128333,0.121917,0.126,0.11538043,1227720000
2002-07-30,0.12541699,0.1415,0.125,0.135167,0.12377482,1818012000
2002-07-31,0.098499998,0.1005,0.091167003,0.092249997,0.084474966,4837140000
2002-08-01,0.093000002,0.093000002,0.083333001,0.083416998,0.076386392,1725708000
2002-08-02,0.086083002,0.086667001,0.075833,0.077917002,0.071349971,1795260000
2002-08-05,0.076750003,0.076917,0.070749998,0.071667001,0.065626711,1330716000
2002-08-06,0.075000003,0.078249998,0.073833004,0.075416997,0.069060668,1168800000
2002-08-07,0.078749999,0.079499997,0.070832998,0.073666997,0.067458175,892980000
2002-08-08,0.074417002,0.079833001,0.072499998,0.078500003,0.071883835,755424000
2002-08-09,0.076416999,0.079167001,0.075083002,0.076667003,0.070205308,581304000
2002-08-12,0.075833,0.079582997,0.073833004,0.076667003,0.070205308,592800000
2002-08-13,0.077166997,0.080917001,0.075000003,0.075083002,0.068754807,654420000
2002-08-14,0.076499999,0.080833003,0.075833,0.080167003,0.073410347,632688000
2002-08-15,0.083167002,0.087416999,0.082332999,0.085749999,0.078522772,1140120000
2002-08-16,0.081166998,0.092083,0.078667,0.089083001,0.081574865,1657428000
2002-08-19,0.092917003,0.112083,0.092749998,0.105417,0.096532196,2243928000
2002-08-20,0.10625,0.108333,0.099417001,0.10075,0.092258528,1429488000
2002-08-21,0.105333,0.107417,0.100417,0.106083,0.097142048,1194876000
2002-08-22,0.102917,0.107083,0.101833,0.1025,0.093861036,1358496000
2002-08-23,0.099583,0.10025,0.095167004,0.095749997,0.087679952,919932000
2002-08-26,0.097583003,0.098250002,0.092,0.096500002,0.088366739,698568000
2002-08-27,0.098167002,0.098667003,0.090416998,0.090999998,0.083330274,686712000
2002-08-28,0.090499997,0.090667002,0.085000001,0.085332997,0.078140892,700356000
2002-08-29,0.084250003,0.090333,0.083582997,0.086416997,0.079133555,815520000
2002-08-30,0.085583001,0.089166999,0.082500003,0.084167004,0.077073172,1065888000
2002-09-03,0.080167003,0.080582999,0.077666998,0.079000004,0.072341673,847284000
2002-09-04,0.07925,0.081332996,0.075083002,0.078500003,0.071883835,930552000
2002-09-05,0.077749997,0.078083001,0.075000003,0.075499997,0.069136664,714312000
2002-09-06,0.078667,0.079333,0.075999998,0.077166997,0.070663176,746460000
2002-09-09,0.076582998,0.079499997,0.074249998,0.077082999,0.070586257,578040000
2002-09-10,0.076667003,0.092083,0.076582998,0.088082999,0.080659136,2317632000
2002-09-11,0.090833001,0.099166997,0.090833001,0.092417002,0.084627874,1657536000
2002-09-12,0.090167001,0.095082998,0.088500001,0.089500003,0.081956729,1294932000
2002-09-13,0.088583,0.092832997,0.087499999,0.088082999,0.080659136,796872000
2002-09-16,0.086750001,0.087082997,0.080417,0.082500003,0.075546689,925464000
2002-09-17,0.086167,0.088249996,0.080750003,0.081249997,0.074402072,884052000
2002-09-18,0.079999998,0.081583001,0.076582998,0.079000004,0.072341673,811692000
2002-09-19,0.077249996,0.079999998,0.075916998,0.076333001,0.069899447,618492000
2002-09-20,0.076917,0.078500003,0.075083002,0.076750003,0.070281319,687312000
2002-09-23,0.075499997,0.076250002,0.072916999,0.073417,0.067229226,521676000
2002-09-24,0.072582997,0.077500001,0.071249999,0.074000001,0.067763105,624444000
2002-09-25,0.078332998,0.079582997,0.07525,0.078083001,0.07150197,896616000
2002-09-26,0.079582997,0.080417,0.072750002,0.073917001,0.067687102,739560000
2002-09-27,0.073749997,0.075667001,0.071249999,0.071332999,0.065320879,650688000
2002-09-30,0.071083002,0.074417002,0.069582999,0.071332999,0.065320879,584124000
2002-10-01,0.071916997,0.075833,0.069333002,0.075167,0.068831742,888360000
2002-10-02,0.075750001,0.079582997,0.075083002,0.075083002,0.068754807,749100000
2002-10-03,0.074166998,0.075416997,0.071249999,0.071416996,0.065397806,590568000
2002-10-04,0.071249999,0.0735,0.066666998,0.067832999,0.062115885,529788000
2002-10-07,0.066917002,0.06825,0.064000003,0.064499997,0.059063792,493068000
2002-10-08,0.066666998,0.066832997,0.059999999,0.062582999,0.057308357,714252000
2002-10-09,0.061666999,0.065667003,0.060332999,0.061416999,0.056240611,573132000
2002-10-10,0.060833,0.066583,0.060833,0.064583004,0.059139784,538032000
2002-10-11,0.067083001,0.074583001,0.066666998,0.073417,0.067229226,994140000
2002-10-14,0.071249999,0.073417,0.069750004,0.071249999,0.065244868,611484000
2002-10-15,0.079167001,0.082000002,0.077583,0.078667,0.072036766,852768000
2002-10-16,0.073333003,0.074000001,0.070832998,0.072082996,0.066007659,578124000
2002-10-17,0.078332998,0.081249997,0.076416999,0.077583,0.071044132,585792000
2002-10-18,0.077166997,0.079167001,0.074249998,0.078332998,0.071730889,498372000
2002-10-21,0.077249996,0.088249996,0.075499997,0.085417002,0.078217864,930624000
2002-10-22,0.081500001,0.093332998,0.081417002,0.088249996,0.080812059,1272168000
2002-10-23,0.089583002,0.093083002,0.088333003,0.091833003,0.084093101,925428000
2002-10-24,0.093667001,0.094667003,0.085832998,0.087167002,0.07982035,1055172000
2002-10-25,0.087499999,0.092917003,0.086332999,0.092500001,0.08470387,745956000
2002-10-28,0.096749999,0.097499996,0.092417002,0.093000002,0.085161723,1070544000
2002-10-29,0.093167,0.093832999,0.084250003,0.088917002,0.081422873,772728000
2002-10-30,0.091750003,0.096666999,0.091417,0.093667001,0.085772492,1139496000
2002-10-31,0.094333,0.099832997,0.094083004,0.099166997,0.090808973,1255476000
2002-11-01,0.097667001,0.118917,0.097499996,0.1175,0.10759683,2128836000
2002-11-04,0.124583,0.137583,0.12425,0.13033301,0.11934818,2688132000
2002-11-05,0.13,0.132167,0.119583,0.125167,0.11461764,2034540000
2002-11-06,0.129417,0.13500001,0.124333,0.13483299,0.12346891,1646016000
2002-11-07,0.13133299,0.13133299,0.1205,0.12125,0.11103076,1660560000
2002-11-08,0.1025,0.108583,0.091750003,0.094667003,0.086688243,3798900000
2002-11-11,0.090167001,0.091499999,0.085166998,0.087333001,0.079972364,1378452000
2002-11-12,0.089417003,0.098333001,0.088666998,0.095082998,0.087069176,1381188000
2002-11-13,0.092832997,0.100833,0.090999998,0.098082997,0.089816317,1802112000
2002-11-14,0.104583,0.106583,0.101417,0.104583,0.095768519,1138728000
2002-11-15,0.11,0.115917,0.10875,0.11225,0.1027893,2054328000
2002-11-18,0.12125,0.121667,0.116083,0.116417,0.1066051,1982472000
2002-11-19,0.11575,0.124,0.1145,0.118083,0.10813066,1971948000
2002-11-20,0.121667,0.125,0.120083,0.124,0.11354897,1292796000
2002-11-21,0.12899999,0.14066701,0.12875,0.1345,0.12316407,2053920000
2002-11-22,0.126333,0.13366701,0.125,0.131,0.11995901,1251900000
2002-11-25,0.13708299,0.139083,0.13175,0.13575,0.12430857,1230084000
2002-11-26,0.136417,0.139083,0.131667,0.132083,0.1209507,1084332000
2002-11-27,0.137667,0.144667,0.13591699,0.142333,0.13033687,1088556000
2002-11-29,0.146083,0.148167,0.14166699,0.14274999,0.13071868,519396000
2002-12-02,0.150333,0.15225001,0.141,0.14166699,0.12972693,1167504000
2002-12-03,0.139,0.13933299,0.132083,0.132333,0.12117969,1046220000
2002-12-04,0.123,0.125,0.116083,0.1165,0.10668112,2206548000
2002-12-05,0.124,0.124833,0.11475,0.117583,0.10767281,1594872000
2002-12-06,0.1125,0.12,0.110667,0.11775,0.10782573,1159224000
2002-12-09,0.113917,0.11575,0.107417,0.108333,0.099202409,969792000
2002-12-10,0.111083,0.119583,0.109667,0.117417,0.1075208,1389888000
2002-12-11,0.116583,0.12,0.112667,0.11675,0.10691004,1364208000
2002-12-12,0.121083,0.1225,0.114583,0.114833,0.10515459,1302552000
2002-12-13,0.11275,0.11275,0.1095,0.110333,0.10103384,707724000
2002-12-16,0.114167,0.1175,0.11125,0.116833,0.10698601,1056972000
2002-12-17,0.118917,0.122917,0.11575,0.116667,0.10683405,1077744000
2002-12-18,0.113,0.113167,0.1075,0.10775,0.09866856,1126836000
2002-12-19,0.105833,0.111417,0.104333,0.105417,0.096532196,1100604000
2002-12-20,0.10875,0.109917,0.101583,0.106833,0.09782882,804576000
2002-12-23,0.106583,0.110167,0.10625,0.107583,0.098515645,498648000
2002-12-24,0.108167,0.110333,0.104833,0.105417,0.096532196,300336000
2002-12-26,0.107167,0.10875,0.102583,0.1035,0.094776765,719760000
2002-12-27,0.106333,0.106583,0.098667003,0.099583,0.091189891,702528000
2002-12-30,0.1,0.101083,0.093832999,0.096083,0.087984867,784740000
2002-12-31,0.095082998,0.098333001,0.093249999,0.095917001,0.087832898,825396000
2003-01-02,0.1,0.10375,0.096583001,0.102583,0.093937054,1302540000
2003-01-03,0.102917,0.10625,0.100833,0.102583,0.093937054,1037496000
2003-01-06,0.105083,0.112583,0.105,0.110917,0.10156865,1033428000
2003-01-07,0.113083,0.115667,0.109333,0.110583,0.10126279,1498272000
2003-01-08,0.10775,0.110917,0.098833002,0.099583,0.091189891,1852524000
2003-01-09,0.102667,0.10375,0.100333,0.101333,0.092792399,1436076000
2003-01-10,0.1,0.104583,0.098667003,0.103083,0.094394915,924492000
2003-01-13,0.107,0.107917,0.10175,0.10225,0.093632139,849120000
2003-01-14,0.102583,0.104,0.099917002,0.103,0.094318904,868524000
2003-01-15,0.103083,0.103917,0.099832997,0.099832997,0.091418818,904584000
2003-01-16,0.098333001,0.099583,0.091750003,0.093083002,0.085237712,2039976000
2003-01-17,0.090582997,0.091833003,0.088417001,0.089583002,0.082032733,1058832000
2003-01-21,0.091250002,0.093167,0.087082997,0.087333001,0.079972364,967356000
2003-01-22,0.087082997,0.089667,0.086833,0.087416999,0.080049284,550992000
2003-01-23,0.089749999,0.091250002,0.087416999,0.089832999,0.082261667,918456000
2003-01-24,0.089083001,0.089500003,0.083250001,0.084749997,0.077607088,897108000
2003-01-27,0.082916997,0.087250002,0.081417002,0.083499998,0.076462425,889116000
2003-01-28,0.082416996,0.088082999,0.079667002,0.086499996,0.079209574,1785480000
2003-01-29,0.084167004,0.088917002,0.084167004,0.088249996,0.080812059,1022040000
2003-01-30,0.090000004,0.090750001,0.083750002,0.084666997,0.077531084,743064000
2003-01-31,0.082167,0.088333003,0.081417002,0.086000003,0.078751683,949656000
2003-02-03,0.087582998,0.089332998,0.085832998,0.087667003,0.080278195,755556000
2003-02-04,0.087082997,0.087499999,0.082500003,0.083750002,0.0766913,627720000
2003-02-05,0.085583001,0.087917,0.084167004,0.0845,0.077378131,581508000
2003-02-06,0.090333,0.090499997,0.083750002,0.085166998,0.077988908,1226184000
2003-02-07,0.086833,0.087250002,0.081166998,0.081332996,0.074478067,915156000
2003-02-10,0.081249997,0.082916997,0.077749997,0.082332999,0.075393759,982632000
2003-02-11,0.082999997,0.085417002,0.080417,0.080833003,0.074020185,850716000
2003-02-12,0.080833003,0.084250003,0.080167003,0.081249997,0.074402072,641400000
2003-02-13,0.082667001,0.083082996,0.080417,0.082249999,0.075317778,889164000
2003-02-14,0.093500003,0.100417,0.091250002,0.100333,0.091876678,3548844000
2003-02-18,0.104167,0.108083,0.102917,0.106083,0.097142048,1740516000
2003-02-19,0.105417,0.10775,0.10425,0.107083,0.098057769,1141212000
2003-02-20,0.1075,0.110333,0.106667,0.107083,0.098057769,978132000
2003-02-21,0.107,0.107417,0.103333,0.107167,0.098134696,913260000
2003-02-24,0.10625,0.112417,0.105667,0.1085,0.099355377,1137012000
2003-02-25,0.105,0.108333,0.103333,0.107833,0.098744564,1239204000
2003-02-26,0.106417,0.108167,0.102333,0.102583,0.093937054,746892000
2003-02-27,0.103583,0.10525,0.101917,0.10475,0.095921405,675312000
2003-02-28,0.1015,0.105417,0.098499998,0.105167,0.096303269,1653336000
2003-03-03,0.106417,0.108333,0.102083,0.103417,0.094700783,702036000
2003-03-04,0.10375,0.10475,0.101583,0.102583,0.093937054,538392000
2003-03-05,0.101583,0.104833,0.101333,0.10425,0.095463552,522156000
2003-03-06,0.103417,0.104417,0.102083,0.1025,0.093861036,548064000
2003-03-07,0.100917,0.104417,0.1,0.104083,0.095310621,581148000
2003-03-10,0.103,0.1035,0.101,0.101167,0.092640407,344796000
2003-03-11,0.101917,0.103583,0.10075,0.101917,0.093327187,417144000
2003-03-12,0.10275,0.105,0.101833,0.10475,0.095921405,493920000
2003-03-13,0.107833,0.115833,0.107333,0.115167,0.10546045,1362732000
2003-03-14,0.115583,0.116667,0.111,0.111833,0.10240744,1094220000
2003-03-17,0.11,0.120583,0.10975,0.118333,0.10835959,1307808000
2003-03-18,0.117917,0.11925,0.115,0.117417,0.1075208,932280000
2003-03-19,0.117667,0.118833,0.113833,0.118,0.10805465,712992000
2003-03-20,0.118,0.121583,0.114917,0.119083,0.1090464,780060000
2003-03-21,0.123167,0.123583,0.112667,0.118,0.10805465,1681800000
2003-03-24,0.113167,0.116667,0.1125,0.113583,0.10400994,839016000
2003-03-25,0.113917,0.118583,0.1135,0.116833,0.10698601,672828000
2003-03-26,0.119417,0.122083,0.1185,0.120083,0.10996209,1107840000
2003-03-27,0.1185,0.121,0.116333,0.116667,0.10683405,1392732000
2003-03-28,0.116667,0.117083,0.110083,0.111917,0.10248437,1290684000
2003-03-31,0.1085,0.109833,0.106833,0.107333,0.098286718,680508000
2003-04-01,0.109583,0.111667,0.107167,0.1105,0.10118677,533808000
2003-04-02,0.11425,0.1165,0.11275,0.114583,0.10492567,771900000
2003-04-03,0.116667,0.116667,0.113667,0.116083,0.10629927,702780000
2003-04-04,0.116417,0.116583,0.111083,0.111583,0.10217855,513840000
2003-04-07,0.119083,0.12,0.111667,0.11275,0.10324717,671256000
2003-04-08,0.11375,0.114333,0.110917,0.111667,0.10225543,475032000
2003-04-09,0.112083,0.115083,0.110917,0.111083,0.10172064,694260000
2003-04-10,0.112583,0.11275,0.110583,0.111667,0.10225543,364104000
2003-04-11,0.112917,0.113833,0.109333,0.110417,0.10111077,374184000
2003-04-14,0.10875,0.112667,0.108417,0.112333,0.10286529,445776000
2003-04-15,0.111583,0.113167,0.108833,0.11175,0.10233144,490212000
2003-04-16,0.114333,0.114583,0.110833,0.11175,0.10233144,671988000
2003-04-17,0.112583,0.114,0.11025,0.11375,0.10416287,520740000
2003-04-21,0.113917,0.117,0.112833,0.116667,0.10683405,597144000
2003-04-22,0.116083,0.11825,0.114167,0.118167,0.10820764,787392000
2003-04-23,0.118,0.121583,0.117083,0.120833,0.1106489,606204000
2003-04-24,0.120917,0.120917,0.115667,0.11725,0.10736787,660912000
2003-04-25,0.116583,0.118583,0.111833,0.112917,0.10340007,884652000
2003-04-28,0.11425,0.118417,0.112917,0.116333,0.10652817,674988000
2003-04-29,0.119,0.121583,0.118083,0.119917,0.1098101,670344000
2003-04-30,0.11925,0.1225,0.11875,0.119417,0.10935221,466620000
2003-05-01,0.118583,0.121333,0.117917,0.120167,0.11003905,733368000
2003-05-02,0.12175,0.133333,0.121083,0.13249999,0.12133253,1691088000
2003-05-05,0.13375001,0.142,0.13133299,0.13575,0.12430857,1576164000
2003-05-06,0.135083,0.13941699,0.13375001,0.13591699,0.12446159,1143864000
2003-05-07,0.133917,0.13708299,0.13141701,0.13375001,0.12247725,897372000
2003-05-08,0.132083,0.139167,0.130417,0.13383301,0.12255327,1957452000
2003-05-09,0.15691701,0.179417,0.1525,0.178083,0.16307373,9230856000
2003-05-12,0.1785,0.1825,0.17166699,0.17308301,0.15849507,3007860000
2003-05-13,0.16716699,0.1725,0.16616701,0.169833,0.15551902,1824108000
2003-05-14,0.170417,0.1725,0.1675,0.16966701,0.15536708,965580000
2003-05-15,0.172167,0.175833,0.17125,0.17550001,0.16070846,1105656000
2003-05-16,0.173333,0.18025,0.17308301,0.177167,0.16223493,1028916000
2003-05-19,0.174833,0.17649999,0.16508301,0.16716699,0.15307772,1220484000
2003-05-20,0.167417,0.16958299,0.166667,0.16833299,0.15414548,884124000
2003-05-21,0.16841701,0.17433301,0.1675,0.17425001,0.15956376,905472000
2003-05-22,0.1745,0.17641699,0.170417,0.174833,0.16009766,888816000
2003-05-23,0.175,0.178333,0.17316701,0.173917,0.15925886,867612000
2003-05-27,0.17208301,0.19,0.16875,0.18933301,0.17337556,1677408000
2003-05-28,0.18875,0.190833,0.184167,0.188833,0.17291768,1235556000
2003-05-29,0.18875,0.208167,0.188333,0.20175,0.184746,2297736000
2003-05-30,0.220833,0.221917,0.215417,0.21808299,0.19970241,2142312000
2003-06-02,0.22375,0.22400001,0.204667,0.206,0.18863781,1566144000
2003-06-03,0.203667,0.2165,0.201167,0.21025001,0.19252966,1596804000
2003-06-04,0.209583,0.215417,0.206333,0.21525,0.19710821,1175604000
2003-06-05,0.21241701,0.222167,0.209583,0.22141699,0.20275547,1204404000
2003-06-06,0.230083,0.23125,0.213,0.21466701,0.19657429,1378836000
2003-06-09,0.213333,0.218833,0.20883299,0.212083,0.1942081,720588000
2003-06-10,0.212083,0.215333,0.20975,0.215167,0.1970322,563304000
2003-06-11,0.213833,0.21725,0.20999999,0.215333,0.19718418,943836000
2003-06-12,0.216833,0.21916699,0.211417,0.212083,0.1942081,1046688000
2003-06-13,0.20291699,0.20874999,0.194167,0.195583,0.17909878,1826808000
2003-06-16,0.197917,0.20225,0.18483301,0.19975001,0.1829146,1904868000
2003-06-17,0.20433301,0.205833,0.198333,0.2045,0.18726428,999852000
2003-06-18,0.2025,0.216417,0.20083299,0.21233299,0.19443703,1122072000
2003-06-19,0.21325,0.214333,0.198333,0.199417,0.18260965,1190532000
2003-06-20,0.201583,0.201667,0.194167,0.19733299,0.18070127,937848000
2003-06-23,0.19716699,0.198167,0.186417,0.19033299,0.1742913,734784000
2003-06-24,0.18916699,0.193333,0.183833,0.189917,0.17391035,1008816000
2003-06-25,0.19041701,0.198167,0.189667,0.191167,0.175055,1060620000
2003-06-26,0.19175,0.19400001,0.18574999,0.19141699,0.17528383,960540000
2003-06-27,0.19366699,0.195417,0.18708301,0.18799999,0.17215487,709104000
2003-06-30,0.19050001,0.19425,0.188333,0.190917,0.17482606,544128000
2003-07-01,0.1885,0.199,0.18674999,0.19875,0.18199888,977016000
2003-07-02,0.200583,0.20316701,0.195417,0.198167,0.181465,846828000
2003-07-03,0.193583,0.20100001,0.193167,0.195917,0.17940466,420912000
2003-07-07,0.19858301,0.209833,0.19850001,0.20874999,0.19115606,832200000
2003-07-08,0.20299999,0.209167,0.2025,0.20641699,0.18901968,602856000
2003-07-09,0.206333,0.21458299,0.206,0.21116699,0.19336939,755352000
2003-07-10,0.204583,0.20725,0.198917,0.2025,0.18543278,644568000
2003-07-11,0.204917,0.206167,0.20183299,0.203583,0.18642454,495000000
2003-07-14,0.20874999,0.20999999,0.20100001,0.20200001,0.18497491,694344000
2003-07-15,0.205,0.205917,0.1935,0.195417,0.17894678,1143456000
2003-07-16,0.199083,0.2,0.188333,0.193,0.17673348,880476000
2003-07-17,0.187167,0.189583,0.180833,0.18333299,0.16788125,853764000
2003-07-18,0.17975,0.180333,0.17058299,0.177167,0.16223493,1280832000
2003-07-21,0.178167,0.17874999,0.170333,0.1745,0.15979268,985140000
2003-07-22,0.179417,0.18075,0.17641699,0.177417,0.16246381,582444000
2003-07-23,0.17725,0.180833,0.17191701,0.17975,0.16460022,605328000
2003-07-24,0.183,0.184333,0.17125,0.17275,0.15819021,1116828000
2003-07-25,0.17308301,0.17649999,0.166667,0.17550001,0.16070846,1002084000
2003-07-28,0.176917,0.177333,0.169333,0.170083,0.15574799,703752000
2003-07-29,0.154667,0.168,0.153,0.15891699,0.14552312,2794788000
2003-07-30,0.158333,0.16016699,0.156167,0.157167,0.14392059,788724000
2003-07-31,0.160833,0.163167,0.157417,0.15908299,0.14567506,897600000
2003-08-01,0.15916701,0.165667,0.157583,0.164333,0.15048259,767556000
2003-08-04,0.164167,0.1735,0.163167,0.1705,0.15612985,1428852000
2003-08-05,0.174917,0.17891701,0.16858301,0.17,0.15567201,1063488000
2003-08-06,0.16775,0.17,0.15899999,0.163083,0.14933795,1025868000
2003-08-07,0.16266701,0.16500001,0.158667,0.160833,0.14727759,1040340000
2003-08-08,0.137917,0.13850001,0.127167,0.12916701,0.11828052,3767580000
2003-08-11,0.13124999,0.137917,0.130417,0.136167,0.1246905,1675752000
2003-08-12,0.137917,0.13925,0.135667,0.138917,0.12720874,764160000
2003-08-13,0.13950001,0.142083,0.13600001,0.139833,0.12804753,693552000
2003-08-14,0.135167,0.13716701,0.13349999,0.13500001,0.12362185,1527696000
2003-08-15,0.134167,0.135417,0.133333,0.134583,0.12324002,217716000
2003-08-18,0.13675,0.138583,0.134333,0.138583,0.12690291,717684000
2003-08-19,0.14166699,0.15000001,0.141583,0.149167,0.13659483,1403976000
2003-08-20,0.147083,0.14983299,0.143833,0.147083,0.1346865,870348000
2003-08-21,0.150667,0.1525,0.148333,0.15108299,0.13834932,644748000
2003-08-22,0.16016699,0.162333,0.15208299,0.15216701,0.13934205,1002396000
2003-08-25,0.155083,0.155083,0.15000001,0.151333,0.13857824,434028000
2003-08-26,0.149417,0.151667,0.144833,0.148917,0.13636592,768984000
2003-08-27,0.14991701,0.155,0.148333,0.15341701,0.1404866,567816000
2003-08-28,0.154917,0.15575001,0.14766701,0.149417,0.13682376,828312000
2003-08-29,0.149167,0.15208299,0.14858299,0.151417,0.13865526,532884000
2003-09-02,0.154083,0.155417,0.149333,0.15008301,0.13743363,711456000
2003-09-03,0.15233301,0.15275,0.14641701,0.147167,0.13476342,849972000
2003-09-04,0.14775001,0.15208299,0.146667,0.14858299,0.13606004,740064000
2003-09-05,0.14883301,0.15916701,0.147083,0.15566701,0.14254701,1198740000
2003-09-08,0.158167,0.164667,0.15625,0.16283301,0.14910898,1508712000
2003-09-09,0.158333,0.17891701,0.156167,0.172833,0.15826622,2489436000
2003-09-10,0.167917,0.172417,0.159667,0.161,0.14743049,1380624000
2003-09-11,0.163167,0.167917,0.1525,0.15891699,0.14552312,2612736000
2003-09-12,0.157583,0.16474999,0.15583301,0.16125,0.14765948,1162404000
2003-09-15,0.16258299,0.163417,0.15800001,0.158583,0.14521722,596028000
2003-09-16,0.15891699,0.164,0.15891699,0.1635,0.14971983,620736000
2003-09-17,0.1645,0.16858301,0.163167,0.165417,0.15147528,902784000
2003-09-18,0.1645,0.16675,0.16266701,0.166667,0.15261985,603492000
2003-09-19,0.16858301,0.16966701,0.16383301,0.165333,0.15139832,648096000
2003-09-22,0.162083,0.16241699,0.1575,0.158833,0.14544617,735504000
2003-09-23,0.15908299,0.16125,0.15700001,0.16033299,0.14681974,628932000
2003-09-24,0.15691701,0.158333,0.147917,0.148167,0.13567911,1600668000
2003-09-25,0.149333,0.152,0.145417,0.146083,0.13377079,736776000
2003-09-26,0.145667,0.146083,0.138583,0.14049999,0.12865835,895908000
2003-09-29,0.133417,0.13816699,0.130833,0.132917,0.12171448,1944996000
2003-09-30,0.13175,0.137583,0.13124999,0.133083,0.12186643,1020888000
2003-10-01,0.133333,0.13575,0.133,0.134167,0.12285904,877224000
2003-10-02,0.133333,0.13816699,0.132917,0.13625,0.12476658,857628000
2003-10-03,0.14,0.143333,0.137583,0.139833,0.12804753,862812000
2003-10-06,0.140083,0.1415,0.137583,0.13875,0.12705582,377028000
2003-10-07,0.13875,0.14,0.136833,0.14,0.12820046,510588000
2003-10-08,0.14,0.14125,0.13425,0.135083,0.12369786,739440000
2003-10-09,0.13708299,0.142333,0.13591699,0.13699999,0.12545334,852408000
2003-10-10,0.139167,0.14041699,0.1375,0.13941699,0.12766658,413976000
2003-10-13,0.141,0.14375,0.139917,0.14083301,0.12896325,434904000
2003-10-14,0.13933299,0.143833,0.13850001,0.143417,0.13132952,623556000
2003-10-15,0.145083,0.14775001,0.14066701,0.141583,0.12965006,703488000
2003-10-16,0.14174999,0.143833,0.13958301,0.143333,0.13125248,446088000
2003-10-17,0.1425,0.14524999,0.138667,0.138833,0.12713182,459696000
2003-10-20,0.138917,0.142083,0.138083,0.14191701,0.12995592,467388000
2003-10-21,0.1445,0.149,0.1425,0.14624999,0.13392365,758724000
2003-10-22,0.14399999,0.147333,0.14300001,0.14375,0.13163441,620952000
2003-10-23,0.14166699,0.145833,0.141417,0.14308301,0.13102365,451524000
2003-10-24,0.14166699,0.143833,0.140333,0.142583,0.1305657,447084000
2003-10-27,0.143333,0.145,0.142333,0.143333,0.13125248,254460000
2003-10-28,0.14524999,0.15316699,0.144583,0.15233301,0.13949396,956064000
2003-10-29,0.147833,0.154167,0.14775001,0.15233301,0.13949396,494004000
2003-10-30,0.15625,0.156333,0.14925,0.1495,0.13689974,581256000
2003-10-31,0.150833,0.15208299,0.145,0.147333,0.13491543,598152000
2003-11-03,0.14658301,0.152917,0.145917,0.15008301,0.13743363,773724000
2003-11-04,0.15333299,0.15375,0.149583,0.150583,0.13789155,700896000
2003-11-05,0.14749999,0.152667,0.145083,0.15116701,0.13842627,882024000
2003-11-06,0.15341701,0.154167,0.14866699,0.151417,0.13865526,1175280000
2003-11-07,0.1805,0.183833,0.176667,0.18125001,0.16597381,4292820000
2003-11-10,0.181833,0.184333,0.179667,0.18075,0.1655159,1210056000
2003-11-11,0.176667,0.17975,0.17308301,0.17625,0.16139519,799140000
2003-11-12,0.175667,0.179167,0.174833,0.178583,0.16353163,617664000
2003-11-13,0.178583,0.18116701,0.17758299,0.17866699,0.16360851,580332000
2003-11-14,0.179167,0.179167,0.167583,0.168083,0.15391657,888420000
2003-11-17,0.16491701,0.16833299,0.163333,0.166333,0.15231401,599880000
2003-11-18,0.170417,0.1725,0.163333,0.16391701,0.15010159,991428000
2003-11-19,0.16508301,0.169167,0.1645,0.16850001,0.15429839,567552000
2003-11-20,0.165833,0.16949999,0.163333,0.164,0.15017764,738852000
2003-11-21,0.16599999,0.16625001,0.16150001,0.164667,0.15078844,543240000
2003-11-24,0.16625001,0.175,0.16508301,0.174583,0.15986876,940644000
2003-11-25,0.17533299,0.179083,0.173333,0.17758299,0.16261584,822804000
2003-11-26,0.1805,0.18108299,0.174417,0.17775001,0.1627688,430032000
2003-11-28,0.17766701,0.178167,0.17541701,0.176917,0.16200601,206136000
2003-12-01,0.17891701,0.18075,0.176833,0.179417,0.16429524,526980000
2003-12-02,0.178333,0.18233299,0.17758299,0.17866699,0.16360851,574740000
2003-12-03,0.179167,0.185,0.17641699,0.176833,0.16192907,710028000
2003-12-04,0.177417,0.180583,0.17174999,0.175917,0.16109028,521952000
2003-12-05,0.17174999,0.176667,0.168833,0.17025,0.15590094,559848000
2003-12-08,0.17025,0.17325,0.16875,0.1715,0.15704554,340980000
2003-12-09,0.171167,0.172833,0.16249999,0.16258299,0.14888011,598128000
2003-12-10,0.16258299,0.167083,0.16249999,0.16616701,0.15216205,568656000
2003-12-11,0.16608299,0.176667,0.16575,0.174583,0.15986876,694872000
2003-12-12,0.176917,0.178083,0.17083301,0.173667,0.15902993,700692000
2003-12-15,0.17874999,0.17900001,0.16966701,0.170167,0.1558249,622752000
2003-12-16,0.169167,0.173583,0.16616701,0.1725,0.15796125,601728000
2003-12-17,0.171083,0.17166699,0.166333,0.169167,0.15490921,499116000
2003-12-18,0.16949999,0.17475,0.169333,0.17299999,0.15841915,436728000
2003-12-19,0.177333,0.18000001,0.173667,0.175583,0.16078442,916956000
2003-12-22,0.17299999,0.17625,0.17125,0.175833,0.16101336,371184000
2003-12-23,0.17516699,0.18475001,0.175083,0.183,0.16757636,722760000
2003-12-24,0.182917,0.18350001,0.18116701,0.181667,0.16635568,210852000
2003-12-26,0.183083,0.19058301,0.18233299,0.1895,0.17352845,363960000
2003-12-29,0.193083,0.198167,0.192167,0.19750001,0.18085417,756624000
2003-12-30,0.195417,0.201667,0.19525,0.197917,0.18123606,550884000
2003-12-31,0.197833,0.19875,0.19016699,0.193333,0.17703839,497268000
2004-01-02,0.196417,0.199083,0.192333,0.192333,0.17612268,436416000
2004-01-05,0.19525,0.199917,0.1935,0.19858301,0.18184599,575292000
2004-01-06,0.198,0.209417,0.197083,0.20666701,0.18924859,1093344000
2004-01-07,0.20433301,0.2095,0.20291699,0.2085,0.1909271,673032000
2004-01-08,0.21108299,0.212083,0.20725,0.20925,0.19161393,433752000
2004-01-09,0.20783301,0.21483301,0.206167,0.21224999,0.19436105,766584000
2004-01-12,0.213,0.215333,0.211,0.21466701,0.19657429,541980000
2004-01-13,0.21358299,0.21566699,0.201333,0.203583,0.18642454,865800000
2004-01-14,0.204583,0.2075,0.200167,0.20208301,0.18505099,544872000
2004-01-15,0.200583,0.204083,0.197,0.202417,0.18535686,609204000
2004-01-16,0.2045,0.20725,0.202583,0.20550001,0.18817994,451728000
2004-01-20,0.208,0.211583,0.205667,0.21125001,0.19344532,487764000
2004-01-21,0.2095,0.210333,0.201167,0.2015,0.18451706,494460000
2004-01-22,0.202583,0.205833,0.194417,0.196833,0.18024345,605724000
2004-01-23,0.195833,0.19975001,0.192,0.192417,0.17619964,482472000
2004-01-26,0.19366699,0.20083299,0.192167,0.2,0.18314353,393684000
2004-01-27,0.19599999,0.199167,0.18708301,0.188583,0.17268878,934104000
2004-01-28,0.191,0.19400001,0.18708301,0.18808299,0.17223087,615204000
2004-01-29,0.188667,0.189583,0.17625,0.182583,0.16719446,929700000
2004-01-30,0.18216699,0.189583,0.18108299,0.185417,0.16978961,466464000
2004-02-02,0.18691701,0.192083,0.185,0.188417,0.17253676,560844000
2004-02-03,0.18791699,0.191167,0.18525,0.18775,0.17192601,418032000
2004-02-04,0.185083,0.186583,0.18241701,0.182667,0.16727135,436800000
2004-02-05,0.183667,0.1875,0.1825,0.185417,0.16978961,331980000
2004-02-06,0.187833,0.192333,0.18683299,0.189667,0.17368136,471132000
2004-02-09,0.191083,0.194167,0.18825001,0.188333,0.17245987,373992000
2004-02-10,0.188917,0.195417,0.188833,0.19525,0.17879389,509700000
2004-02-11,0.19775,0.20275,0.197083,0.20208301,0.18505099,737808000
2004-02-12,0.20100001,0.20208301,0.192917,0.19599999,0.17948064,974892000
2004-02-13,0.190833,0.199083,0.18916699,0.194167,0.17780215,1747500000
2004-02-17,0.19491699,0.196917,0.19225,0.19633301,0.17978558,575976000
2004-02-18,0.196917,0.197917,0.19499999,0.19633301,0.17978558,320244000
2004-02-19,0.19875,0.20225,0.195833,0.19625001,0.17970958,631032000
2004-02-20,0.195917,0.201667,0.194833,0.201167,0.18421216,618120000
2004-02-23,0.20083299,0.201167,0.19149999,0.194167,0.17780215,853332000
2004-02-24,0.190833,0.19325,0.184333,0.186417,0.17070535,708384000
2004-02-25,0.187583,0.191083,0.1855,0.1875,0.17169698,652512000
2004-02-26,0.19024999,0.19058301,0.186417,0.18875,0.17284168,344976000
2004-02-27,0.18916699,0.18933301,0.182583,0.185417,0.16978961,595548000
2004-03-01,0.184917,0.1885,0.18466701,0.18816701,0.17230776,506628000
2004-03-02,0.188417,0.18975,0.183917,0.18466701,0.16910285,813348000
2004-03-03,0.184167,0.184167,0.17925,0.18224999,0.1668895,552492000
2004-03-04,0.184083,0.186583,0.182583,0.18625,0.1705524,413352000
2004-03-05,0.182083,0.18916699,0.181417,0.184917,0.16933171,354888000
2004-03-08,0.185,0.1875,0.177083,0.1785,0.16345562,465168000
2004-03-09,0.18000001,0.180167,0.17425001,0.17725,0.16231096,371232000
2004-03-10,0.178417,0.180333,0.173417,0.174667,0.15994562,481692000
2004-03-11,0.172333,0.1785,0.172333,0.173333,0.15872402,526872000
2004-03-12,0.175667,0.179167,0.17375,0.177,0.16208205,377952000
2004-03-15,0.175917,0.176667,0.17191701,0.17299999,0.15841915,421224000
2004-03-16,0.17516699,0.18125001,0.17399999,0.180417,0.16521102,597504000
2004-03-17,0.18333299,0.186583,0.182583,0.18483301,0.16925482,524592000
2004-03-18,0.183833,0.18916699,0.18333299,0.18691701,0.17116319,528048000
2004-03-19,0.185917,0.187833,0.183667,0.18475001,0.1691788,452964000
2004-03-22,0.181917,0.18475001,0.179167,0.18333299,0.16788125,576708000
2004-03-23,0.18583301,0.187833,0.182,0.184083,0.168568,576036000
2004-03-24,0.18375,0.195417,0.18333299,0.192333,0.17612268,787344000
2004-03-25,0.1945,0.2045,0.194167,0.2035,0.18634847,997128000
2004-03-26,0.20291699,0.206083,0.200167,0.20291699,0.18581463,551604000
2004-03-29,0.205833,0.214417,0.20541701,0.211667,0.19382721,985764000
2004-03-30,0.21025001,0.219,0.21008299,0.21799999,0.19962642,724956000
2004-03-31,0.219083,0.222333,0.217917,0.22,0.20145787,604752000
2004-04-01,0.22025,0.22475,0.210583,0.21608301,0.19787097,1319508000
2004-04-02,0.220833,0.22225,0.214167,0.21916699,0.20069507,649740000
2004-04-05,0.21799999,0.227917,0.21799999,0.227,0.20786785,576744000
2004-04-06,0.2225,0.22408301,0.216667,0.217833,0.19947353,624096000
2004-04-07,0.21950001,0.219583,0.212833,0.216667,0.19840573,447864000
2004-04-08,0.22149999,0.22499999,0.219833,0.22283299,0.20405206,447096000
2004-04-12,0.224583,0.225583,0.217333,0.218667,0.20023723,443784000
2004-04-13,0.220667,0.220833,0.21250001,0.21358299,0.19558173,442704000
2004-04-14,0.21250001,0.218667,0.21008299,0.21466701,0.19657429,512016000
2004-04-15,0.21175,0.212667,0.2025,0.203417,0.18627256,828084000
2004-04-16,0.202583,0.202667,0.19633301,0.19675,0.18016741,654864000
2004-04-19,0.196583,0.197917,0.193,0.1965,0.1799385,522804000
2004-04-20,0.197,0.199167,0.18808299,0.18816701,0.17230776,513804000
2004-04-21,0.188917,0.19499999,0.18700001,0.188417,0.17253676,688812000
2004-04-22,0.186667,0.19266701,0.18275,0.1895,0.17352845,695520000
2004-04-23,0.191833,0.196917,0.19125,0.19366699,0.17734426,443928000
2004-04-26,0.19408301,0.19491699,0.185583,0.186083,0.17039944,429912000
2004-04-27,0.18825001,0.19325,0.183833,0.18449999,0.16894993,494568000
2004-04-28,0.18458299,0.187417,0.18233299,0.18375,0.16826306,468768000
2004-04-29,0.182667,0.183917,0.17625,0.17866699,0.16360851,645048000
2004-04-30,0.17766701,0.17874999,0.170333,0.171,0.15658771,512928000
2004-05-03,0.172833,0.174583,0.165833,0.168833,0.15460329,610668000
2004-05-04,0.17125,0.18175,0.17083301,0.179583,0.16444728,772380000
2004-05-05,0.17975,0.182667,0.17825,0.18108299,0.16582082,464280000
2004-05-06,0.17925,0.184,0.17541701,0.182583,0.16719446,711348000
2004-05-07,0.18791699,0.19141699,0.183,0.184,0.16849203,956772000
2004-05-10,0.179083,0.18099999,0.17291699,0.176833,0.16192907,669072000
2004-05-11,0.179083,0.182917,0.178333,0.18116701,0.16589786,399936000
2004-05-12,0.180167,0.180417,0.172417,0.17866699,0.16360851,482328000
2004-05-13,0.177167,0.1825,0.176667,0.17925,0.16414241,347952000
2004-05-14,0.18000001,0.183167,0.178333,0.17925,0.16414241,459000000
2004-05-17,0.176667,0.17900001,0.17375,0.17641699,0.16154812,308340000
2004-05-18,0.178,0.18133301,0.177333,0.17925,0.16414241,204420000
2004-05-19,0.18325,0.18583301,0.177917,0.17883299,0.1637605,498276000
2004-05-20,0.1785,0.1815,0.17533299,0.17625,0.16139519,421488000
2004-05-21,0.178333,0.178583,0.17425001,0.176667,0.16177703,282096000
2004-05-24,0.176333,0.178083,0.17399999,0.176083,0.16124229,301620000
2004-05-25,0.176833,0.18458299,0.17325,0.18375,0.16826306,681264000
2004-05-26,0.18375,0.19,0.182667,0.1875,0.17169698,524568000
2004-05-27,0.19058301,0.193417,0.187833,0.18808299,0.17223087,556548000
2004-05-28,0.19041701,0.1965,0.188917,0.195417,0.17894678,637980000
2004-06-01,0.192083,0.19724999,0.191833,0.19525,0.17879389,318420000
2004-06-02,0.2,0.20091701,0.193583,0.19374999,0.17742029,643800000
2004-06-03,0.19383299,0.19425,0.183833,0.18441699,0.16887383,700824000
2004-06-04,0.18816701,0.188583,0.18241701,0.182583,0.16719446,649608000
2004-06-07,0.185583,0.189083,0.18325,0.18700001,0.17123921,571956000
2004-06-08,0.185917,0.18625,0.18091699,0.183667,0.16818713,615000000
2004-06-09,0.18475001,0.185,0.1745,0.175083,0.1603266,498336000
2004-06-10,0.177917,0.17825,0.17174999,0.173333,0.15872402,564516000
2004-06-14,0.172417,0.172417,0.166583,0.167917,0.15376455,424752000
2004-06-15,0.17075001,0.17299999,0.168833,0.170417,0.15605386,394584000
2004-06-16,0.169917,0.171,0.167083,0.16775,0.15361159,252576000
2004-06-17,0.166667,0.17075001,0.163583,0.164417,0.15055957,482376000
2004-06-18,0.165333,0.16925,0.16249999,0.164667,0.15078844,534336000
2004-06-21,0.16491701,0.1675,0.160667,0.16175,0.1481173,266568000
2004-06-22,0.16266701,0.167083,0.16158301,0.166333,0.15231401,430308000
2004-06-23,0.165833,0.169833,0.165417,0.169167,0.15490921,264660000
2004-06-24,0.173667,0.17425001,0.166417,0.167667,0.1535356,590652000
2004-06-25,0.168833,0.17075001,0.166833,0.16875,0.15452734,329124000
2004-06-28,0.171167,0.17174999,0.166667,0.16733301,0.15322974,299376000
2004-06-29,0.16833299,0.173333,0.167667,0.17308301,0.15849507,363852000
2004-06-30,0.16850001,0.17325,0.16850001,0.17058299,0.15620582,329268000
2004-07-01,0.1725,0.17275,0.16249999,0.16275001,0.14903304,505620000
2004-07-02,0.1645,0.164583,0.15925001,0.1605,0.14697266,294948000
2004-07-06,0.158583,0.16024999,0.149333,0.15108299,0.13834932,575388000
2004-07-07,0.153,0.156167,0.15108299,0.151833,0.13903615,344136000
2004-07-08,0.150417,0.152917,0.146917,0.147167,0.13476342,430056000
2004-07-09,0.147,0.147167,0.138083,0.14083301,0.12896325,1114500000
2004-07-12,0.136917,0.14083301,0.13575,0.137583,0.12598719,676044000
2004-07-13,0.13925,0.14166699,0.135833,0.13733301,0.12575822,567108000
2004-07-14,0.13249999,0.136167,0.128583,0.13124999,0.12018789,901608000
2004-07-15,0.13258301,0.134,0.1295,0.13033301,0.11934818,611352000
2004-07-16,0.134333,0.1345,0.1265,0.1265,0.11583825,464700000
2004-07-19,0.12683301,0.129333,0.125083,0.12791701,0.11713581,461088000
2004-07-20,0.12783299,0.131,0.126583,0.1305,0.11950117,341544000
2004-07-21,0.13249999,0.13266701,0.122167,0.122583,0.1122514,613416000
2004-07-22,0.124,0.125833,0.12,0.125167,0.11461764,521460000
2004-07-23,0.126,0.126167,0.121,0.121833,0.11156458,371496000
2004-07-26,0.123417,0.1245,0.11725,0.118417,0.10843653,503208000
2004-07-27,0.119,0.122667,0.115333,0.122333,0.11202251,789888000
2004-07-28,0.122083,0.1225,0.115833,0.11925,0.10919932,505116000
2004-07-29,0.120917,0.13016701,0.120333,0.127083,0.11637211,747360000
2004-07-30,0.12549999,0.130833,0.12525,0.1285,0.11766973,403956000
2004-08-02,0.128583,0.130667,0.126417,0.13016701,0.11919616,420984000
2004-08-03,0.13075,0.130833,0.122417,0.123417,0.11301511,741540000
2004-08-04,0.122083,0.125917,0.121917,0.12475,0.11423574,507816000
2004-08-05,0.126083,0.12666699,0.119167,0.121333,0.11110675,859920000
2004-08-06,0.084250003,0.085000001,0.077500001,0.078583002,0.071959831,5088948000
2004-08-09,0.080582999,0.083916999,0.07925,0.082083002,0.075164832,1579212000
2004-08-10,0.086667001,0.089417003,0.085249998,0.088583,0.081117004,2051916000
2004-08-11,0.087416999,0.087416999,0.085417002,0.086000003,0.078751683,963816000
2004-08-12,0.08625,0.086499996,0.083833002,0.083999999,0.076920278,654384000
2004-08-13,0.086000003,0.088082999,0.085249998,0.087499999,0.080125295,815700000
2004-08-16,0.086499996,0.088832997,0.086000003,0.086667001,0.079362474,531732000
2004-08-17,0.088583,0.091917001,0.087750003,0.091417,0.083712161,744912000
2004-08-18,0.091833003,0.097499996,0.091082998,0.097499996,0.089282475,872424000
2004-08-19,0.096917003,0.098667003,0.095666997,0.097167,0.088977516,724404000
2004-08-20,0.096666999,0.104333,0.096332997,0.102917,0.094242893,1199040000
2004-08-23,0.104583,0.10625,0.104,0.105167,0.096303269,800028000
2004-08-24,0.106667,0.107167,0.099250004,0.10125,0.092716388,939420000
2004-08-25,0.1035,0.106333,0.101583,0.105583,0.096684217,721308000
2004-08-26,0.105417,0.1065,0.104583,0.105833,0.096913144,612720000
2004-08-27,0.105917,0.109333,0.105833,0.107833,0.098744564,565128000
2004-08-30,0.107417,0.108,0.104167,0.10425,0.095463552,628056000
2004-08-31,0.104667,0.105167,0.100583,0.103833,0.095081732,587064000
2004-09-01,0.1025,0.107333,0.101167,0.105833,0.096913144,591744000
2004-09-02,0.106333,0.111,0.105333,0.110167,0.10088186,770088000
2004-09-03,0.106833,0.109,0.105917,0.106833,0.09782882,715056000
2004-09-07,0.1075,0.10975,0.103417,0.104833,0.095997423,727332000
2004-09-08,0.104917,0.105833,0.102417,0.102667,0.094013974,834984000
2004-09-09,0.105167,0.11475,0.104667,0.112917,0.10340007,1299324000
2004-09-10,0.111,0.117833,0.110667,0.11725,0.10736787,1039344000
2004-09-13,0.117083,0.121833,0.116917,0.1195,0.10942825,967752000
2004-09-14,0.118417,0.120833,0.1175,0.12,0.1098861,683556000
2004-09-15,0.116333,0.116667,0.111833,0.113333,0.10378104,1163904000
2004-09-16,0.11525,0.11875,0.114833,0.117583,0.10767281,810024000
2004-09-17,0.1185,0.123083,0.1175,0.122417,0.11209939,1003800000
2004-09-20,0.12,0.12575001,0.1185,0.12225,0.11194646,794628000
2004-09-21,0.125,0.1265,0.1235,0.12549999,0.11492256,503904000
2004-09-22,0.122167,0.125167,0.119083,0.119667,0.10958119,625920000
2004-09-23,0.121083,0.121417,0.117583,0.12075,0.11057288,578664000
2004-09-24,0.12125,0.121417,0.115333,0.117083,0.10721492,476316000
2004-09-27,0.116167,0.1175,0.112917,0.115,0.10530754,406020000
2004-09-28,0.11475,0.117667,0.113167,0.116667,0.10683405,474840000
2004-09-29,0.116583,0.122833,0.115083,0.1195,0.10942825,537228000
2004-09-30,0.120833,0.12375,0.118583,0.121,0.11080182,619680000
2004-10-01,0.121583,0.12666699,0.121,0.126,0.11538043,590412000
2004-10-04,0.127083,0.13124999,0.12683301,0.129583,0.11866146,673932000
2004-10-05,0.126417,0.12975,0.12549999,0.12666699,0.1159912,633180000
2004-10-06,0.126417,0.12774999,0.1235,0.127167,0.11644906,498504000
2004-10-07,0.1295,0.13241699,0.12725,0.12791701,0.11713581,798072000
2004-10-08,0.126583,0.127083,0.119833,0.120917,0.11072581,693420000
2004-10-11,0.121083,0.1235,0.118917,0.121083,0.11087781,373848000
2004-10-12,0.117,0.12025,0.115083,0.119333,0.10927531,827232000
2004-10-13,0.122917,0.1245,0.117583,0.118583,0.10858852,672816000
2004-10-14,0.119667,0.119667,0.114167,0.115,0.10530754,513264000
2004-10-15,0.11525,0.115417,0.109,0.111833,0.10240744,1280484000
2004-10-18,0.111167,0.115,0.11025,0.113833,0.10423887,573972000
2004-10-19,0.116417,0.117583,0.11225,0.113083,0.10355208,618480000
2004-10-20,0.11275,0.114917,0.112083,0.114417,0.10477365,540204000
2004-10-21,0.115583,0.1185,0.114667,0.117,0.10713893,1013964000
2004-10-22,0.118083,0.118333,0.110333,0.110667,0.10133972,686460000
2004-10-25,0.10975,0.113583,0.1095,0.111167,0.10179757,529164000
2004-10-26,0.122083,0.126583,0.118083,0.12075,0.11057288,2455776000
2004-10-27,0.118583,0.126333,0.118583,0.124083,0.11362498,1074036000
2004-10-28,0.122417,0.125,0.121583,0.12275,0.11240431,561552000
2004-10-29,0.121583,0.12325,0.1195,0.120583,0.11041997,742860000
2004-11-01,0.12225,0.12325,0.120667,0.123167,0.11278621,653892000
2004-11-02,0.122833,0.1275,0.121833,0.124917,0.11438868,1095756000
2004-11-03,0.13,0.130417,0.12541699,0.126083,0.11545641,910356000
2004-11-04,0.127,0.13,0.124333,0.128417,0.11759368,995544000
2004-11-05,0.148333,0.156417,0.14533301,0.147,0.13461052,3849012000
2004-11-08,0.145417,0.150583,0.14475,0.14858299,0.13606004,718620000
2004-11-09,0.14633299,0.14983299,0.14624999,0.14766701,0.13522127,615936000
2004-11-10,0.14749999,0.149083,0.146833,0.14766701,0.13522127,645912000
2004-11-11,0.14858299,0.150583,0.14758299,0.150583,0.13789155,507000000
2004-11-12,0.152917,0.15333299,0.149333,0.150833,0.13812041,647076000
2004-11-15,0.149333,0.154167,0.148417,0.153083,0.14018078,536472000
2004-11-16,0.15358301,0.15525,0.14974999,0.152583,0.13972296,472728000
2004-11-17,0.155,0.15925001,0.15350001,0.155167,0.14208916,602772000
2004-11-18,0.1565,0.1585,0.15324999,0.157167,0.14392059,532524000
2004-11-19,0.169167,0.171083,0.15674999,0.15800001,0.14468335,2126052000
2004-11-22,0.158583,0.16249999,0.157083,0.16249999,0.14880414,733788000
2004-11-23,0.161167,0.16491701,0.159833,0.163167,0.14941493,676896000
2004-11-24,0.163,0.1665,0.16258299,0.16383301,0.15002482,428580000
2004-11-26,0.164583,0.167,0.163167,0.1655,0.1515512,350760000
2004-11-29,0.16675,0.167917,0.160833,0.16225,0.1485752,704388000
2004-11-30,0.162917,0.163083,0.1585,0.159417,0.14598097,576540000
2004-12-01,0.160833,0.163417,0.159667,0.163417,0.14964378,514572000
2004-12-02,0.161833,0.166833,0.160583,0.165583,0.15162724,758652000
2004-12-03,0.16958299,0.175,0.169,0.17275,0.15819021,1347312000
2004-12-06,0.173583,0.18241701,0.1705,0.18099999,0.16574492,970500000
2004-12-07,0.19158299,0.208,0.187833,0.190083,0.17406239,2927052000
2004-12-08,0.19275001,0.195833,0.190833,0.192333,0.17612268,872724000
2004-12-09,0.188917,0.19258299,0.18525,0.19058301,0.17452016,869964000
2004-12-10,0.19499999,0.19633301,0.193083,0.19425,0.17787813,652848000
2004-12-13,0.191333,0.19383299,0.18799999,0.188917,0.17299463,738024000
2004-12-14,0.189083,0.192917,0.18875,0.19275001,0.17650457,512988000
2004-12-15,0.194667,0.19508301,0.19166701,0.1945,0.17810705,432768000
2004-12-16,0.200167,0.207167,0.19675,0.197083,0.18047239,1524036000
2004-12-17,0.20074999,0.201583,0.189917,0.192167,0.17597066,1214244000
2004-12-20,0.194417,0.19741701,0.189083,0.190083,0.17406239,898728000
2004-12-21,0.190083,0.19283301,0.185417,0.19149999,0.1753599,899400000
2004-12-22,0.195333,0.19625001,0.191333,0.19175,0.17558883,421824000
2004-12-23,0.190667,0.194417,0.18975,0.19225,0.17604674,366972000
2004-12-27,0.19491699,0.19575,0.189583,0.19058301,0.17452016,308208000
2004-12-28,0.191,0.1925,0.188833,0.189583,0.17360449,291612000
2004-12-29,0.189,0.193583,0.1885,0.19125,0.17513096,294732000
2004-12-30,0.191333,0.192917,0.189667,0.19050001,0.17444423,259812000
2004-12-31,0.19325,0.19733299,0.1925,0.19633301,0.17978558,575964000
2005-01-03,0.20316701,0.206,0.195667,0.1965,0.1799385,1066716000
2005-01-04,0.197917,0.19825,0.18425,0.18725,0.17146808,790224000
2005-01-05,0.18525,0.19125,0.18425,0.189,0.17307064,724812000
2005-01-06,0.192333,0.194583,0.18583301,0.187167,0.17139214,563568000
2005-01-07,0.187583,0.189,0.180833,0.18358301,0.16811021,763092000
2005-01-10,0.184167,0.18583301,0.182917,0.184,0.16849203,579552000
2005-01-11,0.18224999,0.18325,0.175583,0.178333,0.16330266,1093380000
2005-01-12,0.17991699,0.180583,0.1725,0.176833,0.16192907,1057800000
2005-01-13,0.17725,0.18333299,0.173333,0.17866699,0.16360851,898764000
2005-01-14,0.182,0.18241701,0.17749999,0.17925,0.16414241,573912000
2005-01-18,0.17725,0.1825,0.176833,0.182083,0.16673657,464556000
2005-01-19,0.182917,0.18333299,0.177167,0.177917,0.16292174,336492000
2005-01-20,0.17433301,0.182667,0.17433301,0.178333,0.16330266,640080000
2005-01-21,0.178583,0.18216699,0.178,0.17866699,0.16360851,596352000
2005-01-24,0.17766701,0.18025,0.1705,0.1715,0.15704554,463704000
2005-01-25,0.17225,0.176917,0.17125,0.1745,0.15979268,439704000
2005-01-26,0.175083,0.179167,0.172167,0.17675,0.16185308,429120000
2005-01-27,0.177083,0.19175,0.176,0.190917,0.17482606,1002912000
2005-01-28,0.19166701,0.192417,0.1865,0.190667,0.17459713,671052000
2005-01-31,0.19225,0.194583,0.188333,0.191,0.17490205,562968000
2005-02-01,0.190833,0.195417,0.189667,0.194583,0.17818309,507180000
2005-02-02,0.20225,0.207,0.1965,0.20541701,0.18810394,2035404000
2005-02-03,0.20325001,0.204667,0.200417,0.20325001,0.18611959,690120000
2005-02-04,0.20333301,0.2155,0.20325001,0.214917,0.19680321,806448000
2005-02-07,0.215167,0.21916699,0.210417,0.21233299,0.19443703,521628000
2005-02-08,0.211,0.217833,0.210333,0.214417,0.19634543,455772000
2005-02-09,0.215,0.21566699,0.205833,0.206917,0.18947756,783756000
2005-02-10,0.208,0.212833,0.20725,0.21175,0.19390316,602376000
2005-02-11,0.210417,0.21950001,0.209667,0.217917,0.19955038,556512000
2005-02-14,0.217833,0.218667,0.21250001,0.213333,0.19535278,432900000
2005-02-15,0.21475001,0.222083,0.214417,0.21525,0.19710821,748500000
2005-02-16,0.21458299,0.217667,0.210667,0.2145,0.19642138,466464000
2005-02-17,0.217417,0.2175,0.210917,0.21258301,0.19466595,1017408000
2005-02-18,0.228917,0.235833,0.222583,0.23558301,0.21572752,3132120000
2005-02-22,0.234,0.244083,0.23191699,0.238583,0.21847463,1420800000
2005-02-23,0.23475,0.23766699,0.227,0.23083299,0.21137784,1107840000
2005-02-24,0.227667,0.23725,0.227667,0.236917,0.21694906,695496000
2005-02-25,0.23725,0.241583,0.234667,0.24033301,0.22007714,525132000
2005-02-28,0.239167,0.241667,0.237083,0.241583,0.2212218,758064000
2005-03-01,0.242667,0.246667,0.238583,0.241,0.2206879,737148000
2005-03-02,0.238333,0.239667,0.2325,0.233917,0.21420194,947460000
2005-03-03,0.23333301,0.234833,0.22733299,0.23074999,0.21130185,761292000
2005-03-04,0.231417,0.233417,0.227833,0.22975001,0.21038616,593124000
2005-03-07,0.23074999,0.236917,0.229167,0.23208299,0.21252246,511176000
2005-03-08,0.2315,0.23199999,0.218833,0.220333,0.20176278,1332384000
2005-03-09,0.218917,0.223,0.213917,0.21458299,0.19649743,910140000
2005-03-10,0.21525,0.217167,0.21108299,0.2145,0.19642138,689280000
2005-03-11,0.216417,0.21675,0.20774999,0.209667,0.19199574,732180000
2005-03-14,0.214,0.2165,0.21250001,0.215583,0.19741313,572148000
2005-03-15,0.216667,0.21875,0.21108299,0.21125001,0.19344532,378108000
2005-03-16,0.210417,0.21375,0.207583,0.20766699,0.19016431,535356000
2005-03-17,0.208333,0.20908301,0.205083,0.20558301,0.18825597,442584000
2005-03-18,0.20575,0.20641699,0.197667,0.201417,0.18444106,639012000
2005-03-21,0.201333,0.20883299,0.200083,0.208333,0.19077419,654456000
2005-03-22,0.2085,0.210417,0.203833,0.204583,0.18734026,622992000
2005-03-23,0.20433301,0.210417,0.203917,0.20900001,0.19138494,728784000
2005-03-24,0.209583,0.21525,0.20925,0.209417,0.19176678,865356000
2005-03-28,0.2095,0.21250001,0.205083,0.207083,0.18962954,511188000
2005-03-29,0.206833,0.209167,0.201583,0.2025,0.18543278,587400000
2005-03-30,0.202583,0.20541701,0.195583,0.2025,0.18543278,858708000
2005-03-31,0.201333,0.20275,0.197083,0.198,0.18131202,518316000
2005-04-01,0.200417,0.201583,0.19491699,0.19608299,0.17955661,510756000
2005-04-04,0.19499999,0.195583,0.19058301,0.19491699,0.17848887,421428000
2005-04-05,0.19499999,0.199083,0.19033299,0.19149999,0.1753599,430128000
2005-04-06,0.19508301,0.198333,0.19374999,0.194417,0.17803109,567468000
2005-04-07,0.195417,0.2,0.192083,0.198,0.18131202,506352000
2005-04-08,0.198833,0.20325001,0.19499999,0.195417,0.17894678,621540000
2005-04-11,0.196833,0.19750001,0.191,0.19158299,0.17543592,328380000
2005-04-12,0.191,0.19425,0.18674999,0.19391701,0.17757322,512232000
2005-04-13,0.194167,0.194667,0.18458299,0.18583301,0.17017056,498408000
2005-04-14,0.18625,0.18799999,0.183667,0.184333,0.16879699,352080000
2005-04-15,0.182,0.18333299,0.17625,0.177917,0.16292174,630156000
2005-04-18,0.176833,0.180667,0.175833,0.176667,0.16177703,473100000
2005-04-19,0.179583,0.184167,0.17874999,0.182833,0.16742343,365460000
2005-04-20,0.185917,0.18708301,0.177083,0.17725,0.16231096,564672000
2005-04-21,0.180833,0.18775,0.17925,0.18708301,0.17131515,538152000
2005-04-22,0.185917,0.187167,0.183167,0.185333,0.16971266,336276000
2005-04-25,0.18691701,0.189667,0.186,0.18825001,0.17238386,318168000
2005-04-26,0.188333,0.19225,0.18358301,0.187417,0.17162104,353148000
2005-04-27,0.1825,0.183167,0.17649999,0.18025,0.16505811,609348000
2005-04-28,0.179667,0.18325,0.177917,0.180833,0.16559196,372948000
2005-04-29,0.182583,0.184,0.17433301,0.18275,0.16734737,478356000
2005-05-02,0.184917,0.18700001,0.179333,0.182083,0.16673657,334908000
2005-05-03,0.18224999,0.185583,0.180333,0.18108299,0.16582082,439512000
2005-05-04,0.181917,0.18816701,0.18133301,0.18683299,0.17108625,468816000
2005-05-05,0.18791699,0.19283301,0.18691701,0.19050001,0.17444423,619272000
2005-05-06,0.19275001,0.193167,0.188333,0.193083,0.1768095,355728000
2005-05-09,0.19391701,0.198,0.19275001,0.196667,0.18009138,745332000
2005-05-10,0.194167,0.19425,0.18683299,0.189,0.17307064,735120000
2005-05-11,0.19,0.190833,0.1855,0.18583301,0.17017056,555420000
2005-05-12,0.18583301,0.192417,0.18566699,0.189917,0.17391035,835584000
2005-05-13,0.207083,0.21224999,0.198333,0.21108299,0.19329236,2650320000
2005-05-16,0.208583,0.21325,0.2085,0.211833,0.19397923,664104000
2005-05-17,0.210583,0.215167,0.210417,0.214167,0.19611648,639804000
2005-05-18,0.21366701,0.21625,0.211417,0.21574999,0.19756606,550056000
2005-05-19,0.21625,0.217167,0.212917,0.215333,0.19718418,452880000
2005-05-20,0.215083,0.21924999,0.21258301,0.21916699,0.20069507,517008000
2005-05-23,0.220667,0.2265,0.22,0.22425,0.20534965,703668000
2005-05-24,0.223167,0.22825,0.222083,0.22741701,0.20824973,522192000
2005-05-25,0.226917,0.228083,0.222333,0.2245,0.2055786,535272000
2005-05-26,0.2265,0.232583,0.226083,0.23083299,0.21137784,788784000
2005-05-27,0.2315,0.2315,0.226917,0.229333,0.2100042,322740000
2005-05-31,0.228333,0.23025,0.222083,0.225833,0.20679925,763176000
2005-06-01,0.224333,0.23208299,0.22166701,0.227917,0.20870762,796632000
2005-06-02,0.227083,0.236417,0.227083,0.236417,0.21649115,684348000
2005-06-03,0.23558301,0.23774999,0.23333301,0.235833,0.2159564,559620000
2005-06-06,0.231583,0.236167,0.231417,0.233583,0.21389602,512892000
2005-06-07,0.23199999,0.235833,0.227083,0.227917,0.20870762,974136000
2005-06-08,0.22849999,0.231667,0.22391701,0.22633301,0.20725712,618720000
2005-06-09,0.224583,0.235917,0.224333,0.235833,0.2159564,619908000
2005-06-10,0.23558301,0.235833,0.231583,0.23316699,0.21351513,465096000
2005-06-13,0.23333301,0.24491701,0.232667,0.238333,0.21824567,1409916000
2005-06-14,0.238417,0.24233299,0.21675,0.22425,0.20534965,2408412000
2005-06-15,0.22283299,0.224583,0.21475001,0.223583,0.20473889,1669788000
2005-06-16,0.2235,0.22624999,0.22025,0.22475,0.20580754,489240000
2005-06-17,0.22750001,0.227917,0.223667,0.22425,0.20534965,456348000
2005-06-20,0.22425,0.229167,0.22058301,0.227667,0.2084786,606060000
2005-06-21,0.229167,0.23091701,0.227,0.22983301,0.21046211,428172000
2005-06-22,0.23225001,0.233833,0.22675,0.229583,0.21023317,700668000
2005-06-23,0.229167,0.236,0.228333,0.23316699,0.21351513,836976000
2005-06-24,0.23275,0.232833,0.2245,0.22575,0.20672321,475632000
2005-06-27,0.224333,0.22616699,0.221917,0.22391701,0.20504476,354588000
2005-06-28,0.224833,0.226833,0.222333,0.22533301,0.20634139,262308000
2005-06-29,0.225417,0.225833,0.22141699,0.22325,0.20443395,283572000
2005-06-30,0.22475,0.226833,0.220917,0.22266699,0.20390002,593232000
2005-07-01,0.221917,0.22400001,0.21916699,0.223667,0.20481576,315168000
2005-07-05,0.2245,0.228083,0.222333,0.227167,0.20802078,388440000
2005-07-06,0.227917,0.23424999,0.22533301,0.23325001,0.21359111,703632000
2005-07-07,0.229583,0.23333301,0.228833,0.231583,0.21206458,465900000
2005-07-08,0.233,0.23525,0.23,0.23450001,0.21473575,408132000
2005-07-11,0.23658299,0.240417,0.23558301,0.23800001,0.21794085,399492000
2005-07-12,0.23783299,0.2385,0.231833,0.23666701,0.21672012,564252000
2005-07-13,0.23766699,0.238333,0.233,0.237,0.21702509,594780000
2005-07-14,0.2395,0.244167,0.22616699,0.2265,0.20741002,1871496000
2005-07-15,0.225833,0.2265,0.220167,0.22408301,0.20519671,1223352000
2005-07-18,0.223417,0.2235,0.21625,0.2185,0.20008428,1044900000
2005-07-19,0.219833,0.222,0.21816701,0.22149999,0.20283143,517896000
2005-07-20,0.218917,0.22575,0.21591701,0.224833,0.20588349,526500000
2005-07-21,0.221917,0.22291701,0.216417,0.221,0.20237355,594528000
2005-07-22,0.222083,0.22525001,0.21366701,0.21525,0.19710821,699264000
2005-07-25,0.21275,0.223167,0.211833,0.2165,0.19825283,974952000
2005-07-26,0.215583,0.221333,0.21475001,0.221,0.20237355,759492000
2005-07-27,0.221333,0.2265,0.217583,0.2255,0.20649435,807828000
2005-07-28,0.22508299,0.228333,0.222,0.22724999,0.20809685,411240000
2005-07-29,0.22633301,0.22875001,0.223667,0.2255,0.20649435,351660000
2005-08-01,0.226833,0.229917,0.22533301,0.228917,0.20962329,389040000
2005-08-02,0.229167,0.23275,0.228833,0.23199999,0.21244648,422652000
2005-08-03,0.23199999,0.23416699,0.229917,0.23199999,0.21244648,518256000
2005-08-04,0.23025,0.23125,0.229083,0.229583,0.21023317,356424000
2005-08-05,0.22925,0.235917,0.227667,0.23541699,0.21557549,684096000
2005-08-08,0.237,0.24141701,0.23458301,0.23625,0.21633828,725544000
2005-08-09,0.23658299,0.237167,0.23308299,0.23566701,0.21580444,291900000
2005-08-10,0.23666701,0.23783299,0.22975001,0.23216701,0.21259946,440556000
2005-08-11,0.23216701,0.235833,0.229917,0.23541699,0.21557549,701556000
2005-08-12,0.24924999,0.25174999,0.24075,0.24958301,0.22854756,2295420000
2005-08-15,0.25041699,0.25850001,0.24725001,0.25591701,0.23434769,882804000
2005-08-16,0.25350001,0.25575,0.24975,0.25158301,0.230379,637488000
2005-08-17,0.25049999,0.25466701,0.25033301,0.25158301,0.230379,607572000
2005-08-18,0.249667,0.25091699,0.244,0.245083,0.22442673,822732000
2005-08-19,0.2455,0.24625,0.24258301,0.243333,0.22282432,422232000
2005-08-22,0.242917,0.246833,0.2385,0.24133299,0.22099285,547224000
2005-08-23,0.241083,0.244167,0.24025001,0.242917,0.22244339,254460000
2005-08-24,0.24133299,0.24824999,0.24016701,0.243083,0.22259539,514620000
2005-08-25,0.244167,0.24608301,0.242083,0.24474999,0.22412188,296484000
2005-08-26,0.245,0.245,0.238667,0.241,0.2206879,323436000
2005-08-29,0.23875,0.241667,0.23683301,0.24141701,0.22106981,343392000
2005-08-30,0.241,0.25066701,0.240667,0.250083,0.22900541,948852000
2005-08-31,0.24950001,0.25883299,0.24875,0.255667,0.23411883,906804000
2005-09-01,0.254917,0.25808299,0.25358301,0.25575,0.23419474,556884000
2005-09-02,0.25624999,0.25624999,0.25075001,0.25158301,0.230379,469800000
2005-09-06,0.2525,0.255,0.248667,0.253667,0.23228732,423096000
2005-09-07,0.253333,0.26241699,0.25266701,0.26175001,0.23968904,588012000
2005-09-08,0.260167,0.26808301,0.260167,0.264833,0.24251224,646116000
2005-09-09,0.267667,0.26883301,0.26333299,0.26824999,0.24564114,454236000
2005-09-12,0.2685,0.269333,0.26416701,0.267333,0.24480154,556584000
2005-09-13,0.266083,0.27675,0.266083,0.275417,0.25220415,854724000
2005-09-14,0.27333301,0.27700001,0.27083299,0.27208301,0.24915126,503448000
2005-09-15,0.27625,0.28,0.27458301,0.27691701,0.25357777,759756000
2005-09-16,0.27925,0.28075001,0.27483299,0.27708301,0.25372979,519828000
2005-09-19,0.27675,0.27766699,0.271667,0.27316701,0.25014389,428316000
2005-09-20,0.27524999,0.28158301,0.27491701,0.27849999,0.25502738,522192000
2005-09-21,0.277417,0.28291699,0.27366701,0.27608299,0.25281405,625656000
2005-09-22,0.27675,0.27675,0.26374999,0.26866701,0.24602316,739152000
2005-09-23,0.26808301,0.27491701,0.26583299,0.27258301,0.24960901,314640000
2005-09-26,0.27466699,0.27675,0.26975,0.27483299,0.25166944,406776000
2005-09-27,0.27599999,0.27841699,0.27366701,0.27575001,0.25250912,404160000
2005-09-28,0.27658299,0.27816701,0.273417,0.277417,0.25403553,353556000
2005-09-29,0.2775,0.283333,0.27524999,0.283167,0.25930104,513372000
2005-09-30,0.283333,0.28825,0.28275001,0.285667,0.26159036,458832000
2005-10-03,0.289,0.29558301,0.28666699,0.29350001,0.26876312,549888000
2005-10-04,0.29475001,0.29958299,0.289,0.28966701,0.2652531,514476000
2005-10-05,0.28999999,0.28999999,0.27833301,0.280083,0.25647688,599184000
2005-10-06,0.27974999,0.28408301,0.27066699,0.27908301,0.2555612,685512000
2005-10-07,0.27958301,0.282417,0.27333301,0.2755,0.25228009,551952000
2005-10-10,0.27691701,0.277417,0.268417,0.2685,0.24587022,459216000
2005-10-11,0.26949999,0.271833,0.26208299,0.265167,0.24281797,540048000
2005-10-12,0.26441699,0.27241701,0.264083,0.26833299,0.24571721,657660000
2005-10-13,0.26774999,0.26816699,0.25666699,0.26691699,0.24442062,509304000
2005-10-14,0.26883301,0.272167,0.26249999,0.26691699,0.24442062,311256000
2005-10-17,0.26708299,0.272167,0.26708299,0.26949999,0.24678583,243912000
2005-10-18,0.2705,0.271,0.26333299,0.26508299,0.24274114,299832000
2005-10-19,0.26166701,0.26324999,0.25424999,0.262833,0.24068074,635952000
2005-10-20,0.26324999,0.27016699,0.26208299,0.264667,0.24236026,359520000
2005-10-21,0.26916701,0.27000001,0.26433301,0.26616701,0.24373378,298368000
2005-10-24,0.2685,0.273417,0.266083,0.273417,0.25037271,291012000
2005-10-25,0.27158299,0.27599999,0.270417,0.27516699,0.25197524,334680000
2005-10-26,0.27524999,0.27583301,0.26725,0.267667,0.2451074,415344000
2005-10-27,0.26816699,0.26899999,0.26124999,0.26208299,0.239994,227784000
2005-10-28,0.26275,0.27066699,0.25624999,0.27016699,0.24739662,464640000
2005-10-31,0.27125001,0.28150001,0.27125001,0.27958301,0.25601912,432420000
2005-11-01,0.27958301,0.28166699,0.27399999,0.27616701,0.25289091,400488000
2005-11-02,0.27625,0.29249999,0.27500001,0.29216701,0.26754251,523668000
2005-11-03,0.29416701,0.29583299,0.28641701,0.28874999,0.26441351,465072000
2005-11-04,0.28891701,0.289583,0.28083301,0.283833,0.25991088,570276000
2005-11-07,0.28533301,0.28633299,0.28141701,0.282583,0.25876623,370824000
2005-11-08,0.283667,0.28391701,0.27608299,0.27733299,0.25395873,538968000
2005-11-09,0.277917,0.29166701,0.27474999,0.28983301,0.26540521,818880000
2005-11-10,0.29991701,0.30641699,0.27366701,0.27908301,0.2555612,2503620000
2005-11-11,0.28150001,0.287,0.28025001,0.283667,0.25975886,545928000
2005-11-14,0.28375,0.29166701,0.27941701,0.28966701,0.2652531,493668000
2005-11-15,0.291417,0.29416701,0.289417,0.290333,0.265863,496200000
2005-11-16,0.290667,0.29225001,0.283667,0.28933299,0.26494724,455280000
2005-11-17,0.29175001,0.30241701,0.288333,0.302167,0.27669954,703260000
2005-11-18,0.30316699,0.30566701,0.29566699,0.30158299,0.27616492,465768000
2005-11-21,0.30191699,0.30741701,0.29991701,0.30691701,0.28104931,454704000
2005-11-22,0.30849999,0.31808299,0.30608299,0.315083,0.28852704,731700000
2005-11-23,0.31541699,0.31874999,0.3125,0.31416699,0.28768823,411948000
2005-11-25,0.315667,0.31775001,0.31349999,0.31725001,0.29051134,116676000
2005-11-28,0.31808299,0.320833,0.31,0.315667,0.2890619,424524000
2005-11-29,0.29699999,0.305417,0.29433301,0.29566699,0.27074745,1043136000
2005-11-30,0.29358301,0.30274999,0.29350001,0.30125001,0.27585995,575448000
2005-12-01,0.30375001,0.30625001,0.30050001,0.30483299,0.27914083,562032000
2005-12-02,0.30625001,0.30700001,0.30083299,0.30491701,0.27921784,334476000
2005-12-05,0.305583,0.305583,0.29824999,0.29925001,0.27402848,387708000
2005-12-06,0.29975,0.30458301,0.29933301,0.30050001,0.27517316,375252000
2005-12-07,0.301667,0.3035,0.29583299,0.301,0.27563104,352668000
2005-12-08,0.29941699,0.30333301,0.295167,0.298583,0.27341762,386664000
2005-12-09,0.29949999,0.30325001,0.295333,0.30283299,0.27730963,262896000
2005-12-12,0.30366701,0.307917,0.30316699,0.30724999,0.28135428,281136000
2005-12-13,0.30783299,0.31391701,0.305583,0.31125,0.28501716,443412000
2005-12-14,0.30891699,0.310417,0.304667,0.30833301,0.28234595,287472000
2005-12-15,0.308083,0.310417,0.30125001,0.30441701,0.27876005,332724000
2005-12-16,0.3055,0.30841699,0.30258301,0.30708301,0.28120124,1065600000
2005-12-19,0.30774999,0.31,0.30125001,0.30199999,0.27654666,292296000
2005-12-20,0.301667,0.30625001,0.297833,0.301833,0.27639374,304356000
2005-12-21,0.30325001,0.30575001,0.2985,0.30125001,0.27585995,289380000
2005-12-22,0.301,0.31075001,0.300917,0.310417,0.28425425,318336000
2005-12-23,0.31125,0.31325001,0.309167,0.31283301,0.28646672,214536000
2005-12-27,0.3125,0.318167,0.31150001,0.31474999,0.28822207,367968000
2005-12-28,0.31474999,0.31866699,0.31275001,0.31766701,0.29089329,264420000
2005-12-29,0.3175,0.31850001,0.30925,0.310583,0.28440621,310464000
2005-12-30,0.308833,0.30891699,0.303417,0.304667,0.27898884,229608000
2006-01-03,0.30641699,0.320833,0.305417,0.31850001,0.29165602,472812000
2006-01-04,0.32091701,0.32791701,0.31758299,0.32741699,0.29982144,510072000
2006-01-05,0.32749999,0.335417,0.32691699,0.334833,0.30661249,646092000
2006-01-06,0.33866701,0.34158301,0.32541701,0.34033301,0.31164888,623388000
2006-01-09,0.34016699,0.35166699,0.33941701,0.34983301,0.32034832,560484000
2006-01-10,0.348167,0.34991699,0.34375,0.34991699,0.32042518,339660000
2006-01-11,0.35025001,0.36458299,0.34966701,0.36258301,0.33202365,626304000
2006-01-12,0.36250001,0.368083,0.35483301,0.35741699,0.32729307,495504000
2006-01-13,0.356583,0.35949999,0.34924999,0.35425001,0.324393,421296000
2006-01-17,0.349417,0.35416701,0.34474999,0.354,0.32416409,329232000
2006-01-18,0.34325001,0.35699999,0.34,0.35583299,0.32584265,459948000
2006-01-19,0.36058301,0.38049999,0.35991701,0.37558299,0.34392798,914760000
2006-01-20,0.376167,0.38049999,0.36500001,0.36508301,0.33431295,461604000
2006-01-23,0.367917,0.37024999,0.36291701,0.367167,0.33622125,334884000
2006-01-24,0.368,0.37666699,0.36700001,0.36899999,0.33789986,388896000
2006-01-25,0.37083301,0.37325001,0.36133301,0.36575001,0.33492368,400236000
2006-01-26,0.37108299,0.37858301,0.36875001,0.37825,0.34637016,448836000
2006-01-27,0.383167,0.389667,0.38,0.38541701,0.35293302,385044000
2006-01-30,0.38708299,0.38749999,0.37933299,0.38108301,0.34896445,315780000
2006-01-31,0.37916699,0.38124999,0.37175,0.37466699,0.34308901,384456000
2006-02-01,0.367917,0.37641701,0.36649999,0.374917,0.34331807,450852000
2006-02-02,0.378333,0.37858301,0.36291701,0.3635,0.33286336,473736000
2006-02-03,0.36116701,0.371333,0.36000001,0.366833,0.33591545,504252000
2006-02-06,0.36583301,0.377583,0.36425,0.37716699,0.34537855,363468000
2006-02-07,0.37791699,0.37791699,0.363583,0.36375001,0.3330923,399408000
2006-02-08,0.364833,0.37424999,0.364833,0.37424999,0.34270737,393072000
2006-02-09,0.37541699,0.38124999,0.365583,0.367917,0.33690801,437100000
2006-02-10,0.36925,0.37091699,0.35725001,0.36583301,0.33499959,414996000
2006-02-13,0.364667,0.36966699,0.362167,0.36708301,0.3361443,280740000
2006-02-14,0.36708301,0.36908299,0.36291701,0.36774999,0.33675513,342348000
2006-02-15,0.36700001,0.375833,0.366083,0.37483299,0.34324121,493296000
2006-02-16,0.38183299,0.39416701,0.37924999,0.39333299,0.36018184,1305888000
2006-02-17,0.42225,0.422667,0.39333299,0.395583,0.36224231,2356956000
2006-02-21,0.39475,0.395417,0.38374999,0.38716701,0.3545357,684060000
2006-02-22,0.38166699,0.38958299,0.3725,0.3865,0.35392484,939756000
2006-02-23,0.385333,0.38791701,0.3795,0.38058299,0.34850651,385128000
2006-02-24,0.38225001,0.38683301,0.37850001,0.38049999,0.34843045,416412000
2006-02-27,0.38341701,0.39833301,0.379417,0.395917,0.3625482,666468000
2006-02-28,0.39416701,0.39750001,0.388917,0.39274999,0.35964823,563316000
2006-03-01,0.39416701,0.41,0.39166701,0.40766701,0.37330788,703932000
2006-03-02,0.40724999,0.414,0.403,0.40825,0.37384173,545460000
2006-03-03,0.40450001,0.41675001,0.40375,0.40966699,0.37513927,595800000
2006-03-06,0.417667,0.42041701,0.40683299,0.408833,0.37437555,529020000
2006-03-07,0.40891701,0.412083,0.39375001,0.401833,0.36796552,606204000
2006-03-08,0.40191701,0.40400001,0.38550001,0.39983299,0.36613414,670800000
2006-03-09,0.40466699,0.41141701,0.401667,0.40191701,0.3680425,536700000
2006-03-10,0.40149999,0.40658301,0.39133301,0.39491701,0.36163241,521580000
2006-03-13,0.39891699,0.40158299,0.395917,0.39966699,0.365982,372132000
2006-03-14,0.40000001,0.41241699,0.3985,0.41075,0.376131,627792000
2006-03-15,0.41158301,0.41791701,0.41,0.41733301,0.38215911,510600000
2006-03-16,0.41808301,0.41858301,0.40175,0.40316701,0.36918715,568416000
2006-03-17,0.40125,0.4075,0.39524999,0.40641701,0.37216327,618588000
2006-03-20,0.41,0.410083,0.402917,0.40333301,0.36933911,293772000
2006-03-21,0.42324999,0.43083301,0.41216701,0.42324999,0.3875775,1235472000
2006-03-22,0.41249999,0.4145,0.401833,0.41108301,0.37643594,1158576000
2006-03-23,0.41249999,0.42041701,0.40783301,0.41874999,0.38345674,661992000
2006-03-24,0.419833,0.433667,0.41916701,0.432917,0.39642975,687936000
2006-03-27,0.43325001,0.44491699,0.431833,0.444583,0.40711254,651444000
2006-03-28,0.44258299,0.457333,0.44166699,0.451417,0.41337061,795204000
2006-03-29,0.45333299,0.4765,0.44958299,0.475667,0.43557665,987096000
2006-03-30,0.47616699,0.4815,0.467583,0.478917,0.43855283,1063308000
2006-03-31,0.47858301,0.48525,0.47424999,0.47716701,0.43695015,835560000
2006-04-03,0.47966701,0.489167,0.473667,0.48249999,0.44183373,968916000
2006-04-04,0.48316699,0.50583303,0.482667,0.50508302,0.46251339,1200612000
2006-04-05,0.50416702,0.51166701,0.49341699,0.50916702,0.46625322,1112976000
2006-04-06,0.507833,0.514,0.50083297,0.510167,0.46716884,789312000
2006-04-07,0.50800002,0.51249999,0.498833,0.50883299,0.46594724,682674000
2006-04-10,0.50766701,0.51066703,0.496167,0.5,0.4578588,634230000
2006-04-11,0.50166702,0.50166702,0.484833,0.48783299,0.44671714,702072000
2006-04-12,0.491,0.510167,0.48833299,0.50749999,0.4647266,598308000
2006-04-13,0.496667,0.50233299,0.49133301,0.49333301,0.45175371,738360000
2006-04-17,0.49250001,0.50700003,0.49066699,0.49466699,0.45297527,443868000
2006-04-18,0.48583299,0.486,0.46983299,0.48300001,0.44229153,1165488000
2006-04-19,0.47999999,0.49133301,0.473333,0.486,0.44503874,517476000
2006-04-20,0.48166701,0.49399999,0.473667,0.485333,0.44442797,552684000
2006-04-21,0.48683301,0.48883301,0.46216699,0.46783301,0.42840296,770016000
2006-04-24,0.470833,0.48683301,0.46250001,0.48216701,0.44152883,676848000
2006-04-25,0.47666699,0.48300001,0.46833301,0.48183301,0.44122297,719766000
2006-04-26,0.48366699,0.491,0.473333,0.47850001,0.43817079,330528000
2006-04-27,0.47666699,0.49066699,0.466333,0.48616701,0.44519162,462966000
2006-04-28,0.48649999,0.49316701,0.482333,0.48699999,0.44595441,284736000
2006-05-01,0.49033299,0.52450001,0.49033299,0.51499999,0.47159448,902472000
2006-05-02,0.51883298,0.52499998,0.50550002,0.51433301,0.47098374,539700000
2006-05-03,0.50849998,0.52333301,0.50800002,0.517667,0.4740369,378114000
2006-05-04,0.50749999,0.51999998,0.50483298,0.51433301,0.47098374,511128000
2006-05-05,0.51700002,0.52316701,0.50983298,0.52133298,0.4773936,338184000
2006-05-08,0.51999998,0.53133303,0.51416701,0.51899999,0.47525731,503622000
2006-05-09,0.51833302,0.52100003,0.5025,0.50316697,0.46075878,561648000
2006-05-10,0.49716699,0.50300002,0.48699999,0.49200001,0.45053306,753264000
2006-05-11,0.49700001,0.50166702,0.470667,0.4745,0.43450812,1201110000
2006-05-12,0.46316701,0.4655,0.42899999,0.438833,0.40184703,1568172000
2006-05-15,0.43799999,0.449,0.434167,0.44516701,0.40764731,553380000
2006-05-16,0.447667,0.447833,0.43066701,0.43349999,0.39696354,497532000
2006-05-17,0.43200001,0.43450001,0.408333,0.41600001,0.38093856,841074000
2006-05-18,0.41933301,0.42333299,0.396667,0.397167,0.36369285,686730000
2006-05-19,0.40083301,0.41499999,0.396833,0.40549999,0.37132353,932808000
2006-05-22,0.40333301,0.404167,0.389,0.40000001,0.36628705,734886000
2006-05-23,0.408333,0.417833,0.39399999,0.39566699,0.36231926,532314000
2006-05-24,0.399167,0.41266701,0.390167,0.40083301,0.36704984,579522000
2006-05-25,0.408333,0.41433299,0.39649999,0.39866701,0.36506635,423666000
2006-05-26,0.40016699,0.40283301,0.39533299,0.39950001,0.3658292,294642000
2006-05-30,0.40016699,0.40033299,0.38266701,0.382833,0.35056672,448788000
2006-05-31,0.38800001,0.39166701,0.380667,0.38299999,0.35071981,598422000
2006-06-01,0.38733301,0.403,0.38133299,0.403,0.36903411,537126000
2006-06-02,0.4095,0.41150001,0.39316699,0.397167,0.36369285,673710000
2006-06-05,0.39500001,0.40233299,0.37933299,0.38049999,0.34843045,581052000
2006-06-06,0.385333,0.385667,0.36000001,0.37033299,0.33912039,824130000
2006-06-07,0.37433299,0.375,0.36083299,0.36366701,0.33301622,565380000
2006-06-08,0.35949999,0.364167,0.34266701,0.35699999,0.32691124,730572000
2006-06-09,0.36166701,0.36783299,0.352833,0.35583299,0.32584265,433824000
2006-06-12,0.34966701,0.35433301,0.334167,0.33616701,0.30783409,463230000
2006-06-13,0.336,0.34283301,0.327833,0.331,0.3031024,532548000
2006-06-14,0.333,0.341667,0.32949999,0.34066701,0.31195474,480492000
2006-06-15,0.353167,0.371667,0.35033301,0.3705,0.33927339,837336000
2006-06-16,0.368,0.36899999,0.35749999,0.361,0.33057395,503448000
2006-06-19,0.36500001,0.366833,0.34933299,0.35016701,0.32065415,388044000
2006-06-20,0.3405,0.35249999,0.339167,0.34466699,0.31561756,535818000
2006-06-21,0.34316701,0.354,0.34316701,0.34850001,0.31912753,441174000
2006-06-22,0.35233301,0.353333,0.336,0.33833301,0.30981755,532338000
2006-06-23,0.33766699,0.34549999,0.33450001,0.33849999,0.30997041,335202000
2006-06-26,0.338,0.341667,0.33366701,0.33533299,0.30707031,281736000
2006-06-27,0.33733299,0.33766699,0.32016701,0.32466701,0.29730335,608514000
2006-06-28,0.327167,0.34799999,0.31866699,0.34266701,0.31378624,833376000
2006-06-29,0.33333299,0.35816699,0.332167,0.35816699,0.32797983,687666000
2006-06-30,0.36166701,0.36733299,0.35216701,0.35483301,0.3249267,468240000
2006-07-03,0.36300001,0.36333299,0.35749999,0.36000001,0.32965845,174696000
2006-07-05,0.35433301,0.35749999,0.343833,0.343833,0.31485403,459708000
2006-07-06,0.343833,0.34716699,0.329667,0.33316699,0.30508685,470634000
2006-07-07,0.3355,0.33616701,0.31916699,0.322833,0.29562393,541230000
2006-07-10,0.32366699,0.32600001,0.30599999,0.308833,0.28280377,449922000
2006-07-11,0.30783299,0.320333,0.30333301,0.31916699,0.2922667,600582000
2006-07-12,0.31799999,0.32166699,0.3035,0.30383301,0.27822524,461034000
2006-07-13,0.29916701,0.306667,0.29449999,0.296,0.27105242,540582000
2006-07-14,0.30149999,0.30316699,0.286167,0.29449999,0.2696788,572148000
2006-07-17,0.293167,0.30016699,0.29166701,0.29683301,0.27181515,502806000
2006-07-18,0.30700001,0.316167,0.296,0.31299999,0.2866196,979332000
2006-07-19,0.311667,0.33066699,0.309333,0.32666701,0.29913467,1055550000
2006-07-20,0.33250001,0.33833301,0.31966701,0.32016701,0.29318258,505602000
2006-07-21,0.309333,0.31066701,0.29383299,0.29616699,0.27120534,633918000
2006-07-24,0.30716699,0.3335,0.3055,0.32600001,0.29852399,983178000
2006-07-25,0.33000001,0.34099999,0.325167,0.33750001,0.30905467,574104000
2006-07-26,0.33750001,0.34150001,0.32749999,0.33750001,0.30905467,495318000
2006-07-27,0.341833,0.35583299,0.33616701,0.34233299,0.31348038,694338000
2006-07-28,0.35116699,0.37850001,0.34916699,0.37783301,0.34598833,815298000
2006-07-31,0.373833,0.37766701,0.368,0.36899999,0.33789986,594762000
2006-08-01,0.36449999,0.36516699,0.3475,0.35416701,0.32431695,600966000
2006-08-02,0.36199999,0.383167,0.36116701,0.38133299,0.34919333,756774000
2006-08-03,0.38,0.415667,0.37466699,0.40533301,0.37117058,890568000
2006-08-04,0.41600001,0.41666701,0.38949999,0.39983299,0.36613414,818232000
2006-08-07,0.39283299,0.40016699,0.38749999,0.39516699,0.36186129,436146000
2006-08-08,0.39833301,0.41416699,0.397333,0.40566701,0.37147632,619806000
2006-08-09,0.41366699,0.42500001,0.4025,0.40549999,0.37132353,584706000
2006-08-10,0.40099999,0.405,0.39416701,0.40266699,0.36872917,1072140000
2006-08-11,0.37333301,0.40016699,0.37200001,0.38999999,0.3571299,1603272000
2006-08-14,0.394833,0.39883301,0.385833,0.38800001,0.35529828,809412000
2006-08-15,0.398,0.42750001,0.39416701,0.42533299,0.38948491,902172000
2006-08-16,0.42766699,0.45766699,0.41666701,0.45583299,0.41741428,1029246000
2006-08-17,0.450167,0.46200001,0.44416699,0.44866699,0.41085228,814224000
2006-08-18,0.44916701,0.45833299,0.43349999,0.456,0.41756716,665898000
2006-08-21,0.44916701,0.44999999,0.43816701,0.43916699,0.4021529,500220000
2006-08-22,0.43783301,0.45066699,0.4375,0.43849999,0.40154219,473928000
2006-08-23,0.44183299,0.44633299,0.4285,0.43816701,0.40123719,485412000
2006-08-24,0.43933299,0.44499999,0.43233299,0.44266701,0.40535799,260802000
2006-08-25,0.43933299,0.44916701,0.435,0.441333,0.40413633,238314000
2006-08-28,0.44866699,0.46950001,0.447833,0.45649999,0.41802499,764562000
2006-08-29,0.46083301,0.47933301,0.45750001,0.47716701,0.43695015,727962000
2006-08-30,0.47983301,0.49200001,0.47866699,0.48699999,0.44595441,681564000
2006-08-31,0.48583299,0.48800001,0.47466701,0.485167,0.44427592,511278000
2006-09-01,0.47799999,0.48183301,0.463,0.46483299,0.42565578,605742000
2006-09-05,0.466333,0.47683299,0.45950001,0.47499999,0.4349657,549354000
2006-09-06,0.466667,0.46733299,0.44999999,0.45116699,0.41314158,493572000
2006-09-07,0.44383299,0.47033301,0.43900001,0.46016699,0.4213829,742836000
2006-09-08,0.4675,0.46950001,0.4515,0.461667,0.42275661,447978000
2006-09-11,0.45133299,0.47416699,0.44616699,0.468833,0.42931864,598266000
2006-09-12,0.466667,0.48416701,0.4655,0.48116699,0.44061312,498432000
2006-09-13,0.482333,0.49133301,0.48083299,0.48500001,0.44412306,476286000
2006-09-14,0.482667,0.491667,0.47683299,0.48316699,0.4424445,428814000
2006-09-15,0.484833,0.495,0.48249999,0.49266699,0.45114389,649764000
2006-09-18,0.49399999,0.51216698,0.49250001,0.51133299,0.46823671,793896000
2006-09-19,0.50800002,0.51166701,0.49383301,0.498,0.45602739,708054000
2006-09-20,0.50449997,0.51683301,0.50349998,0.51616699,0.47266307,511884000
2006-09-21,0.51566702,0.52083302,0.50716698,0.51200002,0.46884724,539106000
2006-09-22,0.51050001,0.51366699,0.49116701,0.496833,0.45495862,653334000
2006-09-25,0.50433302,0.51683301,0.49066699,0.51466697,0.47128955,684486000
2006-09-26,0.51416701,0.51550001,0.49733299,0.503833,0.46136877,516120000
2006-09-27,0.50233299,0.51833302,0.4975,0.50233299,0.45999512,578142000
2006-09-28,0.482667,0.49483299,0.48050001,0.49283299,0.45129582,647346000
2006-09-29,0.496167,0.5,0.4905,0.49316701,0.45160174,373890000
2006-10-02,0.49083301,0.49399999,0.47666699,0.480667,0.44015521,647442000
2006-10-03,0.47166699,0.47533301,0.46116701,0.47166699,0.43191373,907692000
2006-10-04,0.47233301,0.51816702,0.47099999,0.51800001,0.4743416,1460382000
2006-10-05,0.51599997,0.52116698,0.50199997,0.50333297,0.46091074,662682000
2006-10-06,0.50416702,0.52083302,0.50266701,0.51550001,0.47205237,593610000
2006-10-09,0.51433301,0.55549997,0.512833,0.54866701,0.50242388,932304000
2006-10-10,0.54583299,0.54799998,0.52999997,0.53616703,0.49097762,624648000
2006-10-11,0.533333,0.54866701,0.52516699,0.53916699,0.49372455,481944000
2006-10-12,0.54216701,0.55250001,0.53350002,0.54133302,0.4957082,414720000
2006-10-13,0.5395,0.56599998,0.53066701,0.56283301,0.51539612,584190000
2006-10-16,0.56466699,0.57383299,0.55183297,0.56183302,0.51448029,478968000
2006-10-17,0.55266702,0.55650002,0.53500003,0.54033297,0.49479228,526506000
2006-10-18,0.54833299,0.55416697,0.52216703,0.52600002,0.48166731,822750000
2006-10-19,0.52399999,0.54000002,0.51983303,0.53600001,0.49082461,473040000
2006-10-20,0.54016697,0.54049999,0.52216703,0.52983302,0.48517746,359478000
2006-10-23,0.52866697,0.54149997,0.52499998,0.52633297,0.48197234,280248000
2006-10-24,0.52733302,0.54766703,0.52583301,0.54166698,0.49601415,519288000
2006-10-25,0.54683298,0.55500001,0.53766698,0.54666698,0.50059247,389436000
2006-10-26,0.54799998,0.56583297,0.54799998,0.56400001,0.51646483,366690000
2006-10-27,0.56400001,0.5765,0.533333,0.53966701,0.49418256,566988000
2006-10-30,0.54333299,0.55583298,0.53750002,0.54616702,0.50013441,479592000
2006-10-31,0.55816698,0.58116698,0.55533302,0.58116698,0.53218478,996174000
2006-11-01,0.57349998,0.57883298,0.52833301,0.53633302,0.49112955,1176540000
2006-11-02,0.53883302,0.55049998,0.52533299,0.53266698,0.48777241,862944000
2006-11-03,0.53866702,0.54400003,0.52999997,0.54333299,0.49753943,548070000
2006-11-06,0.544833,0.56733298,0.53799999,0.55983299,0.51264894,739602000
2006-11-07,0.56400001,0.57433301,0.56083298,0.56833303,0.52043253,553254000
2006-11-08,0.56433302,0.58366698,0.56300002,0.57666701,0.52806425,648324000
2006-11-09,0.58850002,0.603333,0.58316702,0.58816701,0.53859478,1207758000
2006-11-10,0.58316702,0.58600003,0.55949998,0.574,0.52562189,1317192000
2006-11-13,0.575167,0.60166699,0.57499999,0.60000002,0.54943049,852282000
2006-11-14,0.59783298,0.60716701,0.58499998,0.60600001,0.55492461,628530000
2006-11-15,0.60416698,0.61250001,0.59266698,0.59600002,0.54576749,491892000
2006-11-16,0.59850001,0.60583299,0.59333301,0.60366702,0.55278844,457182000
2006-11-17,0.5995,0.60699999,0.595833,0.60533297,0.5543139,361608000
2006-11-20,0.59783298,0.61433297,0.59333301,0.611,0.55950356,608634000
2006-11-21,0.61283302,0.61383301,0.59733301,0.60149997,0.55080408,387384000
2006-11-22,0.60366702,0.61250001,0.60049999,0.61183298,0.5602662,240258000
2006-11-24,0.60883301,0.61766702,0.603333,0.61633301,0.56438696,144336000
2006-11-27,0.61266702,0.62083298,0.584333,0.58850002,0.53889972,585294000
2006-11-28,0.58649999,0.60483301,0.57733297,0.5995,0.54897273,480966000
2006-11-29,0.60500002,0.61566699,0.60266697,0.60833299,0.55706125,579792000
2006-11-30,0.60833299,0.62150002,0.60100001,0.61650002,0.56454015,583632000
2006-12-01,0.609667,0.61049998,0.58700001,0.59233302,0.54240978,785010000
2006-12-04,0.60000002,0.62400001,0.59783298,0.61633301,0.56438696,621570000
2006-12-05,0.609833,0.6135,0.603167,0.61000001,0.55858767,663354000
2006-12-06,0.61199999,0.61199999,0.600833,0.60916698,0.55782479,478242000
2006-12-07,0.60916698,0.61250001,0.589167,0.59450001,0.54439396,486894000
2006-12-08,0.59016699,0.600667,0.58166701,0.59249997,0.54256266,564858000
2006-12-11,0.59266698,0.609833,0.59133297,0.60266697,0.55187261,515484000
2006-12-12,0.598167,0.60016698,0.58850002,0.59649998,0.54622549,568116000
2006-12-13,0.60133302,0.60833299,0.60133302,0.60350001,0.55263585,491952000
2006-12-14,0.60833299,0.62183303,0.60783303,0.61416698,0.56240332,715380000
2006-12-15,0.61816698,0.625,0.61433297,0.625,0.5723235,746094000
2006-12-18,0.62566698,0.64333302,0.62533301,0.63583302,0.58224362,688356000
2006-12-19,0.62766701,0.64833301,0.62683302,0.64499998,0.59063792,545622000
2006-12-20,0.64166701,0.649333,0.63716698,0.637667,0.5839231,306594000
2006-12-21,0.64116699,0.64300001,0.625,0.63216698,0.57888645,367920000
2006-12-22,0.63116699,0.63333303,0.61416698,0.617167,0.5651508,370170000
2006-12-26,0.62050003,0.62599999,0.61449999,0.61699998,0.56499767,228192000
2006-12-27,0.61966699,0.62733299,0.61966699,0.62516701,0.57247633,264954000
2006-12-28,0.62583297,0.62650001,0.61783302,0.62066698,0.56835574,213912000
2006-12-29,0.62066698,0.63366699,0.61616701,0.61683297,0.56484467,386094000
2007-01-03,0.61783302,0.62533301,0.57983297,0.60133302,0.55065119,1154820000
2007-01-04,0.59916699,0.60133302,0.58383298,0.59850001,0.54805696,797298000
2007-01-05,0.584333,0.586667,0.55699998,0.56099999,0.51371741,1243344000
2007-01-08,0.56300002,0.57599998,0.55333298,0.56516701,0.51753342,657270000
2007-01-09,0.56599998,0.56983298,0.5535,0.55416697,0.50746042,764166000
2007-01-10,0.54833299,0.586667,0.54000002,0.58149999,0.53248978,1108746000
2007-01-11,0.58149999,0.58600003,0.56983298,0.57933301,0.53050542,924504000
2007-01-12,0.57066703,0.58950001,0.56800002,0.58716702,0.53767931,698190000
2007-01-16,0.591667,0.59200001,0.58149999,0.58816701,0.53859478,711864000
2007-01-17,0.57999998,0.58350003,0.57366699,0.57583302,0.5273003,707934000
2007-01-18,0.57083303,0.57083303,0.52100003,0.52816701,0.48365194,1501638000
2007-01-19,0.52249998,0.54233301,0.51883298,0.53133303,0.48655108,942606000
2007-01-22,0.53633302,0.54500002,0.529333,0.53133303,0.48655108,730644000
2007-01-23,0.52883297,0.54000002,0.51899999,0.53149998,0.48670375,630354000
2007-01-24,0.538333,0.55516702,0.535833,0.54799998,0.50181335,685722000
2007-01-25,0.55299997,0.55500001,0.52616698,0.52883297,0.48426148,616284000
2007-01-26,0.533333,0.53850001,0.51499999,0.52450001,0.48029384,829584000
2007-01-29,0.52216703,0.52249998,0.49849999,0.50300002,0.46060589,1258284000
2007-01-30,0.50633299,0.51599997,0.50183302,0.512667,0.46945813,636174000
2007-01-31,0.510167,0.51566702,0.503833,0.51083302,0.46777889,467976000
2007-02-01,0.50599998,0.51999998,0.505,0.51733297,0.47373095,650898000
2007-02-02,0.52016699,0.533333,0.51583302,0.53083301,0.48609295,586590000
2007-02-05,0.533333,0.54400003,0.53250003,0.5395,0.49402964,579906000
2007-02-06,0.55166698,0.56566697,0.54350001,0.558667,0.51158118,775386000
2007-02-07,0.56316698,0.581833,0.55983299,0.58050001,0.53157395,761058000
2007-02-08,0.57166702,0.58116698,0.56666702,0.57300001,0.52470618,726276000
2007-02-09,0.57583302,0.58066702,0.542,0.54416698,0.49830341,937956000
2007-02-12,0.54816699,0.56800002,0.54233301,0.55616701,0.50929189,789360000
2007-02-13,0.56516701,0.57116699,0.55949998,0.56666702,0.51890683,849732000
2007-02-14,0.57166702,0.57499999,0.55783302,0.55916703,0.51203907,1081848000
2007-02-15,0.558833,0.56533301,0.5535,0.5625,0.51509118,488682000
2007-02-16,0.56016701,0.56083298,0.54366702,0.54533303,0.49937105,915060000
2007-02-20,0.54616702,0.55316699,0.54233301,0.55016702,0.50379759,625578000
2007-02-21,0.54566699,0.55150002,0.53649998,0.542,0.49631882,655332000
2007-02-22,0.55049998,0.55933303,0.54416698,0.54549998,0.49952382,655452000
2007-02-23,0.55066699,0.551,0.54400003,0.54416698,0.49830341,403050000
2007-02-26,0.54566699,0.549833,0.53500003,0.535833,0.49067163,494070000
2007-02-27,0.52999997,0.54250002,0.51883298,0.51966703,0.47586831,714630000
2007-02-28,0.51816702,0.52783298,0.51183301,0.51666701,0.47312117,780048000
2007-03-01,0.50550002,0.51983303,0.498833,0.510333,0.46732083,837228000
2007-03-02,0.50583303,0.51200002,0.49516699,0.496167,0.45434874,682728000
2007-03-05,0.48750001,0.49716699,0.477667,0.47933301,0.4389337,663558000
2007-03-06,0.489833,0.51316702,0.48783299,0.50766701,0.46487954,805974000
2007-03-07,0.50516701,0.50749999,0.49116701,0.49333301,0.45175371,811656000
2007-03-08,0.503667,0.519333,0.50333297,0.51366699,0.47037381,770622000
2007-03-09,0.52083302,0.526667,0.50266701,0.50849998,0.46564224,555306000
2007-03-12,0.50266701,0.512833,0.50199997,0.50550002,0.46289527,428010000
2007-03-13,0.50033301,0.50333297,0.48383299,0.48416701,0.44336018,617070000
2007-03-14,0.48550001,0.48833299,0.46733299,0.48183301,0.44122297,971610000
2007-03-15,0.480667,0.48500001,0.46966699,0.477,0.43679729,655752000
2007-03-16,0.47733301,0.478167,0.46916699,0.4725,0.43267655,525648000
2007-03-19,0.47499999,0.48249999,0.473333,0.47483301,0.43481287,461508000
2007-03-20,0.473333,0.48416701,0.470667,0.4725,0.43267655,656490000
2007-03-21,0.491667,0.50733298,0.482333,0.49950001,0.45740095,1268376000
2007-03-22,0.5,0.51349998,0.49766701,0.51050001,0.46747386,810954000
2007-03-23,0.50666702,0.51566702,0.501167,0.50483298,0.46228448,524640000
2007-03-26,0.50516701,0.50999999,0.496667,0.50583303,0.46320021,447336000
2007-03-27,0.50466698,0.50566697,0.49583301,0.496333,0.45450085,469020000
2007-03-28,0.492167,0.496333,0.486,0.48683301,0.4458015,459504000
2007-03-29,0.494167,0.49483299,0.47049999,0.478333,0.4380179,719016000
2007-03-30,0.484833,0.48833299,0.47716701,0.47966701,0.43923953,581244000
2007-04-02,0.47850001,0.48249999,0.471333,0.47916701,0.43878171,400830000
2007-04-03,0.47916701,0.48449999,0.47283301,0.47733301,0.43710226,473724000
2007-04-04,0.47666699,0.48050001,0.47499999,0.47633299,0.43618643,361692000
2007-04-05,0.478333,0.51550001,0.478333,0.51499999,0.47159448,1332900000
2007-04-09,0.51499999,0.52083302,0.50466698,0.50566697,0.4630481,640950000
2007-04-10,0.505,0.51083302,0.49950001,0.50050002,0.4583165,794220000
2007-04-11,0.50150001,0.50650001,0.489833,0.49149999,0.45007524,810150000
2007-04-12,0.48883301,0.50700003,0.48566699,0.50550002,0.46289527,743640000
2007-04-13,0.503833,0.51066703,0.49766701,0.50966698,0.46671093,638694000
2007-04-16,0.50833303,0.51216698,0.50050002,0.50700003,0.46426886,671838000
2007-04-17,0.51983303,0.53166699,0.50933301,0.51183301,0.46869448,1059108000
2007-04-18,0.51099998,0.52266699,0.50833303,0.51816702,0.47449449,683802000
2007-04-19,0.514,0.52833301,0.51249999,0.52533299,0.48105666,568056000
2007-04-20,0.53299999,0.533333,0.52450001,0.53149998,0.48670375,590052000
2007-04-23,0.52899998,0.52999997,0.52133298,0.52283299,0.47876737,595272000
2007-04-24,0.53166699,0.547333,0.52816701,0.54250002,0.49677664,1028088000
2007-04-25,0.54166698,0.55483299,0.53916699,0.55183297,0.50532323,509640000
2007-04-26,0.55183297,0.56283301,0.54683298,0.558667,0.51158118,500070000
2007-04-27,0.55683303,0.56300002,0.54233301,0.55116701,0.50471324,554058000
2007-04-30,0.558667,0.56566697,0.54799998,0.54816699,0.50196636,563388000
2007-05-01,0.55816698,0.56183302,0.54949999,0.55400002,0.50730723,544554000
2007-05-02,0.55683303,0.55916703,0.54466701,0.54750001,0.50135547,659658000
2007-05-03,0.55266702,0.56150001,0.55166698,0.55783302,0.51081747,500250000
2007-05-04,0.56083298,0.56466699,0.55549997,0.56183302,0.51448029,405246000
2007-05-07,0.56999999,0.57633299,0.55000001,0.55066699,0.50425535,557100000
2007-05-08,0.547333,0.55616701,0.53666699,0.55483299,0.50807011,737100000
2007-05-09,0.55083299,0.56050003,0.54449999,0.55733299,0.51035964,417870000
2007-05-10,0.55966699,0.56699997,0.54216701,0.54699999,0.50089729,802584000
2007-05-11,0.5765,0.59133297,0.56766701,0.58566701,0.53630561,1530630000
2007-05-14,0.58333302,0.58883297,0.57433301,0.57983297,0.53096324,731568000
2007-05-15,0.58149999,0.58499998,0.57333302,0.57466698,0.52623254,621360000
2007-05-16,0.575167,0.58200002,0.56416702,0.58200002,0.53294736,523104000
2007-05-17,0.58033299,0.58333302,0.56900001,0.57233298,0.52409536,443664000
2007-05-18,0.57666701,0.58533299,0.57183301,0.58366698,0.53447413,604266000
2007-05-21,0.58200002,0.60000002,0.57916701,0.5855,0.53615266,645768000
2007-05-22,0.58600003,0.59399998,0.5765,0.58866698,0.53905272,401736000
2007-05-23,0.58899999,0.59249997,0.57133299,0.57300001,0.52470618,448248000
2007-05-24,0.57566702,0.57733297,0.55000001,0.552333,0.50578082,607800000
2007-05-25,0.55633301,0.563833,0.554667,0.56099999,0.51371741,308976000
2007-05-29,0.558667,0.56883299,0.55699998,0.56699997,0.51921165,316242000
2007-05-30,0.56033301,0.56833303,0.55333298,0.56833303,0.52043253,331650000
2007-05-31,0.57249999,0.58083302,0.56983298,0.57733297,0.52867395,481572000
2007-06-01,0.58383298,0.59249997,0.58033299,0.58133298,0.53233647,429084000
2007-06-04,0.57599998,0.58783299,0.57366699,0.58450001,0.53523713,322002000
2007-06-05,0.58616698,0.60283297,0.58516699,0.60183299,0.55110896,698586000
2007-06-06,0.59766698,0.616,0.59516698,0.60633302,0.55522996,950736000
2007-06-07,0.60350001,0.61250001,0.59966701,0.59983301,0.54927772,791862000
2007-06-08,0.59483302,0.61000001,0.58749998,0.60916698,0.55782479,533268000
2007-06-11,0.60916698,0.61500001,0.60583299,0.61133301,0.55980837,434634000
2007-06-12,0.60816699,0.61666697,0.60466701,0.60500002,0.5540092,526770000
2007-06-13,0.61166698,0.61966699,0.60383302,0.61949998,0.56728709,587232000
2007-06-14,0.61666697,0.632833,0.61583298,0.63050002,0.57735986,508548000
2007-06-15,0.637667,0.66416699,0.63749999,0.65916699,0.60361099,1081998000
2007-06-18,0.665833,0.668167,0.654167,0.6595,0.60391575,685662000
2007-06-19,0.65533298,0.66516697,0.65083301,0.66366702,0.60773176,491952000
2007-06-20,0.66666698,0.67000002,0.65983301,0.66433299,0.60834134,822792000
2007-06-21,0.677167,0.72216702,0.67199999,0.71633297,0.65595883,1297326000
2007-06-22,0.716667,0.73116702,0.70583302,0.727,0.66572672,882618000
2007-06-25,0.70666701,0.72399998,0.700167,0.70783299,0.64817494,819702000
2007-06-26,0.70599997,0.708,0.67333299,0.67500001,0.61810935,868482000
2007-06-27,0.67500001,0.69400001,0.67166698,0.69316697,0.63474506,613140000
2007-06-28,0.69516701,0.70733303,0.68833297,0.69983298,0.64084941,597534000
2007-06-29,0.70450002,0.70466697,0.68816698,0.68849999,0.63047153,516570000
2007-07-02,0.69833302,0.71749997,0.69616699,0.71716702,0.65672237,563850000
2007-07-03,0.716667,0.72399998,0.71083301,0.71833301,0.65779006,238770000
2007-07-05,0.71850002,0.728333,0.71499997,0.72600001,0.66481078,373290000
2007-07-06,0.72500002,0.732333,0.72366703,0.7295,0.66801578,282720000
2007-07-09,0.73216701,0.75416702,0.73199999,0.75066698,0.68739897,536784000
2007-07-10,0.74683303,0.76249999,0.73883301,0.75800002,0.69411379,552654000
2007-07-11,0.757833,0.76300001,0.74416697,0.75466698,0.69106191,582612000
2007-07-12,0.75999999,0.76999998,0.75466698,0.76916701,0.7043398,438732000
2007-07-13,0.76700002,0.77616698,0.76366699,0.76450002,0.70006591,372630000
2007-07-16,0.765167,0.78149998,0.76499999,0.77833301,0.71273339,541710000
2007-07-17,0.78149998,0.797167,0.774333,0.77499998,0.70968115,643812000
2007-07-18,0.76383299,0.76616699,0.74583298,0.76083302,0.6967082,550656000
2007-07-19,0.771667,0.7755,0.75466698,0.75999999,0.6959452,407376000
2007-07-20,0.76499999,0.767667,0.74800003,0.75166702,0.6883145,505650000
2007-07-23,0.74900001,0.77466702,0.74733299,0.75916702,0.69518244,360474000
2007-07-24,0.75616699,0.76249999,0.73449999,0.73916698,0.6768682,457560000
2007-07-25,0.73933297,0.74983299,0.71866697,0.73566699,0.67366308,437196000
2007-07-26,0.72783297,0.74966699,0.71799999,0.73933297,0.67702025,710268000
2007-07-27,0.73750001,0.77149999,0.737167,0.73750001,0.67534149,615480000
2007-07-30,0.74016702,0.75933301,0.74000001,0.75816703,0.69426697,538158000
2007-07-31,0.788167,0.79883301,0.76166701,0.762667,0.69838762,711492000
2007-08-01,0.75166702,0.77016699,0.72166699,0.75700003,0.69319832,705828000
2007-08-02,0.76566702,0.76633298,0.74349999,0.753667,0.69014609,468606000
2007-08-03,0.751167,0.75666702,0.70866698,0.70899999,0.64924383,623412000
2007-08-06,0.71499997,0.72033298,0.69499999,0.71499997,0.65473807,524724000
2007-08-07,0.71499997,0.73816699,0.70550001,0.72633302,0.66511589,565764000
2007-08-08,0.73949999,0.78250003,0.73383301,0.75983298,0.69579226,660744000
2007-08-09,0.76499999,0.79000002,0.7475,0.76883298,0.70403385,1251834000
2007-08-10,0.70583302,0.73816699,0.68983299,0.73316699,0.67137396,1141014000
2007-08-13,0.73900002,0.74400002,0.70999998,0.72516698,0.66404808,700410000
2007-08-14,0.73016697,0.76499999,0.72799999,0.75333297,0.68984044,1092174000
2007-08-15,0.74933302,0.75999999,0.72049999,0.72149998,0.66069025,695142000
2007-08-16,0.714333,0.71950001,0.67500001,0.70950001,0.64970154,780030000
2007-08-17,0.72916698,0.75199997,0.70649999,0.751333,0.68800884,728712000
2007-08-20,0.75183302,0.75999999,0.73916698,0.74833298,0.68526143,519684000
2007-08-21,0.75283301,0.794833,0.74166697,0.78883302,0.72234827,715338000
2007-08-22,0.808833,0.81150001,0.79250002,0.80683303,0.73883098,566154000
2007-08-23,0.81066698,0.82016701,0.79650003,0.80000001,0.73257411,667986000
2007-08-24,0.79766703,0.80566698,0.79183298,0.80416697,0.73638988,361644000
2007-08-27,0.80416697,0.83083302,0.80049998,0.82233298,0.75302476,635946000
2007-08-28,0.82499999,0.82833302,0.77033299,0.77216703,0.70708698,560022000
2007-08-29,0.788333,0.81699997,0.78666699,0.81599998,0.74722534,538560000
2007-08-30,0.80816698,0.83149999,0.80783302,0.811333,0.74295169,465660000
2007-08-31,0.82833302,0.85583299,0.82383299,0.85266697,0.78080195,720834000
2007-09-04,0.85650003,0.88266701,0.84316701,0.87900001,0.80491573,683268000
2007-09-05,0.87516701,0.89999998,0.87166703,0.87233299,0.79881048,656274000
2007-09-06,0.88316703,0.89116699,0.8725,0.876167,0.80232143,425496000
2007-09-07,0.85183299,0.86066699,0.827833,0.84416699,0.77301836,602304000
2007-09-10,0.86250001,0.8775,0.83950001,0.84649998,0.77515501,872112000
2007-09-11,0.85675001,0.87099999,0.84775001,0.86449999,0.79163796,405424000
2007-09-12,0.87374997,0.87800002,0.82200003,0.83050001,0.76050335,554452000
2007-09-13,0.84625,0.84724998,0.82475001,0.83074999,0.76073229,452864000
2007-09-14,0.82249999,0.82349998,0.80374998,0.80624998,0.73829728,487308000
2007-09-17,0.8075,0.81599998,0.79575002,0.80449998,0.73669463,374828000
2007-09-18,0.81300002,0.88749999,0.81174999,0.875,0.80125278,844740000
2007-09-19,0.88300002,0.89999998,0.85049999,0.85900003,0.78660148,521360000
2007-09-20,0.85949999,0.86874998,0.84450001,0.85399997,0.78202283,324172000
2007-09-21,0.86250001,0.875,0.85399997,0.86224997,0.78957754,457532000
2007-09-24,0.86750001,0.89749998,0.86124998,0.88424999,0.80972314,456360000
2007-09-25,0.87900001,0.89924997,0.87650001,0.8955,0.82002491,360748000
2007-09-26,0.89999998,0.91874999,0.89775002,0.91675001,0.8394841,518032000
2007-09-27,0.92549998,0.93000001,0.90974998,0.91949999,0.84200227,378280000
2007-09-28,0.92500001,0.92825001,0.90399998,0.90600002,0.82964009,404292000
2007-10-01,0.91374999,0.94875002,0.91275001,0.94424999,0.86466634,398200000
2007-10-02,0.94199997,0.94375002,0.92150003,0.93524998,0.85642481,284960000
2007-10-03,0.91874999,0.91874999,0.88075,0.8955,0.82002491,467196000
2007-10-04,0.89450002,0.90474999,0.86874998,0.89950001,0.82368815,378976000
2007-10-05,0.91374999,0.92825001,0.90399998,0.92325002,0.84543639,344840000
2007-10-08,0.92975003,0.93975002,0.91874999,0.93825001,0.85917217,252484000
2007-10-09,0.93825001,0.9425,0.90799999,0.92175001,0.84406269,403008000
2007-10-10,0.92799997,0.92799997,0.9005,0.92275,0.84497857,389136000
2007-10-11,0.91425002,0.92575002,0.87175,0.88174999,0.80743402,529104000
2007-10-12,0.8915,0.90324998,0.87774998,0.90324998,0.82712179,409952000
2007-10-15,0.90625,0.92150003,0.90200001,0.90974998,0.83307415,355900000
2007-10-16,0.90875,0.93425,0.90549999,0.91799998,0.84062862,276360000
2007-10-17,0.95375001,0.99124998,0.95275003,0.9885,0.90518677,717944000
2007-10-18,0.98525,0.99175,0.9605,0.98774999,0.90449995,340620000
2007-10-19,0.98549998,0.986,0.93449998,0.93475002,0.8559671,505768000
2007-10-22,0.92874998,0.98100001,0.92124999,0.97899997,0.89648753,537656000
2007-10-23,0.99175,0.99175,0.95700002,0.98374999,0.90083712,294292000
2007-10-24,0.96249998,0.96249998,0.90375,0.95050001,0.87038958,565500000
2007-10-25,0.92124999,0.93000001,0.83974999,0.86750001,0.79438454,806192000
2007-10-26,0.89499998,0.90100002,0.84750003,0.86000001,0.78751725,616580000
2007-10-29,0.83050001,0.84375,0.81400001,0.83974999,0.76897371,813896000
2007-10-30,0.84649998,0.88824999,0.83249998,0.87050003,0.79713225,525212000
2007-10-31,0.87575001,0.88499999,0.84850001,0.88450003,0.80995232,455188000
2007-11-01,0.87075001,0.90224999,0.85874999,0.88450003,0.80995232,587236000
2007-11-02,0.89674997,0.92500001,0.88424999,0.91850001,0.84108663,491844000
2007-11-05,0.91074997,0.94050002,0.90499997,0.91850001,0.84108663,436636000
2007-11-06,0.92725003,0.95499998,0.92299998,0.94749999,0.86764222,554620000
2007-11-07,0.94700003,0.95074999,0.89499998,0.90249997,0.82643491,546768000
2007-11-08,0.89375001,0.91000003,0.82024997,0.84600002,0.77469701,996824000
2007-11-09,0.86374998,0.87,0.81625003,0.83399999,0.76370841,871056000
2007-11-12,0.83375001,0.83974999,0.75075001,0.75075001,0.68747503,715732000
2007-11-13,0.76300001,0.81774998,0.75075001,0.81699997,0.74814129,726696000
2007-11-14,0.83775002,0.84574997,0.80000001,0.80425,0.73646581,666720000
2007-11-15,0.79900002,0.80650002,0.77499998,0.79350001,0.72662169,496436000
2007-11-16,0.80000001,0.81349999,0.79350001,0.81124997,0.74287599,423592000
2007-11-19,0.79974997,0.80374998,0.75225002,0.75650001,0.69274032,568412000
2007-11-20,0.77074999,0.77200001,0.72775,0.75075001,0.68747503,622628000
2007-11-21,0.73500001,0.76050001,0.73275,0.74274999,0.6801492,648452000
2007-11-23,0.74800003,0.75875002,0.7385,0.75550002,0.69182462,141976000
2007-11-26,0.755,0.7705,0.73650002,0.73799998,0.67579973,385896000
2007-11-27,0.74849999,0.77200001,0.74274999,0.76975,0.70487338,458856000
2007-11-28,0.79400003,0.83225,0.79025,0.82125002,0.752033,574548000
2007-11-29,0.81999999,0.85250002,0.81650001,0.82800001,0.75821412,489084000
2007-11-30,0.85500002,0.85500002,0.78600001,0.78850001,0.72204328,652656000
2007-12-03,0.80000001,0.81475002,0.78775001,0.80000001,0.73257411,490688000
2007-12-04,0.8035,0.80624998,0.78375,0.79925001,0.73188722,371712000
2007-12-05,0.82975,0.85624999,0.81950003,0.84074998,0.76988947,666704000
2007-12-06,0.83875,0.86049998,0.83125001,0.85775,0.7854569,371152000
2007-12-07,0.86124998,0.86224997,0.83824998,0.847,0.77561265,320292000
2007-12-10,0.84974998,0.86624998,0.84724998,0.85624999,0.78408301,336360000
2007-12-11,0.87449998,0.89050001,0.85525,0.85724998,0.78499895,582436000
2007-12-12,0.89349997,0.90224999,0.86949998,0.88674998,0.81201249,617504000
2007-12-13,0.87599999,0.88174999,0.83700001,0.86250001,0.7898066,500364000
2007-12-14,0.8585,0.88625002,0.85275,0.87674999,0.80285519,354016000
2007-12-17,0.86750001,0.87575001,0.82999998,0.83200002,0.76187712,507408000
2007-12-18,0.84474999,0.86250001,0.83625001,0.85325003,0.78133625,396896000
2007-12-19,0.85025001,0.86925,0.84675002,0.86124998,0.78866172,253536000
2007-12-20,0.875,0.88125002,0.85675001,0.87924999,0.80514467,279940000
2007-12-21,0.88975,0.89749998,0.87099999,0.87900001,0.80491573,433408000
2007-12-24,0.88550001,0.89875001,0.87900001,0.89450002,0.81910926,104008000
2007-12-26,0.89625001,0.90649998,0.88749999,0.90649998,0.83009803,215340000
2007-12-27,0.90499997,0.91000003,0.87625003,0.87849998,0.80445784,241368000
2007-12-28,0.87699997,0.88749999,0.86224997,0.86975002,0.79644531,262064000
2007-12-31,0.86274999,0.87849998,0.85025001,0.85049999,0.77881783,276236000
2008-01-02,0.85299999,0.85624999,0.81400001,0.82525003,0.75569606,483964000
2008-01-03,0.82999998,0.84649998,0.81575,0.81875002,0.7497437,475308000
2008-01-04,0.79425001,0.79825002,0.745,0.75,0.6867879,736092000
2008-01-07,0.755,0.76125002,0.65875,0.67250001,0.61581987,1006800000
2008-01-08,0.67624998,0.73224998,0.66049999,0.68674999,0.62886894,1106956000
2008-01-09,0.69599998,0.72250003,0.68575001,0.72224998,0.66137707,741036000
2008-01-10,0.70249999,0.71850002,0.69325,0.70725,0.64764112,554432000
2008-01-11,0.69050002,0.70499998,0.67124999,0.67624998,0.61925399,572612000
2008-01-14,0.68624997,0.72224998,0.67524999,0.72125,0.66046137,539188000
2008-01-15,0.69375002,0.70200002,0.65649998,0.66825002,0.6119284,725692000
2008-01-16,0.62625003,0.634,0.579,0.59275001,0.54279166,1464472000
2008-01-17,0.602,0.61799997,0.58099997,0.58249998,0.5334056,1133900000
2008-01-18,0.58424997,0.62424999,0.56300002,0.62099999,0.56866056,920428000
2008-01-22,0.56174999,0.6045,0.55825001,0.58999997,0.54027325,709092000
2008-01-23,0.56599998,0.61849999,0.56050003,0.60075003,0.55011725,929880000
2008-01-24,0.61250001,0.64700001,0.60675001,0.64674997,0.59224021,597092000
2008-01-25,0.67150003,0.68650001,0.62075001,0.62374997,0.57117867,688012000
2008-01-28,0.62150002,0.62774998,0.60299999,0.61624998,0.56431079,577608000
2008-01-29,0.62725002,0.63775003,0.611,0.63524997,0.58170944,414484000
2008-01-30,0.625,0.63924998,0.61175001,0.62975001,0.57667315,530476000
2008-01-31,0.616,0.62625003,0.59574997,0.61475003,0.5629372,588708000
2008-02-01,0.6135,0.67500001,0.60825002,0.67150003,0.61490417,593104000
2008-02-04,0.68599999,0.68975002,0.64700001,0.6505,0.59567428,565128000
2008-02-05,0.63749999,0.63775003,0.60949999,0.60974997,0.55835861,494928000
2008-02-06,0.61624998,0.63325,0.59649998,0.60775,0.55652761,557380000
2008-02-07,0.59025002,0.63099998,0.57749999,0.61374998,0.56202167,664128000
2008-02-08,0.60799998,0.62949997,0.60000002,0.62475002,0.57209468,393932000
2008-02-11,0.63,0.64025003,0.6225,0.62674999,0.57392591,503732000
2008-02-12,0.63625002,0.65899998,0.63274997,0.64999998,0.59521657,609688000
2008-02-13,0.65499997,0.67750001,0.648,0.67549998,0.61856687,742312000
2008-02-14,0.65574998,0.65625,0.56375003,0.56524998,0.51760954,2184296000
2008-02-15,0.56300002,0.57824999,0.54775,0.55675,0.50982583,817364000
2008-02-19,0.56699997,0.56800002,0.54374999,0.5485,0.502271,558608000
2008-02-20,0.53250003,0.55250001,0.53025001,0.54449999,0.4986082,759016000
2008-02-21,0.55000001,0.55274999,0.52899998,0.53224999,0.48739061,644272000
2008-02-22,0.53649998,0.55900002,0.53250003,0.55800003,0.51097023,723052000
2008-02-25,0.5575,0.56400001,0.54299998,0.55774999,0.51074147,671784000
2008-02-26,0.55449998,0.57099998,0.546,0.5625,0.51509118,565420000
2008-02-27,0.55975002,0.57574999,0.55624998,0.57125002,0.52310359,537816000
2008-02-28,0.56625003,0.56725001,0.54974997,0.54974997,0.50341558,503608000
2008-02-29,0.54075003,0.54799998,0.53250003,0.53474998,0.48967999,540576000
2008-03-03,0.53399998,0.53775001,0.52149999,0.52850002,0.48395678,449028000
2008-03-04,0.52499998,0.52600002,0.50274998,0.52324998,0.47914934,778888000
2008-03-05,0.52824998,0.54175001,0.52275002,0.52925003,0.48464346,644656000
2008-03-06,0.52275002,0.52625,0.49524999,0.49599999,0.45419589,1075284000
2008-03-07,0.48699999,0.50800002,0.47499999,0.48875001,0.44755697,767500000
2008-03-10,0.48275,0.48875001,0.46000001,0.46075001,0.42191681,776100000
2008-03-11,0.47499999,0.48074999,0.456,0.47600001,0.4358817,857940000
2008-03-12,0.48050001,0.48475,0.45899999,0.463,0.42397723,743320000
2008-03-13,0.45574999,0.49950001,0.45300001,0.49250001,0.45099083,1220528000
2008-03-14,0.495,0.4955,0.45449999,0.458,0.41939875,1154972000
2008-03-17,0.43799999,0.46200001,0.43274999,0.4465,0.4088679,800952000
2008-03-18,0.45699999,0.47499999,0.44400001,0.47424999,0.43427905,1075256000
2008-03-19,0.46325001,0.46974999,0.44150001,0.44150001,0.40428936,880476000
2008-03-20,0.44674999,0.46399999,0.43875,0.463,0.42397723,633460000
2008-03-24,0.47325,0.50349998,0.47150001,0.50075001,0.45854563,887440000
2008-03-25,0.50300002,0.51749998,0.49825001,0.50800002,0.46518448,735388000
2008-03-26,0.50125003,0.50475001,0.48625001,0.49175,0.45030415,721652000
2008-03-27,0.48425001,0.498,0.47674999,0.48475,0.44389403,601308000
2008-03-28,0.49349999,0.50475001,0.4885,0.49200001,0.45053306,561788000
2008-03-31,0.49724999,0.50650001,0.4885,0.49474999,0.45305115,569992000
2008-04-01,0.50950003,0.52625,0.50225002,0.52499998,0.48075157,676872000
2008-04-02,0.52649999,0.52649999,0.505,0.509,0.46610025,616536000
2008-04-03,0.50475001,0.50550002,0.48475,0.49950001,0.45740095,841984000
2008-04-04,0.48949999,0.49200001,0.46825001,0.46950001,0.42992941,1535528000
2008-04-07,0.48100001,0.48800001,0.477,0.48074999,0.44023114,729496000
2008-04-08,0.47499999,0.49349999,0.47499999,0.47799999,0.437713,639476000
2008-04-09,0.4835,0.49250001,0.479,0.48750001,0.44641232,675232000
2008-04-10,0.49274999,0.51275003,0.48225001,0.49700001,0.45511159,1092184000
2008-04-11,0.48750001,0.4905,0.46024999,0.46325001,0.42420617,1106280000
2008-04-14,0.46149999,0.46250001,0.44499999,0.44775,0.41001245,780004000
2008-04-15,0.44999999,0.45475,0.44025001,0.45300001,0.41482005,439916000
2008-04-16,0.47025001,0.477,0.46200001,0.47099999,0.43130293,646836000
2008-04-17,0.44925001,0.46625,0.449,0.46450001,0.42535082,596968000
2008-04-18,0.47874999,0.48300001,0.46900001,0.47549999,0.43542367,573540000
2008-04-21,0.47174999,0.5,0.47174999,0.49675,0.45488277,679892000
2008-04-22,0.48774999,0.493,0.477,0.48750001,0.44641232,587668000
2008-04-23,0.49425,0.5165,0.48774999,0.51099998,0.46793163,1020496000
2008-04-24,0.514,0.5165,0.49125001,0.49875,0.45671415,655764000
2008-04-25,0.50349998,0.505,0.48774999,0.50375003,0.46129274,552208000
2008-04-28,0.50150001,0.509,0.49274999,0.49474999,0.45305115,535700000
2008-04-29,0.48925,0.51125002,0.48925,0.505,0.46243742,573408000
2008-04-30,0.51099998,0.51924998,0.50749999,0.51375002,0.47044998,1068320000
2008-05-01,0.51999998,0.53874999,0.51749998,0.53750002,0.49219799,1014624000
2008-05-02,0.55225003,0.56300002,0.54400003,0.56300002,0.51554912,1131016000
2008-05-05,0.55925,0.56174999,0.54775,0.54900002,0.50272912,943392000
2008-05-06,0.54750001,0.56449997,0.53899997,0.56325001,0.51577789,729036000
2008-05-07,0.56475002,0.57225001,0.54549998,0.55024999,0.50387347,715632000
2008-05-08,0.55449998,0.55624998,0.52525002,0.54874998,0.50250018,1360000000
2008-05-09,0.55024999,0.58574998,0.54925001,0.56325001,0.51577789,2030352000
2008-05-12,0.57050002,0.57050002,0.54175001,0.54724997,0.50112629,1006652000
2008-05-13,0.55000001,0.55000001,0.53200001,0.53600001,0.49082461,854108000
2008-05-14,0.54275,0.56599998,0.53600001,0.55175,0.50524718,751148000
2008-05-15,0.55049998,0.597,0.54799998,0.59450001,0.54439396,1165464000
2008-05-16,0.6045,0.61150002,0.59074998,0.61025,0.55881661,1091556000
2008-05-19,0.61049998,0.63274997,0.59324998,0.59750003,0.54714137,1158532000
2008-05-20,0.58125001,0.588,0.57525003,0.58200002,0.53294736,771404000
2008-05-21,0.58350003,0.60600001,0.57599998,0.57725,0.52859813,1066660000
2008-05-22,0.5855,0.59600002,0.57625002,0.59125,0.54141825,693108000
2008-05-23,0.59025002,0.59500003,0.56924999,0.57775003,0.52905589,802672000
2008-05-27,0.57875001,0.58475,0.56774998,0.58399999,0.53477895,832856000
2008-05-28,0.60000002,0.60149997,0.58275002,0.58950001,0.53981555,751736000
2008-05-29,0.58974999,0.59074998,0.57725,0.588,0.53844208,693460000
2008-05-30,0.60474998,0.61949998,0.60299999,0.61750001,0.56545579,830244000
2008-06-02,0.61750001,0.62475002,0.61075002,0.62,0.56774449,734660000
2008-06-03,0.62199998,0.62300003,0.59175003,0.59899998,0.54851502,840696000
2008-06-04,0.58574998,0.60724998,0.58249998,0.60600001,0.55492461,831724000
2008-06-05,0.62699997,0.63375002,0.61425,0.62124997,0.56888962,827860000
2008-06-06,0.61374998,0.61449999,0.59799999,0.60149997,0.55080408,784876000
2008-06-09,0.59799999,0.60624999,0.58025002,0.59224999,0.54233372,637916000
2008-06-10,0.57625002,0.57700002,0.5535,0.55725002,0.51028365,1225208000
2008-06-11,0.55725002,0.57075,0.53049999,0.53125,0.48647502,999428000
2008-06-12,0.54325002,0.55374998,0.52999997,0.5345,0.48945108,825992000
2008-06-13,0.53525001,0.54149997,0.51700002,0.53275001,0.48784855,705748000
2008-06-16,0.52700001,0.53200001,0.52125001,0.5255,0.48120955,630496000
2008-06-17,0.53299999,0.53324997,0.5115,0.51275003,0.46953422,687912000
2008-06-18,0.50749999,0.52499998,0.48949999,0.49775001,0.45579845,1065272000
2008-06-19,0.50050002,0.50749999,0.48449999,0.49649999,0.4546538,784928000
2008-06-20,0.48550001,0.49950001,0.48525,0.49399999,0.45236444,741008000
2008-06-23,0.49775001,0.49825001,0.4795,0.48374999,0.44297844,776616000
2008-06-24,0.48100001,0.51125002,0.48100001,0.49974999,0.45762971,1078928000
2008-06-25,0.50749999,0.51125002,0.49450001,0.5025,0.46014804,900976000
2008-06-26,0.48750001,0.49125001,0.47674999,0.47674999,0.43656841,845532000
2008-06-27,0.47874999,0.48475,0.46775001,0.48199999,0.44137579,584140000
2008-06-30,0.4765,0.48074999,0.46474999,0.46799999,0.42855573,653940000
2008-07-01,0.46250001,0.46924999,0.454,0.46875,0.42924258,881464000
2008-07-02,0.46650001,0.46950001,0.44999999,0.45074999,0.41275969,763196000
2008-07-03,0.32449999,0.32824999,0.31,0.31224999,0.28593281,2987520000
2008-07-07,0.317,0.31900001,0.294,0.30250001,0.2770046,2202692000
2008-07-08,0.30450001,0.31200001,0.29499999,0.30074999,0.27540204,1805288000
2008-07-09,0.30149999,0.30599999,0.29550001,0.29550001,0.2705946,1413168000
2008-07-10,0.29699999,0.30050001,0.28924999,0.29475001,0.26990777,1056992000
2008-07-11,0.28874999,0.29899999,0.28299999,0.29175001,0.26716062,807760000
2008-07-14,0.294,0.29624999,0.27649999,0.27849999,0.25502738,882316000
2008-07-15,0.27599999,0.28725001,0.26750001,0.28150001,0.25777456,1122484000
2008-07-16,0.2825,0.29049999,0.27474999,0.28299999,0.25914809,1034392000
2008-07-17,0.28749999,0.28749999,0.273,0.28400001,0.2600638,862080000
2008-07-18,0.28200001,0.29075,0.27399999,0.289,0.26464233,899720000
2008-07-21,0.29350001,0.29775,0.28825,0.29075,0.26624489,571636000
2008-07-22,0.28799999,0.28924999,0.27900001,0.2845,0.26052168,555924000
2008-07-23,0.28650001,0.296,0.28525001,0.29300001,0.2683053,594876000
2008-07-24,0.28999999,0.29275,0.27500001,0.27575001,0.25250912,705628000
2008-07-25,0.27849999,0.28999999,0.27274999,0.289,0.26464233,1039600000
2008-07-28,0.28525001,0.29775,0.28400001,0.28825,0.26395556,734808000
2008-07-29,0.28874999,0.2985,0.28549999,0.29124999,0.2667028,764636000
2008-07-30,0.29699999,0.29750001,0.28049999,0.287,0.26281095,588492000
2008-07-31,0.28625,0.29225001,0.28299999,0.28600001,0.26189527,487236000
2008-08-01,0.27849999,0.27950001,0.26750001,0.271,0.24815941,881060000
2008-08-04,0.271,0.27250001,0.26374999,0.26449999,0.24220729,522052000
2008-08-05,0.26949999,0.27974999,0.2665,0.27974999,0.25617194,685844000
2008-08-06,0.28049999,0.28975001,0.27149999,0.28725001,0.26303986,814864000
2008-08-07,0.28475001,0.29750001,0.27950001,0.28275001,0.25891921,819232000
2008-08-08,0.285,0.28749999,0.27399999,0.27500001,0.25182229,853764000
2008-08-11,0.27700001,0.28749999,0.27599999,0.28075001,0.25708777,1196436000
2008-08-12,0.28299999,0.28375,0.27274999,0.27675,0.25342488,1410868000
2008-08-13,0.29875001,0.31099999,0.2915,0.30649999,0.28066739,2095260000
2008-08-14,0.30425,0.33724999,0.30425,0.32499999,0.29760829,1635304000
2008-08-15,0.33074999,0.33450001,0.32174999,0.324,0.29669246,777652000
2008-08-18,0.32624999,0.3335,0.32275,0.33050001,0.30264473,893968000
2008-08-19,0.32374999,0.33750001,0.32374999,0.3355,0.30722317,1014140000
2008-08-20,0.3405,0.35299999,0.338,0.352,0.32233256,1143692000
2008-08-21,0.34575,0.34850001,0.3335,0.3405,0.31180188,1021560000
2008-08-22,0.34299999,0.347,0.333,0.34024999,0.31157288,459264000
2008-08-25,0.33825001,0.34625,0.33425,0.33524999,0.30699435,471600000
2008-08-26,0.33700001,0.33724999,0.32374999,0.32725,0.29966867,613112000
2008-08-27,0.31975001,0.33375001,0.31674999,0.32975,0.30195788,454620000
2008-08-28,0.33024999,0.33375001,0.32525,0.3285,0.30081314,365192000
2008-08-29,0.324,0.32499999,0.315,0.31600001,0.28936669,516004000
2008-09-02,0.32124999,0.324,0.30375001,0.308,0.28204101,693928000
2008-09-03,0.30375001,0.30500001,0.28874999,0.2915,0.26693174,714856000
2008-09-04,0.28825,0.29124999,0.28575,0.28749999,0.26326883,716128000
2008-09-05,0.285,0.29249999,0.28475001,0.29175001,0.26716062,791100000
2008-09-08,0.29449999,0.29449999,0.27500001,0.27974999,0.25617194,1314840000
2008-09-09,0.27875,0.29574999,0.26925001,0.27024999,0.24747273,1098296000
2008-09-10,0.2735,0.27900001,0.26875001,0.2705,0.24770162,644284000
2008-09-11,0.255,0.26300001,0.249,0.25749999,0.23579724,1066976000
2008-09-12,0.25525001,0.257,0.24025001,0.25475001,0.23327905,1209200000
2008-09-15,0.24575,0.24950001,0.2295,0.2325,0.21290429,863984000
2008-09-16,0.22425,0.24150001,0.22,0.23975,0.21954323,1240840000
2008-09-17,0.23424999,0.25549999,0.23199999,0.25,0.2289294,1392580000
2008-09-18,0.25299999,0.28549999,0.2525,0.27225,0.2493041,1611060000
2008-09-19,0.28525001,0.28749999,0.27250001,0.28525001,0.26120847,1107344000
2008-09-22,0.28299999,0.29124999,0.27774999,0.27925,0.25571412,700072000
2008-09-23,0.27700001,0.28725001,0.27024999,0.27125001,0.24838832,821468000
2008-09-24,0.26774999,0.28674999,0.26625001,0.28125,0.25754559,866036000
2008-09-25,0.28125,0.29350001,0.27649999,0.28674999,0.26258203,588328000
2008-09-26,0.27974999,0.29425001,0.27450001,0.29225001,0.26761857,646852000
2008-09-29,0.2845,0.28799999,0.25,0.2525,0.23121871,975240000
2008-09-30,0.25650001,0.27024999,0.25375,0.26774999,0.24518336,659044000
2008-10-01,0.26374999,0.2685,0.25549999,0.26025,0.23831558,557208000
2008-10-02,0.26199999,0.26199999,0.23199999,0.23325001,0.21359111,787728000
2008-10-03,0.237,0.24375001,0.22425,0.22575,0.20672321,915828000
2008-10-06,0.215,0.2155,0.18275,0.19625001,0.17970958,1677440000
2008-10-07,0.20325001,0.20375,0.1795,0.18099999,0.16574492,1059984000
2008-10-08,0.1745,0.1955,0.17275,0.18475001,0.1691788,1219456000
2008-10-09,0.19149999,0.19425,0.171,0.17299999,0.15841915,909636000
2008-10-10,0.15800001,0.18325,0.15700001,0.17025,0.15590094,1200252000
2008-10-13,0.18475001,0.2015,0.1825,0.20125,0.18428814,916536000
2008-10-14,0.20874999,0.20999999,0.19125,0.19675,0.18016741,1209012000
2008-10-15,0.1955,0.1965,0.17550001,0.17550001,0.16070846,854064000
2008-10-16,0.18075,0.1935,0.1725,0.1925,0.17627563,1019820000
2008-10-17,0.18700001,0.20225,0.18350001,0.19125,0.17513096,839416000
2008-10-20,0.19775,0.19925,0.19024999,0.19499999,0.17856495,595764000
2008-10-21,0.19125,0.19325,0.17900001,0.18000001,0.16482922,659116000
2008-10-22,0.17749999,0.185,0.16850001,0.17325,0.15864806,600996000
2008-10-23,0.17275,0.177,0.1565,0.1635,0.14971983,832192000
2008-10-24,0.15000001,0.17375,0.14925,0.16525,0.15132236,798336000
2008-10-27,0.16425,0.18449999,0.15899999,0.17425001,0.15956376,698936000
2008-10-28,0.18350001,0.20074999,0.18025,0.2005,0.18360133,849920000
2008-10-29,0.19925,0.22,0.19825,0.207,0.18955353,977284000
2008-10-30,0.21875,0.22,0.2025,0.21574999,0.19756606,657176000
2008-10-31,0.20900001,0.22325,0.2085,0.219,0.20054209,608672000
2008-11-03,0.22375,0.22775,0.2075,0.211,0.19321643,723924000
2008-11-04,0.21825001,0.2245,0.21250001,0.2245,0.2055786,619560000
2008-11-05,0.21625,0.2225,0.21275,0.21275,0.19481888,787620000
2008-11-06,0.20025,0.20774999,0.19,0.19050001,0.17444423,797936000
2008-11-07,0.21699999,0.22675,0.2025,0.21799999,0.19962642,1132068000
2008-11-10,0.22624999,0.22750001,0.19925,0.204,0.18680634,576396000
2008-11-11,0.20100001,0.2025,0.193,0.19499999,0.17856495,576484000
2008-11-12,0.189,0.1935,0.18125001,0.18350001,0.16803415,646092000
2008-11-13,0.175,0.19875,0.1715,0.19850001,0.18176989,797228000
2008-11-14,0.19050001,0.19149999,0.1785,0.17925,0.16414241,741024000
2008-11-17,0.17749999,0.18224999,0.17375,0.17550001,0.16070846,388224000
2008-11-18,0.17900001,0.18000001,0.164,0.16975001,0.15544306,564488000
2008-11-19,0.16824999,0.1725,0.155,0.15575001,0.14262299,500220000
2008-11-20,0.15449999,0.16225,0.14575,0.14749999,0.13506831,847036000
2008-11-21,0.15225001,0.1595,0.14375,0.1595,0.14605699,599064000
2008-11-24,0.16925,0.17200001,0.16,0.17,0.15567201,600308000
2008-11-25,0.17749999,0.178,0.16975001,0.17475,0.16002159,528256000
2008-11-26,0.17174999,0.19075,0.17075001,0.19024999,0.17421523,600792000
2008-11-28,0.18725,0.19,0.18425,0.18674999,0.17101027,175248000
2008-12-01,0.17925,0.18099999,0.1705,0.17075001,0.15635873,547112000
2008-12-02,0.17399999,0.1825,0.17174999,0.18025,0.16505811,479988000
2008-12-03,0.17325,0.18975,0.17174999,0.1895,0.17352845,584632000
2008-12-04,0.18574999,0.19499999,0.17275,0.177,0.16208205,466292000
2008-12-05,0.1715,0.18475001,0.16850001,0.184,0.16849203,438484000
2008-12-08,0.1875,0.19125,0.17375,0.178,0.16299765,707992000
2008-12-09,0.17575,0.20225,0.17375,0.19525,0.17879389,829760000
2008-12-10,0.199,0.21875,0.19575,0.21375,0.19573465,961124000
2008-12-11,0.21250001,0.22,0.20225,0.20475,0.1874931,582700000
2008-12-12,0.19875,0.21625,0.19475,0.215,0.19687931,679268000
2008-12-15,0.21625,0.2175,0.20125,0.208,0.19046928,476996000
2008-12-16,0.20999999,0.2225,0.208,0.222,0.20328936,521940000
2008-12-17,0.21799999,0.23625,0.215,0.233,0.21336225,674180000
2008-12-18,0.2315,0.23225001,0.20874999,0.2115,0.19367425,550808000
2008-12-19,0.21425,0.2225,0.21224999,0.213,0.19504784,593120000
2008-12-22,0.21625,0.21675,0.19275001,0.2005,0.18360133,522464000
2008-12-23,0.20175,0.206,0.19475,0.19775,0.18108308,377452000
2008-12-24,0.19374999,0.19850001,0.189,0.193,0.17673348,146616000
2008-12-26,0.193,0.1955,0.1825,0.18775,0.17192601,226156000
2008-12-29,0.19024999,0.19374999,0.178,0.19374999,0.17742029,460168000
2008-12-30,0.19625001,0.2035,0.19175,0.2005,0.18360133,409860000
2008-12-31,0.198,0.20675001,0.1945,0.20175,0.184746,441580000
2009-01-02,0.20175,0.21924999,0.20100001,0.21775,0.19939749,497124000
2009-01-05,0.21525,0.22675,0.21375,0.22175001,0.20306039,705736000
2009-01-06,0.22825,0.23575,0.22325,0.22925,0.20992824,657904000
2009-01-07,0.22400001,0.22400001,0.20774999,0.2155,0.19733712,870096000
2009-01-08,0.21275,0.21275,0.197,0.20999999,0.19230066,1014496000
2009-01-09,0.20999999,0.20999999,0.19775,0.19825,0.18154097,761352000
2009-01-12,0.19825,0.19925,0.1875,0.19024999,0.17421523,645532000
2009-01-13,0.18375,0.19850001,0.18025,0.19125,0.17513096,1824424000
2009-01-14,0.18449999,0.18674999,0.18000001,0.18275,0.16734737,974908000
2009-01-15,0.18375,0.19225,0.18000001,0.18925001,0.17329958,998204000
2009-01-16,0.1945,0.2015,0.18825001,0.19975001,0.1829146,831324000
2009-01-20,0.19925,0.2,0.17874999,0.18025,0.16505811,705788000
2009-01-21,0.18375,0.19024999,0.177,0.189,0.17307064,648472000
2009-01-22,0.183,0.19050001,0.17874999,0.1855,0.16986559,547656000
2009-01-23,0.18025,0.19850001,0.18000001,0.19275001,0.17650457,633616000
2009-01-26,0.19374999,0.205,0.19050001,0.19925,0.18245679,581748000
2009-01-27,0.2025,0.21250001,0.20175,0.211,0.19321643,725300000
2009-01-28,0.2185,0.22325,0.2115,0.21975,0.20122893,723752000
2009-01-29,0.21250001,0.215,0.206,0.207,0.18955353,413128000
2009-01-30,0.20550001,0.211,0.19625001,0.19875,0.18199888,506760000
2009-02-02,0.19575,0.21175,0.19475,0.2095,0.19184281,577992000
2009-02-03,0.20999999,0.21375,0.20424999,0.212,0.1941321,396948000
2009-02-04,0.21250001,0.22875001,0.21250001,0.21799999,0.19962642,779232000
2009-02-05,0.21224999,0.23649999,0.20999999,0.234,0.21427786,919192000
2009-02-06,0.23475,0.24824999,0.23074999,0.24675,0.22595327,1157880000
2009-02-09,0.24575,0.24924999,0.23675001,0.24349999,0.22297721,716128000
2009-02-10,0.24325,0.2465,0.22849999,0.233,0.21336225,1129664000
2009-02-11,0.2145,0.22225,0.1965,0.20375,0.18657744,1983400000
2009-02-12,0.19925,0.20925,0.1965,0.208,0.19046928,1024020000
2009-02-13,0.20325001,0.21025001,0.20175,0.20774999,0.19024032,764304000
2009-02-17,0.2,0.20475,0.19499999,0.19575,0.17925172,779576000
2009-02-18,0.19575,0.2075,0.1955,0.20100001,0.18405926,646252000
2009-02-19,0.205,0.20675001,0.1855,0.1855,0.16986559,743988000
2009-02-20,0.183,0.19325,0.18125001,0.19024999,0.17421523,770056000
2009-02-23,0.1935,0.1945,0.18025,0.1815,0.16620269,679548000
2009-02-24,0.1825,0.198,0.18224999,0.19775,0.18108308,659524000
2009-02-25,0.19724999,0.206,0.19050001,0.2,0.18314353,702360000
2009-02-26,0.207,0.21349999,0.204,0.20649999,0.18909569,1117556000
2009-02-27,0.20125,0.21175,0.19975001,0.207,0.18955353,755444000
2009-03-02,0.20200001,0.20625,0.18875,0.1895,0.17352845,700064000
2009-03-03,0.193,0.2045,0.18674999,0.197,0.18039635,1041372000
2009-03-04,0.20225,0.2175,0.2005,0.2115,0.19367425,1108668000
2009-03-05,0.2085,0.21699999,0.20550001,0.20649999,0.18909569,955252000
2009-03-06,0.20649999,0.21725,0.20375,0.20975,0.19207177,974756000
2009-03-09,0.20825,0.22400001,0.207,0.2075,0.19001135,682768000
2009-03-10,0.215,0.23025,0.213,0.22624999,0.2071811,1254800000
2009-03-11,0.22624999,0.29624999,0.2225,0.2325,0.21290429,864916000
2009-03-12,0.23175,0.24875,0.22875001,0.24625,0.22549541,1604604000
2009-03-13,0.24275,0.2485,0.23875,0.245,0.22435078,1195156000
2009-03-16,0.2475,0.24775,0.2335,0.23549999,0.21565147,699344000
2009-03-17,0.23625,0.24775,0.23325001,0.24725001,0.22641118,1005384000
2009-03-18,0.24349999,0.26225001,0.24325,0.255,0.23350796,1359560000
2009-03-19,0.25674999,0.25674999,0.25025001,0.252,0.23076086,822648000
2009-03-20,0.25575,0.25600001,0.23175,0.23825,0.21816967,1093672000
2009-03-23,0.24575,0.25600001,0.24025001,0.25549999,0.23396581,816048000
2009-03-24,0.24924999,0.25150001,0.24325,0.2445,0.22389291,1114868000
2009-03-25,0.252,0.25999999,0.23899999,0.2485,0.2275558,1243852000
2009-03-26,0.2525,0.26449999,0.24975,0.264,0.24174944,1333664000
2009-03-27,0.26124999,0.26774999,0.25749999,0.2615,0.23946019,731892000
2009-03-30,0.25150001,0.25475001,0.24124999,0.24474999,0.22412188,780052000
2009-03-31,0.2485,0.2525,0.24474999,0.2465,0.22572435,805272000
2009-04-01,0.24349999,0.255,0.23424999,0.25275001,0.23144764,887920000
2009-04-02,0.26225001,0.26925001,0.25850001,0.26449999,0.24220729,1002860000
2009-04-03,0.26475,0.28375,0.26025,0.28299999,0.25914809,1003208000
2009-04-06,0.27825001,0.28625,0.27450001,0.28375,0.25983483,887288000
2009-04-07,0.27825001,0.28125,0.27225,0.27399999,0.25090668,607804000
2009-04-08,0.27700001,0.28600001,0.27474999,0.28525001,0.26120847,731652000
2009-04-09,0.29249999,0.30199999,0.29025,0.301,0.27563104,904412000
2009-04-13,0.29725,0.29750001,0.28475001,0.29124999,0.2667028,767628000
2009-04-14,0.28725001,0.30000001,0.28600001,0.29300001,0.2683053,711960000
2009-04-15,0.28275001,0.28600001,0.27274999,0.28475001,0.26075053,1045368000
2009-04-16,0.28999999,0.29550001,0.27900001,0.292,0.26738948,1038772000
2009-04-17,0.292,0.29675001,0.285,0.294,0.26922104,695764000
2009-04-20,0.28275001,0.28525001,0.27474999,0.27625,0.25296694,590660000
2009-04-21,0.27250001,0.287,0.2685,0.2755,0.25228009,932184000
2009-04-22,0.273,0.29525,0.2685,0.28375,0.25983483,916404000
2009-04-23,0.28650001,0.289,0.2705,0.27925,0.25571412,753952000
2009-04-24,0.28200001,0.28775001,0.27524999,0.28575,0.26166639,759508000
2009-04-27,0.28200001,0.28999999,0.27375001,0.2755,0.25228009,787024000
2009-04-28,0.27200001,0.28200001,0.26949999,0.27625,0.25296694,634392000
2009-04-29,0.2775,0.27875,0.26875001,0.27200001,0.24907522,859668000
2009-04-30,0.27724999,0.29499999,0.27500001,0.287,0.26281095,1110276000
2009-05-01,0.28625,0.2985,0.28600001,0.29175001,0.26716062,840548000
2009-05-04,0.29675001,0.30974999,0.29275,0.3075,0.2815831,927704000
2009-05-05,0.30074999,0.30274999,0.28874999,0.29499999,0.27013662,837076000
2009-05-06,0.29824999,0.301,0.28325,0.289,0.26464233,935088000
2009-05-07,0.29550001,0.29550001,0.26449999,0.26824999,0.24564114,1289196000
2009-05-08,0.26249999,0.26249999,0.22775,0.23125,0.2117597,2930564000
2009-05-11,0.22750001,0.24150001,0.2255,0.23575,0.21588042,1038596000
2009-05-12,0.241,0.241,0.22,0.2245,0.2055786,1201384000
2009-05-13,0.223,0.22425,0.20825,0.20999999,0.19230066,1305608000
2009-05-14,0.20975,0.2175,0.20825,0.213,0.19504784,1017864000
2009-05-15,0.2145,0.226,0.212,0.2185,0.20008428,780308000
2009-05-18,0.22400001,0.23325001,0.2235,0.23175,0.21221749,938320000
2009-05-19,0.23325001,0.23899999,0.2295,0.23625,0.21633828,859768000
2009-05-20,0.2405,0.25624999,0.2395,0.24325,0.22274825,1309436000
2009-05-21,0.24025001,0.245,0.235,0.24175,0.22137474,965600000
2009-05-22,0.24175,0.249,0.23725,0.2455,0.22480862,718260000
2009-05-26,0.24325,0.26075,0.24075,0.25874999,0.23694193,865540000
2009-05-27,0.25749999,0.26699999,0.255,0.25924999,0.23739973,814152000
2009-05-28,0.26324999,0.26499999,0.25150001,0.26275,0.24060477,995288000
2009-05-29,0.26300001,0.26350001,0.25174999,0.26075,0.23877333,834232000
2009-06-01,0.26374999,0.27500001,0.26275,0.2735,0.25044864,1022764000
2009-06-02,0.2735,0.27950001,0.26625001,0.27125001,0.24838832,907984000
2009-06-03,0.26774999,0.26875001,0.25624999,0.26275,0.24060477,735688000
2009-06-04,0.26350001,0.27274999,0.26324999,0.27225,0.2493041,673180000
2009-06-05,0.27724999,0.27724999,0.26750001,0.27074999,0.24793047,559992000
2009-06-08,0.26875001,0.273,0.26249999,0.26925001,0.246557,473948000
2009-06-09,0.273,0.287,0.271,0.28400001,0.2600638,725032000
2009-06-10,0.28549999,0.29475001,0.27925,0.29300001,0.2683053,833320000
2009-06-11,0.29374999,0.30500001,0.28749999,0.28924999,0.26487121,835156000
2009-06-12,0.285,0.28874999,0.27849999,0.28775001,0.2634978,595000000
2009-06-15,0.2825,0.28625,0.278,0.28299999,0.25914809,445164000
2009-06-16,0.28299999,0.28650001,0.27125001,0.27524999,0.25205114,594912000
2009-06-17,0.27950001,0.28475001,0.26875001,0.28200001,0.25823241,799016000
2009-06-18,0.28099999,0.28625,0.2735,0.27649999,0.25319582,566376000
2009-06-19,0.27925,0.28650001,0.27575001,0.27950001,0.25594306,747564000
2009-06-22,0.28049999,0.28049999,0.26275,0.26374999,0.24152051,574864000
2009-06-23,0.26625001,0.26675001,0.25224999,0.26249999,0.24037579,589764000
2009-06-24,0.26574999,0.2775,0.26574999,0.27125001,0.24838832,515096000
2009-06-25,0.26875001,0.28600001,0.266,0.28549999,0.26143736,870444000
2009-06-26,0.28424999,0.29025,0.28174999,0.28924999,0.26487121,513956000
2009-06-29,0.28999999,0.29449999,0.28625,0.28924999,0.26487121,510056000
2009-06-30,0.28825,0.29225001,0.27700001,0.28224999,0.25846115,589844000
2009-07-01,0.28400001,0.28725001,0.27875,0.28349999,0.25960582,696420000
2009-07-02,0.27425,0.27774999,0.26875001,0.27250001,0.24953316,552312000
2009-07-06,0.27225,0.27250001,0.25924999,0.26374999,0.24152051,752456000
2009-07-07,0.26475,0.26625001,0.25150001,0.25224999,0.23098969,1072996000
2009-07-08,0.25375,0.2545,0.24275,0.25275001,0.23144764,1205860000
2009-07-09,0.257,0.26249999,0.25624999,0.25825,0.23648395,714564000
2009-07-10,0.25825,0.26100001,0.25275001,0.25924999,0.23739973,520008000
2009-07-13,0.26449999,0.26449999,0.24875,0.26225001,0.24014692,556012000
2009-07-14,0.26425001,0.26875001,0.26124999,0.26774999,0.24518336,452568000
2009-07-15,0.2775,0.28424999,0.27500001,0.27875,0.25525633,1022808000
2009-07-16,0.28174999,0.29425001,0.28025001,0.29324999,0.26853421,952076000
2009-07-17,0.29324999,0.30274999,0.29025,0.30175,0.27631792,850356000
2009-07-20,0.30425,0.30875,0.30024999,0.3055,0.27975178,782756000
2009-07-21,0.30475,0.30599999,0.29225001,0.29925001,0.27402848,941296000
2009-07-22,0.29324999,0.30950001,0.29124999,0.30675,0.28089637,600908000
2009-07-23,0.30724999,0.32600001,0.30399999,0.32499999,0.29760829,1046120000
2009-07-24,0.315,0.32499999,0.31299999,0.324,0.29669246,650592000
2009-07-27,0.32100001,0.33024999,0.31799999,0.32550001,0.29806608,677484000
2009-07-28,0.32325,0.32949999,0.32049999,0.32600001,0.29852399,563180000
2009-07-29,0.32225001,0.32425001,0.31625,0.3195,0.29257175,373972000
2009-07-30,0.32499999,0.32925001,0.31924999,0.322,0.29486099,468444000
2009-07-31,0.322,0.32775,0.3145,0.32325,0.2960057,541560000
2009-08-03,0.331,0.33575001,0.32475001,0.33199999,0.3040182,471900000
2009-08-04,0.32624999,0.34,0.32574999,0.33425,0.3060787,695380000
2009-08-05,0.33225,0.33750001,0.32824999,0.33500001,0.3067652,610768000
2009-08-06,0.33625001,0.34224999,0.32600001,0.32800001,0.30035529,957588000
2009-08-07,0.34575,0.35574999,0.338,0.34275001,0.31386217,1401872000
2009-08-10,0.34525001,0.35025001,0.32949999,0.33149999,0.30356035,693312000
2009-08-11,0.32925001,0.33425,0.322,0.32374999,0.29646349,481884000
2009-08-12,0.324,0.33925,0.32374999,0.33575001,0.30745208,634940000
2009-08-13,0.33825001,0.347,0.33225,0.34575,0.31660938,564028000
2009-08-14,0.34525001,0.34575,0.331,0.3355,0.30722317,427148000
2009-08-17,0.32525,0.32624999,0.31799999,0.3215,0.29440331,465032000
2009-08-18,0.3215,0.33700001,0.32124999,0.33324999,0.30516288,636200000
2009-08-19,0.32824999,0.33149999,0.32499999,0.32949999,0.30172893,552996000
2009-08-20,0.32800001,0.34400001,0.32725,0.3425,0.31363332,819840000
2009-08-21,0.34525001,0.34875,0.33825001,0.34825,0.31889871,607324000
2009-08-24,0.34625,0.34999999,0.33649999,0.33849999,0.30997041,461456000
2009-08-25,0.34024999,0.345,0.33450001,0.34150001,0.31271747,444088000
2009-08-26,0.34075001,0.34625,0.33950001,0.34549999,0.31638041,434308000
2009-08-27,0.347,0.35174999,0.34325001,0.35025001,0.32073,551072000
2009-08-28,0.35975,0.37575001,0.35925001,0.36825001,0.33721304,883992000
2009-08-31,0.36399999,0.36575001,0.35824999,0.36300001,0.33240539,431796000
2009-09-01,0.36274999,0.373,0.34875,0.35075,0.32118797,736856000
2009-09-02,0.35124999,0.35925001,0.34924999,0.35574999,0.32576647,404656000
2009-09-03,0.35574999,0.36475,0.35475001,0.36425,0.33355016,534020000
2009-09-04,0.36274999,0.38025001,0.36274999,0.37775001,0.34591231,513048000
2009-09-08,0.38049999,0.38824999,0.3775,0.38824999,0.3555274,549712000
2009-09-09,0.38749999,0.39974999,0.382,0.39899999,0.36537117,571684000
2009-09-10,0.40024999,0.41225001,0.39574999,0.41174999,0.37704667,607952000
2009-09-11,0.41075,0.41225001,0.405,0.40799999,0.37361267,712732000
2009-09-14,0.40200001,0.40525001,0.39774999,0.40125,0.36743173,490516000
2009-09-15,0.405,0.4145,0.40125,0.4095,0.3749862,546136000
2009-09-16,0.40849999,0.40924999,0.39250001,0.3985,0.36491358,707064000
2009-09-17,0.39750001,0.39750001,0.37424999,0.38100001,0.34888846,923096000
2009-09-18,0.38475001,0.38749999,0.3775,0.38049999,0.34843045,604740000
2009-09-21,0.37599999,0.38525,0.37275001,0.37875,0.34682801,588776000
2009-09-22,0.38150001,0.38374999,0.37650001,0.3795,0.34751478,361388000
2009-09-23,0.38174999,0.38499999,0.373,0.37349999,0.34202054,478936000
2009-09-24,0.37975001,0.37975001,0.36725,0.36849999,0.33744186,552876000
2009-09-25,0.36649999,0.36825001,0.35975,0.36250001,0.33194762,377556000
2009-09-28,0.36375001,0.38,0.36375001,0.37075001,0.3395023,467708000
2009-09-29,0.373,0.3775,0.36324999,0.36399999,0.33332109,470928000
2009-09-30,0.37149999,0.38025001,0.36324999,0.37575001,0.3440809,875956000
2009-10-01,0.37450001,0.37450001,0.34875,0.34900001,0.31958535,999960000
2009-10-02,0.34549999,0.35374999,0.34349999,0.34625,0.3170673,612476000
2009-10-05,0.34999999,0.35124999,0.33849999,0.34450001,0.31546476,754276000
2009-10-06,0.34875,0.35624999,0.34625,0.35025001,0.32073,761272000
2009-10-07,0.34775001,0.3515,0.34375,0.3475,0.31821185,459608000
2009-10-08,0.3495,0.35049999,0.33724999,0.34975001,0.32027218,1241524000
2009-10-09,0.34775001,0.35475001,0.34725001,0.35425001,0.324393,618540000
2009-10-12,0.34825,0.35699999,0.34799999,0.35025001,0.32073,499008000
2009-10-13,0.35225001,0.35624999,0.34575,0.34900001,0.31958535,602124000
2009-10-14,0.36250001,0.36250001,0.34674999,0.34850001,0.31912753,1101948000
2009-10-15,0.34799999,0.35124999,0.336,0.33825001,0.30974153,1092196000
2009-10-16,0.33399999,0.33500001,0.32449999,0.33050001,0.30264473,1018832000
2009-10-19,0.33324999,0.34525001,0.33050001,0.3425,0.31363332,695588000
2009-10-20,0.34825,0.35075,0.34,0.34275001,0.31386217,660180000
2009-10-21,0.34150001,0.34674999,0.33274999,0.33450001,0.30630761,503956000
2009-10-22,0.33274999,0.33849999,0.32699999,0.33675,0.30836791,379328000
2009-10-23,0.34125,0.34125,0.32675001,0.32875001,0.30104211,429528000
2009-10-26,0.33125001,0.33625001,0.32275,0.32449999,0.2971504,481652000
2009-10-27,0.32300001,0.32775,0.31025001,0.31349999,0.28707746,591836000
2009-10-28,0.30649999,0.31349999,0.29899999,0.30050001,0.27517316,773632000
2009-10-29,0.30524999,0.31525001,0.30250001,0.31375,0.28730631,637100000
2009-10-30,0.31224999,0.31349999,0.29750001,0.29899999,0.27379948,604144000
2009-11-02,0.2985,0.30825001,0.29324999,0.30175,0.27631792,593136000
2009-11-03,0.292,0.30175,0.289,0.30024999,0.27494416,876472000
2009-11-04,0.30250001,0.30575001,0.29824999,0.29949999,0.27425751,916840000
2009-11-05,0.303,0.30974999,0.30199999,0.30675,0.28089637,955156000
2009-11-06,0.32600001,0.33575001,0.322,0.329,0.30127111,1641112000
2009-11-09,0.3335,0.34125,0.33324999,0.33649999,0.30813906,818124000
2009-11-10,0.33774999,0.33774999,0.324,0.32824999,0.30058432,781472000
2009-11-11,0.33375001,0.34549999,0.33324999,0.33750001,0.30905467,871512000
2009-11-12,0.3405,0.34625,0.3355,0.33649999,0.30813906,505864000
2009-11-13,0.33625001,0.34075001,0.33475,0.33899999,0.31042835,388524000
2009-11-16,0.34200001,0.34775001,0.34024999,0.34375,0.31477779,402820000
2009-11-17,0.34400001,0.34400001,0.33675,0.34325001,0.31432006,350124000
2009-11-18,0.34,0.34125,0.33225,0.338,0.30951253,455516000
2009-11-19,0.33074999,0.33074999,0.31850001,0.32449999,0.2971504,833840000
2009-11-20,0.317,0.324,0.31625,0.32249999,0.29531896,426748000
2009-11-23,0.32725,0.33324999,0.32350001,0.32499999,0.29760829,390924000
2009-11-24,0.32350001,0.32574999,0.31775001,0.32300001,0.29577672,418504000
2009-11-25,0.32675001,0.33125001,0.32449999,0.32675001,0.29921064,441760000
2009-11-27,0.315,0.32350001,0.31325001,0.31975001,0.29280072,279932000
2009-11-30,0.32100001,0.32675001,0.3175,0.3265,0.29898182,509836000
2009-12-01,0.32824999,0.33675,0.3265,0.333,0.30493408,461936000
2009-12-02,0.33375001,0.34375,0.33175001,0.34299999,0.31409109,602292000
2009-12-03,0.347,0.35325,0.34525001,0.34575,0.31660938,660036000
2009-12-04,0.35225001,0.35800001,0.34674999,0.3565,0.32645336,824564000
2009-12-07,0.39625001,0.41125,0.3775,0.40224999,0.36834732,2732184000
2009-12-08,0.39574999,0.39750001,0.38049999,0.38275,0.35049099,1075512000
2009-12-09,0.38675001,0.39524999,0.38299999,0.39225,0.35919026,671588000
2009-12-10,0.39500001,0.39750001,0.384,0.38525,0.35278019,417012000
2009-12-11,0.38850001,0.389,0.37924999,0.38025001,0.3482016,416744000
2009-12-14,0.38575,0.39300001,0.38150001,0.39175001,0.35873225,405488000
2009-12-15,0.389,0.39774999,0.38800001,0.39125001,0.35827455,446152000
2009-12-16,0.40525001,0.42725,0.403,0.42275,0.38711947,1683400000
2009-12-17,0.42399999,0.43700001,0.4145,0.42074999,0.38528803,1016132000
2009-12-18,0.42425001,0.42574999,0.41549999,0.42050001,0.38505933,812828000
2009-12-21,0.42300001,0.43724999,0.42250001,0.4355,0.39879498,427792000
2009-12-22,0.4355,0.4515,0.435,0.447,0.40932575,793044000
2009-12-23,0.45124999,0.45449999,0.44549999,0.45324999,0.41504902,442196000
2009-12-24,0.45449999,0.45524999,0.45050001,0.45225,0.41413319,136812000
2009-12-28,0.4515,0.45550001,0.44049999,0.44499999,0.40749434,465760000
2009-12-29,0.44350001,0.45175001,0.4425,0.45050001,0.41253084,475848000
2009-12-30,0.45475,0.46950001,0.4515,0.46675,0.42741117,704008000
2009-12-31,0.46775001,0.47375,0.46650001,0.46700001,0.42764017,700340000
2010-01-04,0.46274999,0.4655,0.45275,0.46224999,0.42329046,800204000
2010-01-05,0.4605,0.47400001,0.4605,0.46900001,0.42947149,728648000
2010-01-06,0.46875,0.47299999,0.46425,0.472,0.43221861,649168000
2010-01-07,0.46950001,0.47150001,0.45925,0.46274999,0.42374831,547792000
2010-01-08,0.45899999,0.46700001,0.45625001,0.46375,0.42466414,478168000
2010-01-11,0.46625,0.46825001,0.45074999,0.45725,0.4187119,556612000
2010-01-12,0.45050001,0.45225,0.43224999,0.44174999,0.40451813,627432000
2010-01-13,0.44475001,0.44925001,0.42750001,0.44775,0.41001245,508868000
2010-01-14,0.44225001,0.44549999,0.43325001,0.44075,0.40360239,608524000
2010-01-15,0.4375,0.44125,0.42199999,0.42774999,0.39169821,818192000
2010-01-19,0.42449999,0.43849999,0.42324999,0.43575001,0.39902398,545328000
2010-01-20,0.43024999,0.43575001,0.42449999,0.43399999,0.39742151,719728000
2010-01-21,0.43375,0.44150001,0.42225,0.42625001,0.39032456,608632000
2010-01-22,0.42124999,0.42899999,0.40900001,0.41150001,0.37681788,1067916000
2010-01-25,0.41824999,0.42649999,0.41525,0.41850001,0.38322785,643676000
2010-01-26,0.4165,0.41925001,0.405,0.40525001,0.37109458,714636000
2010-01-27,0.405,0.41775,0.4005,0.41624999,0.38116735,812504000
2010-01-28,0.41949999,0.421,0.39649999,0.40224999,0.36834732,687764000
2010-01-29,0.40674999,0.41125,0.37875,0.38475001,0.35232228,774700000
2010-02-01,0.38624999,0.41499999,0.38299999,0.41424999,0.37933597,949832000
2010-02-02,0.41275001,0.42375001,0.41150001,0.41850001,0.38322785,849812000
2010-02-03,0.41475001,0.42375001,0.41275001,0.42199999,0.38643286,562296000
2010-02-04,0.41824999,0.41824999,0.39300001,0.39750001,0.36399776,783480000
2010-02-05,0.39700001,0.40650001,0.38999999,0.40549999,0.37132353,604856000
2010-02-08,0.40425,0.4145,0.39675,0.40474999,0.3706367,445160000
2010-02-09,0.41125,0.41325,0.39750001,0.40149999,0.36766061,930144000
2010-02-10,0.40400001,0.41299999,0.40125,0.40924999,0.37475732,535828000
2010-02-11,0.41575,0.4325,0.41275001,0.428,0.39192712,695980000
2010-02-12,0.42500001,0.4425,0.42025,0.43375,0.39719227,780212000
2010-02-16,0.4395,0.44350001,0.43425,0.44174999,0.40451813,457024000
2010-02-17,0.44725001,0.44749999,0.43325001,0.44600001,0.40841001,876560000
2010-02-18,0.4215,0.42375001,0.40525001,0.41675001,0.38162529,1515508000
2010-02-19,0.41499999,0.41949999,0.41249999,0.4145,0.37956497,510548000
2010-02-22,0.41624999,0.42250001,0.41249999,0.41525,0.38025168,458084000
2010-02-23,0.4165,0.41824999,0.40099999,0.40525001,0.37109458,489764000
2010-02-24,0.40875,0.41775,0.4075,0.41374999,0.37887818,445868000
2010-02-25,0.40425,0.41100001,0.39399999,0.41,0.37544414,576972000
2010-02-26,0.40799999,0.41100001,0.4025,0.405,0.37086555,393396000
2010-03-01,0.40525001,0.42324999,0.40200001,0.42124999,0.38574603,555868000
2010-03-02,0.42500001,0.43024999,0.41800001,0.421,0.38551706,538648000
2010-03-03,0.4235,0.42574999,0.41225001,0.41575,0.38070953,399300000
2010-03-04,0.41749999,0.42074999,0.41125,0.4165,0.38139632,557396000
2010-03-05,0.41350001,0.43224999,0.41350001,0.42925,0.39307177,632832000
2010-03-08,0.42950001,0.43075001,0.42124999,0.42300001,0.3873485,439312000
2010-03-09,0.42725,0.44299999,0.42699999,0.43875,0.40177113,830832000
2010-03-10,0.4375,0.4445,0.43724999,0.43974999,0.4026868,418520000
2010-03-11,0.43625,0.43775001,0.428,0.42975,0.39352959,540660000
2010-03-12,0.43450001,0.43575001,0.42899999,0.43125001,0.3949033,520352000
2010-03-15,0.43075001,0.435,0.42500001,0.42899999,0.39284277,358904000
2010-03-16,0.42875001,0.4465,0.4285,0.44400001,0.40657872,664988000
2010-03-17,0.4465,0.4585,0.4465,0.45249999,0.41436219,651168000
2010-03-18,0.45324999,0.45324999,0.4325,0.43650001,0.39971074,740964000
2010-03-19,0.44299999,0.44424999,0.42574999,0.43125001,0.3949033,584612000
2010-03-22,0.42574999,0.44,0.42574999,0.43825001,0.4013133,435336000
2010-03-23,0.44150001,0.44949999,0.43849999,0.44725001,0.40955463,493612000
2010-03-24,0.44350001,0.44475001,0.43149999,0.43224999,0.39581898,436252000
2010-03-25,0.43849999,0.44125,0.4325,0.43349999,0.39696354,495184000
2010-03-26,0.43724999,0.44174999,0.43000001,0.43349999,0.39696354,344676000
2010-03-29,0.43625,0.44,0.43024999,0.43900001,0.40199989,394456000
2010-03-30,0.44400001,0.44624999,0.43325001,0.44075,0.40360239,324104000
2010-03-31,0.43900001,0.44100001,0.43274999,0.435,0.3983371,389840000
2010-04-01,0.43700001,0.442,0.426,0.4305,0.39421642,339664000
2010-04-05,0.43325001,0.43775001,0.43274999,0.43700001,0.40016857,413636000
2010-04-06,0.43149999,0.4325,0.41874999,0.42625001,0.39032456,809260000
2010-04-07,0.4235,0.43625,0.41999999,0.42899999,0.39284277,817468000
2010-04-08,0.42625001,0.42950001,0.41975001,0.42199999,0.38643286,1037600000
2010-04-09,0.421,0.42625001,0.41874999,0.42475,0.38895106,817572000
2010-04-12,0.42524999,0.43425,0.42449999,0.4325,0.39604777,546460000
2010-04-13,0.43425,0.44299999,0.4325,0.44150001,0.40428936,648696000
2010-04-14,0.45100001,0.45324999,0.44,0.447,0.40932575,900720000
2010-04-15,0.44850001,0.45300001,0.44400001,0.45025,0.4123019,957596000
2010-04-16,0.43200001,0.43375,0.417,0.42649999,0.39055353,1917736000
2010-04-19,0.42324999,0.42574999,0.41025001,0.42449999,0.38872209,1094492000
2010-04-20,0.42750001,0.43200001,0.42050001,0.426,0.39009568,678188000
2010-04-21,0.42825001,0.42875001,0.41,0.41499999,0.3800227,895908000
2010-04-22,0.40825,0.41800001,0.4025,0.41675001,0.38162529,656932000
2010-04-23,0.41549999,0.4165,0.40375,0.41100001,0.37635988,752916000
2010-04-26,0.41150001,0.41999999,0.41075,0.41499999,0.3800227,491092000
2010-04-27,0.412,0.41624999,0.40200001,0.40325001,0.36926305,606704000
2010-04-28,0.403,0.40975001,0.39574999,0.40400001,0.36994982,672164000
2010-04-29,0.40525001,0.41675001,0.39925,0.41624999,0.38116735,987128000
2010-04-30,0.41125,0.412,0.39250001,0.39274999,0.35964823,1068048000
2010-05-03,0.39475,0.39700001,0.38249999,0.38850001,0.35575625,1078972000
2010-05-04,0.38249999,0.38325,0.36324999,0.36875001,0.33767074,1311376000
2010-05-05,0.36125001,0.37175,0.35800001,0.36250001,0.33194762,1330840000
2010-05-06,0.36000001,0.36750001,0.32600001,0.35499999,0.32507983,1002888000
2010-05-07,0.35824999,0.35824999,0.33649999,0.34900001,0.31958535,1153712000
2010-05-10,0.37,0.37450001,0.36000001,0.36399999,0.33332109,979156000
2010-05-11,0.36050001,0.36725,0.35725001,0.36000001,0.32965845,829124000
2010-05-12,0.36250001,0.36899999,0.36025,0.36700001,0.3360683,901236000
2010-05-13,0.3655,0.38225001,0.36274999,0.36625001,0.33538154,1252000000
2010-05-14,0.34150001,0.3425,0.315,0.324,0.29669246,2493068000
2010-05-17,0.32449999,0.32875001,0.3145,0.32475001,0.2973792,856060000
2010-05-18,0.32749999,0.32949999,0.31224999,0.31400001,0.28753534,674112000
2010-05-19,0.3125,0.3195,0.31025001,0.31900001,0.29211399,826520000
2010-05-20,0.30974999,0.31900001,0.30024999,0.31150001,0.28524598,1129136000
2010-05-21,0.30250001,0.32699999,0.30250001,0.31825,0.29142702,1069600000
2010-05-24,0.31725001,0.32100001,0.308,0.30899999,0.28295675,664564000
2010-05-25,0.29925001,0.31874999,0.29624999,0.31725001,0.29051134,966652000
2010-05-26,0.33000001,0.33625001,0.31775001,0.31874999,0.29188499,995028000
2010-05-27,0.32675001,0.33750001,0.32600001,0.33750001,0.30905467,713560000
2010-05-28,0.33700001,0.33700001,0.32350001,0.3285,0.30081314,545116000
2010-06-01,0.324,0.32775,0.31424999,0.3145,0.28799313,527492000
2010-06-02,0.315,0.31850001,0.31299999,0.31799999,0.29119816,649088000
2010-06-03,0.31150001,0.31825,0.3105,0.3175,0.29074028,586360000
2010-06-04,0.30825001,0.31375,0.30074999,0.30250001,0.2770046,671456000
2010-06-07,0.30375001,0.30575001,0.28625,0.28749999,0.26326883,577248000
2010-06-08,0.28625,0.28625,0.27225,0.27950001,0.25594306,967636000
2010-06-09,0.28099999,0.28850001,0.27175,0.27274999,0.24976191,697152000
2010-06-10,0.27825001,0.285,0.2775,0.28375,0.25983483,611768000
2010-06-11,0.28075001,0.2915,0.28,0.29025,0.26578698,442104000
2010-06-14,0.29449999,0.29499999,0.28325,0.28400001,0.2600638,375080000
2010-06-15,0.28725001,0.29949999,0.28674999,0.29800001,0.27288374,528632000
2010-06-16,0.296,0.29875001,0.29025,0.29425001,0.26944986,366480000
2010-06-17,0.30450001,0.30625001,0.294,0.3055,0.27975178,859068000
2010-06-18,0.30724999,0.31125,0.30500001,0.3075,0.2815831,932832000
2010-06-21,0.31400001,0.31474999,0.29750001,0.30024999,0.27494416,579836000
2010-06-22,0.30399999,0.30774999,0.28749999,0.289,0.26464233,818164000
2010-06-23,0.29175001,0.29525,0.28349999,0.29225001,0.26761857,614060000
2010-06-24,0.29049999,0.292,0.27675,0.27774999,0.25434059,725028000
2010-06-25,0.27974999,0.28,0.27250001,0.27700001,0.25365362,507220000
2010-06-28,0.27900001,0.28150001,0.27250001,0.2775,0.25411165,372008000
2010-06-29,0.27149999,0.27175,0.26025,0.26199999,0.23991802,660808000
2010-06-30,0.26249999,0.26525,0.25525001,0.25525001,0.23373693,623072000
2010-07-01,0.25600001,0.26124999,0.24824999,0.2595,0.23762865,737008000
2010-07-02,0.26050001,0.26100001,0.2475,0.25624999,0.23465262,737096000
2010-07-06,0.25525001,0.26350001,0.25125,0.25350001,0.23213443,712020000
2010-07-07,0.2545,0.26725,0.25400001,0.26574999,0.24335188,608412000
2010-07-08,0.26750001,0.26774999,0.2545,0.25775,0.23602618,783272000
2010-07-09,0.259,0.26050001,0.25549999,0.25874999,0.23694193,571516000
2010-07-12,0.25874999,0.26675001,0.25850001,0.26350001,0.24129161,565396000
2010-07-13,0.26774999,0.27474999,0.26625001,0.273,0.24999103,723316000
2010-07-14,0.285,0.287,0.27175,0.27575001,0.25250912,1355664000
2010-07-15,0.27599999,0.27625,0.26475,0.26800001,0.2454123,953088000
2010-07-16,0.26800001,0.26875001,0.25025001,0.25125,0.23007402,1288604000
2010-07-19,0.25475001,0.26249999,0.25299999,0.2615,0.23946019,798440000
2010-07-20,0.25475001,0.26949999,0.2525,0.26800001,0.2454123,1160988000
2010-07-21,0.2705,0.27074999,0.25674999,0.25924999,0.23739973,624940000
2010-07-22,0.26199999,0.26625001,0.26050001,0.26350001,0.24129161,462612000
2010-07-23,0.26324999,0.26350001,0.25650001,0.259,0.2371708,817604000
2010-07-26,0.25825,0.26475,0.25424999,0.26374999,0.24152051,683548000
2010-07-27,0.26449999,0.26499999,0.25825,0.2615,0.23946019,683472000
2010-07-28,0.25725001,0.26175001,0.2525,0.25325,0.23190548,1320808000
2010-07-29,0.235,0.23999999,0.22675,0.22825,0.20901249,2664476000
2010-07-30,0.2265,0.23375,0.223,0.22975001,0.21038616,984288000
2010-08-02,0.23375,0.23475,0.22849999,0.2295,0.21015716,917020000
2010-08-03,0.22775,0.228,0.22175001,0.2235,0.20466287,955444000
2010-08-04,0.2255,0.23375,0.2245,0.233,0.21336225,855496000
2010-08-05,0.23375,0.23649999,0.2295,0.236,0.21610931,800504000
2010-08-06,0.235,0.24124999,0.233,0.23875,0.21862762,739904000
2010-08-09,0.24124999,0.24150001,0.23525,0.241,0.2206879,466456000
2010-08-10,0.237,0.2375,0.23,0.23100001,0.21153079,772560000
2010-08-11,0.22624999,0.22624999,0.22125,0.222,0.20328936,796148000
2010-08-12,0.21799999,0.229,0.21625,0.22400001,0.20512074,1343584000
2010-08-13,0.23125,0.23800001,0.23074999,0.23475,0.2149647,1797392000
2010-08-16,0.2315,0.23625,0.22575,0.22875001,0.20947041,814008000
2010-08-17,0.23100001,0.236,0.22875001,0.23175,0.21221749,481224000
2010-08-18,0.23100001,0.235,0.2295,0.233,0.21336225,352920000
2010-08-19,0.23549999,0.24775,0.23424999,0.24699999,0.22618222,1615100000
2010-08-20,0.24525,0.25525001,0.245,0.24924999,0.22824259,1305308000
2010-08-23,0.25,0.25624999,0.24474999,0.2455,0.22480862,748620000
2010-08-24,0.2375,0.2455,0.237,0.243,0.22251937,641332000
2010-08-25,0.24025001,0.25,0.23899999,0.248,0.22709794,757532000
2010-08-26,0.25125,0.25400001,0.245,0.245,0.22435078,657596000
2010-08-27,0.2465,0.255,0.24025001,0.25299999,0.2316765,1060416000
2010-08-30,0.25,0.252,0.241,0.241,0.2206879,602804000
2010-08-31,0.2375,0.245,0.2325,0.23325001,0.21359111,931488000
2010-09-01,0.23675001,0.23975,0.23375,0.235,0.21519366,851440000
2010-09-02,0.23575,0.23999999,0.2335,0.23925,0.2190854,596292000
2010-09-03,0.245,0.24824999,0.242,0.2475,0.22664005,566484000
2010-09-07,0.24675,0.25549999,0.24625,0.24975,0.22870047,899820000
2010-09-08,0.25025001,0.25975001,0.2475,0.25799999,0.23625517,1224156000
2010-09-09,0.26124999,0.2615,0.25125,0.2545,0.23305012,697748000
2010-09-10,0.25624999,0.257,0.24950001,0.25174999,0.23053192,609292000
2010-09-13,0.25624999,0.26925001,0.25624999,0.266,0.24358086,1015792000
2010-09-14,0.26374999,0.26699999,0.26124999,0.26350001,0.24129161,698536000
2010-09-15,0.26100001,0.26425001,0.25749999,0.264,0.24174944,555572000
2010-09-16,0.26050001,0.2665,0.26050001,0.26425001,0.24197839,365280000
2010-09-17,0.26675001,0.26699999,0.26300001,0.26374999,0.24152051,416884000
2010-09-20,0.26374999,0.26875001,0.26124999,0.26774999,0.24518336,443168000
2010-09-21,0.26625001,0.28674999,0.26625001,0.28224999,0.25846115,1779624000
2010-09-22,0.28125,0.28725001,0.27950001,0.28475001,0.26075053,999996000
2010-09-23,0.28799999,0.29949999,0.28549999,0.29049999,0.26601595,1240872000
2010-09-24,0.29699999,0.3075,0.29475001,0.30649999,0.28066739,1086976000
2010-09-27,0.30875,0.30899999,0.296,0.30000001,0.27471524,999504000
2010-09-28,0.30024999,0.3035,0.294,0.29925001,0.27402848,723192000
2010-09-29,0.2965,0.30575001,0.29374999,0.29699999,0.2719681,974904000
2010-09-30,0.30074999,0.30425,0.2895,0.292,0.26738948,787632000
2010-10-01,0.29624999,0.29675001,0.28150001,0.28375,0.25983483,999120000
2010-10-04,0.28099999,0.28575,0.27524999,0.28099999,0.25731671,749500000
2010-10-05,0.287,0.28749999,0.28224999,0.28299999,0.25914809,753588000
2010-10-06,0.28299999,0.28424999,0.26675001,0.26949999,0.24678583,1057604000
2010-10-07,0.27074999,0.271,0.2595,0.26750001,0.2449545,761488000
2010-10-08,0.2665,0.27375001,0.26275,0.27149999,0.24861714,706932000
2010-10-11,0.27274999,0.27500001,0.26899999,0.27024999,0.24747273,442680000
2010-10-12,0.26800001,0.27675,0.26574999,0.2755,0.25228009,605208000
2010-10-13,0.28,0.28749999,0.27700001,0.28349999,0.25960582,968732000
2010-10-14,0.28375,0.28424999,0.27774999,0.27900001,0.25548512,599172000
2010-10-15,0.28349999,0.28674999,0.27900001,0.28224999,0.25846115,639940000
2010-10-18,0.2825,0.28525001,0.2775,0.28400001,0.2600638,448156000
2010-10-19,0.27774999,0.28424999,0.2755,0.28224999,0.25846115,866136000
2010-10-20,0.2825,0.28999999,0.2775,0.28224999,0.25846115,763532000
2010-10-21,0.2825,0.28299999,0.273,0.27724999,0.25388274,1014428000
2010-10-22,0.27900001,0.29725,0.27599999,0.29499999,0.27013662,1322676000
2010-10-25,0.29725,0.30000001,0.29449999,0.29775,0.27265495,673136000
2010-10-26,0.29425001,0.30125001,0.29175001,0.29675001,0.27173918,675248000
2010-10-27,0.294,0.30199999,0.29324999,0.301,0.27563104,496796000
2010-10-28,0.30500001,0.30599999,0.2985,0.30125001,0.27585995,704448000
2010-10-29,0.30074999,0.30375001,0.29750001,0.30050001,0.27517316,554664000
2010-11-01,0.30250001,0.30724999,0.2985,0.301,0.27563104,473920000
2010-11-02,0.30225,0.31224999,0.30050001,0.30724999,0.28135428,581036000
2010-11-03,0.30925,0.31150001,0.30125001,0.30950001,0.2834146,671748000
2010-11-04,0.3125,0.31575,0.30950001,0.31,0.28387225,700016000
2010-11-05,0.31224999,0.31799999,0.31075001,0.31525001,0.28867993,735116000
2010-11-08,0.315,0.31924999,0.3125,0.31650001,0.2898246,605156000
2010-11-09,0.31650001,0.31900001,0.31299999,0.31474999,0.28822207,633964000
2010-11-10,0.317,0.31850001,0.3125,0.31850001,0.29165602,521016000
2010-11-11,0.31099999,0.32049999,0.30675,0.31525001,0.28867993,1089980000
2010-11-12,0.32725,0.34200001,0.32574999,0.33149999,0.30356035,2142560000
2010-11-15,0.333,0.33774999,0.32675001,0.32749999,0.29989743,733548000
2010-11-16,0.322,0.3265,0.31725001,0.31775001,0.29096922,739356000
2010-11-17,0.3175,0.32675001,0.3145,0.32300001,0.29577672,551764000
2010-11-18,0.32725,0.33625001,0.32725,0.333,0.30493408,993120000
2010-11-19,0.33225,0.345,0.33175001,0.34375,0.31477779,716484000
2010-11-22,0.34150001,0.34599999,0.33849999,0.34400001,0.31500673,462668000
2010-11-23,0.34,0.34349999,0.3335,0.336,0.30768111,457832000
2010-11-24,0.33950001,0.34549999,0.33925,0.34424999,0.31523576,397784000
2010-11-26,0.34400001,0.34599999,0.34,0.34,0.31134403,143104000
2010-11-29,0.33849999,0.345,0.33700001,0.34375,0.31477779,468192000
2010-11-30,0.33849999,0.34200001,0.33399999,0.34024999,0.31157288,720936000
2010-12-01,0.347,0.35749999,0.34650001,0.35525,0.32530865,626536000
2010-12-02,0.35525,0.36175001,0.35499999,0.35949999,0.32920045,529316000
2010-12-03,0.35775,0.36974999,0.35699999,0.36974999,0.33858648,606044000
2010-12-06,0.37099999,0.37175,0.36125001,0.36274999,0.33217663,438424000
2010-12-07,0.37125,0.38325,0.3705,0.37450001,0.34293616,1026812000
2010-12-08,0.37400001,0.38174999,0.37125,0.37775001,0.34591231,613252000
2010-12-09,0.36875001,0.37400001,0.3635,0.37149999,0.34018895,942408000
2010-12-10,0.37149999,0.37724999,0.3705,0.37375,0.34224936,451900000
2010-12-13,0.37525001,0.37599999,0.36324999,0.36425,0.33355016,609108000
2010-12-14,0.37125,0.37799999,0.36425,0.36475,0.33400789,755160000
2010-12-15,0.3655,0.37,0.35624999,0.35675001,0.32668212,624176000
2010-12-16,0.36050001,0.36250001,0.35624999,0.35725001,0.32714012,631872000
2010-12-17,0.35749999,0.36125001,0.35325,0.35925001,0.32897153,593156000
2010-12-20,0.36050001,0.36225,0.35749999,0.35775,0.32759804,344088000
2010-12-21,0.36125001,0.37175,0.361,0.37175,0.34041798,466952000
2010-12-22,0.37099999,0.37625,0.36750001,0.37575001,0.3440809,477988000
2010-12-23,0.37575001,0.37575001,0.37149999,0.373,0.34156266,273784000
2010-12-27,0.37200001,0.37775001,0.36524999,0.375,0.34339395,255500000
2010-12-28,0.375,0.3775,0.37125,0.37349999,0.34202054,194260000
2010-12-29,0.37325001,0.37625,0.37,0.37349999,0.34202054,177660000
2010-12-30,0.373,0.377,0.37175,0.37474999,0.34316516,174488000
2010-12-31,0.375,0.38550001,0.37450001,0.38499999,0.35255125,391252000
2011-01-03,0.38800001,0.39925,0.38749999,0.3955,0.36216617,817448000
2011-01-04,0.39625001,0.398,0.38550001,0.39425001,0.36102164,651384000
2011-01-05,0.40149999,0.42500001,0.39750001,0.42449999,0.38872209,1428216000
2011-01-06,0.4355,0.4835,0.43425,0.48324999,0.44252068,3493312000
2011-01-07,0.47775,0.49825001,0.46700001,0.49675,0.45488277,2579984000
2011-01-10,0.48774999,0.51674998,0.484,0.51574999,0.47228128,1750348000
2011-01-11,0.52275002,0.52775002,0.49675,0.50774997,0.46495551,2711088000
2011-01-12,0.50800002,0.58424997,0.50625002,0.58375001,0.53455013,3431896000
2011-01-13,0.57749999,0.59600002,0.55949998,0.58475,0.53546602,2695192000
2011-01-14,0.57475001,0.5995,0.57125002,0.58974999,0.54004461,1595352000
2011-01-18,0.58174998,0.58574998,0.56174999,0.57599998,0.52745342,1813348000
2011-01-19,0.57625002,0.58999997,0.55900002,0.56024998,0.51303071,1197896000
2011-01-20,0.55475003,0.56400001,0.54474998,0.56075001,0.51348865,1111408000
2011-01-21,0.56674999,0.57475001,0.55449998,0.55549997,0.50868118,739244000
2011-01-24,0.58099997,0.62625003,0.57450002,0.61825001,0.56614244,2056900000
2011-01-25,0.61549997,0.62199998,0.59525001,0.59925002,0.54874355,1086856000
2011-01-26,0.60549998,0.625,0.60124999,0.6135,0.56179273,1074660000
2011-01-27,0.62225002,0.62374997,0.60000002,0.61175001,0.56019032,657396000
2011-01-28,0.61325002,0.62349999,0.57999998,0.59399998,0.54393619,1094796000
2011-01-31,0.59500003,0.60624999,0.58525002,0.59799999,0.54759896,750160000
2011-02-01,0.60325003,0.61624998,0.59925002,0.61175001,0.56019032,654104000
2011-02-02,0.60825002,0.65425003,0.60825002,0.63950002,0.58560145,1606616000
2011-02-03,0.64050001,0.64050001,0.61374998,0.6275,0.57461262,1030776000
2011-02-04,0.63625002,0.64674997,0.63375002,0.64174998,0.58766156,872900000
2011-02-07,0.63300002,0.63575,0.61274999,0.61500001,0.5631662,934236000
2011-02-08,0.61575001,0.61975002,0.59399998,0.59675002,0.54645461,1076584000
2011-02-09,0.59899998,0.60500002,0.5715,0.58225,0.53317648,1277520000
2011-02-10,0.56924999,0.58025002,0.565,0.57050002,0.52241695,1042352000
2011-02-11,0.56849998,0.60525,0.55925,0.58674997,0.53729725,1359276000
2011-02-14,0.59375,0.61250001,0.57550001,0.57775003,0.52905589,1287828000
2011-02-15,0.57875001,0.58074999,0.56124997,0.56375003,0.51623583,886980000
2011-02-16,0.57125002,0.59275001,0.56924999,0.58450001,0.53523713,1318364000
2011-02-17,0.56800002,0.65025002,0.56524998,0.64200002,0.58789063,3470096000
2011-02-18,0.63849998,0.64875001,0.63075,0.64074999,0.58674604,1394412000
2011-02-22,0.61975002,0.62150002,0.57824999,0.58025002,0.53134513,1396648000
2011-02-23,0.58025002,0.58574998,0.54449999,0.55274999,0.50616288,1491604000
2011-02-24,0.55549997,0.57599998,0.55150002,0.56625003,0.51852512,1246120000
2011-02-25,0.58149999,0.58749998,0.57349998,0.57800001,0.52928466,775652000
2011-02-28,0.58749998,0.58775002,0.5535,0.56650001,0.51875401,903696000
2011-03-01,0.5675,0.57475001,0.54124999,0.54124999,0.49563226,988448000
2011-03-02,0.54049999,0.55075002,0.50625002,0.51875001,0.47502851,1718140000
2011-03-03,0.53074998,0.53375,0.50599998,0.52174997,0.4777756,1593704000
2011-03-04,0.52225,0.52749997,0.51324999,0.51899999,0.47525731,959760000
2011-03-07,0.52275002,0.52450001,0.49875,0.51174998,0.46861842,1019140000
2011-03-08,0.51725,0.51999998,0.47799999,0.48875001,0.44755697,1947184000
2011-03-09,0.48725,0.49200001,0.47424999,0.47850001,0.43817079,1318976000
2011-03-10,0.4675,0.47099999,0.44749999,0.44800001,0.41024148,1722736000
2011-03-11,0.45175001,0.46375,0.44150001,0.45124999,0.41321746,1486832000
2011-03-14,0.45475,0.46625,0.44749999,0.45500001,0.41665149,1003360000
2011-03-15,0.43274999,0.449,0.42524999,0.44150001,0.40428936,1256280000
2011-03-16,0.4375,0.45875001,0.4325,0.43825001,0.4013133,1476520000
2011-03-17,0.44999999,0.45074999,0.43000001,0.4465,0.4088679,1238516000
2011-03-18,0.4535,0.45500001,0.44,0.44049999,0.40337366,886960000
2011-03-21,0.44999999,0.45449999,0.4395,0.44400001,0.40657872,751832000
2011-03-22,0.44275001,0.447,0.43425,0.43625,0.3994818,718332000
2011-03-23,0.4355,0.4465,0.426,0.44525,0.40772331,782396000
2011-03-24,0.45475,0.48625001,0.45375001,0.48074999,0.44023114,1780592000
2011-03-25,0.48500001,0.48625001,0.465,0.46575001,0.42649549,1196392000
2011-03-28,0.47674999,0.491,0.4725,0.48300001,0.44229153,1204284000
2011-03-29,0.48300001,0.48475,0.47275001,0.47925001,0.43885761,715764000
2011-03-30,0.48300001,0.48500001,0.45524999,0.46125001,0.42237467,1176320000
2011-03-31,0.46200001,0.46700001,0.45300001,0.46149999,0.4226037,655112000
2011-04-01,0.4675,0.46799999,0.44874999,0.45500001,0.41665149,850072000
2011-04-04,0.45500001,0.45625001,0.4355,0.43875,0.40177113,924328000
2011-04-05,0.44525,0.44874999,0.43849999,0.4395,0.40245786,821076000
2011-04-06,0.44275001,0.44325,0.43274999,0.43650001,0.39971074,856984000
2011-04-07,0.4375,0.45524999,0.43575001,0.45249999,0.41436219,1021208000
2011-04-08,0.456,0.456,0.4375,0.43875,0.40177113,746552000
2011-04-11,0.44049999,0.44275001,0.42825001,0.433,0.39650565,546208000
2011-04-12,0.42875001,0.43724999,0.42074999,0.43425,0.39765024,840756000
2011-04-13,0.43875,0.44674999,0.43325001,0.44400001,0.40657872,749588000
2011-04-14,0.44,0.463,0.4375,0.46274999,0.42374831,1254704000
2011-04-15,0.45925,0.47350001,0.45699999,0.46775001,0.42832693,969720000
2011-04-18,0.45675001,0.45975,0.44499999,0.45225,0.41413319,743584000
2011-04-19,0.45249999,0.45425001,0.43825001,0.45050001,0.41253084,659860000
2011-04-20,0.46700001,0.47375,0.45675001,0.46425,0.42512175,650516000
2011-04-21,0.46924999,0.47225001,0.46200001,0.463,0.42397723,421300000
2011-04-25,0.465,0.47799999,0.46474999,0.47025001,0.43061614,619612000
2011-04-26,0.47424999,0.48725,0.46950001,0.48249999,0.44183373,676000000
2011-04-27,0.48500001,0.48500001,0.4725,0.48249999,0.44183373,450004000
2011-04-28,0.48249999,0.4975,0.477,0.48774999,0.44664124,684000000
2011-04-29,0.491,0.51099998,0.49024999,0.5,0.4578588,836000000
2011-05-02,0.51050001,0.51075,0.49075001,0.49325001,0.45167762,613824000
2011-05-03,0.48750001,0.48899999,0.46375,0.46974999,0.43015829,808000000
2011-05-04,0.47125,0.4765,0.45750001,0.46625,0.42695323,639356000
2011-05-05,0.46250001,0.472,0.45625001,0.46650001,0.42718223,544000000
2011-05-06,0.47624999,0.48750001,0.4725,0.48300001,0.44229153,841080000
2011-05-09,0.48449999,0.49625,0.48324999,0.49375001,0.45213553,706328000
2011-05-10,0.49775001,0.49825001,0.48949999,0.49450001,0.45282236,690976000
2011-05-11,0.49700001,0.50199997,0.49000001,0.49675,0.45488277,616000000
2011-05-12,0.495,0.51300001,0.49375001,0.51249999,0.46930525,1224000000
2011-05-13,0.47999999,0.48124999,0.45300001,0.45649999,0.41802499,2025192000
2011-05-16,0.45524999,0.45625001,0.44225001,0.4425,0.40520504,728188000
2011-05-17,0.44100001,0.44125,0.428,0.44075,0.40360239,1420364000
2011-05-18,0.4425,0.45475,0.44100001,0.45100001,0.41298869,658844000
2011-05-19,0.45449999,0.45475,0.43775001,0.4445,0.40703639,650884000
2011-05-20,0.44350001,0.45324999,0.44150001,0.45225,0.41413319,575820000
2011-05-23,0.44575,0.45500001,0.44,0.45175001,0.41367543,588000000
2011-05-24,0.454,0.47174999,0.45275,0.4535,0.41527796,720372000
2011-05-25,0.45124999,0.46200001,0.44674999,0.45899999,0.42031431,545312000
2011-05-26,0.45899999,0.4745,0.45774999,0.47049999,0.43084517,706436000
2011-05-27,0.4725,0.48824999,0.472,0.48750001,0.44641232,658824000
2011-05-31,0.49700001,0.50125003,0.48500001,0.50099999,0.45877451,1200716000
2011-06-01,0.49875,0.49950001,0.47749999,0.47850001,0.43817079,762208000
2011-06-02,0.47925001,0.48275,0.47049999,0.47624999,0.43611047,607592000
2011-06-03,0.47075,0.47499999,0.45925,0.46149999,0.4226037,549300000
2011-06-06,0.46075001,0.465,0.45124999,0.45175001,0.41367543,435988000
2011-06-07,0.45524999,0.45774999,0.44949999,0.4515,0.41344643,433956000
2011-06-08,0.44925001,0.45199999,0.43575001,0.43924999,0.40222892,569288000
2011-06-09,0.43900001,0.44,0.41850001,0.43425,0.39765024,741632000
2011-06-10,0.435,0.43775001,0.42449999,0.428,0.39192712,493548000
2011-06-13,0.428,0.43349999,0.42199999,0.42500001,0.38918,574760000
2011-06-14,0.42875001,0.43799999,0.42675,0.4285,0.39238495,534576000
2011-06-15,0.42275,0.42524999,0.41049999,0.41925001,0.38391477,935916000
2011-06-16,0.41949999,0.426,0.39875001,0.40474999,0.3706367,1024908000
2011-06-17,0.4095,0.40975001,0.38275,0.39524999,0.36193743,1467884000
2011-06-20,0.39175001,0.40000001,0.38749999,0.39050001,0.35758778,745960000
2011-06-21,0.39199999,0.40200001,0.38824999,0.39899999,0.36537117,704276000
2011-06-22,0.39625001,0.40149999,0.39274999,0.3935,0.36033481,651720000
2011-06-23,0.38850001,0.40799999,0.38499999,0.40525001,0.37109458,744024000
2011-06-24,0.40325001,0.40674999,0.391,0.3935,0.36033481,529052000
2011-06-27,0.3935,0.396,0.37149999,0.38525,0.35278019,1142152000
2011-06-28,0.38525,0.39199999,0.38249999,0.38749999,0.35484058,692200000
2011-06-29,0.38999999,0.39750001,0.37650001,0.3935,0.36033481,960544000
2011-06-30,0.39449999,0.40274999,0.38850001,0.3985,0.36491358,652300000
2011-07-01,0.3985,0.40525001,0.39050001,0.40375,0.36972097,540804000
2011-07-05,0.40325001,0.40700001,0.3935,0.39700001,0.36353979,535296000
2011-07-06,0.39675,0.39750001,0.38699999,0.39175001,0.35873225,529580000
2011-07-07,0.39375001,0.39574999,0.38624999,0.39324999,0.3601059,986136000
2011-07-08,0.38775,0.39050001,0.38249999,0.38575,0.35323814,619516000
2011-07-11,0.37850001,0.38,0.37125,0.37224999,0.34087586,714388000
2011-07-12,0.3705,0.37400001,0.361,0.36725,0.33629733,867604000
2011-07-13,0.37224999,0.37474999,0.36300001,0.36649999,0.33561051,634368000
2011-07-14,0.368,0.37024999,0.35025001,0.352,0.32233256,1088996000
2011-07-15,0.354,0.35624999,0.34525001,0.35249999,0.32279038,827736000
2011-07-18,0.34975001,0.35174999,0.3405,0.345,0.3159225,818200000
2011-07-19,0.34599999,0.35624999,0.34599999,0.35550001,0.32553759,602224000
2011-07-20,0.35675001,0.35874999,0.34999999,0.35100001,0.32141691,662956000
2011-07-21,0.3515,0.37,0.34625,0.36750001,0.33652613,1143420000
2011-07-22,0.37075001,0.37625,0.366,0.375,0.34339395,737192000
2011-07-25,0.36925,0.37075001,0.36375001,0.36899999,0.33789986,566920000
2011-07-26,0.3585,0.36750001,0.35475001,0.36000001,0.32965845,698276000
2011-07-27,0.35499999,0.35675001,0.34549999,0.34650001,0.31729612,652212000
2011-07-28,0.34525001,0.35299999,0.33974999,0.34575,0.31660938,648176000
2011-07-29,0.34224999,0.34900001,0.3405,0.34575,0.31660938,677656000
2011-08-01,0.35374999,0.36524999,0.35075,0.36425,0.33355016,1019620000
2011-08-02,0.36175001,0.3845,0.36050001,0.36050001,0.33011621,1356432000
2011-08-03,0.36125001,0.37149999,0.35775,0.37024999,0.33904436,765236000
2011-08-04,0.3635,0.3635,0.33500001,0.33500001,0.3067652,979732000
2011-08-05,0.34275001,0.347,0.315,0.32374999,0.29646349,1270588000
2011-08-08,0.308,0.31900001,0.29624999,0.29824999,0.27311274,1084180000
2011-08-09,0.30399999,0.32374999,0.30000001,0.32325,0.2960057,1329832000
2011-08-10,0.31375,0.32275,0.30675,0.30849999,0.28249884,1140052000
2011-08-11,0.30849999,0.33974999,0.30849999,0.33524999,0.30699435,1078792000
2011-08-12,0.37099999,0.37149999,0.31674999,0.322,0.29486099,3195784000
2011-08-15,0.32525,0.33500001,0.32350001,0.33425,0.3060787,864152000
2011-08-16,0.33050001,0.33500001,0.31874999,0.32475001,0.2973792,716868000
2011-08-17,0.32574999,0.33125001,0.31600001,0.32025,0.29325861,553328000
2011-08-18,0.30575001,0.30875,0.29499999,0.2985,0.27334166,802564000
2011-08-19,0.29350001,0.30974999,0.29124999,0.29324999,0.26853421,761332000
2011-08-22,0.30149999,0.30500001,0.29525,0.2985,0.27334166,611876000
2011-08-23,0.30575001,0.331,0.30524999,0.33074999,0.30287352,938312000
2011-08-24,0.33000001,0.331,0.3175,0.32600001,0.29852399,687500000
2011-08-25,0.3195,0.32525,0.31150001,0.31200001,0.28570393,690968000
2011-08-26,0.31075001,0.3285,0.30524999,0.32525,0.29783714,732660000
2011-08-29,0.33450001,0.33524999,0.32675001,0.33399999,0.3058497,601528000
2011-08-30,0.33175001,0.34474999,0.32949999,0.34200001,0.31317541,684760000
2011-08-31,0.34450001,0.34799999,0.33000001,0.33274999,0.30470505,705808000
2011-09-01,0.33724999,0.34450001,0.33175001,0.33199999,0.3040182,762312000
2011-09-02,0.32449999,0.329,0.32049999,0.32300001,0.29577672,471356000
2011-09-06,0.3125,0.33024999,0.30950001,0.32949999,0.30172893,696248000
2011-09-07,0.35624999,0.366,0.34650001,0.35624999,0.32622439,1606620000
2011-09-08,0.35275,0.36125001,0.34875,0.3545,0.32462192,880164000
2011-09-09,0.3515,0.361,0.34400001,0.347,0.31775415,869828000
2011-09-12,0.34224999,0.35824999,0.34224999,0.35525,0.32530865,916480000
2011-09-13,0.35824999,0.36500001,0.35275,0.36324999,0.33263439,853836000
2011-09-14,0.37275001,0.38675001,0.3725,0.382,0.3498041,1547192000
2011-09-15,0.39050001,0.39250001,0.384,0.38749999,0.35484058,752908000
2011-09-16,0.38824999,0.4025,0.3845,0.3865,0.35392484,1391588000
2011-09-19,0.38,0.38275,0.36875001,0.37850001,0.34659916,968204000
2011-09-20,0.38325,0.38475001,0.36700001,0.36875001,0.33767074,792436000
2011-09-21,0.37075001,0.37724999,0.36149999,0.36175001,0.33126077,715252000
2011-09-22,0.3475,0.34799999,0.33125001,0.33774999,0.30928344,1314632000
2011-09-23,0.33575001,0.3545,0.33375001,0.34474999,0.31569359,1011440000
2011-09-26,0.34900001,0.34999999,0.33000001,0.34549999,0.31638041,972124000
2011-09-27,0.35425001,0.35725001,0.34325001,0.34599999,0.31683829,781388000
2011-09-28,0.34674999,0.35550001,0.33000001,0.3355,0.30722317,1236532000
2011-09-29,0.34150001,0.34725001,0.31874999,0.32725,0.29966867,866416000
2011-09-30,0.322,0.32374999,0.31224999,0.31275001,0.28639063,677784000
2011-10-03,0.30875,0.31850001,0.29525,0.29525,0.27036557,949896000
2011-10-04,0.28799999,0.32249999,0.28674999,0.32249999,0.29531896,1361548000
2011-10-05,0.32174999,0.33700001,0.31525001,0.33399999,0.3058497,856708000
2011-10-06,0.33575001,0.34825,0.33524999,0.34725001,0.317983,773192000
2011-10-07,0.34875,0.359,0.34150001,0.35374999,0.32393512,806976000
2011-10-10,0.35975,0.36950001,0.359,0.36950001,0.3383576,534376000
2011-10-11,0.36649999,0.3725,0.36425,0.3655,0.33469474,816080000
2011-10-12,0.3725,0.37275001,0.36500001,0.36524999,0.33446583,612064000
2011-10-13,0.3635,0.38725001,0.36250001,0.3865,0.35392484,854832000
2011-10-14,0.39324999,0.39725,0.38350001,0.39300001,0.35987699,702452000
2011-10-17,0.38850001,0.38850001,0.37149999,0.37349999,0.34202054,611780000
2011-10-18,0.37149999,0.38800001,0.36925,0.38699999,0.35438263,590916000
2011-10-19,0.38749999,0.39425001,0.37825,0.37924999,0.34728587,557568000
2011-10-20,0.36899999,0.3705,0.34599999,0.36025,0.3298873,990308000
2011-10-21,0.36475,0.37075001,0.35600001,0.36199999,0.33148983,628428000
2011-10-24,0.3635,0.38124999,0.36274999,0.37549999,0.34385201,535256000
2011-10-25,0.37024999,0.37325001,0.36050001,0.36125001,0.33080289,577996000
2011-10-26,0.36825001,0.37024999,0.35499999,0.3655,0.33469474,503116000
2011-10-27,0.37900001,0.38499999,0.3705,0.38124999,0.34911746,577732000
2011-10-28,0.37799999,0.3935,0.377,0.38999999,0.3571299,490156000
2011-10-31,0.3775,0.37975001,0.37,0.37,0.33881548,519984000
2011-11-01,0.3565,0.35749999,0.34799999,0.3515,0.32187471,790824000
2011-11-02,0.35499999,0.35675001,0.33825001,0.34549999,0.31638041,961608000
2011-11-03,0.34924999,0.36700001,0.34,0.36625001,0.33538154,749372000
2011-11-04,0.36300001,0.37175,0.35725001,0.3705,0.33927339,654840000
2011-11-07,0.36774999,0.37400001,0.36000001,0.36849999,0.33744186,613536000
2011-11-08,0.37325001,0.37924999,0.36725,0.377,0.34522551,549728000
2011-11-09,0.36825001,0.373,0.3565,0.35800001,0.32782692,532244000
2011-11-10,0.36675,0.3705,0.35275,0.36175001,0.33126077,990484000
2011-11-11,0.37200001,0.3775,0.35174999,0.37450001,0.34293616,1751560000
2011-11-14,0.37450001,0.37825,0.36625001,0.36725,0.33629733,500292000
2011-11-15,0.36375001,0.37474999,0.36274999,0.37200001,0.34064689,505660000
2011-11-16,0.36500001,0.37474999,0.36324999,0.36449999,0.33377901,512420000
2011-11-17,0.36375001,0.36475,0.345,0.3515,0.32187471,657504000
2011-11-18,0.35350001,0.35350001,0.34450001,0.34825,0.31889871,501352000
2011-11-21,0.34275001,0.36925,0.33750001,0.36575001,0.33492368,1330788000
2011-11-22,0.36974999,0.37900001,0.36774999,0.377,0.34522551,1287480000
2011-11-23,0.373,0.37575001,0.36074999,0.361,0.33057395,825340000
2011-11-25,0.35624999,0.36449999,0.34999999,0.35100001,0.32141691,406620000
2011-11-28,0.36250001,0.37625,0.36250001,0.37075001,0.3395023,690616000
2011-11-29,0.37024999,0.3775,0.36675,0.37275001,0.34133378,623440000
2011-11-30,0.384,0.39175001,0.38075,0.39074999,0.35781661,730324000
2011-12-01,0.38749999,0.39649999,0.38575,0.3955,0.36216617,529760000
2011-12-02,0.39974999,0.40125,0.38925001,0.39300001,0.35987699,546464000
2011-12-05,0.39950001,0.40000001,0.38374999,0.38699999,0.35438263,644696000
2011-12-06,0.38925001,0.38999999,0.3775,0.38150001,0.34934613,573832000
2011-12-07,0.37900001,0.382,0.37125,0.37924999,0.34728587,510016000
2011-12-08,0.37549999,0.38174999,0.366,0.36725,0.33629733,491488000
2011-12-09,0.36449999,0.37549999,0.35949999,0.3725,0.34110481,555840000
2011-12-12,0.36449999,0.366,0.3565,0.36324999,0.33263439,573208000
2011-12-13,0.368,0.3725,0.35100001,0.35325,0.32347724,516596000
2011-12-14,0.35025001,0.35225001,0.33575001,0.33950001,0.31088611,636020000
2011-12-15,0.34525001,0.3475,0.33575001,0.33649999,0.30813906,435148000
2011-12-16,0.33925,0.34575,0.33625001,0.33774999,0.30928344,619116000
2011-12-19,0.33925,0.34325001,0.32775,0.329,0.30127111,463276000
2011-12-20,0.33649999,0.34875,0.33649999,0.3475,0.31821185,445208000
2011-12-21,0.34549999,0.34924999,0.33625001,0.34299999,0.31409109,548424000
2011-12-22,0.34400001,0.35874999,0.34400001,0.35775,0.32759804,576560000
2011-12-23,0.35949999,0.36000001,0.35124999,0.35425001,0.324393,248948000
2011-12-27,0.35275,0.35699999,0.35049999,0.3515,0.32187471,195712000
2011-12-28,0.3515,0.35225001,0.3425,0.34275001,0.31386217,233960000
2011-12-29,0.34625,0.34999999,0.34125,0.34924999,0.31981441,211112000
2011-12-30,0.34799999,0.35174999,0.34599999,0.34650001,0.31729612,186956000
2012-01-03,0.35749999,0.36000001,0.35025001,0.35100001,0.32141691,468044000
2012-01-04,0.35124999,0.3565,0.34799999,0.35499999,0.32507983,347372000
2012-01-05,0.35325,0.36950001,0.35174999,0.36774999,0.33675513,563548000
2012-01-06,0.36750001,0.36774999,0.35925001,0.3635,0.33286336,533252000
2012-01-09,0.36375001,0.3705,0.361,0.3635,0.33286336,508244000
2012-01-10,0.36899999,0.36925,0.35949999,0.36199999,0.33148983,546328000
2012-01-11,0.35874999,0.36199999,0.35325,0.35475001,0.32485077,484272000
2012-01-12,0.35550001,0.35574999,0.34474999,0.35249999,0.32279038,652364000
2012-01-13,0.34999999,0.35075,0.34150001,0.34325001,0.31432006,504300000
2012-01-17,0.34850001,0.34850001,0.33750001,0.338,0.30951253,627176000
2012-01-18,0.34450001,0.35225001,0.34275001,0.3495,0.32004318,632676000
2012-01-19,0.35249999,0.35925001,0.34875,0.35874999,0.32851356,608312000
2012-01-20,0.35824999,0.36250001,0.35425001,0.35550001,0.32553759,546272000
2012-01-23,0.35574999,0.3655,0.35124999,0.36524999,0.33446583,562792000
2012-01-24,0.36274999,0.375,0.36250001,0.37349999,0.34202054,730920000
2012-01-25,0.3635,0.37224999,0.35299999,0.37125,0.33996016,1274152000
2012-01-26,0.37674999,0.38100001,0.36575001,0.36774999,0.33675513,799672000
2012-01-27,0.3655,0.37474999,0.36250001,0.37275001,0.34133378,449996000
2012-01-30,0.36625001,0.37175,0.36074999,0.37,0.33881548,399076000
2012-01-31,0.37099999,0.37125,0.36274999,0.36925,0.33812875,357900000
2012-02-01,0.37349999,0.3775,0.36825001,0.37325001,0.34179154,428020000
2012-02-02,0.37525001,0.38874999,0.37149999,0.38725001,0.35461161,696236000
2012-02-03,0.39300001,0.39875001,0.39225,0.3955,0.36216617,495232000
2012-02-06,0.3935,0.39399999,0.389,0.39250001,0.35941917,278868000
2012-02-07,0.39300001,0.39574999,0.3865,0.3935,0.36033481,410296000
2012-02-08,0.3935,0.41549999,0.3915,0.40775001,0.37338382,847612000
2012-02-09,0.41275001,0.41499999,0.40674999,0.4075,0.37315488,561944000
2012-02-10,0.40349999,0.405,0.39524999,0.39750001,0.36399776,440268000
2012-02-13,0.4075,0.40900001,0.3955,0.40375,0.36972097,610668000
2012-02-14,0.40375,0.4095,0.40024999,0.40599999,0.37178132,453756000
2012-02-15,0.40975001,0.42250001,0.40325001,0.40425,0.37017891,1110856000
2012-02-16,0.37650001,0.4145,0.375,0.41125,0.37658891,1888588000
2012-02-17,0.41150001,0.41424999,0.39250001,0.39625001,0.36285305,1020360000
2012-02-21,0.396,0.40799999,0.39524999,0.39825001,0.36468458,518176000
2012-02-22,0.39625001,0.40599999,0.39500001,0.3955,0.36216617,492432000
2012-02-23,0.39625001,0.40000001,0.38999999,0.39774999,0.36422667,323968000
2012-02-24,0.39899999,0.39950001,0.39300001,0.39475,0.36147955,366668000
2012-02-27,0.38975,0.3915,0.38124999,0.38675001,0.3541539,745268000
2012-02-28,0.38675001,0.39125001,0.37924999,0.38325,0.35094875,699884000
2012-02-29,0.3845,0.391,0.37850001,0.37875,0.34682801,689196000
2012-03-01,0.38025001,0.38575,0.37875,0.38124999,0.34911746,449944000
2012-03-02,0.38,0.38999999,0.38,0.3845,0.35209349,684076000
2012-03-05,0.38174999,0.38249999,0.36875001,0.37149999,0.34018895,514848000
2012-03-06,0.36725,0.37024999,0.36149999,0.368,0.33698407,471400000
2012-03-07,0.37,0.37175,0.36500001,0.37024999,0.33904436,441984000
2012-03-08,0.37125,0.37525001,0.36925,0.37149999,0.34018895,430852000
2012-03-09,0.3725,0.37525001,0.36849999,0.3705,0.33927339,367836000
2012-03-12,0.37200001,0.37450001,0.36375001,0.36475,0.33400789,299948000
2012-03-13,0.36625001,0.37175,0.36449999,0.36974999,0.33858648,553288000
2012-03-14,0.36974999,0.3705,0.35800001,0.35925001,0.32897153,735708000
2012-03-15,0.36025,0.36649999,0.359,0.36449999,0.33377901,382380000
2012-03-16,0.36475,0.36649999,0.36274999,0.36500001,0.33423701,428340000
2012-03-19,0.36700001,0.36875001,0.36425,0.366,0.33515272,405400000
2012-03-20,0.36399999,0.36399999,0.35675001,0.36000001,0.32965845,449616000
2012-03-21,0.36000001,0.36475,0.35600001,0.36149999,0.3310318,467840000
2012-03-22,0.35874999,0.36399999,0.35775,0.361,0.33057395,425372000
2012-03-23,0.36000001,0.36475,0.35749999,0.36375001,0.3330923,315456000
2012-03-26,0.36725,0.36974999,0.36375001,0.368,0.33698407,288600000
2012-03-27,0.36950001,0.375,0.36875001,0.3705,0.33927339,419968000
2012-03-28,0.37525001,0.384,0.3725,0.37900001,0.3470569,892448000
2012-03-29,0.37850001,0.38374999,0.37375,0.38075,0.34865946,372700000
2012-03-30,0.384,0.38725001,0.37850001,0.38499999,0.35255125,527240000
2012-04-02,0.384,0.38725001,0.37775001,0.38325,0.35094875,407776000
2012-04-03,0.38600001,0.3865,0.375,0.377,0.34522551,430476000
2012-04-04,0.37125,0.37599999,0.36399999,0.36625001,0.33538154,495896000
2012-04-05,0.36675,0.37125,0.36449999,0.36575001,0.33492368,369424000
2012-04-09,0.36000001,0.36225,0.354,0.361,0.33057395,365504000
2012-04-10,0.35949999,0.36449999,0.35225001,0.354,0.32416409,470360000
2012-04-11,0.35874999,0.36625001,0.35749999,0.3585,0.32828483,372960000
2012-04-12,0.359,0.36899999,0.35749999,0.36700001,0.3360683,384868000
2012-04-13,0.36375001,0.36575001,0.35374999,0.354,0.32416409,311324000
2012-04-16,0.3565,0.35749999,0.34400001,0.34975001,0.32027218,463468000
2012-04-17,0.35075,0.35499999,0.34924999,0.35049999,0.32095897,460696000
2012-04-18,0.34825,0.34999999,0.3425,0.34674999,0.31752509,400764000
2012-04-19,0.34224999,0.35525,0.33974999,0.34150001,0.31271747,667188000
2012-04-20,0.34349999,0.34450001,0.33399999,0.33475,0.30653653,509592000
2012-04-23,0.329,0.33225,0.32275,0.33074999,0.30287352,706244000
2012-04-24,0.33175001,0.33450001,0.31874999,0.32049999,0.29348737,730440000
2012-04-25,0.32525,0.32949999,0.31924999,0.32699999,0.29943967,727112000
2012-04-26,0.32675001,0.33000001,0.32449999,0.32725,0.29966867,539208000
2012-04-27,0.32675001,0.32875001,0.32100001,0.32449999,0.2971504,475356000
2012-04-30,0.32275,0.32675001,0.32049999,0.32499999,0.29760829,262268000
2012-05-01,0.32325,0.33425,0.32325,0.33074999,0.30287352,408680000
2012-05-02,0.32949999,0.33074999,0.3195,0.32124999,0.29417434,684008000
2012-05-03,0.322,0.324,0.31375,0.31575,0.28913784,419536000
2012-05-04,0.31375,0.31549999,0.30649999,0.30649999,0.28066739,545092000
2012-05-07,0.31200001,0.31725001,0.30925,0.31174999,0.28547487,604440000
2012-05-08,0.30899999,0.31349999,0.3035,0.31150001,0.28524598,462312000
2012-05-09,0.30599999,0.31525001,0.303,0.31275001,0.28639063,520608000
2012-05-10,0.31575,0.31625,0.3055,0.3105,0.28433028,597092000
2012-05-11,0.33625001,0.34200001,0.329,0.33024999,0.30241567,1435140000
2012-05-14,0.32749999,0.33324999,0.32075,0.32824999,0.30058432,437472000
2012-05-15,0.32824999,0.3355,0.32350001,0.32499999,0.29760829,599940000
2012-05-16,0.32550001,0.32925001,0.3175,0.31850001,0.29165602,470484000
2012-05-17,0.31975001,0.32275,0.31625,0.31625,0.28959572,335364000
2012-05-18,0.317,0.31850001,0.30050001,0.30199999,0.27654666,567288000
2012-05-21,0.30250001,0.30875,0.30050001,0.30724999,0.28135428,416260000
2012-05-22,0.30700001,0.3075,0.29899999,0.3035,0.27792025,410140000
2012-05-23,0.30024999,0.31150001,0.29574999,0.31099999,0.2847881,496000000
2012-05-24,0.31275001,0.31325001,0.30050001,0.30274999,0.27723342,520420000
2012-05-25,0.30250001,0.3125,0.30250001,0.31,0.28387225,391752000
2012-05-29,0.315,0.31999999,0.31375,0.31799999,0.29119816,310000000
2012-05-30,0.3145,0.31674999,0.30875,0.31424999,0.28776422,379792000
2012-05-31,0.31424999,0.31549999,0.30675,0.31075001,0.28455922,358192000
2012-06-01,0.30425,0.30724999,0.29899999,0.29949999,0.27425751,440984000
2012-06-04,0.301,0.30274999,0.29075,0.29324999,0.26853421,432856000
2012-06-05,0.29175001,0.30250001,0.29175001,0.30175,0.27631792,365224000
2012-06-06,0.30399999,0.3105,0.30175,0.30974999,0.28364354,368968000
2012-06-07,0.31424999,0.31600001,0.29699999,0.29725,0.27219698,526780000
2012-06-08,0.29824999,0.30399999,0.29775,0.303,0.2774623,370308000
2012-06-11,0.31275001,0.31825,0.30575001,0.30649999,0.28066739,839080000
2012-06-12,0.31,0.31575,0.30950001,0.31275001,0.28639063,496128000
2012-06-13,0.3125,0.31325001,0.303,0.30450001,0.27883595,494276000
2012-06-14,0.30399999,0.30649999,0.29775,0.30074999,0.27540204,589884000
2012-06-15,0.303,0.3075,0.30024999,0.30724999,0.28135428,385288000
2012-06-18,0.30500001,0.3125,0.30250001,0.31,0.28387225,304424000
2012-06-19,0.32275,0.33575001,0.32124999,0.331,0.3031024,960476000
2012-06-20,0.33425,0.3425,0.33225,0.33625001,0.30790994,972720000
2012-06-21,0.336,0.336,0.32025,0.32100001,0.29394531,516376000
2012-06-22,0.32499999,0.32875001,0.32049999,0.32499999,0.29760829,865360000
2012-06-25,0.32525,0.32624999,0.31349999,0.31474999,0.28822207,494616000
2012-06-26,0.31650001,0.32049999,0.31200001,0.31825,0.29142702,437152000
2012-06-27,0.31850001,0.33074999,0.31850001,0.3285,0.30081314,506064000
2012-06-28,0.32550001,0.333,0.32275,0.331,0.3031024,545896000
2012-06-29,0.33875,0.34625,0.33849999,0.34549999,0.31638041,616508000
2012-07-02,0.34725001,0.3475,0.3335,0.33625001,0.30790994,581684000
2012-07-03,0.33625001,0.34575,0.336,0.345,0.3159225,219284000
2012-07-05,0.34275001,0.34424999,0.33625001,0.34150001,0.31271747,280076000
2012-07-06,0.33899999,0.34,0.33125001,0.33500001,0.3067652,382760000
2012-07-09,0.333,0.33450001,0.32775,0.33050001,0.30264473,306336000
2012-07-10,0.32699999,0.33675,0.31799999,0.32049999,0.29348737,512028000
2012-07-11,0.3215,0.32550001,0.31375,0.31525001,0.28867993,485216000
2012-07-12,0.31174999,0.31224999,0.30724999,0.31,0.28387225,472160000
2012-07-13,0.31025001,0.31549999,0.30825001,0.31400001,0.28753534,324260000
2012-07-16,0.31200001,0.3175,0.30899999,0.315,0.28845119,334460000
2012-07-17,0.31600001,0.31775001,0.30399999,0.30925,0.2831856,447476000
2012-07-18,0.30849999,0.331,0.30700001,0.3265,0.29898182,616008000
2012-07-19,0.32875001,0.33399999,0.3265,0.32975,0.30195788,403036000
2012-07-20,0.32775,0.33000001,0.31674999,0.32025,0.29325861,451000000
2012-07-23,0.31174999,0.32675001,0.30825001,0.32449999,0.2971504,451584000
2012-07-24,0.32499999,0.32699999,0.31725001,0.32100001,0.29394531,351164000
2012-07-25,0.31999999,0.33050001,0.31850001,0.32725,0.29966867,415044000
2012-07-26,0.33324999,0.33700001,0.32624999,0.32875001,0.30104211,338440000
2012-07-27,0.33000001,0.338,0.32749999,0.33700001,0.30859679,376516000
2012-07-30,0.33700001,0.34125,0.33050001,0.33324999,0.30516288,363552000
2012-07-31,0.33324999,0.34325001,0.33274999,0.33849999,0.30997041,387788000
2012-08-01,0.3405,0.34375,0.33324999,0.33475,0.30653653,335912000
2012-08-02,0.333,0.34099999,0.32749999,0.336,0.30768111,367912000
2012-08-03,0.34125,0.34650001,0.33324999,0.34299999,0.31409109,326548000
2012-08-06,0.34625,0.352,0.34575,0.35025001,0.32073,360324000
2012-08-07,0.3545,0.35749999,0.35174999,0.35374999,0.32393512,407340000
2012-08-08,0.35350001,0.35949999,0.35249999,0.35574999,0.32576647,517064000
2012-08-09,0.35624999,0.36849999,0.35574999,0.36774999,0.33675513,822300000
2012-08-10,0.3775,0.38049999,0.36074999,0.3655,0.33469474,1278744000
2012-08-13,0.366,0.3705,0.36449999,0.37024999,0.33904436,447244000
2012-08-14,0.37149999,0.37200001,0.36324999,0.36475,0.33400789,388828000
2012-08-15,0.366,0.36899999,0.36025,0.36199999,0.33148983,594404000
2012-08-16,0.36524999,0.37075001,0.36399999,0.36950001,0.3383576,371008000
2012-08-17,0.36950001,0.36950001,0.36300001,0.36625001,0.33538154,309864000
2012-08-20,0.36500001,0.36675,0.36074999,0.36625001,0.33538154,314392000
2012-08-21,0.36750001,0.36974999,0.36149999,0.36524999,0.33446583,340248000
2012-08-22,0.36300001,0.36750001,0.36175001,0.366,0.33515272,313556000
2012-08-23,0.36524999,0.3655,0.35624999,0.35775,0.32759804,379040000
2012-08-24,0.35775,0.36675,0.35699999,0.36500001,0.33423701,347724000
2012-08-27,0.36475,0.36575001,0.3585,0.35874999,0.32851356,340944000
2012-08-28,0.35600001,0.36074999,0.35525,0.35725001,0.32714012,310764000
2012-08-29,0.35699999,0.36025,0.35624999,0.35800001,0.32782692,250412000
2012-08-30,0.35725001,0.3585,0.3495,0.35124999,0.32164577,307488000
2012-08-31,0.35374999,0.35624999,0.34725001,0.35075,0.32118797,485064000
2012-09-04,0.345,0.34625,0.32875001,0.33199999,0.3040182,694452000
2012-09-05,0.33324999,0.338,0.32949999,0.333,0.30493408,480256000
2012-09-06,0.3355,0.35225001,0.33524999,0.34325001,0.31432006,657296000
2012-09-07,0.33450001,0.33724999,0.32374999,0.33500001,0.3067652,781064000
2012-09-10,0.33425,0.33899999,0.33125001,0.33199999,0.3040182,371108000
2012-09-11,0.33175001,0.34125,0.33050001,0.336,0.30768111,382808000
2012-09-12,0.33875,0.34150001,0.3355,0.33974999,0.31111509,322608000
2012-09-13,0.34275001,0.34400001,0.3355,0.34200001,0.31317541,433836000
2012-09-14,0.34175,0.352,0.34175,0.34599999,0.31683829,339468000
2012-09-17,0.34674999,0.34674999,0.33274999,0.33649999,0.30813906,493348000
2012-09-18,0.33274999,0.34275001,0.33250001,0.33875,0.31019941,359952000
2012-09-19,0.33950001,0.3475,0.3355,0.34275001,0.31386217,451936000
2012-09-20,0.34200001,0.34375,0.33750001,0.34024999,0.31157288,320596000
2012-09-21,0.34075001,0.34375,0.33950001,0.34175,0.3129465,340136000
2012-09-24,0.33625001,0.34200001,0.33575001,0.34150001,0.31271747,357832000
2012-09-25,0.34599999,0.3475,0.33475,0.33524999,0.30699435,481544000
2012-09-26,0.33399999,0.33425,0.32550001,0.32949999,0.30172893,436812000
2012-09-27,0.33024999,0.33250001,0.32749999,0.33199999,0.3040182,558888000
2012-09-28,0.33050001,0.33825001,0.32624999,0.3335,0.30539179,485508000
2012-10-01,0.33500001,0.33700001,0.32675001,0.32800001,0.30035529,504236000
2012-10-02,0.33024999,0.33024999,0.32550001,0.32925001,0.30149996,295492000
2012-10-03,0.33000001,0.331,0.32425001,0.32600001,0.29852399,430872000
2012-10-04,0.32675001,0.3425,0.32499999,0.3405,0.31180188,502608000
2012-10-05,0.34150001,0.345,0.33125001,0.33250001,0.30447611,483068000
2012-10-08,0.33125001,0.33274999,0.32675001,0.32925001,0.30149996,240596000
2012-10-09,0.32875001,0.32975,0.32124999,0.32225001,0.29508999,366360000
2012-10-10,0.32075,0.32225001,0.31549999,0.31674999,0.29005352,326568000
2012-10-11,0.31975001,0.32075,0.31600001,0.31850001,0.29165602,320516000
2012-10-12,0.31625,0.31874999,0.31375,0.31575,0.28913784,260696000
2012-10-15,0.31625,0.31999999,0.3125,0.31975001,0.29280072,249580000
2012-10-16,0.32249999,0.33000001,0.3195,0.329,0.30127111,367696000
2012-10-17,0.32499999,0.32800001,0.32174999,0.3265,0.29898182,391752000
2012-10-18,0.32574999,0.32574999,0.32025,0.3215,0.29440331,254772000
2012-10-19,0.31674999,0.31900001,0.301,0.30274999,0.27723342,709412000
2012-10-22,0.30399999,0.30575001,0.29675001,0.29925001,0.27402848,480840000
2012-10-23,0.2965,0.31025001,0.29574999,0.30825001,0.28227007,573948000
2012-10-24,0.31025001,0.31150001,0.30125001,0.30425,0.27860707,332916000
2012-10-25,0.30675,0.31,0.30325001,0.30450001,0.27883595,307356000
2012-10-26,0.30500001,0.30675,0.30125001,0.30125001,0.27585995,389376000
2012-10-31,0.30250001,0.30500001,0.29875001,0.29949999,0.27425751,347112000
2012-11-01,0.301,0.31400001,0.30074999,0.31375,0.28730631,473220000
2012-11-02,0.317,0.3175,0.31025001,0.31224999,0.28593281,256700000
2012-11-05,0.31150001,0.32675001,0.31150001,0.32550001,0.29806608,444840000
2012-11-06,0.32624999,0.32624999,0.31975001,0.32525,0.29783714,350804000
2012-11-07,0.32275,0.32475001,0.31375,0.31525001,0.28867993,324620000
2012-11-08,0.31874999,0.32699999,0.31625,0.317,0.29028243,839024000
2012-11-09,0.31874999,0.32249999,0.30375001,0.30475,0.27906492,846280000
2012-11-12,0.30524999,0.30649999,0.29499999,0.29800001,0.27288374,643624000
2012-11-13,0.2965,0.30325001,0.29550001,0.29574999,0.27082351,492120000
2012-11-14,0.29750001,0.30050001,0.28825,0.28850001,0.2641845,619300000
2012-11-15,0.29025,0.29775,0.28775001,0.28975001,0.26532918,466688000
2012-11-16,0.28975001,0.29075,0.27875,0.2845,0.26052168,624552000
2012-11-19,0.28975001,0.29350001,0.28625,0.29249999,0.2678473,404092000
2012-11-20,0.2895,0.29075,0.28424999,0.28725001,0.26473689,336976000
2012-11-21,0.28725001,0.29624999,0.287,0.29550001,0.27234036,422312000
2012-11-23,0.29675001,0.301,0.29525,0.29750001,0.27418348,276932000
2012-11-26,0.29800001,0.3035,0.29750001,0.30274999,0.27902204,364600000
2012-11-27,0.30149999,0.30849999,0.29899999,0.30399999,0.28017417,451404000
2012-11-28,0.30274999,0.308,0.29899999,0.30649999,0.28247815,398332000
2012-11-29,0.30700001,0.30849999,0.30000001,0.301,0.27740932,488688000
2012-11-30,0.30074999,0.303,0.29750001,0.29925001,0.27579641,460504000
2012-12-03,0.303,0.303,0.29300001,0.29374999,0.27072743,391380000
2012-12-04,0.29425001,0.303,0.29249999,0.30250001,0.27879173,528068000
2012-12-05,0.30000001,0.30199999,0.29475001,0.29899999,0.27556592,633024000
2012-12-06,0.29824999,0.30149999,0.29725,0.29949999,0.27602687,412896000
2012-12-07,0.29975,0.30125001,0.29550001,0.29899999,0.27556592,338288000
2012-12-10,0.29899999,0.31125,0.29824999,0.30899999,0.28478226,513644000
2012-12-11,0.31,0.32025,0.30925,0.31625,0.29146409,816724000
2012-12-12,0.31725001,0.31900001,0.31174999,0.31299999,0.28846875,399404000
2012-12-13,0.3125,0.31924999,0.31025001,0.31325001,0.28869912,377556000
2012-12-14,0.3145,0.31799999,0.31224999,0.31474999,0.29008156,338660000
2012-12-17,0.31400001,0.31575,0.30875,0.31349999,0.28892955,445232000
2012-12-18,0.31349999,0.3175,0.3125,0.31400001,0.28939039,416436000
2012-12-19,0.31625,0.31999999,0.315,0.31625,0.29146409,458544000
2012-12-20,0.3175,0.31775001,0.3125,0.31600001,0.29123357,334332000
2012-12-21,0.31174999,0.31174999,0.30524999,0.30875,0.28455195,462172000
2012-12-24,0.30849999,0.30950001,0.30524999,0.30625001,0.28224784,127376000
2012-12-26,0.3055,0.3105,0.30475,0.30599999,0.28201738,196740000
2012-12-27,0.30649999,0.30700001,0.30050001,0.30399999,0.28017417,299804000
2012-12-28,0.30125001,0.30724999,0.30074999,0.30250001,0.27879173,220600000
2012-12-31,0.30149999,0.30774999,0.30074999,0.30649999,0.28247815,326460000
2013-01-02,0.31400001,0.31825,0.31275001,0.31799999,0.29307687,478836000
2013-01-03,0.31799999,0.32174999,0.3145,0.31825,0.29330719,298888000
2013-01-04,0.31874999,0.32975,0.31775001,0.32875001,0.3029843,524968000
2013-01-07,0.3285,0.32949999,0.317,0.31924999,0.29422888,610732000
2013-01-08,0.31999999,0.32100001,0.31,0.31224999,0.28777751,466424000
2013-01-09,0.31474999,0.31625,0.30325001,0.30524999,0.28132612,695020000
2013-01-10,0.308,0.30950001,0.30399999,0.30575001,0.28178686,506368000
2013-01-11,0.30700001,0.30724999,0.30225,0.30524999,0.28132612,513172000
2013-01-14,0.30724999,0.30724999,0.30149999,0.30500001,0.28109571,305684000
2013-01-15,0.3035,0.3035,0.29775,0.29949999,0.27602687,375888000
2013-01-16,0.29899999,0.30475,0.29899999,0.30225,0.27856129,337376000
2013-01-17,0.30325001,0.3075,0.30250001,0.30625001,0.28224784,580736000
2013-01-18,0.30625001,0.30625001,0.30050001,0.30425,0.28040454,397088000
2013-01-22,0.30399999,0.30675,0.30125001,0.30274999,0.27902204,308224000
2013-01-23,0.30375001,0.30399999,0.30000001,0.30325001,0.27948296,421808000
2013-01-24,0.30225,0.30599999,0.30074999,0.30475,0.28086534,396980000
2013-01-25,0.30524999,0.3105,0.30375001,0.31025001,0.28593424,393920000
2013-01-28,0.31174999,0.31725001,0.31099999,0.31525001,0.29054236,422492000
2013-01-29,0.31400001,0.31474999,0.30724999,0.30849999,0.2843214,388872000
2013-01-30,0.30875,0.31299999,0.30700001,0.308,0.28386065,287592000
2013-01-31,0.308,0.31150001,0.30450001,0.30649999,0.28247815,470544000
2013-02-01,0.30899999,0.31025001,0.30649999,0.30925,0.2850126,288816000
2013-02-04,0.3075,0.31375,0.30375001,0.30399999,0.28017417,511744000
2013-02-05,0.3055,0.31275001,0.30450001,0.31099999,0.28662544,367296000
2013-02-06,0.3035,0.31099999,0.30175,0.30849999,0.2843214,530688000
2013-02-07,0.3075,0.31,0.30425,0.30724999,0.28316945,440000000
2013-02-08,0.30925,0.31174999,0.30724999,0.30925,0.2850126,307232000
2013-02-11,0.31174999,0.31600001,0.30875,0.31275001,0.28823832,408308000
2013-02-12,0.31,0.31424999,0.30950001,0.31075001,0.28639507,277804000
2013-02-13,0.31099999,0.31674999,0.30825001,0.30925,0.2850126,856396000
2013-02-14,0.30500001,0.31850001,0.30125001,0.31825,0.29330719,882096000
2013-02-15,0.3175,0.31975001,0.31125,0.31825,0.29330719,733860000
2013-02-19,0.31850001,0.31874999,0.31200001,0.31400001,0.28939039,433552000
2013-02-20,0.315,0.31999999,0.30849999,0.30950001,0.28524306,713012000
2013-02-21,0.30899999,0.3125,0.30649999,0.30724999,0.28316945,580408000
2013-02-22,0.30925,0.31325001,0.3075,0.31299999,0.28846875,370148000
2013-02-25,0.31375,0.31625,0.30700001,0.3075,0.28339976,644444000
2013-02-26,0.30625001,0.31099999,0.30524999,0.30925,0.28676113,487504000
2013-02-27,0.30925,0.31725001,0.30849999,0.315,0.29209322,476980000
2013-02-28,0.31400001,0.32124999,0.31275001,0.31650001,0.29348397,591392000
2013-03-01,0.31424999,0.31874999,0.31150001,0.31775001,0.29464304,389396000
2013-03-04,0.31549999,0.3195,0.31299999,0.31650001,0.29348397,353680000
2013-03-05,0.31825,0.32049999,0.31674999,0.31999999,0.29672939,366168000
2013-03-06,0.322,0.32499999,0.31825,0.31975001,0.29649767,342928000
2013-03-07,0.3215,0.32475001,0.31725001,0.31900001,0.29580227,314824000
2013-03-08,0.31975001,0.322,0.31825,0.32049999,0.29719299,246464000
2013-03-11,0.31725001,0.31874999,0.31474999,0.3175,0.29441118,299748000
2013-03-12,0.317,0.3195,0.31400001,0.31850001,0.29533851,310856000
2013-03-13,0.31850001,0.324,0.31549999,0.31850001,0.29533851,485840000
2013-03-14,0.32049999,0.3215,0.31674999,0.31874999,0.29557037,383304000
2013-03-15,0.31874999,0.31874999,0.31474999,0.31600001,0.29302028,355776000
2013-03-18,0.31400001,0.31674999,0.31150001,0.31375,0.29093391,298312000
2013-03-19,0.31400001,0.31549999,0.30950001,0.31174999,0.28907931,355480000
2013-03-20,0.31474999,0.31650001,0.31200001,0.31549999,0.29255673,340588000
2013-03-21,0.31375,0.31424999,0.31,0.3105,0.28792027,339032000
2013-03-22,0.31150001,0.31325001,0.31025001,0.31200001,0.28931129,232476000
2013-03-25,0.31375,0.31400001,0.308,0.31025001,0.28768843,362076000
2013-03-26,0.31099999,0.31275001,0.30974999,0.3125,0.28977486,232540000
2013-03-27,0.31125,0.31799999,0.3105,0.31625,0.2932522,254944000
2013-03-28,0.31549999,0.32100001,0.31325001,0.32075,0.29742485,349276000
2013-04-01,0.31999999,0.31999999,0.308,0.31025001,0.28768843,442828000
2013-04-02,0.3105,0.31125,0.30500001,0.30700001,0.28467479,371524000
2013-04-03,0.30649999,0.30825001,0.301,0.30325001,0.28119758,353156000
2013-04-04,0.30225,0.30724999,0.30125001,0.30625001,0.28397942,294676000
2013-04-05,0.30175,0.31150001,0.301,0.31150001,0.28884754,551352000
2013-04-08,0.31174999,0.31174999,0.30500001,0.31075001,0.2881521,326660000
2013-04-09,0.31099999,0.31799999,0.30875,0.31575,0.29278854,380584000
2013-04-10,0.31600001,0.32124999,0.31525001,0.32075,0.29742485,384688000
2013-04-11,0.31625,0.32124999,0.3075,0.31924999,0.29603398,969220000
2013-04-12,0.32075,0.33074999,0.31799999,0.32725,0.30345231,770548000
2013-04-15,0.32624999,0.32725,0.31850001,0.32049999,0.29719299,430420000
2013-04-16,0.32350001,0.32624999,0.32174999,0.324,0.30043855,468844000
2013-04-17,0.3215,0.32449999,0.31775001,0.31975001,0.29649767,532948000
2013-04-18,0.32049999,0.32249999,0.31349999,0.31349999,0.29070213,402548000
2013-04-19,0.31325001,0.31525001,0.30925,0.31424999,0.29139757,303028000
2013-04-22,0.31400001,0.3175,0.31150001,0.31474999,0.29186121,245568000
2013-04-23,0.3175,0.32624999,0.317,0.32300001,0.29951122,376948000
2013-04-24,0.324,0.33675,0.32374999,0.33399999,0.3097114,556556000
2013-04-25,0.33575001,0.33750001,0.33274999,0.33675,0.3122614,353224000
2013-04-26,0.33625001,0.33675,0.3335,0.33524999,0.3108705,324332000
2013-04-29,0.33575001,0.3405,0.33425,0.33925,0.31457958,269712000
2013-04-30,0.34,0.34424999,0.33774999,0.34424999,0.31921598,276712000
2013-05-01,0.34424999,0.34650001,0.34,0.34125,0.31643417,341316000
2013-05-02,0.34099999,0.34625,0.33899999,0.34525001,0.32014328,323480000
2013-05-03,0.3475,0.34924999,0.34549999,0.34674999,0.32153419,293864000
2013-05-06,0.34674999,0.34875,0.34375,0.34575,0.32060695,217116000
2013-05-07,0.34575,0.34650001,0.338,0.34125,0.31643417,448068000
2013-05-08,0.34175,0.3495,0.3405,0.3475,0.32222965,334032000
2013-05-09,0.34125,0.34924999,0.34075001,0.34775001,0.32246131,566800000
2013-05-10,0.35499999,0.36500001,0.35499999,0.3635,0.33706614,861136000
2013-05-13,0.361,0.36250001,0.3545,0.35600001,0.33011135,289812000
2013-05-14,0.36025,0.36425,0.35675001,0.36125001,0.33497965,454140000
2013-05-15,0.35949999,0.36875001,0.35949999,0.36750001,0.34077516,313172000
2013-05-16,0.36700001,0.37075001,0.36449999,0.36575001,0.33915249,308368000
2013-05-17,0.36750001,0.37424999,0.36475,0.37175,0.34471616,312116000
2013-05-20,0.37024999,0.3725,0.36899999,0.37099999,0.34402066,236380000
2013-05-21,0.37125,0.37450001,0.36700001,0.373,0.3476322,357784000
2013-05-22,0.37450001,0.37450001,0.3585,0.36000001,0.33551639,480404000
2013-05-23,0.35574999,0.36700001,0.35475001,0.36575001,0.34087524,393884000
2013-05-24,0.36375001,0.36675,0.35949999,0.3635,0.33877832,283304000
2013-05-28,0.36625001,0.36725,0.35975,0.36324999,0.33854526,279300000
2013-05-29,0.361,0.36324999,0.35949999,0.361,0.33644825,335052000
2013-05-30,0.36050001,0.36950001,0.35949999,0.36575001,0.34087524,284504000
2013-05-31,0.36375001,0.36899999,0.36175001,0.36175001,0.33714715,577508000
2013-06-03,0.36225,0.36500001,0.35374999,0.36125001,0.33668125,444468000
2013-06-04,0.3635,0.37,0.35949999,0.36175001,0.33714715,363676000
2013-06-05,0.36125001,0.36399999,0.35299999,0.354,0.32992446,464520000
2013-06-06,0.354,0.359,0.35374999,0.35624999,0.33202145,341044000
2013-06-07,0.35874999,0.3635,0.35725001,0.36125001,0.33668125,274584000
2013-06-10,0.36025,0.36324999,0.35824999,0.361,0.33644825,224148000
2013-06-11,0.35624999,0.36125001,0.35425001,0.35425001,0.33015734,296336000
2013-06-12,0.35600001,0.359,0.34924999,0.35124999,0.32736129,312588000
2013-06-13,0.34999999,0.361,0.34975001,0.35925001,0.33481729,236256000
2013-06-14,0.36050001,0.361,0.35624999,0.35874999,0.3343513,236012000
2013-06-17,0.36149999,0.3655,0.35949999,0.36225,0.33761322,255336000
2013-06-18,0.36399999,0.368,0.35699999,0.36000001,0.33551639,486772000
2013-06-19,0.36324999,0.38699999,0.36199999,0.37099999,0.34576818,1159588000
2013-06-20,0.368,0.36849999,0.3585,0.361,0.33644825,628696000
2013-06-21,0.36300001,0.36425,0.3545,0.36050001,0.33598232,714228000
2013-06-24,0.35525,0.35975,0.34775001,0.35299999,0.3289924,580772000
2013-06-25,0.35675001,0.35749999,0.35174999,0.35550001,0.33132237,457360000
2013-06-26,0.35949999,0.36000001,0.352,0.35350001,0.32945836,579752000
2013-06-27,0.3545,0.35499999,0.34650001,0.35025001,0.32642928,808036000
2013-06-28,0.35025001,0.3545,0.34575,0.35100001,0.32712832,431536000
2013-07-01,0.35350001,0.35425001,0.35025001,0.35249999,0.32852641,199524000
2013-07-02,0.35049999,0.35749999,0.34900001,0.35225001,0.32829341,256392000
2013-07-03,0.34924999,0.35749999,0.34924999,0.35325,0.32922536,140388000
2013-07-05,0.35425001,0.35675001,0.352,0.35600001,0.33178827,184684000
2013-07-08,0.35699999,0.35874999,0.35225001,0.35425001,0.33015734,262084000
2013-07-09,0.35499999,0.35824999,0.354,0.35600001,0.33178827,157364000
2013-07-10,0.35600001,0.36175001,0.35499999,0.36074999,0.33621535,208468000
2013-07-11,0.36274999,0.36625001,0.36199999,0.36575001,0.34087524,239832000
2013-07-12,0.36500001,0.36950001,0.36375001,0.366,0.34110826,216360000
2013-07-15,0.36675,0.36675,0.35949999,0.36524999,0.34040919,201332000
2013-07-16,0.36675,0.36925,0.36500001,0.36725,0.34227318,162560000
2013-07-17,0.36725,0.36849999,0.36425,0.36524999,0.34040919,166100000
2013-07-18,0.36475,0.366,0.359,0.36375001,0.33901131,344488000
2013-07-19,0.36149999,0.36324999,0.35225001,0.35600001,0.33178827,480532000
2013-07-22,0.35874999,0.36199999,0.35425001,0.35574999,0.3315554,292384000
2013-07-23,0.36025,0.36025,0.35350001,0.35525,0.33108935,246792000
2013-07-24,0.3585,0.35949999,0.35475001,0.35525,0.33108935,284252000
2013-07-25,0.35499999,0.36125001,0.35249999,0.3565,0.33225432,243320000
2013-07-26,0.35225001,0.35725001,0.35225001,0.35499999,0.33085635,227360000
2013-07-29,0.35425001,0.35874999,0.35325,0.35425001,0.33015734,179540000
2013-07-30,0.35550001,0.36500001,0.35525,0.36025,0.33574933,266076000
2013-07-31,0.3585,0.36449999,0.35824999,0.361,0.33644825,270160000
2013-08-01,0.36225,0.36675,0.35800001,0.366,0.34110826,277648000
2013-08-02,0.36524999,0.36974999,0.36274999,0.36899999,0.3439042,209628000
2013-08-05,0.368,0.37200001,0.366,0.37075001,0.34553531,185188000
2013-08-06,0.37099999,0.37175,0.36449999,0.36524999,0.34040919,206608000
2013-08-07,0.36324999,0.36875001,0.36300001,0.36500001,0.34017631,244380000
2013-08-08,0.36700001,0.36925,0.36274999,0.36750001,0.3425062,345696000
2013-08-09,0.35299999,0.36774999,0.35275,0.36225,0.33761322,906224000
2013-08-12,0.3475,0.36449999,0.32775,0.35925001,0.33481729,257568000
2013-08-13,0.35975,0.36199999,0.35749999,0.36050001,0.33598232,197468000
2013-08-14,0.35975,0.37799999,0.35949999,0.37575001,0.35019511,828508000
2013-08-15,0.37175,0.38124999,0.37024999,0.37825,0.35252514,723616000
2013-08-16,0.3775,0.38499999,0.37674999,0.37975001,0.35392305,660456000
2013-08-19,0.3775,0.37875,0.37349999,0.37375,0.34833112,393432000
2013-08-20,0.37175,0.37625,0.37125,0.37375,0.35008734,234192000
2013-08-21,0.37149999,0.37625,0.3705,0.37200001,0.34844819,261540000
2013-08-22,0.37175,0.3775,0.37175,0.37400001,0.35032162,129016000
2013-08-23,0.37450001,0.3775,0.37325001,0.37400001,0.35032162,245120000
2013-08-26,0.37424999,0.37575001,0.37325001,0.37474999,0.35102409,300152000
2013-08-27,0.37125,0.37375,0.36875001,0.37,0.34657478,277464000
2013-08-28,0.37075001,0.37349999,0.36849999,0.37,0.34657478,318824000
2013-08-29,0.36875001,0.37275001,0.36774999,0.36925,0.34587234,276216000
2013-08-30,0.36950001,0.3705,0.36700001,0.36875001,0.345404,378120000
2013-09-03,0.36974999,0.37424999,0.36675,0.36899999,0.34563819,284680000
2013-09-04,0.36899999,0.37474999,0.36849999,0.3725,0.34891659,222080000
2013-09-05,0.37099999,0.375,0.37075001,0.37349999,0.34985328,174904000
2013-09-06,0.37375,0.37575001,0.36925,0.37200001,0.34844819,226756000
2013-09-09,0.375,0.37825,0.37400001,0.37825,0.35430256,246408000
2013-09-10,0.38100001,0.3865,0.37924999,0.38624999,0.36179614,292132000
2013-09-11,0.38575,0.39375001,0.38299999,0.39274999,0.36788446,396164000
2013-09-12,0.39074999,0.39750001,0.39074999,0.39250001,0.36765057,303808000
2013-09-13,0.39375001,0.39675,0.391,0.39500001,0.36999208,159696000
2013-09-16,0.39825001,0.40099999,0.39375001,0.39524999,0.37022623,231412000
2013-09-17,0.39675,0.39974999,0.39500001,0.39649999,0.3713972,168608000
2013-09-18,0.39675,0.40099999,0.39475,0.40000001,0.37467557,268168000
2013-09-19,0.40175,0.4025,0.39649999,0.39825001,0.37303644,227572000
2013-09-20,0.39925,0.40175,0.39399999,0.39475,0.36975789,356036000
2013-09-23,0.39449999,0.39774999,0.38874999,0.391,0.36624536,271244000
2013-09-24,0.39125001,0.39399999,0.389,0.39250001,0.36765057,229732000
2013-09-25,0.39175001,0.396,0.38999999,0.39300001,0.36811882,233156000
2013-09-26,0.39399999,0.39475,0.38949999,0.39175001,0.36694774,148816000
2013-09-27,0.38874999,0.39199999,0.38725001,0.38949999,0.3648403,151920000
2013-09-30,0.38550001,0.39175001,0.38325,0.389,0.36437196,226640000
2013-10-01,0.38949999,0.39125001,0.3865,0.38874999,0.36413783,226976000
2013-10-02,0.38475001,0.38999999,0.38475001,0.38850001,0.36390355,162036000
2013-10-03,0.38874999,0.39225,0.38275,0.3845,0.36015686,436768000
2013-10-04,0.384,0.39300001,0.38299999,0.38975,0.36507457,246228000
2013-10-07,0.38824999,0.39250001,0.38624999,0.38975,0.36507457,169952000
2013-10-08,0.38874999,0.39425001,0.38350001,0.3865,0.36203027,290712000
2013-10-09,0.389,0.38925001,0.37850001,0.38049999,0.35641012,275860000
2013-10-10,0.38325,0.38575,0.38049999,0.38475001,0.36039111,223484000
2013-10-11,0.37875,0.38350001,0.3775,0.38150001,0.35734677,213704000
2013-10-14,0.38049999,0.38725001,0.38049999,0.38725001,0.36273259,166628000
2013-10-15,0.38725001,0.38949999,0.38499999,0.38525,0.36085933,208820000
2013-10-16,0.38749999,0.3915,0.38699999,0.38999999,0.36530858,210072000
2013-10-17,0.38699999,0.39175001,0.38699999,0.39074999,0.36601126,213324000
2013-10-18,0.38999999,0.39649999,0.38850001,0.39524999,0.37022623,255068000
2013-10-21,0.40000001,0.40024999,0.39500001,0.39625001,0.37116301,195008000
2013-10-22,0.39625001,0.39649999,0.39074999,0.39425001,0.36928955,179452000
2013-10-23,0.3935,0.3935,0.38624999,0.38749999,0.36296692,252216000
2013-10-24,0.38850001,0.391,0.384,0.38475001,0.36039111,236436000
2013-10-25,0.38675001,0.38699999,0.37975001,0.38100001,0.35687858,330492000
2013-10-28,0.38049999,0.38225001,0.375,0.38025001,0.35617596,394024000
2013-10-29,0.37975001,0.38150001,0.37625,0.38075,0.35664436,387952000
2013-10-30,0.382,0.38374999,0.37724999,0.38049999,0.35641012,204032000
2013-10-31,0.38100001,0.38374999,0.37900001,0.37975001,0.35570756,293368000
2013-11-01,0.38174999,0.38325,0.37875,0.38150001,0.35734677,206136000
2013-11-04,0.38275,0.38275,0.36974999,0.3705,0.34704319,410264000
2013-11-05,0.36825001,0.37175,0.36425,0.37,0.34657478,422368000
2013-11-06,0.37,0.37275001,0.36625001,0.3725,0.34891659,198044000
2013-11-07,0.37125,0.37224999,0.36300001,0.36375001,0.34072068,553076000
2013-11-08,0.375,0.39025,0.37349999,0.389,0.36437196,734532000
2013-11-11,0.38749999,0.39324999,0.38675001,0.39225,0.36741614,297624000
2013-11-12,0.39399999,0.39625001,0.38850001,0.39300001,0.36811882,316032000
2013-11-13,0.39199999,0.40375,0.39125001,0.40375,0.37818813,332792000
2013-11-14,0.4025,0.40799999,0.40224999,0.40549999,0.37982735,307980000
2013-11-15,0.40700001,0.4075,0.40024999,0.40425,0.37865651,450332000
2013-11-18,0.3955,0.39899999,0.3935,0.39449999,0.36952391,316948000
2013-11-19,0.39050001,0.39399999,0.38550001,0.38600001,0.36351997,206716000
2013-11-20,0.38624999,0.38725001,0.3795,0.38025001,0.35810491,204776000
2013-11-21,0.38075,0.384,0.37900001,0.38325,0.36093014,213568000
2013-11-22,0.38374999,0.38374999,0.37875,0.3795,0.35739872,158668000
2013-11-25,0.3795,0.38824999,0.3795,0.38775,0.36516801,248208000
2013-11-26,0.39199999,0.39524999,0.38949999,0.391,0.36822888,753176000
2013-11-27,0.39074999,0.39375001,0.38824999,0.39250001,0.36964172,181272000
2013-11-29,0.39250001,0.3935,0.38749999,0.38999999,0.36728698,116964000
2013-12-02,0.38850001,0.39649999,0.38775,0.39375001,0.37081876,373872000
2013-12-03,0.39375001,0.39899999,0.391,0.3935,0.3705833,290560000
2013-12-04,0.39250001,0.39974999,0.3915,0.39899999,0.37576297,493176000
2013-12-05,0.39974999,0.39974999,0.39199999,0.39250001,0.36964172,271812000
2013-12-06,0.39725,0.39725,0.38575,0.38675001,0.36422631,281000000
2013-12-09,0.38675001,0.38800001,0.3795,0.38025001,0.35810491,385220000
2013-12-10,0.38025001,0.39074999,0.37975001,0.389,0.36634532,524268000
2013-12-11,0.38975,0.39025,0.3845,0.38525,0.36281368,414156000
2013-12-12,0.384,0.38600001,0.377,0.37775001,0.35575059,258724000
2013-12-13,0.37850001,0.38124999,0.375,0.37549999,0.35363159,184588000
2013-12-16,0.37575001,0.37924999,0.37549999,0.37599999,0.35410252,237620000
2013-12-17,0.37575001,0.37875,0.3725,0.37775001,0.35575059,274104000
2013-12-18,0.37850001,0.38374999,0.37375,0.38299999,0.36069465,426232000
2013-12-19,0.38249999,0.38499999,0.38,0.3845,0.36210743,258544000
2013-12-20,0.38525,0.39250001,0.38424999,0.39225,0.36940601,382080000
2013-12-23,0.39449999,0.39774999,0.39125001,0.39449999,0.3715252,168568000
2013-12-24,0.39675,0.39675,0.3915,0.3955,0.37246674,79600000
2013-12-26,0.39700001,0.39825001,0.39074999,0.39175001,0.36893514,168920000
2013-12-27,0.39375001,0.39475,0.3915,0.39399999,0.37105408,210976000
2013-12-30,0.39425001,0.39950001,0.39375001,0.39925,0.37599841,248180000
2013-12-31,0.40000001,0.4025,0.39750001,0.4005,0.37717566,235776000
2014-01-02,0.398,0.39950001,0.39300001,0.39649999,0.37340856,260092000
2014-01-03,0.39725,0.398,0.39050001,0.39175001,0.36893514,259332000
2014-01-06,0.39574999,0.40000001,0.39199999,0.39700001,0.37387934,409492000
2014-01-07,0.40099999,0.405,0.39825001,0.40349999,0.38000086,333288000
2014-01-08,0.405,0.41100001,0.40349999,0.40900001,0.38518047,308192000
2014-01-09,0.40274999,0.40349999,0.39250001,0.39375001,0.37081876,292172000
2014-01-10,0.39500001,0.39774999,0.38975,0.39324999,0.37034783,218492000
2014-01-13,0.39324999,0.39574999,0.38325,0.384,0.36163649,243332000
2014-01-14,0.38600001,0.39675,0.38424999,0.396,0.37293762,241828000
2014-01-15,0.39774999,0.40175,0.396,0.40024999,0.3769401,175044000
2014-01-16,0.40024999,0.40224999,0.3985,0.40149999,0.37811732,220652000
2014-01-17,0.40149999,0.40625,0.39725,0.39974999,0.37646919,340400000
2014-01-21,0.40024999,0.40375,0.39700001,0.40125,0.37788194,246076000
2014-01-22,0.40200001,0.4025,0.396,0.40075001,0.37741092,337940000
2014-01-23,0.39950001,0.40375,0.39625001,0.39925,0.37599841,185028000
2014-01-24,0.396,0.39750001,0.389,0.389,0.36634532,246696000
2014-01-27,0.389,0.39449999,0.38424999,0.3865,0.36399093,233812000
2014-01-28,0.38575,0.39050001,0.38424999,0.39025,0.36752266,167996000
2014-01-29,0.38874999,0.391,0.38624999,0.3865,0.36399093,162944000
2014-01-30,0.38874999,0.39375001,0.38749999,0.39300001,0.37011251,202896000
2014-01-31,0.38749999,0.39475,0.38725001,0.39250001,0.36964172,335348000
2014-02-03,0.39524999,0.39574999,0.38575,0.38725001,0.36469707,431728000
2014-02-04,0.38699999,0.39025,0.38499999,0.38949999,0.36681616,280692000
2014-02-05,0.38675001,0.38800001,0.38299999,0.38600001,0.36351997,214676000
2014-02-06,0.3865,0.39199999,0.38600001,0.391,0.36822888,168380000
2014-02-07,0.39199999,0.39725,0.38850001,0.39675,0.37364402,157248000
2014-02-10,0.39625001,0.40325001,0.396,0.398,0.37482128,324372000
2014-02-11,0.40024999,0.40724999,0.39825001,0.40625,0.38259077,235384000
2014-02-12,0.4075,0.42375001,0.4075,0.42074999,0.39624622,744528000
2014-02-13,0.43125001,0.43650001,0.42375001,0.43399999,0.40872458,902836000
2014-02-14,0.43000001,0.44874999,0.42975,0.44775,0.42167377,817536000
2014-02-18,0.44800001,0.44949999,0.44374999,0.44749999,0.42143834,428988000
2014-02-19,0.44749999,0.45750001,0.44549999,0.4535,0.42708889,450340000
2014-02-20,0.45449999,0.47049999,0.45375001,0.46950001,0.44215727,398088000
2014-02-21,0.46875,0.47475001,0.463,0.46599999,0.43886089,451052000
2014-02-24,0.465,0.47624999,0.46075001,0.47275001,0.44521782,403112000
2014-02-25,0.47,0.472,0.46349999,0.46849999,0.44320762,242184000
2014-02-26,0.4675,0.4745,0.46625,0.46775001,0.44249803,360884000
2014-02-27,0.46775001,0.4725,0.46125001,0.46250001,0.43753156,388848000
2014-02-28,0.46000001,0.46450001,0.45275,0.45950001,0.4346934,321692000
2014-03-03,0.44925001,0.45725,0.44525,0.45725,0.43256494,375948000
2014-03-04,0.45950001,0.465,0.45875001,0.46200001,0.43705854,260344000
2014-03-05,0.46149999,0.46625,0.45950001,0.46599999,0.44084248,241472000
2014-03-06,0.46675,0.46924999,0.45875001,0.45950001,0.4346934,290144000
2014-03-07,0.46149999,0.46224999,0.45550001,0.45899999,0.4342204,268452000
2014-03-10,0.45750001,0.45950001,0.45025,0.45225,0.42783484,300888000
2014-03-11,0.45449999,0.46075001,0.45300001,0.45675001,0.43209186,297220000
2014-03-12,0.45449999,0.46075001,0.45275,0.458,0.4332746,239428000
2014-03-13,0.45899999,0.46075001,0.44125,0.44350001,0.41955721,385172000
2014-03-14,0.43900001,0.44949999,0.43900001,0.44549999,0.42144921,460048000
2014-03-17,0.44674999,0.44999999,0.44499999,0.44549999,0.42144921,299656000
2014-03-18,0.44725001,0.45899999,0.44525,0.456,0.43138242,293904000
2014-03-19,0.45950001,0.47275001,0.45824999,0.46399999,0.43895057,366168000
2014-03-20,0.46149999,0.46825001,0.45950001,0.46425,0.43918693,191800000
2014-03-21,0.46825001,0.472,0.461,0.46349999,0.43847749,566116000
2014-03-24,0.46375,0.4675,0.45449999,0.46125001,0.436349,306096000
2014-03-25,0.46625,0.46675,0.45774999,0.46125001,0.436349,304424000
2014-03-26,0.4655,0.47424999,0.44674999,0.45074999,0.4264158,557756000
2014-03-27,0.44975001,0.4535,0.43974999,0.44475001,0.42073974,540728000
2014-03-28,0.44400001,0.45025,0.44275001,0.44749999,0.42334124,398820000
2014-03-31,0.44825,0.45225,0.44525,0.44775,0.42357779,273404000
2014-04-01,0.46200001,0.47174999,0.45649999,0.46625,0.44107896,656272000
2014-04-02,0.46625,0.46724999,0.46125001,0.46325001,0.43824095,239948000
2014-04-03,0.46425,0.4795,0.46399999,0.46825001,0.44297099,599548000
2014-04-04,0.47075,0.47350001,0.45175001,0.45375001,0.42925397,368032000
2014-04-07,0.454,0.46399999,0.4515,0.45524999,0.43067282,428576000
2014-04-08,0.45524999,0.47275001,0.45449999,0.47150001,0.44604567,470692000
2014-04-09,0.47375,0.47775,0.46724999,0.47099999,0.44557258,421968000
2014-04-10,0.46900001,0.47549999,0.458,0.45950001,0.4346934,372748000
2014-04-11,0.456,0.463,0.447,0.45300001,0.42854446,353112000
2014-04-14,0.456,0.45975,0.45300001,0.458,0.4332746,290184000
2014-04-15,0.4585,0.46375,0.454,0.46125001,0.436349,304636000
2014-04-16,0.46349999,0.46399999,0.45649999,0.46224999,0.43729487,235136000
2014-04-17,0.4605,0.46825001,0.45950001,0.46399999,0.43895057,153532000
2014-04-21,0.46425,0.46900001,0.46125001,0.46775001,0.44249803,117004000
2014-04-22,0.46849999,0.47475001,0.46599999,0.47174999,0.44628215,255120000
2014-04-23,0.4725,0.47850001,0.47174999,0.47725001,0.45148522,261580000
2014-04-24,0.48050001,0.48649999,0.48050001,0.4815,0.45550579,391492000
2014-04-25,0.48050001,0.48500001,0.46724999,0.46825001,0.44297099,313600000
2014-04-28,0.472,0.4745,0.4605,0.46625,0.44107896,226788000
2014-04-29,0.46799999,0.46900001,0.46200001,0.46724999,0.44202504,171300000
2014-04-30,0.46650001,0.46700001,0.46075001,0.46175,0.436822,305740000
2014-05-01,0.46875,0.46974999,0.4605,0.46425,0.43918693,198104000
2014-05-02,0.46650001,0.46650001,0.458,0.46075001,0.43587601,156376000
2014-05-05,0.46024999,0.46924999,0.45975,0.46575001,0.440606,239260000
2014-05-06,0.47025001,0.47424999,0.45500001,0.45625001,0.43161887,416188000
2014-05-07,0.45625001,0.4605,0.45175001,0.45675001,0.43209186,293900000
2014-05-08,0.45500001,0.46974999,0.45275,0.46250001,0.43753156,432728000
2014-05-09,0.44850001,0.45275,0.44275001,0.45124999,0.42688888,539532000
2014-05-12,0.45225,0.4655,0.45199999,0.46450001,0.43942353,299856000
2014-05-13,0.45824999,0.46575001,0.45550001,0.45699999,0.43232837,221104000
2014-05-14,0.45725,0.45899999,0.45225,0.45249999,0.42807138,214320000
2014-05-15,0.4515,0.454,0.44549999,0.44999999,0.42570636,325896000
2014-05-16,0.4465,0.45225,0.4465,0.449,0.42476016,283960000
2014-05-19,0.45375001,0.46599999,0.45175001,0.46349999,0.43847749,360076000
2014-05-20,0.46149999,0.46274999,0.45375001,0.456,0.43336931,256200000
2014-05-21,0.45774999,0.46175,0.45324999,0.456,0.43336931,216712000
2014-05-22,0.45500001,0.4605,0.45500001,0.458,0.43527004,130364000
2014-05-23,0.4605,0.46450001,0.45774999,0.46224999,0.43930903,182656000
2014-05-27,0.465,0.47049999,0.46349999,0.47049999,0.4471496,209680000
2014-05-28,0.47225001,0.47749999,0.46775001,0.4745,0.45095104,224676000
2014-05-29,0.47424999,0.47825,0.47275001,0.47375,0.45023832,171884000
2014-05-30,0.47375,0.47624999,0.47125,0.47499999,0.4514263,239128000
2014-06-02,0.4765,0.4795,0.46950001,0.47350001,0.45000079,181500000
2014-06-03,0.4745,0.47499999,0.46524999,0.47150001,0.44809994,243212000
2014-06-04,0.47025001,0.47549999,0.47,0.472,0.44857517,161236000
2014-06-05,0.47275001,0.47549999,0.47,0.47400001,0.45047587,188696000
2014-06-06,0.47624999,0.47999999,0.4745,0.47575,0.45213902,161052000
2014-06-09,0.47525001,0.48074999,0.472,0.47624999,0.45261428,247456000
2014-06-10,0.4745,0.48100001,0.4725,0.47874999,0.4549903,217608000
2014-06-11,0.477,0.48625001,0.477,0.48500001,0.46093002,266228000
2014-06-12,0.48500001,0.49024999,0.48074999,0.48800001,0.46378124,337148000
2014-06-13,0.493,0.49325001,0.48374999,0.4885,0.46425635,227852000
2014-06-16,0.48625001,0.49024999,0.48275,0.48699999,0.46283069,198620000
2014-06-17,0.48750001,0.49225,0.48500001,0.49024999,0.46591935,157608000
2014-06-18,0.48899999,0.49200001,0.48449999,0.48975,0.46544427,215536000
2014-06-19,0.48074999,0.48324999,0.47499999,0.47850001,0.45475256,474592000
2014-06-20,0.47975001,0.4815,0.46950001,0.47325,0.44976315,353148000
2014-06-23,0.46700001,0.46799999,0.46149999,0.46775001,0.44453603,414200000
2014-06-24,0.46700001,0.47075,0.4585,0.4605,0.43764582,275780000
2014-06-25,0.46175,0.4655,0.45750001,0.46524999,0.44216016,215420000
2014-06-26,0.46524999,0.4655,0.45750001,0.45899999,0.43622026,256908000
2014-06-27,0.4585,0.46224999,0.45574999,0.45950001,0.43669558,302820000
2014-06-30,0.45774999,0.46474999,0.45774999,0.46349999,0.44049698,180512000
2014-07-01,0.463,0.47150001,0.46149999,0.46875,0.44548658,321180000
2014-07-02,0.46700001,0.46900001,0.46425,0.46700001,0.44382337,179284000
2014-07-03,0.46274999,0.4725,0.46274999,0.47125,0.44786251,136892000
2014-07-07,0.472,0.47225001,0.46675,0.4675,0.44429862,127496000
2014-07-08,0.46625,0.46825001,0.45925,0.46375,0.44073462,221940000
2014-07-09,0.46775001,0.47975001,0.46425,0.47775,0.45403993,387668000
2014-07-10,0.46875,0.47725001,0.465,0.47525001,0.45166391,266308000
2014-07-11,0.47575,0.47775,0.47400001,0.47624999,0.45261428,191188000
2014-07-14,0.47825,0.4835,0.4765,0.48225001,0.4583165,272636000
2014-07-15,0.48300001,0.48550001,0.47975001,0.48425001,0.46021724,395440000
2014-07-16,0.48625001,0.49000001,0.48100001,0.48374999,0.45974204,319728000
2014-07-17,0.47825,0.48750001,0.47825,0.48249999,0.45855415,324832000
2014-07-18,0.4725,0.47624999,0.46024999,0.461,0.43812105,567816000
2014-07-21,0.45925,0.46700001,0.45925,0.46375,0.44073462,243364000
2014-07-22,0.46724999,0.46974999,0.46075001,0.46175,0.43883374,298816000
2014-07-23,0.46200001,0.46224999,0.4515,0.45199999,0.42956778,297352000
2014-07-24,0.45449999,0.45574999,0.44949999,0.45275,0.43028057,254576000
2014-07-25,0.45124999,0.45225,0.44400001,0.44475001,0.42267752,266132000
2014-07-28,0.44674999,0.44674999,0.4355,0.44299999,0.42101437,330352000
2014-07-29,0.44325,0.45050001,0.44299999,0.4445,0.42244008,217972000
2014-07-30,0.44725001,0.45324999,0.44600001,0.45199999,0.42956778,246184000
2014-07-31,0.4465,0.44999999,0.43674999,0.4375,0.4157874,401880000
2014-08-01,0.4375,0.44475001,0.43599999,0.44225001,0.42030165,219884000
2014-08-04,0.44174999,0.44549999,0.43900001,0.44125,0.41935128,241724000
2014-08-05,0.44,0.44800001,0.43625,0.44150001,0.41958886,298136000
2014-08-06,0.43849999,0.4465,0.43525001,0.44100001,0.41911364,223456000
2014-08-07,0.44475001,0.44874999,0.43349999,0.43650001,0.41483712,407696000
2014-08-08,0.45550001,0.47749999,0.45550001,0.47499999,0.4514263,894348000
2014-08-11,0.47549999,0.47749999,0.47125,0.4725,0.44905046,344624000
2014-08-12,0.47225001,0.47499999,0.46724999,0.4725,0.44905046,296152000
2014-08-13,0.47325,0.47925001,0.47025001,0.47525001,0.45166391,256596000
2014-08-14,0.477,0.477,0.46799999,0.47,0.44667444,255992000
2014-08-15,0.47150001,0.47874999,0.46700001,0.47600001,0.45237669,369796000
2014-08-18,0.47799999,0.48300001,0.47325,0.48249999,0.45855415,284076000
2014-08-19,0.48050001,0.48675001,0.47874999,0.48425001,0.46225306,248260000
2014-08-20,0.48249999,0.48475,0.47999999,0.48124999,0.45938933,221468000
2014-08-21,0.47999999,0.48249999,0.47600001,0.47674999,0.45509377,272796000
2014-08-22,0.47624999,0.48100001,0.47325,0.477,0.45533231,251224000
2014-08-25,0.479,0.48225001,0.47674999,0.47775,0.45604843,153380000
2014-08-26,0.479,0.48725,0.47725001,0.48625001,0.46416217,269636000
2014-08-27,0.48324999,0.48699999,0.47999999,0.48074999,0.4589121,182972000
2014-08-28,0.47975001,0.48574999,0.47825,0.48475,0.46273041,179704000
2014-08-29,0.48649999,0.48725,0.48124999,0.48625001,0.46416217,207932000
2014-09-02,0.48750001,0.48750001,0.48300001,0.48750001,0.46535546,192636000
2014-09-03,0.49000001,0.49375001,0.48675001,0.49200001,0.4696511,259456000
2014-09-04,0.49125001,0.50375003,0.491,0.50075001,0.47800353,491832000
2014-09-05,0.50024998,0.5025,0.49599999,0.49924999,0.47657168,253792000
2014-09-08,0.49875,0.49974999,0.49274999,0.49474999,0.47227606,319288000
2014-09-09,0.49250001,0.49575001,0.48800001,0.4885,0.46631002,198588000
2014-09-10,0.49125001,0.49200001,0.48574999,0.49024999,0.46798041,172376000
2014-09-11,0.48675001,0.4885,0.47999999,0.48525,0.46320769,250720000
2014-09-12,0.48824999,0.48824999,0.47749999,0.47799999,0.45628691,262536000
2014-09-15,0.4795,0.48025,0.46950001,0.47150001,0.45008218,294152000
2014-09-16,0.47025001,0.48100001,0.46875,0.47850001,0.45676422,219936000
2014-09-17,0.47725001,0.48324999,0.47499999,0.47874999,0.457003,173584000
2014-09-18,0.48175001,0.48649999,0.48025,0.486,0.46392357,219604000
2014-09-19,0.48750001,0.48800001,0.47624999,0.477,0.45533231,601316000
2014-09-22,0.48675001,0.48675001,0.47174999,0.47225001,0.45079818,221464000
2014-09-23,0.46974999,0.47549999,0.46799999,0.47025001,0.44888908,196144000
2014-09-24,0.47,0.4745,0.46950001,0.47299999,0.4515141,159592000
2014-09-25,0.4725,0.47375,0.46175,0.46274999,0.44172961,298440000
2014-09-26,0.46425,0.46724999,0.46224999,0.46375,0.44268423,241188000
2014-09-29,0.46000001,0.46625,0.45550001,0.463,0.44196826,208540000
2014-09-30,0.461,0.46450001,0.45574999,0.46125001,0.44029778,277204000
2014-10-01,0.46200001,0.46524999,0.45550001,0.45675001,0.43600231,350976000
2014-10-02,0.456,0.45824999,0.44424999,0.45475,0.43409306,288996000
2014-10-03,0.45750001,0.46375,0.45574999,0.45574999,0.43504763,239140000
2014-10-06,0.45750001,0.46125001,0.44999999,0.45300001,0.4324227,199032000
2014-10-07,0.45100001,0.45550001,0.44775,0.44825,0.42788839,301896000
2014-10-08,0.44775,0.45875001,0.44424999,0.45649999,0.43576357,260172000
2014-10-09,0.45449999,0.45500001,0.44400001,0.44775,0.42741105,306956000
2014-10-10,0.44424999,0.44575,0.421,0.42124999,0.4021149,691376000
2014-10-13,0.42399999,0.4325,0.41925001,0.41975001,0.40068296,397628000
2014-10-14,0.42550001,0.44125,0.42300001,0.42950001,0.40999025,376620000
2014-10-15,0.42324999,0.43825001,0.42050001,0.43599999,0.41619486,404428000
2014-10-16,0.42825001,0.44125,0.42725,0.43625,0.41643339,351116000
2014-10-17,0.44150001,0.4465,0.43375,0.4355,0.41571757,290716000
2014-10-20,0.4355,0.44325,0.4325,0.43924999,0.4192971,200336000
2014-10-21,0.4425,0.4585,0.44125,0.458,0.43719551,351092000
2014-10-22,0.45725,0.45875001,0.44725001,0.44725001,0.42693388,239512000
2014-10-23,0.45500001,0.4605,0.45175001,0.45725,0.43647954,214476000
2014-10-24,0.46000001,0.46474999,0.45725,0.46200001,0.4410139,210156000
2014-10-27,0.46175,0.46399999,0.45675001,0.46224999,0.44125235,145092000
2014-10-28,0.461,0.47375,0.4605,0.47325,0.45175272,192580000
2014-10-29,0.47125,0.47400001,0.46599999,0.47025001,0.44888908,168340000
2014-10-30,0.46900001,0.47099999,0.46125001,0.46724999,0.44602525,170260000
2014-10-31,0.47799999,0.48875001,0.47549999,0.4885,0.46631002,256316000
2014-11-03,0.49974999,0.50150001,0.49425,0.49675,0.47418526,308732000
2014-11-04,0.5,0.505,0.49175,0.50325,0.4803901,360196000
2014-11-05,0.50625002,0.50650001,0.49950001,0.50325,0.4803901,335652000
2014-11-06,0.50424999,0.50625002,0.49649999,0.50550002,0.48253787,394088000
2014-11-07,0.51125002,0.51725,0.48975,0.49474999,0.47227606,450800000
2014-11-10,0.49425,0.50375003,0.493,0.50050002,0.47776493,293388000
2014-11-11,0.4975,0.50024998,0.49024999,0.49450001,0.4720374,212992000
2014-11-12,0.49274999,0.49399999,0.48449999,0.49125001,0.46893507,204584000
2014-11-13,0.493,0.49375001,0.48475,0.48875001,0.46654874,225328000
2014-11-14,0.48925,0.49474999,0.48449999,0.49474999,0.47227606,160248000
2014-11-17,0.49250001,0.49775001,0.48925,0.49250001,0.47012845,158732000
2014-11-18,0.49274999,0.50550002,0.49149999,0.50424999,0.48134464,207772000
2014-11-19,0.5025,0.50400001,0.495,0.50024998,0.47954723,240300000
2014-11-20,0.49675,0.509,0.49524999,0.50849998,0.48745582,220968000
2014-11-21,0.51300001,0.51375002,0.50700003,0.51125002,0.49009198,198976000
2014-11-24,0.51249999,0.51674998,0.51050001,0.51450002,0.49320748,136004000
2014-11-25,0.51349998,0.51800001,0.51249999,0.51424998,0.49296778,190240000
2014-11-26,0.51125002,0.52350003,0.51099998,0.523,0.50135553,219264000
2014-11-28,0.52474999,0.52724999,0.51999998,0.52424997,0.50255382,124832000
2014-12-01,0.52200001,0.52499998,0.51375002,0.51450002,0.49320748,190060000
2014-12-02,0.514,0.51749998,0.50924999,0.51525003,0.49392635,245952000
2014-12-03,0.51775002,0.52875,0.51625001,0.52850002,0.50662792,284424000
2014-12-04,0.52775002,0.52974999,0.52025002,0.52375001,0.50207478,185332000
2014-12-05,0.52399999,0.52950001,0.52375001,0.52675003,0.50495058,165680000
2014-12-08,0.52600002,0.53125,0.51574999,0.51999998,0.49847996,226944000
2014-12-09,0.51674998,0.51950002,0.509,0.51824999,0.49680236,239448000
2014-12-10,0.51674998,0.51875001,0.50625002,0.50674999,0.48577827,204364000
2014-12-11,0.50975001,0.51324999,0.50550002,0.50650001,0.48553845,135652000
2014-12-12,0.49974999,0.50424999,0.49024999,0.49075001,0.47044042,323964000
2014-12-15,0.49649999,0.50550002,0.48774999,0.48925,0.46900237,254696000
2014-12-16,0.48875001,0.49649999,0.4835,0.48374999,0.46373004,185308000
2014-12-17,0.49349999,0.50424999,0.47749999,0.50349998,0.48266247,345596000
2014-12-18,0.50975001,0.51574999,0.50075001,0.50550002,0.48458001,226156000
2014-12-19,0.509,0.51249999,0.50424999,0.51050001,0.48937297,325528000
2014-12-22,0.50999999,0.51950002,0.50825,0.51950002,0.49800053,148976000
2014-12-23,0.52350003,0.52600002,0.51574999,0.51625001,0.49488503,109280000
2014-12-24,0.51749998,0.51824999,0.51375002,0.51424998,0.49296778,45644000
2014-12-26,0.51424998,0.51749998,0.51300001,0.51475,0.49344704,52636000
2014-12-29,0.51324999,0.51749998,0.51075,0.514,0.49272805,82944000
2014-12-30,0.51050001,0.51300001,0.50849998,0.50924999,0.48817471,112120000
2014-12-31,0.50999999,0.51275003,0.49974999,0.50125003,0.48050579,166300000
2015-01-02,0.50325,0.50700003,0.49524999,0.50325,0.48242304,113680000
2015-01-05,0.50325,0.50475001,0.49250001,0.49474999,0.47427475,197952000
2015-01-06,0.4955,0.49599999,0.47925001,0.47975001,0.45989564,197764000
2015-01-07,0.48324999,0.48750001,0.477,0.47850001,0.45869726,321808000
2015-01-08,0.484,0.49950001,0.48374999,0.49649999,0.47595239,283780000
2015-01-09,0.49825001,0.50225002,0.49149999,0.49849999,0.47786957,209540000
2015-01-12,0.49974999,0.5,0.48774999,0.49225,0.47187823,190732000
2015-01-13,0.49599999,0.50599998,0.48800001,0.49149999,0.47115919,236720000
2015-01-14,0.48625001,0.495,0.48500001,0.49349999,0.47307655,155260000
2015-01-15,0.49700001,0.5,0.48975,0.49000001,0.46972135,188932000
2015-01-16,0.48925,0.49950001,0.48774999,0.49900001,0.47834897,181512000
2015-01-20,0.5025,0.50524998,0.49425,0.50050002,0.47978672,140308000
2015-01-21,0.49775001,0.50875002,0.49425,0.50749999,0.48649707,144780000
2015-01-22,0.50849998,0.51775002,0.50325,0.51625001,0.49488503,159712000
2015-01-23,0.51674998,0.51875001,0.51249999,0.51775002,0.49632275,120416000
2015-01-26,0.51550001,0.51800001,0.51225001,0.51550001,0.49416605,133240000
2015-01-27,0.50749999,0.50800002,0.48975,0.49075001,0.47044042,357948000
2015-01-28,0.49675,0.49875,0.48249999,0.48275,0.46277139,272728000
2015-01-29,0.48300001,0.49724999,0.48074999,0.49450001,0.47403514,235340000
2015-01-30,0.491,0.49675,0.47925001,0.47999999,0.46013522,298200000
2015-02-02,0.48300001,0.49250001,0.47350001,0.4905,0.47020066,259604000
2015-02-03,0.49399999,0.50325,0.49149999,0.50274998,0.48194367,183468000
2015-02-04,0.50125003,0.50975001,0.49974999,0.50400001,0.4831419,181516000
2015-02-05,0.50449997,0.51249999,0.50400001,0.51225001,0.49105057,140448000
2015-02-06,0.51174998,0.51775002,0.50774997,0.50999999,0.48889366,210524000
2015-02-09,0.50700003,0.51099998,0.50375003,0.50950003,0.4884145,273944000
2015-02-10,0.50999999,0.52399999,0.50774997,0.52375001,0.50207478,226204000
2015-02-11,0.52499998,0.52499998,0.51674998,0.52025002,0.49871948,320832000
2015-02-12,0.55000001,0.5625,0.54675001,0.5575,0.53442776,676904000
2015-02-13,0.55624998,0.55849999,0.54775,0.55774999,0.53466743,310084000
2015-02-17,0.55675,0.56225002,0.55325001,0.55949998,0.53634506,203340000
2015-02-18,0.55874997,0.55975002,0.55199999,0.55299997,0.53011417,170948000
2015-02-19,0.56,0.56099999,0.55199999,0.55449998,0.5315522,169432000
2015-02-20,0.55400002,0.55874997,0.55000001,0.55849999,0.53538626,157752000
2015-02-23,0.55825001,0.55825001,0.55124998,0.55400002,0.53107268,125008000
2015-02-24,0.55400002,0.55774999,0.54900002,0.55774999,0.53672612,149356000
2015-02-25,0.55549997,0.55800003,0.551,0.5535,0.53263652,123820000
2015-02-26,0.55400002,0.55825001,0.55049998,0.55500001,0.53407985,152864000
2015-02-27,0.5535,0.55475003,0.54949999,0.55150002,0.53071177,157492000
2015-03-02,0.55000001,0.56800002,0.54925001,0.565,0.54370308,301512000
2015-03-03,0.56075001,0.56349999,0.55274999,0.55449998,0.53359896,160344000
2015-03-04,0.55250001,0.56199998,0.55024999,0.56075001,0.53961307,226840000
2015-03-05,0.56075001,0.57249999,0.55925,0.5715,0.54995793,323056000
2015-03-06,0.56825,0.57099998,0.56325001,0.56375003,0.54250014,257392000
2015-03-09,0.56400001,0.56950003,0.56274998,0.56524998,0.54394352,222388000
2015-03-10,0.56774998,0.57875001,0.56674999,0.57499999,0.55332595,527212000
2015-03-11,0.57499999,0.58249998,0.57050002,0.57200003,0.55043906,262120000
2015-03-12,0.56650001,0.57075,0.55599999,0.56674999,0.54538709,406972000
2015-03-13,0.56400001,0.56900001,0.55624998,0.5675,0.54610872,359288000
2015-03-16,0.57200003,0.57775003,0.56825,0.57424998,0.55260432,236956000
2015-03-17,0.57300001,0.58149999,0.56900001,0.58125001,0.55934042,299900000
2015-03-18,0.58125001,0.58424997,0.56650001,0.57174999,0.55019832,413844000
2015-03-19,0.57375002,0.58249998,0.56950003,0.58050001,0.55861866,310756000
2015-03-20,0.58525002,0.59025002,0.57975,0.58674997,0.56463301,462084000
2015-03-23,0.56924999,0.57674998,0.5675,0.56774998,0.54634941,426012000
2015-03-24,0.56599998,0.56999999,0.5575,0.56,0.53889143,330480000
2015-03-25,0.55975002,0.55975002,0.52424997,0.52600002,0.50617307,542552000
2015-03-26,0.51525003,0.52649999,0.5115,0.52424997,0.50448889,311920000
2015-03-27,0.52724999,0.53649998,0.51875001,0.5345,0.5143528,318288000
2015-03-30,0.537,0.5395,0.52999997,0.53675002,0.51651812,253252000
2015-03-31,0.53525001,0.53574997,0.52275002,0.52324998,0.50352675,357276000
2015-04-01,0.52525002,0.52700001,0.51625001,0.52525002,0.50545114,330768000
2015-04-02,0.52824998,0.52974999,0.52200001,0.52649999,0.50665408,192204000
2015-04-06,0.52424997,0.54350001,0.51875001,0.54175001,0.52132934,515864000
2015-04-07,0.54175001,0.55250001,0.53874999,0.54650003,0.52590019,413964000
2015-04-08,0.54699999,0.55250001,0.54175001,0.55049998,0.52974951,366432000
2015-04-09,0.54624999,0.565,0.546,0.56325001,0.54201895,379432000
2015-04-10,0.56375003,0.56924999,0.56174999,0.56900001,0.54755217,258728000
2015-04-13,0.56774998,0.57099998,0.56124997,0.56375003,0.54250014,236724000
2015-04-14,0.56150001,0.56375003,0.5535,0.55900002,0.53792936,220276000
2015-04-15,0.56050003,0.56999999,0.55774999,0.56575,0.54442471,243560000
2015-04-16,0.5625,0.56725001,0.55825001,0.56225002,0.54105651,155284000
2015-04-17,0.55049998,0.56050003,0.55024999,0.55500001,0.53407985,293636000
2015-04-20,0.5575,0.56099999,0.55124998,0.55225003,0.53143364,231624000
2015-04-21,0.55900002,0.55900002,0.54874998,0.55150002,0.53071177,230456000
2015-04-22,0.55475003,0.55849999,0.54624999,0.55774999,0.53672612,207420000
2015-04-23,0.54750001,0.56075001,0.54124999,0.55549997,0.53456122,259380000
2015-04-24,0.55524999,0.55549997,0.54449999,0.55075002,0.52999014,240960000
2015-04-27,0.55250001,0.56475002,0.54775,0.55500001,0.53407985,248456000
2015-04-28,0.55400002,0.55975002,0.54874998,0.55774999,0.53672612,234484000
2015-04-29,0.55374998,0.55925,0.55124998,0.5535,0.53263652,195156000
2015-04-30,0.55075002,0.55774999,0.54949999,0.55500001,0.53407985,218844000
2015-05-01,0.55949998,0.57050002,0.55699998,0.56875002,0.54731154,256968000
2015-05-04,0.56825,0.57200003,0.56349999,0.56524998,0.54394352,200720000
2015-05-05,0.56325001,0.56400001,0.54825002,0.55075002,0.52999014,292928000
2015-05-06,0.55374998,0.55900002,0.54525,0.55250001,0.53167385,316484000
2015-05-07,0.55024999,0.56400001,0.5485,0.56225002,0.54105651,534564000
2015-05-08,0.52525002,0.546,0.51225001,0.52074999,0.50112092,1146552000
2015-05-11,0.51349998,0.52100003,0.50950003,0.51574999,0.49630931,544144000
2015-05-12,0.51200002,0.52499998,0.51174998,0.52074999,0.50112092,388800000
2015-05-13,0.52450001,0.52850002,0.51875001,0.52375001,0.50400794,308524000
2015-05-14,0.52525002,0.53500003,0.52399999,0.53224999,0.5121873,293052000
2015-05-15,0.5345,0.537,0.52925003,0.53250003,0.51242805,215824000
2015-05-18,0.53125,0.53500003,0.52875,0.53175002,0.51170641,324972000
2015-05-19,0.52999997,0.53175002,0.52499998,0.52600002,0.50851595,253808000
2015-05-20,0.52625,0.53250003,0.5255,0.52600002,0.50851595,196824000
2015-05-21,0.52625,0.52850002,0.52174997,0.52225,0.50489068,239692000
2015-05-22,0.52350003,0.5255,0.52025002,0.52149999,0.50416565,212592000
2015-05-26,0.51899999,0.52249998,0.51424998,0.51824999,0.50102371,259732000
2015-05-27,0.52174997,0.5485,0.51999998,0.546,0.52785134,432332000
2015-05-28,0.546,0.55524999,0.54500002,0.5535,0.53510195,327656000
2015-05-29,0.5535,0.55699998,0.55250001,0.55325001,0.53486019,335168000
2015-06-01,0.55675,0.565,0.55325001,0.55949998,0.54090261,372660000
2015-06-02,0.55599999,0.55900002,0.54799998,0.5485,0.53026813,224304000
2015-06-03,0.55000001,0.55425,0.54149997,0.54250002,0.52446771,250788000
2015-06-04,0.53925002,0.55400002,0.53925002,0.55225003,0.53389347,323712000
2015-06-05,0.55049998,0.55900002,0.54474998,0.55650002,0.53800219,313320000
2015-06-08,0.55475003,0.55849999,0.53750002,0.54374999,0.52567595,342812000
2015-06-09,0.54425001,0.55049998,0.54325002,0.54650003,0.5283345,256888000
2015-06-10,0.54000002,0.54350001,0.53375,0.53675002,0.51890886,529460000
2015-06-11,0.53675002,0.54624999,0.53675002,0.54250002,0.52446771,283052000
2015-06-12,0.53899997,0.54224998,0.52649999,0.52775002,0.51020795,323728000
2015-06-15,0.52499998,0.52925003,0.52100003,0.52675003,0.50924122,306548000
2015-06-16,0.52574998,0.53399998,0.5205,0.53324997,0.51552498,256892000
2015-06-17,0.53299999,0.54250002,0.53175002,0.5395,0.52156723,233544000
2015-06-18,0.54400003,0.55199999,0.54250002,0.5485,0.53026813,299404000
2015-06-19,0.5485,0.55299997,0.54175001,0.54675001,0.52857602,355656000
2015-06-22,0.54775,0.55075002,0.53625,0.54449999,0.52640086,514236000
2015-06-23,0.54549998,0.54974997,0.52625,0.53049999,0.51286626,414064000
2015-06-24,0.52974999,0.53250003,0.52275002,0.52525002,0.5077908,253368000
2015-06-25,0.52525002,0.53250003,0.52525002,0.52925003,0.51165807,350460000
2015-06-26,0.52499998,0.5255,0.51625001,0.51849997,0.50126535,421296000
2015-06-29,0.51249999,0.51775002,0.50225002,0.50300002,0.48628065,391724000
2015-06-30,0.50599998,0.50825,0.49924999,0.50274998,0.48603874,315916000
2015-07-01,0.51525003,0.52249998,0.50550002,0.50999999,0.49304783,302892000
2015-07-02,0.50975001,0.51375002,0.50725001,0.51050001,0.49353126,145764000
2015-07-06,0.50625002,0.51324999,0.50050002,0.50424999,0.48748904,214776000
2015-07-07,0.50125003,0.50325,0.479,0.49474999,0.47830468,594252000
2015-07-08,0.49200001,0.495,0.48725,0.49125001,0.47492099,332492000
2015-07-09,0.49900001,0.50125003,0.48225001,0.48525,0.46912044,357588000
2015-07-10,0.49149999,0.49825001,0.49024999,0.49375001,0.4773379,216708000
2015-07-13,0.49875,0.49974999,0.49375001,0.49700001,0.48047999,212472000
2015-07-14,0.49775001,0.49825001,0.49075001,0.49724999,0.48072159,249216000
2015-07-15,0.49599999,0.49924999,0.48925,0.49375001,0.4773379,265732000
2015-07-16,0.49675,0.50475001,0.495,0.50475001,0.48797235,282848000
2015-07-17,0.50300002,0.50349998,0.49524999,0.50174999,0.48507217,220372000
2015-07-20,0.50174999,0.50375003,0.49125001,0.49250001,0.47612962,188412000
2015-07-21,0.49149999,0.50174999,0.49149999,0.49474999,0.47830468,149720000
2015-07-22,0.49125001,0.49125001,0.47925001,0.48525,0.46912044,356472000
2015-07-23,0.48625001,0.49849999,0.48525,0.49125001,0.47492099,169916000
2015-07-24,0.49474999,0.49524999,0.4835,0.48550001,0.46936223,188844000
2015-07-27,0.48124999,0.48824999,0.47725001,0.48275,0.46670362,192420000
2015-07-28,0.484,0.49649999,0.479,0.49325001,0.47685462,198308000
2015-07-29,0.49225,0.50325,0.49024999,0.49924999,0.48265499,232680000
2015-07-30,0.498,0.50550002,0.498,0.50050002,0.48386368,190180000
2015-07-31,0.5025,0.50274998,0.49575001,0.49875,0.48217177,218340000
2015-08-03,0.50274998,0.50774997,0.49625,0.50725001,0.49038926,397132000
2015-08-04,0.50550002,0.51075,0.50349998,0.50924999,0.49232277,260100000
2015-08-05,0.52174997,0.52225,0.51349998,0.51450002,0.49739838,234628000
2015-08-06,0.51324999,0.51700002,0.50274998,0.51125002,0.49425623,655676000
2015-08-07,0.56150001,0.58424997,0.54699999,0.57450002,0.55540401,1405248000
2015-08-10,0.57050002,0.59875,0.56699997,0.59450001,0.57473928,662304000
2015-08-11,0.58574998,0.59724998,0.58574998,0.59149998,0.5718388,435008000
2015-08-12,0.58200002,0.59724998,0.58200002,0.59299999,0.5732891,384048000
2015-08-13,0.59375,0.59500003,0.58649999,0.588,0.56845516,276884000
2015-08-14,0.58749998,0.59200001,0.58399999,0.58850002,0.56893849,214652000
2015-08-17,0.58749998,0.58749998,0.57749999,0.58475,0.56531322,273880000
2015-08-18,0.58050001,0.58450001,0.57249999,0.57700002,0.56016791,287084000
2015-08-19,0.57625002,0.58275002,0.56849998,0.57475001,0.55798352,249248000
2015-08-20,0.56825,0.57099998,0.55124998,0.55400002,0.53783876,426932000
2015-08-21,0.55000001,0.55925,0.53625,0.53675002,0.52109212,382664000
2015-08-24,0.50674999,0.54575002,0.5,0.51775002,0.50264633,682284000
2015-08-25,0.54049999,0.54250002,0.50700003,0.50700003,0.49220979,622684000
2015-08-26,0.52350003,0.54575002,0.51950002,0.54525,0.52934402,614976000
2015-08-27,0.551,0.56599998,0.54775,0.56575,0.54924613,463764000
2015-08-28,0.56575,0.57174999,0.56174999,0.56825,0.55167311,320944000
2015-08-31,0.56550002,0.56950003,0.55975002,0.56199998,0.5456053,219352000
2015-09-01,0.54575002,0.55500001,0.53500003,0.53899997,0.52327639,353408000
2015-09-02,0.55374998,0.55549997,0.54449999,0.55524999,0.53905225,344044000
2015-09-03,0.56349999,0.56625003,0.55575001,0.55675,0.54050839,262556000
2015-09-04,0.54724997,0.55599999,0.54350001,0.54374999,0.52788788,287972000
2015-09-08,0.55699998,0.56924999,0.55475003,0.56699997,0.55045962,238448000
2015-09-09,0.56875002,0.57349998,0.55449998,0.55575001,0.53953785,289392000
2015-09-10,0.55250001,0.5715,0.55000001,0.56449997,0.5480324,357076000
2015-09-11,0.55825001,0.56999999,0.55599999,0.56625003,0.54973167,301584000
2015-09-14,0.56900001,0.57075,0.56424999,0.56725001,0.55070227,192460000
2015-09-15,0.5675,0.5765,0.56575,0.57349998,0.55676991,327976000
2015-09-16,0.57249999,0.58074999,0.56825,0.57749999,0.56065315,173508000
2015-09-17,0.58749998,0.59275001,0.58149999,0.58275002,0.56575006,268712000
2015-09-18,0.57475001,0.58724999,0.57125002,0.58225,0.56526458,326412000
2015-09-21,0.583,0.58950001,0.57999998,0.58824998,0.5710898,281840000
2015-09-22,0.57550001,0.57950002,0.56924999,0.57225001,0.55555636,228356000
2015-09-23,0.57274997,0.57849997,0.57050002,0.57499999,0.55822611,161632000
2015-09-24,0.5715,0.59200001,0.5625,0.58600003,0.56890523,382440000
2015-09-25,0.59324998,0.60175002,0.58450001,0.59025002,0.57303131,369692000
2015-09-28,0.59025002,0.59399998,0.57875001,0.58249998,0.56550747,395584000
2015-09-29,0.58875,0.59375,0.58050001,0.59275001,0.57545835,380736000
2015-09-30,0.59824997,0.61699998,0.59474999,0.61624998,0.59827274,556380000
2015-10-01,0.61624998,0.61799997,0.58674997,0.60425001,0.58662289,489296000
2015-10-02,0.60100001,0.62,0.59474999,0.62,0.60191333,386144000
2015-10-05,0.62400001,0.64324999,0.62075001,0.63550001,0.61696124,482024000
2015-10-06,0.62875003,0.64649999,0.62625003,0.64375001,0.6249705,453216000
2015-10-07,0.64525002,0.65700001,0.63475001,0.6505,0.63152373,310152000
2015-10-08,0.64775002,0.65600002,0.63674998,0.65425003,0.63516414,460068000
2015-10-09,0.65074998,0.65700001,0.63950002,0.65175003,0.63273716,423248000
2015-10-12,0.65249997,0.66250002,0.64775002,0.65875,0.63953292,227588000
2015-10-13,0.65350002,0.66399997,0.65125,0.66000003,0.64074641,298444000
2015-10-14,0.66074997,0.69475001,0.66000003,0.68400002,0.66404635,612148000
2015-10-15,0.68524998,0.69975001,0.67825001,0.68575001,0.66574538,526048000
2015-10-16,0.68800002,0.70300001,0.68624997,0.6965,0.67618179,448396000
2015-10-19,0.69875002,0.70200002,0.68725002,0.69524997,0.67496824,294712000
2015-10-20,0.69225001,0.69749999,0.68699998,0.69424999,0.67399734,264824000
2015-10-21,0.69849998,0.70275003,0.68400002,0.68524998,0.6652599,386280000
2015-10-22,0.69325,0.71224999,0.69225001,0.70999998,0.68928796,306884000
2015-10-23,0.71625,0.71950001,0.70550001,0.71474999,0.69389927,381776000
2015-10-26,0.71525002,0.71700001,0.70499998,0.71149999,0.6907441,247436000
2015-10-27,0.708,0.7155,0.70749998,0.71100003,0.69025874,208268000
2015-10-28,0.7155,0.71675003,0.70499998,0.71675003,0.69584101,217036000
2015-10-29,0.70525002,0.71249998,0.69075,0.69199997,0.67181313,327168000
2015-10-30,0.69950002,0.71425003,0.69424999,0.70924997,0.68855995,301160000
2015-11-02,0.71149999,0.71824998,0.70725,0.71749997,0.69656879,190088000
2015-11-03,0.71324998,0.71724999,0.70450002,0.71249998,0.69171506,376768000
2015-11-04,0.7105,0.71574998,0.69749999,0.70074999,0.68030798,442264000
2015-11-05,0.70424998,0.70625001,0.69075,0.69274998,0.67254126,478800000
2015-11-06,0.76125002,0.7985,0.74550003,0.78874999,0.76574063,1172272000
2015-11-09,0.78100002,0.78750002,0.77424997,0.78525001,0.76234281,492568000
2015-11-10,0.77499998,0.77925003,0.75375003,0.77025002,0.7477805,552260000
2015-11-11,0.77074999,0.77625,0.75999999,0.76275003,0.74049908,619896000
2015-11-12,0.76099998,0.76800001,0.75674999,0.75999999,0.73782945,291080000
2015-11-13,0.76075,0.764,0.74124998,0.745,0.72326696,292940000
2015-11-16,0.75475001,0.76050001,0.74874997,0.75999999,0.73782945,344280000
2015-11-17,0.76200002,0.7665,0.75674999,0.75999999,0.73782945,257048000
2015-11-18,0.76024997,0.77675003,0.75199997,0.77574998,0.75597972,350216000
2015-11-19,0.77850002,0.78574997,0.77225,0.778,0.75817215,254072000
2015-11-20,0.78375,0.78925002,0.77899998,0.78474998,0.76475024,239744000
2015-11-23,0.79124999,0.79124999,0.77025002,0.773,0.75329965,242552000
2015-11-24,0.773,0.78600001,0.76950002,0.77925003,0.75939059,195428000
2015-11-25,0.77775002,0.787,0.7755,0.77824998,0.75841594,138300000
2015-11-27,0.77974999,0.78724998,0.77574998,0.78474998,0.76475024,86996000
2015-11-30,0.78549999,0.79650003,0.78474998,0.79299998,0.7727899,327244000
2015-12-01,0.80000001,0.81950003,0.79925001,0.81875002,0.79788375,409496000
2015-12-02,0.81999999,0.82849997,0.81075001,0.8125,0.79179311,294240000
2015-12-03,0.81900001,0.82749999,0.80675,0.81075001,0.79008776,246656000
2015-12-04,0.81075001,0.84525001,0.81075001,0.84375,0.82224679,458756000
2015-12-07,0.84350002,0.84350002,0.82525003,0.82775003,0.80665457,333588000
2015-12-08,0.8175,0.84249997,0.81225002,0.83899999,0.81761783,314488000
2015-12-09,0.83875,0.84375,0.80925,0.81774998,0.79690933,372676000
2015-12-10,0.82024997,0.829,0.8175,0.82450002,0.80348748,236596000
2015-12-11,0.81625003,0.82200003,0.81050003,0.81225002,0.79154944,227320000
2015-12-14,0.81300002,0.81875002,0.80449998,0.81424999,0.79349852,275892000
2015-12-15,0.82349998,0.82999998,0.81900001,0.82424998,0.8032434,307296000
2015-12-16,0.82599998,0.83200002,0.81875002,0.82924998,0.80811614,236356000
2015-12-17,0.83050001,0.83899999,0.81625003,0.81674999,0.79593474,254160000
2015-12-18,0.81099999,0.81924999,0.80250001,0.8035,0.78302222,395896000
2015-12-21,0.81225002,0.82325,0.80500001,0.82249999,0.80153817,284216000
2015-12-22,0.82499999,0.83149999,0.81825,0.82325,0.80226904,130012000
2015-12-23,0.82450002,0.82975,0.82300001,0.8265,0.80543667,122524000
2015-12-24,0.824,0.83125001,0.82274997,0.82924998,0.80811614,52448000
2015-12-28,0.82050002,0.82849997,0.80900002,0.82849997,0.80738527,142024000
2015-12-29,0.829,0.84450001,0.82674998,0.84200001,0.82054138,203660000
2015-12-30,0.84125,0.84850001,0.83450001,0.83475,0.81347603,180344000
2015-12-31,0.83350003,0.83724999,0.824,0.824,0.80299979,148528000
2016-01-04,0.80725002,0.81449997,0.801,0.80925,0.78862572,358076000
2016-01-05,0.82450002,0.83600003,0.8125,0.82225001,0.80129439,490272000
2016-01-06,0.80874997,0.8125,0.77899998,0.78825003,0.76816112,449344000
2016-01-07,0.76849997,0.77375001,0.74699998,0.75700003,0.73770761,645304000
2016-01-08,0.76674998,0.76749998,0.73925,0.74075001,0.72187161,398472000
2016-01-11,0.74150002,0.74725002,0.72874999,0.74199998,0.72308964,409372000
2016-01-12,0.75524998,0.76550001,0.74924999,0.75449997,0.73527128,469356000
2016-01-13,0.76024997,0.76525003,0.73075002,0.73150003,0.71285731,481672000
2016-01-14,0.71649998,0.72500002,0.69550002,0.71675003,0.69848329,600236000
2016-01-15,0.68800002,0.69625002,0.66600001,0.67774999,0.66047728,841452000
2016-01-19,0.69174999,0.71125001,0.68049997,0.68325001,0.66583705,457140000
2016-01-20,0.67025,0.69575,0.66125,0.68699998,0.66949141,481180000
2016-01-21,0.69450003,0.70574999,0.68024999,0.69499999,0.6772877,481456000
2016-01-22,0.70824999,0.71600002,0.70674998,0.71125001,0.69312352,257996000
2016-01-25,0.71100003,0.71925002,0.70899999,0.7105,0.69239265,270728000
2016-01-26,0.71200001,0.72049999,0.70475,0.71749997,0.69921404,227944000
2016-01-27,0.71649998,0.71875,0.69550002,0.70899999,0.69093102,231700000
2016-01-28,0.71474999,0.71724999,0.6875,0.70125002,0.68337828,276776000
2016-01-29,0.70725,0.73374999,0.70450002,0.73224998,0.71358806,310504000
2016-02-01,0.73150003,0.73624998,0.72525001,0.73250002,0.7138319,289884000
2016-02-02,0.72500002,0.72874999,0.6965,0.7015,0.68362206,341908000
2016-02-03,0.70700002,0.71125001,0.68875003,0.70499998,0.687033,326772000
2016-02-04,0.70599997,0.72125,0.69825,0.70525002,0.68727648,348140000
2016-02-05,0.70050001,0.70824999,0.65875,0.66074997,0.64391041,600428000
2016-02-08,0.65074998,0.65399998,0.62124997,0.63050002,0.61443144,608852000
2016-02-09,0.62300003,0.66374999,0.62,0.63725001,0.62100935,425372000
2016-02-10,0.64125001,0.65974998,0.63225001,0.63575,0.61954778,335800000
2016-02-11,0.61949998,0.639,0.61949998,0.63249999,0.61638027,340144000
2016-02-12,0.64249998,0.64450002,0.61874998,0.64324999,0.62685657,340816000
2016-02-16,0.65249997,0.67575002,0.6505,0.67474997,0.65755349,485352000
2016-02-17,0.68325001,0.69800001,0.68049997,0.69150001,0.6738767,771468000
2016-02-18,0.74825001,0.77450001,0.7475,0.75099999,0.7318604,1068660000
2016-02-19,0.74699998,0.76775002,0.74124998,0.76099998,0.74160546,525628000
2016-02-22,0.77200001,0.79675001,0.7705,0.78799999,0.76791751,449668000
2016-02-23,0.78175002,0.79750001,0.778,0.79000002,0.76986647,369380000
2016-02-24,0.78675002,0.79675001,0.76499999,0.79549998,0.77522635,336852000
2016-02-25,0.7985,0.80124998,0.78299999,0.79724997,0.77693164,349616000
2016-02-26,0.801,0.80299997,0.78399998,0.792,0.77181536,361964000
2016-02-29,0.79025,0.80049998,0.78350002,0.78399998,0.76680267,323344000
2016-03-01,0.78600001,0.81875002,0.78474998,0.81875002,0.80079067,348700000
2016-03-02,0.81424999,0.8265,0.81274998,0.82349998,0.80543655,233812000
2016-03-03,0.82249999,0.82599998,0.80524999,0.81625003,0.79834557,302004000
2016-03-04,0.82249999,0.82325,0.8075,0.81375003,0.79590052,175304000
2016-03-07,0.80925,0.81475002,0.79799998,0.80849999,0.79076552,239968000
2016-03-08,0.80024999,0.80500001,0.79124999,0.79374999,0.77633905,274940000
2016-03-09,0.80075002,0.80199999,0.78299999,0.79325002,0.77585006,222788000
2016-03-10,0.79799998,0.80250001,0.77600002,0.792,0.77462727,286084000
2016-03-11,0.80374998,0.80575001,0.79425001,0.80549997,0.78783143,277400000
2016-03-14,0.80175,0.81075001,0.79799998,0.8075,0.78978741,190312000
2016-03-15,0.80325001,0.80849999,0.78925002,0.8035,0.78587508,226216000
2016-03-16,0.79750001,0.83025002,0.79374999,0.82749999,0.80934858,363644000
2016-03-17,0.82450002,0.82849997,0.80925,0.82050002,0.80250233,353680000
2016-03-18,0.83025002,0.85624999,0.82499999,0.84525001,0.82670945,545512000
2016-03-21,0.83775002,0.84799999,0.82875001,0.84775001,0.82915473,337780000
2016-03-22,0.84500003,0.85224998,0.83574998,0.84625,0.82768744,242012000
2016-03-23,0.85000002,0.86699998,0.84625,0.86075002,0.84186924,429008000
2016-03-24,0.85299999,0.8635,0.85025001,0.86199999,0.84309191,244956000
2016-03-28,0.86049998,0.87449998,0.85949999,0.87075001,0.85164988,265388000
2016-03-29,0.86699998,0.88674998,0.86500001,0.88475001,0.86534297,261812000
2016-03-30,0.88800001,0.90625,0.88749999,0.89399999,0.87439013,376700000
2016-03-31,0.898,0.89999998,0.88375002,0.89074999,0.87121153,379884000
2016-04-01,0.88524997,0.90425003,0.87849998,0.90375,0.88392615,348292000
2016-04-04,0.91125,0.91600001,0.8915,0.89499998,0.8753683,393940000
2016-04-05,0.88700002,0.90200001,0.88349998,0.89375001,0.87414569,339568000
2016-04-06,0.88249999,0.8955,0.86575001,0.89499998,0.8753683,453376000
2016-04-07,0.88924998,0.89725,0.88200003,0.88575,0.86632097,378104000
2016-04-08,0.89300001,0.89875001,0.88274997,0.8915,0.87194479,255936000
2016-04-11,0.89674997,0.91175002,0.89399999,0.89700001,0.87732434,387524000
2016-04-12,0.89999998,0.90125,0.87849998,0.89600003,0.87634617,292764000
2016-04-13,0.89999998,0.91874999,0.89999998,0.91850001,0.89835262,350716000
2016-04-14,0.91600001,0.92500001,0.91224998,0.921,0.9007979,416564000
2016-04-15,0.92075002,0.93650001,0.91775,0.92825001,0.90788895,436972000
2016-04-18,0.92650002,0.92650002,0.91525,0.92425001,0.90397692,307320000
2016-04-19,0.92774999,0.92949998,0.90200001,0.90775001,0.88783848,309152000
2016-04-20,0.90625,0.91675001,0.90525001,0.91125,0.89126194,200172000
2016-04-21,0.91149998,0.91575003,0.90625,0.91025001,0.89028358,178280000
2016-04-22,0.91325003,0.91949999,0.90375,0.90675002,0.88686061,223540000
2016-04-25,0.90700001,0.91624999,0.90450001,0.91125,0.89126194,191972000
2016-04-26,0.91675001,0.92725003,0.90799999,0.912,0.89199507,214536000
2016-04-27,0.90974998,0.93325001,0.90799999,0.93274999,0.91228998,352396000
2016-04-28,0.92699999,0.9325,0.90275002,0.90499997,0.88514882,381224000
2016-04-29,0.90125,0.90324998,0.87849998,0.88824999,0.86876631,321904000
2016-05-02,0.89674997,0.90549999,0.89249998,0.89999998,0.88025844,256076000
2016-05-03,0.88975,0.89349997,0.88150001,0.88924998,0.8697443,224024000
2016-05-04,0.87849998,0.87924999,0.86000001,0.86900002,0.84993863,525764000
2016-05-05,0.87625003,0.88450003,0.86774999,0.87424999,0.85507321,246884000
2016-05-06,0.87274998,0.88550001,0.87099999,0.88325,0.86387593,183240000
2016-05-09,0.88550001,0.88924998,0.87475002,0.88200003,0.86265337,333336000
2016-05-10,0.88749999,0.9005,0.87900001,0.89899999,0.87928033,269676000
2016-05-11,0.90175003,0.91149998,0.89674997,0.90149999,0.88172567,328176000
2016-05-12,0.90799999,0.912,0.87325001,0.88924998,0.8697443,670540000
2016-05-13,0.97974998,1.025,0.97500002,1.0245,1.0020276,2110256000
2016-05-16,1.01675,1.0700001,1.0135,1.05475,1.0316144,973032000
2016-05-17,1.05,1.0645,1.0365,1.057,1.0338147,628392000
2016-05-18,1.05,1.0962501,1.05,1.084,1.0602225,541072000
2016-05-19,1.0797499,1.0965,1.0782501,1.08875,1.0648685,398880000
2016-05-20,1.0955,1.1127501,1.09375,1.10825,1.0839407,391084000
2016-05-23,1.113,1.11725,1.10325,1.11,1.0856521,413636000
2016-05-24,1.1105,1.1375,1.1075,1.1339999,1.1120061,415788000
2016-05-25,1.1375,1.1422499,1.12025,1.12925,1.1073481,458076000
2016-05-26,1.13125,1.1495,1.128,1.14125,1.1191152,309964000
2016-05-27,1.1425,1.14925,1.13875,1.1475,1.1252445,277416000
2016-05-31,1.1525,1.1705,1.15175,1.168,1.1453463,412524000
2016-06-01,1.1625,1.1815,1.159,1.1702501,1.1475528,387132000
2016-06-02,1.1765,1.1885,1.165,1.1785001,1.1556427,329208000
2016-06-03,1.1670001,1.1684999,1.1415,1.1619999,1.1394628,461076000
2016-06-06,1.165,1.174,1.15,1.156,1.1335791,322512000
2016-06-07,1.163,1.1695,1.15775,1.15825,1.1357855,193400000
2016-06-08,1.1585,1.16275,1.145,1.1545,1.1321082,234616000
2016-06-09,1.1505001,1.18625,1.148,1.1845,1.1615266,472168000
2016-06-10,1.1705,1.181,1.1535,1.155,1.1325985,400024000
2016-06-13,1.15625,1.1925,1.15625,1.16975,1.1470624,475588000
2016-06-14,1.1670001,1.1775,1.154,1.1720001,1.1492684,298344000
2016-06-15,1.1817501,1.19425,1.16875,1.184,1.1610359,301036000
2016-06-16,1.1752501,1.19075,1.1637501,1.18875,1.165694,246456000
2016-06-17,1.19025,1.1905,1.16325,1.168,1.1453463,471000000
2016-06-20,1.1867501,1.20425,1.186,1.189,1.1659391,293768000
2016-06-21,1.194,1.19725,1.1799999,1.1817501,1.1588295,212508000
2016-06-22,1.18425,1.192,1.17875,1.18075,1.1578491,202620000
2016-06-23,1.192,1.2135,1.19125,1.21225,1.1887383,297880000
2016-06-24,1.1625,1.184,1.1325001,1.14325,1.1210763,1017684000
2016-06-27,1.13375,1.1425,1.1142499,1.131,1.1090639,449088000
2016-06-28,1.1525,1.1537499,1.13175,1.1475,1.1252445,381920000
2016-06-29,1.1575,1.1752501,1.1545,1.16625,1.1436305,318932000
2016-06-30,1.16825,1.1825,1.1587501,1.1752501,1.1524564,430940000
2016-07-01,1.16875,1.184,1.1625,1.1665,1.1438757,218488000
2016-07-05,1.16,1.18575,1.15075,1.18375,1.1607907,371084000
2016-07-06,1.1755,1.1982501,1.1695,1.19125,1.1681453,273104000
2016-07-07,1.19925,1.2265,1.19375,1.22225,1.1985439,395400000
2016-07-08,1.23525,1.2772501,1.2305,1.27125,1.2465938,481932000
2016-07-11,1.2895,1.3099999,1.288,1.3005,1.2752768,448776000
2016-07-12,1.3150001,1.332,1.2984999,1.3200001,1.2943982,436760000
2016-07-13,1.3225,1.33,1.3175,1.3195,1.293908,324604000
2016-07-14,1.3265001,1.345,1.3155,1.3329999,1.3071462,316892000
2016-07-15,1.316,1.3235,1.296,1.3175,1.2919474,428616000
2016-07-18,1.33375,1.33575,1.31925,1.32425,1.298566,252992000
2016-07-19,1.3235,1.34325,1.321,1.3380001,1.3120492,382652000
2016-07-20,1.3425,1.3627501,1.337,1.3555,1.3292102,296460000
2016-07-21,1.3525,1.35675,1.326,1.3305,1.3046947,361308000
2016-07-22,1.33525,1.36675,1.3255,1.36675,1.3402411,315768000
2016-07-25,1.375,1.39525,1.369,1.392,1.3650019,312528000
2016-07-26,1.40425,1.423,1.4022501,1.41575,1.388291,514508000
2016-07-27,1.428,1.4305,1.393,1.4015,1.3743174,446676000
2016-07-28,1.40475,1.415,1.40025,1.4045,1.3772596,221916000
2016-07-29,1.40975,1.43125,1.3845,1.4275,1.3998134,409588000
2016-08-01,1.4335001,1.43875,1.409,1.41825,1.3907424,301120000
2016-08-02,1.425,1.42575,1.3875,1.401,1.3738272,282748000
2016-08-03,1.39925,1.4075,1.3915,1.40475,1.3775049,299828000
2016-08-04,1.4115,1.43725,1.4087501,1.43075,1.4030006,272712000
2016-08-05,1.44725,1.45575,1.44025,1.455,1.42678,371588000
2016-08-08,1.475,1.4785,1.4529999,1.4685,1.4400184,305064000
2016-08-09,1.47575,1.4865,1.4685,1.47225,1.4436955,372344000
2016-08-10,1.48525,1.4875,1.4579999,1.46275,1.4343795,375740000
2016-08-11,1.4705,1.49875,1.4675,1.4924999,1.463553,681064000
2016-08-12,1.5475,1.5845,1.5157501,1.576,1.5454333,1425744000
2016-08-15,1.57775,1.5875,1.55325,1.5745,1.5439621,573304000
2016-08-16,1.57225,1.5747499,1.56025,1.5650001,1.5346467,287652000
2016-08-17,1.5650001,1.5685,1.5165,1.5287499,1.4990989,595212000
2016-08-18,1.5265,1.5549999,1.5204999,1.5525,1.5223893,331684000
2016-08-19,1.5517499,1.5682499,1.545,1.5565,1.5263115,291560000
2016-08-22,1.56125,1.56525,1.54275,1.563,1.5326852,244748000
2016-08-23,1.576,1.5829999,1.5682499,1.57275,1.5450881,339764000
2016-08-24,1.5782501,1.579,1.54125,1.5484999,1.5212648,298448000
2016-08-25,1.549,1.54975,1.5190001,1.53825,1.5111953,406032000
2016-08-26,1.54225,1.5595,1.53,1.55075,1.5234754,300024000
2016-08-29,1.557,1.5632499,1.54725,1.54975,1.5224925,274652000
2016-08-30,1.54775,1.556,1.5365,1.54075,1.5136508,285544000
2016-08-31,1.54375,1.548,1.529,1.5335,1.5065287,388544000
2016-09-01,1.53475,1.5845,1.5335,1.57875,1.5509825,428492000
2016-09-02,1.582,1.58375,1.5455,1.5632499,1.5357553,323148000
2016-09-06,1.56875,1.5779999,1.56075,1.5779999,1.5502455,306812000
2016-09-07,1.573,1.58075,1.54575,1.55475,1.5274048,397988000
2016-09-08,1.55325,1.5685,1.5355,1.566,1.5384569,315808000
2016-09-09,1.54875,1.5575,1.475,1.488,1.4618286,697760000
2016-09-12,1.46825,1.52175,1.433,1.51875,1.4920379,598260000
2016-09-13,1.515,1.5325,1.48825,1.49675,1.4704251,471768000
2016-09-14,1.50025,1.515,1.4877501,1.51,1.4834418,319048000
2016-09-15,1.5125,1.569,1.5089999,1.56725,1.5396848,515212000
2016-09-16,1.57275,1.58125,1.553,1.571,1.5433689,902444000
2016-09-19,1.5875,1.6315,1.58025,1.59175,1.5637542,417128000
2016-09-20,1.61,1.61,1.5685,1.57725,1.5495088,331112000
2016-09-21,1.582,1.6245,1.58175,1.6215,1.5929805,336212000
2016-09-22,1.631,1.636,1.61625,1.6255,1.59691,308732000
2016-09-23,1.6275001,1.63225,1.6165,1.62375,1.5951915,276132000
2016-09-26,1.60525,1.615,1.58825,1.6085,1.5802094,230040000
2016-09-27,1.60225,1.666,1.6015,1.6635,1.6342422,402752000
2016-09-28,1.666,1.67075,1.64825,1.6695,1.6401371,319788000
2016-09-29,1.66675,1.69025,1.65125,1.6849999,1.6553639,336684000
2016-09-30,1.69425,1.72975,1.68425,1.7130001,1.6828717,429932000
2016-10-03,1.7130001,1.7377501,1.70825,1.7112499,1.6811522,242596000
2016-10-04,1.71375,1.7424999,1.69475,1.7075,1.6774685,281624000
2016-10-05,1.722,1.7395,1.7005,1.70575,1.6757491,305440000
2016-10-06,1.68525,1.69575,1.6565,1.6835001,1.6538903,360212000
2016-10-07,1.69475,1.69925,1.6665,1.67125,1.641856,286260000
2016-10-10,1.6799999,1.689,1.66175,1.6775,1.6479959,287876000
2016-10-11,1.6720001,1.6745,1.6404999,1.65325,1.624172,388540000
2016-10-12,1.6465,1.6695,1.63275,1.66075,1.6315404,419920000
2016-10-13,1.64125,1.645,1.5925,1.63375,1.6050156,390116000
2016-10-14,1.6537499,1.665,1.64,1.64975,1.6207342,330636000
2016-10-17,1.6495,1.665,1.638,1.64025,1.6114008,195328000
2016-10-18,1.663,1.67475,1.65625,1.6652499,1.6359614,269372000
2016-10-19,1.654,1.6695,1.6454999,1.66175,1.6325228,199060000
2016-10-20,1.68125,1.69875,1.6575,1.6932499,1.6634686,312084000
2016-10-21,1.68725,1.6914999,1.6725,1.6885,1.6588023,279508000
2016-10-24,1.7,1.76975,1.6997499,1.76775,1.7366585,339836000
2016-10-25,1.76475,1.8075,1.75625,1.7967499,1.7651488,397460000
2016-10-26,1.78175,1.82375,1.78,1.804,1.7722709,333792000
2016-10-27,1.81775,1.82125,1.75975,1.767,1.7359215,388664000
2016-10-28,1.7755001,1.8025,1.7607501,1.7640001,1.7329745,290856000
2016-10-31,1.76975,1.79075,1.76875,1.779,1.7477108,252388000
2016-11-01,1.7855,1.7952501,1.70725,1.7262501,1.6958886,473224000
2016-11-02,1.7395,1.763,1.716,1.719,1.6887659,295848000
2016-11-03,1.727,1.7285,1.666,1.699,1.6691177,309664000
2016-11-04,1.68775,1.71825,1.6645,1.68925,1.6595391,328780000
2016-11-07,1.73875,1.793,1.7375,1.78175,1.7504119,487580000
2016-11-08,1.7885,1.79425,1.7625,1.779,1.7477108,429884000
2016-11-09,1.73075,1.7725,1.7180001,1.749,1.7182386,456532000
2016-11-10,1.78725,1.7875,1.669,1.69425,1.6644514,869280000
2016-11-11,1.9877501,2.21925,1.9625,2.19925,2.1605694,2175344000
2016-11-14,2.20225,2.2047501,2.0905001,2.0910001,2.0542226,1348796000
2016-11-15,2.10725,2.18625,2.0982499,2.1547501,2.1168523,626092000
2016-11-16,2.1835001,2.3139999,2.1587501,2.29075,2.2504594,987984000
2016-11-17,2.30775,2.36975,2.2662499,2.3097501,2.2691257,832988000
2016-11-18,2.3097501,2.3582499,2.2950001,2.3340001,2.292949,576060000
2016-11-21,2.3522501,2.3587501,2.3099999,2.3245001,2.2836173,436436000
2016-11-22,2.3325,2.3434999,2.3095,2.3412499,2.3000717,330368000
2016-11-23,2.3429999,2.3812499,2.3192501,2.3492501,2.3113866,443236000
2016-11-25,2.3605001,2.3775001,2.3352499,2.3540001,2.3160601,195564000
2016-11-28,2.34675,2.3685,2.3399999,2.3527501,2.3148293,278736000
2016-11-29,2.3499999,2.3610001,2.3132501,2.33125,2.2936766,444568000
2016-11-30,2.3399999,2.3540001,2.3025,2.3050001,2.2678492,440500000
2016-12-01,2.3025,2.30425,2.1192501,2.191,2.1556871,1035524000
2016-12-02,2.15625,2.22,2.128,2.2112501,2.1756105,478292000
2016-12-05,2.2497499,2.3152499,2.2249999,2.2969999,2.2599783,602284000
2016-12-06,2.3052499,2.34325,2.2892499,2.3347499,2.2971196,498796000
2016-12-07,2.3210001,2.3824999,2.3025,2.37675,2.3384438,480804000
2016-12-08,2.37975,2.4154999,2.3262501,2.3369999,2.2993338,381544000
2016-12-09,2.355,2.35675,2.26775,2.2955,2.2585027,382312000
2016-12-12,2.2462499,2.24875,2.1884999,2.2397499,2.2036517,601332000
2016-12-13,2.25225,2.30725,2.25125,2.2792499,2.2425146,387796000
2016-12-14,2.3134999,2.4277501,2.2892499,2.4112501,2.3723874,983980000
2016-12-15,2.4224999,2.4985001,2.415,2.4677501,2.4279771,746548000
2016-12-16,2.49575,2.5174999,2.4432499,2.5102501,2.4697919,1089528000
2016-12-19,2.4925001,2.56125,2.4749999,2.54075,2.4998002,744656000
2016-12-20,2.6145,2.65325,2.6029999,2.62925,2.5868742,848056000
2016-12-21,2.641,2.6487501,2.5927501,2.64575,2.6031072,576136000
2016-12-22,2.6705,2.72175,2.66325,2.6777501,2.6345928,718612000
2016-12-23,2.6594999,2.7460001,2.65675,2.7444999,2.7002661,647692000
2016-12-27,2.8015001,2.934,2.7804999,2.9330001,2.8857284,1194272000
2016-12-28,2.99,2.99825,2.7172501,2.73125,2.6872301,2295764000
2016-12-29,2.6224999,2.78725,2.5699999,2.7857499,2.7408516,2175368000
2016-12-30,2.7837501,2.7980001,2.6575,2.6684999,2.6254914,1212932000
2017-01-03,2.6099999,2.65925,2.4844999,2.5502501,2.509146,1501996000
2017-01-04,2.585,2.6375,2.53825,2.60975,2.5676885,1199220000
2017-01-05,2.61325,2.6454999,2.5262499,2.5434999,2.5025058,984296000
2017-01-06,2.57125,2.60625,2.53,2.5775001,2.5359583,822856000
2017-01-09,2.5875001,2.7,2.5875001,2.6819999,2.6387734,916248000
2017-01-10,2.69525,2.7297499,2.6407499,2.6617501,2.618849,880920000
2017-01-11,2.6500001,2.655,2.60375,2.6289999,2.586628,525664000
2017-01-12,2.6057501,2.6175001,2.5404999,2.586,2.5443203,625616000
2017-01-13,2.5899999,2.625,2.5764999,2.5857501,2.5440738,457820000
2017-01-17,2.575,2.5799999,2.51425,2.52775,2.4870095,580612000
2017-01-18,2.506,2.58075,2.4777501,2.57375,2.5322678,654424000
2017-01-19,2.57675,2.6615,2.5745001,2.6289999,2.586628,644872000
2017-01-20,2.652,2.6700001,2.5780001,2.60025,2.5583403,492024000
2017-01-23,2.595,2.6475,2.5925,2.62725,2.5849063,369904000
2017-01-24,2.6375,2.6895001,2.6224999,2.68325,2.6400034,428052000
2017-01-25,2.7262499,2.7325001,2.6582501,2.6947501,2.6513188,522760000
2017-01-26,2.6975,2.74875,2.6675,2.74125,2.6970689,458800000
2017-01-27,2.74825,2.79725,2.7212501,2.79425,2.7492149,471996000
2017-01-30,2.773,2.77525,2.6977501,2.7505,2.7061691,496004000
2017-01-31,2.7237501,2.75125,2.7049999,2.7295001,2.6855073,362756000
2017-02-01,2.7644999,2.8529999,2.7465,2.8487501,2.8028357,590004000
2017-02-02,2.8325,2.8935001,2.8015001,2.8847499,2.8382559,483240000
2017-02-03,2.88625,2.8975,2.8475001,2.8594999,2.8134129,372744000
2017-02-06,2.8499999,2.93325,2.8499999,2.93275,2.885483,506768000
2017-02-07,2.9675,3.023,2.9475,2.97825,2.9302487,746224000
2017-02-08,2.96,2.9827499,2.9094999,2.96525,2.9174576,449580000
2017-02-09,2.9714999,2.9765,2.8900001,2.9094999,2.8626063,842568000
2017-02-10,2.99825,3.0174999,2.8150001,2.8405001,2.7947187,1651092000
2017-02-13,2.8347499,2.8494999,2.7049999,2.7095001,2.6658292,1180724000
2017-02-14,2.6997499,2.7537501,2.6572499,2.7195001,2.6756697,850632000
2017-02-15,2.7225001,2.7449999,2.694,2.7249999,2.6810806,373020000
2017-02-16,2.73475,2.7360001,2.6415,2.6812501,2.638036,647176000
2017-02-17,2.6675,2.68525,2.61975,2.6807499,2.6375437,563740000
2017-02-21,2.70575,2.78075,2.7054999,2.7767501,2.7319965,551952000
2017-02-22,2.7855,2.7950001,2.7497499,2.7690001,2.7278099,433772000
2017-02-23,2.6375,2.65975,2.4920001,2.5122499,2.474879,1592888000
2017-02-24,2.4267499,2.55,2.3924999,2.5365,2.4987671,1029904000
2017-02-27,2.5550001,2.6255,2.539,2.61025,2.5714216,715400000
2017-02-28,2.6199999,2.6300001,2.5195,2.5369999,2.4992607,625360000
2017-03-01,2.5947499,2.6092501,2.52775,2.5697501,2.5315223,504804000
2017-03-02,2.5567501,2.5710001,2.47225,2.4749999,2.4381831,754332000
2017-03-03,2.4642501,2.46925,2.4054999,2.4607501,2.424145,864692000
2017-03-06,2.424,2.4525001,2.37925,2.44175,2.4054267,883568000
2017-03-07,2.44175,2.48825,2.42875,2.4684999,2.4317791,603400000
2017-03-08,2.5174999,2.5325,2.46175,2.464,2.4273467,638712000
2017-03-09,2.4477501,2.4862499,2.4349999,2.4635,2.4268539,478060000
2017-03-10,2.4902501,2.50225,2.4595001,2.4779999,2.441138,499740000
2017-03-13,2.4885001,2.5562501,2.4877501,2.5462501,2.5083728,774136000
2017-03-14,2.5592501,2.5687499,2.51175,2.5445001,2.506649,522016000
2017-03-15,2.5562501,2.5747499,2.5079999,2.56375,2.5256126,615036000
2017-03-16,2.5745001,2.5957501,2.56025,2.5952499,2.556644,523100000
2017-03-17,2.6129999,2.6530001,2.5952499,2.6517501,2.612304,1119688000
2017-03-20,2.6695001,2.7402501,2.65325,2.7362499,2.6955462,748568000
2017-03-21,2.71875,2.7490001,2.63975,2.6477499,2.6083632,913484000
2017-03-22,2.6364999,2.7065001,2.6324999,2.70175,2.6615608,616764000
2017-03-23,2.6937499,2.714,2.6675,2.6772499,2.6374242,533940000
2017-03-24,2.7242501,2.73225,2.6605,2.6867499,2.6467831,439500000
2017-03-27,2.6394999,2.7102499,2.5895,2.70625,2.6659927,506644000
2017-03-28,2.7075,2.72225,2.6817501,2.69225,2.6522009,432444000
2017-03-29,2.6997499,2.71225,2.6812501,2.6835001,2.6435814,349992000
2017-03-30,2.6907499,2.75,2.6849999,2.7349999,2.694315,525532000
2017-03-31,2.72525,2.7472501,2.71,2.7232499,2.68274,440808000
2017-04-03,2.7237501,2.74125,2.6854999,2.7095001,2.6691942,445232000
2017-04-04,2.585,2.6105001,2.5085001,2.5195,2.4820206,1271280000
2017-04-05,2.5005,2.5592501,2.4875,2.5007501,2.4635503,747048000
2017-04-06,2.506,2.53125,2.4602499,2.5190001,2.481529,635120000
2017-04-07,2.5255001,2.5432501,2.493,2.50825,2.4709389,429068000
2017-04-10,2.5090001,2.5157499,2.4400001,2.4442501,2.4078901,756332000
2017-04-11,2.4137499,2.4725001,2.4087501,2.4530001,2.4165106,618148000
2017-04-12,2.4530001,2.4675,2.4275,2.43275,2.3965614,414092000
2017-04-13,2.4082501,2.4302499,2.3872499,2.3872499,2.351738,506892000
2017-04-17,2.40025,2.4809999,2.395,2.4807501,2.4438477,497292000
2017-04-18,2.4662499,2.4885001,2.4400001,2.48225,2.4453251,370116000
2017-04-19,2.5,2.5244999,2.48525,2.4920001,2.4549303,380828000
2017-04-20,2.5067501,2.5362501,2.48525,2.5315001,2.4938426,404016000
2017-04-21,2.5209999,2.54475,2.5090001,2.5420001,2.5041866,341896000
2017-04-24,2.5739999,2.5869999,2.5527501,2.57375,2.5354638,371820000
2017-04-25,2.5885,2.63325,2.56675,2.6185,2.5795479,388440000
2017-04-26,2.6322501,2.6347499,2.5985,2.6005001,2.5618162,327004000
2017-04-27,2.608,2.6494999,2.5897501,2.641,2.6017139,319700000
2017-04-28,2.6340001,2.641,2.6017499,2.6075001,2.5687113,348248000
2017-05-01,2.6185,2.6712501,2.6112499,2.6659999,2.6263413,307732000
2017-05-02,2.6387501,2.6400001,2.5639999,2.5869999,2.548517,629972000
2017-05-03,2.5799999,2.6159999,2.5650001,2.60625,2.5674806,336904000
2017-05-04,2.6125,2.62375,2.5882499,2.5962501,2.5576286,209788000
2017-05-05,2.5845001,2.60375,2.5687499,2.5964999,2.5578754,228428000
2017-05-08,2.6085,2.6099999,2.55775,2.5692501,2.5310307,365240000
2017-05-09,2.575,2.62325,2.5664999,2.5734999,2.5352173,847672000
2017-05-10,2.85725,3.0455,2.8505001,3.0322499,2.987143,2129096000
2017-05-11,3.00125,3.2607501,2.99775,3.1624999,3.1154554,1939792000
2017-05-12,3.16575,3.24,3.1445,3.1972499,3.1496885,962620000
2017-05-15,3.2390001,3.36025,3.2344999,3.3577499,3.307801,1087540000
2017-05-16,3.4094999,3.4360001,3.3340001,3.4202499,3.3693724,1120700000
2017-05-17,3.3525,3.3715,3.18875,3.1930001,3.1455021,1271368000
2017-05-18,3.2375,3.3357501,3.17625,3.32675,3.2772632,1156032000
2017-05-19,3.42575,3.4554999,3.3805001,3.4000001,3.3529508,1018372000
2017-05-22,3.4442501,3.487,3.43325,3.4725001,3.4244478,836608000
2017-05-23,3.4925001,3.49475,3.39275,3.42575,3.3783445,681248000
2017-05-24,3.5239999,3.5267501,3.4519999,3.4642501,3.4163108,815996000
2017-05-25,3.5,3.5007501,3.411,3.4565001,3.4086683,608228000
2017-05-26,3.4482501,3.632,3.4277501,3.546,3.4969299,779140000
2017-05-30,3.5925,3.6572499,3.5762501,3.6217501,3.5716319,989652000
2017-05-31,3.6672499,3.675,3.55125,3.6087501,3.5588121,887316000
2017-06-01,3.6247499,3.6257501,3.563,3.609,3.5590577,503340000
2017-06-02,3.6059999,3.6324999,3.585,3.5910001,3.5413077,487456000
2017-06-05,3.5745001,3.7132499,3.5627501,3.7002499,3.6490462,817376000
2017-06-06,3.6954999,3.74225,3.6700001,3.6835001,3.6325276,758728000
2017-06-07,3.70825,3.747,3.6925001,3.7279999,3.6764107,612612000
2017-06-08,3.8364999,4,3.79475,3.9985001,3.9431684,1161744000
2017-06-09,4.1185002,4.2125001,3.5687499,3.74,3.688246,3692928000
2017-06-12,3.6470001,3.7925,3.5527501,3.7492499,3.6973674,1697532000
2017-06-13,3.8599999,3.8692501,3.6412499,3.7850001,3.7326231,1672504000
2017-06-14,3.7880001,3.8515,3.7125001,3.793,3.7405119,1184640000
2017-06-15,3.674,3.8399999,3.6624999,3.8092501,3.756537,963824000
2017-06-16,3.819,3.8675001,3.756,3.7904999,3.7380459,924960000
2017-06-19,3.8352499,3.9382501,3.8315001,3.9330001,3.8785744,778176000
2017-06-20,3.97575,4.0434999,3.9230001,3.9272499,3.8729048,1095444000
2017-06-21,3.95525,3.9905,3.8924999,3.9867499,3.9315808,682652000
2017-06-22,3.9949999,4.0085001,3.9349999,3.95925,3.9044614,469132000
2017-06-23,3.967,3.983,3.8304999,3.8457501,3.7925324,1088588000
2017-06-26,3.8789999,3.915,3.70825,3.80375,3.7511134,1063960000
2017-06-27,3.786,3.79475,3.6587501,3.6645,3.61379,999492000
2017-06-28,3.733,3.7985001,3.64375,3.79375,3.7412524,994948000
2017-06-29,3.7650001,3.7679999,3.602,3.6670001,3.6162558,1064424000
2017-06-30,3.6845,3.6982501,3.5875001,3.6140001,3.5639896,731060000
2017-07-03,3.62625,3.6412499,3.4645,3.4832499,3.4350488,709072000
2017-07-05,3.5474999,3.6055,3.52825,3.5762501,3.5267618,820188000
2017-07-06,3.5467501,3.6345,3.494,3.5869999,3.5373633,746284000
2017-07-07,3.6445,3.6875,3.6212499,3.6689999,3.6182282,654972000
2017-07-10,3.7435,3.8499999,3.717,3.8425,3.7893271,958492000
2017-07-11,3.8462501,3.9047501,3.80375,3.8970001,3.8430729,757956000
2017-07-12,3.9575,4.0749998,3.914,4.0627499,4.0065289,1145208000
2017-07-13,4.0749998,4.1574998,3.96875,4.0157499,3.9601793,1369132000
2017-07-14,4.0322499,4.1252499,4.02525,4.1237502,4.0666847,941948000
2017-07-17,4.1582499,4.1875,4.0437498,4.1062498,4.049428,930792000
2017-07-18,4.0444999,4.1637502,4.0324998,4.1490002,4.0915856,776640000
2017-07-19,4.1582499,4.1849999,4.1152501,4.1275001,4.070385,687044000
2017-07-20,4.1482501,4.1877499,4.0977502,4.1875,4.1295533,699596000
2017-07-21,4.16675,4.2325001,4.1522498,4.2024999,4.1443467,648332000
2017-07-24,4.2097502,4.2195001,4.1430001,4.1537499,4.0962715,652524000
2017-07-25,4.1304998,4.1482501,4.0895,4.13375,4.0765471,496556000
2017-07-26,4.1919999,4.24825,4.1462498,4.1815,4.1236358,640404000
2017-07-27,4.2067499,4.2185001,3.9389999,4.0434999,3.9875445,782856000
2017-07-28,4.0072498,4.1345,3.9820001,4.1097498,4.0528793,513348000
2017-07-31,4.1234999,4.1599998,4.0155001,4.0627499,4.0065289,559672000
2017-08-01,4.0532498,4.1139998,4.0250001,4.1122499,4.0553441,431384000
2017-08-02,4.1437502,4.1477499,4.0317502,4.1097498,4.0528793,478444000
2017-08-03,4.1092501,4.16575,4.092,4.1620002,4.1044049,442420000
2017-08-04,4.1849999,4.25175,4.1620002,4.1802502,4.1224031,589096000
2017-08-07,4.2097502,4.3092499,4.1999998,4.3087502,4.2491269,717412000
2017-08-08,4.34725,4.3639998,4.2177501,4.2575002,4.1985869,755336000
2017-08-09,4.2107501,4.3052502,4.19175,4.3027501,4.2432094,530784000
2017-08-10,4.3039999,4.3165002,4.1082501,4.1185002,4.0615077,1328088000
2017-08-11,3.9284999,3.9749999,3.8227501,3.8989999,3.8450451,1497196000
2017-08-14,3.99175,4.2137499,3.98,4.21,4.1517415,1279020000
2017-08-15,4.21525,4.2417498,4.13975,4.1745,4.116734,764532000
2017-08-16,4.1897502,4.2135,4.0960002,4.1287498,4.0716152,596632000
2017-08-17,4.1202502,4.1374998,4.0345001,4.0367498,3.9808891,525444000
2017-08-18,4.0917501,4.1090002,3.9909999,4.0374999,3.9816287,601204000
2017-08-21,4.0622501,4.07375,3.9342501,3.97875,3.923692,623672000
2017-08-22,4.0122499,4.0697498,3.9927499,4.0637498,4.0110426,450456000
2017-08-23,4.0300002,4.15625,4.0212498,4.145,4.0912399,579520000
2017-08-24,4.1774998,4.1820002,4.1030002,4.1297498,4.0761871,469700000
2017-08-25,4.1542501,4.1645002,4.0887499,4.0952501,4.0421352,357200000
2017-08-28,4.1145,4.1275001,4.05825,4.1242499,4.0707593,389496000
2017-08-29,4.0647502,4.1395001,4.0565,4.1174998,4.0640969,324096000
2017-08-30,4.1374998,4.1532502,4.10675,4.1420002,4.0882797,384400000
2017-08-31,4.1624999,4.2399998,4.1550002,4.2360001,4.1810608,612684000
2017-09-01,4.2487502,4.2975001,4.2399998,4.2614999,4.2062268,445432000
2017-09-05,4.2094998,4.2145,4.0890002,4.1477499,4.0939531,695364000
2017-09-06,4.1810002,4.1950002,4.1100001,4.1452498,4.0914869,397672000
2017-09-07,4.16225,4.1972499,4.1237502,4.1645002,4.1104875,352868000
2017-09-08,4.15275,4.1677499,4.06775,4.0922499,4.0391746,498856000
2017-09-11,4.1385002,4.2357502,4.1329999,4.2249999,4.1702018,567444000
2017-09-12,4.25,4.25,4.1742501,4.2402501,4.1852555,411488000
2017-09-13,4.2147498,4.2884998,4.1820002,4.2592502,4.2040081,580960000
2017-09-14,4.2197499,4.3140001,4.1950002,4.2350001,4.1800733,513712000
2017-09-15,4.3214998,4.5027499,4.3162498,4.5027499,4.4443493,1364792000
2017-09-18,4.6285,4.7800002,4.6215,4.6887498,4.6279378,1684460000
2017-09-19,4.6377501,4.7462502,4.6155,4.6837502,4.6230021,874280000
2017-09-20,4.6875,4.7354999,4.6052499,4.6459999,4.585741,724920000
2017-09-21,4.5409999,4.5675001,4.4402499,4.5190001,4.4603901,1075600000
2017-09-22,4.5075002,4.5577502,4.4650002,4.4749999,4.4169588,491232000
2017-09-25,4.4437499,4.4450002,4.2540002,4.2750001,4.2195539,874580000
2017-09-26,4.4112501,4.467,4.25875,4.2989998,4.2432432,1125620000
2017-09-27,4.3905001,4.4067502,4.3187499,4.39325,4.3362718,713720000
2017-09-28,4.4004998,4.4045,4.3439999,4.3920002,4.3350372,435244000
2017-09-29,4.4770002,4.4932499,4.4312501,4.4692502,4.4112844,619092000
2017-10-02,4.52,4.5495,4.4250002,4.4749999,4.4169588,503480000
2017-10-03,4.4812498,4.5145001,4.4394999,4.4842501,4.4260907,390332000
2017-10-04,4.4905,4.54425,4.4534998,4.52175,4.4631014,427848000
2017-10-05,4.5465002,4.5500002,4.4889998,4.5192499,4.4606361,437364000
2017-10-06,4.49125,4.546,4.4749999,4.5324998,4.4737144,318800000
2017-10-09,4.5697498,4.6682501,4.5507498,4.6347499,4.5746369,563492000
2017-10-10,4.7857499,4.82375,4.6815,4.7232499,4.6619902,974876000
2017-10-11,4.7399998,4.7750001,4.6935,4.7735,4.7115884,529508000
2017-10-12,4.777,4.82725,4.74825,4.7757502,4.713809,528292000
2017-10-13,4.8387499,4.875,4.7912502,4.8647499,4.8016553,628728000
2017-10-16,4.895,4.9512501,4.8309999,4.9482498,4.8840723,576640000
2017-10-17,4.9272499,4.9724998,4.9087501,4.9437499,4.8796291,478596000
2017-10-18,4.9527502,4.9534998,4.8330002,4.9394999,4.8754358,567316000
2017-10-19,4.8610001,4.9499998,4.8112502,4.9450002,4.8808637,570772000
2017-10-20,4.9622502,4.9897499,4.9134998,4.9225001,4.8586555,451620000
2017-10-23,4.9445,4.9712501,4.895,4.9155002,4.851747,428696000
2017-10-24,4.9247499,4.96875,4.8985,4.967,4.9025779,407244000
2017-10-25,4.927,4.9805002,4.7792501,4.8414998,4.7787056,828160000
2017-10-26,4.8695002,4.9039998,4.8452501,4.8922501,4.8287983,322744000
2017-10-27,4.9450002,5.0467501,4.9187498,5.0465002,4.9810476,572192000
2017-10-30,5.0465002,5.1522498,5.0304999,5.0960002,5.0299058,504056000
2017-10-31,5.1282501,5.1972499,5.1224999,5.1702499,5.1031928,411908000
2017-11-01,5.2337499,5.2492499,5.1149998,5.1799998,5.1128154,502576000
2017-11-02,5.1500001,5.19525,5.0912499,5.1485,5.0817256,342308000
2017-11-03,5.1799998,5.2172499,5.1335001,5.2172499,5.1495833,353640000
2017-11-06,5.1799998,5.2494998,5.1675,5.2407498,5.1727777,389944000
2017-11-07,5.2637501,5.3225002,5.2515001,5.3007498,5.2319994,427700000
2017-11-08,5.2962499,5.3000002,5.1810002,5.2290001,5.161181,522988000
2017-11-09,5.1317501,5.1582499,5.0092502,5.1329999,5.0664253,978564000
2017-11-10,5.3270001,5.4667501,5.29075,5.4035001,5.3334193,1253256000
2017-11-13,5.4035001,5.4292498,5.3002501,5.3157501,5.2468066,582376000
2017-11-14,5.3249998,5.3699999,5.2807498,5.3544998,5.2850523,529292000
2017-11-15,5.2987499,5.3000002,5.1950002,5.2494998,5.1814146,501948000
2017-11-16,5.3245001,5.355,5.28125,5.2902498,5.2216377,441768000
2017-11-17,5.348,5.38375,5.2687502,5.2839999,5.2154665,515664000
2017-11-20,5.2997499,5.3642502,5.2624998,5.3520002,5.2825866,396100000
2017-11-21,5.3922501,5.4130001,5.3600001,5.4012499,5.3311977,399176000
2017-11-22,5.4250002,5.4250002,5.34025,5.37325,5.3072443,356640000
2017-11-24,5.38975,5.4250002,5.3649998,5.4239998,5.3573723,180752000
2017-11-27,5.4327502,5.434,5.3502498,5.3534999,5.2877374,422896000
2017-11-28,5.3587499,5.3682499,5.2059999,5.2677498,5.2030401,512752000
2017-11-29,5.2502499,5.2529998,4.7807498,4.9105,4.8501778,1396788000
2017-11-30,4.98,5.0669999,4.9162502,5.0177498,4.956111,823768000
2017-12-01,4.9827499,5.0032501,4.8117499,4.9419999,4.8812923,811548000
2017-12-04,5.0012498,5.0075002,4.6125002,4.6665001,4.6091752,1240844000
2017-12-05,4.5599999,4.8175001,4.5145001,4.6935,4.6358457,981488000
2017-12-06,4.6424999,4.7535,4.6209998,4.7315001,4.673377,467032000
2017-12-07,4.7989998,4.8400002,4.7529998,4.7997499,4.7407894,542600000
2017-12-08,4.8502498,4.8695002,4.7787499,4.78725,4.7284436,466876000
2017-12-11,4.8014998,4.8695002,4.7855,4.8664999,4.8067193,372748000
2017-12-12,4.8225002,4.8460002,4.7472501,4.7709999,4.7123938,455016000
2017-12-13,4.8125,4.8137498,4.6469998,4.6545,4.5973229,554280000
2017-12-14,4.6479998,4.7335,4.6149998,4.6617498,4.6044846,438164000
2017-12-15,4.7062502,4.8095002,4.6405001,4.789,4.7301717,670036000
2017-12-18,4.8299999,4.9505,4.8000002,4.9475002,4.8867254,477704000
2017-12-19,4.9380002,4.9432502,4.8740001,4.90275,4.8425241,373100000
2017-12-20,4.9425001,4.9517498,4.86375,4.9200001,4.8595629,288820000
2017-12-21,4.9235001,4.94875,4.8887501,4.8972502,4.8370919,300904000
2017-12-22,4.8600001,4.8912501,4.78125,4.8817501,4.8217835,466276000
2017-12-26,4.8257499,4.9437499,4.7954998,4.9359999,4.8753653,355080000
2017-12-27,4.9225001,4.9992499,4.9077501,4.9292498,4.8686986,329488000
2017-12-28,4.9532499,4.9844999,4.92875,4.9349999,4.8743787,240248000
2017-12-29,4.9615002,4.9615002,4.8375001,4.8375001,4.7780762,279964000
2018-01-02,4.8944998,4.9875002,4.8625002,4.9837499,4.9225287,355616000
2018-01-03,5.1025,5.3425002,5.09375,5.3117499,5.2465005,914704000
2018-01-04,5.3940001,5.4512501,5.3172498,5.3397498,5.2741542,583268000
2018-01-05,5.3547502,5.42275,5.277,5.3850002,5.3188505,580124000
2018-01-08,5.5100002,5.625,5.4645,5.5500002,5.4818239,881216000
2018-01-09,5.5555,5.5955,5.4660001,5.5485001,5.4803419,497000000
2018-01-10,5.4549999,5.5955,5.4000001,5.592,5.5233073,582664000
2018-01-11,5.625,5.6567502,5.5802498,5.6020002,5.5331855,406032000
2018-01-12,5.5900002,5.6247501,5.5335002,5.5745001,5.5060229,359916000
2018-01-16,5.6012502,5.6877499,5.4172502,5.5027499,5.4351525,702348000
2018-01-17,5.5174999,5.6279998,5.4225001,5.618,5.5489902,538408000
2018-01-18,5.5984998,5.6659999,5.5669999,5.6110001,5.5420742,408632000
2018-01-19,5.70225,5.7772498,5.6750002,5.7527499,5.6820831,609380000
2018-01-22,5.7607498,5.8439999,5.7024999,5.8422499,5.770483,550944000
2018-01-23,5.8962498,5.99575,5.8775001,5.9727502,5.8993807,475228000
2018-01-24,5.9759998,6.0122499,5.8387499,5.895,5.8225846,579972000
2018-01-25,5.9499998,5.9937501,5.8937502,5.9087501,5.8361664,409884000
2018-01-26,5.9530001,6.0834999,5.9400001,6.08325,6.008522,516356000
2018-01-29,6.0685,6.2027502,6.0152502,6.1712499,6.0954413,455116000
2018-01-30,6.02775,6.1605,5.9602499,6.0679998,5.9934602,570832000
2018-01-31,6.1442499,6.23175,6.1112499,6.145,6.0695162,478576000
2018-02-01,5.9629998,6.1725001,5.9514999,6.0124998,5.9386406,519224000
2018-02-02,5.9250002,5.9492502,5.7792501,5.8379998,5.7662859,718464000
2018-02-05,5.6750002,5.83075,5.125,5.3425002,5.2768703,1165204000
2018-02-06,5.1100001,5.6424999,5.0999999,5.6395001,5.5702233,1114800000
2018-02-07,5.7395,5.8742499,5.6675,5.7199998,5.6497355,802932000
2018-02-08,5.8470001,5.8804998,5.4377499,5.4380002,5.3711977,1144000000
2018-02-09,5.9562502,5.97225,5.4380002,5.802,5.7307272,1674604000
2018-02-12,5.8839998,5.8870001,5.6257501,5.7007499,5.6307206,1093172000
2018-02-13,5.664,5.8625002,5.6312499,5.8157501,5.7443099,625524000
2018-02-14,5.7750001,6.0647502,5.7637501,6.0355,5.961359,744988000
2018-02-15,6.11975,6.20925,6.0380001,6.1624999,6.0867987,698900000
2018-02-16,6.1350002,6.25,6.08675,6.0960002,6.0211163,637656000
2018-02-20,6.1187501,6.2967501,6.1149998,6.2270002,6.1505079,686240000
2018-02-21,6.2922502,6.2992501,6.0339999,6.0377498,5.963582,892292000
2018-02-22,6.0682502,6.1407499,5.9875002,6.05375,5.9831014,534364000
2018-02-23,6.1142502,6.1482501,6.0630002,6.1482501,6.0764995,415300000
2018-02-26,6.1950002,6.1995001,6.1015,6.1645002,6.0925598,469312000
2018-02-27,6.1374998,6.2227502,6.1282501,6.1515002,6.0797105,455436000
2018-02-28,6.1624999,6.2024999,6.03825,6.0500002,5.9793944,523116000
2018-03-01,6.04775,6.1022501,5.7030001,5.8052502,5.7375031,1040120000
2018-03-02,5.6964998,5.9200001,5.5462499,5.9134998,5.8444867,913428000
2018-03-05,5.8627501,5.9312501,5.7379999,5.8912501,5.8224978,620776000
2018-03-06,5.9775,6.0735002,5.934,6.0539999,5.9833469,636808000
2018-03-07,5.9499998,6.0987501,5.94875,6.046,5.9754405,581208000
2018-03-08,6.07375,6.07375,5.9847498,6.0295,5.9591346,411912000
2018-03-09,6.0774999,6.1462498,6.0612502,6.1332502,6.0616727,505524000
2018-03-12,6.1750002,6.3249998,6.16675,6.244,6.1711311,605060000
2018-03-13,6.28725,6.3625002,6.151,6.19275,6.1204782,619772000
2018-03-14,6.2362499,6.2637501,6.1554999,6.2185001,6.145927,505496000
2018-03-15,6.2322502,6.3154998,6.191,6.2335,6.1607523,401952000
2018-03-16,6.25,6.28125,6.2119999,6.2620001,6.18892,399456000
2018-03-19,6.2045002,6.2337499,5.9250002,6.0250001,5.9546876,713772000
2018-03-20,6.0279999,6.2787499,6.0279999,6.2395,6.1666837,554696000
2018-03-21,6.2329998,6.3000002,6.18325,6.2140002,6.1414819,438688000
2018-03-22,6.1500001,6.197,6.0085001,6.0462499,5.9756875,551196000
2018-03-23,6.0599999,6.0625,5.8130002,5.8242502,5.7562804,735620000
2018-03-26,5.9499998,6.1132498,5.8975,6.112,6.0406728,611424000
2018-03-27,6.1937499,6.25,5.4962502,5.638,5.5722032,1409000000
2018-03-28,5.60325,5.7347498,5.4250002,5.5337501,5.4691691,945904000
2018-03-29,5.6027498,5.8874998,5.5174999,5.7897501,5.7221813,916628000
2018-04-02,5.7185001,5.86625,5.4375,5.5262499,5.4617591,922092000
2018-04-03,5.6950002,5.75875,5.5337501,5.63375,5.5680027,667432000
2018-04-04,5.3752499,5.6665001,5.3499999,5.6560001,5.5899925,789168000
2018-04-05,5.7150002,5.72825,5.4622502,5.5345001,5.4699116,701240000
2018-04-06,5.4307499,5.54,5.3267498,5.3562498,5.2937422,662988000
2018-04-09,5.4200001,5.5492501,5.3649998,5.3852501,5.3224025,499524000
2018-04-10,5.618,5.7249999,5.5602498,5.6977501,5.6312556,761676000
2018-04-11,5.6827502,5.7245002,5.6230001,5.6560001,5.5899925,460244000
2018-04-12,5.75,5.8829999,5.7052498,5.8649998,5.7965536,593920000
2018-04-13,5.9292498,5.9377499,5.73875,5.7874999,5.7199578,503036000
2018-04-16,5.79425,5.8210001,5.6919999,5.78725,5.7197118,350792000
2018-04-17,5.8400002,5.96,5.7837501,5.9384999,5.8691959,447224000
2018-04-18,5.8874998,5.9812498,5.8192501,5.9092498,5.8402877,391364000
2018-04-19,5.7937498,5.8274999,5.6700001,5.7259998,5.6591754,471996000
2018-04-20,5.7172499,5.8024998,5.6862502,5.7177501,5.6510234,386200000
2018-04-23,5.7357502,5.7874999,5.5707502,5.5970001,5.5316825,427508000
2018-04-24,5.6230001,5.7199998,5.4640002,5.5300002,5.4654636,414596000
2018-04-25,5.5,5.5395002,5.2575002,5.4165001,5.3532882,588492000
2018-04-26,5.5799999,5.6387501,5.5132499,5.6304998,5.5647912,375824000
2018-04-27,5.7375002,5.7575002,5.6155,5.6582499,5.592216,400848000
2018-04-30,5.6747499,5.7249999,5.6030002,5.6224999,5.5568838,327844000
2018-05-01,5.6142502,5.6812501,5.5549998,5.6785002,5.6122308,253788000
2018-05-02,5.6750002,5.7199998,5.6312499,5.6577501,5.5917215,268248000
2018-05-03,5.6900001,5.8512502,5.6442499,5.8247499,5.7567739,443144000
2018-05-04,5.7957501,5.9797502,5.7782502,5.9765,5.9067521,400660000
2018-05-07,6.0822501,6.2747502,6.0722499,6.217,6.1444464,687616000
2018-05-08,6.2172499,6.2627501,6.1677499,6.2600002,6.1869435,506616000
2018-05-09,6.2802501,6.39675,6.2527499,6.3944998,6.3198738,596760000
2018-05-10,6.448,6.5124998,6.4299998,6.5032501,6.4273562,994080000
2018-05-11,6.3195,6.49475,6.2635002,6.3632498,6.2889881,1214456000
2018-05-14,6.4017501,6.4622502,6.3600001,6.3839998,6.3094959,523140000
2018-05-15,6.3197498,6.3225002,6.0374999,6.1389999,6.0673552,963528000
2018-05-16,6.0999999,6.2129998,6.0627499,6.15025,6.0784745,553828000
2018-05-17,6.152,6.2874999,6.1357498,6.19275,6.1204782,519784000
2018-05-18,6.2452502,6.3092499,6.1434999,6.1485,6.0767465,483716000
2018-05-21,6.2470002,6.2507501,6.0122499,6.1059999,6.0347414,640624000
2018-05-22,6.1195002,6.145,6.0062499,6.0675001,5.9966903,518264000
2018-05-23,6.007,6.1897502,6.0062499,6.1884999,6.1200633,442956000
2018-05-24,6.1847501,6.2350001,6.131,6.1922498,6.1237693,437372000
2018-05-25,6.2049999,6.2484999,6.1690001,6.2319999,6.1630802,292112000
2018-05-29,6.2137499,6.2835002,6.1675,6.2147498,6.1460214,352684000
2018-05-30,6.2487502,6.3334999,6.2237501,6.3247499,6.2548056,390996000
2018-05-31,6.2925,6.3800001,6.2817502,6.30475,6.2350264,493868000
2018-06-01,6.3499999,6.4467502,6.3412499,6.4404998,6.3692751,421968000
2018-06-04,6.4749999,6.6434999,6.4425001,6.6212502,6.5480247,642024000
2018-06-05,6.6244998,6.6647501,6.5792499,6.62675,6.5534649,391712000
2018-06-06,6.5357499,6.632,6.5192499,6.6287498,6.5554428,371356000
2018-06-07,6.625,6.6370001,6.4812498,6.5725002,6.499814,369448000
2018-06-08,6.4990001,6.5999999,6.48,6.5570002,6.4844856,360456000
2018-06-11,6.54425,6.5862498,6.5025001,6.5155001,6.4434447,265372000
2018-06-12,6.5422502,6.5767498,6.4914999,6.5644999,6.4919019,319160000
2018-06-13,6.566,6.6417499,6.5507498,6.5599999,6.4874525,338208000
2018-06-14,6.6055002,6.73,6.5904999,6.67275,6.5989547,430016000
2018-06-15,6.6149998,6.6869998,6.5837498,6.6314998,6.5581617,432260000
2018-06-18,6.5869999,6.645,6.5595002,6.6272502,6.5539598,356268000
2018-06-19,6.5229998,6.5910001,6.3755002,6.50425,6.4323182,594932000
2018-06-20,6.5457501,6.6112499,6.507,6.5577502,6.4852285,369780000
2018-06-21,6.5900002,6.6085,6.4200001,6.4277501,6.3566637,359516000
2018-06-22,6.44875,6.4622502,6.2582502,6.2737498,6.2043681,434160000
2018-06-25,6.1662502,6.1700001,5.8885002,5.9780002,5.9118896,665816000
2018-06-26,6.0925002,6.1412501,5.9977498,6.0497499,5.9828472,478884000
2018-06-27,6.09375,6.1607499,5.8874998,5.8930001,5.8278275,453892000
2018-06-28,5.8829999,6.0335002,5.8752499,6.0215001,5.9549088,338012000
2018-06-29,6.0872502,6.0999999,5.9212499,5.9225001,5.8570013,392300000
2018-07-02,5.8522501,6.0597501,5.8315001,6.0560002,5.9890251,357572000
2018-07-03,6.0910001,6.0970001,5.9124999,5.921,5.8555198,222732000
2018-07-05,5.9767499,6.0732498,5.9375,6.0682502,6.0011401,306216000
2018-07-06,6.0434999,6.19175,6.0219998,6.18325,6.1148691,296352000
2018-07-09,6.2582502,6.2680001,6.1517501,6.2312498,6.1623383,303880000
2018-07-10,6.2437501,6.3534999,6.2030001,6.3312502,6.2612333,360016000
2018-07-11,6.2375002,6.2725,6.1774998,6.1882501,6.1198149,367508000
2018-07-12,6.2340002,6.3292499,6.224,6.2807498,6.2112894,345508000
2018-07-13,6.2995,6.2995,6.1904998,6.2329998,6.1640673,246988000
2018-07-16,6.2049999,6.2585001,6.1925001,6.2049999,6.1363783,197036000
2018-07-17,6.1552501,6.3575001,6.1294999,6.3422499,6.2721124,362136000
2018-07-18,6.3347502,6.3487501,6.2410002,6.2925,6.2229095,277640000
2018-07-19,6.2735,6.3347502,6.2582502,6.3007498,6.2310686,235752000
2018-07-20,6.2982502,6.3375001,6.26125,6.2722502,6.2028847,222352000
2018-07-23,6.2455001,6.2472501,6.0819998,6.23525,6.1662946,301584000
2018-07-24,6.2837501,6.3712502,6.1999998,6.2177501,6.1489887,354620000
2018-07-25,6.2272501,6.3095002,6.1687498,6.2967501,6.2271137,319112000
2018-07-26,6.2765002,6.4082499,6.2595,6.3709998,6.3005419,325124000
2018-07-27,6.408,6.415,6.2459998,6.3004999,6.2308245,295420000
2018-07-30,6.3147502,6.3207502,6.0679998,6.10325,6.0357547,340340000
2018-07-31,6.0927501,6.197,6.0535002,6.1215,6.0538015,283988000
2018-08-01,6.1532502,6.2090001,6.09725,6.1617498,6.0936069,283556000
2018-08-02,6.0897498,6.2694998,6.0302501,6.2655001,6.1962094,269668000
2018-08-03,6.2902498,6.3264999,6.2732501,6.3024998,6.2328005,214288000
2018-08-06,6.2897501,6.35425,6.2427502,6.35075,6.2805161,207508000
2018-08-07,6.4000001,6.4425001,6.3730001,6.4237499,6.3527098,258132000
2018-08-08,6.4250002,6.506,6.38975,6.4604998,6.3890533,262100000
2018-08-09,6.4784999,6.4812498,6.4037499,6.4115,6.3405943,204280000
2018-08-10,6.3287501,6.4025002,6.3175001,6.36975,6.2993078,256396000
2018-08-13,6.3785,6.5250001,6.37675,6.4029999,6.3321877,375208000
2018-08-14,6.5095,6.5500002,6.4254999,6.5357499,6.4634705,466220000
2018-08-15,6.5567498,6.5910001,6.3975,6.4770002,6.4053702,591136000
2018-08-16,6.5475001,6.5500002,6.3752499,6.4359999,6.3648252,801260000
2018-08-17,6.3235002,6.3242502,6.0932498,6.1205001,6.0528131,1143188000
2018-08-20,6.0795002,6.3299999,5.9679999,6.1960001,6.1274796,854388000
2018-08-21,6.2125001,6.3375001,6.1925001,6.3330002,6.2629642,673988000
2018-08-22,6.3000002,6.5755,6.2965002,6.5704999,6.4978347,749856000
2018-08-23,6.5314999,6.737,6.5174999,6.671,6.5972252,720684000
2018-08-24,6.6795001,6.82025,6.6750002,6.8055,6.730237,531512000
2018-08-27,6.8354998,6.9724998,6.80375,6.8975,6.8212199,505776000
2018-08-28,6.8915,6.9145002,6.7382498,6.8594999,6.7836409,475384000
2018-08-29,6.848,6.9875002,6.8270001,6.9622502,6.8890209,420108000
2018-08-30,6.9307499,7.0430002,6.908,6.94525,6.8721995,346608000
2018-08-31,6.9250002,7.0300002,6.915,7.0170002,6.9431944,306592000
2018-09-04,7.0037498,7.1304998,6.9749999,7.0925002,7.0179005,391720000
2018-09-05,7.0747499,7.1104999,6.8787498,6.9604998,6.8872876,393156000
2018-09-06,6.9439998,6.9464998,6.78475,6.8179998,6.7462878,322796000
2018-09-07,6.7249999,6.9232502,6.67975,6.7965002,6.7250152,295420000
2018-09-10,6.8192501,6.8982501,6.7750001,6.8682499,6.7960091,220140000
2018-09-11,6.8214998,6.9099998,6.8004999,6.8200002,6.7482662,243112000
2018-09-12,6.7797499,6.7995,6.5479999,6.7049999,6.6344762,419092000
2018-09-13,6.7715001,6.875,6.7540002,6.7835002,6.7121501,305536000
2018-09-14,6.8747501,6.9775,6.8375001,6.9107499,6.8380618,386936000
2018-09-17,6.8850002,6.9345002,6.8287501,6.8482499,6.7762194,205528000
2018-09-18,6.8522501,6.9559999,6.7687502,6.7754998,6.7042341,299520000
2018-09-19,6.7567501,6.8175001,6.7062502,6.7995,6.7279816,224860000
2018-09-20,6.67625,6.7189999,6.6025,6.6570001,6.5869803,430584000
2018-09-21,6.6690001,6.7150002,6.5527501,6.5862498,6.5169759,435128000
2018-09-24,6.5549998,6.6459999,6.467,6.6424999,6.5726328,293912000
2018-09-25,6.70925,6.7354999,6.6227498,6.7102499,6.6396713,280388000
2018-09-26,6.71525,6.756,6.6570001,6.6729999,6.6028123,268548000
2018-09-27,6.7084999,6.73,6.6532502,6.6849999,6.614686,214428000
2018-09-28,6.8182502,7.0479999,6.79,7.0254998,6.9516048,709396000
2018-10-01,7.1040001,7.3014998,7.0650001,7.2340002,7.1579123,622060000
2018-10-02,7.2062502,7.3189998,7.1395001,7.1620002,7.0866704,383964000
2018-10-03,7.2329998,7.2405,7.0632501,7.1682501,7.0928545,320552000
2018-10-04,7.1317501,7.15625,6.9045,6.9822502,6.908813,391220000
2018-10-05,6.9572501,7.02,6.6884999,6.7465,6.675539,426636000
2018-10-08,6.6624999,6.7789998,6.5019999,6.6442499,6.5743656,408612000
2018-10-09,6.6234999,6.7189999,6.5700002,6.6385002,6.5686769,273500000
2018-10-10,6.5314999,6.5777502,6.1399999,6.1422501,6.0776448,684940000
2018-10-11,6.0542498,6.1890001,5.8565001,5.8782501,5.8164229,725436000
2018-10-12,6.1377501,6.2385001,5.99125,6.1634998,6.0986714,608236000
2018-10-15,6.1500001,6.1500001,5.8835001,5.8845,5.8226056,449760000
2018-10-16,5.99825,6.1570001,5.9485002,6.14575,6.0811071,408712000
2018-10-17,6.2084999,6.2470002,6.027,6.0764999,6.0125866,329668000
2018-10-18,6.1465001,6.1852498,5.9272499,5.9882498,5.9252644,524020000
2018-10-19,6.0440001,6.0637498,5.6925001,5.72925,5.6689892,613608000
2018-10-22,5.7820001,5.8829999,5.6767502,5.7804999,5.7196989,368844000
2018-10-23,5.5107498,5.6047502,5.4177499,5.5265002,5.4683719,626436000
2018-10-24,5.4877501,5.53475,4.9712501,4.98525,4.9328165,884288000
2018-10-25,4.8867502,5.2437501,4.842,5.1960001,5.1413498,951720000
2018-10-26,4.9577498,5.1209998,4.8280001,4.9572501,4.9051094,664784000
2018-10-29,5.09975,5.10325,4.40025,4.6405001,4.5916905,758016000
2018-10-30,4.6637502,5.085,4.6405001,5.0749998,5.0216198,807192000
2018-10-31,5.24125,5.3147502,5.1002498,5.27075,5.2153125,745772000
2018-11-01,5.3074999,5.4622502,5.17975,5.4527502,5.3953977,566528000
2018-11-02,5.4432502,5.5500002,5.25525,5.3730001,5.3164868,452960000
2018-11-05,5.3597498,5.3832502,5.132,5.29425,5.238564,379332000
2018-11-06,5.2862501,5.3712502,5.2389998,5.2765002,5.2210011,299012000
2018-11-07,5.34375,5.4352498,5.2795,5.3447499,5.2885332,483812000
2018-11-08,5.2849998,5.2857499,5.0957499,5.1497502,5.0955863,511352000
2018-11-09,5.0599999,5.2329998,5.026,5.1417499,5.0876679,413240000
2018-11-12,5.0495,5.0717502,4.7164998,4.7385001,4.6886597,617116000
2018-11-13,4.8372502,5.1052499,4.8309999,4.9827499,4.9303422,644712000
2018-11-14,5.1574998,5.1719999,4.8207502,4.92975,4.8778977,526580000
2018-11-15,4.9237499,5.1325002,4.8874998,5.0597501,5.0065312,840708000
2018-11-16,4.0830002,4.2665,4.0402498,4.1107502,4.0675125,1963520000
2018-11-19,4.0447502,4.0454998,3.6157501,3.6175001,3.5794504,1697820000
2018-11-20,3.3515,3.8564999,3.3327501,3.727,3.6877995,1692032000
2018-11-21,3.8655,3.8824999,3.59025,3.6177499,3.5796976,1025496000
2018-11-23,3.5827501,3.7397499,3.5697501,3.625,3.5868716,411968000
2018-11-26,3.7472501,3.83675,3.664,3.8262501,3.7860053,814832000
2018-11-27,3.8,3.9252501,3.7637501,3.84325,3.8028262,738060000
2018-11-28,3.9619999,4.007,3.8282499,4.00175,3.9596596,804524000
2018-11-29,4,4.0374999,3.9035001,3.934,3.896517,549172000
2018-11-30,3.9437499,4.0964999,3.8929999,4.0857501,4.0468206,729564000
2018-12-03,4.3150001,4.3670001,4.1834998,4.2509999,4.2104959,890804000
2018-12-04,4.2059999,4.211,3.9124999,3.9277501,3.8903263,812112000
2018-12-06,3.786,3.96225,3.7702501,3.9572501,3.9195445,692308000
2018-12-07,3.9614999,3.97175,3.6405001,3.6902499,3.6550887,681676000
2018-12-10,3.645,3.8215001,3.6412499,3.7965,3.7603266,629472000
2018-12-11,3.8889999,3.8972499,3.625,3.7047501,3.6694515,671912000
2018-12-12,3.7105,3.8195,3.6205001,3.7225001,3.6870322,654136000
2018-12-13,3.7697501,3.8345001,3.6860001,3.72225,3.6867845,471384000
2018-12-14,3.6802499,3.76475,3.6375,3.6612501,3.6263654,471820000
2018-12-17,3.631,3.7037499,3.5309999,3.5895,3.5552986,662868000
2018-12-18,3.63375,3.75825,3.60625,3.6735001,3.6384988,564372000
2018-12-19,3.6394999,3.6935,3.4107499,3.46275,3.4297557,745364000
2018-12-20,3.4542501,3.5450001,3.31725,3.3775001,3.3453195,749588000
2018-12-21,3.4042499,3.4375,3.2114999,3.2392499,3.2083859,863740000
2018-12-24,3.16225,3.2495,3.1125,3.177,3.1467292,463840000
2018-12-26,3.2235,3.3285,3.1115,3.3275001,3.2957952,695100000
2018-12-27,3.27475,3.3095,3.1294999,3.2792499,3.2480056,637044000
2018-12-28,3.3,3.4347501,3.25775,3.3412499,3.3094146,628728000
2018-12-31,3.385,3.4177499,3.3065,3.3375001,3.3056998,465140000
2019-01-02,3.266,3.4619999,3.25125,3.4054999,3.3730521,508752000
2019-01-03,3.3447499,3.3789999,3.19225,3.1997499,3.1692624,705552000
2019-01-04,3.2735,3.4432499,3.2425001,3.4047501,3.3723092,585620000
2019-01-07,3.4625001,3.6222501,3.4107499,3.585,3.5508425,709160000
2019-01-08,3.6672499,3.6695001,3.4224999,3.49575,3.4624424,786016000
2019-01-09,3.5474999,3.6122501,3.4965,3.5645001,3.5305374,617260000
2019-01-10,3.5450001,3.6394999,3.484,3.6307499,3.5961559,523156000
2019-01-11,3.6082499,3.7437501,3.58025,3.7207501,3.6852982,874764000
2019-01-14,3.668,3.7865,3.6442499,3.7609999,3.7251642,730168000
2019-01-15,3.7939999,3.83375,3.72825,3.7467501,3.7110515,617012000
2019-01-16,3.77425,3.8074999,3.7155001,3.721,3.6855466,470104000
2019-01-17,3.6877501,3.83325,3.6602499,3.793,3.75686,493436000
2019-01-18,3.84325,3.9495001,3.79125,3.92325,3.885869,651336000
2019-01-22,3.89275,3.9045,3.68875,3.71925,3.6838129,661552000
2019-01-23,3.7750001,3.8645,3.7007501,3.73225,3.6966884,591020000
2019-01-24,3.8175001,3.9637499,3.8127501,3.9460001,3.9084036,708972000
2019-01-25,3.8859999,4.0219998,3.7825,4.0037498,3.9656014,1154572000
2019-01-28,3.4137499,3.5409999,3.2750001,3.4502499,3.4173753,2511528000
2019-01-29,3.4037499,3.4525001,3.27525,3.29,3.2586527,1153932000
2019-01-30,3.36675,3.44925,3.2865,3.4347501,3.4020233,974228000
2019-01-31,3.4315,3.62975,3.4094999,3.59375,3.5595083,842852000
2019-02-01,3.6125,3.66975,3.5645001,3.6182499,3.5837748,625048000
2019-02-04,3.6342499,3.767,3.612,3.7295001,3.6939645,528592000
2019-02-05,3.7414999,3.7857499,3.7075,3.74875,3.7130313,542424000
2019-02-06,3.7822499,3.8900001,3.7767501,3.825,3.7885556,702464000
2019-02-07,3.77825,3.7804999,3.6422501,3.6854999,3.6503842,637120000
2019-02-08,3.6177499,3.7149999,3.60325,3.7042501,3.6689558,461604000
2019-02-11,3.65975,3.7145,3.6125,3.6612501,3.6263654,495180000
2019-02-12,3.7,3.7950001,3.6854999,3.7792499,3.7432413,591060000
2019-02-13,3.809,3.89575,3.7952499,3.822,3.7855837,605372000
2019-02-14,3.8210001,3.8917501,3.7774999,3.86325,3.8264403,827264000
2019-02-15,4.07375,4.0967498,3.9105,3.9335001,3.8960216,1516748000
2019-02-19,3.92275,3.9972501,3.9035001,3.9159999,3.8786874,551892000
2019-02-20,3.9454999,4.0314999,3.9342501,3.9637499,3.925983,540988000
2019-02-21,3.9765,4.0012498,3.8794999,3.8942499,3.8571453,448548000
2019-02-22,3.9465001,3.99875,3.93275,3.9797499,3.9418311,401740000
2019-02-25,4.0640001,4.132,3.9584999,3.9672501,3.9294498,656020000
2019-02-26,3.9625001,4.0190001,3.89375,3.9275,3.8900785,488464000
2019-02-27,3.9130001,3.93975,3.82775,3.8852501,3.8482306,500256000
2019-02-28,3.875,3.8975,3.8340001,3.8564999,3.8236916,324944000
2019-03-01,3.90675,3.9537499,3.848,3.9112501,3.8779759,357188000
2019-03-04,3.95,3.973,3.8625,3.9195001,3.8861561,409992000
2019-03-05,3.9037499,3.9514999,3.849,3.9130001,3.8797114,362924000
2019-03-06,3.904,3.9124999,3.7985001,3.80125,3.7689114,403524000
2019-03-07,3.7774999,3.78725,3.6849999,3.7314999,3.6997552,450104000
2019-03-08,3.6415,3.7767501,3.6199999,3.766,3.7339613,422416000
2019-03-11,3.7897501,4.0514998,3.74225,4.0285001,3.9942284,859728000
2019-03-12,4.0565,4.1097498,3.9797499,4.0630002,4.0284367,579576000
2019-03-13,4.10075,4.2449999,4.0932498,4.2154999,4.1796389,768900000
2019-03-14,4.22475,4.2367501,4.1312499,4.1389999,4.1037893,519384000
2019-03-15,4.1824999,4.28825,4.1789999,4.2452502,4.2091351,661484000
2019-03-18,4.277,4.3312502,4.1964998,4.2237501,4.1878171,486992000
2019-03-19,4.3189998,4.4375,4.302,4.3927498,4.3553801,854972000
2019-03-20,4.4219999,4.47575,4.3249998,4.3600001,4.3229079,719148000
2019-03-21,4.3832502,4.625,4.3782501,4.5984998,4.5593801,824312000
2019-03-22,4.5710001,4.6199999,4.4235001,4.4375,4.3997498,747644000
2019-03-25,4.3965001,4.4612498,4.27775,4.3445001,4.3075399,525212000
2019-03-26,4.4872499,4.5437498,4.3649998,4.4217501,4.3841329,703508000
2019-03-27,4.4475002,4.4942498,4.3425002,4.4124999,4.3749619,474372000
2019-03-28,4.4387498,4.4974999,4.3777499,4.4312501,4.3935523,480264000
2019-03-29,4.4984999,4.5135002,4.4477501,4.4889998,4.4508109,456896000
2019-04-01,4.5815001,4.5875001,4.5092502,4.5570002,4.5182304,483824000
2019-04-02,4.5812502,4.61975,4.5380001,4.5749998,4.5360799,440920000
2019-04-03,4.625,4.7750001,4.6199999,4.7154999,4.675384,783504000
2019-04-04,4.6999998,4.7492499,4.64325,4.7065001,4.6664605,457376000
2019-04-05,4.75,4.7912502,4.7132502,4.7737498,4.7331386,481744000
2019-04-08,4.743,4.8200002,4.71875,4.7947502,4.7539597,424192000
2019-04-09,4.7610002,4.7722502,4.6890001,4.7315001,4.6912484,439972000
2019-04-10,4.7307501,4.8284998,4.7262502,4.8024998,4.7616434,444772000
2019-04-11,4.8049998,4.83675,4.73875,4.7884998,4.7477622,374600000
2019-04-12,4.8274999,4.8315001,4.7414999,4.7502499,4.7098379,471708000
2019-04-15,4.7424998,4.7474999,4.5774999,4.6174998,4.5782166,440092000
2019-04-16,4.6570001,4.7242498,4.6240001,4.7052498,4.6652212,394964000
2019-04-17,4.7405,4.7614999,4.65975,4.68225,4.642415,351004000
2019-04-18,4.6890001,4.7232499,4.6294999,4.6574998,4.6178784,380988000
2019-04-22,4.63375,4.7275,4.6020002,4.71175,4.6716666,279936000
2019-04-23,4.7249999,4.7982502,4.71525,4.7667499,4.7261987,346856000
2019-04-24,4.7772498,4.82025,4.7160001,4.7792501,4.7385917,318204000
2019-04-25,4.73875,4.76125,4.5925002,4.67275,4.632997,499296000
2019-04-26,4.5177498,4.5222502,4.3325,4.45225,4.4143739,868988000
2019-04-29,4.4602499,4.51125,4.3874998,4.4832501,4.4451108,391920000
2019-04-30,4.4507499,4.5507498,4.4315,4.5250001,4.4865046,362920000
2019-05-01,4.5777502,4.6202502,4.5114999,4.5117502,4.4733682,354280000
2019-05-02,4.5215001,4.6217499,4.4780002,4.5797501,4.5407891,394684000
2019-05-03,4.5882502,4.5982499,4.5132499,4.5752501,4.5363274,336824000
2019-05-06,4.3874998,4.5085001,4.3499999,4.4962502,4.4580007,422176000
2019-05-07,4.4475002,4.4475002,4.2792501,4.3277502,4.2909331,555220000
2019-05-08,4.3000002,4.42875,4.2880001,4.348,4.3110094,419168000
2019-05-09,4.2785001,4.28825,4.1350002,4.2547498,4.2185521,660248000
2019-05-10,4.2237501,4.2897501,4.0999999,4.2205,4.1845956,569500000
2019-05-13,4.0875001,4.1107502,3.94525,3.9612501,3.9275501,656912000
2019-05-14,4.0012498,4.0865002,3.96225,4.0510001,4.0165358,524880000
2019-05-15,3.9949999,4.0262499,3.93525,3.9895,3.9555609,502320000
2019-05-16,3.984,4.04775,3.9412501,4.0047498,3.97068,781088000
2019-05-17,3.9625001,4.0927501,3.8735001,3.91325,3.8799593,1022068000
2019-05-20,3.81375,3.8692501,3.76875,3.79375,3.7614751,572064000
2019-05-21,3.855,3.8924999,3.816,3.8764999,3.8435211,361848000
2019-05-22,3.8375001,3.86375,3.7939999,3.8050001,3.7726297,325868000
2019-05-23,3.74225,3.74225,3.62275,3.6830001,3.6516681,591844000
2019-05-24,3.7019999,3.7375,3.622,3.6287501,3.5978796,357584000
2019-05-28,3.6465001,3.6795001,3.58125,3.58325,3.5527666,428356000
2019-05-29,3.5352499,3.5704999,3.4735,3.5085001,3.478652,559800000
2019-05-30,3.50775,3.54375,3.43925,3.4777501,3.4520996,394300000
2019-05-31,3.4284999,3.4962499,3.3847499,3.3864999,3.3615227,389720000
2019-06-03,3.3977499,3.4367499,3.3150001,3.3445001,3.3198326,478644000
2019-06-04,3.4089999,3.58025,3.38675,3.575,3.5486319,641836000
2019-06-05,3.64925,3.6547501,3.4955001,3.5320001,3.5059497,511616000
2019-06-06,3.5362501,3.6192501,3.5337501,3.5945001,3.5679893,408140000
2019-06-07,3.6005001,3.6719999,3.58125,3.6375,3.6106708,348856000
2019-06-10,3.694,3.7797501,3.694,3.7107501,3.6833811,402780000
2019-06-11,3.7709999,3.809,3.7290001,3.76875,3.7409523,383872000
2019-06-12,3.7249999,3.73125,3.63975,3.655,3.6280427,358892000
2019-06-13,3.6772499,3.7249999,3.6594999,3.7065001,3.6791627,308080000
2019-06-14,3.6127501,3.6372499,3.5710001,3.6159999,3.5893297,394428000
2019-06-17,3.6142499,3.6630001,3.5912499,3.6257501,3.5990078,276040000
2019-06-18,3.6875,3.8777499,3.6765001,3.822,3.7938101,581920000
2019-06-19,3.8575001,3.869,3.8017499,3.8280001,3.7997663,331644000
2019-06-20,3.91925,3.93325,3.8380001,3.8525,3.8240855,350168000
2019-06-21,3.8375001,3.8870001,3.7874999,3.7939999,3.7660167,434428000
2019-06-24,3.8155,3.8462501,3.7679999,3.8164999,3.7883511,282948000
2019-06-25,3.8215001,3.8970001,3.78425,3.7869999,3.7590685,311868000
2019-06-26,3.9152501,4.0430002,3.9022501,3.9814999,3.9521346,584072000
2019-06-27,4.06775,4.0999999,4.0314999,4.08075,4.050652,445440000
2019-06-28,4.125,4.1342502,4.0587502,4.1057501,4.0754685,397668000
2019-07-01,4.31425,4.3487501,4.1164999,4.1542501,4.12361,709756000
2019-07-02,4.1374998,4.1587501,4.0425,4.0557499,4.0258369,400228000
2019-07-03,4.0792499,4.085,4.0085001,4.0687499,4.0387402,246636000
2019-07-05,4.0100002,4.0145001,3.9419999,4.0057502,3.9762056,396552000
2019-07-08,3.94575,3.9647501,3.9000001,3.9302499,3.9012623,329788000
2019-07-09,3.8877499,3.961,3.875,3.93275,3.9037437,342860000
2019-07-10,3.9765,4.0592499,3.9625001,4.0015001,3.971987,452076000
2019-07-11,4.0749998,4.198,4.0374999,4.1570001,4.1263399,682560000
2019-07-12,4.1849999,4.2617502,4.1849999,4.1902499,4.1593456,506392000
2019-07-15,4.2115002,4.2277498,4.1532502,4.1817498,4.150908,289840000
2019-07-16,4.16675,4.2042499,4.1209998,4.177,4.1461921,341444000
2019-07-17,4.17875,4.2497501,4.14925,4.2427502,4.2114568,348204000
2019-07-18,4.2532501,4.31775,4.19625,4.2544999,4.2231202,442192000
2019-07-19,4.2930002,4.2995,4.2049999,4.211,4.1799421,344896000
2019-07-22,4.2325001,4.296,4.2249999,4.283,4.251411,315940000
2019-07-23,4.3225002,4.3934999,4.3067498,4.3915,4.3591118,428176000
2019-07-24,4.4349999,4.47225,4.3585,4.4664998,4.4335585,366236000
2019-07-25,4.4247499,4.4375,4.3109999,4.3344998,4.3025289,392700000
2019-07-26,4.3617501,4.4237499,4.3617501,4.37675,4.3444681,274160000
2019-07-29,4.3695002,4.3867502,4.2817502,4.3705001,4.3382649,248160000
2019-07-30,4.32375,4.3985,4.3092499,4.38625,4.3538995,197772000
2019-07-31,4.3544998,4.3555002,4.1754999,4.2179999,4.1868892,359416000
2019-08-01,4.2284999,4.3195,4.0704999,4.1230001,4.0925908,421212000
2019-08-02,4.0297499,4.0995002,3.9820001,4.0297499,4.0000286,428348000
2019-08-05,3.845,3.8462501,3.7225001,3.7697501,3.7419457,589156000
2019-08-06,3.845,3.8907499,3.7607501,3.8087499,3.7806587,361272000
2019-08-07,3.7474999,3.8592501,3.73,3.84725,3.8188741,372560000
2019-08-08,3.9052501,3.9577501,3.8475001,3.9565001,3.9273186,309300000
2019-08-09,3.9152501,3.91875,3.80375,3.8545001,3.8260713,341816000
2019-08-12,3.802,3.8545001,3.76425,3.7862501,3.7583249,279200000
2019-08-13,3.78475,3.9475,3.7455001,3.9012499,3.8724763,351956000
2019-08-14,3.8125,3.82375,3.7077501,3.75175,3.7240789,419880000
2019-08-15,3.77075,3.79075,3.6847501,3.71925,3.6918185,477200000
2019-08-16,3.9837501,4.0384998,3.9219999,3.9890001,3.9595788,1007960000
2019-08-19,4.1030002,4.2855,4.08675,4.2694998,4.2380104,815112000
2019-08-20,4.2639999,4.2645001,4.1754999,4.1967502,4.1657963,463188000
2019-08-21,4.2632499,4.3362498,4.2414999,4.2807498,4.2491775,427244000
2019-08-22,4.2905002,4.33325,4.2474999,4.2870002,4.2553792,303488000
2019-08-23,4.21,4.26475,4.0409999,4.0609999,4.0310483,568056000
2019-08-26,4.1402502,4.1645002,4.0977502,4.13625,4.1057444,318208000
2019-08-27,4.1747499,4.1774998,4.0155001,4.0450001,4.0151649,290968000
2019-08-28,4.0145001,4.0834999,3.9749999,4.0304999,4.0047321,255612000
2019-08-29,4.1224999,4.2075,4.119,4.1750002,4.1483102,357976000
2019-08-30,4.2214999,4.2715001,4.1694999,4.1877499,4.1609778,290616000
2019-09-03,4.1145,4.1477499,4.0812502,4.10425,4.078012,296140000
2019-09-04,4.1652498,4.2265,4.1652498,4.2189999,4.192028,227728000
2019-09-05,4.3217502,4.4997501,4.3200002,4.4935002,4.4647737,695676000
2019-09-06,4.4699998,4.5272498,4.428,4.4662499,4.4376965,376976000
2019-09-09,4.4974999,4.5995002,4.4959998,4.5124998,4.4836512,417524000
2019-09-10,4.4794998,4.6062498,4.4697499,4.5795002,4.5502224,352812000
2019-09-11,4.5942502,4.6567502,4.5650001,4.6082501,4.5787892,361512000
2019-09-12,4.6550002,4.71,4.5987501,4.60675,4.5772986,327840000
2019-09-13,4.5397501,4.5770001,4.5044999,4.5485001,4.5194211,324592000
2019-09-16,4.473,4.54,4.4625001,4.50525,4.4764471,231832000
2019-09-17,4.5120001,4.5310001,4.46525,4.5267501,4.4978108,223048000
2019-09-18,4.5197501,4.5355,4.4124999,4.4994998,4.4707365,258152000
2019-09-19,4.5054998,4.5240002,4.4127498,4.4235001,4.3952208,245476000
2019-09-20,4.4225001,4.44625,4.3070002,4.3172498,4.28965,350244000
2019-09-23,4.3175001,4.41675,4.3137498,4.3709998,4.3430557,249712000
2019-09-24,4.4025002,4.43225,4.2775002,4.3132501,4.2856741,317268000
2019-09-25,4.3127499,4.4755001,4.2677498,4.45575,4.4272647,308432000
2019-09-26,4.4460001,4.4547501,4.3822498,4.4334998,4.4051557,234564000
2019-09-27,4.3915,4.4425001,4.2329998,4.2940001,4.2665482,362056000
2019-09-30,4.3200002,4.362,4.2884998,4.3517499,4.3239293,186184000
2019-10-01,4.375,4.5250001,4.3452501,4.3499999,4.3221903,366008000
2019-10-02,4.3280001,4.3400002,4.2532501,4.3260002,4.2983441,293372000
2019-10-03,4.3305001,4.539,4.3000002,4.5327501,4.5037737,450588000
2019-10-04,4.5349998,4.5787501,4.4695001,4.5492501,4.5201674,265524000
2019-10-07,4.6145,4.7084999,4.6057501,4.6082501,4.5787892,480984000
2019-10-08,4.5159998,4.5159998,4.4124999,4.4307499,4.4024243,444436000
2019-10-09,4.5079999,4.5675001,4.4790001,4.5177498,4.4888673,292412000
2019-10-10,4.5155001,4.6269999,4.5102501,4.5757499,4.5464964,309124000
2019-10-11,4.6602502,4.7335,4.6412501,4.6497502,4.6200242,446404000
2019-10-14,4.6409998,4.6842499,4.6097498,4.66325,4.6334376,200040000
2019-10-15,4.7540002,4.9822502,4.7399998,4.9092498,4.8778644,664124000
2019-10-16,4.875,4.9805002,4.84375,4.8552499,4.8242102,428944000
2019-10-17,4.9000001,4.94525,4.8024998,4.8572502,4.8261976,263436000
2019-10-18,4.8577499,4.8905001,4.6875,4.7622499,4.7318053,307440000
2019-10-21,4.8239999,4.9137502,4.8049998,4.90025,4.8689232,261868000
2019-10-22,4.9575,5.0632501,4.8825002,4.8902502,4.8589864,328720000
2019-10-23,4.8077502,4.8915,4.7757502,4.8772502,4.8460698,279916000
2019-10-24,4.9187498,4.9552498,4.8845,4.9215002,4.8900375,232020000
2019-10-25,5.0025001,5.1345,4.99475,5.1135001,5.0808086,423092000
2019-10-28,5.1574998,5.2224998,5.1279998,5.1697502,5.1366997,330792000
2019-10-29,5.1557498,5.16225,5.0535002,5.073,5.0405679,211236000
2019-10-30,5.0999999,5.1057501,5.0064998,5.0749998,5.0425553,205960000
2019-10-31,5.0539999,5.0749998,4.94525,5.0254998,4.9933715,209732000
2019-11-01,4.9899998,5.09725,4.9647498,5.0647502,5.032372,283640000
2019-11-04,5.1462498,5.2750001,5.1230001,5.2624998,5.2288566,376716000
2019-11-05,5.2622499,5.2884998,5.1919999,5.2402501,5.2067494,300868000
2019-11-06,5.2160001,5.2417498,5.1027498,5.1907501,5.1575656,269012000
2019-11-07,5.27775,5.2925,5.1634998,5.2084999,5.1752019,280340000
2019-11-08,5.1915002,5.2262502,5.1537499,5.1945,5.1612916,189100000
2019-11-11,5.1937499,5.2277498,5.1069999,5.2045002,5.1712279,243436000
2019-11-12,5.243,5.2965002,5.2077498,5.2402501,5.2067494,283504000
2019-11-13,5.2087498,5.2364998,5.1475,5.2142501,5.1809144,300188000
2019-11-14,5.2232499,5.2470002,5.1630001,5.24475,5.2112207,518080000
2019-11-15,5.2424998,5.2944999,5.0159998,5.1047502,5.0721149,1053628000
2019-11-18,5.09725,5.3337498,5.0942502,5.3070002,5.2730722,574588000
2019-11-19,5.2757502,5.2995,5.1412501,5.1997499,5.1665077,414564000
2019-11-20,5.1767502,5.36375,5.164,5.2795,5.2457485,472588000
2019-11-21,5.2750001,5.3309999,5.2327499,5.2544999,5.2209077,288388000
2019-11-22,5.2772498,5.3239999,5.2484999,5.2722502,5.238544,224100000
2019-11-25,5.401,5.5352502,5.388,5.5302501,5.4948959,506476000
2019-11-26,5.5124998,5.5172501,5.4184999,5.4250002,5.3903184,385244000
2019-11-27,5.4667501,5.5012498,5.4295001,5.4559999,5.4251199,215784000
2019-11-29,5.4250002,5.4534998,5.3944998,5.4184999,5.3878317,141556000
2019-12-02,5.4115,5.4250002,5.2160001,5.2312498,5.2016397,372036000
2019-12-03,5.0467501,5.1954999,5.0092502,5.1915002,5.162118,465232000
2019-12-04,5.2754998,5.2979999,5.2067499,5.2354999,5.2058692,273424000
2019-12-05,5.2575002,5.2732501,5.1877499,5.2185001,5.1889648,184884000
2019-12-06,5.2880001,5.3372502,5.2779999,5.3042498,5.274229,232236000
2019-12-09,5.28125,5.3592501,5.2725,5.3042498,5.274229,211880000
2019-12-10,5.3344998,5.4015002,5.2814999,5.3495002,5.3192234,256388000
2019-12-11,5.3600001,5.4390001,5.3575001,5.4334998,5.4027462,233796000
2019-12-12,5.4045,5.6199999,5.3955002,5.6017499,5.570045,404348000
2019-12-13,5.6047502,5.7245002,5.5454998,5.59975,5.5680571,454704000
2019-12-16,5.6475,5.7014999,5.6192498,5.6287498,5.5968919,320976000
2019-12-17,5.6475,5.73,5.638,5.7072501,5.6749487,321196000
2019-12-18,5.74225,5.7985001,5.7337499,5.7377501,5.7052741,343548000
2019-12-19,5.7725,5.9000001,5.7674999,5.8864999,5.8531842,445360000
2019-12-20,5.9532499,6.0097499,5.934,5.9842501,5.9503803,603044000
2019-12-23,6.013,6.0452499,5.9597502,5.9705,5.936708,355060000
2019-12-24,5.9549999,5.9827499,5.9204998,5.9654999,5.9317365,138864000
2019-12-26,5.9689999,6.0079999,5.9499998,5.9797502,5.9459066,182852000
2019-12-27,5.9949999,6.0085001,5.8952498,5.9217501,5.8882341,254644000
2019-12-30,5.8997502,5.9050002,5.7765002,5.8080001,5.7751284,258056000
2019-12-31,5.7725,5.8920002,5.7532501,5.8825002,5.8492055,231004000
2020-01-02,5.96875,5.9977498,5.9180002,5.9977498,5.9638042,237536000
2020-01-03,5.8775001,5.9457502,5.8525,5.9017501,5.8683481,205384000
2020-01-06,5.8080001,5.9317498,5.7817502,5.9264998,5.8929563,262636000
2020-01-07,5.9549999,6.04425,5.90975,5.99825,5.9643016,314856000
2020-01-08,5.994,6.0510001,5.9537501,6.0095,5.9754872,277108000
2020-01-09,6.0962501,6.1482501,6.0215001,6.0755,6.0411139,255112000
2020-01-10,6.18325,6.2137499,6.09375,6.1079998,6.0734296,316296000
2020-01-13,6.1915002,6.3247499,6.1687498,6.2995,6.2638454,319840000
2020-01-14,6.2564998,6.2820001,6.1687498,6.1820002,6.1470108,359088000
2020-01-15,6.1947498,6.2172499,6.1132498,6.1392498,6.1045017,263104000
2020-01-16,6.1929998,6.22925,6.1694999,6.2232499,6.1880283,284192000
2020-01-17,6.2424998,6.25,6.1842499,6.2319999,6.1967263,253792000
2020-01-21,6.19525,6.2322502,6.1642499,6.1985002,6.1634173,217916000
2020-01-22,6.244,6.3397498,6.2249999,6.2527499,6.2173615,239240000
2020-01-23,6.2930002,6.3299999,6.2037501,6.3214998,6.2857213,244516000
2020-01-24,6.4375,6.4875002,6.2075,6.2620001,6.2265592,373512000
2020-01-27,5.9559999,6.0562501,5.8057499,6.0050001,5.9710126,470536000
2020-01-28,6.07125,6.23175,6.0177498,6.1992502,6.1641631,310976000
2020-01-29,6.1847501,6.2210002,6.0984998,6.1385002,6.1037555,258848000
2020-01-30,6.0402498,6.1587501,5.9850001,6.1452498,6.1104674,290504000
2020-01-31,6.0992498,6.1112499,5.8687501,5.9107499,5.8772964,370420000
2020-02-03,5.8924999,6.02775,5.88625,6.0082502,5.9742451,255564000
2020-02-04,6.1507502,6.1975002,6.1005001,6.1782498,6.1432824,271544000
2020-02-05,6.2997499,6.3099999,6.1852498,6.2690001,6.2335176,208220000
2020-02-06,6.3035002,6.3562498,6.2220001,6.3562498,6.3202739,218284000
2020-02-07,6.316,6.3382502,6.2642498,6.2897501,6.2541513,189752000
2020-02-10,6.3125,6.5749998,6.3074999,6.5742502,6.5370402,529608000
2020-02-11,6.6830001,6.8125,6.62075,6.6972499,6.6593432,638556000
2020-02-12,6.7502499,6.8200002,6.7112498,6.8134999,6.7749362,374644000
2020-02-13,6.75525,6.8369999,6.7277498,6.7694998,6.7311859,528016000
2020-02-14,7.1815,7.3742499,7.1500001,7.24475,7.2037458,1041924000
2020-02-18,7.1409998,7.4327502,7.1215,7.4142499,7.3722849,620164000
2020-02-19,7.53725,7.8852501,7.53725,7.8674998,7.8229718,694332000
2020-02-20,7.8192501,7.908,7.4087501,7.7175002,7.6738214,810052000
2020-02-21,7.6047502,7.6300001,7.2665,7.3517499,7.3101406,768180000
2020-02-24,6.7547498,7.0467501,6.6999998,6.8319998,6.7933326,856916000
2020-02-25,6.9074998,6.9697499,6.4489999,6.55125,6.5141692,1055496000
2020-02-26,6.5514998,6.88625,6.5500002,6.6912498,6.6533785,747732000
2020-02-27,6.3724999,6.6750002,6.22225,6.3150001,6.2830129,906416000
2020-02-28,6.0615001,6.8115001,6.0447502,6.75175,6.7175517,1133252000
2020-03-02,6.9225001,6.9397502,6.5250001,6.9107499,6.8757453,890744000
2020-03-03,6.9667501,7.0267501,6.5615001,6.6472502,6.6135817,652792000
2020-03-04,6.7550001,7.1222501,6.6799998,7.1127501,7.0767226,597408000
2020-03-05,6.9124999,7.0799999,6.7874999,6.8322501,6.7976446,540328000
2020-03-06,6.652,6.7097502,6.4499998,6.651,6.6173115,515412000
2020-03-09,5.9974999,6.4850001,5.9545002,6.1360002,6.1049194,614160000
2020-03-10,6.4134998,6.527,6.1497502,6.527,6.4939413,580648000
2020-03-11,6.3864999,6.415,6.06425,6.1617498,6.1305399,499964000
2020-03-12,5.6364999,5.9029999,5.395,5.4077501,5.3803573,816540000
2020-03-13,5.7624998,6.0254998,5.4902501,6.0209999,5.9905038,634836000
2020-03-16,5.3102498,5.6525002,4.8499999,4.9099998,4.8851304,726972000
2020-03-17,5.0227499,5.5215001,4.7750001,5.4317498,5.4042368,833632000
2020-03-18,5.0025001,5.2484999,4.5170002,5.0704999,5.0448184,874268000
2020-03-19,5.0489998,5.4182501,4.8347502,5.3242502,5.2972827,765512000
2020-03-20,5.4749999,5.7579999,5.1282501,5.1437502,5.1176977,804636000
2020-03-23,5.1427498,5.4120002,4.9629998,5.3172498,5.290318,643876000
2020-03-24,5.7249999,6.3165002,5.7012501,6.2294998,6.197948,1101644000
2020-03-25,6.3449998,6.5454998,6.0914998,6.1405001,6.1093984,793432000
2020-03-26,6.3484998,6.5555,6.25,6.4310002,6.3984261,696108000
2020-03-27,6.25,6.5780001,6.217,6.3182502,6.2862477,638828000
2020-03-30,6.3839998,6.6490002,6.3397498,6.63975,6.6061187,602252000
2020-03-31,6.6799998,6.8850002,6.4437499,6.5900002,6.5566216,949960000
2020-04-01,6.3912501,6.53825,6.0320001,6.0767498,6.0459704,656912000
2020-04-02,6.1059999,6.4000001,6.0577502,6.3867502,6.3544006,675764000
2020-04-03,6.349,6.3907499,5.9597502,6.0977502,6.0668654,663212000
2020-04-06,6.381,6.7470002,6.3232498,6.71,6.676013,727884000
2020-04-07,6.9324999,6.9562502,6.4324999,6.47575,6.4429502,784520000
2020-04-08,6.5852499,6.69875,6.5149999,6.6737499,6.6399469,542444000
2020-04-09,6.8000002,6.823,6.5105,6.57375,6.540453,525564000
2020-04-13,6.5137501,6.7550001,6.4250002,6.7462502,6.7120786,398408000
2020-04-14,6.875,7.1329999,6.84725,7.0987501,7.0627952,530948000
2020-04-15,6.9299998,7.10425,6.8845,7.0209999,6.9854369,366148000
2020-04-16,7.177,7.4749999,7.1637502,7.3674998,7.3301821,745620000
2020-04-17,7.4499998,7.4714999,7.1735001,7.3080001,7.2709851,539120000
2020-04-20,7.1810002,7.3375001,7.1317501,7.17625,7.1399007,449388000
2020-04-21,7.0577502,7.1192498,6.6777501,6.7377501,6.7036228,735160000
2020-04-22,6.9307499,7.1967502,6.8850002,7.1537499,7.1175151,483356000
2020-04-23,7.1960001,7.3284998,7.0749998,7.1002498,7.0642853,424160000
2020-04-24,7.0900002,7.2417498,7.0149999,7.2397499,7.2030802,352328000
2020-04-27,7.3747501,7.5875001,7.3499999,7.427,7.3893809,479388000
2020-04-28,7.5749998,7.605,7.2785001,7.2839999,7.2471051,442904000
2020-04-29,7.41925,7.5145001,7.34375,7.4615002,7.4237065,379160000
2020-04-30,7.4072499,7.4615002,7.2930002,7.3070002,7.2699895,375916000
2020-05-01,7.1087499,7.2224998,7.0209999,7.0695,7.0336928,342096000
2020-05-04,7.0219998,7.296,7.0219998,7.2822499,7.2453661,317556000
2020-05-05,7.3867502,7.5067501,7.2822499,7.3435001,7.3063049,368896000
2020-05-06,7.4232502,7.5500002,7.3852501,7.4447498,7.4070425,323464000
2020-05-07,7.5844998,7.6852498,7.533,7.6217499,7.5831447,373732000
2020-05-08,7.6937499,7.8187499,7.65975,7.8125,7.7729301,339216000
2020-05-11,7.8074999,8.1125002,7.7787499,8.0655003,8.0246487,469060000
2020-05-12,8.1234999,8.1724997,7.7927499,7.8024998,7.7629795,493060000
2020-05-13,7.9175,8.0784998,7.5947499,7.7800002,7.7405944,625852000
2020-05-14,7.8417501,8.0360003,7.6875,8.0305004,7.9898248,602312000
2020-05-15,7.88975,8.5004997,7.8740001,8.4907503,8.4477406,987660000
2020-05-18,8.7605,8.9165001,8.6805,8.7502499,8.7059278,774460000
2020-05-19,8.7902498,9.0874996,8.7627497,8.8055,8.7608967,717320000
2020-05-20,8.9910002,9.0430002,8.8887501,8.9700003,8.9245672,587536000
2020-05-21,9.0515003,9.0524998,8.7375002,8.7752504,8.7308044,761068000
2020-05-22,8.8252497,9.0930004,8.7132502,9.0262499,8.9805317,1038764000
2020-05-26,9.1567497,9.1817503,8.6719999,8.7177496,8.6735954,770780000
2020-05-27,8.625,8.6327496,7.9967499,8.5252504,8.48207,1175892000
2020-05-28,8.4122496,8.7605,8.3792496,8.4870005,8.4440136,734896000
2020-05-29,8.5544996,8.8754997,8.4849997,8.8754997,8.8305426,745256000
2020-06-01,8.83325,8.8407497,8.6894999,8.8062496,8.7616434,389876000
2020-06-02,8.7962503,8.8372498,8.658,8.8252497,8.78055,391320000
2020-06-03,8.8222504,8.86625,8.6999998,8.7694998,8.7250834,365440000
2020-06-04,8.7279997,8.9432497,8.6774998,8.7665005,8.7260771,424280000
2020-06-05,8.7945004,8.9969997,8.7080002,8.9200001,8.87887,481748000
2020-06-08,8.8772497,8.8897495,8.68575,8.8050003,8.7643995,387736000
2020-06-09,8.8000002,9.1097498,8.7512503,9.0459995,9.0042868,468488000
2020-06-10,9.1677504,9.5,9.1534996,9.3667498,9.3235598,632180000
2020-06-11,9.1499996,9.2612495,8.7860003,8.7962503,8.7556925,583652000
2020-06-12,9.1625004,9.1872501,8.7032499,8.9324999,8.8913088,570908000
2020-06-15,8.8152504,9.18225,8.7437496,9.1737499,9.1314516,400004000
2020-06-16,9.2250004,9.2667503,8.8387499,9.0684996,9.0266829,535716000
2020-06-17,9.1137505,9.2989998,9.0702496,9.2360001,9.1934099,408304000
2020-06-18,9.2270002,9.2825003,9.1145,9.2180004,9.1754932,254408000
2020-06-19,9.2425003,9.4449997,9.2272501,9.2612495,9.2185459,524160000
2020-06-22,9.3000002,9.53125,9.2732496,9.5267496,9.4828205,398468000
2020-06-23,9.5509996,9.6424999,9.4075003,9.4499998,9.4064264,375108000
2020-06-24,9.4762497,9.5565004,9.1444998,9.2355003,9.1929131,449372000
2020-06-25,9.3557501,9.5050001,9.18225,9.4899998,9.4462423,376072000
2020-06-26,9.5,9.5,9.125,9.1549997,9.1127863,592084000
2020-06-29,9.1697502,9.2045002,8.8999996,9.1999998,9.1575785,342248000
2020-06-30,9.3140001,9.5262499,9.2665005,9.4977503,9.4539547,367892000
2020-07-01,9.52075,9.5757504,9.4130001,9.5299997,9.4860554,326648000
2020-07-02,9.6389999,9.7375002,9.5782499,9.6122503,9.5679255,364056000
2020-07-06,9.7417498,9.9087496,9.7124996,9.8392496,9.7938805,315892000
2020-07-07,9.94625,10.07,9.85075,9.8717499,9.82623,357800000
2020-07-08,9.9937496,10.225,9.9654999,10.216,10.168893,365480000
2020-07-09,10.38025,10.57,10.2335,10.509,10.460541,494548000
2020-07-10,10.58875,10.65525,10.37875,10.47925,10.430929,497676000
2020-07-13,10.595,10.79225,10.025,10.05225,10.005899,457076000
2020-07-14,10.075,10.40275,9.7854996,10.377,10.329154,542676000
2020-07-15,10.41425,10.433,10.05575,10.22725,10.180093,403984000
2020-07-16,10.015,10.20675,9.8955002,10.13475,10.088017,344964000
2020-07-17,10.2255,10.2485,10.08775,10.2015,10.154462,266284000
2020-07-20,10.27425,10.53125,10.15675,10.51075,10.462283,284852000
2020-07-21,10.513,10.56,10.28675,10.3285,10.280876,277036000
2020-07-22,10.3675,10.6025,10.2915,10.43875,10.390618,367292000
2020-07-23,10.45,10.547,10.03125,10.12975,10.083043,411660000
2020-07-24,9.875,10.36475,9.7770004,10.1945,10.147491,473292000
2020-07-27,10.23225,10.44175,10.21775,10.4215,10.373446,292132000
2020-07-28,10.37425,10.382,10.20925,10.2155,10.168397,271636000
2020-07-29,10.39075,10.51625,10.347,10.4655,10.417245,284508000
2020-07-30,10.375,10.623,10.29525,10.614,10.565058,308880000
2020-07-31,10.56325,10.7665,10.433,10.61475,10.565804,386080000
2020-08-03,10.7325,11.09875,10.71525,11.01025,10.959485,412720000
2020-08-04,11.05,11.22775,10.906,11.22775,11.175979,310336000
2020-08-05,11.244,11.37175,11.16625,11.28675,11.234705,249924000
2020-08-06,11.34975,11.358,11.17875,11.3355,11.283232,244316000
2020-08-07,11.3125,11.50475,11.0375,11.1995,11.147857,342516000
2020-08-10,11.33425,11.40825,10.8565,11.165,11.113517,427796000
2020-08-11,11.07375,11.13675,10.79575,10.85,10.799971,354512000
2020-08-12,10.99075,11.467,10.95825,11.44025,11.387499,464412000
2020-08-13,11.546,11.72175,11.35575,11.443,11.390235,374460000
2020-08-14,11.53,11.70475,11.4405,11.564,11.510681,366436000
2020-08-17,11.85125,12.40975,11.81725,12.337,12.280114,621300000
2020-08-18,12.45,12.496,12.08625,12.26075,12.204214,503448000
2020-08-19,12.2965,12.315,12.098,12.1385,12.082529,622624000
2020-08-20,11.975,12.375,11.87875,12.141,12.085015,921388000
2020-08-21,12.20175,12.80875,12.19525,12.6835,12.625013,999868000
2020-08-24,12.88375,12.9125,12.5075,12.72025,12.661598,490564000
2020-08-25,12.63075,12.76125,12.57375,12.75,12.691208,289076000
2020-08-26,12.79925,12.8685,12.67775,12.773,12.714101,321244000
2020-08-27,12.7815,12.85,12.5665,12.62825,12.570021,317604000
2020-08-28,12.675,13.148,12.6425,13.14775,13.087125,537160000
2020-08-31,13.18275,13.575,13.03775,13.3745,13.312828,500840000
2020-09-01,13.48,13.99375,13.4365,13.821,13.761388,511316000
2020-09-02,14.70375,14.72675,13.9,14.3465,14.284619,874012000
2020-09-03,13.82875,13.8845,12.87875,13.0155,12.959359,945128000
2020-09-04,12.78375,13.175,11.70475,12.6225,12.568056,1463684000
2020-09-08,11.7345,12.55,11.70425,11.913,11.861616,795728000
2020-09-09,12.4,12.80925,12.23175,12.715,12.660157,736200000
2020-09-10,12.98925,13.06525,12.167,12.31175,12.258647,698684000
2020-09-11,12.4855,12.6525,11.89575,12.1645,12.112032,636928000
2020-09-14,13.081,13.315,12.63125,12.87225,12.816729,1201744000
2020-09-15,13.28,13.29875,12.82775,12.991,12.934966,727556000
2020-09-16,12.95725,13.09275,12.51375,12.5145,12.460521,556384000
2020-09-17,12.13225,12.58975,12.03475,12.4635,12.409739,792512000
2020-09-18,12.59375,12.6325,11.98875,12.18925,12.136675,698460000
2020-09-21,11.925,12.5225,11.9045,12.51725,12.463261,721044000
2020-09-22,12.575,12.648,12.1555,12.63775,12.58324,646452000
2020-09-23,12.5755,12.727,12.07925,12.12375,12.07146,647012000
2020-09-24,12.07225,12.5695,12.014,12.348,12.294739,731240000
2020-09-25,12.4475,12.8835,12.24575,12.87375,12.818221,588016000
2020-09-28,13.04025,13.05175,12.75,13.035,12.978775,573808000
2020-09-29,12.9375,13.44275,12.93325,13.22575,13.168702,621460000
2020-09-30,13.1575,13.6225,13.15025,13.5305,13.472139,689184000
2020-10-01,13.758,13.76275,13.46075,13.6145,13.555776,525004000
2020-10-02,13.225,13.5195,13.051,13.06225,13.00591,552496000
2020-10-05,13.236,13.64425,13.22275,13.6425,13.583656,479820000
2020-10-06,13.83,14.142,13.665,13.7365,13.677252,784420000
2020-10-07,13.99975,14.11925,13.8635,13.964,13.903769,418084000
2020-10-08,14.075,14.0845,13.758,13.83875,13.779064,378900000
2020-10-09,13.767,13.82425,13.66075,13.76275,13.703385,346892000
2020-10-12,13.9895,14.347,13.9125,14.226,14.164641,434744000
2020-10-13,14.2965,14.3485,14.01875,14.24825,14.186796,344604000
2020-10-14,14.2905,14.34275,13.96,14.09525,14.034454,276100000
2020-10-15,13.81075,14.00575,13.76775,13.97,13.909742,267224000
2020-10-16,14.03675,14.1215,13.7925,13.8115,13.751927,242392000
2020-10-19,13.903,13.9835,13.40675,13.49775,13.439531,298068000
2020-10-20,13.5835,13.79975,13.507,13.6455,13.586646,229212000
2020-10-21,13.625,13.7915,13.4775,13.52475,13.466415,219596000
2020-10-22,13.5225,13.61175,13.23175,13.361,13.303371,290480000
2020-10-23,13.45,13.59325,13.29125,13.59025,13.531631,233484000
2020-10-26,13.427,13.69275,13.0385,13.14125,13.084568,336896000
2020-10-27,13.306,13.442,13.1915,13.39675,13.338964,250520000
2020-10-28,13.198,13.26,12.609,12.627,12.572535,376520000
2020-10-29,12.8385,13.19275,12.75,13.024,12.967825,320080000
2020-10-30,12.85,12.9365,12.3,12.534,12.479938,416820000
2020-11-02,12.65775,12.83675,12.395,12.58075,12.526486,299652000
2020-11-03,12.7085,13.105,12.60275,13.0195,12.963346,272900000
2020-11-04,13.38925,13.8275,13.337,13.79425,13.734751,410228000
2020-11-05,14.1625,14.339,13.991,14.16,14.098924,319028000
2020-11-06,14.10975,14.58875,13.895,14.562,14.49919,383348000
2020-11-09,14.5525,14.6915,13.61075,13.63075,13.571958,582976000
2020-11-10,13.6065,13.6065,12.62825,12.77,12.71492,644068000
2020-11-11,13.05375,13.435,12.94825,13.418,13.360124,404744000
2020-11-12,13.479,13.766,13.316,13.45675,13.398707,365812000
2020-11-13,13.62725,13.66875,13.05925,13.297,13.239645,346312000
2020-11-16,13.1725,13.6495,13.156,13.51525,13.456956,413776000
2020-11-17,13.5525,13.59625,13.30375,13.42225,13.364356,312028000
2020-11-18,13.46525,13.60575,13.185,13.42875,13.370829,510924000
2020-11-19,13.21275,13.4875,13.1,13.44025,13.382279,565936000
2020-11-20,13.454,13.4945,13.065,13.08775,13.031302,341088000
2020-11-23,13.17125,13.3825,13.0155,13.14,13.083323,361356000
2020-11-24,13.1425,13.162,12.885,12.95775,12.90186,346500000
2020-11-25,13.0325,13.2695,13.02,13.23475,13.177666,259916000
2020-11-27,13.375,13.4075,13.1705,13.26125,13.204046,167276000
2020-11-30,13.265,13.4125,12.97225,13.4015,13.343695,286952000
2020-12-01,13.49225,13.52875,13.22825,13.39,13.332248,296948000
2020-12-02,13.3505,13.6735,13.23425,13.5445,13.48608,283360000
2020-12-03,13.5875,13.66,13.329,13.396,13.34216,199520000
2020-12-04,13.4485,13.56,13.38875,13.55825,13.503758,202244000
2020-12-07,13.60125,13.73125,13.5,13.60675,13.552063,223244000
2020-12-08,13.585,13.59875,13.2815,13.35,13.296346,271920000
2020-12-09,13.3005,13.414,12.86825,12.93075,12.87878,401300000
2020-12-10,12.869,13.06875,12.8495,12.97225,12.920113,207764000
2020-12-11,12.96725,13.02,12.823,13.01325,12.960949,209264000
2020-12-14,13.088,13.38875,13.0775,13.30875,13.255263,270156000
2020-12-15,13.43975,13.464,13.18675,13.3605,13.306803,193016000
2020-12-16,13.4225,13.43725,13.2125,13.2425,13.189277,223116000
2020-12-17,13.36675,13.3795,13.1785,13.34125,13.287633,231384000
2020-12-18,13.379,13.405,13.0705,13.272,13.218661,342064000
2020-12-21,13.07475,13.37,12.9675,13.33225,13.278666,302332000
2020-12-22,13.31925,13.33725,13.054,13.27825,13.224883,185580000
2020-12-23,13.256,13.275,13.005,13.00925,12.956963,179144000
2020-12-24,13.03725,13.1325,12.93875,12.99375,12.941527,97884000
2020-12-28,13.0625,13.0625,12.76325,12.9,12.848152,212564000
2020-12-29,12.925,13.0725,12.84225,12.94325,12.89123,170372000
2020-12-30,12.99025,13.21375,12.89675,13.14575,13.092917,225396000
2020-12-31,13.1365,13.151,12.915,13.055,13.002531,192424000
2021-01-04,13.10425,13.6525,12.9625,13.1135,13.060794,560640000
2021-01-05,13.09975,13.4435,13.087,13.40475,13.350876,322760000
2021-01-06,13.2225,13.245,12.586,12.6145,12.563803,580424000
2021-01-07,12.9675,13.37775,12.8865,13.344,13.290367,461480000
2021-01-08,13.3625,13.421,13.042,13.27675,13.223386,292528000
2021-01-11,13.41875,13.961,13.3625,13.6215,13.566754,518344000
2021-01-12,13.7525,13.7545,13.345,13.48475,13.430553,291476000
2021-01-13,13.49,13.625,13.385,13.53175,13.477365,210028000
2021-01-14,13.575,13.59975,13.1805,13.20025,13.147198,283120000
2021-01-15,13.228,13.32525,12.8485,12.8595,12.807817,277780000
2021-01-19,13.01625,13.094,12.844,13.02525,12.972901,226188000
2021-01-20,13.11175,13.4305,13.05675,13.36575,13.312031,258572000
2021-01-21,13.4185,13.99925,13.253,13.8675,13.811767,337780000
2021-01-22,13.74,13.84175,13.62725,13.7125,13.657391,246820000
2021-01-25,13.78175,13.8285,13.2365,13.65325,13.598376,251112000
2021-01-26,13.5805,13.64475,13.3875,13.43525,13.381252,163980000
2021-01-27,13.23,13.23275,12.79375,12.91775,12.865833,371272000
2021-01-28,12.99625,13.33975,12.9605,13.051,12.998548,228316000
2021-01-29,13.075,13.33475,12.9115,12.98975,12.937542,271552000
2021-02-01,13.05325,13.27075,12.90275,13.237,13.1838,217204000
2021-02-02,13.39875,13.572,13.2855,13.55675,13.502263,220440000
2021-02-03,13.636,13.93175,13.5165,13.5305,13.47612,245408000
2021-02-04,13.531,13.6735,13.33775,13.66425,13.60933,201340000
2021-02-05,13.725,13.73725,13.54575,13.591,13.536377,169152000
2021-02-08,13.72725,14.47375,13.72725,14.43875,14.380721,434624000
2021-02-09,14.34075,14.58325,14.2225,14.26325,14.205924,287560000
2021-02-10,14.46325,14.905,14.3415,14.76425,14.704912,485352000
2021-02-11,14.98025,15.27225,14.925,15.25075,15.189455,450828000
2021-02-12,15.05,15.29125,14.775,14.96125,14.901118,374756000
2021-02-16,15.06425,15.3725,14.95,15.33025,15.268635,321960000
2021-02-17,15.171,15.2235,14.78,14.906,14.84609,274756000
2021-02-18,14.729,14.87325,14.575,14.829,14.769401,233868000
2021-02-19,15.0245,15.177,14.84675,14.9265,14.86651,271724000
2021-02-22,14.77475,15.13325,14.325,14.35575,14.298054,325884000
2021-02-23,14.07525,14.23875,13.3895,14.142,14.085162,391780000
2021-02-24,14.12275,14.50675,13.756,14.499,14.440725,448320000
2021-02-25,14.0455,14.37475,13.21625,13.3075,13.254018,824436000
2021-02-26,13.7525,13.8545,13.361,13.7145,13.659382,500932000
2021-03-01,13.875,13.925,13.55325,13.84175,13.786119,353184000
2021-03-02,13.9,13.9205,13.396,13.40625,13.352367,264116000
2021-03-03,13.42625,13.4515,12.79875,12.80475,12.753286,377592000
2021-03-04,12.80075,12.975,12.08375,12.37025,12.320535,573344000
2021-03-05,12.55,12.55,11.67925,12.4615,12.411416,542840000
2021-03-08,12.45,12.47125,11.5665,11.59325,11.546656,543112000
2021-03-09,12.13025,12.61675,12.05925,12.52025,12.474234,521824000
2021-03-10,12.8405,12.98,12.4575,12.46825,12.422428,384376000
2021-03-11,12.95,13.04625,12.7345,12.9935,12.945745,299916000
2021-03-12,12.64825,12.88875,12.59,12.856,12.808751,243964000
2021-03-15,12.86475,13.20675,12.76725,13.19125,13.142768,221988000
2021-03-16,13.3565,13.5125,13.11675,13.29125,13.242401,272128000
2021-03-17,13.03975,13.45325,12.9895,13.34125,13.292219,243864000
2021-03-18,13.1365,13.184,12.717,12.7225,12.675739,293896000
2021-03-19,12.75,12.9215,12.6125,12.84575,12.798535,299208000
2021-03-22,12.91275,13.3945,12.90675,13.18625,13.137786,297804000
2021-03-23,13.25425,13.3445,13.02125,13.07075,13.022714,222048000
2021-03-24,13.15125,13.15925,12.63675,12.643,12.596533,245840000
2021-03-25,12.4995,12.71475,12.272,12.53525,12.489179,295144000
2021-03-26,12.5545,12.85625,12.3735,12.83925,12.792061,363968000
2021-03-29,12.82025,13.0625,12.7,12.94825,12.900662,273520000
2021-03-30,12.842,12.97525,12.705,12.87175,12.824444,200204000
2021-03-31,13.0155,13.4705,12.9825,13.34825,13.299191,314776000
2021-04-01,13.57225,13.87,13.51125,13.81175,13.760989,308276000
2021-04-05,13.8675,14.014,13.733,13.9875,13.936092,255672000
2021-04-06,13.99975,14.05425,13.7735,13.8615,13.810554,191744000
2021-04-07,13.88075,14.2435,13.7115,14.1435,14.091519,251284000
2021-04-08,14.25275,14.4715,14.249,14.317,14.26438,244416000
2021-04-09,14.214,14.408,14.175,14.4,14.347076,195172000
2021-04-12,14.28975,15.3525,14.13925,15.209,15.153101,869324000
2021-04-13,15.2315,15.7,15.12575,15.6795,15.621872,676212000
2021-04-14,15.625,15.7205,15.2275,15.277,15.220851,385500000
2021-04-15,15.6625,16.214251,15.6315,16.137251,16.077942,598480000
2021-04-16,16.052999,16.165751,15.86525,15.9125,15.854019,335208000
2021-04-19,15.5365,15.8075,15.233,15.36175,15.305291,404420000
2021-04-20,15.32325,15.497,14.963,15.17125,15.115491,334132000
2021-04-21,15.11875,15.3625,15.10225,15.3605,15.304047,216776000
2021-04-22,15.375,15.4385,14.7835,14.85025,14.795671,277788000
2021-04-23,14.93425,15.335,14.90025,15.26525,15.209146,227500000
2021-04-26,15.185,15.479,15.125,15.478,15.421113,197796000
2021-04-27,15.5785,15.6705,15.3545,15.38175,15.325218,164572000
2021-04-28,15.3645,15.53225,15.2155,15.27675,15.220601,209416000
2021-04-29,15.4,15.4365,15.0715,15.32475,15.268423,173196000
2021-04-30,15.1745,15.365,14.997,15.0095,14.954335,201912000
2021-05-03,15.125,15.24675,14.7875,14.83675,14.782221,203912000
2021-05-04,14.63725,14.6375,14.01025,14.35125,14.298504,405324000
2021-05-05,14.709,14.8135,14.3875,14.4585,14.40536,292024000
2021-05-06,14.49525,14.57125,14.218,14.523,14.469624,193380000
2021-05-07,14.80825,14.97075,14.67175,14.81225,14.757811,229328000
2021-05-10,14.78725,14.806,14.25,14.26575,14.213321,268904000
2021-05-11,13.825,14.35475,13.75,14.30625,14.253669,285584000
2021-05-12,14.0095,14.26025,13.70925,13.7585,13.707935,303408000
2021-05-13,14.03375,14.08075,13.459,13.66525,13.615027,285404000
2021-05-14,13.89,14.328,13.7485,14.243,14.190652,258616000
2021-05-17,14.157,14.16925,13.8535,14.1655,14.113439,216980000
2021-05-18,14.267,14.40425,14.004,14.01575,13.964238,186256000
2021-05-19,13.5665,14.0795,13.54325,14.06575,14.014052,344000000
2021-05-20,14.3025,14.68375,14.2705,14.6125,14.558793,321592000
2021-05-21,15.16375,15.222,14.8695,14.99175,14.936651,672992000
2021-05-24,15.2125,15.745,15.176,15.612,15.554621,554816000
2021-05-25,15.766,15.8185,15.4825,15.64775,15.59024,435408000
2021-05-26,15.73425,15.79375,15.58625,15.7,15.642296,370440000
2021-05-27,15.69975,15.75,15.46,15.488,15.431077,581476000
2021-05-28,15.501,16.2775,15.501,16.244499,16.184799,644536000
2021-06-01,16.27,16.38825,15.90325,16.2645,16.204721,472804000
2021-06-02,16.252251,16.918751,16.2355,16.77825,16.716583,594168000
2021-06-03,16.70075,17.259001,16.583,16.969749,16.907381,580008000
2021-06-04,17.112499,17.660999,17.095501,17.578251,17.513643,617120000
2021-06-07,17.571251,17.8125,17.192751,17.618999,17.554245,575756000
2021-06-08,17.52725,17.6215,17.250999,17.457001,17.392843,323848000
2021-06-09,17.515751,17.575001,17.255751,17.35825,17.298416,381656000
2021-06-10,17.35,17.492001,17.176001,17.424999,17.364939,287772000
2021-06-11,17.4795,17.939251,17.44375,17.825251,17.763807,416308000
2021-06-14,17.906,18.039499,17.66275,18.018749,17.956633,321376000
2021-06-15,17.915001,18.016251,17.728001,17.7885,17.727182,243032000
2021-06-16,17.790751,17.95475,17.584499,17.810249,17.748854,307124000
2021-06-17,17.7745,18.834999,17.75625,18.657249,18.592937,809656000
2021-06-18,18.784,19.375,18.584,18.63875,18.574505,968856000
2021-06-21,18.435249,18.536501,17.82275,18.42725,18.363731,672384000
2021-06-22,18.4715,18.963751,18.386,18.886749,18.821648,580144000
2021-06-23,19.00775,19.15275,18.907749,19.057249,18.991562,332356000
2021-06-24,19.227751,19.42,19.088249,19.2055,19.139299,320924000
2021-06-25,19.2805,19.345501,18.894501,19.031,18.965401,278364000
2021-06-28,19.36125,20.078751,19.319,19.985001,19.916113,495436000
2021-06-29,19.8825,20.098749,19.657,20.026751,19.957722,367632000
2021-06-30,19.99925,20.1625,19.86375,20.002501,19.933552,326568000
2021-07-01,20.125,20.455999,20.018999,20.212,20.142326,480136000
2021-07-02,20.44025,20.505251,20.28775,20.487,20.416382,342764000
2021-07-06,20.737499,20.841999,20.35025,20.6985,20.627155,446708000
2021-07-07,20.8535,20.875,20.332001,20.37175,20.301527,418428000
2021-07-08,19.856501,20.132999,19.70075,19.90275,19.834146,503300000
2021-07-09,19.9625,20.08025,19.75425,20.050249,19.981136,296624000
2021-07-12,20.24,20.532749,20.18775,20.512501,20.441795,321984000
2021-07-13,20.400499,20.46125,20.114,20.25,20.180197,290708000
2021-07-14,20.35775,20.417749,19.75275,19.841499,19.773108,380100000
2021-07-15,19.81175,19.847,18.8585,18.966249,18.900877,550564000
2021-07-16,19.0305,19.157,18.073,18.160999,18.098398,688224000
2021-07-19,17.915251,19.042,17.865499,18.779751,18.715017,749060000
2021-07-20,18.73,18.837999,18.164,18.612,18.547848,434687000
2021-07-21,18.882,19.527,18.742001,19.41,19.343092,371017000
2021-07-22,19.642,19.886999,19.275999,19.594,19.526461,323826000
2021-07-23,19.656,19.700001,19.25,19.558001,19.490582,195672000
2021-07-26,19.311001,19.441999,18.914,19.294001,19.227495,203943000
2021-07-27,19.264999,19.622,18.740999,19.208,19.141788,248863000
2021-07-28,19.319,19.646,18.995001,19.503,19.435776,202191000
2021-07-29,19.518999,19.853001,19.327999,19.662001,19.594229,190781000
2021-07-30,19.417999,19.629999,19.263,19.499001,19.431789,183497000
2021-08-02,19.700001,19.961,19.361,19.75,19.681923,217444000
2021-08-03,19.74,20.222,19.219999,19.815001,19.746696,301811000
2021-08-04,19.99,20.318001,19.827999,20.274,20.204121,231309000
2021-08-05,20.5,20.733,20.341999,20.636999,20.565865,211435000
2021-08-06,20.524,20.57,20.209999,20.365999,20.295799,178497000
2021-08-09,20.445999,20.507999,20.143,20.295,20.225042,146443000
2021-08-10,20.322001,20.43,19.834999,19.936001,19.867281,179238000
2021-08-11,20.042999,20.049,19.43,19.698999,19.6311,185925000
2021-08-12,19.870001,20.028999,19.620001,19.905001,19.83639,151652000
2021-08-13,19.905001,20.214001,19.851,20.188,20.118406,183063000
2021-08-16,20.135,20.287001,19.452999,19.950001,19.881229,210876000
2021-08-17,19.684999,19.77,19.267,19.458,19.390928,204585000
2021-08-18,19.5,19.634001,19,19.040001,18.974371,285913000
2021-08-19,19.493999,20.495001,18.761999,19.798,19.729755,766555000
2021-08-20,19.990999,20.865,19.933001,20.816,20.744247,675741000
2021-08-23,20.971001,21.997,20.950001,21.958,21.882311,575807000
2021-08-24,21.753,21.959,21.535,21.792999,21.717882,297299000
2021-08-25,21.737,22.469999,21.722,22.212999,22.136435,347701000
2021-08-26,22.200001,22.34,21.790001,22.068001,21.991934,237940000
2021-08-27,22.184,22.722,22.167,22.636,22.557976,304722000
2021-08-30,22.83,23.042999,22.551001,22.688,22.609791,262580000
2021-08-31,22.695,22.695,22.120001,22.385,22.311771,259850000
2021-09-01,22.485001,22.697001,22.357,22.441,22.367594,201767000
2021-09-02,22.518,22.593,22.295,22.396,22.322741,187834000
2021-09-03,22.325001,22.986,22.200001,22.843,22.76828,280532000
2021-09-07,22.833,22.899,22.521999,22.662001,22.587868,198107000
2021-09-08,22.513,22.610001,21.976999,22.339001,22.265923,254434000
2021-09-09,22.312,22.538,22.131001,22.177,22.104456,196856000
2021-09-10,22.348,22.625999,22.27,22.478001,22.40447,248376000
2021-09-13,22.684,22.964001,21.858,22.152,22.079536,297500000
2021-09-14,22.275,22.41,22.086,22.242001,22.169245,199755000
2021-09-15,22.309,22.367001,21.966,22.341,22.267916,166538000
2021-09-16,22.183001,22.277,21.927,22.242001,22.169245,156033000
2021-09-17,22.299999,22.320999,21.83,21.9,21.828362,294503000
2021-09-20,21.146,21.433001,20.662001,21.113001,21.043938,349440000
2021-09-21,21.417,21.424999,20.950001,21.246,21.176498,204688000
2021-09-22,21.365999,21.959999,21.195999,21.941,21.869228,268726000
2021-09-23,22.139999,22.535,21.889999,22.482,22.408459,248555000
2021-09-24,22.07,22.149,21.861,22.080999,22.008766,217655000
2021-09-27,21.709999,21.799,21.325001,21.66,21.589148,245215000
2021-09-28,21.214001,21.419001,20.650999,20.698999,20.631289,343069000
2021-09-29,20.940001,21.017,20.466999,20.517,20.449886,218394000
2021-09-30,20.768,21.066,20.688,20.716,20.648233,221009000
2021-10-01,20.75,20.858999,20.202999,20.742001,20.674147,240978000
2021-10-04,20.504,20.542,19.555,19.732,19.667452,345635000
2021-10-05,19.950001,20.648001,19.854,20.451,20.384096,279282000
2021-10-06,20.120001,20.719999,20.08,20.700001,20.632282,297202000
2021-10-07,21.091999,21.322001,20.972,21.075001,21.00606,256919000
2021-10-08,21.101,21.205999,20.775,20.830999,20.762854,151258000
2021-10-11,20.575001,21.063,20.511,20.695,20.6273,163388000
2021-10-12,20.827999,21.056999,20.528,20.671,20.60338,162134000
2021-10-13,20.917999,20.99,20.712999,20.938999,20.870502,180652000
2021-10-14,21.288,21.754999,21.122,21.746,21.674868,243589000
2021-10-15,21.809999,21.931,21.662001,21.862,21.790485,226994000
2021-10-18,21.749001,22.291,21.643999,22.222,22.149307,189494000
2021-10-19,22.275999,22.379,22.037001,22.290001,22.217085,161473000
2021-10-20,22.305,22.433001,21.982,22.103001,22.030699,146276000
2021-10-21,22.097,22.711,22.083,22.691999,22.617767,187590000
2021-10-22,22.823,23.129999,22.561001,22.726,22.651657,249384000
2021-10-25,22.973,23.355,22.77,23.166,23.090218,230235000
2021-10-26,23.989,25.259001,23.924,24.716999,24.636143,485898000
2021-10-27,24.474001,25.09,24.282,24.451,24.371016,245990000
2021-10-28,24.878,24.950001,24.523001,24.941,24.859409,234204000
2021-10-29,25.000999,25.709,25,25.566999,25.483364,292503000
2021-11-01,25.649,25.893999,25.226999,25.827,25.742517,265740000
2021-11-02,25.822001,26.677999,25.799999,26.400999,26.314634,294112000
2021-11-03,26.67,26.784,26.235001,26.598,26.510994,239910000
2021-11-04,27.229,31.365,27.118,29.801001,29.703514,1153631000
2021-11-05,30.187,31.4,29.41,29.752001,29.654676,851260000
2021-11-08,30.149,31.1,29.907,30.804001,30.703236,503101000
2021-11-09,32.282001,32.310001,29.964001,30.657,30.556713,646746000
2021-11-10,29.356001,30.85,28.778,29.459,29.362637,636206000
2021-11-11,30.468,30.59,29.777,30.389999,30.290586,332172000
2021-11-12,30.01,30.68,29.629999,30.389999,30.290586,413054000
2021-11-15,30.552,30.643999,29.247,30.025,29.926783,384909000
2021-11-16,29.759001,30.389999,29.705999,30.202999,30.104197,264484000
2021-11-17,30.417999,30.509001,28.799999,29.261,29.165277,428508000
2021-11-18,32.367001,32.759998,31.320999,31.674999,31.571384,781711000
2021-11-19,32.243,33.088001,31.905001,32.985001,32.877106,533867000
2021-11-22,33.516998,34.646999,31.9,31.955999,31.851463,754335000
2021-11-23,31.535,32.360001,30.879999,31.746,31.642151,532163000
2021-11-24,31.461,32.855,30.927999,32.674,32.567108,435162000
2021-11-26,32.599998,32.709999,31.35,31.503,31.399946,283069000
2021-11-29,32.366001,33.411999,32.035999,33.375999,33.266827,454964000
2021-11-30,33.168999,33.353001,31.864,32.675999,32.569103,622066000
2021-12-01,33.219002,33.289001,31.379999,31.434999,31.336006,484368000
2021-12-02,31.214001,32.478001,31.025,32.125999,32.024826,472890000
2021-12-03,32,32.129002,30.129999,30.693001,30.596344,544325000
2021-12-06,29.879999,30.240999,28.038,30.037001,29.942406,658938000
2021-12-07,30.957001,32.449001,30.650999,32.426998,32.324879,593053000
2021-12-08,31.999001,32.290001,31.421,31.826,31.725775,475551000
2021-12-09,31.733999,32.205002,30.427999,30.49,30.393982,488507000
2021-12-10,31.15,31.305,29.861,30.198,30.102905,488825000
2021-12-13,30.249001,30.294001,28.115999,28.160999,28.072313,598344000
2021-12-14,27.698999,28.677999,27.25,28.337,28.247761,667035000
2021-12-15,28.4,30.5,27.837999,30.459,30.363077,698297000
2021-12-16,31.152,31.16,28.093,28.386999,28.297607,707366000
2021-12-17,27.985001,28.922001,27.76,27.801001,27.713448,713758000
2021-12-20,27.305,28.143999,27.145,27.719,27.631706,461847000
2021-12-21,28.374001,29.120001,27.400999,29.075001,28.983437,524385000
2021-12-22,28.891001,29.555,28.448999,29.4,29.307411,395184000
2021-12-23,29.754999,30.059,29.431,29.639999,29.546656,343022000
2021-12-27,29.66,31.087,29.639999,30.945,30.847546,403686000
2021-12-28,31.312,31.33,30.011999,30.322001,30.226505,420591000
2021-12-29,30.273001,30.548,29.365999,30.000999,29.906517,343139000
2021-12-30,29.827,30.457001,29.540001,29.586,29.49283,308864000
2021-12-31,29.674,30.030001,29.330999,29.410999,29.318377,266530000
2022-01-03,29.815001,30.711,29.785,30.121,30.026144,391547000
2022-01-04,30.277,30.468,28.349001,29.290001,29.197758,527154000
2022-01-05,28.948999,29.416,27.533001,27.604,27.517069,498064000
2022-01-06,27.639999,28.438,27.065001,28.177999,28.089262,454186000
2022-01-07,28.141001,28.422001,27.056999,27.247,27.16119,409939000
2022-01-10,26.580999,27.469,25.643999,27.4,27.313715,594681000
2022-01-11,27.323,28.065001,26.839001,27.816999,27.729399,404089000
2022-01-12,28.066999,28.594999,27.608,27.999001,27.910826,383413000
2022-01-13,28.379,28.48,26.497999,26.575001,26.491312,540171000
2022-01-14,26.299999,27.197001,26.209999,26.941999,26.857151,395832000
2022-01-18,26.26,26.638,25.77,25.903,25.821426,424270000
2022-01-19,26.079,26.542999,25.052,25.066999,24.988058,488315000
2022-01-20,25.304001,25.579,24.077999,24.15,24.073946,435181000
2022-01-21,23.507,24.823,23.263,23.374001,23.300392,718958000
2022-01-24,22.33,23.379999,20.888,23.372,23.298399,913982000
2022-01-25,22.546,22.943001,22,22.323999,22.253698,664616000
2022-01-26,23.24,24.056999,22.299999,22.771999,22.700287,755959000
2022-01-27,23.568001,23.995001,21.674999,21.944,21.874897,573353000
2022-01-28,22.011999,22.858,21.296,22.84,22.768076,543774000
2022-01-31,23.181999,24.509001,23.052,24.486,24.408886,564680000
2022-02-01,25.104,25.145,23.889999,24.638,24.56041,518925000
2022-02-02,25.794001,25.816999,24.552999,25.242001,25.162514,543419000
2022-02-03,24.458,25.077,23.780001,23.948,23.872578,410178000
2022-02-04,23.972,24.635,23.632,24.319,24.242416,354829000
2022-02-07,24.372,25.181999,24.202,24.728001,24.650129,376868000
2022-02-08,24.358999,25.23,23.98,25.108,25.028927,410359000
2022-02-09,25.622,26.725,25.353001,26.705,26.620903,524282000
2022-02-10,25.995001,26.924999,25.6,25.823999,25.742676,513200000
2022-02-11,25.916,26.152,23.773001,23.948999,23.873577,605472000
2022-02-14,23.934,24.875,23.754999,24.267,24.190582,440424000
2022-02-15,24.948999,26.545,24.784,26.495001,26.411564,699869000
2022-02-16,26.259001,26.582001,25.552,26.511,26.427511,732676000
2022-02-17,25.629999,25.785,24.165001,24.507,24.429823,810595000
2022-02-18,24.667999,24.986,23.1,23.642,23.567547,761255000
2022-02-22,23.035,24.063999,23,23.389999,23.316339,633422000
2022-02-23,23.802,24.155001,22.301001,22.386999,22.316498,566511000
2022-02-24,21.014999,23.799999,20.889999,23.747999,23.67321,735801000
2022-02-25,23.721001,24.216999,23.381001,24.157,24.080929,528866000
2022-02-28,23.992001,24.665001,23.707001,24.385,24.308207,477319000
2022-03-01,24.291,24.377001,23.132,23.476999,23.403063,412056000
2022-03-02,23.756001,24.409,23.415001,24.219999,24.147839,389642000
2022-03-03,24.261999,24.326,23.469,23.714001,23.643347,365095000
2022-03-04,23.384001,23.68,22.482,22.936001,22.867666,431415000
2022-03-07,22.816999,23.033001,21.33,21.351999,21.288385,450821000
2022-03-08,21.309,22.372999,20.65,21.514,21.4499,557467000
2022-03-09,22.386999,23.219999,22.247,23.014,22.945433,492742000
2022-03-10,22.531,22.788,21.882,22.658001,22.590496,428066000
2022-03-11,23.021999,23.145,22.046,22.1,22.034159,367209000
2022-03-14,21.868999,22.261999,21.159,21.33,21.266453,385354000
2022-03-15,21.518,23.038,21.322001,22.973,22.904554,491996000
2022-03-16,23.5,24.597,23.172001,24.496,24.423016,671422000
2022-03-17,24.120001,24.841999,23.906,24.766001,24.692209,471941000
2022-03-18,24.799,26.569,24.624001,26.452999,26.374187,730719000
2022-03-21,26.507,27.152,25.966999,26.733999,26.65435,591727000
2022-03-22,26.726999,27.238001,26.072001,26.524,26.444973,547007000
2022-03-23,26.125999,26.612,25.575001,25.634001,25.557629,502120000
2022-03-24,26.166,28.32,25.907,28.15,28.06613,877379000
2022-03-25,27.886,28.358,27.271,27.691999,27.609495,579016000
2022-03-28,27.756001,28.25,27.205999,28.219,28.134928,425494000
2022-03-29,28.695,28.945999,27.98,28.656,28.570623,488984000
2022-03-30,28.304001,28.496,27.503,27.690001,27.607502,463487000
2022-03-31,27.782,28.247999,27.27,27.285999,27.204706,523440000
2022-04-01,27.375,27.496,26.267,26.712,26.632416,517235000
2022-04-04,26.728001,27.558001,26.613001,27.360001,27.278486,397120000
2022-04-05,27.254,27.319,25.82,25.931,25.853741,436615000
2022-04-06,24.934,25.299999,24.003,24.407,24.334282,703833000
2022-04-07,24.441,24.722,23.478001,24.208,24.135874,557992000
2022-04-08,23.917,23.923,23.062,23.118999,23.050117,524781000
2022-04-11,22.214001,22.32,21.66,21.917,21.851698,575207000
2022-04-12,22.537001,22.725,21.282,21.504,21.439932,662258000
2022-04-13,21.728001,22.5,21.455,22.202999,22.136852,516943000
2022-04-14,22.504999,22.777,21.163,21.257999,21.194662,569097000
2022-04-18,21.200001,22.087999,21.079,21.783001,21.718102,525701000
2022-04-19,21.719999,22.372999,21.313999,22.198,22.131863,512781000
2022-04-20,22.517,22.67,21.200001,21.482,21.417997,468974000
2022-04-21,21.709,22.392,20,20.183001,20.122864,656209000
2022-04-22,20.302999,20.486,19.5,19.514999,19.456856,624713000
2022-04-25,19.202,19.945,19.096001,19.902,19.842707,641566000
2022-04-26,19.718,19.788,18.67,18.788,18.732021,653143000
2022-04-27,18.598,19.167,18.290001,18.415001,18.360134,499460000
2022-04-28,18.966999,20.037001,18.49,19.782,19.723061,570327000
2022-04-29,19.402,20.128,18.517,18.547001,18.491745,500435000
2022-05-02,18.541,19.573999,18.391001,19.533001,19.474802,572049000
2022-05-03,19.4,19.825001,19.132999,19.601999,19.543596,475751000
2022-05-04,19.923,20.4,18.750999,20.334,20.273422,648855000
2022-05-05,19.867001,19.924999,18.5,18.844,18.787855,626331000
2022-05-06,18.736,19.511999,17.99,18.674999,18.61936,633297000
2022-05-09,18.034,18.254999,16.827,16.950001,16.899502,644455000
2022-05-10,17.688999,18.198,17.025,17.594999,17.54258,761474000
2022-05-11,17.347,17.753,16.568001,16.629999,16.580448,670167000
2022-05-12,16.219,16.788,15.567,16.174999,16.126804,708728000
2022-05-13,16.788,17.927999,16.593,17.705999,17.653246,670437000
2022-05-16,17.509001,17.788,17.106001,17.264,17.212566,521446000
2022-05-17,18.073999,18.371,17.634001,18.177,18.122847,585830000
2022-05-18,17.705,18.118,16.864,16.938,16.887535,545161000
2022-05-19,16.937,17.687,16.733999,17.124001,17.072983,621310000
2022-05-20,17.332001,17.41,15.755,16.694,16.644264,739105000
2022-05-23,16.274,16.915001,16.179001,16.898001,16.847654,639889000
2022-05-24,16.51,16.597,15.78,16.153999,16.105871,588550000
2022-05-25,16.02,17.111,16,16.975,16.924427,781132000
2022-05-26,16.035999,18.091999,16.021999,17.851,17.797815,996575000
2022-05-27,18.186001,18.881001,18.1,18.811001,18.754955,738379000
2022-05-31,18.98,19.200001,18.35,18.672001,18.616371,664100000
2022-06-01,18.724001,19.052999,18.122,18.32,18.265419,544514000
2022-06-02,18.292,19.618999,18.198,19.591999,19.533627,648656000
2022-06-03,19.082001,19.332001,18.521999,18.719999,18.664225,598779000
2022-06-06,19.139,19.337,18.563999,18.785999,18.730032,422406000
2022-06-07,18.472,19,18.188,18.926001,18.869616,388914000
2022-06-08,18.799,19.18,18.535,18.648001,18.596369,363252000
2022-06-09,18.481001,18.933001,18.041,18.048,17.998035,395574000
2022-06-10,17.6,17.697001,16.868999,16.974001,16.92701,465248000
2022-06-13,16,16.312,15.606,15.647,15.60368,604153000
2022-06-14,15.731,16.066,15.412,15.836,15.792157,469680000
2022-06-15,16.094999,16.868,15.926,16.527,16.481247,563936000
2022-06-16,15.86,15.942,15.401,15.601,15.557809,545749000
2022-06-17,15.648,15.995,15.328,15.88,15.836036,630334000
2022-06-21,16.475,17.007999,16.407,16.566,16.520138,483089000
2022-06-22,16.226,16.662001,16.18,16.360001,16.314707,437135000
2022-06-23,16.518999,16.584999,15.853,16.225,16.18008,463680000
2022-06-24,16.5,17.139999,16.309999,17.125999,17.078583,472153000
2022-06-27,17.312,17.33,16.625999,16.868999,16.822292,427968000
2022-06-28,16.9,17.202,15.945,15.982,15.937754,461149000
2022-06-29,15.814,15.82,15.17,15.542,15.49897,482352000
2022-06-30,15.361,15.567,14.862,15.159,15.117032,686070000
2022-07-01,14.899,15.063,14.392,14.523,14.482791,577610000
2022-07-05,14.175,14.971,14.055,14.964,14.922572,651397000
2022-07-06,15.01,15.319,14.789,15.13,15.088113,529066000
2022-07-07,15.456,15.945,15.389,15.858,15.814097,492903000
2022-07-08,15.43,16.037001,15.389,15.838,15.794152,467972000
2022-07-11,15.526,15.527,15.038,15.152,15.110049,437321000
2022-07-12,15.268,15.431,14.877,15.082,15.040246,458483000
2022-07-13,14.59,15.375,14.465,15.164,15.122019,521918000
2022-07-14,15.108,15.473,14.728,15.372,15.329444,456235000
2022-07-15,15.659,15.782,15.445,15.762,15.718361,385935000
2022-07-18,16.302,16.896999,16.002001,16.101,16.056421,670517000
2022-07-19,16.486,17.110001,16.172001,16.992001,16.944956,702366000
2022-07-20,16.947001,17.933001,16.801001,17.806999,17.757696,760538000
2022-07-21,17.885,18.143999,17.545,18.049999,18.000027,557049000
2022-07-22,17.893,17.966999,17.136999,17.319,17.271053,536671000
2022-07-25,17.018999,17.124001,16.649,17.024,16.976866,480748000
2022-07-26,16.889,16.919001,16.478001,16.533001,16.487226,397865000
2022-07-27,17.032,17.936001,16.913,17.790001,17.740746,569776000
2022-07-28,17.975,18.139999,17.440001,17.983999,17.934206,474646000
2022-07-29,17.813,18.243999,17.691999,18.163,18.112713,435460000
2022-08-01,18.181999,18.846001,17.99,18.441,18.389948,476469000
2022-08-02,18.122,18.938,18.091999,18.525999,18.474709,489527000
2022-08-03,18.184,18.968,18.136999,18.893,18.840694,418146000
2022-08-04,18.849001,19.274,18.76,19.215,19.161798,409652000
2022-08-05,18.809999,19.229,18.666,18.989,18.93643,386068000
2022-08-08,17.502001,18.239,17.242001,17.792999,17.743736,981859000
2022-08-09,17.252001,17.447001,16.724001,17.086,17.038696,668263000
2022-08-10,17.698,18.118,17.316999,18.097,18.046892,597422000
2022-08-11,18.131001,18.707001,17.875999,17.941999,17.892324,509327000
2022-08-12,18.16,18.718,17.952999,18.709,18.657202,478094000
2022-08-15,18.701,19.164,18.613001,19.032,18.979307,457666000
2022-08-16,18.92,19.142,18.500999,18.879,18.826736,451240000
2022-08-17,18.523001,18.688,18.145,18.334999,18.284237,446799000
2022-08-18,18.301001,18.865,18.183001,18.773001,18.721025,415447000
2022-08-19,18.406,18.52,17.77,17.849001,17.799583,441588000
2022-08-22,17.49,17.558001,16.966,17.034,16.986841,409593000
2022-08-23,16.989,17.465,16.969999,17.181,17.13343,369986000
2022-08-24,17.011999,17.406,16.895,17.222,17.174318,522661000
2022-08-25,16.844,17.947001,16.833,17.913,17.863407,770691000
2022-08-26,17.857,17.924,16.237,16.26,16.214987,769127000
2022-08-29,16.02,16.337999,15.767,15.801,15.757255,496132000
2022-08-30,15.96,16.039,15.182,15.468,15.425175,530181000
2022-08-31,15.384,15.54,14.959,15.094,15.052212,573710000
2022-09-01,14.209,14.38,13.27,13.937,13.898415,1178865000
2022-09-02,14.1,14.171,13.591,13.647,13.609216,743157000
2022-09-06,13.731,13.779,13.351,13.465,13.42772,535751000
2022-09-07,13.563,13.838,13.346,13.714,13.680097,512657000
2022-09-08,13.459,14.008,13.369,13.99,13.955414,624873000
2022-09-09,14.157,14.474,14.126,14.387,14.351431,486612000
2022-09-12,14.369,14.547,14.198,14.505,14.469141,484159000
2022-09-13,13.802,13.922,13.099,13.131,13.098535,714956000
2022-09-14,13.254,13.29,12.913,13.128,13.095547,588507000
2022-09-15,13.015,13.233,12.79,12.929,12.897036,523625000
2022-09-16,12.742,13.212,12.617,13.198,13.165372,670751000
2022-09-19,13.012,13.463,13.01,13.382,13.348916,569685000
2022-09-20,13.215,13.483,13.057,13.176,13.143426,524818000
2022-09-21,13.213,14.031,13.11,13.261,13.228214,807679000
2022-09-22,13.07,13.149,12.428,12.561,12.529947,759162000
2022-09-23,12.42,12.611,12.257,12.516,12.485057,663309000
2022-09-26,12.491,12.659,12.214,12.228,12.19777,547343000
2022-09-27,12.507,12.736,12.258,12.413,12.382311,553854000
2022-09-28,12.41,12.823,12.354,12.736,12.704514,542414000
2022-09-29,12.448,12.5,11.946,12.22,12.189788,532763000
2022-09-30,12.087,12.633,12.075,12.139,12.10899,565638000
2022-10-03,12.347,12.678,12.105,12.512,12.481069,547478000
2022-10-04,12.879,13.22,12.879,13.167,13.134448,584182000
2022-10-05,12.911,13.321,12.621,13.209,13.176345,507131000
2022-10-06,13.22,13.656,13.103,13.13,13.097542,644157000
2022-10-07,12.505,12.67,12.022,12.076,12.046145,672478000
2022-10-10,12.037,12.124,11.408,11.67,11.641149,698699000
2022-10-11,11.561,11.846,11.283,11.586,11.557358,667482000
2022-10-12,11.579,11.735,11.345,11.5,11.47157,492590000
2022-10-13,10.971,12.078,10.813,11.96,11.93043,850103000
2022-10-14,12.057,12.111,11.204,11.227,11.199244,713432000
2022-10-17,11.518,11.948,11.517,11.888,11.858608,580774000
2022-10-18,12.344,12.492,11.618,11.967,11.937417,659362000
2022-10-19,11.879,12.35,11.834,12.051,12.021206,523131000
2022-10-20,12.113,12.769,12.105,12.194,12.163853,652398000
2022-10-21,12.098,12.498,11.887,12.466,12.435182,609494000
2022-10-24,12.508,12.71,12.064,12.599,12.567853,517457000
2022-10-25,12.694,13.3,12.664,13.261,13.228214,505482000
2022-10-26,12.869,13.388,12.708,12.896,12.864119,532953000
2022-10-27,13.63,13.838,13.122,13.176,13.143426,583113000
2022-10-28,13.104,13.85,13.061,13.834,13.799799,521040000
2022-10-31,13.778,13.838,13.297,13.497,13.463633,486341000
2022-11-01,13.811,13.925,13.519,13.543,13.509518,432817000
2022-11-02,13.85,14.21,13.211,13.219,13.186319,672628000
2022-11-03,13.043,13.781,12.956,13.421,13.38782,500065000
2022-11-04,13.986,14.229,13.697,14.156,14.121001,612576000
2022-11-07,14.228,14.412,13.954,14.301,14.265644,410061000
2022-11-08,14.801,14.891,14.216,14.602,14.565901,595292000
2022-11-09,14.162,14.211,13.759,13.776,13.741943,454414000
2022-11-10,14.8,15.773,14.547,15.75,15.711061,700819000
2022-11-11,15.807,16.389,15.482,16.327,16.286633,655487000
2022-11-14,16.218,16.540001,15.922,16.295,16.254717,527852000
2022-11-15,16.722,16.997999,16.382,16.666,16.624798,545876000
2022-11-16,16.162001,16.362,15.873,15.91,15.870667,649547000
2022-11-17,15.715,16.266001,15.535,15.677,15.638243,710894000
2022-11-18,15.966,16.002001,15.12,15.409,15.370905,492072000
2022-11-21,15.147,15.477,15.08,15.317,15.279133,404739000
2022-11-22,15.328,16.058001,15.122,16.038,15.99835,472866000
2022-11-23,16.098,16.527,16.048,16.518999,16.478163,427241000
2022-11-25,16.318001,16.487,16.172001,16.27,16.229774,167934000
2022-11-28,16.025999,16.357,15.725,15.827,15.78787,303741000
2022-11-29,15.827,15.932,15.52,15.639,15.600335,298384000
2022-11-30,15.697,16.93,15.597,16.923,16.885483,565298000
2022-12-01,16.999001,17.264999,16.635,17.135,17.097006,470977000
2022-12-02,16.659,16.933001,16.445,16.875999,16.838587,371389000
2022-12-05,16.679001,16.995001,16.472,16.610001,16.573174,352255000
2022-12-06,16.530001,16.573,15.819,15.987,15.951557,352694000
2022-12-07,15.772,16.186001,15.667,16.120001,16.084257,372388000
2022-12-08,16.273001,17.179001,15.959,17.169001,17.130938,515456000
2022-12-09,17.16,17.583,16.975,17.000999,16.963308,465338000
2022-12-12,17.037001,17.538,16.797001,17.535,17.496124,457328000
2022-12-13,18.531,18.790001,17.711,18.072001,18.031935,656589000
2022-12-14,17.987,18.252001,17.42,17.674,17.634813,496888000
2022-12-15,17.146,17.32,16.700001,16.952,16.914415,478542000
2022-12-16,16.864,17.041,16.41,16.570999,16.53426,478232000
2022-12-19,16.572001,16.608999,16.145,16.254,16.217962,354039000
2022-12-20,16.063999,16.309999,15.852,16.084999,16.049339,403260000
2022-12-21,16.114,16.627001,16.101999,16.500999,16.464417,325025000
2022-12-22,16.094,16.138,14.882,15.339,15.304992,565045000
2022-12-23,15.196,15.339,14.883,15.206,15.172289,349326000
2022-12-27,15.074,15.1,14.056,14.121,14.089693,464902000
2022-12-28,13.927,14.262,13.884,14.036,14.004883,351066000
2022-12-29,14.402,14.683,14.227,14.603,14.570625,354923000
2022-12-30,14.334,14.629,14.233,14.614,14.5816,310490000
2023-01-03,14.851,14.996,14.096,14.315,14.283263,401277000
2023-01-04,14.567,14.853,14.241,14.749,14.716301,431324000
2023-01-05,14.491,14.564,14.148,14.265,14.233375,389168000
2023-01-06,14.474,15.01,14.034,14.859,14.826056,405044000
2023-01-09,15.284,16.056,15.141,15.628,15.593351,504231000
2023-01-10,15.507,15.962,15.472,15.909,15.87373,384101000
2023-01-11,15.84,16.028,15.563,16.000999,15.965525,353285000
2023-01-12,16.1,16.636999,15.492,16.511,16.474392,551409000
2023-01-13,16.278,16.922001,16.165001,16.899,16.861534,447287000
2023-01-17,16.899,17.728001,16.899,17.702,17.662756,511102000
2023-01-18,17.667,17.872999,17.282,17.377001,17.33847,439624000
2023-01-19,17.035999,17.197001,16.731001,16.764999,16.727827,452932000
2023-01-20,17.011,17.856001,16.825001,17.839001,17.799452,564967000
2023-01-23,18.063999,19.245001,17.818001,19.193001,19.15045,655163000
2023-01-24,18.827,19.495001,18.82,19.264999,19.222292,496204000
2023-01-25,18.913,19.370001,18.58,19.323,19.280161,449537000
2023-01-26,19.701,20.166,19.278,19.802,19.758101,489535000
2023-01-27,19.462,20.628,19.405001,20.365,20.319849,542142000
2023-01-30,19.950001,20.139999,19.15,19.162001,19.119518,488611000
2023-01-31,19.17,19.687,18.950001,19.537001,19.493685,498017000
2023-02-01,19.691,21.191999,19.611,20.943001,20.896572,660477000
2023-02-02,21,21.948999,20.700001,21.709,21.660868,564276000
2023-02-03,21,21.745001,20.789,21.1,21.053221,429366000
2023-02-06,20.806,21.57,20.785999,21.089001,21.042246,452197000
2023-02-07,21.382,22.259001,21.15,22.173,22.123844,664150000
2023-02-08,22.386999,22.878,22.007999,22.205,22.155769,559651000
2023-02-09,22.606001,23.02,22.120001,22.337,22.287476,523876000
2023-02-10,21.690001,22.077999,20.811001,21.264999,21.217854,550737000
2023-02-13,21.538,22.048,20.962,21.788,21.739693,474919000
2023-02-14,21.577999,23.049,21.365999,22.971001,22.920071,675474000
2023-02-15,22.549,22.855,22.106001,22.764,22.713531,420575000
2023-02-16,22.132999,22.549999,21.927,22.002001,21.953222,412026000
2023-02-17,21.631001,21.74,20.975,21.388,21.34058,465888000
2023-02-21,21,21.493999,20.618,20.655001,20.609209,410015000
2023-02-22,20.707001,21.104,20.421,20.754,20.707987,513184000
2023-02-23,23.440001,23.888,23.025,23.664,23.611536,1117995000
2023-02-24,23.225,23.474001,22.947001,23.285999,23.234375,589716000
2023-02-27,23.67,23.879999,23.454,23.500999,23.448895,452994000
2023-02-28,23.372,23.825001,23.205999,23.216,23.164532,455963000
2023-03-01,23.191999,23.256001,22.507999,22.698,22.647678,460026000
2023-03-02,22.488001,23.379999,22.431999,23.313999,23.26231,389415000
2023-03-03,23.32,23.9,23.129999,23.889999,23.837036,412393000
2023-03-06,23.891001,24.247999,23.487,23.554001,23.501781,437429000
2023-03-07,23.6,24.125,23.240999,23.288,23.240313,515154000
2023-03-08,23.487,24.200001,23.424,24.181,24.131487,513573000
2023-03-09,24.174999,24.454,23.382999,23.436001,23.388016,501257000
2023-03-10,23.409,23.627001,22.726,22.965,22.917976,474866000
2023-03-13,22.752001,23.298,22.297001,22.966,22.918976,421890000
2023-03-14,23.496,24.219,23.459999,24.063,24.013729,474910000
2023-03-15,23.761,24.285999,23.360001,24.228001,24.178392,524486000
2023-03-16,24.027,25.587999,23.893999,25.541,25.488707,583253000
2023-03-17,25.982,26.399,25.667999,25.725,25.672327,848547000
2023-03-20,25.615,26.024,25.129999,25.9,25.846968,432747000
2023-03-21,26.18,26.392,25.381001,26.198999,26.145355,547408000
2023-03-22,26.424999,27.589001,26.237,26.468,26.413807,797295000
2023-03-23,27.115,27.499001,26.690001,27.191,27.135324,564889000
2023-03-24,27.031,27.167,26.355,26.778999,26.724169,454920000
2023-03-27,26.837,27,26.365,26.531,26.476677,361026000
2023-03-28,26.447001,26.513,25.85,26.41,26.355927,356104000
2023-03-29,26.825001,27.077999,26.597,26.983999,26.928745,393694000
2023-03-30,27.229,27.499001,27.101999,27.382999,27.326931,364516000
2023-03-31,27.139999,27.834,27.105,27.777,27.720127,433933000
2023-04-03,27.509001,28,27.336,27.965,27.90774,398716000
2023-04-04,27.966,28,27.306999,27.452999,27.396786,368592000
2023-04-05,26.829,26.997999,26.395,26.881001,26.825962,515015000
2023-04-06,26.584,27.08,26.427,27.037001,26.98164,397654000
2023-04-10,26.823,27.621,26.669001,27.579,27.52253,395279000
2023-04-11,27.724001,27.790001,27.125999,27.169001,27.113371,314378000
2023-04-12,27.370001,27.468,26.448,26.495001,26.44075,446259000
2023-04-13,26.733999,26.886999,26.329,26.462999,26.408812,353615000
2023-04-14,26.504,26.882999,26.219999,26.757999,26.703211,395660000
2023-04-17,26.565001,27.006001,26.433001,27.002001,26.946711,321471000
2023-04-18,27.533001,28.110001,27.357,27.667,27.61035,604812000
2023-04-19,27.361,28,27.232,27.931,27.87381,358660000
2023-04-20,27.671,28.030001,27,27.104,27.048502,427713000
2023-04-21,26.952,27.183001,26.722,27.118999,27.063473,345103000
2023-04-24,27.013,27.365999,26.671,27.042,26.986629,339282000
2023-04-25,27.077999,27.247,26.225,26.240999,26.187267,378527000
2023-04-26,27.002001,27.33,26.705,26.955999,26.900801,406337000
2023-04-27,27.363001,27.495001,26.625,27.226,27.170254,377161000
2023-04-28,27.225,27.757999,27.070999,27.749001,27.692184,292216000
2023-05-01,27.84,29.058001,27.780001,28.91,28.850801,570329000
2023-05-02,28.68,28.836,28.083,28.209999,28.152237,402730000
2023-05-03,27.84,28.367001,27.472,27.802,27.745075,383387000
2023-05-04,27.650999,27.858999,27.24,27.562,27.505568,321850000
2023-05-05,27.826,28.754999,27.731001,28.68,28.621275,361494000
2023-05-08,28.521999,29.219999,28.35,29.150999,29.091307,344979000
2023-05-09,28.899,28.973,28.450001,28.570999,28.512497,314869000
2023-05-10,29.004999,29.113001,28.461,28.885,28.825859,369350000
2023-05-11,28.896,28.950001,28.246,28.577999,28.519485,322149000
2023-05-12,28.528999,28.780001,28.046,28.34,28.281969,274222000
2023-05-15,28.507999,28.969,28.152,28.952999,28.893713,293926000
2023-05-16,28.841,29.870001,28.832001,29.212999,29.153185,449405000
2023-05-17,29.584,30.198999,29.43,30.177999,30.116205,432535000
2023-05-18,30.41,31.827999,30.32,31.677999,31.613138,748725000
2023-05-19,31.535999,31.58,30.916,31.264,31.199982,473908000
2023-05-22,30.900999,31.52,30.68,31.176001,31.112164,372000000
2023-05-23,31,31.288,30.631001,30.688,30.625166,356253000
2023-05-24,30.209999,30.607,29.806,30.538,30.47547,721419000
2023-05-25,38.522999,39.48,36.634998,37.98,37.902237,1543911000
2023-05-26,37.889999,39.169998,37.549999,38.945999,38.866257,714397000
2023-05-30,40.595001,41.938,39.949001,40.111,40.02887,923401000
2023-05-31,39.487999,40.294998,37.821999,37.834,37.756535,1002580000
2023-06-01,38.488998,40.049999,38.34,39.77,39.688568,635873000
2023-06-02,40.097,40.5,39.057999,39.327,39.246475,482731000
2023-06-05,38.909,39.564999,38.707001,39.171001,39.090797,396094000
2023-06-06,38.830002,39.16,38.147999,38.653999,38.574856,388729000
2023-06-07,38.915001,39.499001,37.355999,37.474998,37.402126,511998000
2023-06-08,37.723999,38.863998,37.505001,38.509998,38.435123,417772000
2023-06-09,39.036999,39.710999,38.567001,38.77,38.694614,427717000
2023-06-12,39.200001,39.529999,38.618,39.481998,39.405228,388701000
2023-06-13,40.186001,41.101002,39.740002,41.021999,40.942245,613208000
2023-06-14,40.824001,43,40.551998,42.997002,42.913406,740465000
2023-06-15,42.602001,43.289001,42.146999,42.653,42.570072,568622000
2023-06-16,43.450001,43.721001,42.660999,42.692001,42.60899,655709000
2023-06-20,42.998001,43.990002,42.674,43.807999,43.722824,451153000
2023-06-21,43.500999,43.615002,42.080002,43.044998,42.961311,551603000
2023-06-22,42.252998,43.425999,42.234001,43.025002,42.941345,417737000
2023-06-23,42.464001,42.808998,42.014999,42.209,42.126926,358140000
2023-06-26,42.460999,42.764,40.099998,40.632,40.552994,594322000
2023-06-27,40.799,41.939999,40.448002,41.875999,41.794582,462175000
2023-06-28,40.66,41.845001,40.518002,41.117001,41.037056,582639000
2023-06-29,41.557999,41.599998,40.599998,40.821999,40.742626,380514000
2023-06-30,41.68,42.549999,41.500999,42.301998,42.219749,501148000
2023-07-03,42.516998,42.897999,42.202,42.412998,42.330532,198209000
2023-07-05,42.134998,43.176998,42.084999,42.317001,42.23473,323618000
2023-07-06,41.844002,42.179001,41.346001,42.103001,42.021152,303582000
2023-07-07,42.321999,43.214001,42.18,42.502998,42.420357,355881000
2023-07-10,42.657001,42.811001,41.648998,42.18,42.097992,353908000
2023-07-11,42.480999,42.757999,42.067001,42.404999,42.322544,298244000
2023-07-12,43.033001,43.935001,42.777,43.902,43.816635,481277000
2023-07-13,44.518002,46.154999,44.492001,45.977001,45.887604,478204000
2023-07-14,46.583,48.088001,45.060001,45.469002,45.380596,772075000
2023-07-17,46.289001,46.495998,45.262001,46.460999,46.370663,510488000
2023-07-18,46.701,47.896,45.734001,47.493999,47.401653,569164000
2023-07-19,47.464001,47.818001,46.742001,47.077,46.985462,427502000
2023-07-20,46.507,47.087002,45.062,45.52,45.431492,537865000
2023-07-21,45.787998,45.866001,44.099998,44.308998,44.222851,963769000
2023-07-24,44.730999,45.109001,44.040001,44.612,44.525253,382516000
2023-07-25,44.941002,46.182999,44.923,45.679001,45.590187,348081000
2023-07-26,46.021,46.053001,44.630001,45.452,45.363625,364237000
2023-07-27,46.519001,47.395,45.75,45.900002,45.81076,455976000
2023-07-28,46.667999,47.027,46.381001,46.75,46.659107,331194000
2023-07-31,46.754002,47.130001,46.506001,46.729,46.638142,251055000
2023-08-01,46.459999,46.900002,46.027,46.507,46.416576,237858000
2023-08-02,45.831001,45.84,43.387001,44.269001,44.18293,530142000
2023-08-03,43.799999,45.118,43.799999,44.514999,44.428455,324176000
2023-08-04,44.985001,45.641998,44.393002,44.68,44.593124,362666000
2023-08-07,45.111,45.540001,44.563,45.417,45.32869,322154000
2023-08-08,44.853001,45.242001,44.056,44.664001,44.57716,353843000
2023-08-09,44.273998,44.312,42.133999,42.554001,42.471264,586449000
2023-08-10,42.16,43.574001,41.834999,42.388,42.305595,492705000
2023-08-11,41.750999,42.018002,40.639,40.855,40.775558,533085000
2023-08-14,40.486,43.799999,40.311001,43.752998,43.667931,690286000
2023-08-15,44.560001,45.268002,43.709999,43.939999,43.854565,676512000
2023-08-16,44.52,44.674999,43.405998,43.486,43.401455,527451000
2023-08-17,43.970001,44.062,43.000999,43.344002,43.259727,452395000
2023-08-18,42.634998,43.577999,41.66,43.299,43.214813,583768000
2023-08-21,44.493999,47.064999,44.222,46.966999,46.875683,692573000
2023-08-22,48.134998,48.187,45.333,45.667999,45.579205,755293000
2023-08-23,45.866001,47.200001,45.208,47.116001,47.024395,779046000
2023-08-24,50.216,50.265999,47.159,47.162998,47.071297,1156044000
2023-08-25,47.012001,47.805,45.023998,46.018002,45.928528,925341000
2023-08-28,46.481998,46.98,44.888,46.834999,46.743946,685192000
2023-08-29,46.666,49.081001,46.390999,48.784,48.689152,701397000
2023-08-30,49.043999,49.926998,48.424999,49.264,49.168209,735206000
2023-08-31,49.380001,49.743999,48.958,49.355,49.259045,528570000
2023-09-01,49.762001,49.799999,48.141998,48.508999,48.414677,463830000
2023-09-05,48.223,48.851002,47.860001,48.548,48.453602,382653000
2023-09-06,48.441002,48.549,46.580002,47.061001,46.973362,468670000
2023-09-07,45.525002,46.344002,45.152,46.241001,46.154892,433330000
2023-09-08,45.942001,46.605999,45.271,45.571999,45.487144,473069000
2023-09-11,46.147999,46.162998,44.312,45.178001,45.09388,473966000
2023-09-12,44.737999,45.673,44.530998,44.869999,44.786449,349256000
2023-09-13,44.599998,45.93,44.502998,45.485001,45.400307,398355000
2023-09-14,45.950001,45.987,45.131001,45.581001,45.496124,370097000
2023-09-15,45.341,45.598999,43.807999,43.900002,43.818253,506831000
2023-09-18,42.748001,44.242001,42,43.966,43.884132,500271000
2023-09-19,43.833,43.966,43.001999,43.52,43.438965,373064000
2023-09-20,43.599998,43.903,42.223,42.238998,42.160347,367108000
2023-09-21,41.583,42.099998,40.98,41.016998,40.94062,450736000
2023-09-22,41.571999,42.115002,41.230999,41.610001,41.53252,479236000
2023-09-25,41.591,42.535999,41.176998,42.222,42.143383,419091000
2023-09-26,42.000999,42.82,41.654999,41.910999,41.832954,402282000
2023-09-27,42.330002,42.872002,41.629002,42.467999,42.388916,444935000
2023-09-28,42.459999,43.445999,42.115002,43.089001,43.00877,424663000
2023-09-29,43.827,44.144001,43.306999,43.499001,43.417995,397830000
2023-10-02,44.029999,45.174999,43.861,44.782001,44.698616,433298000
2023-10-03,44.807999,45.130001,43.245998,43.516998,43.435963,470850000
2023-10-04,43.742001,44.143002,43.292,44.041,43.958988,361821000
2023-10-05,44.049999,44.900002,43.888,44.688,44.604786,393483000
2023-10-06,44.193001,45.789001,44.026001,45.762001,45.676788,434436000
2023-10-09,44.841999,45.605,44.368,45.272999,45.188698,409675000
2023-10-10,45.310001,46.258999,45.088001,45.798,45.712719,368582000
2023-10-11,46.195999,46.859001,46.049999,46.806,46.718838,378137000
2023-10-12,46.777,47.609001,46.330002,46.945,46.857586,481325000
2023-10-13,46.959999,47.116001,45.279999,45.460999,45.376343,474115000
2023-10-16,45.063,46.224998,44.911999,46.095001,46.009167,375099000
2023-10-17,44,44.754002,42.48,43.938,43.856186,812333000
2023-10-18,42.591,43.219002,41.825001,42.195999,42.117424,627294000
2023-10-19,42.811001,43.297001,41.882,42.101002,42.022614,501233000
2023-10-20,41.889999,42.470001,41.077999,41.387001,41.309937,477266000
2023-10-23,41.229,43.248001,40.945,42.974998,42.894978,478530000
2023-10-24,43.077,43.696999,42.691002,43.662998,43.581699,401463000
2023-10-25,43.397999,43.650002,41.555,41.778999,41.701206,398379000
2023-10-26,41.853001,42.256001,39.880001,40.326,40.250912,541001000
2023-10-27,41.130001,41.206001,40.014999,40.5,40.424583,416784000
2023-10-30,41.087002,41.765999,40.480999,41.160999,41.084354,388028000
2023-10-31,40.450001,40.879002,39.23,40.779999,40.704056,517969000
2023-11-01,40.883999,42.381001,40.868999,42.325001,42.246189,437593000
2023-11-02,43.327999,43.883999,42.894001,43.506001,43.424988,409172000
2023-11-03,44.02,45.308998,43.723,45.005001,44.921204,424610000
2023-11-06,45.285,45.935001,44.898998,45.750999,45.66581,400733000
2023-11-07,45.719002,46.217999,45.158001,45.955002,45.869434,343165000
2023-11-08,46.099998,46.867001,45.967999,46.574001,46.487282,346719000
2023-11-09,47.466999,48.23,46.75,46.950001,46.862572,540496000
2023-11-10,47.5,48.472,47.283001,48.334999,48.244999,421245000
2023-11-13,48.32,49.116001,48.098999,48.619999,48.529465,384136000
2023-11-14,49.68,49.834,49.040001,49.655998,49.563538,416954000
2023-11-15,49.935001,49.959999,48.200001,48.888,48.796967,475497000
2023-11-16,48.679001,49.525002,48.330002,49.48,49.387859,339756000
2023-11-17,49.523998,49.716999,49.007,49.298,49.206207,325205000
2023-11-20,49.312,50.548,49.181,50.409,50.31514,414120000
2023-11-21,50.125999,50.516998,49.222,49.944,49.851002,565747000
2023-11-22,49.852001,50.334999,47.689999,48.716,48.625278,899420000
2023-11-24,48.470001,48.921001,47.744999,47.776001,47.687035,294645000
2023-11-27,47.799999,48.529999,47.652,48.242001,48.152172,395662000
2023-11-28,48.236,48.323002,47.473,47.820999,47.731956,401491000
2023-11-29,48.379002,48.762001,47.860001,48.139999,48.050358,382005000
2023-11-30,48.023998,48.110001,46.422001,46.77,46.682911,526247000
2023-12-01,46.525002,47.200001,46.187,46.764999,46.677917,369317000
2023-12-04,46.077,46.077,45.009998,45.509998,45.425247,437543000
2023-12-05,45.466,46.599998,45.271,46.566002,46.483379,371718000
2023-12-06,47.215,47.387001,45.411999,45.502998,45.42226,380590000
2023-12-07,45.700001,46.629002,45.604,46.596001,46.513321,350823000
2023-12-08,46.595001,47.741001,46.549999,47.506001,47.421707,359224000
2023-12-11,47.491001,47.530998,45.830002,46.626999,46.54427,509728000
2023-12-12,46.046001,47.666,46.046001,47.657001,47.572445,372387000
2023-12-13,47.629002,48.594002,47.608002,48.088001,48.002682,447792000
2023-12-14,48.389999,48.669998,47.422001,48.349998,48.26421,391232000
2023-12-15,48.194,49.403999,48.119999,48.889999,48.803257,479948000
2023-12-18,49.400002,50.432999,49.150002,50.077,49.988144,412587000
2023-12-19,49.424,49.700001,48.895,49.604,49.515984,464444000
2023-12-20,49.654999,49.999001,48.098,48.111,48.025635,397894000
2023-12-21,48.811001,49.095001,48.418999,48.990002,48.903076,300425000
2023-12-22,49.195,49.382999,48.466999,48.830002,48.743359,252507000
2023-12-26,48.967999,49.599998,48.959999,49.278999,49.191563,244200000
2023-12-27,49.511002,49.68,49.084999,49.417,49.329319,233648000
2023-12-28,49.643002,49.883999,49.411999,49.521999,49.434132,246587000
2023-12-29,49.813,49.997002,48.750999,49.521999,49.434132,389293000
2024-01-02,49.243999,49.294998,47.595001,48.167999,48.082531,411254000
2024-01-03,47.485001,48.183998,47.32,47.569,47.484596,320896000
2024-01-04,47.766998,48.5,47.507999,47.998001,47.912842,306535000
2024-01-05,48.462002,49.547001,48.306,49.097,49.009884,415039000
2024-01-08,49.512001,52.275002,49.479,52.252998,52.160282,642510000
2024-01-09,52.401001,54.325001,51.689999,53.139999,53.045715,773100000
2024-01-10,53.616001,54.599998,53.488998,54.349998,54.253563,533796000
2024-01-11,54.999001,55.346001,53.560001,54.821999,54.724728,596759000
2024-01-12,54.619999,54.970001,54.330002,54.709999,54.612923,352994000
2024-01-16,55.018002,56.834999,54.900002,56.382,56.281963,449580000
2024-01-17,56.347,56.471001,54.740002,56.053001,55.953545,474394000
2024-01-18,57.259998,57.599998,56.106998,57.106998,57.005676,491650000
2024-01-19,57.988998,59.5,57.224998,59.491001,59.385445,543501000
2024-01-22,60.049,60.331001,59.07,59.653999,59.548157,452955000
2024-01-23,59.57,59.91,58.584999,59.873001,59.766769,294654000
2024-01-24,60.304001,62.848999,59.938,61.362,61.253124,560271000
2024-01-25,62.349998,62.719002,60.849998,61.617001,61.507671,482777000
2024-01-26,60.959999,61.783001,60.573002,61.030998,60.922714,390309000
2024-01-29,61.231998,62.488998,60.907001,62.465,62.354168,348733000
2024-01-30,62.900002,63.493,62.259998,62.773998,62.662617,410735000
2024-01-31,61.439999,62.269001,60.700001,61.527,61.417839,453795000
2024-02-01,62.099998,63.191002,61.650002,63.027,62.915165,369146000
2024-02-02,63.973999,66.599998,63.689999,66.160004,66.04261,476578000
2024-02-05,68.224998,69.497002,67.205002,69.332001,69.208977,680078000
2024-02-06,69.629997,69.753998,66.300003,68.223,68.101952,683111000
2024-02-07,68.319,70.220001,67.599998,70.098999,69.974625,495575000
2024-02-08,70.073997,70.793999,69.455002,69.640999,69.517426,414422000
2024-02-09,70.532997,72.184998,70.211998,72.133003,72.005028,436637000
2024-02-12,72.599998,74.611,71.25,72.248001,72.119797,613710000
2024-02-13,70.400002,73.449997,69.620003,72.127998,72.000031,602580000
2024-02-14,73.202003,74.236,71.938004,73.900002,73.768883,504917000
2024-02-15,73.869003,73.974998,72.400002,72.657997,72.529076,420122000
2024-02-16,74.099998,74.402,72.500999,72.612999,72.484146,495327000
2024-02-20,71.946999,71.956001,67.734001,69.452003,69.328773,704833000
2024-02-21,68.005997,68.888,66.248001,67.472,67.352287,673755000
2024-02-22,75.025002,78.574997,74.220001,78.538002,78.398659,865100000
2024-02-23,80.790001,82.393997,77.57,78.817001,78.677155,829388000
2024-02-26,79.699997,80.646004,78.504997,79.092003,78.951668,503973000
2024-02-27,79.380997,79.480003,77.162003,78.700996,78.561356,391705000
2024-02-28,77.620003,78.932999,77.125,77.663002,77.5252,393110000
2024-02-29,79.094002,79.989998,78.349998,79.112,78.971642,507289000
2024-03-01,80,82.300003,79.434998,82.278999,82.133011,479135000
2024-03-04,84.129997,87.695,83.719002,85.237,85.085754,615616000
2024-03-05,85.269997,86.097,83.417,85.963997,85.815498,520639000
2024-03-06,88.022003,89.723999,87.029999,88.699997,88.546761,582520000
2024-03-07,90.157997,92.766998,89.601997,92.668999,92.508926,608119000
2024-03-08,95.138,97.400002,86.505997,87.528,87.376785,1142269000
2024-03-11,86.429001,88.796997,84.166,85.774002,85.625824,678364000
2024-03-12,88.049004,91.959999,86.150002,91.913002,91.754219,668075000
2024-03-13,91.055,91.503998,88.434998,90.888,90.730988,635713000
2024-03-14,89.577003,90.646004,86.599998,87.944,87.792068,602318000
2024-03-15,86.93,89.545998,86.257004,87.836998,87.685272,642086000
2024-03-18,90.388,92.404999,87.084999,88.455002,88.302193,668976000
2024-03-19,86.699997,90.543999,85.010002,89.398003,89.243568,672171000
2024-03-20,89.796997,90.410004,88.223,90.372002,90.215881,479063000
2024-03-21,92.300003,92.648003,90.404999,91.434998,91.277039,480372000
2024-03-22,91.140999,94.778,90.834,94.289001,94.126122,586719000
2024-03-25,93.941002,96.765999,93.510002,95.001999,94.837883,552136000
2024-03-26,95.850998,96.375,92.501999,92.560997,92.4011,513648000
2024-03-27,93.112,93.239998,89.123001,90.25,90.094109,586067000
2024-03-28,90,91.300003,89.193001,90.356003,90.199921,435212000
2024-04-01,90.299004,92.224998,89.204002,90.362999,90.206894,452441000
2024-04-02,88.447998,90.094002,87.620003,89.452003,89.29747,433064000
2024-04-03,88.484001,90.374001,88.400002,88.963997,88.81031,370067000
2024-04-04,90.405998,90.634003,85.879997,85.904999,85.756584,434965000
2024-04-05,86.865997,88.481003,85.926003,88.008003,87.85598,399678000
2024-04-08,88.699997,88.830002,86.732002,87.133003,86.982475,283220000
2024-04-09,87.442001,87.635002,83.022003,85.353996,85.206551,501700000
2024-04-10,83.926003,87.400002,83.709,87.039001,86.888641,431929000
2024-04-11,87.419998,90.738998,86.926003,90.615997,90.459457,431637000
2024-04-12,89.698997,90.175003,87.529999,88.185997,88.033661,426805000
2024-04-15,89.098,90.612999,85.929001,86.000999,85.852425,443077000
2024-04-16,86.432999,88.117996,86.064003,87.415001,87.263992,370453000
2024-04-17,88.339996,88.775002,83.949997,84.035004,83.889832,495400000
2024-04-18,84.970001,86.190002,82.402,84.670998,84.524719,447260000
2024-04-19,83.150002,84.323997,75.606003,76.199997,76.068367,875198000
2024-04-22,78.103996,80.072998,76.400002,79.517998,79.38063,596341000
2024-04-23,80.768997,82.768997,80.264,82.422997,82.280617,438559000
2024-04-24,83.949997,84.082001,79.182999,79.677002,79.53936,512208000
2024-04-25,78.867996,83.322998,78.223,82.632004,82.489258,424641000
2024-04-26,83.818001,88.331001,83.387001,87.735001,87.58345,551011000
2024-04-29,87.595001,87.991997,85.265999,87.757004,87.605408,388971000
2024-04-30,87.239998,88.819,86.300003,86.402,86.252747,363709000
2024-05-01,85.077003,86,81.254997,83.041,82.897537,559863000
2024-05-02,84.448997,86.237,83.199997,85.817001,85.668747,377898000
2024-05-03,87.789001,89.280998,87.040001,88.789001,88.635612,398341000
2024-05-06,89.389999,92.220001,89.055,92.139999,91.98082,376203000
2024-05-07,91.098,91.780998,89.011002,90.554001,90.39756,437342000
2024-05-08,89.483002,91.194,89.419998,90.412003,90.255821,325721000
2024-05-09,90.528999,91.071999,88.231003,88.747002,88.593704,378013000
2024-05-10,90.305,91.401001,89.226997,89.877998,89.722725,335325000
2024-05-13,90.477997,90.998001,88.528999,90.399002,90.242836,289680000
2024-05-14,89.598999,91.651001,88.933998,91.356003,91.198189,296507000
2024-05-15,92.472,94.862,91.598999,94.629997,94.466537,417735000
2024-05-16,94.910004,95.819,94.102997,94.359001,94.195999,323952000
2024-05-17,94.369003,94.739998,91.806,92.478996,92.319244,359691000
2024-05-20,93.75,95.199997,93.440002,94.779999,94.616272,318764000
2024-05-21,93.598999,95.400002,93.18,95.386002,95.221214,328946000
2024-05-22,95.459,96.019997,93.249001,94.949997,94.785973,548648000
2024-05-23,102.028,106.32,101.52,103.799,103.6197,835065000
2024-05-24,104.449,106.475,103,106.469,106.28507,429494000
2024-05-28,110.244,114.939,109.883,113.901,113.70422,652728000
2024-05-29,113.05,115.492,110.901,114.825,114.62663,557442000
2024-05-30,114.65,115.819,109.663,110.5,110.3091,484553000
2024-05-31,112.52,112.717,106.94,109.633,109.44361,613263000
2024-06-03,113.621,115,112.003,115,114.80134,438392000
2024-06-04,115.716,116.6,114.045,116.437,116.23585,403324000
2024-06-05,118.371,122.449,117.468,122.44,122.22849,528402000
2024-06-06,124.048,125.587,118.32,120.998,120.78899,664696000
2024-06-07,119.77,121.692,118.022,120.888,120.67917,412386000
2024-06-10,120.37,123.1,117.01,121.79,121.57961,313434100
2024-06-11,121.77,122.87,118.74,120.91,120.71105,222551200
2024-06-12,123.06,126.88,122.57,125.2,124.99399,299595000
2024-06-13,129.39,129.8,127.16,129.61,129.39673,260704500
2024-06-14,129.96001,132.84,128.32001,131.88,131.66301,309320400
2024-06-17,132.99001,133.73,129.58,130.98,130.76448,288504400
2024-06-18,131.14,136.33,130.69,135.58,135.3569,294335100
2024-06-20,139.8,140.75999,129.52,130.78,130.56482,517768400
2024-06-21,127.12,130.63,124.3,126.57,126.36173,649445800
2024-06-24,123.24,124.46,118.04,118.11,117.91564,476060900
2024-06-25,121.2,126.5,119.32,126.09,125.88251,414192600
2024-06-26,126.13,128.12,122.6,126.4,126.19202,362975900
2024-06-27,124.1,126.41,122.92,123.99,123.78597,252571700
2024-06-28,124.58,127.71,122.75,123.54,123.33672,315516700
2024-07-01,123.47,124.84,118.83,124.3,124.09547,284885500
2024-07-02,121.13,123.41,121.03,122.67,122.46814,218374000
2024-07-03,121.66,128.28,121.36,128.28,128.06892,215749000
2024-07-05,127.38,128.85001,125.68,125.83,125.62295,214176700
2024-07-08,127.49,130.77,127.04,128.2,127.98904,237677300
2024-07-09,130.35001,133.82001,128.64999,131.38,131.16383,285366600
2024-07-10,134.03,135.10001,132.42,134.91,134.688,248978600
2024-07-11,135.75,136.14999,127.05,127.4,127.19037,374782700
2024-07-12,128.25999,131.92,127.22,129.24001,129.02733,252680500
2024-07-15,130.56,131.39,127.18,128.44,128.22864,208326200
2024-07-16,128.44,129.03999,124.58,126.36,126.15208,214769500
2024-07-17,121.35,121.85,116.72,117.99,117.79585,390086200
2024-07-18,121.85,122.4,116.56,121.09,120.89075,320979500
2024-07-19,120.35,121.6,117.37,117.93,117.73595,217223800
2024-07-22,120.35,124.07,119.86,123.54,123.33672,258068900
2024-07-23,122.78,124.69,122.1,122.59,122.38828,173911000
2024-07-24,119.17,119.95,113.44,114.25,114.062,327776900
2024-07-25,113.04,116.63,106.3,112.28,112.09524,460067000
2024-07-26,116.19,116.2,111.58,113.06,112.87395,293399100
2024-07-29,113.69,116.28,111.3,111.59,111.40637,248152100
2024-07-30,111.52,111.99,102.54,103.73,103.5593,486833300
2024-07-31,112.9,118.34,110.88,117.02,116.82743,473174200
2024-08-01,117.53,120.16,106.81,109.21,109.03029,523462300
2024-08-02,103.76,108.72,101.37,107.27,107.09348,482027500
2024-08-05,92.059998,103.41,90.690002,100.45,100.28472,552842400
2024-08-06,103.84,107.71,100.55,104.25,104.07846,409012100
2024-08-07,107.81,108.8,98.690002,98.910004,98.747246,411440400
2024-08-08,102,105.5,97.519997,104.97,104.79727,391910000
2024-08-09,105.64,106.6,103.43,104.75,104.57764,290844200
2024-08-12,106.32,111.07,106.26,109.02,108.84061,325559900
2024-08-13,112.44,116.23,111.58,116.14,115.94889,312646700
2024-08-14,118.53,118.6,114.07,118.08,117.8857,339246400
2024-08-15,118.76,123.24,117.47,122.86,122.65784,318086700
2024-08-16,121.94,125,121.18,124.58,124.375,302589900
2024-08-19,124.28,130,123.42,130,129.78609,318333600
2024-08-20,128.39999,129.88,125.89,127.25,127.04062,300087400
2024-08-21,127.32,129.35001,126.66,128.5,128.28856,257883600
2024-08-22,130.02,130.75,123.1,123.74,123.53638,376189100
2024-08-23,125.86,129.60001,125.22,129.37,129.1571,323230300
2024-08-26,129.57001,131.25999,124.37,126.46,126.2519,331964700
2024-08-27,125.05,129.2,123.88,128.3,128.0889,303134600
2024-08-28,128.12,128.33,122.64,125.61,125.40331,448101100
2024-08-29,121.36,124.43,116.71,117.59,117.3965,453023300
2024-08-30,119.53,121.75,117.22,119.37,119.17358,333751600
2024-09-03,116.01,116.21,107.29,108,107.82229,477155100
2024-09-04,105.41,113.27,104.12,106.21,106.03522,372470300
2024-09-05,104.99,109.65,104.76,107.21,107.03358,306850700
2024-09-06,108.04,108.15,100.95,102.83,102.6608,413638100
2024-09-09,104.88,106.55,103.69,106.47,106.2948,273912000
2024-09-10,107.81,109.4,104.95,108.1,107.92212,268283700
2024-09-11,109.39,117.19,107.42,116.91,116.71763,441422400
2024-09-12,116.84,120.79,115.38,119.14,118.95412,366052700
2024-09-13,119.08,119.96,117.6,119.1,118.91419,238358300
2024-09-16,116.79,118.18,114.36,116.78,116.5978,248772300
2024-09-17,118.17,118.8,114.83,115.59,115.40967,231925900
2024-09-18,115.89,117.7,113.22,113.37,113.19313,310318900
2024-09-19,117.35,119.66,117.25,117.87,117.68611,293506400
2024-09-20,117.06,118.62,115.39,116,115.81903,382462400
2024-09-23,116.55,116.99,114.86,116.26,116.07864,206228500
2024-09-24,116.52,121.8,115.38,120.87,120.68144,354966800
2024-09-25,122.02,124.94,121.61,123.51,123.31731,284692900
2024-09-26,126.8,127.67,121.8,124.04,123.84648,302582900
2024-09-27,123.97,124.03,119.26,121.4,121.21061,271009200
2024-09-30,118.31,121.5,118.15,121.44,121.25054,226553700
2024-10-01,121.77,122.44,115.79,117,116.81746,302094500
2024-10-02,116.44,119.38,115.14,118.85,118.66458,221845900
2024-10-03,120.92,124.36,120.34,122.85,122.65835,277118000
2024-10-04,124.94,125.04,121.83,124.92,124.72511,243678100
2024-10-07,124.99,130.64,124.95,127.72,127.52075,346250200
2024-10-08,130.25999,133.48,129.42,132.89,132.68266,285722500
2024-10-09,134.11,134.52,131.38,132.64999,132.44304,246191600
2024-10-10,131.91,135,131,134.81,134.5997,242311300
2024-10-11,134.00999,135.78,133.66,134.8,134.58971,170209500
2024-10-14,136.47,139.60001,136.3,138.07001,137.85461,232347700
2024-10-15,137.87,138.57001,128.74001,131.60001,131.3947,377831000
2024-10-16,133.98,136.62,131.58,135.72,135.50824,264879700
2024-10-17,139.34,140.89,136.87,136.92999,136.71638,306435900
2024-10-18,138.67,138.89999,137.28,138,137.7847,176090200
2024-10-21,138.13,143.71001,138,143.71001,143.48581,264554500
2024-10-22,142.91,144.42,141.78,143.59,143.36598,226311600
2024-10-23,142.03,142.42999,137.46001,139.56,139.34227,285930000
2024-10-24,140.82001,141.35001,138.46001,140.41,140.19095,172354900
2024-10-25,140.92999,144.13,140.8,141.53999,141.31918,205122100
2024-10-28,143,143.14,140.05,140.52,140.30078,173586700
2024-10-29,140.28999,142.25999,138.89999,141.25,141.02963,157593600
2024-10-30,139.53999,140.33,136.81,139.34,139.12262,179418100
2024-10-31,137.60001,137.61,132.11,132.75999,132.55289,270039600
2024-11-01,134.7,137.31,134.57001,135.39999,135.18877,207127800
2024-11-04,137.21001,138.96001,135.57001,136.05,135.83775,187528200
2024-11-05,137.45,140.37,137.33,139.91,139.69174,160537400
2024-11-06,142.96001,146.49001,141.96001,145.61,145.38284,242043900
2024-11-07,146.39,148.92999,146.17,148.88,148.64775,207323300
2024-11-08,148.77,149.77,146.25999,147.63,147.39966,175665800
2024-11-11,148.67999,148.85001,143.57001,145.25999,145.03337,182325600
2024-11-12,146.78,149.64999,146.00999,148.28999,148.05862,198634700
2024-11-13,149.07001,149.33,145.89999,146.27,146.04179,191903300
2024-11-14,147.64,149,145.55,146.75999,146.53104,194463300
2024-11-15,144.87,145.24001,140.08,141.98,141.75848,250132900
2024-11-18,139.5,141.55,137.14999,140.14999,139.93134,221205300
2024-11-19,141.32001,147.13,140.99001,147.00999,146.78064,227834900
2024-11-20,147.41,147.56,142.73,145.89,145.66238,309871700
2024-11-21,149.35001,152.89,140.7,146.67,146.44119,400946600
2024-11-22,145.92999,147.16,141.10001,141.95,141.72853,236406200
2024-11-25,141.99001,142.05,135.82001,136.02,135.80779,344941900
2024-11-26,137.7,139.3,135.67,136.92,136.70641,190287700
2024-11-27,135.00999,137.22,131.8,135.34,135.12885,226370900
2024-11-29,136.78,139.35001,136.05,138.25,138.03432,141863200
2024-12-02,138.83,140.45,137.82001,138.63,138.41373,171682800
2024-12-03,138.25999,140.53999,137.95,140.25999,140.04118,164414000
2024-12-04,142,145.78999,140.28999,145.14,144.91359,231224300
2024-12-05,145.11,146.53999,143.95,145.06,144.84367,172621200
2024-12-06,144.60001,145.7,141.31,142.44,142.2276,188505600
2024-12-09,138.97,139.95,137.13,138.81,138.60298,189308600
2024-12-10,139.00999,141.82001,133.78999,135.07001,134.86858,210020900
2024-12-11,137.36,140.17,135.21001,139.31,139.10225,184905200
2024-12-12,137.08,138.44,135.8,137.34,137.13518,159211400
2024-12-13,138.94,139.60001,132.53999,134.25,134.0498,231514900
2024-12-16,134.17999,134.39999,130.42,132,131.80312,237951100
2024-12-17,129.09,131.59,126.86,130.39,130.19554,259410300
2024-12-18,133.86,136.7,128.28,128.91,128.71776,277444500
2024-12-19,131.75999,134.03,129.55,130.67999,130.48509,209719200
2024-12-20,129.81,135.28,128.22,134.7,134.49911,306528600
2024-12-23,136.28,139.78999,135.12,139.67,139.46169,176053500
2024-12-24,140,141.89999,138.64999,140.22,140.01088,105157000
2024-12-26,139.7,140.85001,137.73,139.92999,139.72131,116205600
2024-12-27,138.55,139.02,134.71001,137.00999,136.80568,170582600
2024-12-30,134.83,140.27,134.02,137.49001,137.28494,167734700
2024-12-31,138.03,138.07001,133.83,134.28999,134.08972,155659200
2025-01-02,136,138.88,134.63,138.31,138.10373,198247200
2025-01-03,140.00999,144.89999,139.73,144.47,144.25455,229322500
2025-01-06,148.59,152.16,147.82001,149.42999,149.20717,265377400
2025-01-07,153.03,153.13,140.00999,140.14,139.931,351782200
2025-01-08,142.58,143.95,137.56,140.11,139.90106,227349900
2025-01-10,137.45,139.92,134.22,135.91,135.70734,207602500
2025-01-13,129.99001,133.49001,129.50999,133.23,133.03131,204808900
2025-01-14,136.05,136.38,130.05,131.75999,131.56348,195590500
2025-01-15,133.64999,136.45,131.28999,136.24001,136.03683,185217300
2025-01-16,138.64,138.75,133.49001,133.57001,133.3708,209235600
2025-01-17,136.69,138.5,135.46001,137.71001,137.50464,201188800
2025-01-21,139.16,141.83,137.09,140.83,140.61998,197749000
2025-01-22,144.66,147.78999,143.67,147.07001,146.85069,237651400
2025-01-23,145.05,147.23,143.72,147.22,147.00046,155915500
2025-01-24,148.37,148.97,141.88,142.62,142.40732,234657600
2025-01-27,124.8,128.39999,116.7,118.42,118.24339,818830900
2025-01-28,121.81,129,116.25,128.99001,128.79764,579666400
2025-01-29,126.5,126.89,120.05,123.7,123.51553,467120600
2025-01-30,123.1,125,118.1,124.65,124.46412,392925500
2025-01-31,123.78,127.85,119.19,120.07,119.89094,388161100
2025-02-03,114.75,118.57,113.01,116.66,116.48604,371235700
2025-02-04,116.96,121.2,116.7,118.65,118.47306,256550000
2025-02-05,121.76,125,120.76,124.83,124.64384,262230800
2025-02-06,127.42,128.77,125.21,128.67999,128.48807,251483600
2025-02-07,129.22,130.37,125,129.84,129.64635,228186300
2025-02-10,130.09,135,129.96001,133.57001,133.3708,216989100
2025-02-11,132.58,134.48,131.02,132.8,132.60197,178902400
2025-02-12,130.02,132.24001,129.08,131.14,130.94444,160278600
2025-02-13,131.56,136.5,131.17,135.28999,135.08823,197430000
2025-02-14,136.48,139.25,135.5,138.85001,138.64293,195479600
2025-02-18,141.27,143.44,137.92999,139.39999,139.19211,219176600
2025-02-19,139.50999,141.36,137.22,139.23,139.02237,167536000
2025-02-20,140.03,140.66,136.78999,140.11,139.90106,143903600
2025-02-21,140.03999,141.46001,134.03,134.42999,134.22952,228217600
2025-02-24,136.56,138.59,130.08,130.28,130.08572,251381100
2025-02-25,129.98,130.2,124.44,126.63,126.44116,271428700
2025-02-26,129.99001,133.73,128.49001,131.28,131.08423,322553800
2025-02-27,135,135.00999,120.01,120.15,119.97083,443175800
2025-02-28,118.02,125.09,116.4,124.92,124.7337,389091100
2025-03-03,123.51,123.7,112.28,114.06,113.8899,411381400
2025-03-04,110.65,119.31,110.11,115.99,115.81702,398163300
2025-03-05,117.58,118.28,114.51,117.3,117.12507,284337900
2025-03-06,113.53,115.35,110.22,110.57,110.40511,321181900
2025-03-07,111.25,113.48,107.56,112.69,112.52194,341755500
2025-03-10,109.9,111.85,105.46,106.98,106.82045,366487400
2025-03-11,106.99,112.24,104.77,108.76,108.59781,354865700
2025-03-12,114.12,116.76,112.88,115.74,115.57803,323857500
2025-03-13,117.03,117.76,113.79,115.58,115.41825,299033100
2025-03-14,118.61,121.88,118.15,121.67,121.49973,277593500
2025-03-17,122.74,122.89,118.03,119.53,119.36272,255501500
2025-03-18,118,119.02,114.54,115.43,115.26846,299686900
2025-03-19,117.27,120.45,115.68,117.52,117.35552,273426200
2025-03-20,116.55,120.2,116.47,118.53,118.36411,248829700
2025-03-21,116.94,117.99,115.42,117.7,117.53528,266498500
2025-03-24,119.88,122.22,119.34,121.41,121.2401,228452500
2025-03-25,120.55,121.29,118.92,120.69,120.5211,167447200
2025-03-26,118.73,118.84,112.71,113.76,113.6008,293463300
2025-03-27,111.35,114.45,110.66,111.43,111.27406,236902100
2025-03-28,111.49,112.87,109.07,109.67,109.51652,229872500
2025-03-31,105.13,110.96,103.65,108.38,108.22832,299212700
2025-04-01,108.52,110.2,106.47,110.15,109.99586,222614000
2025-04-02,107.29,111.98,106.79,110.42,110.26547,220601200
2025-04-03,103.51,105.63,101.6,101.8,101.65755,338769400
2025-04-04,98.910004,100.13,92.110001,94.309998,94.178017,532273800
2025-04-07,87.459999,101.75,86.620003,97.639999,97.503349,611041300
2025-04-08,103.81,105.85,94.459999,96.300003,96.165237,476243400
2025-04-09,98.889999,115.1,97.529999,114.33,114.17,612918300
2025-04-10,109.37,110.86,99.150002,107.57,107.41946,437812400
2025-04-11,108.5,111.55,107.48,110.93,110.77476,313417300
2025-04-14,114.11,114.29,109.07,110.71,110.55506,264705000
2025-04-15,110.97,113.62,110.5,112.2,112.04298,228966900
2025-04-16,104.55,106.79,100.45,104.49,104.34377,397016900
2025-04-17,104.45,104.47,100.05,101.49,101.34797,292517500
2025-04-21,98.769997,99.440002,95.040001,96.910004,96.774384,288501100
2025-04-22,98.779999,99.809998,97.279999,98.889999,98.75161,241004800
2025-04-23,104.52,104.8,102.02,102.71,102.56626,247526000
2025-04-24,103.48,106.54,103.11,106.43,106.28104,220815000
2025-04-25,106.85,111.92,105.73,111.01,110.85466,251064700
2025-04-28,109.69,110.37,106.02,108.73,108.57784,207708500
2025-04-29,107.67,110.2,107.44,109.02,108.86743,170444300
2025-04-30,104.47,108.92,104.08,108.92,108.76756,235044600
2025-05-01,113.08,114.94,111.3,111.61,111.4538,236121500
2025-05-02,114.18,115.4,113.37,114.5,114.33977,190194800
2025-05-05,112.91,114.67,112.66,113.82,113.66072,133163200
2025-05-06,111.48,114.74,110.82,113.54,113.38112,158525600
2025-05-07,113.05,117.68,112.28,117.06,116.89619,206758800
2025-05-08,118.25,118.68,115.85,117.37,117.20576,198428100
2025-05-09,117.35,118.23,115.21,116.65,116.48676,132972200
2025-05-12,121.97,123,120.28,123,122.82787,225023300
2025-05-13,124.98,131.22,124.47,129.92999,129.74817,330430100
2025-05-14,133.2,135.44,131.67999,135.34,135.15059,281180800
2025-05-15,134.28999,136.3,132.66,134.83,134.6413,226632600
2025-05-16,136.22,136.35001,133.46001,135.39999,135.21051,226542500
2025-05-19,132.39,135.87,132.39,135.57001,135.38028,193154600
2025-05-20,134.28999,134.58,132.62,134.38,134.19196,161514200
2025-05-21,133.06,137.39999,130.59,131.8,131.61554,270608700
2025-05-22,132.23,134.25,131.55,132.83,132.64412,187344000
2025-05-23,130,132.67999,129.16,131.28999,131.10626,198821300
2025-05-27,134.14999,135.66,133.31,135.5,135.31036,192953600
2025-05-28,136.03,137.25,134.78999,134.81,134.62134,304021100
2025-05-29,142.25,143.49001,137.91,139.19,138.99522,369241900
2025-05-30,138.72,139.62,132.92,135.13,134.94089,333170900
2025-06-02,135.49001,138.12,135.39999,137.38,137.18774,197663100
2025-06-03,138.78,142,137.95,141.22,141.02237,225578800
2025-06-04,142.19,142.39,139.53999,141.92,141.72137,167120800
2025-06-05,142.17,144,138.83,139.99001,139.7941,231397900
2025-06-06,142.50999,143.27,141.50999,141.72,141.52167,153986200
2025-06-09,143.19,145,141.94,142.63,142.4304,185114500
2025-06-10,142.69,144.28999,141.53,143.96001,143.75854,155881900
2025-06-11,144.61,144.99001,141.87,142.83,142.64001,167694000
2025-06-12,141.97,145,141.85001,145,144.80713,162365000
2025-06-13,142.48,143.58,140.85001,141.97,141.78116,180820600
2025-06-16,143.35001,146.17999,143.2,144.69,144.49753,183133700
2025-06-17,144.49001,145.22,143.78,144.12,143.92828,139108000
2025-06-18,144.00999,145.64999,143.12,145.48,145.28648,161494100
2025-06-20,145.45,146.2,142.64999,143.85001,143.65865,242956200
2025-06-23,142.5,144.78,142.03,144.17,143.97823,154308900
2025-06-24,145.56,147.96001,145.5,147.89999,147.70326,187566100
2025-06-25,149.27,154.45,149.25999,154.31,154.10475,269146500
2025-06-26,155.98,156.72,154,155.02,154.8138,198145700
2025-06-27,156.03999,158.71001,155.25999,157.75,157.54016,263234500
2025-06-30,158.39999,158.66,155.96001,157.99001,157.77986,194580300
2025-07-01,156.28999,157.2,151.49001,153.3,153.09612,213143600
2025-07-02,152.98,157.60001,152.97,157.25,157.04083,171224100
2025-07-03,158.37,160.98,157.77,159.34,159.12807,143716100
2025-07-07,158.2,159.31,157.34,158.24001,158.02953,140139000
2025-07-08,159.33,160.22,158.39,160,159.78717,138133000
2025-07-09,161.22,164.42,161.16,162.88,162.66336,183656400
2025-07-10,164.32001,164.5,161.61,164.10001,163.88174,167704100
2025-07-11,163.72,167.89,163.47,164.92,164.70064,193633300
2025-07-14,165.37,165.49001,162.02,164.07001,163.85178,136975800
2025-07-15,171.19,172.39999,169.2,170.7,170.47293,230627400
2025-07-16,171.06,171.75,168.89999,171.37,171.14206,158831500
2025-07-17,172.02,174.16,170.83,173,172.7699,160841100
2025-07-18,173.64,174.25,171.25999,172.41,172.18068,146456400
2025-07-21,172.75,173.38,171,171.38,171.15205,123126100
2025-07-22,171.34,171.39,164.58,167.03,166.80783,193114300
2025-07-23,169.53,171.25999,167.97,170.78,170.55284,154082200
2025-07-24,172.44,173.83,171.3,173.74001,173.50891,128984600
2025-07-25,173.61,174.72,172.96001,173.5,173.26923,122316800
2025-07-28,174.02,177,173.97,176.75,176.51491,140023500
2025-07-29,177.96001,179.38,175.02,175.50999,175.27654,154077500
2025-07-30,176.50999,179.89,176.03999,179.27,179.03156,174312200
2025-07-31,182.89999,183.3,175.92999,177.87,177.63341,221685400
2025-08-01,174.09,176.53999,170.89,173.72,173.48894,204529000
2025-08-04,175.16,180.2,174.52,180,179.76057,148174600
2025-08-05,179.62,180.25999,175.89999,178.25999,178.0229,156407600
2025-08-06,176.33,179.89999,176.25,179.42,179.18134,137192300
2025-08-07,181.57001,183.88,178.8,180.77,180.52957,151878400
2025-08-08,181.55,183.3,180.39999,182.7,182.45699,123396700
2025-08-11,182.05,183.84,180.25,182.06,181.81784,138323200
2025-08-12,182.96001,184.48,179.46001,183.16,182.91638,145485700
2025-08-13,182.62,183.97,179.35001,181.59,181.34848,179871700
2025-08-14,179.75,183.02,179.46001,182.02,181.77789,129554000
2025-08-15,181.88,181.89999,178.03999,180.45,180.20998,156602200
2025-08-18,180.60001,182.94,180.59,182.00999,181.76788,132008000
2025-08-19,182.42999,182.5,175.49001,175.64,175.40637,185229200
2025-08-20,175.17,176,168.8,175.39999,175.1667,215142700
2025-08-21,174.85001,176.89999,173.81,174.98,174.74725,140040900
2025-08-22,172.61,178.59,171.2,177.99001,177.75325,172789400
2025-08-25,178.35001,181.91,176.57001,179.81,179.57083,163012800
2025-08-26,180.06,182.39,178.81,181.77,181.52823,168688200
2025-08-27,181.98,182.49001,179.10001,181.60001,181.35846,235518900
2025-08-28,180.82001,184.47,176.41,180.17,179.93036,281787800
2025-08-29,178.11,178.14999,173.14999,174.17999,173.94832,243257900
2025-09-02,170,172.38,167.22,170.78,170.55284,231164900
2025-09-03,171.06,172.41,168.88,170.62,170.39307,164424900
2025-09-04,170.57001,171.86,169.41,171.66,171.43169,141670100
2025-09-05,168.03,169.03,164.07001,167.02,166.79785,224441400
2025-09-08,167.55,170.96001,167.35001,168.31,168.08614,163769100
2025-09-09,169.09,170.98,166.74001,170.75999,170.53287,157548400
2025-09-10,176.64,179.28999,175.47,177.33,177.09413,226852000
2025-09-11,179.67999,180.28,176.48,177.17,176.94432,151159300
2025-09-12,177.77,178.60001,176.45,177.82001,177.59349,124911000
2025-09-15,175.67,178.85001,174.50999,177.75,177.52357,147061600
2025-09-16,177,177.5,174.38,174.88,174.65724,140737800
2025-09-17,172.64,173.2,168.41,170.28999,170.07309,211843800
2025-09-18,173.98,177.10001,172.96001,176.24001,176.01552,191763300
2025-09-19,175.77,178.08,175.17999,176.67,176.44495,237182100
2025-09-22,175.3,184.55,174.71001,183.61,183.37613,269637000
2025-09-23,181.97,182.42,176.21001,178.42999,178.20271,192559600
2025-09-24,179.77,179.78,175.39999,176.97,176.74457,143564100
2025-09-25,174.48,180.25999,173.13,177.69,177.46367,191586700
2025-09-26,178.17,179.77,174.92999,178.19,177.96303,148573700
2025-09-29,180.42999,184,180.32001,181.85001,181.61838,193063500
2025-09-30,182.08,187.35001,181.48,186.58,186.34233,236981000
2025-10-01,185.24001,188.14,183.89999,187.24001,187.00151,173844900
2025-10-02,189.60001,191.05,188.06,188.89,188.6494,136805800
2025-10-03,189.19,190.36,185.38,187.62,187.381,137596900
2025-10-06,185.5,187.23,183.33,185.53999,185.30365,157678100
2025-10-07,186.23,189.06,184,185.03999,184.80429,140088000
2025-10-08,186.57001,189.60001,186.53999,189.11,188.86911,130168900
2025-10-09,192.23,195.3,191.06,192.57001,192.32471,182997200
2025-10-10,193.50999,195.62,182.05,183.16,182.9267,268774400
2025-10-13,187.97,190.11,185.96001,188.32001,188.08012,153482800
2025-10-14,184.77,184.8,179.7,180.03,179.80067,205641400
2025-10-15,184.8,184.87,177.28999,179.83,179.60094,214450500
2025-10-16,182.23,183.28,179.77,181.81,181.57841,179723300
2025-10-17,180.17999,184.10001,179.75,183.22,182.98662,173135200
2025-10-20,183.13,185.2,181.73,182.64,182.40736,128544700
2025-10-21,182.78999,182.78999,179.8,181.16,180.92924,124240200
2025-10-22,181.14,183.44,176.75999,180.28,180.05035,162249600
2025-10-23,180.42,183.03,179.78999,182.16,181.92796,111363700
2025-10-24,183.84,187.47,183.5,186.25999,186.02272,131296700
2025-10-27,189.99001,192,188.42999,191.49001,191.24608,153452700
2025-10-28,193.05,203.14999,191.91,201.03,200.77394,297986200
2025-10-29,207.98,212.19,204.78,207.03999,206.77628,308829600
2025-10-30,205.14999,206.16,201.41,202.89,202.63156,178864400
2025-10-31,206.45,207.97,202.07001,202.49001,202.23207,179802200
2025-11-03,208.08,211.34,205.56,206.88,206.61647,180267300
2025-11-04,203,203.97,197.92999,198.69,198.4369,188919300
2025-11-05,198.77,202.92,194.64999,195.21001,194.96135,171350300
2025-11-06,196.42,197.62,186.38,188.08,187.84044,223029800
2025-11-07,184.89999,188.32001,178.91,188.14999,187.91032,264942300
2025-11-10,195.11,199.94,193.78999,199.05,198.79646,198897100
2025-11-11,195.16,195.42,191.3,193.16,192.91396,176483300
2025-11-12,195.72,195.89,191.13,193.8,193.55313,154935300
2025-11-13,191.05,191.44,183.85001,186.86,186.62198,207423100
2025-11-14,182.86,191.00999,180.58,190.17,189.92775,186591900
2025-11-17,185.97,189,184.32001,186.60001,186.36232,173628900
2025-11-18,183.38,184.8,179.64999,181.36,181.12898,213598900
2025-11-19,184.78999,187.86,182.83,186.52,186.28241,247246400
2025-11-20,195.95,196,179.85001,180.64,180.4099,343504800
2025-11-21,181.24001,184.56,172.92999,178.88,178.65213,346926200
2025-11-24,179.49001,183.5,176.48,182.55,182.31746,256618300
2025-11-25,174.91,178.16,169.55,177.82001,177.59349,320600300
2025-11-26,181.63,182.91,178.24001,180.25999,180.03036,183852000
2025-11-28,179.00999,179.28999,176.5,177,176.77454,121332800
2025-12-01,174.75999,180.3,173.67999,179.92,179.69083,188131000
2025-12-02,181.75999,185.66,180,181.46001,181.22887,182632200
2025-12-03,181.08,182.45,179.11,179.59,179.36124,165138000
2025-12-04,181.62,184.52,179.96001,183.38,183.1566,167364900
2025-12-05,183.89,184.66,180.91,182.41,182.18779,143971100
2025-12-08,182.64,188,182.39999,185.55,185.32397,204378100
2025-12-09,185.56,185.72,183.32001,184.97,184.74467,144719700
2025-12-10,184.97,185.48,182.03999,183.78,183.55612,162785400
2025-12-11,180.28,181.32001,176.62,180.92999,180.70958,182136600
2025-12-12,181.11,182.82001,174.62,175.02,174.80679,204274900
2025-12-15,177.94,178.42,175.03,176.28999,176.07523,164775600
2025-12-16,176.25999,178.49001,174.89999,177.72,177.50349,148588100
2025-12-17,176.10001,176.13,170.31,170.94,170.73175,222775500
2025-12-18,174.53,176.14999,171.82001,174.14,173.92786,176096000
2025-12-19,176.67,181.45,176.34,180.99001,180.76953,324925900
2025-12-22,183.92,184.16,182.35001,183.69,183.46623,129064400
2025-12-23,182.97,189.33,182.89999,189.21001,188.97952,174873600
2025-12-24,187.94,188.91,186.59,188.61,188.38023,65528500
2025-12-26,189.92,192.69,188,190.53,190.2979,139740300
2025-12-29,187.71001,188.75999,185.91,188.22,187.99071,120006100
2025-12-30,188.24001,188.99001,186.92999,187.53999,187.31154,97687300
2025-12-31,189.57001,190.56,186.49001,186.5,186.2728,120100500
2026-01-02,189.84,192.92999,188.25999,188.85001,188.61995,148240500
2026-01-05,191.75999,193.63,186.14999,188.12,187.89084,183529700
2026-01-06,190.52,192.17,186.82001,187.24001,187.01192,176862600
2026-01-07,188.57001,191.37,186.56,189.11,188.87962,153543200
2026-01-08,189.11,189.55,183.71001,185.03999,184.81458,172457000
2026-01-09,185.08,186.34,183.67,184.86,184.6348,131327500
2026-01-12,183.22,187.12,183.02,184.94,184.71471,137968500
2026-01-13,185,188.11,183.39999,185.81,185.58365,160128900
2026-01-14,184.32001,184.46001,180.8,183.14,182.9169,159586100
2026-01-15,186.5,189.7,186.33,187.05,186.82213,206188600
2026-01-16,189.08,190.44,186.08,186.23,186.00313,187967200
2026-01-20,181.89999,182.38,177.61,178.07001,177.85309,223345300
2026-01-21,179.05,185.38,178.39999,183.32001,183.09669,200381000
2026-01-22,184.75,186.17,183.92999,184.84,184.61482,139636600
2026-01-23,187.5,189.60001,186.82001,187.67,187.44138,142748100
2026-01-26,187.16,189.12,185.99001,186.47,186.24284,124799600
2026-01-27,187.24001,190,185.7,188.52,188.29034,143711600
2026-01-28,191.27,192.35001,189.84,191.52,191.28668,148552700
2026-01-29,191.34,193.48,186.06,192.50999,192.27548,171764400
2026-01-30,191.21001,194.49001,189.47,191.13,190.89717,179489500
2026-02-02,187.2,190.3,184.88,185.61,185.38388,165794100
2026-02-03,186.24001,186.27,176.23,180.34,180.1203,204019600
2026-02-04,179.46001,179.58,171.91,174.19,173.97781,207014100
2026-02-05,174.92999,176.82001,171.03,171.88,171.67062,206312900
2026-02-06,176.69,187,174.60001,185.41,185.18414,231346200
2026-02-09,184.25999,193.66,183.95,190.03999,189.80849,196387400
2026-02-10,191.38,192.48,188.12,188.53999,188.31032,136764800
2026-02-11,192.45,193.25999,188.77,190.05,189.8185,144192700
2026-02-12,193.03,193.61,186.50999,186.94,186.71228,189932500
2026-02-13,187.48,187.5,181.59,182.81,182.5873,161888000
2026-02-17,181.75,187.14999,179.17999,184.97,184.74467,162276900
2026-02-18,188.75,190.37,186.75999,187.98,187.75099,164749100
2026-02-19,187.06,188.42999,185.66,187.89999,187.6711,126554500
2026-02-20,186.57001,190.33,185.94,189.82001,189.58878,178422300
2026-02-23,191.39999,193.95,189.58,191.55,191.31665,171584800
2026-02-24,191.49001,193.77,187.39999,192.85001,192.61508,175123600
2026-02-25,194.45,197.63,193.78999,195.56,195.32176,250637100
2026-02-26,194.27,194.28999,184.32001,184.89,184.66476,360807900
2026-02-27,181.25,182.59,176.38,177.19,176.97415,311636500
2026-03-02,175.00999,183.46001,174.64,182.48,182.25771,209095300
2026-03-03,178.49001,180.89999,176.92,180.05,179.83066,178099400
2026-03-04,180.44,184.7,180.06,183.03999,182.81702,177731200
2026-03-05,181.17,184.06,177.88,183.34,183.11664,198779700
2026-03-06,179.84,182.75999,176.82001,177.82001,177.60339,189021900
2026-03-09,176.83,182.91,175.56,182.64999,182.42749,177213600
2026-03-10,182.39999,186.44,182.00999,184.77,184.54491,179118500
2026-03-11,185.91,187.62,184.45,186.03,185.81343,145280400
2026-03-12,184.05,184.94,181.75,183.14,182.9268,155762700
2026-03-13,184.92,186.09,179.94,180.25,180.04016,160988400
2026-03-16,182.97,188.88,181.41,183.22,183.00671,217307400
2026-03-17,185.06,185.39999,181.67999,181.92999,181.7182,182497800
2026-03-18,182.48,183.38,180.33,180.39999,180.18999,156683100
2026-03-19,178.00999,179.98,175.78999,178.56,178.35213,170968500
2026-03-20,178,178.25999,171.72,172.7,172.49895,241323500
2026-03-23,177.25999,178.37,174.75999,175.64,175.43553,182836300
2026-03-24,174.83,176.22,173.98,175.2,174.99603,147667800
2026-03-25,177.10001,181.22,176.85001,178.67999,178.47198,162602100
2026-03-26,176.07001,176.50999,171.14,171.24001,171.04066,186152200
2026-03-27,170,170.97,167.00999,167.52,167.32498,196212700
2026-03-30,168.78,169.45,164.27,165.17,164.97772,185627000
2026-03-31,166.97,174.62,166.96001,174.39999,174.19698,226181300
2026-04-01,176,177.37,174.75,175.75,175.54541,168132000
2026-04-02,172.17999,177.49001,171.37,177.39,177.18349,143143200
2026-04-06,177.16,177.78999,175.75999,177.64,177.4332,107564300
2026-04-07,175.73,178.23,173.66,178.10001,177.89267,132534900
2026-04-08,184.5,185.25999,180.3,182.08,181.86804,147732700
2026-04-09,181.84,184.08,180.62,183.91,183.69591,116428500
2026-04-10,184.31,190,184.3,188.63,188.41042,160459500
2026-04-13,186.03,189.66,185.74001,189.31,189.08961,133648200
2026-04-14,190.84,196.50999,190.77,196.50999,196.28123,161307000
2026-04-15,196.53999,200.39999,195.74001,198.87,198.63849,185338400
2026-04-16,197.42999,199.85001,195.81,198.35001,198.11909,134012900
2026-04-17,199.89999,201.7,199.27,201.67999,201.44521,160324400
2026-04-20,199.98,202.17,197.84,202.06,201.82477,119381400
2026-04-21,202.13,202.75,199,199.88,199.64732,107945300
2026-04-22,200.99001,202.5,199,202.5,202.26427,107501000
2026-04-23,202.46001,203.83,197.22,199.64,199.40759,113561800
2026-04-24,199.96001,210.95,199.81,208.27,208.02754,214134400
2026-04-27,209.64999,216.83,207.38,216.61,216.35783,187172400
2026-04-28,209.49001,214.73,208.2,213.17,212.92184,180275400
2026-04-29,212.7,212.72,207.58,209.25,209.00641,123711800
2026-04-30,209.92999,210.3,198.7,199.57001,199.33768,225239200
2026-05-01,201.28,203,197.12,198.45,198.21898,128647000
2026-05-04,199.5,201.73,194.74001,198.48,198.24893,125368100
2026-05-05,199.3,200.24001,196.03,196.5,196.27124,113406600
2026-05-06,199.89,208.27,198.61,207.83,207.58806,188362800
2026-05-07,208.34,214.2,206.5,211.5,211.25378,168307900
2026-05-08,213.03,217.8,212.89,215.2,214.94948,136421400
2026-05-11,214.03999,222.3,213.89,219.44,219.18454,160685800
2026-05-12,218.55,223.75,214.92,220.78,220.52298,159176600
2026-05-13,224.92999,227.84,221.57001,225.83,225.56711,150405400
2026-05-14,229.85001,236.53999,229.3,235.74001,235.46558,180782900
2026-05-15,229.75999,231.5,224.24001,225.32001,225.05771,180977600
2026-05-18,229.87,230,218.37,222.32001,222.0612,146280900
2026-05-19,219.62,224.48,217.91,220.61,220.35318,140948200
2026-05-20,223.17999,226.13,220.5,223.47,223.20985,184201600
2026-05-21,222.28999,227.39999,217.92999,219.50999,219.25446,203381800
2026-05-22,220.89999,221.00999,214.8,215.33,215.07933,169275700
2026-05-26,216.53999,218.17999,212,214.86,214.60988,187202600
2026-05-27,214.12,214.14999,208.78,212.60001,212.35251,167601200
2026-05-28,211.28,215.52,211.22,214.25,214.00058,143996000
2026-05-29,214.58,217.86,211.13,211.14,210.89421,289410600
2026-06-01,215.73,224.87,215.7,224.36,224.09882,212850700
2026-06-02,227.17999,232.28,221.35001,222.82001,222.56061,193362900
2026-06-03,221.72,222.82001,214.50999,214.75,214.5,160907000
2026-06-04,213.91,221.60001,210.97,218.66,218.66,169022200
2026-06-05,214.53,214.87,204.33,205.10001,205.10001,219655500
2026-06-08,210.17999,210.47,206,208.64,208.64,138372800
2026-06-09,210.62,211.39999,199.34,208.19,208.19,180962500
2026-06-10,204.42999,207.22,199.92,200.42,200.42,161746600
2026-06-11,201.49001,205.66,199.53999,204.87,204.87,158643200
2026-06-12,204.86,207.07001,203.44,205.19,205.19,112001800
2026-06-15,208.92,212.71001,208.34,212.45,212.45,149936700
2026-06-16,211.17999,211.49001,207.28999,207.41,207.41,125694100
2026-06-17,208.53,209.21001,203.08,204.64999,204.64999,128363500
2026-06-18,207.33,211.39,206.5,210.69,210.69,241272000
2026-06-22,211.44,213.99001,207.72,208.64999,208.64999,122041400
2026-06-23,202.17,203.77,200,200.03999,200.03999,153496200
2026-06-24,200.12,201.67,196.58,199,199,151810700
2026-06-25,200.08,200.8,192.13,195.74001,195.74001,149550000
2026-06-26,193.12,195.55,191.22,192.53,192.53,179304100
2026-06-29,193.85001,196.17999,189.8,194.97,194.97,148835700
2026-06-30,197.24001,200.63,195.11,200.09,200.09,166476700
2026-07-01,196.2,199.85001,193.45,197.58,197.58,146147600
2026-07-02,197.14,200.06,192.35001,194.83,194.83,142068700
2026-07-06,194.42,197.55,193.99001,195.55,195.55,108999000
2026-07-07,192.37,198.41,191.14,196.92999,196.92999,124154600
2026-07-08,195.17999,205.16,195.06,204.12,204.12,147419100
2026-07-09,204.46001,204.59,198.96001,202.78,202.78,132037400
2026-07-10,202,211,201.92,210.96001,210.96001,148421000
2026-07-13,208.53999,210.57001,203,203.53,203.53,121411000
2026-07-14,208.2,212.55,203.8,211.8,211.8,124379600
2026-07-15,211.96001,213.81,206.03999,212.5,212.5,124797200
2026-07-16,210.17,211.08,205.85001,207.39999,207.39999,122986100
2026-07-17,202.64,206.64999,197.97,202.81,202.81,144281900
2026-07-20,205.87,207.74001,202.28,203.28,203.28,88701500
2026-07-21,207.53999,208.64999,204.00999,207.28999,207.28999,108685600
2026-07-22,205.81,214.39,204.95,212.06,212.06,137645600
2026-07-23,209.46001,210.87,205.96001,208.75999,208.75999,110505300
2026-07-24,207.45,211.91,204.81,206.84,206.84,114836800
2026-07-27,208.2,208.75,195.44,196.50999,196.50999,154353700
2026-07-28,195,198.7,192.74001,197.00999,197.00999,134111500
2026-07-29,195.85001,197.07001,190.00999,190.00999,190.00999,147680800
2026-07-30,193.45,197.25,191.52,195.03999,195.03999,129010200
2026-07-31,198.44,202,194.95,200.75,200.75,139961200
2026-08-03,197.69,208.74001,196.85001,206.64,206.64,128406900
2026-08-04,211.3,213.06,209.05,211.94,211.94,134922000
2026-08-05,216.86,222.22,216.39999,219.22,219.22,158187400
2026-08-06,221.53,223.63,217,218.99001,218.99001,113940600
2026-08-07,221.53999,224.75999,220.66,223.96001,223.96001,105669400
2026-08-10,223.39999,224.14,216.77,217.55,217.55,115846600
2026-08-11,222.17,222.2,216.2,217.5,217.5,101273100
2026-08-12,221.03999,225.10001,220.2,224.09,224.09,108783600
2026-08-13,225.06,227.23,223.71001,225.3,225.3,98867200
2026-08-14,226.77,227.49001,224.5,225.16,225.16,75680900
2026-08-17,225.98,227.92,224.86,225.00999,225.00999,93678700
2026-08-18,220.45,221.64,218.69,219.74001,219.74001,103128200
2026-08-19,221.67,222.87,216.75999,217.56,217.56,96797300
2026-08-20,218.36,219.86,215.66,216.85001,216.85001,92457000
2026-08-21,218.42,218.74001,214.5,214.72,214.72,98545600