date,open,high,low,close,adjclose,volume
2010-06-29,1.266667,1.666667,1.169333,1.592667,1.592667,281494500
2010-06-30,1.7193331,2.0280001,1.553333,1.588667,1.588667,257806500
2010-07-01,1.666667,1.728,1.351333,1.464,1.464,123282000
2010-07-02,1.5333329,1.54,1.247333,1.28,1.28,77097000
2010-07-06,1.333333,1.333333,1.055333,1.074,1.074,103003500
2010-07-07,1.093333,1.108667,0.998667,1.053333,1.053333,103825500
2010-07-08,1.076,1.168,1.038,1.164,1.164,115671000
2010-07-09,1.1720001,1.193333,1.103333,1.16,1.16,60759000
2010-07-12,1.196667,1.204667,1.133333,1.136667,1.136667,33037500
2010-07-13,1.159333,1.242667,1.126667,1.2093329,1.2093329,40201500
2010-07-14,1.196,1.343333,1.184,1.322667,1.322667,62928000
2010-07-15,1.3293329,1.433333,1.266667,1.326,1.326,56097000
2010-07-16,1.38,1.42,1.3366669,1.376,1.376,39319500
2010-07-19,1.424667,1.483333,1.394667,1.460667,1.460667,37297500
2010-07-20,1.4566669,1.4566669,1.3366669,1.353333,1.353333,27379500
2010-07-21,1.377333,1.393333,1.3,1.348,1.348,18787500
2010-07-22,1.366667,1.416667,1.358,1.4,1.4,14367000
2010-07-23,1.412667,1.437333,1.404,1.419333,1.419333,9804000
2010-07-26,1.433333,1.433333,1.353333,1.396667,1.396667,13833000
2010-07-27,1.3940001,1.4119999,1.350667,1.37,1.37,9295500
2010-07-28,1.37,1.393333,1.3673331,1.381333,1.381333,7008000
2010-07-29,1.384667,1.392,1.333333,1.356667,1.356667,9240000
2010-07-30,1.3466671,1.362667,1.303333,1.3293329,1.3293329,6403500
2010-08-02,1.366667,1.398,1.355333,1.394667,1.394667,10771500
2010-08-03,1.4,1.463333,1.388,1.463333,1.463333,18457500
2010-08-04,1.463333,1.478667,1.39,1.417333,1.417333,13695000
2010-08-05,1.436,1.436667,1.3366669,1.363333,1.363333,11943000
2010-08-06,1.34,1.344,1.301333,1.306,1.306,11128500
2010-08-09,1.326667,1.332,1.296667,1.306667,1.306667,12190500
2010-08-10,1.3099999,1.3099999,1.254667,1.268667,1.268667,19219500
2010-08-11,1.2460001,1.258667,1.1900001,1.193333,1.193333,11964000
2010-08-12,1.186667,1.193333,1.159333,1.173333,1.173333,10365000
2010-08-13,1.212,1.23,1.177333,1.221333,1.221333,9510000
2010-08-16,1.23,1.253333,1.217333,1.252,1.252,7287000
2010-08-17,1.2640001,1.2933331,1.252,1.276667,1.276667,6718500
2010-08-18,1.306,1.306,1.24,1.251333,1.251333,9019500
2010-08-19,1.2359999,1.2833329,1.222,1.252667,1.252667,8686500
2010-08-20,1.243333,1.274,1.234,1.273333,1.273333,4440000
2010-08-23,1.2726671,1.359333,1.266667,1.342,1.342,16321500
2010-08-24,1.2833329,1.314,1.263333,1.28,1.28,10096500
2010-08-25,1.277333,1.332,1.2373331,1.326667,1.326667,7549500
2010-08-26,1.326,1.351333,1.306667,1.316667,1.316667,6507000
2010-08-27,1.316667,1.324667,1.3,1.313333,1.313333,5694000
2010-08-30,1.313333,1.346,1.307333,1.324667,1.324667,10992000
2010-08-31,1.310667,1.319333,1.288667,1.298667,1.298667,3016500
2010-09-01,1.308,1.379333,1.306667,1.363333,1.363333,7423500
2010-09-02,1.358,1.416,1.354,1.404,1.404,7306500
2010-09-03,1.391333,1.42,1.377333,1.4033329,1.4033329,6519000
2010-09-07,1.374,1.4,1.366667,1.369333,1.369333,3651000
2010-09-08,1.377333,1.396667,1.373333,1.393333,1.393333,4326000
2010-09-09,1.4,1.4033329,1.379333,1.380667,1.380667,5643000
2010-09-10,1.383333,1.3953331,1.317333,1.344667,1.344667,5799000
2010-09-13,1.3926671,1.393333,1.366667,1.381333,1.381333,5412000
2010-09-14,1.369333,1.4400001,1.368667,1.408,1.408,9820500
2010-09-15,1.398667,1.4666671,1.386,1.465333,1.465333,10269000
2010-09-16,1.476667,1.544,1.389333,1.396,1.396,40267500
2010-09-17,1.401333,1.421333,1.3200001,1.348667,1.348667,17977500
2010-09-20,1.378,1.423333,1.344,1.404,1.404,14212500
2010-09-21,1.3926671,1.436667,1.378,1.384667,1.384667,11940000
2010-09-22,1.391333,1.396667,1.3200001,1.324667,1.324667,14443500
2010-09-23,1.326,1.342667,1.3,1.304,1.304,10021500
2010-09-24,1.33,1.346,1.3099999,1.34,1.34,8683500
2010-09-27,1.36,1.387333,1.3366669,1.368667,1.368667,6279000
2010-09-28,1.402667,1.432667,1.3839999,1.426667,1.426667,18217500
2010-09-29,1.412667,1.468667,1.408667,1.465333,1.465333,29539500
2010-09-30,1.4666671,1.476667,1.346,1.360667,1.360667,32937000
2010-10-01,1.379333,1.383333,1.354,1.373333,1.373333,8965500
2010-10-04,1.362,1.411333,1.353333,1.399333,1.399333,9654000
2010-10-05,1.41,1.418667,1.400667,1.408,1.408,4980000
2010-10-06,1.404,1.417333,1.3546669,1.364,1.364,4701000
2010-10-07,1.371333,1.376,1.3559999,1.362,1.362,2115000
2010-10-08,1.362,1.386,1.359333,1.362,1.362,4017000
2010-10-11,1.362667,1.38,1.3380001,1.349333,1.349333,2568000
2010-10-12,1.3466671,1.352,1.335333,1.349333,1.349333,3660000
2010-10-13,1.376,1.39,1.3573329,1.369333,1.369333,4773000
2010-10-14,1.4,1.402,1.36,1.383333,1.383333,4422000
2010-10-15,1.3926671,1.393333,1.35,1.369333,1.369333,4270500
2010-10-18,1.368,1.376,1.348,1.348667,1.348667,2442000
2010-10-19,1.3466671,1.360667,1.333333,1.3366669,1.3366669,3678000
2010-10-20,1.344,1.379333,1.336,1.376667,1.376667,4687500
2010-10-21,1.374,1.396667,1.363333,1.383333,1.383333,6256500
2010-10-22,1.378667,1.3953331,1.37,1.381333,1.381333,2416500
2010-10-25,1.396,1.398667,1.382,1.39,1.39,1777500
2010-10-26,1.386667,1.4579999,1.3673331,1.424,1.424,9913500
2010-10-27,1.416667,1.425333,1.376667,1.4,1.4,5347500
2010-10-28,1.426,1.433333,1.397333,1.412667,1.412667,3363000
2010-10-29,1.409333,1.4566669,1.4033329,1.456,1.456,4209000
2010-11-01,1.462667,1.516667,1.4206671,1.427333,1.427333,6837000
2010-11-02,1.445333,1.458667,1.4033329,1.416667,1.416667,4837500
2010-11-03,1.418667,1.5,1.4106669,1.451333,1.451333,5589000
2010-11-04,1.506667,1.6886671,1.476667,1.66,1.66,28110000
2010-11-05,1.658,1.664667,1.581333,1.629333,1.629333,15165000
2010-11-08,1.633333,1.666667,1.602,1.665333,1.665333,7642500
2010-11-09,1.666667,1.712667,1.603333,1.642,1.642,14346000
2010-11-10,1.632,1.998,1.603333,1.957333,1.957333,45907500
2010-11-11,1.906667,1.9400001,1.822,1.869333,1.869333,29179500
2010-11-12,1.883333,2.0333331,1.871333,1.989333,1.989333,40936500
2010-11-15,2.014667,2.1960001,2.014667,2.053333,2.053333,39343500
2010-11-16,2.0666671,2.093333,1.894667,1.978,1.978,20214000
2010-11-17,2.0133331,2.05,1.907333,1.966,1.966,11250000
2010-11-18,2.044667,2.0493331,1.928,1.992667,1.992667,14341500
2010-11-19,2.0106671,2.0913329,1.98,2.066,2.066,17257500
2010-11-22,2.1046669,2.23,2.0999999,2.2266669,2.2266669,22945500
2010-11-23,2.2193329,2.3786671,2.1459999,2.304667,2.304667,23667000
2010-11-24,2.3513329,2.398,2.288667,2.3646669,2.3646669,21375000
2010-11-26,2.373333,2.4000001,2.3166671,2.3546669,2.3546669,5259000
2010-11-29,2.360667,2.396667,2.2219999,2.288667,2.288667,17184000
2010-11-30,2.2493329,2.3553331,2.2273331,2.3553331,2.3553331,33339000
2010-12-01,2.3913331,2.428,2.23,2.29,2.29,19488000
2010-12-02,2.267333,2.2866671,2.0799999,2.156667,2.156667,30105000
2010-12-03,2.1340001,2.1500001,2.0580001,2.099333,2.099333,17401500
2010-12-06,2.0899999,2.0966671,1.970667,2.0206671,2.0206671,19116000
2010-12-07,2.0326669,2.1600001,2.0033331,2.1040001,2.1040001,19669500
2010-12-08,2.165333,2.1659999,2.1013329,2.158,2.158,9900000
2010-12-09,2.1673329,2.1813331,2.1099999,2.136667,2.136667,6090000
2010-12-10,2.136667,2.1946671,2.0753331,2.1013329,2.1013329,6441000
2010-12-13,2.109333,2.118,2.0266671,2.0366671,2.0366671,6156000
2010-12-14,2.0193329,2.026,1.850667,1.902,1.902,26485500
2010-12-15,1.911333,1.998,1.902,1.973333,1.973333,11143500
2010-12-16,2,2.060667,1.976667,2.0539999,2.0539999,11851500
2010-12-17,2.0893331,2.1026671,2.047333,2.090667,2.090667,12195000
2010-12-20,2.109333,2.1459999,2.0840001,2.113333,2.113333,7851000
2010-12-21,2.1199999,2.179333,2.1140001,2.150667,2.150667,11665500
2010-12-22,2.1500001,2.1906669,2.113333,2.175333,2.175333,12499500
2010-12-23,2.0840001,2.165333,1.9946671,2.006,2.006,23289000
2010-12-27,1.868,1.905333,1.6706671,1.703333,1.703333,139528500
2010-12-28,1.723333,1.7833329,1.666667,1.760667,1.760667,60844500
2010-12-29,1.802,1.8673331,1.766667,1.848667,1.848667,49788000
2010-12-30,1.8466671,1.86,1.758667,1.766667,1.766667,30616500
2010-12-31,1.771333,1.816667,1.766667,1.775333,1.775333,21268500
2011-01-03,1.789333,1.8,1.726667,1.774667,1.774667,19245000
2011-01-04,1.777333,1.796667,1.7346669,1.778,1.778,17811000
2011-01-05,1.7653331,1.7933331,1.7460001,1.788667,1.788667,21700500
2011-01-06,1.788667,1.866667,1.787333,1.858667,1.858667,30918000
2011-01-07,1.866667,1.905333,1.86,1.8826669,1.8826669,33718500
2011-01-10,1.878,1.9119999,1.87,1.896667,1.896667,20140500
2011-01-11,1.906,1.914,1.794667,1.797333,1.797333,25653000
2011-01-12,1.800667,1.826667,1.768,1.797333,1.797333,14466000
2011-01-13,1.797333,1.798,1.744,1.748,1.748,10854000
2011-01-14,1.743333,1.772,1.707333,1.7166671,1.7166671,17880000
2011-01-18,1.698667,1.7093329,1.65,1.7093329,1.7093329,24325500
2011-01-19,1.684667,1.698,1.583333,1.602,1.602,35572500
2011-01-20,1.602,1.63,1.491333,1.508,1.508,34198500
2011-01-21,1.541333,1.572667,1.5140001,1.536,1.536,18255000
2011-01-24,1.5686671,1.654,1.548667,1.6326669,1.6326669,24676500
2011-01-25,1.643333,1.659333,1.601333,1.6453331,1.6453331,19072500
2011-01-26,1.647333,1.658667,1.606667,1.65,1.65,16198500
2011-01-27,1.649333,1.6720001,1.6353329,1.661333,1.661333,13435500
2011-01-28,1.658667,1.658667,1.583333,1.600667,1.600667,15726000
2011-01-31,1.603333,1.608,1.566667,1.606667,1.606667,12454500
2011-02-01,1.620667,1.648667,1.569333,1.594,1.594,10617000
2011-02-02,1.610667,1.612,1.5779999,1.596,1.596,8542500
2011-02-03,1.5880001,1.593333,1.5433331,1.575333,1.575333,7680000
2011-02-04,1.562667,1.5779999,1.548,1.564,1.564,8160000
2011-02-07,1.550667,1.550667,1.525333,1.538,1.538,13426500
2011-02-08,1.585333,1.683333,1.5333329,1.6326669,1.6326669,52573500
2011-02-09,1.608667,1.612,1.519333,1.547333,1.547333,39534000
2011-02-10,1.550667,1.576,1.520667,1.548,1.548,12541500
2011-02-11,1.55,1.583333,1.529333,1.55,1.55,9517500
2011-02-14,1.576,1.609333,1.536667,1.538667,1.538667,19246500
2011-02-15,1.534,1.544667,1.5039999,1.5226671,1.5226671,14305500
2011-02-16,1.54,1.664667,1.538,1.648667,1.648667,61726500
2011-02-17,1.642,1.699333,1.5700001,1.573333,1.573333,39276000
2011-02-18,1.555333,1.566,1.5306669,1.545333,1.545333,35560500
2011-02-22,1.525333,1.5333329,1.452,1.4579999,1.4579999,30969000
2011-02-23,1.478667,1.5,1.407333,1.455333,1.455333,24084000
2011-02-24,1.452,1.5053329,1.433333,1.502,1.502,15829500
2011-02-25,1.520667,1.59,1.5126669,1.574,1.574,20194500
2011-02-28,1.582667,1.606667,1.566667,1.592667,1.592667,15768000
2011-03-01,1.603333,1.621333,1.58,1.596,1.596,16596000
2011-03-02,1.5880001,1.618667,1.582,1.601333,1.601333,9949500
2011-03-03,1.632,1.652667,1.604,1.624,1.624,9603000
2011-03-04,1.632,1.666,1.585333,1.6633331,1.6633331,23701500
2011-03-07,1.6619999,1.693333,1.646667,1.662667,1.662667,30504000
2011-03-08,1.64,1.664,1.6,1.6440001,1.6440001,20998500
2011-03-09,1.6440001,1.666,1.618,1.648,1.648,13872000
2011-03-10,1.629333,1.6326669,1.582,1.600667,1.600667,15255000
2011-03-11,1.59,1.616667,1.5686671,1.6046669,1.6046669,13962000
2011-03-14,1.5880001,1.6,1.546667,1.55,1.55,17490000
2011-03-15,1.48,1.5306669,1.453333,1.53,1.53,19782000
2011-03-16,1.524,1.55,1.5126669,1.521333,1.521333,17545500
2011-03-17,1.549333,1.562,1.509333,1.520667,1.520667,13839000
2011-03-18,1.546,1.546,1.500667,1.5306669,1.5306669,10318500
2011-03-21,1.536667,1.536667,1.502667,1.5153331,1.5153331,6175500
2011-03-22,1.5153331,1.524,1.4666671,1.479333,1.479333,8743500
2011-03-23,1.474,1.4846669,1.451333,1.480667,1.480667,6342000
2011-03-24,1.476,1.492,1.465333,1.488667,1.488667,6933000
2011-03-25,1.495333,1.5333329,1.493333,1.516667,1.516667,8520000
2011-03-28,1.513333,1.569333,1.503333,1.55,1.55,15871500
2011-03-29,1.553333,1.6,1.547333,1.594667,1.594667,11331000
2011-03-30,1.6073329,1.6326669,1.534,1.580667,1.580667,18349500
2011-03-31,1.77,1.914,1.766667,1.85,1.85,172767000
2011-04-01,1.83,1.878667,1.771333,1.777333,1.777333,42972000
2011-04-04,1.788667,1.8,1.682,1.722,1.722,39139500
2011-04-05,1.726667,1.8,1.712667,1.78,1.78,47713500
2011-04-06,1.799333,1.800667,1.72,1.766,1.766,19324500
2011-04-07,1.79,1.862667,1.763333,1.816,1.816,42154500
2011-04-08,1.838667,1.84,1.757333,1.766,1.766,29196000
2011-04-11,1.764667,1.768667,1.668,1.684667,1.684667,20541000
2011-04-12,1.6720001,1.680667,1.62,1.643333,1.643333,20361000
2011-04-13,1.675333,1.712667,1.654,1.6619999,1.6619999,18172500
2011-04-14,1.658,1.685333,1.613333,1.676,1.676,14751000
2011-04-15,1.71,1.745333,1.694,1.705333,1.705333,14152500
2011-04-18,1.675333,1.7079999,1.624,1.668667,1.668667,15508500
2011-04-19,1.684,1.684,1.643333,1.677333,1.677333,8230500
2011-04-20,1.713333,1.739333,1.686667,1.7166671,1.7166671,12558000
2011-04-21,1.723333,1.798667,1.706,1.782667,1.782667,20791500
2011-04-25,1.78,1.7819999,1.731333,1.759333,1.759333,12013500
2011-04-26,1.777333,1.816667,1.7539999,1.795333,1.795333,21000000
2011-04-27,1.795333,1.824,1.775333,1.805333,1.805333,14953500
2011-04-28,1.804667,1.846,1.781333,1.844,1.844,24000000
2011-04-29,1.846,1.858,1.8279999,1.84,1.84,10890000
2011-05-02,1.84,1.853333,1.804,1.83,1.83,11769000
2011-05-03,1.825333,1.826,1.766667,1.791333,1.791333,13708500
2011-05-04,1.785333,1.8,1.7166671,1.779333,1.779333,15667500
2011-05-05,1.813333,1.8293329,1.7446671,1.7626669,1.7626669,18277500
2011-05-06,1.7933331,1.8466671,1.774667,1.808,1.808,14725500
2011-05-09,1.8,1.866667,1.79,1.860667,1.860667,13746000
2011-05-10,1.8826669,1.9299999,1.860667,1.888667,1.888667,23029500
2011-05-11,1.88,1.886667,1.794667,1.804667,1.804667,14437500
2011-05-12,1.804667,1.849333,1.776667,1.844667,1.844667,9420000
2011-05-13,1.866667,1.879333,1.8200001,1.8366669,1.8366669,9922500
2011-05-16,1.8660001,1.8660001,1.77,1.773333,1.773333,11335500
2011-05-17,1.8,1.8,1.714667,1.730667,1.730667,18513000
2011-05-18,1.74,1.764667,1.701333,1.756667,1.756667,10942500
2011-05-19,1.802,1.896,1.773333,1.88,1.88,39826500
2011-05-20,1.8839999,1.8853329,1.823333,1.8646671,1.8646671,12637500
2011-05-23,1.841333,1.841333,1.774667,1.788,1.788,12954000
2011-05-24,1.801333,1.833333,1.773333,1.781333,1.781333,9205500
2011-05-25,1.7933331,1.934,1.7446671,1.932,1.932,70396500
2011-05-26,1.921333,1.984,1.873333,1.965333,1.965333,50053500
2011-05-27,1.9693331,1.978,1.921333,1.97,1.97,25306500
2011-05-31,1.979333,2.018667,1.97,2.0093329,2.0093329,49357500
2011-06-01,2,2.0066669,1.892,1.901333,1.901333,22948500
2011-06-02,1.901333,1.954667,1.900667,1.917333,1.917333,14794500
2011-06-03,1.996667,2.0999999,1.9666671,2.008667,2.008667,93138000
2011-06-06,2.0066669,2.008667,1.8839999,1.9133331,1.9133331,34966500
2011-06-07,1.929333,1.9593329,1.8839999,1.891333,1.891333,18331500
2011-06-08,1.896,1.906667,1.801333,1.808,1.808,25438500
2011-06-09,1.828667,1.873333,1.806667,1.841333,1.841333,24048000
2011-06-10,1.834667,1.886667,1.823333,1.8573329,1.8573329,23499000
2011-06-13,1.871333,1.925333,1.858667,1.8953331,1.8953331,25701000
2011-06-14,1.902667,1.98,1.901333,1.906667,1.906667,23601000
2011-06-15,1.896,1.896667,1.804667,1.8213331,1.8213331,20175000
2011-06-16,1.844667,1.866667,1.716,1.766667,1.766667,27633000
2011-06-17,1.791333,1.8466671,1.742667,1.766667,1.766667,25710000
2011-06-20,1.752667,1.7640001,1.7,1.734,1.734,23067000
2011-06-21,1.749333,1.848667,1.733333,1.835333,1.835333,22440000
2011-06-22,1.824667,1.883333,1.806667,1.814,1.814,22134000
2011-06-23,1.813333,1.848,1.747333,1.847333,1.847333,17550000
2011-06-24,1.842667,1.8646671,1.817333,1.8380001,1.8380001,54127500
2011-06-27,1.848667,1.8853329,1.820667,1.830667,1.830667,27141000
2011-06-28,1.852667,1.883333,1.844667,1.874,1.874,13338000
2011-06-29,1.9,1.939333,1.871333,1.886,1.886,21927000
2011-06-30,1.9,1.955333,1.893333,1.942,1.942,14200500
2011-07-01,1.938,1.973333,1.92,1.934667,1.934667,12823500
2011-07-05,1.934667,1.9680001,1.914,1.942667,1.942667,14940000
2011-07-06,1.942667,1.942667,1.9033329,1.930667,1.930667,13903500
2011-07-07,1.942667,2,1.934,1.982,1.982,19918500
2011-07-08,1.992667,1.992667,1.906,1.9206671,1.9206671,18609000
2011-07-11,1.893333,1.902,1.866667,1.89,1.89,14637000
2011-07-12,1.891333,1.939333,1.866667,1.878,1.878,15681000
2011-07-13,1.8953331,1.935333,1.86,1.909333,1.909333,15990000
2011-07-14,1.902,1.930667,1.816667,1.840667,1.840667,17385000
2011-07-15,1.852667,1.855333,1.826667,1.838667,1.838667,10635000
2011-07-18,1.822667,1.83,1.775333,1.815333,1.815333,12778500
2011-07-19,1.838667,1.874,1.836,1.859333,1.859333,15391500
2011-07-20,1.866667,2.0293331,1.853333,1.912667,1.912667,45724500
2011-07-21,1.927333,1.944,1.873333,1.9133331,1.9133331,15172500
2011-07-22,1.9133331,1.9693331,1.9033329,1.952667,1.952667,8752500
2011-07-25,1.934,1.95,1.896,1.899333,1.899333,10099500
2011-07-26,1.887333,1.918,1.8646671,1.866667,1.866667,11409000
2011-07-27,1.9,1.9,1.834,1.842667,1.842667,14377500
2011-07-28,1.84,1.9033329,1.836,1.878,1.878,14080500
2011-07-29,1.853333,1.893333,1.833333,1.878,1.878,14223000
2011-08-01,1.911333,1.932,1.880667,1.918,1.918,17473500
2011-08-02,1.912667,1.946667,1.818,1.822667,1.822667,23241000
2011-08-03,1.833333,1.855333,1.756,1.813333,1.813333,26917500
2011-08-04,1.767333,1.792667,1.644667,1.65,1.65,45967500
2011-08-05,1.666,1.692,1.522,1.6160001,1.6160001,29466000
2011-08-08,1.54,1.629333,1.54,1.576,1.576,39127500
2011-08-09,1.61,1.696667,1.58,1.6706671,1.6706671,20001000
2011-08-10,1.696,1.696,1.575333,1.5880001,1.5880001,23463000
2011-08-11,1.602667,1.7166671,1.6,1.686667,1.686667,12547500
2011-08-12,1.7066669,1.809333,1.690667,1.7539999,1.7539999,15136500
2011-08-15,1.774667,1.7833329,1.728667,1.748667,1.748667,11079000
2011-08-16,1.742,1.769333,1.722,1.74,1.74,8065500
2011-08-17,1.759333,1.776667,1.700667,1.722,1.722,9655500
2011-08-18,1.666667,1.676667,1.564667,1.6173331,1.6173331,15849000
2011-08-19,1.590667,1.6146671,1.4666671,1.486667,1.486667,20629500
2011-08-22,1.5406671,1.5866669,1.445333,1.463333,1.463333,14791500
2011-08-23,1.462,1.5406671,1.433333,1.5306669,1.5306669,13035000
2011-08-24,1.54,1.595333,1.522,1.591333,1.591333,10264500
2011-08-25,1.591333,1.591333,1.526667,1.5406671,1.5406671,10197000
2011-08-26,1.5140001,1.5966671,1.471333,1.582,1.582,11427000
2011-08-29,1.6146671,1.656667,1.601333,1.647333,1.647333,12051000
2011-08-30,1.633333,1.651333,1.6059999,1.642,1.642,5493000
2011-08-31,1.6533329,1.7,1.618667,1.649333,1.649333,12357000
2011-09-01,1.6440001,1.658,1.5893331,1.6,1.6,12721500
2011-09-02,1.577333,1.599333,1.512,1.538,1.538,11548500
2011-09-06,1.5,1.546667,1.4859999,1.529333,1.529333,12147000
2011-09-07,1.559333,1.6,1.552,1.5893331,1.5893331,6888000
2011-09-08,1.572,1.602,1.552,1.574,1.574,7585500
2011-09-09,1.558,1.5713331,1.503333,1.531333,1.531333,10039500
2011-09-12,1.5,1.554,1.496667,1.525333,1.525333,8499000
2011-09-13,1.534,1.606667,1.516667,1.605333,1.605333,10897500
2011-09-14,1.616667,1.656,1.586,1.622667,1.622667,12462000
2011-09-15,1.638667,1.6619999,1.622,1.654667,1.654667,8439000
2011-09-16,1.652,1.722667,1.6326669,1.72,1.72,21256500
2011-09-19,1.6633331,1.720667,1.5880001,1.7180001,1.7180001,17361000
2011-09-20,1.732,1.773333,1.711333,1.734,1.734,17706000
2011-09-21,1.73,1.796667,1.713333,1.723333,1.723333,14814000
2011-09-22,1.7093329,1.740667,1.658667,1.708667,1.708667,11637000
2011-09-23,1.699333,1.774667,1.6900001,1.758667,1.758667,17346000
2011-09-26,1.768,1.768,1.66,1.701333,1.701333,14022000
2011-09-27,1.733333,1.799333,1.704667,1.7460001,1.7460001,10117500
2011-09-28,1.733333,1.766667,1.6339999,1.639333,1.639333,10849500
2011-09-29,1.714667,1.721333,1.5700001,1.608,1.608,13944000
2011-09-30,1.6533329,1.659333,1.566,1.626,1.626,20041500
2011-10-03,1.6633331,1.666667,1.55,1.582,1.582,15348000
2011-10-04,1.552667,1.621333,1.528667,1.577333,1.577333,18004500
2011-10-05,1.602,1.722667,1.556667,1.6913331,1.6913331,18442500
2011-10-06,1.6913331,1.84,1.668,1.797333,1.797333,26536500
2011-10-07,1.798667,1.84,1.736667,1.799333,1.799333,19674000
2011-10-10,1.820667,1.878667,1.8,1.858667,1.858667,13852500
2011-10-11,1.834,1.851333,1.806,1.840667,1.840667,8635500
2011-10-12,1.816667,1.866667,1.813333,1.853333,1.853333,16851000
2011-10-13,1.842,1.898,1.8293329,1.862667,1.862667,15652500
2011-10-14,1.866667,1.9033329,1.817333,1.87,1.87,21007500
2011-10-17,1.8573329,1.866667,1.817333,1.8279999,1.8279999,11317500
2011-10-18,1.8200001,1.8953331,1.7806669,1.889333,1.889333,14995500
2011-10-19,1.868,1.870667,1.8200001,1.8380001,1.8380001,11893500
2011-10-20,1.8293329,1.831333,1.8,1.822667,1.822667,14995500
2011-10-21,1.826667,1.886667,1.800667,1.868667,1.868667,17139000
2011-10-24,1.858,1.926,1.85,1.9033329,1.9033329,14109000
2011-10-25,1.882,1.924,1.853333,1.883333,1.883333,9816000
2011-10-26,1.879333,1.891333,1.826667,1.865333,1.865333,7657500
2011-10-27,1.889333,1.9299999,1.874,1.917333,1.917333,13041000
2011-10-28,1.9,2,1.8673331,1.991333,1.991333,18960000
2011-10-31,1.9666671,1.967333,1.916667,1.9579999,1.9579999,17010000
2011-11-01,1.8926671,1.928,1.866667,1.925333,1.925333,9528000
2011-11-02,1.933333,1.950667,1.883333,1.914,1.914,13129500
2011-11-03,2,2.1659999,1.968667,2.164,2.164,37645500
2011-11-04,2.097333,2.1600001,2.0339999,2.154,2.154,45493500
2011-11-07,2.109333,2.133333,2.05,2.084667,2.084667,18994500
2011-11-08,2.0913329,2.133333,2.0480001,2.1226671,2.1226671,17518500
2011-11-09,2.0580001,2.099333,2.02,2.0586669,2.0586669,14305500
2011-11-10,2.0626669,2.0999999,2.0433331,2.0886669,2.0886669,11209500
2011-11-11,2.126667,2.3,2.0380001,2.242667,2.242667,58024500
2011-11-14,2.2,2.2360001,2.1746669,2.2146671,2.2146671,19885500
2011-11-15,2.1946671,2.2933331,2.1819999,2.2620001,2.2620001,13365000
2011-11-16,2.2320001,2.333333,2.2266669,2.3293331,2.3293331,27498000
2011-11-17,2.3,2.3266671,2.212667,2.245333,2.245333,20239500
2011-11-18,2.242667,2.2739999,2.169333,2.1733329,2.1733329,13542000
2011-11-21,2.162667,2.162667,2.0699999,2.1173329,2.1173329,15474000
2011-11-22,2.1173329,2.1860001,2.0699999,2.138,2.138,10989000
2011-11-23,2.1173329,2.136667,2.083333,2.0966671,2.0966671,6777000
2011-11-25,2.103333,2.1606669,2.072,2.110667,2.110667,3594000
2011-11-28,2.133333,2.218667,2.120667,2.1706669,2.1706669,10218000
2011-11-29,2.1659999,2.2046671,2.1086669,2.116667,2.116667,8866500
2011-11-30,2.166667,2.195333,2.148,2.182667,2.182667,11404500
2011-12-01,2.1713331,2.266,2.132,2.1733329,2.1733329,15453000
2011-12-02,2.1886671,2.2460001,2.1600001,2.22,2.22,12042000
2011-12-05,2.235333,2.333333,2.228667,2.294667,2.294667,17401500
2011-12-06,2.28,2.332,2.268667,2.324667,2.324667,14277000
2011-12-07,2.3086669,2.326,2.2533331,2.2793331,2.2793331,10114500
2011-12-08,2.056,2.1099999,1.974,2.0593331,2.0593331,49587000
2011-12-09,2.036,2.074667,2.018667,2.0693331,2.0693331,18592500
2011-12-12,2.0293331,2.041333,2.001333,2.027333,2.027333,11380500
2011-12-13,2.0380001,2.062,1.927333,1.963333,1.963333,14911500
2011-12-14,1.9666671,1.978667,1.866667,1.902,1.902,17458500
2011-12-15,1.911333,1.944667,1.874667,1.908,1.908,10504500
2011-12-16,1.919333,1.9286669,1.865333,1.866667,1.866667,15445500
2011-12-19,1.872667,1.9,1.824667,1.85,1.85,14805000
2011-12-20,1.87,1.896667,1.848,1.86,1.86,12649500
2011-12-21,1.860667,1.871333,1.735333,1.8380001,1.8380001,25582500
2011-12-22,1.84,1.87,1.8200001,1.851333,1.851333,15141000
2011-12-23,1.866667,1.866667,1.834667,1.86,1.86,8871000
2011-12-27,1.844,1.918,1.842667,1.904667,1.904667,11662500
2011-12-28,1.932667,1.949333,1.869333,1.900667,1.900667,8628000
2011-12-29,1.906,1.956,1.9033329,1.915333,1.915333,7323000
2011-12-30,1.899333,1.932,1.883333,1.904,1.904,5097000
2012-01-03,1.929333,1.9666671,1.843333,1.872,1.872,13921500
2012-01-04,1.880667,1.911333,1.833333,1.847333,1.847333,9451500
2012-01-05,1.850667,1.862,1.79,1.808,1.808,15082500
2012-01-06,1.813333,1.852667,1.760667,1.794,1.794,14794500
2012-01-09,1.8,1.832667,1.741333,1.816667,1.816667,13455000
2012-01-10,1.8293329,1.850667,1.816667,1.841333,1.841333,10077000
2012-01-11,1.841333,1.892,1.8200001,1.882,1.882,10084500
2012-01-12,1.898667,1.908,1.854,1.883333,1.883333,10939500
2012-01-13,1.893333,1.9,1.509333,1.519333,1.519333,82506000
2012-01-17,1.774667,1.822667,1.760667,1.773333,1.773333,69774000
2012-01-18,1.779333,1.7920001,1.75,1.787333,1.787333,18903000
2012-01-19,1.812667,1.849333,1.774,1.784,1.784,18694500
2012-01-20,1.7933331,1.8,1.76,1.773333,1.773333,9934500
2012-01-23,1.787333,1.814,1.773333,1.784667,1.784667,8919000
2012-01-24,1.775333,1.845333,1.7626669,1.8279999,1.8279999,12870000
2012-01-25,1.818,1.8673331,1.803333,1.8646671,1.8646671,9168000
2012-01-26,1.871333,1.972,1.866667,1.929333,1.929333,19066500
2012-01-27,1.9,1.981333,1.9,1.955333,1.955333,11226000
2012-01-30,1.966,1.974,1.902,1.971333,1.971333,10935000
2012-01-31,1.993333,2,1.924667,1.938,1.938,14346000
2012-02-01,1.938,1.98,1.933333,1.972,1.972,7848000
2012-02-02,1.981333,2.0586669,1.974,2.0166669,2.0166669,12085500
2012-02-03,2.027333,2.0886669,2.0166669,2.0766671,2.0766671,11467500
2012-02-06,2.073333,2.126667,2.0699999,2.1199999,2.1199999,9781500
2012-02-07,2.1199999,2.1199999,2.054667,2.106667,2.106667,15324000
2012-02-08,2.106667,2.1340001,2.086,2.1286671,2.1286671,9355500
2012-02-09,2.133333,2.1933329,2.0953331,2.1719999,2.1719999,19156500
2012-02-10,2.150667,2.1513331,1.989333,2.073333,2.073333,28113000
2012-02-13,2.103333,2.1373329,2.0599999,2.099333,2.099333,17368500
2012-02-14,2.1159999,2.252667,2.093333,2.211333,2.211333,27162000
2012-02-15,2.2066669,2.2939999,2.1513331,2.24,2.24,41427000
2012-02-16,2.2333331,2.300667,2.169333,2.278667,2.278667,33295500
2012-02-17,2.266,2.3313329,2.2333331,2.3313329,2.3313329,20650500
2012-02-21,2.324667,2.324667,2.2539999,2.3,2.3,17037000
2012-02-22,2.3,2.314667,2.166667,2.281333,2.281333,24819000
2012-02-23,2.266,2.3313329,2.2373331,2.302,2.302,12306000
2012-02-24,2.2820001,2.301333,2.2179999,2.25,2.25,14398500
2012-02-27,2.2273331,2.2666669,2.2,2.241333,2.241333,9090000
2012-02-28,2.242667,2.296,2.211333,2.2539999,2.2539999,9183000
2012-02-29,2.2539999,2.274667,2.2093329,2.2273331,2.2273331,8035500
2012-03-01,2.234,2.3,2.2206669,2.2939999,2.2939999,10552500
2012-03-02,2.2933331,2.3,2.247333,2.2693329,2.2693329,8250000
2012-03-05,2.29,2.2933331,2.2306671,2.251333,2.251333,7005000
2012-03-06,2.2166669,2.218667,2.1746669,2.2073331,2.2073331,8607000
2012-03-07,2.2079999,2.2206669,2.194,2.2079999,2.2079999,5473500
2012-03-08,2.2073331,2.232667,2.202667,2.2046671,2.2046671,9499500
2012-03-09,2.2133329,2.3540001,2.2133329,2.316,2.316,23301000
2012-03-12,2.3126669,2.419333,2.3066671,2.400667,2.400667,29449500
2012-03-13,2.434,2.439333,2.366667,2.4059999,2.4059999,15024000
2012-03-14,2.4000001,2.4000001,2.3199999,2.3526671,2.3526671,12772500
2012-03-15,2.352,2.3653331,2.3186669,2.333333,2.333333,8574000
2012-03-16,2.3266671,2.3926671,2.322,2.3546669,2.3546669,10939500
2012-03-19,2.350667,2.3546669,2.3026669,2.332,2.332,15234000
2012-03-20,2.332,2.3466671,2.304667,2.330667,2.330667,8505000
2012-03-21,2.3293331,2.353333,2.3066671,2.343333,2.343333,9108000
2012-03-22,2.3313329,2.343333,2.2866671,2.2933331,2.2933331,7836000
2012-03-23,2.2839999,2.3086669,2.21,2.2720001,2.2720001,17559000
2012-03-26,2.3726671,2.5393331,2.336,2.4933331,2.4933331,47107500
2012-03-27,2.4773331,2.6633329,2.468667,2.5293331,2.5293331,38088000
2012-03-28,2.518667,2.5626669,2.474,2.5233331,2.5233331,14325000
2012-03-29,2.546,2.546,2.468667,2.488667,2.488667,11946000
2012-03-30,2.501333,2.5293331,2.445333,2.482667,2.482667,13296000
2012-04-02,2.488667,2.531333,2.435333,2.4386671,2.4386671,15429000
2012-04-03,2.446667,2.564667,2.4446671,2.5339999,2.5339999,16471500
2012-04-04,2.3513329,2.3659999,2.3126669,2.333333,2.333333,67227000
2012-04-05,2.3399999,2.3626671,2.2939999,2.298667,2.298667,22641000
2012-04-09,2.2733331,2.286,2.2066669,2.21,2.21,24835500
2012-04-10,2.21,2.2566669,2.1400001,2.164,2.164,27715500
2012-04-11,2.2160001,2.2193329,2.1340001,2.2060001,2.2060001,16582500
2012-04-12,2.251333,2.298667,2.1946671,2.2293329,2.2293329,15508500
2012-04-13,2.2626669,2.2693329,2.1900001,2.2393329,2.2393329,9744000
2012-04-16,2.2273331,2.2466669,2.139333,2.1500001,2.1500001,16494000
2012-04-17,2.1619999,2.2046671,2.1359999,2.149333,2.149333,16732500
2012-04-18,2.139333,2.1833329,2.102,2.1773331,2.1773331,12346500
2012-04-19,2.1833329,2.228667,2.166667,2.2106669,2.2106669,11623500
2012-04-20,2.2093329,2.248667,2.1960001,2.2106669,2.2106669,12327000
2012-04-23,2.1906669,2.198,2.1140001,2.129333,2.129333,13362000
2012-04-24,2.1213329,2.146667,2.0666671,2.1213329,2.1213329,10117500
2012-04-25,2.138,2.199333,2.138,2.194,2.194,10683000
2012-04-26,2.1973331,2.2346671,2.194,2.232667,2.232667,6379500
2012-04-27,2.24,2.2420001,2.194,2.222667,2.222667,8865000
2012-04-30,2.2179999,2.224,2.1719999,2.208667,2.208667,6208500
2012-05-01,2.208667,2.2806671,2.208667,2.2520001,2.2520001,9885000
2012-05-02,2.2333331,2.2926669,2.2260001,2.2626669,2.2626669,7459500
2012-05-03,2.2606671,2.2666669,2.142,2.164,2.164,12619500
2012-05-04,2.1546669,2.164,2.093333,2.122,2.122,18712500
2012-05-07,2.130667,2.1719999,2.1073329,2.1646669,2.1646669,17370000
2012-05-08,2.166667,2.1819999,1.9579999,2.0126669,2.0126669,46458000
2012-05-09,2.02,2.051333,1.984,2.0039999,2.0039999,29218500
2012-05-10,2.198,2.312,2.1600001,2.1973331,2.1973331,83344500
2012-05-11,2.1659999,2.2293329,2.1440001,2.1500001,2.1500001,18319500
2012-05-14,2.128,2.142,2.0033331,2.0039999,2.0039999,20713500
2012-05-15,2.017333,2.0639999,1.948,1.962,1.962,23785500
2012-05-16,1.972,2.0120001,1.925333,1.945333,1.945333,18856500
2012-05-17,1.953333,1.9859999,1.8826669,1.904667,1.904667,17235000
2012-05-18,1.891333,1.897333,1.788667,1.837333,1.837333,24247500
2012-05-21,1.838667,1.950667,1.808,1.918,1.918,22128000
2012-05-22,2.0066669,2.0893331,2,2.053333,2.053333,35493000
2012-05-23,2.037333,2.0699999,1.9666671,2.0680001,2.0680001,18306000
2012-05-24,2.083333,2.083333,1.979333,2.018667,2.018667,16134000
2012-05-25,2.0106671,2.027333,1.946667,1.9873331,1.9873331,11355000
2012-05-29,2.0006671,2.1286671,2.0006671,2.1126671,2.1126671,24750000
2012-05-30,2.072,2.094667,2.016,2.027333,2.027333,19608000
2012-05-31,2.004667,2.0193329,1.916667,1.9666671,1.9666671,16780500
2012-06-01,1.902,1.944,1.850667,1.876667,1.876667,13287000
2012-06-04,1.868667,1.8940001,1.807333,1.858667,1.858667,15463500
2012-06-05,1.8559999,1.8926671,1.837333,1.860667,1.860667,9463500
2012-06-06,1.88,1.963333,1.876,1.948,1.948,13648500
2012-06-07,1.9873331,1.991333,1.923333,1.9286669,1.9286669,7381500
2012-06-08,1.924,2.0126669,1.876667,2.0053329,2.0053329,13216500
2012-06-11,2.0206671,2.0666671,1.930667,1.9413331,1.9413331,9540000
2012-06-12,1.948667,1.989333,1.9206671,1.9773329,1.9773329,8535000
2012-06-13,1.97,2.0426669,1.964667,1.9846669,1.9846669,12661500
2012-06-14,2.0120001,2.0433331,1.908,1.9593329,1.9593329,13083000
2012-06-15,1.9593329,1.996667,1.9206671,1.994,1.994,9702000
2012-06-18,1.9960001,2.155333,1.9666671,2.1226671,2.1226671,18852000
2012-06-19,2.1346669,2.1773331,2.0999999,2.139333,2.139333,13666500
2012-06-20,2.2333331,2.3,2.214,2.2520001,2.2520001,51336000
2012-06-21,2.2839999,2.2853329,2.1226671,2.1459999,2.1459999,28378500
2012-06-22,2.1733329,2.2653329,2.164,2.252667,2.252667,45699000
2012-06-25,2.2626669,2.274667,2.1833329,2.2073331,2.2073331,22477500
2012-06-26,2.136667,2.156667,2.0926671,2.1073329,2.1073329,39208500
2012-06-27,2.126667,2.1633329,2.1046669,2.130667,2.130667,15708000
2012-06-28,2.126667,2.140667,2.041333,2.0940001,2.0940001,13711500
2012-06-29,2.186667,2.186667,2.0666671,2.086,2.086,16887000
2012-07-02,2.0899999,2.1199999,2.0126669,2.0266671,2.0266671,19734000
2012-07-03,2.04,2.0666671,2.0266671,2.0439999,2.0439999,14205000
2012-07-05,2.0539999,2.1113329,2.053333,2.082,2.082,18807000
2012-07-06,2.066,2.1153331,2.053333,2.066,2.066,11767500
2012-07-09,2.0626669,2.122,2.044667,2.099333,2.099333,13657500
2012-07-10,2.1026671,2.165333,2.0593331,2.084667,2.084667,11376000
2012-07-11,2.1046669,2.112,2.067333,2.100667,2.100667,9579000
2012-07-12,2.086,2.2006669,2.053333,2.1800001,2.1800001,16885500
2012-07-13,2.198,2.2933331,2.1886671,2.2833331,2.2833331,19572000
2012-07-16,2.2880001,2.4000001,2.26,2.3973329,2.3973329,26160000
2012-07-17,2.333333,2.347333,2.1586671,2.2233329,2.2233329,38539500
2012-07-18,2.094667,2.2446671,2.070667,2.143333,2.143333,43228500
2012-07-19,2.1813331,2.21,2.1359999,2.1513331,2.1513331,21538500
2012-07-20,2.138,2.1500001,2.083333,2.119333,2.119333,23527500
2012-07-23,2.0699999,2.0866671,2.041333,2.0439999,2.0439999,20802000
2012-07-24,2.0439999,2.0693331,1.974667,1.989333,1.989333,22504500
2012-07-25,1.9946671,1.998667,1.916667,1.9299999,1.9299999,42633000
2012-07-26,1.993333,2,1.842667,1.875333,1.875333,33934500
2012-07-27,1.914,1.9773329,1.873333,1.967333,1.967333,25095000
2012-07-30,1.967333,2.0166669,1.814,1.823333,1.823333,30978000
2012-07-31,1.836,1.8646671,1.823333,1.8279999,1.8279999,23626500
2012-08-01,1.8660001,1.8660001,1.735333,1.75,1.75,23884500
2012-08-02,1.789333,1.79,1.701333,1.74,1.74,19576500
2012-08-03,1.7933331,1.8366669,1.782667,1.818,1.818,18142500
2012-08-06,1.8366669,1.9133331,1.8366669,1.884667,1.884667,22923000
2012-08-07,1.918,2.0599999,1.9,2.0166669,2.0166669,35808000
2012-08-08,1.993333,2,1.906,1.939333,1.939333,19633500
2012-08-09,1.9680001,2,1.942,1.960667,1.960667,10089000
2012-08-10,1.954,1.9960001,1.954,1.9960001,1.9960001,10611000
2012-08-13,1.979333,2.0866671,1.9400001,2.0780001,2.0780001,13051500
2012-08-14,2.05,2.0780001,1.950667,1.961333,1.961333,11901000
2012-08-15,1.9593329,1.98,1.9206671,1.96,1.96,7881000
2012-08-16,1.968667,2.026,1.9666671,2.02,2.02,10035000
2012-08-17,2.0193329,2.047333,1.998667,2.0006671,2.0006671,7623000
2012-08-20,2.01,2.026,1.9400001,1.967333,1.967333,17686500
2012-08-21,1.972,2,1.933333,1.940667,1.940667,11424000
2012-08-22,1.934,2.002667,1.934,1.996667,1.996667,11632500
2012-08-23,2,2.0566671,1.976667,2.048667,2.048667,22065000
2012-08-24,2.0039999,2.016,1.960667,1.9666671,1.9666671,21441000
2012-08-27,1.971333,1.98,1.878,1.888,1.888,20256000
2012-08-28,1.893333,1.958667,1.866667,1.912667,1.912667,21040500
2012-08-29,1.899333,1.909333,1.868,1.8940001,1.8940001,12583500
2012-08-30,1.906667,1.916,1.873333,1.8940001,1.8940001,9846000
2012-08-31,1.907333,1.922667,1.88,1.901333,1.901333,8097000
2012-09-04,1.901333,1.932667,1.86,1.876,1.876,11287500
2012-09-05,1.8673331,1.9,1.854,1.862667,1.862667,9589500
2012-09-06,1.866667,1.926667,1.86,1.9033329,1.9033329,12625500
2012-09-07,1.9033329,1.971333,1.9,1.9566669,1.9566669,14298000
2012-09-10,1.946667,1.9566669,1.8200001,1.824667,1.824667,22249500
2012-09-11,1.850667,1.877333,1.826667,1.853333,1.853333,15223500
2012-09-12,1.86,1.905333,1.853333,1.8853329,1.8853329,17178000
2012-09-13,1.904667,1.9666671,1.898667,1.965333,1.965333,22270500
2012-09-14,2,2.0433331,1.976667,2.026,2.026,23049000
2012-09-17,2.156667,2.185333,2.100667,2.169333,2.169333,48192000
2012-09-18,2.1253331,2.126667,2.0453329,2.0893331,2.0893331,26827500
2012-09-19,2.0666671,2.1159999,2.0626669,2.0699999,2.0699999,15727500
2012-09-20,2.062,2.0999999,2.0453329,2.0599999,2.0599999,13686000
2012-09-21,2.073333,2.099333,1.9693331,2.001333,2.001333,28050000
2012-09-24,1.967333,2.0686669,1.96,2.0439999,2.0439999,19528500
2012-09-25,1.908,1.965333,1.835333,1.844,1.844,85206000
2012-09-26,1.844,1.893333,1.832,1.836,1.836,22908000
2012-09-27,1.8546669,1.902667,1.84,1.899333,1.899333,26379000
2012-09-28,1.915333,1.992667,1.907333,1.952,1.952,65151000
2012-10-01,1.9666671,1.992667,1.933333,1.944,1.944,13266000
2012-10-02,1.952,1.992667,1.933333,1.986667,1.986667,10935000
2012-10-03,1.983333,1.996667,1.949333,1.953333,1.953333,15792000
2012-10-04,2,2.0066669,1.91,1.96,1.96,23119500
2012-10-05,1.98,1.9873331,1.9119999,1.926,1.926,14079000
2012-10-08,1.924,1.96,1.907333,1.95,1.95,13345500
2012-10-09,1.9413331,1.9413331,1.883333,1.891333,1.891333,17895000
2012-10-10,1.8926671,1.914667,1.8673331,1.893333,1.893333,7554000
2012-10-11,1.929333,1.932,1.883333,1.888,1.888,6759000
2012-10-12,1.888,1.915333,1.833333,1.842667,1.842667,14814000
2012-10-15,1.868,1.87,1.7906671,1.822,1.822,22030500
2012-10-16,1.844667,1.872667,1.822667,1.870667,1.870667,7189500
2012-10-17,1.883333,1.922667,1.853333,1.921333,1.921333,10020000
2012-10-18,1.932667,1.932667,1.852,1.869333,1.869333,11115000
2012-10-19,1.855333,1.88,1.8200001,1.849333,1.849333,15411000
2012-10-22,1.8660001,1.866667,1.824,1.856667,1.856667,7053000
2012-10-23,1.825333,1.904,1.824667,1.8926671,1.8926671,11235000
2012-10-24,1.901333,1.901333,1.816667,1.8279999,1.8279999,15246000
2012-10-25,1.853333,1.853333,1.83,1.834667,1.834667,8665500
2012-10-26,1.835333,1.853333,1.801333,1.825333,1.825333,7161000
2012-10-31,1.8466671,1.89,1.824667,1.875333,1.875333,11628000
2012-11-01,1.883333,1.966,1.88,1.95,1.95,15361500
2012-11-02,1.951333,1.97,1.9033329,1.928,1.928,15454500
2012-11-05,1.986667,2.1053331,1.955333,2.0999999,2.0999999,30733500
2012-11-06,2.0406671,2.0799999,1.996667,2.0766671,2.0766671,34860000
2012-11-07,2.0666671,2.136667,2.0539999,2.1026671,2.1026671,25717500
2012-11-08,2.067333,2.1253331,2.0626669,2.087333,2.087333,19110000
2012-11-09,2.04,2.062,1.99,2.021333,2.021333,12945000
2012-11-12,2.0193329,2.094667,2.0106671,2.0713329,2.0713329,8338500
2012-11-13,2.086,2.133333,2.0480001,2.1073329,2.1073329,14974500
2012-11-14,2.130667,2.1413331,2.0799999,2.092,2.092,13069500
2012-11-15,2.0866671,2.096,2.0333331,2.054667,2.054667,14760000
2012-11-16,2.0766671,2.133333,2.0393331,2.1226671,2.1226671,13630500
2012-11-19,2.138,2.2166669,2.1226671,2.1946671,2.1946671,20886000
2012-11-20,2.186667,2.2066669,2.1273329,2.2,2.2,13837500
2012-11-21,2.174,2.231333,2.152667,2.1646669,2.1646669,14448000
2012-11-23,2.1733329,2.1886671,2.113333,2.142,2.142,6454500
2012-11-26,2.1400001,2.1533329,2.108,2.1513331,2.1513331,7437000
2012-11-27,2.142,2.1773331,2.1013329,2.143333,2.143333,13662000
2012-11-28,2.133333,2.286,2.1273329,2.215333,2.215333,22878000
2012-11-29,2.2293329,2.2666669,2.1913331,2.2460001,2.2460001,16551000
2012-11-30,2.2420001,2.2853329,2.2006669,2.254667,2.254667,21304500
2012-12-03,2.2593329,2.333333,2.2333331,2.3080001,2.3080001,31285500
2012-12-04,2.2720001,2.3199999,2.2366669,2.26,2.26,18949500
2012-12-05,2.254667,2.2793331,2.238667,2.247333,2.247333,9922500
2012-12-06,2.254667,2.3199999,2.2333331,2.26,2.26,9906000
2012-12-07,2.2866671,2.2993331,2.2566669,2.2780001,2.2780001,9966000
2012-12-10,2.2953329,2.3199999,2.278667,2.304667,2.304667,13947000
2012-12-11,2.3066671,2.366667,2.297333,2.352,2.352,23589000
2012-12-12,2.347333,2.386667,2.3299999,2.350667,2.350667,30957000
2012-12-13,2.350667,2.353333,2.1833329,2.2406671,2.2406671,32269500
2012-12-14,2.2520001,2.2933331,2.2393329,2.2539999,2.2539999,15345000
2012-12-17,2.251333,2.3,2.25,2.2933331,2.2933331,12373500
2012-12-18,2.2839999,2.3380001,2.2839999,2.306,2.306,23308500
2012-12-19,2.3166671,2.350667,2.301333,2.307333,2.307333,19482000
2012-12-20,2.300667,2.3193331,2.27,2.2953329,2.2953329,13818000
2012-12-21,2.2626669,2.2780001,2.238667,2.2666669,2.2666669,22386000
2012-12-24,2.242667,2.29,2.2366669,2.2853329,2.2853329,5637000
2012-12-26,2.2639999,2.3,2.2333331,2.2393329,2.2393329,9021000
2012-12-27,2.2333331,2.2606671,2.2,2.2460001,2.2460001,8416500
2012-12-28,2.225333,2.2433331,2.201333,2.2146671,2.2146671,6211500
2012-12-31,2.2,2.264667,2.2,2.2579999,2.2579999,8923500
2013-01-02,2.333333,2.363333,2.3139999,2.3573329,2.3573329,17922000
2013-01-03,2.3453331,2.363333,2.3166671,2.3180001,2.3180001,11130000
2013-01-04,2.3199999,2.3199999,2.261333,2.2933331,2.2933331,10110000
2013-01-07,2.3199999,2.3199999,2.26,2.2893331,2.2893331,6630000
2013-01-08,2.3,2.3,2.2073331,2.245333,2.245333,19260000
2013-01-09,2.267333,2.2793331,2.2266669,2.242667,2.242667,10470000
2013-01-10,2.2579999,2.266,2.225333,2.235333,2.235333,13837500
2013-01-11,2.2693329,2.2693329,2.140667,2.194,2.194,23448000
2013-01-14,2.205333,2.225333,2.1900001,2.2173331,2.2173331,13876500
2013-01-15,2.2073331,2.2833331,2.205333,2.26,2.26,24363000
2013-01-16,2.2566669,2.2820001,2.248667,2.2733331,2.2733331,20673000
2013-01-17,2.277333,2.323333,2.261333,2.2920001,2.2920001,21550500
2013-01-18,2.316,2.3186669,2.254667,2.301333,2.301333,53326500
2013-01-22,2.3039999,2.3699999,2.2839999,2.346,2.346,28803000
2013-01-23,2.334667,2.4159999,2.330667,2.4000001,2.4000001,23464500
2013-01-24,2.4000001,2.514667,2.389333,2.4660001,2.4660001,29556000
2013-01-25,2.4666669,2.502667,2.4533329,2.465333,2.465333,19317000
2013-01-28,2.4573331,2.580667,2.4573331,2.5353329,2.5353329,29790000
2013-01-29,2.54,2.5626669,2.475333,2.53,2.53,21399000
2013-01-30,2.5233331,2.5333331,2.495333,2.501333,2.501333,14521500
2013-01-31,2.524667,2.524667,2.4619999,2.5006671,2.5006671,13521000
2013-02-01,2.544667,2.5666671,2.5079999,2.553333,2.553333,16509000
2013-02-04,2.5599999,2.5613329,2.506,2.516,2.516,16920000
2013-02-05,2.5333331,2.5766671,2.5120001,2.5420001,2.5420001,19653000
2013-02-06,2.5453329,2.6259999,2.5266671,2.6113329,2.6113329,28398000
2013-02-07,2.6126671,2.6453331,2.5966671,2.632,2.632,17949000
2013-02-08,2.6300001,2.666667,2.609333,2.6159999,2.6159999,17097000
2013-02-11,2.5320001,2.6099999,2.5,2.5613329,2.5613329,48994500
2013-02-12,2.563333,2.5913329,2.4860001,2.526,2.526,33919500
2013-02-13,2.553333,2.5999999,2.5366671,2.563333,2.563333,14502000
2013-02-14,2.576,2.583333,2.547333,2.551333,2.551333,14860500
2013-02-15,2.5666671,2.567333,2.4633329,2.4693329,2.4693329,30264000
2013-02-19,2.4906671,2.619333,2.4873331,2.6186669,2.6186669,40521000
2013-02-20,2.6199999,2.643333,2.5639999,2.5693331,2.5693331,46830000
2013-02-21,2.432667,2.492667,2.3026669,2.3440001,2.3440001,135567000
2013-02-22,2.3813331,2.4260001,2.373333,2.4073329,2.4073329,38209500
2013-02-25,2.4100001,2.45,2.2893331,2.2920001,2.2920001,43341000
2013-02-26,2.297333,2.330667,2.2533331,2.2953329,2.2953329,41443500
2013-02-27,2.2939999,2.360667,2.2933331,2.3399999,2.3399999,29388000
2013-02-28,2.3926671,2.406667,2.291333,2.322,2.322,29473500
2013-03-01,2.333333,2.3386669,2.2833331,2.3099999,2.3099999,23199000
2013-03-04,2.3180001,2.3886671,2.313333,2.372,2.372,26365500
2013-03-05,2.4000001,2.461333,2.3859999,2.4433329,2.4433329,31305000
2013-03-06,2.4673331,2.5253329,2.4646671,2.5126669,2.5126669,17250000
2013-03-07,2.5153329,2.5766671,2.458667,2.548667,2.548667,17374500
2013-03-08,2.537333,2.629333,2.4906671,2.564667,2.564667,13681500
2013-03-11,2.5913329,2.629333,2.5766671,2.606667,2.606667,23692500
2013-03-12,2.593333,2.6253331,2.5899999,2.608,2.608,19126500
2013-03-13,2.5999999,2.6326671,2.587333,2.5986669,2.5986669,12330000
2013-03-14,2.593333,2.5940001,2.451333,2.4566669,2.4566669,30315000
2013-03-15,2.442667,2.4433329,2.347333,2.3526671,2.3526671,49194000
2013-03-18,2.353333,2.404,2.3280001,2.343333,2.343333,19741500
2013-03-19,2.3499999,2.373333,2.3293331,2.3386669,2.3386669,16477500
2013-03-20,2.350667,2.4046669,2.3440001,2.396667,2.396667,21345000
2013-03-21,2.396667,2.4706669,2.3826671,2.400667,2.400667,17194500
2013-03-22,2.4133329,2.4533329,2.4133329,2.4413331,2.4413331,6603000
2013-03-25,2.4733329,2.5680001,2.451333,2.5020001,2.5020001,35682000
2013-03-26,2.5320001,2.5480001,2.5106671,2.5239999,2.5239999,27123000
2013-03-27,2.5293331,2.5586669,2.4873331,2.5439999,2.5439999,19444500
2013-03-28,2.548667,2.5493331,2.5166669,2.526,2.526,17380500
2013-04-01,2.8239999,3.112,2.78,2.9286671,2.9286671,211477500
2013-04-02,2.906667,3.0333331,2.900667,2.9560001,2.9560001,99786000
2013-04-03,2.873333,2.898,2.6806669,2.74,2.74,84654000
2013-04-04,2.7406671,2.8166671,2.7206669,2.800667,2.800667,33972000
2013-04-05,2.8,2.8,2.7,2.7579999,2.7579999,23286000
2013-04-08,2.7980001,2.8366671,2.767333,2.788667,2.788667,25185000
2013-04-09,2.7866671,2.788667,2.6886671,2.7,2.7,25441500
2013-04-10,2.7133329,2.800667,2.7073331,2.7906671,2.7906671,31816500
2013-04-11,2.8039999,2.97,2.7833331,2.9059999,2.9059999,51711000
2013-04-12,2.883333,3.0093329,2.8699999,2.916667,2.916667,47241000
2013-04-15,2.9000001,2.9200001,2.8340001,2.886667,2.886667,25221000
2013-04-16,2.9460001,3.076,2.9273331,3.0393331,3.0393331,47706000
2013-04-17,3.0333331,3.063333,2.9693329,3.03,3.03,31777500
2013-04-18,3.0653329,3.1733329,3.026,3.1313331,3.1313331,50518500
2013-04-19,3.164,3.3253331,3.138,3.1886671,3.1886671,45175500
2013-04-22,3.24,3.3466671,3.1833329,3.346,3.346,59091000
2013-04-23,3.4000001,3.5280001,3.3773329,3.400667,3.400667,56007000
2013-04-24,3.393333,3.4033329,3.2653329,3.362,3.362,39450000
2013-04-25,3.366667,3.4933331,3.366667,3.4666669,3.4666669,41938500
2013-04-26,3.5420001,3.5826671,3.3746669,3.4133329,3.4133329,54331500
2013-04-29,3.4506669,3.6659999,3.4133329,3.662667,3.662667,54595500
2013-04-30,3.7333331,3.8786671,3.5840001,3.599333,3.599333,82839000
2013-05-01,3.732667,3.732667,3.5333331,3.552,3.552,41142000
2013-05-02,3.5899999,3.6846671,3.5799999,3.6073329,3.6073329,45756000
2013-05-03,3.764667,3.764667,3.633333,3.636667,3.636667,50680500
2013-05-06,3.7593329,3.9773331,3.7,3.9666669,3.9666669,65500500
2013-05-07,4.1333332,4.158,3.6746669,3.7006669,3.7006669,149865000
2013-05-08,3.833333,3.8800001,3.714,3.7193329,3.7193329,101548500
2013-05-09,4.6746669,5.051333,4.2459998,4.626667,4.626667,429075000
2013-05-10,4.643333,5.4000001,4.6166668,5.1173329,5.1173329,376239000
2013-05-13,5.399333,5.8666668,5.2766671,5.853333,5.853333,336253500
2013-05-14,6.281333,6.4746671,5.4099998,5.5493331,5.5493331,557458500
2013-05-15,5.4533329,5.7919998,5.2073331,5.6560001,5.6560001,253180500
2013-05-16,6.313333,6.333333,5.9106669,6.1500001,6.1500001,324210000
2013-05-17,6.166667,6.296,5.833333,6.0999999,6.0999999,285033000
2013-05-20,6.074667,6.166667,5.9086671,5.9959998,5.9959998,125226000
2013-05-21,5.9000001,5.9993329,5.6853328,5.8393331,5.8393331,134973000
2013-05-22,5.7579999,6.0640001,5.6999998,5.816,5.816,128520000
2013-05-23,5.6539998,6.2006669,5.5366669,6.1820002,6.1820002,180333000
2013-05-24,6.1733332,6.5300002,6.1333332,6.4720001,6.4720001,241863000
2013-05-28,6.77,7.3833332,6.686667,7.3553329,7.3553329,295378500
2013-05-29,7.5700002,7.6599998,6.5999999,6.9753332,6.9753332,376492500
2013-05-30,6.830667,7.3026671,6.7466669,6.9966669,6.9966669,242005500
2013-05-31,7.0840001,7.0960002,6.5153332,6.517333,6.517333,227580000
2013-06-03,6.5079999,6.5079999,5.8833332,6.172667,6.172667,287094000
2013-06-04,6.1833329,6.428,6.1599998,6.3226671,6.3226671,132841500
2013-06-05,6.244,6.531333,5.9406672,6.3579998,6.3579998,183372000
2013-06-06,6.3499999,6.618,6.3406668,6.4899998,6.4899998,142663500
2013-06-07,6.5333328,6.8600001,6.4466672,6.8026671,6.8026671,160674000
2013-06-10,6.5953331,6.8346672,6.5713329,6.6700001,6.6700001,138429000
2013-06-11,6.5453329,6.5786672,6.27,6.2979999,6.2979999,110910000
2013-06-12,6.4533329,6.698667,6.3833332,6.5153332,6.5153332,137890500
2013-06-13,6.5999999,6.6186671,6.3413329,6.5453329,6.5453329,89424000
2013-06-14,6.666667,6.8346672,6.6220002,6.686667,6.686667,98470500
2013-06-17,6.9066672,6.9833331,6.7466669,6.813333,6.813333,105993000
2013-06-18,6.7833328,6.9320002,6.6133332,6.8926668,6.8926668,131929500
2013-06-19,6.8039999,7.1113329,6.8006668,6.9786668,6.9786668,128683500
2013-06-20,6.9766669,7.1420002,6.6300001,6.71,6.71,151597500
2013-06-21,6.9133329,6.9133329,6.5,6.6366668,6.6366668,175779000
2013-06-24,6.4333329,6.8579998,6.353333,6.7659998,6.7659998,106797000
2013-06-25,6.873333,6.9466672,6.7033329,6.8266668,6.8266668,87730500
2013-06-26,6.9200001,7.0580001,6.8439999,7.0479999,7.0479999,99039000
2013-06-27,7.1166668,7.3499999,7.0753331,7.2833328,7.2833328,131173500
2013-06-28,7.2379999,7.296,7.1139998,7.1573329,7.1573329,86229000
2013-07-01,7.2906671,7.8513331,7.2766671,7.8119998,7.8119998,163554000
2013-07-02,7.8833332,8.1260004,7.6999998,7.8546672,7.8546672,180961500
2013-07-03,7.8666668,7.9499998,7.618,7.6826668,7.6826668,72100500
2013-07-05,7.888,8.0186672,7.7133331,8.0059996,8.0059996,102280500
2013-07-08,8.0913334,8.1453333,7.9213328,8.1073332,8.1073332,117213000
2013-07-09,8.3093328,8.3546667,8.1273327,8.2299995,8.2299995,129049500
2013-07-10,8.2126675,8.2166672,8.0526667,8.1513329,8.1513329,84001500
2013-07-11,8.3253326,8.4060001,8.1566668,8.3739996,8.3739996,112254000
2013-07-12,8.3666668,8.6626673,8.3006668,8.6599998,8.6599998,170160000
2013-07-15,8.8686666,8.8839998,8.4546671,8.4840002,8.4840002,148836000
2013-07-16,8.4186668,8.4213333,7.1533332,7.27,7.27,485578500
2013-07-17,7.1013331,8.1079998,6.9666672,8.0166674,8.0166674,390435000
2013-07-18,8.0646667,8.1820002,7.7453332,7.9353328,7.9353328,170971500
2013-07-19,7.9000001,8.0366669,7.767333,7.9786668,7.9786668,88354500
2013-07-22,7.9926672,8.4453325,7.9920001,8.1619997,8.1619997,146967000
2013-07-23,8.2666674,8.3706675,8.1213331,8.1826668,8.1826668,116046000
2013-07-24,8.2980003,8.3000002,7.9706669,8.1133327,8.1133327,103035000
2013-07-25,8.0266666,8.3166666,8.0126667,8.2713327,8.2713327,79264500
2013-07-26,8.5426674,8.7119999,8.4406672,8.6260004,8.6260004,144496500
2013-07-29,8.6213331,9.0246668,8.5500002,8.9746666,8.9746666,145183500
2013-07-30,8.9866667,9.1660004,8.5453329,8.7826672,8.7826672,196905000
2013-07-31,8.8380003,8.9980001,8.7633333,8.9519997,8.9519997,95275500
2013-08-01,9,9.1013327,8.842,9.0366669,9.0366669,79854000
2013-08-02,8.9726667,9.2166672,8.9073334,9.1999998,9.1999998,94048500
2013-08-05,9.3339996,9.6593332,9.3100004,9.6453333,9.6453333,153010500
2013-08-06,9.6499996,9.715333,9.4066668,9.4766674,9.4766674,138817500
2013-08-07,9.4593334,9.4633331,8.8240004,8.9486666,8.9486666,273183000
2013-08-08,10.29,10.592,10.030667,10.232,10.232,408702000
2013-08-09,10.16,10.396667,10.083333,10.2,10.2,133915500
2013-08-12,9.9619999,10.033333,9.4700003,9.8253326,9.8253326,223683000
2013-08-13,9.9666672,9.9893332,9.6300001,9.6953325,9.6953325,131233500
2013-08-14,9.5146666,9.6560001,9.2033329,9.2906666,9.2906666,175407000
2013-08-15,9.0953331,9.5733328,9,9.3113327,9.3113327,152688000
2013-08-16,9.4420004,9.5939999,9.3979998,9.4666672,9.4666672,106621500
2013-08-19,9.5620003,9.8253326,9.5220003,9.6599998,9.6599998,120565500
2013-08-20,9.9099998,9.9853334,9.8000002,9.9720001,9.9720001,96273000
2013-08-21,10,10.020667,9.75,9.8573332,9.8573332,93994500
2013-08-22,9.948,10.498667,9.8760004,10.473333,10.473333,158886000
2013-08-23,10.466667,10.82,10.333333,10.789333,10.789333,193978500
2013-08-26,11.01,11.533333,10.683333,10.948,10.948,362566500
2013-08-27,10.82,11.253333,10.73,11.134,11.134,263503500
2013-08-28,11.270667,11.433333,10.883333,11.096667,11.096667,221101500
2013-08-29,10.948,11.183333,10.834,11.070667,11.070667,141540000
2013-08-30,11.091333,11.280667,10.930667,11.266667,11.266667,165426000
2013-09-03,11.56,11.58,11.093333,11.262667,11.262667,180916500
2013-09-04,11.318,11.441333,11.037333,11.374667,11.374667,172135500
2013-09-05,11.34,11.433333,11.216667,11.328667,11.328667,100279500
2013-09-06,11.238,11.313333,11.01,11.131333,11.131333,129295500
2013-09-09,10.874667,10.966667,10.567333,10.713333,10.713333,215167500
2013-09-10,10.763333,11.166667,10.708667,11.091333,11.091333,134517000
2013-09-11,11.094,11.193333,10.808667,10.901333,10.901333,87487500
2013-09-12,10.933333,11.117333,10.700667,10.995333,10.995333,92400000
2013-09-13,10.851333,11.091333,10.810667,11.036,11.036,81018000
2013-09-16,11.2,11.39,11.056667,11.105333,11.105333,113623500
2013-09-17,11.005333,11.228,10.890667,11.082,11.082,82453500
2013-09-18,11.138,11.163333,10.946667,11.081333,11.081333,81595500
2013-09-19,11.386667,12.031333,11.272,11.861333,11.861333,233919000
2013-09-20,11.926667,12.388667,11.904,12.226,12.226,201025500
2013-09-23,12.298667,12.365333,11.807333,12.074,12.074,122601000
2013-09-24,11.942667,12.330667,11.843333,12.155333,12.155333,94101000
2013-09-25,12.237333,12.42,12.033333,12.349333,12.349333,123790500
2013-09-26,12.446667,12.645333,12.374,12.576,12.576,99216000
2013-09-27,12.501333,12.752,12.428667,12.726667,12.726667,88746000
2013-09-30,12.6,12.966667,12.533333,12.891333,12.891333,133870500
2013-10-01,12.930667,12.948667,12.558,12.866667,12.866667,116338500
2013-10-02,12.572667,12.788667,11.693333,12.063333,12.063333,311631000
2013-10-03,11.67,11.979333,11.2,11.554,11.554,357247500
2013-10-04,11.76,12.078667,11.51,12.065333,12.065333,216210000
2013-10-07,12.164,12.448667,12.017333,12.204667,12.204667,172284000
2013-10-08,12.293333,12.395333,11.547333,11.648667,11.648667,206358000
2013-10-09,11.648667,11.666,10.766667,11.252,11.252,229747500
2013-10-10,11.539333,11.716667,11.312667,11.528667,11.528667,133258500
2013-10-11,11.516667,11.952667,11.413333,11.913333,11.913333,124666500
2013-10-14,11.666667,12.166667,11.61,11.981333,11.981333,116544000
2013-10-15,12.352,12.586,12.212,12.262667,12.262667,164677500
2013-10-16,12.326667,12.486667,12.139333,12.237333,12.237333,123081000
2013-10-17,12.236,12.32,12.066,12.186667,12.186667,100575000
2013-10-18,12.276667,12.397333,12.168,12.226667,12.226667,88962000
2013-10-21,12.218667,12.226,11.4,11.506667,11.506667,172981500
2013-10-22,11.366667,11.852,11.074,11.436,11.436,170800500
2013-10-23,11.260667,11.454,10.676667,10.966667,10.966667,199806000
2013-10-24,11,11.633333,10.855333,11.543333,11.543333,162385500
2013-10-25,11.614,11.633333,11.12,11.310667,11.310667,113932500
2013-10-28,11.345333,11.366667,10.813333,10.857333,10.857333,117625500
2013-10-29,10.850667,11.03,10.2,10.964667,10.964667,211675500
2013-10-30,10.975333,11.178667,10.544667,10.614667,10.614667,126027000
2013-10-31,10.378,10.829333,10.22,10.662667,10.662667,140007000
2013-11-01,10.866667,11.06,10.694,10.811333,10.811333,107709000
2013-11-04,11,11.692667,10.948,11.68,11.68,196806000
2013-11-05,12,12.095333,11.424,11.787333,11.787333,337006500
2013-11-06,10.320667,10.715333,9.7566671,10.077333,10.077333,466075500
2013-11-07,9.6126671,9.71,9.1746674,9.3179998,9.3179998,334270500
2013-11-08,9.0986671,9.373333,8.8213329,9.1966667,9.1966667,337168500
2013-11-11,9.3999996,9.6946669,9.1400003,9.6466665,9.6466665,209964000
2013-11-12,9.6459999,9.6466665,9.0786667,9.1866674,9.1866674,224778000
2013-11-13,9.3893328,9.491333,9.0893326,9.2466669,9.2466669,189874500
2013-11-14,9.2613335,9.3599997,8.9406672,9.1733332,9.1733332,183055500
2013-11-15,9.123333,9.1966667,8.9566669,9.0299997,9.0299997,148503000
2013-11-18,9.0179996,9.0299997,7.974,8.1053333,8.1053333,347073000
2013-11-19,7.9619999,8.6000004,7.948,8.4060001,8.4060001,297243000
2013-11-20,8.4053326,8.4966669,7.9373331,8.0740004,8.0740004,207744000
2013-11-21,8.192667,8.3193331,8.0166674,8.1400003,8.1400003,178557000
2013-11-22,8.1053333,8.1833334,7.862,8.092,8.092,166450500
2013-11-25,8.3000002,8.3893328,8.0200005,8.0559998,8.0559998,154009500
2013-11-26,7.9586668,8.1813326,7.7399998,8.0333328,8.0333328,208282500
2013-11-27,8.0873327,8.4633331,7.9679999,8.4626675,8.4626675,185514000
2013-11-29,8.6513329,8.7060003,8.465333,8.4853334,8.4853334,145743000
2013-12-02,8.4233332,8.5699997,8.2620001,8.2779999,8.2779999,116268000
2013-12-03,8.8453331,9.6626673,8.7726669,9.6466665,9.6466665,385236000
2013-12-04,9.6213331,9.6286669,9.1420002,9.2633333,9.2633333,197215500
2013-12-05,9.3433332,9.5566673,9.3000002,9.3653326,9.3653326,139326000
2013-12-06,9.434,9.4993334,9.0866671,9.1573334,9.1573334,118644000
2013-12-09,9.1333332,9.4466667,8.9473333,9.4399996,9.4399996,135922500
2013-12-10,9.3366671,9.7246666,9.3240004,9.4793329,9.4793329,161223000
2013-12-11,9.4586668,9.5366669,9.2993326,9.3100004,9.3100004,107067000
2013-12-12,9.3133326,9.8826666,9.2353334,9.8313332,9.8313332,161517000
2013-12-13,9.8699999,10.12,9.8213329,9.8433332,9.8433332,158878500
2013-12-16,9.8986673,10.028667,9.7399998,9.8626671,9.8626671,100129500
2013-12-17,9.8386669,10.308667,9.7546673,10.164,10.164,157425000
2013-12-18,10.149333,10.326667,9.7299995,9.8653326,9.8653326,173728500
2013-12-19,9.7933331,9.8000002,9.2733326,9.3813334,9.3813334,191100000
2013-12-20,9.4386673,9.623333,9.4386673,9.5493326,9.5493326,111189000
2013-12-23,9.6566668,9.7493334,9.5066671,9.5699997,9.5699997,80782500
2013-12-24,10,10.331333,9.9879999,10.094,10.094,149122500
2013-12-26,10.336,10.533333,10.286,10.366667,10.366667,106942500
2013-12-27,10.353333,10.366667,10.053333,10.074667,10.074667,81903000
2013-12-30,10.074667,10.320667,10.05,10.162667,10.162667,67012500
2013-12-31,10.154667,10.213333,9.9106674,10.028667,10.028667,63936000
2014-01-02,9.9866667,10.165333,9.7700005,10.006667,10.006667,92826000
2014-01-03,10,10.146,9.9066668,9.9706669,9.9706669,70425000
2014-01-06,10,10.026667,9.6826668,9.8000002,9.8000002,80416500
2014-01-07,9.8413334,10.026667,9.6833334,9.9573326,9.9573326,75511500
2014-01-08,9.9233332,10.246667,9.9173326,10.085333,10.085333,92448000
2014-01-09,10.166667,10.228667,9.79,9.8353329,9.8353329,80730000
2014-01-10,9.8973331,9.9266672,9.4833326,9.7146673,9.7146673,111691500
2014-01-13,9.718667,9.8000002,9.1879997,9.2893333,9.2893333,94741500
2014-01-14,9.3666668,10.8,9.1113329,10.751333,10.751333,414105000
2014-01-15,11.23,11.482,10.806667,10.942,10.942,306984000
2014-01-16,10.833333,11.513333,10.826667,11.398,11.398,179391000
2014-01-17,11.346,11.546667,11.196667,11.334,11.334,138093000
2014-01-21,11.416,11.819333,11.387333,11.778667,11.778667,146020500
2014-01-22,11.854,12.021333,11.650667,11.904,11.904,105339000
2014-01-23,11.815333,12.158667,11.561333,12.1,12.1,118011000
2014-01-24,11.856667,12.032,11.568667,11.64,11.64,114964500
2014-01-27,11.677333,11.861333,10.980667,11.308,11.308,130746000
2014-01-28,11.433333,11.932,11.4,11.892,11.892,91401000
2014-01-29,11.686667,11.939333,11.542,11.682,11.682,89032500
2014-01-30,11.866667,12.318667,11.800667,12.189333,12.189333,128475000
2014-01-31,11.923333,12.4,11.900667,12.094,12.094,97632000
2014-02-03,12.192667,12.325333,11.677333,11.807333,11.807333,101473500
2014-02-04,12.046667,12.106667,11.746667,11.915333,11.915333,70294500
2014-02-05,11.886667,12.039333,11.290667,11.628,11.628,109020000
2014-02-06,11.753333,12.007333,11.733333,11.892,11.892,87624000
2014-02-07,12.067333,12.442,11.973333,12.435333,12.435333,133927500
2014-02-10,12.622667,13.286667,12.621333,13.104,13.104,194560500
2014-02-11,13.264667,13.48,12.846667,13.108,13.108,160648500
2014-02-12,13.052,13.218,12.954667,13.021333,13.021333,77605500
2014-02-13,12.889333,13.514667,12.883333,13.308667,13.308667,120439500
2014-02-14,13.206667,13.458667,13.133333,13.215333,13.215333,92370000
2014-02-18,13.682667,13.733333,13.424,13.58,13.58,139992000
2014-02-19,13.58,13.58,12.894,12.909333,12.909333,242535000
2014-02-20,14.334,14.347333,13.751333,13.998,13.998,270034500
2014-02-21,14.109333,14.265333,13.946,13.973333,13.973333,117282000
2014-02-24,13.917333,14.557333,13.888,14.51,14.51,124176000
2014-02-25,15.333333,17.280001,15.23,16.533333,16.533333,490225500
2014-02-26,17.238667,17.666668,16.5,16.866667,16.866667,369069000
2014-02-27,17.416668,17.459999,16.555332,16.836,16.836,269187000
2014-02-28,16.643333,16.845333,16.17,16.320667,16.320667,218847000
2014-03-03,15.817333,16.776667,15.666,16.704,16.704,196339500
2014-03-04,17.232,17.333332,16.855333,16.989332,16.989332,131184000
2014-03-05,17.114668,17.132668,16.786667,16.844,16.844,89035500
2014-03-06,16.942667,17.166668,16.629999,16.862667,16.862667,110416500
2014-03-07,16.862667,16.99,16.294001,16.414,16.414,117184500
2014-03-10,16.18,16.200001,15.737333,15.922667,15.922667,115921500
2014-03-11,15.766667,16.306667,15.495333,15.627333,15.627333,132151500
2014-03-12,15.433333,16.5,15.407333,16.099333,16.099333,146316000
2014-03-13,16.252666,16.279333,15.6,15.852667,15.852667,93544500
2014-03-14,15.686,15.796,15.221333,15.398,15.398,124345500
2014-03-17,15.663333,15.862,15.366667,15.598667,15.598667,88689000
2014-03-18,15.796667,16.1,15.668,16.002666,16.002666,93634500
2014-03-19,16.092667,16.103333,15.567333,15.722667,15.722667,76069500
2014-03-20,15.744,15.95,15.557333,15.660667,15.660667,57268500
2014-03-21,15.734667,15.746667,15.166667,15.259333,15.259333,123253500
2014-03-24,15.316667,15.326667,14.018,14.678,14.678,169932000
2014-03-25,14.942667,15.136667,14.526667,14.696,14.696,117981000
2014-03-26,14.796667,14.84,14.09,14.197333,14.197333,103609500
2014-03-27,14.158,14.24,13.533333,13.821333,13.821333,142435500
2014-03-28,14.186667,14.448,14.018,14.158,14.158,145272000
2014-03-31,14.433333,14.45,13.759333,13.896667,13.896667,125700000
2014-04-01,13.934667,14.544,13.905333,14.464667,14.464667,110571000
2014-04-02,14.666667,15.392667,14.536667,15.352667,15.352667,161734500
2014-04-03,15.353333,15.715333,14.8,15.026667,15.026667,163855500
2014-04-04,15.067333,15.218,14.083333,14.148667,14.148667,170184000
2014-04-07,13.720667,14.413333,13.567333,13.834667,13.834667,147832500
2014-04-08,14.003333,14.432667,13.761333,14.364,14.364,103339500
2014-04-09,14.450667,14.563333,14.059333,14.462,14.462,77368500
2014-04-10,14.454667,14.5,13.586,13.612667,13.612667,108172500
2014-04-11,13.374,13.8,13.24,13.585333,13.585333,136008000
2014-04-14,13.84,13.896,12.960667,13.206,13.206,115545000
2014-04-15,13.272667,13.286,12.288,12.927333,12.927333,204889500
2014-04-16,13.133333,13.332667,12.721333,13.274,13.274,108033000
2014-04-17,13.307333,13.486,12.938667,13.208,13.208,88902000
2014-04-21,13.138667,13.746667,12.933333,13.625333,13.625333,78873000
2014-04-22,13.757333,14.622,13.667333,14.576,14.576,147070500
2014-04-23,14.422,14.449333,13.8,13.866,13.866,109434000
2014-04-24,14.054,14.186667,13.546667,13.857333,13.857333,82428000
2014-04-25,13.466667,13.78,13.176667,13.323333,13.323333,104950500
2014-04-28,13.333333,13.586,12.7,13.234,13.234,105630000
2014-04-29,13.214,13.81,13.035333,13.794667,13.794667,86686500
2014-04-30,13.573333,13.877333,13.418667,13.859333,13.859333,66609000
2014-05-01,13.805333,14.268,13.712667,13.848667,13.848667,81598500
2014-05-02,13.906667,14.090667,13.768,14.060667,14.060667,61302000
2014-05-05,13.965333,14.512667,13.901333,14.440667,14.440667,77205000
2014-05-06,14.44,14.577333,13.79,13.818667,13.818667,84550500
2014-05-07,13.976,14.013333,13.15,13.423333,13.423333,152689500
2014-05-08,12.133333,12.96,11.866667,11.906,11.906,300849000
2014-05-09,11.990667,12.226667,11.814667,12.150667,12.150667,127428000
2014-05-12,12.258,12.479333,11.992,12.311333,12.311333,105034500
2014-05-13,12.250667,12.756,12.2,12.677333,12.677333,106458000
2014-05-14,12.596667,12.898667,12.473333,12.708,12.708,81100500
2014-05-15,12.665333,12.844,12.353333,12.572667,12.572667,90606000
2014-05-16,12.596667,12.802667,12.514667,12.770667,12.770667,67315500
2014-05-19,12.714667,13.126,12.666667,13.072667,13.072667,68575500
2014-05-20,13.129333,13.288667,12.871333,13.02,13.02,83191500
2014-05-21,13.078667,13.324667,12.986,13.296667,13.296667,79281000
2014-05-22,13.356667,13.792,13.304,13.658667,13.658667,93217500
2014-05-23,13.635333,13.850667,13.5,13.82,13.82,60102000
2014-05-27,13.901333,14.258,13.846667,14.104,14.104,80116500
2014-05-28,14.001333,14.184667,13.684,14.016,14.016,82426500
2014-05-29,14.038,14.166,13.848,14.016,14.016,55387500
2014-05-30,14.02,14.32,13.801333,13.851333,13.851333,83716500
2014-06-02,13.822,13.956667,13.444667,13.646667,13.646667,70021500
2014-06-03,13.566,13.866667,13.506,13.662667,13.662667,57912000
2014-06-04,13.623333,13.750667,13.36,13.599333,13.599333,51411000
2014-06-05,13.631333,13.946667,13.603333,13.793333,13.793333,60819000
2014-06-06,13.983333,14.054,13.812,13.878,13.878,46107000
2014-06-09,13.863333,13.999333,13.613333,13.687333,13.687333,42085500
2014-06-10,13.628667,13.798,13.436667,13.486667,13.486667,52720500
2014-06-11,13.433333,13.666667,13.283333,13.631333,13.631333,59662500
2014-06-12,13.673333,13.992,13.514,13.568,13.568,89905500
2014-06-13,13.652,13.786,13.438667,13.761333,13.761333,53164500
2014-06-16,13.784,15.032667,13.750667,14.974,14.974,198696000
2014-06-17,14.940667,15.702667,14.856667,15.444667,15.444667,199573500
2014-06-18,15.433333,15.447333,15.074667,15.141333,15.141333,104103000
2014-06-19,15.258667,15.687333,15.133333,15.186,15.186,131896500
2014-06-20,15.234667,15.419333,15.08,15.306,15.306,73558500
2014-06-23,15.300667,15.932667,15.214667,15.814667,15.814667,116866500
2014-06-24,15.931333,16.125334,15.442,15.5,15.5,121138500
2014-06-25,15.536667,15.836667,15.349333,15.792667,15.792667,87024000
2014-06-26,15.811333,16.026667,15.614,15.706667,15.706667,76821000
2014-06-27,15.646,16,15.633333,15.937333,15.937333,84525000
2014-06-30,15.97,16.299334,15.933333,16.004,16.004,72429000
2014-07-01,16.164,16.229334,15.913333,15.981333,15.981333,65041500
2014-07-02,16.044001,16.155333,15.138,15.295333,15.295333,120411000
2014-07-03,15.419333,15.46,14.933333,15.283333,15.283333,77500500
2014-07-07,15.166667,15.318667,14.693333,14.844,14.844,88405500
2014-07-08,14.576667,14.730667,14.284667,14.604667,14.604667,117543000
2014-07-09,14.751333,14.948,14.614,14.870667,14.870667,61731000
2014-07-10,14.478667,14.814667,14.402667,14.630667,14.630667,72958500
2014-07-11,14.707333,14.773333,14.506667,14.542,14.542,49534500
2014-07-14,14.666,15.252667,14.363333,15.113333,15.113333,108048000
2014-07-15,15.115333,15.176667,14.54,14.638667,14.638667,85777500
2014-07-16,14.788,14.986667,14.454667,14.477333,14.477333,60667500
2014-07-17,14.410667,14.703333,14.24,14.36,14.36,69741000
2014-07-18,14.396667,14.747333,14.395333,14.668,14.668,63805500
2014-07-21,14.483333,14.880667,14.448,14.702667,14.702667,57333000
2014-07-22,14.812667,14.886667,14.607333,14.638667,14.638667,40950000
2014-07-23,14.667333,14.983333,14.628667,14.832667,14.832667,46249500
2014-07-24,14.883333,15.006667,14.72,14.902667,14.902667,48682500
2014-07-25,14.848,15.131333,14.783333,14.904667,14.904667,46306500
2014-07-28,14.95,15.466667,14.76,14.988,14.988,97714500
2014-07-29,15.107333,15.22,14.990667,15.000667,15.000667,50736000
2014-07-30,14.794667,15.306667,14.736,15.261333,15.261333,73917000
2014-07-31,15.284,15.426667,14.766667,14.886667,14.886667,116236500
2014-08-01,15.072667,15.833333,15.066667,15.551333,15.551333,178437000
2014-08-04,15.625333,16.033333,15.551333,15.901333,15.901333,89395500
2014-08-05,15.831333,16.199333,15.712667,15.899333,15.899333,80829000
2014-08-06,15.926667,16.761333,15.905333,16.595333,16.595333,138739500
2014-08-07,16.674667,17.112667,16.608,16.826,16.826,112183500
2014-08-08,16.743999,16.784,16.433332,16.542,16.542,76351500
2014-08-11,17.032,17.582666,17,17.288,17.288,121519500
2014-08-12,17.205334,17.353333,16.972,17.330667,17.330667,95734500
2014-08-13,17.467333,17.709333,17.307333,17.354,17.354,103989000
2014-08-14,17.499332,17.533333,17.1,17.425333,17.425333,61899000
2014-08-15,17.431999,17.472668,17.233334,17.467333,17.467333,58018500
2014-08-18,17.549999,17.817333,17.316668,17.329332,17.329332,87738000
2014-08-19,17.257999,17.288668,16.774668,17.117332,17.117332,80022000
2014-08-20,16.978001,17.249332,16.866667,17.047333,17.047333,45418500
2014-08-21,17.101334,17.253332,16.884001,16.955999,16.955999,43734000
2014-08-22,16.969334,17.129999,16.840668,17.118668,17.118668,42501000
2014-08-25,17.212667,17.578667,17.212667,17.503332,17.503332,64771500
2014-08-26,17.665333,17.700001,17.444,17.449333,17.449333,57270000
2014-08-27,17.566668,17.615999,17.352667,17.549999,17.549999,44776500
2014-08-28,17.459333,17.632,17.442667,17.590668,17.590668,42673500
2014-08-29,17.913334,18.133333,17.834,17.98,17.98,96706500
2014-09-02,18.366667,18.992666,18.286667,18.941334,18.941334,147786000
2014-09-03,19.177999,19.200001,18.673332,18.746,18.746,101584500
2014-09-04,18.934,19.427999,18.693333,19.069332,19.069332,125125500
2014-09-05,18.836666,18.860001,18.167334,18.492666,18.492666,167548500
2014-09-08,18.507999,18.992001,18.501333,18.807333,18.807333,82524000
2014-09-09,18.865999,19.032667,18.466667,18.565332,18.565332,68382000
2014-09-10,18.633333,18.760668,18.243999,18.74,18.74,56719500
2014-09-11,18.697332,18.986,18.575333,18.687332,18.687332,56491500
2014-09-12,18.700001,18.826,18.466667,18.613333,18.613333,49869000
2014-09-15,18.291332,18.293333,16.608667,16.924,16.924,246831000
2014-09-16,17.01,17.497334,16.827999,17.382668,17.382668,124501500
2014-09-17,17.493999,17.646667,17.299999,17.425333,17.425333,77665500
2014-09-18,17.557333,17.706667,17.488001,17.587999,17.587999,55389000
2014-09-19,17.199333,17.428667,17.018,17.288,17.288,102163500
2014-09-22,17,17.068001,16.313999,16.668667,16.668667,123211500
2014-09-23,16.348,16.92,16.333332,16.694,16.694,84880500
2014-09-24,16.741333,16.856001,16.469334,16.809334,16.809334,56242500
2014-09-25,16.834667,16.997334,16.406668,16.463333,16.463333,72513000
2014-09-26,16.549999,16.648666,16.404667,16.440001,16.440001,56931000
2014-09-29,16.266666,16.576,16.091999,16.350668,16.350668,72790500
2014-09-30,16.461332,16.51,16.007999,16.178667,16.178667,63574500
2014-10-01,16.146667,16.177334,15.71,16.016001,16.016001,89125500
2014-10-02,16.68,16.852667,16.357332,16.761333,16.761333,134973000
2014-10-03,16.870667,17.1,16.735332,17.014,17.014,81094500
2014-10-06,17.275333,17.499332,17.186666,17.374666,17.374666,115699500
2014-10-07,17.235332,17.430668,17.048668,17.304667,17.304667,67282500
2014-10-08,17.34,17.525333,16.842667,17.285334,17.285334,75826500
2014-10-09,17.483334,17.702667,16.959999,17.134001,17.134001,110419500
2014-10-10,16.309334,16.392668,15.68,15.794,15.794,193324500
2014-10-13,15.904667,15.930667,14.733333,14.972667,14.972667,169030500
2014-10-14,15.216667,15.498,14.866667,15.137333,15.137333,106579500
2014-10-15,14.666667,15.399333,14.488,15.313333,15.313333,137209500
2014-10-16,14.648,15.328,14.606667,15.09,15.09,80989500
2014-10-17,15.558667,15.651333,15.103333,15.165333,15.165333,158241000
2014-10-20,15.114667,15.493333,15.034,15.364667,15.364667,52416000
2014-10-21,15.618,15.692667,15.386667,15.689333,15.689333,61954500
2014-10-22,15.546,15.826,15.370667,15.406667,15.406667,61749000
2014-10-23,15.644,15.752,15.466667,15.686,15.686,52386000
2014-10-24,15.751333,15.853333,15.413333,15.682667,15.682667,51949500
2014-10-27,15.616667,15.640667,14.687333,14.778,14.778,143299500
2014-10-28,15.306667,16.306667,15.216667,16.184668,16.184668,157744500
2014-10-29,16.075333,16.1,15.709333,15.873333,15.873333,74437500
2014-10-30,15.876,16.033333,15.670667,15.910667,15.910667,48426000
2014-10-31,16.167334,16.208,15.916667,16.113333,16.113333,56629500
2014-11-03,16.200001,16.504,16.087999,16.172667,16.172667,63057000
2014-11-04,16.032667,16.156668,15.768667,15.928667,15.928667,55239000
2014-11-05,16.066668,16.090668,15.368667,15.398,15.398,135688500
2014-11-06,15.632667,16.445999,15.233333,16.081333,16.081333,230320500
2014-11-07,16.146,16.189333,15.813333,16.013332,16.013332,77415000
2014-11-10,15.940667,16.191999,15.786667,16.128668,16.128668,68658000
2014-11-11,16.17,16.788,16.133333,16.738667,16.738667,119232000
2014-11-12,16.648001,16.822666,16.372,16.606667,16.606667,88062000
2014-11-13,16.708,17.049999,16.683332,16.780001,16.780001,93540000
2014-11-14,16.666668,17.256666,16.566668,17.245333,17.245333,91516500
2014-11-17,17.166,17.266666,16.801332,16.931999,16.931999,60385500
2014-11-18,17.057333,17.332666,17.034,17.18,17.18,67095000
2014-11-19,16.707333,16.792,16.373333,16.516001,16.516001,118777500
2014-11-20,16.530001,16.728666,16.4,16.580667,16.580667,53808000
2014-11-21,16.813999,16.851999,16.144667,16.185333,16.185333,112276500
2014-11-24,16.346666,16.506666,16.042667,16.448,16.448,71845500
2014-11-25,16.49,16.648001,16.406,16.539333,16.539333,47397000
2014-11-26,16.556,16.6,16.440001,16.562668,16.562668,29718000
2014-11-28,16.356667,16.445999,16.167999,16.301332,16.301332,31795500
2014-12-01,16.077333,16.164667,15.267333,15.442667,15.442667,129291000
2014-12-02,15.638,15.658667,15.2,15.428667,15.428667,88305000
2014-12-03,15.083333,15.314667,15.033333,15.286667,15.286667,79615500
2014-12-04,15.24,15.393333,15.187333,15.218667,15.218667,57834000
2014-12-05,15.244667,15.292667,14.817333,14.914,14.914,90954000
2014-12-08,14.769333,14.990667,14.156,14.290667,14.290667,138384000
2014-12-09,13.956,14.515333,13.618,14.459333,14.459333,141472500
2014-12-10,14.275333,14.451333,13.846667,13.989333,13.989333,109711500
2014-12-11,14.035333,14.362,13.882,13.925333,13.925333,100416000
2014-12-12,13.654667,14.112,13.633333,13.8,13.8,107607000
2014-12-15,13.952667,13.986667,13.511333,13.602667,13.602667,78274500
2014-12-16,13.392667,13.578667,13.024667,13.187333,13.187333,126391500
2014-12-17,12.870667,13.776667,12.843333,13.721333,13.721333,110517000
2014-12-18,14.158667,14.562667,14.12,14.550667,14.550667,112249500
2014-12-19,14.679333,14.693333,14.3,14.619333,14.619333,103657500
2014-12-22,14.666667,14.937333,14.550667,14.84,14.84,71991000
2014-12-23,14.920667,14.954667,14.634667,14.731333,14.731333,67585500
2014-12-24,14.651333,14.833333,14.616667,14.817333,14.817333,19983000
2014-12-26,14.767333,15.233333,14.766667,15.188,15.188,49905000
2014-12-29,15.126667,15.194,14.934667,15.047333,15.047333,42037500
2014-12-30,14.932667,15.043333,14.76,14.815333,14.815333,43548000
2014-12-31,14.872667,15.045333,14.816667,14.827333,14.827333,34462500
2015-01-02,14.858,14.883333,14.217333,14.620667,14.620667,71466000
2015-01-05,14.303333,14.433333,13.810667,14.006,14.006,80527500
2015-01-06,14.004,14.28,13.614,14.085333,14.085333,93928500
2015-01-07,14.223333,14.318667,13.985333,14.063333,14.063333,44526000
2015-01-08,14.187333,14.253333,14.000667,14.041333,14.041333,51637500
2015-01-09,13.928,13.998667,13.664,13.777333,13.777333,70024500
2015-01-12,13.536667,13.631333,13.283333,13.480667,13.480667,89254500
2015-01-13,13.554667,13.840667,13.394,13.616667,13.616667,67159500
2015-01-14,12.388667,13.013333,12.333333,12.846,12.846,173278500
2015-01-15,12.966,13.05,12.666667,12.791333,12.791333,78247500
2015-01-16,12.713333,12.966,12.643333,12.871333,12.871333,54048000
2015-01-20,12.924667,12.941333,12.469333,12.795333,12.795333,67548000
2015-01-21,12.636667,13.245333,12.634,13.104667,13.104667,62295000
2015-01-22,13.133333,13.549333,13.013333,13.441333,13.441333,61753500
2015-01-23,13.352667,13.566667,13.222,13.419333,13.419333,51579000
2015-01-26,13.455333,13.908,13.403333,13.77,13.77,48517500
2015-01-27,13.628,13.868667,13.553333,13.732,13.732,41715000
2015-01-28,13.740667,13.758,13.228,13.291333,13.291333,47244000
2015-01-29,13.404667,13.732,13.1,13.68,13.68,53221500
2015-01-30,13.597333,13.831333,13.533333,13.573333,13.573333,45105000
2015-02-02,13.598,14.13,13.553333,14.062667,14.062667,62238000
2015-02-03,14.214667,14.691333,14.084667,14.557333,14.557333,72393000
2015-02-04,14.552667,14.765333,14.453333,14.57,14.57,49581000
2015-02-05,14.658667,15.032,14.642667,14.732667,14.732667,52843500
2015-02-06,14.8,14.893333,14.433333,14.490667,14.490667,48658500
2015-02-09,14.358667,14.528667,14.132667,14.498667,14.498667,52086000
2015-02-10,14.503333,14.7,14.333333,14.419333,14.419333,80857500
2015-02-11,14.147333,14.316,13.818667,14.186667,14.186667,146536500
2015-02-12,12.904667,13.539333,12.885333,13.525333,13.525333,234744000
2015-02-13,13.526667,13.732667,13.394,13.584667,13.584667,92865000
2015-02-17,13.713333,13.713333,13.433333,13.623333,13.623333,59694000
2015-02-18,13.611333,13.744667,13.506667,13.630667,13.630667,40704000
2015-02-19,13.666667,14.162667,13.583333,14.114,14.114,77311500
2015-02-20,14.052,14.506667,13.987333,14.474,14.474,89731500
2015-02-23,14.377333,14.546667,13.755333,13.822667,13.822667,127497000
2015-02-24,13.819333,13.819333,13.446667,13.607333,13.607333,99054000
2015-02-25,13.662667,13.809333,13.505333,13.584,13.584,58642500
2015-02-26,13.6,14.072667,13.481333,13.812667,13.812667,97093500
2015-02-27,13.793333,13.903333,13.52,13.556,13.556,58231500
2015-03-02,13.513333,13.556,13.055333,13.155333,13.155333,118831500
2015-03-03,13.120667,13.349333,13.021333,13.304,13.304,66484500
2015-03-04,13.283333,13.501333,13.147333,13.496,13.496,63330000
2015-03-05,13.523333,13.746,13.343333,13.375333,13.375333,73155000
2015-03-06,13.280667,13.383333,12.81,12.925333,12.925333,100686000
2015-03-09,12.959333,12.966,12.55,12.725333,12.725333,101050500
2015-03-10,12.564,12.9,12.506667,12.688,12.688,83695500
2015-03-11,12.743333,13.078667,12.734,12.916,12.916,74623500
2015-03-12,12.916667,12.963333,12.65,12.738,12.738,62239500
2015-03-13,12.596667,12.783333,12.488,12.578667,12.578667,81514500
2015-03-16,12.8,13.060667,12.653333,13.046667,13.046667,84432000
2015-03-17,13.028667,13.247333,12.929333,12.982,12.982,73411500
2015-03-18,12.997333,13.392,12.874,13.380667,13.380667,72313500
2015-03-19,13.466667,13.639333,12.968667,13.043333,13.043333,127128000
2015-03-20,13.163333,13.266,13.041333,13.205333,13.205333,64042500
2015-03-23,13.233333,13.366667,13.164667,13.308667,13.308667,39474000
2015-03-24,13.438667,13.586,13.316667,13.448,13.448,54748500
2015-03-25,13.218,13.239333,12.846667,12.953333,12.953333,85956000
2015-03-26,12.928,12.986,12.646667,12.694,12.694,61920000
2015-03-27,12.604667,12.619333,12.093333,12.333333,12.333333,129073500
2015-03-30,12.39,12.816667,12.12,12.704667,12.704667,151342500
2015-03-31,12.902,12.917333,12.560667,12.584667,12.584667,75399000
2015-04-01,12.58,12.82,12.403333,12.506,12.506,56919000
2015-04-02,12.682,12.882,12.666667,12.733333,12.733333,75156000
2015-04-06,13.2,13.85,13.166667,13.54,13.54,186837000
2015-04-07,13.500667,13.670667,13.409333,13.55,13.55,65218500
2015-04-08,13.88,14.06,13.724667,13.844667,13.844667,94546500
2015-04-09,13.895333,14.024667,13.741333,14.006,14.006,57003000
2015-04-10,13.99,14.11,13.933333,14.06,14.06,61015500
2015-04-13,14.029333,14.2,13.936667,13.985333,13.985333,56373000
2015-04-14,13.904667,13.966,13.7,13.830667,13.830667,45390000
2015-04-15,13.830667,13.972667,13.773333,13.855333,13.855333,29286000
2015-04-16,13.846667,13.944667,13.752667,13.78,13.78,24886500
2015-04-17,13.666,13.792,13.566667,13.786,13.786,37048500
2015-04-20,13.785333,13.856667,13.59,13.684667,13.684667,38389500
2015-04-21,13.72,14.05,13.620667,13.960667,13.960667,51487500
2015-04-22,14.166667,14.792,14.112667,14.629333,14.629333,117945000
2015-04-23,14.551333,14.765333,14.476667,14.573333,14.573333,66168000
2015-04-24,14.7,14.72,14.534,14.562,14.562,36417000
2015-04-27,14.837333,15.916667,14.8,15.436667,15.436667,175089000
2015-04-28,15.65,15.7,15.202,15.365333,15.365333,91281000
2015-04-29,15.336667,15.664667,15.175333,15.496667,15.496667,59041500
2015-04-30,15.359333,15.526,15.011333,15.07,15.07,58678500
2015-05-01,15.329333,15.451333,14.694,15.068667,15.068667,79225500
2015-05-04,15.212,15.648667,15.140667,15.367333,15.367333,66519000
2015-05-05,15.850667,15.966667,15.275333,15.53,15.53,86953500
2015-05-06,15.606667,15.631333,15.213333,15.362,15.362,79063500
2015-05-07,14.733333,15.832,14.683333,15.786667,15.786667,141838500
2015-05-08,15.732667,15.894,15.58,15.774,15.774,70023000
2015-05-11,15.752667,16.191999,15.687333,15.966,15.966,85084500
2015-05-12,16.007334,16.423332,15.879333,16.316,16.316,95451000
2015-05-13,16.507334,16.553333,16.15,16.212,16.212,81603000
2015-05-14,16.321333,16.326,16.083332,16.273333,16.273333,43438500
2015-05-15,16.261999,16.626667,16.166668,16.589333,16.589333,67914000
2015-05-18,16.466667,16.66,16.4,16.583332,16.583332,50298000
2015-05-19,16.562,16.733334,16.41,16.476,16.476,55113000
2015-05-20,16.475332,16.516001,16.091333,16.290001,16.290001,56334000
2015-05-21,16.202,16.441334,16.157333,16.374666,16.374666,29559000
2015-05-22,16.358667,16.573334,16.334,16.515333,16.515333,33346500
2015-05-26,16.511999,16.799999,16.433332,16.497334,16.497334,52480500
2015-05-27,16.567333,16.633333,16.370001,16.495333,16.495333,51123000
2015-05-28,16.468666,16.786667,16.336666,16.763332,16.763332,54709500
2015-05-29,16.733334,16.858,16.628668,16.719999,16.719999,56839500
2015-06-01,16.760668,16.773333,16.497999,16.629999,16.629999,37576500
2015-06-02,16.594667,16.626667,16.42,16.556667,16.556667,32022000
2015-06-03,16.546667,16.714666,16.467333,16.599333,16.599333,26722500
2015-06-04,16.5,16.620001,16.380667,16.394667,16.394667,36804000
2015-06-05,16.4,16.646667,16.378668,16.609333,16.609333,45330000
2015-06-08,16.723333,17.25,16.687332,17.086,17.086,75255000
2015-06-09,17.026667,17.182667,16.942667,17.066668,17.066668,39166500
2015-06-10,16.793333,16.933332,16.566668,16.713333,16.713333,51817500
2015-06-11,16.884001,16.958,16.695333,16.760668,16.760668,30661500
2015-06-12,16.680668,16.897333,16.680668,16.712667,16.712667,21334500
2015-06-15,16.646667,16.752001,16.400667,16.691999,16.691999,32793000
2015-06-16,16.675333,16.896,16.606667,16.874666,16.874666,29770500
2015-06-17,16.811333,17.624001,16.801332,17.360666,17.360666,82693500
2015-06-18,17.466667,17.563999,17.334667,17.459333,17.459333,41740500
2015-06-19,17.493334,17.586666,17.34,17.500668,17.500668,36945000
2015-06-22,17.476667,17.626667,17.046,17.319332,17.319332,68416500
2015-06-23,17.354668,17.866667,17.238001,17.844667,17.844667,58062000
2015-06-24,17.798668,17.823334,17.581333,17.677999,17.677999,36184500
2015-06-25,17.763332,18.094,17.683332,17.919333,17.919333,42738000
2015-06-26,17.926001,17.940666,17.733334,17.806,17.806,57576000
2015-06-29,17.463333,17.73,17.379999,17.468,17.468,52183500
2015-06-30,17.653334,18.061333,17.6,17.884001,17.884001,46303500
2015-07-01,18.073999,18.174667,17.856667,17.943333,17.943333,31518000
2015-07-02,18.68,18.83,18.220667,18.667999,18.667999,107458500
2015-07-06,18.591999,18.779333,18.42,18.648001,18.648001,61828500
2015-07-07,18.333332,18.346666,17.384666,17.858667,17.858667,91576500
2015-07-08,17.288,17.386667,16.954,16.997334,16.997334,93316500
2015-07-09,17.271999,17.530001,17.119333,17.194668,17.194668,50011500
2015-07-10,17.481333,17.533333,17.188,17.276667,17.276667,39163500
2015-07-13,17.483334,17.503332,17.07,17.477333,17.477333,44404500
2015-07-14,17.473333,17.732668,17.367332,17.709999,17.709999,28614000
2015-07-15,17.782667,17.832666,17.472,17.542667,17.542667,30324000
2015-07-16,17.614668,17.813334,17.544001,17.778667,17.778667,24240000
2015-07-17,18.166668,18.369333,17.883333,18.310667,18.310667,75061500
2015-07-20,18.333332,19.110001,18.169333,18.817333,18.817333,74677500
2015-07-21,18.003332,18.233334,17.77,17.784666,17.784666,91630500
2015-07-22,17.417999,17.962667,17.390667,17.858,17.858,46575000
2015-07-23,17.976667,17.993334,17.684668,17.813334,17.813334,33408000
2015-07-24,17.825333,18.072666,17.594667,17.694,17.694,42547500
2015-07-27,17.495333,17.628668,16.719334,16.867332,16.867332,70413000
2015-07-28,17.049999,17.693333,16.789333,17.654667,17.654667,58437000
2015-07-29,17.618,17.859333,17.466667,17.587999,17.587999,41851500
2015-07-30,17.512667,17.796,17.474001,17.785999,17.785999,30519000
2015-07-31,17.84,17.957333,17.674667,17.743334,17.743334,33339000
2015-08-03,17.752666,17.780666,17.138,17.332666,17.332666,38302500
2015-08-04,17.334,17.781334,17.222668,17.752001,17.752001,35287500
2015-08-05,17.572001,18.066668,17.360001,18.008667,18.008667,93214500
2015-08-06,16.636,17,15.741333,16.408667,16.408667,219357000
2015-08-07,16.238667,16.248667,15.892667,16.167334,16.167334,76101000
2015-08-10,15.876667,16.198,15.736667,16.076,16.076,62788500
2015-08-11,15.81,15.953333,15.629333,15.824667,15.824667,63973500
2015-08-12,15.666667,15.984667,15.516,15.878,15.878,55920000
2015-08-13,15.990667,16.431999,15.941333,16.167334,16.167334,70338000
2015-08-14,16.482668,16.528667,16.118,16.209999,16.209999,65472000
2015-08-17,17.037333,17.106001,16.700666,16.999332,16.999332,107650500
2015-08-18,17.025333,17.396667,16.903999,17.381332,17.381332,62925000
2015-08-19,17.355333,17.376667,17.001333,17.016666,17.016666,54064500
2015-08-20,16.804001,16.970667,16.126667,16.145332,16.145332,73587000
2015-08-21,15.733333,16.253332,15.367333,15.384667,15.384667,98853000
2015-08-24,13.519333,15.426667,13,14.591333,14.591333,143724000
2015-08-25,15.368,15.393333,14.608,14.668667,14.668667,64909500
2015-08-26,15.195333,15.2,14.367333,14.989333,14.989333,74445000
2015-08-27,15.4,16.316668,15.387333,16.199333,16.199333,114840000
2015-08-28,16.124001,16.763332,16.104668,16.565332,16.565332,82705500
2015-08-31,16.374666,16.996668,16.367332,16.604,16.604,70503000
2015-09-01,16.022667,16.4,15.798,15.908667,15.908667,81822000
2015-09-02,16.353333,16.525333,15.985333,16.512667,16.512667,69438000
2015-09-03,16.804001,16.805332,16.333332,16.371332,16.371332,62922000
2015-09-04,16.059334,16.272667,15.88,16.128668,16.128668,55338000
2015-09-08,16.336666,16.610666,16.27,16.544666,16.544666,47073000
2015-09-09,16.803333,16.950001,16.553333,16.594,16.594,50862000
2015-09-10,16.482,16.714666,16.355333,16.565332,16.565332,40635000
2015-09-11,16.509333,16.682667,16.315332,16.682667,16.682667,35262000
2015-09-14,16.74,16.950001,16.644667,16.879333,16.879333,43363500
2015-09-15,16.85,16.973333,16.633333,16.904667,16.904667,44002500
2015-09-16,16.869333,17.525333,16.858667,17.483334,17.483334,66256500
2015-09-17,17.597334,17.700001,17.379333,17.471333,17.471333,53787000
2015-09-18,17.197332,17.587999,17.166668,17.374666,17.374666,56446500
2015-09-21,17.598667,18.104668,17.053333,17.613333,17.613333,91803000
2015-09-22,17.268667,17.51,17.058001,17.396,17.396,54966000
2015-09-23,17.463333,17.472,17.172001,17.403999,17.403999,39012000
2015-09-24,17.302,17.563334,17.080667,17.541332,17.541332,51723000
2015-09-25,17.774,17.794001,17.076668,17.127333,17.127333,56601000
2015-09-28,17.156668,17.319332,16.440666,16.562,16.562,73516500
2015-09-29,16.697332,16.982,16.364,16.443333,16.443333,55548000
2015-09-30,16.799999,16.826668,16.156,16.559999,16.559999,73944000
2015-10-01,16.500668,16.566668,15.808667,15.992,15.992,68595000
2015-10-02,15.706667,16.513332,15.662,16.504667,16.504667,66360000
2015-10-05,16.589333,16.656,16.275333,16.41,16.41,55348500
2015-10-06,16,16.202,15.705333,16.097334,16.097334,78378000
2015-10-07,15.775333,15.846667,15.274667,15.464,15.464,102210000
2015-10-08,15.338667,15.381333,14.754,15.114667,15.114667,91998000
2015-10-09,14.728667,14.958,14.557333,14.712667,14.712667,92376000
2015-10-12,14.866,14.866667,14.351333,14.372,14.372,57544500
2015-10-13,14.218667,14.834667,14.075333,14.616667,14.616667,77572500
2015-10-14,14.711333,14.73,14.362,14.458667,14.458667,46566000
2015-10-15,14.428667,14.782,14.246667,14.754,14.754,42663000
2015-10-16,14.869333,15.365333,14.858,15.134,15.134,65017500
2015-10-19,15.1,15.41,14.996,15.206667,15.206667,37618500
2015-10-20,15.181333,15.24,13.466667,14.202,14.202,223500000
2015-10-21,14.132667,14.320667,13.92,14.006,14.006,62272500
2015-10-22,14.104,14.383333,13.96,14.114667,14.114667,42378000
2015-10-23,14.333333,14.356667,13.846,13.939333,13.939333,63532500
2015-10-26,14.092,14.392,14,14.350667,14.350667,50871000
2015-10-27,14.322667,14.473333,13.834,14.023333,14.023333,52791000
2015-10-28,14.087333,14.23,13.886667,14.197333,14.197333,40929000
2015-10-29,14.116667,14.25,14.042667,14.108667,14.108667,27075000
2015-10-30,14.026667,14.108667,13.592667,13.795333,13.795333,66583500
2015-11-02,13.928,14.386667,13.814667,14.252667,14.252667,58918500
2015-11-03,14.256667,14.296,13.85,13.89,13.89,124987500
2015-11-04,15.133333,15.516,15.013333,15.442,15.442,190896000
2015-11-05,15.372,15.638667,15.279333,15.451333,15.451333,67452000
2015-11-06,15.38,15.557333,15.3,15.490667,15.490667,36679500
2015-11-09,15.532667,15.532667,14.954,15.022,15.022,57763500
2015-11-10,14.898667,14.913333,14.405333,14.433333,14.433333,69255000
2015-11-11,14.518,14.632,14.242,14.605333,14.605333,50217000
2015-11-12,14.523333,14.6,14.177333,14.196,14.196,43738500
2015-11-13,14.196667,14.199333,13.768,13.812667,13.812667,51454500
2015-11-16,13.739333,14.332,13.72,14.287333,14.287333,43881000
2015-11-17,14.346667,14.4,14.093333,14.266667,14.266667,32230500
2015-11-18,14.3,14.758667,14.168,14.738,14.738,42178500
2015-11-19,14.702667,15.079333,14.686667,14.786667,14.786667,37566000
2015-11-20,14.899333,15,14.238667,14.667333,14.667333,66010500
2015-11-23,14.49,14.612,14.312,14.516667,14.516667,37893000
2015-11-24,14.358,14.733333,14.333333,14.55,14.55,37204500
2015-11-25,14.756,15.388667,14.692,15.309333,15.309333,59862000
2015-11-27,15.404,15.483333,15.134,15.440667,15.440667,29241000
2015-11-30,15.452667,15.618667,15.272,15.350667,15.350667,39897000
2015-12-01,15.404,15.866667,15.403333,15.812667,15.812667,56010000
2015-12-02,15.8,15.906667,15.415333,15.466,15.466,44722500
2015-12-03,15.698667,15.83,15.333333,15.514,15.514,44094000
2015-12-04,15.497333,15.551333,15.177333,15.358667,15.358667,38604000
2015-12-07,15.18,15.708667,15.076667,15.408667,15.408667,47163000
2015-12-08,15.168,15.253333,14.946667,15.114667,15.114667,40314000
2015-12-09,15.113333,15.166667,14.714667,14.968,14.968,45867000
2015-12-10,14.980667,15.232667,14.909333,15.138,15.138,31075500
2015-12-11,15.016,15.05,14.442667,14.468,14.468,49030500
2015-12-14,14.500667,14.728,14.324667,14.572,14.572,42406500
2015-12-15,14.788,14.814667,14.533333,14.739333,14.739333,33666000
2015-12-16,14.806667,15.658667,14.715333,15.634,15.634,76564500
2015-12-17,15.596,15.850667,15.320667,15.559333,15.559333,49479000
2015-12-18,15.526,15.726667,15.286,15.364,15.364,45213000
2015-12-21,15.446,15.722,15.405333,15.504,15.504,29298000
2015-12-22,15.666,15.77,15.308667,15.33,15.33,29422500
2015-12-23,15.478667,15.563333,15.208667,15.313333,15.313333,23325000
2015-12-24,15.370667,15.458667,15.218667,15.371333,15.371333,10620000
2015-12-28,15.432667,15.465333,15.036,15.263333,15.263333,28519500
2015-12-29,15.337333,15.848,15.303333,15.812667,15.812667,36094500
2015-12-30,15.773333,16.242001,15.711333,15.872667,15.872667,55468500
2015-12-31,15.900667,16.23,15.891333,16.000668,16.000668,40725000
2016-01-04,15.381333,15.425333,14.6,14.894,14.894,102406500
2016-01-05,15.090667,15.126,14.666667,14.895333,14.895333,47802000
2016-01-06,14.666667,14.67,14.398667,14.602667,14.602667,56686500
2016-01-07,14.279333,14.562667,14.244667,14.376667,14.376667,53314500
2016-01-08,14.524,14.696,14.051333,14.066667,14.066667,54421500
2016-01-11,14.267333,14.296667,13.533333,13.856667,13.856667,61371000
2016-01-12,14.106667,14.249333,13.687333,13.998,13.998,46378500
2016-01-13,14.134,14.176667,13.333333,13.354,13.354,61896000
2016-01-14,13.480667,14,12.892,13.745333,13.745333,97360500
2016-01-15,13.264667,13.671333,13.15,13.666,13.666,83679000
2016-01-19,13.914,14.031333,13.385333,13.648,13.648,60580500
2016-01-20,13.293333,13.418667,12.75,13.246667,13.246667,87579000
2016-01-21,13.436667,13.548667,13.001333,13.331333,13.331333,47493000
2016-01-22,13.653333,13.7,13.268667,13.503333,13.503333,46861500
2016-01-25,13.337333,13.571333,13.058667,13.092,13.092,40480500
2016-01-26,13.113333,13.188,12.592,12.904,12.904,74463000
2016-01-27,12.825333,12.884,12.384667,12.538,12.538,54258000
2016-01-28,12.719333,12.752,12.160667,12.646667,12.646667,68892000
2016-01-29,12.663333,12.916,12.538667,12.746667,12.746667,42784500
2016-02-01,12.584,13.301333,12.183333,13.129333,13.129333,79464000
2016-02-02,12.828,12.874667,12.015333,12.185333,12.185333,86604000
2016-02-03,12.239333,12.262667,11.345333,11.565333,11.565333,118971000
2016-02-04,11.38,11.732,11.132667,11.688667,11.688667,65781000
2016-02-05,11.42,11.533333,10.516,10.84,10.84,141564000
2016-02-08,10.473333,10.476667,9.7333326,9.8660002,9.8660002,139695000
2016-02-09,9.4879999,10.652667,9.4033327,9.8833332,9.8833332,129774000
2016-02-10,10.033333,10.331333,9.4493332,9.5780001,9.5780001,156097500
2016-02-11,10.133333,10.884,9.8000002,10.031333,10.031333,213786000
2016-02-12,10.333333,10.467333,9.5799999,10.069333,10.069333,108537000
2016-02-16,10.58,10.863333,10.274,10.344667,10.344667,83907000
2016-02-17,10.6,11.289333,10.445333,11.245333,11.245333,87378000
2016-02-18,11.494667,11.53,10.984667,11.118,11.118,58314000
2016-02-19,10.910667,11.166,10.833333,11.105333,11.105333,44391000
2016-02-22,11.341333,11.927333,11.323333,11.849333,11.849333,75901500
2016-02-23,11.744,12.115333,11.578667,11.814,11.814,89766000
2016-02-24,11.516667,11.966667,11.189333,11.933333,11.933333,80934000
2016-02-25,11.91,12.568,11.68,12.495333,12.495333,86260500
2016-02-26,12.58,12.8,12.333333,12.689333,12.689333,90976500
2016-02-29,12.826667,13.09,12.614667,12.795333,12.795333,67485000
2016-03-01,12.95,13.063333,12.18,12.423333,12.423333,100683000
2016-03-02,12.248667,12.568,12.1,12.556,12.556,72936000
2016-03-03,12.552,13.161333,12.281333,13.049333,13.049333,72435000
2016-03-04,13.2,13.602,13.166667,13.402667,13.402667,97336500
2016-03-07,13.178667,13.98,13.16,13.686,13.686,79941000
2016-03-08,13.566667,13.833333,13.48,13.506667,13.506667,62680500
2016-03-09,13.634667,13.958,13.519333,13.914667,13.914667,48129000
2016-03-10,14,14.219333,13.378,13.678667,13.678667,77887500
2016-03-11,13.862,13.961333,13.688667,13.833333,13.833333,50146500
2016-03-14,14.176667,14.448,14.042667,14.343333,14.343333,60985500
2016-03-15,14.284667,14.598,14.1,14.556,14.556,47707500
2016-03-16,14.533333,14.838667,14.468,14.795333,14.795333,52750500
2016-03-17,14.764667,15.233333,14.666667,15.092,15.092,56743500
2016-03-18,15.273333,15.632,15.204,15.516,15.516,70677000
2016-03-21,15.689333,15.992,15.666667,15.888,15.888,79617000
2016-03-22,15.814,15.932667,15.504,15.616,15.616,64740000
2016-03-23,15.491333,15.648667,14.802,14.838667,14.838667,74232000
2016-03-24,14.385333,15.259333,14.333333,15.183333,15.183333,74413500
2016-03-28,15.440667,15.654,15,15.350667,15.350667,58885500
2016-03-29,15.326,15.492,15.022,15.342,15.342,60214500
2016-03-30,15.672667,15.7,15.1,15.126,15.126,60495000
2016-03-31,15.289333,15.828,15.000667,15.318,15.318,120193500
2016-04-01,16.322001,16.526667,15.55,15.839333,15.839333,239962500
2016-04-04,16.608,16.808001,16.242666,16.466,16.466,202129500
2016-04-05,16.033333,17.104,16,17.031334,17.031334,149230500
2016-04-06,16.931334,17.849333,16.896667,17.694668,17.694668,175582500
2016-04-07,17.763332,17.955999,16.967333,17.146667,17.146667,132843000
2016-04-08,17.366667,17.388,16.534666,16.671333,16.671333,110458500
2016-04-11,16.733334,17.266001,16.353333,16.661333,16.661333,137425500
2016-04-12,16.633333,16.786667,16.242001,16.521334,16.521334,86448000
2016-04-13,16.567333,17.033333,16.488667,16.968666,16.968666,73884000
2016-04-14,16.866667,17.122667,16.736668,16.790667,16.790667,61983000
2016-04-15,16.754,16.973333,16.608,16.967333,16.967333,56286000
2016-04-18,16.815332,17.220667,16.777332,16.925333,16.925333,64071000
2016-04-19,16.874666,16.958,16.083332,16.491333,16.491333,95362500
2016-04-20,16.417334,16.910667,16.1,16.664667,16.664667,77911500
2016-04-21,16.599333,16.726667,16.460667,16.552668,16.552668,41746500
2016-04-22,16.592667,16.933332,16.380667,16.916668,16.916668,56794500
2016-04-25,16.867332,17.158667,16.717333,16.788,16.788,55054500
2016-04-26,16.803333,17.048668,16.625999,16.916,16.916,48357000
2016-04-27,16.85,17,16.626667,16.764668,16.764668,48087000
2016-04-28,16.656668,16.895332,16.496,16.514,16.514,37785000
2016-04-29,16.542667,16.562,15.854,16.050667,16.050667,81207000
2016-05-02,16.1,16.212667,15.654667,16.120001,16.120001,57658500
2016-05-03,15.824,15.927333,15.441333,15.488,15.488,64533000
2016-05-04,15.352667,15.630667,14.693333,14.837333,14.837333,130507500
2016-05-05,15.230667,15.242667,13.986,14.102,14.102,168822000
2016-05-06,14.058,14.424667,13.874,14.328667,14.328667,85278000
2016-05-09,14.381333,14.41,13.786667,13.928,13.928,71646000
2016-05-10,13.836667,13.964667,13.666667,13.912667,13.912667,61059000
2016-05-11,13.839333,14.365333,13.736667,13.930667,13.930667,77428500
2016-05-12,14.096,14.111333,13.577333,13.818667,13.818667,54757500
2016-05-13,13.852,14.08,13.78,13.840667,13.840667,42342000
2016-05-16,13.876667,14.21,13.861333,13.886,13.886,44241000
2016-05-17,13.936667,13.988,13.601333,13.644,13.644,42654000
2016-05-18,13.943333,14.354,13.85,14.078,14.078,84262500
2016-05-19,14.241333,14.452667,13.82,14.347333,14.347333,102994500
2016-05-20,14.466,14.703333,14.423333,14.685333,14.685333,135106500
2016-05-23,14.658,14.84,14.390667,14.414667,14.414667,76537500
2016-05-24,14.44,14.582667,14.345333,14.527333,14.527333,45207000
2016-05-25,14.527333,14.757333,14.434,14.638667,14.638667,46902000
2016-05-26,14.7,15.017333,14.603333,15.008,15.008,61086000
2016-05-27,14.999333,15.062,14.716667,14.869333,14.869333,54754500
2016-05-31,14.869333,14.983333,14.766667,14.882,14.882,41835000
2016-06-01,14.765333,14.826667,14.459333,14.637333,14.637333,44740500
2016-06-02,14.639333,14.660667,14.474,14.597333,14.597333,30492000
2016-06-03,14.666667,14.796,14.534,14.599333,14.599333,33435000
2016-06-06,14.533333,14.726667,14.363333,14.712,14.712,33742500
2016-06-07,14.816,15.629333,14.768,15.489333,15.489333,93204000
2016-06-08,15.586667,16.056667,15.507333,15.701333,15.701333,89580000
2016-06-09,15.665333,15.688667,15.137333,15.290667,15.290667,67381500
2016-06-10,15.159333,15.198,14.561333,14.586,14.586,90399000
2016-06-13,14.633333,15.051333,14.510667,14.524667,14.524667,62895000
2016-06-14,14.592,14.813333,14.168667,14.330667,14.330667,53703000
2016-06-15,14.463333,14.793333,14.342,14.513333,14.513333,43627500
2016-06-16,14.494667,14.536,14.233333,14.528667,14.528667,36604500
2016-06-17,14.520667,14.666,14.3,14.364667,14.364667,46689000
2016-06-20,14.633333,14.916667,14.548667,14.646667,14.646667,53332500
2016-06-21,14.712,14.838,14.587333,14.640667,14.640667,67935000
2016-06-22,13.298,13.73,13.05,13.110667,13.110667,356136000
2016-06-23,13.046,13.17,12.808667,13.093333,13.093333,151960500
2016-06-24,12.67,13.008,12.648667,12.876667,12.876667,105397500
2016-06-27,12.724,13.254,12.524667,13.236667,13.236667,108081000
2016-06-28,13.459333,13.603333,13.294,13.452667,13.452667,93186000
2016-06-29,13.675333,14.118667,13.533333,14.012667,14.012667,89923500
2016-06-30,14.198,14.233333,13.934667,14.152,14.152,72646500
2016-07-01,13.742667,14.549333,13.733333,14.433333,14.433333,81000000
2016-07-05,13.982,14.302667,13.866667,14.265333,14.265333,77629500
2016-07-06,14,14.348667,13.933333,14.296,14.296,73798500
2016-07-07,14.206667,14.541333,14.200667,14.396,14.396,54180000
2016-07-08,14.52,14.654,14.3,14.452,14.452,61122000
2016-07-11,14.664,15.118667,14.634,14.985333,14.985333,81447000
2016-07-12,14.94,15.166667,14.881333,14.976667,14.976667,68569500
2016-07-13,15.033333,15.039333,14.686,14.835333,14.835333,53506500
2016-07-14,14.874667,14.996,14.736667,14.768667,14.768667,40137000
2016-07-15,14.834667,14.85,14.642667,14.693333,14.693333,33513000
2016-07-18,14.642667,15.139333,14.553333,15.083333,15.083333,51181500
2016-07-19,15,15.273333,14.983333,15.017333,15.017333,46726500
2016-07-20,15.098,15.32,15,15.224,15.224,38527500
2016-07-21,15.066667,15.19,14.606667,14.7,14.7,66430500
2016-07-22,14.799333,14.966667,14.592,14.818,14.818,38695500
2016-07-25,14.818,15.426,14.758,15.334,15.334,67360500
2016-07-26,15.179333,15.333333,15.02,15.300667,15.300667,51450000
2016-07-27,15.289333,15.557333,15.128,15.232667,15.232667,43335000
2016-07-28,15.196667,15.384,15.106667,15.374,15.374,36286500
2016-07-29,15.38,15.685333,15.349333,15.652667,15.652667,46062000
2016-08-01,15.7,15.775333,15.292,15.334,15.334,60244500
2016-08-02,15.291333,15.324667,14.76,15.146667,15.146667,59016000
2016-08-03,15.158,15.313333,14.947333,15.052667,15.052667,58317000
2016-08-04,15.046,15.390667,14.803333,15.374,15.374,62205000
2016-08-05,15.333333,15.466667,15.16,15.335333,15.335333,48078000
2016-08-08,15.2,15.306667,15.072667,15.077333,15.077333,33954000
2016-08-09,15.121333,15.436,15.11,15.272,15.272,33117000
2016-08-10,15.216,15.324667,14.974667,15.043333,15.043333,35074500
2016-08-11,15.078,15.171333,14.894,14.994,14.994,28213500
2016-08-12,15.027333,15.11,14.936,15.040667,15.040667,27202500
2016-08-15,15.068,15.3,14.995333,15.039333,15.039333,30514500
2016-08-16,15.032667,15.146,14.894,14.907333,14.907333,34006500
2016-08-17,14.955333,14.988667,14.853333,14.882667,14.882667,26806500
2016-08-18,14.921333,15.044,14.819333,14.900667,14.900667,25717500
2016-08-19,14.902667,15.011333,14.835333,15,15,24892500
2016-08-22,14.944667,15.007333,14.845333,14.862,14.862,30982500
2016-08-23,14.954667,15.232667,14.853333,14.989333,14.989333,71766000
2016-08-24,15.136667,15.143333,14.814667,14.841333,14.841333,38560500
2016-08-25,14.874,14.92,14.718,14.730667,14.730667,26437500
2016-08-26,14.809333,14.857333,14.588,14.666,14.666,33585000
2016-08-29,14.676667,14.693333,14.333333,14.346667,14.346667,48994500
2016-08-30,14.407333,14.407333,14.034667,14.089333,14.089333,47533500
2016-08-31,14.028667,14.173333,13.91,14.134,14.134,49147500
2016-09-01,13.934,14.073333,13.366667,13.384667,13.384667,119146500
2016-09-02,13.488667,13.546667,13.08,13.185333,13.185333,89661000
2016-09-06,13.268,13.55,13.266667,13.522,13.522,65859000
2016-09-07,13.7,13.766667,13.380667,13.447333,13.447333,54613500
2016-09-08,13.303333,13.326,13.090667,13.157333,13.157333,50668500
2016-09-09,13.272667,13.328,12.913333,12.964667,12.964667,56355000
2016-09-12,13,13.424667,12.94,13.22,13.22,55728000
2016-09-13,13.137333,13.232667,12.896667,13.07,13.07,53841000
2016-09-14,13.05,13.194667,12.990667,13.094,13.094,33817500
2016-09-15,13.099333,13.501333,13.093333,13.361333,13.361333,46158000
2016-09-16,13.361333,13.713333,13.266667,13.693333,13.693333,46617000
2016-09-19,13.8,13.962,13.666667,13.756,13.756,34492500
2016-09-20,13.79,13.85,13.594,13.642667,13.642667,36157500
2016-09-21,13.758,13.8,13.437333,13.681333,13.681333,39502500
2016-09-22,13.76,13.818667,13.533333,13.762,13.762,35743500
2016-09-23,13.732667,14.012,13.711333,13.83,13.83,43578000
2016-09-26,13.766667,14.066667,13.766667,13.932667,13.932667,35916000
2016-09-27,13.976667,13.998667,13.640667,13.720667,13.720667,50598000
2016-09-28,13.834,13.883333,13.684,13.751333,13.751333,31326000
2016-09-29,13.706667,13.822,13.372,13.38,13.38,40905000
2016-09-30,13.480667,13.665333,13.303333,13.602,13.602,38794500
2016-10-03,14.153333,14.378,13.883333,14.246667,14.246667,89998500
2016-10-04,14.206667,14.221333,13.921333,14.094,14.094,53122500
2016-10-05,14.149333,14.21,13.874667,13.897333,13.897333,28162500
2016-10-06,13.497333,13.614,13.347333,13.4,13.4,70551000
2016-10-07,13.4,13.421333,13.053333,13.107333,13.107333,52395000
2016-10-10,13.423333,13.609333,13.310667,13.396667,13.396667,49744500
2016-10-11,13.456667,13.48,13.220667,13.34,13.34,34926000
2016-10-12,13.396667,13.592,13.361333,13.434,13.434,29560500
2016-10-13,13.366667,13.393333,13.136667,13.349333,13.349333,37419000
2016-10-14,13.377333,13.428667,13.086667,13.100667,13.100667,64048500
2016-10-17,13.136667,13.226,12.8,12.930667,12.930667,68311500
2016-10-18,13.066,13.298,12.884,13.273333,13.273333,85207500
2016-10-19,13.316,13.777333,13.204,13.570667,13.570667,104868000
2016-10-20,13.474667,13.533333,13.136667,13.273333,13.273333,76093500
2016-10-21,13.24,13.438,13.160667,13.339333,13.339333,44151000
2016-10-24,13.4,13.596667,13.35,13.517333,13.517333,41274000
2016-10-25,13.526667,13.646,13.413333,13.489333,13.489333,36675000
2016-10-26,13.4,13.546,13.34,13.482667,13.482667,84492000
2016-10-27,14.089333,14.246667,13.443333,13.600667,13.600667,196405500
2016-10-28,13.6,13.688,13.322,13.331333,13.331333,64201500
2016-10-31,13.499333,13.499333,13.054,13.182,13.182,70384500
2016-11-01,13.202667,13.233333,12.540667,12.719333,12.719333,105900000
2016-11-02,12.67,12.846667,12.500667,12.534667,12.534667,63801000
2016-11-03,12.6,12.764667,12.469333,12.494667,12.494667,39795000
2016-11-04,12.6,12.897333,12.397333,12.704,12.704,77190000
2016-11-07,12.906,12.952667,12.67,12.880667,12.880667,58051500
2016-11-08,12.919333,13.166,12.750667,12.996,12.996,49014000
2016-11-09,12.458667,12.8,12.263333,12.670667,12.670667,122596500
2016-11-10,12.736667,12.774,12.028,12.356667,12.356667,101254500
2016-11-11,12.282667,12.592,12.2,12.570667,12.570667,59827500
2016-11-14,12.533333,12.55,11.879333,12.096667,12.096667,98283000
2016-11-15,12.185333,12.428667,12.136667,12.251333,12.251333,58530000
2016-11-16,12.176667,12.315333,12.080667,12.262,12.262,51516000
2016-11-17,12.232667,12.632667,12.140667,12.577333,12.577333,73306500
2016-11-18,12.71,12.866667,12.333333,12.334667,12.334667,78154500
2016-11-21,12.336,12.592667,12.294,12.301333,12.301333,65415000
2016-11-22,12.389333,12.764667,12.247333,12.744667,12.744667,84051000
2016-11-23,12.707333,13.042667,12.6,12.876,12.876,73378500
2016-11-25,12.909333,13.149333,12.909333,13.11,13.11,35491500
2016-11-28,13.032,13.29,12.97,13.074667,13.074667,67938000
2016-11-29,13.037333,13.115333,12.633333,12.638,12.638,66589500
2016-11-30,12.733333,12.792667,12.5,12.626667,12.626667,53206500
2016-12-01,12.55,12.568667,12.066667,12.125333,12.125333,76896000
2016-12-02,12.192,12.325333,12,12.098,12.098,60634500
2016-12-05,12.167333,12.592667,12.167333,12.453333,12.453333,61083000
2016-12-06,12.368,12.438667,12.178667,12.39,12.39,50874000
2016-12-07,12.41,12.893333,12.333333,12.876667,12.876667,81928500
2016-12-08,12.803333,12.833333,12.636,12.819333,12.819333,47911500
2016-12-09,12.724667,12.922667,12.720667,12.812,12.812,40837500
2016-12-12,12.853333,12.961333,12.745333,12.828667,12.828667,36583500
2016-12-13,12.878667,13.418667,12.866667,13.21,13.21,102358500
2016-12-14,13.249333,13.533333,13.117333,13.246,13.246,62263500
2016-12-15,13.227333,13.382667,13.159333,13.172,13.172,48294000
2016-12-16,13.205333,13.506,13.173333,13.499333,13.499333,56953500
2016-12-19,13.499333,13.63,13.322667,13.515333,13.515333,52321500
2016-12-20,13.536667,13.933333,13.5,13.919333,13.919333,70336500
2016-12-21,13.896667,14.148667,13.827333,13.846667,13.846667,78114000
2016-12-22,13.881333,13.999333,13.766667,13.896667,13.896667,46666500
2016-12-23,13.866667,14.23,13.847333,14.222667,14.222667,70057500
2016-12-27,14.325333,14.816667,14.294667,14.635333,14.635333,88735500
2016-12-28,14.768667,14.92,14.48,14.649333,14.649333,56737500
2016-12-29,14.570667,14.613333,14.274667,14.312,14.312,60675000
2016-12-30,14.42,14.5,14.112,14.246,14.246,69639000
2017-01-03,14.324,14.688667,14.064,14.466,14.466,88849500
2017-01-04,14.316667,15.2,14.287333,15.132667,15.132667,168202500
2017-01-05,15.094667,15.165333,14.796667,15.116667,15.116667,88675500
2017-01-06,15.128667,15.354,15.03,15.267333,15.267333,82918500
2017-01-09,15.264667,15.461333,15.2,15.418667,15.418667,59692500
2017-01-10,15.466667,15.466667,15.126,15.324667,15.324667,54900000
2017-01-11,15.271333,15.332,15.112,15.315333,15.315333,54762000
2017-01-12,15.270667,15.38,15.038667,15.306,15.306,56853000
2017-01-13,15.333333,15.856667,15.306,15.85,15.85,91395000
2017-01-17,15.78,15.997333,15.624667,15.705333,15.705333,69262500
2017-01-18,15.776667,15.980667,15.705333,15.890667,15.890667,56535000
2017-01-19,16.483334,16.578667,16.049999,16.250668,16.250668,115984500
2017-01-20,16.364,16.4,16.200666,16.315332,16.315332,63064500
2017-01-23,16.389999,16.726,16.366667,16.594667,16.594667,93943500
2017-01-24,16.666668,16.986668,16.643333,16.974001,16.974001,74482500
2017-01-25,17.153999,17.230667,16.786667,16.964666,16.964666,77139000
2017-01-26,16.952667,17.049334,16.716667,16.834,16.834,47281500
2017-01-27,16.758667,16.866667,16.568001,16.863333,16.863333,47494500
2017-01-30,16.835333,17.019333,16.473333,16.708668,16.708668,57016500
2017-01-31,16.615999,17.059334,16.513332,16.795334,16.795334,61741500
2017-02-01,16.870001,16.879999,16.603333,16.615999,16.615999,59382000
2017-02-02,16.556,16.827999,16.514,16.77,16.77,37497000
2017-02-03,16.794001,16.812,16.645332,16.755333,16.755333,32800500
2017-02-06,16.733334,17.188,16.708668,17.184668,17.184668,53437500
2017-02-07,17.212667,17.333332,17.094667,17.165333,17.165333,63672000
2017-02-08,17.156668,17.557333,17.08,17.472,17.472,58995000
2017-02-09,17.75,18.078667,17.743334,17.946667,17.946667,117303000
2017-02-10,17.986,18.063334,17.740667,17.948668,17.948668,54295500
2017-02-13,18.049334,18.719334,18.034,18.706667,18.706667,105444000
2017-02-14,18.601999,19.159332,18.573999,18.732,18.732,110178000
2017-02-15,18.666668,18.816,18.429333,18.650667,18.650667,74218500
2017-02-16,18.506666,18.666668,17.9,17.93,17.93,106159500
2017-02-17,17.719999,18.192667,17.610001,18.148666,18.148666,93856500
2017-02-21,18.363333,18.76,18.267332,18.492666,18.492666,85150500
2017-02-22,18.687332,18.896667,18.173332,18.233999,18.233999,131325000
2017-02-23,17.6,17.643999,17.037333,17.066,17.066,223728000
2017-02-24,16.844,17.216667,16.68,17.133333,17.133333,122574000
2017-02-27,16.544666,16.557333,16.134001,16.415333,16.415333,171912000
2017-02-28,16.279333,16.733334,16.26,16.666,16.666,91171500
2017-03-01,16.945333,16.99,16.607332,16.667999,16.667999,72142500
2017-03-02,16.647333,16.885332,16.551332,16.698668,16.698668,50277000
2017-03-03,16.716,16.793333,16.6,16.771334,16.771334,43791000
2017-03-06,16.527332,16.780001,16.500668,16.747334,16.747334,50332500
2017-03-07,16.794666,16.926001,16.554667,16.572666,16.572666,51892500
2017-03-08,16.466667,16.671333,16.354668,16.458,16.458,55878000
2017-03-09,16.508667,16.577333,16.200001,16.326668,16.326668,58189500
2017-03-10,16.414,16.433332,16.200001,16.246,16.246,45994500
2017-03-13,16.321333,16.456667,16.185333,16.411333,16.411333,45339000
2017-03-14,16.407333,17.208,16.401333,17.200001,17.200001,113976000
2017-03-15,17.133333,17.4,16.951332,17.048668,17.048668,79962000
2017-03-16,17.493334,17.716667,17.270666,17.469999,17.469999,106983000
2017-03-17,17.6,17.688667,17.413334,17.433332,17.433332,97462500
2017-03-20,17.373333,17.636667,17.254667,17.461332,17.461332,54214500
2017-03-21,17.521999,17.653334,16.682667,16.712,16.712,103629000
2017-03-22,16.770666,17.004667,16.700666,17.000668,17.000668,60889500
2017-03-23,17.025999,17.177999,16.886667,16.985332,16.985332,49803000
2017-03-24,17.046667,17.592667,17.000668,17.544001,17.544001,84709500
2017-03-27,17.373333,18.038,17.316668,18.014668,18.014668,93462000
2017-03-28,18.468,18.712,18.333332,18.496668,18.496668,119814000
2017-03-29,18.556,18.639999,18.369333,18.492001,18.492001,55143000
2017-03-30,18.535999,18.799999,18.480667,18.528,18.528,62226000
2017-03-31,18.582001,18.645332,18.421333,18.553333,18.553333,49419000
2017-04-03,19.126667,19.933332,18.972,19.901333,19.901333,208329000
2017-04-04,19.792667,20.320667,19.635332,20.246668,20.246668,152019000
2017-04-05,20.136,20.325333,19.613333,19.666668,19.666668,118213500
2017-04-06,19.792,20.129333,19.606667,19.913334,19.913334,82809000
2017-04-07,19.833332,20.179333,19.809999,20.169333,20.169333,68694000
2017-04-10,20.610001,20.915333,20.580667,20.826,20.826,114967500
2017-04-11,20.892,20.898001,20.366667,20.580667,20.580667,85869000
2017-04-12,20.422667,20.563334,19.754667,19.789333,19.789333,90760500
2017-04-13,19.780001,20.492666,19.686666,20.266666,20.266666,139269000
2017-04-17,20.18,20.266666,19.912001,20.096001,20.096001,62080500
2017-04-18,19.98,20.056,19.860001,20.016666,20.016666,45535500
2017-04-19,20.164,20.441334,20.140667,20.368,20.368,58470000
2017-04-20,20.434,20.610001,20.015333,20.167334,20.167334,92241000
2017-04-21,20.133333,20.426666,20.028,20.373333,20.373333,67647000
2017-04-24,20.614668,20.703333,20.401333,20.535334,20.535334,76252500
2017-04-25,20.533333,20.931999,20.390667,20.919333,20.919333,101065500
2017-04-26,20.824667,20.966667,20.6,20.677999,20.677999,70425000
2017-04-27,20.779333,20.872667,20.5,20.575333,20.575333,52029000
2017-04-28,20.655333,20.986668,20.533333,20.938,20.938,67582500
2017-05-01,20.992001,21.816668,20.987333,21.521999,21.521999,132444000
2017-05-02,21.6,21.844,21.104,21.259333,21.259333,80742000
2017-05-03,21.177999,21.435333,20.696667,20.734667,20.734667,107001000
2017-05-04,20.496,20.518,19.384001,19.697332,19.697332,212280000
2017-05-05,19.866667,20.57,19.786667,20.556667,20.556667,122659500
2017-05-08,20.726667,20.919333,20.388,20.479334,20.479334,105097500
2017-05-09,20.625334,21.466,20.606667,21.417334,21.417334,145147500
2017-05-10,21.437332,21.700001,21.208,21.681334,21.681334,86124000
2017-05-11,21.559999,21.733334,21.306667,21.540001,21.540001,71307000
2017-05-12,21.698668,21.799999,21.435333,21.653999,21.653999,61824000
2017-05-15,21.225332,21.346666,20.835333,21.058666,21.058666,114330000
2017-05-16,21.172667,21.337334,21.009333,21.134001,21.134001,62287500
2017-05-17,20.959333,20.975332,20.366667,20.407333,20.407333,100678500
2017-05-18,20.466667,20.929333,20.354,20.870667,20.870667,84807000
2017-05-19,21.033333,21.1,20.68,20.722,20.722,70314000
2017-05-22,20.853333,20.958,20.453333,20.690001,20.690001,64938000
2017-05-23,20.697332,20.715334,20.232,20.257334,20.257334,64776000
2017-05-24,20.434,20.733334,20.360001,20.681334,20.681334,75499500
2017-05-25,20.734667,21.131332,20.520666,21.122,21.122,75210000
2017-05-26,21.152,21.699333,21.087334,21.676001,21.676001,117033000
2017-05-30,21.733334,22.418667,21.717333,22.34,22.34,116743500
2017-05-31,22.512667,22.859333,22.344,22.733999,22.733999,149451000
2017-06-01,22.933332,22.992001,22.486,22.691334,22.691334,114120000
2017-06-02,22.651333,22.858667,22.395332,22.656668,22.656668,83853000
2017-06-05,22.566668,23.229334,22.280666,23.154667,23.154667,101766000
2017-06-06,22.98,23.966,22.664667,23.523333,23.523333,166302000
2017-06-07,23.756001,24.033333,23.676001,23.976667,23.976667,140970000
2017-06-08,24.25,24.793333,24.014668,24.666668,24.666668,135922500
2017-06-09,24.961332,25.124666,23.653334,23.821333,23.821333,258921000
2017-06-12,23.865999,24.299999,23.374666,23.934,23.934,157765500
2017-06-13,24.507999,25.066668,24.440666,25.063334,25.063334,177118500
2017-06-14,25.406,25.616667,25.087334,25.377333,25.377333,192276000
2017-06-15,24.833332,25.030666,24.432667,25.022667,25.022667,156397500
2017-06-16,25.198668,25.200666,24.673332,24.76,24.76,100965000
2017-06-19,25,25.113333,24.52,24.653334,24.653334,98239500
2017-06-20,25.111334,25.258667,24.648666,24.816,24.816,111580500
2017-06-21,24.956667,25.132668,24.534666,25.093332,25.093332,73848000
2017-06-22,25.199333,25.666668,24.904667,25.507334,25.507334,112947000
2017-06-23,25.496668,25.799334,25.290001,25.563334,25.563334,96687000
2017-06-26,25.779333,25.796667,24.873333,25.166,25.166,99061500
2017-06-27,25.093332,25.093332,24.134666,24.158001,24.158001,104946000
2017-06-28,24.445333,24.782667,24.167999,24.749332,24.749332,94537500
2017-06-29,24.707333,24.733334,23.606667,24.049999,24.049999,123315000
2017-06-30,24.247334,24.451332,23.974667,24.107332,24.107332,87727500
2017-07-03,24.682667,24.756666,23.433332,23.507999,23.507999,94581000
2017-07-05,23.146667,23.149332,21.755333,21.806,21.806,255700500
2017-07-06,21.150667,21.386,20.42,20.588667,20.588667,289867500
2017-07-07,20.9,21.133333,20.492001,20.881332,20.881332,212653500
2017-07-10,20.860001,21.195999,20.208668,21.07,21.07,207313500
2017-07-11,21.066668,21.818666,20.953333,21.814667,21.814667,173391000
2017-07-12,22.026667,22.206667,21.633333,21.968,21.968,155191500
2017-07-13,22.007334,22.106667,21.331333,21.560667,21.560667,128917500
2017-07-14,21.546,21.894667,21.414667,21.851999,21.851999,84378000
2017-07-17,21.702667,21.806667,20.896667,21.304667,21.304667,148153500
2017-07-18,21.166668,21.941999,21.044001,21.882668,21.882668,95605500
2017-07-19,21.882,22.110001,21.548,21.684,21.684,95355000
2017-07-20,21.793333,22.014668,21.613333,21.994667,21.994667,77493000
2017-07-21,21.964001,22.084,21.719999,21.893333,21.893333,73524000
2017-07-24,22.016001,22.893333,22.000668,22.834667,22.834667,129556500
2017-07-25,23,23.040001,22.276667,22.639999,22.639999,104838000
2017-07-26,22.690666,23.033333,22.541332,22.923332,22.923332,72312000
2017-07-27,23.066668,23.166668,21.752666,22.297333,22.297333,124536000
2017-07-28,22.459333,22.639999,22.167334,22.337999,22.337999,73206000
2017-07-31,22.366667,22.766001,21.402666,21.564667,21.564667,128026500
2017-08-01,21.533333,21.629999,21.075333,21.304667,21.304667,124546500
2017-08-02,21.262667,21.808001,20.747999,21.726,21.726,196372500
2017-08-03,23.021999,23.333332,22.876667,23.139334,23.139334,203025000
2017-08-04,23.133333,23.818001,22.886667,23.794001,23.794001,139033500
2017-08-07,23.823334,23.965334,23.516666,23.677999,23.677999,94867500
2017-08-08,23.835333,24.572001,23.826668,24.348,24.348,111747000
2017-08-09,24.066668,24.666668,23.93,24.235332,24.235332,103381500
2017-08-10,24.106667,24.443333,23.643999,23.693333,23.693333,106393500
2017-08-11,23.798,24.084,23.574667,23.858,23.858,65487000
2017-08-14,24.308666,24.510668,24.173332,24.253332,24.253332,67788000
2017-08-15,24.346666,24.365999,23.958,24.155333,24.155333,46276500
2017-08-16,24.200001,24.433332,24.167999,24.194,24.194,51207000
2017-08-17,24.080667,24.219999,23.439333,23.461332,23.461332,75415500
2017-08-18,23.527332,23.6,23.053333,23.164,23.164,81123000
2017-08-21,23.054667,23.054667,22.123333,22.524,22.524,97431000
2017-08-22,22.742001,22.816,22.491333,22.756666,22.756666,64830000
2017-08-23,22.599333,23.566,22.553333,23.518,23.518,74317500
2017-08-24,23.501333,23.777332,23.316,23.528667,23.528667,68770500
2017-08-25,23.615999,23.712667,23.153334,23.203333,23.203333,52260000
2017-08-28,23.152,23.156668,22.648001,23.044001,23.044001,56460000
2017-08-29,22.632,23.27,22.583332,23.157333,23.157333,61105500
2017-08-30,23.311333,23.564667,23.133333,23.545334,23.545334,51193500
2017-08-31,23.57,23.896,23.521334,23.726667,23.726667,61092000
2017-09-01,23.741333,23.839333,23.579332,23.693333,23.693333,45742500
2017-09-05,23.586666,23.699333,23.059334,23.306,23.306,57526500
2017-09-06,23.299999,23.398666,22.770666,22.968666,22.968666,61371000
2017-09-07,23.065332,23.498667,22.896667,23.374001,23.374001,63588000
2017-09-08,23.266001,23.318666,22.82,22.893333,22.893333,48952500
2017-09-11,23.423332,24.247334,23.333332,24.246,24.246,115006500
2017-09-12,24.299334,24.584,24.026667,24.183332,24.183332,89593500
2017-09-13,24.254667,24.538,23.972668,24.415333,24.415333,62778000
2017-09-14,24.288668,25.197332,24.175333,25.176001,25.176001,108037500
2017-09-15,24.967333,25.333332,24.846666,25.320667,25.320667,81307500
2017-09-18,25.35,25.974001,25.178667,25.666668,25.666668,107820000
2017-09-19,25.333332,25.492666,24.904667,25.006666,25.006666,96778500
2017-09-20,24.866667,25.216667,24.738001,24.927334,24.927334,73786500
2017-09-21,24.993334,25.122,24.300667,24.431999,24.431999,69273000
2017-09-22,24.432667,24.66,23.392,23.406,23.406,122391000
2017-09-25,23.543333,23.831333,22.858667,22.999332,22.999332,114088500
2017-09-26,23.395332,23.416,22.726667,23.016666,23.016666,107344500
2017-09-27,23.326668,23.432667,22.700001,22.731333,22.731333,90904500
2017-09-28,22.658667,22.85,22.360001,22.639999,22.639999,79794000
2017-09-29,22.790667,22.978666,22.573334,22.74,22.74,76606500
2017-10-02,22.834667,22.913334,22.367332,22.768667,22.768667,79302000
2017-10-03,22.393333,23.236668,22.085333,23.209333,23.209333,152304000
2017-10-04,23.416668,23.908001,23.306667,23.667334,23.667334,122452500
2017-10-05,23.733334,23.829332,23.423332,23.688667,23.688667,62575500
2017-10-06,23.540001,24.006666,23.483334,23.792,23.792,64462500
2017-10-09,23.309999,23.450001,22.844667,22.862667,22.862667,112405500
2017-10-10,23.120001,23.708668,23.035334,23.705999,23.705999,104677500
2017-10-11,23.592667,23.84,23.41,23.639999,23.639999,67512000
2017-10-12,23.530001,23.985332,23.509333,23.712,23.712,61305000
2017-10-13,23.798668,23.899332,23.578667,23.704666,23.704666,53107500
2017-10-16,23.584,23.632,23.143999,23.373333,23.373333,80632500
2017-10-17,23.393999,23.747999,23.337999,23.716667,23.716667,49399500
2017-10-18,23.731333,24.200001,23.608667,23.976667,23.976667,74086500
2017-10-19,23.704,23.809999,23.213333,23.454,23.454,75927000
2017-10-20,23.512667,23.636667,22.955999,23.006666,23.006666,73956000
2017-10-23,23.325333,23.33,22.416668,22.468,22.468,86209500
2017-10-24,22.586666,22.853333,22.410667,22.489332,22.489332,67375500
2017-10-25,22.446667,22.5,21.570667,21.722668,21.722668,128911500
2017-10-26,21.851999,22.015333,21.546667,21.744667,21.744667,75352500
2017-10-27,21.316668,21.639334,21.110666,21.391333,21.391333,104695500
2017-10-30,21.278667,21.585333,21.15,21.338667,21.338667,63816000
2017-10-31,21.348667,22.129999,21.345333,22.101999,22.101999,85084500
2017-11-01,22.15,22.174,21.350668,21.405333,21.405333,126859500
2017-11-02,20.008667,20.579332,19.508667,19.950666,19.950666,296871000
2017-11-03,19.966667,20.416668,19.675333,20.406,20.406,133410000
2017-11-06,20.466667,20.5,19.934,20.185333,20.185333,97290000
2017-11-07,20.068001,20.433332,20.002001,20.403334,20.403334,79414500
2017-11-08,20.366667,20.459333,20.086666,20.292667,20.292667,70879500
2017-11-09,20.166668,20.297333,19.753332,20.199333,20.199333,81706500
2017-11-10,20.166668,20.557333,20.123333,20.199333,20.199333,69381000
2017-11-13,20.008667,21.120001,19.940666,21.026667,21.026667,113773500
2017-11-14,21,21.09,20.459999,20.58,20.58,85141500
2017-11-15,20.400667,20.832666,20.1,20.753332,20.753332,89680500
2017-11-16,20.932667,21.209333,20.753332,20.833332,20.833332,87331500
2017-11-17,21.711332,21.778,20.876667,21.003332,21.003332,206026500
2017-11-20,20.919333,21.033333,20.316668,20.582666,20.582666,123715500
2017-11-21,20.724001,21.215334,20.580667,21.187332,21.187332,108919500
2017-11-22,21.118,21.161333,20.789333,20.84,20.84,73764000
2017-11-24,20.919333,21.094,20.733334,21.036667,21.036667,48661500
2017-11-27,20.883333,21.156,20.634001,21.120667,21.120667,68338500
2017-11-28,21.090668,21.333332,20.927999,21.17,21.17,74242500
2017-11-29,21.153334,21.200001,20.082001,20.502666,20.502666,131511000
2017-11-30,20.570667,20.713333,20.302668,20.59,20.59,65274000
2017-12-01,20.362667,20.688,20.336666,20.435333,20.435333,64393500
2017-12-04,20.433332,20.551332,20.040667,20.346666,20.346666,87526500
2017-12-05,20.133333,20.533333,20.066668,20.246668,20.246668,69697500
2017-12-06,20.006666,20.892668,20,20.884001,20.884001,107929500
2017-12-07,20.799999,21.242001,20.736668,20.749332,20.749332,71709000
2017-12-08,20.973333,21.132,20.750668,21.008667,21.008667,52027500
2017-12-11,20.975332,21.934,20.916668,21.927334,21.927334,119070000
2017-12-12,22.030001,22.762667,22.002001,22.735332,22.735332,130998000
2017-12-13,22.728666,22.948,22.433332,22.601999,22.601999,93322500
2017-12-14,22.733999,23.162666,22.459999,22.525999,22.525999,86998500
2017-12-15,22.802668,22.926666,22.384001,22.896667,22.896667,103998000
2017-12-18,22.993334,23.115334,22.505333,22.591333,22.591333,82143000
2017-12-19,22.684,22.766001,22.02,22.073334,22.073334,102375000
2017-12-20,22.179333,22.206667,21.669333,21.931999,21.931999,89307000
2017-12-21,21.972668,22.249332,21.813999,22.110666,22.110666,65778000
2017-12-22,21.967333,22.061333,21.654667,21.68,21.68,63237000
2017-12-26,21.588667,21.596001,21.105333,21.152666,21.152666,65676000
2017-12-27,21.066668,21.178667,20.716667,20.775999,20.775999,70681500
2017-12-28,20.783333,21.054667,20.636,21.024,21.024,64744500
2017-12-29,21.078667,21.094,20.666668,20.756666,20.756666,56658000
2018-01-02,20.799999,21.474001,20.733334,21.368668,21.368668,65283000
2018-01-03,21.4,21.683332,21.036667,21.15,21.15,67822500
2018-01-04,20.858,21.236668,20.378668,20.974667,20.974667,149194500
2018-01-05,21.108,21.149332,20.799999,21.105333,21.105333,68868000
2018-01-08,21.066668,22.468,21.033333,22.427334,22.427334,147891000
2018-01-09,22.344,22.586666,21.826668,22.246,22.246,107199000
2018-01-10,22.146667,22.466667,22,22.32,22.32,64648500
2018-01-11,22.349333,22.987333,22.217333,22.530001,22.530001,99682500
2018-01-12,22.575333,22.694,22.244667,22.414667,22.414667,72376500
2018-01-16,22.502666,23,22.32,22.670668,22.670668,97114500
2018-01-17,22.698,23.266666,22.65,23.143999,23.143999,106552500
2018-01-18,23.044666,23.486668,22.916,22.971333,22.971333,85287000
2018-01-19,23,23.372667,22.84,23.334667,23.334667,73324500
2018-01-22,23.293333,23.855333,23.280001,23.437332,23.437332,93156000
2018-01-23,24,24.033333,23.4,23.519333,23.519333,81981000
2018-01-24,23.638666,23.65,22.901333,23.059334,23.059334,79312500
2018-01-25,23.218,23.280001,22.426666,22.509333,22.509333,101104500
2018-01-26,22.766666,22.933332,22.380667,22.856667,22.856667,68091000
2018-01-29,22.656668,23.389999,22.552,23.302,23.302,71206500
2018-01-30,23.009333,23.218,22.811333,23.054667,23.054667,70765500
2018-01-31,23.167334,23.746,23.012667,23.620667,23.620667,93211500
2018-02-01,23.4,23.977333,23.242001,23.283333,23.283333,62965500
2018-02-02,23.229334,23.463333,22.700666,22.916668,22.916668,55572000
2018-02-05,22.531334,22.964666,22.200001,22.208668,22.208668,66961500
2018-02-06,21.680668,22.414667,21.566668,22.264668,22.264668,76326000
2018-02-07,22.599333,23.066668,22.377333,23,23,104538000
2018-02-08,22.887333,23.241333,20.973333,21.015333,21.015333,154719000
2018-02-09,21.328667,21.398666,19.650667,20.694668,20.694668,194005500
2018-02-12,21.075333,21.205334,20.416668,21.048668,21.048668,93417000
2018-02-13,21.001333,21.612667,20.834,21.577333,21.577333,68403000
2018-02-14,21.389334,21.744667,21.234667,21.487333,21.487333,59260500
2018-02-15,21.633333,22.274668,21.493334,22.271334,22.271334,88693500
2018-02-16,22.166668,22.874666,22.109333,22.365999,22.365999,84639000
2018-02-20,22.298,22.722668,22.1,22.318001,22.318001,60141000
2018-02-21,22.402,22.646,22.211332,22.219999,22.219999,48294000
2018-02-22,22.368668,23.162666,22.316668,23.077999,23.077999,104547000
2018-02-23,23.188667,23.666,23.139999,23.469999,23.469999,87261000
2018-02-26,23.566668,23.933332,23.490667,23.827999,23.827999,65100000
2018-02-27,23.75,23.999332,23.334,23.399332,23.399332,71961000
2018-02-28,23.504667,23.682667,22.814667,22.870667,22.870667,91045500
2018-03-01,23.000668,23.244667,22.004667,22.062,22.062,103284000
2018-03-02,21.798668,22.348,21.531334,22.341333,22.341333,76392000
2018-03-05,22.159332,22.516666,21.952667,22.223333,22.223333,57357000
2018-03-06,22.25,22.424667,21.802,21.879999,21.879999,64285500
2018-03-07,21.695999,22.166668,21.449333,22.153334,22.153334,75109500
2018-03-08,22.190666,22.219999,21.751333,21.940001,21.940001,53493000
2018-03-09,21.606667,21.899332,21.491333,21.811333,21.811333,82602000
2018-03-12,21.907333,23.147333,21.766666,23.034,23.034,123960000
2018-03-13,21.907333,23.147333,21.766666,22.789333,22.789333,89487000
2018-03-14,22.450666,22.653999,21.595333,21.775333,21.775333,119511000
2018-03-15,21.958668,22.190001,21.406668,21.706667,21.706667,98472000
2018-03-16,21.528667,21.826668,21.271334,21.423332,21.423332,91759500
2018-03-19,21.1,21.383333,20.644667,20.903999,20.903999,112264500
2018-03-20,20.991333,21.083332,20.584,20.703333,20.703333,71464500
2018-03-21,20.683332,21.496,20.679333,21.101999,21.101999,89376000
2018-03-22,20.926001,21.254667,20.545334,20.606667,20.606667,74097000
2018-03-23,20.75,20.75,20.030001,20.102667,20.102667,99823500
2018-03-26,20.489332,20.506001,19.424,20.278667,20.278667,125628000
2018-03-27,20.266666,20.284666,18.478666,18.612,18.612,208080000
2018-03-28,17.638666,17.912001,16.806667,17.185333,17.185333,315021000
2018-03-29,17.099333,18.063999,16.547333,17.742001,17.742001,227560500
2018-04-02,17.084,17.355333,16.306,16.832001,16.832001,241710000
2018-04-03,17.988001,18.223333,16.966,17.835333,17.835333,282666000
2018-04-04,16.851999,19.224667,16.799999,19.129333,19.129333,298450500
2018-04-05,19.289333,20.417334,19.213333,20.381332,20.381332,286816500
2018-04-06,20.066668,20.618668,19.700001,19.953333,19.953333,202804500
2018-04-09,20.024668,20.633333,19.280666,19.310667,19.310667,153747000
2018-04-10,19.931334,20.473333,19.578667,20.313334,20.313334,164847000
2018-04-11,20.049334,20.598667,19.977333,20.062,20.062,112243500
2018-04-12,20.154667,20.263332,19.578667,19.605333,19.605333,114132000
2018-04-13,20.24,20.263332,19.732,20.022667,20.022667,109908000
2018-04-16,19.933332,19.977333,19.267332,19.414,19.414,95077500
2018-04-17,19.257999,19.478001,18.834,19.179333,19.179333,105000000
2018-04-18,19.405333,20.016001,19.210667,19.556667,19.556667,98365500
2018-04-19,19.405333,20.067333,19.236668,20.005333,20.005333,91359000
2018-04-20,19.677999,19.998667,19.316668,19.349333,19.349333,84418500
2018-04-23,19.419333,19.441334,18.822001,18.891333,18.891333,73401000
2018-04-24,19,19.139334,18.563999,18.897333,18.897333,85279500
2018-04-25,18.9,19.010668,18.483334,18.712667,18.712667,60204000
2018-04-26,18.583332,19.052668,18.433332,19.032,19.032,65340000
2018-04-27,19.024668,19.631332,18.922001,19.605333,19.605333,65469000
2018-04-30,19.573999,19.915333,19.5,19.593332,19.593332,63423000
2018-05-01,19.567333,20.054667,19.548,19.994667,19.994667,69384000
2018-05-02,19.904667,20.456667,19.851999,20.076668,20.076668,134556000
2018-05-03,18.586,19.202667,18.348667,18.963333,18.963333,260281500
2018-05-04,18.866667,19.790667,18.634666,19.606001,19.606001,128541000
2018-05-07,19.833332,20.397333,19.677999,20.184668,20.184668,130173000
2018-05-08,20.053333,20.516666,19.933332,20.131332,20.131332,88950000
2018-05-09,20.027332,20.467333,20.003332,20.456667,20.456667,85911000
2018-05-10,20.5,20.865999,20.274,20.334667,20.334667,84774000
2018-05-11,20.513332,20.591999,19.938667,20.070667,20.070667,70194000
2018-05-14,20.221333,20.329332,19.441334,19.464666,19.464666,109302000
2018-05-15,19.000668,19.130667,18.700001,18.945333,18.945333,142788000
2018-05-16,18.922001,19.254,18.770666,19.098667,19.098667,85110000
2018-05-17,19.059999,19.279333,18.931334,18.969334,18.969334,66309000
2018-05-18,18.976667,18.976667,18.266666,18.454666,18.454666,108778500
2018-05-21,18.755333,19.432667,18.753332,18.966,18.966,137739000
2018-05-22,19.184,19.200001,18.228001,18.334,18.334,134187000
2018-05-23,18.517332,18.660667,18.266666,18.604668,18.604668,89776500
2018-05-24,18.559999,18.740667,18.326,18.523333,18.523333,62650500
2018-05-25,18.508667,18.642668,18.374001,18.59,18.59,58126500
2018-05-29,18.567333,19.1,18.41,18.917334,18.917334,84999000
2018-05-30,18.886,19.667334,18.773333,19.448,19.448,112345500
2018-05-31,19.147333,19.358,18.862,18.982,18.982,88795500
2018-06-01,19.057333,19.463333,18.922667,19.454666,19.454666,81366000
2018-06-04,19.622667,19.933332,19.57,19.782667,19.782667,71967000
2018-06-05,19.846666,19.853333,19.115999,19.408667,19.408667,89928000
2018-06-06,20.033333,21.478001,19.832001,21.299999,21.299999,281509500
2018-06-07,21.076668,22,20.905333,21.072666,21.072666,215179500
2018-06-08,21.266666,21.632,21.143333,21.177334,21.177334,123078000
2018-06-11,21.500668,22.310667,21.5,22.139999,22.139999,197752500
2018-06-12,22.98,23.664667,22.533333,22.851334,22.851334,335211000
2018-06-13,23.114,23.146667,22.653334,22.985332,22.985332,142047000
2018-06-14,23.175333,23.916668,23.106667,23.848,23.848,164715000
2018-06-15,23.589333,24.311333,23.416668,23.878,23.878,162724500
2018-06-18,23.693333,24.915333,23.633333,24.722,24.722,181098000
2018-06-19,24.344,24.666668,23.083332,23.503332,23.503332,191428500
2018-06-20,23.869333,24.292,23.466667,24.148001,24.148001,125755500
2018-06-21,24.133333,24.414,23.084667,23.167334,23.167334,119506500
2018-06-22,23.436001,23.483334,22.133333,22.242001,22.242001,153991500
2018-06-25,22.007999,22.564667,21.833332,22.200666,22.200666,103969500
2018-06-26,22.403334,22.903334,21.719999,22.799999,22.799999,111787500
2018-06-27,23,23.386,22.633333,22.966667,22.966667,125005500
2018-06-28,23.243999,23.801332,23.073999,23.328667,23.328667,125970000
2018-06-29,23.555332,23.590668,22.827333,22.863333,22.863333,97386000
2018-07-02,24.004667,24.318666,21.99,22.337999,22.337999,281397000
2018-07-03,22.116667,22.166,20.646,20.724001,20.724001,184239000
2018-07-05,20.917334,20.959333,19.747999,20.610666,20.610666,262146000
2018-07-06,20.33,20.804667,20.133333,20.593332,20.593332,132982500
2018-07-09,20.799334,21.234667,20.533333,21.233999,21.233999,113952000
2018-07-10,21.637333,21.845333,21.280001,21.497999,21.497999,142072500
2018-07-11,21.053333,21.462667,21.004667,21.264,21.264,73261500
2018-07-12,21.428667,21.548668,20.851334,21.114,21.114,85818000
2018-07-13,21.038668,21.305332,20.616667,21.257999,21.257999,88047000
2018-07-16,20.780666,21.010668,20.416668,20.673332,20.673332,117280500
2018-07-17,20.587334,21.649332,20.566668,21.512667,21.512667,104943000
2018-07-18,21.666668,21.700001,21.083332,21.59,21.59,84363000
2018-07-19,21.088667,21.569332,20.934,21.348667,21.348667,88729500
2018-07-20,21.415333,21.549334,20.780666,20.905333,20.905333,77433000
2018-07-23,20.122667,20.366667,19.524,20.213333,20.213333,164893500
2018-07-24,20.294666,20.514668,19.503332,19.828667,19.828667,143862000
2018-07-25,19.782667,20.641333,19.633333,20.582666,20.582666,106131000
2018-07-26,20.323334,20.713333,20.242666,20.443333,20.443333,69457500
2018-07-27,20.483334,20.512667,19.689333,19.812,19.812,85549500
2018-07-30,19.726667,19.74,19.075333,19.344667,19.344667,102211500
2018-07-31,19.483334,19.888,19.271334,19.875999,19.875999,76153500
2018-08-01,19.865999,20.200001,19.533333,20.056,20.056,151941000
2018-08-02,21.896,23.332666,21.544001,23.302668,23.302668,348225000
2018-08-03,23.187332,23.666668,22.835333,23.211332,23.211332,204847500
2018-08-06,23.030666,23.665333,22.788,22.799334,22.799334,128464500
2018-08-07,22.922667,25.830667,22.610001,25.304667,25.304667,463137000
2018-08-08,24.606001,25.509333,24.474667,24.689333,24.689333,368568000
2018-08-09,24.370001,24.467333,23.048668,23.496668,23.496668,257757000
2018-08-10,23.6,24,23.066668,23.699333,23.699333,173280000
2018-08-13,24.075333,24.212667,23.268,23.760668,23.760668,156958500
2018-08-14,23.896667,23.946667,23.139999,23.176001,23.176001,104796000
2018-08-15,22.794001,22.966,22.142668,22.579332,22.579332,136519500
2018-08-16,22.660667,22.818666,22.254667,22.363333,22.363333,90960000
2018-08-17,21.566668,21.784666,20.235332,20.366667,20.366667,284379000
2018-08-20,19.446667,20.566668,19.213333,20.562668,20.562668,261034500
2018-08-21,20.707333,21.652666,20.6,21.459999,21.459999,197583000
2018-08-22,21.391333,21.591999,20.978001,21.442667,21.442667,89190000
2018-08-23,21.275999,21.821333,21.206667,21.34,21.34,77209500
2018-08-24,21.379999,21.59,21.293333,21.521334,21.521334,54039000
2018-08-27,21.200001,21.496,20.587334,21.284666,21.284666,196189500
2018-08-28,21.227333,21.258667,20.746,20.790667,20.790667,114736500
2018-08-29,20.684668,20.790001,20.246,20.334,20.334,111711000
2018-08-30,20.150667,20.306667,19.848,20.209999,20.209999,108250500
2018-08-31,20.133333,20.354,19.906668,20.110666,20.110666,80626500
2018-09-04,19.796,19.879333,19.200001,19.263332,19.263332,125257500
2018-09-05,19.003332,19.118668,18.478666,18.716,18.716,115812000
2018-09-06,18.986668,19.411333,18.591999,18.73,18.73,112212000
2018-09-07,17.34,17.889999,16.816668,17.549334,17.549334,337378500
2018-09-10,18.217333,19.068666,18.066668,19.033333,19.033333,214252500
2018-09-11,18.631332,18.799999,18.236668,18.629333,18.629333,137550000
2018-09-12,18.762667,19.5,18.576668,19.369333,19.369333,150231000
2018-09-13,19.201332,19.666668,19.011999,19.297333,19.297333,95104500
2018-09-14,19.250668,19.822001,19.101334,19.68,19.68,101484000
2018-09-17,19.336,20.058001,19.208668,19.656,19.656,103314000
2018-09-18,19.779333,20.176001,18.366667,18.997334,18.997334,248212500
2018-09-19,18.700666,20,18.700001,19.934668,19.934668,124423500
2018-09-20,20.237333,20.398666,19.555332,19.888666,19.888666,110241000
2018-09-21,19.846666,20.038668,19.691334,19.940001,19.940001,75757500
2018-09-24,19.898666,20.200001,19.572001,19.978666,19.978666,72645000
2018-09-25,20,20.306667,19.766666,20.066,20.066,67225500
2018-09-26,20.127333,20.926001,20.073999,20.638666,20.638666,117648000
2018-09-27,20.860001,20.997334,20.460667,20.501333,20.501333,127636500
2018-09-28,18.017332,18.533333,17.370667,17.651333,17.651333,504745500
2018-10-01,20.384666,20.762667,20.07,20.713333,20.713333,326664000
2018-10-02,20.93,21.122667,19.943333,20.068001,20.068001,176152500
2018-10-03,20.222,20.306667,19.438,19.653334,19.653334,119925000
2018-10-04,19.596666,19.6,18.511333,18.788668,18.788668,147213000
2018-10-05,18.309999,18.325333,17.333332,17.463333,17.463333,269167500
2018-10-08,17.634666,17.850668,16.6,16.704,16.704,202090500
2018-10-09,17.016666,17.784666,16.886667,17.52,17.52,180909000
2018-10-10,17.640667,17.700666,16.518,17.125334,17.125334,192229500
2018-10-11,17.168667,17.483334,16.601999,16.815332,16.815332,122515500
2018-10-12,17.4,17.466,16.800667,17.252001,17.252001,108021000
2018-10-15,17.270666,17.552,16.969334,17.306,17.306,93000000
2018-10-16,17.713333,18.492001,17.482668,18.439333,18.439333,142896000
2018-10-17,18.826668,18.846666,17.719999,18.118668,18.118668,129832500
2018-10-18,17.952667,18.066668,17.533333,17.594,17.594,81318000
2018-10-19,17.826,17.977333,16.9,17.333332,17.333332,140632500
2018-10-22,17.378668,17.457333,16.839333,17.396667,17.396667,84004500
2018-10-23,17.591333,19.862,17.473333,19.609333,19.609333,285417000
2018-10-24,20.07,20.296,19.048668,19.233334,19.233334,300874500
2018-10-25,21.148001,21.4,20.067333,20.990667,20.990667,312610500
2018-10-26,20.549999,22.66,20.443333,22.059999,22.059999,411382500
2018-10-29,22.497999,23.143999,21.766666,22.323334,22.323334,217290000
2018-10-30,21.892668,22.526667,21.483999,21.993334,21.993334,136900500
2018-10-31,22.169333,22.799999,21.940001,22.488001,22.488001,114364500
2018-11-01,22.550667,23.189333,22.315332,22.952,22.952,120001500
2018-11-02,22.916,23.280001,22.727333,23.094,23.094,117120000
2018-11-05,22.700001,22.930668,22.009333,22.76,22.76,117465000
2018-11-06,22.604668,23.253332,22.406,22.737333,22.737333,101443500
2018-11-07,22.889334,23.412001,22.719999,23.210667,23.210667,110617500
2018-11-08,23.233334,23.838667,23.229334,23.426666,23.426666,106360500
2018-11-09,23.266666,23.6,23.015333,23.367332,23.367332,76482000
2018-11-12,23.224667,23.318666,22.022667,22.085333,22.085333,104122500
2018-11-13,22.210667,22.98,22.146667,22.582001,22.582001,81729000
2018-11-14,22.846666,23.140667,22.476667,22.933332,22.933332,75604500
2018-11-15,22.822001,23.238667,22.602667,23.229334,23.229334,69385500
2018-11-16,23.012667,23.713333,23.007999,23.620667,23.620667,108093000
2018-11-19,23.756001,24.450001,23.525333,23.564667,23.564667,145633500
2018-11-20,22.783333,23.32,22.236668,23.166,23.166,120070500
2018-11-21,23.466667,23.540001,22.493334,22.546,22.546,70302000
2018-11-23,22.290001,22.5,21.703333,21.722,21.722,63039000
2018-11-26,21.666668,23.081333,21.666668,23.066668,23.066668,119881500
2018-11-27,22.67,23.130667,22.366667,22.927999,22.927999,95374500
2018-11-28,23.066,23.218666,22.813999,23.191334,23.191334,61914000
2018-11-29,23.133333,23.166668,22.636667,22.744667,22.744667,46210500
2018-11-30,22.788668,23.440001,22.550667,23.365334,23.365334,84436500
2018-12-03,24,24.4,23.466667,23.899332,23.899332,124597500
2018-12-04,23.736668,24.578667,23.466667,23.98,23.98,126928500
2018-12-06,23.733999,24.492001,23.384001,24.204,24.204,117637500
2018-12-07,24.6,25.299334,23.843332,23.864668,23.864668,172668000
2018-12-10,24,24.398666,23.541332,24.343332,24.343332,99202500
2018-12-11,24.660667,24.811333,24.015333,24.450666,24.450666,94632000
2018-12-12,24.628,24.794001,24.344,24.440001,24.440001,75405000
2018-12-13,24.676666,25.162666,24.450001,25.119333,25.119333,110488500
2018-12-14,25,25.191334,24.288668,24.380667,24.380667,95064000
2018-12-17,24.133333,24.379999,22.925333,23.228001,23.228001,115110000
2018-12-18,23.369333,23.436666,22.246,22.468666,22.468666,106500000
2018-12-19,22.506666,23.134001,21.982668,22.198,22.198,124113000
2018-12-20,21.803333,22.019333,20.791332,21.025333,21.025333,136078500
2018-12-21,21.16,21.564667,20.829332,21.318001,21.318001,120252000
2018-12-24,20.9,20.966667,19.68,19.692667,19.692667,83398500
2018-12-26,20,21.798,19.606001,21.739332,21.739332,122446500
2018-12-27,21.322666,21.478001,20.1,21.075333,21.075333,128626500
2018-12-28,21.540001,22.416,21.227333,22.257999,22.257999,149085000
2018-12-31,22.519333,22.614,21.684,22.186666,22.186666,94534500
2019-01-02,20.406668,21.008667,19.92,20.674667,20.674667,174879000
2019-01-03,20.466667,20.626667,19.825333,20.024,20.024,104478000
2019-01-04,20.4,21.200001,20.181999,21.179333,21.179333,110911500
2019-01-07,21.448,22.449333,21.183332,22.330667,22.330667,113268000
2019-01-08,22.797333,22.934,21.801332,22.356667,22.356667,105127500
2019-01-09,22.366667,22.9,22.098,22.568666,22.568666,81493500
2019-01-10,22.293333,23.025999,22.119333,22.997999,22.997999,90846000
2019-01-11,22.806,23.227333,22.584667,23.150667,23.150667,75586500
2019-01-14,22.825333,22.833332,22.266666,22.293333,22.293333,78709500
2019-01-15,22.333332,23.253332,22.299999,22.962,22.962,90849000
2019-01-16,22.985332,23.466667,22.9,23.07,23.07,70375500
2019-01-17,23.080667,23.433332,22.943333,23.153999,23.153999,55150500
2019-01-18,21.533333,21.808666,19.982,20.150667,20.150667,362262000
2019-01-22,20.321333,20.533333,19.700001,19.927999,19.927999,181000500
2019-01-23,19.5,19.633333,18.779333,19.172667,19.172667,187950000
2019-01-24,18.868668,19.578667,18.618668,19.434,19.434,120183000
2019-01-25,19.625999,19.901333,19.303333,19.802668,19.802668,108744000
2019-01-28,19.527332,19.830667,19.183332,19.758667,19.758667,96349500
2019-01-29,19.684668,19.903999,19.453333,19.830667,19.830667,69325500
2019-01-30,20.030001,20.6,19.899332,20.584667,20.584667,168754500
2019-01-31,20.066668,20.770666,19.6,20.468,20.468,188538000
2019-02-01,20.361334,21.073334,20.233334,20.813999,20.813999,109251000
2019-02-04,20.865334,21.02,20.125334,20.859333,20.859333,110281500
2019-02-05,20.832666,21.496,20.816668,21.423332,21.423332,101142000
2019-02-06,21.306,21.615999,21.041332,21.148001,21.148001,75577500
2019-02-07,20.886667,20.98,20.200001,20.500668,20.500668,97809000
2019-02-08,20.455334,20.496668,19.9,20.386667,20.386667,87663000
2019-02-11,20.773333,21.24,20.700001,20.856001,20.856001,106945500
2019-02-12,21.08,21.212667,20.641333,20.787333,20.787333,82764000
2019-02-13,20.823334,20.85,20.371332,20.544666,20.544666,77124000
2019-02-14,20.225332,20.451332,20.066668,20.251333,20.251333,78012000
2019-02-15,20.299999,20.533333,20.26,20.525333,20.525333,58573500
2019-02-19,20.437332,20.769333,20.364668,20.375999,20.375999,62526000
2019-02-20,20.294001,20.42,19.933332,20.170668,20.170668,107131500
2019-02-21,20.120667,20.216,19.366667,19.415333,19.415333,133638000
2019-02-22,19.632668,19.766666,19.473333,19.647333,19.647333,86109000
2019-02-25,19.860666,20.193333,19.799999,19.917999,19.917999,99397500
2019-02-26,19.481333,20.134001,19.251333,19.857332,19.857332,128737500
2019-02-27,20.118668,21.086666,20.036667,20.982668,20.982668,167758500
2019-02-28,21.261333,21.333332,20.720667,21.325333,21.325333,157810500
2019-03-01,20.462667,20.475332,19.459999,19.652666,19.652666,343671000
2019-03-04,19.874666,19.933332,18.851999,19.024,19.024,256452000
2019-03-05,18.799999,18.933332,18.006666,18.436001,18.436001,281470500
2019-03-06,18.431999,18.767332,18.292667,18.416,18.416,155032500
2019-03-07,18.589333,18.98,18.283333,18.439333,18.439333,141637500
2019-03-08,18.460667,19.039333,18.392668,18.942667,18.942667,132294000
2019-03-11,18.901333,19.418667,18.700001,19.394667,19.394667,110884500
2019-03-12,19.099333,19.204666,18.737333,18.890667,18.890667,112561500
2019-03-13,18.926666,19.466,18.846666,19.264,19.264,102670500
2019-03-14,19.496668,19.692667,19.219334,19.330667,19.330667,106551000
2019-03-15,18.900667,18.914667,18.293333,18.362,18.362,221782500
2019-03-18,18.4,18.536667,17.82,17.966,17.966,154215000
2019-03-19,17.833332,18.219999,17.563999,17.831333,17.831333,177009000
2019-03-20,17.979334,18.331333,17.753332,18.24,18.24,103623000
2019-03-21,18.173332,18.43,17.896667,18.268,18.268,89206500
2019-03-22,18.172001,18.186666,17.6,17.635332,17.635332,131184000
2019-03-25,17.313999,17.545334,16.964001,17.361334,17.361334,153225000
2019-03-26,17.629333,18.017332,17.628668,17.851334,17.851334,110263500
2019-03-27,17.916668,18.358,17.878668,18.322001,18.322001,131688000
2019-03-28,18.477333,18.688667,18.34,18.574667,18.574667,101611500
2019-03-29,18.58,18.677334,18.299999,18.657333,18.657333,89869500
2019-04-01,18.841333,19.280001,18.752001,19.278667,19.278667,121656000
2019-04-02,19.219999,19.296,18.925333,19.058666,19.058666,82183500
2019-04-03,19.154667,19.744667,19.144667,19.454,19.454,118791000
2019-04-04,17.459333,18.08,17.372667,17.851999,17.851999,355810500
2019-04-05,17.990667,18.406668,17.740667,18.330667,18.330667,195574500
2019-04-08,18.512667,18.743999,18.029333,18.213333,18.213333,156156000
2019-04-09,18.110001,18.333332,17.974001,18.153999,18.153999,88560000
2019-04-10,18.449333,18.558666,18.192667,18.403999,18.403999,105919500
2019-04-11,17.886667,18.033333,17.706667,17.894667,17.894667,147538500
2019-04-12,18.014668,18.129999,17.788668,17.846666,17.846666,101190000
2019-04-15,17.908667,17.925333,17.242001,17.758667,17.758667,150579000
2019-04-16,17.716667,18.333332,17.648001,18.224001,18.224001,109093500
2019-04-17,18.316668,18.319332,17.902666,18.082001,18.082001,76897500
2019-04-18,18.082001,18.322666,17.983334,18.217333,18.217333,88144500
2019-04-22,17.933332,17.978666,17.498667,17.516666,17.516666,182206500
2019-04-23,17.343332,17.706667,17.049999,17.593332,17.593332,164158500
2019-04-24,17.59,17.688,17.200001,17.243999,17.243999,160912500
2019-04-25,17,17.266666,16.404667,16.508667,16.508667,327741000
2019-04-26,16.433332,16.445333,15.408667,15.676,15.676,335410500
2019-04-29,15.724,16.265333,15.478,16.098,16.098,250717500
2019-04-30,16.137333,16.280666,15.8,15.912667,15.912667,141969000
2019-05-01,15.923333,16,15.433333,15.600667,15.600667,160566000
2019-05-02,16.368,16.475332,15.848,16.273333,16.273333,272389500
2019-05-03,16.257334,17.107332,16.232668,17.002001,17.002001,355602000
2019-05-06,16.667999,17.223333,16.566668,17.022667,17.022667,162508500
2019-05-07,17.120001,17.147333,16.34,16.470667,16.470667,151971000
2019-05-08,16.462667,16.706667,16.280001,16.322666,16.322666,92646000
2019-05-09,16.133333,16.245333,15.796,16.132,16.132,100671000
2019-05-10,15.983333,16.132668,15.734667,15.968,15.968,105124500
2019-05-13,15.467333,15.498,14.966667,15.134,15.134,162522000
2019-05-14,15.286667,15.633333,15.2,15.487333,15.487333,108786000
2019-05-15,15.288,15.496,15.016667,15.463333,15.463333,109440000
2019-05-16,15.299333,15.4,15.1,15.222,15.222,112249500
2019-05-17,14.797333,14.816,13.928,14.068667,14.068667,266800500
2019-05-20,13.52,13.733333,13.016667,13.690667,13.690667,307893000
2019-05-21,13.184,13.826667,13.069333,13.672,13.672,270058500
2019-05-22,13.273333,13.596,12.785333,12.848667,12.848667,280278000
2019-05-23,12.956,13.298,12.414667,13.032667,13.032667,398206500
2019-05-24,13.322,13.332,12.583333,12.708667,12.708667,212049000
2019-05-28,12.746667,13,12.523333,12.58,12.58,154693500
2019-05-29,12.473333,12.826,12.336,12.657333,12.657333,179529000
2019-05-30,12.583333,12.817333,12.468,12.548,12.548,118897500
2019-05-31,12.34,12.661333,12.273333,12.344,12.344,156100500
2019-06-03,12.367333,12.445333,11.799333,11.931333,11.931333,195966000
2019-06-04,12.073333,12.932,11.974,12.906667,12.906667,207112500
2019-06-05,13.245333,13.418667,12.79,13.106,13.106,202662000
2019-06-06,13.629333,14.066667,13.453333,13.73,13.73,303633000
2019-06-07,13.666667,14.056,13.566667,13.633333,13.633333,240052500
2019-06-10,14.016667,14.462667,13.934,14.192,14.192,158775000
2019-06-11,14.609333,14.726667,14.233333,14.473333,14.473333,174802500
2019-06-12,14.863333,14.892,13.933333,13.950667,13.950667,227962500
2019-06-13,14.025333,14.326667,13.834,14.260667,14.260667,122524500
2019-06-14,14.083333,14.443333,14.026667,14.328,14.328,111501000
2019-06-17,14.365333,15.133333,14.284667,15.002,15.002,184752000
2019-06-18,15.248,15.649333,14.837333,14.982667,14.982667,190737000
2019-06-19,15.007333,15.184667,14.737333,15.095333,15.095333,98626500
2019-06-20,14.866667,15.126667,14.423333,14.641333,14.641333,177952500
2019-06-21,14.414667,14.812,14.366667,14.790667,14.790667,123031500
2019-06-24,14.882667,15.057333,14.734667,14.909333,14.909333,86262000
2019-06-25,14.959333,15.022667,14.632667,14.650667,14.650667,92731500
2019-06-26,14.687333,15.148667,14.54,14.618,14.618,127608000
2019-06-27,14.63,14.86,14.49,14.856,14.856,95095500
2019-06-28,14.732667,15.011333,14.72,14.897333,14.897333,102771000
2019-07-01,15.347333,15.54,15.085333,15.144667,15.144667,123201000
2019-07-02,15.259333,15.276667,14.814667,14.97,14.97,138885000
2019-07-03,15.959333,16.104668,15.634,15.66,15.66,213016500
2019-07-05,15.638,15.696667,15.386667,15.54,15.54,105985500
2019-07-08,15.416,15.483333,15.244,15.356,15.356,88207500
2019-07-09,15.264667,15.4,15.152,15.337333,15.337333,92862000
2019-07-10,15.61,15.929333,15.542667,15.928,15.928,137185500
2019-07-11,15.876,16.1,15.72,15.906667,15.906667,112716000
2019-07-12,15.983333,16.358667,15.980667,16.338667,16.338667,138007500
2019-07-15,16.533333,16.961332,16.323999,16.9,16.9,165001500
2019-07-16,16.620001,16.902,16.528667,16.825333,16.825333,122235000
2019-07-17,17.044666,17.220667,16.889999,16.990667,16.990667,146470500
2019-07-18,17.003332,17.049999,16.792667,16.902666,16.902666,71379000
2019-07-19,17.046,17.330667,16.974667,17.212,17.212,105726000
2019-07-22,17.25,17.476667,16.945999,17.045334,17.045334,102636000
2019-07-23,17.114,17.365334,16.966667,17.344667,17.344667,75346500
2019-07-24,17.278,17.738001,17.210667,17.658667,17.658667,166092000
2019-07-25,15.566667,15.633333,15.036667,15.254667,15.254667,336274500
2019-07-26,15.128,15.350667,14.816667,15.202667,15.202667,150415500
2019-07-29,15.139333,15.729333,15.068667,15.718,15.718,139099500
2019-07-30,15.526667,16.224001,15.478667,16.150667,16.150667,121635000
2019-07-31,16.200001,16.445333,15.776667,16.107332,16.107332,137673000
2019-08-01,16.176666,16.300667,15.451333,15.59,15.59,123892500
2019-08-02,15.423333,15.751333,15.282,15.622667,15.622667,92047500
2019-08-05,15.306667,15.424667,15.052,15.221333,15.221333,105424500
2019-08-06,15.458667,15.5,15.05,15.383333,15.383333,83463000
2019-08-07,15.1,15.571333,15.053333,15.561333,15.561333,71647500
2019-08-08,15.63,15.986667,15.51,15.886667,15.886667,79114500
2019-08-09,15.736667,15.930667,15.587333,15.667333,15.667333,58473000
2019-08-12,15.532667,15.718,15.25,15.267333,15.267333,69958500
2019-08-13,15.254,15.733333,15.17,15.666667,15.666667,72721500
2019-08-14,15.414,15.433333,14.446,14.641333,14.641333,143439000
2019-08-15,14.724,14.770667,14.103333,14.376,14.376,122394000
2019-08-16,14.444,14.816,14.401333,14.662667,14.662667,76477500
2019-08-19,14.947333,15.188667,14.78,15.122,15.122,79644000
2019-08-20,15.174667,15.272667,14.969333,15.057333,15.057333,61878000
2019-08-21,14.800667,14.881333,14.506667,14.722,14.722,116914500
2019-08-22,14.853333,15.026667,14.548,14.81,14.81,98385000
2019-08-23,14.664667,14.744667,14.066667,14.093333,14.093333,128079000
2019-08-26,14.24,14.334667,14.102667,14.333333,14.333333,75778500
2019-08-27,14.382667,14.586667,14.135333,14.272,14.272,81243000
2019-08-28,14.246,14.483333,14.154,14.372667,14.372667,48382500
2019-08-29,14.6,14.893333,14.533333,14.780667,14.780667,77692500
2019-08-30,15.276667,15.496,14.947333,15.040667,15.040667,139809000
2019-09-03,14.938667,15.263333,14.877333,15.000667,15.000667,80311500
2019-09-04,15.126,15.230667,14.614,14.712,14.712,86415000
2019-09-05,14.833333,15.32,14.723333,15.305333,15.305333,110929500
2019-09-06,15.146667,15.309333,15.011333,15.163333,15.163333,62841000
2019-09-09,15.333333,15.584,15.282,15.452667,15.452667,72040500
2019-09-10,15.386667,15.702667,15.262667,15.702667,15.702667,73255500
2019-09-11,15.825333,16.544666,15.733333,16.473333,16.473333,150642000
2019-09-12,16.513332,16.9,16.293333,16.391333,16.391333,128718000
2019-09-13,16.464001,16.563334,16.324667,16.346666,16.346666,79696500
2019-09-16,16.4,16.495333,16.077999,16.187332,16.187332,70921500
2019-09-17,16.164667,16.373333,16.024668,16.319332,16.319332,57981000
2019-09-18,16.333332,16.544666,16.158001,16.232668,16.232668,62553000
2019-09-19,16.4,16.529333,16.322666,16.440001,16.440001,71937000
2019-09-20,16.432667,16.463333,15.877333,16.041332,16.041332,95295000
2019-09-23,16,16.345333,15.948,16.082001,16.082001,65103000
2019-09-24,16.101334,16.132668,14.840667,14.880667,14.880667,193372500
2019-09-25,14.970667,15.265333,14.557333,15.246667,15.246667,141406500
2019-09-26,15.377333,16.220667,15.16,16.170668,16.170668,178267500
2019-09-27,16.146667,16.580667,15.915333,16.142,16.142,166746000
2019-09-30,16.200001,16.265333,15.740667,16.058001,16.058001,88197000
2019-10-01,16.1,16.396667,15.942,16.312668,16.312668,92439000
2019-10-02,16.219334,16.309999,15.962,16.208668,16.208668,84471000
2019-10-03,15.457333,15.632,14.952,15.535333,15.535333,226267500
2019-10-04,15.440667,15.652,15.204667,15.428667,15.428667,119925000
2019-10-07,15.32,15.904,15.236667,15.848,15.848,120963000
2019-10-08,15.724667,16.262667,15.633333,16.003332,16.003332,130173000
2019-10-09,16.087999,16.486668,16.043333,16.302,16.302,103416000
2019-10-10,16.351999,16.618668,16.105333,16.316,16.316,94249500
2019-10-11,16.476667,16.738667,16.454,16.525999,16.525999,127131000
2019-10-14,16.526667,17.236668,16.475332,17.130667,17.130667,153075000
2019-10-15,17.18,17.333332,16.941334,17.192667,17.192667,96492000
2019-10-16,17.159332,17.473333,17.128,17.316668,17.316668,100261500
2019-10-17,17.5,17.652,17.344667,17.464666,17.464666,71539500
2019-10-18,17.379999,17.52,17.006666,17.129999,17.129999,86247000
2019-10-21,17.222,17.299999,16.678667,16.9,16.9,75304500
2019-10-22,16.954666,17.222,16.723333,17.038668,17.038668,69012000
2019-10-23,16.966667,17.076,16.756666,16.978666,16.978666,78916500
2019-10-24,19.891333,20.328667,19.280001,19.978666,19.978666,445813500
2019-10-25,19.848,22,19.740667,21.875334,21.875334,450091500
2019-10-28,21.836,22.722668,21.506666,21.847334,21.847334,283054500
2019-10-29,21.332666,21.620001,20.983334,21.081333,21.081333,190264500
2019-10-30,20.866667,21.252666,20.664667,21.000668,21.000668,144627000
2019-10-31,20.873333,21.266666,20.866667,20.994667,20.994667,76005000
2019-11-01,21.087999,21.098667,20.653334,20.887333,20.887333,95758500
2019-11-04,20.986668,21.462667,20.617332,21.164667,21.164667,131805000
2019-11-05,21.308001,21.567333,21.074667,21.148001,21.148001,104151000
2019-11-06,21.200001,21.781334,20.966667,21.771999,21.771999,119113500
2019-11-07,21.942667,22.766666,21.868,22.369333,22.369333,217009500
2019-11-08,22.299999,22.497334,22.166668,22.476,22.476,91038000
2019-11-11,22.93,23.279333,22.799999,23.006001,23.006001,149800500
2019-11-12,23.126667,23.358,22.936001,23.328667,23.328667,110391000
2019-11-13,23.666668,23.755333,23.011999,23.073999,23.073999,126301500
2019-11-14,23.073999,23.589333,22.860666,23.290001,23.290001,96973500
2019-11-15,23.375999,23.52,23.224001,23.478001,23.478001,72135000
2019-11-18,23.528,23.543333,23.073334,23.332666,23.332666,66006000
2019-11-19,23.450001,23.999332,23.186666,23.968,23.968,115872000
2019-11-20,24,24.08,23.304667,23.481333,23.481333,100876500
2019-11-21,23.634001,24.056,23.6,23.655333,23.655333,91650000
2019-11-22,22.677334,22.733334,22,22.202667,22.202667,253059000
2019-11-25,22.954666,22.971333,22.297333,22.422667,22.422667,185092500
2019-11-26,22.351334,22.366667,21.806667,21.927999,21.927999,119211000
2019-11-27,22.074667,22.261999,21.904667,22.086,22.086,83334000
2019-11-29,22.073999,22.084,21.833332,21.996,21.996,36984000
2019-12-02,21.959999,22.425333,21.912666,22.324667,22.324667,91117500
2019-12-03,22.174667,22.527332,22.146,22.413334,22.413334,98605500
2019-12-04,22.516666,22.524,22.190001,22.202,22.202,82995000
2019-12-05,22.188667,22.294666,21.816668,22.024668,22.024668,55869000
2019-12-06,22.333332,22.590668,22.318001,22.392668,22.392668,114186000
2019-12-09,22.439333,22.963333,22.338667,22.635332,22.635332,135346500
2019-12-10,22.664,23.382,22.620667,23.256001,23.256001,132424500
2019-12-11,23.458668,23.812668,23.406,23.513332,23.513332,103467000
2019-12-12,23.661333,24.182667,23.548668,23.978666,23.978666,116458500
2019-12-13,24.07,24.347334,23.642668,23.892668,23.892668,98563500
2019-12-16,24.17,25.573999,24.166668,25.433332,25.433332,272613000
2019-12-17,25.266001,25.700001,25.059999,25.266001,25.266001,127452000
2019-12-18,25.375334,26.348,25.372,26.209999,26.209999,211815000
2019-12-19,26.488001,27.123333,26.433332,26.936001,26.936001,271606500
2019-12-20,27.352667,27.533333,26.679333,27.039333,27.039333,221290500
2019-12-23,27.452,28.134001,27.333332,27.948,27.948,199794000
2019-12-24,27.890667,28.364668,27.512667,28.35,28.35,120820500
2019-12-26,28.527332,28.898666,28.423332,28.729334,28.729334,159508500
2019-12-27,29,29.020666,28.407333,28.691999,28.691999,149185500
2019-12-30,28.586,28.6,27.284,27.646667,27.646667,188796000
2019-12-31,27,28.086,26.805332,27.888666,27.888666,154285500
2020-01-02,28.299999,28.713333,28.114,28.684,28.684,142981500
2020-01-03,29.366667,30.266666,29.128,29.534,29.534,266677500
2020-01-06,29.364668,30.104,29.333332,30.102667,30.102667,151995000
2020-01-07,30.76,31.441999,30.224001,31.270666,31.270666,268231500
2020-01-08,31.58,33.232666,31.215334,32.809334,32.809334,467164500
2020-01-09,33.139999,33.253334,31.524668,32.089333,32.089333,426606000
2020-01-10,32.119331,32.329334,31.58,31.876667,31.876667,194392500
2020-01-13,32.900002,35.042,32.799999,34.990665,34.990665,397764000
2020-01-14,36.284,36.493999,34.993332,35.861332,35.861332,434943000
2020-01-15,35.317333,35.855999,34.452667,34.566666,34.566666,260532000
2020-01-16,32.916668,34.297333,32.811333,34.232666,34.232666,326050500
2020-01-17,33.840668,34.377998,33.543999,34.033333,34.033333,204436500
2020-01-21,35.349998,36.571999,35.227333,36.48,36.48,267052500
2020-01-22,38.125999,39.633331,37.273335,37.970669,37.970669,470535000
2020-01-23,37.616669,38.799999,37.040001,38.146667,38.146667,294765000
2020-01-24,38.042,38.257332,36.950668,37.654667,37.654667,215304000
2020-01-27,36.132668,37.629333,35.952,37.201332,37.201332,204121500
2020-01-28,37.899334,38.453999,37.205334,37.793331,37.793331,176827500
2020-01-29,38.379333,39.32,37.828667,38.732666,38.732666,267022500
2020-01-30,42.161331,43.391998,41.200001,42.720669,42.720669,435085500
2020-01-31,42.666668,43.533333,42.167999,43.371334,43.371334,235789500
2020-02-03,44.912666,52.409332,44.901333,52,52,705975000
2020-02-04,58.863998,64.599335,55.591999,59.137333,59.137333,914082000
2020-02-05,54.883999,56.398666,46.940666,48.98,48.98,726357000
2020-02-06,46.661331,53.055332,45.799999,49.930668,49.930668,598212000
2020-02-07,48.703335,51.316666,48.666668,49.871334,49.871334,255952500
2020-02-10,53.333332,54.666,50.16,51.418667,51.418667,370338000
2020-02-11,51.252666,52.234001,50.533333,51.625332,51.625332,175462500
2020-02-12,51.858002,52.650002,50.891335,51.152668,51.152668,180337500
2020-02-13,49.456001,54.533333,49,53.599998,53.599998,394339500
2020-02-14,52.481335,54.198002,52.366669,53.335335,53.335335,235405500
2020-02-18,56.106667,57.333332,55.490665,57.226665,57.226665,245725500
2020-02-19,61.566666,62.985332,60.068001,61.161331,61.161331,381345000
2020-02-20,60.796665,60.799999,57.329334,59.960667,59.960667,264523500
2020-02-21,60.465332,60.870667,58.696667,60.066666,60.066666,214722000
2020-02-24,55.933334,57.566666,54.813332,55.585999,55.585999,227883000
2020-02-25,56.599998,57.106667,52.466667,53.327332,53.327332,259357500
2020-02-26,52.166668,54.220669,51.740665,51.919998,51.919998,211282500
2020-02-27,48.666668,49.318001,44.599998,45.266666,45.266666,364158000
2020-02-28,41.98,46.034668,40.768002,44.532665,44.532665,363343500
2020-03-02,47.417332,49.579334,45.778,49.574669,49.574669,302925000
2020-03-03,53.666668,53.798668,47.740665,49.700668,49.700668,386760000
2020-03-04,50.930668,51.101334,48.315334,49.966667,49.966667,225735000
2020-03-05,48.251331,49.716667,47.871334,48.302666,48.302666,162790500
2020-03-06,46,47.133331,45.618,46.898666,46.898666,189943500
2020-03-09,40.359333,44.200001,40.333332,40.533333,40.533333,256105500
2020-03-10,43.962002,44.533333,40.533333,43.021999,43.021999,233916000
2020-03-11,42.68,43.571999,40.866669,42.282001,42.282001,199837500
2020-03-12,38.726002,39.633331,36.416668,37.369999,37.369999,283636500
2020-03-13,39.666668,40.504665,33.466667,36.441334,36.441334,339604500
2020-03-16,31.299999,32.991333,29.478001,29.671333,29.671333,307342500
2020-03-17,29.334,31.456667,26.4,28.68,28.68,359919000
2020-03-18,25.933332,26.990667,23.367332,24.081333,24.081333,356793000
2020-03-19,24.98,30.133333,23.897333,28.509333,28.509333,452932500
2020-03-20,29.213333,31.799999,28.386,28.502001,28.502001,424282500
2020-03-23,28.906668,29.466667,27.366667,28.952667,28.952667,246817500
2020-03-24,31.82,34.245998,31.6,33.666668,33.666668,343428000
2020-03-25,36.349998,37.133331,34.074001,35.950001,35.950001,318340500
2020-03-26,36.492668,37.333332,34.150002,35.210667,35.210667,260710500
2020-03-27,33.666668,35.053333,32.935333,34.290668,34.290668,215661000
2020-03-30,34.017334,34.443333,32.748669,33.475334,33.475334,179971500
2020-03-31,33.416668,36.197334,33.133331,34.933334,34.933334,266572500
2020-04-01,33.599998,34.263332,31.673332,32.104,32.104,200298000
2020-04-02,32.068668,32.950668,29.76,30.298,30.298,297876000
2020-04-03,33.966667,34.366001,31.226,32.000668,32.000668,338431500
2020-04-06,34.080002,34.733334,33.197334,34.416,34.416,223527000
2020-04-07,36.333332,37.666668,35.489334,36.363335,36.363335,268797000
2020-04-08,36.946667,37.147331,35.555332,36.589333,36.589333,189840000
2020-04-09,37.472668,38.345333,37.140667,38.200001,38.200001,204750000
2020-04-13,39.344002,43.466667,38.702,43.396667,43.396667,337131000
2020-04-14,46.598,49.458668,46.161999,47.326,47.326,458647500
2020-04-15,49.466667,50.208668,47.333332,48.655334,48.655334,353655000
2020-04-16,47.796001,50.630001,47.114666,49.680668,49.680668,309868500
2020-04-17,51.485332,51.663334,49.844002,50.259335,50.259335,196923000
2020-04-20,48.846668,51.037998,47.480667,49.757332,49.757332,221199000
2020-04-21,48.674667,50.222,44.919334,45.781334,45.781334,303136500
2020-04-22,46.931999,48.933334,45.914001,48.807335,48.807335,212482500
2020-04-23,48.506668,48.933334,46.875332,47.042,47.042,198550500
2020-04-24,47.387333,48.715332,46.545334,48.343334,48.343334,198180000
2020-04-27,49.174,53.299332,49,53.25,53.25,310221000
2020-04-28,53.042667,53.666668,50.445999,51.274666,51.274666,228330000
2020-04-29,52.678001,53.546665,52.210667,53.367332,53.367332,243240000
2020-04-30,57.012669,57.987999,50.900002,52.125332,52.125332,427078500
2020-05-01,50.333332,51.518002,45.535999,46.754665,46.754665,487977000
2020-05-04,46.733334,50.799999,46.533333,50.745998,50.745998,288556500
2020-05-05,52.652668,53.261333,50.812,51.214001,51.214001,254875500
2020-05-06,51.766666,52.653332,50.740665,52.172001,52.172001,166848000
2020-05-07,51.813999,53.093334,51.490002,52.002666,52.002666,172915500
2020-05-08,52.917999,54.933334,52.467335,54.627998,54.627998,241297500
2020-05-11,52.700668,54.933334,52.333332,54.085999,54.085999,247794000
2020-05-12,55.133331,56.219334,53.866669,53.960667,53.960667,238603500
2020-05-13,54.722,55.066666,50.886665,52.730667,52.730667,285982500
2020-05-14,52,53.557335,50.933334,53.555332,53.555332,205233000
2020-05-15,52.689999,53.669998,52.436668,53.278,53.278,157776000
2020-05-18,55.185333,55.647999,53.591999,54.242001,54.242001,174987000
2020-05-19,54.344666,54.804668,53.738667,53.867332,53.867332,144547500
2020-05-20,54.700001,55.066666,54.119999,54.370667,54.370667,109639500
2020-05-21,54.400002,55.5,53.066666,55.173332,55.173332,183819000
2020-05-22,54.811333,55.452,54.133331,54.458668,54.458668,149812500
2020-05-26,55.633331,55.639999,54.380669,54.591331,54.591331,121345500
2020-05-27,54.723999,55.180668,52.333332,54.681999,54.681999,173242500
2020-05-28,54.234001,54.983334,53.445999,53.720669,53.720669,108834000
2020-05-29,53.916668,55.666668,53.613998,55.666668,55.666668,176467500
2020-06-01,57.200001,59.933334,56.939999,59.873333,59.873333,224092500
2020-06-02,59.646667,60.577332,58.066666,58.770668,58.770668,203484000
2020-06-03,59.208,59.862667,58.673332,58.863998,58.863998,119242500
2020-06-04,59.325333,59.716667,57.229332,57.625332,57.625332,133315500
2020-06-05,58.522667,59.101334,57.746666,59.043999,59.043999,117178500
2020-06-08,61.266666,63.333332,60.610668,63.327999,63.327999,212620500
2020-06-09,62.667332,63.629333,61.595333,62.711334,62.711334,170823000
2020-06-10,66.125336,68.498665,65.5,68.33667,68.33667,278451000
2020-06-11,66.013336,67.930664,64.800003,64.856003,64.856003,238747500
2020-06-12,65.333336,65.865334,60.84,62.352001,62.352001,251451000
2020-06-15,61.186001,66.589333,60.566666,66.059998,66.059998,235458000
2020-06-16,67.456665,67.52533,64.159332,65.475334,65.475334,210766500
2020-06-17,65.847336,67,65.504669,66.119331,66.119331,148362000
2020-06-18,66.866669,67.946671,66.297997,66.930664,66.930664,146278500
2020-06-19,67.518669,67.731331,66.089333,66.726669,66.726669,130195500
2020-06-22,66.66333,67.258667,66.001335,66.288002,66.288002,95436000
2020-06-23,66.592003,67.466667,66.267334,66.785332,66.785332,95479500
2020-06-24,66.274002,66.725334,63.542667,64.056664,64.056664,164394000
2020-06-25,63.618,65.732002,62.476665,65.732002,65.732002,138817500
2020-06-26,66.318665,66.333336,63.658001,63.982666,63.982666,132823500
2020-06-29,64.60067,67.333336,63.234669,67.290001,67.290001,135396000
2020-06-30,67.099998,72.512665,66.915337,71.987335,71.987335,253777500
2020-07-01,72.199997,75.688667,72.033333,74.641998,74.641998,199903500
2020-07-02,81.431999,81.866669,79.040001,80.577332,80.577332,258751500
2020-07-06,85.112663,91.852669,84.402664,91.438667,91.438667,308548500
2020-07-07,93.667336,95.300003,89.113998,92.657333,92.657333,322345500
2020-07-08,93.666664,94.484001,87.422668,91.05867,91.05867,244669500
2020-07-09,93.132668,93.903999,90.085335,92.952003,92.952003,175764000
2020-07-10,93.066666,103.26133,91.734001,102.97667,102.97667,350064000
2020-07-13,110.6,119.666,98.073997,99.804001,99.804001,584781000
2020-07-14,103.73333,106,95.400002,101.12,101.12,351271500
2020-07-15,102.86667,103.33334,97.133331,103.06733,103.06733,245517000
2020-07-16,98.477333,102.114,97.73333,100.04266,100.04266,214512000
2020-07-17,100.89667,102.50066,99.333336,100.056,100.056,139950000
2020-07-20,101.26733,110,99.199997,109.53333,109.53333,256821000
2020-07-21,109.32867,111.66666,103.86667,104.55733,104.55733,241608000
2020-07-22,106.6,108.428,104.13333,106.15533,106.15533,212416500
2020-07-23,111.93,112.6,98.718002,100.87133,100.87133,364927500
2020-07-24,94.400665,97.666664,91.102669,94.466667,94.466667,290949000
2020-07-27,95.666664,103.196,94.199997,102.64,102.64,240730500
2020-07-28,100.26667,104.31333,98.29467,98.432671,98.432671,237130500
2020-07-29,100.06667,102.32066,99.133331,99.940666,99.940666,141403500
2020-07-30,99.199997,100.88267,98.066666,99.166,99.166,114315000
2020-07-31,101,101.13667,94.732002,95.384003,95.384003,183123000
2020-08-03,96.613335,100.654,96.292,99,99,132139500
2020-08-04,99.667336,101.82733,97.466667,99.133331,99.133331,126225000
2020-08-05,99.532669,99.989334,97.887337,99.001335,99.001335,74217000
2020-08-06,99.388664,101.154,98.484001,99.305336,99.305336,89884500
2020-08-07,99.96933,99.98333,94.334,96.847336,96.847336,133446000
2020-08-10,96.533333,97.166664,92.389336,94.571335,94.571335,112834500
2020-08-11,93.066666,94.666664,91,91.625999,91.625999,129387000
2020-08-12,98,105.66666,95.666664,103.65067,103.65067,327441000
2020-08-13,107.4,110.07867,104.484,108.06667,108.06667,306379500
2020-08-14,110.99934,111.25333,108.44267,110.04733,110.04733,188664000
2020-08-17,111.8,123.05733,111.522,122.376,122.376,303634500
2020-08-18,126.59933,128.25999,123.00733,125.806,125.806,247117500
2020-08-19,124.33334,127.4,122.74733,125.23534,125.23534,183079500
2020-08-20,124.04533,134.79933,123.804,133.45534,133.45534,309177000
2020-08-21,136.31734,139.69933,135.00333,136.66533,136.66533,322344000
2020-08-24,141.752,141.93333,128.50133,134.28,134.28,300954000
2020-08-25,131.65933,135.19667,131.2,134.88933,134.88933,159883500
2020-08-26,137.33333,144.39999,136.90866,143.54466,143.54466,213591000
2020-08-27,145.364,153.03999,142.83333,149.25,149.25,355395000
2020-08-28,153.008,154.56599,145.76801,147.56,147.56,301218000
2020-08-31,148.20334,166.71333,146.70334,166.10667,166.10667,355123200
2020-09-01,167.38,167.49667,156.83667,158.35001,158.35001,269523300
2020-09-02,159.66333,159.67999,135.03999,149.12334,149.12334,288528300
2020-09-03,135.74333,143.93333,134,135.66667,135.66667,262788300
2020-09-04,134.27,142.66667,124.00667,139.44,139.44,330965700
2020-09-08,118.66666,122.91333,109.96,110.07,110.07,346397100
2020-09-09,118.86667,123,113.83667,122.09333,122.09333,238397400
2020-09-10,128.73666,132.99667,120.18667,123.78,123.78,254791800
2020-09-11,127.31333,127.5,120.16666,124.24,124.24,182152500
2020-09-14,126.98333,140,124.43333,139.87334,139.87334,249061800
2020-09-15,145.52,153.98,143.56667,149.92,149.92,291894600
2020-09-16,146.62334,152.59666,145.10333,147.25333,147.25333,216837900
2020-09-17,138.53334,145.92999,136,141.14333,141.14333,230337600
2020-09-18,149.31334,150.33333,142.93333,147.38333,147.38333,259220400
2020-09-21,151.04333,151.89333,135.69,149.79666,149.79666,328430400
2020-09-22,143.2,145.92,139.2,141.41,141.41,238742400
2020-09-23,135.05333,137.38333,125.29333,126.78667,126.78667,285222600
2020-09-24,121.26667,133.16667,117.1,129.26334,129.26334,289683300
2020-09-25,131.15666,136.24333,130.43333,135.78,135.78,201625500
2020-09-28,141.53999,142.69333,138.51666,140.39999,140.39999,149158800
2020-09-29,138.66667,142.83333,137.2,139.69,139.69,150657900
2020-09-30,140.44,144.64333,140.15666,143.00333,143.00333,144436800
2020-10-01,146.92,149.62666,144.80667,149.38667,149.38667,152224500
2020-10-02,140.46333,146.37666,138.33333,138.36333,138.36333,214290000
2020-10-05,141.11667,144.54666,139.77667,141.89333,141.89333,134168400
2020-10-06,141.26334,142.92667,135.35001,137.99333,137.99333,147438900
2020-10-07,139.95667,143.3,137.95,141.76666,141.76666,129383100
2020-10-08,146.14667,146.33333,141.76666,141.97333,141.97333,121263300
2020-10-09,143.37666,144.86333,142.15334,144.66667,144.66667,86777100
2020-10-12,147.33333,149.58,146.19333,147.43333,147.43333,116373300
2020-10-13,147.78334,149.63,145.53334,148.88333,148.88333,103391100
2020-10-14,149.92667,155.3,149.11667,153.76666,153.76666,143639100
2020-10-15,150.10333,152.19,147.5,149.62666,149.62666,107017200
2020-10-16,151.48,151.98334,146.28334,146.55667,146.55667,98327700
2020-10-19,148.74667,149,142.95667,143.61,143.61,108863400
2020-10-20,143.91667,143.91667,139.68333,140.64667,140.64667,94968900
2020-10-21,140.89999,144.31667,140.41667,140.88,140.88,97111500
2020-10-22,147.30667,148.41,141.50333,141.92999,141.92999,119979600
2020-10-23,140.61333,140.96333,135.79333,140.21001,140.21001,101151000
2020-10-26,137.21001,141.92,136.66667,140.09334,140.09334,84717600
2020-10-27,141.25333,143.5,140.03334,141.56,141.56,68059500
2020-10-28,138.82666,139.53334,135.33333,135.34,135.34,76354200
2020-10-29,136.65334,139.35333,135.48666,136.94333,136.94333,67965900
2020-10-30,135.63333,135.86333,126.37,129.34666,129.34666,127533900
2020-11-02,131.33333,135.66,130.76666,133.50333,133.50333,87063300
2020-11-03,136.57666,142.59,135.56334,141.3,141.3,103055100
2020-11-04,143.53999,145.13333,139.03334,140.32666,140.32666,96429300
2020-11-05,142.76666,146.66667,141.33333,146.03,146.03,85243500
2020-11-06,145.36667,145.52333,141.42667,143.31667,143.31667,65118000
2020-11-09,146.5,150.83333,140.33333,140.42,140.42,104499000
2020-11-10,140.03,140.03,132.00999,136.78667,136.78667,90852600
2020-11-11,138.81667,139.56667,136.86,139.04333,139.04333,52073100
2020-11-12,138.35001,141,136.50667,137.25333,137.25333,59565300
2020-11-13,136.95,137.50999,133.88667,136.16667,136.16667,59313300
2020-11-16,136.31,137.48334,134.69667,136.03,136.03,80515800
2020-11-17,153.39,154,144.33667,147.20334,147.20334,183564900
2020-11-18,149.45,165.33333,147.83333,162.21333,162.21333,234132000
2020-11-19,164,169.53667,162.52333,166.42334,166.42334,187425900
2020-11-20,165.99667,167.5,163.02,163.20334,163.20334,98735700
2020-11-23,167.83333,175.33333,167.26334,173.95,173.95,150780900
2020-11-24,180.13333,186.66333,175.39999,185.12666,185.12666,160945500
2020-11-25,183.35333,191.33333,181.78999,191.33333,191.33333,146790600
2020-11-27,193.72,199.59334,192.81667,195.25333,195.25333,112683300
2020-11-30,200.73666,202.60001,184.83667,189.2,189.2,189009300
2020-12-01,199.19667,199.28334,190.68333,194.92,194.92,120310500
2020-12-02,185.48,190.51334,180.40334,189.60667,189.60667,143327100
2020-12-03,196.67334,199.65666,194.14333,197.79333,197.79333,127656000
2020-12-04,197.00333,199.67999,195.16667,199.67999,199.67999,88203900
2020-12-07,201.64,216.26334,201.01666,213.92,213.92,168929100
2020-12-08,208.50333,217.09334,206.16667,216.62666,216.62666,192795000
2020-12-09,217.89667,218.10667,196,201.49333,201.49333,213873600
2020-12-10,191.45667,209.25,188.78,209.02333,209.02333,201249600
2020-12-11,205.00333,208,198.93333,203.33,203.33,139425000
2020-12-14,206.33333,214.25,203.39999,213.27667,213.27667,156121800
2020-12-15,214.42667,215.63333,207.93333,211.08333,211.08333,135214500
2020-12-16,209.41,210.83333,201.66667,207.59,207.59,126287400
2020-12-17,209.39667,219.60667,206.5,218.63333,218.63333,168810300
2020-12-18,222.96666,231.66667,209.51334,231.66667,231.66667,666378600
2020-12-21,222.08,222.83333,215.35667,216.62,216.62,174135900
2020-12-22,216,216.62666,204.74333,213.44667,213.44667,155148000
2020-12-23,210.73334,217.16667,207.52333,215.32666,215.32666,99519000
2020-12-24,214.33,222.03,213.66667,220.59,220.59,68596800
2020-12-28,224.83667,227.13333,220.26666,221.23,221.23,96835800
2020-12-29,220.33333,223.3,218.33333,221.99667,221.99667,68732400
2020-12-30,224,232.2,222.78667,231.59334,231.59334,128538000
2020-12-31,233.33,239.57333,230.37334,235.22333,235.22333,148949700
2021-01-04,239.82001,248.16333,239.06334,243.25667,243.25667,145914600
2021-01-05,241.22,246.94667,239.73334,245.03667,245.03667,96735600
2021-01-06,252.83,258,249.7,251.99333,251.99333,134100000
2021-01-07,259.20999,272.32999,258.39999,272.01334,272.01334,154496700
2021-01-08,285.33334,294.82999,279.46332,293.34,293.34,225166500
2021-01-11,283.13333,284.81,267.87332,270.39667,270.39667,177904800
2021-01-12,277,289.33334,275.78,283.14667,283.14667,138812100
2021-01-13,284.25333,286.82333,277.33334,284.80334,284.80334,99937500
2021-01-14,281.13,287.66666,279.58334,281.66666,281.66666,93798900
2021-01-15,284,286.63333,273.03333,275.38666,275.38666,116332800
2021-01-19,279.26666,283.33334,277.66666,281.51666,281.51666,76101000
2021-01-20,286.24667,286.5,279.09332,283.48334,283.48334,76997700
2021-01-21,285,285.23999,280.47333,281.66333,281.66333,61563300
2021-01-22,278.10333,282.66666,276.20667,282.21332,282.21332,60199500
2021-01-25,285,300.13333,279.60666,293.60001,293.60001,123520200
2021-01-26,297.12668,298.63333,290.53333,294.36334,294.36334,69394800
2021-01-27,290.11667,297.16666,286.22,288.05334,288.05334,82002000
2021-01-28,273.33334,282.66666,267,278.47665,278.47665,79134000
2021-01-29,276.66666,280.80334,260.03333,264.51001,264.51001,104972400
2021-02-01,271.42999,280.66666,265.18668,279.93668,279.93668,76174200
2021-02-02,281.56,293.5,280.73334,290.92999,290.92999,73038600
2021-02-03,292.34,292.69333,284.35333,284.89667,284.89667,55030500
2021-02-04,285,285.5,277.80667,283.32999,283.32999,47438100
2021-02-05,281.66666,288.25665,279.65668,284.07666,284.07666,55699800
2021-02-08,289.89001,292.59,284.91666,287.80667,287.80667,60485100
2021-02-09,285.04001,286.60001,280.58334,283.15332,283.15332,45473100
2021-02-10,281.21332,281.60666,266.67334,268.27335,268.27335,108648300
2021-02-11,270.81332,276.62668,267.24335,270.55334,270.55334,64868400
2021-02-12,267.08667,272.44333,261.77667,272.04001,272.04001,71304900
2021-02-16,272.66666,273.66666,264.14667,265.40668,265.40668,59406900
2021-02-17,259.69666,266.61334,254.00333,266.04999,266.04999,77989500
2021-02-18,260.29999,264.89667,258.75665,262.45999,262.45999,53871300
2021-02-19,265,265.59668,259.12332,260.43332,260.43332,56874900
2021-02-22,254.21333,256.16666,236.73334,238.16667,238.16667,111809100
2021-02-23,220.71001,237.87,206.33333,232.94667,232.94667,199820700
2021-02-24,237.28334,248.33333,231.39,247.34,247.34,110301000
2021-02-25,242.05,245.73666,223.52667,227.40666,227.40666,117071700
2021-02-26,233.33333,235.56667,219.83667,225.16667,225.16667,123267600
2021-03-01,230.03667,239.66667,228.35001,239.47667,239.47667,81408600
2021-03-02,239.42667,240.37,228.33333,228.81334,228.81334,71196600
2021-03-03,229.33,233.56667,217.23666,217.73334,217.73334,90624000
2021-03-04,218.60001,222.81667,200,207.14667,207.14667,197758500
2021-03-05,208.68666,209.28,179.83,199.31667,199.31667,268189500
2021-03-08,200.18333,206.71001,186.26334,187.66667,187.66667,155361000
2021-03-09,202.72667,226.03,198.40334,224.52667,224.52667,202569900
2021-03-10,233.43333,239.28334,218.35333,222.68666,222.68666,181817100
2021-03-11,233.13333,234.16667,225.72667,233.2,233.2,108761700
2021-03-12,223.33333,231.62666,222.04666,231.24333,231.24333,100751400
2021-03-15,231.36333,237.72667,228.01334,235.98,235.98,88006800
2021-03-16,234.45,235.97333,223.66667,225.62666,225.62666,96587100
2021-03-17,218.95667,234.57666,217.00333,233.93666,233.93666,121117500
2021-03-18,228.09666,229.74333,217.33333,217.72,217.72,99674400
2021-03-19,215.53334,219.07666,208.20667,218.28999,218.28999,128682000
2021-03-22,228.19667,233.20667,222.91667,223.33333,223.33333,118536600
2021-03-23,225.25667,225.93333,219.17,220.72,220.72,91475700
2021-03-24,222.63667,222.67334,210.03667,210.09,210.09,101385600
2021-03-25,204.33333,215.16667,203.16667,213.46333,213.46333,117674700
2021-03-26,213.95667,214.60667,199.96333,206.23666,206.23666,101558400
2021-03-29,205.21333,205.49333,198.67334,203.76334,203.76334,85911000
2021-03-30,200.58333,212.55333,197.00333,211.87334,211.87334,118297200
2021-03-31,215.53999,224,213.70334,222.64333,222.64333,100011900
2021-04-01,229.45667,230.80667,219.80667,220.58333,220.58333,105895200
2021-04-05,235.90334,236.05333,228.23334,230.35001,230.35001,125528400
2021-04-06,230.10001,232.18333,227.12334,230.53999,230.53999,84815400
2021-04-07,229,230.46001,222.61333,223.65666,223.65666,78928200
2021-04-08,225.79333,229.85001,223.88333,227.93333,227.93333,71772900
2021-04-09,225.92334,226.99001,223.14333,225.67334,225.67334,64311300
2021-04-12,228.56667,234.93333,227.36333,233.99333,233.99333,87407100
2021-04-13,237.56667,254.33333,236.88667,254.10667,254.10667,133958400
2021-04-14,256.89999,260.26334,242.67667,244.07666,244.07666,147052200
2021-04-15,247.7,247.89667,240.43666,246.28334,246.28334,83546700
2021-04-16,242.88333,249.80333,241.53334,246.59334,246.59334,83938500
2021-04-19,239.86667,241.8,230.60001,238.21001,238.21001,119058600
2021-04-20,239.14,245.75,236.89667,239.66333,239.66333,106827000
2021-04-21,234.92334,248.28,232.66667,248.03999,248.03999,93646500
2021-04-22,247.16667,251.25667,239.34666,239.89667,239.89667,106770900
2021-04-23,239.93333,245.78667,238.48666,243.13333,243.13333,85110000
2021-04-26,247,249.76666,244.20334,246.06667,246.06667,93115500
2021-04-27,239.32001,241.33333,234.45,234.91333,234.91333,88311000
2021-04-28,232.13667,236.16667,231.2,231.46666,231.46666,66813000
2021-04-29,233.17,234.08333,222.83333,225.66667,225.66667,86536200
2021-04-30,222.53,238.49001,222.04666,236.48,236.48,122276100
2021-05-03,234.60001,235.33333,226.83333,228.3,228.3,81129300
2021-05-04,226.31334,227.81667,219.23334,224.53334,224.53334,89217900
2021-05-05,227.02,228.43333,222.44667,223.64667,223.64667,65705700
2021-05-06,226.92,227.00667,216.66667,221.17999,221.17999,83353800
2021-05-07,221.93333,230,220.07333,224.12334,224.12334,70407600
2021-05-10,221.63333,221.68333,209.20334,209.67999,209.67999,94177200
2021-05-11,199.74667,209.03334,198.53334,205.73334,205.73334,139511700
2021-05-12,200.83,206.80333,195.59,196.63,196.63,101470800
2021-05-13,200.51334,202.15334,186.55,190.56334,190.56334,132554700
2021-05-14,194.47,197.62334,190.15334,196.58,196.58,100112700
2021-05-17,191.85001,196.57666,187.06667,192.27667,192.27667,97171200
2021-05-18,189.33333,198.75,187.79333,192.62334,192.62334,110491800
2021-05-19,184.18333,188.73666,182.32666,187.82001,187.82001,118735200
2021-05-20,191.66667,196.28334,190.35667,195.59334,195.59334,92463300
2021-05-21,198.70334,198.89333,193.33333,193.62666,193.62666,78091800
2021-05-24,193.86667,204.82666,191.21666,202.14667,202.14667,103674300
2021-05-25,202.43666,204.66333,198.57001,201.56334,201.56334,84017700
2021-05-26,202.52,208.72333,200.5,206.37666,206.37666,85917900
2021-05-27,206.74667,210.37666,205.40334,210.28334,210.28334,79111800
2021-05-28,209.5,211.86333,207.46001,208.40666,208.40666,68211000
2021-06-01,209.26666,211.26666,206.85001,207.96666,207.96666,54254700
2021-06-02,206.71001,207.78667,199.71333,201.70667,201.70667,69908400
2021-06-03,200.60001,201.51666,190.40666,190.94667,190.94667,90335700
2021-06-04,193.23666,200.20334,192.39999,199.68333,199.68333,72110700
2021-06-07,197.27667,203.33333,194.29333,201.71001,201.71001,67631100
2021-06-08,207.67,207.69667,198.5,201.19667,201.19667,78160200
2021-06-09,200.72333,203.92999,199.21001,199.59334,199.59334,49753800
2021-06-10,201.29333,205.53,200.16667,203.37334,203.37334,71758800
2021-06-11,203.41,204.18666,200.50667,203.29666,203.29666,48615900
2021-06-14,204.07666,208.49667,203.06,205.89667,205.89667,61272000
2021-06-15,205.56334,205.59666,199.41,199.78667,199.78667,53292300
2021-06-16,199.17999,202.83333,197.83333,201.62334,201.62334,66432300
2021-06-17,200.63,207.15666,200.44667,205.53334,205.53334,68104200
2021-06-18,204.45667,209.45,203.93333,207.77,207.77,73682700
2021-06-21,208.16,210.46333,202.96001,206.94333,206.94333,74438100
2021-06-22,206.08333,209.52333,205.16667,207.90334,207.90334,57476700
2021-06-23,210.66667,219.06667,210.01334,218.85667,218.85667,93297600
2021-06-24,224.99667,232.53999,222.53667,226.60667,226.60667,137947200
2021-06-25,229.86,231.27,222.89999,223.95667,223.95667,97490100
2021-06-28,223.88,231.56667,223.44,229.57333,229.57333,64884600
2021-06-29,228.21666,229.17,225.29666,226.92,226.92,52143900
2021-06-30,226.59,230.93666,226.04666,226.56667,226.56667,56774700
2021-07-01,227.97333,229.33,224.26666,225.97333,225.97333,55903500
2021-07-02,226.32666,233.33333,224.42,226.3,226.3,81163500
2021-07-06,227.23666,228,217.13333,219.86,219.86,69853500
2021-07-07,221.42334,221.89999,212.77333,214.88333,214.88333,56376000
2021-07-08,209.45667,218.14333,206.82001,217.60333,217.60333,68319900
2021-07-09,217.72667,219.63667,214.89667,218.98334,218.98334,54421500
2021-07-12,220.73334,229.08,220.72,228.56667,228.56667,77781000
2021-07-13,228.77333,231.09334,222.10001,222.84666,222.84666,62898300
2021-07-14,223.58333,226.20334,217.61333,217.79333,217.79333,64923600
2021-07-15,219.46333,222.04666,212.62666,216.86667,216.86667,60628800
2021-07-16,218.22667,218.89999,214.06667,214.74001,214.74001,49113000
2021-07-19,209.96333,215.73334,207.09666,215.40666,215.40666,63891300
2021-07-20,217.33,220.79666,213.5,220.16667,220.16667,46461300
2021-07-21,219.87,221.62,216.76334,218.42999,218.42999,41859900
2021-07-22,218.81334,220.72333,214.86667,216.42,216.42,45317100
2021-07-23,215.45334,216.26666,212.43333,214.46001,214.46001,43814700
2021-07-26,216.99001,222.73334,215.70334,219.20667,219.20667,76009800
2021-07-27,221.13333,222.16667,209.08,214.92667,214.92667,98439900
2021-07-28,215.66667,218.32333,213.13333,215.66,215.66,48019800
2021-07-29,216.59666,227.89667,216.26666,225.78334,225.78334,91183800
2021-07-30,223.92,232.50999,223,229.06667,229.06667,88969200
2021-08-02,233.33333,242.31334,232.8,236.55667,236.55667,100847400
2021-08-03,239.66667,240.88333,233.67,236.58,236.58,64860900
2021-08-04,237,241.63333,236.31,236.97333,236.97333,51007800
2021-08-05,238.66667,240.31667,237.13667,238.21001,238.21001,38758800
2021-08-06,237.3,238.77667,232.54333,233.03334,233.03334,46869000
2021-08-09,236.72333,239.67667,235.04333,237.92,237.92,44145900
2021-08-10,237.99667,238.86333,233.96001,236.66333,236.66333,40296900
2021-08-11,237.57001,238.39333,234.73666,235.94,235.94,29401800
2021-08-12,235.44667,240.93333,233.13333,240.75,240.75,52377300
2021-08-13,241.23666,243.3,238.11333,239.05667,239.05667,50194500
2021-08-16,235.02333,236.5,225.46666,228.72333,228.72333,68032200
2021-08-17,224.22,224.86,216.28,221.90334,221.90334,71163900
2021-08-18,223.25,231.92334,223.11667,229.66333,229.66333,61048200
2021-08-19,226.07001,228.85001,222.53,224.49001,224.49001,42940500
2021-08-20,227.61667,230.71001,224.56667,226.75333,226.75333,44525700
2021-08-23,228.48,237.37666,226.91667,235.43333,235.43333,60794700
2021-08-24,236.89333,238.40666,234.21333,236.16333,236.16333,39249300
2021-08-25,235.67667,238.99001,234.66667,237.06667,237.06667,37936800
2021-08-26,236.10333,238.46666,232.53999,233.72,233.72,39642900
2021-08-27,235,238.33333,234.03334,237.30667,237.30667,41501400
2021-08-30,238.24001,243.66667,237.57666,243.63667,243.63667,55812600
2021-08-31,244.33333,246.79666,242.14667,245.24001,245.24001,62566200
2021-09-01,244.69333,247.33,243.75667,244.69667,244.69667,39612900
2021-09-02,244.83333,246.99001,243.51334,244.13,244.13,38331900
2021-09-03,244.08333,244.66667,241.39999,244.52333,244.52333,45738300
2021-09-07,246.66667,253.39999,246.42,250.97333,250.97333,60119400
2021-09-08,253.86,254.81667,246.92334,251.28999,251.28999,56379000
2021-09-09,251.13667,254.03334,250.54333,251.62,251.62,42233100
2021-09-10,253.2,254.20334,244.84,245.42334,245.42334,45552600
2021-09-13,246.73666,248.25999,236.28334,247.66667,247.66667,68857500
2021-09-14,247.52333,251.49001,245.46666,248.16333,248.16333,55574700
2021-09-15,248.33333,252.28667,246.12,251.94333,251.94333,46073100
2021-09-16,250.94333,252.97,249.20334,252.33,252.33,41770200
2021-09-17,252.38333,253.67999,250,253.16333,253.16333,84612600
2021-09-20,244.85333,247.33333,239.53999,243.39,243.39,74273100
2021-09-21,244.92999,248.24667,243.48,246.46001,246.46001,48992100
2021-09-22,247.84334,251.22333,246.37334,250.64667,250.64667,45378900
2021-09-23,251.66667,252.73334,249.30667,251.21333,251.21333,35842500
2021-09-24,248.63,258.26666,248.18666,258.13,258.13,64119000
2021-09-27,257.70667,266.33334,256.43668,263.78668,263.78668,84212100
2021-09-28,262.39999,265.21332,255.39333,259.18668,259.18668,76144200
2021-09-29,259.93332,264.5,256.89334,260.43668,260.43668,62828700
2021-09-30,260.33334,263.04333,258.33334,258.49335,258.49335,53868000
2021-10-01,259.46667,260.26001,254.53,258.40668,258.40668,51094200
2021-10-04,265.5,268.98999,258.70667,260.51001,260.51001,91449900
2021-10-05,261.60001,265.76999,258.06668,260.19666,260.19666,55297800
2021-10-06,258.73334,262.22,257.73999,260.91666,260.91666,43898400
2021-10-07,261.82001,268.33334,261.12668,264.53668,264.53668,57587400
2021-10-08,265.40332,265.45999,260.30334,261.82999,261.82999,50215800
2021-10-11,262.54999,267.07999,261.83334,263.98001,263.98001,42600900
2021-10-12,266.97665,270.77335,265.52335,268.57333,268.57333,66060000
2021-10-13,270.15668,271.80334,268.59332,270.35999,270.35999,42360300
2021-10-14,271.82999,273.41666,271.11667,272.77335,272.77335,36741600
2021-10-15,274.57999,281.07001,274.11667,281.01001,281.01001,56773800
2021-10-18,283.92999,291.75333,283.82333,290.03668,290.03668,72621600
2021-10-19,292.51001,292.64999,287.50333,288.09,288.09,52143300
2021-10-20,288.45001,289.82999,285.79333,288.60001,288.60001,42096300
2021-10-21,285.33334,300,285.16666,298,298,94444500
2021-10-22,298.5,303.33334,296.98666,303.22665,303.22665,68642400
2021-10-25,316.84332,348.34,314.73334,341.62,341.62,188556300
2021-10-26,341.56332,364.98001,333.81332,339.47665,339.47665,187245000
2021-10-27,346.55334,356.95999,343.59332,345.95334,345.95334,115579500
2021-10-28,356.10333,360.33334,351.39999,359.01334,359.01334,81639600
2021-10-29,360.62,371.73666,357.73666,371.33334,371.33334,89755200
2021-11-01,381.66666,403.25,372.88666,402.86334,402.86334,168146100
2021-11-02,386.45334,402.86334,382,390.66666,390.66666,128213400
2021-11-03,392.44333,405.13,384.20667,404.62,404.62,103885500
2021-11-04,411.47,414.49667,405.66666,409.97,409.97,76192200
2021-11-05,409.33334,413.29001,402.66666,407.36334,407.36334,64886400
2021-11-08,383.26334,399,377.66666,387.64667,387.64667,100337100
2021-11-09,391.20001,391.5,337.17334,341.16666,341.16666,177317400
2021-11-10,336.80334,359.36667,329.10333,355.98334,355.98334,128408100
2021-11-11,367.59,368.32333,351.56,354.50333,354.50333,67189800
2021-11-12,349.16666,351.5,339.73334,344.47333,344.47333,76719300
2021-11-15,339.20999,343.99335,326.20001,337.79666,337.79666,104326800
2021-11-16,334.43668,352.39999,334.06,351.57666,351.57666,79627200
2021-11-17,354.50333,373.21332,351.83334,363.00333,363.00333,94336200
2021-11-18,368.85001,370.66666,358.34,365.45999,365.45999,62696700
2021-11-19,366.29001,379.57333,364.23334,379.01999,379.01999,64926900
2021-11-22,387.44333,400.64999,377.47665,385.62332,385.62332,99217500
2021-11-23,389.17001,393.5,354.23334,369.67667,369.67667,108515100
2021-11-24,360.13,377.59,354,372,372,67680600
2021-11-26,366.48999,369.59332,360.33334,360.64001,360.64001,35042700
2021-11-29,366.99667,380.89001,366.73001,378.99667,378.99667,58393500
2021-11-30,381.45667,389.33334,372.66666,381.58667,381.58667,81276000
2021-12-01,386.89999,390.94666,363.58667,365,365,68450400
2021-12-02,366.35333,371,352.21667,361.53333,361.53333,73114800
2021-12-03,361.59668,363.52667,333.40332,338.32333,338.32333,92322000
2021-12-06,333.83667,340.54666,316.83334,336.33667,336.33667,81663000
2021-12-07,348.06668,352.55667,342.26999,350.58334,350.58334,56084700
2021-12-08,350.90332,357.45999,344.33334,356.32001,356.32001,41906400
2021-12-09,353.54666,354.16333,334.12,334.60001,334.60001,59438400
2021-12-10,336.25,340.32666,327.51001,339.01001,339.01001,59664300
2021-12-13,333.69666,335,317.14001,322.13666,322.13666,78595500
2021-12-14,315,322.13666,310,319.50333,319.50333,70806300
2021-12-15,317.73666,326.25,309.41666,325.32999,325.32999,75169200
2021-12-16,331.5,331.66,307.28333,308.97333,308.97333,82771500
2021-12-17,304.92334,320.22,303.01334,310.85666,310.85666,100437300
2021-12-20,303.56668,307.23001,297.79666,299.98001,299.98001,56480100
2021-12-21,305.62332,313.16666,295.37332,312.84332,312.84332,71517900
2021-12-22,321.88666,338.55334,319.01666,336.29001,336.29001,93634200
2021-12-23,335.60001,357.66,332.51999,355.66666,355.66666,92713200
2021-12-27,357.89001,372.33334,356.90668,364.64667,364.64667,71145900
2021-12-28,369.82999,373,359.47333,362.82333,362.82333,60324000
2021-12-29,366.21332,368,354.71332,362.06332,362.06332,56154000
2021-12-30,353.77667,365.18332,351.04999,356.78,356.78,47040900
2021-12-31,357.81332,360.66666,351.53,352.26001,352.26001,40733700
2022-01-03,382.58334,400.35666,378.67999,399.92667,399.92667,103931400
2022-01-04,396.51666,402.66666,374.35001,383.19666,383.19666,100248300
2022-01-05,382.21667,390.11334,360.33667,362.70667,362.70667,80119800
2022-01-06,359,362.66666,340.16666,354.89999,354.89999,90336600
2022-01-07,360.12332,360.31,336.66666,342.32001,342.32001,84164700
2022-01-10,333.33334,353.03333,326.66666,352.70667,352.70667,91815000
2022-01-11,351.22333,358.61667,346.27335,354.79999,354.79999,66063300
2022-01-12,359.61667,371.61334,357.53,368.73999,368.73999,83739000
2022-01-13,369.69,371.86667,342.17999,343.85333,343.85333,97209900
2022-01-14,339.95999,350.66666,337.79333,349.87,349.87,72924300
2022-01-18,342.20334,356.92999,338.68668,343.50333,343.50333,66743400
2022-01-19,347.23666,351.55667,331.66666,331.88333,331.88333,75442500
2022-01-20,336.57666,347.22,331.33334,332.09,332.09,70488600
2022-01-21,332.11334,334.85001,313.5,314.63333,314.63333,103416000
2022-01-24,301.58667,311.17001,283.82333,310,310,151565700
2022-01-25,304.73334,317.08667,301.07001,306.13333,306.13333,86595900
2022-01-26,317.47665,329.23001,302,312.47,312.47,104867400
2022-01-27,311.12,311.79666,276.33334,276.36667,276.36667,147109500
2022-01-28,277.18668,285.83334,264.00333,282.11667,282.11667,134789100
2022-01-31,290.90332,312.66333,287.35001,312.23999,312.23999,104436000
2022-02-01,311.73666,314.56668,301.66666,310.41666,310.41666,73138200
2022-02-02,309.39334,310.5,296.47,301.88666,301.88666,66792900
2022-02-03,294,312.33334,293.50665,297.04666,297.04666,78855600
2022-02-04,299.07333,312.16666,293.72333,307.77335,307.77335,73625400
2022-02-07,307.92999,315.92334,300.90332,302.44666,302.44666,60994500
2022-02-08,301.84332,308.76334,298.26666,307.33334,307.33334,50729100
2022-02-09,311.66666,315.42334,306.66666,310.66666,310.66666,52259400
2022-02-10,302.79001,314.60333,298.89999,301.51666,301.51666,66126900
2022-02-11,303.20999,305.32001,283.56668,286.66666,286.66666,79645800
2022-02-14,287.19,299.62668,284.38333,291.92001,291.92001,67756500
2022-02-15,300,307.66666,297.79333,307.47665,307.47665,57286200
2022-02-16,304.68332,308.81,300.40332,307.79666,307.79666,51294300
2022-02-17,304.42001,306.16666,291.36667,292.11667,292.11667,55178400
2022-02-18,295.33334,295.62332,279.20334,285.66,285.66,68501700
2022-02-22,278.04333,285.57666,267.03333,273.84332,273.84332,83288100
2022-02-23,276.81,278.43332,253.52,254.67999,254.67999,95256900
2022-02-24,233.46333,267.49335,233.33333,266.92334,266.92334,135322200
2022-02-25,269.74335,273.16666,260.79999,269.95667,269.95667,76067700
2022-02-28,271.67001,292.28668,271.57001,290.14334,290.14334,99006900
2022-03-01,289.89334,296.62668,284.59332,288.12332,288.12332,74766900
2022-03-02,290.70999,295.49335,281.42334,293.29666,293.29666,74643300
2022-03-03,292.92334,295.48001,277.53333,279.76334,279.76334,61623600
2022-03-04,283.03333,285.21667,275.05334,279.42999,279.42999,66999600
2022-03-07,285.43332,288.71332,268.19,268.19333,268.19333,72494100
2022-03-08,265.17667,283.32999,260.72333,274.79999,274.79999,80399100
2022-03-09,279.82666,286.85333,277.33667,286.32333,286.32333,59184000
2022-03-10,283.81668,284.81668,270.12,279.43332,279.43332,58648500
2022-03-11,280.06668,281.26666,264.59,265.11667,265.11667,67037100
2022-03-14,260.20334,266.89999,252.01334,255.45667,255.45667,71152200
2022-03-15,258.42334,268.52335,252.19,267.29666,267.29666,66841200
2022-03-16,269.66666,280.66666,267.42001,280.07666,280.07666,84028800
2022-03-17,276.99667,291.66666,275.23999,290.53333,290.53333,66582900
2022-03-18,291.49667,302.61667,289.13,301.79666,301.79666,100414200
2022-03-21,304.99335,314.28333,302.36334,307.05334,307.05334,81981600
2022-03-22,310,332.62,307.25,331.32666,331.32666,105868500
2022-03-23,326.64667,346.89999,325.46667,333.03668,333.03668,120676200
2022-03-24,336.57666,341.49667,329.60001,337.97333,337.97333,68920800
2022-03-25,336,340.60001,332.44,336.88,336.88,62031600
2022-03-28,355.03333,365.95999,351.20001,363.94666,363.94666,102506100
2022-03-29,369.32999,371.59,357.70334,366.52335,366.52335,73614900
2022-03-30,363.72333,371.31668,361.33334,364.66333,364.66333,59865000
2022-03-31,364.85666,367.71332,358.88,359.20001,359.20001,48992700
2022-04-01,360.38333,364.91666,355.54666,361.53,361.53,54263100
2022-04-04,363.12668,383.30334,357.51001,381.81668,381.81668,82035900
2022-04-05,378.76666,384.29001,362.43332,363.75333,363.75333,80075100
2022-04-06,357.82333,359.66666,342.56668,348.58667,348.58667,89348400
2022-04-07,350.79666,358.86334,340.51334,352.42001,352.42001,79447200
2022-04-08,347.73666,349.48001,340.81332,341.82999,341.82999,55013700
2022-04-11,326.79999,336.15668,324.88,325.31,325.31,59357100
2022-04-12,332.54666,340.39667,325.53333,328.98334,328.98334,65976000
2022-04-13,327.02667,342.07999,324.36667,340.79001,340.79001,55121100
2022-04-14,333.09668,337.57001,327.39667,328.33334,328.33334,58422300
2022-04-18,329.67667,338.30667,324.47,334.76334,334.76334,51715200
2022-04-19,335.01999,344.98001,331.77667,342.71667,342.71667,49847700
2022-04-20,343.33334,344.66666,325.08334,325.73334,325.73334,70711200
2022-04-21,358.24335,364.07333,332.14001,336.26001,336.26001,105416400
2022-04-22,338.30334,344.95001,331.33334,335.01666,335.01666,69696600
2022-04-25,326.32333,336.20667,325.10001,332.67334,332.67334,68341200
2022-04-26,331.81,333.33334,291.66666,292.14001,292.14001,136133700
2022-04-27,299.52667,306,292.45334,293.83667,293.83667,76956300
2022-04-28,299.99335,300,273.89999,292.50333,292.50333,124948500
2022-04-29,300.75,311.46667,290,290.25333,290.25333,88133100
2022-05-02,286.92334,302.12,282.67667,300.98001,300.98001,75781500
2022-05-03,301.06,308.02667,296.19666,303.08334,303.08334,63709500
2022-05-04,301.31332,318.5,295.09332,317.54001,317.54001,81643800
2022-05-05,313.00665,315.20001,285.89999,291.09332,291.09332,92519100
2022-05-06,295.66666,296,281.03668,288.54999,288.54999,72903000
2022-05-09,278.81668,281.87668,260.38333,262.37,262.37,90810300
2022-05-10,273.10333,275.12,258.08334,266.67999,266.67999,84401700
2022-05-11,265,269.92334,242.39999,244.66667,244.66667,97224600
2022-05-12,233.66667,253.22,226.66667,242.66667,242.66667,140313000
2022-05-13,257.82666,262.45001,250.52333,256.53,256.53,92150700
2022-05-16,255.72,256.58667,239.69667,241.45667,241.45667,86098500
2022-05-17,249.12,254.82666,242.95,253.87,253.87,80236200
2022-05-18,248.17334,253.5,233.60333,236.60333,236.60333,87811800
2022-05-19,235.66667,244.66667,231.37,236.47333,236.47333,90296700
2022-05-20,237.99667,240.52667,211,221.3,221.3,144973200
2022-05-23,218.34,226.65334,212.68666,224.96666,224.96666,88903500
2022-05-24,217.84334,217.97333,206.85667,209.38667,209.38667,89092500
2022-05-25,207.95,223.10667,207.67,219.60001,219.60001,92139300
2022-05-26,220.47333,239.55667,217.88667,235.91,235.91,106003200
2022-05-27,241.08333,253.26666,240.17667,253.21001,253.21001,89295000
2022-05-31,257.94666,259.60001,244.74333,252.75333,252.75333,101914500
2022-06-01,251.72,257.32666,243.64,246.78999,246.78999,77247900
2022-06-02,244.15666,264.20999,242.06667,258.33334,258.33334,93473100
2022-06-03,243.22667,247.79666,233.41667,234.51666,234.51666,112393800
2022-06-06,244.35333,244.86667,234.35001,238.28,238.28,84204600
2022-06-07,234,239.99667,230.09334,238.88667,238.88667,72808500
2022-06-08,240.08667,249.96333,239.17667,241.86667,241.86667,76210500
2022-06-09,249.34,255.54666,239.32666,239.70667,239.70667,96491400
2022-06-10,235.15666,239.5,227.91333,232.23,232.23,97536600
2022-06-13,223.16667,226.63333,214.68333,215.73666,215.73666,102767400
2022-06-14,218.28667,226.33,211.73666,220.89,220.89,97988700
2022-06-15,220.91667,235.66333,218.14999,233,233,119131800
2022-06-16,222.73666,225.16667,208.69333,213.10001,213.10001,107390700
2022-06-17,213.43333,220.97,213.19667,216.75999,216.75999,92641800
2022-06-21,224.60333,243.57666,224.33333,237.03667,237.03667,122793000
2022-06-22,234.50333,246.83333,233.82666,236.08667,236.08667,101107500
2022-06-23,237.90666,239.31667,228.63667,235.07001,235.07001,104202600
2022-06-24,237.47,246.06667,236.08667,245.70667,245.70667,95770800
2022-06-27,249.36667,252.07001,242.56667,244.92,244.92,89178300
2022-06-28,244.48334,249.97,232.34334,232.66333,232.66333,90391200
2022-06-29,230.5,231.17334,222.27333,228.49001,228.49001,82897200
2022-06-30,224.50999,229.45667,218.86333,224.47333,224.47333,94600500
2022-07-01,227,230.23,222.12,227.26334,227.26334,74460300
2022-07-05,223,233.14667,216.16667,233.06667,233.06667,84581100
2022-07-06,230.78,234.56334,227.18666,231.73334,231.73334,71853600
2022-07-07,233.92,245.36333,232.21001,244.54333,244.54333,81930600
2022-07-08,242.33333,254.98,241.16,250.76334,250.76334,101854200
2022-07-11,252.10333,253.06334,233.62666,234.34334,234.34334,99241200
2022-07-12,236.84666,239.77333,228.37,233.07001,233.07001,87930900
2022-07-13,225.5,242.06,225.03334,237.03999,237.03999,97954500
2022-07-14,234.89667,238.65334,229.33333,238.31334,238.31334,78557400
2022-07-15,240,243.62334,236.89,240.06667,240.06667,69683100
2022-07-18,244.93666,250.51666,239.60333,240.54666,240.54666,82537500
2022-07-19,245,247.14,236.97667,245.53,245.53,80890200
2022-07-20,246.78334,250.66333,243.48334,247.5,247.5,88864200
2022-07-21,255.10667,273.26666,254.86667,271.70667,271.70667,142032300
2022-07-22,276.22,280.78668,270.71332,272.24335,272.24335,103472700
2022-07-25,272.21667,274.14667,267.39999,268.43332,268.43332,64073400
2022-07-26,266.51334,267.31,256.26334,258.85999,258.85999,66820800
2022-07-27,263.81,275.92667,261.79001,274.82001,274.82001,88110000
2022-07-28,280.06668,283.29999,272.79999,280.89999,280.89999,84723000
2022-07-29,280.70001,298.32001,279.10001,297.14999,297.14999,95313000
2022-08-01,301.27667,311.87668,295,297.27667,297.27667,117042900
2022-08-02,294.00333,307.83334,292.66666,300.58667,300.58667,95577600
2022-08-03,305,309.54999,301.14999,307.39667,307.39667,80091000
2022-08-04,311,313.60666,305,308.63333,308.63333,72256200
2022-08-05,302.67001,304.60666,285.54333,288.17001,288.17001,113172900
2022-08-08,295,305.20001,289.08667,290.42334,290.42334,98994000
2022-08-09,290.29333,292.39667,279.35333,283.33334,283.33334,86244600
2022-08-10,297.06668,297.51001,283.37,294.35666,294.35666,94918800
2022-08-11,296.51334,298.23666,285.83334,286.63,286.63,70155000
2022-08-12,289.41666,300.16,285.03333,300.03,300.03,79657200
2022-08-15,301.78668,313.13333,301.23001,309.32001,309.32001,89359200
2022-08-16,311.66666,314.66666,302.88333,306.56332,306.56332,88136400
2022-08-17,303.39667,309.65668,300.03333,303.99667,303.99667,68766000
2022-08-18,306,306.5,301.85333,302.87,302.87,47500500
2022-08-19,299,300.35999,292.5,296.66666,296.66666,61395300
2022-08-22,291.91333,292.39999,286.29666,289.91333,289.91333,55843200
2022-08-23,291.45334,298.82666,287.92334,296.45334,296.45334,63984900
2022-08-24,297.56332,303.64667,296.5,297.09668,297.09668,57259800
2022-08-25,302.35999,302.95999,291.60001,296.07001,296.07001,53230000
2022-08-26,297.42999,302,287.47,288.09,288.09,57163900
2022-08-29,282.82999,287.73999,280.70001,284.82001,284.82001,41864700
2022-08-30,287.87,288.48001,272.64999,277.70001,277.70001,50541800
2022-08-31,280.62,281.25,271.81,275.60999,275.60999,52107300
2022-09-01,272.57999,277.57999,266.14999,277.16,277.16,54287000
2022-09-02,281.07001,282.35001,269.07999,270.20999,270.20999,50890100
2022-09-06,272.67999,275.98999,265.73999,274.42001,274.42001,55860000
2022-09-07,273.10001,283.84,272.26999,283.70001,283.70001,50028900
2022-09-08,281.29999,289.5,279.76001,289.26001,289.26001,53713100
2022-09-09,291.67001,299.85001,291.25,299.67999,299.67999,54338100
2022-09-12,300.72,305.48999,300.39999,304.42001,304.42001,48674600
2022-09-13,292.89999,297.39999,290.39999,292.13,292.13,68229600
2022-09-14,292.23999,306,291.64001,302.60999,302.60999,72628700
2022-09-15,301.82999,309.12,300.72,303.75,303.75,64795500
2022-09-16,299.60999,303.70999,295.60001,303.35001,303.35001,87087800
2022-09-19,300.09,309.84,297.79999,309.07001,309.07001,60231200
2022-09-20,306.91,313.32999,305.57999,308.73001,308.73001,61642800
2022-09-21,308.29001,313.79999,300.63,300.79999,300.79999,62555700
2022-09-22,299.85999,301.29001,285.82001,288.59,288.59,70545400
2022-09-23,283.09,284.5,272.82001,275.32999,275.32999,63748400
2022-09-26,271.82999,284.09,270.31,276.01001,276.01001,58076900
2022-09-27,283.84,288.67001,277.51001,282.94,282.94,61925200
2022-09-28,283.07999,289,277.57001,287.81,287.81,54664800
2022-09-29,282.76001,283.64999,265.78,268.20999,268.20999,77620600
2022-09-30,266.14999,275.57001,262.47,265.25,265.25,67726600
2022-10-03,254.5,255.16,241.00999,242.39999,242.39999,98363500
2022-10-04,250.52,257.5,242.00999,249.44,249.44,109578500
2022-10-05,245.00999,246.67,233.27,240.81,240.81,86982700
2022-10-06,239.44,244.58,235.35001,238.13,238.13,69298400
2022-10-07,233.94,234.57001,222.02,223.07001,223.07001,83916800
2022-10-10,223.92999,226.99001,218.36,222.96001,222.96001,67925000
2022-10-11,220.95,225.75,215,216.5,216.5,77013200
2022-10-12,215.33,219.3,211.50999,217.24001,217.24001,66860700
2022-10-13,208.3,222.99001,206.22,221.72,221.72,91483000
2022-10-14,224.00999,226.25999,204.16,204.99001,204.99001,94124500
2022-10-17,210.03999,221.86,209.45,219.35001,219.35001,79428800
2022-10-18,229.5,229.82001,217.25,220.19,220.19,75891900
2022-10-19,219.8,222.92999,217.78,222.03999,222.03999,66571500
2022-10-20,208.28,215.55,202,207.28,207.28,117798100
2022-10-21,206.42,214.66,203.8,214.44,214.44,75713800
2022-10-24,205.82001,213.5,198.59,211.25,211.25,100446800
2022-10-25,210.10001,224.35001,210,222.42,222.42,96507900
2022-10-26,219.39999,230.60001,218.2,224.64,224.64,85012500
2022-10-27,229.77,233.81,222.85001,225.09,225.09,61638800
2022-10-28,225.39999,228.86,216.35001,228.52,228.52,69152400
2022-10-31,226.19,229.85001,221.94,227.53999,227.53999,61554300
2022-11-01,234.05,237.39999,227.28,227.82001,227.82001,62688800
2022-11-02,226.03999,227.87,214.82001,214.98,214.98,63070300
2022-11-03,211.36,221.2,210.14,215.31,215.31,56538800
2022-11-04,222.60001,223.8,203.08,207.47,207.47,98622200
2022-11-07,208.64999,208.89999,196.66,197.08,197.08,93916500
2022-11-08,194.02,195.2,186.75,191.3,191.3,128803400
2022-11-09,190.78,195.89,177.12,177.59,177.59,127062700
2022-11-10,189.89999,191,180.03,190.72,190.72,132703000
2022-11-11,186,196.52,182.59,195.97,195.97,114403600
2022-11-14,192.77,195.73,186.34,190.95,190.95,92226600
2022-11-15,195.88,200.82001,192.06,194.42,194.42,91293800
2022-11-16,191.50999,192.57001,185.66,186.92,186.92,66567600
2022-11-17,183.96001,186.16,180.89999,183.17,183.17,64336000
2022-11-18,185.05,185.19,176.55,180.19,180.19,76048900
2022-11-21,175.85001,176.77,167.53999,167.87,167.87,92882700
2022-11-22,168.63,170.92,166.19,169.91,169.91,78452300
2022-11-23,173.57001,183.62,172.5,183.2,183.2,109536700
2022-11-25,185.06,185.2,180.63,182.86,182.86,50672700
2022-11-28,179.96001,188.5,179,182.92,182.92,92905200
2022-11-29,184.99001,186.38,178.75,180.83,180.83,83357100
2022-11-30,182.42999,194.75999,180.63,194.7,194.7,109186400
2022-12-01,197.08,198.92,191.8,194.7,194.7,80046200
2022-12-02,191.78,196.25,191.11,194.86,194.86,73645900
2022-12-05,189.44,191.27,180.55,182.45,182.45,93122700
2022-12-06,181.22,183.64999,175.33,179.82001,179.82001,92150800
2022-12-07,175.03,179.38,172.22,174.03999,174.03999,84213300
2022-12-08,172.2,175.2,169.06,173.44,173.44,97624500
2022-12-09,173.84,182.5,173.36,179.05,179.05,104872300
2022-12-12,176.10001,177.37,167.52,167.82001,167.82001,109794500
2022-12-13,174.87,175.05,156.91,160.95,160.95,175862700
2022-12-14,159.25,161.62,155.31,156.8,156.8,140682300
2022-12-15,153.44,160.92999,153.28,157.67,157.67,122334500
2022-12-16,159.64,160.99001,150.03999,150.23,150.23,139032200
2022-12-19,154,155.25,145.82001,149.87,149.87,139390600
2022-12-20,146.05,148.47,137.66,137.8,137.8,159563300
2022-12-21,139.34,141.25999,135.89,137.57001,137.57001,145417400
2022-12-22,136,136.63,122.26,125.35,125.35,210090300
2022-12-23,126.37,128.62,121.02,123.15,123.15,166989700
2022-12-27,117.5,119.67,108.76,109.1,109.1,208643400
2022-12-28,110.35,116.27,108.24,112.71,112.71,221070500
2022-12-29,120.39,123.57,117.5,121.82,121.82,221923300
2022-12-30,119.95,124.48,119.75,123.18,123.18,157777300
2023-01-03,118.47,118.8,104.64,108.1,108.1,231402800
2023-01-04,109.11,114.59,107.52,113.64,113.64,180389000
2023-01-05,110.51,111.75,107.16,110.34,110.34,157986300
2023-01-06,103,114.39,101.81,113.06,113.06,220911100
2023-01-09,118.96,123.52,117.11,119.77,119.77,190284000
2023-01-10,121.07,122.76,114.92,118.85,118.85,167642500
2023-01-11,122.09,125.95,120.51,123.22,123.22,183810800
2023-01-12,122.56,124.13,117,123.56,123.56,169400900
2023-01-13,116.55,122.63,115.6,122.4,122.4,180714100
2023-01-17,125.7,131.7,125.02,131.49001,131.49001,186477000
2023-01-18,136.56,136.67999,127.01,128.78,128.78,195680300
2023-01-19,127.26,129.99001,124.31,127.17,127.17,170291900
2023-01-20,128.67999,133.50999,127.35,133.42,133.42,138858100
2023-01-23,135.87,145.38,134.27,143.75,143.75,203119200
2023-01-24,143,146.5,141.10001,143.89,143.89,158699100
2023-01-25,141.91,146.41,138.07001,144.42999,144.42999,192734300
2023-01-26,159.97,161.42,154.75999,160.27,160.27,234815100
2023-01-27,162.42999,180.67999,161.17,177.89999,177.89999,306590600
2023-01-30,178.05,179.77,166.5,166.66,166.66,230878800
2023-01-31,164.57001,174.3,162.78,173.22,173.22,196813500
2023-02-01,173.89,183.81,169.92999,181.41,181.41,213806300
2023-02-02,187.33,196.75,182.61,188.27,188.27,217448300
2023-02-03,183.95,199,183.69,189.98,189.98,232662000
2023-02-06,193.00999,198.17,189.92,194.75999,194.75999,186188100
2023-02-07,196.42999,197.5,189.55,196.81,196.81,186010300
2023-02-08,196.10001,203,194.31,201.28999,201.28999,180673600
2023-02-09,207.78,214,204.77,207.32001,207.32001,215431400
2023-02-10,202.23,206.2,192.89,196.89,196.89,204754100
2023-02-13,194.42,196.3,187.61,194.64,194.64,172475500
2023-02-14,191.94,209.82001,189.44,209.25,209.25,216455700
2023-02-15,211.75999,214.66,206.11,214.24001,214.24001,181006400
2023-02-16,210.78,217.64999,201.84,202.03999,202.03999,229586500
2023-02-17,199.99001,208.44,197.5,208.31,208.31,213738500
2023-02-21,204.99001,209.71001,197.22,197.37,197.37,180018600
2023-02-22,197.92999,201.99001,191.78,200.86,200.86,191828500
2023-02-23,203.91,205.14,196.33,202.07001,202.07001,146360000
2023-02-24,196.33,197.67,192.8,196.88,196.88,142228100
2023-02-27,202.03,209.42,201.25999,207.63,207.63,161028300
2023-02-28,210.59,211.23,203.75,205.71001,205.71001,153144900
2023-03-01,206.21001,207.2,198.52,202.77,202.77,156852800
2023-03-02,186.74001,193.75,186.00999,190.89999,190.89999,181500700
2023-03-03,194.8,200.48,192.88,197.78999,197.78999,154193300
2023-03-06,198.53999,198.60001,192.3,193.81,193.81,128100100
2023-03-07,191.38,194.2,186.10001,187.71001,187.71001,148125800
2023-03-08,185.03999,186.5,180,182,182,151897800
2023-03-09,180.25,185.17999,172.50999,172.92,172.92,170023800
2023-03-10,175.13,178.28999,168.44,173.44,173.44,191488900
2023-03-13,167.46001,177.35001,163.91,174.48,174.48,167790300
2023-03-14,177.31,183.8,177.14,183.25999,183.25999,143717900
2023-03-15,180.8,182.34,176.03,180.45,180.45,145995600
2023-03-16,180.37,185.81,178.84,184.13,184.13,121136800
2023-03-17,184.52,186.22,177.33,180.13,180.13,133197100
2023-03-20,178.08,186.44,176.35001,183.25,183.25,129684400
2023-03-21,188.28,198,188.03999,197.58,197.58,153391400
2023-03-22,199.3,200.66,190.95,191.14999,191.14999,150376400
2023-03-23,195.25999,199.31,188.64999,192.22,192.22,144193900
2023-03-24,191.64999,192.36,187.14999,190.41,190.41,116312400
2023-03-27,194.42,197.39,189.94,191.81,191.81,120851600
2023-03-28,192,192.35001,185.42999,189.19,189.19,98654600
2023-03-29,193.13,195.28999,189.44,193.88,193.88,123660000
2023-03-30,195.58,197.33,194.42,195.28,195.28,110252200
2023-03-31,197.53,207.78999,197.2,207.46001,207.46001,170222100
2023-04-03,199.91,202.69,192.2,194.77,194.77,169545900
2023-04-04,197.32001,198.74001,190.32001,192.58,192.58,126463800
2023-04-05,190.52,190.67999,183.75999,185.52,185.52,133882500
2023-04-06,183.08,186.39,179.74001,185.06,185.06,123857900
2023-04-10,179.94,185.10001,176.11,184.50999,184.50999,142154600
2023-04-11,186.69,189.19,185.64999,186.78999,186.78999,115770900
2023-04-12,190.74001,191.58,180.31,180.53999,180.53999,150256300
2023-04-13,182.96001,186.5,180.94,185.89999,185.89999,112933000
2023-04-14,183.95,186.28,182.00999,185,185,96438700
2023-04-17,186.32001,189.69,182.69,187.03999,187.03999,116662200
2023-04-18,187.14999,187.69,183.58,184.31,184.31,92067000
2023-04-19,179.10001,183.5,177.64999,180.59,180.59,125732700
2023-04-20,166.17,169.7,160.56,162.99001,162.99001,210970800
2023-04-21,164.8,166,161.32001,165.08,165.08,123539000
2023-04-24,164.64999,165.64999,158.61,162.55,162.55,140006600
2023-04-25,159.82001,163.47,158.75,160.67,160.67,121999300
2023-04-26,160.28999,160.67,153.14,153.75,153.75,153364100
2023-04-27,152.64,160.48,152.37,160.19,160.19,127015200
2023-04-28,160.89999,165,157.32001,164.31,164.31,122515800
2023-05-01,163.17,163.28,158.83,161.83,161.83,109015000
2023-05-02,161.88,165.49001,158.92999,160.31,160.31,128259700
2023-05-03,160.00999,165,159.91,160.61,160.61,119728000
2023-05-04,162.71001,162.95,159.64999,161.2,161.2,95108500
2023-05-05,163.97,170.78999,163.50999,170.06,170.06,107607300
2023-05-08,173.72,173.8,169.19,171.78999,171.78999,112249400
2023-05-09,168.95,169.82001,166.56,169.14999,169.14999,88965000
2023-05-10,172.55,174.42999,166.67999,168.53999,168.53999,119840700
2023-05-11,168.7,173.57001,166.78999,172.08,172.08,103889900
2023-05-12,176.07001,177.38,167.23,167.98,167.98,157849600
2023-05-15,167.66,169.75999,164.55,166.35001,166.35001,105592500
2023-05-16,165.64999,169.52,164.35001,166.52,166.52,98288800
2023-05-17,168.41,174.5,167.19,173.86,173.86,125473600
2023-05-18,174.22,177.06,172.45,176.89,176.89,109520300
2023-05-19,177.17,181.95,176.31,180.14,180.14,136196700
2023-05-22,180.7,189.32001,180.11,188.87,188.87,132001400
2023-05-23,186.2,192.96001,185.25999,185.77,185.77,156952100
2023-05-24,182.23,184.22,178.22,182.89999,182.89999,137605100
2023-05-25,186.53999,186.78,180.58,184.47,184.47,96870700
2023-05-26,184.62,198.60001,184.53,193.17,193.17,162061500
2023-05-30,200.10001,204.48,197.53,201.16,201.16,128818700
2023-05-31,199.78,203.95,195.12,203.92999,203.92999,150711700
2023-06-01,202.59,209.8,199.37,207.52,207.52,148029900
2023-06-02,210.14999,217.25,209.75,213.97,213.97,164398400
2023-06-05,217.8,221.28999,214.52,217.61,217.61,151143100
2023-06-06,216.14,221.91,212.53,221.31,221.31,146911600
2023-06-07,228,230.83,223.2,224.57001,224.57001,185710800
2023-06-08,224.22,235.23,223.00999,234.86,234.86,164489700
2023-06-09,249.07001,252.42,242.02,244.39999,244.39999,200242400
2023-06-12,247.94,250.97,244.59,249.83,249.83,150337900
2023-06-13,253.50999,259.67999,251.34,258.70999,258.70999,162384300
2023-06-14,260.17001,261.57001,250.5,256.79001,256.79001,170575500
2023-06-15,248.39999,258.95001,247.28999,255.89999,255.89999,160171200
2023-06-16,258.92001,263.60001,257.20999,260.54001,260.54001,167915600
2023-06-20,261.5,274.75,261.12,274.45001,274.45001,165611200
2023-06-21,275.13,276.98999,257.78,259.45999,259.45999,211797100
2023-06-22,250.77,265,248.25,264.60999,264.60999,166875900
2023-06-23,259.29001,262.45001,252.8,256.60001,256.60001,177460800
2023-06-26,250.07001,258.37,240.7,241.05,241.05,179990600
2023-06-27,243.24001,250.39,240.85001,250.21001,250.21001,164968200
2023-06-28,249.7,259.88,248.89,256.23999,256.23999,159770800
2023-06-29,258.03,260.73999,253.61,257.5,257.5,131283400
2023-06-30,260.60001,264.45001,259.89001,261.76999,261.76999,112620800
2023-07-03,276.48999,284.25,275.10999,279.82001,279.82001,119685900
2023-07-05,278.82001,283.85001,277.60001,282.48001,282.48001,131530900
2023-07-06,278.09,279.97,272.88,276.54001,276.54001,120332100
2023-07-07,278.42999,280.78,273.76999,274.42999,274.42999,113879200
2023-07-10,276.47,277.51999,265.10001,269.60999,269.60999,119425400
2023-07-11,268.64999,270.89999,266.37,269.79001,269.79001,91972400
2023-07-12,276.32999,276.51999,271.45999,271.98999,271.98999,95672100
2023-07-13,274.59,279.45001,270.60001,277.89999,277.89999,112681500
2023-07-14,277.01001,285.29999,276.31,281.38,281.38,120062400
2023-07-17,286.63,292.23001,283.57001,290.38,290.38,131569600
2023-07-18,290.14999,295.26001,286.01001,293.34,293.34,112120300
2023-07-19,296.04001,299.29001,289.51999,291.26001,291.26001,142355400
2023-07-20,279.56,280.92999,261.20001,262.89999,262.89999,175158300
2023-07-21,268,268,255.8,260.01999,260.01999,161796100
2023-07-24,255.85001,269.85001,254.12,269.06,269.06,136508500
2023-07-25,272.38,272.89999,265,265.28,265.28,112757300
2023-07-26,263.25,268.04001,261.75,264.35001,264.35001,95856200
2023-07-27,268.31,269.13,255.3,255.71001,255.71001,103697300
2023-07-28,259.85999,267.25,258.23001,266.44,266.44,111446000
2023-07-31,267.48001,269.07999,263.78,267.42999,267.42999,84582200
2023-08-01,266.26001,266.47,260.25,261.07001,261.07001,83166000
2023-08-02,255.57001,259.51999,250.49001,254.11,254.11,101752900
2023-08-03,252.03999,260.48999,252,259.32001,259.32001,97569100
2023-08-04,260.97,264.76999,253.11,253.86,253.86,99539900
2023-08-07,251.45,253.64999,242.75999,251.45,251.45,111097900
2023-08-08,247.45,250.92,245.00999,249.7,249.7,96642200
2023-08-09,250.87,251.10001,241.89999,242.19,242.19,101596300
2023-08-10,245.39999,251.8,243,245.34,245.34,109498600
2023-08-11,241.77,243.78999,238.02,242.64999,242.64999,99038600
2023-08-14,235.7,240.66,233.75,239.75999,239.75999,98595300
2023-08-15,238.73,240.5,232.61,232.96001,232.96001,88197600
2023-08-16,228.02,233.97,225.38,225.60001,225.60001,112484500
2023-08-17,226.06,226.74001,218.83,219.22,219.22,120718400
2023-08-18,214.12,217.58,212.36,215.49001,215.49001,136276600
2023-08-21,221.55,232.13,220.58,231.28,231.28,135702700
2023-08-22,240.25,240.82001,229.55,233.19,233.19,130442800
2023-08-23,229.34,238.98,229.28999,236.86,236.86,101077600
2023-08-24,238.66,238.92,228.17999,230.03999,230.03999,99777400
2023-08-25,231.31,239,230.35001,238.59,238.59,106612200
2023-08-28,242.58,244.38,235.35001,238.82001,238.82001,107673700
2023-08-29,238.58,257.48001,237.77,257.17999,257.17999,134047600
2023-08-30,254.2,260.51001,250.59,256.89999,256.89999,121988400
2023-08-31,255.98,261.17999,255.05,258.07999,258.07999,108861700
2023-09-01,257.26001,259.07999,242.00999,245.00999,245.00999,132541600
2023-09-05,245,258,244.86,256.48999,256.48999,129469600
2023-09-06,255.14,255.39,245.06,251.92,251.92,116959800
2023-09-07,245.07001,252.81,243.27,251.49001,251.49001,115312900
2023-09-08,251.22,256.51999,246.67,248.5,248.5,118367700
2023-09-11,264.26999,274.85001,260.60999,273.57999,273.57999,174667900
2023-09-12,270.76001,278.39001,266.60001,267.48001,267.48001,135999900
2023-09-13,270.07001,274.98001,268.10001,271.29999,271.29999,111673700
2023-09-14,271.32001,276.70999,270.42001,276.04001,276.04001,107709800
2023-09-15,277.54999,278.98001,271,274.39001,274.39001,133692300
2023-09-18,271.16,271.44,263.76001,265.28,265.28,101543300
2023-09-19,264.35001,267.85001,261.20001,266.5,266.5,103704000
2023-09-20,267.04001,273.92999,262.45999,262.59,262.59,122514600
2023-09-21,257.85001,260.85999,254.21001,255.7,255.7,119951500
2023-09-22,257.39999,257.79001,244.48,244.88,244.88,127524100
2023-09-25,243.38,247.10001,238.31,246.99001,246.99001,104636600
2023-09-26,242.98,249.55,241.66,244.12,244.12,101993600
2023-09-27,244.25999,245.33,234.58,240.5,240.5,136597200
2023-09-28,240.02,247.55,238.64999,246.38,246.38,117058900
2023-09-29,250,254.77,246.35001,250.22,250.22,128522700
2023-10-02,244.81,254.28,242.62,251.60001,251.60001,123810400
2023-10-03,248.61,250.02,244.45,246.53,246.53,101985300
2023-10-04,248.14,261.85999,247.60001,261.16,261.16,129721600
2023-10-05,260,263.60001,256.25,260.04999,260.04999,119159200
2023-10-06,253.98,261.64999,250.64999,260.53,260.53,118121800
2023-10-09,255.31,261.35999,252.05,259.67001,259.67001,101377900
2023-10-10,257.75,268.94,257.64999,263.62,263.62,122656000
2023-10-11,266.20001,268.60001,260.89999,262.98999,262.98999,103706300
2023-10-12,262.92001,265.41,256.63,258.87,258.87,111508100
2023-10-13,258.89999,259.60001,250.22,251.12,251.12,102073800
2023-10-16,250.05,255.39999,248.48,253.92,253.92,88917200
2023-10-17,250.10001,257.17999,247.08,254.85001,254.85001,93562900
2023-10-18,252.7,254.63,242.08,242.67999,242.67999,125147800
2023-10-19,225.95,230.61,216.78,220.11,220.11,170772700
2023-10-20,217.00999,218.86,210.42,211.99001,211.99001,138010100
2023-10-23,210,216.98,202.50999,212.08,212.08,150683400
2023-10-24,216.5,222.05,214.11,216.52,216.52,118231100
2023-10-25,215.88,220.10001,212.2,212.42,212.42,107065100
2023-10-26,211.32001,214.8,204.88,205.75999,205.75999,115112600
2023-10-27,210.60001,212.41,205.77,207.3,207.3,94881200
2023-10-30,209.28,210.88,194.67,197.36,197.36,136448200
2023-10-31,196.12,202.8,194.07001,200.84,200.84,118068300
2023-11-01,204.03999,205.99001,197.85001,205.66,205.66,121661700
2023-11-02,212.97,219.2,211.45,218.50999,218.50999,125987600
2023-11-03,221.14999,226.37,218.39999,219.96001,219.96001,119534800
2023-11-06,223.98,226.32001,215,219.27,219.27,117335800
2023-11-07,219.98,223.12,215.72,222.17999,222.17999,116900100
2023-11-08,223.14999,224.14999,217.64,222.11,222.11,106584800
2023-11-09,219.75,220.8,206.67999,209.98,209.98,142110500
2023-11-10,210.03,215.38,205.69,214.64999,214.64999,130994000
2023-11-13,215.60001,225.39999,211.61,223.71001,223.71001,140447600
2023-11-14,235.03,238.14,230.72,237.41,237.41,149771600
2023-11-15,239.28999,246.7,236.45,242.84,242.84,150354000
2023-11-16,239.49001,240.88,230.96001,233.59,233.59,136816800
2023-11-17,232,237.39,226.53999,234.3,234.3,142532800
2023-11-20,234.03999,237.10001,231.02,235.60001,235.60001,116320100
2023-11-21,235.03999,243.62,233.34,241.2,241.2,122288000
2023-11-22,242.03999,244.00999,231.39999,234.21001,234.21001,117950600
2023-11-24,233.75,238.75,232.33,235.45,235.45,65125200
2023-11-27,236.89,238.33,232.10001,236.08,236.08,112031800
2023-11-28,236.67999,247,234.00999,246.72,246.72,148549900
2023-11-29,249.21001,252.75,242.75999,244.14,244.14,135401300
2023-11-30,245.14,245.22,236.91,240.08,240.08,132353200
2023-12-01,233.14,240.19,231.89999,238.83,238.83,121331700
2023-12-04,235.75,239.37,233.28999,235.58,235.58,104099800
2023-12-05,233.87,246.66,233.7,238.72,238.72,137971100
2023-12-06,242.92,246.57001,239.17,239.37,239.37,126436200
2023-12-07,241.55,244.08,236.98,242.64,242.64,107142300
2023-12-08,240.27,245.27,239.27,243.84,243.84,103126800
2023-12-11,242.74001,243.44,237.45,239.74001,239.74001,97913900
2023-12-12,238.55,238.99001,233.87,237.00999,237.00999,95328300
2023-12-13,234.19,240.3,228.2,239.28999,239.28999,146286300
2023-12-14,241.22,253.88,240.78999,251.05,251.05,160829200
2023-12-15,251.21001,254.13,248.3,253.5,253.5,135932800
2023-12-18,253.78,258.73999,251.36,252.08,252.08,116416500
2023-12-19,253.48,258.34,253.00999,257.22,257.22,106737400
2023-12-20,256.41,259.84,247,247.14,247.14,125097000
2023-12-21,251.89999,254.8,248.55,254.5,254.5,109594200
2023-12-22,256.76001,258.22,251.37,252.53999,252.53999,93370100
2023-12-26,254.49001,257.97,252.91,256.60999,256.60999,86892400
2023-12-27,258.35001,263.34,257.51999,261.44,261.44,106494400
2023-12-28,263.66,265.13,252.71001,253.17999,253.17999,113619900
2023-12-29,255.10001,255.19,247.42999,248.48,248.48,100891600
2024-01-02,250.08,251.25,244.41,248.42,248.42,104654200
2024-01-03,244.98,245.67999,236.32001,238.45,238.45,121082600
2024-01-04,239.25,242.7,237.73,237.92999,237.92999,102629300
2024-01-05,236.86,240.12,234.89999,237.49001,237.49001,92488900
2024-01-08,236.14,241.25,235.3,240.45,240.45,85166600
2024-01-09,238.11,238.96001,232.03999,234.96001,234.96001,96705700
2024-01-10,235.10001,235.5,231.28999,233.94,233.94,91628500
2024-01-11,230.57001,230.92999,225.37,227.22,227.22,105873600
2024-01-12,220.08,225.34,217.14999,218.89,218.89,123043800
2024-01-16,215.10001,223.49001,212.17999,219.91,219.91,115355000
2024-01-17,214.86,215.67,212.00999,215.55,215.55,103164400
2024-01-18,216.88,217.45,208.74001,211.88,211.88,108595400
2024-01-19,209.99001,213.19,207.56,212.19,212.19,102260300
2024-01-22,212.25999,217.8,206.27,208.8,208.8,117952500
2024-01-23,211.3,215.64999,207.75,209.14,209.14,106605900
2024-01-24,211.88,212.73,206.77,207.83,207.83,123369900
2024-01-25,189.7,193,180.06,182.63,182.63,198076800
2024-01-26,185.5,186.78,182.10001,183.25,183.25,107343200
2024-01-29,185.63,191.48,183.67,190.92999,190.92999,125013100
2024-01-30,195.33,196.36,190.61,191.59,191.59,109982300
2024-01-31,187,193.97,185.85001,187.28999,187.28999,103221400
2024-02-01,188.5,189.88,184.28,188.86,188.86,91843300
2024-02-02,185.03999,188.69,182,187.91,187.91,110612700
2024-02-05,184.25999,184.67999,175.00999,181.06,181.06,134294400
2024-02-06,177.21001,186.49001,177.11,185.10001,185.10001,122676000
2024-02-07,188.17999,189.78999,182.67999,187.58,187.58,111535200
2024-02-08,189,191.62,185.58,189.56,189.56,83034000
2024-02-09,190.17999,194.12,189.48,193.57001,193.57001,84476300
2024-02-12,192.11,194.73,187.28,188.13,188.13,95498600
2024-02-13,183.99001,187.25999,182.11,184.02,184.02,86759500
2024-02-14,185.3,188.89,183.35001,188.71001,188.71001,81203000
2024-02-15,189.16,200.88,188.86,200.45,200.45,120831800
2024-02-16,202.06,203.17,197.39999,199.95,199.95,111346700
2024-02-20,196.13,198.60001,189.13,193.75999,193.75999,104545800
2024-02-21,193.36,199.44,191.95,194.77,194.77,103500300
2024-02-22,194,198.32001,191.36,197.41,197.41,92739500
2024-02-23,195.31,197.57001,191.5,191.97,191.97,78841900
2024-02-26,192.28999,201.78,192,199.39999,199.39999,111747100
2024-02-27,204.03999,205.60001,198.25999,199.73,199.73,108645400
2024-02-28,200.42,205.3,198.44,202.03999,202.03999,99806200
2024-02-29,204.17999,205.28,198.45,201.88,201.88,85907000
2024-03-01,200.52,204.52,198.5,202.64,202.64,82243100
2024-03-04,198.73,199.75,186.72,188.14,188.14,134334900
2024-03-05,183.05,184.59,177.57001,180.74001,180.74001,119660800
2024-03-06,179.99001,181.58,173.7,176.53999,176.53999,107920900
2024-03-07,174.35001,180.03999,173.7,178.64999,178.64999,102129000
2024-03-08,181.5,182.73,174.7,175.34,175.34,85544600
2024-03-11,175.45,182.87,174.8,177.77,177.77,85391500
2024-03-12,177.77,179.42999,172.41,177.53999,177.53999,87391700
2024-03-13,173.05,176.05,169.14999,169.48,169.48,106524500
2024-03-14,167.77,171.17,160.50999,162.5,162.5,126325700
2024-03-15,163.16,165.17999,160.75999,163.57001,163.57001,97146800
2024-03-18,170.02,174.72,165.89999,173.8,173.8,108214400
2024-03-19,172.36,172.82001,167.42,171.32001,171.32001,77271400
2024-03-20,173,176.25,170.82001,175.66,175.66,83846700
2024-03-21,176.39,178.17999,171.8,172.82001,172.82001,73178000
2024-03-22,166.69,171.2,166.3,170.83,170.83,75580600
2024-03-25,168.75999,175.24001,168.73,172.63,172.63,74228600
2024-03-26,178.58,184.25,177.38,177.67,177.67,113186200
2024-03-27,181.41,181.91,176,179.83,179.83,81804000
2024-03-28,177.45,179.57001,175.3,175.78999,175.78999,77654800
2024-04-01,176.17,176.75,170.21001,175.22,175.22,81562100
2024-04-02,164.75,167.69,163.42999,166.63,166.63,116650600
2024-04-03,164.02,168.82001,163.28,168.38,168.38,82950100
2024-04-04,170.07001,177.19,168.00999,171.11,171.11,123162000
2024-04-05,169.08,170.86,160.50999,164.89999,164.89999,143157600
2024-04-08,169.34,174.5,167.78999,172.98,172.98,104423300
2024-04-09,172.91,179.22,171.92,176.88,176.88,102951700
2024-04-10,173.03999,174.92999,170.00999,171.75999,171.75999,84532400
2024-04-11,172.55,175.88,168.50999,174.60001,174.60001,94516000
2024-04-12,172.34,173.81,170.36,171.05,171.05,64722700
2024-04-15,170.24001,170.69,161.38,161.48,161.48,100245300
2024-04-16,156.74001,158.19,153.75,157.11,157.11,97000000
2024-04-17,157.64,158.33,153.78,155.45,155.45,82439700
2024-04-18,151.25,152.2,148.7,149.92999,149.92999,96098800
2024-04-19,148.97,150.94,146.22,147.05,147.05,87074500
2024-04-22,140.56,144.44,138.8,142.05,142.05,107097600
2024-04-23,143.33,147.25999,141.11,144.67999,144.67999,124545100
2024-04-24,162.84,167.97,157.50999,162.13,162.13,181178000
2024-04-25,158.96001,170.88,158.36,170.17999,170.17999,126427500
2024-04-26,168.85001,172.12,166.37,168.28999,168.28999,109815700
2024-04-29,188.42,198.87,184.53999,194.05,194.05,243869700
2024-04-30,186.98,190.95,182.84,183.28,183.28,127031800
2024-05-01,182,185.86,179.00999,179.99001,179.99001,92829700
2024-05-02,182.86,184.60001,176.02,180.00999,180.00999,89148000
2024-05-03,182.10001,184.78,178.42,181.19,181.19,75491500
2024-05-06,183.8,187.56,182.2,184.75999,184.75999,84390300
2024-05-07,182.39999,183.25999,177.39999,177.81,177.81,75045900
2024-05-08,171.59,176.06,170.14999,174.72,174.72,79969500
2024-05-09,175.00999,175.62,171.37,171.97,171.97,65950300
2024-05-10,173.05,173.06,167.75,168.47,168.47,72627200
2024-05-13,170,175.39999,169,171.89,171.89,67018900
2024-05-14,174.5,179.49001,174.07001,177.55,177.55,86407400
2024-05-15,179.89999,180,173.11,173.99001,173.99001,79663000
2024-05-16,174.10001,175.78999,171.42999,174.84,174.84,59812200
2024-05-17,173.55,179.63,172.75,177.46001,177.46001,77445800
2024-05-20,177.56,177.75,173.52,174.95,174.95,61727400
2024-05-21,175.50999,186.88,174.71001,186.60001,186.60001,115266500
2024-05-22,182.85001,183.8,178.12,180.11,180.11,88313500
2024-05-23,181.8,181.89999,173.25999,173.74001,173.74001,71975500
2024-05-24,174.84,180.08,173.73,179.24001,179.24001,65584500
2024-05-28,176.39999,178.25,173.16,176.75,176.75,59736600
2024-05-29,174.19,178.14999,173.92999,176.19,176.19,54782600
2024-05-30,178.58,182.67,175.38,178.78999,178.78999,77618400
2024-05-31,178.5,180.32001,173.82001,178.08,178.08,67314600
2024-06-03,178.13,182.64,174.49001,176.28999,176.28999,68568900
2024-06-04,174.78,177.75999,174,174.77,174.77,60056300
2024-06-05,175.35001,176.14999,172.13,175,175,57953800
2024-06-06,174.60001,179.73,172.73,177.94,177.94,69887000
2024-06-07,176.13,179.35001,175.58,177.48,177.48,56244900
2024-06-10,176.06,178.57001,173.17,173.78999,173.78999,50774600
2024-06-11,173.92,174.75,167.41,170.66,170.66,64761900
2024-06-12,171.12,180.55,169.8,177.28999,177.28999,90389400
2024-06-13,188.39,191.08,181.23,182.47,182.47,118984100
2024-06-14,185.8,186,176.92,178.00999,178.00999,82038200
2024-06-17,177.92,188.81,177,187.44,187.44,109786100
2024-06-18,186.56,187.2,182.37,184.86,184.86,68982300
2024-06-20,184.67999,185.21001,179.66,181.57001,181.57001,55893100
2024-06-21,182.3,183.95,180.69,183.00999,183.00999,61937300
2024-06-24,184.97,188.8,182.55,182.58,182.58,61992100
2024-06-25,184.39999,187.97,182.00999,187.35001,187.35001,62905700
2024-06-26,186.53999,197.75999,186.36,196.37,196.37,95737100
2024-06-27,195.17,198.72,194.05,197.42,197.42,72746500
2024-06-28,199.55,203.2,195.25999,197.88,197.88,95438100
2024-07-01,201.02,213.23,200.85001,209.86,209.86,135691400
2024-07-02,218.89,231.3,218.06,231.25999,231.25999,205047900
2024-07-03,234.56,248.35001,234.25,246.39,246.39,166561500
2024-07-05,249.81,252.37,242.46001,251.52,251.52,154501200
2024-07-08,247.71001,259.44,244.57001,252.94,252.94,157219600
2024-07-09,251,265.60999,250.3,262.32999,262.32999,160210900
2024-07-10,262.79999,267.59,257.85999,263.26001,263.26001,128519400
2024-07-11,263.29999,271,239.64999,241.03,241.03,221707300
2024-07-12,235.8,251.84,233.09,248.23,248.23,155955800
2024-07-15,255.97,265.60001,251.73,252.64,252.64,146912900
2024-07-16,255.31,258.62,245.8,256.56,256.56,126332500
2024-07-17,252.73,258.47,246.17999,248.5,248.5,115584800
2024-07-18,251.09,257.14001,247.2,249.23,249.23,110869000
2024-07-19,247.78999,249.44,236.83,239.2,239.2,87403900
2024-07-22,244.21001,253.21001,243.75,251.50999,251.50999,101225400
2024-07-23,253.60001,255.75999,245.63,246.38,246.38,111928200
2024-07-24,225.42,225.99001,214.71001,215.99001,215.99001,167942900
2024-07-25,216.8,226,216.23,220.25,220.25,100636500
2024-07-26,221.19,222.28,215.33,219.8,219.8,94604100
2024-07-29,224.89999,234.27,224.7,232.10001,232.10001,129201800
2024-07-30,232.25,232.41,220,222.62,222.62,100560300
2024-07-31,227.89999,234.67999,226.78999,232.07001,232.07001,67497000
2024-08-01,227.69,231.87,214.33,216.86,216.86,83861900
2024-08-02,214.88,216.13,205.78,207.67,207.67,82880100
2024-08-05,185.22,203.88,182,198.88,198.88,100308800
2024-08-06,200.75,202.89999,192.67,200.64,200.64,73783900
2024-08-07,200.77,203.49001,191.48,191.75999,191.75999,71159800
2024-08-08,195.7,200.7,192.03999,198.84,198.84,65033900
2024-08-09,197.05,200.88,195.11,200,200,58648300
2024-08-12,199.02,199.25999,194.67,197.49001,197.49001,64044900
2024-08-13,198.47,208.49001,197.06,207.83,207.83,76247400
2024-08-14,207.39,208.44,198.75,201.38,201.38,70250000
2024-08-15,205.02,215.88,204.82001,214.14,214.14,89848500
2024-08-16,211.14999,219.8,210.8,216.12,216.12,88765100
2024-08-19,217.07001,222.98,214.09,222.72,222.72,76435200
2024-08-20,224.88,228.22,219.56,221.10001,221.10001,74001200
2024-08-21,222.67,224.66,218.86,223.27,223.27,70146000
2024-08-22,223.82001,224.8,210.32001,210.66,210.66,79514500
2024-08-23,214.46001,221.48,214.21001,220.32001,220.32001,81525200
2024-08-26,218.75,219.09,211.00999,213.21001,213.21001,59301200
2024-08-27,213.25,215.66,206.94,209.21001,209.21001,62821400
2024-08-28,209.72,211.84,202.59,205.75,205.75,64116400
2024-08-29,209.8,214.89,205.97,206.28,206.28,62308800
2024-08-30,208.63,214.57001,207.03,214.11,214.11,63370600
2024-09-03,215.25999,219.89999,209.64,210.60001,210.60001,76714200
2024-09-04,210.59,222.22,210.57001,219.41,219.41,80651800
2024-09-05,223.49001,235,222.25,230.17,230.17,119355000
2024-09-06,232.60001,233.60001,210.50999,210.73,210.73,112177000
2024-09-09,216.2,219.87,213.67,216.27,216.27,67443500
2024-09-10,220.07001,226.39999,218.64,226.17,226.17,78891100
2024-09-11,224.55,228.47,216.8,228.13,228.13,83548600
2024-09-12,224.66,231.45,223.83,229.81,229.81,71894900
2024-09-13,228,232.67,226.32001,230.28999,230.28999,59515100
2024-09-16,229.3,229.96001,223.53,226.78,226.78,54323000
2024-09-17,229.45,234.57001,226.55,227.87,227.87,66761600
2024-09-18,230.09,235.67999,226.88,227.2,227.2,78010200
2024-09-19,234,244.24001,232.13,243.92,243.92,102694600
2024-09-20,241.52,243.99001,235.92,238.25,238.25,99879100
2024-09-23,242.61,250,241.92,250,250,86927200
2024-09-24,254.08,257.19,249.05,254.27,254.27,88491000
2024-09-25,252.53999,257.04999,252.28,257.01999,257.01999,65034300
2024-09-26,260.60001,261.75,251.53,254.22,254.22,67142200
2024-09-27,257.38,260.70001,254.12,260.45999,260.45999,70988100
2024-09-30,259.04001,264.85999,255.77,261.63,261.63,80705700
2024-10-01,262.67001,263.98001,248.53,258.01999,258.01999,87397600
2024-10-02,247.55,251.16,241.5,249.02,249.02,93983900
2024-10-03,244.48,249.78999,237.81,240.66,240.66,80729200
2024-10-04,246.69,250.96001,244.58,250.08,250.08,86573200
2024-10-07,249,249.83,240.7,240.83,240.83,68113300
2024-10-08,243.56,246.21001,240.56,244.5,244.5,56303200
2024-10-09,243.82001,247.42999,239.50999,241.05,241.05,66289500
2024-10-10,241.81,242.78999,232.34,238.77,238.77,83087100
2024-10-11,220.13,223.34,214.38,217.8,217.8,142628900
2024-10-14,220.13,221.91,213.74001,219.16,219.16,86291900
2024-10-15,220.00999,224.25999,217.12,219.57001,219.57001,62988800
2024-10-16,221.39999,222.82001,218.92999,221.33,221.33,49632800
2024-10-17,221.59,222.08,217.89999,220.89,220.89,50791800
2024-10-18,220.71001,222.28,219.23,220.7,220.7,49611900
2024-10-21,218.89999,220.48,215.73,218.85001,218.85001,47329000
2024-10-22,217.31,218.22,215.25999,217.97,217.97,43268700
2024-10-23,217.13,218.72,212.11,213.64999,213.64999,80938900
2024-10-24,244.67999,262.12,242.64999,260.48001,260.48001,204491900
2024-10-25,256.01001,269.48999,255.32001,269.19,269.19,161611900
2024-10-28,270,273.54001,262.23999,262.51001,262.51001,107653600
2024-10-29,264.51001,264.98001,255.50999,259.51999,259.51999,80521800
2024-10-30,258.04001,263.35001,255.82001,257.54999,257.54999,53993600
2024-10-31,257.98999,259.75,249.25,249.85001,249.85001,66575300
2024-11-01,252.03999,254,246.63,248.98,248.98,57544800
2024-11-04,244.56,248.89999,238.88,242.84,242.84,68802400
2024-11-05,247.34,255.28,246.21001,251.44,251.44,69282500
2024-11-06,284.67001,289.59,275.62,288.53,288.53,165228700
2024-11-07,288.89001,299.75,285.51999,296.91,296.91,117309200
2024-11-08,299.14001,328.70999,297.66,321.22,321.22,204782800
2024-11-11,346.29999,358.64001,336,350,350,210521600
2024-11-12,342.73999,345.84,323.31,328.48999,328.48999,155726000
2024-11-13,335.85001,344.60001,322.5,330.23999,330.23999,125405600
2024-11-14,327.69,329.98001,310.37,311.17999,311.17999,120726100
2024-11-15,310.57001,324.67999,309.22,320.72,320.72,114440300
2024-11-18,340.73001,348.54999,330.01001,338.73999,338.73999,126085600
2024-11-19,335.76001,347.38,332.75,346,346,88852500
2024-11-20,345,346.60001,334.29999,342.03,342.03,66340700
2024-11-21,343.81,347.98999,335.28,339.64001,339.64001,58011700
2024-11-22,341.09,361.53,337.70001,352.56,352.56,89140700
2024-11-25,360.14001,361.92999,338.20001,338.59,338.59,95890900
2024-11-26,341,346.95999,335.66,338.23001,338.23001,62295900
2024-11-27,341.79999,342.54999,326.59,332.89001,332.89001,57896400
2024-11-29,336.07999,345.45001,334.64999,345.16,345.16,37167600
2024-12-02,352.38,360,351.14999,357.09,357.09,77986500
2024-12-03,351.79999,355.69,348.20001,351.42001,351.42001,58267200
2024-12-04,353,358.10001,348.60001,357.92999,357.92999,50810900
2024-12-05,359.87,375.42999,359.5,369.48999,369.48999,81403600
2024-12-06,377.42001,389.48999,370.79999,389.22,389.22,81455800
2024-12-09,397.60999,404.79999,378.01001,389.79001,389.79001,96359200
2024-12-10,392.67999,409.73001,390.85001,400.98999,400.98999,97563600
2024-12-11,409.70001,424.88,402.38,424.76999,424.76999,104287600
2024-12-12,424.84,429.29999,415,418.10001,418.10001,87752200
2024-12-13,420,436.29999,415.70999,436.23001,436.23001,89000200
2024-12-16,441.09,463.19,436.14999,463.01999,463.01999,114083800
2024-12-17,475.89999,483.98999,457.51001,479.85999,479.85999,131223000
2024-12-18,466.5,488.54001,427.01001,440.13,440.13,149340800
2024-12-19,451.88,456.35999,420.01999,436.17001,436.17001,118566100
2024-12-20,425.51001,447.07999,417.64001,421.06,421.06,132216200
2024-12-23,431,434.51001,415.41,430.60001,430.60001,72698100
2024-12-24,435.89999,462.78,435.14001,462.28,462.28,59551800
2024-12-26,465.16,465.32999,451.01999,454.13,454.13,76366400
2024-12-27,449.51999,450,426.5,431.66,431.66,82666800
2024-12-30,419.39999,427,415.75,417.41,417.41,64941000
2024-12-31,423.79001,427.92999,402.54001,403.84,403.84,76825100
2025-01-02,390.10001,392.73001,373.04001,379.28,379.28,109710700
2025-01-03,381.48001,411.88,379.45001,410.44,410.44,95423300
2025-01-06,423.20001,426.42999,401.70001,411.04999,411.04999,85516500
2025-01-07,405.82999,414.32999,390,394.35999,394.35999,75699500
2025-01-08,392.95001,402.5,387.39999,394.94,394.94,73038800
2025-01-10,391.39999,399.28,377.29001,394.73999,394.73999,62287300
2025-01-13,383.20999,403.79001,380.07001,403.31,403.31,67580500
2025-01-14,414.34,422.64001,394.54001,396.35999,396.35999,84565000
2025-01-15,409.89999,429.79999,405.66,428.22,428.22,81375500
2025-01-16,423.48999,424,409.13,413.82001,413.82001,68335200
2025-01-17,421.5,439.73999,419.75,426.5,426.5,94991400
2025-01-21,432.64001,433.20001,406.31,424.07001,424.07001,87320900
2025-01-22,416.81,428,414.59,415.10999,415.10999,60963300
2025-01-23,416.06,420.73001,408.95001,412.38,412.38,50690600
2025-01-24,414.45001,418.88,405.78,406.57999,406.57999,56427100
2025-01-27,394.79999,406.69,389,397.14999,397.14999,58125500
2025-01-28,396.91,400.59,386.5,398.09,398.09,48910700
2025-01-29,395.20999,398.59,384.48001,389.10001,389.10001,68033600
2025-01-30,410.78,412.5,384.41,400.28,400.28,98092900
2025-01-31,401.53,419.98999,401.34,404.60001,404.60001,83283600
2025-02-03,386.67999,389.17001,374.35999,383.67999,383.67999,93732100
2025-02-04,382.63,394,381.39999,392.20999,392.20999,57072200
2025-02-05,387.51001,388.39001,375.53,378.17001,378.17001,57223300
2025-02-06,373.03,375.39999,363.17999,374.32001,374.32001,77918200
2025-02-07,370.19,380.54999,360.34,361.62,361.62,70298300
2025-02-10,356.20999,362.70001,350.51001,350.73001,350.73001,77514900
2025-02-11,345.79999,349.37,325.10001,328.5,328.5,118543400
2025-02-12,329.94,346.39999,329.12,336.51001,336.51001,105382700
2025-02-13,345,358.69,342.85001,355.94,355.94,89441500
2025-02-14,360.62,362,347.5,355.84,355.84,68277300
2025-02-18,355.01001,359.10001,350.01999,354.10999,354.10999,51631700
2025-02-19,354,367.34,353.67001,360.56,360.56,67094400
2025-02-20,361.51001,362.29999,348,354.39999,354.39999,45965400
2025-02-21,353.44,354.98001,334.42001,337.79999,337.79999,74058600
2025-02-24,338.14001,342.39999,324.70001,330.53,330.53,76052300
2025-02-25,327.01999,328.89001,297.25,302.79999,302.79999,134228800
2025-02-26,303.70999,309,288.04001,290.79999,290.79999,100118300
2025-02-27,291.16,297.23001,280.88,281.95001,281.95001,101748200
2025-02-28,279.5,293.88,273.60001,292.98001,292.98001,115697000
2025-03-03,300.34,303.94,277.29999,284.64999,284.64999,115551400
2025-03-04,270.92999,284.35001,261.84,272.04001,272.04001,126706600
2025-03-05,272.92001,279.54999,267.70999,279.10001,279.10001,94042900
2025-03-06,272.06,272.64999,260.01999,263.45001,263.45001,98451600
2025-03-07,259.32001,266.25,250.73,262.67001,262.67001,102369600
2025-03-10,252.53999,253.37,220,222.14999,222.14999,189076900
2025-03-11,225.31,237.06,217.02,230.58,230.58,174896400
2025-03-12,247.22,251.84,241.10001,248.09,248.09,142215700
2025-03-13,248.13,248.28999,232.60001,240.67999,240.67999,114813500
2025-03-14,247.31,251.58,240.73,249.98,249.98,100242300
2025-03-17,245.06,245.39999,232.8,238.00999,238.00999,111900600
2025-03-18,228.16,230.10001,222.28,225.31,225.31,111477600
2025-03-19,231.61,241.41,229.2,235.86,235.86,111993800
2025-03-20,233.35001,238,230.05,236.25999,236.25999,99028300
2025-03-21,234.99001,249.52,234.55,248.71001,248.71001,132728700
2025-03-24,258.07999,278.64001,256.32999,278.39001,278.39001,169079900
2025-03-25,283.60001,288.20001,271.28,288.14001,288.14001,150361500
2025-03-26,282.66,284.89999,266.51001,272.06,272.06,153629800
2025-03-27,272.48001,291.85001,271.82001,273.13,273.13,162572100
2025-03-28,275.57999,276.10001,260.57001,263.54999,263.54999,123809400
2025-03-31,249.31,260.56,243.36,259.16,259.16,134008900
2025-04-01,263.79999,277.45001,259.25,268.45999,268.45999,146486900
2025-04-02,254.60001,284.98999,251.27,282.76001,282.76001,212787800
2025-04-03,265.29001,276.29999,261.51001,267.28,267.28,136174300
2025-04-04,255.38,261,236,239.42999,239.42999,181229400
2025-04-07,223.78,252,214.25,233.28999,233.28999,183453800
2025-04-08,245,250.44,217.8,221.86,221.86,171603500
2025-04-09,224.69,274.69,223.88,272.20001,272.20001,219433400
2025-04-10,260,262.48999,239.33,252.39999,252.39999,181722600
2025-04-11,251.84,257.73999,241.36,252.31,252.31,128948100
2025-04-14,258.35999,261.79999,245.92999,252.35001,252.35001,100135200
2025-04-15,249.91,258.75,247.53999,254.11,254.11,79594300
2025-04-16,247.61,251.97,233.89,241.55,241.55,112378700
2025-04-17,243.47,244.34,237.67999,241.37,241.37,83404800
2025-04-21,230.25999,232.21001,222.78999,227.5,227.5,97768000
2025-04-22,230.96001,242.78999,229.85001,237.97,237.97,120858500
2025-04-23,254.86,259.45001,244.42999,250.74001,250.74001,150381900
2025-04-24,250.5,259.54001,249.2,259.51001,259.51001,94464200
2025-04-25,261.69,286.85001,259.63,284.95001,284.95001,167560700
2025-04-28,288.98001,294.85999,272.42001,285.88,285.88,151731800
2025-04-29,285.5,293.32001,279.47,292.03,292.03,108906600
2025-04-30,279.89999,284.45001,270.78,282.16,282.16,128961100
2025-05-01,280.01001,290.87,279.81,280.51999,280.51999,99659000
2025-05-02,284.89999,294.78,279.81,287.20999,287.20999,114454700
2025-05-05,284.57001,284.85001,274.39999,280.26001,280.26001,94618900
2025-05-06,273.10999,277.73001,271.35001,275.35001,275.35001,76715800
2025-05-07,276.88,277.92001,271,276.22,276.22,71592600
2025-05-08,279.63,289.79999,279.41,284.82001,284.82001,97539400
2025-05-09,290.20999,307.04001,290,298.26001,298.26001,132387800
2025-05-12,321.98999,322.20999,311.5,318.38,318.38,112826700
2025-05-13,320,337.59,316.79999,334.07001,334.07001,136992600
2025-05-14,342.5,350,337,347.67999,347.67999,136997300
2025-05-15,340.34,346.14001,334.72,342.82001,342.82001,97882600
2025-05-16,346.23999,351.62,342.32999,349.98001,349.98001,95895700
2025-05-19,336.29999,343,333.37,342.09,342.09,88869900
2025-05-20,347.87,354.98999,341.63,343.82001,343.82001,131715500
2025-05-21,344.42999,347.35001,332.20001,334.62,334.62,102354800
2025-05-22,331.89999,347.26999,331.39001,341.04001,341.04001,97113400
2025-05-23,337.92001,343.17999,333.20999,339.34,339.34,84654800
2025-05-27,347.35001,363.79001,347.32001,362.89001,362.89001,120146400
2025-05-28,364.84,365,355.91,356.89999,356.89999,91404300
2025-05-29,365.29001,367.70999,356,358.42999,358.42999,88087800
2025-05-30,355.51999,363.67999,345.29001,346.45999,346.45999,123474900
2025-06-02,343.5,348.01999,333.32999,342.69,342.69,81873800
2025-06-03,346.60001,355.39999,343.04001,344.26999,344.26999,99324500
2025-06-04,345.10001,345.60001,327.32999,332.04999,332.04999,98912100
2025-06-05,322.48999,324.54999,273.20999,284.70001,284.70001,287499800
2025-06-06,298.82999,305.5,291.14001,295.14001,295.14001,164747700
2025-06-09,285.95999,309.82999,281.85001,308.57999,308.57999,140908900
2025-06-10,314.94,327.82999,310.67001,326.09,326.09,151256500
2025-06-11,334.39999,335.5,322.5,326.42999,326.42999,122611400
2025-06-12,323.07999,332.56,316.85999,319.10999,319.10999,105127500
2025-06-13,313.97,332.98999,313.29999,325.31,325.31,128964300
2025-06-16,331.29001,332.04999,326.41,329.13,329.13,83925900
2025-06-17,326.09,327.26001,314.73999,316.35001,316.35001,88282700
2025-06-18,317.31,329.32001,315.45001,322.04999,322.04999,95137700
2025-06-20,327.95001,332.35999,317.78,322.16,322.16,108688000
2025-06-23,327.54001,357.54001,327.48001,348.67999,348.67999,190716800
2025-06-24,356.17001,356.26001,340.44,340.47,340.47,114736200
2025-06-25,342.70001,343,320.39999,327.54999,327.54999,119845100
2025-06-26,324.60999,331.04999,323.60999,325.78,325.78,80440900
2025-06-27,324.51001,329.34,317.5,323.63,323.63,89067000
2025-06-30,319.89999,325.57999,316.60001,317.66,317.66,76695100
2025-07-01,298.45999,305.89001,293.20999,300.70999,300.70999,145085700
2025-07-02,312.63,316.82999,303.82001,315.64999,315.64999,119483700
2025-07-03,317.98999,318.45001,312.76001,315.35001,315.35001,58042300
2025-07-07,291.37,296.14999,288.76999,293.94,293.94,131177900
2025-07-08,297,304.04999,294.35001,297.81,297.81,103246700
2025-07-09,297.54999,300.14999,293.54999,295.88,295.88,75586800
2025-07-10,300.04999,310.48001,300,309.87,309.87,104365300
2025-07-11,307.89001,314.09,305.64999,313.51001,313.51001,79236400
2025-07-14,317.73001,322.60001,312.67001,316.89999,316.89999,78043400
2025-07-15,319.67999,321.20001,310.5,310.78,310.78,77556300
2025-07-16,312.79999,323.5,312.62,321.67001,321.67001,97284800
2025-07-17,323.14999,324.34,317.06,319.41,319.41,73922900
2025-07-18,321.66,330.89999,321.42001,329.64999,329.64999,94255000
2025-07-21,334.39999,338,326.88,328.48999,328.48999,75768800
2025-07-22,329.73999,335.41,321.54999,332.10999,332.10999,77370400
2025-07-23,330.89999,336.20001,328.67001,332.56,332.56,92553800
2025-07-24,310,310.14999,300.41,305.29999,305.29999,156966000
2025-07-25,308.73999,323.63,308.01001,316.06,316.06,148227000
2025-07-28,318.45001,330.48999,315.69,325.59,325.59,112673800
2025-07-29,325.54999,326.25,318.25,321.20001,321.20001,87358900
2025-07-30,322.17999,324.45001,311.62,319.04001,319.04001,83931900
2025-07-31,319.60999,321.37,306.10001,308.26999,308.26999,85270900
2025-08-01,306.20999,309.31,297.82001,302.63,302.63,89121400
2025-08-04,309.07999,312.12,303,309.26001,309.26001,78683900
2025-08-05,308.95001,312.45001,305.5,308.72,308.72,57961300
2025-08-06,307.89001,320.47,306.92999,319.91,319.91,78523600
2025-08-07,319.79001,322.39999,316.16,322.26999,322.26999,66658700
2025-08-08,321.42999,335.14999,320.98001,329.64999,329.64999,91200300
2025-08-11,335,346.64001,334.14999,339.03,339.03,105320200
2025-08-12,345,345.26001,332.94,340.84,340.84,80522100
2025-08-13,341.5,348.98001,338.20001,339.38,339.38,67838900
2025-08-14,335.76001,340.47,330.39999,335.57999,335.57999,75000700
2025-08-15,337.66,339.29999,327.01999,330.56,330.56,74319800
2025-08-18,329.62,336.26999,329.59,335.16,335.16,56956600
2025-08-19,335.79001,340.54999,327.85001,329.31,329.31,75956000
2025-08-20,329.22,331.37,314.60001,323.89999,323.89999,77481800
2025-08-21,322.07999,324.89999,318.67999,320.10999,320.10999,55744400
2025-08-22,321.66,340.25,319.69,340.01001,340.01001,94016300
2025-08-25,338.89999,349.53,335.03,346.60001,346.60001,86670000
2025-08-26,344.92999,351.89999,343.72,351.67001,351.67001,76651600
2025-08-27,351.94,355.39001,349.16,349.60001,349.60001,65519000
2025-08-28,350.91,353.54999,340.26001,345.98001,345.98001,67903200
2025-08-29,347.23001,348.75,331.70001,333.87,333.87,81145700
2025-09-02,328.23001,333.32999,325.60001,329.35999,329.35999,58392000
2025-09-03,335.20001,343.32999,328.51001,334.09,334.09,88733300
2025-09-04,336.14999,338.89001,331.48001,338.53,338.53,60711000
2025-09-05,348,355.87,344.67999,350.84,350.84,108989800
2025-09-08,354.64001,358.44,344.84,346.39999,346.39999,75208300
2025-09-09,348.44,350.76999,343.82001,346.97,346.97,53816000
2025-09-10,350.54999,356.32999,346.07001,347.79001,347.79001,72121700
2025-09-11,350.17001,368.98999,347.60001,368.81,368.81,103756000
2025-09-12,370.94,396.69,370.23999,395.94,395.94,168156400
2025-09-15,423.13,425.70001,402.42999,410.04001,410.04001,163823700
2025-09-16,414.5,423.25,411.42999,421.62,421.62,104285700
2025-09-17,415.75,428.31,409.67001,425.85999,425.85999,106133500
2025-09-18,428.87,432.22,416.56,416.85001,416.85001,90454500
2025-09-19,421.82001,429.47,421.72,426.07001,426.07001,93131000
2025-09-22,431.10999,444.98001,429.13,434.20999,434.20999,97108800
2025-09-23,439.88,440.97,423.72,425.85001,425.85001,83422700
2025-09-24,429.82999,444.20999,429.03,442.79001,442.79001,93133600
2025-09-25,435.23999,435.35001,419.07999,423.39001,423.39001,96746400
2025-09-26,428.29999,440.47,421.01999,440.39999,440.39999,101628200
2025-09-29,444.35001,450.98001,439.5,443.20999,443.20999,79491500
2025-09-30,441.51999,445,433.12,444.72,444.72,74358000
2025-10-01,443.79999,462.29001,440.75,459.45999,459.45999,98122300
2025-10-02,470.54001,470.75,435.57001,436,436,137009000
2025-10-03,443.29001,446.76999,416.57999,429.82999,429.82999,133188200
2025-10-06,440.75,453.54999,436.69,453.25,453.25,85324900
2025-10-07,447.82001,452.67999,432.45001,433.09,433.09,102296100
2025-10-08,437.57001,441.32999,425.23001,438.69,438.69,71192100
2025-10-09,431.81,436.35001,426.17999,435.54001,435.54001,69339900
2025-10-10,436.54001,443.13,411.45001,413.48999,413.48999,112107900
2025-10-13,423.53,436.89001,419.70001,435.89999,435.89999,79552800
2025-10-14,426.79001,434.20001,417.85999,429.23999,429.23999,72669400
2025-10-15,434.89999,440.51001,426.32999,435.14999,435.14999,71558200
2025-10-16,434.73001,439.35001,421.31,428.75,428.75,77189900
2025-10-17,425.5,441.45999,423.60001,439.31,439.31,89331600
2025-10-20,443.87,449.79999,440.60999,447.42999,447.42999,63719000
2025-10-21,445.76001,449.29999,442.04999,442.60001,442.60001,54412200
2025-10-22,443.45001,445.54001,429,438.97,438.97,84023500
2025-10-23,420,449.39999,413.89999,448.98001,448.98001,126709800
2025-10-24,446.82999,451.67999,430.17001,433.72,433.72,94727800
2025-10-27,439.98001,460.16,438.69,452.42001,452.42001,105867500
2025-10-28,454.78,467,451.60001,460.54999,460.54999,80185700
2025-10-29,462.5,465.70001,452.64999,461.51001,461.51001,67983500
2025-10-30,451.04999,455.06,439.60999,440.10001,440.10001,72447900
2025-10-31,446.75,458,443.69,456.56,456.56,83135800
2025-11-03,455.98999,474.07001,453.79999,468.37,468.37,84595200
2025-11-04,454.45999,460.22,443.60001,444.26001,444.26001,87756600
2025-11-05,452.04999,466.32999,440.70999,462.07001,462.07001,85573000
2025-11-06,461.95999,467.45001,435.09,445.91,445.91,109622900
2025-11-07,437.92001,439.35999,421.88,429.51999,429.51999,103471500
2025-11-10,439.60001,449.67001,433.35999,445.23001,445.23001,76515900
2025-11-11,439.39999,442.48999,432.35999,439.62,439.62,60533200
2025-11-12,442.14999,442.32999,426.56,430.60001,430.60001,58513500
2025-11-13,423.13,424.5,396.34,401.98999,401.98999,118948000
2025-11-14,386.29999,412.19,382.78,404.35001,404.35001,105506700
2025-11-17,398.73999,423.95999,398.73999,408.92001,408.92001,102214300
2025-11-18,405.38,408.89999,393.70999,401.25,401.25,80688600
2025-11-19,406.17999,411.78,398.5,403.98999,403.98999,72047700
2025-11-20,414.63,428.94,394.73999,395.23001,395.23001,113548800
2025-11-21,402.32001,402.79999,383.76001,391.09,391.09,100460600
2025-11-24,402.17001,421.72,401.09,417.78,417.78,96806400
2025-11-25,414.42001,420.48001,405.95001,419.39999,419.39999,71915600
2025-11-26,423.95001,426.94,416.89001,426.57999,426.57999,63463000
2025-11-28,426.59,432.92999,426.20001,430.17001,430.17001,36252900
2025-12-01,425.32001,433.66,425.29001,430.14001,430.14001,57463600
2025-12-02,430.81,436.79999,422.12,429.23999,429.23999,69336600
2025-12-03,432.10001,447.92001,431.10999,446.73999,446.73999,87483000
2025-12-04,449.94,454.63,445.39001,454.53,454.53,71906500
2025-12-05,453.03,458.87,451.66,455,455,56427500
2025-12-08,447.45001,449.75,435.25,439.57999,439.57999,69165800
2025-12-09,437.54001,452.39001,435.70001,445.17001,445.17001,62367400
2025-12-10,446.07001,456.88,443.60999,451.45001,451.45001,63257500
2025-12-11,448.95001,449.26999,440.32999,446.89001,446.89001,55979500
2025-12-12,448.09,463.01001,441.67001,458.95999,458.95999,95656700
2025-12-15,469.44,481.76999,467.66,475.31,475.31,114542200
2025-12-16,472.20999,491.5,465.82999,489.88,489.88,107608100
2025-12-17,488.22,495.28,466.20001,467.26001,467.26001,106490400
2025-12-18,478.16,490.85999,473.12,483.37,483.37,95168400
2025-12-19,488.12,490.48999,474.72,481.20001,481.20001,103305400
2025-12-22,489.88,498.82999,485.32999,488.73001,488.73001,86916100
2025-12-23,489.39999,491.97,482.84,485.56,485.56,58223600
2025-12-24,488.48001,490.89999,476.79999,485.39999,485.39999,41285400
2025-12-26,485.23001,489.09,473.82001,475.19,475.19,58780700
2025-12-29,469,469.39999,459,459.64001,459.64001,66263000
2025-12-30,461.09,463.12,453.82999,454.42999,454.42999,59238500
2025-12-31,456.10001,456.54999,449.29999,449.72,449.72,49078000
2026-01-02,457.79999,458.34,435.29999,438.07001,438.07001,85535400
2026-01-05,447.98999,457.54999,444.57001,451.67001,451.67001,67940800
2026-01-06,446.38,448.25,428.78,432.95999,432.95999,89093800
2026-01-07,435.89999,438.37,431.29001,431.41,431.41,59828800
2026-01-08,427.89001,436.89001,424.37,435.79999,435.79999,57041100
2026-01-09,435.95001,449.04999,430.39001,445.01001,445.01001,67331500
2026-01-12,441.23001,454.29999,438,448.95999,448.95999,61649600
2026-01-13,450.20001,451.81,443.95001,447.20001,447.20001,53719200
2026-01-14,442.81,443.91,434.22,439.20001,439.20001,57259500
2026-01-15,441.13,445.35999,437.64999,438.57001,438.57001,49465800
2026-01-16,439.5,447.25,435.26001,437.5,437.5,60220600
2026-01-20,429.35999,430.73001,417.44,419.25,419.25,63187300
2026-01-21,421.66,438.20001,419.62,431.44,431.44,68124000
2026-01-22,435.16,449.5,432.63,449.35999,449.35999,71546700
2026-01-23,447.42999,452.42999,444.04001,449.06,449.06,56771400
2026-01-26,445,445.04001,434.28,435.20001,435.20001,49397400
2026-01-27,437.41,437.51999,430.69,430.89999,430.89999,37733100
2026-01-28,431.91,438.26001,430.10001,431.45999,431.45999,54857400
2026-01-29,437.79999,440.23001,414.62,416.56,416.56,81686100
2026-01-30,425.35001,439.88,422.70001,430.41,430.41,82626100
2026-02-02,421.29001,427.14999,414.5,421.81,421.81,58739500
2026-02-03,424.26999,428.56,413.69,421.95999,421.95999,56886500
2026-02-04,420.45999,423.89999,399.17999,406.01001,406.01001,74606900
2026-02-05,397.01999,402.10001,387.53,397.20999,397.20999,72819800
2026-02-06,400.87,414.54999,397.75,411.10999,411.10999,62677100
2026-02-09,409.91,421.25,407.29001,417.32001,417.32001,54484300
2026-02-10,418.07999,427.25,417,425.20999,425.20999,64450200
2026-02-11,427.95999,436.35001,420.03,428.26999,428.26999,57362000
2026-02-12,430.29999,436.23001,414,417.07001,417.07001,61933400
2026-02-13,414.31,424.06,410.88,417.44,417.44,51434100
2026-02-17,412.35999,413.72,400.51001,410.63,410.63,59678800
2026-02-18,411.10999,416.89999,409.57999,411.32001,411.32001,45921400
2026-02-19,407.25,415.25,404.10999,411.70999,411.70999,51019600
2026-02-20,408.29999,414.70001,405.5,411.82001,411.82001,57912200
2026-02-23,407.29001,407.70001,394.04001,399.82999,399.82999,69680000
2026-02-24,399.5,410.82001,397.64001,409.38,409.38,58579500
2026-02-25,412.14999,420.34,412.14999,417.39999,417.39999,54809700
2026-02-26,414.42001,416.81,403.66,408.57999,408.57999,53602500
2026-02-27,402.94,407.12,398.10999,402.51001,402.51001,56890100
2026-03-02,390.60001,404.54001,388.25,403.32001,403.32001,55088300
2026-03-03,395.09,396.34,385.39001,392.42999,392.42999,62617300
2026-03-04,397.85001,408.32999,394.57999,405.94,405.94,68305500
2026-03-05,401.57001,408.62,399.42001,405.54999,405.54999,51925900
2026-03-06,398.09,402.35001,394.20999,396.73001,396.73001,64054600
2026-03-09,390.04999,401.59,381.39999,398.67999,398.67999,67018900
2026-03-10,402.22,406.59,398.19,399.23999,399.23999,59258700
2026-03-11,402.28,416.38,402.14999,407.82001,407.82001,62559900
2026-03-12,405.17999,406.5,394.64999,395.01001,395.01001,60973800
2026-03-13,399.17001,400.20001,389.95001,391.20001,391.20001,58504100
2026-03-16,396.22,403.73001,394.42001,395.56,395.56,58068300
2026-03-17,395.69,400.12,393,399.26999,399.26999,46890500
2026-03-18,399,403.07001,392.31,392.78,392.78,50853100
2026-03-19,387.26999,387.26999,378.73001,380.29999,380.29999,67078300
2026-03-20,379.85001,379.89001,364.45999,367.95999,367.95999,78628600
2026-03-23,373.09,385.32999,372.73001,380.85001,380.85001,74606000
2026-03-24,376.56,387.48001,376.31,383.03,383.03,60004900
2026-03-25,389.98999,396.23001,385.01001,385.95001,385.95001,55157300
2026-03-26,381.60001,384.44,371.87,372.10999,372.10999,55522900
2026-03-27,369.69,369.85999,359.47,361.82999,361.82999,62065700
2026-03-30,365.85999,367.29001,352.14001,355.28,355.28,67954400
2026-03-31,361.51001,373.32999,361,371.75,371.75,75534900
2026-04-01,378.63,383.14001,374.07999,381.26001,381.26001,58683800
2026-04-02,364.20001,370.28,359.03,360.59,360.59,83031200
2026-04-06,362.59,367.72,346.64001,352.82001,352.82001,77697600
2026-04-07,346.44,348.01999,337.23999,346.64999,346.64999,74515400
2026-04-08,363.79001,364.5,339.67001,343.25,343.25,78838600
2026-04-09,343.14999,348.88,337.25,345.62,345.62,62164000
2026-04-10,346.29001,350.35999,342.73999,348.95001,348.95001,51336000
2026-04-13,350.07001,356.35001,348.57001,352.42001,352.42001,53617500
2026-04-14,357.67001,367.63,354.76999,364.20001,364.20001,59979600
2026-04-15,366.82999,394.64999,362.5,391.95001,391.95001,113810400
2026-04-16,393.81,394.06,381.79999,388.89999,388.89999,63515100
2026-04-17,395.92001,409.28,391.64999,400.62,400.62,90640000
2026-04-20,402.57999,406.79999,388.32999,392.5,392.5,64603900
2026-04-21,393,393.95001,385.22,386.42001,386.42001,50530600
2026-04-22,387.57001,393.01001,385.29999,387.51001,387.51001,62362800
2026-04-23,375.28,386,368.39001,373.72,373.72,93969500
2026-04-24,373.5,382.76001,370.73001,376.29999,376.29999,62893300
2026-04-27,372.09,380.78,364.01999,378.67001,378.67001,66735800
2026-04-28,374.67999,382.29001,372.54001,376.01999,376.01999,50864400
2026-04-29,375.39999,376.39999,370.04001,372.79999,372.79999,45384800
2026-04-30,372.75,384.75,368.17001,381.63,381.63,51076000
2026-05-01,382.48999,397.82001,378.79999,390.82001,390.82001,65338300
2026-05-04,390.23001,394.64001,384.79999,392.51001,392.51001,48765100
2026-05-05,395.19,402.12,389,389.37,389.37,47780600
2026-05-06,386.25,401.67999,384.01999,398.73001,398.73001,53465400
2026-05-07,407.48001,415.82999,402.12,411.79001,411.79001,64294200
2026-05-08,416.48001,431.20001,416.39001,428.35001,428.35001,65050000
2026-05-11,422.16,449.16,416.79999,445,445,78376100
2026-05-12,441.41,447.79999,422.26001,433.45001,433.45001,60569300
2026-05-13,436.67001,453.39999,430.20999,445.26999,445.26999,68283200
2026-05-14,446.48999,451.98001,441.16,443.29999,443.29999,46070400
2026-05-15,433.98001,434.66,422,422.23999,422.23999,52688700
2026-05-18,419.26999,421.13,405.32999,409.98999,409.98999,52474200
2026-05-19,403.16,405.63,393.63,404.10999,404.10999,46500600
2026-05-20,407.60001,417.45999,406.39001,417.26001,417.26001,45294700
2026-05-21,422.17999,426.95001,412.89999,417.85001,417.85001,42636900
2026-05-22,422.67001,431.51001,420.51001,426.01001,426.01001,46104700
2026-05-26,430.26001,435.20001,426.12,433.59,433.59,45658900
2026-05-27,442.89001,445.60001,435.51999,440.35999,440.35999,44656500
2026-05-28,437.62,443.95999,436.29999,442.10001,442.10001,32435000
2026-05-29,439.85001,441.07001,428.14001,435.79001,435.79001,45176800
2026-06-01,427.48999,429.60001,415.42999,415.88,415.88,44937900
2026-06-02,418.22,424.42001,413.64999,423.73999,423.73999,37596000
2026-06-03,418.70001,433.60001,416,423.70001,423.70001,44500700
2026-06-04,419.84,426.35001,417.16,418.45001,418.45001,35323300
2026-06-05,420.5,424.67999,388.59,391,391,63420200
2026-06-08,396.32999,412.94,394.72,408.95001,408.95001,50328800
2026-06-09,411.03,418.5,384.23999,396.67999,396.67999,59940200
2026-06-10,391.54001,397.09,380.14999,381.59,381.59,49695600
2026-06-11,388.28,399.54001,380.66,399.14999,399.14999,45324300
2026-06-12,399.48999,406.67999,386.76001,406.42999,406.42999,63514500
2026-06-15,412.37,416,407.10001,411.14999,411.14999,45620500
2026-06-16,404.10999,412.42001,400.54001,404.66,404.66,40255500
2026-06-17,401.53,405.94,393.76001,396.38,396.38,43534300
2026-06-18,398.10001,402.51999,384.70001,400.48999,400.48999,58384700
2026-06-22,394.85001,414.75,394.39999,405.04999,405.04999,47819500
2026-06-23,392.60999,392.87,379.06,381.60999,381.60999,50420200
2026-06-24,380.07999,384.57999,373.04999,375.53,375.53,37081400
2026-06-25,375.26999,379.12,371.22,375.12,375.12,30138800
2026-06-26,370.14999,387.79999,368.60001,379.70999,379.70999,53434100
2026-06-29,381.79001,413.26999,379.29999,411.84,411.84,57645800
2026-06-30,406,424.54001,406,420.60001,420.60001,43385600
2026-07-01,421.45999,432.85999,418.09,425.29999,425.29999,40127900
2026-07-02,428.01001,432.35001,389.29999,393.45001,393.45001,73717700
2026-07-06,397.5,420,390.5,419.76999,419.76999,54727900
2026-07-07,416.95999,419.56,401.88,402.89999,402.89999,38149900
2026-07-08,399.38,399.63,390.51001,394.06,394.06,33844900
2026-07-09,393.98999,407.85999,390.85999,406.54999,406.54999,37835000
2026-07-10,410.48999,413.16,402.81,407.76001,407.76001,33410000
2026-07-13,404.60999,405.57001,391.37,394.76001,394.76001,32809200
2026-07-14,399.04999,402.22,394.76001,396.17999,396.17999,23385000
2026-07-15,399.39999,406.59,390.66,394.45999,394.45999,31549800
2026-07-16,392.35001,395.31,385.32001,391.06,391.06,29269100
2026-07-17,381.78,385.69,377.22,380.84,380.84,31394600
2026-07-20,386.04999,386.60999,369.42999,369.57001,369.57001,33901500
2026-07-21,371.17001,384.07001,369.98001,378.92999,378.92999,32735300
2026-07-22,375.53,380.17001,372.89999,374.01001,374.01001,30646100
2026-07-23,341,342.10999,315.73999,319.69,319.69,115606400
2026-07-24,320.72,322.95999,306.51001,313.03,313.03,62760000
2026-07-27,313.23999,317,304.28,309.22,309.22,44919400
2026-07-28,305.92999,311.16,300.69,307.44,307.44,39802400
2026-07-29,307.14001,309.06,297.38,298.32001,298.32001,39478000
2026-07-30,302.70001,310.87,301.32999,308.85001,308.85001,38005400
2026-07-31,309.69,315.5,301.97,311.20999,311.20999,36630600
2026-08-03,310.95999,324.64999,310.42999,322.07999,322.07999,38281400
2026-08-04,324,329.57001,320.79001,327.35001,327.35001,33318300
2026-08-05,323.42001,327.14001,320.28,321.54999,321.54999,27820800
2026-08-06,317.04999,323,315.51999,319.53,319.53,26033800
2026-08-07,322.34,333.73001,321.25,328.57999,328.57999,39492300
2026-08-10,326.60001,332.04999,326.14999,330.88,330.88,25003800
2026-08-11,332.79999,336.20001,329.53,332.81,332.81,23345200
2026-08-12,335,335.5,323.64001,327.51001,327.51001,28698900
2026-08-13,327.20001,341.64001,325.23999,339.95999,339.95999,34708300
2026-08-14,342.32999,351.26001,335.32999,342.26999,342.26999,45437100
2026-08-17,340.69,345.45001,337.48001,339.29999,339.29999,26037100
2026-08-18,333.22,340.53,331.12,336.87,336.87,27994500
2026-08-19,338.89001,351.62,335.70001,351.12,351.12,36735400
2026-08-20,346.20001,347.5,338.95999,345.13,345.13,30766400
2026-08-21,349.88,366.5,346.89999,362.85999,362.85999,58979800