순위,종목코드,종목명,시장,등락률(%),종가,거래대금,거래량,시가총액,상한가
1,950260,인제니아테라퓨틱스Reg.S,KOSDAQ,30.00,18330,297004191375,18904895,906319646310,Y
2,950200,소마젠,KOSDAQ,29.98,3750,1445595000,385492,72135198750,Y
3,227950,엔투텍,KOSDAQ,29.98,1925,5028415994,2698023,66428302325,Y
4,001210,금호전기,KOSPI,29.97,7460,59437427060,8790315,92325079360,Y
5,001515,SK증권우,KOSPI,29.88,5260,291835500,56057,10289911820,Y
6,950220,네오이뮨텍,KOSDAQ,29.88,2195,870670895,396661,75094988800,Y
7,049470,비트플래닛,KOSDAQ,29.82,2020,536362803,270658,47560695980,Y
8,001510,SK증권,KOSPI,29.79,2810,28917606365,11053625,649939188850,Y
9,0120G0,삼양바이오팜,KOSPI,29.79,56200,12135548400,222641,417895894000,Y
10,462860,더즌,KOSDAQ,26.05,2395,26124896328,11115842,171856872585,
11,002990,금호건설,KOSPI,24.21,15650,390576449565,25677256,583118593100,
12,124500,아이티센글로벌,KOSDAQ,22.70,31350,48279667150,1556873,727461921450,
13,095700,제넥신,KOSDAQ,20.97,3000,10002951815,3216376,136621482000,
14,138610,나이벡,KOSDAQ,19.82,19100,31361138455,1607403,217124846300,
15,226330,신테카바이오,KOSDAQ,19.52,1255,2466708847,1966434,30444386125,
16,475230,엔알비,KOSDAQ,17.74,9490,4570558450,481250,103428501670,
17,011090,에넥스,KOSPI,17.66,2165,3021843873,1456017,25670521910,
18,228850,레이언스,KOSDAQ,17.51,6980,2370849980,351158,115805277720,
19,476830,알지노믹스,KOSDAQ,16.61,36850,65672735650,1794452,1033842816600,
20,079650,서산,KOSDAQ,16.20,5380,64672798763,11880410,107600000000,
21,092190,서울바이오시스,KOSDAQ,16.00,8990,3747262720,440024,412356763170,
22,234340,헥토파이낸셜,KOSDAQ,15.63,21450,30562561920,1419948,299670571200,
23,085620,미래에셋생명,KOSPI,15.40,26600,23461403700,911330,3595788000000,
24,387690,레메디,KOSDAQ,15.33,14820,89971308620,6153299,113014222620,
25,134580,탑코미디어,KOSDAQ,15.20,2160,1081852005,513821,106475361840,
26,002995,금호건설우,KOSPI,14.59,23950,1296809150,52360,6999770700,
27,0088M0,메쥬,KOSDAQ,13.93,13330,3428789720,260227,131723727500,
28,101000,KS인더스트리,KOSDAQ,13.20,789,720692916,911006,7819374243,
29,475580,에이럭스,KOSDAQ,12.90,8400,15131966120,1705604,114449160000,
30,299660,셀리드,KOSDAQ,12.74,1885,6182140684,3214775,55613111645,
31,000660,SK하이닉스,KOSPI,12.73,1691000,9109803915522,5452970,1235262589215000,
32,043590,웰킵스하이텍,KOSDAQ,12.42,1439,211646019,157237,19524900259,
33,121890,에스디시스템,KOSDAQ,12.29,2650,533152740,209070,35222331900,
34,307180,아이엘,KOSDAQ,12.25,5680,3216701655,592715,209681039680,
35,277070,린드먼아시아,KOSDAQ,12.16,3505,170840587,50315,47990460000,
36,483350,딜리셔스,KOSDAQ,11.86,4385,32810985306,7724504,95939239600,
37,196170,알테오젠,KOSDAQ,11.86,339500,341938888250,1019594,18192563448500,
38,402340,SK스퀘어,KOSPI,11.85,1123000,930397287274,853378,148150649754000,
39,163730,핑거,KOSDAQ,11.83,10400,5489455575,505457,124963456800,
40,228340,동양파일,KOSDAQ,11.72,3240,10329835592,3097520,64800000000,
41,237690,에스티팜,KOSDAQ,11.68,110900,156810328850,1411054,2315219154200,
42,041190,우리기술투자,KOSDAQ,11.65,4935,11309742843,2309771,414540000000,
43,185490,아이진,KOSDAQ,11.57,2025,3027783276,1451129,87540312600,
44,065170,비엘팜텍,KOSDAQ,11.53,2080,8816498592,4061572,58060689440,
45,060480,국일신동,KOSDAQ,11.46,1167,206999940,183321,12942030000,
46,091580,상신이디피,KOSDAQ,11.36,18330,6982724280,386538,244306254270,
47,080530,코디,KOSDAQ,11.25,2620,21182345,8696,29007812080,
48,332570,PS일렉트로닉스,KOSDAQ,11.05,9550,76622045495,8346101,446095426650,
49,083790,CG인바이츠,KOSDAQ,11.04,845,438576674,539886,64975583790,
50,241710,코스메카코리아,KOSDAQ,11.00,137200,23568917100,176449,1465296000000,
51,091590,남화토건,KOSDAQ,10.88,6320,28481713210,4194923,74196800000,
52,039830,오로라,KOSDAQ,10.79,18280,3966298555,226028,196745629200,
53,432470,케이엔에스,KOSDAQ,10.65,8520,14261207125,1513588,74733657120,
54,118990,모트렉스,KOSDAQ,10.54,5770,1212257650,215821,141580630670,
55,010780,아이에스동서,KOSPI,10.39,16050,4653637595,299080,484500964800,
56,053260,금강철강,KOSDAQ,10.33,5770,10177811160,1729558,108014400000,
57,089890,코세스,KOSDAQ,10.11,24500,8745360425,370991,406331569000,
58,005935,삼성전자우,KOSPI,10.07,191200,693449276750,3682819,153413374013600,
59,094480,갤럭시아머니트리,KOSDAQ,10.06,5470,3817043555,701673,214587213860,
60,052860,아이앤씨,KOSDAQ,10.00,5280,739468335,142972,94336989120,
61,070300,퀀텀레일,KOSDAQ,9.89,2000,7655176197,3811240,71049458000,
62,008260,NI스틸,KOSPI,9.67,3460,2052135180,597516,98956404820,
63,261780,아리바이오랩,KOSDAQ,9.66,2440,1609881413,687846,70652581440,
64,064260,다날,KOSDAQ,9.58,5090,86660650729,16328187,385035376130,
65,005180,빙그레,KOSPI,9.55,87200,21997015600,261225,808259503200,
66,005930,삼성전자,KOSPI,9.49,271000,6961393123500,26095919,1584341502768000,
67,177350,베셀,KOSDAQ,9.23,1716,682312185,407111,17015600316,
68,103230,에스앤더블류,KOSDAQ,9.21,2430,694634720,284305,17496000000,
69,060250,NHNKCP,KOSDAQ,9.17,14760,12610375500,856561,592770618360,
70,156100,엘앤케이바이오,KOSDAQ,9.13,4365,1458282749,333605,97562782845,
71,053300,한국정보인증,KOSDAQ,8.98,4795,869220030,186259,194634305320,
72,377300,카카오페이,KOSPI,8.97,44950,26326304825,580396,6080507190750,
73,001290,상상인증권,KOSPI,8.72,1010,3286582756,3156783,109420491200,
74,016360,삼성증권,KOSPI,8.71,92400,96521600550,1050392,8251320000000,
75,220100,퓨쳐켐,KOSDAQ,8.65,8040,516348405,65134,180316456800,
76,232830,아이티센피엔에스,KOSDAQ,8.49,1853,27149420,14901,30636994278,
77,002380,KCC,KOSPI,8.46,474500,19631519250,41683,4077329152000,
78,198440,강동씨앤엘,KOSDAQ,8.44,1375,6283926914,4470386,83781357000,
79,448280,에코아이,KOSDAQ,8.33,8970,473931080,52591,265791227130,
80,287840,인투셀,KOSDAQ,8.31,22150,1470469250,66538,332736414000,
81,389030,지니너스,KOSDAQ,8.29,2220,997132885,447176,87450841620,
82,291650,츌립앤사이언스,KOSDAQ,8.27,1990,124537836,65245,60734045790,
83,033640,네패스,KOSDAQ,8.21,19110,4523851640,233885,440661350220,
84,010130,고려아연,KOSPI,8.12,1238000,69520687000,54752,25840735622000,
85,037330,인지디스플레,KOSDAQ,8.11,760,264751362,347656,33352770240,
86,036000,예림당,KOSDAQ,8.09,3005,468278254,159910,69218002385,
87,053030,바이넥스,KOSDAQ,7.91,7090,3925610950,554852,231730892920,
88,143540,영우디에스피,KOSDAQ,7.91,1050,209621569,207075,46829889750,
89,161890,한국콜마,KOSPI,7.82,137800,55197401700,411216,3252779610600,
90,028260,삼성물산,KOSPI,7.78,374000,171103644750,463427,60650675294000,
91,328130,루닛,KOSDAQ,7.65,9710,4840746075,506687,722988927800,
92,003530,한화투자증권,KOSPI,7.62,4730,7450159729,1581897,1014810975750,
93,032830,삼성생명,KOSPI,7.61,297000,171757049500,581363,59400000000000,
94,131970,두산테스나,KOSDAQ,7.60,82100,27320484300,332040,1586766239800,
95,456010,아이씨티케이,KOSDAQ,7.58,17750,4851219355,279114,257416712500,
96,322000,HD현대에너지솔루션,KOSPI,7.50,139100,64700971950,473031,1557920000000,
97,047400,유니온머티리얼,KOSPI,7.49,962,221904685,242702,40404000000,
98,016100,리더스코스메틱,KOSDAQ,7.43,1142,437396327,381161,21813220948,
99,059090,미코,KOSDAQ,7.40,18580,4102191910,226502,620883735240,
100,0001A0,덕양에너젠,KOSDAQ,7.38,9170,734810135,81290,233550381540,
101,431190,케이쓰리아이,KOSDAQ,7.33,3000,134245890,45389,22459326000,
102,077500,유니퀘스트,KOSPI,7.29,7800,3249362040,420874,168480795600,
103,348080,큐라티스,KOSDAQ,7.25,2885,814507662,271340,37008067405,
104,173940,에프엔씨엔터,KOSDAQ,7.21,2380,56800295,25581,36634883040,
105,365270,큐라클,KOSDAQ,7.16,11670,1809058650,162111,258572096640,
106,355150,코스텍시스,KOSDAQ,7.14,20850,1997965925,95329,162574747500,
107,003230,삼양식품,KOSPI,7.13,1397000,139221255000,100158,10523621955000,
108,394420,리센스메디컬,KOSDAQ,7.09,13290,4709267720,361156,146186026290,
109,144510,지씨셀,KOSDAQ,7.06,14410,1563483850,106108,227682957040,
110,195990,루트K,KOSDAQ,7.01,1419,367256562,236960,23112493206,
111,215600,신라젠,KOSDAQ,7.00,2445,15002997520,5951054,338763463980,
112,425420,티에프이,KOSDAQ,6.98,40600,5001377925,125385,501295548600,
113,038290,마크로젠,KOSDAQ,6.95,12920,5781846790,434720,140070888000,
114,327260,RF머트리얼즈,KOSDAQ,6.82,35250,15901081875,453035,634106574750,
115,201490,미투온,KOSDAQ,6.76,2370,4156254916,1712297,77555230620,
116,024720,콜마홀딩스,KOSPI,6.75,10280,538716935,53329,352565542520,
117,067290,JW신약,KOSDAQ,6.74,2295,21301871562,9240630,128605151385,
118,007815,코리아써우,KOSPI,6.63,18500,3485090,202,54846765000,
119,200470,에이팩트,KOSDAQ,6.63,6430,12135521400,1817492,272388257990,
120,069330,유아이디,KOSDAQ,6.63,1110,371391220,338915,18817357140,
121,062970,한국첨단소재,KOSDAQ,6.62,2415,8765146632,3515386,68934501405,
122,031820,아이티센씨티에스,KOSPI,6.59,6150,484546410,79378,74446647900,
123,090370,메타랩스,KOSPI,6.51,1161,66567775,59272,31700743929,
124,138080,오이솔루션,KOSDAQ,6.49,23800,5068696725,215712,294590640400,
125,032580,피델릭스,KOSDAQ,6.47,4280,3535979175,850198,141805233920,
126,216080,제테마,KOSDAQ,6.42,4310,1141067024,269290,160707396690,
127,358570,지아이이노베이션,KOSDAQ,6.38,8670,5469430130,626467,559353772020,
128,235980,메드팩토,KOSDAQ,6.37,2590,916588779,348173,88772563390,
129,003535,한화투자증권우,KOSPI,6.35,6030,258466370,43457,28944000000,
130,246690,TS인베스트먼트,KOSDAQ,6.34,1829,162465585,90037,43490280246,
131,463480,모티브링크,KOSDAQ,6.31,4130,47199735,11544,51172178540,
132,013720,청보,KOSDAQ,6.22,2390,29636765,12932,29075850920,
133,091120,이엠텍,KOSDAQ,6.19,4200,240503959,57851,71958331200,
134,172670,에이엘티,KOSDAQ,6.17,11020,614668900,57248,98742054180,
135,050120,ES큐브,KOSDAQ,6.15,3710,1363134605,370474,50322759060,
136,382150,온코크로스,KOSDAQ,6.07,3580,398655750,109377,46705947320,
137,031330,에스에이엠티,KOSDAQ,5.99,8140,3979204480,499782,813959845380,
138,045660,에이텍,KOSDAQ,5.98,9740,906033565,94382,80452400000,
139,290560,파라택시스이더리움,KOSDAQ,5.97,1048,298905414,277556,23436141040,
140,203650,드림시큐리티,KOSDAQ,5.96,2115,1535786822,737067,215104983660,
141,02826K,삼성물산우B,KOSPI,5.94,232000,1724320500,7471,340480880000,
142,012160,영흥,KOSPI,5.94,2585,122315080,49198,40379517255,
143,005745,크라운해태홀딩스우,KOSPI,5.94,5350,8973300,1694,3213884100,
144,036540,SFA반도체,KOSDAQ,5.94,6060,11790779655,1962145,996629436180,
145,040160,누리플렉스,KOSDAQ,5.90,6460,173143770,27506,77878756100,
146,192820,코스맥스,KOSPI,5.89,260500,42286140250,163728,2956547094500,
147,306040,에스제이그룹,KOSDAQ,5.89,1834,41363985,23067,17032438696,
148,099390,브레인즈컴퍼니,KOSDAQ,5.88,3690,69029294,19198,30288564270,
149,290270,휴네시온,KOSDAQ,5.88,2790,79884830,29322,26805404880,
150,019570,GMI벤처,KOSDAQ,5.86,2800,86310490,30451,26726011200,
151,399720,가온칩스,KOSDAQ,5.84,47150,4705456550,98798,559144494600,
152,076080,웰크론한텍,KOSDAQ,5.83,1143,218768369,199461,25825120308,
153,294570,쿠콘,KOSDAQ,5.83,21800,818261225,37619,219999757600,
154,900070,글로벌에스엠,KOSDAQ,5.82,1054,61528147,59802,28323071136,
155,001020,페이퍼코리아,KOSPI,5.81,2185,67718745,31473,77778706470,
156,058730,다스코,KOSPI,5.79,3560,27497974466,7354270,72094453560,
157,214450,파마리서치,KOSDAQ,5.75,413500,63822280750,156013,4296119448000,
158,009420,한올바이오파마,KOSPI,5.74,62600,29147349350,472442,3270263938800,
159,950130,엑세스바이오,KOSDAQ,5.69,2320,124003957,53886,81603294880,
160,000950,전방,KOSPI,5.68,35350,425849500,12577,59388000000,
161,223310,사토시홀딩스,KOSDAQ,5.67,2980,278478087,93817,15509833160,
162,469750,아이비젼웍스,KOSDAQ,5.67,950,89744421,96170,32733656950,
163,048530,인트론바이오,KOSDAQ,5.66,2800,346382627,126276,86496922400,
164,200710,에이디테크놀로지,KOSDAQ,5.59,27400,2509248400,91033,368858991800,
165,228760,지노믹트리,KOSDAQ,5.59,12460,765223970,62525,309745656920,
166,388870,파로스아이바이오,KOSDAQ,5.59,5670,409237820,73017,73403434440,
167,066700,테라젠이텍스,KOSDAQ,5.58,2175,1550704711,690739,80806417800,
168,111710,남화산업,KOSDAQ,5.55,3235,3502927227,1036796,66602180000,
169,035420,NAVER,KOSPI,5.53,219500,210505687250,961900,34456579907500,
170,0039P0,매드업,KOSDAQ,5.53,8590,22034482795,2598036,161555566000,
171,027040,서울전자통신,KOSDAQ,5.53,1945,169632092,90253,27070060705,
172,123330,제닉,KOSDAQ,5.52,29650,6759364950,233714,236271362000,
173,214330,금호에이치티,KOSPI,5.51,6320,939282680,151365,66087791280,
174,208860,다산디엠씨,KOSDAQ,5.50,1131,74668246,67799,38397419463,
175,302440,SK바이오사이언스,KOSPI,5.45,37750,6979818400,183719,2961734875750,
176,032820,우리기술,KOSDAQ,5.45,12190,26979428615,2231156,2106244420280,
177,253840,수젠텍,KOSDAQ,5.44,4070,461621565,114623,68144824000,
178,089230,THEEM,KOSDAQ,5.42,2140,702779388,329610,84361697560,
179,009140,경인전자,KOSPI,5.39,22500,137390400,6283,35342932500,
180,114810,한솔아이원스,KOSDAQ,5.36,12570,2703241420,215385,353759697180,
181,112610,씨에스윈드,KOSPI,5.33,48400,24139878550,504141,2041095905200,
182,079370,제우스,KOSDAQ,5.29,9750,1522749175,159591,302415652500,
183,477850,마키나락스,KOSDAQ,5.28,27900,71302054275,2629550,495357134400,
184,307950,현대오토에버,KOSPI,5.27,459500,28416129000,63108,12601319729000,
185,016600,큐캐피탈,KOSDAQ,5.27,2495,216216710,86195,34834194495,
186,487400,케이앤에스아이앤씨,KOSDAQ,5.26,12400,25823966960,2080610,127234936800,
187,033240,자화전자,KOSPI,5.23,31200,2906744875,95279,674091662400,
188,338840,와이바이오로직스,KOSDAQ,5.22,9880,954941890,97033,151822808280,
189,476060,온코닉테라퓨틱스,KOSDAQ,5.21,14730,4731519200,324140,668857483200,
190,066670,디티씨,KOSDAQ,5.19,3140,110136710,35661,58692622520,
191,047560,이스트소프트,KOSDAQ,5.18,7710,300645680,39580,90616262220,
192,048830,엔피케이,KOSDAQ,5.17,1118,94403662,84918,20933345914,
193,000760,이화산업,KOSPI,5.16,13460,3918220,294,37688000000,
194,305090,마이크로디지탈,KOSDAQ,5.16,1630,273681529,173620,30351987130,
195,002900,TYM,KOSPI,5.14,7160,2120489575,300148,296424000000,
196,102370,케이옥션,KOSDAQ,5.11,3190,195898877,62434,82583645100,
197,163280,에어레인,KOSDAQ,5.05,3330,2544769156,702412,45298249740,
198,180400,DXVX,KOSDAQ,5.03,2610,739220242,265251,256900817520,
199,403870,HPSP,KOSDAQ,5.03,48000,251571283150,5238273,3950400000000,
200,143160,아이디스,KOSDAQ,5.02,16330,351648640,22055,174998648700,
201,247660,나노씨엠에스,KOSDAQ,5.00,2415,82652805,34183,10490566800,
202,006840,AK홀딩스,KOSPI,4.90,7700,172439490,23013,102006219700,
203,025900,동화기업,KOSDAQ,4.90,7070,1722085610,237683,357440004950,
204,214180,헥토이노베이션,KOSDAQ,4.89,14580,1823422345,123616,189443290860,
205,158430,아톤,KOSDAQ,4.88,4620,1161712016,250149,113107265040,
206,030610,교보증권,KOSPI,4.86,10350,634686925,61773,1179516646350,
207,064290,인텍플러스,KOSDAQ,4.85,35650,13077131550,358171,461937655700,
208,071200,인피니트헬스케어,KOSDAQ,4.84,9540,451254535,48558,232742209320,
209,039290,인포뱅크,KOSDAQ,4.83,3905,41287885,10657,33949984090,
210,226950,올릭스,KOSDAQ,4.79,109400,35585678200,320768,2304275790000,
211,038070,서린바이오,KOSDAQ,4.78,4495,1709939069,358788,41806538620,
212,000100,유한양행,KOSPI,4.77,83400,26146436400,314079,6642609923400,
213,900290,GRT,KOSDAQ,4.73,3540,999193851,283451,295627325760,
214,041960,코미팜,KOSDAQ,4.73,9740,5987786235,615637,719654461300,
215,108670,LX하우시스,KOSPI,4.70,34500,1223457050,35351,309384615000,
216,348150,고바이오랩,KOSDAQ,4.70,3120,34252950,11057,60586933680,
217,105550,엣지파운드리,KOSDAQ,4.70,2340,325547677,144043,36647699400,
218,107640,한중엔시에스,KOSDAQ,4.68,35800,3944641400,109840,324525066800,
219,290740,액트로,KOSDAQ,4.67,7850,172663455,22011,79010336350,
220,086820,바이오솔루션,KOSDAQ,4.65,6970,547615040,79302,180690872450,
221,205100,엑셈,KOSDAQ,4.65,1350,483980985,355875,91178154900,
222,139670,키네마스터,KOSDAQ,4.64,1917,56082118,29586,27065758770,
223,006805,미래에셋증권우,KOSPI,4.63,12890,448152560,34959,181436417500,
224,142280,녹십자엠에스,KOSDAQ,4.63,2710,1595483620,577193,64939814010,
225,089030,테크윙,KOSDAQ,4.61,51100,27588621250,544535,1893441259500,
226,489790,한화비전,KOSPI,4.59,54700,19259129250,348293,2761714933000,
227,214260,라파스,KOSDAQ,4.56,8720,118461030,13943,77803877360,
228,249420,일동제약,KOSPI,4.55,14480,1353449060,93955,458121888960,
229,224060,더코디,KOSDAQ,4.53,3230,115023435,35723,16669132060,
230,086040,바이오톡스텍,KOSDAQ,4.52,2310,43469770,19138,36863550570,
231,010060,OCI홀딩스,KOSPI,4.50,290000,102424394750,348474,5414367280000,
232,000500,가온전선,KOSPI,4.50,164900,17200892100,105834,4910327394300,
233,010280,아이티센엔텍,KOSDAQ,4.48,5600,972855785,170093,72938639200,
234,013700,까뮤이앤씨,KOSPI,4.47,1613,533717951,344237,96378088790,
235,323990,박셀바이오,KOSDAQ,4.47,4205,439381107,104706,97797135725,
236,251370,와이엠티,KOSDAQ,4.47,7940,413250315,52530,143024911220,
237,017900,광전자,KOSPI,4.41,8290,10655164475,1293646,480353795270,
238,123890,한국자산신탁,KOSPI,4.41,2485,1083551092,437907,304099206110,
239,303030,지니틱스,KOSDAQ,4.40,1969,159053411,82754,18031070244,
240,263750,펄어비스,KOSDAQ,4.40,32050,19547695175,614007,2014147315500,
241,356680,엑스게이트,KOSDAQ,4.39,12120,4357911600,364955,345947123040,
242,104200,NHN벅스,KOSDAQ,4.38,2740,119611204,46092,40627487000,
243,430690,한싹,KOSDAQ,4.38,2620,230825303,91379,28545696480,
244,068760,셀트리온제약,KOSDAQ,4.37,42950,2795476075,65190,1907080159400,
245,475040,스트라드비젼,KOSDAQ,4.37,3225,3000312429,946514,171747820050,
246,314130,지놈앤컴퍼니,KOSDAQ,4.37,4415,1395877590,324919,230901961375,
247,246710,티앤알바이오팹,KOSDAQ,4.37,2510,235156194,95608,119637905040,
248,270870,뉴트리,KOSDAQ,4.36,4070,52036780,13227,36609023220,
249,457600,벡트,KOSDAQ,4.36,4785,659350288,140966,65590387500,
250,262260,에이프로,KOSDAQ,4.35,3235,189654075,58382,48776230100,
251,352480,씨앤씨인터내셔널,KOSDAQ,4.34,21650,435367350,20373,295087356650,
252,170920,엘티씨,KOSDAQ,4.29,37700,7733984375,205930,398267550200,
253,032190,다우데이타,KOSDAQ,4.28,19990,1383699210,69572,765617000000,
254,192650,드림텍,KOSPI,4.27,4885,737295210,152629,321857159665,
255,360070,탑머티리얼,KOSDAQ,4.27,8550,324931040,38172,70041967650,
256,0126Z0,삼성에피스홀딩스,KOSPI,4.26,379000,29772811000,78908,9430675571000,
257,366030,나인앤컴퍼니,KOSDAQ,4.26,5630,562223940,101026,127541175500,
258,204320,HL만도,KOSPI,4.23,54200,19582886300,363495,2545075904000,
259,389650,넥스트바이오메디컬,KOSDAQ,4.23,34500,1116904400,33096,285566367000,
260,146320,비씨엔씨,KOSDAQ,4.23,10100,96704415,9643,129259022300,
261,005690,파미셀,KOSPI,4.22,11860,127876207995,9983801,711647606040,
262,240810,원익IPS,KOSDAQ,4.21,113900,59637399600,533687,5590656323900,
263,028080,휴맥스홀딩스,KOSDAQ,4.21,4460,31999680,7167,11285343160,
264,006405,삼성SDI우,KOSPI,4.20,211000,1759077250,8440,341376056000,
265,046890,서울반도체,KOSDAQ,4.20,9930,2036076150,205970,578972622000,
266,126340,비나텍,KOSDAQ,4.19,67100,2771724750,41233,481805779400,
267,014710,사조씨푸드,KOSPI,4.18,10210,184376850,18238,175801324030,
268,067770,세진티에스,KOSDAQ,4.18,2490,78653545,32334,20907516570,
269,096530,씨젠,KOSDAQ,4.17,31250,7992911075,258874,1632062312500,
270,304360,에스바이오메딕스,KOSDAQ,4.16,19790,321620450,16453,245101683120,
271,002230,피에스텍,KOSDAQ,4.15,5270,272912695,52627,97079038900,
272,004100,태양금속,KOSPI,4.14,2390,857195578,358307,87713000000,
273,179290,엠아이텍,KOSDAQ,4.13,5300,273133885,52257,171538093400,
274,306620,지아이에스,KOSDAQ,4.12,1845,790640082,429563,88453329480,
275,031510,오스템,KOSDAQ,4.10,1143,144057231,129161,32004000000,
276,300080,플리토,KOSDAQ,4.10,8640,404570065,47045,142607096640,
277,044820,코스맥스비티아이,KOSPI,4.09,22900,990797475,43514,219929790900,
278,068330,일신바이오,KOSDAQ,4.08,1020,383271465,367773,45100462800,
279,411080,샌즈랩,KOSDAQ,4.07,4220,210752760,51215,64429432360,
280,215480,토박스코리아,KOSDAQ,4.07,2175,34234360,15816,23359500000,
281,149950,아바텍,KOSDAQ,4.04,9020,699705410,77901,123282681060,
282,394280,오픈엣지테크놀로지,KOSDAQ,4.04,9280,534041370,57864,244495798400,
283,015590,DKME,KOSPI,4.03,1548,118953602,78902,82657484784,
284,006800,미래에셋증권,KOSPI,4.03,36100,43976094550,1216957,20200364368000,
285,001500,현대차증권,KOSPI,4.02,8020,832112295,104135,495901012880,
286,005950,이수화학,KOSPI,4.01,13240,8835646180,675405,348134797560,
287,089980,상아프론테크,KOSDAQ,4.01,14540,394345050,27096,232480597980,
288,232140,와이씨,KOSDAQ,4.01,10640,4624760015,436753,872962524000,
289,011300,우성머티리얼스,KOSPI,3.98,3400,165277660,50132,58612277000,
290,052400,코나아이,KOSDAQ,3.98,40500,1973846900,48847,589813285500,
291,463020,뉴엔AI,KOSDAQ,3.97,9420,970416275,103306,84659424000,
292,148150,세경하이테크,KOSDAQ,3.96,3410,456602181,135120,121201009380,
293,189330,씨이랩,KOSDAQ,3.95,18180,13675547640,762757,170569923120,
294,178780,일월지엠엘,KOSDAQ,3.95,2235,33128735,15345,41658600825,
295,064400,LG씨엔에스,KOSPI,3.94,73800,51869310100,701432,7150182962400,
296,024830,세원물산,KOSDAQ,3.94,8960,12315140,1398,74816000000,
297,148930,에이치와이티씨,KOSDAQ,3.94,3295,47453680,14342,33527326835,
298,080220,제주반도체,KOSDAQ,3.94,76500,87490312150,1153807,2634876724500,
299,468530,프로티나,KOSDAQ,3.94,35600,6726434450,192995,392853404800,
300,094170,동운아나텍,KOSDAQ,3.93,33050,1538788100,46805,691073384800,
301,247540,에코프로비엠,KOSDAQ,3.92,114100,32708080350,286385,11162452519400,
302,049120,파인디앤씨,KOSDAQ,3.92,2650,110521030,42765,28094406950,
303,299030,하나기술,KOSDAQ,3.91,14070,521720585,37205,112488383700,
304,020120,키다리스튜디오,KOSPI,3.90,3995,1498375290,380829,148069745170,
305,308430,셀비온,KOSDAQ,3.89,13620,149953975,10948,175769518620,
306,036630,세종텔레콤,KOSDAQ,3.88,8040,127091780,16236,112560000000,
307,080580,오킨스전자,KOSDAQ,3.87,18000,4265002750,238847,379637190000,
308,424870,이뮨온시아,KOSDAQ,3.87,3085,795149520,255910,281776215265,
309,110790,크리스에프앤씨,KOSDAQ,3.87,2950,26037130,8996,69121332000,
310,026940,부국철강,KOSPI,3.86,2155,1359485660,632650,43100000000,
311,260970,에스앤디,KOSDAQ,3.86,51100,1163909350,22624,147819729400,
312,0156T0,에이치엘지노믹스,KOSDAQ,3.85,9970,5344533465,543659,77588145170,
313,001820,삼화콘덴서,KOSPI,3.83,97600,40038817850,411235,1014552000000,
314,003060,에이프로젠바이오로직스,KOSPI,3.83,1979,110192856,56205,31104795949,
315,088130,동아엘텍,KOSDAQ,3.82,5440,285934190,53135,95120108160,
316,03473K,SK우,KOSPI,3.81,367500,456697000,1242,208054612500,
317,042600,새로닉스,KOSDAQ,3.81,11160,52439730,4718,138647085840,
318,035890,서희건설,KOSDAQ,3.81,2180,865284809,402010,452543008480,
319,086900,메디톡스,KOSDAQ,3.80,71000,2568143800,36576,518193287000,
320,222800,심텍,KOSDAQ,3.79,114900,67967890400,592567,4304605671900,
321,265740,엔에프씨,KOSDAQ,3.79,6300,1164418565,186726,112540680000,
322,037460,삼지전자,KOSDAQ,3.78,31600,1877270950,60377,515665295200,
323,039490,키움증권,KOSPI,3.77,275500,30167206000,110087,7225901058000,
324,007390,네이처셀,KOSDAQ,3.77,23400,8157482800,343747,1507780310400,
325,351320,넥사다이내믹스,KOSDAQ,3.77,1212,329177500,274727,35994754104,
326,025320,시노펙스,KOSDAQ,3.77,4130,1646850206,401115,380630930890,
327,005440,현대지에프홀딩스,KOSPI,3.76,11600,1560122885,135416,2127407508400,
328,254490,미래반도체,KOSDAQ,3.76,16300,959857750,59181,235339400000,
329,033250,체시스,KOSPI,3.75,4015,130766559,32825,25696000000,
330,017810,풀무원,KOSPI,3.75,9400,203425645,21814,358333094800,
331,119610,인터로조,KOSDAQ,3.75,14930,749176755,51335,170407242710,
332,141080,리가켐바이오,KOSDAQ,3.74,108300,23581463550,219126,4009202969400,
333,432720,퀄리타스반도체,KOSDAQ,3.74,9160,614581760,67152,129958159520,
334,280360,롯데웰푸드,KOSPI,3.73,128000,4506156900,35391,1178185472000,
335,408470,한패스,KOSDAQ,3.73,5560,487160525,85689,58780320000,
336,009520,포스코엠텍,KOSDAQ,3.71,12030,3119527530,255136,500961717090,
337,097230,HJ중공업,KOSPI,3.70,17640,3922164415,222479,1592809868160,
338,001720,신영증권,KOSPI,3.70,162400,1092922850,6703,2669856000000,
339,000105,유한양행우,KOSPI,3.70,70000,95060300,1372,82665800000,
340,017180,명문제약,KOSPI,3.68,1240,57499356,46966,42102282960,
341,039860,나노엔텍,KOSDAQ,3.67,3810,2576185617,664005,145134531930,
342,091440,한울소재과학,KOSDAQ,3.67,3110,389973235,128878,107329107370,
343,008700,아남전자,KOSPI,3.66,1246,323022377,261283,96097525720,
344,063080,컴투스홀딩스,KOSDAQ,3.65,12790,143055690,10991,84352505680,
345,006280,녹십자,KOSPI,3.64,125400,8288952450,65683,1465491865200,
346,318410,비비씨,KOSDAQ,3.64,6830,36514795,5497,37942309690,
347,460470,아이빔테크놀로지,KOSDAQ,3.62,3005,37173295,12611,45433706850,
348,006620,동구바이오제약,KOSDAQ,3.61,3735,282936703,76017,106316745120,
349,005070,코스모신소재,KOSPI,3.60,40250,2248842575,55959,1336886482750,
350,240600,유진테크놀로지,KOSDAQ,3.60,1870,44762975,23879,12955642370,
351,009770,삼정펄프,KOSPI,3.59,28850,111930250,3916,72124163350,
352,001060,JW중외제약,KOSPI,3.58,27450,1839309075,67767,639198778500,
353,091970,LSK아이로봇,KOSDAQ,3.58,4050,102551440,25496,30515859000,
354,403550,쏘카,KOSPI,3.56,10760,112638890,10726,408233775920,
355,365660,레몬헬스케어,KOSDAQ,3.56,5530,13748682320,2506565,74409241270,
356,378800,샤페론,KOSDAQ,3.56,494,844263051,1668078,22844057314,
357,382840,원준,KOSDAQ,3.56,4940,213918437,43813,75441610140,
358,001200,유진투자증권,KOSPI,3.55,4370,1484915982,341326,423306246660,
359,000990,DB하이텍,KOSPI,3.53,96900,22658063100,235828,4215594577200,
360,004440,삼일씨엔에스,KOSPI,3.52,5000,154331322,31416,63659735000,
361,200670,휴메딕스,KOSDAQ,3.52,26450,410419900,15670,297031648500,
362,298380,에이비엘바이오,KOSDAQ,3.51,82500,22447847300,272917,4618965697500,
363,484120,도우인시스,KOSDAQ,3.50,20700,1801682880,85827,226818635400,
364,376900,로킷헬스케어,KOSDAQ,3.50,29550,2916244650,100159,514444519500,
365,109960,앱토크롬,KOSDAQ,3.50,1920,18875470,9802,29053887360,
366,030210,다올투자증권,KOSPI,3.49,3855,295658365,77175,234812313630,
367,131090,시큐브,KOSDAQ,3.49,4150,109833410,26998,31781617150,
368,368970,오에스피,KOSDAQ,3.49,2375,81386035,35628,24217791875,
369,011790,SKC,KOSPI,3.48,86300,8732534900,101289,4280333117400,
370,035720,카카오,KOSPI,3.48,38700,81183442175,2091584,17143367409000,
371,041920,메디아나,KOSDAQ,3.48,9220,350206590,38599,171475616060,
372,094360,칩스앤미디어,KOSDAQ,3.47,10730,322527480,30216,229142090020,
373,084370,유진테크,KOSDAQ,3.46,134600,19734353900,146567,3084499253200,
374,000680,LS네트웍스,KOSPI,3.45,2995,195768795,66218,236015032920,
375,048870,시너지이노베이션,KOSDAQ,3.45,1650,806628725,496381,145376488950,
376,354320,알멕,KOSDAQ,3.45,33000,1422000900,43758,210915573000,
377,041020,폴라리스오피스,KOSDAQ,3.45,3000,414430483,140179,149051379000,
378,405000,플라즈맵,KOSDAQ,3.44,4055,17164195,4287,21789672260,
379,045970,코아시아,KOSDAQ,3.42,3020,131641889,43845,79470925520,
380,199800,툴젠,KOSDAQ,3.42,37750,859016550,22545,339660494750,
381,064240,홈캐스트,KOSDAQ,3.41,1547,51271760,33738,53672006297,
382,000640,동아쏘시오홀딩스,KOSPI,3.40,91200,2228450900,24629,614006462400,
383,363260,모비데이즈,KOSDAQ,3.39,916,84094519,91706,29462012404,
384,091340,SK폴리텍,KOSDAQ,3.37,2145,54713315,25852,25104481545,
385,064550,바이오니아,KOSDAQ,3.37,9500,19714443060,2065842,245197764500,
386,448710,코츠테크놀로지,KOSDAQ,3.37,11640,393293740,34274,61520798880,
387,018290,브이티,KOSDAQ,3.36,12620,2148257000,170923,440965995560,
388,108860,셀바스AI,KOSDAQ,3.36,9230,2795460920,306723,248423511700,
389,315640,딥노이드,KOSDAQ,3.35,1699,94338396,56567,49903422168,
390,377480,마음AI,KOSDAQ,3.35,10480,235903720,22647,74515682000,
391,101170,우림피티에스,KOSDAQ,3.32,8410,1945581290,223678,113535000000,
392,036930,주성엔지니어링,KOSDAQ,3.32,177300,138767846150,788301,8241102753300,
393,007120,미래아이앤지,KOSPI,3.31,1217,39418979,33413,33252229738,
394,408920,메쎄이상,KOSDAQ,3.31,3125,24746235,8004,135101421875,
395,037950,엘컴텍,KOSDAQ,3.30,2975,141704187,47259,50246271425,
396,049070,인탑스,KOSDAQ,3.30,17830,385245640,21842,293563942810,
397,488280,에스투더블유,KOSDAQ,3.27,10420,744194650,71477,112801564120,
398,035620,바른손이앤에이,KOSDAQ,3.26,728,201440139,266747,13548020304,
399,0007J0,인벤테라,KOSDAQ,3.24,7970,44328220,5595,62689740580,
400,001520,동양,KOSPI,3.23,1118,246383136,221754,119762431776,
401,003120,일성아이에스,KOSPI,3.23,20750,780942185,37857,275975000000,
402,171090,선익시스템,KOSDAQ,3.23,67100,1762054500,26020,679563704600,
403,089150,케이씨티,KOSDAQ,3.23,1853,24607681,13368,31778950000,
404,445680,큐리옥스바이오시스템즈,KOSDAQ,3.23,44750,5351447850,116058,769845661250,
405,368770,파이버프로,KOSDAQ,3.23,14370,2395029710,168878,472115213250,
406,950190,고스트스튜디오,KOSDAQ,3.22,8660,110667290,12902,112727730940,
407,483650,달바글로벌,KOSPI,3.21,225000,26983367000,121968,2811130875000,
408,129920,대성하이텍,KOSDAQ,3.21,6100,531795860,88612,99117045600,
409,352940,인바이오,KOSDAQ,3.21,2090,32602484,16135,22713555700,
410,000155,두산우,KOSPI,3.20,419000,2924531500,7082,1674517578000,
411,115610,이미지스,KOSDAQ,3.20,1515,58739776,38705,17905435035,
412,432430,와이랩,KOSDAQ,3.19,2100,14926900,7275,34667472000,
413,088350,한화생명,KOSPI,3.18,5510,18025838715,3306496,4785600300000,
414,092790,넥스틸,KOSPI,3.17,11700,1909302095,162738,304223400000,
415,306200,세아제강,KOSPI,3.17,139900,1705331600,12236,396798370000,
416,388610,지에프씨생명과학,KOSDAQ,3.17,5540,62840240,11463,29502621820,
417,115180,큐리언트,KOSDAQ,3.17,26050,3142419700,120511,977198046050,
418,047050,포스코인터내셔널,KOSPI,3.16,52300,51468692950,985663,9200761812400,
419,003030,세아제강지주,KOSPI,3.15,101500,2065543550,20034,420378185500,
420,101360,에코앤드림,KOSDAQ,3.15,7870,168290690,21462,139976717180,
421,462870,시프트업,KOSPI,3.14,32850,1480536475,45541,1929671086500,
422,403850,더핑크퐁컴퍼니,KOSDAQ,3.14,11480,736448365,64580,164749594800,
423,006040,동원산업,KOSPI,3.13,37950,2590434450,68268,1675144081050,
424,110990,디아이티,KOSDAQ,3.13,16490,725571280,44271,311661000000,
425,033320,제이씨현시스템,KOSDAQ,3.13,3130,9469726175,2816243,59828172160,
426,440110,파두,KOSDAQ,3.13,65900,22078884700,341058,3302316679300,
427,376270,HEM파마,KOSDAQ,3.12,41350,1601343050,42318,298511728450,
428,336060,웨이버스,KOSDAQ,3.11,2820,31207735,11042,27159532800,
429,018260,삼성에스디에스,KOSPI,3.10,233000,38040952250,162816,18029027400000,
430,416180,신성에스티,KOSDAQ,3.10,23300,483838475,20469,210626827400,
431,034730,SK,KOSPI,3.09,568000,105383802000,184151,41181535304000,
432,089590,제주항공,KOSPI,3.09,4170,517442895,124295,336272907450,
433,440320,오픈놀,KOSDAQ,3.09,2505,17325955,7017,24999900000,
434,115500,케이씨에스,KOSDAQ,3.09,9000,387229285,43629,108000000000,
435,015760,한국전력,KOSPI,3.08,31800,41183554625,1292527,20414457648600,
436,419530,SAMG엔터,KOSDAQ,3.08,21750,1366814100,62956,222009579750,
437,168360,펨트론,KOSDAQ,3.08,13400,1046114065,78057,300060263800,
438,217500,러셀,KOSDAQ,3.07,1677,131633184,80148,53348724000,
439,251970,펌텍코리아,KOSDAQ,3.07,57100,4577468000,80600,708040000000,
440,023590,다우기술,KOSPI,3.05,38850,704875400,18228,1681712071200,
441,003780,진양산업,KOSPI,3.05,3885,94933340,24799,50505000000,
442,205470,휴마시스,KOSDAQ,3.05,2875,265013994,91199,70940627875,
443,003470,유안타증권,KOSPI,3.04,4575,1322235862,289634,881511466650,
444,122640,예스티,KOSDAQ,3.04,28850,10037753575,349619,623291988750,
445,211050,인카금융서비스,KOSDAQ,3.04,10830,565898105,52501,533525405310,
446,012030,DB,KOSPI,3.03,1495,672278977,452707,300755029835,
447,195940,HK이노엔,KOSDAQ,3.03,42500,7302309225,172133,1204020367500,
448,00680K,미래에셋증권2우B,KOSPI,3.01,11650,2199924510,189318,1590225000000,
449,387570,파인메딕스,KOSDAQ,3.00,6180,72780350,12329,34768062000,
450,011170,롯데케미칼,KOSPI,2.98,55300,10801516150,197259,2365480670700,
451,002790,아모레퍼시픽홀딩스,KOSPI,2.98,25900,2559957625,98772,1980266862000,
452,005090,SGC에너지,KOSPI,2.97,62500,15094744500,236471,900583312500,
453,005500,삼진제약,KOSPI,2.97,18020,682060640,38285,240026400000,
454,024910,경창산업,KOSDAQ,2.96,1667,333232590,207047,59710281335,
455,069140,누리플랜,KOSDAQ,2.96,1985,159162315,80793,29965170940,
456,003540,대신증권,KOSPI,2.95,26150,1740573575,66844,1246469194900,
457,317450,명인제약,KOSPI,2.95,47150,867896150,18565,688390000000,
458,038460,바이오스마트,KOSDAQ,2.94,2625,207957370,79835,66345672750,
459,050960,수산아이앤티,KOSDAQ,2.94,9110,132124100,14853,61501610000,
460,108675,LX하우시스우,KOSPI,2.93,18600,80744010,4376,19201338000,
461,299170,더블유에스아이,KOSDAQ,2.92,1270,342255014,270522,52719335760,
462,038680,에스넷,KOSDAQ,2.92,4405,1645238502,377698,87715188010,
463,082270,젬백스,KOSDAQ,2.92,10930,1665784850,153847,483862388790,
464,115570,스타플렉스,KOSDAQ,2.91,2475,103857875,43264,19761657300,
465,042510,라온시큐어,KOSDAQ,2.90,8150,789022390,99204,90512498200,
466,290650,엘앤씨바이오,KOSDAQ,2.90,53300,9850006100,184330,1437485223200,
467,032940,원익,KOSDAQ,2.90,6030,282752100,46533,109704881430,
468,420570,제이투케이바이오,KOSDAQ,2.89,8900,229969360,26114,52042598700,
469,041460,한국전자인증,KOSDAQ,2.89,3380,104851075,31097,64220000000,
470,092040,아미코젠,KOSDAQ,2.88,1000,715801817,719931,70655387000,
471,0008Z0,에스엔시스,KOSDAQ,2.88,23250,288699425,12388,219400113000,
472,494120,큐리오시스,KOSDAQ,2.88,10730,1161218240,108106,163737267720,
473,022100,포스코DX,KOSPI,2.87,20450,3711167525,181252,3109110208050,
474,086960,MDS테크,KOSDAQ,2.87,2045,358937966,179017,86971130150,
475,036710,심텍홀딩스,KOSDAQ,2.87,4120,834056695,203486,217650346480,
476,170900,동아에스티,KOSPI,2.86,37800,229722250,6142,367713901800,
477,066970,엘앤에프,KOSPI,2.86,108000,38856123350,352010,4393943496000,
478,101490,에스앤에스텍,KOSDAQ,2.85,43250,5013769600,115633,922733516750,
479,031980,피에스케이홀딩스,KOSDAQ,2.85,115400,16583826400,142683,2488300383000,
480,035510,신세계IC,KOSPI,2.84,13410,340780480,25511,187483869000,
481,226400,오스테오닉,KOSDAQ,2.84,4345,182475868,42332,89774656345,
482,439580,블루엠텍,KOSDAQ,2.83,1671,70046015,41937,56557580037,
483,020710,시공테크,KOSDAQ,2.83,3450,346952607,102589,69165496500,
484,088790,진도,KOSPI,2.82,2185,43574480,20250,27198320640,
485,068790,DMS,KOSDAQ,2.82,7650,735444080,96280,172662213600,
486,199730,바이오인프라,KOSDAQ,2.82,1606,763191728,426240,7812173402,
487,328380,솔트웨어,KOSDAQ,2.82,3835,157356133,41438,26279548425,
488,175140,아고스,KOSDAQ,2.81,2375,58431840,25009,59242600875,
489,317870,엔바이오니아,KOSDAQ,2.81,6220,219017405,34131,54996586900,
490,166480,코아스템켐온,KOSDAQ,2.81,2015,92039028,45788,106533807640,
491,005250,녹십자홀딩스,KOSPI,2.80,10280,2186176495,209272,483449998800,
492,078020,LS증권,KOSDAQ,2.79,6640,221181640,33470,368395101600,
493,095500,미래나노텍,KOSDAQ,2.79,6990,529466140,76058,216759893010,
494,063170,서울옥션,KOSDAQ,2.79,5520,127809890,23373,98113953840,
495,311320,지오엘리먼트,KOSDAQ,2.79,8840,930611890,105836,111512710400,
496,407400,꿈비,KOSDAQ,2.78,1960,60393150,30983,28683686640,
497,086450,동국제약,KOSDAQ,2.78,18500,3998146780,217737,836762770000,
498,094800,맵스리얼티,KOSPI,2.77,7050,1022028385,145566,654482033550,
499,021045,대호특수강우,KOSDAQ,2.77,2600,835400,322,2206079200,
500,192440,슈피겐코리아,KOSDAQ,2.77,29700,297233775,10028,184625981100,
501,006340,대원전선,KOSPI,2.76,14530,44993064720,3151355,1139361464480,
502,222040,코스맥스엔비티,KOSDAQ,2.76,8200,2908569600,365000,169149600000,
503,161580,필옵틱스,KOSDAQ,2.76,27950,1890778850,67429,655210803650,
504,298830,슈어소프트테크,KOSDAQ,2.75,4300,563281391,130886,229871545700,
505,092200,디아이씨,KOSPI,2.74,6740,6938121655,1039990,262108955060,
506,406820,뷰티스킨,KOSDAQ,2.73,1955,436095401,227542,27636186935,
507,490470,세미파이브,KOSDAQ,2.73,15410,3366316340,218207,524332030400,
508,065530,와이어블,KOSDAQ,2.73,1240,126688227,103670,59320061160,
509,372170,윤성에프앤씨,KOSDAQ,2.73,20700,537405300,25657,165166293600,
510,043910,자연과환경,KOSDAQ,2.73,3390,74345615,22301,38439701550,
511,002870,신풍,KOSPI,2.72,981,88297764,91541,34294484700,
512,250060,모비스,KOSDAQ,2.72,2835,261560446,92587,91205675190,
513,298000,효성화학,KOSPI,2.71,75700,3864936350,50089,287040092700,
514,182360,큐브엔터,KOSDAQ,2.71,5680,45203945,7981,88293248480,
515,002620,제일파마홀딩스,KOSPI,2.70,7620,20461690,2725,121716965100,
516,128940,한미약품,KOSPI,2.70,399000,37519785500,94247,5111585409000,
517,069640,한세엠케이,KOSPI,2.70,1484,62554946,42329,32255453804,
518,317330,덕산테코피아,KOSDAQ,2.69,10670,369479355,34658,218485151280,
519,234100,폴라리스세원,KOSDAQ,2.69,2670,26378070,10191,38986368120,
520,054920,한컴위드,KOSDAQ,2.69,3625,607454821,166788,102286918625,
521,205500,넥써쓰,KOSDAQ,2.67,1732,366851104,212546,140958897940,
522,042000,카페24,KOSDAQ,2.67,16900,693115710,40713,408611056100,
523,241790,티이엠씨씨엔에스,KOSDAQ,2.67,5770,193005020,33911,57715198180,
524,214420,토니모리,KOSPI,2.66,5410,381010135,70816,130136462590,
525,003480,한진중공업홀딩스,KOSPI,2.66,4830,6555373640,1224356,142628991960,
526,462980,아이지넷,KOSDAQ,2.66,1504,53707993,35680,27424593248,
527,317690,퀀타매트릭스,KOSDAQ,2.65,2515,183765590,73810,50639597935,
528,090430,아모레퍼시픽,KOSPI,2.63,136600,25728822250,188995,7990110879400,
529,011155,CJ씨푸드1우,KOSPI,2.62,6660,23465500,3587,1332000000,
530,097950,CJ제일제당,KOSPI,2.61,184800,24476916800,130795,2782013572800,
531,056730,CNT85,KOSDAQ,2.61,1415,9670304,6885,20973465355,
532,041510,에스엠,KOSDAQ,2.61,74700,8187181200,108911,1710233343000,
533,200130,콜마비앤에이치,KOSDAQ,2.61,9440,700943920,75066,277682867520,
534,122450,KX,KOSDAQ,2.60,2765,92856518,33941,123926841010,
535,030530,원익홀딩스,KOSDAQ,2.60,20100,7000824370,348948,1552483418100,
536,347700,스피어,KOSDAQ,2.59,25750,16553503475,645609,1327447571500,
537,950140,잉글우드랩,KOSDAQ,2.59,8330,146297055,17812,165499323780,
538,000860,강남제비스코,KOSPI,2.58,11930,329677100,28070,155090000000,
539,226340,본느,KOSDAQ,2.58,5970,26037808130,4216275,50091189480,
540,006400,삼성SDI,KOSPI,2.57,499500,197271560000,390207,40252472235000,
541,000520,삼일제약,KOSPI,2.57,6380,427020295,67611,138393754180,
542,267790,배럴,KOSDAQ,2.57,3395,42083100,12656,26105204055,
543,383310,에코프로에이치엔,KOSDAQ,2.57,23950,1704344725,71448,502349621400,
544,900250,크리스탈신소재,KOSDAQ,2.57,1159,98026304,85594,41509586159,
545,079160,CJCGV,KOSPI,2.56,5210,9556693560,1772148,862686372370,
546,000020,동화약품,KOSPI,2.56,5200,436908825,84530,145243644000,
547,308170,씨티알모빌리티,KOSPI,2.56,3600,6819920,1922,30996000000,
548,378340,필에너지,KOSDAQ,2.56,10430,255207310,24448,225745689260,
549,052260,현대바이오랜드,KOSDAQ,2.56,4005,144158295,36482,120150000000,
550,065660,안트로젠,KOSDAQ,2.55,15670,391066210,25127,156795587000,
551,215380,콜마바이오텍,KOSDAQ,2.55,2210,121384385,55810,37193362960,
552,417970,모델솔루션,KOSDAQ,2.54,10920,45134315,4188,69851964000,
553,160190,하이젠알앤엠,KOSDAQ,2.54,19810,2270113670,115758,611891280000,
554,016610,DB증권,KOSPI,2.52,9370,475290410,50749,397722664930,
555,042940,상지건설,KOSDAQ,2.52,6110,228982010,37508,41723430320,
556,123040,엠에스오토텍,KOSDAQ,2.52,1790,769599682,425694,112104655210,
557,413630,씨피시스템,KOSDAQ,2.51,3475,1353654227,391583,126617202375,
558,027360,아주IB투자,KOSDAQ,2.51,3675,10649265834,2926044,445209367050,
559,049080,기가레인,KOSDAQ,2.50,8200,1585330245,196122,69604338800,
560,009780,엠에스씨,KOSDAQ,2.50,6970,166272740,23991,122672000000,
561,100030,인지소프트,KOSDAQ,2.50,20100,310928330,15633,66002651400,
562,200880,서연이화,KOSPI,2.48,12400,485132390,39250,335152618800,
563,111110,호전실업,KOSPI,2.48,6600,24057390,3696,59835600000,
564,0017J0,세미티에스,KOSDAQ,2.47,2900,2109299889,705805,87396206700,
565,450950,아스테라시스,KOSDAQ,2.47,5400,154526460,28783,203188996800,
566,092780,DYP,KOSPI,2.46,3540,192375595,54609,46616348400,
567,056190,SFA,KOSDAQ,2.46,24950,1970382050,79532,895923562000,
568,078070,유비쿼스홀딩스,KOSDAQ,2.46,9160,158479700,17300,156259001880,
569,189690,포시에스,KOSDAQ,2.46,1544,49524906,32501,42185120136,
570,002140,고려산업,KOSPI,2.45,2090,744136162,361335,52123398250,
571,206640,바디텍메드,KOSDAQ,2.45,10450,122511510,11727,228937774450,
572,000230,일동홀딩스,KOSPI,2.44,6290,47775300,7547,72589116000,
573,263020,디케이앤디,KOSDAQ,2.43,3165,135807425,43108,43791402090,
574,337930,젝시믹스,KOSDAQ,2.43,2955,128304094,43580,87693983625,
575,204840,지엘팜텍,KOSDAQ,2.42,4015,98117065,24734,62271851015,
576,183190,아세아시멘트,KOSPI,2.41,9780,753002130,76222,351867500160,
577,0015G0,그린광학,KOSDAQ,2.41,15310,429807000,28161,179165902710,
578,438700,버넥트,KOSDAQ,2.41,1869,42699950,23261,20829799410,
579,330730,스톤브릿지벤처스,KOSDAQ,2.41,4895,121423240,24947,89176277850,
580,200350,아티스트스튜디오,KOSDAQ,2.41,2335,12291660,5320,23340718375,
581,073010,케이에스피,KOSDAQ,2.41,2970,495210354,167347,119368012500,
582,025530,SJM홀딩스,KOSPI,2.40,3620,46780606,13076,54061108960,
583,161000,애경케미칼,KOSPI,2.40,9400,1051624165,111705,457297864600,
584,030520,한컴,KOSDAQ,2.40,17520,1966653305,111983,423629114880,
585,096760,JW홀딩스,KOSPI,2.39,4070,410728298,102864,300874513940,
586,001270,부국증권,KOSPI,2.39,55700,88927300,1603,577602650200,
587,376300,디어유,KOSDAQ,2.39,18820,682723200,36034,446756800920,
588,215200,메가스터디교육,KOSDAQ,2.39,36350,1218643700,33812,376775601600,
589,238090,앤디포스,KOSDAQ,2.39,1884,93465262,51757,57443988960,
590,033200,모아텍,KOSDAQ,2.38,2580,10682350,4149,23747684820,
591,003160,디아이,KOSPI,2.37,25900,3871600375,149967,732970000000,
592,005290,동진쎄미켐,KOSDAQ,2.37,43200,11845558900,273592,2201909443200,
593,493330,지에프아이,KOSDAQ,2.37,11210,218636835,19572,90122940730,
594,323350,다원넥스뷰,KOSDAQ,2.36,8230,261778735,31883,65928653560,
595,058470,리노공업,KOSDAQ,2.36,69500,23620827600,343292,5296723575000,
596,050090,비케이홀딩스,KOSDAQ,2.36,608,34382004,58191,14309118880,
597,071280,로체시스템즈,KOSDAQ,2.35,6970,1146058500,164733,106617322910,
598,365330,에스와이스틸텍,KOSDAQ,2.35,1522,661246773,431318,76360262000,
599,025620,차AI헬스케어,KOSPI,2.34,4810,16124289,3390,87561110130,
600,006920,모헨즈,KOSDAQ,2.34,3280,340908785,104643,35817600000,
601,017250,인터엠,KOSDAQ,2.34,1007,40025987,40308,21192785269,
602,122310,제노레이,KOSDAQ,2.34,3280,89756260,27817,47736608320,
603,048550,SMCC,KOSDAQ,2.33,1361,661528940,487553,131628597820,
604,307750,국전,KOSDAQ,2.33,2195,184463280,85348,118499902160,
605,039740,한국정보공학,KOSDAQ,2.33,3070,70374090,23212,24616478790,
606,019170,신풍제약,KOSPI,2.31,8400,469603350,55570,440315584800,
607,053700,삼보모터스,KOSDAQ,2.31,4205,896232591,214577,112339758185,
608,227610,아우딘퓨쳐스,KOSDAQ,2.31,1287,52214330,41048,24935072877,
609,241690,유니테크노,KOSDAQ,2.31,2660,73490020,28207,65092077960,
610,323280,태성,KOSDAQ,2.31,53100,11016894600,209828,1621566738000,
611,042520,한스바이오메드,KOSDAQ,2.31,19500,2478216735,126714,278096656500,
612,112290,와이씨켐,KOSDAQ,2.30,10690,580931485,55104,216163452100,
613,415640,KB발해인프라,KOSPI,2.29,10280,981519530,96665,1259768233440,
614,162300,신스틸,KOSDAQ,2.29,1694,2210515386,1270922,70252521108,
615,011150,CJ씨푸드,KOSPI,2.28,2020,47702374,23758,72580161460,
616,014910,성문전자,KOSPI,2.28,2015,412775081,207346,44042372855,
617,086890,이수앱지스,KOSDAQ,2.28,3370,159133625,46998,137411554540,
618,340450,지씨지놈,KOSDAQ,2.28,5820,1644813180,278749,137647615260,
619,131220,대한과학,KOSDAQ,2.27,3610,57009287,16031,26910708900,
620,256840,한국비엔씨,KOSDAQ,2.27,2480,954028686,379493,169619317280,
621,089010,켐트로닉스,KOSDAQ,2.26,22600,961737725,42877,379002610200,
622,040610,SGG,KOSDAQ,2.25,3185,110177645,34760,54283859630,
623,064850,에프앤가이드,KOSDAQ,2.25,17270,584136855,33927,197056433640,
624,388790,라이콤,KOSDAQ,2.24,4105,762756084,186461,125671126800,
625,439090,마녀공장,KOSDAQ,2.24,17340,3580991915,208716,284259128400,
626,297090,씨에스베어링,KOSDAQ,2.24,3885,209566045,53558,105943950000,
627,900310,컬러레이,KOSDAQ,2.24,2050,9280070,4551,26257086750,
628,098460,고영,KOSDAQ,2.22,29900,26395906625,873093,2039305968700,
629,412350,레이저쎌,KOSDAQ,2.22,4370,555850489,127442,63815297910,
630,065370,위세아이텍,KOSDAQ,2.22,2760,64579848,23800,20379713040,
631,356860,티엘비,KOSDAQ,2.22,34600,15181044300,441876,820063596000,
632,005010,휴스틸,KOSPI,2.21,3695,482729123,130976,207614937125,
633,405920,나라셀라,KOSDAQ,2.21,1896,10484232,5641,24416832096,
634,069620,대웅제약,KOSPI,2.20,120900,2916992500,24102,1400816917500,
635,086520,에코프로,KOSDAQ,2.20,88100,47574601450,536670,11961878991200,
636,088340,유라클,KOSDAQ,2.20,6970,49265610,7110,30419644960,
637,493280,아이엠바이오로직스,KOSDAQ,2.19,17260,1941688085,113383,256078835740,
638,003650,미창석유,KOSPI,2.18,145600,571107000,3965,253296243200,
639,026890,스틱인베스트먼트,KOSPI,2.18,8440,367926395,43969,327225864280,
640,090435,아모레퍼시픽우,KOSPI,2.18,44550,385842025,8706,470351326500,
641,089790,제이티,KOSDAQ,2.18,4445,97118635,21972,45852455285,
642,009470,삼화전기,KOSPI,2.17,23550,584541800,24937,155755461000,
643,053950,경남제약,KOSDAQ,2.17,1600,43705921,27571,31391438400,
644,060590,씨티씨바이오,KOSDAQ,2.17,3055,93348275,30447,73873016100,
645,000325,노루홀딩스우,KOSPI,2.16,26050,279000,11,6344711950,
646,254120,자비스,KOSDAQ,2.16,947,90378029,96901,29124293690,
647,122870,와이지엔터테인먼트,KOSDAQ,2.15,40300,3800869500,93530,753249274700,
648,336260,두산퓨얼셀,KOSPI,2.14,40650,39449273325,969198,2662319961900,
649,003000,부광약품,KOSPI,2.14,4290,2485790995,559487,423271438590,
650,032080,아즈텍WB,KOSDAQ,2.13,1057,3987564,3822,22716017653,
651,037710,광주신세계,KOSPI,2.12,38450,4756504025,122484,293264763400,
652,455900,엔젤로보틱스,KOSDAQ,2.12,21700,695154825,32240,334027687700,
653,025770,한국정보통신,KOSDAQ,2.12,7690,117697055,15231,287946443990,
654,136490,선진,KOSPI,2.11,10140,872607940,86235,241125184560,
655,304100,솔트룩스,KOSDAQ,2.11,15520,1184293220,76197,195456629600,
656,239610,에이치엘사이언스,KOSDAQ,2.11,5320,1924120,362,28686051800,
657,142210,유니트론텍,KOSDAQ,2.11,6300,1420430165,225050,130733838900,
658,067010,이씨에스,KOSDAQ,2.11,2425,386538384,160948,26404612500,
659,217730,강스템바이오텍,KOSDAQ,2.10,2435,651147899,266730,229021852815,
660,267320,나인테크,KOSDAQ,2.10,2185,290907067,133422,125452419575,
661,434480,모니터랩,KOSDAQ,2.10,2680,68737730,25927,32991604000,
662,417200,LS머트리얼즈,KOSDAQ,2.09,11720,3050567220,258600,792889163480,
663,108380,대양전기공업,KOSDAQ,2.09,18060,1162344830,64890,172786033980,
664,285130,SK케미칼,KOSPI,2.08,49000,3275674825,66226,847639534000,
665,094840,슈프리마에이치큐,KOSDAQ,2.08,13220,195912645,15009,129636760980,
666,335810,프리시젼바이오,KOSDAQ,2.08,1470,4524968,3154,32265773820,
667,002710,TCC스틸,KOSPI,2.07,10340,272443890,26507,271049626980,
668,012610,경인양행,KOSPI,2.06,3220,389662825,121394,134004695300,
669,060370,LS마린솔루션,KOSDAQ,2.05,32350,2074400625,64002,1689926926900,
670,424960,스마트레이더시스템,KOSDAQ,2.05,3980,79432523,19944,65610737800,
671,049480,오픈베이스,KOSDAQ,2.05,1888,194574735,104261,59325459104,
672,018000,유니슨,KOSDAQ,2.05,996,1822670106,1843143,258460290864,
673,393210,토마토시스템,KOSDAQ,2.05,2485,57117005,23560,38802141840,
674,060980,HL홀딩스,KOSPI,2.04,39950,396429400,10025,362699937650,
675,042700,한미반도체,KOSPI,2.04,225500,144166864500,645969,21492901100000,
676,478560,블랙야크아이앤씨,KOSDAQ,2.04,2745,30587100,11311,70904168010,
677,065350,신성델타테크,KOSDAQ,2.04,30000,2723092000,90672,824518440000,
678,019180,티에이치엔,KOSPI,2.03,5520,424045535,77210,99360000000,
679,071090,하이스틸,KOSPI,2.03,3020,411237650,137371,60978242420,
680,038500,삼표시멘트,KOSDAQ,2.03,7530,2347871735,308792,812609784180,
681,0011T0,채비,KOSDAQ,2.03,5030,492768047,97424,236156442730,
682,005257,녹십자홀딩스2우,KOSPI,2.02,16690,22422410,1299,14119573100,
683,134790,시디즈,KOSPI,2.02,19160,15956880,841,38320000000,
684,071050,한국금융지주,KOSPI,2.02,186800,40239959400,214862,10409615305600,
685,015750,성우하이텍,KOSDAQ,2.02,6050,1054412245,173848,484000000000,
686,402030,코난테크놀로지,KOSDAQ,2.02,13660,215889220,15895,170988886080,
687,099410,동방선기,KOSDAQ,2.01,3295,154201310,47780,46130000000,
688,035150,백산,KOSPI,2.00,10720,110841820,10514,211945966880,
689,444530,심플랫폼,KOSDAQ,2.00,4590,34112041,7570,29521897740,
690,062040,산일전기,KOSPI,1.99,179200,19079062150,107517,5491198720000,
691,458870,씨어스,KOSDAQ,1.99,23050,2971012500,128830,877277007000,
692,475830,오름테라퓨틱,KOSDAQ,1.99,71700,12015086750,167970,1557294603000,
693,004370,농심,KOSPI,1.97,441000,20373040750,45936,2682445122000,
694,039200,오스코텍,KOSDAQ,1.97,38850,5878927350,153061,1486330137600,
695,105840,우진,KOSPI,1.96,12980,1401248765,108057,262165756600,
696,003460,유화증권,KOSPI,1.96,3120,156399645,50304,176911534800,
697,452260,한화갤러리아,KOSPI,1.96,2025,812574488,401782,392565710250,
698,318000,KBG,KOSDAQ,1.96,2860,14771525,5221,24997037780,
699,083470,이엠앤아이,KOSDAQ,1.96,989,47520336,49185,21105585381,
700,277810,레인보우로보틱스,KOSDAQ,1.95,471500,32124707750,68240,9147033047000,
701,207940,삼성바이오로직스,KOSPI,1.94,1574000,98865258000,62565,72861956874000,
702,003070,코오롱글로벌,KOSPI,1.94,9970,85282700,8625,253476871230,
703,190510,나무가,KOSDAQ,1.94,13650,292387540,21572,192264577050,
704,251630,브이원텍,KOSDAQ,1.94,3670,24767184,6892,58510391620,
705,243840,신흥에스이씨,KOSDAQ,1.94,5260,929911040,174614,202816316100,
706,001340,PKC,KOSPI,1.93,5020,656858135,131968,226041006780,
707,083310,엘오티베큠,KOSDAQ,1.93,10030,1161651170,117061,178634630990,
708,253590,네오셈,KOSDAQ,1.92,11150,2895111515,260377,489141178600,
709,056080,유진로봇,KOSDAQ,1.92,12740,1822374230,142776,487120091640,
710,094820,일진파워,KOSDAQ,1.92,11690,825671765,71222,176270108210,
711,214430,아이쓰리시스템,KOSDAQ,1.90,64200,1385719100,22011,469123203000,
712,330350,위더스제약,KOSDAQ,1.90,8040,1755396940,222628,106125427200,
713,054450,텔레칩스,KOSDAQ,1.90,9630,342342510,35439,145838963790,
714,464280,티디에스팜,KOSDAQ,1.90,5910,248145760,41859,32682300000,
715,012210,삼미금속,KOSDAQ,1.89,8090,2934042830,357861,186487274110,
716,035760,CJENM,KOSDAQ,1.88,32600,2612480225,79972,714890420400,
717,068930,디지털대성,KOSDAQ,1.88,8150,235962910,29174,225554037300,
718,100790,미래에셋벤처투자,KOSDAQ,1.88,15730,5520643600,353218,835586691940,
719,238200,비피도,KOSDAQ,1.88,2705,32246110,12018,22126900000,
720,011230,삼화전자,KOSPI,1.87,2730,526911075,193538,52322593050,
721,000670,영풍,KOSPI,1.87,38100,1717173225,44235,701447022300,
722,003670,포스코퓨처엠,KOSPI,1.87,163300,40039401650,242384,14524917726000,
723,279600,미디어젠,KOSDAQ,1.87,3820,14529300,3949,17895863420,
724,032680,소프트센,KOSDAQ,1.87,927,69488332,75175,19333401687,
725,058610,에스피지,KOSDAQ,1.87,103400,25714983900,248355,2293139024000,
726,208710,포톤,KOSDAQ,1.87,3000,435915190,145429,39540396000,
727,006360,GS건설,KOSPI,1.86,35600,80552386225,2249811,3046701044000,
728,001680,대상,KOSPI,1.86,17570,1952335100,111679,608765799250,
729,309960,LB인베스트먼트,KOSDAQ,1.86,4390,94508438,21733,101923679210,
730,021080,에이티넘인베스트,KOSDAQ,1.86,2185,283397997,128910,104880000000,
731,114190,강원에너지,KOSDAQ,1.85,8810,389608075,44131,230143964780,
732,066900,디에이피,KOSDAQ,1.85,1650,3124833,1824,37528429950,
733,464490,쿼드메디슨,KOSDAQ,1.85,5500,75084500,13555,63151621500,
734,037350,성도이엔지,KOSDAQ,1.83,7800,776576140,99914,118638000000,
735,413390,엠오티,KOSDAQ,1.83,7240,179654660,24825,83840503200,
736,074600,원익QnC,KOSDAQ,1.83,27850,5312170400,191912,732120800000,
737,0030R0,대신밸류리츠,KOSPI,1.82,3920,11872430,3064,234337600000,
738,129890,앱코,KOSDAQ,1.82,1006,295919767,296371,45818875612,
739,217820,원익피앤이,KOSDAQ,1.82,1953,650586168,333983,92678753727,
740,014790,HLDI,KOSPI,1.81,2525,130100294,52577,95592967525,
741,102460,이연제약,KOSPI,1.81,10140,1267949300,123334,188470263540,
742,039010,현대에이치티,KOSDAQ,1.81,7300,377977030,53148,62962500000,
743,004770,써니전자,KOSPI,1.80,1749,466326564,267489,62102509062,
744,281820,케이씨텍,KOSPI,1.80,67800,9090156350,134701,1342349215800,
745,295310,에이치브이엠,KOSDAQ,1.80,48100,3120220500,64706,587308551700,
746,215090,솔디펜스,KOSDAQ,1.79,1365,40788848,29809,31607477265,
747,003850,보령,KOSPI,1.78,9150,753797980,82555,784952944050,
748,272450,진에어,KOSPI,1.78,5140,168874015,33060,268308000000,
749,035080,그래디언트,KOSDAQ,1.78,12000,298219740,24829,137175408000,
750,072950,빛샘전자,KOSDAQ,1.78,9150,1448925645,159118,73681381500,
751,000250,삼천당제약,KOSDAQ,1.78,182800,25597779050,139051,4288025881600,
752,052710,아모텍,KOSDAQ,1.78,12000,3514880795,292981,175350552000,
753,190650,코리아에셋투자증권,KOSDAQ,1.78,6870,28418260,4160,43885560000,
754,004840,DRB동일,KOSPI,1.77,4320,87257405,20172,83256612480,
755,900140,엘브이엠씨홀딩스,KOSPI,1.77,1209,521692256,431545,233627682288,
756,140520,대창스틸,KOSDAQ,1.77,2015,31976615,16008,42535124645,
757,085660,차바이오텍,KOSDAQ,1.76,8650,3264517220,373828,804215117900,
758,003545,대신증권우,KOSPI,1.75,20400,483512675,23884,497420013600,
759,107590,미원홀딩스,KOSPI,1.75,58000,24397700,426,134560000000,
760,059120,아진엑스텍,KOSDAQ,1.75,6960,2009186230,292379,127438059360,
761,347890,엠엑스온,KOSDAQ,1.75,4650,140481158,30328,79111398600,
762,006910,보성파워텍,KOSDAQ,1.74,7000,5115187525,727356,343908768000,
763,005940,NH투자증권,KOSPI,1.73,26500,12495734600,468548,9783961782500,
764,006980,우성,KOSPI,1.73,15840,8048090,516,48945600000,
765,024850,HLB이노베이션,KOSDAQ,1.73,14720,1655538235,113270,467412167680,
766,036010,아비코전자,KOSDAQ,1.73,7060,497150850,70573,93848114040,
767,084850,아이티엠반도체,KOSDAQ,1.73,8800,153506255,17706,199609819200,
768,229000,젠큐릭스,KOSDAQ,1.73,1763,132634720,75065,41303854895,
769,425040,티이엠씨,KOSDAQ,1.73,9400,917549930,97506,206075241200,
770,008490,서흥,KOSPI,1.72,23600,1185040875,50877,273031066800,
771,023910,대한약품,KOSDAQ,1.72,26600,131618800,4971,159600000000,
772,067080,대화제약,KOSDAQ,1.72,10620,1284378255,119560,197708823000,
773,263800,데이타솔루션,KOSDAQ,1.72,5330,1135145435,213317,86481275400,
774,218150,미래생명자원,KOSDAQ,1.72,2065,347845100,170045,42158631130,
775,230240,에치에프알,KOSDAQ,1.72,14220,1441497360,102338,189253980000,
776,261520,이지스,KOSDAQ,1.72,4130,80244406,19742,42447314000,
777,093380,풍강,KOSDAQ,1.72,2965,78400622,26872,29292163045,
778,130660,한전산업,KOSPI,1.71,11280,536008065,47814,367728000000,
779,000890,보해양조,KOSPI,1.70,1373,880212407,647127,37927786325,
780,086390,유니테스트,KOSDAQ,1.70,10770,1687660295,159168,227614537020,
781,099750,이지케어텍,KOSDAQ,1.70,6590,145029940,21917,90013950070,
782,027740,마니커,KOSPI,1.69,1264,177275222,141320,40139096096,
783,039440,에스티아이,KOSDAQ,1.69,21100,1605947900,75808,327198691700,
784,330590,롯데리츠,KOSPI,1.68,3945,424655937,108891,1139982247380,
785,071055,한국금융지주우,KOSPI,1.68,151700,741552650,4900,888696676700,
786,006060,화승인더,KOSPI,1.68,2415,159384884,66618,133597800000,
787,109820,진매트릭스,KOSDAQ,1.68,1451,26988842,18563,29591171640,
788,256150,한독크린텍,KOSDAQ,1.68,4840,6134710,1273,40631800000,
789,005945,NH투자증권우,KOSPI,1.67,24350,579066000,23913,459508070800,
790,33637L,솔루스첨단소재2우B,KOSPI,1.67,2435,3274275,1353,9199167020,
791,052220,iMBC,KOSDAQ,1.67,1823,61222626,33854,41929000000,
792,222420,쎄노텍,KOSDAQ,1.67,914,67237180,74196,44254530022,
793,950250,테라뷰,KOSDAQ,1.67,2430,123542382,50567,86308086330,
794,006220,제주은행,KOSPI,1.66,9160,795402145,86779,346234782120,
795,004310,현대약품,KOSPI,1.66,6110,6338287170,1004733,195520000000,
796,040910,아이씨디,KOSDAQ,1.66,4580,31949924,7016,83238179500,
797,217190,제너셈,KOSDAQ,1.66,6730,1234073050,183124,88524811530,
798,141000,비아트론,KOSDAQ,1.65,8600,358891200,42959,104186506000,
799,035610,솔본,KOSDAQ,1.65,4610,117327055,25595,126065046170,
800,303530,이노뎁,KOSDAQ,1.65,2775,41544160,15167,20366554725,
801,092130,이크레더블,KOSDAQ,1.65,14170,140254690,9888,170657812000,
802,465480,인스피언,KOSDAQ,1.65,3390,18676100,5597,34367047080,
803,100090,SK오션플랜트,KOSPI,1.64,13660,5562560855,404121,853451242140,
804,004105,태양금속우,KOSPI,1.64,2790,35726765,12700,9207000000,
805,005810,풍산홀딩스,KOSPI,1.64,37250,613527725,16517,537044127000,
806,241520,DSC인베스트먼트,KOSDAQ,1.64,8080,688885680,84791,214928000000,
807,486990,노타,KOSDAQ,1.64,19210,1498921315,77583,410948580300,
808,036480,대성미생물,KOSDAQ,1.64,6180,34678860,5653,23484000000,
809,0007C0,아크릴,KOSDAQ,1.64,16750,403748505,24391,134507927000,
810,258610,케일럼,KOSDAQ,1.63,1183,51655684,43720,43161829529,
811,097955,CJ제일제당우,KOSPI,1.62,125200,472222550,3796,166194611600,
812,192250,케이사인,KOSDAQ,1.62,7540,110269490,14499,53286122500,
813,372320,큐로셀,KOSDAQ,1.62,25100,457608000,18122,382201515200,
814,380550,뉴로핏,KOSDAQ,1.61,8180,532170270,64469,99786723880,
815,036090,위지트,KOSDAQ,1.61,1328,272280106,203297,56507082592,
816,011420,갤럭시아에스엠,KOSPI,1.60,1464,175309713,117402,40332678816,
817,119830,아이텍,KOSDAQ,1.60,6970,938411865,136331,184973595920,
818,033100,제룡전기,KOSDAQ,1.60,47600,3371678175,71178,764570668400,
819,307930,컴퍼니케이,KOSDAQ,1.60,6340,408501700,64144,98967400000,
820,001360,삼성제약,KOSPI,1.59,1276,268858049,209436,120150812804,
821,009830,한화솔루션,KOSPI,1.59,35200,97886209800,2741235,7916217267200,
822,099220,SDN,KOSDAQ,1.59,511,488099492,967936,32164562850,
823,215100,로보로보,KOSDAQ,1.59,4165,279108206,66555,84751310910,
824,193250,링크드,KOSDAQ,1.59,2235,148192602,68444,29879565255,
825,015360,INVENI,KOSPI,1.58,14120,169820010,12115,384770000000,
826,036170,에이치엠넥스,KOSDAQ,1.58,2565,706282473,279684,157402830690,
827,017860,DS단석,KOSPI,1.57,11630,597375060,51022,206538786570,
828,214390,경보제약,KOSPI,1.57,5160,79067720,15448,123359397600,
829,124560,태웅로직스,KOSDAQ,1.57,1941,40821117,21391,75157094151,
830,094860,네오리진,KOSDAQ,1.55,1245,127074550,104186,66121967430,
831,065150,대산FB,KOSDAQ,1.55,1569,9709890,6157,25007098560,
832,419540,비스토스,KOSDAQ,1.55,3610,75662540,21113,21509293330,
833,033230,인성정보,KOSDAQ,1.55,1178,430425456,369721,59507117640,
834,001755,한양증권우,KOSPI,1.54,19820,24150510,1243,9372283400,
835,058430,포스코스틸리온,KOSPI,1.53,4640,937911373,202632,278400000000,
836,009320,아진전자부품,KOSPI,1.52,1003,48593108,48838,49447669310,
837,199550,레이저옵텍,KOSDAQ,1.52,2670,102803690,39264,39638261970,
838,188260,세니젠,KOSDAQ,1.52,2010,6750985,3408,27941649180,
839,169330,엠브레인,KOSDAQ,1.52,1340,13210793,10137,24544670120,
840,068050,팬엔터테인먼트,KOSDAQ,1.52,1202,31800260,26768,33288279352,
841,109860,동일금속,KOSDAQ,1.51,7390,8981670,1229,67249000000,
842,032500,케이엠더블유,KOSDAQ,1.51,15500,1407293450,90513,653971365500,
843,356890,싸이버원,KOSDAQ,1.50,2375,46846320,19896,28390334375,
844,050890,쏠리드,KOSDAQ,1.50,9500,3206888440,335497,577187073000,
845,127120,제이에스링크,KOSDAQ,1.50,37250,3054339550,83321,1364674870750,
846,100840,SNT에너지,KOSPI,1.49,27200,1006649400,37022,562517297600,
847,090355,노루페인트우,KOSPI,1.49,11580,576170,50,5362999080,
848,211270,AP위성,KOSDAQ,1.49,8180,214219960,26418,123373246720,
849,242040,나무에이엑스,KOSDAQ,1.49,3415,974327590,283533,118180391560,
850,330860,네패스아크,KOSDAQ,1.49,27250,6321726125,228957,332015226250,
851,171120,라이온켐텍,KOSDAQ,1.49,2050,35945280,17639,73598608000,
852,102120,어보브반도체,KOSDAQ,1.49,7500,655995760,86893,133355647500,
853,118000,메타케어,KOSPI,1.48,1370,22689731,16450,30216425450,
854,007810,코리아써키트,KOSPI,1.48,61600,13163318500,213831,1477329392000,
855,078000,텔코웨어,KOSPI,1.48,13010,108996420,8440,120213401770,
856,010820,퍼스텍,KOSPI,1.48,6180,1893190135,307402,301410576840,
857,041930,SY동아,KOSDAQ,1.48,4810,107720637,22478,73112000000,
858,104040,디에스엠,KOSDAQ,1.48,2750,80059270,29643,73737303750,
859,045510,정원엔시스,KOSDAQ,1.48,1098,85598161,78439,34564992786,
860,000810,삼성화재,KOSPI,1.47,622000,44036881891,71163,27770728206000,
861,060310,3S,KOSDAQ,1.47,1102,115414178,105414,58471062080,
862,153460,네이블,KOSDAQ,1.47,6200,11250430,1820,40486086800,
863,009460,한창제지,KOSPI,1.46,3465,255387108,73099,41349567105,
864,344820,KCC글라스,KOSPI,1.45,24550,227959050,9315,392076069600,
865,311690,CJ바이오사이언스,KOSDAQ,1.45,3850,10793110,2815,50302028700,
866,024120,KB오토시스,KOSDAQ,1.45,3150,30434485,9839,36225000000,
867,435570,에르코스,KOSDAQ,1.45,6990,18878240,2757,53242711170,
868,091700,파트론,KOSDAQ,1.45,5580,386154605,69640,279000000000,
869,289080,SV인베스트먼트,KOSDAQ,1.44,2110,471796393,222628,126891671630,
870,178320,서진시스템,KOSDAQ,1.44,38800,40403254800,1027226,2469648595600,
871,012200,계양전기,KOSPI,1.43,4270,900532492,211086,116241479830,
872,016090,대현,KOSPI,1.43,1490,209814576,142850,65980641900,
873,003310,대주산업,KOSDAQ,1.43,1629,256489918,158492,57654138150,
874,466410,사이냅소프트,KOSDAQ,1.43,8490,19827490,2374,42764325270,
875,018680,서울제약,KOSDAQ,1.43,1990,21538929,10957,23202044810,
876,257720,실리콘투,KOSDAQ,1.43,45950,59666560625,1293152,3013228779400,
877,036620,감성코퍼레이션,KOSDAQ,1.42,3930,1032888350,262355,353161369920,
878,083930,아바코,KOSDAQ,1.42,11410,407666720,35834,167467411090,
879,051905,LG생활건강우,KOSPI,1.41,107600,1326568350,12478,225557468400,
880,326030,SK바이오팜,KOSPI,1.41,86500,13249688500,152325,6774096125000,
881,002720,국제약품,KOSPI,1.41,3235,110020135,34496,68452056520,
882,009300,삼아제약,KOSDAQ,1.41,13670,69189040,5078,87077900000,
883,045520,크린앤사이언스,KOSDAQ,1.41,2510,49831640,20021,16315000000,
884,008870,금비,KOSPI,1.40,39700,28020550,727,39700000000,
885,002920,유성기업,KOSPI,1.40,1810,32646830,18332,46964975000,
886,271980,제일약품,KOSPI,1.40,10120,234654370,23254,148813304640,
887,222080,SFA넥셀,KOSDAQ,1.40,7940,2402822170,300167,617574343360,
888,049830,승일,KOSDAQ,1.40,6510,1960500,302,39920049120,
889,389020,자람테크놀로지,KOSDAQ,1.40,21800,312391475,14336,150530787600,
890,198080,캐프,KOSDAQ,1.39,2185,86850840,40134,47054379225,
891,456040,OCI,KOSPI,1.38,80800,3560528300,44057,723361596000,
892,008250,이건산업,KOSPI,1.38,2565,26258955,10242,28093508775,
893,067730,로지시스,KOSDAQ,1.38,2205,29268655,13413,21330998010,
894,177900,쓰리에이로직스,KOSDAQ,1.38,4035,70870730,17562,38847366000,
895,204270,제이앤티씨,KOSDAQ,1.38,19130,7371331910,384659,1106641154580,
896,079900,전진건설로봇,KOSPI,1.36,33500,494247925,14715,488850257500,
897,004150,한솔홀딩스,KOSPI,1.36,3350,236588895,70425,137439177000,
898,293490,카카오게임즈,KOSDAQ,1.36,8970,2973865710,338680,957505027050,
899,041910,폴라리스AI파마,KOSDAQ,1.36,5200,61012940,11759,69073420000,
900,320000,한울반도체,KOSDAQ,1.36,10410,690583885,66207,71971304700,
901,000590,CS홀딩스,KOSPI,1.35,67400,70077700,1054,77812086800,
902,001250,GS글로벌,KOSPI,1.35,2635,1065460459,400244,217476468140,
903,005420,코스모화학,KOSPI,1.35,10500,796620430,75220,403286394000,
904,054050,NH농우바이오,KOSDAQ,1.35,6780,113350290,16823,108687203580,
905,019010,베뉴지,KOSDAQ,1.35,5250,23012637920,4191197,253050000000,
906,475660,에스켐,KOSDAQ,1.35,3390,6710070,1985,26882140650,
907,317770,엑스페릭스,KOSDAQ,1.35,2620,167700335,63658,96007657280,
908,088390,이녹스,KOSDAQ,1.35,7520,30492620,4084,70581546880,
909,000070,삼양홀딩스,KOSPI,1.34,60500,887693800,14794,469673055500,
910,389500,에스비비테크,KOSDAQ,1.34,37800,3318998700,87499,251879241600,
911,0009K0,에임드바이오,KOSDAQ,1.34,26450,3344944400,126370,1710552208450,
912,005750,대림바스,KOSPI,1.33,4580,69816295,15408,75992459200,
913,013000,세우글로벌,KOSPI,1.33,1222,53537624,44142,35077547882,
914,032620,GC메디아이,KOSDAQ,1.33,3040,150413017,49948,158679302560,
915,037030,파워넷,KOSDAQ,1.33,3430,825808713,239987,87509562560,
916,039340,한국경제TV,KOSDAQ,1.33,4965,35043080,7157,109230000000,
917,123700,SJM,KOSPI,1.32,3445,38717215,11486,53758873610,
918,298690,에어부산,KOSPI,1.32,1462,82445869,56590,238181542864,
919,026150,특수건설,KOSDAQ,1.32,3845,77443745,20265,67465642695,
920,215000,골프존,KOSDAQ,1.31,34900,853820725,24468,219011983500,
921,084650,랩지노믹스,KOSDAQ,1.31,620,581665483,912181,46028793800,
922,273640,와이엠텍,KOSDAQ,1.30,5060,51565340,10227,55487960000,
923,264450,유비쿼스,KOSDAQ,1.30,10870,1026863200,92848,159413908910,
924,388050,지투파워,KOSDAQ,1.30,9320,46077413585,4719442,174371952840,
925,267850,아시아나IDT,KOSPI,1.29,9420,84044550,9029,104562000000,
926,004090,한국석유,KOSPI,1.29,11020,910994295,82826,139889202400,
927,259630,엠플러스,KOSDAQ,1.29,9390,918119715,95952,114768298440,
928,024880,케이피에프,KOSDAQ,1.29,3930,271960803,70217,78370582320,
929,084110,휴온스글로벌,KOSDAQ,1.29,23500,627368025,26917,297505582000,
930,024800,유성티엔에스,KOSDAQ,1.28,4365,129927125,30261,153758740050,
931,360350,코셈,KOSDAQ,1.28,6320,45118690,7171,34367970400,
932,196450,코아시아씨엠,KOSDAQ,1.28,790,63255316,81795,35802800000,
933,020150,롯데에너지머티리얼즈,KOSPI,1.27,32000,3323805550,103092,1675694816000,
934,459100,위츠,KOSDAQ,1.27,4370,19470220,4498,58846857000,
935,066620,국보디자인,KOSDAQ,1.26,24150,56998400,2361,181125000000,
936,241840,에이스토리,KOSDAQ,1.26,2420,54732720,22921,23086785480,
937,101970,우양에이치씨,KOSDAQ,1.26,10430,125351870,12130,154259793870,
938,001440,대한전선,KOSPI,1.25,28350,27064629575,949763,5556390096600,
939,025820,이구산업,KOSPI,1.25,4455,646296821,144085,148984110000,
940,363280,티와이홀딩스,KOSPI,1.25,1944,24523737,12724,88446815352,
941,077360,덕산하이메탈,KOSDAQ,1.25,9740,5709373660,582189,442556399480,
942,073560,우리손에프앤지,KOSDAQ,1.25,1543,80385396,52755,106833683149,
943,000850,화천기공,KOSPI,1.24,36750,525494450,14324,80850000000,
944,318060,그래피,KOSDAQ,1.24,20400,3069749475,147347,228218410800,
945,121600,나노신소재,KOSDAQ,1.24,49150,1484600525,29959,602686687650,
946,002460,HS화성,KOSPI,1.23,10700,106962980,10142,108605000000,
947,145995,삼양사우,KOSPI,1.23,32950,7184500,220,12193806500,
948,025890,한국주강,KOSPI,1.23,2460,85305210,35033,27415755360,
949,38380K,LX홀딩스1우,KOSPI,1.22,7490,8156290,1107,10974984650,
950,088910,동우팜투테이블,KOSDAQ,1.22,2080,104723755,50803,53501269120,
951,232680,라온로보틱스,KOSDAQ,1.22,9930,1152721305,116427,131646975000,
952,023150,MH에탄올,KOSPI,1.21,4185,8332275,1989,30879131310,
953,039020,이건홀딩스,KOSDAQ,1.21,2930,110759130,38619,66173197370,
954,452280,한선엔지니어링,KOSDAQ,1.21,10840,1643519660,151027,208644742800,
955,432320,KB스타리츠,KOSPI,1.20,1428,325099053,227541,215291398980,
956,293480,하나제약,KOSPI,1.20,8450,307575700,36578,150181393700,
957,272110,케이엔제이,KOSDAQ,1.20,25400,1010738525,39916,203845033000,
958,007770,한일화학,KOSDAQ,1.20,7570,15871740,2143,26570700000,
959,001420,태원물산,KOSPI,1.19,2125,110233955,51663,16150000000,
960,297890,HB솔루션,KOSDAQ,1.18,1716,248377719,144689,125509808424,
961,174900,앱클론,KOSDAQ,1.18,30100,7796272875,261378,600559082900,
962,001275,부국증권우,KOSPI,1.17,30300,40836300,1356,90900000000,
963,160550,NEW,KOSDAQ,1.17,1039,16339716,15901,28994444134,
964,078890,가온그룹,KOSDAQ,1.17,4335,161551331,37291,79872127905,
965,029460,케이씨,KOSPI,1.16,35000,870920350,24958,385718725000,
966,060560,HC홈센타,KOSDAQ,1.16,1999,27577969,13969,50750613999,
967,0013V0,삼진식품,KOSDAQ,1.16,5240,200886280,38285,51973757440,
968,155650,와이엠씨,KOSDAQ,1.16,3040,55352955,18385,57682048320,
969,065060,지엔코,KOSDAQ,1.16,3480,12930985,3721,20846543280,
970,050110,캠시스,KOSDAQ,1.16,1050,108619067,103612,30686064150,
971,032300,한국파마,KOSDAQ,1.16,7840,24890200,3192,85508535840,
972,293940,신한알파리츠,KOSPI,1.15,5260,544812970,104266,636145046980,
973,001620,케이비아이동국실업,KOSPI,1.15,2190,20964000,9669,48746347140,
974,348210,넥스틴,KOSDAQ,1.15,35300,1693431950,47905,369838276500,
975,013120,동원개발,KOSDAQ,1.15,2195,175535383,80351,199323779500,
976,067000,조이시티,KOSDAQ,1.15,1143,171519230,151140,79899638778,
977,321550,티움바이오,KOSDAQ,1.15,4380,338649335,77009,131568520500,
978,003080,SB성보,KOSPI,1.14,2225,134937535,60784,44544500000,
979,000390,SP삼화,KOSPI,1.14,6220,269249885,43351,169205577180,
980,009900,명신산업,KOSPI,1.14,8010,1235976930,154851,420285765330,
981,004910,조광페인트,KOSPI,1.14,3535,26865105,7661,45248000000,
982,019990,에너토크,KOSDAQ,1.14,4890,83282027,16969,47707270320,
983,054210,이랜텍,KOSDAQ,1.14,7100,981956925,138188,179567591000,
984,041440,현대에버다임,KOSDAQ,1.14,6200,228490725,36770,110618614400,
985,078140,대봉엘에스,KOSDAQ,1.13,8040,52641995,6565,89136095160,
986,066590,스모트로닉,KOSDAQ,1.13,2680,444174850,167864,103656871160,
987,321260,프로이천,KOSDAQ,1.13,1700,94432443,55427,47926542800,
988,093050,LF,KOSPI,1.12,22500,741454500,33356,657900000000,
989,454910,두산로보틱스,KOSPI,1.12,72300,19422169250,268060,4686484554000,
990,046440,KG파이낸셜,KOSDAQ,1.12,4060,312209690,76891,154323856120,
991,123750,알톤,KOSDAQ,1.12,1722,6167376,3565,23796763998,
992,363250,진시스템,KOSDAQ,1.12,4050,38194808,9578,34458947100,
993,278280,천보,KOSDAQ,1.12,36200,764581800,21064,443559505000,
994,006110,삼아알미늄,KOSPI,1.11,54800,9890682650,173042,828765334000,
995,192400,쿠쿠홀딩스,KOSPI,1.11,27400,577369475,21221,974403869000,
996,009835,한화솔루션우,KOSPI,1.11,18260,104108650,5646,46464688160,
997,218410,RFHIC,KOSDAQ,1.11,50100,11662235625,234346,1331429644200,
998,348350,위드텍,KOSDAQ,1.11,10010,145789910,14619,97833736000,
999,150900,파수AI,KOSDAQ,1.11,3630,183131000,51183,42485236860,
1000,039840,디오,KOSDAQ,1.10,11960,156477210,13167,160453302880,
1001,131180,딜리,KOSDAQ,1.10,3690,25192803,6854,21660300000,
1002,298050,HS효성첨단소재,KOSPI,1.09,166400,1411495900,8439,745463347200,
1003,014825,동원시스템즈우,KOSPI,1.09,13950,2374000,174,3684348450,
1004,007310,오뚜기,KOSPI,1.09,323500,1998662250,6120,1296533005000,
1005,036190,금화피에스시,KOSDAQ,1.09,32600,185447050,5662,195600000000,
1006,011560,세보엠이씨,KOSDAQ,1.09,23100,1318003200,57195,232960543200,
1007,086060,진바이오텍,KOSDAQ,1.09,4650,67946705,14621,40039229550,
1008,072710,농심홀딩스,KOSPI,1.08,93900,358940800,3835,435488481000,
1009,003475,유안타증권우,KOSPI,1.08,4205,85357660,20296,53871810850,
1010,000220,유유제약,KOSPI,1.08,3755,154411775,41167,59131719810,
1011,046310,백금TA,KOSDAQ,1.08,2335,109915575,47187,38337526735,
1012,452450,피아이이,KOSDAQ,1.08,3270,87414860,26401,117813195000,
1013,376180,피코그램,KOSDAQ,1.08,1584,37446494,23987,29400684192,
1014,219750,한국비티비,KOSDAQ,1.08,1689,2715919,1624,22101201753,
1015,047080,한빛소프트,KOSDAQ,1.08,935,167976670,183074,23208908470,
1016,383930,디티앤씨알오,KOSDAQ,1.07,1700,20607690,12217,21733017600,
1017,317120,라닉스,KOSDAQ,1.07,1415,68841928,48976,21592900000,
1018,036810,에프에스티,KOSDAQ,1.07,23700,2084318300,87339,513099999300,
1019,088980,맥쿼리인프라,KOSPI,1.06,9530,9768473760,1024332,4564126593290,
1020,043610,KT지니뮤직,KOSDAQ,1.06,1239,60503703,49123,72005027682,
1021,223250,드림씨아이에스,KOSDAQ,1.06,3340,172156040,50573,82165482960,
1022,042500,링네트,KOSDAQ,1.06,4310,521773836,119843,96074830640,
1023,014100,메디앙스,KOSDAQ,1.06,1723,13313948,7799,20331400000,
1024,451250,삐아,KOSDAQ,1.06,7610,151043920,19840,77818923970,
1025,085810,알티캐스트,KOSDAQ,1.06,1718,18589630,10965,24287285254,
1026,138360,앤로보틱스,KOSDAQ,1.06,1818,965460648,532331,159936612012,
1027,226590,엠디바이스,KOSDAQ,1.06,12420,328784290,26772,133102457280,
1028,101160,월덱스,KOSDAQ,1.06,28700,1578218650,54887,473865499100,
1029,065690,파커스,KOSDAQ,1.06,1717,94186488,54773,20628908519,
1030,126700,하이비젼시스템,KOSDAQ,1.06,10460,811605010,78194,156294491520,
1031,079170,한창산업,KOSDAQ,1.06,5730,26567630,4646,29796000000,
1032,084690,대상홀딩스,KOSPI,1.05,7700,146009620,19054,278836542600,
1033,187420,HLB제넥스,KOSDAQ,1.05,1920,495508457,262299,62678298240,
1034,196300,HLB펩,KOSDAQ,1.05,4795,55571335,11902,44960025005,
1035,054090,삼진엘앤디,KOSDAQ,1.05,958,47109456,49577,23910944256,
1036,014620,성광벤드,KOSDAQ,1.05,24150,1536885550,63168,641360340600,
1037,001530,DI동일,KOSPI,1.04,24250,347811350,14460,502353809250,
1038,014570,고려제약,KOSDAQ,1.04,3400,8251820,2437,37400000000,
1039,043150,바텍,KOSDAQ,1.04,19390,1574330560,82219,288024023840,
1040,482630,삼양엔씨켐,KOSDAQ,1.04,13600,1413909530,103001,297680608000,
1041,036830,솔브레인홀딩스,KOSDAQ,1.04,39000,1794201725,45432,799655259000,
1042,052790,액토즈소프트,KOSDAQ,1.04,3890,89116776,23248,42496487830,
1043,131030,옵투스제약,KOSDAQ,1.04,5810,106645110,18407,102526687900,
1044,065510,휴비츠,KOSDAQ,1.04,6780,577272920,85593,73752128100,
1045,008775,호텔신라우,KOSPI,1.03,29500,11104450,378,22180430500,
1046,336570,원텍,KOSDAQ,1.03,4885,2036140673,415312,436135955710,
1047,032800,판타지오,KOSDAQ,1.03,1565,20898069,13355,19502281930,
1048,090710,휴림로봇,KOSDAQ,1.03,6890,4015471350,577416,823761709810,
1049,004410,서울식품,KOSPI,1.02,1185,251872484,212551,46754190405,
1050,058650,세아홀딩스,KOSPI,1.02,128400,71258500,562,544703102400,
1051,075970,동국알앤에스,KOSDAQ,1.02,1586,15228989,9601,29182400000,
1052,131370,알서포트,KOSDAQ,1.02,1480,109176542,73969,78835282840,
1053,053980,오상자이엘,KOSDAQ,1.02,2470,137340200,55599,46887474010,
1054,191410,육일씨엔에쓰,KOSDAQ,1.02,1390,99350898,71955,15573914450,
1055,052600,한네트,KOSDAQ,1.02,2985,58515050,19771,34517644500,
1056,016710,대성홀딩스,KOSPI,1.01,7020,84772930,12287,112948002180,
1057,452200,민테크,KOSDAQ,1.01,1600,94547192,58831,38932480000,
1058,054800,아이디스홀딩스,KOSDAQ,1.01,15040,60183780,4041,155630250240,
1059,007370,진양제약,KOSDAQ,1.01,3990,68571570,17364,56397002130,
1060,000815,삼성화재우,KOSPI,1.00,405500,2768129000,6895,1219346610000,
1061,004170,신세계,KOSPI,1.00,404500,20814022750,51071,3820575714500,
1062,036580,팜스코,KOSPI,1.00,2535,72072320,28633,93105335505,
1063,079430,현대리바트,KOSPI,1.00,6040,103386825,17290,121489780080,
1064,137940,넥스트아이,KOSDAQ,1.00,2020,35090939,17536,19820375340,
1065,277880,티에스아이,KOSDAQ,1.00,3550,149810880,42360,70443402600,
1066,221840,하이즈항공,KOSDAQ,1.00,2025,5809057,2884,37868636025,
1067,178920,PI첨단소재,KOSPI,0.99,19450,726284050,37536,571174962900,
1068,001560,제일연마,KOSPI,0.99,9170,23859190,2665,69692000000,
1069,154040,다산솔루에타,KOSDAQ,0.99,1020,145366779,142868,22047926280,
1070,032850,비트컴퓨터,KOSDAQ,0.99,4070,63538860,15545,67656802510,
1071,140070,서플러스글로벌,KOSDAQ,0.99,1831,225582066,124267,67725028000,
1072,450330,하스,KOSDAQ,0.99,5090,110858785,22053,41671030870,
1073,234080,JW생명과학,KOSPI,0.98,11300,185300935,16564,178930460200,
1074,013360,일성건설,KOSPI,0.98,1548,954094447,614842,83630514240,
1075,006730,서부TD,KOSDAQ,0.98,10340,3308011280,316580,664623383820,
1076,352090,스톰테크,KOSDAQ,0.98,3595,115742639,32468,96608427810,
1077,460850,동국씨엠,KOSPI,0.97,5230,204333300,39132,156369970880,
1078,010140,삼성중공업,KOSPI,0.97,20800,38911609925,1862749,18304000000000,
1079,264660,씨앤지하이테크,KOSDAQ,0.97,13480,222506555,16402,131041398560,
1080,039130,하나투어,KOSPI,0.96,31650,502777300,15914,490256347800,
1081,336370,솔루스첨단소재,KOSPI,0.95,7420,469779165,63283,520975251160,
1082,004720,팜젠사이언스,KOSPI,0.95,3200,49000070,15426,72493968000,
1083,168330,내츄럴엔도텍,KOSDAQ,0.95,2120,21376455,10217,67320388000,
1084,017510,세명전기,KOSDAQ,0.95,7400,583591425,79011,112820400000,
1085,388210,씨엠티엑스,KOSDAQ,0.95,74500,2871479100,38713,719255631000,
1086,250930,예선테크,KOSDAQ,0.95,1597,15466351,9637,10540340536,
1087,001465,BYC우,KOSPI,0.94,26950,59028050,2199,58046257500,
1088,069540,빛과전자,KOSDAQ,0.94,2675,5399384519,2033190,301450824475,
1089,060900,에이전트AI,KOSDAQ,0.94,3770,41186805,10903,18412416100,
1090,016380,KG스틸,KOSPI,0.93,5440,1259147960,232287,544048399680,
1091,448730,삼성FN리츠,KOSPI,0.93,5440,138246640,25526,495312000000,
1092,176750,듀켐바이오,KOSDAQ,0.93,6520,132724350,20382,185746454400,
1093,001810,무림SP,KOSDAQ,0.93,1190,22324786,19227,26343625000,
1094,206650,유바이오로직스,KOSDAQ,0.93,8660,1624000045,181423,318274978620,
1095,237880,클리오,KOSDAQ,0.93,13040,1808575455,140355,235650443120,
1096,199480,뱅크웨어글로벌,KOSDAQ,0.92,3835,371936393,97408,39103914980,
1097,019210,와이지-원,KOSDAQ,0.92,15420,12333614015,829284,573527285760,
1098,093320,케이아이엔엑스,KOSDAQ,0.92,143200,787104600,5537,698816000000,
1099,151860,KG에코솔루션,KOSDAQ,0.91,5540,282831990,51234,263720631080,
1100,213420,덕산네오룩스,KOSDAQ,0.91,33150,2760918850,82982,823153583850,
1101,382800,지앤비에스에코,KOSDAQ,0.91,5570,4417484065,799193,177298898370,
1102,361610,SK아이이테크놀로지,KOSPI,0.90,14560,2053462740,139536,1190820176000,
1103,279570,케이뱅크,KOSPI,0.90,5580,1907293470,341914,2263778942580,
1104,303810,동국생명과학,KOSDAQ,0.90,2230,111116565,49775,71324632200,
1105,143240,사람인,KOSDAQ,0.90,16830,74735100,4444,180631862730,
1106,140670,알에스오토메이션,KOSDAQ,0.90,10120,340449880,33894,129939180800,
1107,145990,삼양사,KOSPI,0.89,45450,435533075,9668,468746257050,
1108,000087,하이트진로2우B,KOSPI,0.89,12440,30203130,2451,14058916720,
1109,101530,해태제과식품,KOSPI,0.89,5650,185938905,32950,164510044300,
1110,460870,에스엠씨지,KOSDAQ,0.89,2835,165900580,60000,56907816840,
1111,464080,에스오에스랩,KOSDAQ,0.89,10250,2425754250,238345,183957211250,
1112,078350,한양디지텍,KOSDAQ,0.89,22700,2003755700,88110,346047471400,
1113,001080,만호제강,KOSPI,0.88,4015,161965155,40747,140986564400,
1114,225570,넥슨게임즈,KOSDAQ,0.88,9210,904830380,98261,606572202540,
1115,361570,알비더블유,KOSDAQ,0.88,1710,148826875,89360,49151027610,
1116,021320,KCC건설,KOSDAQ,0.87,5800,56437805,9988,124120000000,
1117,402490,그린리소스,KOSDAQ,0.87,6940,485128050,70003,117530405980,
1118,060850,영림원소프트랩,KOSDAQ,0.87,4640,66931580,14486,37727840000,
1119,007700,FF홀딩스,KOSPI,0.86,14000,287523990,20597,547601138000,
1120,285490,노바텍,KOSDAQ,0.86,11670,146849795,12498,123419947770,
1121,221800,지구홀딩스,KOSDAQ,0.86,4110,161572782,39613,67070477610,
1122,003090,대웅,KOSPI,0.85,16700,1262770185,74981,970971066000,
1123,081000,일진다이아,KOSPI,0.85,9540,128324790,13385,135496381500,
1124,005380,현대차,KOSPI,0.85,417500,176085186250,421243,85486367305000,
1125,005860,한일사료,KOSDAQ,0.85,2385,650501408,274048,93977788725,
1126,065770,CS,KOSDAQ,0.84,1553,67835384,43826,16329894392,
1127,184230,SGA솔루션즈,KOSDAQ,0.84,1922,64595133,33702,36302695638,
1128,054950,제이브이엠,KOSDAQ,0.84,24050,238555675,9941,290761902600,
1129,051900,LG생활건강,KOSPI,0.83,304500,15237257500,49959,4560046753500,
1130,033270,유나이티드제약,KOSPI,0.83,18160,318739160,17610,288939674000,
1131,115440,우리넷,KOSDAQ,0.83,7320,303498825,41415,79014217440,
1132,274090,켄코아에어로스페이스,KOSDAQ,0.83,10900,716663600,66049,150138856300,
1133,004140,동방,KOSPI,0.82,1853,162355087,87841,88891682398,
1134,000370,한화손해보험,KOSPI,0.82,7360,5050052635,684791,859198414400,
1135,067370,선바이오,KOSDAQ,0.82,6130,120021260,18837,74870845330,
1136,377220,프롬바이오,KOSDAQ,0.82,3065,117920385,39625,17354030000,
1137,067310,하나마이크론,KOSDAQ,0.82,36900,56160771125,1511551,2453513066100,
1138,452190,한빛레이저,KOSDAQ,0.82,3690,236559585,64387,88266855330,
1139,282720,금양그린파워,KOSDAQ,0.81,7470,125934490,16741,90532665000,
1140,461030,아이엠비디엑스,KOSDAQ,0.81,3110,127390832,39399,44580347870,
1141,109610,에스와이,KOSDAQ,0.81,1871,280460779,148252,91505745400,
1142,145020,휴젤,KOSDAQ,0.81,249000,8496100250,34361,3116278077000,
1143,077970,STX엔진,KOSPI,0.80,25100,2034186250,80419,1007716381300,
1144,023960,에쓰씨엔지니어링,KOSPI,0.80,1009,97462505,97178,38378298775,
1145,011040,경동제약,KOSDAQ,0.80,5060,51797640,10264,155689955960,
1146,365900,브이씨,KOSDAQ,0.80,2510,31029436,12259,18348853000,
1147,084730,팅크웨어,KOSDAQ,0.80,6300,44460705,7141,69989371200,
1148,036670,삼양케이씨아이,KOSDAQ,0.79,5120,35449480,6967,55092224000,
1149,322310,오로스테크놀로지,KOSDAQ,0.79,14110,1414202780,99309,132161907620,
1150,127710,아시아경제,KOSDAQ,0.78,1028,19507287,19230,45282587880,
1151,336680,탑런토탈솔루션,KOSDAQ,0.78,2590,12793677,4940,101386995220,
1152,054040,한국컴퓨터,KOSDAQ,0.78,4535,180813925,39685,72883300150,
1153,286940,롯데이노베이트,KOSPI,0.77,18410,440607980,24030,278531646470,
1154,005610,삼립,KOSPI,0.77,39300,112165400,2874,339120053700,
1155,058400,KNN,KOSDAQ,0.77,5240,19551930,3776,69393173280,
1156,017650,대림제지,KOSDAQ,0.77,10430,71077480,6891,91627550000,
1157,319660,피에스케이,KOSDAQ,0.77,130100,25149400100,193152,3768569491400,
1158,006570,대림통상,KOSPI,0.76,1989,102584407,52926,30282525000,
1159,084695,대상홀딩스우,KOSPI,0.76,11970,10210280,859,10934379540,
1160,204610,티쓰리,KOSDAQ,0.76,3315,351194630,106407,184185444300,
1161,004980,성신양회,KOSPI,0.75,8050,415599660,51451,197354387650,
1162,248070,솔루엠,KOSPI,0.75,13400,1185511250,89170,640737562400,
1163,122900,아이마켓코리아,KOSPI,0.75,8010,414746460,52075,267765008400,
1164,052690,한전기술,KOSPI,0.75,94200,5070834900,53557,3600324000000,
1165,008470,부스타,KOSDAQ,0.75,1755,51903324,29661,29500848000,
1166,053620,태양,KOSDAQ,0.75,6760,59312110,8749,58136000000,
1167,003620,KG모빌리티,KOSPI,0.74,2730,794512114,291664,552483509760,
1168,000540,흥국화재,KOSPI,0.74,3400,132053255,39229,218424993000,
1169,046390,삼화네트웍스,KOSDAQ,0.74,2045,12749150,6276,35315458785,
1170,457550,우진엔텍,KOSDAQ,0.74,13530,514028275,37888,126085501740,
1171,027580,상보,KOSDAQ,0.73,1663,82877442,50127,19683692065,
1172,101730,위메이드맥스,KOSDAQ,0.73,4850,4524189834,926268,406445937100,
1173,003547,대신증권2우B,KOSPI,0.72,19680,134291215,6832,189059186880,
1174,001790,대한제당,KOSPI,0.72,2810,795104235,286037,242339781150,
1175,005300,롯데칠성,KOSPI,0.72,97300,1468429250,15024,902835413200,
1176,018880,한온시스템,KOSPI,0.72,3515,8935071521,2529065,3607312870280,
1177,027830,대성창투,KOSDAQ,0.72,982,31968898,32717,53028000000,
1178,225220,제놀루션,KOSDAQ,0.72,1394,74365419,54280,26750889274,
1179,040350,크레오에스지,KOSDAQ,0.72,7020,1349630365,184783,139390495920,
1180,166090,하나머티리얼즈,KOSDAQ,0.72,55800,6178739650,110674,1103594209200,
1181,000650,천일고속,KOSPI,0.71,155000,266386050,1741,221529100000,
1182,042370,비츠로테크,KOSDAQ,0.71,8530,897862690,104280,223486213250,
1183,005725,넥센우,KOSPI,0.70,4330,17230,4,15590598000,
1184,163560,동일고무벨트,KOSPI,0.70,5720,267234950,46711,79508000000,
1185,006090,사조오양,KOSPI,0.70,8640,54039770,6295,81412464960,
1186,002700,신일전자,KOSPI,0.70,1008,503535370,501019,69095901168,
1187,078520,에이블씨엔씨,KOSPI,0.70,11460,999038660,88260,298122285060,
1188,352820,하이브,KOSPI,0.70,173400,29589845450,168983,7474725362400,
1189,227840,현대코퍼레이션홀딩스,KOSPI,0.70,12990,249404905,19263,118219859640,
1190,016580,환인제약,KOSPI,0.70,10000,433902285,43564,186000700000,
1191,033130,디지틀조선,KOSDAQ,0.70,1882,36735319,19430,69850932494,
1192,462510,라메디텍,KOSDAQ,0.70,2880,73257055,25117,25352539200,
1193,357230,에이치피오,KOSDAQ,0.70,2160,29899815,13969,89193908160,
1194,237750,피앤씨테크,KOSDAQ,0.70,3615,17046120,4740,23485209000,
1195,102260,동성케미컬,KOSPI,0.69,3650,248730050,68405,184944007150,
1196,025440,DH오토웨어,KOSDAQ,0.69,3635,17655625,5033,35463946940,
1197,293580,나우IB,KOSDAQ,0.69,1462,111521013,76562,138787586900,
1198,080160,모두투어,KOSDAQ,0.69,8780,293945820,33193,165942000000,
1199,253450,스튜디오드래곤,KOSDAQ,0.69,21900,1576589500,71984,658281106200,
1200,000120,CJ대한통운,KOSPI,0.68,73500,2283327150,30901,1676707284000,
1201,008420,문배철강,KOSPI,0.68,2210,125866575,56796,45312746050,
1202,213500,한솔제지,KOSPI,0.68,7450,283018780,37892,177314291200,
1203,085670,뉴프렉스,KOSDAQ,0.68,2960,218117077,73677,72522252560,
1204,115530,씨엔플러스,KOSDAQ,0.68,2980,67752825,22769,25574523900,
1205,015710,코콤,KOSDAQ,0.68,2980,110577900,36144,52240890000,
1206,034810,해성산업,KOSDAQ,0.68,5940,311308120,52299,187586102880,
1207,009580,무림PP,KOSPI,0.67,1651,73333055,44749,102970102924,
1208,000225,유유제약1우,KOSPI,0.67,3745,8167065,2189,8489652850,
1209,251120,바이오에프디엔씨,KOSDAQ,0.67,9000,111867140,12364,78261300000,
1210,007720,소노스퀘어,KOSDAQ,0.67,1500,38271043,25793,30240135000,
1211,0011A0,액스비스,KOSDAQ,0.67,8990,302647925,33342,83910322600,
1212,067900,와이엔텍,KOSDAQ,0.67,5980,92445985,15549,108833960820,
1213,451760,컨텍,KOSDAQ,0.67,7520,516598035,68722,124138460480,
1214,022220,티케이지애강,KOSDAQ,0.67,604,4557557,7599,31283925716,
1215,003520,영진약품,KOSPI,0.66,1219,271796028,221422,222946239089,
1216,064350,현대로템,KOSPI,0.66,137200,45491440200,330476,14974322599600,
1217,081580,성우전자,KOSDAQ,0.66,2275,50233490,22069,35281025325,
1218,452400,이닉스,KOSDAQ,0.66,6100,30332240,5046,55335710800,
1219,027710,팜스토리,KOSDAQ,0.66,1064,240115646,226726,118547262400,
1220,28513K,SK케미칼우,KOSPI,0.65,23150,41911400,1816,48972181350,
1221,009150,삼성전기,KOSPI,0.65,1396000,1062812185000,766198,104272399616000,
1222,278470,에이피알,KOSPI,0.65,386000,135920409750,361763,14451127830000,
1223,475460,미트박스,KOSDAQ,0.65,6170,22227560,3654,34839059250,
1224,084180,수성웹툰,KOSDAQ,0.65,616,132556657,228004,11133758328,
1225,187270,신화콘텍,KOSDAQ,0.65,3080,27679130,9020,31243042600,
1226,072020,중앙백신,KOSDAQ,0.65,9260,19767500,2140,85717792060,
1227,199430,케이엔알시스템,KOSDAQ,0.65,13970,663454105,47587,156422690710,
1228,417180,핑거스토리,KOSDAQ,0.65,3860,28298690,7384,16633569900,
1229,003220,대원제약,KOSPI,0.64,7810,182587060,23587,175159423230,
1230,013870,지엠비코리아,KOSPI,0.64,3935,38794950,9858,75049421800,
1231,950210,프레스티지바이오파마,KOSPI,0.64,6310,244090740,38836,379206738050,
1232,009070,KCTC,KOSPI,0.63,4000,189203165,47384,120000000000,
1233,034220,LG디스플레이,KOSPI,0.63,9650,25274665665,2605414,4825000000000,
1234,071840,롯데하이마트,KOSPI,0.63,6410,84679990,13329,151325433920,
1235,004780,대륙제관,KOSDAQ,0.63,4025,148859118,37241,64010375975,
1236,117670,알파칩스,KOSDAQ,0.63,8000,24469935,3016,53293936000,
1237,00499K,롯데지주우,KOSPI,0.62,24200,21450400,875,19495592600,
1238,009415,태영건설우,KOSPI,0.62,6490,3350030,517,4218331260,
1239,347860,알체라,KOSDAQ,0.62,1301,132296587,100839,54841894747,
1240,054780,키이스트,KOSDAQ,0.62,1300,11810938,9199,25555130900,
1241,357780,솔브레인,KOSDAQ,0.61,332500,6926804750,20729,2586373195000,
1242,239890,피엔에이치테크,KOSDAQ,0.61,3275,38979145,11804,32539597625,
1243,149980,하이로닉,KOSDAQ,0.61,4960,118833205,23831,85307268160,
1244,439260,대한조선,KOSPI,0.60,50400,1765378900,34984,1919671992000,
1245,357880,SKAI,KOSDAQ,0.60,1850,742949571,398672,100236922000,
1246,263690,디알젬,KOSDAQ,0.60,5030,57162842,11377,56967818300,
1247,208370,셀바스헬스케어,KOSDAQ,0.60,2515,192099445,75826,64737518460,
1248,214150,클래시스,KOSDAQ,0.60,33600,17496498600,521647,2191918142400,
1249,011785,금호석유화학우,KOSPI,0.59,51300,83899500,1648,155104831800,
1250,000157,두산2우B,KOSPI,0.59,339500,119871250,353,303186401000,
1251,051630,진양화학,KOSPI,0.59,1030,55266297,53704,21836000000,
1252,389260,대명에너지,KOSDAQ,0.59,13560,1948435485,140999,242945367000,
1253,307870,비투엔,KOSDAQ,0.59,1017,620728815,630799,75562372845,
1254,217330,싸이토젠,KOSDAQ,0.59,3395,276460537,81682,78524812065,
1255,020560,아시아나항공,KOSPI,0.58,6910,254162865,37009,1423395813010,
1256,101330,모베이스,KOSDAQ,0.58,3470,189064865,54575,80320190630,
1257,461300,아이스크림미디어,KOSDAQ,0.58,17330,309449710,17968,231077058890,
1258,043340,에쎈테크,KOSDAQ,0.58,868,56536503,65358,41230000000,
1259,007660,이수페타시스,KOSPI,0.57,105000,66137662150,635229,7707967995000,
1260,003300,한일홀딩스,KOSPI,0.57,17580,680046980,38596,542016785520,
1261,234300,에스트래픽,KOSDAQ,0.57,2635,89313835,33821,71692500300,
1262,109080,옵티시스,KOSDAQ,0.57,8770,35085840,4025,49427720000,
1263,081150,티플랙스,KOSDAQ,0.57,2625,141464329,54130,63704555250,
1264,136480,하림,KOSDAQ,0.57,2650,488378366,184071,281455710300,
1265,012690,모나리자,KOSPI,0.56,1449,124839801,86566,52991748495,
1266,090080,평화산업,KOSPI,0.56,1079,745164328,696665,59239537461,
1267,393890,더블유씨피,KOSDAQ,0.56,8960,1347296565,149100,303234570240,
1268,331920,셀레믹스,KOSDAQ,0.56,9040,172486140,19036,101081257200,
1269,361390,제노코,KOSDAQ,0.56,12590,187990790,14964,122581036790,
1270,263860,지니언스,KOSDAQ,0.56,14480,146326580,10154,131472608000,
1271,016450,한세예스24홀딩스,KOSPI,0.55,4540,81030695,17948,181600000000,
1272,265520,AP시스템,KOSDAQ,0.55,19940,717054690,36026,300113370740,
1273,021880,메이슨캐피탈,KOSDAQ,0.55,1281,44720593,35034,27180821640,
1274,049520,유아이엘,KOSDAQ,0.55,3685,425537309,114615,113655073125,
1275,066310,큐에스아이,KOSDAQ,0.55,7350,165678100,22513,68146414350,
1276,007590,동방아그로,KOSPI,0.54,5570,12797090,2312,75849903890,
1277,027970,한국제지,KOSPI,0.54,2780,41484375,14972,105723800320,
1278,082740,한화엔진,KOSPI,0.54,46600,20268456900,430962,3888636817200,
1279,093520,매커스,KOSDAQ,0.54,28100,611761200,21709,334441619700,
1280,044780,에이치케이,KOSDAQ,0.54,1301,58556997,45914,24076028887,
1281,038010,제일테크노스,KOSDAQ,0.54,5590,61007670,11013,50310000000,
1282,018120,진로발효,KOSDAQ,0.54,16720,47474520,2850,110705126400,
1283,010240,흥국,KOSDAQ,0.54,5550,147609810,26680,64968300000,
1284,108320,LX세미콘,KOSPI,0.53,37800,2110556950,55426,614790540000,
1285,451800,한화리츠,KOSPI,0.53,5670,393135340,69763,1018332000000,
1286,053800,안랩,KOSDAQ,0.53,57300,1050120650,18260,637548793800,
1287,303360,프로티아,KOSDAQ,0.53,4775,49796095,10500,61500639125,
1288,001630,종근당홀딩스,KOSPI,0.52,39000,120151350,3093,195384579000,
1289,040420,정상제이엘에스,KOSDAQ,0.52,5810,88900310,15304,91086577120,
1290,005385,현대차우,KOSPI,0.51,198500,7446742000,37423,4633180560000,
1291,064820,케이프,KOSDAQ,0.51,7840,286823560,36594,241944085600,
1292,044450,KSS해운,KOSPI,0.50,10060,339581580,33780,232243952800,
1293,066570,LG전자,KOSPI,0.50,202500,112049204750,552426,32984139195000,
1294,090350,노루페인트,KOSPI,0.50,8080,400681930,49475,161600000000,
1295,097520,엠씨넥스,KOSPI,0.50,19980,876905780,43976,347681970000,
1296,036560,KZ정밀,KOSDAQ,0.50,12120,23025430,1890,190890000000,
1297,080520,오디텍,KOSDAQ,0.50,2990,9946720,3328,33854026830,
1298,095270,웨이브일렉트로,KOSDAQ,0.50,4010,252023865,63381,57633348060,
1299,112040,위메이드,KOSDAQ,0.50,16090,2374802105,147961,546231091470,
1300,333050,이노테나,KOSDAQ,0.50,5000,60460635,12267,24622100000,
1301,389470,인벤티지랩,KOSDAQ,0.50,30250,2596489125,83623,402558167000,
1302,290720,푸드나무,KOSDAQ,0.50,3000,46974085,15960,114447819000,
1303,009290,광동제약,KOSPI,0.49,6150,933863690,151935,306268819200,
1304,128820,대성산업,KOSPI,0.49,4115,454111218,110566,186143991970,
1305,023450,동남합성,KOSPI,0.49,30500,23723900,778,106750000000,
1306,014820,동원시스템즈,KOSPI,0.49,20550,1345711400,64465,595770845100,
1307,009680,모토닉,KOSPI,0.49,10180,93778900,9324,221242896920,
1308,489500,엘케이켐,KOSDAQ,0.49,20500,276576825,13496,131020379000,
1309,115310,인포바인,KOSDAQ,0.49,8280,62594055,7803,122805225720,
1310,126720,수산인더스트리,KOSPI,0.48,21150,494054950,23322,302148900000,
1311,348030,모비릭스,KOSDAQ,0.48,3135,171031051,54590,30107913000,
1312,484590,삼양컴텍,KOSDAQ,0.48,6320,705493140,111438,260450044000,
1313,003100,선광,KOSDAQ,0.48,20900,318354900,15275,137940000000,
1314,474490,유안타제16호스팩,KOSDAQ,0.48,2075,45326760,21897,11433250000,
1315,272290,이녹스첨단소재,KOSDAQ,0.48,20850,2720055025,130574,415697062650,
1316,225430,케이엠제약,KOSDAQ,0.48,1690,69375112,40909,10960790750,
1317,370090,퓨런티어,KOSDAQ,0.48,6330,91695595,14471,54164733900,
1318,475240,하나32호스팩,KOSDAQ,0.48,2090,1357128,653,6688000000,
1319,005490,POSCO홀딩스,KOSPI,0.47,321500,66624029250,204797,25476150930500,
1320,377190,디앤디플랫폼리츠,KOSPI,0.47,2150,280325019,130975,190060000000,
1321,00279K,아모레퍼시픽홀딩스3우C,KOSPI,0.47,21550,73229675,3400,152836910000,
1322,008770,호텔신라,KOSPI,0.47,42550,6809821675,158628,1670007548550,
1323,130740,티피씨글로벌,KOSDAQ,0.47,2135,82949457,39300,24075709665,
1324,036570,NC,KOSPI,0.46,220500,17582174750,79376,4750456851000,
1325,003495,대한항공우,KOSPI,0.46,21700,29268900,1359,24104229800,
1326,271940,일진하이솔루스,KOSPI,0.46,10890,177151625,16298,395450639100,
1327,054540,삼영엠텍,KOSDAQ,0.46,6540,521686930,79749,85020000000,
1328,296640,이노에이엑스,KOSDAQ,0.46,6500,113936115,17637,33658638000,
1329,060230,제이케이시냅스,KOSDAQ,0.46,1316,20697764,15847,18896800636,
1330,417790,트루엔,KOSDAQ,0.46,6620,86625910,13130,69300748420,
1331,025550,한국선재,KOSDAQ,0.46,2185,82229939,37757,55748098740,
1332,259960,크래프톤,KOSPI,0.45,222500,24279849250,108239,10265667842500,
1333,042660,한화오션,KOSPI,0.45,88500,53076995450,597106,27117585369000,
1334,194700,노바렉스,KOSDAQ,0.45,11190,1988974710,177912,204271749120,
1335,452300,캡스톤파트너스,KOSDAQ,0.45,2225,62224652,28385,31527148625,
1336,238490,힘스,KOSDAQ,0.45,2235,24873457,11154,25282847460,
1337,004990,롯데지주,KOSPI,0.44,22750,3281745600,143175,2267350904000,
1338,003720,삼영,KOSPI,0.44,6860,1194511180,173737,233240000000,
1339,095660,네오위즈,KOSDAQ,0.44,18210,840239260,45762,393999918390,
1340,197140,디지캡,KOSDAQ,0.44,2300,28388930,12410,29930254200,
1341,011930,신성이엔지,KOSPI,0.43,16450,1823868505,110911,334036693900,
1342,002390,한독,KOSPI,0.43,9330,77882070,8367,128413762890,
1343,065500,오리엔트정공,KOSDAQ,0.43,1162,46589519,40088,41533263744,
1344,291230,컴투스엔,KOSDAQ,0.43,2320,103377033,44503,55706055920,
1345,0015S0,페스카로,KOSDAQ,0.43,7060,65151480,9150,69659113800,
1346,065680,우주일렉트로,KOSDAQ,0.42,24050,244625450,10154,222233327550,
1347,441270,파인엠텍,KOSDAQ,0.42,7120,3342632615,476405,299353614640,
1348,319400,현대무벡스,KOSDAQ,0.42,24000,19226724600,794242,2673024936000,
1349,007210,벽산,KOSPI,0.41,1468,108223334,74336,95948480000,
1350,36328K,티와이홀딩스우,KOSPI,0.41,2440,4690615,1938,2866875560,
1351,079980,휴비스,KOSPI,0.41,1980,202015512,101803,68310000000,
1352,217270,넵튠,KOSDAQ,0.41,2460,47611551,19209,114969681780,
1353,053350,이니텍,KOSDAQ,0.41,3690,97515586,26700,81257729850,
1354,106190,하이텍팜,KOSDAQ,0.41,12300,523102920,42689,130788027900,
1355,098070,한텍,KOSDAQ,0.41,24750,920844650,36691,275248239750,
1356,092220,KEC,KOSPI,0.40,2520,476066878,187618,101184622560,
1357,251270,넷마블,KOSPI,0.40,37500,6470411950,171312,3118440937500,
1358,006345,대원전선우,KOSPI,0.40,10130,551438860,54059,26552756000,
1359,271560,오리온,KOSPI,0.40,124600,14052330600,112450,4925286984800,
1360,002320,한진,KOSPI,0.40,15060,323120895,21586,233710356960,
1361,033500,동성화인텍,KOSDAQ,0.40,17450,2535488060,144198,523316670300,
1362,100590,머큐리,KOSDAQ,0.40,3750,333413176,88091,64273293750,
1363,038870,에코심플렉스,KOSDAQ,0.40,1765,5033107,2852,24736384985,
1364,476040,오가노이드사이언스,KOSDAQ,0.40,7530,153215050,19903,49590772800,
1365,008370,원풍,KOSDAQ,0.40,5050,14267125,2848,60600000000,
1366,203450,유니온바이오메트릭스,KOSDAQ,0.40,2520,66467155,26779,35479097640,
1367,001800,오리온홀딩스,KOSPI,0.39,25500,2516208575,97648,1533994626000,
1368,002960,한국쉘석유,KOSPI,0.39,509000,821106000,1623,661700000000,
1369,33626K,두산퓨얼셀1우,KOSPI,0.38,5280,31947440,6051,70562976000,
1370,000725,현대건설우,KOSPI,0.38,52500,116996150,2216,55371382500,
1371,011760,현대코퍼레이션,KOSPI,0.38,26650,916490300,34584,352551943900,
1372,035900,JYPEnt.,KOSDAQ,0.38,40100,11263608100,277877,1424852929200,
1373,092070,디엔에프,KOSDAQ,0.38,13050,127460620,9801,151012746900,
1374,014950,삼익제약,KOSDAQ,0.38,5230,949528665,176551,52653485240,
1375,371950,풍원정밀,KOSDAQ,0.38,3915,322283375,82264,89182408050,
1376,134060,이퓨쳐,KOSDAQ,0.37,5460,21344860,3918,26040105000,
1377,094970,제이엠티,KOSDAQ,0.37,2695,479460591,176710,45136506800,
1378,460940,피앤에스로보틱스,KOSDAQ,0.37,5370,300050290,55655,72254853600,
1379,003380,하림지주,KOSDAQ,0.37,10710,5727910365,525691,1199580200910,
1380,134380,미원화학,KOSPI,0.36,11150,18189990,1633,245218382000,
1381,018250,애경산업,KOSPI,0.36,11280,200734690,17776,297904066800,
1382,002600,조흥,KOSPI,0.36,138400,4280700,31,83040000000,
1383,025540,한국단자,KOSPI,0.36,55800,2117527250,37903,564417000000,
1384,130580,나이스디앤비,KOSDAQ,0.36,5580,9969160,1789,85932000000,
1385,078860,아이오케이이엔엠,KOSDAQ,0.36,2750,16552665,6135,16987267000,
1386,033340,좋은사람들,KOSDAQ,0.36,559,27509643279,45329138,54195361922,
1387,011080,형지IC,KOSDAQ,0.36,846,185586517,222103,6003437652,
1388,032560,황금에스티,KOSPI,0.35,5790,112471020,19531,98430000000,
1389,950170,JTC,KOSDAQ,0.35,4270,27674185,6464,220956905960,
1390,453450,그리드위즈,KOSDAQ,0.35,14510,448854030,31011,115249302500,
1391,302550,리메드,KOSDAQ,0.35,2850,78118665,27637,88085377500,
1392,189860,서전기전,KOSDAQ,0.35,4260,216685487,51021,41316802800,
1393,310200,애니플러스,KOSDAQ,0.35,2845,261441270,92613,148403268420,
1394,065440,이루온,KOSDAQ,0.35,1440,152692020,105545,39276028800,
1395,382480,지아이텍,KOSDAQ,0.35,1713,68801846,40292,67418780820,
1396,250000,보라티알,KOSDAQ,0.34,5860,8488440,1460,39559295380,
1397,456070,이엔셀,KOSDAQ,0.34,5950,307772905,49836,65625626150,
1398,445180,퓨릿,KOSDAQ,0.34,8800,234551930,26674,151264854400,
1399,004835,덕성우,KOSPI,0.33,4515,73940845,16610,6284880000,
1400,064480,브리지텍,KOSDAQ,0.33,3000,53800090,18082,35857500000,
1401,238120,얼라인드,KOSDAQ,0.33,3085,18978100,6174,43863375290,
1402,224110,에이텍모빌리티,KOSDAQ,0.33,9180,147798380,16031,46637943480,
1403,060280,큐렉소,KOSDAQ,0.33,9010,1092314020,119971,371750707900,
1404,065130,탑엔지니어링,KOSDAQ,0.33,3045,68264785,22486,48732180000,
1405,329180,HD현대중공업,KOSPI,0.32,475500,79132963750,166219,49909062487500,
1406,034120,SBS,KOSPI,0.32,12580,95651200,7601,233374574040,
1407,014440,영보화학,KOSPI,0.32,4665,49579325,10685,93300000000,
1408,100250,진양홀딩스,KOSPI,0.32,3145,232406952,74306,200965500000,
1409,255220,SG,KOSDAQ,0.32,1249,695829728,557533,136844564198,
1410,204020,그리티,KOSDAQ,0.32,1886,8887428,4714,36684269152,
1411,014940,오리엔탈정공,KOSDAQ,0.32,4755,597501894,124791,216702758055,
1412,353810,이지바이오,KOSDAQ,0.32,6240,535810650,85916,206431180800,
1413,084990,헬릭스미스,KOSDAQ,0.32,3145,272501708,86410,144961846565,
1414,009160,SIMPAC,KOSPI,0.31,4905,398649475,81012,320644598040,
1415,012205,계양전기우,KOSPI,0.31,6510,75639200,11627,7610704290,
1416,009155,삼성전기우,KOSPI,0.31,487500,15996672750,32760,1417154700000,
1417,005389,현대차3우B,KOSPI,0.31,193300,1329720550,6846,449896471600,
1418,079810,APS이노베이션,KOSDAQ,0.31,3280,125880461,38293,70612148320,
1419,204620,글로벌텍스프리,KOSDAQ,0.31,4915,3504229610,717682,345442566950,
1420,474170,루미르,KOSDAQ,0.31,6560,226552035,34597,116884085760,
1421,282880,코윈테크,KOSDAQ,0.31,9840,277228855,28101,115069766880,
1422,035600,KG이니시스,KOSDAQ,0.30,10040,320770015,31860,276646517360,
1423,038390,레드캡투어,KOSDAQ,0.30,9870,110917300,11201,165034513140,
1424,002290,삼일기업공사,KOSDAQ,0.30,3315,28056793,8505,41106000000,
1425,096690,에이루트,KOSDAQ,0.30,6710,30395260,4443,26993269820,
1426,023410,유진기업,KOSDAQ,0.30,3315,903971911,272668,256285510845,
1427,045340,토탈소프트,KOSDAQ,0.30,6580,105768960,16157,56311903200,
1428,291810,핀텔,KOSDAQ,0.30,1343,192539670,144784,15268180216,
1429,003075,코오롱글로벌우,KOSPI,0.29,13600,6260900,471,10074023200,
1430,219420,링크제니시스,KOSDAQ,0.29,3435,52811000,15467,39397756545,
1431,033310,엠투엔,KOSDAQ,0.29,1390,310139712,217717,55561713840,
1432,417860,오브젠,KOSDAQ,0.29,6830,100497720,14708,32148167980,
1433,065950,웰크론,KOSDAQ,0.29,1031,40844273,39969,29106472362,
1434,388720,유일로보틱스,KOSDAQ,0.29,70300,835428800,11795,828228553500,
1435,036460,한국가스공사,KOSPI,0.28,36350,4716606300,130041,3355577550000,
1436,145720,덴티움,KOSPI,0.27,37600,1245025375,33155,324258301600,
1437,450080,에코프로머티,KOSPI,0.27,37000,10476306575,278939,2620113190000,
1438,030000,제일기획,KOSPI,0.27,18800,4703068815,250165,2162775030000,
1439,0082N0,카나프테라퓨틱스,KOSDAQ,0.27,14920,1315982470,87205,198444653600,
1440,033920,무학,KOSPI,0.26,7700,98086520,12834,219450000000,
1441,26490K,크라운제과우,KOSPI,0.26,7810,1934780,252,6041503600,
1442,086670,비엠티,KOSDAQ,0.26,15650,362225060,23162,155340100250,
1443,333430,일승,KOSDAQ,0.26,3830,440448721,113903,117683441010,
1444,037560,LG헬로비전,KOSPI,0.25,1621,189162219,116177,125541368165,
1445,001260,남광토건,KOSPI,0.25,8020,1394297965,171570,78857227440,
1446,012800,대창,KOSPI,0.25,1199,470719464,391461,109277458301,
1447,014680,한솔케미칼,KOSPI,0.25,203000,9600470250,47053,2191189308000,
1448,078150,HB테크놀러지,KOSDAQ,0.25,1986,1222688266,612874,188514690828,
1449,489210,교보17호스팩,KOSDAQ,0.25,2035,2040180,1005,10541300000,
1450,053270,구영테크,KOSDAQ,0.25,2005,105147614,52778,54957862025,
1451,478440,미래에셋비전스팩6호,KOSDAQ,0.25,2045,43145700,21077,14171850000,
1452,312610,에이에프더블류,KOSDAQ,0.25,397,47711440,122776,8041984536,
1453,493790,유안타제17호스팩,KOSDAQ,0.25,2010,3655155,1818,10673100000,
1454,466690,키움히어로제1호스팩,KOSDAQ,0.25,2005,5673328,2829,10215475000,
1455,093240,형지엘리트,KOSPI,0.24,410,325770181,801368,25170006190,
1456,477760,DB금융스팩12호,KOSDAQ,0.24,2055,550120,268,12001200000,
1457,476080,M83,KOSDAQ,0.24,4190,139931185,33152,33842630000,
1458,465320,교보15호스팩,KOSDAQ,0.24,2130,223714511,105085,8115300000,
1459,474660,신한제12호스팩,KOSDAQ,0.24,2075,10754755,5192,11454000000,
1460,474930,신한제13호스팩,KOSDAQ,0.24,2080,2287915,1105,7529600000,
1461,473000,에스케이증권제12호스팩,KOSDAQ,0.24,2070,227155,110,6851700000,
1462,473050,유안타제15호스팩,KOSDAQ,0.24,2100,290525824,138412,14721000000,
1463,004690,삼천리,KOSPI,0.23,130400,1481939250,11459,472931720800,
1464,009810,플레이그램,KOSPI,0.23,1739,7779746,4490,27388557878,
1465,065710,서호전기,KOSDAQ,0.23,44300,154015750,3479,228145000000,
1466,017940,E1,KOSPI,0.22,93200,969548950,10481,639352000000,
1467,002810,삼영무역,KOSPI,0.22,23050,400399975,17462,425663151400,
1468,005800,신영와코루,KOSPI,0.22,13520,67996800,5071,121680000000,
1469,332290,누보,KOSDAQ,0.22,897,144255676,159360,35794250388,
1470,007820,엠엑스로보틱스,KOSDAQ,0.22,4610,9844592704,2088934,92356491060,
1471,046970,우리로,KOSDAQ,0.22,4470,1078579004,239136,195897745530,
1472,035810,이지홀딩스,KOSDAQ,0.22,4485,798955047,178186,289355089725,
1473,208140,정다운,KOSDAQ,0.22,2270,10270100,4531,74193238420,
1474,117730,티로보틱스,KOSDAQ,0.22,13650,484920830,35364,307917286950,
1475,035250,강원랜드,KOSPI,0.21,14320,4556842605,317534,3063627960000,
1476,083420,그린케미칼,KOSPI,0.21,4730,169639255,35663,113520000000,
1477,248170,샘표식품,KOSPI,0.21,23400,148094350,6362,106897892400,
1478,015890,태경산업,KOSPI,0.21,4770,244022120,51084,139421137500,
1479,034230,파라다이스,KOSPI,0.21,9480,3817458750,399822,878126541360,
1480,051500,CJ프레시웨이,KOSDAQ,0.21,24000,136881925,5708,284918064000,
1481,035460,기산텔레콤,KOSDAQ,0.21,2335,266466285,115348,34838993900,
1482,093920,서원인텍,KOSDAQ,0.21,4860,25856045,5345,90396000000,
1483,270660,에브리봇,KOSDAQ,0.21,14220,300483780,21133,180460090260,
1484,105760,포스뱅크,KOSDAQ,0.21,4860,107912878,22230,49527710820,
1485,37550K,DL이앤씨우,KOSPI,0.20,25200,113724550,4539,53269902000,
1486,002760,보락,KOSPI,0.20,1002,94914323,94908,60019800000,
1487,002200,한국수출포장,KOSPI,0.20,2565,159557071,62732,85927348665,
1488,261200,덴티스,KOSDAQ,0.20,2505,92190830,36765,39603298500,
1489,488900,비츠로넥스텍,KOSDAQ,0.20,10010,493284755,49423,290054194430,
1490,119500,포메탈,KOSDAQ,0.20,2495,51084280,20526,29558843840,
1491,000180,성창기업지주,KOSPI,0.19,5300,22776130,4320,73936696000,
1492,002795,아모레퍼시픽홀딩스우,KOSPI,0.19,10730,48800570,4552,68469975560,
1493,331520,밸로프,KOSDAQ,0.19,2600,51330750,19916,25483083600,
1494,018620,우진비앤지,KOSDAQ,0.19,2695,44429200,16489,18684386490,
1495,384470,코어라인소프트,KOSDAQ,0.19,2690,59563705,22472,48276601480,
1496,039980,폴라리스AI,KOSDAQ,0.19,5410,761151075,140672,77802367740,
1497,003550,LG,KOSPI,0.18,110400,24763303850,223206,16691597241600,
1498,002420,세기상사,KOSPI,0.18,5710,48848140,8574,34088403080,
1499,109070,주성코퍼레이션,KOSPI,0.18,1633,657789998,405046,86239105590,
1500,011280,태림포장,KOSPI,0.18,1707,23636409,13931,120865739580,
1501,195870,해성디에스,KOSPI,0.18,56000,7379749900,133897,952000000000,
1502,049950,미래컴퍼니,KOSDAQ,0.18,11190,196043995,17555,98672121960,
1503,262840,아이퀘스트,KOSDAQ,0.18,2740,37519780,13629,28953448480,
1504,333620,엔시스,KOSDAQ,0.18,5610,15315410,2760,61698275100,
1505,173130,오파스넷,KOSDAQ,0.18,5490,182462640,33106,71625136770,
1506,123410,코리아에프티,KOSDAQ,0.18,5530,331331780,59954,153961083920,
1507,256940,킵스파마,KOSDAQ,0.18,5650,126735600,22446,113441530550,
1508,00104K,CJ4우전환,KOSPI,0.17,118800,635503200,5341,502109625600,
1509,017550,수산세보틱스,KOSPI,0.17,1777,191733608,107966,110883254010,
1510,000910,유니온,KOSPI,0.17,2895,57149275,19689,45195637005,
1511,094280,효성ITX,KOSPI,0.17,12000,44178530,3689,138698400000,
1512,096350,대창솔루션,KOSDAQ,0.17,1805,270116542,149388,66522845410,
1513,054670,대한뉴팜,KOSDAQ,0.17,5730,539920210,91504,82253691600,
1514,340570,티앤엘,KOSDAQ,0.17,30300,1633981125,53425,246278400000,
1515,004255,NPC우,KOSPI,0.16,1851,35686237,19256,9773280000,
1516,002350,넥센타이어,KOSPI,0.16,6450,228759245,35654,629957806650,
1517,457190,이수스페셜티케미컬,KOSPI,0.16,63300,4738162200,73784,1912854597600,
1518,281740,레이크머티리얼즈,KOSDAQ,0.16,12360,2990791885,238845,812429573280,
1519,347000,센코,KOSDAQ,0.16,1828,45158361,24906,69118226488,
1520,059100,아이컴포넌트,KOSDAQ,0.16,6430,108871670,16923,45465629800,
1521,061040,알에프텍,KOSDAQ,0.16,6280,29518160,4762,56822840440,
1522,293780,압타바이오,KOSDAQ,0.16,6210,291447580,46251,174460045050,
1523,045100,한양이엔지,KOSDAQ,0.16,30400,2423594425,79219,532000000000,
1524,078590,휴림에이텍,KOSDAQ,0.16,3070,193490455,62679,30674884330,
1525,009450,경동나비엔,KOSPI,0.15,64900,2420682900,37179,945501620800,
1526,117580,대성에너지,KOSPI,0.15,6800,251218255,37020,187000000000,
1527,005305,롯데칠성우,KOSPI,0.15,66700,70172000,1051,51713177000,
1528,298540,더네이쳐홀딩스,KOSDAQ,0.15,6700,135807795,20447,97058786200,
1529,0044K0,삼성스팩10호,KOSDAQ,0.15,1988,16852743,8505,14949760000,
1530,019770,서연탑메탈,KOSDAQ,0.15,3320,11553885,3507,38678000000,
1531,365340,성일하이텍,KOSDAQ,0.15,34500,1675899075,47472,445778467500,
1532,189300,인텔리안테크,KOSDAQ,0.15,68400,3160969350,45849,734444794800,
1533,331380,포커스에이아이,KOSDAQ,0.15,1994,98585922,49237,72902366804,
1534,001460,BYC,KOSPI,0.14,36600,68988700,1900,228609090000,
1535,373220,LG에너지솔루션,KOSPI,0.14,358000,96690800250,267995,83772000000000,
1536,001740,SK네트웍스,KOSPI,0.14,7070,4700348295,658883,1418198795230,
1537,001685,대상우,KOSPI,0.14,14420,15298605,1059,19758615660,
1538,004080,신흥,KOSPI,0.14,14070,22652010,1612,130851000000,
1539,063160,종근당바이오,KOSPI,0.14,13890,154193985,10877,76200012180,
1540,342870,오아,KOSDAQ,0.14,3605,11759275,3285,19647960185,
1541,012620,원일특강,KOSDAQ,0.14,7060,15290530,2174,31064000000,
1542,010770,평화홀딩스,KOSPI,0.13,3745,59227700,15869,54772370170,
1543,000080,하이트진로,KOSPI,0.13,15130,1295289885,85271,1061121534430,
1544,462310,뉴키즈온,KOSDAQ,0.13,3950,40796110,10315,31199489750,
1545,263720,디앤씨미디어,KOSDAQ,0.13,7460,41817010,5604,92597928860,
1546,338220,뷰노,KOSDAQ,0.13,7460,88598280,11767,104453599580,
1547,049960,쎌바이오텍,KOSDAQ,0.13,15230,118402920,7834,143162000000,
1548,007530,와이엠,KOSDAQ,0.13,1514,26971390,17933,33692905734,
1549,053210,스카이라이프,KOSPI,0.12,4070,170903160,42208,193418426850,
1550,001780,알루코,KOSPI,0.12,1721,462621386,267159,166644657172,
1551,120030,조선선재,KOSPI,0.12,84900,106331600,1254,106774569900,
1552,033050,제이엠아이,KOSDAQ,0.12,821,23516664,28739,26140088288,
1553,104540,코렌텍,KOSDAQ,0.12,4080,23396205,5748,54702232800,
1554,290090,트윔,KOSDAQ,0.12,4245,6580405,1602,31585211160,
1555,004365,세방우,KOSPI,0.11,9270,18475910,2007,34199347500,
1556,372910,한컴라이프케어,KOSPI,0.11,1833,102412164,55845,50727186198,
1557,418470,KT밀리의서재,KOSDAQ,0.11,9430,187316405,19809,80775390270,
1558,340360,다보링크,KOSDAQ,0.11,940,103675727,111762,48939005680,
1559,078600,대주전자재료,KOSDAQ,0.11,87300,7353956600,83607,1370971247400,
1560,046120,오르비텍,KOSDAQ,0.11,4570,496376799,107844,154719328810,
1561,004650,창해에탄올,KOSDAQ,0.11,9370,173185710,18574,86118592450,
1562,023530,롯데쇼핑,KOSPI,0.10,97200,9683274650,99065,2749666986000,
1563,129260,인터지스,KOSPI,0.10,1958,13909551,7126,58246337292,
1564,021040,대호특수강,KOSDAQ,0.10,991,14514772,15013,21509431034,
1565,017480,삼현철강,KOSDAQ,0.10,4825,13708715,2839,74511944250,
1566,477340,에이치엠씨제7호스팩,KOSDAQ,0.10,2052,20604652,10051,15410520000,
1567,222110,팬젠,KOSDAQ,0.10,4900,8294245,1699,66221094100,
1568,008970,KBI동양철관,KOSPI,0.09,1086,348689354,320621,112690861002,
1569,004960,한신공영,KOSPI,0.09,10930,189299980,17199,126467772860,
1570,001040,CJ,KOSPI,0.08,122900,16530086250,133321,3585853054200,
1571,217590,티엠씨,KOSPI,0.08,12580,2748440345,219578,303105350500,
1572,060380,동양에스텍,KOSDAQ,0.08,1297,24816410,19144,25550900000,
1573,074430,아미노로직스,KOSDAQ,0.08,1220,435826733,358636,107531192840,
1574,006660,삼성공조,KOSPI,0.07,14710,35689995960,2362191,119538078940,
1575,036420,콘텐트리중앙,KOSPI,0.07,1530,35090107,23079,29471331240,
1576,133750,메가엠디,KOSDAQ,0.07,1458,24501866,16967,34127518266,
1577,032280,삼일,KOSDAQ,0.07,1365,84264354,61893,22131550350,
1578,018700,졸스,KOSDAQ,0.07,1480,79910972,53155,17325747280,
1579,103840,우양,KOSDAQ,0.06,1748,16693702,9545,28608516144,
1580,192390,윈하이텍,KOSDAQ,0.06,1780,60446676,34010,21301697880,
1581,005387,현대차2우B,KOSPI,0.05,198700,17258527550,86491,6947332891000,
1582,0134X0,대신밸런스제20호스팩,KOSDAQ,0.05,1978,33067977,16734,13331720000,
1583,0004Y0,디비금융제14호스팩,KOSDAQ,0.05,1992,35865,18,10587480000,
1584,066910,손오공,KOSDAQ,0.05,1951,67454867,35067,30019319032,
1585,210120,캔버스엔,KOSDAQ,0.05,1992,587140632,329096,19312422072,
