순위,종목코드,종목명,시장,등락률(%),종가,거래대금,거래량,시가총액,상한가
1,226340,본느,KOSDAQ,30.00,8060,105171273690,15443053,67627301040,Y
2,002680,한탑,KOSDAQ,29.99,2150,1502649169,735261,13896221850,Y
3,002990,금호건설,KOSPI,29.98,11490,143034808650,13439072,428117101260,Y
4,091590,남화토건,KOSDAQ,29.98,5680,10957660516,2127414,66683200000,Y
5,001210,금호전기,KOSPI,29.94,4080,8421363938,2152663,50494145280,Y
6,228340,동양파일,KOSDAQ,29.94,3190,5313682345,1805688,63800000000,Y
7,225190,LK삼양,KOSDAQ,29.93,1055,8840176991,8744998,74344204200,Y
8,002995,금호건설우,KOSPI,29.88,21950,670417400,31455,6415238700,Y
9,101730,위메이드맥스,KOSDAQ,29.88,4390,9784358855,2275760,367896425540,Y
10,079650,서산,KOSDAQ,29.86,5240,54486442408,11095869,104800000000,Y
11,181710,NHN,KOSPI,29.82,54200,64692420000,1282547,1775220133800,Y
12,126730,코칩,KOSDAQ,29.70,20000,68025072205,3786027,175402520000,Y
13,096690,에이루트,KOSDAQ,24.34,7100,471665740,69937,28562178200,
14,290660,다이나믹솔루션,KOSDAQ,24.07,1892,8294999409,4485430,81049284096,
15,119830,아이텍,KOSDAQ,23.91,6530,3150566980,517308,173296640080,
16,331520,밸로프,KOSDAQ,23.56,2780,851968915,327751,27247297080,
17,189330,씨이랩,KOSDAQ,22.23,16880,34831674285,2172006,158372953920,
18,095910,에스에너지,KOSDAQ,20.32,829,8324981294,9897883,30919137561,
19,003010,혜인,KOSPI,19.39,7080,74696101665,10424610,90006248760,
20,005360,모나미,KOSPI,19.22,1929,25871172506,13288816,36452905203,
21,039310,세중,KOSDAQ,18.68,1493,637797010,452019,27055648831,
22,457600,벡트,KOSDAQ,18.52,3935,1252364920,345132,53939012500,
23,111710,남화산업,KOSDAQ,17.99,3410,7192251986,2088331,70205080000,
24,090460,비에이치,KOSPI,16.83,18120,80530140385,4596562,610853068560,
25,382800,지앤비에스에코,KOSDAQ,16.56,5560,12041710807,2247660,176980587960,
26,203400,에이비온,KOSDAQ,16.53,980,8941989587,8817931,88299277920,
27,198440,강동씨앤엘,KOSDAQ,16.52,1354,7095464336,5151455,82501787184,
28,066980,한성크린텍,KOSDAQ,16.52,1749,5701745095,3261502,93814177248,
29,900300,오가닉티코스메틱,KOSDAQ,15.86,2265,2276034716,983130,46613919705,
30,241710,코스메카코리아,KOSDAQ,15.16,109400,87858491300,801610,1168392000000,
31,003350,한국화장품제조,KOSPI,14.63,10340,49050218610,4640421,234304400000,
32,122640,예스티,KOSDAQ,14.09,25100,18430614500,746876,542274832500,
33,299660,셀리드,KOSDAQ,14.08,1920,5607805064,2939676,56645715840,
34,450330,하스,KOSDAQ,13.93,5030,216991810,45404,41179820290,
35,354200,엔젠바이오,KOSDAQ,13.92,2275,6180334984,2529326,20330726325,
36,080580,오킨스전자,KOSDAQ,13.48,15830,5906091735,380354,333869817650,
37,148780,비큐AI,KOSDAQ,13.46,4930,39095291023,7879680,31005484850,
38,112040,위메이드,KOSDAQ,13.42,19010,18244706395,959635,645360661830,
39,288980,모아데이타,KOSDAQ,13.08,752,317144247,451706,27358797008,
40,025320,시노펙스,KOSDAQ,12.67,4625,22192975822,4828400,426251345125,
41,080530,코디,KOSDAQ,12.34,2640,407517645,150745,29229245760,
42,187420,HLB제넥스,KOSDAQ,12.32,1988,1458583360,762357,64898154636,
43,113810,디젠스,KOSDAQ,12.26,2380,232917969,98655,15530951800,
44,043150,바텍,KOSDAQ,12.21,22150,8262774685,372944,329021770400,
45,199480,뱅크웨어글로벌,KOSDAQ,12.15,3185,477770439,148656,32476132780,
46,036930,주성엔지니어링,KOSDAQ,12.15,162400,519045152950,3274568,7548534050400,
47,397810,애드포러스,KOSDAQ,12.03,6610,594076705,95085,34112689700,
48,012340,뉴인텍,KOSDAQ,11.98,991,1830334082,1916307,21846389863,
49,019680,대교,KOSPI,11.65,1150,174794787,159337,92537855000,
50,036540,SFA반도체,KOSDAQ,11.55,6180,41290257765,6713596,1016364672540,
51,199430,케이엔알시스템,KOSDAQ,11.43,16670,5085704485,324809,186654706810,
52,153890,져스텍,KOSDAQ,11.37,10580,36222180990,3345348,127492226900,
53,301300,바이브컴퍼니,KOSDAQ,11.27,2270,131127806,62931,29861196240,
54,037370,EG,KOSDAQ,10.95,3800,730429946,183560,32774893600,
55,318060,그래피,KOSDAQ,10.95,22300,5456532600,243430,249474047100,
56,128660,피제이메탈,KOSDAQ,10.71,3100,12812546562,4092256,76890443900,
57,377220,프롬바이오,KOSDAQ,10.66,3685,7843441832,1944263,20864470000,
58,228760,지노믹트리,KOSDAQ,10.65,14860,4030939530,283146,369407741720,
59,025870,신라에스지,KOSDAQ,10.53,2940,315041937,110220,11760000000,
60,439090,마녀공장,KOSDAQ,10.39,19130,38633780265,2072060,313603063800,
61,311320,지오엘리먼트,KOSDAQ,10.37,7980,2987728035,377222,100664188800,
62,058730,다스코,KOSPI,10.27,3650,36595754603,9704881,73917066150,
63,064290,인텍플러스,KOSDAQ,10.20,33500,15876818550,475900,434078863000,
64,429270,시지트로닉스,KOSDAQ,9.89,3890,2082033667,501419,25087508590,
65,045510,정원엔시스,KOSDAQ,9.88,1134,199384148,181888,35698271238,
66,291810,핀텔,KOSDAQ,9.72,1625,677763799,434260,18474157000,
67,011300,우성머티리얼스,KOSPI,9.66,3690,830888065,226645,63611559450,
68,297570,아틀라스링크,KOSDAQ,9.63,911,126392197,140179,31539929598,
69,004440,삼일씨엔에스,KOSPI,9.60,5310,663085051,126987,67606638570,
70,076080,웰크론한텍,KOSDAQ,9.53,1000,119664149,123170,22594156000,
71,048410,현대바이오,KOSDAQ,9.42,8250,13988819045,1774134,796170969000,
72,058400,KNN,KOSDAQ,9.36,5260,156841710,30182,69658032720,
73,290550,디케이티,KOSDAQ,9.34,20600,10730504770,539914,412025338000,
74,355690,에이텀,KOSDAQ,9.21,5100,716917446,145365,48808983900,
75,093320,케이아이엔엑스,KOSDAQ,9.18,163000,5877099700,38022,795440000000,
76,092870,엑시콘,KOSDAQ,9.13,18170,4897214160,275203,237132981490,
77,229000,젠큐릭스,KOSDAQ,8.86,1867,242987338,135664,43740384055,
78,089230,THEEM,KOSDAQ,8.74,2040,2281498747,1110902,80419562160,
79,457370,한켐,KOSDAQ,8.73,8220,46602775765,5464646,66311841480,
80,288180,케이피항공산업,KOSDAQ,8.56,8370,1358927255,158816,61881602940,
81,263800,데이타솔루션,KOSDAQ,8.52,5860,8286459650,1446167,95080726800,
82,267790,배럴,KOSDAQ,8.48,3390,100709014,30309,26066757510,
83,123420,위메이드플레이,KOSDAQ,8.47,6790,3641669545,524352,70623068390,
84,099220,SDN,KOSDAQ,8.43,733,2304343903,2990098,46138208550,
85,059120,아진엑스텍,KOSDAQ,8.28,7450,57153681350,7377458,136409991700,
86,247660,나노씨엠에스,KOSDAQ,8.19,2575,145675620,57995,11185594000,
87,009730,이렘,KOSDAQ,8.11,2080,275556781,135009,16589046240,
88,323280,태성,KOSDAQ,8.11,49350,23986694125,499887,1507049313000,
89,177900,쓰리에이로직스,KOSDAQ,8.06,4425,202853140,47118,42602130000,
90,098120,마이크로컨텍솔,KOSDAQ,7.80,27650,3009447750,110678,229847979900,
91,432430,와이랩,KOSDAQ,7.78,2285,60853696,27748,37721511200,
92,298060,풍전약품,KOSDAQ,7.77,2845,63282529,23321,27418536715,
93,050110,캠시스,KOSDAQ,7.76,1097,624911358,573445,32059630831,
94,494120,큐리오시스,KOSDAQ,7.76,12500,2700970700,221932,190747050000,
95,131290,티에스이,KOSDAQ,7.71,244500,46218671750,185634,2704519390500,
96,0017J0,세미티에스,KOSDAQ,7.69,3290,2414095312,755395,99149489670,
97,016100,리더스코스메틱,KOSDAQ,7.67,1179,172390099,145729,22519954026,
98,459550,알트,KOSDAQ,7.67,1852,1155549232,636996,46708849372,
99,464580,닷밀,KOSDAQ,7.65,1844,232575057,130421,33940828116,
100,109740,디에스케이,KOSDAQ,7.65,4435,199783495,46840,114025579650,
101,131220,대한과학,KOSDAQ,7.63,3595,247046661,68601,26798891550,
102,017000,신원종합개발,KOSDAQ,7.60,2620,522407545,203549,30570230740,
103,900110,딥커머스,KOSDAQ,7.55,1268,120843543,97856,23378282108,
104,013360,일성건설,KOSPI,7.54,1611,6850519197,4024773,87034081680,
105,018290,브이티,KOSDAQ,7.50,14910,5778920455,400173,520982804580,
106,001450,현대해상,KOSPI,7.44,44050,50504268800,1148169,3755185412500,
107,159010,아스플로,KOSDAQ,7.43,21700,4228842845,200418,289363836300,
108,093520,매커스,KOSDAQ,7.39,26900,1873039000,72300,320159415300,
109,290670,대보마그네틱,KOSDAQ,7.26,5760,117282510,20707,45260121600,
110,007280,한국특강,KOSPI,7.25,2145,204455494,97183,61446828300,
111,009450,경동나비엔,KOSPI,7.24,77000,10259921750,135582,1121781584000,
112,317870,엔바이오니아,KOSDAQ,7.17,4785,71400540,15431,42308467575,
113,037710,광주신세계,KOSPI,7.15,41950,14311558900,346428,319959865400,
114,126880,제이엔케이글로벌,KOSDAQ,7.13,2930,7896656807,2426873,67990365790,
115,089970,브이엠,KOSDAQ,7.10,72400,53431842250,749976,1906057786000,
116,317690,퀀타매트릭스,KOSDAQ,7.05,2885,3346689671,1169509,58089558665,
117,053260,금강철강,KOSDAQ,7.04,6230,33407718995,5075746,116625600000,
118,309930,조이웍스앤코,KOSDAQ,7.04,1019,304009229,299017,19621750891,
119,185490,아이진,KOSDAQ,6.97,1950,615784935,322093,84298078800,
120,461030,아이엠비디엑스,KOSDAQ,6.96,3610,85157792,24190,51747606370,
121,278650,HLB바이오스텝,KOSDAQ,6.92,2395,154418262,66127,41750588420,
122,204620,글로벌텍스프리,KOSDAQ,6.83,5630,8480522295,1531083,395695147900,
123,285800,진영,KOSDAQ,6.83,860,486556137,554766,15453263460,
124,446540,메가터치,KOSDAQ,6.80,8320,3181886865,391380,241938203520,
125,086450,동국제약,KOSDAQ,6.72,21450,13741537175,640597,970192509000,
126,363260,모비데이즈,KOSDAQ,6.72,1000,751178563,752189,32163769000,
127,104200,NHN벅스,KOSDAQ,6.67,2960,679282254,223368,43889548000,
128,208710,포톤,KOSDAQ,6.67,2800,1414853439,513824,36904369600,
129,004710,한솔테크닉스,KOSPI,6.65,7860,8823641630,1127187,417521761620,
130,253590,네오셈,KOSDAQ,6.65,10260,4213963625,422710,450097622640,
131,001260,남광토건,KOSPI,6.62,8210,5826620985,682261,80725416120,
132,241690,유니테크노,KOSDAQ,6.62,2820,368882914,132641,69007390920,
133,053800,안랩,KOSDAQ,6.61,64500,6377265600,100968,717659637000,
134,330860,네패스아크,KOSDAQ,6.55,28450,7034839150,248828,346636080250,
135,011090,에넥스,KOSPI,6.54,1710,830664422,491584,20275562340,
136,018260,삼성에스디에스,KOSPI,6.52,237000,96894240750,412978,18338538600000,
137,336260,두산퓨얼셀,KOSPI,6.45,35500,46950970725,1309544,2325027273000,
138,227610,아우딘퓨쳐스,KOSDAQ,6.43,1242,81963979,67301,24063217182,
139,124500,아이티센글로벌,KOSDAQ,6.43,28150,15970785325,567486,653207435050,
140,287840,인투셀,KOSDAQ,6.43,21200,1332002220,64227,318465552000,
141,195990,루트K,KOSDAQ,6.41,1394,43258332,31328,22705296356,
142,240810,원익IPS,KOSDAQ,6.40,104700,150971946350,1470138,5139084434700,
143,114810,한솔아이원스,KOSDAQ,6.36,12210,8569717025,713123,343628154540,
144,060560,HC홈센타,KOSDAQ,6.33,1965,24844782,12802,49887421965,
145,205470,휴마시스,KOSDAQ,6.31,2610,269354909,103894,64401752610,
146,000890,보해양조,KOSPI,6.25,1496,2922431107,1987898,41325541400,
147,417500,제이아이테크,KOSDAQ,6.25,4250,5678183901,1353017,139335162000,
148,000640,동아쏘시오홀딩스,KOSPI,6.24,97000,4442282750,45900,653055119000,
149,058610,에스피지,KOSDAQ,6.15,114000,203554081400,1760899,2528219040000,
150,234690,녹십자웰빙,KOSDAQ,6.14,9680,1789551965,189573,173884647200,
151,200130,콜마비앤에이치,KOSDAQ,6.14,10030,2953639125,287180,295038046740,
152,017890,한국알콜,KOSDAQ,6.13,15400,9258622795,599990,318371992400,
153,059100,아이컴포넌트,KOSDAQ,6.12,5900,316242815,55071,41718074000,
154,067630,HLB생명과학,KOSDAQ,6.08,2880,1232796340,435579,351121127040,
155,057540,옴니시스템,KOSDAQ,6.07,944,2747037982,2847057,56068188992,
156,246960,SCL사이언스,KOSDAQ,6.05,1945,270740797,141991,66163156415,
157,001520,동양,KOSPI,5.98,1187,547538532,466422,127153851984,
158,420570,제이투케이바이오,KOSDAQ,5.97,11190,734939570,66784,65433334770,
159,445680,큐리옥스바이오시스템즈,KOSDAQ,5.97,45250,6135177200,139071,778447288750,
160,134790,시디즈,KOSPI,5.95,20300,62953770,3209,40600000000,
161,050120,ES큐브,KOSDAQ,5.94,3300,108444930,34870,44761483800,
162,040350,크레오에스지,KOSDAQ,5.92,7340,733400640,98762,145744478640,
163,004870,티웨이홀딩스,KOSPI,5.90,1292,2740481113,1982551,29241445816,
164,002070,비비안,KOSPI,5.88,6120,2090302600,332994,14714585280,
165,096530,씨젠,KOSDAQ,5.85,32550,28888415725,883576,1699956104700,
166,376290,씨유테크,KOSDAQ,5.84,2720,83923080,31228,48028400000,
167,049120,파인디앤씨,KOSDAQ,5.84,2355,42227530,18411,24966916365,
168,226320,잇츠한불,KOSPI,5.76,11020,971952985,89197,241661051300,
169,036830,솔브레인홀딩스,KOSDAQ,5.71,40750,3786729525,94563,835537225750,
170,001420,태원물산,KOSPI,5.68,2790,136070850,48959,21204000000,
171,016880,웅진,KOSPI,5.65,2150,364557636,171881,171843222000,
172,078520,에이블씨엔씨,KOSPI,5.63,13320,2579539370,196176,346508624520,
173,092730,네오팜,KOSDAQ,5.60,25450,4871451000,196309,407912320050,
174,340810,시선AI,KOSDAQ,5.60,3585,682525874,195441,48917238960,
175,240600,유진테크놀로지,KOSDAQ,5.60,2075,2047852723,842030,14375913325,
176,079190,케스피온,KOSDAQ,5.56,1310,799143595,601330,12561430180,
177,296640,이노에이엑스,KOSDAQ,5.51,4595,19025279,4157,23794067940,
178,002210,동성제약,KOSPI,5.49,1634,484637322,299883,157876274438,
179,440320,오픈놀,KOSDAQ,5.49,2500,101958300,41095,24950000000,
180,035200,프럼파스트,KOSDAQ,5.47,2700,139418021,51984,24893948700,
181,191420,테고사이언스,KOSDAQ,5.46,7530,81051370,11069,61059520020,
182,443250,레뷰코퍼레이션,KOSDAQ,5.45,6380,68413520,10967,68966632460,
183,417840,저스템,KOSDAQ,5.45,12390,21681759495,1754411,283351630590,
184,100120,뷰웍스,KOSDAQ,5.41,27300,968271800,36275,244919520300,
185,140430,카티스,KOSDAQ,5.38,1940,856453433,412937,20737643580,
186,032790,엠젠솔루션,KOSDAQ,5.37,1040,177536220,178954,26707310240,
187,000650,천일고속,KOSPI,5.35,159600,2399813750,14446,228103512000,
188,36328K,티와이홀딩스우,KOSPI,5.30,2485,6075620,2504,2919748265,
189,192650,드림텍,KOSPI,5.28,5180,1390011367,276223,341293774220,
190,014950,삼익제약,KOSDAQ,5.25,5610,4564360940,818147,56479168680,
191,434480,모니터랩,KOSDAQ,5.23,2615,142567170,54718,32191434500,
192,140860,파크시스템스,KOSDAQ,5.19,283500,11037547750,39354,1985199961500,
193,109070,주성코퍼레이션,KOSPI,5.18,1585,867016981,545636,83704214550,
194,215090,솔디펜스,KOSDAQ,5.16,1488,105729180,73084,34455623568,
195,089860,롯데렌탈,KOSPI,5.14,45000,26217371350,590664,1633922460000,
196,199800,툴젠,KOSDAQ,5.14,41950,1264993550,30295,377450536550,
197,090410,덕신이피씨,KOSDAQ,5.13,819,249737322,311380,37742873805,
198,365590,하이딥,KOSDAQ,5.08,973,136301000,142151,35820557150,
199,227950,엔투텍,KOSDAQ,5.06,1330,168116110,126009,45895917970,
200,270520,앱튼,KOSDAQ,5.04,3855,904517270,238427,75785113470,
201,058110,멕아이씨에스,KOSDAQ,5.03,1670,106323926,65599,26804385100,
202,307280,원바이오젠,KOSDAQ,5.02,6070,270320420,43775,43064385890,
203,241770,메카로,KOSDAQ,4.98,39000,1177135200,30391,397512960000,
204,166090,하나머티리얼즈,KOSDAQ,4.98,63300,13734613300,218660,1251926764200,
205,014910,성문전자,KOSPI,4.96,1904,613244906,330624,41616217328,
206,335810,프리시젼바이오,KOSDAQ,4.95,1483,22584792,15366,32551117398,
207,036570,NC,KOSPI,4.93,255500,55891700250,220264,5504497621000,
208,070300,퀀텀레일,KOSDAQ,4.93,1619,361785140,227750,57514536251,
209,225530,HC보광산업,KOSDAQ,4.92,2070,52906335,26174,75221164890,
210,013700,까뮤이앤씨,KOSPI,4.90,1670,752308701,459114,99783886100,
211,000545,흥국화재우,KOSPI,4.85,5620,702170,126,4316160000,
212,238120,얼라인드,KOSDAQ,4.85,3245,31013655,9772,46138299130,
213,005670,푸드웰,KOSDAQ,4.85,6920,497894800,74052,69200000000,
214,005935,삼성전자우,KOSPI,4.77,180200,442929657684,2495014,144587290780600,
215,068270,셀트리온,KOSPI,4.73,210500,184927798550,886325,48952555113000,
216,000105,유한양행우,KOSPI,4.73,70900,220213600,3138,83728646000,
217,061970,LB세미콘,KOSDAQ,4.72,4105,1248178051,313391,238430739630,
218,484120,도우인시스,KOSDAQ,4.71,21100,925804535,44970,231201604200,
219,038060,루멘스,KOSDAQ,4.68,940,493160562,532928,45216884860,
220,044990,에이치엔에스하이텍,KOSDAQ,4.66,12800,326689825,25790,98373440000,
221,217730,강스템바이오텍,KOSDAQ,4.65,2815,2289349762,811446,264762429435,
222,464280,티디에스팜,KOSDAQ,4.65,5850,324892530,55400,32350500000,
223,484810,티엑스알로보틱스,KOSDAQ,4.63,17160,26035875360,1449744,265137701400,
224,351320,넥사다이내믹스,KOSDAQ,4.61,953,48302494,51747,28302805826,
225,017180,명문제약,KOSPI,4.59,1253,181489101,146340,42543677862,
226,016670,디모아,KOSDAQ,4.58,2625,20700340,8051,26759864250,
227,080470,성창오토텍,KOSDAQ,4.58,3085,47268665,15804,22520500000,
228,095340,ISC,KOSDAQ,4.57,148600,21456244700,146155,3149882818800,
229,077500,유니퀘스트,KOSPI,4.51,6260,989540925,160832,135216638520,
230,071280,로체시스템즈,KOSDAQ,4.51,6260,2042035465,340802,95756734780,
231,026940,부국철강,KOSPI,4.50,2090,1279978089,614225,41800000000,
232,221800,지구홀딩스,KOSDAQ,4.50,4300,170901666,40214,70171059300,
233,424980,마이크로투나노,KOSDAQ,4.49,7210,135890320,18911,42675196900,
234,114840,아이패밀리에스씨,KOSDAQ,4.49,9300,501887780,54907,155136880500,
235,199730,바이오인프라,KOSDAQ,4.48,1794,74493899,43216,8726674398,
236,415380,스튜디오삼익,KOSDAQ,4.47,2035,78250325,38499,23286454125,
237,406820,뷰티스킨,KOSDAQ,4.45,2020,5526024412,2611537,28555037140,
238,025890,한국주강,KOSPI,4.42,2600,509846275,200278,28976001600,
239,131970,두산테스나,KOSDAQ,4.42,73300,15832528900,219589,1416686545400,
240,254490,미래반도체,KOSDAQ,4.41,18000,2053347450,117264,259884000000,
241,002880,디와이에이,KOSPI,4.40,830,448999784,536437,38822415850,
242,025950,동신건설,KOSDAQ,4.40,11380,5630552570,468581,95592000000,
243,000100,유한양행,KOSPI,4.39,85600,43088414900,502391,6817834645600,
244,187660,페니트리움바이오,KOSDAQ,4.38,4410,3369191607,768709,244606175730,
245,281820,케이씨텍,KOSPI,4.37,69300,17409168050,253582,1372047207300,
246,085810,알티캐스트,KOSDAQ,4.35,1823,15510407,8685,25771665319,
247,082920,비츠로셀,KOSDAQ,4.33,34950,17510343600,496801,1577624721150,
248,003580,HLB글로벌,KOSPI,4.31,1621,302684494,188351,82125541605,
249,071320,지역난방공사,KOSPI,4.31,75100,4603665450,62299,869563674400,
250,084370,유진테크,KOSDAQ,4.31,128400,18908878600,148558,2942419792800,
251,293490,카카오게임즈,KOSDAQ,4.31,8720,4217721110,492952,930818710800,
252,200880,서연이화,KOSPI,4.30,12860,1529676405,119344,347585699820,
253,257720,실리콘투,KOSDAQ,4.30,40050,34748830500,890861,2626328892600,
254,032640,LG유플러스,KOSPI,4.28,15590,26965662625,1747287,6616828341880,
255,035080,그래디언트,KOSDAQ,4.28,11440,592019090,52039,130773888960,
256,224060,더코디,KOSDAQ,4.26,3670,37084245,10453,18939849740,
257,351870,차이커뮤니케이션,KOSDAQ,4.22,1801,15668952,8737,20100316242,
258,220260,켐트로스,KOSDAQ,4.21,3960,448985248,115196,127005337800,
259,200780,비씨월드제약,KOSDAQ,4.20,3350,82088510,25430,35729964350,
260,142210,유니트론텍,KOSDAQ,4.20,5950,1468101785,248202,123470847850,
261,129920,대성하이텍,KOSDAQ,4.19,6720,1054947900,157316,109191237120,
262,306620,지아이에스,KOSDAQ,4.18,1745,504705890,292889,83659111080,
263,003680,한성기업,KOSPI,4.17,6490,25620565180,3779930,40299752350,
264,060250,NHNKCP,KOSDAQ,4.17,14730,20443296695,1392270,591565800030,
265,950140,잉글우드랩,KOSDAQ,4.16,9510,2010619455,208618,188943405660,
266,950190,고스트스튜디오,KOSDAQ,4.15,9040,121584290,13696,117674213360,
267,026890,스틱인베스트먼트,KOSPI,4.14,8550,476516520,56104,331490656350,
268,088260,이리츠코크렙,KOSPI,4.14,3145,403103935,130128,199209300550,
269,005930,삼성전자,KOSPI,4.13,239500,5537944545490,23310969,1400183726616000,
270,037030,파워넷,KOSDAQ,4.13,3910,1184494238,314754,99755798720,
271,068050,팬엔터테인먼트,KOSDAQ,4.13,1209,33391388,28388,33482137884,
272,473980,노머스,KOSDAQ,4.12,11630,299793210,26299,126566405760,
273,063080,컴투스홀딩스,KOSDAQ,4.12,13130,174414100,13552,86594870960,
274,110790,크리스에프앤씨,KOSDAQ,4.12,3035,28201250,9417,71112963600,
275,469610,이노테크,KOSDAQ,4.11,13680,1111285935,82940,122338872000,
276,105760,포스뱅크,KOSDAQ,4.11,4815,756566032,155679,49069120905,
277,112290,와이씨켐,KOSDAQ,4.10,10910,1353753205,125937,220612091900,
278,001820,삼화콘덴서,KOSPI,4.06,84500,201686016350,2315045,878377500000,
279,489460,바이오비쥬,KOSDAQ,4.02,11390,1068623575,95322,168039938930,
280,115530,씨엔플러스,KOSDAQ,4.02,2590,67517409,27037,20420546790,
281,093370,후성,KOSPI,4.01,10640,32419669370,3081114,1141196711200,
282,069640,한세엠케이,KOSPI,4.00,1404,56012481,40791,30516615324,
283,450520,인스웨이브,KOSDAQ,4.00,1949,33951319,17759,28659222522,
284,097520,엠씨넥스,KOSPI,3.98,20900,1223062315,59377,363691350000,
285,348210,넥스틴,KOSDAQ,3.94,35650,2606535750,74130,373505228250,
286,408470,한패스,KOSDAQ,3.94,5810,177413230,31064,61423320000,
287,004410,서울식품,KOSPI,3.93,1136,189509215,168828,44820894768,
288,204840,지엘팜텍,KOSDAQ,3.93,4230,1594595031,346305,65606458230,
289,403870,HPSP,KOSDAQ,3.92,38400,70115618075,1863900,3160320000000,
290,041920,메디아나,KOSDAQ,3.91,10100,913310565,92699,187842052300,
291,354320,알멕,KOSDAQ,3.91,33200,3430307400,104731,212193849200,
292,376980,원티드랩,KOSDAQ,3.91,3325,166213810,50396,32473260050,
293,031980,피에스케이홀딩스,KOSDAQ,3.90,109100,19978916900,184758,2352457294500,
294,078140,대봉엘에스,KOSDAQ,3.89,8540,197175530,23385,94679384660,
295,33637L,솔루스첨단소재2우B,KOSPI,3.87,2280,10333115,4588,8614514880,
296,462870,시프트업,KOSPI,3.86,33650,1464313325,44244,1976664598500,
297,007575,일양약품우,KOSPI,3.86,8080,1543750,195,3596246400,
298,050090,비케이홀딩스,KOSDAQ,3.86,699,1219538867,1782887,16450779765,
299,011230,삼화전자,KOSPI,3.84,2840,2753907730,971720,54430829400,
300,362990,드림인사이트,KOSDAQ,3.83,1220,44761355,37279,20496700280,
301,348350,위드텍,KOSDAQ,3.83,9750,633433180,64912,97291350000,
302,361570,알비더블유,KOSDAQ,3.82,1440,29656268,21121,41390339040,
303,092440,기신정기,KOSPI,3.79,1946,263666469,138220,56823200000,
304,072770,멤레이비티,KOSDAQ,3.78,769,66252524,89063,31922803362,
305,308080,바이젠셀,KOSDAQ,3.76,6070,704033915,117346,124430508200,
306,086980,쇼박스,KOSDAQ,3.75,2075,236145485,114737,129558850000,
307,219130,타이거일렉,KOSDAQ,3.75,83000,5612690250,67719,524086070000,
308,122450,KX,KOSDAQ,3.73,2780,79616134,28995,124599138520,
309,389680,유디엠텍,KOSDAQ,3.73,1112,179158498,164573,9252610616,
310,011370,서한,KOSDAQ,3.71,783,279999843,362689,79000679295,
311,018670,SK가스,KOSPI,3.70,238500,3595779250,15258,2207852694000,
312,294140,레몬,KOSDAQ,3.68,2115,178993118,83703,52694840070,
313,214420,토니모리,KOSPI,3.67,5930,2252940925,382397,142644958070,
314,042700,한미반도체,KOSPI,3.65,213000,87314450250,416434,20301498600000,
315,060310,3S,KOSDAQ,3.65,1135,255499727,226982,60222010400,
316,143540,영우디에스피,KOSDAQ,3.65,1051,74996603,72837,46874489645,
317,950210,프레스티지바이오파마,KOSPI,3.64,6840,322071290,48107,411057700200,
318,432320,KB스타리츠,KOSPI,3.63,1456,492343828,340418,219512798960,
319,223310,사토시홀딩스,KOSDAQ,3.63,3995,36306520,9333,20792544790,
320,137940,넥스트아이,KOSDAQ,3.62,2145,80770047,38070,21046883715,
321,388610,지에프씨생명과학,KOSDAQ,3.62,6300,47634010,7606,33549912900,
322,010960,삼호개발,KOSPI,3.54,3215,2425692383,743841,77545800000,
323,140070,서플러스글로벌,KOSDAQ,3.54,1933,317068699,167651,71497804000,
324,396470,워트,KOSDAQ,3.54,6440,468275985,73870,103812800000,
325,261780,아리바이오랩,KOSDAQ,3.53,2495,602953550,244091,69894712935,
326,439580,블루엠텍,KOSDAQ,3.52,1853,230541283,125403,62717651591,
327,021240,코웨이,KOSPI,3.50,97600,18210813650,185031,6906900777600,
328,419080,엔젯,KOSDAQ,3.49,5640,282300585,50169,61317047880,
329,001780,알루코,KOSPI,3.47,1909,1235624312,654058,184848721988,
330,098460,고영,KOSDAQ,3.47,32800,36147064725,1120404,2237098186400,
331,425420,티에프이,KOSDAQ,3.47,34250,1491902250,43917,422890949250,
332,260930,씨티케이,KOSDAQ,3.46,2690,128563495,47500,52028879790,
333,102710,이엔에프테크놀로지,KOSDAQ,3.46,50900,4866289150,96752,727250852400,
334,225430,케이엠제약,KOSDAQ,3.45,1770,206016972,118388,11479644750,
335,161580,필옵틱스,KOSDAQ,3.43,28650,3684560950,132456,671620376550,
336,322180,LS티라유텍,KOSDAQ,3.42,4685,522115053,112862,100709256610,
337,042520,한스바이오메드,KOSDAQ,3.42,24200,2450260000,101472,345125081400,
338,025440,DH오토웨어,KOSDAQ,3.41,3640,63206270,17953,35512728160,
339,210540,디와이파워,KOSPI,3.40,11850,616588560,52346,130844239800,
340,049070,인탑스,KOSDAQ,3.40,19480,1550738420,80526,320730544360,
341,067310,하나마이크론,KOSDAQ,3.40,35000,49166879925,1412249,2327180415000,
342,217270,넵튠,KOSDAQ,3.37,2605,121642960,47503,121746350015,
343,137950,제이씨케미칼,KOSDAQ,3.35,3395,389357675,115955,75599228530,
344,041960,코미팜,KOSDAQ,3.35,9250,3837130095,416792,683450078750,
345,384470,코어라인소프트,KOSDAQ,3.35,2930,203425795,70602,52583807560,
346,001720,신영증권,KOSPI,3.33,155100,1307626600,8472,2549844000000,
347,007570,일양약품,KOSPI,3.33,8990,567792230,63580,171580119360,
348,005180,빙그레,KOSPI,3.32,71500,3992072250,56504,662735716500,
349,205500,넥써쓰,KOSDAQ,3.32,1585,398759463,260923,128995296325,
350,011420,갤럭시아에스엠,KOSPI,3.30,1503,81254896,54243,41407114932,
351,025620,차AI헬스케어,KOSPI,3.30,5010,134351255,26454,91201904730,
352,115450,HLB테라퓨틱스,KOSDAQ,3.29,2355,1003838348,432004,208606156695,
353,417790,트루엔,KOSDAQ,3.29,6270,83818625,13564,65636811570,
354,140410,메지온,KOSDAQ,3.28,63000,8261255300,131266,1928177622000,
355,479960,위너스일렉,KOSDAQ,3.28,6300,63553980,10251,44893800000,
356,001525,동양우,KOSPI,3.26,8880,5370650,604,2332021200,
357,043590,웰킵스하이텍,KOSDAQ,3.26,1205,30930221,25947,16349899105,
358,121890,에스디시스템,KOSDAQ,3.24,2010,153042544,76230,26715806460,
359,357250,미래에셋맵스리츠,KOSPI,3.23,1920,101850821,54192,47990601600,
360,440290,HB인베스트먼트,KOSDAQ,3.23,1758,110789298,63899,48356303940,
361,039030,이오테크닉스,KOSDAQ,3.22,368500,44684790500,122202,4539754175000,
362,032830,삼성생명,KOSPI,3.21,289500,81967572695,287247,57900000000000,
363,079000,와토스코리아,KOSDAQ,3.21,4505,166827835,37627,32436000000,
364,395400,SK리츠,KOSPI,3.20,5810,1131789730,196419,1748912372200,
365,013580,계룡건설,KOSPI,3.20,20950,3422980475,162978,187102501650,
366,225570,넥슨게임즈,KOSDAQ,3.20,9350,1317283765,143730,615792626900,
367,036630,세종텔레콤,KOSDAQ,3.20,7090,128656460,18085,99260000000,
368,192820,코스맥스,KOSPI,3.19,210000,28291950150,133907,2383396890000,
369,476080,M83,KOSDAQ,3.19,3880,94759400,24767,31338760000,
370,078340,컴투스,KOSDAQ,3.19,33950,1390901450,41586,410500076350,
371,043710,코스리거글로벌,KOSDAQ,3.19,3555,25522305,7192,61545944610,
372,043650,국순당,KOSDAQ,3.18,3735,210511645,57044,66700765440,
373,199550,레이저옵텍,KOSDAQ,3.18,2435,171588242,69664,36149501085,
374,146320,비씨엔씨,KOSDAQ,3.18,10380,544912805,52855,132842440740,
375,130740,티피씨글로벌,KOSDAQ,3.18,2045,61620288,30542,23060808555,
376,445180,퓨릿,KOSDAQ,3.17,8460,254679585,30509,145420530480,
377,402490,그린리소스,KOSDAQ,3.16,7500,644010030,87493,127014127500,
378,418420,라온텍,KOSDAQ,3.15,4095,500899149,125855,126021815010,
379,214330,금호에이치티,KOSPI,3.14,5590,2964106875,528137,58454233110,
380,095720,웅진씽크빅,KOSPI,3.14,1249,91162065,73520,70977029165,
381,419120,산돌,KOSDAQ,3.14,2460,55838315,23127,34988798940,
382,009830,한화솔루션,KOSPI,3.12,36350,332700855775,9134591,8174843683600,
383,009300,삼아제약,KOSDAQ,3.12,13890,51394780,3759,88479300000,
384,251970,펌텍코리아,KOSDAQ,3.12,51200,11941667350,223199,634880000000,
385,093380,풍강,KOSDAQ,3.12,2810,27434540,9839,27760869530,
386,226590,엠디바이스,KOSDAQ,3.10,12290,443035460,37030,131709275360,
387,237880,클리오,KOSDAQ,3.09,11660,1128478445,97865,210711975980,
388,034310,NICE,KOSPI,3.08,13070,787624610,60553,480416041990,
389,010770,평화홀딩스,KOSPI,3.08,3845,121582780,31989,56234916770,
390,085910,네오티스,KOSDAQ,3.08,19050,2209234775,117788,262791282900,
391,080220,제주반도체,KOSDAQ,3.08,90400,282871960000,3113362,3113632103200,
392,028300,HLB,KOSDAQ,3.07,41950,36513533650,884663,5587665454850,
393,352700,씨앤투스,KOSDAQ,3.07,1443,72307838,50435,37917565257,
394,003520,영진약품,KOSPI,3.04,1286,661205994,515256,235200052066,
395,330590,롯데리츠,KOSPI,3.03,3915,548169096,140640,1131313180860,
396,149950,아바텍,KOSDAQ,3.03,8840,1276976955,143344,120822494520,
397,232140,와이씨,KOSDAQ,3.03,10530,6388561890,618532,863937535500,
398,069330,유아이디,KOSDAQ,3.03,1055,75165349,71603,17884965570,
399,099750,이지케어텍,KOSDAQ,3.03,7140,149728460,21086,97526495220,
400,405920,나라셀라,KOSDAQ,3.02,1773,5552623,3114,22832828748,
401,089140,넥스턴앤롤코리아,KOSDAQ,3.02,2390,92685956,39758,36605799260,
402,089030,테크윙,KOSDAQ,3.02,47800,24052788825,510236,1771164231000,
403,451800,한화리츠,KOSPI,3.01,5470,571502720,105587,982412000000,
404,065660,안트로젠,KOSDAQ,2.99,16900,976108780,58083,169103090000,
405,222110,팬젠,KOSDAQ,2.99,5170,104862488,21052,69870011530,
406,059090,미코,KOSDAQ,2.98,17300,2498163945,147069,578110259400,
407,102120,어보브반도체,KOSDAQ,2.98,7600,660271555,87937,135133722800,
408,082800,비보존제약,KOSDAQ,2.97,2950,559576467,191252,179123014700,
409,393890,더블유씨피,KOSDAQ,2.96,8710,2682324250,315301,294773784240,
410,093640,케이알엠,KOSDAQ,2.96,4345,176701575,41540,142705946020,
411,092790,넥스틸,KOSPI,2.95,13250,11039205820,821642,344526500000,
412,352480,씨앤씨인터내셔널,KOSDAQ,2.95,20950,393958610,19179,285546425950,
413,206640,바디텍메드,KOSDAQ,2.94,11570,372552270,32199,253474645970,
414,370090,퓨런티어,KOSDAQ,2.94,7000,113590880,16589,59897810000,
415,036200,유니셈,KOSDAQ,2.93,8440,1422267320,169562,258806042120,
416,096760,JW홀딩스,KOSPI,2.92,4060,550293869,135734,300135264520,
417,035720,카카오,KOSPI,2.91,40700,106255363850,2626688,18029329549000,
418,101360,에코앤드림,KOSDAQ,2.91,8130,474826320,58917,144601106820,
419,200350,아티스트스튜디오,KOSDAQ,2.90,2485,25816950,10511,24840122125,
420,365550,ESR켄달스퀘어리츠,KOSPI,2.89,3385,712097053,212649,833011265000,
421,025560,미래산업,KOSPI,2.89,7480,3746679345,485417,190396967200,
422,006730,서부TD,KOSDAQ,2.89,11390,6795997370,596206,732114152970,
423,223250,드림씨아이에스,KOSDAQ,2.88,3575,210221090,58845,87946587300,
424,332570,PS일렉트로닉스,KOSDAQ,2.86,8990,18822461405,2143781,419936951370,
425,037350,성도이엔지,KOSDAQ,2.86,8260,1510720050,184218,125634600000,
426,089890,코세스,KOSDAQ,2.86,23350,4143709700,175706,387258862700,
427,451220,아이엠티,KOSDAQ,2.85,10090,223747020,22626,79454824990,
428,474610,RF시스템즈,KOSDAQ,2.84,7980,1231071270,156795,115033455600,
429,139670,키네마스터,KOSDAQ,2.84,1665,6857259,4202,23507818650,
430,430690,한싹,KOSDAQ,2.84,2535,159995312,64273,27619595640,
431,330730,스톤브릿지벤처스,KOSDAQ,2.83,5090,120912822,24224,92728754700,
432,373200,엑스플러스,KOSDAQ,2.82,1786,60959918,35666,44727221282,
433,066130,하츠,KOSDAQ,2.82,3825,91758190,24182,48960000000,
434,101680,한국정밀기계,KOSDAQ,2.82,2735,63871975,23653,22984940000,
435,499790,GS피앤엘,KOSPI,2.81,43900,2775352850,63730,870573919900,
436,145720,덴티움,KOSPI,2.81,43850,873714100,19965,378157620350,
437,189980,흥국에프엔비,KOSDAQ,2.81,1170,74000685,63944,46961257590,
438,016250,SGCEC,KOSDAQ,2.79,12510,70593050,5688,63012694860,
439,362320,청담글로벌,KOSDAQ,2.78,5170,585184090,112659,109352169300,
440,002460,HS화성,KOSPI,2.77,11890,359375465,30040,120683500000,
441,058450,한주에이알티,KOSDAQ,2.77,3890,57048205,15070,19502017080,
442,460860,동국제강,KOSPI,2.74,10130,2261494725,225280,502529212210,
443,031820,아이티센씨티에스,KOSPI,2.74,6000,239738700,39830,72630876000,
444,038870,에코심플렉스,KOSDAQ,2.74,1873,23159744,12489,26249999477,
445,215000,골프존,KOSDAQ,2.73,37600,868497150,23327,235955604000,
446,065170,비엘팜텍,KOSDAQ,2.73,2450,1363311090,554531,68388792850,
447,064400,LG씨엔에스,KOSPI,2.72,75600,72500298800,963036,7324577668800,
448,170900,동아에스티,KOSPI,2.72,39700,374752350,9520,386196875700,
449,388870,파로스아이바이오,KOSDAQ,2.72,6050,409937990,68695,78322888600,
450,003100,선광,KOSDAQ,2.71,20850,620573700,29775,137610000000,
451,263860,지니언스,KOSDAQ,2.71,15920,483269220,30686,144547232000,
452,018700,졸스,KOSDAQ,2.68,1495,23880280,16168,17501346070,
453,009240,한샘,KOSPI,2.67,42300,2556469575,60608,995485154400,
454,013120,동원개발,KOSDAQ,2.67,2310,487603322,212221,209766711000,
455,133750,메가엠디,KOSDAQ,2.66,1467,110762096,76113,34338181959,
456,032940,원익,KOSDAQ,2.66,6170,516706790,83665,112252229100,
457,217190,제너셈,KOSDAQ,2.66,5410,273488730,51063,71161847010,
458,02826K,삼성물산우B,KOSPI,2.64,214000,828293250,3882,314064260000,
459,002290,삼일기업공사,KOSDAQ,2.64,3300,90259255,27469,40920000000,
460,012790,신일제약,KOSDAQ,2.64,5840,164581300,28362,70000663600,
461,182360,큐브엔터,KOSDAQ,2.64,6210,87425575,14289,96564562290,
462,083450,GST,KOSDAQ,2.63,50800,9368674650,182269,936244000000,
463,007770,한일화학,KOSDAQ,2.63,6640,25362060,3907,23306400000,
464,002900,TYM,KOSPI,2.62,7060,3498724640,493896,292284000000,
465,111380,동인기연,KOSPI,2.62,13340,211229400,15970,81747520000,
466,388210,씨엠티엑스,KOSDAQ,2.62,82200,3445796950,41866,793594803600,
467,468530,프로티나,KOSDAQ,2.62,31300,6177698800,190627,345402010400,
468,002780,진흥기업,KOSPI,2.61,827,1880013682,2271722,120305133115,
469,052900,KX하이텍,KOSDAQ,2.61,1180,1171035580,1001359,90468346200,
470,141000,비아트론,KOSDAQ,2.60,9080,232893380,25884,110001566800,
471,129890,앱코,KOSDAQ,2.60,988,133680203,136626,44999054776,
472,067170,오텍,KOSDAQ,2.60,2370,592027934,253794,65079683340,
473,317450,명인제약,KOSPI,2.59,49550,2704819525,54292,723430000000,
474,025750,한솔홈데코,KOSPI,2.59,1902,36495045,19372,30646981158,
475,399720,가온칩스,KOSDAQ,2.59,47600,5830697300,123976,564480974400,
476,060590,씨티씨바이오,KOSDAQ,2.59,3365,321562205,96343,81369132300,
477,432980,엠에프씨,KOSDAQ,2.59,2770,3826185,1391,23799125340,
478,487580,폴레드,KOSDAQ,2.59,3770,710454895,191464,94939385970,
479,004415,서울식품우,KOSPI,2.57,5190,30185770,5886,1154515500,
480,403550,쏘카,KOSPI,2.57,11180,187956900,16884,424168551560,
481,060720,KH바텍,KOSDAQ,2.57,11590,2501236440,219485,274421552780,
482,100790,미래에셋벤처투자,KOSDAQ,2.57,16770,25522721940,1531630,890832093060,
483,014130,한익스프레스,KOSPI,2.56,2600,47181570,18420,30726495800,
484,094170,동운아나텍,KOSDAQ,2.56,34050,2958370725,86182,711983320800,
485,288620,에스프리즘,KOSDAQ,2.56,4410,31944260,7307,30778783560,
486,340450,지씨지놈,KOSDAQ,2.56,5610,531213750,96459,132680948730,
487,207940,삼성바이오로직스,KOSPI,2.55,1609000,112078249500,69856,74482140159000,
488,33626K,두산퓨얼셀1우,KOSPI,2.54,5250,227830425,43577,70162050000,
489,066900,디에이피,KOSDAQ,2.54,1774,828677,467,40348748322,
490,146060,율촌,KOSDAQ,2.54,1089,63353977,59151,26152982955,
491,088390,이녹스,KOSDAQ,2.54,7670,79452900,10371,71989423480,
492,028260,삼성물산,KOSPI,2.53,344500,116714062500,340367,55866731654500,
493,122350,삼기,KOSDAQ,2.53,1541,3282786563,2117749,59081058548,
494,368600,아이씨에이치,KOSDAQ,2.53,1015,470724599,476055,26182346225,
495,021080,에이티넘인베스트,KOSDAQ,2.53,2435,409301650,169191,116880000000,
496,123330,제닉,KOSDAQ,2.53,30350,8837108450,286437,241849438000,
497,459510,나우로보틱스,KOSDAQ,2.52,17480,3189152010,181370,226862117360,
498,033640,네패스,KOSDAQ,2.52,17500,1860937425,107404,403536035000,
499,054210,이랜텍,KOSDAQ,2.52,8150,872903005,108158,206123361500,
500,128540,에코캡,KOSDAQ,2.51,1266,34521504,27595,33790122360,
501,023800,인지컨트롤스,KOSPI,2.50,5340,254187210,47879,84421111980,
502,117580,대성에너지,KOSPI,2.49,6990,466935900,67494,192225000000,
503,088350,한화생명,KOSPI,2.49,4725,11138821449,2358997,4103804250000,
504,137080,나래나노텍,KOSDAQ,2.49,5760,56176320,9891,61689306240,
505,064550,바이오니아,KOSDAQ,2.49,7410,504572585,68853,191254256310,
506,067290,JW신약,KOSDAQ,2.47,2280,21336505038,9218793,127764594840,
507,450950,아스테라시스,KOSDAQ,2.47,6220,63411330,10181,234043622240,
508,079370,제우스,KOSDAQ,2.47,9550,1988384375,210258,296212254500,
509,257370,피엔티엠에스,KOSDAQ,2.47,2075,44642530,21679,25947586575,
510,068760,셀트리온제약,KOSDAQ,2.44,46100,4771823000,103281,2046947505200,
511,336570,원텍,KOSDAQ,2.44,5460,2679009200,498147,487472327160,
512,026150,특수건설,KOSDAQ,2.44,3985,143699992,36191,69922129035,
513,170790,파이오링크,KOSDAQ,2.44,8810,112405005,12932,56360521350,
514,214180,헥토이노베이션,KOSDAQ,2.43,15590,1088580575,71130,202566591530,
515,010955,S-Oil우,KOSPI,2.42,67600,2345330550,33907,271882265200,
516,005740,크라운해태홀딩스,KOSPI,2.42,5920,203932945,34720,87896294240,
517,019660,글로본,KOSDAQ,2.42,1569,70459921,45975,21878658477,
518,042940,상지건설,KOSDAQ,2.42,6360,3533047525,524332,43430608320,
519,137310,에스디바이오센서,KOSPI,2.41,6790,774328555,113527,819886402580,
520,064800,포니링크,KOSDAQ,2.41,2125,28057740,13478,54318100375,
521,044820,코스맥스비티아이,KOSPI,2.40,25600,2005382700,77887,245860377600,
522,010640,진양폴리,KOSPI,2.39,1760,30832606,17729,29392000000,
523,104830,원익머트리얼즈,KOSDAQ,2.39,36400,3252156525,88594,458931200000,
524,382840,원준,KOSDAQ,2.39,5150,5971296630,1087939,78648642150,
525,048530,인트론바이오,KOSDAQ,2.39,2780,284349480,103130,85879087240,
526,014825,동원시스템즈우,KOSPI,2.38,14180,14619900,1031,3745093980,
527,095610,테스,KOSDAQ,2.38,146000,59845898400,411250,2826560000000,
528,024060,흥구석유,KOSDAQ,2.38,10750,16593774325,1539928,161250000000,
529,114090,GKL,KOSPI,2.37,9520,1174029680,124553,588865978400,
530,465770,STX그린로지스,KOSPI,2.37,3025,2927497168,955664,21835599500,
531,315640,딥노이드,KOSDAQ,2.37,1770,436027165,247503,51988850640,
532,024950,삼천리자전거,KOSDAQ,2.37,3885,69644165,18201,48174000000,
533,014790,HLDI,KOSPI,2.36,2600,187389400,72051,98432362600,
534,005257,녹십자홀딩스2우,KOSPI,2.36,16070,1055280,66,13595059300,
535,0120G0,삼양바이오팜,KOSPI,2.36,47650,2148004800,45807,354319205500,
536,318160,셀바이오휴먼텍,KOSDAQ,2.36,7370,349326860,47948,68817470810,
537,272110,케이엔제이,KOSDAQ,2.36,30400,3504825475,114670,243972008000,
538,119500,포메탈,KOSDAQ,2.36,2605,62228500,24216,30862039360,
539,011320,유니크,KOSDAQ,2.35,3925,213461375,55009,75833727875,
540,0082N0,카나프테라퓨틱스,KOSDAQ,2.35,15690,1806367390,111380,208686100200,
541,307930,컴퍼니케이,KOSDAQ,2.34,6560,314154360,48696,102401600000,
542,33626L,두산퓨얼셀2우B,KOSPI,2.33,7480,25568980,3426,22337524000,
543,161000,애경케미칼,KOSPI,2.33,9670,3756631785,390669,470433016030,
544,064480,브리지텍,KOSDAQ,2.33,2860,65842727,23242,34184150000,
545,040910,아이씨디,KOSDAQ,2.33,4400,33138015,7594,79966810000,
546,067920,이글루,KOSDAQ,2.33,5720,191111875,33590,62897800680,
547,211050,인카금융서비스,KOSDAQ,2.33,10980,1402956245,129711,540914953860,
548,108670,LX하우시스,KOSPI,2.32,35300,1017797925,29029,316558751000,
549,053350,이니텍,KOSDAQ,2.31,3990,409602865,102668,87864049350,
550,127980,화인써키트,KOSDAQ,2.31,3100,18666995,6084,36706120400,
551,396270,넥스트칩,KOSDAQ,2.30,2225,251467912,115509,73174533975,
552,124560,태웅로직스,KOSDAQ,2.30,1867,91443409,49441,72291754137,
553,001460,BYC,KOSPI,2.29,38000,116578900,3098,237353700000,
554,083930,아바코,KOSDAQ,2.29,11190,1078188135,96379,164238416310,
555,010280,아이티센엔텍,KOSDAQ,2.29,5350,287035300,53721,69682449950,
556,265740,엔에프씨,KOSDAQ,2.29,6700,1790683460,268329,119686120000,
557,000950,전방,KOSPI,2.28,31450,54945800,1777,52836000000,
558,067160,SOOP,KOSDAQ,2.28,44900,3565452600,80622,516115038300,
559,215360,우리산업,KOSDAQ,2.28,7190,186178280,26008,65660251970,
560,123690,한국화장품,KOSPI,2.27,6770,7722590585,1099940,108780360000,
561,035600,KG이니시스,KOSDAQ,2.27,10360,656063295,63872,285463936240,
562,178320,서진시스템,KOSDAQ,2.27,38300,35641724450,936643,2437823227100,
563,453860,에이에스텍,KOSDAQ,2.27,9470,106243180,11321,61028685810,
564,058630,엠게임,KOSDAQ,2.27,4515,130213681,28824,84758171610,
565,258610,케일럼,KOSDAQ,2.27,1080,23469585,21667,39403868040,
566,187790,나노,KOSDAQ,2.26,3395,733763595,213951,104704617850,
567,005290,동진쎄미켐,KOSDAQ,2.26,43000,17330348775,402749,2191715418000,
568,192440,슈피겐코리아,KOSDAQ,2.26,29350,69351050,2368,182450254050,
569,039420,케이엘넷,KOSDAQ,2.26,2935,116491926,40005,67349427390,
570,011690,와이투솔루션,KOSPI,2.25,3635,452951851,126537,133420472190,
571,008470,부스타,KOSDAQ,2.25,2045,9393175,4521,17187816000,
572,024900,디와이덕양,KOSPI,2.24,1779,78129904,44356,57933099420,
573,009835,한화솔루션우,KOSPI,2.24,18690,308217930,16728,48133272810,
574,060480,국일신동,KOSDAQ,2.24,1140,84805565,77301,12642600000,
575,187270,신화콘텍,KOSDAQ,2.24,2965,13795095,4739,30076500425,
576,105330,케이엔더블유,KOSDAQ,2.24,6860,226435460,33966,109893907200,
577,038950,파인디지털,KOSDAQ,2.24,2970,5472405,1861,30325972050,
578,016740,두올,KOSPI,2.23,3435,113075515,32948,98495272440,
579,084990,헬릭스미스,KOSDAQ,2.23,3665,349856306,94718,168930101005,
580,069730,DSR제강,KOSPI,2.22,5990,251198265,42135,86256000000,
581,408920,메쎄이상,KOSDAQ,2.22,3225,39066455,12273,139424667375,
582,264850,이랜시스,KOSDAQ,2.22,6900,37753515320,5448967,209032822800,
583,065530,와이어블,KOSDAQ,2.21,1339,235005284,177235,64056098301,
584,003380,하림지주,KOSDAQ,2.21,11580,8521731790,748024,1297025091180,
585,108675,LX하우시스우,KOSPI,2.20,18600,91756040,4958,19201338000,
586,133820,화인베스틸,KOSPI,2.20,977,93006100,96254,36260868454,
587,302550,리메드,KOSDAQ,2.20,3025,184231349,60828,93494128750,
588,109610,에스와이,KOSDAQ,2.20,1999,307743805,154442,97765892600,
589,011930,신성이엔지,KOSPI,2.19,16800,3778696640,228092,341143857600,
590,303530,이노뎁,KOSDAQ,2.19,2800,44139660,15632,20550037200,
591,308100,형지글로벌,KOSDAQ,2.19,420,119149275,285845,10844399160,
592,114450,그린생명과학,KOSDAQ,2.18,2340,203829166,88120,46800000000,
593,007390,네이처셀,KOSDAQ,2.18,23400,8523053525,365201,1507780310400,
594,100660,서암기계공업,KOSDAQ,2.18,3045,95824285,31655,38367000000,
595,033310,엠투엔,KOSDAQ,2.18,1359,43294687,31907,54322567704,
596,038530,케이바이오랩스,KOSDAQ,2.18,1078,177964926,164210,27909551516,
597,091440,한울소재과학,KOSDAQ,2.18,3285,1349781090,413520,112370484465,
598,071050,한국금융지주,KOSPI,2.17,198100,36769839150,185889,11039319015200,
599,412350,레이저쎌,KOSDAQ,2.17,4480,603226823,136128,65421632640,
600,016600,큐캐피탈,KOSDAQ,2.17,2350,81465520,35284,32809762350,
601,084110,휴온스글로벌,KOSDAQ,2.17,25850,1076307400,41869,327256140200,
602,378850,화승알앤에이,KOSPI,2.16,2840,66735685,23781,53941889320,
603,092040,아미코젠,KOSDAQ,2.16,1088,725233893,675978,76873061056,
604,064850,에프앤가이드,KOSDAQ,2.16,17980,1223859820,71762,205157769360,
605,062970,한국첨단소재,KOSDAQ,2.16,3080,6741759477,2307620,87916465560,
606,037560,LG헬로비전,KOSPI,2.15,1756,257362561,147435,135996694940,
607,065150,대산FB,KOSDAQ,2.15,1665,37694325,22543,26537169600,
608,240550,동방메디컬,KOSDAQ,2.15,6650,462893430,69812,139210701000,
609,001060,JW중외제약,KOSPI,2.14,26250,892964175,34250,611255662500,
610,034730,SK,KOSPI,2.14,524000,60499615250,116923,37991416372000,
611,000815,삼성화재우,KOSPI,2.14,406500,3471644000,8610,1222353630000,
612,092070,디엔에프,KOSDAQ,2.14,13820,324022250,23544,159923077560,
613,046940,우원개발,KOSDAQ,2.14,3100,1036587693,331896,56030485000,
614,290090,트윔,KOSDAQ,2.14,4290,2536850,591,31920036720,
615,002150,도화엔지니어링,KOSPI,2.13,5280,310888080,59288,178041600000,
616,000220,유유제약,KOSPI,2.13,3835,229501540,60054,60391516770,
617,363280,티와이홀딩스,KOSPI,2.13,1917,39690766,20896,87218387361,
618,200230,텔콘RF제약,KOSDAQ,2.13,2395,90489275,38042,22710034255,
619,035460,기산텔레콤,KOSDAQ,2.12,2410,226158545,95428,35958019400,
620,084010,대한제강,KOSPI,2.11,8730,188158370,21960,300064033080,
621,025880,케이씨피드,KOSDAQ,2.11,2660,50869398,19522,44464182280,
622,003090,대웅,KOSPI,2.10,18500,1040933815,55731,1075626630000,
623,023810,인팩,KOSPI,2.10,5350,75872820,14216,53500000000,
624,001065,JW중외제약우,KOSPI,2.09,22000,370850,17,7522922000,
625,006120,SK디스커버리,KOSPI,2.09,53700,1155259800,21640,935118428700,
626,008350,남선알미늄,KOSPI,2.09,1075,1054279052,988264,138760021750,
627,007460,에이프로젠,KOSPI,2.09,2685,275080425,104923,63352395105,
628,000700,유수홀딩스,KOSPI,2.09,6830,585472810,85831,177865575960,
629,001620,케이비아이동국실업,KOSPI,2.09,2200,124585625,57486,48968933200,
630,041930,SY동아,KOSDAQ,2.09,4875,215325554,44092,74100000000,
631,042420,네오위즈홀딩스,KOSDAQ,2.09,24450,196453050,8107,199078819350,
632,356890,싸이버원,KOSDAQ,2.09,2440,76582115,31667,29167333000,
633,002790,아모레퍼시픽홀딩스,KOSPI,2.08,27000,3426319225,125751,2064370860000,
634,348030,모비릭스,KOSDAQ,2.08,3185,296052901,93540,30588103000,
635,026040,제이에스티나,KOSDAQ,2.08,1820,40740716,22434,30036897800,
636,396690,미래에셋글로벌리츠,KOSPI,2.07,1679,90661424,54390,66498373260,
637,002200,한국수출포장,KOSPI,2.07,2460,115997860,47496,82409854860,
638,263750,펄어비스,KOSDAQ,2.07,36900,18371252175,502693,2318940279000,
639,102460,이연제약,KOSPI,2.06,10410,823544255,79019,193488702510,
640,138070,신진에스엠,KOSDAQ,2.06,1538,18273143,11963,26919927752,
641,074430,아미노로직스,KOSDAQ,2.06,1088,164000093,150013,95896670336,
642,032080,아즈텍WB,KOSDAQ,2.06,1140,12492615,11199,24499773060,
643,342870,오아,KOSDAQ,2.06,3960,5154030,1305,21582780120,
644,094970,제이엠티,KOSDAQ,2.06,3225,246786820,77568,54013074000,
645,126700,하이비젼시스템,KOSDAQ,2.05,10950,732937100,67836,163616126400,
646,002380,KCC,KOSPI,2.04,450000,6400633500,14294,3866803200000,
647,073240,금호타이어,KOSPI,2.04,7520,94854794760,12876737,2160197358240,
648,261200,덴티스,KOSDAQ,2.04,2995,506754800,171547,47350051500,
649,115480,씨유메디칼,KOSDAQ,2.04,1947,40068975,20603,23607201717,
650,000440,중앙에너비스,KOSDAQ,2.04,12510,433467935,34506,77901396300,
651,053080,케이엔솔,KOSDAQ,2.04,8990,468496945,52188,116868264930,
652,393210,토마토시스템,KOSDAQ,2.04,2500,66134050,26743,39036360000,
653,326030,SK바이오팜,KOSPI,2.03,90500,16537708700,181751,7087349125000,
654,002840,미원상사,KOSPI,2.03,125700,397568000,3186,565650000000,
655,00499K,롯데지주우,KOSPI,2.02,22700,55585800,2487,18287188100,
656,004985,성신양회우,KOSPI,2.02,8590,21348175,2517,6319190550,
657,109670,씨싸이트,KOSDAQ,2.02,4035,22233210,5512,23550689070,
658,458870,씨어스,KOSDAQ,2.02,25250,5966997650,240926,961008435000,
659,244920,에이플러스에셋,KOSPI,2.01,13180,476010985,35976,297969393740,
660,004910,조광페인트,KOSPI,2.01,3800,52072600,13936,48640000000,
661,003280,흥아해운,KOSPI,2.01,1725,12557576307,7254370,414732950775,
662,043610,KT지니뮤직,KOSDAQ,2.01,1322,87481267,66629,76828609036,
663,163280,에어레인,KOSDAQ,2.01,3300,114889766,34968,44890157400,
664,193250,링크드,KOSDAQ,2.00,1630,33384273,20510,21791360790,
665,033830,티비씨,KOSDAQ,2.00,1636,34841607,21441,30932064680,
666,092220,KEC,KOSPI,1.99,2825,787880283,285059,113431174100,
667,005610,삼립,KOSPI,1.98,41200,121796875,2965,355515170800,
668,389260,대명에너지,KOSDAQ,1.98,14910,10374688925,693808,267132405750,
669,065350,신성델타테크,KOSDAQ,1.98,33400,4191281150,127829,917963863200,
670,136150,원일티엔아이,KOSDAQ,1.98,7720,93424170,12376,64701551600,
671,101930,인화정공,KOSDAQ,1.98,7720,235550190,30294,352762860120,
672,452160,제이엔비,KOSDAQ,1.98,3355,38037420,11459,32266803085,
673,339770,교촌에프앤비,KOSPI,1.97,3880,310724122,80663,193864510400,
674,035890,서희건설,KOSDAQ,1.97,2075,611944365,297518,430746212200,
675,003310,대주산업,KOSDAQ,1.96,1720,566820355,332604,60874842000,
676,900310,컬러레이,KOSDAQ,1.96,2025,39744945,19366,25936878375,
677,097870,효성오앤비,KOSDAQ,1.96,4685,52577720,11316,39775650000,
678,263600,덕우전자,KOSDAQ,1.95,3915,110491468,28786,62367163650,
679,264660,씨앤지하이테크,KOSDAQ,1.94,13650,278286035,20441,132693997800,
680,463480,모티브링크,KOSDAQ,1.93,4225,56946790,13556,52349262550,
681,086390,유니테스트,KOSDAQ,1.93,9530,1560800085,165780,201408220780,
682,005965,동부건설우,KOSPI,1.92,17490,4655420,267,3948052680,
683,321370,센서뷰,KOSDAQ,1.92,1542,7339359874,4797166,79667285052,
684,241790,티이엠씨씨엔에스,KOSDAQ,1.92,5310,156367230,29814,53113986540,
685,021320,KCC건설,KOSDAQ,1.91,5870,82027590,14112,125618000000,
686,419530,SAMG엔터,KOSDAQ,1.91,26650,4128850375,159632,272025531050,
687,060150,인선이엔티,KOSDAQ,1.91,3195,249896489,78901,145575740340,
688,255440,야스,KOSDAQ,1.90,7500,1881822600,254525,97935000000,
689,071670,에이테크솔루션,KOSDAQ,1.90,5370,101893625,19134,53700000000,
690,460850,동국씨엠,KOSPI,1.89,5390,548505835,102258,161153755840,
691,161890,한국콜마,KOSPI,1.89,107900,35527710400,326322,2546987808300,
692,040610,SGG,KOSDAQ,1.89,3230,62773345,19501,55050821540,
693,105740,디케이락,KOSDAQ,1.89,7550,478654600,63322,76772273150,
694,086710,선진뷰티사이언스,KOSDAQ,1.89,8100,305636645,37466,98846568000,
695,032680,소프트센,KOSDAQ,1.89,915,103051408,114042,19083131115,
696,036010,아비코전자,KOSDAQ,1.89,6480,599331475,93301,86138212320,
697,194370,제이에스코퍼레이션,KOSPI,1.88,13550,1546156420,114952,393177070900,
698,004250,NPC,KOSPI,1.87,3000,161770115,54593,110160000000,
699,009200,무림페이퍼,KOSPI,1.87,1582,57889074,36799,65825928420,
700,483650,달바글로벌,KOSPI,1.86,246000,26895886000,108430,3073503090000,
701,003960,사조대림,KOSPI,1.86,32800,297678850,9159,300594517600,
702,071055,한국금융지주우,KOSPI,1.86,153400,1391449450,9142,898655703400,
703,289010,아이스크림에듀,KOSDAQ,1.86,876,96230339,110267,12216044256,
704,058820,CMG제약,KOSDAQ,1.85,717,1012181062,1423288,106204589652,
705,336060,웨이버스,KOSDAQ,1.85,3030,28971925,9675,29182051200,
706,011780,금호석유화학,KOSPI,1.84,127400,16946113800,132325,3205043205000,
707,950170,JTC,KOSDAQ,1.84,4160,82120335,19882,215264807680,
708,168330,내츄럴엔도텍,KOSDAQ,1.84,1940,96774417,50392,61604506000,
709,073110,엘엠에스,KOSDAQ,1.84,4970,2498805,504,44211902350,
710,001560,제일연마,KOSPI,1.83,8890,24874800,2792,67564000000,
711,007860,서연,KOSPI,1.82,8400,333443780,39629,197230689600,
712,067370,선바이오,KOSDAQ,1.82,6700,129174380,19396,81832734700,
713,049480,오픈베이스,KOSDAQ,1.82,2010,345891379,173539,63158989830,
714,033320,제이씨현시스템,KOSDAQ,1.82,3080,350153820,113945,58872450560,
715,098070,한텍,KOSDAQ,1.82,27950,2895243700,102320,310835890950,
716,014160,대영포장,KOSPI,1.81,731,202143879,278128,79236415319,
717,024120,KB오토시스,KOSDAQ,1.81,3090,82985547,26915,35535000000,
718,026910,광진실업,KOSDAQ,1.81,4500,405694753,94363,35677467000,
719,143160,아이디스,KOSDAQ,1.81,15790,71295050,4545,169211798100,
720,0007J0,인벤테라,KOSDAQ,1.81,8420,211113700,25229,66229311880,
721,079160,CJCGV,KOSPI,1.80,5670,5104533130,897326,938853319320,
722,007210,벽산,KOSPI,1.80,1524,138173116,91162,99608640000,
723,005010,휴스틸,KOSPI,1.80,3965,1245720790,314836,222785717375,
724,303810,동국생명과학,KOSDAQ,1.80,2545,271385872,106677,81399636300,
725,307180,아이엘,KOSDAQ,1.80,4520,1582689416,350684,166858855520,
726,115310,인포바인,KOSDAQ,1.80,7930,77840985,9972,117614183570,
727,432720,퀄리타스반도체,KOSDAQ,1.80,9040,985436610,110050,128255650880,
728,051490,나라엠앤디,KOSDAQ,1.79,2845,31177645,11094,40399000000,
729,273640,와이엠텍,KOSDAQ,1.79,5120,115558470,22729,56145920000,
730,023350,한국종합기술,KOSPI,1.78,4010,65225630,16384,43909500000,
731,376180,피코그램,KOSDAQ,1.78,1543,50883391,33357,28639681634,
732,000320,노루홀딩스,KOSPI,1.77,16700,107137330,6428,221962221700,
733,290520,신도기연,KOSDAQ,1.77,1672,9743827,5851,26310866208,
734,089010,켐트로닉스,KOSDAQ,1.77,22950,1091696475,48299,384872119650,
735,110990,디아이티,KOSDAQ,1.76,16780,1578230860,95038,317142000000,
736,046890,서울반도체,KOSDAQ,1.76,9810,3057782430,313122,571975974000,
737,215600,신라젠,KOSDAQ,1.76,2315,1088169715,467104,320751500660,
738,035810,이지홀딩스,KOSDAQ,1.76,4620,1103154248,239082,298064774700,
739,003080,SB성보,KOSPI,1.75,2320,32669075,14160,46446400000,
740,009580,무림PP,KOSPI,1.75,1744,63831064,36680,108770357056,
741,000810,삼성화재,KOSPI,1.75,641000,55828442000,86934,28619030193000,
742,096240,크레버스,KOSDAQ,1.75,8720,108077600,12442,89276929600,
743,005500,삼진제약,KOSPI,1.74,18690,740670940,39693,248950800000,
744,067830,세이브존IC,KOSPI,1.74,2345,47404174,20458,96240898775,
745,404990,신한서부티엔디리츠,KOSPI,1.74,4085,290762335,72124,250892387025,
746,456010,아이씨티케이,KOSDAQ,1.74,17530,4649591605,270157,254226195500,
747,476040,오가노이드사이언스,KOSDAQ,1.74,8750,193877970,22256,57625400000,
748,065370,위세아이텍,KOSDAQ,1.74,3225,18521685,5783,23813251650,
749,011155,CJ씨푸드1우,KOSPI,1.73,6470,31487270,5086,1294000000,
750,118990,모트렉스,KOSDAQ,1.73,5300,209438565,40111,130048066300,
751,053030,바이넥스,KOSDAQ,1.73,7660,646681865,84733,250360880080,
752,188040,바이오포트,KOSDAQ,1.73,5290,47264370,9062,24753539320,
753,469750,아이비젼웍스,KOSDAQ,1.73,1000,98988840,98914,34456481000,
754,493330,지에프아이,KOSDAQ,1.73,11150,327214555,29671,87410569950,
755,000020,동화약품,KOSPI,1.72,5320,811809495,153450,148595420400,
756,123890,한국자산신탁,KOSPI,1.72,2360,276996700,117852,288802465360,
757,004150,한솔홀딩스,KOSPI,1.72,3255,146886222,45482,133541648100,
758,251630,브이원텍,KOSDAQ,1.72,3855,70913215,18537,61459825530,
759,464500,아이언디바이스,KOSDAQ,1.72,1831,63241849,35073,25621664553,
760,212710,아이에스티이,KOSDAQ,1.72,8280,351071805,42975,80440017840,
761,122310,제노레이,KOSDAQ,1.72,3550,51443160,14608,51666146200,
762,084670,동양고속,KOSPI,1.71,26750,3154006225,113109,77456470750,
763,008700,아남전자,KOSPI,1.71,1249,393078783,314786,96328900180,
764,357550,석경에이티,KOSDAQ,1.71,35700,213426300,6129,194743500000,
765,347000,센코,KOSDAQ,1.71,1783,58034298,32513,67416738418,
766,214450,파마리서치,KOSDAQ,1.71,417000,95830889000,226741,4332483216000,
767,065690,파커스,KOSDAQ,1.71,1428,122973509,87284,20062444668,
768,047040,대우건설,KOSPI,1.70,17320,89665671435,5275142,7116920290160,
769,005745,크라운해태홀딩스우,KOSPI,1.70,5370,9520290,1803,3225898620,
770,138610,나이벡,KOSDAQ,1.70,17390,498920305,28474,197685920270,
771,0218L0,네오뷰,KOSDAQ,1.70,16750,770048205,46919,88375931250,
772,250060,모비스,KOSDAQ,1.70,2985,504829089,170644,96031372290,
773,084180,수성웹툰,KOSDAQ,1.70,538,19096978,35866,9723964254,
774,053050,지에스이,KOSDAQ,1.70,1795,142104362,79323,53827736615,
775,023770,플레이위드,KOSDAQ,1.70,2390,25465025,10628,21382123050,
776,163730,핑거,KOSDAQ,1.70,10170,637636175,62826,122199841890,
777,311390,네오크레마,KOSDAQ,1.69,2410,73303835,30264,30495631490,
778,251120,바이오에프디엔씨,KOSDAQ,1.69,8440,66530980,7978,73391708000,
779,041190,우리기술투자,KOSDAQ,1.69,4825,2014084144,419699,405300000000,
780,036030,케이티알파,KOSDAQ,1.69,4800,144526930,30418,235291876800,
781,002390,한독,KOSPI,1.68,9690,212078480,21911,133368634770,
782,475230,엔알비,KOSDAQ,1.68,8480,1286629255,147736,92420831840,
783,001275,부국증권우,KOSPI,1.67,30400,90215700,2997,91200000000,
784,051500,CJ프레시웨이,KOSDAQ,1.67,24400,221978925,9048,289666698400,
785,073540,에프알텍,KOSDAQ,1.67,2430,41458105,17138,27702000000,
786,122990,와이솔,KOSDAQ,1.67,6090,375725735,62243,162232003290,
787,065950,웰크론,KOSDAQ,1.67,1032,58710092,56891,29134703664,
788,035000,HS애드,KOSPI,1.66,6740,522411860,77255,109239520560,
789,007160,사조산업,KOSPI,1.66,55200,392434000,7234,276000000000,
790,000370,한화손해보험,KOSPI,1.66,6130,2893742820,466794,715609548950,
791,200470,에이팩트,KOSDAQ,1.66,5520,2044637250,375330,233838753360,
792,330350,위더스제약,KOSDAQ,1.66,7370,512679610,70269,97281641600,
793,003060,에이프로젠바이오로직스,KOSPI,1.65,2155,180705175,84175,31058665970,
794,003070,코오롱글로벌,KOSPI,1.65,9250,92192230,9987,235171620750,
795,289080,SV인베스트먼트,KOSDAQ,1.65,2150,455783248,213645,129297200950,
796,394420,리센스메디컬,KOSDAQ,1.65,11110,733866160,67446,122206678110,
797,006920,모헨즈,KOSDAQ,1.65,3380,819665201,241427,36909600000,
798,066620,국보디자인,KOSDAQ,1.64,24850,70707050,2865,186375000000,
799,052400,코나아이,KOSDAQ,1.64,43300,2506125450,58031,630590500300,
800,131760,파인텍,KOSDAQ,1.64,1860,289407789,157817,16156547760,
801,310200,애니플러스,KOSDAQ,1.63,2810,684267703,247184,146577569160,
802,437730,삼현,KOSDAQ,1.62,37600,7453110775,198766,1192204519200,
803,081580,성우전자,KOSDAQ,1.62,2510,51984550,20792,38925438930,
804,052860,아이앤씨,KOSDAQ,1.62,4715,141140980,29946,84242216610,
805,232830,아이티센피엔에스,KOSDAQ,1.62,1754,58713179,33675,29000155404,
806,071850,캐스텍코리아,KOSDAQ,1.62,1379,795004,584,33455833502,
807,00279K,아모레퍼시픽홀딩스3우C,KOSPI,1.61,22050,140231775,6379,156383010000,
808,088910,동우팜투테이블,KOSDAQ,1.61,2215,81236470,36640,56973707260,
809,317120,라닉스,KOSDAQ,1.61,1513,65986679,44203,23088380000,
810,475040,스트라드비젼,KOSDAQ,1.61,3470,12738516907,3652754,184795328860,
811,032300,한국파마,KOSDAQ,1.61,8180,121516580,14989,89216814180,
812,004890,동일산업,KOSPI,1.60,34900,44920600,1289,84640003500,
813,286940,롯데이노베이트,KOSPI,1.60,19670,372042850,18939,297594648890,
814,239610,에이치엘사이언스,KOSDAQ,1.60,5730,14932390,2669,30896818950,
815,065060,지엔코,KOSDAQ,1.60,3490,17264595,5062,20906447140,
816,125020,티씨머티리얼즈,KOSDAQ,1.60,5710,1981665300,348437,200070120500,
817,037440,희림,KOSDAQ,1.60,4135,634996175,153941,57569434125,
818,030210,다올투자증권,KOSPI,1.59,3845,312531855,81232,234203202570,
819,004140,동방,KOSPI,1.59,1917,210804305,110733,91961875422,
820,023410,유진기업,KOSDAQ,1.59,3520,1577306265,446551,272134237760,
821,391710,코닉오토메이션,KOSDAQ,1.59,1344,77144110,57692,57281911680,
822,054920,한컴위드,KOSDAQ,1.59,4165,987238434,240890,117524142365,
823,285130,SK케미칼,KOSPI,1.58,44900,2636648700,58631,776714593400,
824,100220,비상교육,KOSPI,1.58,5130,207206345,40675,66673281330,
825,377300,카카오페이,KOSPI,1.58,44900,15255764975,337433,6073628612500,
826,046210,HLB파나진,KOSDAQ,1.58,1159,102237441,89229,52766905640,
827,475830,오름테라퓨틱,KOSDAQ,1.57,71000,15771834450,219770,1542090890000,
828,121850,코이즈,KOSDAQ,1.57,1229,56110695,46527,6215051771,
829,015710,코콤,KOSDAQ,1.57,2905,22728115,7891,50926102500,
830,025550,한국선재,KOSDAQ,1.57,2265,226029450,99980,57789219060,
831,036530,SNT홀딩스,KOSPI,1.56,48900,295052000,6063,797260025400,
832,079810,APS이노베이션,KOSDAQ,1.56,3570,355649494,101354,76855295580,
833,038680,에스넷,KOSDAQ,1.56,3905,275790261,71253,77758867010,
834,456040,OCI,KOSPI,1.55,78600,4350189650,55784,703666107000,
835,005960,동부건설,KOSPI,1.55,7220,225377980,31204,165674906860,
836,015860,일진홀딩스,KOSPI,1.55,6570,611008690,93323,324212963310,
837,241590,화승엔터프라이즈,KOSPI,1.55,3270,159584640,49125,198126932520,
838,490470,세미파이브,KOSDAQ,1.55,17670,2312956675,132424,601229524800,
839,372800,아이티아이즈,KOSDAQ,1.55,2950,175565412,59042,20759707550,
840,037270,YGPLUS,KOSPI,1.54,3635,740763891,205543,231415404850,
841,000720,현대건설,KOSPI,1.54,112300,69055475150,608973,12505252409500,
842,000250,삼천당제약,KOSDAQ,1.54,191700,62416512250,328790,4496797382400,
843,036090,위지트,KOSDAQ,1.54,1320,150095654,114334,56166678480,
844,336680,탑런토탈솔루션,KOSDAQ,1.54,2630,23459872,9032,102952817540,
845,024910,경창산업,KOSDAQ,1.53,1457,116151088,79720,52188290285,
846,0013V0,삼진식품,KOSDAQ,1.53,5310,146520265,27831,52668063360,
847,013990,아가방컴퍼니,KOSDAQ,1.53,4990,549762096,111036,164108804640,
848,030960,양지사,KOSDAQ,1.53,4660,207468265,44778,74466800000,
849,131180,딜리,KOSDAQ,1.52,3685,16670040,4567,21630950000,
850,089980,상아프론테크,KOSDAQ,1.52,14680,223837400,15407,234719063160,
851,073560,우리손에프앤지,KOSDAQ,1.52,1538,172340605,112940,106487494934,
852,023590,다우기술,KOSPI,1.51,40300,919235875,22845,1744478673600,
853,049960,쎌바이오텍,KOSDAQ,1.51,16140,632746935,39083,151716000000,
854,033050,제이엠아이,KOSDAQ,1.51,940,188953079,207924,29928968320,
855,060980,HL홀딩스,KOSPI,1.50,40600,764597300,18865,368601188200,
856,383800,LX홀딩스,KOSPI,1.50,8120,1021761550,125442,619399202800,
857,163560,동일고무벨트,KOSPI,1.50,6080,83268690,13835,84512000000,
858,003200,일신방직,KOSPI,1.50,10810,811480100,75286,248197600000,
859,020400,대동금속,KOSDAQ,1.50,3045,143785935,47955,19422020940,
860,475460,미트박스,KOSDAQ,1.50,6080,39178740,6486,34330872000,
861,950160,코오롱티슈진,KOSDAQ,1.50,19620,39979867595,2080591,1667114539200,
862,000180,성창기업지주,KOSPI,1.49,5460,44599090,8255,76168747200,
863,001200,유진투자증권,KOSPI,1.49,4440,1555268764,352330,430086895920,
864,016800,퍼시스,KOSPI,1.49,27200,18053025,669,312800000000,
865,033250,체시스,KOSPI,1.48,4110,124855050,30810,26304000000,
866,001500,현대차증권,KOSPI,1.48,8230,900021615,109958,508885952120,
867,039440,에스티아이,KOSDAQ,1.48,24000,2779769850,114802,372169128000,
868,306200,세아제강,KOSPI,1.47,138300,1419506700,10253,392260290000,
869,37550K,DL이앤씨우,KOSPI,1.46,24350,63310050,2595,51473099750,
870,139990,아주스틸,KOSPI,1.46,2430,136202685,56331,94175656020,
871,002170,SYTS,KOSPI,1.45,56100,145048500,2587,168300000000,
872,095660,네오위즈,KOSDAQ,1.45,19640,1193847805,61534,424940054760,
873,052330,코텍,KOSDAQ,1.45,12620,491808575,38777,224151253180,
874,950220,네오이뮨텍,KOSDAQ,1.44,1546,214081490,140730,52891504640,
875,088130,동아엘텍,KOSDAQ,1.44,5640,381403440,67807,98617170960,
876,115500,케이씨에스,KOSDAQ,1.44,9170,650084280,72543,110040000000,
877,030190,NICE평가정보,KOSPI,1.43,15620,1031393100,66148,920198051740,
878,010950,S-Oil,KOSPI,1.43,141600,58789187450,403760,15941723347200,
879,267290,경동도시가스,KOSPI,1.43,21300,112933550,5325,125572147800,
880,377740,바이오노트,KOSPI,1.43,4970,487039125,97750,506373658560,
881,001270,부국증권,KOSPI,1.43,56800,100652600,1783,589009524800,
882,272550,삼양패키징,KOSPI,1.43,9940,242807805,24614,149779955640,
883,050960,수산아이앤티,KOSDAQ,1.43,8510,27017230,3184,57451010000,
884,099190,아이센스,KOSDAQ,1.43,19140,668331135,35195,550414894260,
885,405100,큐알티,KOSDAQ,1.43,11360,630625500,55660,139606459360,
886,131090,시큐브,KOSDAQ,1.42,3935,17815570,4554,30135099635,
887,300080,플리토,KOSDAQ,1.42,8600,625947800,74019,141946878600,
888,000990,DB하이텍,KOSPI,1.41,93200,23242532200,251142,4054627601600,
889,089600,KT나스미디어,KOSDAQ,1.41,11500,651921830,56338,133033874500,
890,039240,경남스틸,KOSDAQ,1.41,1948,250238074,128940,52556268592,
891,053160,프리엠스,KOSDAQ,1.41,9360,169388100,18267,56160000000,
892,003535,한화투자증권우,KOSPI,1.40,5800,56057590,9781,27840000000,
893,293580,나우IB,KOSDAQ,1.40,1523,236009509,155262,144578313850,
894,019990,에너토크,KOSDAQ,1.40,5060,152643275,30268,49365805280,
895,017250,인터엠,KOSDAQ,1.40,1013,25035580,24812,21319058071,
896,155660,DSR,KOSPI,1.39,4750,171010077,36188,76000000000,
897,0011T0,채비,KOSDAQ,1.39,5120,799361505,158328,240381905920,
898,079170,한창산업,KOSDAQ,1.39,5820,166305120,28782,30264000000,
899,006620,동구바이오제약,KOSDAQ,1.38,4045,441100560,109062,115140892640,
900,322310,오로스테크놀로지,KOSDAQ,1.38,14730,3031368655,205529,137969163660,
901,004980,성신양회,KOSPI,1.37,8160,699732175,85698,200051155680,
902,009415,태영건설우,KOSPI,1.37,6660,4003300,602,4328826840,
903,002960,한국쉘석유,KOSPI,1.37,519000,335984000,651,674700000000,
904,065710,서호전기,KOSDAQ,1.37,44400,292459075,6617,228660000000,
905,260660,알리코제약,KOSDAQ,1.37,2590,81608130,31696,39696984390,
906,192390,윈하이텍,KOSDAQ,1.37,1847,16742745,9135,22103503362,
907,005830,DB손해보험,KOSPI,1.36,164500,22665549700,136233,10774807410500,
908,009290,광동제약,KOSPI,1.36,6720,1330316180,198791,334654709760,
909,019550,SBI인베스트먼트,KOSDAQ,1.36,1040,191641222,185951,84274618480,
910,069140,누리플랜,KOSDAQ,1.36,1863,39017902,21404,28123482852,
911,066670,디티씨,KOSDAQ,1.36,2985,70169500,23894,55795375230,
912,033200,모아텍,KOSDAQ,1.36,2610,3272244,1262,24023820690,
913,307870,비투엔,KOSDAQ,1.36,897,252590443,279544,66646458645,
914,000680,LS네트웍스,KOSPI,1.35,3000,201630720,67709,236409048000,
915,003220,대원제약,KOSPI,1.35,8250,468013490,56758,185027559750,
916,316140,우리금융지주,KOSPI,1.35,33800,72123688875,2109085,24609431251600,
917,128940,한미약품,KOSPI,1.35,413000,23891789000,57185,5290939283000,
918,359090,씨엔알리서치,KOSDAQ,1.35,1952,20488734,10587,22436567136,
919,175140,아고스,KOSDAQ,1.35,2625,189598510,70103,65478664125,
920,084440,유비온,KOSDAQ,1.35,1130,23955800,21533,21619635730,
921,002795,아모레퍼시픽홀딩스우,KOSPI,1.34,11330,97591260,8631,72298678760,
922,201490,미투온,KOSDAQ,1.34,2275,347760388,154379,74446476650,
923,047080,한빛소프트,KOSDAQ,1.34,1062,68962787,65653,26361348444,
924,003920,남양유업,KOSPI,1.33,45550,238133150,5270,258425510850,
925,090435,아모레퍼시픽우,KOSPI,1.33,45700,500796400,10860,482492831000,
926,010100,한국무브넥스,KOSPI,1.33,3820,350765906,92353,116320604400,
927,299170,더블유에스아이,KOSDAQ,1.33,1373,224739794,165890,56994998424,
928,424870,이뮨온시아,KOSDAQ,1.33,3440,703703170,206052,313976605360,
929,389140,포바이포,KOSDAQ,1.33,5340,385058240,71552,76200384900,
930,051380,피씨디렉트,KOSDAQ,1.33,1672,81687560,49106,25648600384,
931,243070,휴온스,KOSDAQ,1.33,26750,403651375,15135,320456038750,
932,023150,MH에탄올,KOSPI,1.32,4210,27109975,6510,31063594460,
933,293940,신한알파리츠,KOSPI,1.32,5360,608724690,113710,648239059280,
934,0009K0,에임드바이오,KOSDAQ,1.32,26800,3727065675,142090,1733187114800,
935,179290,엠아이텍,KOSDAQ,1.32,5370,532054030,99146,173803690860,
936,067900,와이엔텍,KOSDAQ,1.32,6120,233325395,38542,111381913080,
937,452300,캡스톤파트너스,KOSDAQ,1.32,2295,209941297,91919,32519013975,
938,033920,무학,KOSPI,1.31,7750,101318050,13134,220875000000,
939,130500,GH신소재,KOSDAQ,1.31,1938,44169360,22925,28188310776,
940,417970,모델솔루션,KOSDAQ,1.31,11600,227583330,19642,74201720000,
941,168360,펨트론,KOSDAQ,1.31,12380,1083348900,87758,277219855660,
942,013570,디와이,KOSPI,1.30,4270,290712535,67891,112384832910,
943,048910,대원미디어,KOSDAQ,1.30,5050,120055500,23906,63523677300,
944,290690,아리바이오홀딩스,KOSDAQ,1.30,4275,1499553716,355329,224863332750,
945,462980,아이지넷,KOSDAQ,1.30,1405,51045740,35830,25619383985,
946,017860,DS단석,KOSPI,1.29,12560,1271957960,102249,223054785840,
947,085310,엔케이,KOSPI,1.29,9440,65159635,7035,70026618560,
948,004960,한신공영,KOSPI,1.29,11030,402554730,36339,127624843060,
949,060540,에스에이티,KOSDAQ,1.29,1174,21567715,18404,30680064516,
950,095700,제넥신,KOSDAQ,1.29,2755,341914999,123938,125464060970,
951,075970,동국알앤에스,KOSDAQ,1.28,1662,13465431,8139,30580800000,
952,378800,샤페론,KOSDAQ,1.28,473,292516182,625403,21872953663,
953,241840,에이스토리,KOSDAQ,1.28,2380,27258922,11488,22705185720,
954,389030,지니너스,KOSDAQ,1.28,2380,482579227,207338,93753604980,
955,016090,대현,KOSPI,1.27,1519,170844601,112630,67264828890,
956,018500,동원모빌리티,KOSPI,1.27,1438,57614604,39947,67233593654,
957,013870,지엠비코리아,KOSPI,1.27,4000,63003736,15836,76289120000,
958,032620,GC메디아이,KOSDAQ,1.27,3185,412078665,129524,166247887715,
959,012210,삼미금속,KOSDAQ,1.27,7170,368849020,51816,165279821430,
960,034950,한국기업평가,KOSDAQ,1.27,103400,199626700,1936,469489147600,
961,37550L,DL이앤씨2우전환,KOSPI,1.26,48400,112654250,2334,102218428400,
962,012610,경인양행,KOSPI,1.26,3215,450365623,140223,133796613475,
963,033290,로젠,KOSDAQ,1.26,1605,44503170,27947,90130863105,
964,025980,아난티,KOSDAQ,1.26,4015,2447176863,618185,390663474850,
965,009780,엠에스씨,KOSDAQ,1.26,6430,137436930,21487,113168000000,
966,041020,폴라리스오피스,KOSDAQ,1.26,3215,976622629,307392,159733394495,
967,200670,휴메딕스,KOSDAQ,1.26,28100,448223925,15945,315561033000,
968,128820,대성산업,KOSPI,1.25,4455,796148356,178805,201524054490,
969,024090,디씨엠,KOSPI,1.25,11370,14803310,1304,129618000000,
970,025540,한국단자,KOSPI,1.25,64600,878738600,13588,653429000000,
971,263720,디앤씨미디어,KOSDAQ,1.25,7300,102751275,14018,90611914300,
972,289220,자이언트스텝,KOSDAQ,1.25,1214,21111432,17641,27087036294,
973,448710,코츠테크놀로지,KOSDAQ,1.25,12110,243104380,20439,64004886120,
974,042500,링네트,KOSDAQ,1.24,4495,448083321,100980,100198692280,
975,323990,박셀바이오,KOSDAQ,1.24,4490,539341052,120489,104425479050,
976,101490,에스앤에스텍,KOSDAQ,1.24,44750,8676742000,196906,954735835250,
977,038110,에코플라스틱,KOSDAQ,1.24,2035,326314576,160864,83779667950,
978,004770,써니전자,KOSPI,1.23,1729,349972207,202833,61392360302,
979,171010,램테크놀러지,KOSDAQ,1.23,2890,52201655,18063,41323393280,
980,250000,보라티알,KOSDAQ,1.23,5770,10011850,1739,38951729410,
981,424960,스마트레이더시스템,KOSDAQ,1.23,4130,52984830,12933,68083504300,
982,476060,온코닉테라퓨틱스,KOSDAQ,1.23,14850,7991578650,537442,674306424000,
983,196700,웹스,KOSDAQ,1.23,1397,94322064,68437,20066709168,
984,000325,노루홀딩스우,KOSPI,1.22,24950,375050,15,6076797050,
985,417860,오브젠,KOSDAQ,1.22,7460,511865530,68937,35113518760,
986,049630,재영솔루텍,KOSDAQ,1.22,6650,1063757895,162434,155378174350,
987,004255,NPC우,KOSPI,1.21,1917,10388658,5459,10121760000,
988,000230,일동홀딩스,KOSPI,1.21,6700,73600970,11084,77320680000,
989,000540,흥국화재,KOSPI,1.21,3355,150140598,44845,215534073975,
990,006370,대구백화점,KOSPI,1.20,4650,59533285,13003,50320491150,
991,019010,베뉴지,KOSDAQ,1.20,3790,902785879,237542,182678000000,
992,091700,파트론,KOSDAQ,1.20,5890,1084525545,185785,294500000000,
993,160190,하이젠알앤엠,KOSDAQ,1.20,19450,7637830505,387761,600771600000,
994,025000,KPX케미칼,KOSPI,1.19,51000,149081700,2938,223314159000,
995,012750,에스원,KOSPI,1.19,76700,3473679500,45148,2914536952600,
996,093240,형지엘리트,KOSPI,1.19,424,312790276,745385,26029469816,
997,151860,KG에코솔루션,KOSDAQ,1.19,5930,459916895,77455,282285801860,
998,050860,아세아텍,KOSDAQ,1.19,1696,41798273,24870,38160000000,
999,123010,알엔티엑스,KOSDAQ,1.19,2125,219688613,103060,42958504875,
1000,052790,액토즈소프트,KOSDAQ,1.19,4240,88591010,20896,46320079280,
1001,464080,에스오에스랩,KOSDAQ,1.19,9360,631135840,68556,167984341200,
1002,365330,에스와이스틸텍,KOSDAQ,1.19,1530,560611666,368359,76761630000,
1003,347890,엠엑스온,KOSDAQ,1.19,4675,66649628,14262,79536728700,
1004,097800,윈팩,KOSDAQ,1.19,1788,134992932,76252,48794600460,
1005,019540,일지테크,KOSDAQ,1.19,6810,233831050,34528,92026935000,
1006,035420,NAVER,KOSPI,1.18,214000,138328624000,649296,33593203190000,
1007,017670,SK텔레콤,KOSPI,1.18,86000,88751528850,1039392,18471944558000,
1008,350520,이지스레지던스리츠,KOSPI,1.18,3440,63197317,18528,126819734880,
1009,024800,유성티엔에스,KOSDAQ,1.18,4280,108025660,25272,150764583600,
1010,221840,하이즈항공,KOSDAQ,1.18,1978,7297552,3706,36989709658,
1011,006060,화승인더,KOSPI,1.17,2595,151529250,58621,143555400000,
1012,011040,경동제약,KOSDAQ,1.17,5170,113093430,21988,159074520220,
1013,242040,나무에이엑스,KOSDAQ,1.17,3900,823389380,213752,134964429600,
1014,145170,노브랜드,KOSDAQ,1.17,3035,51554385,17053,51317009175,
1015,039840,디오,KOSDAQ,1.17,12940,303655820,23662,173600814320,
1016,091580,상신이디피,KOSDAQ,1.17,18090,4097836945,225338,241107481710,
1017,011785,금호석유화학우,KOSPI,1.16,52300,296351200,5651,158128317800,
1018,317830,에스피시스템스,KOSDAQ,1.16,5220,184772605,35468,56239329960,
1019,090350,노루페인트,KOSPI,1.15,7890,319425600,40636,157800000000,
1020,003780,진양산업,KOSPI,1.15,3955,196811313,49917,51415000000,
1021,263810,상신전자,KOSDAQ,1.15,2640,36025009,13706,42041538000,
1022,337930,젝시믹스,KOSDAQ,1.15,3085,124769686,40435,91551925375,
1023,045970,코아시아,KOSDAQ,1.15,3070,713209421,224700,80786669320,
1024,001070,대한방직,KOSPI,1.14,6200,67255460,10877,32860000000,
1025,052220,iMBC,KOSDAQ,1.14,1768,23262507,13215,40664000000,
1026,263020,디케이앤디,KOSDAQ,1.14,3115,206759840,66318,43099594790,
1027,263700,케어랩스,KOSDAQ,1.14,1948,23314266,12312,37818861600,
1028,192400,쿠쿠홀딩스,KOSPI,1.13,26900,630466350,23530,956622776500,
1029,058470,리노공업,KOSDAQ,1.13,71500,39195451850,554976,5449147275000,
1030,431190,케이쓰리아이,KOSDAQ,1.13,2675,60952792,23239,20026232350,
1031,004590,한국가구,KOSDAQ,1.13,5370,291864945,54311,80550000000,
1032,002320,한진,KOSPI,1.12,15390,311106700,20322,238831500240,
1033,036640,HRS,KOSDAQ,1.12,4955,157151557,31820,81038034000,
1034,067570,엔브이에이치코리아,KOSDAQ,1.12,1800,239838300,133847,75906000000,
1035,377330,이지트로닉스,KOSDAQ,1.12,2700,17789960,6670,21977875800,
1036,208350,지란지교시큐리티,KOSDAQ,1.12,2710,16226115,5927,21955254700,
1037,009410,태영건설,KOSPI,1.11,1640,372530179,228192,488047727920,
1038,158430,아톤,KOSDAQ,1.11,4570,657109103,144504,111883160440,
1039,070960,모나용평,KOSPI,1.10,2290,20390695,9042,110225332570,
1040,090430,아모레퍼시픽,KOSPI,1.10,137300,50347208924,365683,8031055810700,
1041,032560,황금에스티,KOSPI,1.10,5490,191923055,34994,93330000000,
1042,453450,그리드위즈,KOSDAQ,1.10,14660,743583600,50962,116440715000,
1043,234030,싸이닉솔루션,KOSDAQ,1.10,3230,162534895,51091,76244150000,
1044,215790,이노인스트루먼트,KOSDAQ,1.10,917,2131553684,2441853,36939647633,
1045,042000,카페24,KOSDAQ,1.10,18440,1289584365,70738,445845436360,
1046,008930,한미사이언스,KOSPI,1.09,46200,13852775950,295305,3159689610000,
1047,035760,CJENM,KOSDAQ,1.09,37200,2447979950,66640,815764528800,
1048,027830,대성창투,KOSDAQ,1.09,1016,83422606,82559,54864000000,
1049,109860,동일금속,KOSDAQ,1.09,7450,25343740,3452,67795000000,
1050,214680,디알텍,KOSDAQ,1.09,831,209872497,250909,69369433536,
1051,059210,메타바이오메드,KOSDAQ,1.09,4165,261804338,63183,113169068425,
1052,061040,알에프텍,KOSDAQ,1.09,6510,54932860,8516,58903931730,
1053,036170,에이치엠넥스,KOSDAQ,1.09,2790,825088544,295863,171210096540,
1054,007530,와이엠,KOSDAQ,1.09,1573,11949711,7689,35005905363,
1055,096775,SK이노베이션우,KOSPI,1.08,65700,327832300,4970,82021588200,
1056,003470,유안타증권,KOSPI,1.08,4685,1472785513,316890,902706277870,
1057,078020,LS증권,KOSDAQ,1.08,6540,277020220,42718,362846982600,
1058,042510,라온시큐어,KOSDAQ,1.08,8440,370728825,44173,93733188320,
1059,298830,슈어소프트테크,KOSDAQ,1.08,4225,921117515,219685,225862158275,
1060,090355,노루페인트우,KOSPI,1.07,11350,2059610,181,5256480100,
1061,0126Z0,삼성에피스홀딩스,KOSPI,1.07,426500,14997690000,34989,10612620398500,
1062,053700,삼보모터스,KOSDAQ,1.07,4235,624528311,148131,113141230895,
1063,277410,인산가,KOSDAQ,1.07,5690,19925620,3552,21856143500,
1064,145020,휴젤,KOSDAQ,1.07,282500,19326539250,68315,3535536372500,
1065,271980,제일약품,KOSPI,1.06,10530,339023460,32122,154842302160,
1066,188260,세니젠,KOSDAQ,1.06,2005,7536804,3708,27872142590,
1067,084850,아이티엠반도체,KOSDAQ,1.06,8560,191233430,22568,194165915040,
1068,083500,에프엔에스테크,KOSDAQ,1.06,13390,694343840,51840,111222388030,
1069,023900,풍국주정,KOSDAQ,1.06,7620,85840810,11353,96012000000,
1070,058430,포스코스틸리온,KOSPI,1.05,4805,1269169624,264631,288300000000,
1071,000145,하이트진로홀딩스우,KOSPI,1.05,9580,1933540,202,4510359800,
1072,45226K,한화갤러리아우,KOSPI,1.04,4375,12476885,2845,12707056250,
1073,246690,TS인베스트먼트,KOSDAQ,1.04,1756,120609405,68968,41754473544,
1074,004830,덕성,KOSPI,1.03,3425,205391767,60040,53704000000,
1075,248170,샘표식품,KOSPI,1.03,24500,201874350,8307,111923007000,
1076,180640,한진칼,KOSPI,1.03,117900,18102774950,155972,7871272694100,
1077,010660,화천기계,KOSPI,1.03,2945,243235820,82360,64790000000,
1078,047920,HLB제약,KOSDAQ,1.03,8830,1093679535,124759,289618313480,
1079,142280,녹십자엠에스,KOSDAQ,1.03,2930,648395238,222821,70211680830,
1080,083550,케이엠,KOSDAQ,1.03,2950,99686640,33605,39990686750,
1081,381970,케이카,KOSPI,1.02,7930,514299815,65611,387149324640,
1082,004090,한국석유,KOSPI,1.02,10850,1251814400,115193,137731202000,
1083,079430,현대리바트,KOSPI,1.02,5970,106210120,17878,120081785940,
1084,007680,대원,KOSDAQ,1.02,3460,75813740,21444,45750673480,
1085,0001A0,덕양에너젠,KOSDAQ,1.02,8950,624293040,70054,227947209900,
1086,321820,아티스트컴퍼니,KOSDAQ,1.02,2480,76231675,30754,38666612480,
1087,045340,토탈소프트,KOSDAQ,1.02,6940,299063200,43333,59392797600,
1088,015230,대창단조,KOSPI,1.01,5980,110315235,18534,162318847600,
1089,014570,고려제약,KOSDAQ,1.01,3505,15007215,4286,38555000000,
1090,900070,글로벌에스엠,KOSDAQ,1.01,996,25878593,26150,26764496064,
1091,950200,소마젠,KOSDAQ,1.01,2990,33902940,11403,57515798470,
1092,448280,에코아이,KOSDAQ,1.01,8010,68474270,8578,237345343290,
1093,048430,유라테크,KOSDAQ,1.01,6000,226402620,37605,69120000000,
1094,036120,서울평가정보,KOSDAQ,1.00,1619,206015772,127135,56899755000,
1095,347700,스피어,KOSDAQ,1.00,25350,51171620700,1988693,1306827026700,
1096,065500,오리엔트정공,KOSDAQ,1.00,1209,115380737,95135,43213180608,
1097,950250,테라뷰,KOSDAQ,1.00,2525,265731482,106115,89682270775,
1098,008060,대덕,KOSPI,0.99,15340,1204592260,78755,479944083320,
1099,006660,삼성공조,KOSPI,0.99,11220,1054594505,94126,91177243080,
1100,475660,에스켐,KOSDAQ,0.99,3565,5975270,1697,28269861775,
1101,069410,엔텔스,KOSDAQ,0.99,3055,40599755,13367,31297937320,
1102,003850,보령,KOSPI,0.98,9230,1216949010,131665,791815920610,
1103,003120,일성아이에스,KOSPI,0.98,20650,90424050,4388,274645000000,
1104,195500,마니커에프앤지,KOSDAQ,0.98,1746,82049141,47401,27897588000,
1105,440110,파두,KOSDAQ,0.98,62000,21006022400,340211,3106883674000,
1106,016610,DB증권,KOSPI,0.97,9330,348522580,37469,396024809370,
1107,078150,HB테크놀러지,KOSDAQ,0.97,2085,1230210897,596856,193312684860,
1108,407400,꿈비,KOSDAQ,0.97,2080,41264925,20087,30439830720,
1109,012700,리드코프,KOSDAQ,0.97,3115,76613005,24645,81596963980,
1110,078160,메디포스트,KOSDAQ,0.97,10400,581892760,56328,407727871200,
1111,021650,한국큐빅,KOSDAQ,0.97,2080,4513515,2188,34009171040,
1112,068930,디지털대성,KOSDAQ,0.96,8420,129348710,15493,233026379640,
1113,38380K,LX홀딩스1우,KOSPI,0.95,7420,11952140,1623,10872414700,
1114,101140,인바이오젠,KOSPI,0.95,5290,37763305,7154,53133902640,
1115,053290,NE능률,KOSDAQ,0.95,1815,69727570,38689,29995247205,
1116,109960,앱토크롬,KOSDAQ,0.95,1701,10928991,6335,25739928333,
1117,418550,제이오,KOSDAQ,0.95,4800,416955353,87187,153684830400,
1118,090710,휴림로봇,KOSDAQ,0.95,7440,12773066125,1743327,889519175760,
1119,009270,신원,KOSPI,0.94,1077,216950137,201901,123607713261,
1120,357120,코람코라이프인프라리츠,KOSPI,0.94,4300,190693514,44466,418542022200,
1121,085670,뉴프렉스,KOSDAQ,0.94,3210,476390105,148513,78647442810,
1122,261520,이지스,KOSDAQ,0.94,4290,72198615,16964,44091762000,
1123,011200,HMM,KOSPI,0.93,21650,16322556850,754250,20421102050500,
1124,001795,대한제당우,KOSPI,0.93,2160,36457212,17120,14002761600,
1125,102260,동성케미컬,KOSPI,0.93,3780,246404355,65501,191531053980,
1126,027740,마니커,KOSPI,0.93,1188,71964435,61045,37725669432,
1127,014830,유니드,KOSPI,0.93,65000,644658550,9991,439894000000,
1128,058970,엠로,KOSDAQ,0.93,16240,330078680,20418,200771774560,
1129,017940,E1,KOSPI,0.92,88100,420717200,4829,604366000000,
1130,036580,팜스코,KOSPI,0.92,2740,39937010,14584,100634563820,
1131,063170,서울옥션,KOSDAQ,0.92,5500,314563715,56247,97758468500,
1132,049520,유아이엘,KOSDAQ,0.92,3855,237879324,61907,118898319375,
1133,331380,포커스에이아이,KOSDAQ,0.92,2205,119487595,54586,80616709530,
1134,002360,SH에너지화학,KOSPI,0.91,1765,100813279,58548,19615103345,
1135,063570,NICE인프라,KOSDAQ,0.91,3310,77415526,23376,113028979680,
1136,024830,세원물산,KOSDAQ,0.91,8910,25239340,2832,74398500000,
1137,196300,HLB펩,KOSDAQ,0.90,4500,37773770,8268,42193975500,
1138,459100,위츠,KOSDAQ,0.90,4480,37530740,8480,60328128000,
1139,108320,LX세미콘,KOSPI,0.89,39600,3678341050,93790,644066280000,
1140,090080,평화산업,KOSPI,0.89,1021,251353896,248608,56055206439,
1141,009180,한솔로지스틱스,KOSPI,0.89,2820,122761847,43712,79399426500,
1142,056190,SFA,KOSDAQ,0.89,22650,3081233375,137044,813333414000,
1143,012630,HDC,KOSPI,0.88,22950,1147419575,50279,1371072496950,
1144,03473K,SK우,KOSPI,0.88,343000,278186000,825,194184305000,
1145,009680,모토닉,KOSPI,0.88,10290,151181120,14866,223633537260,
1146,004365,세방우,KOSPI,0.88,9200,6598040,721,33941100000,
1147,298540,더네이쳐홀딩스,KOSDAQ,0.88,6890,80563410,11741,99811199540,
1148,086040,바이오톡스텍,KOSDAQ,0.88,2290,18687870,8147,36544385630,
1149,123040,엠에스오토텍,KOSDAQ,0.88,1728,411035710,241018,108221700672,
1150,208140,정다운,KOSDAQ,0.88,2290,29399694,12913,74846923340,
1151,007370,진양제약,KOSDAQ,0.88,4015,103793865,26116,56750366805,
1152,001510,SK증권,KOSPI,0.87,2320,3442376037,1490532,536604597200,
1153,005430,한국공항,KOSPI,0.87,93200,1584770600,17792,295104286000,
1154,358570,지아이이노베이션,KOSDAQ,0.87,9320,2611922660,288292,601289175920,
1155,073010,케이에스피,KOSDAQ,0.87,2915,468834044,160668,117157493750,
1156,041460,한국전자인증,KOSDAQ,0.87,3480,78461767,22707,66120000000,
1157,256150,한독크린텍,KOSDAQ,0.87,4650,10127980,2186,39036750000,
1158,029480,광무,KOSDAQ,0.86,1530,196305961,129435,91370271960,
1159,005250,녹십자홀딩스,KOSPI,0.85,10720,718230880,66845,504142411200,
1160,126640,화신정공,KOSDAQ,0.85,4150,4019878327,959553,145482026500,
1161,136490,선진,KOSPI,0.84,10850,1011443055,93356,258008703400,
1162,480370,씨케이솔루션,KOSPI,0.84,1434,49291484,34290,46578339072,
1163,039490,키움증권,KOSPI,0.84,300000,17152044250,57237,7868494800000,
1164,396300,세아메카닉스,KOSDAQ,0.84,4220,2410437775,574951,111785690000,
1165,173130,오파스넷,KOSDAQ,0.84,5990,226036600,37743,78148373270,
1166,069080,웹젠,KOSDAQ,0.84,12050,1321508300,110506,373147228750,
1167,177830,파버나인,KOSDAQ,0.84,2390,8742955,3685,27069123270,
1168,00806K,대덕1우,KOSPI,0.83,10940,10587465,971,13263185580,
1169,063160,종근당바이오,KOSPI,0.83,14560,74649730,5151,79875606720,
1170,259960,크래프톤,KOSPI,0.83,244000,16325452000,66912,11257631252000,
1171,046440,KG파이낸셜,KOSDAQ,0.83,4250,388642790,92137,161545908500,
1172,131030,옵투스제약,KOSDAQ,0.83,6100,395322990,64798,107644199000,
1173,045520,크린앤사이언스,KOSDAQ,0.83,3045,141160090,46835,19792500000,
1174,073190,듀오백,KOSDAQ,0.82,1595,155366835,100003,19089023800,
1175,339950,아이비김영,KOSDAQ,0.82,3065,277746845,91400,137761497575,
1176,003475,유안타증권우,KOSPI,0.81,4345,92136375,21306,55665402650,
1177,012860,모베이스전자,KOSDAQ,0.81,2480,1130226014,459769,181618973360,
1178,093920,서원인텍,KOSDAQ,0.81,4965,100942522,20429,92349000000,
1179,109820,진매트릭스,KOSDAQ,0.81,1494,42572802,28203,30468098160,
1180,092230,KPX홀딩스,KOSPI,0.80,88600,309971850,3522,374303635600,
1181,003160,디아이,KOSPI,0.80,25100,4079043825,162944,710330000000,
1182,123840,뉴온,KOSDAQ,0.80,1880,17222475,9445,29239734000,
1183,006140,피제이전자,KOSDAQ,0.80,5040,364070345,72185,74919600000,
1184,170030,현대공업,KOSDAQ,0.80,5010,96512185,19326,76853400000,
1185,489790,한화비전,KOSPI,0.79,51000,9544403125,187588,2574907890000,
1186,008770,호텔신라,KOSPI,0.79,44600,6204114000,139160,1750466196600,
1187,038290,마크로젠,KOSDAQ,0.79,12720,219425450,17282,137902608000,
1188,036670,삼양케이씨아이,KOSDAQ,0.79,5130,28976200,5687,55199826000,
1189,208640,썸에이지,KOSDAQ,0.79,897,383534107,443368,12489850425,
1190,044340,위닉스,KOSDAQ,0.79,4475,2374610812,541705,79983576875,
1191,002700,신일전자,KOSPI,0.78,1037,571162468,554210,71083779277,
1192,034830,한국토지신탁,KOSPI,0.78,1160,258692491,224027,292887506800,
1193,000725,현대건설우,KOSPI,0.78,51700,120946800,2339,54527628100,
1194,053060,세동,KOSDAQ,0.78,1427,88559434,62306,25197136913,
1195,101240,씨큐브,KOSDAQ,0.78,3240,22828185,7020,36796848480,
1196,018620,우진비앤지,KOSDAQ,0.78,2570,83670115,32725,17817763740,
1197,027050,코리아나,KOSDAQ,0.78,1542,2036026307,1276331,61680000000,
1198,007540,샘표,KOSPI,0.77,46050,160257250,3475,132430590000,
1199,014970,삼륭물산,KOSDAQ,0.77,4575,163254955,35560,67824375000,
1200,030200,KT,KOSPI,0.76,52800,13392058600,252302,13306744968000,
1201,073570,리튬포어스,KOSDAQ,0.76,1733,49328028,28709,20860689424,
1202,053300,한국정보인증,KOSDAQ,0.76,4665,315139142,67667,189357462840,
1203,251270,넷마블,KOSPI,0.75,40550,5684949225,140507,3322446854050,
1204,013890,지누스,KOSPI,0.75,8060,193168675,23958,176722052780,
1205,348150,고바이오랩,KOSDAQ,0.75,3340,72376873,21809,64859089260,
1206,462310,뉴키즈온,KOSDAQ,0.75,4020,31255635,7799,31752392100,
1207,317770,엑스페릭스,KOSDAQ,0.75,2700,346355399,127661,98939188800,
1208,084730,팅크웨어,KOSDAQ,0.75,6680,91254675,13883,74210952320,
1209,267850,아시아나IDT,KOSPI,0.74,9510,126225445,13307,105561000000,
1210,033240,자화전자,KOSPI,0.74,27200,1360350650,50496,587669654400,
1211,000850,화천기공,KOSPI,0.74,34050,419728050,12327,74910000000,
1212,040300,YTN,KOSDAQ,0.74,2040,43808750,21567,97261039200,
1213,099440,스맥,KOSDAQ,0.74,4060,1024628182,253024,277068179640,
1214,054800,아이디스홀딩스,KOSDAQ,0.74,14960,22287070,1495,154802429760,
1215,0010V0,제이피아이헬스케어,KOSDAQ,0.74,9550,133270800,13942,48756570000,
1216,038010,제일테크노스,KOSDAQ,0.74,5450,52460060,9678,49050000000,
1217,033790,피노,KOSDAQ,0.74,6800,8234296745,1200478,566588831600,
1218,039610,화성밸브,KOSDAQ,0.74,5440,101257885,18654,56632576000,
1219,012320,경동인베스트,KOSPI,0.73,48450,184782325,3813,114585364350,
1220,004560,현대비앤지스틸,KOSPI,0.73,12470,453729340,36558,188032773170,
1221,079960,동양이엔피,KOSDAQ,0.73,20750,190168600,9203,156696903500,
1222,102940,코오롱생명과학,KOSDAQ,0.73,16500,2342977170,143867,215994949500,
1223,027710,팜스토리,KOSDAQ,0.73,1101,415869624,377870,122669676600,
1224,001790,대한제당,KOSPI,0.72,2785,281773164,101359,240183733275,
1225,007590,동방아그로,KOSPI,0.72,5630,7231560,1292,76666958510,
1226,055490,테이팩스,KOSPI,0.72,14050,245021135,17357,67252432500,
1227,331740,아우토크립트,KOSDAQ,0.72,7000,97510230,13950,68256937000,
1228,314130,지놈앤컴퍼니,KOSDAQ,0.72,4190,2284453295,556600,219134590750,
1229,322780,코퍼스코리아,KOSDAQ,0.72,1951,48614430,25048,17509893330,
1230,012030,DB,KOSPI,0.71,1566,557655324,358889,315038379078,
1231,002140,고려산업,KOSPI,0.71,2130,6054667787,2794965,53120975250,
1232,017390,서울가스,KOSPI,0.71,56800,197540500,3483,281160000000,
1233,017550,수산세보틱스,KOSPI,0.71,1854,731553177,394771,115687987020,
1234,185750,종근당,KOSPI,0.71,71100,1571760650,21949,981377658000,
1235,462860,더즌,KOSDAQ,0.71,2115,255273488,121911,151765046145,
1236,053450,세코닉스,KOSDAQ,0.71,3550,325961447,91037,52514450650,
1237,238090,앤디포스,KOSDAQ,0.71,2140,18861460,8848,65249541600,
1238,322510,제이엘케이,KOSDAQ,0.71,5700,1129263320,194238,146637584400,
1239,087010,펩트론,KOSDAQ,0.71,184400,29431604150,163584,4299719340000,
1240,041910,폴라리스AI파마,KOSDAQ,0.71,5710,139522530,24522,75847928500,
1241,005725,넥센우,KOSPI,0.70,4330,9509385,2193,15590598000,
1242,036460,한국가스공사,KOSPI,0.70,35950,5164244525,143252,3318652350000,
1243,352910,오비고,KOSDAQ,0.70,3575,23968709,6735,45180142150,
1244,086890,이수앱지스,KOSDAQ,0.70,3580,309897215,85784,145974292360,
1245,067730,로지시스,KOSDAQ,0.69,2195,38800875,17933,21234258790,
1246,027360,아주IB투자,KOSDAQ,0.69,3650,13946294045,3824024,442180731900,
1247,209640,와이제이링크,KOSDAQ,0.69,3630,640230703,176597,103248619980,
1248,092130,이크레더블,KOSDAQ,0.69,14510,75232430,5191,174752636000,
1249,025860,남해화학,KOSPI,0.68,5920,954885675,161900,294098750560,
1250,001540,안국약품,KOSDAQ,0.68,13250,1380163845,103642,172812065000,
1251,302440,SK바이오사이언스,KOSPI,0.67,37500,2553068675,68318,2942120737500,
1252,005750,대림바스,KOSPI,0.67,4520,133490210,29794,74996924800,
1253,377190,디앤디플랫폼리츠,KOSPI,0.67,2240,231782630,104386,198016000000,
1254,003650,미창석유,KOSPI,0.67,151000,307549600,2020,262690472000,
1255,309960,LB인베스트먼트,KOSDAQ,0.67,4490,81400075,18243,104245403110,
1256,140520,대창스틸,KOSDAQ,0.67,1962,71220201,36396,41416334766,
1257,074600,원익QnC,KOSDAQ,0.67,30150,4220196025,140617,792583200000,
1258,272290,이녹스첨단소재,KOSDAQ,0.67,22600,2111683000,93317,450587703400,
1259,452280,한선엔지니어링,KOSDAQ,0.67,13530,1966717280,146644,260420975100,
1260,003550,LG,KOSPI,0.65,108300,25588436150,235347,16374094033200,
1261,338100,NH프라임리츠,KOSPI,0.65,3855,253288604,66091,71934300000,
1262,003925,남양유업우,KOSPI,0.65,30900,38851800,1272,58436504100,
1263,462520,조선내화,KOSPI,0.65,13890,295777245,21353,164668283520,
1264,014680,한솔케미칼,KOSPI,0.65,233500,6189546250,26433,2520407406000,
1265,285490,노바텍,KOSDAQ,0.65,12340,326144380,26597,130505754540,
1266,368970,오에스피,KOSDAQ,0.65,2325,10626845,4604,23707943625,
1267,462350,이노스페이스,KOSDAQ,0.65,7740,1130624205,147724,262243367280,
1268,352940,인바이오,KOSDAQ,0.65,2005,11708362,5893,21789798650,
1269,072020,중앙백신,KOSDAQ,0.65,9360,74308590,7947,86643470160,
1270,052260,현대바이오랜드,KOSDAQ,0.65,3895,413749705,104829,116850000000,
1271,002810,삼영무역,KOSPI,0.64,23700,975241025,40448,437666667600,
1272,213500,한솔제지,KOSPI,0.64,7880,520881605,66309,187548538880,
1273,297090,씨에스베어링,KOSDAQ,0.64,3940,232996737,59257,107443800000,
1274,052420,오성첨단소재,KOSDAQ,0.64,9420,295498260,31349,91769724780,
1275,024880,케이피에프,KOSDAQ,0.64,3960,96733542,24575,78968831040,
1276,004310,현대약품,KOSPI,0.63,6400,8517640785,1321955,204800000000,
1277,021045,대호특수강우,KOSDAQ,0.63,2415,773130,321,2049108180,
1278,009070,KCTC,KOSPI,0.62,4085,453677460,111639,122550000000,
1279,014530,극동유화,KOSPI,0.62,3225,149520838,46409,112453879500,
1280,001630,종근당홀딩스,KOSPI,0.62,40550,84057625,2078,203149863550,
1281,068790,DMS,KOSDAQ,0.62,8160,566760750,69418,184173027840,
1282,017480,삼현철강,KOSDAQ,0.62,4895,92032541,18848,75592946550,
1283,338840,와이바이오로직스,KOSDAQ,0.62,11400,859392335,75749,175180163400,
1284,033100,제룡전기,KOSDAQ,0.62,48450,5762344275,119953,778223716050,
1285,071840,롯데하이마트,KOSPI,0.61,6560,134371100,20497,154866590720,
1286,264900,크라운제과,KOSPI,0.61,8210,26423965,3227,102820808500,
1287,381620,제닉스로보틱스,KOSDAQ,0.61,6550,777321510,120012,85922376000,
1288,083420,그린케미칼,KOSPI,0.60,5030,144789115,28945,120720000000,
1289,103840,우양,KOSDAQ,0.60,1848,55481225,30020,30245158944,
1290,033230,인성정보,KOSDAQ,0.60,1006,264442182,261584,50818472280,
1291,446840,지슨,KOSDAQ,0.60,3370,52600980,15864,37125995920,
1292,340570,티앤엘,KOSDAQ,0.60,33500,2115632475,64352,272288000000,
1293,007980,TP,KOSPI,0.59,1873,451612299,241459,87838736550,
1294,186230,그린플러스,KOSDAQ,0.59,3390,83084685,24341,37019437320,
1295,136410,아셈스,KOSDAQ,0.59,5090,22705850,4482,56087249540,
1296,457550,우진엔텍,KOSDAQ,0.59,15390,641619320,42187,143418763620,
1297,091120,이엠텍,KOSDAQ,0.59,4240,103967290,24450,72643648640,
1298,094850,참좋은여행,KOSDAQ,0.59,4235,57396185,13576,59290000000,
1299,371950,풍원정밀,KOSDAQ,0.59,5130,41925140,8192,116258871240,
1300,134380,미원화학,KOSPI,0.58,10460,30088980,2889,230043432800,
1301,016580,환인제약,KOSPI,0.58,10410,501449960,47941,193626728700,
1302,060380,동양에스텍,KOSDAQ,0.58,1213,22927155,19032,23896100000,
1303,045660,에이텍,KOSDAQ,0.58,8610,55446130,6430,71118600000,
1304,246710,티앤알바이오팹,KOSDAQ,0.58,2600,384632615,148005,123927710400,
1305,225220,제놀루션,KOSDAQ,0.57,1417,58078586,40976,27192259757,
1306,065510,휴비츠,KOSDAQ,0.57,7090,384394680,54137,77124275550,
1307,204320,HL만도,KOSPI,0.56,54100,23123196850,426761,2540380192000,
1308,107590,미원홀딩스,KOSPI,0.56,53700,3065000,57,124584000000,
1309,293480,하나제약,KOSPI,0.56,9030,204222300,22648,160489702380,
1310,048470,대동스틸,KOSDAQ,0.56,2710,119713475,44084,26151500000,
1311,023910,대한약품,KOSDAQ,0.56,27000,92266000,3408,162000000000,
1312,005160,동국산업,KOSDAQ,0.56,2675,280480717,103023,145103989350,
1313,053580,웹케시,KOSDAQ,0.56,7190,151764285,21173,93142394840,
1314,094360,칩스앤미디어,KOSDAQ,0.56,10780,419332240,39278,230209853720,
1315,047770,코데즈컴바인,KOSDAQ,0.56,2705,603304940,223682,102364238410,
1316,005820,원림,KOSPI,0.55,14570,9565160,661,33481422900,
1317,063440,SMLifeDesign,KOSDAQ,0.54,1126,43545807,38775,51029603864,
1318,253840,수젠텍,KOSDAQ,0.54,4625,476024972,103190,77437300000,
1319,044780,에이치케이,KOSDAQ,0.54,1312,9816334,7512,24279592544,
1320,006840,AK홀딩스,KOSPI,0.53,7530,47802000,6357,99754134330,
1321,012690,모나리자,KOSPI,0.53,1518,2347490963,1534228,55515165090,
1322,004360,세방,KOSPI,0.53,13270,224106715,16801,253664051810,
1323,183190,아세아시멘트,KOSPI,0.53,9500,418934780,44220,341793584000,
1324,018880,한온시스템,KOSPI,0.53,3785,17078163621,4528568,3884403759320,
1325,900120,씨엑스아이,KOSDAQ,0.53,949,55333564,58042,10600007340,
1326,068330,일신바이오,KOSDAQ,0.53,956,59485483,62353,42270629840,
1327,221980,케이디켐,KOSDAQ,0.53,9510,1905820,201,38370948000,
1328,030520,한컴,KOSDAQ,0.53,19100,1914497005,100858,461833110400,
1329,478560,블랙야크아이앤씨,KOSDAQ,0.52,2880,25522725,8906,74391258240,
1330,488900,비츠로넥스텍,KOSDAQ,0.52,11650,5993958800,515039,337575560950,
1331,056090,시지메드텍,KOSDAQ,0.52,1149,333225992,294411,118644632364,
1332,042110,에스씨디,KOSDAQ,0.52,1163,200543385,172884,56207282932,
1333,234100,폴라리스세원,KOSDAQ,0.52,2885,71517495,25163,42125719860,
1334,0030R0,대신밸류리츠,KOSPI,0.51,3980,65142415,16421,237924400000,
1335,049800,우진플라임,KOSPI,0.51,1785,49701657,27692,35700000000,
1336,156100,엘앤케이바이오,KOSDAQ,0.51,3970,432588215,110037,88734077410,
1337,387570,파인메딕스,KOSDAQ,0.51,4925,10573320,2183,27707557500,
1338,044450,KSS해운,KOSPI,0.50,10050,147571280,14700,232013094000,
1339,100250,진양홀딩스,KOSPI,0.50,3025,75582820,25098,193297500000,
1340,311690,CJ바이오사이언스,KOSDAQ,0.50,4020,43146135,10778,52523157240,
1341,377450,리파인,KOSDAQ,0.50,13980,660323470,47594,242273400000,
1342,066910,손오공,KOSDAQ,0.50,2030,124874861,61942,27174862960,
1343,054930,유신,KOSDAQ,0.50,18160,188134570,10342,54480000000,
1344,054300,팬스타엔터프라이즈,KOSDAQ,0.50,1013,95148982,95353,58623267285,
1345,011150,CJ씨푸드,KOSPI,0.49,2065,124825510,60336,74197046245,
1346,062040,산일전기,KOSPI,0.49,184700,45007462550,245463,5659734395000,
1347,004690,삼천리,KOSPI,0.49,123700,952127100,7686,448632314900,
1348,044380,주연테크,KOSPI,0.49,824,109373456,133680,10626564384,
1349,000087,하이트진로2우B,KOSPI,0.49,12410,25285220,2039,14025012580,
1350,265520,AP시스템,KOSDAQ,0.49,20500,796694075,39066,308541830500,
1351,383930,디티앤씨알오,KOSDAQ,0.49,1848,26138934,14104,23625068544,
1352,293780,압타바이오,KOSDAQ,0.49,6210,499543105,81666,174460045050,
1353,489500,엘케이켐,KOSDAQ,0.49,20700,314724650,15250,132298626600,
1354,037330,인지디스플레,KOSDAQ,0.49,817,73712564,91447,35854228008,
1355,007330,푸른저축은행,KOSDAQ,0.49,10350,44988180,4361,156106980000,
1356,025770,한국정보통신,KOSDAQ,0.49,8180,208629220,25609,306294136780,
1357,012200,계양전기,KOSPI,0.48,4200,627304244,151054,114335881800,
1358,018470,조일알미늄,KOSPI,0.48,1044,528436508,509952,132203516724,
1359,000140,하이트진로홀딩스,KOSPI,0.48,8370,87621815,10494,194240623050,
1360,120240,대정화금,KOSDAQ,0.48,14700,178381190,12184,105698747700,
1361,171120,라이온켐텍,KOSDAQ,0.48,2075,119518500,57909,74496152000,
1362,169330,엠브레인,KOSDAQ,0.48,1268,13146265,10472,23225852024,
1363,036890,진성티이씨,KOSDAQ,0.48,14530,887981570,60732,320134012190,
1364,060370,LS마린솔루션,KOSDAQ,0.47,31850,2629818825,82892,1663807499900,
1365,456070,이엔셀,KOSDAQ,0.47,6450,202974225,32214,71140384650,
1366,256940,킵스파마,KOSDAQ,0.47,6350,265421540,42054,127496233450,
1367,219750,한국비티비,KOSDAQ,0.47,1695,3767172,2212,22179714015,
1368,069620,대웅제약,KOSPI,0.46,130100,2505362350,19065,1507413407500,
1369,108860,셀바스AI,KOSDAQ,0.46,10950,7625045380,703720,294716950500,
1370,398120,에스지헬스케어,KOSDAQ,0.46,2170,11152895,5151,25696078870,
1371,047820,초록뱀미디어,KOSDAQ,0.46,3285,19490220,5910,80331160050,
1372,075130,플랜티넷,KOSDAQ,0.46,2180,83197632,38433,35146657600,
1373,000500,가온전선,KOSPI,0.45,157200,24382712900,155153,4681039820400,
1374,014820,동원시스템즈,KOSPI,0.45,22350,585204175,26124,647955152700,
1375,032350,롯데관광개발,KOSPI,0.45,13300,4285838020,323987,1060348591400,
1376,031210,서울보증보험,KOSPI,0.45,44450,873190650,19576,3103570031100,
1377,000970,한국주철관,KOSPI,0.45,6760,214194220,31583,154131380000,
1378,036190,금화피에스시,KOSDAQ,0.45,33150,225484050,6748,198900000000,
1379,019770,서연탑메탈,KOSDAQ,0.45,3330,79910070,24203,38794500000,
1380,148150,세경하이테크,KOSDAQ,0.45,3315,195106485,58730,117824441670,
1381,455900,엔젤로보틱스,KOSDAQ,0.45,22400,2500001700,111047,344802774400,
1382,023000,삼원강재,KOSPI,0.44,2260,50313693,22504,89812300560,
1383,003530,한화투자증권,KOSPI,0.44,4575,2260502850,495225,981556070625,
1384,204020,그리티,KOSDAQ,0.44,1829,15606905,8590,35575571728,
1385,131370,알서포트,KOSDAQ,0.44,1585,144435935,91454,84428326555,
1386,109080,옵티시스,KOSDAQ,0.44,9100,76874660,8373,51287600000,
1387,041520,이엘씨,KOSDAQ,0.44,11390,308233450,27132,138829634700,
1388,002450,삼익악기,KOSPI,0.43,1155,178155352,154049,104563206825,
1389,005870,휴니드,KOSPI,0.43,4620,160721355,34934,65215989300,
1390,307750,국전,KOSDAQ,0.43,2320,130308980,56937,125248188160,
1391,067770,세진티에스,KOSDAQ,0.43,2335,334586140,140255,19606044655,
1392,038880,아이에이,KOSDAQ,0.43,3495,35816455,10165,26262908385,
1393,173940,에프엔씨엔터,KOSDAQ,0.43,2325,34823890,15173,35788278600,
1394,096870,엘디티,KOSDAQ,0.43,2340,26173840,11300,19534317660,
1395,030000,제일기획,KOSPI,0.42,19050,4081887840,214271,2191535336250,
1396,290120,DH오토리드,KOSDAQ,0.42,2380,12531430,5249,37663921260,
1397,083640,인콘,KOSDAQ,0.42,1194,52296394,43832,27412261542,
1398,051370,인터플렉스,KOSDAQ,0.42,7200,457479055,63939,167957798400,
1399,104480,티케이케미칼,KOSDAQ,0.42,1664,433259407,259503,151250002176,
1400,007700,FF홀딩스,KOSPI,0.41,14540,217219105,14883,568722896180,
1401,001230,동국홀딩스,KOSPI,0.41,1968,844241700,428598,306039183120,
1402,003690,코리안리,KOSPI,0.41,14710,4417715210,299981,2599566366010,
1403,003480,한진중공업홀딩스,KOSPI,0.41,4860,74995340,15344,143514886320,
1404,078130,국일제지,KOSDAQ,0.41,3690,267223915,72828,416012766030,
1405,143240,사람인,KOSDAQ,0.41,17160,157531750,9155,184173663960,
1406,037760,쎄니트,KOSDAQ,0.41,2420,50038580,21140,81875668820,
1407,036220,오상헬스케어,KOSDAQ,0.41,7320,191966355,26146,104744925120,
1408,319400,현대무벡스,KOSDAQ,0.41,24600,31239972400,1265987,2739850559400,
1409,005945,NH투자증권우,KOSPI,0.40,24850,373788100,15112,468943554800,
1410,016590,신대양제지,KOSPI,0.40,10120,92400180,9161,407813938400,
1411,481850,신한글로벌액티브리츠,KOSPI,0.40,1004,52807827,52230,43651574656,
1412,458350,에스팀,KOSDAQ,0.40,3760,41702310,11075,32648832000,
1413,334970,프레스티지바이오로직스,KOSDAQ,0.40,1992,389315725,198662,154883252904,
1414,039570,HDC랩스,KOSPI,0.39,7630,88334770,11520,198056495630,
1415,038620,위즈코프,KOSDAQ,0.39,1807,19340271,10756,27368628651,
1416,150900,파수AI,KOSDAQ,0.39,3830,162536725,42627,44826021260,
1417,214390,경보제약,KOSPI,0.38,5320,88113510,16492,127184495200,
1418,014990,인디에프,KOSPI,0.38,1857,12160976,6665,27896966343,
1419,034590,인천도시가스,KOSPI,0.38,26600,40154625,1515,116368456400,
1420,072470,우리산업홀딩스,KOSDAQ,0.38,2660,51155048,19439,50240327060,
1421,016920,카스,KOSDAQ,0.38,1054,109182698,104403,27924189052,
1422,318020,포인트모바일,KOSDAQ,0.38,2645,82035374,31492,32536864440,
1423,069260,TKG휴켐스,KOSPI,0.37,16260,802369800,49249,664685840880,
1424,002310,아세아제지,KOSPI,0.37,8060,407651665,50654,317963050600,
1425,039860,나노엔텍,KOSDAQ,0.37,4060,680271408,168133,154657795180,
1426,377030,비트맥스,KOSDAQ,0.37,1648,25966517,15977,23552724896,
1427,417180,핑거스토리,KOSDAQ,0.37,4065,45592410,11301,17516958975,
1428,136480,하림,KOSDAQ,0.37,2740,840274893,306343,291014583480,
1429,475560,더본코리아,KOSPI,0.36,14080,39773700,2832,208777817600,
1430,003610,방림,KOSPI,0.36,5640,554747130,98811,181104787920,
1431,013520,화승코퍼레이션,KOSPI,0.36,2780,138422175,50102,139142480560,
1432,170920,엘티씨,KOSDAQ,0.36,41350,8109653025,191314,436826610100,
1433,256840,한국비엔씨,KOSDAQ,0.36,2750,841765885,306560,188085936500,
1434,290270,휴네시온,KOSDAQ,0.36,2810,32603195,11621,26997558320,
1435,010240,흥국,KOSDAQ,0.36,5540,49940305,9016,64851240000,
1436,175330,JB금융지주,KOSPI,0.35,28750,6456061150,222583,5362502440000,
1437,005940,NH투자증권,KOSPI,0.35,28350,11565545575,408719,10466993076750,
1438,000660,SK하이닉스,KOSPI,0.35,1425000,5405286435660,3817655,1040951620125000,
1439,010040,한국내화,KOSPI,0.35,1706,29516651,17364,70060407772,
1440,101530,해태제과식품,KOSPI,0.35,5730,174885585,30619,166839390060,
1441,314930,바이오다인,KOSDAQ,0.35,8530,96791680,11454,253887798590,
1442,208370,셀바스헬스케어,KOSDAQ,0.35,2850,456312130,160755,73360607400,
1443,036000,예림당,KOSDAQ,0.35,2830,33197310,11735,65187003910,
1444,047560,이스트소프트,KOSDAQ,0.35,8610,161146830,18720,101194036020,
1445,104540,코렌텍,KOSDAQ,0.35,4305,138192920,32583,57718900050,
1446,001390,KG케미칼,KOSPI,0.34,4490,721268627,160090,301876304700,
1447,400760,NH올원리츠,KOSPI,0.34,2985,137934142,46309,163963885875,
1448,034120,SBS,KOSPI,0.34,11800,46251645,3935,218904608400,
1449,003830,대한화섬,KOSPI,0.34,116400,2064500,18,154579200000,
1450,023450,동남합성,KOSPI,0.34,29900,34672450,1171,104650000000,
1451,005440,현대지에프홀딩스,KOSPI,0.34,11860,2655913245,222997,2175090780140,
1452,054670,대한뉴팜,KOSDAQ,0.34,5940,93148750,15676,85268224800,
1453,104460,디와이피엔에프,KOSDAQ,0.34,8900,35329835,3977,93611098900,
1454,038460,바이오스마트,KOSDAQ,0.34,2930,190856830,65497,74054408060,
1455,189860,서전기전,KOSDAQ,0.34,4435,347004191,78693,43014089300,
1456,007720,소노스퀘어,KOSDAQ,0.34,1455,57208434,39677,29332930950,
1457,014190,원익큐브,KOSDAQ,0.34,1196,51761772,43072,42332504916,
1458,040420,정상제이엘에스,KOSDAQ,0.34,5870,127770470,21855,92027230240,
1459,123410,코리아에프티,KOSDAQ,0.34,5980,493624255,81756,166489562720,
1460,033270,유나이티드제약,KOSPI,0.33,18410,407737230,22124,292917367750,
1461,094280,효성ITX,KOSPI,0.33,12180,87956850,7217,140778876000,
1462,317850,대모,KOSDAQ,0.33,6070,164803095,27124,50529229400,
1463,000480,CR홀딩스,KOSPI,0.32,4715,173466845,36947,221088660350,
1464,192080,더블유게임즈,KOSPI,0.32,61800,2768492650,44738,1308520322400,
1465,187870,디바이스,KOSDAQ,0.32,12520,1872880600,149861,172401151200,
1466,015750,성우하이텍,KOSDAQ,0.32,6240,1511820345,243493,499200000000,
1467,125210,아모그린텍,KOSDAQ,0.32,6210,579551600,95472,102445065900,
1468,481070,에이유브랜즈,KOSDAQ,0.32,18980,862269625,44731,271988145000,
1469,155650,와이엠씨,KOSDAQ,0.32,3155,110649570,35177,59864099490,
1470,044960,이글벳,KOSDAQ,0.32,3160,66838605,21191,39948350280,
1471,382480,지아이텍,KOSDAQ,0.32,1855,99207375,53757,73007494700,
1472,032800,판타지오,KOSDAQ,0.32,1575,46433355,29478,19626897150,
1473,059270,해성에어로보틱스,KOSDAQ,0.32,6200,249787675,40380,69224853800,
1474,012205,계양전기우,KOSPI,0.31,6380,82525150,12938,7458724020,
1475,028050,삼성EA,KOSPI,0.31,48950,67296912450,1372029,9594200000000,
1476,072130,유엔젤,KOSPI,0.31,4890,174980465,36040,62080770060,
1477,003460,유화증권,KOSPI,0.31,3210,219711090,69137,182014752150,
1478,009460,한창제지,KOSPI,0.31,3255,122657280,37475,38843532735,
1479,017650,대림제지,KOSDAQ,0.31,9770,170430720,17391,85829450000,
1480,054090,삼진엘앤디,KOSDAQ,0.31,965,91320734,94422,24085658880,
1481,035610,솔본,KOSDAQ,0.31,4875,302270065,60322,133311735375,
1482,465480,인스피언,KOSDAQ,0.31,3260,9008285,2769,33049136720,
1483,043910,자연과환경,KOSDAQ,0.31,3210,50069548,15864,36398655450,
1484,277880,티에스아이,KOSDAQ,0.31,3265,115947865,35812,64788087180,
1485,041440,현대에버다임,KOSDAQ,0.31,6530,387090970,59248,116506379360,
1486,092780,DYP,KOSPI,0.30,3300,14990680,4545,43455918000,
1487,008260,NI스틸,KOSPI,0.30,3290,476486413,145124,94094384930,
1488,053270,구영테크,KOSDAQ,0.30,1981,88827489,44774,54300012305,
1489,031310,아이즈비전,KOSDAQ,0.30,1007,68223400,68031,29954877557,
1490,262260,에이프로,KOSDAQ,0.30,3375,228340488,68444,50887102500,
1491,190650,코리아에셋투자증권,KOSDAQ,0.29,6810,18794930,2768,43502280000,
1492,001685,대상우,KOSPI,0.28,14500,24017075,1657,19868233500,
1493,016710,대성홀딩스,KOSPI,0.28,7060,63606965,9032,113591580540,
1494,298000,효성화학,KOSPI,0.28,72700,6287081750,83284,275664659700,
1495,108380,대양전기공업,KOSDAQ,0.28,18200,570293930,31566,174125460600,
1496,171090,선익시스템,KOSDAQ,0.28,70500,4856386400,69201,713997633000,
1497,088340,유라클,KOSDAQ,0.28,7240,50537255,7041,31598024320,
1498,001120,LX인터내셔널,KOSPI,0.27,37750,1942854725,51689,1463190000000,
1499,417310,코람코더원리츠,KOSPI,0.27,10940,779879220,71372,441976000000,
1500,099430,바이오플러스,KOSDAQ,0.27,3730,1284205828,341651,229919893060,
1501,020710,시공테크,KOSDAQ,0.27,3770,405732805,108648,75580846900,
1502,050760,에스폴리텍,KOSDAQ,0.27,1124,170965061,152574,18360178072,
1503,234080,JW생명과학,KOSPI,0.26,11740,264882115,22547,185897663960,
1504,000430,대원강업,KOSPI,0.26,3805,264922167,69491,235910000000,
1505,100130,동국SC,KOSDAQ,0.26,1560,284120578,182912,89143080000,
1506,215200,메가스터디교육,KOSDAQ,0.26,39050,2078270375,52406,404761684800,
1507,226330,신테카바이오,KOSDAQ,0.26,1570,448112572,286260,38085805750,
1508,199820,제일일렉트릭,KOSDAQ,0.26,7760,1037243635,134769,172427200000,
1509,475960,토모큐브,KOSDAQ,0.26,39100,886276100,22575,526918403400,
1510,004540,깨끗한나라,KOSPI,0.25,1212,34893256,28591,45135719916,
1511,084690,대상홀딩스,KOSPI,0.25,7970,115402100,14484,288613927860,
1512,003545,대신증권우,KOSPI,0.25,20050,310075075,15434,488885846700,
1513,001810,무림SP,KOSDAQ,0.25,1213,26837835,22195,26852787500,
1514,095190,신화프리텍,KOSDAQ,0.25,2015,72784431,36327,131499830930,
1515,493790,유안타제17호스팩,KOSDAQ,0.25,2015,14622835,7279,10699650000,
1516,478110,이베스트스팩6호,KOSDAQ,0.25,2040,21628696,10628,10240800000,
1517,489480,키움제11호스팩,KOSDAQ,0.25,2020,5004800,2478,13332000000,
1518,006570,대림통상,KOSPI,0.24,2090,27203265,13106,31820250000,
1519,138040,메리츠금융지주,KOSPI,0.24,123800,26578238300,212182,20717592397400,
1520,058650,세아홀딩스,KOSPI,0.24,125500,40008700,319,532400618000,
1521,014580,태경비케이,KOSPI,0.24,4160,183553961,44183,114745696000,
1522,079980,휴비스,KOSPI,0.24,2125,116663141,55133,73312500000,
1523,086960,MDS테크,KOSDAQ,0.24,2070,271229652,131818,88034346900,
1524,024940,PN풍년,KOSDAQ,0.24,2050,83075785,40612,20500000000,
1525,004780,대륙제관,KOSDAQ,0.24,4095,158498220,38603,65123599905,
1526,038500,삼표시멘트,KOSDAQ,0.24,8310,4033293795,482447,896784502860,
1527,473050,유안타제15호스팩,KOSDAQ,0.24,2090,106860205,51045,14650900000,
1528,067010,이씨에스,KOSDAQ,0.24,2115,64255400,30518,23029177500,
1529,018120,진로발효,KOSDAQ,0.24,16650,7941050,475,110241648000,
1530,003495,대한항공우,KOSPI,0.23,21500,17237700,804,23882071000,
1531,006090,사조오양,KOSPI,0.23,8620,27664430,3217,81224010180,
1532,041650,상신브레이크,KOSPI,0.23,2200,36225075,16613,47237190000,
1533,323410,카카오뱅크,KOSPI,0.23,22200,15132221600,678373,10592073701400,
1534,284740,쿠쿠홈시스,KOSPI,0.23,21700,207622925,9590,486890061000,
1535,307950,현대오토에버,KOSPI,0.23,432500,25316162500,58235,11860872215000,
1536,010690,화신,KOSPI,0.23,8610,2700495750,311128,300664730100,
1537,366030,나인앤컴퍼니,KOSDAQ,0.23,4380,163062370,37242,99223863000,
1538,072870,메가스터디,KOSDAQ,0.23,13090,175053955,13393,156045353310,
1539,066430,아이로보틱스,KOSDAQ,0.23,2190,1386182077,635613,85746112440,
1540,224110,에이텍모빌리티,KOSDAQ,0.23,8890,26584620,2999,45164631540,
1541,178780,일월지엠엘,KOSDAQ,0.23,2175,32758140,15187,40540249125,
1542,009140,경인전자,KOSPI,0.22,22600,69563475,3067,35500012200,
1543,007610,선도전기,KOSPI,0.22,4500,933181775,208374,81000000000,
1544,111770,영원무역,KOSPI,0.22,90700,3131723200,34390,4019050147600,
1545,002920,유성기업,KOSPI,0.22,1860,8430235,4536,48262350000,
1546,046310,백금TA,KOSDAQ,0.22,2320,89081055,38619,38091247120,
1547,438700,버넥트,KOSDAQ,0.22,1824,36548332,20207,20328279360,
1548,466410,사이냅소프트,KOSDAQ,0.22,8920,59489660,6696,44930245160,
1549,011560,세보엠이씨,KOSDAQ,0.22,22700,518403725,22548,228926594400,
1550,117670,알파칩스,KOSDAQ,0.22,9110,81874260,8875,60688469620,
1551,054780,키이스트,KOSDAQ,0.22,1365,22927118,17131,26832887445,
1552,198940,한주라이트메탈,KOSDAQ,0.22,1345,76680575,57450,26778627200,
1553,078930,GS,KOSPI,0.21,97500,44484629300,452811,9057310762500,
1554,487570,HS효성,KOSPI,0.21,47350,226899300,4802,176422643450,
1555,118000,메타케어,KOSPI,0.21,1432,16468356,11626,31583884120,
1556,009470,삼화전기,KOSPI,0.21,24100,1452458225,60324,159393062000,
1557,005389,현대차3우B,KOSPI,0.21,193600,1150317650,5957,450594707200,
1558,049720,고려신용정보,KOSDAQ,0.21,9460,491303125,51616,135278000000,
1559,014100,메디앙스,KOSDAQ,0.21,1899,34903688,18703,22408200000,
1560,0010F0,보원케미칼,KOSDAQ,0.21,2380,182823315,77134,26521770380,
1561,308430,셀비온,KOSDAQ,0.21,14380,206381935,14384,185577509380,
1562,010470,오리콤,KOSDAQ,0.21,4875,13705870,2819,58378368750,
1563,058860,KTis,KOSPI,0.20,2560,138825488,54162,89093120000,
1564,023960,에쓰씨엔지니어링,KOSPI,0.20,982,36314349,37328,37351327450,
1565,001550,조비,KOSPI,0.20,10080,159798255,15797,52337769120,
1566,034230,파라다이스,KOSPI,0.20,9860,5970067995,611171,913325706520,
1567,014470,부방,KOSDAQ,0.20,986,57035319,57262,59211528360,
1568,008370,원풍,KOSDAQ,0.20,4935,4814465,977,59220000000,
1569,100030,인지소프트,KOSDAQ,0.20,19600,149953920,7697,64360794400,
1570,119610,인터로조,KOSDAQ,0.20,15230,345174380,22749,173831366810,
1571,004450,삼화왕관,KOSPI,0.19,26250,11290450,430,56552448750,
1572,140670,알에스오토메이션,KOSDAQ,0.19,10780,495904015,46200,138413475200,
1573,053980,오상자이엘,KOSDAQ,0.19,2570,17843622,6953,48785752310,
1574,448730,삼성FN리츠,KOSPI,0.18,5540,201446800,36372,504417000000,
1575,004490,세방전지,KOSPI,0.18,56100,2714003350,48260,777546000000,
1576,195870,해성디에스,KOSPI,0.18,56400,7562968000,132632,958800000000,
1577,011760,현대코퍼레이션,KOSPI,0.18,27550,722564625,26141,364458013300,
1578,130580,나이스디앤비,KOSDAQ,0.18,5610,23166880,4174,86394000000,
1579,900260,로스웰,KOSDAQ,0.18,1631,32117064,19608,75074450486,
1580,001130,대한제분,KOSPI,0.17,11850,171847250,14472,200265000000,
1581,008490,서흥,KOSPI,0.17,28650,7081667300,239169,331455087450,
1582,006890,태경케미컬,KOSPI,0.17,5750,182732520,31973,66700000000,
1583,130660,한전산업,KOSPI,0.17,11800,916677945,77733,384680000000,
1584,235980,메드팩토,KOSDAQ,0.17,2960,402731440,137192,101454358160,
1585,032750,삼진,KOSDAQ,0.17,3000,21567390,7222,27093366000,
1586,234300,에스트래픽,KOSDAQ,0.17,3015,274511185,91388,82031456700,
1587,333620,엔시스,KOSDAQ,0.17,5750,34609290,6040,63237982500,
1588,003547,대신증권2우B,KOSPI,0.16,19200,184876985,9620,184447987200,
1589,012800,대창,KOSPI,0.16,1219,562003157,459194,111100268281,
1590,039130,하나투어,KOSPI,0.16,31800,1199081350,37507,492579837600,
1591,071090,하이스틸,KOSPI,0.16,3150,712407259,224326,63603133650,
1592,008830,대동기어,KOSDAQ,0.16,6310,5630304250,885033,93106069200,
1593,036480,대성미생물,KOSDAQ,0.16,6350,21000890,3317,24130000000,
1594,096350,대창솔루션,KOSDAQ,0.16,1866,268659689,142743,68770985892,
1595,357780,솔브레인,KOSDAQ,0.16,314000,12078219750,38379,2442469724000,
1596,044490,태웅,KOSDAQ,0.16,32050,3670232050,116142,641236561050,
1597,052600,한네트,KOSDAQ,0.16,3180,39396922,12315,36772566000,
1598,003555,LG우,KOSPI,0.15,67000,246148900,3674,201750333000,
1599,004720,팜젠사이언스,KOSPI,0.15,3400,44012020,12860,77024841000,
1600,011210,현대위아,KOSPI,0.15,64900,3296323700,50661,1764960886700,
1601,111110,호전실업,KOSPI,0.15,6810,43544230,6426,61739460000,
1602,053280,예스24,KOSDAQ,0.15,3265,31994085,9733,81625000000,
1603,353810,이지바이오,KOSDAQ,0.15,6490,507178395,78255,214701660800,
1604,348080,큐라티스,KOSDAQ,0.15,3295,968425704,294666,42267446135,
1605,375500,DL이앤씨,KOSPI,0.14,73000,23343407250,315315,2824634479000,
1606,033530,SJG세종,KOSPI,0.14,7070,430211220,61185,191259753930,
1607,123700,SJM,KOSPI,0.14,3480,76200809,22091,54305045040,
1608,025530,SJM홀딩스,KOSPI,0.14,3515,22458167,6392,52493038120,
1609,004080,신흥,KOSPI,0.14,14070,27670560,1968,130851000000,
1610,334890,이지스밸류플러스리츠,KOSPI,0.14,3705,342524665,92456,257307370515,
1611,029460,케이씨,KOSPI,0.14,34700,961312350,28001,382412564500,
1612,213420,덕산네오룩스,KOSDAQ,0.14,36350,6462951500,179239,902613356650,
1613,217330,싸이토젠,KOSDAQ,0.14,3675,198547637,54739,85001085225,
1614,052300,오션인더블유,KOSDAQ,0.14,1399,131533219,93376,22725535072,
1615,006125,SK디스커버리우,KOSPI,0.13,38850,29525300,762,47851739250,
1616,000225,유유제약1우,KOSPI,0.13,3750,21095705,5617,8500987500,
1617,300720,한일시멘트,KOSPI,0.13,14900,596806645,40232,1095823614100,
1618,451250,삐아,KOSDAQ,0.13,7570,1459583370,185416,77409888890,
1619,017370,우신시스템,KOSPI,0.12,4075,45070265,10937,74629770050,
1620,010400,우진아이엔에스,KOSPI,0.12,4100,17040045,4167,31250200000,
1621,091970,LSK아이로봇,KOSDAQ,0.12,4065,109287462,26313,30628880700,
1622,215100,로보로보,KOSDAQ,0.12,4345,844897622,194664,88414032630,
1623,032850,비트컴퓨터,KOSDAQ,0.12,4185,206571512,48936,69568481205,
1624,093190,빅솔론,KOSDAQ,0.12,8520,228279600,26851,163915470600,
1625,340440,세림BG,KOSDAQ,0.12,850,113827357,133395,24121609400,
1626,154030,아시아종묘,KOSDAQ,0.12,1669,21173374,12758,20131256023,
1627,306040,에스제이그룹,KOSDAQ,0.12,1715,33316271,19472,15927280460,
1628,251370,와이엠티,KOSDAQ,0.12,8680,358911925,41572,156354688840,
1629,127120,제이에스링크,KOSDAQ,0.12,41000,5226509525,127529,1424863078000,
1630,432470,케이엔에스,KOSDAQ,0.12,8400,90947610,11030,73681070400,
1631,101670,하이드로리튬,KOSDAQ,0.12,856,454900627,528482,48601272072,
1632,002100,경농,KOSPI,0.11,9330,150350645,16090,182145624750,
1633,004970,신라교역,KOSPI,0.11,9350,143844365,15424,149600000000,
1634,004920,씨아이테크,KOSPI,0.11,926,408014426,444252,48318561472,
1635,025820,이구산업,KOSPI,0.11,4545,1359768467,297491,151993890000,
1636,006220,제주은행,KOSPI,0.11,9310,1386990610,148973,351904565670,
1637,015890,태경산업,KOSPI,0.11,4750,127263330,26847,138836562500,
1638,372910,한컴라이프케어,KOSPI,0.11,1850,75230291,40725,51197651100,
1639,122690,서진오토모티브,KOSDAQ,0.11,1776,80979915,45384,40988598816,
1640,033160,엠케이전자,KOSDAQ,0.11,17870,14354201665,810396,432355107420,
1641,214150,클래시스,KOSDAQ,0.11,46350,10203482425,221682,3023672794650,
1642,092460,한라IMS,KOSDAQ,0.11,18440,514800810,27868,315502499200,
1643,002760,보락,KOSPI,0.10,1014,58615203,57924,60738600000,
1644,001750,한양증권,KOSPI,0.10,19680,92311160,4697,297354684480,
1645,005385,현대차우,KOSPI,0.10,197700,7942867350,40178,4614507792000,
1646,038390,레드캡투어,KOSDAQ,0.10,10040,103227820,10293,167877052880,
1647,493280,아이엠바이오로직스,KOSDAQ,0.10,19270,1291800470,67768,285900299230,
1648,048830,엔피케이,KOSDAQ,0.10,1018,39597561,38987,19060953614,
1649,078070,유비쿼스홀딩스,KOSDAQ,0.10,9710,121422140,12607,165641365530,
1650,090370,메타랩스,KOSPI,0.09,1090,15422285,14267,29762111010,
1651,009320,아진전자부품,KOSPI,0.09,1060,156323759,147272,52257756200,
1652,420770,기가비스,KOSDAQ,0.09,117400,9572211550,81997,1488133989200,
1653,264450,유비쿼스,KOSDAQ,0.09,10540,113079570,10775,154574296220,
1654,268280,미원에스씨,KOSPI,0.08,123400,395679750,3226,617000000000,
1655,035510,신세계IC,KOSPI,0.07,13490,539132940,40111,188602341000,
1656,056700,신화인터텍,KOSDAQ,0.07,1483,72731297,48794,43207339953,
1657,007815,코리아써우,KOSPI,0.06,16850,10704910,643,49955026500,
1658,310210,보로노이,KOSDAQ,0.06,176500,24646051750,139151,3255205914500,
1659,002030,아세아,KOSPI,0.05,197100,1389430650,7077,405799729200,
1660,001020,페이퍼코리아,KOSPI,0.05,1958,30545978,15643,69698264196,
