code,last_ym,mkt,cls,terminal_ret,last_close,ret6,ret12,peak12,flat_months,mcap_last,recent
005470,1996-10,KOSDAQ,동결소멸,-0.7,9400.0,,,0.0,4,5640000000,0
012605,1996-10,KOSPI,동결소멸,-0.7,62700.0,-0.06,,-0.06,6,7524000,0
011724,1996-11,KOSPI,동결소멸,-0.7,33100.0,0.0,,0.0,8,435960100,0
000726,1996-12,KOSPI,동결소멸,-0.7,18000.0,-0.027,,-0.027,6,62164224000,0
004520,1996-12,KOSDAQ,동결소멸,-0.7,5100.0,,,0.0,6,5610000000,0
005114,1996-12,KOSPI,동결소멸,-0.7,35600.0,0.0,,-0.0607,10,3494068800,0
005117,1996-12,KOSPI,동결소멸,-0.7,38500.0,0.0,,0.0,7,2619963500,0
005386,1996-12,KOSPI,동결소멸,-0.7,15500.0,0.0,,0.0,7,60546875000,0
005664,1996-12,KOSPI,동결소멸,-0.7,18500.0,0.0,,0.0,8,13116500,0
008430,1996-12,KOSDAQ,동결소멸,-0.7,8100.0,,,0.0,6,972000000,0
008680,1996-12,KOSDAQ,동결소멸,-0.7,4000.0,,,0.0,6,1200000000,0
008691,1996-12,KOSPI,동결소멸,-0.7,11900.0,0.0,,0.0,7,24040820300,0
009011,1996-12,KOSDAQ,동결소멸,-0.7,10900.0,,,0.0,4,1025995200,0
009731,1996-12,KOSDAQ,동결소멸,-0.7,10200.0,,,0.0,5,1122020400,0
009950,1996-12,KOSDAQ,동결소멸,-0.7,5900.0,,,0.0,6,708000000,0
011520,1996-12,KOSDAQ,동결소멸,-0.7,5600.0,,,0.0,6,4796680000,0
013210,1996-12,KOSDAQ,동결소멸,-0.7,5300.0,,,0.0,6,21200000000,0
015180,1996-12,KOSDAQ,동결소멸,-0.7,5000.0,,,0.0,6,650000000,0
015531,1996-12,KOSDAQ,동결소멸,-0.7,19100.0,,,0.0,5,87860000,0
016310,1996-12,KOSDAQ,동결소멸,-0.7,8000.0,,,0.0,6,3200000000,0
017091,1996-12,KOSDAQ,동결소멸,-0.7,15500.0,,,0.0,5,155000000,0
017092,1996-12,KOSDAQ,동결소멸,-0.7,15500.0,,,0.0,5,790500000,0
017093,1996-12,KOSDAQ,동결소멸,-0.7,15500.0,,,0.0,4,837000000,0
017094,1996-12,KOSDAQ,동결소멸,-0.7,15500.0,,,0.0,4,1255500000,0
017410,1996-12,KOSDAQ,동결소멸,-0.7,6300.0,,,0.0,6,9702000000,0
017674,1996-12,KOSPI,동결소멸,-0.7,642000.0,0.0,,0.0,11,5136000,0
018230,1996-12,KOSDAQ,동결소멸,-0.7,17000.0,,,0.0,6,5977625000,0
019460,1996-12,KOSDAQ,동결소멸,-0.7,17500.0,,,0.0,6,38500000000,0
020074,1996-12,KOSDAQ,동결소멸,-0.7,8500.0,,,0.0,4,510000000,0
020620,1996-12,KOSDAQ,동결소멸,-0.7,15000.0,,,0.0,6,1500000000,0
020625,1996-12,KOSDAQ,동결소멸,-0.7,13600.0,,,0.0,6,1224000000,0
021221,1996-12,KOSDAQ,동결소멸,-0.7,10100.0,,,0.0,6,5050000000,0
022130,1996-12,KOSDAQ,동결소멸,-0.7,17000.0,,,0.0,6,102000000000,0
023441,1996-12,KOSDAQ,동결소멸,-0.7,13000.0,,,0.0,6,1820000000,0
024871,1996-12,KOSDAQ,동결소멸,-0.7,9500.0,,,0.0,6,541500000,0
025951,1996-12,KOSDAQ,동결소멸,-0.7,22000.0,,,0.0,5,220000000,0
026962,1996-12,KOSDAQ,동결소멸,-0.7,19500.0,,,-0.1333,4,2730000000,0
027352,1996-12,KOSDAQ,동결소멸,-0.7,63900.0,,,0.0,5,6390000000,0
027353,1996-12,KOSDAQ,동결소멸,-0.7,61800.0,,,0.0,4,1236000000,0
027354,1996-12,KOSDAQ,동결소멸,-0.7,54300.0,,,0.0,5,2172000000,0
027711,1996-12,KOSDAQ,동결소멸,-0.7,21600.0,,,0.0,5,345600000,0
027712,1996-12,KOSDAQ,동결소멸,-0.7,21600.0,,,0.0,5,2160000000,0
027893,1996-12,KOSDAQ,동결소멸,-0.7,71100.0,,,0.0,6,4266000000,0
016391,1997-03,KOSPI,동결소멸,-0.7,16000.0,0.0811,,0.0,4,32000000000,0
009590,1997-07,KOSDAQ,동결소멸,-0.7,10100.0,0.0,-0.2681,-0.5,8,20200000000,0
014270,1997-07,KOSDAQ,동결소멸,-0.7,920.0,0.0,-0.8864,-0.8864,7,1564000000,0
019230,1997-07,KOSDAQ,동결소멸,-0.7,6200.0,0.0,-0.4918,-0.4918,8,4092000000,0
004791,1997-12,KOSDAQ,동결소멸,-0.7,13300.0,,,0.0,4,2660000000,0
005011,1997-12,KOSPI,동결소멸,-0.7,3600.0,0.1613,,0.0,6,674352000,0
008124,1997-12,KOSPI,동결소멸,-0.7,11600.0,0.0,0.352,0.0,9,15462800,0
008160,1997-12,KOSDAQ,동결소멸,-0.7,11900.0,0.0,-0.1119,-0.1119,7,22110200000,0
010671,1997-12,KOSDAQ,동결소멸,-0.7,8300.0,0.0375,,-0.0143,4,329427000,0
010672,1997-12,KOSDAQ,동결소멸,-0.7,7400.0,0.0709,,0.0,4,1332000000,0
012224,1997-12,KOSPI,동결소멸,-0.7,6680.0,0.0,,0.0,10,117708280,0
019931,1997-12,KOSDAQ,동결소멸,-0.7,62100.0,-0.2589,3.968,-0.2589,4,6767037000,0
026151,1997-12,KOSDAQ,동결소멸,-0.7,19600.0,,,0.0,5,2744000000,0
026921,1997-12,KOSDAQ,동결소멸,-0.7,16600.0,,,0.0,5,6640000000,0
028081,1997-12,KOSDAQ,동결소멸,-0.7,51500.0,-0.4432,,-0.5402,4,2370000000,0
030421,1997-12,KOSDAQ,동결소멸,-0.7,19600.0,,,-0.5196,4,1568000000,0
031314,1997-12,KOSDAQ,동결소멸,-0.7,36000.0,,,0.0,6,14400000000,0
032612,1997-12,KOSDAQ,동결소멸,-0.7,28400.0,0.0,,0.0,8,2610528000,0
008264,1998-03,KOSPI,동결소멸,-0.7,960.0,-0.9026,,-0.9026,4,124131840,0
011770,1998-04,KOSDAQ,동결소멸,-0.7,9800.0,0.0,0.0,0.0,13,1960000000,0
018840,1998-04,KOSDAQ,동결소멸,-0.7,12700.0,0.0,-0.0593,-0.0593,10,1524000000,0
021220,1998-04,KOSDAQ,동결소멸,-0.7,16500.0,0.0,0.0,0.0,13,31163797500,0
027450,1998-04,KOSDAQ,동결소멸,-0.7,4410.0,-0.1519,-0.1519,-0.1519,4,17640000000,0
005671,1998-06,KOSDAQ,동결소멸,-0.7,4200.0,-0.2364,,-0.7572,5,197484000,0
005672,1998-06,KOSDAQ,동결소멸,-0.7,7130.0,,,0.0,6,719987400,0
016925,1998-07,KOSDAQ,동결소멸,-0.7,23400.0,0.0,0.2381,0.0,7,1404000000,0
002190,1998-08,KOSDAQ,동결소멸,-0.7,2160.0,0.0,-0.5592,-0.5592,9,1728000000,0
006520,1998-08,KOSDAQ,동결소멸,-0.7,390.0,0.0,0.0541,0.0,9,990600000,0
006860,1998-08,KOSDAQ,동결소멸,-0.7,10800.0,-0.3647,-0.597,-0.597,5,648000000,0
007140,1998-08,KOSDAQ,동결소멸,-0.7,9500.0,-0.181,-0.2017,-0.2017,5,7343500000,0
008960,1998-08,KOSDAQ,동결소멸,-0.7,57400.0,0.0,-0.2148,-0.2148,11,5740000000,0
012360,1998-08,KOSDAQ,동결소멸,-0.7,5460.0,0.0,-0.2816,-0.2816,8,709800000,0
014665,1998-08,KOSDAQ,동결소멸,-0.7,7920.0,-0.0791,-0.0791,-0.0791,5,475200000,0
019530,1998-08,KOSDAQ,동결소멸,-0.7,2160.0,0.0,-0.477,-0.477,8,4320000000,0
019730,1998-08,KOSDAQ,동결소멸,-0.7,1100.0,-0.1667,-0.2308,-0.2308,4,1210000000,0
020100,1998-08,KOSDAQ,동결소멸,-0.7,7960.0,0.0,0.0,0.0,13,4776000000,0
023920,1998-08,KOSDAQ,동결소멸,-0.7,6300.0,0.0,0.1667,0.0,11,2550240000,0
024860,1998-08,KOSDAQ,동결소멸,-0.7,8700.0,0.0,0.0,0.0,13,23490000000,0
000330,1998-10,KOSPI,동결소멸,-0.7,5500.0,-0.2839,-0.2667,-0.3969,4,16500000000,0
015535,1998-10,KOSDAQ,동결소멸,-0.7,3720.0,0.0,-0.2034,-0.2034,10,314712000,0
025940,1998-11,KOSDAQ,동결소멸,-0.7,4120.0,0.2189,-0.5089,-0.5089,5,2892240000,0
007531,1998-12,KOSDAQ,동결소멸,-0.7,2700.0,,,0.0,6,1350000000,0
008860,1998-12,KOSDAQ,동결소멸,-0.7,43800.0,0.0,0.0788,0.0,10,2628000000,0
026900,1998-12,KOSDAQ,동결소멸,-0.7,14000.0,-0.4928,-0.125,-0.7125,4,2660000000,0
029471,1998-12,KOSDAQ,동결소멸,-0.7,30000.0,-0.4286,,-0.4828,5,6750000,0
000870,1999-01,KOSDAQ,동결소멸,-0.7,42150.0,1.0866,-0.6024,-0.6024,5,37597800000,0
002455,1999-01,KOSPI,동결소멸,-0.7,6000.0,0.0,0.0,0.0,13,6222000,0
008580,1999-02,KOSDAQ,동결소멸,-0.7,30000.0,-0.2308,-0.2063,-0.3182,4,49827840000,0
025220,1999-03,KOSDAQ,동결소멸,-0.7,9430.0,0.0,0.0,0.0,13,17841560000,0
026920,1999-03,KOSDAQ,동결소멸,-0.7,1010.0,0.0,0.0,0.0,13,606000000,0
007240,1999-05,KOSPI,동결소멸,-0.7,1240.0,-0.5373,0.8507,-0.5407,4,6200000000,0
007091,2000-05,KOSDAQ,동결소멸,-0.7,14700.0,1.6203,-0.5067,-0.5258,4,14994000000,0
007365,2000-07,KOSPI,동결소멸,-0.7,31900.0,0.519,,0.0,5,182850800000,0
034607,2000-11,KOSDAQ,동결소멸,-0.7,113500.0,0.0,,0.0,12,0,0
022875,2001-01,KOSDAQ,동결소멸,-0.7,1001000.0,0.0,2.8649,0.0,11,44044000000000,0
008990,2001-02,KOSPI,동결소멸,-0.7,170.0,-0.7344,-0.9351,-0.9351,5,1700000,0
011260,2001-02,KOSPI,동결소멸,-0.7,180.0,-0.7517,-0.9655,-0.9655,5,1800000,0
012710,2001-02,KOSPI,동결소멸,-0.7,145.0,-0.463,-0.9132,-0.9268,5,1450000,0
024960,2001-02,KOSPI,동결소멸,-0.7,420.0,0.0,-0.7308,-0.7308,7,14422800000,0
000147,2001-07,KOSPI,동결소멸,-0.7,54300.0,-0.4155,-0.4155,-0.4155,6,322466740200,0
022870,2001-07,KOSDAQ,동결소멸,-0.7,430.0,0.0,-0.5057,-0.5743,8,23478000000,0
004945,2001-08,KOSPI,동결소멸,-0.7,131500.0,0.0,1.2949,0.0,8,3419000000000,0
048660,2001-08,KOSDAQ,동결소멸,-0.7,122000.0,0.0,,0.0,7,488000000000,0
015585,2001-09,KOSPI,동결소멸,-0.7,44150.0,0.0,0.0,0.0,13,2582775000000,0
027465,2001-11,KOSPI,동결소멸,-0.7,53200.0,0.0,0.0,0.0,13,630952000000,0
004295,2002-01,KOSPI,동결소멸,-0.7,93200.0,0.0,0.0,0.0,13,87048800,0
006295,2002-04,KOSPI,동결소멸,-0.7,230500.0,0.0,0.0,0.0,13,11755500,0
052520,2002-04,KOSDAQ,동결소멸,-0.7,10500.0,0.0048,0.0892,0.0,4,52421250000,0
058910,2002-07,KOSDAQ,동결소멸,-0.7,5350.0,0.019,,0.0,4,35952000000,0
063680,2002-08,KOSDAQ,동결소멸,-0.7,14000.0,0.25,,0.0,6,57120000000,0
005770,2003-04,KOSPI,동결소멸,-0.7,500.0,0.0,0.0,0.0,13,17040258500,0
006610,2003-04,KOSPI,동결소멸,-0.7,525.0,0.0,0.0,0.0,13,27195022575,0
001980,2004-05,KOSPI,동결소멸,-0.7,130.0,-0.4902,-0.8547,-0.8774,6,17457237590,0
012760,2004-07,KOSPI,동결소멸,-0.7,235.0,0.0,-0.7418,-0.7418,7,16958497230,0
046000,2004-08,KOSDAQ,동결소멸,-0.7,1280.0,0.0,-0.4088,-0.4088,9,18904833280,0
037500,2005-02,KOSDAQ,동결소멸,-0.7,5420.0,0.1016,0.0423,0.0,4,10124560000,0
000110,2005-04,KOSPI,동결소멸,-0.7,2645.0,0.0,0.0,0.0,13,846400000000,0
042950,2005-06,KOSDAQ,동결소멸,-0.7,4990.0,0.1471,0.2795,0.0,5,33140586000,0
000805,2006-04,KOSPI,동결소멸,-0.7,28850.0,0.0,4.0,0.0,8,17540800000,0
012655,2006-06,KOSDAQ,동결소멸,-0.7,596000.0,0.0,0.0,0.0,13,272370212000,0
001265,2007-06,KOSPI,동결소멸,-0.7,15200.0,0.0,0.0,0.0,13,506661600,0
004145,2007-06,KOSPI,동결소멸,-0.7,18450.0,0.0,0.0,0.0,13,5394743100,0
048270,2009-04,KOSDAQ,동결소멸,-0.7,105.0,-0.6769,-0.984,-0.9855,4,3224962860,0
004147,2010-06,KOSPI,동결소멸,-0.7,8200.0,0.0,0.0,0.0,13,6844704000,0
004149,2011-01,KOSPI,동결소멸,-0.7,8200.0,0.0,0.0,0.0,13,11781596000,0
071955,2011-05,KOSPI,동결소멸,-0.7,9230.0,0.0,0.0,0.0,13,20065216990,0
101790,2012-04,KOSPI,동결소멸,-0.7,5350.0,0.0,0.0,0.0,13,26750000000,0
900010,2013-06,KOSDAQ,동결소멸,-0.7,1200.0,0.3873,0.5209,0.0,4,72228213600,0
001385,2013-12,KOSPI,동결소멸,-0.7,1575000.0,0.0,0.0,0.0,13,173250000,0
00341A,2014-01,KOSPI,동결소멸,-0.7,62100.0,0.0,0.0,0.0,13,77625000000,0
00341D,2014-01,KOSPI,동결소멸,-0.7,8000.0,0.0,0.0,0.0,13,31280400000,0
002797,2014-08,KOSPI,동결소멸,-0.7,553000.0,0.0,0.0,0.0,13,147496160000,0
002250,2019-05,KOSPI,동결소멸,-0.7,28700.0,0.0088,0.0513,0.0,4,340322361400,0
149940,2020-07,KOSDAQ,동결소멸,-0.7,155.0,0.0,0.0,0.0,13,3279863395,0
144620,2021-11,KOSPI,동결소멸,-0.7,3075.0,0.0567,-0.0821,-0.0821,4,211125302625,0
058220,2024-05,KOSDAQ,동결소멸,-0.7,275.0,0.0,0.0,0.0,13,10717917100,0
058530,2024-06,KOSDAQ,동결소멸,-0.7,1620.0,0.0,0.0,0.0,13,32527053360,0
119860,2024-09,KOSDAQ,동결소멸,-0.7,18000.0,0.3129,0.7875,0.0,4,811186632000,0
005321,1996-12,KOSDAQ;KOSPI,시장이전,0.0,18000.0,,,-0.6095,1,2037600000,0
025541,1996-12,KOSDAQ;KOSPI,시장이전,0.0,106000.0,-0.2148,,-0.5289,1,3816000000,0
025561,1996-12,KOSDAQ;KOSPI,시장이전,0.0,249000.0,0.2835,,-0.2886,1,24900000000,0
007801,1997-06,KOSDAQ;KOSPI,시장이전,0.0,9000.0,0.0297,,-0.25,1,1106816120,0
013201,1997-12,KOSDAQ;KOSPI,시장이전,0.0,1880.0,-0.8607,-0.8721,-0.8738,1,5543942430,0
021310,1999-02,KOSDAQ;KOSPI,시장이전,0.0,10.0,-0.988,-0.9949,-0.9949,1,1600000000,0
021600,1999-02,KOSDAQ;KOSPI,시장이전,0.0,5.0,-0.9444,-0.9965,-0.9969,1,400000000,0
021610,1999-02,KOSDAQ;KOSPI,시장이전,0.0,5.0,-0.9655,-0.9982,-0.9984,1,600000000,0
018570,2002-05,KOSDAQ;KOSPI,시장이전,0.0,980.0,0.6066,0.1667,-0.4556,1,2096118000,0
013250,2002-10,KOSDAQ;KOSPI,시장이전,0.0,5.0,-0.9796,-0.9969,-0.9983,1,147300000,0
018590,2004-01,KOSDAQ;KOSPI,시장이전,0.0,5.0,-0.9929,-0.9915,-0.9935,1,5209367655,0
019930,2004-02,KOSDAQ;KOSPI,시장이전,0.0,50.0,-0.75,-0.75,-0.75,1,6146941000,0
004510,2004-04,KOSDAQ;KOSPI,시장이전,0.0,15000.0,0.5823,1.7624,0.0,1,41655120000,0
025930,2007-04,KOSDAQ;KOSPI,시장이전,0.0,165.0,-0.9501,-0.9728,-0.9728,1,97438155090,0
013200,2009-05,KOSDAQ;KOSPI,시장이전,0.0,185.0,-0.4559,-0.9514,-0.9514,1,2343511700,0
032390,2009-06,KOSDAQ;KOSPI,시장이전,0.0,22750.0,-0.2755,-0.1889,-0.2755,2,4283235570250,0
024870,2010-04,KOSDAQ;KOSPI,시장이전,0.0,20.0,-0.9708,-0.9817,-0.9844,1,331589380,0
027840,2010-07,KOSDAQ;KOSPI,시장이전,0.0,5920.0,0.8616,0.7259,0.0,2,136550335200,0
013240,2011-04,KOSDAQ;KOSPI,시장이전,0.0,12.0,-0.9784,-0.9872,-0.9873,1,31701066816,0
014590,2011-05,KOSDAQ;KOSPI,시장이전,0.0,48.0,-0.9185,-0.7867,-0.9392,1,35533686841,0
024100,2011-10,KOSDAQ;KOSPI,시장이전,0.0,30.0,-0.9917,-0.9941,-0.9941,1,17232400000,0
022520,2012-01,KOSDAQ;KOSPI,시장이전,0.0,1230.0,-0.4698,-0.3457,-0.4698,2,100222294200,0
007800,2012-07,KOSDAQ;KOSPI,시장이전,0.0,10.0,-0.9953,-0.9967,-0.9967,1,25880315400,0
016560,2012-10,KOSDAQ;KOSPI,시장이전,0.0,12.0,-0.9911,-0.9928,-0.9928,1,83806920000,0
021960,2017-07,KOSDAQ;KOSPI,시장이전,0.0,30150.0,0.2357,0.2133,0.0,1,638316201600,0
030790,2024-05,KOSDAQ;KOSPI,시장이전,0.0,8.0,-0.9912,-0.9912,-0.9912,1,1614859020,0
034300,2025-02,KOSDAQ;KOSPI,시장이전,0.0,18160.0,0.4132,0.6258,0.0,2,140931660640,1
010600,2026-01,KOSDAQ;KOSPI,시장이전,0.0,11.0,-0.9798,-0.9798,-0.9798,1,49553256815,1
033180,2026-01,KOSDAQ;KOSPI,시장이전,0.0,316.0,-0.9405,-0.9523,-0.9881,1,138166306200,1
008541,1996-01,KOSPI,완만형,-0.3,51300.0,,,0.0,1,0,0
002010,1996-02,KOSPI,완만형,-0.3,19300.0,,,0.0,2,682633067700,0
002015,1996-02,KOSPI,완만형,-0.3,12300.0,,,0.0,2,10044364500,0
000021,1996-03,KOSPI,완만형,-0.3,22500.0,,,-0.0426,1,8362000000,0
002631,1996-03,KOSPI,완만형,-0.3,38500.0,,,-0.1501,1,8100000000,0
003091,1996-03,KOSPI,완만형,-0.3,32100.0,,,-0.0331,1,8395186800,0
003092,1996-03,KOSPI,완만형,-0.3,34000.0,,,0.0,1,10033432500,0
003967,1996-03,KOSPI,완만형,-0.3,14100.0,,,0.0,3,9263700,0
006371,1996-03,KOSPI,완만형,-0.3,16500.0,,,-0.1033,1,31644439600,0
006376,1996-03,KOSPI,완만형,-0.3,8560.0,,,0.0,3,3338400,0
009201,1996-03,KOSPI,완만형,-0.3,10100.0,,,-0.1721,1,9520000000,0
018501,1996-03,KOSPI,완만형,-0.3,17100.0,,,0.0,1,5040000000,0
005015,1996-04,KOSPI,완만형,-0.3,3100.0,,,-0.0578,2,56652500,0
008650,1996-04,KOSPI,완만형,-0.3,13900.0,,,-0.1871,2,8340000000,0
000071,1996-06,KOSPI,완만형,-0.3,22300.0,,,-0.223,1,45917080000,0
000076,1996-06,KOSPI,완만형,-0.3,11400.0,,,-0.1231,1,808947200,0
000901,1996-06,KOSPI,완만형,-0.3,14000.0,,,0.0,1,115614300,0
003941,1996-06,KOSPI,완만형,-0.3,69000.0,,,-0.047,1,34871532400,0
003946,1996-06,KOSPI,완만형,-0.3,24200.0,,,-0.2667,1,638992600,0
004061,1996-06,KOSPI,완만형,-0.3,9700.0,,,0.0,3,28091200,0
007191,1996-06,KOSPI,완만형,-0.3,5800.0,,,-0.1944,1,12852119700,0
007541,1996-06,KOSPI,완만형,-0.3,30500.0,,,0.0,1,2000000000,0
007560,1996-08,KOSDAQ,완만형,-0.3,3100.0,,,0.0,2,2170000000,0
011900,1996-08,KOSDAQ,완만형,-0.3,4600.0,,,0.0,2,2300000000,0
016430,1996-08,KOSPI,완만형,-0.3,5400.0,-0.2174,,-0.3208,3,29107080000,0
016435,1996-08,KOSPI,완만형,-0.3,3310.0,-0.1927,,-0.338,3,4263280000,0
018910,1996-08,KOSDAQ,완만형,-0.3,13400.0,,,-0.0563,1,22720000000,0
019380,1996-08,KOSPI,완만형,-0.3,4900.0,-0.1833,,-0.2741,3,16954000000,0
022020,1996-08,KOSDAQ,완만형,-0.3,4600.0,,,-0.3235,1,3128000000,0
025831,1996-08,KOSPI,완만형,-0.3,46500.0,-0.07,,-0.2965,1,46500000000,0
025832,1996-08,KOSPI,완만형,-0.3,46100.0,,,0.0,1,0,0
006201,1996-09,KOSPI,완만형,-0.3,18200.0,,,0.0,1,0,0
001610,1996-10,KOSPI,완만형,-0.3,6600.0,-0.237,,-0.237,3,14520000000,0
001615,1996-10,KOSPI,완만형,-0.3,3400.0,-0.32,,-0.32,3,2040000000,0
000091,1996-11,KOSPI,완만형,-0.3,30000.0,,,-0.1643,1,3000000000,0
000092,1996-11,KOSPI,완만형,-0.3,28400.0,,,-0.1886,1,11360000000,0
006341,1996-11,KOSPI,완만형,-0.3,15700.0,,,0.0,1,0,0
006344,1996-11,KOSPI,완만형,-0.3,15200.0,,,0.0,1,0,0
006510,1996-11,KOSPI,완만형,-0.3,9500.0,-0.1038,,-0.24,2,44102002000,0
006515,1996-11,KOSPI,완만형,-0.3,4020.0,-0.1762,,-0.4174,2,6928839840,0
007850,1996-11,KOSDAQ,완만형,-0.3,126500.0,,,0.0,1,102717342000,0
011721,1996-11,KOSPI,완만형,-0.3,27800.0,0.0692,,-0.0576,1,9468000000,0
015340,1996-11,KOSPI,완만형,-0.3,12100.0,-0.1232,,-0.2924,2,32930355700,0
000042,1996-12,KOSPI,완만형,-0.3,16000.0,,,0.0,2,209664000,0
000101,1996-12,KOSPI,완만형,-0.3,37000.0,-0.1294,,-0.2449,1,17464000000,0
000102,1996-12,KOSPI,완만형,-0.3,37000.0,-0.1232,,-0.2128,1,12964800000,0
000106,1996-12,KOSPI,완만형,-0.3,12800.0,-0.1523,,-0.3436,1,274828800,0
000241,1996-12,KOSPI,완만형,-0.3,33000.0,-0.0517,,-0.156,1,29333337000,0
000242,1996-12,KOSPI,완만형,-0.3,32800.0,-0.0209,,-0.1414,1,9002517600,0
000281,1996-12,KOSPI,완만형,-0.3,22800.0,-0.2645,,-0.2645,1,41021919600,0
000282,1996-12,KOSPI,완만형,-0.3,17200.0,,,-0.2,1,61700528000,0
000331,1996-12,KOSPI,완만형,-0.3,8700.0,-0.0333,,-0.2984,1,8700000000,0
000481,1996-12,KOSPI,완만형,-0.3,23900.0,,,-0.1871,1,14340000000,0
000501,1996-12,KOSPI,완만형,-0.3,12800.0,,,0.0,1,16640000000,0
000600,1996-12,KOSDAQ,완만형,-0.3,11700.0,,,0.0,3,1895400000,0
000661,1996-12,KOSPI,완만형,-0.3,20000.0,,,0.0,1,200000000000,0
000721,1996-12,KOSPI,완만형,-0.3,18600.0,,,-0.2017,1,67450537800,0
000791,1996-12,KOSPI,완만형,-0.3,10000.0,,,-0.2424,1,8121950000,0
000794,1996-12,KOSPI,완만형,-0.3,12600.0,,,0.0,1,77868000,0
000801,1996-12,KOSPI,완만형,-0.3,6700.0,-0.1728,,-0.3619,1,32556660100,0
000831,1996-12,KOSPI,완만형,-0.3,9900.0,,,-0.2385,1,67320000000,0
000881,1996-12,KOSPI,완만형,-0.3,9400.0,,,-0.1215,1,47000000000,0
000911,1996-12,KOSPI,완만형,-0.3,28000.0,,,0.0,1,2800000000,0
000912,1996-12,KOSPI,완만형,-0.3,22600.0,,,0.0,1,9040000000,0
000931,1996-12,KOSPI,완만형,-0.3,8600.0,,,-0.1224,1,17200000000,0
001371,1996-12,KOSPI,완만형,-0.3,6600.0,,,0.0,1,33000000000,0
001431,1996-12,KOSPI,완만형,-0.3,3690.0,-0.1439,,-0.2765,1,22140000000,0
001691,1996-12,KOSPI,완만형,-0.3,5510.0,-0.1536,,-0.328,1,5510000000,0
001741,1996-12,KOSPI,완만형,-0.3,11700.0,,,-0.093,1,45162000000,0
001791,1996-12,KOSPI,완만형,-0.3,31000.0,-0.0801,,-0.0909,1,7664161000,0
001821,1996-12,KOSPI,완만형,-0.3,29900.0,,,-0.3047,1,4421014000,0
001910,1996-12,KOSDAQ,완만형,-0.3,47300.0,,,0.0,1,23650000000,0
002021,1996-12,KOSPI,완만형,-0.3,14200.0,,,-0.1446,1,63048000000,0
002031,1996-12,KOSPI,완만형,-0.3,22800.0,,,0.0,1,3898800,0
002201,1996-12,KOSPI,완만형,-0.3,18500.0,-0.0263,,-0.1629,1,11100000000,0
002301,1996-12,KOSPI,완만형,-0.3,17600.0,,,0.0,1,4136000,0
002311,1996-12,KOSPI,완만형,-0.3,27600.0,,,0.0,1,38640000000,0
002471,1996-12,KOSPI,완만형,-0.3,3300.0,-0.2683,,-0.459,1,19800000000,0
002671,1996-12,KOSDAQ,완만형,-0.3,6800.0,,,-0.5,2,1632000000,0
002741,1996-12,KOSPI,완만형,-0.3,18900.0,-0.3127,,-0.3392,1,7603299900,0
002742,1996-12,KOSPI,완만형,-0.3,18600.0,,,-0.1014,1,34793773800,0
002746,1996-12,KOSPI,완만형,-0.3,9100.0,,,-0.0714,1,2568111000,0
002750,1996-12,KOSDAQ,완만형,-0.3,26000.0,,,0.0,1,4680000000,0
002951,1996-12,KOSPI,완만형,-0.3,6860.0,,,0.0,1,13720000000,0
003031,1996-12,KOSPI,완만형,-0.3,20000.0,-0.1228,,-0.2308,1,11428160000,0
003071,1996-12,KOSPI,완만형,-0.3,6650.0,,,-0.19,1,20567006950,0
003081,1996-12,KOSPI,완만형,-0.3,20100.0,,,0.0,1,4020000000,0
003082,1996-12,KOSPI,완만형,-0.3,20000.0,,,0.0,1,4000000000,0
003161,1996-12,KOSPI,완만형,-0.3,93000.0,,,-0.4946,1,30690000000,0
003291,1996-12,KOSPI,완만형,-0.3,15200.0,0.0133,,-0.2864,1,18240000000,0
003481,1996-12,KOSPI,완만형,-0.3,4950.0,-0.3812,,-0.4572,1,49500000000,0
003561,1996-12,KOSPI,완만형,-0.3,6270.0,,,-0.2163,1,13168197570,0
003701,1996-12,KOSDAQ,완만형,-0.3,28000.0,,,-0.0541,1,11200000000,0
003971,1996-12,KOSPI,완만형,-0.3,8360.0,,,0.0,1,116964760,0
004001,1996-12,KOSPI,완만형,-0.3,41000.0,,,-0.3663,1,61340100000,0
004021,1996-12,KOSPI,완만형,-0.3,13400.0,-0.3649,,-0.4174,1,67000000000,0
004151,1996-12,KOSPI,완만형,-0.3,22000.0,-0.127,,-0.2667,1,59400000000,0
004171,1996-12,KOSPI,완만형,-0.3,31000.0,-0.3861,,-0.4655,1,41540000000,0
004321,1996-12,KOSDAQ,완만형,-0.3,1990.0,,,-0.1708,2,11940000000,0
004431,1996-12,KOSPI,완만형,-0.3,32200.0,,,-0.2796,1,10432800000,0
004432,1996-12,KOSPI,완만형,-0.3,33100.0,,,-0.2266,1,13240000000,0
004511,1996-12,KOSPI,완만형,-0.3,53500.0,,,0.0,1,32100000000,0
004551,1996-12,KOSPI,완만형,-0.3,10000.0,0.0309,,-0.1304,1,160000000000,0
004691,1996-12,KOSPI,완만형,-0.3,61000.0,0.0517,,-0.0615,1,26840000000,0
004692,1996-12,KOSPI,완만형,-0.3,59500.0,0.0958,,-0.1339,1,13090000000,0
004711,1996-12,KOSPI,완만형,-0.3,15000.0,-0.1429,,-0.4643,1,23731500000,0
004871,1996-12,KOSPI,완만형,-0.3,18700.0,,,-0.252,1,11327338000,0
005061,1996-12,KOSPI,완만형,-0.3,8200.0,-0.0238,,-0.2545,1,10411933600,0
005111,1996-12,KOSPI,완만형,-0.3,26000.0,-0.1333,,-0.1875,1,26000000000,0
005322,1996-12,KOSPI,완만형,-0.3,17400.0,,,0.0,1,6264000000,0
005371,1996-12,KOSDAQ,완만형,-0.3,19700.0,,,0.0,1,7683000000,0
005411,1996-12,KOSPI,완만형,-0.3,30800.0,,,-0.0494,1,21205800000,0
005421,1996-12,KOSPI,완만형,-0.3,18400.0,,,0.0,1,2394042400,0
005561,1996-12,KOSPI,완만형,-0.3,11300.0,,,0.0,1,6918086000,0
005621,1996-12,KOSPI,완만형,-0.3,43200.0,-0.0609,,-0.2408,1,81241790400,0
005667,1996-12,KOSPI,완만형,-0.3,11800.0,-0.3757,,-0.3757,1,465958400,0
005871,1996-12,KOSPI,완만형,-0.3,30100.0,,,-0.1616,1,30100000000,0
005931,1996-12,KOSPI,완만형,-0.3,43400.0,-0.3271,,-0.5807,1,901313492800,0
005961,1996-12,KOSPI,완만형,-0.3,13900.0,,,0.0,3,9313000,0
006161,1996-12,KOSPI,완만형,-0.3,11100.0,,,-0.0902,1,16650000000,0
006281,1996-12,KOSPI,완만형,-0.3,13000.0,,,-0.3367,1,15379000000,0
006401,1996-12,KOSPI,완만형,-0.3,47900.0,-0.1291,,-0.1611,1,106817000000,0
007021,1996-12,KOSDAQ,완만형,-0.3,90600.0,,,0.0,2,18120000000,0
007022,1996-12,KOSDAQ,완만형,-0.3,45100.0,,,-0.3914,1,18040000000,0
007111,1996-12,KOSPI,완만형,-0.3,12300.0,0.0603,,-0.259,1,14268000000,0
007161,1996-12,KOSPI,완만형,-0.3,6140.0,-0.0016,,-0.242,1,9824000000,0
007361,1996-12,KOSPI,완만형,-0.3,11700.0,,,-0.0859,1,57344414400,0
007362,1996-12,KOSPI,완만형,-0.3,11100.0,,,0.0,2,714751400000,0
007911,1996-12,KOSPI,완만형,-0.3,20000.0,,,0.0,1,8846400000,0
007981,1996-12,KOSPI,완만형,-0.3,14300.0,,,-0.2056,1,2459600000,0
008191,1996-12,KOSPI,완만형,-0.3,27300.0,,,0.0,3,30576000000,0
008321,1996-12,KOSPI,완만형,-0.3,10400.0,,,-0.329,1,5191680000,0
008330,1996-12,KOSDAQ,완만형,-0.3,20800.0,,,0.0,1,4160000000,0
008581,1996-12,KOSDAQ,완만형,-0.3,18200.0,,,0.0,1,5605600000,0
008891,1996-12,KOSPI,완만형,-0.3,6600.0,,,-0.1165,1,42768000000,0
008971,1996-12,KOSPI,완만형,-0.3,20000.0,,,-0.0244,1,21727360000,0
009141,1996-12,KOSPI,완만형,-0.3,39400.0,,,-0.0272,1,13300888400,0
009151,1996-12,KOSPI,완만형,-0.3,18700.0,-0.297,,-0.4672,1,114617386400,0
009156,1996-12,KOSPI,완만형,-0.3,10600.0,-0.2789,,-0.507,1,1986047800,0
009281,1996-12,KOSPI,완만형,-0.3,22000.0,,,-0.2667,1,12540000000,0
009441,1996-12,KOSPI,완만형,-0.3,42400.0,,,-0.285,1,8480000000,0
009651,1996-12,KOSPI,완만형,-0.3,20000.0,,,-0.2248,1,48000000000,0
009681,1996-12,KOSPI,완만형,-0.3,22300.0,,,-0.3573,1,28990000000,0
009691,1996-12,KOSPI,완만형,-0.3,13400.0,-0.0147,,-0.2757,1,5226000000,0
009692,1996-12,KOSPI,완만형,-0.3,13400.0,-0.1126,,-0.1126,1,11391688400,0
009831,1996-12,KOSPI,완만형,-0.3,6200.0,-0.225,,-0.4312,1,43400000000,0
010141,1996-12,KOSPI,완만형,-0.3,8510.0,-0.26,,-0.26,1,68080000000,0
010421,1996-12,KOSPI,완만형,-0.3,70000.0,-0.0437,,-0.0437,1,4679500000,0
010422,1996-12,KOSPI,완만형,-0.3,30100.0,,,-0.3794,1,15588519100,0
010521,1996-12,KOSPI,완만형,-0.3,6000.0,,,-0.1968,1,30000000000,0
010581,1996-12,KOSPI,완만형,-0.3,41000.0,,,0.0,1,14646225000,0
010601,1996-12,KOSDAQ,완만형,-0.3,17200.0,,,0.0,1,795121600,0
010602,1996-12,KOSDAQ,완만형,-0.3,16900.0,,,0.0,1,4713274800,0
010641,1996-12,KOSPI,완만형,-0.3,8400.0,-0.0769,,-0.1845,1,2100000000,0
010691,1996-12,KOSPI,완만형,-0.3,14200.0,,,-0.0533,1,9297364800,0
010781,1996-12,KOSPI,완만형,-0.3,22500.0,,,-0.1848,1,18000000000,0
011021,1996-12,KOSPI,완만형,-0.3,39400.0,0.0975,,0.0,1,5043200000,0
011022,1996-12,KOSPI,완만형,-0.3,35000.0,,,0.0,1,15769600000,0
011281,1996-12,KOSPI,완만형,-0.3,16400.0,,,-0.3387,1,13120000000,0
011301,1996-12,KOSPI,완만형,-0.3,9300.0,,,-0.0971,1,12085443000,0
011360,1996-12,KOSDAQ,완만형,-0.3,3300.0,,,-0.5769,3,2250600000,0
011651,1996-12,KOSPI,완만형,-0.3,59900.0,,,-0.4555,1,191680000000,0
011761,1996-12,KOSPI,완만형,-0.3,14000.0,-0.0789,,-0.2473,1,43758400000,0
011841,1996-12,KOSPI,완만형,-0.3,22000.0,,,-0.1093,1,18893160000,0
011860,1996-12,KOSDAQ,완만형,-0.3,220000.0,,,0.0,3,133848000000,0
011931,1996-12,KOSPI,완만형,-0.3,70000.0,,,-0.4574,1,22400000000,0
012091,1996-12,KOSPI,완만형,-0.3,8950.0,-0.3271,,-0.4226,1,17900000000,0
012201,1996-12,KOSPI,완만형,-0.3,14300.0,,,-0.1333,1,8580000000,0
012261,1996-12,KOSPI,완만형,-0.3,16500.0,,,0.0,1,6496875000,0
012451,1996-12,KOSPI,완만형,-0.3,10000.0,-0.2366,,-0.3333,1,115000000000,0
012601,1996-12,KOSPI,완만형,-0.3,35000.0,-0.3137,,-0.4648,1,6878900000,0
012631,1996-12,KOSPI,완만형,-0.3,14000.0,,,-0.1515,1,86800000000,0
012691,1996-12,KOSPI,완만형,-0.3,5100.0,0.0099,,-0.1068,1,8796480000,0
012751,1996-12,KOSPI,완만형,-0.3,139000.0,,,-0.3412,1,119428800000,0
012761,1996-12,KOSPI,완만형,-0.3,13100.0,-0.1088,,-0.1494,1,3930000000,0
012861,1996-12,KOSDAQ,완만형,-0.3,9300.0,,,-0.177,1,1488000000,0
013001,1996-12,KOSPI,완만형,-0.3,8840.0,,,0.0,1,3094000000,0
013034,1996-12,KOSDAQ,완만형,-0.3,18100.0,,,0.0,1,362000000,0
013041,1996-12,KOSPI,완만형,-0.3,8800.0,,,-0.0881,1,5280000000,0
013241,1996-12,KOSPI,완만형,-0.3,19000.0,,,-0.0547,1,5689968000,0
013571,1996-12,KOSPI,완만형,-0.3,24900.0,,,0.0,1,12015918300,0
013651,1996-12,KOSDAQ,완만형,-0.3,28600.0,,,-0.4392,1,14254240000,0
013721,1996-12,KOSDAQ,완만형,-0.3,10000.0,,,0.0,2,507360000,0
014081,1996-12,KOSPI,완만형,-0.3,10100.0,,,-0.2681,1,15831638900,0
014581,1996-12,KOSPI,완만형,-0.3,16800.0,,,-0.3086,1,7272316800,0
014681,1996-12,KOSPI,완만형,-0.3,19500.0,,,-0.1875,1,24667500000,0
014991,1996-12,KOSPI,완만형,-0.3,19900.0,0.0051,,-0.1708,1,19900000000,0
015361,1996-12,KOSPI,완만형,-0.3,35900.0,,,0.0,1,64620000000,0
015532,1996-12,KOSDAQ,완만형,-0.3,17000.0,,,0.0,3,26860000,0
015941,1996-12,KOSPI,완만형,-0.3,100000.0,,,-0.2366,1,113500000000,0
016161,1996-12,KOSPI,완만형,-0.3,21200.0,,,-0.3653,1,25538007600,0
016230,1996-12,KOSDAQ,완만형,-0.3,4310.0,,,-0.2817,1,6896000000,0
016511,1996-12,KOSPI,완만형,-0.3,10700.0,,,-0.3185,1,7357833600,0
016581,1996-12,KOSPI,완만형,-0.3,22900.0,,,-0.1192,1,11908000000,0
016801,1996-12,KOSPI,완만형,-0.3,44400.0,,,0.0,1,1776000000,0
016802,1996-12,KOSPI,완만형,-0.3,35000.0,,,0.0,1,32200000000,0
016831,1996-12,KOSPI,완만형,-0.3,10000.0,,,0.0,1,88000000000,0
017041,1996-12,KOSPI,완만형,-0.3,23500.0,,,-0.1667,2,415973500,0
017042,1996-12,KOSPI,완만형,-0.3,24000.0,,,-0.0204,1,1830792000,0
017043,1996-12,KOSPI,완만형,-0.3,26000.0,,,0.0,2,6536270000,0
017121,1996-12,KOSPI,완만형,-0.3,5500.0,-0.0517,,-0.2029,1,6320600000,0
017161,1996-12,KOSDAQ,완만형,-0.3,8740.0,,,0.0,1,96664400,0
017301,1996-12,KOSPI,완만형,-0.3,25000.0,,,-0.0909,1,6750000000,0
017302,1996-12,KOSPI,완만형,-0.3,24600.0,,,-0.0855,1,17712000000,0
017551,1996-12,KOSPI,완만형,-0.3,11400.0,,,-0.1094,1,13680000000,0
017891,1996-12,KOSDAQ,완만형,-0.3,99000.0,,,-0.3504,1,9900000000,0
017901,1996-12,KOSPI,완만형,-0.3,50000.0,,,-0.5215,1,25000000000,0
017961,1996-12,KOSPI,완만형,-0.3,96000.0,,,-0.107,1,25144800000,0
018121,1996-12,KOSDAQ,완만형,-0.3,22400.0,,,-0.1076,1,5824000000,0
018361,1996-12,KOSPI,완만형,-0.3,80000.0,,,-0.2982,1,48436400000,0
018366,1996-12,KOSPI,완만형,-0.3,37800.0,,,-0.241,1,1250991000,0
018411,1996-12,KOSPI,완만형,-0.3,7000.0,-0.0789,,-0.2152,1,9100000000,0
018571,1996-12,KOSPI,완만형,-0.3,10700.0,,,-0.1083,1,10700000000,0
018881,1996-12,KOSPI,완만형,-0.3,21700.0,,,-0.4244,1,69526800000,0
019011,1996-12,KOSDAQ,완만형,-0.3,25800.0,,,0.0,1,15480000000,0
019181,1996-12,KOSPI,완만형,-0.3,26700.0,,,-0.098,1,8010000000,0
019301,1996-12,KOSPI,완만형,-0.3,18100.0,,,-0.2232,1,13484500000,0
019492,1996-12,KOSDAQ,완만형,-0.3,30000.0,,,-0.3318,1,6000000000,0
020001,1996-12,KOSPI,완만형,-0.3,38000.0,,,-0.3091,1,16720000000,0
020121,1996-12,KOSPI,완만형,-0.3,33000.0,,,-0.5541,1,17820000000,0
021171,1996-12,KOSPI,완만형,-0.3,10800.0,,,-0.0092,1,41688000000,0
021660,1996-12,KOSDAQ,완만형,-0.3,5800.0,,,0.0,1,2204000000,0
023131,1996-12,KOSPI,완만형,-0.3,16000.0,,,0.0,1,206008576000,0
023151,1996-12,KOSPI,완만형,-0.3,16400.0,,,0.0,1,4264000000,0
023421,1996-12,KOSDAQ,완만형,-0.3,20000.0,,,0.0,1,6800000000,0
023442,1996-12,KOSDAQ,완만형,-0.3,22300.0,,,0.0,1,3122000000,0
023451,1996-12,KOSPI,완만형,-0.3,15700.0,,,0.0,1,4396000000,0
023591,1996-12,KOSDAQ,완만형,-0.3,47900.0,,,-0.1881,1,7662227700,0
023601,1996-12,KOSDAQ,완만형,-0.3,20000.0,,,-0.2883,1,2240000000,0
023811,1996-12,KOSDAQ,완만형,-0.3,13300.0,,,0.0,1,2044688800,0
024071,1996-12,KOSPI,완만형,-0.3,50000.0,,,0.0,1,13000000000,0
024741,1996-12,KOSDAQ,완만형,-0.3,32000.0,,,0.0,2,1373600000,0
024911,1996-12,KOSDAQ,완만형,-0.3,13600.0,,,0.0,3,816000000,0
024912,1996-12,KOSDAQ,완만형,-0.3,13000.0,,,0.0,2,1950000000,0
025151,1996-12,KOSDAQ,완만형,-0.3,8640.0,,,-0.46,1,8812800000,0
025542,1996-12,KOSPI,완만형,-0.3,95500.0,,,-0.2952,1,26740000000,0
025562,1996-12,KOSPI,완만형,-0.3,176000.0,,,0.0,1,66880000000,0
025891,1996-12,KOSDAQ,완만형,-0.3,37500.0,,,-0.2788,1,2250000000,0
025901,1996-12,KOSDAQ,완만형,-0.3,16000.0,,,0.0,2,13964800000,0
025931,1996-12,KOSDAQ,완만형,-0.3,105000.0,,,0.0,1,9240000000,0
025932,1996-12,KOSDAQ,완만형,-0.3,103500.0,,,0.0,1,10350000000,0
026261,1996-12,KOSDAQ,완만형,-0.3,73000.0,,,-0.0122,1,2920000000,0
026262,1996-12,KOSDAQ,완만형,-0.3,50800.0,,,-0.1533,1,3048000000,0
026263,1996-12,KOSDAQ,완만형,-0.3,68000.0,,,0.0,2,6800000000,0
026961,1996-12,KOSDAQ,완만형,-0.3,28700.0,,,-0.2948,2,11480000000,0
027351,1996-12,KOSDAQ,완만형,-0.3,65000.0,,,-0.0342,1,6500000000,0
027461,1996-12,KOSPI,완만형,-0.3,11800.0,-0.3757,,-0.4685,1,283200000000,0
027611,1996-12,KOSDAQ,완만형,-0.3,50500.0,,,0.0,3,5050000000,0
027612,1996-12,KOSDAQ,완만형,-0.3,50500.0,,,0.0,3,3535000000,0
027613,1996-12,KOSDAQ,완만형,-0.3,50000.0,,,-0.0099,2,2000000000,0
027614,1996-12,KOSDAQ,완만형,-0.3,47000.0,,,0.0,1,7755000000,0
027891,1996-12,KOSDAQ,완만형,-0.3,52000.0,,,-0.2239,1,31720000000,0
027892,1996-12,KOSDAQ,완만형,-0.3,44500.0,,,-0.3732,1,2225000000,0
027894,1996-12,KOSDAQ,완만형,-0.3,42000.0,,,-0.2193,1,1176000000,0
028051,1996-12,KOSPI,완만형,-0.3,46600.0,,,0.0,1,25164000000,0
028052,1996-12,KOSPI,완만형,-0.3,46900.0,,,0.0,1,87234000000,0
028091,1996-12,KOSDAQ,완만형,-0.3,15700.0,,,0.0,2,706500000,0
028092,1996-12,KOSDAQ,완만형,-0.3,15700.0,,,0.0,2,549500000,0
028301,1996-12,KOSDAQ,완만형,-0.3,70900.0,,,-0.0968,1,1418000000,0
028302,1996-12,KOSDAQ,완만형,-0.3,50000.0,,,0.0,1,9000000000,0
028303,1996-12,KOSDAQ,완만형,-0.3,51700.0,,,0.0,1,3619000000,0
028304,1996-12,KOSDAQ,완만형,-0.3,50500.0,,,0.0,1,1010000000,0
029461,1996-12,KOSDAQ,완만형,-0.3,144500.0,,,0.0,2,17340000000,0
029462,1996-12,KOSDAQ,완만형,-0.3,144000.0,,,0.0,2,5126400000,0
029463,1996-12,KOSDAQ,완만형,-0.3,143000.0,,,0.0,1,91634400000,0
029464,1996-12,KOSDAQ,완만형,-0.3,146000.0,,,0.0,2,2920000000,0
029472,1996-12,KOSDAQ,완만형,-0.3,61000.0,,,0.0,1,2562000000,0
029481,1996-12,KOSDAQ,완만형,-0.3,66000.0,,,-0.5742,1,13860000000,0
029531,1996-12,KOSPI,완만형,-0.3,52000.0,,,0.0,1,58240000000,0
029532,1996-12,KOSPI,완만형,-0.3,41000.0,,,0.0,1,118080000000,0
030211,1996-12,KOSPI,완만형,-0.3,22800.0,,,-0.0769,1,136800000000,0
030521,1996-12,KOSDAQ,완만형,-0.3,120000.0,,,0.0,2,3600000000,0
030522,1996-12,KOSDAQ,완만형,-0.3,62800.0,,,-0.3932,1,1884000000,0
030524,1996-12,KOSDAQ,완만형,-0.3,68000.0,,,-0.1088,1,6256000000,0
030531,1996-12,KOSDAQ,완만형,-0.3,138500.0,,,0.0,2,2033180000,0
030532,1996-12,KOSDAQ,완만형,-0.3,95000.0,,,-0.1915,1,16316820000,0
030721,1996-12,KOSPI,완만형,-0.3,12000.0,,,-0.0698,1,7200000000,0
003975,1997-01,KOSPI,완만형,-0.3,4320.0,-0.234,-0.3829,-0.424,1,4419995580,0
000306,1997-03,KOSPI,완만형,-0.3,7600.0,,,0.0,1,3155040000,0
001171,1997-03,KOSPI,완만형,-0.3,4510.0,-0.3501,,-0.3905,1,11760000000,0
001501,1997-03,KOSPI,완만형,-0.3,4270.0,-0.3821,,-0.3829,1,10160000000,0
003451,1997-03,KOSPI,완만형,-0.3,10000.0,-0.3056,,-0.3197,1,27120000000,0
003691,1997-03,KOSPI,완만형,-0.3,19400.0,-0.1101,,-0.224,1,45000000000,0
007571,1997-03,KOSPI,완만형,-0.3,18300.0,-0.268,,-0.268,1,11541584000,0
008811,1997-03,KOSPI,완만형,-0.3,9800.0,-0.2899,,-0.351,1,32010000000,0
008950,1997-03,KOSPI,완만형,-0.3,7000.0,-0.021,-0.2553,-0.3636,3,51341311000,0
010051,1997-03,KOSPI,완만형,-0.3,8000.0,-0.2793,,-0.4074,1,11713000000,0
010221,1997-03,KOSPI,완만형,-0.3,8800.0,-0.3759,,-0.3759,1,14640000000,0
010222,1997-03,KOSPI,완만형,-0.3,8800.0,,,-0.1456,1,16480000000,0
014391,1997-03,KOSPI,완만형,-0.3,22000.0,,,-0.5111,1,41500000000,0
014392,1997-03,KOSPI,완만형,-0.3,23900.0,,,0.0,1,0,0
014491,1997-03,KOSPI,완만형,-0.3,5310.0,,,-0.41,1,5390000000,0
014492,1997-03,KOSPI,완만형,-0.3,6260.0,,,0.0,2,18780000000,0
014981,1997-03,KOSPI,완만형,-0.3,31500.0,,,-0.1,1,35000000000,0
015081,1997-03,KOSPI,완만형,-0.3,4890.0,,,-0.3566,1,6400000000,0
016361,1997-03,KOSPI,완만형,-0.3,11900.0,-0.405,,-0.4167,1,31200000000,0
016501,1997-03,KOSPI,완만형,-0.3,8790.0,,,-0.2911,1,21200000000,0
016611,1997-03,KOSPI,완만형,-0.3,4150.0,,,-0.3994,1,11184000000,0
016691,1997-03,KOSPI,완만형,-0.3,6640.0,,,-0.2783,1,7450000000,0
016692,1997-03,KOSPI,완만형,-0.3,5770.0,,,-0.3659,1,612000000,0
017111,1997-03,KOSPI,완만형,-0.3,5130.0,,,0.0,1,0,0
027841,1997-03,KOSDAQ,완만형,-0.3,62700.0,-0.0354,,-0.164,2,23515258800,0
007802,1997-06,KOSPI,완만형,-0.3,7370.0,0.0166,,-0.049,1,7285000000,0
008051,1997-06,KOSDAQ,완만형,-0.3,5570.0,,,-0.0793,3,155386290,0
013251,1997-06,KOSPI,완만형,-0.3,14900.0,-0.0067,,-0.1989,1,12264080000,0
024101,1997-06,KOSPI,완만형,-0.3,11000.0,,,-0.2086,2,19360000000,0
031951,1997-06,KOSDAQ,완만형,-0.3,47000.0,,,0.0,1,19908000000,0
031958,1997-06,KOSDAQ,완만형,-0.3,14200.0,,,0.0,2,34506000,0
031971,1997-06,KOSDAQ,완만형,-0.3,26100.0,,,-0.2435,1,3640000000,0
031972,1997-06,KOSDAQ,완만형,-0.3,26100.0,,,-0.2521,1,20088000000,0
031974,1997-06,KOSDAQ,완만형,-0.3,27400.0,,,-0.2389,1,6624000000,0
000530,1997-07,KOSDAQ,완만형,-0.3,15900.0,0.0816,0.3361,0.0,1,17640000000,0
000550,1997-07,KOSDAQ,완만형,-0.3,54000.0,-0.3317,0.759,-0.4346,1,14544000000,0
003700,1997-07,KOSDAQ,완만형,-0.3,17000.0,-0.4218,-0.2827,-0.5526,1,18000000000,0
025910,1997-08,KOSDAQ,완만형,-0.3,16400.0,0.0186,-0.012,-0.1368,1,6308000000,0
004600,1997-10,KOSPI,완만형,-0.3,29500.0,-0.2133,-0.2474,-0.2474,2,52063960000,0
004605,1997-10,KOSPI,완만형,-0.3,6910.0,-0.3291,-0.4881,-0.4881,2,6235584000,0
002440,1997-11,KOSPI,완만형,-0.3,10800.0,-0.3684,-0.25,-0.4225,2,95240685600,0
002445,1997-11,KOSPI,완만형,-0.3,4830.0,-0.0436,-0.2333,-0.3645,2,5409600000,0
031957,1997-11,KOSDAQ,완만형,-0.3,30900.0,,,-0.0776,2,75087000,0
006891,1997-12,KOSDAQ,완만형,-0.3,16800.0,-0.4581,,-0.475,1,5270720000,0
006892,1997-12,KOSDAQ,완만형,-0.3,22600.0,,,-0.0776,1,1356000000,0
006893,1997-12,KOSDAQ,완만형,-0.3,22900.0,,,-0.0876,1,1978560000,0
007990,1997-12,KOSDAQ,완만형,-0.3,4500.0,-0.3562,-0.3571,-0.4048,2,13500000000,0
008410,1997-12,KOSDAQ,완만형,-0.3,12400.0,0.0333,-0.3261,-0.4259,3,15872000000,0
009781,1997-12,KOSDAQ,완만형,-0.3,33400.0,,,0.0,2,2004000000,0
010041,1997-12,KOSDAQ,완만형,-0.3,40300.0,,,-0.0049,1,2418000000,0
012461,1997-12,KOSDAQ,완만형,-0.3,63000.0,0.0678,,0.0,2,5040000000,0
013782,1997-12,KOSDAQ,완만형,-0.3,20000.0,,,0.0,3,800000000,0
017214,1997-12,KOSDAQ,완만형,-0.3,24400.0,,,0.0,1,1464000000,0
017941,1997-12,KOSPI,완만형,-0.3,9720.0,,,-0.5437,1,18746000000,0
024092,1997-12,KOSDAQ,완만형,-0.3,69500.0,,,0.0,2,4170000000,0
024820,1997-12,KOSDAQ,완만형,-0.3,12300.0,-0.0081,0.1827,-0.0081,2,24600000000,0
032581,1997-12,KOSDAQ,완만형,-0.3,55000.0,-0.0351,,-0.2017,3,2695000000,0
033334,1997-12,KOSDAQ,완만형,-0.3,18100.0,,,0.0,2,852148000,0
016620,1998-02,KOSDAQ,완만형,-0.3,7880.0,-0.2275,-0.3795,-0.5786,1,10100000000,0
000301,1998-03,KOSPI,완만형,-0.3,4800.0,-0.4217,,-0.4217,1,7734024480,0
005650,1998-03,KOSDAQ,완만형,-0.3,32600.0,0.0516,-0.185,-0.185,3,39120000000,0
025960,1998-03,KOSDAQ,완만형,-0.3,23000.0,0.0222,0.1005,0.0,3,17618000000,0
002935,1998-04,KOSPI,완만형,-0.3,690.0,-0.2959,-0.303,-0.31,2,208656000,0
010920,1998-04,KOSDAQ,완만형,-0.3,2500.0,-0.0809,-0.3421,-0.3421,2,1661925000,0
021091,1998-06,KOSDAQ,완만형,-0.3,5000.0,,,0.0,1,971910000,0
011920,1998-07,KOSDAQ,완만형,-0.3,11000.0,-0.0179,0.8333,-0.2994,2,10077056000,0
013035,1998-08,KOSDAQ,완만형,-0.3,8420.0,-0.4497,-0.4738,-0.4834,3,218920000,0
006921,1998-12,KOSDAQ,완만형,-0.3,7000.0,-0.0141,,-0.0141,1,644000000,0
009221,1998-12,KOSDAQ,완만형,-0.3,3080.0,,,0.0,1,1416800000,0
013031,1998-12,KOSDAQ,완만형,-0.3,33000.0,,,0.0,1,1980000000,0
016451,1998-12,KOSDAQ,완만형,-0.3,24700.0,0.0739,,-0.0198,2,19954981800,0
019641,1998-12,KOSDAQ,완만형,-0.3,20000.0,-0.4444,1.2989,-0.4444,1,225000000,0
019642,1998-12,KOSDAQ,완만형,-0.3,20000.0,,,0.0,1,1606500000,0
025551,1998-12,KOSDAQ,완만형,-0.3,7300.0,-0.5101,,-0.535,1,1127412000,0
026251,1998-12,KOSDAQ,완만형,-0.3,18800.0,-0.4543,,-0.4543,3,2068000000,0
032941,1998-12,KOSDAQ,완만형,-0.3,42000.0,,,0.0,3,7358400000,0
033041,1998-12,KOSDAQ,완만형,-0.3,5450.0,0.09,,-0.0405,1,659450000,0
021931,1999-03,KOSDAQ,완만형,-0.3,1800.0,,,0.0,2,7200000000,0
002257,1999-04,KOSPI,완만형,-0.3,5940.0,,,0.0,3,2749008240,0
006302,1999-06,KOSDAQ,완만형,-0.3,9280.0,,,0.0,1,0,0
021574,1999-06,KOSDAQ,완만형,-0.3,7200.0,,,0.0,1,0,0
011180,1999-07,KOSPI,완만형,-0.3,3335.0,0.0793,4.8,0.0,2,13340000000,0
015730,1999-07,KOSPI,완만형,-0.3,5000.0,-0.0196,0.4006,-0.1135,2,52299730000,0
018380,1999-07,KOSDAQ,완만형,-0.3,2940.0,-0.412,-0.412,-0.475,1,2700000000,0
031090,1999-07,KOSDAQ,완만형,-0.3,2870.0,0.0141,0.0141,-0.2006,1,4774700000,0
001160,1999-08,KOSPI,완만형,-0.3,5000.0,-0.187,0.6556,-0.3976,2,12850000000,0
006911,1999-09,KOSDAQ,완만형,-0.3,11900.0,,,0.0,1,1232000000,0
003860,1999-10,KOSDAQ,완만형,-0.3,55000.0,-0.1379,2.2738,-0.3056,1,36140500000,0
008810,1999-10,KOSPI,완만형,-0.3,2700.0,-0.4351,-0.1589,-0.4351,2,415800000000,0
012910,1999-10,KOSPI,완만형,-0.3,1200.0,-0.1946,-0.3333,-0.375,1,6591228120,0
023135,1999-10,KOSPI,완만형,-0.3,15000.0,,,0.0,1,160000000000,0
007391,1999-12,KOSDAQ,완만형,-0.3,23500.0,,,0.0,1,9242550000,0
008371,1999-12,KOSDAQ,완만형,-0.3,14200.0,,,0.0,1,3550000000,0
015054,1999-12,KOSDAQ,완만형,-0.3,6440.0,,,0.0,1,2181575760,0
032421,1999-12,KOSDAQ,완만형,-0.3,34100.0,-0.2791,-0.2791,-0.2791,1,263047400000,0
032624,1999-12,KOSDAQ,완만형,-0.3,112500.0,,,0.0,1,156249000000,0
034121,1999-12,KOSDAQ,완만형,-0.3,55000.0,-0.0756,,-0.0954,1,291500000000,0
034160,1999-12,KOSDAQ,완만형,-0.3,8700.0,-0.0057,,-0.0114,1,85957763000,0
034170,1999-12,KOSDAQ,완만형,-0.3,8430.0,0.0144,,0.0,1,83649118100,0
034180,1999-12,KOSPI,완만형,-0.3,6020.0,0.075,,0.0,1,126982055000,0
034200,1999-12,KOSPI,완만형,-0.3,8330.0,0.0544,,0.0,1,162851568000,0
034260,2000-01,KOSDAQ,완만형,-0.3,7130.0,0.0819,,0.0,2,100612000400,0
034290,2000-01,KOSDAQ,완만형,-0.3,9010.0,0.0726,,0.0,2,87409614000,0
034320,2000-01,KOSDAQ,완만형,-0.3,7350.0,0.0652,,0.0,2,70527858450,0
034350,2000-01,KOSDAQ,완만형,-0.3,8550.0,0.0427,,0.0,2,55020105000,0
034440,2000-01,KOSDAQ,완만형,-0.3,5500.0,0.0891,,0.0,1,20237175000,0
034450,2000-01,KOSDAQ,완만형,-0.3,6700.0,0.0984,,0.0,1,14720640000,0
034470,2000-01,KOSDAQ,완만형,-0.3,7850.0,0.0608,,0.0,1,68275490600,0
034560,2000-01,KOSDAQ,완만형,-0.3,6670.0,0.0934,,0.0,2,11469065000,0
005795,2000-02,KOSPI,완만형,-0.3,3250.0,-0.0441,0.383,-0.0441,3,12109376500,0
005797,2000-02,KOSPI,완만형,-0.3,7490.0,-0.3732,2.1872,-0.3732,3,4360161190,0
034770,2000-02,KOSPI,완만형,-0.3,11850.0,0.058,,-0.0405,1,245382260000,0
022061,2000-03,KOSDAQ,완만형,-0.3,6150.0,,,-0.2389,1,64500000000,0
034840,2000-03,KOSPI,완만형,-0.3,6100.0,0.0463,,0.0,1,157452455000,0
000905,2000-04,KOSPI,완만형,-0.3,1610.0,-0.356,-0.1786,-0.4371,2,2895420780,0
007840,2000-04,KOSDAQ,완만형,-0.3,78400.0,-0.1171,4.8947,-0.4593,1,52034400000,0
010110,2000-04,KOSPI,완만형,-0.3,63700.0,-0.2037,-0.2232,-0.3875,2,254800000000,0
034570,2000-04,KOSDAQ,완만형,-0.3,4970.0,-0.035,,-0.2061,2,79519006000,0
007100,2000-05,KOSPI,완만형,-0.3,10000.0,-0.4737,-0.4413,-0.5951,1,15525000000,0
018550,2000-05,KOSPI,완만형,-0.3,8350.0,0.0424,-0.0597,-0.3099,2,108550000000,0
035050,2000-05,KOSPI,완만형,-0.3,4455.0,0.0011,,-0.1265,1,76492866600,0
035160,2000-05,KOSDAQ,완만형,-0.3,4560.0,0.0364,,-0.1059,1,23190677500,0
035340,2000-05,KOSPI,완만형,-0.3,3620.0,-0.0927,,-0.1956,1,106974817200,0
007641,2000-06,KOSDAQ,완만형,-0.3,40450.0,,,0.0,1,6017500000,0
025451,2000-06,KOSDAQ,완만형,-0.3,41200.0,,,0.0,1,24065764800,0
035300,2000-06,KOSDAQ,완만형,-0.3,4500.0,-0.0426,,-0.0816,2,75875850000,0
035320,2000-06,KOSDAQ,완만형,-0.3,5350.0,0.019,,0.0,2,34956900000,0
035330,2000-06,KOSDAQ,완만형,-0.3,4300.0,-0.1224,,-0.1224,2,140203650000,0
035590,2000-06,KOSPI,완만형,-0.3,4150.0,-0.1263,,-0.1263,1,194419440000,0
034330,2000-07,KOSDAQ,완만형,-0.3,3730.0,-0.2261,,-0.254,2,131582725100,0
034340,2000-07,KOSDAQ,완만형,-0.3,3660.0,-0.183,,-0.3222,2,96578359800,0
035410,2000-07,KOSDAQ,완만형,-0.3,3440.0,-0.181,,-0.2182,3,28274529600,0
035470,2000-07,KOSDAQ,완만형,-0.3,4150.0,-0.1461,,-0.1461,2,247359505000,0
035520,2000-07,KOSDAQ,완만형,-0.3,4100.0,-0.0024,,-0.0889,1,70794690400,0
035530,2000-07,KOSDAQ,완만형,-0.3,3970.0,-0.1729,,-0.286,2,5655741400,0
035540,2000-07,KOSDAQ,완만형,-0.3,3740.0,-0.178,,-0.252,1,71755129000,0
035670,2000-07,KOSDAQ,완만형,-0.3,3670.0,-0.0938,,-0.0938,2,42980067300,0
035680,2000-07,KOSDAQ,완만형,-0.3,3140.0,-0.2415,,-0.3022,2,41028841400,0
035700,2000-07,KOSDAQ,완만형,-0.3,5010.0,-0.0347,,-0.0807,1,58406580000,0
035880,2000-07,KOSDAQ,완만형,-0.3,4580.0,0.0505,,-0.0984,1,23115000000,0
015265,2000-08,KOSPI,완만형,-0.3,31450.0,-0.0172,1.279,-0.0172,1,12075168000,0
035790,2000-08,KOSDAQ,완만형,-0.3,3720.0,-0.1247,,-0.2846,2,18667704000,0
035820,2000-08,KOSDAQ,완만형,-0.3,5410.0,0.0734,,-0.0018,1,92820210000,0
035860,2000-08,KOSDAQ,완만형,-0.3,4670.0,-0.0189,,-0.1352,1,30929052000,0
035940,2000-08,KOSDAQ,완만형,-0.3,8310.0,0.0134,,-0.258,2,6980400000,0
036040,2000-08,KOSDAQ,완만형,-0.3,6600.0,0.056,,0.0,2,43536900000,0
036330,2000-08,KOSDAQ,완만형,-0.3,4240.0,-0.0578,,-0.1686,1,41780602500,0
036390,2000-08,KOSPI,완만형,-0.3,3950.0,-0.0516,,-0.1222,1,109533725500,0
036430,2000-08,KOSDAQ,완만형,-0.3,2910.0,-0.3809,,-0.418,1,2746260000,0
036440,2000-08,KOSDAQ,완만형,-0.3,4490.0,-0.0646,,-0.2517,1,2483865000,0
034760,2000-09,KOSDAQ,완만형,-0.3,8460.0,-0.3122,-0.1706,-0.3122,2,11433690000,0
035970,2000-09,KOSDAQ,완만형,-0.3,4810.0,0.0169,,0.0,2,19378047000,0
035980,2000-09,KOSDAQ,완만형,-0.3,5270.0,0.0733,,-0.0259,2,29954521900,0
036300,2000-09,KOSDAQ,완만형,-0.3,5150.0,0.0078,,-0.0283,2,36536675000,0
036310,2000-09,KOSDAQ,완만형,-0.3,5400.0,0.0865,,0.0,2,20150640000,0
036400,2000-09,KOSDAQ,완만형,-0.3,4600.0,-0.1466,,-0.302,2,27131260000,0
036650,2000-09,KOSDAQ,완만형,-0.3,3660.0,-0.1586,,-0.3094,1,13952939000,0
036870,2000-09,KOSPI,완만형,-0.3,4060.0,-0.188,,-0.188,1,75021492000,0
036970,2000-09,KOSDAQ,완만형,-0.3,3750.0,-0.2155,,-0.25,1,7995948800,0
036950,2000-10,KOSDAQ,완만형,-0.3,5340.0,0.0038,,-0.1025,2,15381870000,0
036960,2000-10,KOSDAQ,완만형,-0.3,4950.0,0.06,,-0.0159,2,11668635000,0
037040,2000-10,KOSDAQ,완만형,-0.3,4040.0,-0.1513,,-0.3034,1,11404984000,0
037530,2000-10,KOSDAQ,완만형,-0.3,4790.0,-0.2421,,-0.3177,2,7987804000,0
038270,2000-10,KOSPI,완만형,-0.3,4090.0,-0.0767,,-0.3009,1,109556866800,0
037180,2000-11,KOSDAQ,완만형,-0.3,4950.0,-0.2067,,-0.2067,2,11836440000,0
037190,2000-11,KOSDAQ,완만형,-0.3,3460.0,-0.1263,,-0.3593,2,21828794000,0
037360,2000-11,KOSDAQ,완만형,-0.3,3500.0,-0.1667,,-0.3,1,39697200000,0
037430,2000-11,KOSDAQ,완만형,-0.3,2980.0,-0.1722,,-0.4016,2,11974563800,0
037480,2000-11,KOSPI,완만형,-0.3,2720.0,-0.2116,,-0.4213,1,144571392000,0
037490,2000-11,KOSDAQ,완만형,-0.3,3300.0,-0.0959,,-0.3125,1,149376290000,0
037670,2000-11,KOSDAQ,완만형,-0.3,2590.0,-0.26,,-0.4489,2,17066287000,0
038020,2000-11,KOSDAQ,완만형,-0.3,2520.0,-0.3,,-0.4437,1,22361980000,0
038310,2000-11,KOSDAQ,완만형,-0.3,2590.0,-0.3443,,-0.4768,1,7963280000,0
002080,2000-12,KOSPI,완만형,-0.3,1380.0,-0.1636,-0.3429,-0.4413,2,4540200000,0
007367,2000-12,KOSPI,완만형,-0.3,34550.0,,,0.0,3,198040600000,0
022060,2000-12,KOSDAQ,완만형,-0.3,4100.0,-0.1145,-0.4938,-0.5154,2,147600000000,0
024081,2000-12,KOSDAQ,완만형,-0.3,9440.0,,,-0.5832,1,8730404640,0
037770,2000-12,KOSDAQ,완만형,-0.3,3800.0,-0.0078,,-0.1739,1,70007000000,0
037780,2000-12,KOSDAQ,완만형,-0.3,3120.0,-0.202,,-0.2727,1,135774127000,0
038030,2000-12,KOSDAQ,완만형,-0.3,3560.0,-0.1078,,-0.2071,1,144046815000,0
038380,2001-01,KOSDAQ,완만형,-0.3,3610.0,-0.1042,,-0.3252,2,20328632000,0
038480,2001-01,KOSDAQ,완만형,-0.3,3660.0,0.0223,,-0.1181,1,104123870000,0
038770,2001-01,KOSDAQ,완만형,-0.3,3000.0,-0.1758,,-0.4854,2,14143500000,0
039050,2001-01,KOSDAQ,완만형,-0.3,2780.0,-0.2908,,-0.3822,2,25760592000,0
039160,2001-01,KOSDAQ,완만형,-0.3,3150.0,-0.2125,,-0.241,1,3943836000,0
039170,2001-01,KOSDAQ,완만형,-0.3,3360.0,0.05,,-0.4,1,22480920000,0
039180,2001-01,KOSDAQ,완만형,-0.3,3250.0,-0.0767,,-0.2477,1,31098723000,0
039270,2001-01,KOSDAQ,완만형,-0.3,2500.0,-0.3036,,-0.4407,1,2549987000,0
039280,2001-01,KOSDAQ,완만형,-0.3,4780.0,-0.0165,,-0.0165,1,32013540000,0
039920,2001-01,KOSDAQ,완만형,-0.3,2640.0,-0.2667,,-0.472,1,20789500000,0
038580,2001-02,KOSDAQ,완만형,-0.3,4660.0,0.0495,,0.0,2,82571472000,0
038760,2001-02,KOSDAQ,완만형,-0.3,3720.0,-0.1733,,-0.2706,2,23652504000,0
038940,2001-02,KOSDAQ,완만형,-0.3,3340.0,-0.1211,,-0.3399,2,72062504000,0
039220,2001-02,KOSDAQ,완만형,-0.3,4140.0,-0.1357,,-0.1357,1,14317380000,0
039380,2001-02,KOSDAQ,완만형,-0.3,4140.0,-0.08,,-0.31,2,36711118800,0
039520,2001-02,KOSDAQ,완만형,-0.3,2990.0,-0.1206,,-0.4091,2,28272244000,0
039720,2001-02,KOSDAQ,완만형,-0.3,3210.0,-0.0418,,-0.1727,2,70511181000,0
040260,2001-02,KOSDAQ,완만형,-0.3,4420.0,0.04,,-0.116,1,7776495000,0
040380,2001-02,KOSDAQ,완만형,-0.3,7600.0,-0.0909,,-0.0909,1,25893181000,0
040520,2001-02,KOSDAQ,완만형,-0.3,3020.0,-0.2073,,-0.3824,2,5878732000,0
011290,2001-03,KOSPI,완만형,-0.3,2550.0,-0.1327,0.2879,-0.1414,2,5647099950,0
034190,2001-03,KOSPI,완만형,-0.3,3650.0,0.0,-0.2685,-0.2685,1,28643143000,0
039540,2001-03,KOSDAQ,완만형,-0.3,4500.0,0.0638,-0.1964,-0.1964,3,180725040000,0
040860,2001-03,KOSDAQ,완만형,-0.3,3200.0,0.0596,,-0.4286,2,6368960000,0
040940,2001-03,KOSDAQ,완만형,-0.3,4800.0,-0.0661,,-0.1652,1,4140445000,0
040950,2001-03,KOSDAQ,완만형,-0.3,5130.0,0.0732,,-0.0116,1,19149990000,0
003497,2001-04,KOSPI,완만형,-0.3,6100.0,-0.0302,-0.3776,-0.3776,1,2165312600,0
042310,2001-04,KOSDAQ,완만형,-0.3,4250.0,-0.0093,,-0.15,3,19299250000,0
042460,2001-04,KOSDAQ,완만형,-0.3,4890.0,0.0316,,-0.1011,2,27612363000,0
043380,2001-04,KOSDAQ,완만형,-0.3,2380.0,-0.2273,,-0.5501,1,5623281400,0
044410,2001-04,KOSDAQ,완만형,-0.3,5280.0,-0.0019,,-0.0365,1,8781168000,0
045090,2001-04,KOSDAQ,완만형,-0.3,4590.0,-0.0418,,-0.1105,2,3538890000,0
044240,2001-05,KOSDAQ,완만형,-0.3,10750.0,0.0337,,-0.0227,2,51153638500,0
045080,2001-05,KOSDAQ,완만형,-0.3,3960.0,-0.1628,,-0.2514,1,14012634000,0
044740,2001-06,KOSDAQ,완만형,-0.3,3820.0,-0.2751,-0.251,-0.331,2,1723507600,0
044890,2001-06,KOSDAQ,완만형,-0.3,5340.0,-0.1785,,-0.288,2,11352840000,0
045790,2001-06,KOSDAQ,완만형,-0.3,10700.0,0.0338,,0.0,2,104757280000,0
045800,2001-06,KOSDAQ,완만형,-0.3,5310.0,-0.0328,,-0.2676,2,23844024000,0
045870,2001-06,KOSDAQ,완만형,-0.3,5390.0,0.0466,,-0.0092,2,32808391000,0
046520,2001-06,KOSDAQ,완만형,-0.3,4620.0,-0.0253,,-0.0959,1,15026568000,0
025080,2001-08,KOSDAQ,완만형,-0.3,610.0,-0.1757,-0.2469,-0.2469,1,4000000000,0
035930,2001-08,KOSDAQ,완만형,-0.3,10650.0,0.029,0.0441,0.0,3,8074830000,0
003320,2001-09,KOSPI,완만형,-0.3,4300.0,-0.0205,0.075,-0.1313,2,102544065100,0
049990,2001-09,KOSDAQ,완만형,-0.3,10650.0,0.024,,0.0,2,92525070000,0
049850,2001-10,KOSDAQ,완만형,-0.3,5290.0,0.0413,,-0.0347,2,22928976000,0
050350,2001-10,KOSDAQ,완만형,-0.3,5430.0,-0.095,,-0.4278,1,30518361000,0
051070,2001-11,KOSDAQ,완만형,-0.3,10550.0,0.0394,,0.0,1,24539550000,0
008980,2001-12,KOSPI,완만형,-0.3,1315.0,-0.0331,0.1955,-0.0836,2,101417664185,0
011450,2001-12,KOSPI,완만형,-0.3,36400.0,-0.0558,0.3481,-0.0854,3,43680000000,0
004290,2002-01,KOSPI,완만형,-0.3,2565.0,-0.0639,-0.2274,-0.5903,2,19103309460,0
051960,2002-01,KOSDAQ,완만형,-0.3,5220.0,0.0156,,-0.0243,1,56676360000,0
066030,2002-05,KOSDAQ,완만형,-0.3,15400.0,,,0.0,2,62832000000,0
021930,2002-07,KOSDAQ,완만형,-0.3,1990.0,-0.2893,0.157,-0.3518,2,23689831620,0
060580,2002-09,KOSDAQ,완만형,-0.3,5170.0,0.0117,,-0.0058,2,96210970240,0
007360,2002-12,KOSPI,완만형,-0.3,17100.0,-0.0058,0.0118,-0.145,2,2331622671300,0
016365,2002-12,KOSPI,완만형,-0.3,30700.0,-0.0315,-0.2521,-0.3604,1,28244000000,0
016367,2003-01,KOSPI,완만형,-0.3,30100.0,-0.1351,-0.2632,-0.3663,1,64736000000,0
038280,2003-01,KOSDAQ,완만형,-0.3,3360.0,-0.0455,0.1163,-0.1429,2,44983008000,0
038370,2003-01,KOSDAQ,완만형,-0.3,5200.0,-0.0095,0.0947,-0.0511,2,47745360000,0
051990,2003-01,KOSDAQ,완만형,-0.3,5100.0,0.0282,-0.0377,-0.0377,1,20301000000,0
039370,2003-04,KOSDAQ,완만형,-0.3,4210.0,-0.0644,-0.1229,-0.1247,3,17282892000,0
045070,2003-05,KOSDAQ,완만형,-0.3,3970.0,0.073,-0.1178,-0.1178,1,3093054000,0
045550,2003-05,KOSDAQ,완만형,-0.3,3710.0,-0.0608,-0.2505,-0.2505,1,2782783200,0
067410,2003-05,KOSDAQ,완만형,-0.3,5240.0,0.0214,-0.0643,-0.1643,3,63457343200,0
004155,2003-06,KOSPI,완만형,-0.3,4655.0,0.0414,0.3493,0.0,2,4018205310,0
045280,2003-06,KOSDAQ,완만형,-0.3,4700.0,0.0307,-0.0543,-0.0543,2,111774319000,0
005895,2003-07,KOSPI,완만형,-0.3,3580.0,0.0377,-0.1826,-0.2967,1,30949800000,0
005897,2003-07,KOSPI,완만형,-0.3,3610.0,-0.011,-0.1614,-0.2707,1,16803530700,0
01683C,2003-07,KOSPI,완만형,-0.3,8080.0,0.0604,-0.178,-0.2,2,161600000000,0
000980,2003-10,KOSPI,완만형,-0.3,5700.0,-0.1094,-0.2127,-0.2127,2,182593110300,0
010510,2003-11,KOSPI,완만형,-0.3,1460.0,-0.107,-0.4974,-0.4974,2,38455226160,0
021090,2003-12,KOSDAQ,완만형,-0.3,15000.0,0.0989,-0.1803,-0.1803,1,10692449300,0
000107,2004-01,KOSPI,완만형,-0.3,65000.0,0.0301,0.3265,0.0,2,767585000,0
022610,2004-02,KOSDAQ,완만형,-0.3,30500.0,0.0683,0.6944,0.0,2,26985485000,0
000887,2004-03,KOSPI,완만형,-0.3,6500.0,-0.1436,-0.1192,-0.1436,1,549252000,0
012337,2004-03,KOSPI,완만형,-0.3,69400.0,-0.0622,-0.1718,-0.2228,1,213440000,0
052540,2004-03,KOSDAQ,완만형,-0.3,5010.0,-0.0176,-0.004,-0.0291,2,112648081470,0
009837,2004-04,KOSPI,완만형,-0.3,8180.0,0.0225,0.8826,-0.2495,2,1818953880,0
002950,2004-05,KOSPI,완만형,-0.3,1570.0,0.0363,-0.0571,-0.0571,2,73717134730,0
002955,2004-05,KOSPI,완만형,-0.3,1125.0,0.0045,-0.1541,-0.3304,2,1282500000,0
002957,2004-05,KOSPI,완만형,-0.3,2350.0,-0.2598,-0.3717,-0.4869,2,247673550,0
001280,2004-06,KOSPI,완만형,-0.3,3545.0,-0.1943,-0.2393,-0.2938,1,123586548750,0
000010,2004-07,KOSPI,완만형,-0.3,2160.0,-0.4286,-0.4271,-0.4783,2,1553295806640,0
016830,2004-07,KOSPI,완만형,-0.3,15500.0,0.0839,0.8171,-0.0127,1,3188148210500,0
036060,2004-09,KOSPI,완만형,-0.3,895.0,-0.1826,-0.4406,-0.5265,1,113360700000,0
010200,2004-10,KOSPI,완만형,-0.3,2670.0,-0.1785,-0.2974,-0.3399,2,3005191800,0
003050,2004-12,KOSPI,완만형,-0.3,1950.0,-0.0152,0.4552,-0.0274,1,76000000000,0
004175,2004-12,KOSPI,완만형,-0.3,276000.0,0.0395,0.0299,-0.0831,1,870000000000,0
002105,2005-03,KOSPI,완만형,-0.3,173000.0,-0.1722,-0.3038,-0.3038,1,56112000,0
004660,2005-03,KOSPI,완만형,-0.3,17300.0,-0.2559,0.2056,-0.2559,2,51900000000,0
001670,2005-04,KOSPI,완만형,-0.3,950.0,-0.0594,-0.163,-0.4062,1,4740306750,0
030950,2005-04,KOSDAQ,완만형,-0.3,1700.0,-0.4178,-0.4586,-0.5143,1,1836000000,0
006250,2005-07,KOSPI,완만형,-0.3,24350.0,-0.0061,-0.0337,-0.047,1,59280000000,0
070540,2005-09,KOSPI,완만형,-0.3,5000.0,-0.0234,0.0582,-0.1259,1,55888000000,0
039110,2006-04,KOSDAQ,완만형,-0.3,1800.0,-0.2,0.5,-0.2,1,19801440960,0
003079,2006-05,KOSPI,완만형,-0.3,14000.0,-0.125,1.4561,-0.125,2,538720000,0
063510,2006-07,KOSPI,완만형,-0.3,6430.0,-0.211,-0.3357,-0.4996,2,10996431680,0
003330,2006-10,KOSPI,완만형,-0.3,10200.0,-0.3799,-0.3333,-0.5234,1,203036141800,0
003335,2006-10,KOSPI,완만형,-0.3,10000.0,-0.2674,-0.0196,-0.4152,1,36784544310,0
003040,2006-11,KOSPI,완만형,-0.3,12000.0,-0.1144,-0.2857,-0.2857,2,105600000000,0
006600,2006-11,KOSPI,완만형,-0.3,25250.0,0.0587,-0.0232,-0.0232,2,122142481500,0
006605,2006-11,KOSPI,완만형,-0.3,12450.0,0.0826,-0.0197,-0.0197,2,2171280000,0
064900,2006-12,KOSPI,완만형,-0.3,5130.0,0.027,-0.0375,-0.0375,1,85344000000,0
085450,2007-01,KOSPI,완만형,-0.3,5910.0,0.0944,0.1879,-0.015,1,18177355830,0
014900,2007-04,KOSPI,완만형,-0.3,1000.0,-0.1416,-0.1416,-0.1416,1,9359946685,0
001830,2007-05,KOSPI,완만형,-0.3,1960.0,-0.1347,-0.02,-0.2344,3,521889709600,0
001835,2007-05,KOSPI,완만형,-0.3,1585.0,-0.1267,-0.0593,-0.1636,2,2187165275,0
067910,2007-05,KOSPI,완만형,-0.3,4840.0,-0.4851,-0.4061,-0.595,2,128744000000,0
005330,2007-06,KOSPI,완만형,-0.3,26250.0,0.0714,0.3566,0.0,2,126289065000,0
015675,2007-09,KOSPI,완만형,-0.3,3880.0,-0.0408,-0.0408,-0.0408,1,145098195,0
014827,2007-10,KOSPI,완만형,-0.3,2885.0,0.0341,-0.0303,-0.431,1,392530200,0
032710,2007-10,KOSPI,완만형,-0.3,46350.0,0.0779,-0.2275,-0.2548,2,5810871829050,0
058680,2008-04,KOSDAQ,완만형,-0.3,4020.0,-0.2486,-0.2269,-0.3806,3,41820060000,0
072450,2008-04,KOSPI,완만형,-0.3,5140.0,-0.4985,-0.4159,-0.5196,1,67188000000,0
003660,2008-08,KOSPI,완만형,-0.3,13350.0,-0.1909,-0.1217,-0.3119,2,52836710100,0
073470,2008-08,KOSPI,완만형,-0.3,3620.0,-0.2536,-0.276,-0.276,2,36200000000,0
060000,2008-10,KOSPI,완만형,-0.3,54500.0,-0.2203,-0.2555,-0.2555,2,18332661822000,0
083160,2008-12,KOSPI,완만형,-0.3,3300.0,-0.3265,-0.2086,-0.3629,1,94275600000,0
097957,2009-03,KOSPI,완만형,-0.3,129000.0,-0.3211,-0.3813,-0.5019,1,74212140000,0
016890,2009-04,KOSDAQ,완만형,-0.3,20400.0,0.0049,-0.3837,-0.3837,2,86700000000,0
103160,2009-04,KOSPI,완만형,-0.3,38800.0,0.093,,-0.1387,2,122116636800,0
076850,2009-10,KOSPI,완만형,-0.3,4230.0,-0.4916,-0.436,-0.5913,2,64552338000,0
092970,2009-10,KOSPI,완만형,-0.3,4935.0,0.0271,-0.1027,-0.1027,2,4915260000,0
045380,2009-12,KOSDAQ,완만형,-0.3,6800.0,0.088,-0.0058,-0.1327,2,58667190400,0
000610,2010-01,KOSPI,완만형,-0.3,7400.0,-0.0067,0.5117,-0.1385,2,198130367600,0
015940,2010-01,KOSPI,완만형,-0.3,17800.0,-0.043,-0.0378,-0.11,2,1482511287800,0
037510,2010-01,KOSDAQ,완만형,-0.3,4910.0,-0.002,0.1419,-0.0822,3,3686428000,0
045820,2010-01,KOSPI,완만형,-0.3,6090.0,-0.1148,0.0,-0.1174,2,812406000000,0
083120,2010-01,KOSPI,완만형,-0.3,5080.0,0.0263,0.0583,0.0,2,6399225200,0
012420,2010-04,KOSPI,완만형,-0.3,820.0,0.0186,0.0123,-0.0629,2,100819590400,0
053440,2010-04,KOSDAQ,완만형,-0.3,15500.0,0.0164,0.9695,-0.1777,1,15645500000,0
108070,2010-04,KOSPI,완만형,-0.3,45900.0,-0.0546,0.5,-0.2561,2,1095633000000,0
071057,2010-06,KOSPI,완만형,-0.3,30650.0,-0.0301,-0.0526,-0.1193,2,87345971550,0
084240,2010-07,KOSPI,완만형,-0.3,5110.0,0.0896,0.1169,0.0,2,9755281270,0
114410,2010-07,KOSPI,완만형,-0.3,18000.0,0.0198,,-0.0164,2,308592000000,0
013650,2010-10,KOSDAQ,완만형,-0.3,585.0,0.0354,0.3605,-0.2095,2,21097774620,0
080410,2010-10,KOSPI,완만형,-0.3,5000.0,-0.002,-0.002,-0.0177,2,7420085000,0
084160,2010-10,KOSPI,완만형,-0.3,2760.0,-0.0316,-0.0366,-0.0366,1,11481058400,0
078420,2010-11,KOSPI,완만형,-0.3,5060.0,0.008,0.012,-0.002,1,16335540000,0
086720,2010-12,KOSPI,완만형,-0.3,5090.0,-0.0136,-0.183,-0.183,1,59880000000,0
088010,2010-12,KOSPI,완만형,-0.3,4640.0,-0.0492,-0.0579,-0.0579,3,603181440,0
101380,2010-12,KOSPI,완만형,-0.3,5010.0,-0.0272,-0.0176,-0.06,2,13813521900,0
102000,2010-12,KOSPI,완만형,-0.3,5040.0,-0.0233,-0.0118,-0.0508,3,6141945600,0
082110,2011-01,KOSPI,완만형,-0.3,5100.0,0.0851,0.0886,0.0,2,12144120000,0
094950,2011-01,KOSPI,완만형,-0.3,2505.0,-0.002,-0.0722,-0.0722,2,21373942560,0
005280,2011-03,KOSPI,완만형,-0.3,14350.0,0.0214,0.1811,0.0,1,2529563457500,0
001687,2011-05,KOSPI,완만형,-0.3,8210.0,0.0499,0.0635,0.0,2,8163030590,0
005270,2011-06,KOSPI,완만형,-0.3,15500.0,-0.0064,0.1071,-0.1389,2,2047937500000,0
036550,2011-08,KOSDAQ,완만형,-0.3,16450.0,0.0858,-0.2419,-0.2419,2,381742170950,0
023020,2011-09,KOSDAQ,완만형,-0.3,5350.0,-0.0037,0.049,-0.0932,2,44940000000,0
103150,2011-09,KOSPI,완만형,-0.3,87800.0,-0.1908,-0.3087,-0.3087,2,839712000400,0
103155,2011-09,KOSPI,완만형,-0.3,44900.0,-0.0477,-0.2554,-0.2554,2,16744781500,0
094520,2011-11,KOSPI,완만형,-0.3,4070.0,0.0517,0.081,-0.0073,1,97808696315,0
090090,2011-12,KOSDAQ,완만형,-0.3,1740.0,0.0357,-0.089,-0.1594,2,18877569720,0
114130,2012-02,KOSPI,완만형,-0.3,5200.0,0.0452,0.0256,0.0,1,8372000000,0
114140,2012-02,KOSPI,완만형,-0.3,5100.0,0.018,-0.0778,-0.0778,2,6069000000,0
134000,2012-02,KOSPI,완만형,-0.3,4910.0,-0.0466,-0.0335,-0.0466,1,9820029460,0
108890,2012-05,KOSPI,완만형,-0.3,5090.0,-0.0117,0.0,-0.0193,3,15487393900,0
016140,2012-10,KOSDAQ,완만형,-0.3,5500.0,0.0436,0.1458,-0.0484,1,27300000000,0
121910,2012-10,KOSPI,완만형,-0.3,3590.0,0.0346,0.0879,0.0,1,96550025000,0
121950,2012-10,KOSDAQ,완만형,-0.3,1525.0,0.0339,0.0854,0.0,1,21039334340,0
048460,2012-11,KOSDAQ,완만형,-0.3,577.0,-0.0383,0.2794,-0.171,2,25147377152,0
122290,2012-11,KOSPI,완만형,-0.3,10200.0,0.0429,0.098,0.0,1,49894000000,0
122750,2012-12,KOSPI,완만형,-0.3,10200.0,0.0387,0.0956,0.0,2,40596000000,0
004010,2013-01,KOSPI,완만형,-0.3,13800.0,0.0615,-0.1953,-0.1953,2,899046843600,0
007480,2013-01,KOSPI,완만형,-0.3,2075.0,-0.2343,-0.2482,-0.3879,2,128433907425,0
014300,2013-01,KOSPI,완만형,-0.3,18650.0,-0.079,-0.0858,-0.1874,2,25848900000,0
064420,2013-01,KOSPI,완만형,-0.3,12100.0,-0.0041,-0.2667,-0.2754,2,1189887162200,0
123160,2013-01,KOSDAQ,완만형,-0.3,2030.0,0.0384,0.0798,0.0,1,32522000000,0
124050,2013-02,KOSDAQ,완만형,-0.3,5300.0,0.0579,0.1019,0.0,1,21840000000,0
016570,2013-03,KOSPI,완만형,-0.3,26100.0,-0.0509,0.2,-0.2278,1,54832622000,0
016575,2013-03,KOSPI,완만형,-0.3,15650.0,-0.0515,-0.1541,-0.2272,1,3432000000,0
123290,2013-03,KOSDAQ,완만형,-0.3,2345.0,0.0611,0.0831,0.0,1,26136350000,0
123550,2013-03,KOSDAQ,완만형,-0.3,2125.0,0.0625,0.0925,0.0,1,23125600000,0
123910,2013-03,KOSDAQ,완만형,-0.3,1335.0,0.0595,0.0943,0.0,1,22270000000,0
004940,2013-04,KOSPI,완만형,-0.3,7010.0,-0.0728,-0.1839,-0.1839,1,4830352126740,0
009280,2013-04,KOSPI,완만형,-0.3,18000.0,0.0112,-0.0055,-0.0055,1,70760250750,0
013365,2013-05,KOSPI,완만형,-0.3,4650.0,0.0175,-0.02,-0.1259,2,2704793400,0
123300,2013-05,KOSDAQ,완만형,-0.3,2135.0,0.0729,0.0838,0.0,1,14240450000,0
126680,2013-07,KOSDAQ,완만형,-0.3,1065.0,0.0493,0.0923,-0.0047,1,22341600000,0
128910,2013-07,KOSDAQ,완만형,-0.3,2135.0,0.0517,0.0893,-0.0023,1,26322000000,0
080030,2013-08,KOSPI,완만형,-0.3,5020.0,0.008,-0.002,-0.0059,2,15874244000,0
080960,2014-02,KOSPI,완만형,-0.3,5040.0,0.0182,0.0131,0.0,2,20677104000,0
080970,2014-02,KOSPI,완만형,-0.3,5040.0,0.0182,0.0131,0.0,2,20677104000,0
081220,2014-02,KOSDAQ,완만형,-0.3,2160.0,0.0189,-0.027,-0.234,1,22238718480,0
005560,2014-04,KOSPI,완만형,-0.3,6200.0,0.0801,-0.3641,-0.3641,1,60306792000,0
080980,2014-04,KOSPI,완만형,-0.3,5030.0,0.0265,0.0479,0.0,2,20636078000,0
082930,2014-05,KOSDAQ,완만형,-0.3,8410.0,0.0768,-0.0333,-0.0333,2,71016361160,0
101990,2014-05,KOSPI,완만형,-0.3,1510.0,-0.0351,0.1396,-0.2296,2,31710000000,0
001300,2014-07,KOSPI,완만형,-0.3,70200.0,-0.0702,-0.2103,-0.2345,2,3681123100200,0
080180,2014-07,KOSPI,완만형,-0.3,5050.0,0.0202,0.0306,0.0,2,23052997500,0
053000,2014-11,KOSPI,완만형,-0.3,11900.0,-0.0083,-0.0593,-0.153,2,8047712614900,0
081190,2014-12,KOSPI,완만형,-0.3,5010.0,0.002,0.0111,-0.0138,1,9388776825,0
081200,2014-12,KOSPI,완만형,-0.3,5010.0,0.003,0.0121,-0.0118,1,9529749450,0
003457,2015-01,KOSPI,완만형,-0.3,7030.0,-0.1045,0.2805,-0.1045,2,468286085900,0
003640,2015-01,KOSPI,완만형,-0.3,10500.0,-0.2045,-0.3023,-0.3023,2,108732561000,0
012335,2015-01,KOSPI,완만형,-0.3,141000.0,-0.2932,-0.4719,-0.5268,1,763008000,0
016420,2015-01,KOSPI,완만형,-0.3,7240.0,-0.0511,0.4745,-0.1062,2,869705209960,0
081210,2015-01,KOSPI,완만형,-0.3,5040.0,0.008,0.004,-0.0059,1,6644127000,0
081940,2015-01,KOSPI,완만형,-0.3,5060.0,0.012,0.0316,0.0,2,13518953800,0
950100,2015-01,KOSPI,완만형,-0.3,18000.0,0.0084,0.5859,0.0,2,427338000000,0
081930,2015-02,KOSPI,완만형,-0.3,5030.0,0.0121,0.0414,0.0,2,12231149200,0
082240,2015-03,KOSPI,완만형,-0.3,5020.0,0.0234,0.0913,0.0,2,15657580800,0
082250,2015-03,KOSPI,완만형,-0.3,5060.0,0.0285,0.1048,-0.0039,2,15782342400,0
082260,2015-03,KOSPI,완만형,-0.3,5030.0,0.0286,0.0983,0.0,2,15688771200,0
000365,2015-04,KOSPI,완만형,-0.3,1040.0,-0.0048,-0.3397,-0.3397,1,1185303060,0
004367,2015-04,KOSPI,완만형,-0.3,19950.0,0.0556,0.1433,0.0,2,50048365500,0
033630,2015-06,KOSDAQ,완만형,-0.3,4015.0,-0.0833,0.103,-0.1627,1,1188275734305,0
192520,2015-06,KOSPI,완만형,-0.3,9750.0,-0.1807,-0.2412,-0.296,1,776367028800,0
010520,2015-07,KOSPI,완만형,-0.3,57600.0,-0.2519,-0.3069,-0.3069,2,1313737920000,0
013450,2015-07,KOSDAQ,완만형,-0.3,6480.0,-0.0499,-0.0167,-0.0873,2,105298846560,0
000830,2015-09,KOSPI,완만형,-0.3,48100.0,-0.1902,-0.3638,-0.3638,2,7514074448400,0
068060,2015-09,KOSDAQ,완만형,-0.3,8000.0,-0.1199,0.1594,-0.2118,1,55216000000,0
121550,2015-10,KOSPI,완만형,-0.3,3305.0,-0.1622,-0.0895,-0.2639,1,47740000000,0
000687,2015-11,KOSPI,완만형,-0.3,3835.0,-0.0737,-0.1645,-0.2737,1,3335504175,0
003945,2016-01,KOSPI,완만형,-0.3,73100.0,-0.0382,0.3219,-0.1118,2,12550319700,0
158380,2016-04,KOSDAQ,완만형,-0.3,3470.0,-0.0388,-0.0868,-0.0868,3,35394000000,0
008020,2016-05,KOSPI,완만형,-0.3,10200.0,0.0,0.3973,0.0,1,418677431200,0
092630,2016-06,KOSPI,완만형,-0.3,1950.0,-0.2642,-0.4323,-0.4323,2,1729394550,0
019300,2016-08,KOSPI,완만형,-0.3,3535.0,-0.0028,0.4112,-0.371,1,223057800000,0
003450,2016-10,KOSPI,완만형,-0.3,7370.0,0.038,0.065,0.0,1,1743834346100,0
104120,2016-12,KOSPI,완만형,-0.3,3595.0,-0.0626,-0.0388,-0.2909,1,63725911890,0
037620,2017-01,KOSPI,완만형,-0.3,20500.0,-0.2279,0.0875,-0.2279,2,2342860355500,0
068870,2017-01,KOSPI,완만형,-0.3,67500.0,-0.0715,-0.0274,-0.0715,2,1118946825000,0
068875,2017-01,KOSPI,완만형,-0.3,44000.0,-0.0045,0.0693,-0.0045,2,10393504000,0
139200,2017-01,KOSPI,완만형,-0.3,1680.0,-0.0718,-0.0482,-0.0718,2,22411043760,0
066270,2017-02,KOSDAQ,완만형,-0.3,2790.0,-0.3285,-0.1913,-0.3285,1,121597084000,0
007190,2017-03,KOSPI,완만형,-0.3,1875.0,-0.092,-0.401,-0.401,2,72146401875,0
007197,2017-03,KOSPI,완만형,-0.3,7750.0,-0.0549,-0.3142,-0.3142,2,3624791250,0
001689,2017-04,KOSPI,완만형,-0.3,23100.0,-0.1492,-0.2062,-0.2512,1,5556575000,0
003419,2017-05,KOSPI,완만형,-0.3,13450.0,-0.2507,-0.2486,-0.2769,2,2135927250,0
204440,2017-05,KOSDAQ,완만형,-0.3,2040.0,0.02,0.0435,-0.04,2,11730000000,0
083570,2017-06,KOSPI,완만형,-0.3,5020.0,0.0535,0.058,0.0,2,13091683100,0
083580,2017-06,KOSPI,완만형,-0.3,5000.0,0.0537,0.0428,0.0,2,13039525000,0
083590,2017-06,KOSPI,완만형,-0.3,5060.0,0.0664,0.0664,0.0,2,13195999300,0
083600,2017-06,KOSPI,완만형,-0.3,5040.0,0.0588,0.0644,0.0,2,13143841200,0
083610,2017-06,KOSPI,완만형,-0.3,5040.0,-0.002,0.0192,-0.002,2,9808817760,0
204760,2017-06,KOSDAQ,완만형,-0.3,2045.0,0.0174,0.0328,0.0,1,11188125000,0
083620,2017-07,KOSPI,완만형,-0.3,5040.0,0.002,0.0131,-0.0098,1,9791312490,0
204650,2017-07,KOSDAQ,완만형,-0.3,2035.0,0.0124,-0.0097,-0.0097,1,11165000000,0
061460,2017-09,KOSDAQ,완만형,-0.3,2200.0,-0.1165,-0.2294,-0.2294,2,184698822000,0
206660,2017-10,KOSDAQ,완만형,-0.3,2050.0,0.0123,0.0302,0.0,2,7995000000,0
207720,2017-10,KOSDAQ,완만형,-0.3,2050.0,-0.0284,-0.012,-0.0969,1,5122725000,0
207930,2017-11,KOSDAQ,완만형,-0.3,2035.0,0.0099,0.0226,-0.0049,2,11192500000,0
215580,2017-12,KOSDAQ,완만형,-0.3,2020.0,0.005,0.0176,-0.2275,2,10928200000,0
215750,2018-01,KOSDAQ,완만형,-0.3,2040.0,-0.0263,0.0251,-0.0263,1,12352500000,0
217810,2018-01,KOSDAQ,완만형,-0.3,2030.0,-0.0217,0.0384,-0.024,1,9756600000,0
218710,2018-02,KOSDAQ,완만형,-0.3,2030.0,0.005,0.0384,0.0,1,13567500000,0
219580,2018-02,KOSDAQ,완만형,-0.3,2025.0,0.0075,0.0332,-0.0025,1,9947000000,0
219860,2018-02,KOSDAQ,완만형,-0.3,2025.0,-0.0098,0.0411,-0.0098,2,14424075000,0
219960,2018-02,KOSDAQ,완만형,-0.3,2025.0,0.0,0.0332,0.0,2,13162500000,0
008000,2018-03,KOSPI,완만형,-0.3,19950.0,0.0612,0.0418,0.0,2,924958827450,0
221950,2018-03,KOSDAQ,완만형,-0.3,2025.0,0.0,0.0253,-0.0025,1,13732225000,0
222390,2018-03,KOSDAQ,완만형,-0.3,2030.0,0.005,0.0125,-0.0025,1,20826200000,0
223040,2018-03,KOSDAQ,완만형,-0.3,2025.0,0.0025,0.0075,-0.0049,1,10941450000,0
221200,2018-04,KOSDAQ,완만형,-0.3,2040.0,0.0025,0.0355,0.0,1,13668750000,0
225440,2018-05,KOSDAQ,완만형,-0.3,2055.0,0.0249,0.0431,0.0,1,8384500000,0
226850,2018-06,KOSDAQ,완만형,-0.3,2040.0,0.0277,0.0329,0.0,1,20765140000,0
024660,2018-07,KOSDAQ,완만형,-0.3,3480.0,-0.0745,-0.1655,-0.1655,2,310267021200,0
090730,2018-07,KOSDAQ,완만형,-0.3,11850.0,-0.0166,0.9783,-0.1939,2,154050000000,0
130960,2018-07,KOSDAQ,완만형,-0.3,98900.0,0.094,0.324,0.0,2,3830603602100,0
230490,2018-07,KOSDAQ,완만형,-0.3,2060.0,0.0249,0.0326,0.0,1,10865000000,0
016170,2018-09,KOSDAQ,완만형,-0.3,99900.0,-0.0902,0.143,-0.112,2,2526641329500,0
192530,2018-10,KOSPI,완만형,-0.3,11050.0,-0.0134,-0.0636,-0.1333,1,572174035550,0
232270,2018-10,KOSDAQ,완만형,-0.3,2045.0,0.02,0.0149,-0.0049,2,28253106500,0
235010,2018-10,KOSDAQ,완만형,-0.3,2050.0,0.0224,0.0199,-0.0168,1,10122750000,0
004130,2018-12,KOSPI,완만형,-0.3,14200.0,0.0637,-0.4818,-0.4818,2,292173704600,0
004135,2018-12,KOSPI,완만형,-0.3,8300.0,-0.0349,-0.1443,-0.1608,2,17928000000,0
240540,2019-01,KOSDAQ,완만형,-0.3,2055.0,0.0049,0.0224,-0.0238,1,11275000000,0
000030,2019-02,KOSPI,완만형,-0.3,14800.0,-0.092,-0.1084,-0.1243,2,10004800000000,0
123100,2019-02,KOSDAQ,완만형,-0.3,16000.0,-0.1375,-0.3834,-0.3834,2,180861440000,0
004987,2019-05,KOSPI,완만형,-0.3,13600.0,-0.1282,-0.4163,-0.4163,2,3001424800,0
004989,2019-05,KOSPI,완만형,-0.3,10700.0,-0.0047,-0.2721,-0.2721,3,3069808600,0
079660,2019-06,KOSPI,완만형,-0.3,8380.0,-0.1744,-0.2205,-0.3402,2,60000800000,0
026180,2019-07,KOSDAQ,완만형,-0.3,1855.0,-0.0185,-0.1039,-0.1124,2,110441496725,0
232330,2019-08,KOSDAQ,완만형,-0.3,2065.0,-0.0048,-0.012,-0.0328,1,7416000000,0
225650,2019-09,KOSDAQ,완만형,-0.3,6560.0,-0.0721,-0.0889,-0.0889,2,70101977120,0
257730,2019-09,KOSDAQ,완만형,-0.3,2045.0,-0.0376,-0.0466,-0.0931,1,7167725000,0
262830,2019-10,KOSDAQ,완만형,-0.3,2055.0,-0.0048,0.0098,-0.0352,1,10270500000,0
264290,2019-12,KOSDAQ,완만형,-0.3,2050.0,-0.0807,-0.0049,-0.0949,1,6298600000,0
077280,2020-01,KOSDAQ,완만형,-0.3,2225.0,0.0446,-0.0572,-0.1508,2,26180104275,0
265480,2020-01,KOSDAQ,완만형,-0.3,2050.0,-0.0969,-0.0073,-0.0969,1,9897800000,0
265920,2020-01,KOSDAQ,완만형,-0.3,2055.0,-0.0307,0.0049,-0.0307,1,9102000000,0
079440,2020-02,KOSPI,완만형,-0.3,27500.0,0.0204,-0.2297,-0.2424,2,2255000000000,0
011160,2020-03,KOSPI,완만형,-0.3,1240.0,-0.0388,-0.057,-0.2226,2,409072416400,0
271740,2020-03,KOSDAQ,완만형,-0.3,2050.0,-0.0465,-0.0097,-0.0745,2,8200000000,0
083380,2020-04,KOSPI,완만형,-0.3,5030.0,0.006,0.004,-0.0059,1,7975869800,0
159650,2020-04,KOSPI,완만형,-0.3,1940.0,-0.0443,0.0808,-0.1039,1,30035446935,0
083370,2020-06,KOSPI,완만형,-0.3,5040.0,0.008,0.002,-0.002,2,7991726400,0
276920,2020-06,KOSDAQ,완만형,-0.3,2050.0,-0.0191,-0.0682,-0.1028,1,7519000000,0
108790,2020-07,KOSDAQ,완만형,-0.3,5020.0,0.0773,-0.0889,-0.0889,2,166440509600,0
279410,2020-07,KOSDAQ,완만형,-0.3,2040.0,0.0,-0.0556,-0.0556,1,7112325000,0
281410,2020-07,KOSDAQ,완만형,-0.3,2065.0,0.0073,-0.0484,-0.0484,1,9245500000,0
277480,2020-08,KOSDAQ,완만형,-0.3,2035.0,-0.0097,-0.0355,-0.0355,2,12230350000,0
291210,2021-01,KOSDAQ,완만형,-0.3,2045.0,-0.0121,-0.0145,-0.0145,2,10347700000,0
102210,2021-04,KOSDAQ,완만형,-0.3,730.0,-0.3364,-0.3364,-0.3364,1,81066045500,0
307070,2021-07,KOSDAQ,완만형,-0.3,2035.0,0.0099,0.0074,-0.2573,2,10500600000,0
307160,2021-07,KOSDAQ,완만형,-0.3,2035.0,-0.0513,-0.0424,-0.1556,2,9340650000,0
311270,2021-07,KOSDAQ,완만형,-0.3,2040.0,-0.0192,0.0124,-0.2514,1,7344000000,0
310840,2021-09,KOSDAQ,완만형,-0.3,2040.0,-0.0286,0.0074,-0.0933,2,6976800000,0
031390,2021-11,KOSDAQ,완만형,-0.3,38550.0,-0.0677,-0.0961,-0.2471,2,502506844350,0
317030,2021-11,KOSDAQ,완만형,-0.3,2040.0,-0.1188,0.0124,-0.1188,2,11140440000,0
172580,2021-12,KOSPI,완만형,-0.3,2785.0,0.0922,0.4066,0.0,1,36328932500,0
313750,2021-12,KOSDAQ,완만형,-0.3,2035.0,-0.0729,-0.0169,-0.1643,3,9462750000,0
317320,2021-12,KOSDAQ,완만형,-0.3,2035.0,-0.5161,-0.1941,-0.5889,2,8872600000,0
101060,2022-01,KOSPI,완만형,-0.3,1930.0,-0.1365,0.0266,-0.2534,2,269999646700,0
323210,2022-02,KOSDAQ,완만형,-0.3,2035.0,-0.0895,-0.0049,-0.1957,2,6512000000,0
323940,2022-02,KOSDAQ,완만형,-0.3,2030.0,-0.0645,-0.0122,-0.1174,2,15878660000,0
138250,2022-03,KOSPI,완만형,-0.3,14000.0,-0.0378,0.1966,-0.1884,2,471744000000,0
225330,2022-03,KOSDAQ,완만형,-0.3,6760.0,0.0015,0.015,-0.1865,2,125970085280,0
329560,2022-04,KOSDAQ,완만형,-0.3,2035.0,-0.0401,-0.024,-0.2758,3,7834750000,0
330990,2022-05,KOSDAQ,완만형,-0.3,2035.0,-0.0169,-0.2158,-0.2158,1,8731030000,0
002270,2022-07,KOSPI,완만형,-0.3,311000.0,-0.0174,-0.29,-0.29,2,376016105000,0
340120,2022-07,KOSDAQ,완만형,-0.3,2035.0,-0.1359,-0.0644,-0.1359,1,10190600000,0
332710,2022-09,KOSDAQ,완만형,-0.3,2025.0,-0.0581,-0.0711,-0.1176,2,8930250000,0
340350,2022-10,KOSDAQ,완만형,-0.3,2010.0,-0.1007,-0.0474,-0.1007,2,11477100000,0
347140,2022-10,KOSDAQ,완만형,-0.3,2025.0,-0.069,-0.069,-0.069,2,6093225000,0
131390,2022-11,KOSDAQ,완만형,-0.3,20750.0,-0.2882,-0.1957,-0.3516,1,311197110000,0
217600,2022-12,KOSDAQ,완만형,-0.3,2170.0,-0.1589,-0.4135,-0.4135,2,138579107800,0
290510,2022-12,KOSDAQ,완만형,-0.3,5380.0,0.0847,-0.1934,-0.2347,2,616195319480,0
342550,2022-12,KOSDAQ,완만형,-0.3,1665.0,-0.2729,-0.1917,-0.2729,1,10466610000,0
349720,2022-12,KOSDAQ,완만형,-0.3,2030.0,-0.0447,-0.0264,-0.0773,1,7330500000,0
367460,2022-12,KOSDAQ,완만형,-0.3,2340.0,0.0308,0.0909,-0.2844,2,12870000000,0
343510,2023-02,KOSDAQ,완만형,-0.3,2020.0,-0.0605,-0.0494,-0.086,1,8100200000,0
351340,2023-02,KOSDAQ,완만형,-0.3,2020.0,0.01,-0.0494,-0.1495,1,10469250000,0
353070,2023-03,KOSDAQ,완만형,-0.3,2025.0,-0.0217,-0.0403,-0.0753,1,8706200000,0
353490,2023-05,KOSDAQ,완만형,-0.3,2015.0,-0.0098,-0.0841,-0.0841,1,10170600000,0
367340,2023-07,KOSDAQ,완만형,-0.3,2055.0,0.0148,-0.0375,-0.0397,2,12432750000,0
010050,2023-08,KOSPI,완만형,-0.3,707.0,-0.1206,-0.2002,-0.2002,1,634671672756,0
298870,2023-08,KOSDAQ,완만형,-0.3,2555.0,-0.235,-0.1889,-0.235,1,258000000000,0
353060,2023-09,KOSDAQ,완만형,-0.3,2065.0,0.0,-0.0048,-0.012,1,10434600000,0
155900,2023-11,KOSPI,완만형,-0.3,3130.0,0.0849,0.033,0.0,2,47576012520,0
440200,2023-11,KOSDAQ,완만형,-0.3,1685.0,-0.176,-0.1468,-0.176,2,10320625000,0
046140,2023-12,KOSDAQ,완만형,-0.3,5370.0,-0.1888,-0.0579,-0.3362,2,115259290350,0
373340,2023-12,KOSDAQ,완만형,-0.3,2050.0,-0.1865,-0.0465,-0.1865,1,6175900000,0
380440,2023-12,KOSPI,완만형,-0.3,10290.0,0.028,4.2634,0.0,1,105554820000,0
068400,2024-01,KOSPI,완만형,-0.3,9600.0,-0.1003,0.3579,-0.2852,1,486098435200,0
377400,2024-01,KOSDAQ,완만형,-0.3,2145.0,-0.0551,0.0619,-0.0551,1,10106617500,0
380320,2024-01,KOSDAQ,완만형,-0.3,2045.0,-0.2104,-0.3822,-0.4951,1,9764300000,0
115960,2024-03,KOSDAQ,완만형,-0.3,14120.0,-0.1001,-0.1908,-0.1908,2,175059760000,0
393360,2024-04,KOSDAQ,완만형,-0.3,2080.0,-0.1054,-0.0303,-0.1054,1,15141000000,0
391060,2024-05,KOSDAQ,완만형,-0.3,10450.0,0.045,0.0471,0.0,1,53244000000,0
386580,2024-06,KOSDAQ,완만형,-0.3,2090.0,0.0245,-0.05,-0.05,1,8673600000,0
388800,2024-07,KOSDAQ,완만형,-0.3,2095.0,-0.1414,-0.1028,-0.1414,1,10470900000,0
400840,2024-07,KOSDAQ,완만형,-0.3,2110.0,-0.0209,0.0024,-0.0387,1,10726400000,0
430230,2024-09,KOSDAQ,완만형,-0.3,1762.0,-0.2534,-0.161,-0.3707,2,14103048000,0
164060,2024-10,KOSDAQ,완만형,-0.3,7090.0,0.0941,0.0129,-0.0112,2,150314622060,0
287410,2024-11,KOSDAQ,완만형,-0.3,12900.0,0.0914,0.1978,-0.0015,2,976429289700,0
421800,2024-11,KOSDAQ,완만형,-0.3,2710.0,0.0169,0.2664,-0.13,2,16205800000,0
080000,2024-12,KOSDAQ,완만형,-0.3,1618.0,-0.2712,-0.4313,-0.4855,2,55534403660,0
115390,2024-12,KOSPI,완만형,-0.3,8660.0,-0.0103,0.3945,-0.0114,2,375206719260,0
406760,2024-12,KOSDAQ,완만형,-0.3,1575.0,-0.2623,-0.2446,-0.2775,1,11944920000,0
415580,2024-12,KOSDAQ,완만형,-0.3,2100.0,-0.0024,0.0048,-0.0141,3,11151000000,0
418170,2024-12,KOSDAQ,완만형,-0.3,1898.0,-0.2025,-0.0962,-0.2025,2,11406980000,0
430460,2024-12,KOSDAQ,완만형,-0.3,1542.0,-0.3038,-0.2587,-0.3038,2,9128640000,0
412930,2025-01,KOSDAQ,완만형,-0.3,2695.0,0.0286,0.2535,-0.1106,2,16644320000,1
376190,2025-02,KOSDAQ,완만형,-0.3,4165.0,-0.143,-0.4158,-0.4454,2,102459000000,1
413600,2025-02,KOSDAQ,완만형,-0.3,2310.0,0.0312,0.05,-0.1852,1,8111950000,1
422040,2025-02,KOSDAQ,완만형,-0.3,2135.0,0.0215,-0.0161,-0.0161,1,15250800000,1
424140,2025-02,KOSDAQ,완만형,-0.3,2090.0,-0.0346,0.0,-0.0457,1,16152450000,1
425290,2025-02,KOSDAQ,완만형,-0.3,2115.0,-0.0494,-0.0884,-0.1169,1,11619600000,1
430700,2025-03,KOSDAQ,완만형,-0.3,2105.0,0.0024,-0.0768,-0.0768,1,11082600000,1
433530,2025-03,KOSDAQ,완만형,-0.3,2215.0,-0.0996,0.0498,-0.0996,2,9092575000,1
418210,2025-04,KOSDAQ,완만형,-0.3,2120.0,-0.0557,-0.1751,-0.1893,1,7740900000,1
435380,2025-05,KOSDAQ,완만형,-0.3,2135.0,0.0289,0.0047,-0.0229,1,12204900000,1
435620,2025-05,KOSDAQ,완만형,-0.3,10710.0,0.0318,0.0753,0.0,1,45945360000,1
435870,2025-05,KOSDAQ,완만형,-0.3,2130.0,0.0167,0.0071,-0.0184,1,7942200000,1
437780,2025-05,KOSDAQ,완만형,-0.3,2140.0,0.0264,-0.0115,-0.0382,1,10739050000,1
439250,2025-05,KOSDAQ,완만형,-0.3,10680.0,0.0299,0.0701,0.0,1,37401360000,1
439730,2025-05,KOSDAQ,완만형,-0.3,2130.0,-0.0093,-0.1162,-0.1531,1,9180300000,1
456440,2025-05,KOSDAQ,완만형,-0.3,2170.0,-0.0462,-0.0136,-0.0545,2,11533550000,1
029960,2025-06,KOSDAQ,완만형,-0.3,8940.0,-0.0067,0.2592,-0.0067,2,434311636800,1
438580,2025-06,KOSDAQ,완만형,-0.3,2145.0,0.0263,-0.0592,-0.0853,1,6447700000,1
468510,2025-06,KOSDAQ,완만형,-0.3,2035.0,0.0813,0.0124,-0.0468,2,22486750000,1
000885,2025-07,KOSPI,완만형,-0.3,42250.0,0.0819,0.0549,-0.4058,1,14151246300,1
439410,2025-07,KOSDAQ,완만형,-0.3,2150.0,0.0312,0.0263,0.0,1,18876000000,1
440790,2025-07,KOSDAQ,완만형,-0.3,2150.0,0.0047,-0.0611,-0.0611,1,8687250000,1
440820,2025-07,KOSDAQ,완만형,-0.3,2140.0,0.0288,0.0071,0.0,1,16653000000,1
442130,2025-07,KOSDAQ,완만형,-0.3,2145.0,0.0094,-0.0949,-0.0949,1,7387100000,1
442310,2025-07,KOSDAQ,완만형,-0.3,2135.0,0.0071,-0.0857,-0.0857,3,14325850000,1
445360,2025-07,KOSDAQ,완만형,-0.3,2135.0,0.0264,0.0023,0.0,1,9158750000,1
445970,2025-07,KOSDAQ,완만형,-0.3,2140.0,0.0023,-0.0404,-0.0404,1,11470400000,1
476470,2025-07,KOSDAQ,완만형,-0.3,2195.0,0.0477,0.0023,-0.0309,2,12083475000,1
950110,2025-07,KOSDAQ,완만형,-0.3,4930.0,-0.002,0.7208,-0.009,2,118579022200,1
290380,2025-08,KOSDAQ,완만형,-0.3,1360.0,-0.4087,-0.4087,-0.4087,1,56841307600,1
430220,2025-08,KOSDAQ,완만형,-0.3,2255.0,0.0687,0.0045,-0.0643,2,15243800000,1
442900,2025-10,KOSDAQ,완만형,-0.3,10560.0,0.0282,0.0571,0.0,1,81024000000,1
446750,2025-10,KOSDAQ,완만형,-0.3,2110.0,0.0169,-0.0094,-0.0094,2,12723300000,1
448740,2025-10,KOSDAQ,완만형,-0.3,10620.0,0.0281,0.0546,-0.0028,1,49671600000,1
449020,2025-10,KOSDAQ,완만형,-0.3,2120.0,0.0266,0.0495,0.0,2,20627600000,1
454750,2025-10,KOSDAQ,완만형,-0.3,2100.0,0.0345,0.0244,-0.1429,1,15556320000,1
442770,2025-11,KOSDAQ,완만형,-0.3,1862.0,-0.136,-0.1196,-0.1613,2,7839020000,1
448370,2025-11,KOSDAQ,완만형,-0.3,2115.0,-0.007,0.0292,-0.007,1,11914400000,1
010620,2025-12,KOSPI,완만형,-0.3,223000.0,0.0569,0.6617,-0.0766,2,8907099227000,1
335890,2025-12,KOSDAQ,완만형,-0.3,12500.0,0.0073,0.5528,-0.1039,3,730239062500,1
042670,2026-01,KOSPI,완만형,-0.3,13800.0,-0.1045,0.8776,-0.1045,2,2606147084400,1
446150,2026-01,KOSDAQ,완만형,-0.3,2150.0,-0.0672,0.0539,-0.0672,1,10136250000,1
450050,2026-01,KOSDAQ,완만형,-0.3,2120.0,0.0242,0.0367,0.0,1,10529400000,1
455250,2026-01,KOSDAQ,완만형,-0.3,2115.0,-0.0047,0.0242,-0.0276,1,9040500000,1
454640,2026-02,KOSDAQ,완만형,-0.3,2120.0,0.0217,0.0192,-0.0047,1,11477125000,1
456490,2026-02,KOSDAQ,완만형,-0.3,2130.0,-0.0116,0.0,-0.0491,1,8904000000,1
008110,2026-03,KOSPI,완만형,-0.3,14550.0,-0.0326,-0.0326,-0.0326,1,157776322880,1
450940,2026-03,KOSDAQ,완만형,-0.3,2115.0,0.012,0.0342,0.0,3,9602100000,1
455910,2026-03,KOSDAQ,완만형,-0.3,2110.0,0.011,0.0293,-0.0024,1,10617300000,1
457940,2026-03,KOSDAQ,완만형,-0.3,2100.0,0.0048,0.012,-0.0047,1,6984100000,1
000081,1996-09,KOSPI,정상상승형,0.0,17000.0,0.1565,,-0.0811,1,52804489400,0
000086,1996-09,KOSPI,정상상승형,0.0,8000.0,0.1765,,-0.0794,1,1412565700,0
005181,1996-09,KOSPI,정상상승형,0.0,12200.0,0.2979,,-0.1867,1,25410000000,0
000041,1996-12,KOSPI,정상상승형,0.0,14500.0,0.7683,,-0.0333,1,33060000000,0
004701,1996-12,KOSPI,정상상승형,0.0,16800.0,0.1915,,-0.0118,1,2201505600,0
007611,1996-12,KOSPI,정상상승형,0.0,130000.0,0.9202,,-0.078,1,63647090000,0
014161,1996-12,KOSPI,정상상승형,0.0,28700.0,0.4948,,-0.3432,1,19679991800,0
016641,1996-12,KOSPI,정상상승형,0.0,14100.0,0.2478,,-0.3188,1,15510000000,0
016681,1996-12,KOSPI,정상상승형,0.0,7550.0,0.3246,,-0.3491,1,9770492750,0
016682,1996-12,KOSPI,정상상승형,0.0,8100.0,0.4211,,-0.2957,1,872961300,0
007121,1997-02,KOSDAQ,정상상승형,0.0,14900.0,0.49,,0.0,1,1240248000,0
000231,1997-03,KOSPI,정상상승형,0.0,52500.0,0.262,,0.0,1,38391388200,0
008721,1997-06,KOSPI,정상상승형,0.0,36700.0,0.1121,,-0.0938,1,13411872000,0
015891,1997-06,KOSPI,정상상승형,0.0,25100.0,0.3944,1.0917,-0.0873,1,9531200000,0
030711,1997-06,KOSPI,정상상승형,0.0,12000.0,0.4778,,-0.2,1,10800000000,0
003890,1997-07,KOSDAQ,정상상승형,0.0,33600.0,2.7966,2.5,0.0,3,12768000000,0
000305,1997-10,KOSPI,정상상승형,0.0,11100.0,0.4899,0.9681,-0.3148,1,23550976800,0
015920,1997-11,KOSDAQ,정상상승형,0.0,25000.0,1.193,1.5773,-0.1409,1,8748000000,0
031955,1997-11,KOSDAQ,정상상승형,0.0,26900.0,1.0534,,-0.3471,2,322800000,0
017801,1997-12,KOSPI,정상상승형,0.0,69600.0,1.3278,,-0.0595,1,7496643000,0
023580,1997-12,KOSDAQ,정상상승형,0.0,14300.0,0.1349,0.2119,0.0,2,15832960000,0
026231,1997-12,KOSDAQ,정상상승형,0.0,82500.0,0.9832,,0.0,1,9900000000,0
013575,1998-03,KOSPI,정상상승형,0.0,32500.0,0.3158,0.3158,0.0,2,677917500,0
000930,1998-12,KOSPI,정상상승형,0.0,2720.0,1.0223,0.4316,-0.299,2,34207136160,0
002910,1998-12,KOSPI,정상상승형,0.0,2285.0,0.7245,-0.3791,-0.4967,2,7860400000,0
016921,1998-12,KOSDAQ,정상상승형,0.0,30200.0,0.3917,,0.0,1,1359000000,0
019491,1998-12,KOSDAQ;KOSPI,정상상승형,0.0,47000.0,0.521,-0.0389,-0.0389,1,25991000000,0
000130,1999-01,KOSPI,정상상승형,0.0,7800.0,8.5122,1.5243,0.0,3,2671833574800,0
008890,1999-01,KOSPI,정상상승형,0.0,3005.0,0.1426,-0.4486,-0.4486,2,100166665665,0
008895,1999-01,KOSPI,정상상승형,0.0,2270.0,0.8917,-0.1303,-0.1303,2,4055734090,0
014150,1999-01,KOSPI,정상상승형,0.0,14900.0,1.98,0.9176,0.0,2,304596721700,0
011880,1999-02,KOSPI,정상상승형,0.0,8640.0,1.2737,0.8,0.0,1,578129529600,0
033350,1999-02,KOSDAQ,정상상승형,0.0,15650.0,0.8198,1.3185,0.0,1,4240000000,0
000570,1999-03,KOSPI,정상상승형,0.0,3440.0,1.7302,0.5636,-0.1944,2,100541967040,0
000575,1999-03,KOSPI,정상상승형,0.0,2300.0,2.7705,2.2394,-0.1786,2,12167000000,0
000170,1999-04,KOSPI,정상상승형,0.0,5150.0,1.1822,0.7167,-0.1825,2,61800000000,0
002255,1999-04,KOSPI,정상상승형,0.0,7220.0,1.2527,0.805,0.0,1,763613400,0
009650,1999-04,KOSPI,정상상승형,0.0,11500.0,0.6912,1.3958,-0.08,2,168654860000,0
009655,1999-04,KOSPI,정상상승형,0.0,5590.0,1.236,2.472,-0.076,2,15412418190,0
007020,1999-05,KOSDAQ,정상상승형,0.0,45700.0,0.5233,0.7245,-0.0692,1,58200000000,0
024930,1999-05,KOSDAQ,정상상승형,0.0,37650.0,0.7718,0.8731,0.0,2,61665880800,0
005100,1999-06,KOSPI,정상상승형,0.0,18100.0,0.6606,0.3022,-0.3649,2,193968505200,0
005105,1999-06,KOSPI,정상상승형,0.0,50000.0,0.2136,0.2136,0.0,3,28583650000,0
014340,1999-06,KOSDAQ,정상상승형,0.0,6100.0,0.2708,0.2708,0.0,1,4800000000,0
004280,1999-07,KOSPI,정상상승형,0.0,5470.0,8.1167,13.3947,-0.0404,2,618155515870,0
006540,1999-07,KOSDAQ,정상상승형,0.0,5330.0,0.4026,0.4026,0.0,2,6396000000,0
007170,1999-07,KOSPI,정상상승형,0.0,3770.0,0.5708,2.065,-0.1622,2,28652000000,0
007260,1999-07,KOSDAQ,정상상승형,0.0,12000.0,0.373,9.1695,0.0,1,5760000000,0
012540,1999-07,KOSDAQ,정상상승형,0.0,5740.0,0.59,0.59,0.0,2,13776000000,0
014380,1999-07,KOSDAQ,정상상승형,0.0,50100.0,1.004,1.004,0.0,2,55110000000,0
015910,1999-07,KOSDAQ,정상상승형,0.0,4920.0,0.7571,1.8772,-0.5035,1,1982000000,0
020880,1999-07,KOSDAQ,정상상승형,0.0,6660.0,1.3451,1.3451,-0.2877,1,5610000000,0
023710,1999-07,KOSDAQ,정상상승형,0.0,12100.0,0.1524,0.1524,0.0,2,3630000000,0
026930,1999-07,KOSDAQ,정상상승형,0.0,14350.0,0.2478,-0.4744,-0.4744,2,5166000000,0
026950,1999-07,KOSDAQ,정상상승형,0.0,36150.0,1.4592,1.4592,0.0,2,60792225900,0
005660,1999-08,KOSPI,정상상승형,0.0,6550.0,0.5821,4.1984,0.0,2,111057588350,0
004480,1999-09,KOSDAQ,정상상승형,0.0,28000.0,0.931,2.5,0.0,1,14653900000,0
012350,1999-10,KOSDAQ,정상상승형,0.0,3700.0,0.4859,0.9372,-0.5805,1,962000000,0
023140,1999-10,KOSDAQ,정상상승형,0.0,83000.0,0.66,0.1067,-0.5632,1,13031000000,0
029890,1999-10,KOSPI,정상상승형,0.0,18150.0,0.6133,0.9309,-0.2896,1,3557180000000,0
013781,1999-12,KOSDAQ,정상상승형,0.0,87100.0,1.7092,23.8857,0.0,1,967777681000,0
016601,1999-12,KOSDAQ,정상상승형,0.0,63300.0,8.2815,,0.0,1,126600000000,0
024951,1999-12,KOSDAQ,정상상승형,0.0,38000.0,0.2838,,0.0,2,2280000000,0
025981,1999-12,KOSDAQ,정상상승형,0.0,10350.0,1.1562,,-0.0417,1,6230700000,0
004735,2000-01,KOSPI,정상상승형,0.0,38450.0,5.0078,4.8258,-0.4346,3,72209100,0
034270,2000-01,KOSDAQ,정상상승형,0.0,7890.0,0.1271,,0.0,2,71609482200,0
034280,2000-01,KOSDAQ,정상상승형,0.0,9520.0,0.1333,,0.0,2,94245144000,0
034430,2000-01,KOSDAQ,정상상승형,0.0,6970.0,0.2446,,-0.0707,1,4003186000,0
034460,2000-01,KOSDAQ,정상상승형,0.0,6650.0,0.1083,,0.0,2,23763775000,0
034580,2000-01,KOSPI,정상상승형,0.0,10500.0,0.4286,,0.0,1,225383047500,0
005790,2000-02,KOSPI,정상상승형,0.0,7400.0,0.2033,0.0082,-0.0513,3,39313136400,0
034650,2000-02,KOSDAQ,정상상승형,0.0,6580.0,0.2415,,0.0,2,54550832000,0
034820,2000-03,KOSDAQ,정상상승형,0.0,7290.0,0.211,,-0.0319,1,289418744000,0
034850,2000-03,KOSPI,정상상승형,0.0,5910.0,0.3133,,0.0,1,383971833840,0
034920,2000-03,KOSDAQ,정상상승형,0.0,6550.0,0.4556,,0.0,1,81007472000,0
034960,2000-04,KOSDAQ,정상상승형,0.0,7540.0,0.3228,,0.0,1,212106432000,0
034990,2000-04,KOSPI,정상상승형,0.0,4860.0,0.1071,,-0.028,1,140523718300,0
035040,2000-04,KOSPI,정상상승형,0.0,5930.0,0.3326,,-0.0389,1,96424409200,0
007090,2000-05,KOSDAQ,정상상승형,0.0,35150.0,4.8486,26.4609,0.0,3,28120000000,0
001850,2000-06,KOSDAQ,정상상승형,0.0,38800.0,0.2721,2.5273,-0.3851,1,93980000000,0
003430,2000-06,KOSDAQ,정상상승형,0.0,178000.0,1.9716,1.0227,-0.5792,1,18481500000,0
005370,2000-06,KOSDAQ,정상상승형,0.0,20150.0,0.2594,-0.2778,-0.3064,1,16900000000,0
007930,2000-06,KOSDAQ,정상상승형,0.0,173000.0,2.6498,5.4074,-0.1762,1,32256000000,0
035310,2000-06,KOSDAQ,정상상승형,0.0,6620.0,0.122,,-0.0015,1,79357122000,0
016397,2000-08,KOSPI,정상상승형,0.0,50000.0,17.3824,,0.0,1,93470000000,0
036780,2000-10,KOSDAQ,정상상승형,0.0,5490.0,0.2146,,-0.0402,2,10239399000,0
023771,2000-12,KOSDAQ,정상상승형,0.0,31600.0,0.1286,,-0.3551,1,8848000000,0
039210,2001-02,KOSDAQ,정상상승형,0.0,5150.0,0.1075,,0.0,1,25889130000,0
040270,2001-02,KOSDAQ,정상상승형,0.0,5170.0,0.119,,0.0,1,25753364000,0
009050,2001-03,KOSPI,정상상승형,0.0,4340.0,0.5445,0.1421,-0.0565,1,597608687200,0
042300,2001-04,KOSDAQ,정상상승형,0.0,4390.0,0.1314,,-0.4919,2,5885234000,0
043040,2001-04,KOSDAQ,정상상승형,0.0,4670.0,0.1363,,-0.4614,2,8251890000,0
043400,2001-04,KOSDAQ,정상상승형,0.0,4200.0,0.1321,,-0.1232,1,13614986000,0
043700,2001-04,KOSDAQ,정상상승형,0.0,4240.0,0.2848,,-0.5695,2,1384360000,0
002740,2001-05,KOSPI,정상상승형,0.0,9910.0,0.3977,0.1659,0.0,2,111227877820,0
002745,2001-05,KOSPI,정상상승형,0.0,6800.0,0.323,0.3002,0.0,2,11514188400,0
030700,2001-05,KOSDAQ,정상상승형,0.0,11300.0,0.13,-0.4235,-0.4769,2,1771091002100,0
044400,2001-05,KOSDAQ,정상상승형,0.0,4520.0,0.1106,,-0.096,2,8928808000,0
045860,2001-06,KOSDAQ,정상상승형,0.0,5350.0,0.4382,,-0.0776,2,5745900000,0
046820,2001-07,KOSDAQ,정상상승형,0.0,5480.0,0.1299,,0.0,2,10089776000,0
047890,2001-07,KOSDAQ,정상상승형,0.0,5540.0,0.1306,,-0.5971,2,1385000000,0
015580,2001-09,KOSPI,정상상승형,0.0,12500.0,0.1737,0.0,-0.1135,2,3403073500000,0
023780,2001-09,KOSDAQ,정상상승형,0.0,3660.0,0.1619,0.2159,-0.0394,2,58560000000,0
042665,2001-10,KOSPI,정상상승형,0.0,5900.0,0.1753,,-0.2338,1,11350268100,0
042675,2001-10,KOSPI,정상상승형,0.0,1790.0,0.2786,,-0.1517,1,2620234980,0
023130,2001-11,KOSPI,정상상승형,0.0,20000.0,0.2048,0.476,0.0,2,6071728660000,0
027460,2001-11,KOSPI,정상상승형,0.0,33750.0,0.1968,0.2981,0.0,2,4048947303750,0
008985,2001-12,KOSPI,정상상승형,0.0,1510.0,0.1937,0.6064,0.0,2,1510000000,0
001690,2002-01,KOSPI,정상상승형,0.0,4900.0,0.2694,0.3225,0.0,2,41128855600,0
001695,2002-01,KOSPI,정상상승형,0.0,3950.0,0.5019,0.6809,0.0,2,5530000000,0
001697,2002-01,KOSPI,정상상승형,0.0,5800.0,0.2367,0.4987,-0.2378,2,1662807800,0
008530,2002-02,KOSPI,정상상승형,0.0,6730.0,0.1745,0.3043,-0.0103,2,93410273320,0
039500,2002-03,KOSDAQ,정상상승형,0.0,22600.0,0.7795,0.4487,0.0,2,33900000000,0
052530,2002-03,KOSDAQ,정상상승형,0.0,5400.0,0.1368,,0.0,3,1085940000,0
004110,2002-04,KOSPI,정상상승형,0.0,20100.0,6.1658,11.4458,0.0,1,6138179490,0
053530,2002-04,KOSDAQ,정상상승형,0.0,5720.0,0.1107,0.1794,0.0,2,77148608680,0
035030,2002-05,KOSDAQ,정상상승형,0.0,4710.0,0.2395,0.3457,0.0,2,43824195000,0
021740,2002-10,KOSDAQ,정상상승형,0.0,1530.0,1.7321,0.0699,-0.4,2,6112573380,0
005890,2003-07,KOSPI,정상상승형,0.0,6700.0,0.1512,-0.0733,-0.131,1,429660044800,0
046930,2003-07,KOSDAQ,정상상승형,0.0,19400.0,0.8047,0.4586,0.0,2,137766675000,0
000985,2003-10,KOSPI,정상상승형,0.0,7600.0,0.2102,0.0188,-0.0039,2,625571200,0
031150,2003-10,KOSDAQ,정상상승형,0.0,17300.0,0.2768,-0.3459,-0.4473,2,1266360000000,0
018020,2003-11,KOSPI,정상상승형,0.0,510.0,0.9245,0.02,-0.5405,1,13699474960,0
067700,2004-01,KOSDAQ,정상상승형,0.0,5230.0,0.1469,0.2423,-0.0113,1,26873200000,0
011815,2004-02,KOSPI,정상상승형,0.0,17700.0,0.3511,0.1919,-0.0084,1,535500000,0
004837,2004-03,KOSPI,정상상승형,0.0,3870.0,0.2094,0.2484,-0.0851,1,1024512000,0
047060,2004-08,KOSDAQ,정상상승형,0.0,7240.0,0.2067,0.0647,0.0,1,98657288280,0
000380,2004-10,KOSDAQ,정상상승형,0.0,2800.0,0.1618,0.1594,-0.0444,2,31640000000,0
007830,2004-12,KOSDAQ,정상상승형,0.0,13750.0,0.2972,0.4785,-0.0179,1,59581500000,0
033020,2004-12,KOSDAQ,정상상승형,0.0,850.0,0.7172,0.6038,-0.0556,1,12744000000,0
043790,2004-12,KOSDAQ,정상상승형,0.0,125000.0,0.3048,0.8657,-0.0111,2,1598752500000,0
008670,2005-01,KOSPI,정상상승형,0.0,3450.0,0.2256,-0.3727,-0.3727,2,536738407500,0
008675,2005-01,KOSPI,정상상승형,0.0,2090.0,0.2667,-0.3125,-0.3125,2,7990726260,0
007910,2005-02,KOSPI,정상상승형,0.0,10000.0,0.7825,0.8484,0.0,1,30592000000,0
009760,2005-04,KOSPI,정상상승형,0.0,1500.0,0.1765,-0.0196,-0.2308,1,77951213900,0
002480,2005-05,KOSDAQ,정상상승형,0.0,8500.0,0.4407,0.4143,0.0,2,5549752000,0
032180,2005-05,KOSDAQ,정상상승형,0.0,6600.0,0.4348,0.9412,0.0,2,32010000000,0
033220,2005-05,KOSDAQ,정상상승형,0.0,18000.0,0.3333,0.0435,0.0,2,4320000000,0
008270,2005-06,KOSPI,정상상승형,0.0,4910.0,0.696,0.874,-0.0111,1,304659783400,0
009080,2005-08,KOSPI,정상상승형,0.0,16500.0,0.2406,0.564,0.0,2,119538672000,0
009085,2005-08,KOSPI,정상상승형,0.0,9740.0,0.2987,0.5659,-0.2177,2,1511959680,0
039870,2005-11,KOSDAQ,정상상승형,0.0,8400.0,0.2632,0.1367,-0.0059,2,276636948000,0
002860,2005-12,KOSPI,정상상승형,0.0,42800.0,0.5451,0.6589,0.0,2,8035720672400,0
006445,2005-12,KOSPI,정상상승형,0.0,7400.0,0.3962,0.3962,-0.1778,1,13320000000,0
019560,2005-12,KOSDAQ,정상상승형,0.0,2140.0,0.2814,2.0571,0.0,1,99879000000,0
049370,2006-04,KOSDAQ,정상상승형,0.0,22300.0,0.517,0.8583,-0.0591,1,344013100900,0
001837,2007-05,KOSPI,정상상승형,0.0,3800.0,0.2258,-0.0155,-0.0821,2,771628000,0
006347,2007-06,KOSPI,정상상승형,0.0,9550.0,0.8156,0.6522,-0.0637,1,454512000,0
011020,2007-06,KOSPI,정상상승형,0.0,22400.0,0.8361,0.697,0.0,2,208158720000,0
042945,2007-07,KOSDAQ,정상상승형,0.0,2700.0,0.4674,0.6463,0.0,2,3059999100,0
012990,2007-11,KOSPI,정상상승형,0.0,52400.0,0.2749,1.1698,0.0,2,2368480000000,0
034750,2008-07,KOSDAQ,정상상승형,0.0,3155.0,0.2373,0.0277,0.0,1,50848125000,0
088510,2008-08,KOSPI,정상상승형,0.0,6140.0,0.1808,0.0964,0.0,1,6322602720,0
089170,2008-11,KOSPI,정상상승형,0.0,8800.0,0.375,0.6236,0.0,2,18796430400,0
089180,2008-11,KOSPI,정상상승형,0.0,8760.0,0.3687,0.6073,0.0,2,18710992080,0
089190,2008-11,KOSPI,정상상승형,0.0,8750.0,0.3672,0.6085,0.0,2,18689632500,0
089200,2008-11,KOSPI,정상상승형,0.0,8800.0,0.3559,0.6147,0.0,2,18796430400,0
007640,2009-02,KOSDAQ,정상상승형,0.0,7510.0,0.1448,0.1044,0.0,1,187141462500,0
072430,2009-02,KOSDAQ,정상상승형,0.0,3700.0,0.135,0.4859,0.0,2,41349960500,0
084697,2009-04,KOSPI,정상상승형,0.0,2500.0,0.1574,-0.3639,-0.422,2,1657132500,0
002027,2009-05,KOSPI,정상상승형,0.0,35400.0,0.6857,0.0143,0.0,2,6157369800,0
004137,2009-07,KOSPI,정상상승형,0.0,8700.0,1.0233,0.4146,0.0,1,3440200000,0
016990,2009-07,KOSDAQ,정상상승형,0.0,56000.0,1.5,0.3176,-0.0345,2,603474144000,0
042100,2009-07,KOSPI,정상상승형,0.0,4450.0,0.5451,0.0434,-0.0389,2,1031479286100,0
001370,2009-08,KOSPI,정상상승형,0.0,12950.0,0.713,-0.1564,-0.1564,2,155446620000,0
001375,2009-08,KOSPI,정상상승형,0.0,6970.0,0.2228,0.0175,-0.0085,2,5050580490,0
044070,2009-08,KOSDAQ,정상상승형,0.0,3440.0,0.8696,1.1841,-0.1179,2,59232985040,0
073710,2009-09,KOSDAQ,정상상승형,0.0,10000.0,0.3089,0.4599,0.0,2,143000000000,0
001049,2010-01,KOSPI,정상상승형,0.0,61300.0,0.2946,1.0957,0.0,2,32683504900,0
097959,2010-01,KOSPI,정상상승형,0.0,211000.0,0.256,0.529,-0.0786,2,66071063000,0
004025,2010-03,KOSPI,정상상승형,0.0,89800.0,0.1678,1.1902,0.0,1,36740239200,0
066930,2010-06,KOSDAQ,정상상승형,0.0,40000.0,0.2539,0.6949,0.0,1,319600000000,0
036850,2010-07,KOSDAQ,정상상승형,0.0,5400.0,0.8462,0.5254,0.0,2,90742696200,0
044640,2010-11,KOSDAQ,정상상승형,0.0,6100.0,1.3922,1.3372,0.0,2,152018356200,0
051820,2011-01,KOSDAQ,정상상승형,0.0,15450.0,0.3038,2.5847,0.0,2,256377346350,0
009720,2011-02,KOSPI,정상상승형,0.0,55000.0,0.4493,0.8933,0.0,1,439998937500,0
037150,2011-03,KOSDAQ,정상상승형,0.0,22050.0,0.9174,0.6095,0.0,2,502767849150,0
045710,2011-03,KOSPI,정상상승형,0.0,5610.0,0.4686,0.5605,0.0,2,662529723900,0
056200,2011-03,KOSDAQ,정상상승형,0.0,4495.0,0.8887,1.0202,0.0,2,267872791490,0
004620,2011-05,KOSPI,정상상승형,0.0,13950.0,0.2237,0.2977,0.0,2,67904861400,0
016510,2011-07,KOSPI,정상상승형,0.0,13600.0,0.277,0.5061,-0.0251,2,122400000000,0
900020,2011-11,KOSDAQ,정상상승형,0.0,4300.0,0.303,0.6015,-0.0138,1,130800000000,0
037320,2012-03,KOSDAQ,정상상승형,0.0,503.0,2.4218,2.3311,0.0,2,38082506747,0
035210,2012-10,KOSDAQ,정상상승형,0.0,3700.0,0.2092,0.1897,0.0,1,79115250000,0
038990,2012-10,KOSDAQ,정상상승형,0.0,16500.0,0.4732,1.3077,0.0,1,288669612000,0
043890,2012-10,KOSDAQ,정상상승형,0.0,28000.0,0.174,0.25,0.0,1,392959056000,0
026870,2012-11,KOSPI,정상상승형,0.0,37000.0,0.3333,0.2272,0.0,3,358900000000,0
009380,2013-01,KOSPI,정상상승형,0.0,8550.0,0.2574,0.4921,0.0,2,58540199850,0
009385,2013-01,KOSPI,정상상승형,0.0,1505.0,0.2918,0.3559,-0.0033,2,3680524155,0
036585,2013-06,KOSPI,정상상승형,0.0,6000.0,0.5228,0.8663,0.0,2,6730578000,0
006350,2013-07,KOSPI,정상상승형,0.0,6170.0,0.3283,0.3834,-0.0374,2,412306313540,0
008080,2013-09,KOSPI,정상상승형,0.0,4500.0,6.6792,4.2326,0.0,1,100000,0
900060,2013-10,KOSDAQ,정상상승형,0.0,4500.0,0.3636,0.7013,-0.1892,1,131066962950,0
010460,2014-04,KOSPI,정상상승형,0.0,28000.0,0.1245,0.1546,-0.1463,1,290458027000,0
008720,2014-12,KOSPI,정상상승형,0.0,27700.0,0.3066,0.4169,-0.0142,2,34223904000,0
090540,2015-01,KOSPI,정상상승형,0.0,4430.0,0.2087,0.2054,0.0,2,40756000000,0
053740,2015-02,KOSDAQ,정상상승형,0.0,25000.0,0.139,0.4205,0.0,3,246300000000,0
003600,2015-08,KOSPI,정상상승형,0.0,207000.0,0.1129,0.2897,0.0,2,9721095084000,0
003605,2015-08,KOSPI,정상상승형,0.0,199500.0,0.8303,0.6352,0.0,2,101729040000,0
000835,2015-09,KOSPI,정상상승형,0.0,36950.0,0.1547,-0.2755,-0.2755,2,171767728350,0
003940,2016-01,KOSPI,정상상승형,0.0,213500.0,0.1326,0.9953,-0.0615,2,406911144500,0
008900,2016-05,KOSPI,정상상승형,0.0,2805.0,0.3357,0.554,0.0,2,45559418685,0
025270,2016-08,KOSDAQ,정상상승형,0.0,7020.0,0.2041,-0.237,-0.237,2,56160000000,0
104110,2016-12,KOSPI,정상상승형,0.0,3590.0,0.2211,0.0287,-0.1996,1,69481376960,0
083350,2017-06,KOSPI,정상상승형,0.0,5020.0,0.1409,0.2534,0.0,2,7960013200,0
083360,2017-06,KOSPI,정상상승형,0.0,5010.0,0.153,0.1183,0.0,2,7944156600,0
083390,2017-06,KOSPI,정상상승형,0.0,5020.0,0.1409,0.2613,0.0,2,7960013200,0
002550,2017-07,KOSPI,정상상승형,0.0,32800.0,0.3333,0.1549,-0.003,1,2187850000000,0
900130,2017-07,KOSDAQ,정상상승형,0.0,1650.0,0.3147,0.5493,-0.4536,1,168757600000,0
005620,2017-08,KOSPI,정상상승형,0.0,61700.0,0.362,1.5132,0.0,2,111003050900,0
000327,2017-09,KOSPI,정상상승형,0.0,19600.0,0.12,0.0235,0.0,2,1813784000,0
002000,2018-12,KOSPI,정상상승형,0.0,53500.0,0.4459,0.5735,-0.3253,1,799317038000,0
002005,2018-12,KOSPI,정상상승형,0.0,41400.0,0.4202,0.4058,-0.5642,1,43202865000,0
140890,2019-05,KOSPI,정상상승형,0.0,3595.0,0.2908,0.1787,0.0,2,34821170000,0
027390,2020-04,KOSPI,정상상승형,0.0,23100.0,0.2126,-0.2401,-0.2401,3,138603026100,0
002300,2020-07,KOSPI,정상상승형,0.0,19300.0,0.1914,0.0634,0.0,2,96595515700,0
004200,2020-07,KOSPI,정상상승형,0.0,11000.0,0.3269,1.5492,0.0,2,167413884000,0
003415,2020-12,KOSPI,정상상승형,0.0,25350.0,0.6678,1.0779,-0.4483,2,39132414750,0
057500,2020-12,KOSDAQ,정상상승형,0.0,5950.0,0.4,0.593,-0.1883,1,368964240000,0
152330,2020-12,KOSPI,정상상승형,0.0,16550.0,0.2305,0.0248,0.0,2,331000000000,0
005190,2021-04,KOSPI,정상상승형,0.0,17900.0,0.1548,0.1438,0.0,2,95506595600,0
023890,2021-04,KOSDAQ,정상상승형,0.0,62200.0,0.2772,0.2668,0.0,2,569130000000,0
028150,2021-07,KOSDAQ,정상상승형,0.0,154900.0,0.1323,0.4613,-0.0227,2,1016531250000,0
043290,2021-07,KOSDAQ,정상상승형,0.0,3655.0,0.6066,1.2018,-0.0851,2,140730552005,0
033660,2021-08,KOSPI,정상상승형,0.0,11500.0,0.1058,-0.0254,-0.0945,2,661777735000,0
213090,2021-10,KOSDAQ,정상상승형,0.0,11750.0,0.3759,0.5339,-0.082,2,71919259000,0
036490,2021-12,KOSDAQ,정상상승형,0.0,402900.0,0.1443,0.126,-0.0409,2,4249657451700,0
015350,2022-01,KOSPI,정상상승형,0.0,84400.0,0.3813,0.5659,-0.0012,2,928400000000,0
041140,2022-04,KOSDAQ,정상상승형,0.0,25400.0,1.1435,0.7338,0.0,2,898482378800,0
153360,2022-04,KOSPI,정상상승형,0.0,2770.0,0.1215,0.6994,0.0,1,44331173550,0
220630,2022-05,KOSDAQ,정상상승형,0.0,62000.0,12.6865,14.4806,0.0,1,658759425570,0
950180,2022-05,KOSDAQ,정상상승형,0.0,36800.0,1.0054,0.6356,-0.0081,1,781392780000,0
046110,2022-10,KOSDAQ,정상상승형,0.0,12000.0,0.3143,0.7417,-0.0514,2,143450724000,0
337450,2022-10,KOSDAQ,정상상승형,0.0,3200.0,0.4679,0.4884,-0.2344,2,13792000000,0
341160,2022-12,KOSDAQ,정상상승형,0.0,2655.0,0.1469,0.2465,0.0,1,11139150000,0
000060,2023-02,KOSPI,정상상승형,0.0,51600.0,0.3455,0.2555,0.0,2,5732970012000,0
344050,2023-02,KOSDAQ,정상상승형,0.0,4950.0,1.1663,1.3404,0.0,2,21309750000,0
387310,2023-03,KOSDAQ,정상상승형,0.0,5070.0,1.0526,1.3045,0.0,2,27682200000,0
397500,2023-03,KOSDAQ,정상상승형,0.0,3535.0,0.319,0.6253,0.0,2,26901350000,0
008560,2023-04,KOSPI,정상상승형,0.0,6100.0,0.6486,-0.0687,-0.1311,2,3751747531900,0
396770,2023-04,KOSDAQ,정상상승형,0.0,3505.0,0.6005,0.5647,-0.0703,1,24182200000,0
426670,2023-04,KOSDAQ,정상상승형,0.0,2580.0,0.2374,,-0.2049,2,14989800000,0
388220,2023-05,KOSDAQ,정상상승형,0.0,2835.0,0.2828,0.2886,-0.1625,2,17888850000,0
048260,2023-08,KOSDAQ,정상상승형,0.0,1900000.0,9.155,13.7287,0.0,1,2928378240000,0
409570,2023-08,KOSDAQ,정상상승형,0.0,3305.0,0.6321,0.5408,-0.035,1,18529250000,0
366330,2023-09,KOSDAQ,정상상승형,0.0,8770.0,2.9864,3.2062,0.0,2,39903500000,0
367480,2023-09,KOSDAQ,정상상승형,0.0,3940.0,0.9034,0.8199,0.0,2,25570600000,0
400560,2023-09,KOSDAQ,정상상승형,0.0,2785.0,0.2215,0.2215,-0.0943,2,8494250000,0
085370,2023-10,KOSDAQ,정상상승형,0.0,36700.0,0.417,1.022,-0.0014,1,950784791250,0
08537M,2023-10,KOSDAQ,정상상승형,0.0,55300.0,0.6193,1.212,-0.0018,2,8490540800,0
367360,2023-11,KOSDAQ,정상상승형,0.0,6020.0,1.8329,1.9582,0.0,1,25168000000,0
405350,2023-11,KOSDAQ,정상상승형,0.0,3800.0,0.5702,0.6,-0.1284,2,10336000000,0
450410,2023-12,KOSDAQ,정상상승형,0.0,5450.0,1.4439,,0.0,2,21364000000,0
091990,2024-01,KOSDAQ,정상상승형,0.0,75900.0,0.1535,0.3269,0.0,2,12482872551600,0
404950,2024-01,KOSDAQ,정상상승형,0.0,3150.0,0.4858,0.5479,-0.0248,2,18396000000,0
427950,2024-01,KOSDAQ,정상상승형,0.0,5700.0,1.4153,1.801,0.0,1,27531000000,0
001880,2024-02,KOSPI,정상상승형,0.0,14350.0,0.2028,-0.0284,-0.0446,1,316464625400,0
372290,2024-02,KOSDAQ,정상상승형,0.0,4790.0,0.9917,1.2541,0.0,2,20616160000,0
426550,2024-02,KOSDAQ,정상상승형,0.0,6300.0,1.7097,1.8442,0.0,2,32004000000,0
397880,2024-03,KOSDAQ,정상상승형,0.0,3425.0,0.3431,0.593,-0.124,2,15207000000,0
001725,2024-04,KOSPI,정상상승형,0.0,63800.0,0.1516,0.1558,-0.0348,1,437167536000,0
419270,2024-04,KOSDAQ,정상상승형,0.0,5200.0,1.1443,1.3853,0.0,1,20857725000,0
436530,2024-05,KOSDAQ,정상상승형,0.0,4760.0,1.1935,1.2347,0.0,2,24847200000,0
006580,2024-06,KOSDAQ,정상상승형,0.0,5300.0,0.2311,0.6258,-0.4208,1,245677500000,0
405640,2024-06,KOSDAQ,정상상승형,0.0,3920.0,0.6402,0.7345,-0.1432,2,17777200000,0
003410,2024-07,KOSPI,정상상승형,0.0,7000.0,0.1609,0.3233,-0.0014,2,3106508062000,0
436610,2024-09,KOSDAQ,정상상승형,0.0,3375.0,0.4803,0.6423,-0.1625,2,20317500000,0
282690,2024-10,KOSPI,정상상승형,0.0,13500.0,0.1066,0.1688,0.0,2,185395702500,0
138580,2024-11,KOSDAQ,정상상승형,0.0,15850.0,0.1273,0.1569,0.0,3,357515183550,0
438220,2024-11,KOSDAQ,정상상승형,0.0,2605.0,0.1451,0.1451,-0.1597,2,14692200000,0
458320,2025-03,KOSDAQ,정상상승형,0.0,3020.0,0.4079,0.1797,0.0,1,16570050000,1
477530,2025-04,KOSDAQ,정상상승형,0.0,3490.0,0.5341,,0.0,1,13636350000,1
457390,2025-05,KOSDAQ,정상상승형,0.0,3435.0,0.4403,0.5578,0.0,2,24165225000,1
049770,2025-07,KOSPI,정상상승형,0.0,44700.0,0.5076,0.0732,0.0,1,810416040000,1
000075,2025-08,KOSPI,정상상승형,0.0,83500.0,0.4105,0.5265,-0.0302,2,12599649000,1
005390,2025-09,KOSPI,정상상승형,0.0,4100.0,0.9855,0.7787,0.0,1,581300437550,1
010420,2025-09,KOSPI,정상상승형,0.0,1888.0,0.2118,0.805,0.0,1,38526862560,1
446190,2025-09,KOSDAQ,정상상승형,0.0,2965.0,0.3759,0.3033,0.0,2,14676750000,1
006390,2025-11,KOSPI,정상상승형,0.0,18010.0,0.1313,0.2837,-0.1062,2,348091372720,1
448760,2025-12,KOSDAQ,정상상승형,0.0,5570.0,1.4484,1.6524,0.0,1,20732400000,1
448830,2026-01,KOSDAQ,정상상승형,0.0,3200.0,0.4849,0.4953,0.0,2,15744000000,1
450140,2026-01,KOSPI,정상상승형,0.0,7290.0,1.6654,1.4966,-0.5257,2,457646152500,1
478780,2026-01,KOSDAQ,정상상승형,0.0,3250.0,0.4874,0.6089,0.0,2,25707500000,1
019440,2026-02,KOSPI,정상상승형,0.0,18870.0,0.1831,0.446,0.0,2,161715900000,1
052670,2026-02,KOSDAQ,정상상승형,0.0,320000.0,152.8462,152.8462,0.0,1,60588453120,1
016070,1996-02,KOSPI,폭락형,-0.5,100.0,,,-0.375,1,206976000,0
009990,1996-03,KOSPI,폭락형,-0.5,50.0,,,-0.881,1,72526400,0
009995,1996-03,KOSPI,폭락형,-0.5,20.0,,,-0.9412,1,19000000,0
012150,1996-04,KOSPI,폭락형,-0.5,20.0,,,-0.9535,1,305536000,0
010030,1996-06,KOSPI,폭락형,-0.5,150.0,,,-0.9176,1,120306400,0
011540,1996-07,KOSPI,폭락형,-0.5,90.0,-0.9565,,-0.9565,1,630000000,0
005936,1996-12,KOSPI,폭락형,-0.5,20500.0,-0.3279,,-0.665,1,111983156500,0
008921,1996-12,KOSDAQ,폭락형,-0.5,12300.0,,,-0.618,1,984000000,0
018740,1996-12,KOSDAQ,폭락형,-0.5,1600.0,,,-0.6,1,512000000,0
018860,1996-12,KOSDAQ,폭락형,-0.5,900.0,,,-0.75,1,2340000000,0
020881,1996-12,KOSDAQ,폭락형,-0.5,6510.0,,,-0.8852,1,1302000000,0
026941,1996-12,KOSDAQ,폭락형,-0.5,11800.0,,,-0.6456,1,4720000000,0
003970,1997-01,KOSPI,폭락형,-0.5,6100.0,-0.3068,-0.5,-0.5,2,14274000000,0
004011,1997-06,KOSPI,폭락형,-0.5,7360.0,-0.5671,,-0.8022,1,22452307200,0
005000,1997-06,KOSPI,폭락형,-0.5,70.0,-0.9,-0.9449,-0.9449,1,46018560,0
004260,1997-08,KOSPI,폭락형,-0.5,67000.0,-0.3057,-0.5248,-0.5503,2,28944000000,0
007790,1997-11,KOSPI,폭락형,-0.5,10.0,-0.9688,-0.9783,-0.9783,1,117840000,0
000161,1997-12,KOSPI,폭락형,-0.5,3550.0,-0.7724,-0.8277,-0.8277,1,930864000,0
004481,1997-12,KOSDAQ,폭락형,-0.5,9900.0,-0.67,,-0.7105,1,456944400,0
008170,1997-12,KOSDAQ,폭락형,-0.5,1860.0,-0.8042,-0.7343,-0.8042,2,2849520000,0
011791,1997-12,KOSPI,폭락형,-0.5,7380.0,,,-0.631,1,35472000000,0
013691,1997-12,KOSDAQ,폭락형,-0.5,980.0,,,-0.8024,1,38619840000,0
024091,1997-12,KOSDAQ,폭락형,-0.5,30800.0,-0.5942,1.464,-0.6645,1,3984000000,0
024093,1997-12,KOSDAQ,폭락형,-0.5,25300.0,,,-0.6941,1,6006000000,0
031804,1997-12,KOSDAQ,폭락형,-0.5,6040.0,-0.9226,,-0.9451,1,35863325200,0
032582,1997-12,KOSDAQ,폭락형,-0.5,21000.0,-0.58,,-0.65,1,4068000000,0
032591,1997-12,KOSDAQ,폭락형,-0.5,23200.0,-0.6317,,-0.6317,3,1160000000,0
032611,1997-12,KOSDAQ,폭락형,-0.5,4840.0,-0.7067,,-0.7426,1,2676000000,0
032621,1997-12,KOSDAQ,폭락형,-0.5,18500.0,-0.5934,,-0.6064,1,3330000000,0
003665,1998-02,KOSPI,폭락형,-0.5,540.0,-0.5304,-0.6625,-0.6625,2,270000000,0
015780,1998-03,KOSPI,폭락형,-0.5,5.0,-0.9737,-0.9828,-0.9828,1,176963640,0
002830,1998-04,KOSDAQ,폭락형,-0.5,4800.0,-0.5514,-0.6308,-0.6308,2,9024000000,0
013730,1998-04,KOSDAQ,폭락형,-0.5,10200.0,-0.5211,-0.15,-0.6495,1,4800000000,0
003500,1998-05,KOSPI,폭락형,-0.5,100.0,-0.9248,-0.9714,-0.9714,1,143000000,0
010530,1998-05,KOSPI,폭락형,-0.5,15.0,-0.9375,-0.9864,-0.9864,1,320000000,0
010970,1998-05,KOSPI,폭락형,-0.5,20.0,-0.9459,-0.984,-0.984,1,149519925,0
012190,1998-06,KOSPI,폭락형,-0.5,610.0,-0.3222,-0.8306,-0.8306,1,13621276210,0
012195,1998-06,KOSPI,폭락형,-0.5,280.0,-0.3333,-0.8526,-0.8526,1,701508840,0
032970,1998-06,KOSDAQ,폭락형,-0.5,120.0,-0.7447,,-0.9904,1,196100000,0
010910,1998-07,KOSPI,폭락형,-0.5,5.0,-0.9906,-0.9946,-0.9946,1,11310770,0
014210,1998-07,KOSDAQ,폭락형,-0.5,4000.0,-0.3399,-0.708,-0.708,2,912000000,0
014400,1998-07,KOSPI,폭락형,-0.5,5.0,-0.995,-0.9998,-0.9998,2,18540000,0
014490,1998-07,KOSPI,폭락형,-0.5,5.0,-0.994,-0.9989,-0.9989,2,30000000,0
014980,1998-07,KOSPI,폭락형,-0.5,5.0,-0.9962,-0.9998,-0.9998,1,40000000,0
015080,1998-07,KOSPI,폭락형,-0.5,5.0,-0.9722,-0.9992,-0.9992,2,20000000,0
016350,1998-07,KOSPI,폭락형,-0.5,5.0,-0.9978,-0.9998,-0.9998,2,35864000,0
016355,1998-07,KOSPI,폭락형,-0.5,5.0,-0.9917,-0.999,-0.999,2,10000000,0
016480,1998-07,KOSPI,폭락형,-0.5,5.0,-0.9962,-0.9997,-0.9997,1,84872000,0
016500,1998-07,KOSPI,폭락형,-0.5,5.0,-0.9737,-0.9993,-0.9993,2,50000000,0
016690,1998-07,KOSPI,폭락형,-0.5,5.0,-0.9839,-0.9992,-0.9992,2,40450000,0
017110,1998-07,KOSPI,폭락형,-0.5,5.0,-0.9722,-0.9991,-0.9991,2,31000000,0
004750,1998-08,KOSDAQ,폭락형,-0.5,2850.0,-0.525,-0.8434,-0.8451,1,102000000,0
010220,1998-08,KOSPI,폭락형,-0.5,15.0,-0.9783,-0.9979,-0.9979,1,72043280,0
013690,1998-08,KOSDAQ,폭락형,-0.5,500.0,-0.6689,-0.9332,-0.9412,1,28817100000,0
014250,1998-08,KOSDAQ,폭락형,-0.5,200.0,-0.7778,-0.9892,-0.9892,1,257538400,0
014390,1998-08,KOSPI,폭락형,-0.5,15.0,-0.992,-0.9993,-0.9993,1,60000000,0
014660,1998-08,KOSDAQ,폭락형,-0.5,1240.0,-0.7304,-0.5231,-0.752,2,731600000,0
000090,1998-10,KOSPI,폭락형,-0.5,1480.0,-0.2086,-0.7357,-0.7357,3,8880000000,0
001090,1998-10,KOSPI,폭락형,-0.5,5.0,-0.9951,-0.9992,-0.9992,1,349129120,0
001095,1998-10,KOSPI,폭락형,-0.5,5.0,-0.9831,-0.9985,-0.9985,2,112635440,0
002730,1998-10,KOSPI,폭락형,-0.5,5.0,-0.9911,-0.9989,-0.9989,2,124374835,0
002735,1998-10,KOSPI,폭락형,-0.5,5.0,-0.9767,-0.9981,-0.9981,2,40078000,0
005040,1998-10,KOSPI,폭락형,-0.5,2700.0,-0.2987,-0.6115,-0.6121,3,16470000000,0
006790,1998-10,KOSPI,폭락형,-0.5,6210.0,-0.0605,-0.6259,-0.6259,2,19126800000,0
012500,1998-10,KOSPI,폭락형,-0.5,5.0,-0.9737,-0.9992,-0.9992,2,50000000,0
014450,1998-10,KOSPI,폭락형,-0.5,5.0,-0.9853,-0.9992,-0.9992,1,120414780,0
015530,1998-10,KOSDAQ,폭락형,-0.5,100.0,-0.8305,-0.9922,-0.9922,1,173610800,0
000450,1998-11,KOSPI,폭락형,-0.5,20.0,-0.84,-0.913,-0.9437,1,101563830,0
013040,1998-11,KOSPI,폭락형,-0.5,30.0,-0.8571,-0.8696,-0.9535,1,45858675,0
015980,1998-11,KOSPI,폭락형,-0.5,15.0,-0.925,-0.9933,-0.9933,1,90000000,0
001930,1998-12,KOSPI,폭락형,-0.5,670.0,0.2182,-0.3679,-0.6215,2,6459529630,0
006240,1998-12,KOSPI,폭락형,-0.5,580.0,1.32,-0.5167,-0.5915,2,2168886800,0
008010,1998-12,KOSDAQ,폭락형,-0.5,5000.0,-0.0385,-0.5,-0.5,3,6000000000,0
032791,1998-12,KOSDAQ,폭락형,-0.5,5040.0,-0.3455,-0.8539,-0.8539,1,1375920000,0
005020,1999-01,KOSPI,폭락형,-0.5,2860.0,0.1,-0.7694,-0.7694,2,271366180800,0
007000,1999-01,KOSPI,폭락형,-0.5,150.0,0.3043,-0.7857,-0.8421,1,153000000,0
011470,1999-01,KOSPI,폭락형,-0.5,70.0,-0.125,-0.8654,-0.9,1,1750000000,0
011960,1999-01,KOSPI,폭락형,-0.5,20.0,-0.8261,-0.9934,-0.9934,1,653400000,0
012830,1999-01,KOSPI,폭락형,-0.5,935.0,0.6696,-0.6199,-0.6199,2,8947861175,0
013070,1999-01,KOSPI,폭락형,-0.5,80.0,-0.3043,-0.9652,-0.9652,1,80000000,0
014430,1999-01,KOSPI,폭락형,-0.5,5.0,-0.8889,-0.997,-0.9981,1,2220000000,0
033510,1999-01,KOSDAQ,폭락형,-0.5,9500.0,-0.0777,-0.8231,-0.8797,2,117800000000,0
001700,1999-02,KOSPI,폭락형,-0.5,180.0,-0.4857,-0.75,-0.7978,1,496000000,0
004210,1999-02,KOSPI,폭락형,-0.5,150.0,0.5789,-0.7619,-0.7917,1,56000000,0
005510,1999-02,KOSPI,폭락형,-0.5,5.0,-0.9917,-0.9979,-0.9979,1,355500000,0
006320,1999-02,KOSPI,폭락형,-0.5,5.0,-0.9841,-0.9971,-0.9971,1,400300000,0
007380,1999-03,KOSPI,폭락형,-0.5,665.0,0.8732,-0.5844,-0.5844,2,9214998765,0
008050,1999-03,KOSDAQ,폭락형,-0.5,1060.0,14.1429,-0.7962,-0.7962,1,1680049200,0
018480,1999-03,KOSDAQ,폭락형,-0.5,60.0,-0.7273,-0.9625,-0.9625,1,1014000000,0
018485,1999-03,KOSDAQ,폭락형,-0.5,90.0,-0.948,-0.9521,-0.9521,1,256000000,0
021170,1999-03,KOSPI,폭락형,-0.5,1455.0,0.3598,-0.5523,-0.5523,2,24324690000,0
021870,1999-03,KOSDAQ,폭락형,-0.5,110.0,0.5714,-0.1538,-0.8,1,1050000000,0
025090,1999-03,KOSDAQ,폭락형,-0.5,120.0,-0.9032,-0.9459,-0.9556,1,1760000000,0
029470,1999-04,KOSDAQ,폭락형,-0.5,8410.0,-0.6802,-0.8471,-0.8471,1,3963416700,0
000510,1999-05,KOSPI,폭락형,-0.5,40.0,-0.9048,-0.7241,-0.9048,1,544104225,0
006301,1999-06,KOSDAQ,폭락형,-0.5,5000.0,,,-0.7549,3,2000000000,0
023880,1999-07,KOSDAQ,폭락형,-0.5,7140.0,-0.6798,-0.6798,-0.7138,1,2366000000,0
006590,1999-09,KOSPI,폭락형,-0.5,555.0,-0.5375,0.099,-0.8458,1,231151218600,0
000160,1999-10,KOSPI,폭락형,-0.5,55.0,-0.9154,-0.8553,-0.9455,1,1839788000,0
001990,1999-10,KOSDAQ,폭락형,-0.5,2990.0,-0.396,-0.7179,-0.7231,1,7500881440,0
002340,1999-10,KOSPI,폭락형,-0.5,45.0,-0.8235,-0.3077,-0.8977,1,630000000,0
003290,1999-10,KOSPI,폭락형,-0.5,80.0,-0.8849,-0.7975,-0.9484,1,1587375510,0
003840,1999-10,KOSPI,폭락형,-0.5,90.0,-0.64,0.2857,-0.8252,1,245327000,0
008100,1999-10,KOSPI,폭락형,-0.5,180.0,-0.4706,1.4,-0.9163,2,162000000,0
008105,1999-10,KOSPI,폭락형,-0.5,270.0,0.1739,4.4,-0.7955,1,83440000,0
008190,1999-10,KOSPI,폭락형,-0.5,70.0,-0.8333,-0.3913,-0.9157,1,577008500,0
011820,1999-10,KOSPI,폭락형,-0.5,100.0,-0.6667,0.0526,-0.8485,1,316675065,0
011825,1999-10,KOSPI,폭락형,-0.5,200.0,-0.0909,4.0,-0.604,2,72018400,0
011940,1999-10,KOSPI,폭락형,-0.5,100.0,-0.8148,-0.6667,-0.902,1,512400000,0
012220,1999-10,KOSPI,폭락형,-0.5,105.0,-0.8125,-0.1923,-0.8895,1,1600000000,0
012470,1999-10,KOSPI,폭락형,-0.5,50.0,-0.8529,-0.2308,-0.8901,1,908350000,0
013820,1999-10,KOSPI,폭락형,-0.5,85.0,-0.7901,-0.32,-0.8882,1,672000000,0
016640,1999-10,KOSPI,폭락형,-0.5,70.0,-0.7407,0.1667,-0.8716,1,312000000,0
016680,1999-10,KOSPI,폭락형,-0.5,50.0,-0.8246,-0.3333,-0.9107,1,970476870,0
001170,1999-11,KOSPI,폭락형,-0.5,115.0,-0.8083,-0.8083,-0.8083,1,3533775265,0
009030,1999-11,KOSPI,폭락형,-0.5,20.0,-0.9551,-0.9946,-0.995,1,7786084130,0
009035,1999-11,KOSPI,폭락형,-0.5,50.0,-0.8214,-0.9681,-0.9775,1,885000000,0
009037,1999-11,KOSPI,폭락형,-0.5,220.0,-0.2143,-0.8553,-0.912,1,543542500,0
032801,1999-12,KOSDAQ,폭락형,-0.5,25850.0,1.4502,-0.6425,-0.6425,1,28435000000,0
032802,1999-12,KOSDAQ,폭락형,-0.5,23200.0,1.7294,-0.6258,-0.6588,1,29000000000,0
004730,2000-01,KOSPI,폭락형,-0.5,450.0,-0.6654,-0.55,-0.6654,1,2373682960,0
006000,2000-01,KOSDAQ,폭락형,-0.5,78500.0,0.2869,3.6176,-0.6587,1,7824000000,0
008920,2000-01,KOSDAQ,폭락형,-0.5,5520.0,-0.553,0.6,-0.6473,2,1104000000,0
011890,2000-01,KOSDAQ,폭락형,-0.5,17950.0,-0.5966,4.9833,-0.7321,1,19107761400,0
030971,2000-03,KOSDAQ,폭락형,-0.5,2560.0,,,-0.7091,1,162592320000,0
000900,2000-04,KOSPI,폭락형,-0.5,2260.0,-0.3598,-0.5011,-0.5011,2,181213096360,0
000840,2000-06,KOSPI,폭락형,-0.5,505.0,-0.3129,-0.5927,-0.6553,1,486685680,0
001350,2000-06,KOSPI,폭락형,-0.5,150.0,-0.5833,-0.8065,-0.8966,1,996870000,0
002940,2000-06,KOSPI,폭락형,-0.5,270.0,-0.6897,-0.8307,-0.9217,1,959227420,0
005580,2000-06,KOSPI,폭락형,-0.5,100.0,-0.7222,-0.8726,-0.951,1,1584000000,0
010810,2000-06,KOSDAQ,폭락형,-0.5,2040.0,-0.1319,-0.8443,-0.8443,1,827936780,0
011321,2000-06,KOSDAQ,폭락형,-0.5,2910.0,-0.8782,,-0.8782,1,4199388000,0
011870,2000-06,KOSDAQ,폭락형,-0.5,690.0,-0.5577,-0.8873,-0.9028,1,1598894100,0
012010,2000-06,KOSDAQ,폭락형,-0.5,1720.0,1.6061,-0.7543,-0.7543,1,1170000000,0
013320,2000-06,KOSDAQ,폭락형,-0.5,420.0,-0.125,-0.9085,-0.9085,1,550171270,0
013850,2000-06,KOSDAQ,폭락형,-0.5,270.0,-0.4808,-0.9278,-0.9278,1,576382500,0
013900,2000-06,KOSDAQ,폭락형,-0.5,1450.0,-0.0645,-0.8067,-0.8067,1,1244400000,0
014090,2000-06,KOSDAQ,폭락형,-0.5,5890.0,-0.091,-0.5852,-0.7586,1,2075500000,0
017620,2000-06,KOSDAQ,폭락형,-0.5,280.0,-0.0667,-0.9451,-0.9451,1,1552500000,0
017740,2000-06,KOSDAQ,폭락형,-0.5,1890.0,-0.6474,-0.8882,-0.8882,1,275200000,0
018720,2000-06,KOSDAQ,폭락형,-0.5,720.0,-0.3208,-0.8824,-0.8824,1,783000000,0
022510,2000-06,KOSDAQ,폭락형,-0.5,270.0,-0.5714,-0.9485,-0.9485,1,951200000,0
022770,2000-06,KOSDAQ,폭락형,-0.5,380.0,-0.3333,-0.9078,-0.9078,1,472000000,0
024920,2000-06,KOSDAQ,폭락형,-0.5,1000.0,-0.3333,-0.8765,-0.8765,2,2100000000,0
025150,2000-06,KOSDAQ,폭락형,-0.5,390.0,-0.899,-0.887,-0.906,1,592000000,0
027610,2000-06,KOSDAQ,폭락형,-0.5,800.0,-0.2308,-0.9574,-0.9574,1,1070100000,0
032151,2000-06,KOSDAQ,폭락형,-0.5,2400.0,-0.6364,,-0.6364,1,3552000000,0
006300,2000-07,KOSDAQ,폭락형,-0.5,680.0,-0.0556,-0.9609,-0.9609,1,2028000000,0
026240,2000-07,KOSDAQ,폭락형,-0.5,160.0,0.1429,-0.7778,-0.8049,1,760000000,0
001295,2000-08,KOSPI,폭락형,-0.5,2875.0,-0.1366,-0.7624,-0.8225,1,64385960920,0
016390,2000-08,KOSPI,폭락형,-0.5,10.0,-0.95,-0.9973,-0.9973,1,18632268600,0
016395,2000-08,KOSPI,폭락형,-0.5,20.0,-0.9934,,-0.9971,1,98000000000,0
005410,2000-09,KOSPI,폭락형,-0.5,270.0,-0.129,-0.6707,-0.6747,1,1162314765,0
011650,2000-09,KOSPI,폭락형,-0.5,59500.0,-0.5719,-0.3277,-0.6835,2,1838550000000,0
037520,2000-10,KOSDAQ,폭락형,-0.5,2850.0,-0.4865,,-0.6374,2,1043385000,0
015060,2000-11,KOSDAQ,폭락형,-0.5,280.0,-0.9938,-0.9878,-0.9946,1,1155858000,0
006160,2000-12,KOSPI,폭락형,-0.5,15.0,-0.9877,-0.9927,-0.9927,1,1132673120,0
006165,2000-12,KOSPI,폭락형,-0.5,40.0,-0.98,-0.9803,-0.9832,1,368020400,0
007721,2000-12,KOSDAQ,폭락형,-0.5,3010.0,1.8131,-0.481,-0.9244,1,406350000,0
017211,2000-12,KOSDAQ,폭락형,-0.5,2390.0,-0.3072,-0.9602,-0.9602,1,3585000000,0
024811,2000-12,KOSDAQ,폭락형,-0.5,1650.0,-0.5812,,-0.9847,1,2668050000,0
025921,2000-12,KOSDAQ,폭락형,-0.5,5510.0,-0.4777,,-0.8558,1,2314200000,0
008640,2001-01,KOSPI,폭락형,-0.5,50.0,-0.8,-0.8876,-0.8876,1,1627118400,0
014740,2001-01,KOSPI,폭락형,-0.5,2745.0,-0.369,-0.6177,-0.6177,2,21372712740,0
014745,2001-01,KOSPI,폭락형,-0.5,4770.0,0.0841,-0.2535,-0.6493,2,768594870,0
008690,2001-02,KOSPI,폭락형,-0.5,100.0,-0.9231,-0.9303,-0.9367,1,1458833180,0
001400,2001-04,KOSPI,폭락형,-0.5,15.0,-0.9867,-0.9921,-0.9921,1,6364000000,0
014080,2001-04,KOSPI,폭락형,-0.5,10.0,-0.96,-0.9884,-0.9884,1,1082061000,0
015620,2001-04,KOSPI,폭락형,-0.5,600.0,-0.3296,-0.5833,-0.5833,2,15552000000,0
017320,2001-04,KOSPI,폭락형,-0.5,15.0,-0.9531,-0.9883,-0.9883,1,2565982300,0
017325,2001-04,KOSPI,폭락형,-0.5,65.0,-0.9231,-0.9583,-0.969,1,406775880,0
043350,2001-04,KOSDAQ,폭락형,-0.5,2920.0,0.2218,,-0.7587,2,3210540000,0
000200,2001-05,KOSPI,폭락형,-0.5,5.0,-0.9931,-0.9929,-0.9938,1,12122385840,0
000205,2001-05,KOSPI,폭락형,-0.5,35.0,-0.9507,-0.9421,-0.956,1,767775120,0
003810,2001-05,KOSPI,폭락형,-0.5,5.0,-0.9773,-0.9815,-0.9872,1,8211982835,0
017090,2001-05,KOSDAQ,폭락형,-0.5,1850.0,-0.7423,-0.7935,-0.8053,1,1840013800,0
033300,2001-05,KOSDAQ,폭락형,-0.5,850.0,-0.7069,-0.6909,-0.8834,1,966039040,0
044750,2001-05,KOSDAQ,폭락형,-0.5,5400.0,-0.6197,,-0.6197,2,8200440000,0
000280,2001-06,KOSPI,폭락형,-0.5,30.0,-0.986,-0.984,-0.986,1,3972272715,0
015650,2001-07,KOSPI,폭락형,-0.5,1145.0,-0.2367,-0.601,-0.601,2,16036870000,0
017120,2001-07,KOSPI,폭락형,-0.5,45.0,-0.8916,-0.8916,-0.9524,1,874768415,0
030710,2001-07,KOSPI,폭락형,-0.5,5.0,-0.9946,-0.9992,-0.9992,1,1600000000,0
015880,2001-09,KOSPI,폭락형,-0.5,5.0,-0.996,-0.9952,-0.9966,1,3460536960,0
007420,2001-10,KOSPI,폭락형,-0.5,5.0,-0.987,-0.9968,-0.9968,1,506000000,0
000310,2001-11,KOSPI,폭락형,-0.5,10.0,-0.9823,-0.9972,-0.9972,1,4878599760,0
000315,2001-11,KOSPI,폭락형,-0.5,295.0,-0.9896,-0.9434,-0.9896,1,174142300,0
000317,2001-11,KOSPI,폭락형,-0.5,20.0,-0.9894,-0.9997,-0.9997,1,731787000,0
001797,2001-11,KOSPI,폭락형,-0.5,20750.0,-0.277,-0.2257,-0.6653,1,581299650,0
015150,2001-11,KOSDAQ,폭락형,-0.5,2150.0,-0.8608,-0.7233,-0.8761,3,1273832000,0
002130,2001-12,KOSPI,폭락형,-0.5,590.0,-0.9416,-0.7489,-0.9468,1,1065000000,0
025840,2002-01,KOSPI,폭락형,-0.5,145.0,-0.9835,-0.9132,-0.9896,1,6103960000,0
000475,2002-02,KOSPI,폭락형,-0.5,900.0,-0.2531,-0.6186,-0.645,2,336461400,0
002180,2002-03,KOSPI,폭락형,-0.5,125.0,-0.4444,-0.4681,-0.6875,1,3752635870,0
001110,2002-04,KOSPI,폭락형,-0.5,125.0,-0.8626,-0.8641,-0.9324,1,1400326040,0
001785,2002-04,KOSPI,폭락형,-0.5,130.0,-0.9737,-0.9803,-0.9805,1,238728000,0
001787,2002-04,KOSPI,폭락형,-0.5,100.0,-0.9938,-0.9961,-0.9961,1,200649900,0
001920,2002-04,KOSPI,폭락형,-0.5,480.0,-0.746,-0.7532,-0.808,1,2001958800,0
002470,2002-04,KOSPI,폭락형,-0.5,30.0,-0.8286,-0.7931,-0.8889,1,925173315,0
002580,2002-04,KOSPI,폭락형,-0.5,65.0,-0.9486,-0.9648,-0.9651,1,439204480,0
002585,2002-04,KOSPI,폭락형,-0.5,80.0,-0.937,-0.9459,-0.9644,1,333064000,0
003110,2002-04,KOSPI,폭락형,-0.5,5500.0,-0.6584,-0.4554,-0.6677,1,2945000000,0
003260,2002-04,KOSPI,폭락형,-0.5,500.0,0.1111,0.3699,-0.661,1,1392031550,0
004390,2002-04,KOSPI,폭락형,-0.5,105.0,-0.8779,-0.882,-0.9153,1,23802160270,0
004420,2002-04,KOSPI,폭락형,-0.5,250.0,-0.6644,-0.7006,-0.7992,1,7751902980,0
004460,2002-04,KOSPI,폭락형,-0.5,20.0,-0.9683,-0.968,-0.9799,1,1647905490,0
004465,2002-04,KOSPI,폭락형,-0.5,30.0,-0.9627,-0.9524,-0.9784,1,581501150,0
005060,2002-04,KOSPI,폭락형,-0.5,140.0,-0.8293,-0.8056,-0.8761,1,2572348300,0
006290,2002-04,KOSPI,폭락형,-0.5,55.0,-0.9027,-0.956,-0.9603,1,9142500000,0
007410,2002-04,KOSPI,폭락형,-0.5,460.0,-0.3566,0.0575,-0.874,1,30942525945,0
008440,2002-04,KOSPI,폭락형,-0.5,15.0,-0.9819,-0.9706,-0.9829,1,3961111680,0
008480,2002-04,KOSPI,폭락형,-0.5,450.0,-0.7936,-0.9168,-0.9168,1,1800140370,0
008485,2002-04,KOSPI,폭락형,-0.5,370.0,-0.8287,,-0.9471,1,600000000,0
011510,2002-04,KOSPI,폭락형,-0.5,115.0,-0.9179,-0.9378,-0.9575,1,1781013500,0
012260,2002-04,KOSPI,폭락형,-0.5,140.0,-0.9813,-0.9495,-0.9813,1,296185560,0
012265,2002-04,KOSPI,폭락형,-0.5,500.0,-0.9901,-0.964,-0.9912,1,43544000,0
012670,2002-04,KOSPI,폭락형,-0.5,340.0,-0.8215,-0.7748,-0.83,1,1915350000,0
013090,2002-04,KOSPI,폭락형,-0.5,60.0,-0.8909,-0.8723,-0.9221,1,5484249725,0
013095,2002-04,KOSPI,폭락형,-0.5,450.0,-0.8548,-0.8125,-0.91,1,474647500,0
013097,2002-04,KOSPI,폭락형,-0.5,50.0,-0.9206,-0.8913,-0.9593,1,672554400,0
013630,2002-04,KOSDAQ,폭락형,-0.5,90.0,-0.8732,-0.8615,-0.9286,1,8994140750,0
013635,2002-04,KOSDAQ,폭락형,-0.5,140.0,-0.8852,,-0.955,1,1525000000,0
016550,2002-04,KOSPI,폭락형,-0.5,20.0,-0.9706,-0.991,-0.992,1,625862300,0
016555,2002-04,KOSPI,폭락형,-0.5,100.0,-0.9524,-0.9719,-0.9804,1,208034645,0
018360,2002-04,KOSPI,폭락형,-0.5,150.0,-0.9342,-0.9696,-0.9699,1,38260672540,0
018365,2002-04,KOSPI,폭락형,-0.5,105.0,-0.9095,-0.9464,-0.9481,1,2854462500,0
033070,2002-04,KOSDAQ,폭락형,-0.5,370.0,-0.9153,-0.9327,-0.957,1,6804754880,0
033075,2002-04,KOSDAQ,폭락형,-0.5,400.0,-0.9,,-0.9,1,1690000000,0
027560,2002-05,KOSDAQ,폭락형,-0.5,25000.0,-0.7399,0.2376,-0.8715,2,20000000000,0
044570,2002-06,KOSDAQ,폭락형,-0.5,190.0,-0.9321,,-0.9321,1,1697349000,0
022780,2002-07,KOSDAQ,폭락형,-0.5,340.0,-0.8122,-0.8656,-0.875,1,20358000000,0
037740,2002-07,KOSDAQ,폭락형,-0.5,50.0,-0.9701,-0.9867,-0.9867,1,1255591800,0
001030,2002-08,KOSPI,폭락형,-0.5,10.0,-0.95,-0.9677,-0.9677,1,1330000000,0
001035,2002-08,KOSPI,폭락형,-0.5,25.0,-0.9982,-0.9982,-0.9982,1,435000000,0
009330,2002-10,KOSPI,폭락형,-0.5,230.0,-0.8059,-0.9232,-0.9232,1,2809416600,0
009335,2002-10,KOSPI,폭락형,-0.5,210.0,-0.7824,-0.8971,-0.8973,1,620000000,0
009337,2002-10,KOSPI,폭락형,-0.5,200.0,-0.798,-0.9297,-0.9297,1,577500000,0
013255,2002-10,KOSPI,폭락형,-0.5,5.0,-0.9792,-0.9977,-0.9983,1,48800000,0
020490,2002-10,KOSDAQ,폭락형,-0.5,120.0,-0.9667,-0.978,-0.9852,1,777090600,0
024080,2002-10,KOSDAQ,폭락형,-0.5,100.0,-0.9752,-0.9931,-0.9931,1,712399930,0
040780,2002-10,KOSDAQ,폭락형,-0.5,10.0,-0.9952,-0.9968,-0.9968,1,738877140,0
040785,2002-10,KOSDAQ,폭락형,-0.5,10.0,,,-0.995,1,186600000,0
014040,2002-11,KOSPI,폭락형,-0.5,5.0,-0.9946,-0.9985,-0.9986,1,5670122500,0
014045,2002-11,KOSPI,폭락형,-0.5,5.0,-0.9947,,-0.9991,1,712800000,0
014047,2002-11,KOSPI,폭락형,-0.5,5.0,-0.9946,,-0.9991,1,525000000,0
017210,2002-11,KOSDAQ,폭락형,-0.5,40.0,-0.9699,-0.9879,-0.9899,1,947591280,0
033040,2002-11,KOSDAQ,폭락형,-0.5,10.0,-0.9773,-0.9933,-0.9933,1,5382737370,0
042470,2002-11,KOSDAQ,폭락형,-0.5,20.0,-0.9934,-0.9966,-0.9966,1,543933600,0
049790,2002-11,KOSDAQ,폭락형,-0.5,10.0,-0.9949,-0.9967,-0.9967,1,6978400000,0
064910,2002-11,KOSDAQ,폭락형,-0.5,5250.0,-0.6182,,-0.6182,1,31859200000,0
030970,2002-12,KOSDAQ,폭락형,-0.5,130.0,-0.9193,-0.8952,-0.9432,1,2382168000,0
000085,2003-01,KOSPI,폭락형,-0.5,550.0,-0.7864,-0.6697,-0.8116,1,851927720,0
002610,2003-03,KOSPI,폭락형,-0.5,12700.0,-0.0593,-0.7178,-0.7768,3,1179387938400,0
002615,2003-03,KOSPI,폭락형,-0.5,7910.0,-0.0389,-0.6934,-0.6934,2,15104580050,0
037280,2003-03,KOSDAQ,폭락형,-0.5,20.0,-0.9854,-0.9953,-0.9953,1,2725000000,0
038520,2003-03,KOSDAQ,폭락형,-0.5,50.0,-0.9495,-0.9839,-0.9839,2,516522000,0
009840,2003-04,KOSPI,폭락형,-0.5,5.0,-0.9973,-0.9991,-0.9995,1,107355631280,0
010330,2003-04,KOSPI,폭락형,-0.5,310.0,-0.9173,-0.8187,-0.9523,1,1930921450,0
020860,2003-04,KOSDAQ,폭락형,-0.5,20.0,-0.9798,-0.99,-0.99,1,7847496280,0
020865,2003-04,KOSDAQ,폭락형,-0.5,120.0,-0.9845,-0.9915,-0.9915,1,191000000,0
027890,2003-04,KOSDAQ,폭락형,-0.5,10.0,-0.98,-0.9908,-0.9908,2,674502650,0
032780,2003-04,KOSDAQ,폭락형,-0.5,30.0,-0.9302,-0.9694,-0.9694,1,11404441880,0
034970,2003-04,KOSDAQ,폭락형,-0.5,10.0,-0.9924,-0.9986,-0.9986,1,2406710550,0
034980,2003-04,KOSDAQ,폭락형,-0.5,20.0,-0.9913,-0.9967,-0.9967,1,12834739500,0
037410,2003-04,KOSDAQ,폭락형,-0.5,10.0,-0.9948,-0.9975,-0.9977,1,4461600000,0
040750,2003-04,KOSDAQ,폭락형,-0.5,10.0,-0.9932,-0.9956,-0.9958,1,3138371450,0
045240,2003-04,KOSDAQ,폭락형,-0.5,10.0,-0.9894,-0.9953,-0.9959,2,144051250,0
053960,2003-04,KOSDAQ,폭락형,-0.5,60.0,-0.9894,-0.9913,-0.9913,1,3360000000,0
060840,2003-04,KOSDAQ,폭락형,-0.5,30.0,-0.9846,-0.9958,-0.9958,1,329556640,0
002050,2003-05,KOSPI,폭락형,-0.5,70.0,-0.9718,-0.9854,-0.9854,1,332517100,0
002055,2003-05,KOSPI,폭락형,-0.5,155.0,-0.9928,-0.9921,-0.9928,1,31050000,0
011840,2003-05,KOSPI,폭락형,-0.5,10.0,-0.9846,-0.9915,-0.9915,1,20297129400,0
037200,2003-06,KOSDAQ,폭락형,-0.5,10.0,-0.9744,-0.9877,-0.9877,1,4864074810,0
003980,2003-09,KOSPI,폭락형,-0.5,25.0,-0.881,-0.951,-0.9515,1,3773362440,0
003985,2003-09,KOSPI,폭락형,-0.5,25.0,-0.9667,-0.9841,-0.99,1,164419875,0
035430,2003-09,KOSDAQ,폭락형,-0.5,325.0,-0.7198,-0.8415,-0.8438,1,27050625000,0
001150,2003-10,KOSPI,폭락형,-0.5,10.0,-0.9926,-0.9958,-0.996,1,114397350,0
001155,2003-10,KOSPI,폭락형,-0.5,10.0,-0.9915,-0.9958,-0.9959,1,22588575,0
009790,2003-10,KOSPI,폭락형,-0.5,30.0,-0.9697,-0.9496,-0.981,1,162840685,0
009795,2003-10,KOSPI,폭락형,-0.5,20.0,-0.9815,-0.9817,-0.9855,1,12662610,0
012270,2003-10,KOSPI,폭락형,-0.5,50.0,-0.9425,-0.9896,-0.9896,1,4938469770,0
012720,2003-10,KOSPI,폭락형,-0.5,200.0,-0.7674,-0.7872,-0.8086,1,3383987970,0
032150,2003-10,KOSDAQ,폭락형,-0.5,170.0,-0.8396,-0.8211,-0.8867,1,7913000000,0
032600,2003-10,KOSDAQ,폭락형,-0.5,15.0,-0.9864,-0.9864,-0.9864,1,42843211400,0
045920,2003-10,KOSDAQ,폭락형,-0.5,5.0,-0.996,-0.9955,-0.9961,1,9519378000,0
045925,2003-10,KOSDAQ,폭락형,-0.5,5.0,,,-0.9934,1,1075000000,0
008780,2003-11,KOSDAQ,폭락형,-0.5,10.0,-0.963,-0.9783,-0.9848,2,196000000,0
008750,2003-12,KOSPI,폭락형,-0.5,390.0,-0.8597,-0.8713,-0.9023,1,904500000,0
003900,2004-03,KOSPI,폭락형,-0.5,15.0,-0.97,-0.97,-0.97,1,14972140000,0
003905,2004-03,KOSPI,폭락형,-0.5,75.0,-0.9576,-0.9576,-0.9576,1,369806100,0
004190,2004-03,KOSPI,폭락형,-0.5,60.0,-0.9744,-0.9744,-0.9744,1,38001600000,0
033210,2004-03,KOSDAQ,폭락형,-0.5,60.0,-0.8857,-0.9318,-0.9483,1,1018884545,0
037600,2004-03,KOSDAQ,폭락형,-0.5,10.0,-0.9862,-0.9821,-0.9867,1,6520056400,0
038400,2004-03,KOSPI,폭락형,-0.5,3505.0,-0.5624,-0.4489,-0.6101,3,223969500000,0
056140,2004-03,KOSDAQ,폭락형,-0.5,10.0,-0.9882,-0.9655,-0.9955,1,1962899600,0
002850,2004-04,KOSPI,폭락형,-0.5,55.0,-0.9851,-0.9898,-0.9898,1,26937314880,0
002855,2004-04,KOSPI,폭락형,-0.5,35.0,-0.99,-0.9917,-0.9917,1,969365360,0
002857,2004-04,KOSPI,폭락형,-0.5,90.0,-0.989,-0.9917,-0.9917,1,320047200,0
010090,2004-04,KOSPI,폭락형,-0.5,10.0,-0.9925,-0.9895,-0.9928,1,4171866400,0
010150,2004-04,KOSPI,폭락형,-0.5,85.0,-0.9771,-0.9774,-0.9811,1,23865562560,0
027440,2004-04,KOSDAQ,폭락형,-0.5,5.0,-0.9655,-0.9868,-0.9923,1,909566130,0
031970,2004-04,KOSDAQ,폭락형,-0.5,5.0,-0.975,-0.9947,-0.9949,1,42547090,0
035960,2004-04,KOSDAQ,폭락형,-0.5,10.0,-0.9583,-0.9796,-0.9859,2,56304380,0
036720,2004-04,KOSDAQ,폭락형,-0.5,5.0,-0.9828,-0.9945,-0.9951,2,58822105,0
037010,2004-04,KOSDAQ,폭락형,-0.5,5.0,-0.9831,-0.9898,-0.9912,1,225410950,0
037730,2004-04,KOSDAQ,폭락형,-0.5,30.0,-0.9333,-0.9589,-0.961,1,16907441290,0
037750,2004-04,KOSDAQ,폭락형,-0.5,5.0,-0.9933,-0.9949,-0.9976,1,2401449875,0
038050,2004-04,KOSDAQ,폭락형,-0.5,25.0,-0.9839,-0.9906,-0.9928,1,9721790715,0
039000,2004-04,KOSDAQ,폭락형,-0.5,60.0,-0.9167,-0.9524,-0.9524,1,36999820,0
039390,2004-04,KOSDAQ,폭락형,-0.5,5.0,-0.9965,-0.9964,-0.9968,2,68527570,0
039580,2004-04,KOSDAQ,폭락형,-0.5,100.0,-0.9315,-0.9636,-0.9699,1,870297505,0
040130,2004-04,KOSDAQ,폭락형,-0.5,15.0,-0.9423,-0.9634,-0.9783,1,281414820,0
047610,2004-04,KOSDAQ,폭락형,-0.5,10.0,-0.9841,-0.9885,-0.9908,1,358487340,0
048150,2004-04,KOSDAQ,폭락형,-0.5,5.0,-0.9936,-0.9969,-0.9969,1,5572028475,0
053200,2004-04,KOSDAQ,폭락형,-0.5,35.0,-0.9807,-0.9667,-0.9807,2,215600000,0
054530,2004-04,KOSDAQ,폭락형,-0.5,25.0,-0.9735,-0.9963,-0.9972,1,125272965,0
055000,2004-04,KOSDAQ,폭락형,-0.5,5.0,-0.9972,-0.9976,-0.998,2,55000000,0
002930,2004-05,KOSPI,폭락형,-0.5,5.0,-0.9677,-0.9859,-0.9878,1,517109600,0
003020,2004-05,KOSPI,폭락형,-0.5,290.0,-0.9262,-0.937,-0.9398,1,1346987880,0
036910,2004-05,KOSDAQ,폭락형,-0.5,15.0,-0.9786,-0.9837,-0.9847,1,693211215,0
037250,2004-05,KOSDAQ,폭락형,-0.5,5.0,-0.9934,-0.9946,-0.9946,1,350948740,0
003930,2004-06,KOSPI,폭락형,-0.5,65.0,-0.7679,-0.8523,-0.8523,1,3595132000,0
027700,2004-06,KOSDAQ,폭락형,-0.5,200.0,-0.8529,-0.9375,-0.9579,1,6730323000,0
035870,2004-06,KOSDAQ,폭락형,-0.5,5.0,-0.9821,-0.9902,-0.9902,1,2849375620,0
003590,2004-07,KOSPI,폭락형,-0.5,10.0,-0.9877,-0.9837,-0.9948,1,4296411300,0
003595,2004-07,KOSPI,폭락형,-0.5,5.0,-0.9886,-0.9815,-0.9926,1,476000000,0
010730,2004-07,KOSPI,폭락형,-0.5,5.0,-0.9821,-0.9896,-0.9896,1,4087755980,0
027350,2004-08,KOSDAQ,폭락형,-0.5,45.0,-0.9807,-0.9844,-0.9844,1,3683058775,0
048540,2004-08,KOSDAQ,폭락형,-0.5,5.0,-0.9643,-0.9921,-0.9921,1,941807840,0
001590,2004-09,KOSPI,폭락형,-0.5,330.0,-0.6667,-0.7747,-0.8036,1,294000000,0
001490,2004-10,KOSPI,폭락형,-0.5,235.0,-0.6493,-0.8743,-0.8743,1,112310425,0
001890,2004-10,KOSPI,폭락형,-0.5,10.0,-0.9942,-0.9962,-0.9962,1,22643704000,0
025450,2004-10,KOSDAQ,폭락형,-0.5,20.0,-0.9952,-0.9958,-0.9958,1,205163945,0
037120,2004-10,KOSDAQ,폭락형,-0.5,100.0,0.1111,-0.7333,-0.8649,1,9692781975,0
043690,2004-10,KOSDAQ,폭락형,-0.5,5.0,-0.9945,-0.9972,-0.9975,1,3613931480,0
026970,2004-11,KOSDAQ,폭락형,-0.5,405.0,-0.775,-0.7353,-0.8192,1,720000000,0
005600,2005-01,KOSPI,폭락형,-0.5,10.0,-0.9896,-0.9915,-0.995,1,62420000,0
005605,2005-01,KOSPI,폭락형,-0.5,5.0,-0.9886,-0.9886,-0.9909,1,9999990,0
009220,2005-01,KOSDAQ,폭락형,-0.5,10.0,-0.9806,-0.9912,-0.9913,1,1125182240,0
035780,2005-01,KOSDAQ,폭락형,-0.5,10.0,-0.9677,-0.9683,-0.9726,2,440986000,0
035910,2005-01,KOSDAQ,폭락형,-0.5,5.0,-0.9744,-0.9898,-0.9898,1,2709616230,0
035915,2005-01,KOSDAQ,폭락형,-0.5,10.0,-0.9899,-0.9932,-0.9945,1,70434000,0
035917,2005-01,KOSDAQ,폭락형,-0.5,10.0,-0.9894,-0.9922,-0.9926,1,152677840,0
035919,2005-01,KOSDAQ,폭락형,-0.5,5.0,-0.9821,-0.9886,-0.9915,1,92905800,0
037640,2005-01,KOSDAQ,폭락형,-0.5,15.0,-0.9483,-0.997,-0.997,1,4320000000,0
025690,2005-03,KOSDAQ,폭락형,-0.5,5.0,-0.9722,-0.9967,-0.9967,1,2751000000,0
036880,2005-03,KOSDAQ,폭락형,-0.5,10.0,-0.9286,-0.9877,-0.9906,1,3571997220,0
054080,2005-03,KOSDAQ,폭락형,-0.5,5.0,-0.9867,-0.9982,-0.9982,1,7453191000,0
001675,2005-04,KOSPI,폭락형,-0.5,580.0,-0.6856,-0.6865,-0.8245,1,144628510,0
006150,2005-04,KOSPI,폭락형,-0.5,165.0,-0.8493,-0.8969,-0.9389,1,89268920,0
006750,2005-04,KOSPI,폭락형,-0.5,215.0,-0.9899,-0.8914,-0.9908,1,8040000000,0
008120,2005-04,KOSPI,폭락형,-0.5,15.0,-0.9143,-0.9565,-0.9565,1,370000000,0
009360,2005-04,KOSPI,폭락형,-0.5,5.0,-0.9882,-0.9894,-0.9972,1,1451718720,0
009890,2005-04,KOSPI,폭락형,-0.5,40.0,-0.9786,-0.9884,-0.9892,1,10589382330,0
009895,2005-04,KOSPI,폭락형,-0.5,20.0,-0.9474,-0.9838,-0.9838,1,1262054040,0
009897,2005-04,KOSPI,폭락형,-0.5,20.0,-0.973,,-0.973,1,235875000,0
009940,2005-04,KOSPI,폭락형,-0.5,40.0,-0.9947,-0.9739,-0.9959,1,9202635600,0
012250,2005-04,KOSPI,폭락형,-0.5,15.0,-0.9091,-0.9375,-0.9375,1,4365182910,0
018180,2005-04,KOSDAQ,폭락형,-0.5,5.0,-0.99,-0.9792,-0.99,1,55853985,0
032050,2005-04,KOSDAQ,폭락형,-0.5,20.0,-0.9722,-0.973,-0.9756,1,7639929960,0
032610,2005-04,KOSDAQ,폭락형,-0.5,190.0,-0.9474,-0.973,-0.973,1,1385909420,0
036020,2005-04,KOSDAQ,폭락형,-0.5,20.0,-0.875,-0.6,-0.9914,1,49319040,0
036590,2005-04,KOSDAQ,폭락형,-0.5,5.0,-0.9737,-0.9964,-0.9965,1,3408789630,0
036600,2005-04,KOSDAQ,폭락형,-0.5,35.0,-0.6957,-0.9157,-0.9568,1,147616925,0
036820,2005-04,KOSDAQ,폭락형,-0.5,25.0,-0.9479,-0.9367,-0.9709,1,3005357560,0
036825,2005-04,KOSDAQ,폭락형,-0.5,30.0,-0.94,-0.8537,-0.9721,1,102499590,0
036900,2005-04,KOSDAQ,폭락형,-0.5,5.0,-0.9873,-0.9971,-0.9971,1,16079522935,0
037220,2005-04,KOSDAQ,폭락형,-0.5,5.0,-0.9688,-0.9911,-0.9911,2,184978335,0
037650,2005-04,KOSDAQ,폭락형,-0.5,30.0,-0.8605,-0.9268,-0.9862,1,21420900,0
038100,2005-04,KOSDAQ,폭락형,-0.5,5.0,-0.99,-0.9811,-0.9988,2,20679940,0
042960,2005-04,KOSDAQ,폭락형,-0.5,20.0,-0.9636,-0.9966,-0.9966,1,3688160000,0
044440,2005-04,KOSDAQ,폭락형,-0.5,5.0,-0.9444,-0.9927,-0.9927,1,1149500000,0
046810,2005-04,KOSDAQ,폭락형,-0.5,450.0,-0.1,-0.2913,-0.2913,1,2813472000,0
049130,2005-04,KOSDAQ,폭락형,-0.5,95.0,-0.8855,-0.9472,-0.9472,1,18500596800,0
053250,2005-04,KOSDAQ,폭락형,-0.5,10.0,-0.9894,-0.9048,-0.9894,2,171805320,0
054370,2005-04,KOSDAQ,폭락형,-0.5,10.0,-0.9855,-0.9792,-0.9863,1,106450500,0
056500,2005-04,KOSDAQ,폭락형,-0.5,30.0,-0.9595,-0.9801,-0.9843,1,482500000,0
038960,2005-05,KOSDAQ,폭락형,-0.5,30.0,-0.7692,-0.9516,-0.9516,1,592000000,0
008030,2005-06,KOSDAQ,폭락형,-0.5,15.0,-0.8929,-0.9814,-0.9814,1,57553370,0
001580,2005-08,KOSPI,폭락형,-0.5,35.0,-0.8772,-0.9554,-0.9836,1,420000000,0
055810,2005-08,KOSDAQ,폭락형,-0.5,10.0,-0.9948,-0.9932,-0.9948,1,8756554755,0
038980,2005-09,KOSDAQ,폭락형,-0.5,5.0,-0.973,-0.99,-0.9963,1,2934647330,0
021570,2005-10,KOSDAQ,폭락형,-0.5,25.0,-0.9432,-0.9398,-0.96,1,5057637000,0
057110,2005-10,KOSDAQ,폭락형,-0.5,5.0,-0.9924,-0.9857,-0.9972,1,14516192460,0
014010,2005-12,KOSPI,폭락형,-0.5,85.0,-0.8247,-0.8247,-0.8247,1,6220841830,0
014015,2005-12,KOSPI,폭락형,-0.5,1010.0,-0.9948,-0.9948,-0.9948,1,98670000,0
023420,2005-12,KOSDAQ,폭락형,-0.5,10200.0,-0.8297,-0.7418,-0.8297,1,68206380000,0
041500,2006-04,KOSDAQ,폭락형,-0.5,150.0,-0.7297,-0.6429,-0.8454,1,30824908800,0
056060,2006-04,KOSDAQ,폭락형,-0.5,350.0,0.0606,-0.5425,-0.5425,1,549466940,0
066480,2006-04,KOSDAQ,폭락형,-0.5,45.0,-0.9637,-0.9803,-0.9803,1,16706892420,0
016970,2006-07,KOSPI,폭락형,-0.5,15.0,-0.9965,-0.9412,-0.9965,1,6909382080,0
016975,2006-07,KOSPI,폭락형,-0.5,700.0,-0.9916,-0.9179,-0.9916,1,103638600,0
047420,2006-07,KOSDAQ,폭락형,-0.5,265.0,-0.7946,-0.9434,-0.9434,1,33155825175,0
048760,2006-07,KOSDAQ,폭락형,-0.5,15.0,-0.9913,-0.9896,-0.9913,1,36579505710,0
063515,2006-07,KOSPI,폭락형,-0.5,4560.0,-0.4363,-0.1915,-0.6103,2,492124320,0
025830,2007-04,KOSPI,폭락형,-0.5,130.0,-0.9542,-0.9542,-0.9542,1,25304400000,0
037060,2007-04,KOSDAQ,폭락형,-0.5,10.0,-0.9897,-0.9927,-0.9927,1,850713250,0
054250,2007-04,KOSDAQ,폭락형,-0.5,5.0,-0.9958,-0.9968,-0.9968,1,5489668650,0
054440,2007-04,KOSDAQ,폭락형,-0.5,25.0,-0.992,-0.9953,-0.9953,1,9495602300,0
054790,2007-04,KOSDAQ,폭락형,-0.5,40.0,-0.9518,-0.9701,-0.9701,1,22430512440,0
063350,2007-04,KOSPI,폭락형,-0.5,55.0,-0.9582,-0.9643,-0.9684,1,66550466000,0
045310,2007-05,KOSDAQ,폭락형,-0.5,170.0,-0.3585,-0.7385,-0.9308,1,2406347000,0
038420,2007-08,KOSDAQ,폭락형,-0.5,170.0,-0.6991,-0.8867,-0.9444,1,12412969075,0
015670,2007-09,KOSPI,폭락형,-0.5,15.0,-0.9694,-0.9694,-0.9694,1,16627469880,0
012460,2008-03,KOSDAQ,폭락형,-0.5,80.0,-0.9536,-0.9595,-0.9725,1,48827951480,0
004530,2008-04,KOSPI,폭락형,-0.5,25.0,-0.9231,-0.9846,-0.9914,1,6619699735,0
032590,2008-04,KOSDAQ,폭락형,-0.5,30.0,-0.9865,-0.9945,-0.9945,1,6505064375,0
035270,2008-04,KOSDAQ,폭락형,-0.5,25.0,-0.997,-0.9695,-0.9979,1,11118026680,0
041940,2008-04,KOSDAQ,폭락형,-0.5,30.0,-0.9469,-0.9864,-0.9876,1,23102482270,0
042570,2008-04,KOSDAQ,폭락형,-0.5,20.0,-0.9967,-0.9974,-0.9979,1,12585561660,0
057330,2008-04,KOSDAQ,폭락형,-0.5,100.0,-0.9831,-0.9879,-0.9879,1,21140424480,0
064720,2008-04,KOSDAQ,폭락형,-0.5,20.0,-0.9897,-0.9898,-0.9912,1,5880540735,0
065810,2008-04,KOSDAQ,폭락형,-0.5,250.0,-0.5726,-0.9896,-0.9906,2,4043262750,0
066330,2008-04,KOSDAQ,폭락형,-0.5,220.0,-0.4634,-0.8,-0.9113,1,3893131280,0
033330,2008-05,KOSDAQ,폭락형,-0.5,20.0,-0.9939,-0.9984,-0.9984,1,763941880,0
044370,2008-05,KOSDAQ,폭락형,-0.5,10.0,-0.9896,-0.9756,-0.9947,1,326559360,0
055970,2008-05,KOSDAQ,폭락형,-0.5,15.0,-0.9982,-0.9464,-0.9988,1,129394275,0
060660,2008-05,KOSDAQ,폭락형,-0.5,75.0,-0.9933,-0.9891,-0.9942,1,961212000,0
045760,2008-06,KOSDAQ,폭락형,-0.5,90.0,-0.949,-0.9574,-0.9669,1,21471535125,0
060410,2008-08,KOSDAQ,폭락형,-0.5,255.0,-0.3929,-0.7069,-0.7069,3,9203852190,0
073530,2008-08,KOSPI,폭락형,-0.5,4845.0,-0.6093,-0.5296,-0.66,2,65892000000,0
050600,2008-09,KOSDAQ,폭락형,-0.5,10.0,-0.9825,-0.9967,-0.9967,1,820760640,0
039060,2008-12,KOSDAQ,폭락형,-0.5,10.0,-0.9957,-0.9962,-0.9971,1,6595629800,0
005760,2009-02,KOSPI,폭락형,-0.5,15.0,-0.9899,-0.9348,-0.9976,1,7364349300,0
001047,2009-03,KOSPI,폭락형,-0.5,32650.0,-0.2728,-0.5191,-0.5704,1,33118832500,0
093730,2009-03,KOSPI,폭락형,-0.5,2105.0,-0.2741,-0.579,-0.579,2,4886294400,0
001190,2009-04,KOSPI,폭락형,-0.5,15.0,-0.9605,-0.9605,-0.9605,1,13303168820,0
003990,2009-04,KOSPI,폭락형,-0.5,5.0,-0.9848,-0.9965,-0.9965,1,6158077875,0
004230,2009-04,KOSPI,폭락형,-0.5,30.0,-0.9504,-0.988,-0.992,1,8362023480,0
007050,2009-04,KOSPI,폭락형,-0.5,15.0,-0.9625,-0.9953,-0.9963,1,5014173560,0
016040,2009-04,KOSDAQ,폭락형,-0.5,5.0,-0.9286,-0.9979,-0.9979,1,6565221150,0
019640,2009-04,KOSDAQ,폭락형,-0.5,5.0,-0.9861,-0.9961,-0.9961,1,7739633090,0
025460,2009-04,KOSDAQ,폭락형,-0.5,10.0,-0.8571,-0.9831,-0.9883,1,3641688375,0
026230,2009-04,KOSDAQ,폭락형,-0.5,40.0,-0.9012,-0.9778,-0.9778,1,7127811090,0
036280,2009-04,KOSDAQ,폭락형,-0.5,110.0,0.5714,-0.89,-0.9031,1,22609768950,0
036360,2009-04,KOSDAQ,폭락형,-0.5,5.0,-0.9942,-0.9982,-0.9982,1,12936574230,0
036760,2009-04,KOSDAQ,폭락형,-0.5,10.0,-0.9952,-0.9545,-0.9989,1,2036933755,0
038410,2009-04,KOSDAQ,폭락형,-0.5,5.0,-0.9959,-0.9994,-0.9995,1,7520918010,0
038810,2009-04,KOSDAQ,폭락형,-0.5,25.0,-0.9583,-0.9576,-0.9583,1,1646651200,0
041310,2009-04,KOSDAQ,폭락형,-0.5,10.0,-0.971,-0.9971,-0.9971,1,8111964970,0
047370,2009-04,KOSDAQ,폭락형,-0.5,25.0,-0.985,-0.9758,-0.9969,1,5774698215,0
052310,2009-04,KOSDAQ,폭락형,-0.5,5.0,-0.9677,-0.9915,-0.9915,1,15001481530,0
053170,2009-04,KOSDAQ,폭락형,-0.5,30.0,-0.8333,-0.9863,-0.9863,1,1760136735,0
053890,2009-04,KOSDAQ,폭락형,-0.5,10.0,-0.9892,-0.9852,-0.9992,1,6249372390,0
056020,2009-04,KOSDAQ,폭락형,-0.5,5.0,-0.9898,-0.9963,-0.9963,1,15113029920,0
060550,2009-04,KOSDAQ,폭락형,-0.5,55.0,-0.7963,-0.9353,-0.9549,1,1277295480,0
065910,2009-04,KOSDAQ,폭락형,-0.5,5.0,-0.9962,-0.9976,-0.998,1,6658226900,0
066200,2009-04,KOSDAQ,폭락형,-0.5,15.0,-0.9571,-0.99,-0.9926,1,5069111085,0
071360,2009-04,KOSDAQ,폭락형,-0.5,10.0,-0.9841,-0.9937,-0.9937,1,7566599040,0
073780,2009-04,KOSDAQ,폭락형,-0.5,10.0,-0.8947,-0.9893,-0.9893,1,1447647600,0
076170,2009-04,KOSPI,폭락형,-0.5,5.0,-0.9846,-0.9987,-0.9987,1,6282767055,0
077960,2009-04,KOSDAQ,폭락형,-0.5,20.0,-0.9726,-0.9856,-0.9905,1,7252344330,0
078610,2009-04,KOSDAQ,폭락형,-0.5,350.0,0.9444,-0.8849,-0.8849,1,1928274455,0
079870,2009-04,KOSDAQ,폭락형,-0.5,55.0,-0.6765,-0.9281,-0.9281,1,2792252820,0
080570,2009-04,KOSDAQ,폭락형,-0.5,40.0,-0.7419,-0.8987,-0.914,1,8415826875,0
081500,2009-04,KOSDAQ,폭락형,-0.5,15.0,-0.9474,-0.9963,-0.9963,1,11330626560,0
000790,2009-05,KOSPI,폭락형,-0.5,20.0,-0.8974,-0.9745,-0.9745,1,12005245380,0
001970,2009-05,KOSPI,폭락형,-0.5,190.0,-0.8824,-0.9697,-0.9727,1,3139345440,0
001975,2009-05,KOSPI,폭락형,-0.5,65.0,-0.9257,-0.9803,-0.9811,1,141477525,0
006070,2009-05,KOSPI,폭락형,-0.5,40.0,-0.949,-0.9698,-0.9816,1,2954366340,0
008400,2009-05,KOSPI,폭락형,-0.5,180.0,-0.7465,-0.967,-0.967,1,3554604900,0
008405,2009-05,KOSPI,폭락형,-0.5,21000.0,-0.9222,-0.9626,-0.9626,1,298525200,0
009690,2009-05,KOSPI,폭락형,-0.5,10.0,-0.9759,-0.996,-0.997,1,940134265,0
033720,2009-05,KOSDAQ,폭락형,-0.5,40.0,-0.9444,-0.9939,-0.9964,1,7129584280,0
033725,2009-05,KOSDAQ,폭락형,-0.5,40.0,-0.9905,-0.9903,-0.9942,1,525000000,0
036790,2009-05,KOSDAQ,폭락형,-0.5,5.0,-0.9931,-0.9983,-0.9983,1,12046594680,0
038920,2009-05,KOSDAQ,폭락형,-0.5,200.0,0.8182,-0.6581,-0.6581,1,11959286680,0
040020,2009-05,KOSDAQ,폭락형,-0.5,10.0,-0.9747,-0.9955,-0.9955,1,8830195000,0
059720,2009-05,KOSDAQ,폭락형,-0.5,40.0,-0.98,-0.99,-0.9921,1,8435126640,0
031800,2009-06,KOSDAQ,폭락형,-0.5,20.0,-0.6,-0.9231,-0.9231,1,272152680,0
036270,2009-06,KOSDAQ,폭락형,-0.5,15.0,-0.9881,-0.88,-0.9882,1,27175822785,0
036610,2009-06,KOSDAQ,폭락형,-0.5,15.0,-0.7857,-0.9796,-0.984,1,6549858585,0
039990,2009-06,KOSDAQ,폭락형,-0.5,5.0,-0.9853,-0.9915,-0.9915,1,3617162775,0
052560,2009-06,KOSDAQ,폭락형,-0.5,55.0,-0.4211,-0.9567,-0.9567,1,245302090,0
053070,2009-06,KOSDAQ,폭락형,-0.5,5.0,-0.96,-0.9993,-0.9993,1,515007230,0
079340,2009-06,KOSDAQ,폭락형,-0.5,15.0,-0.9062,-0.9845,-0.9845,1,4711718440,0
006210,2009-07,KOSPI,폭락형,-0.5,10.0,-0.973,-0.9896,-0.9896,1,6521718995,0
063280,2009-07,KOSDAQ,폭락형,-0.5,15.0,-0.9643,-0.9942,-0.9942,1,1265064540,0
035950,2009-08,KOSDAQ,폭락형,-0.5,15.0,-0.9625,-0.9754,-0.9754,1,23241176160,0
038830,2009-08,KOSDAQ,폭락형,-0.5,5.0,-0.9926,-0.9796,-0.993,1,393254470,0
046320,2009-08,KOSDAQ,폭락형,-0.5,25.0,-0.9765,-0.9913,-0.9913,1,29050062255,0
032570,2009-09,KOSDAQ,폭락형,-0.5,5.0,-0.9909,-0.9969,-0.9973,1,8955031860,0
033880,2009-09,KOSDAQ,폭락형,-0.5,5.0,-0.9867,-0.9896,-0.9896,1,412650775,0
033885,2009-09,KOSDAQ,폭락형,-0.5,20.0,-0.9847,-0.9917,-0.9917,1,30000000,0
035500,2009-09,KOSDAQ,폭락형,-0.5,5.0,-0.9737,-0.9697,-0.9939,1,514197330,0
054650,2009-09,KOSDAQ,폭락형,-0.5,20.0,-0.9375,-0.9626,-0.9658,1,3203350085,0
058550,2009-09,KOSDAQ,폭락형,-0.5,110.0,0.1,-0.6071,-0.6071,1,662362920,0
001950,2009-10,KOSPI,폭락형,-0.5,5.0,-0.9444,-0.9286,-0.975,1,14542950020,0
001955,2009-10,KOSPI,폭락형,-0.5,10.0,-0.9524,-0.963,-0.9683,1,1210000000,0
044770,2009-10,KOSDAQ,폭락형,-0.5,10.0,-0.9286,-0.9286,-0.9931,1,590182860,0
044775,2009-10,KOSDAQ,폭락형,-0.5,500.0,-0.9861,-0.9861,-0.9969,1,11121900,0
052640,2009-10,KOSDAQ,폭락형,-0.5,30.0,-0.9724,-0.7,-0.9725,1,479393000,0
066850,2009-10,KOSDAQ,폭락형,-0.5,10.0,-0.9355,-0.9744,-0.9945,1,200810470,0
014420,2009-11,KOSDAQ,폭락형,-0.5,55.0,-0.8675,-0.9209,-0.9209,1,279167600,0
015545,2009-11,KOSPI,폭락형,-0.5,2117000.0,-0.27,-0.5296,-0.5296,2,35989000,0
035010,2009-11,KOSDAQ,폭락형,-0.5,120.0,-0.8033,-0.8168,-0.9337,1,4078145180,0
036660,2009-11,KOSDAQ,폭락형,-0.5,10.0,-0.9818,-0.984,-0.9845,1,10473114400,0
051530,2009-11,KOSDAQ,폭락형,-0.5,5.0,-0.9767,-0.9861,-0.99,1,260682890,0
085680,2009-11,KOSDAQ,폭락형,-0.5,5.0,-0.9906,-0.9808,-0.9906,1,9805565380,0
062730,2009-12,KOSDAQ,폭락형,-0.5,45.0,-0.9659,-0.99,-0.99,1,10449594030,0
047940,2010-01,KOSDAQ,폭락형,-0.5,100.0,-0.7143,-0.3103,-0.9683,1,5529161785,0
031960,2010-02,KOSDAQ,폭락형,-0.5,15.0,-0.9779,-0.99,-0.99,1,6544632820,0
037830,2010-02,KOSDAQ,폭락형,-0.5,10.0,-0.9792,-0.9881,-0.9923,1,994807100,0
045400,2010-02,KOSDAQ,폭락형,-0.5,10.0,-0.9938,-0.9512,-0.9964,1,1744050825,0
067950,2010-02,KOSDAQ,폭락형,-0.5,5.0,-0.9904,-0.9922,-0.9931,1,3316996250,0
078700,2010-02,KOSDAQ,폭락형,-0.5,20.0,-0.9792,-0.9459,-0.9934,1,87270120,0
080140,2010-02,KOSDAQ,폭락형,-0.5,15.0,-0.9571,-0.8333,-0.9828,1,176395485,0
008320,2010-03,KOSPI,폭락형,-0.5,25.0,-0.9895,-0.9868,-0.9923,1,196940903705,0
015050,2010-03,KOSDAQ,폭락형,-0.5,315.0,-0.9088,-0.8883,-0.9192,1,1697951450,0
017010,2010-03,KOSDAQ,폭락형,-0.5,10.0,-0.9767,-0.9844,-0.9908,1,31572833815,0
041800,2010-03,KOSDAQ,폭락형,-0.5,5.0,-0.9787,-0.9872,-0.9912,1,1118615910,0
056850,2010-03,KOSDAQ,폭락형,-0.5,25.0,-0.9901,-0.9917,-0.9917,1,1504049400,0
084810,2010-03,KOSDAQ,폭락형,-0.5,5.0,-0.9583,-0.9565,-0.9833,1,196635260,0
001600,2010-04,KOSPI,폭락형,-0.5,45.0,-0.8875,-0.9591,-0.9691,1,3805608800,0
002540,2010-04,KOSPI,폭락형,-0.5,40.0,-0.981,-0.7576,-0.9884,1,5381432100,0
004820,2010-04,KOSPI,폭락형,-0.5,5.0,-0.9931,-0.9931,-0.9961,1,6604469550,0
008340,2010-04,KOSDAQ,폭락형,-0.5,25.0,-0.9837,-0.9803,-0.9859,1,5628102900,0
012090,2010-04,KOSPI,폭락형,-0.5,55.0,-0.9862,-0.9886,-0.9891,1,2463905455,0
012095,2010-04,KOSPI,폭락형,-0.5,50.0,-0.9762,-0.9759,-0.9787,1,33075700,0
015170,2010-04,KOSDAQ,폭락형,-0.5,5.0,-0.9979,-0.9981,-0.9985,1,12245730625,0
017050,2010-04,KOSDAQ,폭락형,-0.5,5.0,-0.9947,-0.9375,-0.996,1,170633000,0
017300,2010-04,KOSPI,폭락형,-0.5,5.0,-0.9787,-0.9895,-0.9895,1,11249398680,0
020070,2010-04,KOSDAQ,폭락형,-0.5,5.0,-0.963,-0.996,-0.9976,1,1513473100,0
020075,2010-04,KOSDAQ,폭락형,-0.5,15.0,-0.9977,-0.9997,-0.9998,1,300000,0
032030,2010-04,KOSDAQ,폭락형,-0.5,5.0,-0.9931,-0.9961,-0.9963,1,9581341380,0
033190,2010-04,KOSDAQ,폭락형,-0.5,5.0,-0.9896,-0.9756,-0.9952,1,2585302000,0
033260,2010-04,KOSDAQ,폭락형,-0.5,5.0,-0.9922,-0.9929,-0.9964,1,9230343045,0
034660,2010-04,KOSDAQ,폭락형,-0.5,5.0,-0.9942,-0.9938,-0.9956,1,8398079760,0
035710,2010-04,KOSDAQ,폭락형,-0.5,30.0,-0.9691,-0.9,-0.9908,1,921714930,0
037110,2010-04,KOSDAQ,폭락형,-0.5,30.0,-0.9891,-0.6842,-0.9891,1,126511620,0
038690,2010-04,KOSDAQ,폭락형,-0.5,30.0,-0.9538,-0.913,-0.9574,1,4238931690,0
045290,2010-04,KOSDAQ,폭락형,-0.5,5.0,-0.9928,-0.9897,-0.9987,1,5207259460,0
045880,2010-04,KOSDAQ,폭락형,-0.5,10.0,-0.99,-0.9873,-0.9913,1,15992138050,0
046350,2010-04,KOSDAQ,폭락형,-0.5,25.0,-0.9837,-0.8529,-0.9885,1,10777579200,0
048130,2010-04,KOSDAQ,폭락형,-0.5,5.0,-0.9796,-0.9872,-0.9872,1,10743466800,0
051810,2010-04,KOSDAQ,폭락형,-0.5,55.0,-0.9027,-0.9203,-0.9214,1,2874105000,0
054020,2010-04,KOSDAQ,폭락형,-0.5,5.0,-0.9954,-0.9985,-0.9987,1,95112810,0
060670,2010-04,KOSDAQ,폭락형,-0.5,5.0,-0.9839,-0.9898,-0.9948,1,3907997110,0
064060,2010-04,KOSDAQ,폭락형,-0.5,15.0,-0.9583,-0.9769,-0.9894,1,4506770400,0
065340,2010-04,KOSDAQ,폭락형,-0.5,5.0,-0.9333,-0.9912,-0.9945,1,631788600,0
069470,2010-04,KOSPI,폭락형,-0.5,15.0,-0.9211,-0.95,-0.9744,1,198951765,0
076090,2010-04,KOSDAQ,폭락형,-0.5,5.0,-0.9965,-0.9545,-0.9969,1,3906119085,0
078670,2010-04,KOSDAQ,폭락형,-0.5,35.0,-0.9893,-0.99,-0.9908,1,486757110,0
079560,2010-04,KOSDAQ,폭락형,-0.5,75.0,-0.9102,-0.879,-0.9265,1,10967120790,0
007490,2010-05,KOSPI,폭락형,-0.5,5.0,-0.9938,-0.9996,-0.9997,1,13816677000,0
011400,2010-05,KOSPI,폭락형,-0.5,5.0,-0.9913,-0.9939,-0.9962,1,26421439450,0
018410,2010-05,KOSPI,폭락형,-0.5,20.0,-0.957,-0.9646,-0.9695,1,19199026385,0
018415,2010-05,KOSPI,폭락형,-0.5,1710.0,-0.9907,-0.9928,-0.9928,1,202419000,0
018417,2010-05,KOSPI,폭락형,-0.5,50.0,-0.9846,-0.9855,-0.9871,1,415882620,0
030390,2010-05,KOSDAQ,폭락형,-0.5,25.0,-0.9405,-0.9342,-0.9764,1,592757265,0
041030,2010-05,KOSDAQ,폭락형,-0.5,95.0,-0.9499,-0.9459,-0.962,1,1328129950,0
041320,2010-05,KOSDAQ,폭락형,-0.5,10.0,-0.9977,-0.9969,-0.9977,1,398193690,0
041630,2010-05,KOSDAQ,폭락형,-0.5,40.0,-0.9407,-0.9385,-0.9474,1,2209738525,0
053470,2010-05,KOSDAQ,폭락형,-0.5,5.0,-0.9917,-0.9924,-0.9924,1,636318010,0
057100,2010-05,KOSDAQ,폭락형,-0.5,30.0,-0.9623,-0.9663,-0.9663,1,3705741375,0
058480,2010-05,KOSDAQ,폭락형,-0.5,105.0,-0.8772,-0.8976,-0.8976,2,3191568345,0
065410,2010-05,KOSDAQ,폭락형,-0.5,15.0,-0.9831,-0.9948,-0.9948,1,240103710,0
067850,2010-05,KOSDAQ,폭락형,-0.5,5.0,-0.9934,-0.9907,-0.999,1,16326238825,0
074140,2010-05,KOSDAQ,폭락형,-0.5,5.0,-0.9956,-0.9976,-0.9976,2,183014870,0
085990,2010-05,KOSDAQ,폭락형,-0.5,5.0,-0.9767,-0.9925,-0.9932,1,821390270,0
023670,2010-06,KOSDAQ,폭락형,-0.5,50.0,-0.9688,-0.9881,-0.9894,1,22325690670,0
066300,2010-06,KOSDAQ,폭락형,-0.5,35.0,-0.9796,-0.65,-0.9825,1,11530141990,0
068770,2010-06,KOSDAQ,폭락형,-0.5,150.0,-0.5522,-0.6471,-0.7619,1,5331314700,0
011050,2010-07,KOSPI,폭락형,-0.5,15.0,-0.8,-0.9741,-0.9752,1,4419096660,0
012580,2010-07,KOSPI,폭락형,-0.5,10.0,-0.9718,-0.9737,-0.9787,1,17057818750,0
018890,2010-07,KOSDAQ,폭락형,-0.5,150.0,-0.8077,-0.7692,-0.8673,1,11776750425,0
035830,2010-07,KOSDAQ,폭락형,-0.5,5.0,-0.9778,-0.9833,-0.9833,1,6113649480,0
047710,2010-07,KOSDAQ,폭락형,-0.5,70.0,-0.9723,-0.9831,-0.9831,1,4899494860,0
041550,2010-08,KOSDAQ,폭락형,-0.5,30.0,-0.9455,-0.9528,-0.9545,1,7433967555,0
058690,2010-08,KOSDAQ,폭락형,-0.5,30.0,-0.9636,-0.9647,-0.9836,1,6027948080,0
033030,2010-09,KOSDAQ,폭락형,-0.5,20.0,-0.963,-0.9623,-0.9636,1,36780337440,0
035400,2010-09,KOSDAQ,폭락형,-0.5,30.0,-0.8696,-0.982,-0.982,1,1124760960,0
035405,2010-09,KOSDAQ,폭락형,-0.5,90.0,-0.975,-0.9876,-0.9879,1,2340000,0
041450,2010-09,KOSDAQ,폭락형,-0.5,10.0,-0.9916,-0.9937,-0.9944,1,3494386460,0
055250,2010-09,KOSDAQ,폭락형,-0.5,5.0,-0.9978,-0.9977,-0.9985,1,848288675,0
089240,2010-09,KOSDAQ,폭락형,-0.5,150.0,-0.9824,-0.985,-0.9885,1,6484298265,0
052970,2010-10,KOSDAQ,폭락형,-0.5,15.0,-0.9891,-0.9032,-0.9916,1,12818987500,0
058900,2010-10,KOSDAQ,폭락형,-0.5,25.0,-0.9206,-0.9444,-0.9495,1,4026078930,0
047450,2010-11,KOSDAQ,폭락형,-0.5,1.0,-0.995,-0.9875,-0.9995,1,3263256640,0
048140,2010-11,KOSDAQ,폭락형,-0.5,20.0,-0.9724,-0.9853,-0.9902,1,5321324700,0
048510,2010-11,KOSDAQ,폭락형,-0.5,2.0,-0.9953,-0.9818,-0.9993,1,2465285090,0
070080,2010-11,KOSDAQ,폭락형,-0.5,17.0,-0.9646,-0.9819,-0.9857,1,1554381295,0
052210,2010-12,KOSDAQ,폭락형,-0.5,10.0,-0.9875,-0.9896,-0.9896,1,1001975540,0
088020,2011-01,KOSDAQ,폭락형,-0.5,13.0,-0.8917,-0.977,-0.977,1,323886930,0
046240,2011-02,KOSDAQ,폭락형,-0.5,2.0,-0.9909,-0.9979,-0.9979,1,539034276,0
084450,2011-02,KOSDAQ,폭락형,-0.5,242.0,-0.9669,-0.9778,-0.9778,1,2890498825,0
032380,2011-03,KOSDAQ,폭락형,-0.5,50.0,-0.9363,-0.9265,-0.9643,1,5209348400,0
005350,2011-04,KOSPI,폭락형,-0.5,130.0,-0.6243,-0.7679,-0.9608,1,3973356335,0
016160,2011-04,KOSPI,폭락형,-0.5,55.0,-0.9702,-0.9633,-0.9766,1,2286274015,0
016167,2011-04,KOSPI,폭락형,-0.5,610.0,-0.9706,-0.9573,-0.9777,1,297029600,0
017160,2011-04,KOSDAQ,폭락형,-0.5,11.0,-0.9656,-0.9874,-0.9874,1,4645816664,0
019120,2011-04,KOSDAQ,폭락형,-0.5,10.0,-0.9497,-0.9794,-0.9794,1,1239278418,0
019430,2011-04,KOSDAQ,폭락형,-0.5,8.0,-0.931,-0.96,-0.96,1,5790641400,0
030030,2011-04,KOSDAQ,폭락형,-0.5,5.0,-0.9865,-0.9937,-0.9937,1,8531967714,0
031990,2011-04,KOSDAQ,폭락형,-0.5,6900.0,-0.8231,-0.8045,-0.8231,1,10879000000,0
032290,2011-04,KOSDAQ,폭락형,-0.5,75.0,-0.9863,-0.9893,-0.9893,1,48137120030,0
037020,2011-04,KOSDAQ,폭락형,-0.5,1.0,-0.9945,-0.9985,-0.9985,1,2741413620,0
039040,2011-04,KOSDAQ,폭락형,-0.5,8.0,-0.9911,-0.9954,-0.9967,1,1285477920,0
043630,2011-04,KOSDAQ,폭락형,-0.5,5.0,-0.9901,-0.9955,-0.9955,1,12851098761,0
043680,2011-04,KOSDAQ,폭락형,-0.5,6.0,-0.9778,-0.9831,-0.9848,1,6221538350,0
048640,2011-04,KOSDAQ,폭락형,-0.5,35.0,-0.5455,-0.9041,-0.9491,1,966989828,0
049690,2011-04,KOSDAQ,폭락형,-0.5,11.0,-0.9989,-0.9987,-0.9989,1,17208341640,0
054150,2011-04,KOSDAQ,폭락형,-0.5,21.0,-0.9723,-0.9045,-0.9929,1,6525079704,0
054170,2011-04,KOSDAQ,폭락형,-0.5,3.0,-0.9943,-0.9972,-0.9972,1,1943039712,0
060750,2011-04,KOSDAQ,폭락형,-0.5,6.0,-0.9964,-0.998,-0.9982,1,15971194195,0
088810,2011-04,KOSDAQ,폭락형,-0.5,30.0,-0.6667,-0.85,-0.9691,1,7386818947,0
017170,2011-05,KOSPI,폭락형,-0.5,60.0,-0.8391,-0.9653,-0.9844,1,5607684600,0
030420,2011-05,KOSDAQ,폭락형,-0.5,70.0,-0.9125,-0.5758,-0.9632,1,246929342,0
033850,2011-05,KOSDAQ,폭락형,-0.5,165.0,-0.9367,-0.7911,-0.9649,1,1733999813,0
033855,2011-05,KOSDAQ,폭락형,-0.5,3700.0,-0.9847,-0.7385,-0.9847,1,12031000,0
038710,2011-05,KOSDAQ,폭락형,-0.5,40.0,-0.9815,-0.9907,-0.9907,1,928796309,0
072530,2011-05,KOSDAQ,폭락형,-0.5,42.0,-0.9087,-0.8833,-0.9157,1,2551074360,0
031950,2011-06,KOSDAQ,폭락형,-0.5,61.0,-0.9,-0.9527,-0.9534,1,1834495068,0
034600,2011-06,KOSDAQ,폭락형,-0.5,101.0,-0.3608,-0.813,-0.8154,1,3124851840,0
039350,2011-06,KOSDAQ,폭락형,-0.5,20.0,-0.9811,-0.9732,-0.986,1,22178143650,0
052510,2011-06,KOSDAQ,폭락형,-0.5,8.0,-0.9868,-0.9746,-0.9868,1,8844315220,0
105380,2011-06,KOSPI,폭락형,-0.5,13.0,-0.9821,,-0.9867,1,10472000000,0
050640,2011-08,KOSDAQ,폭락형,-0.5,6.0,-0.9872,-0.9938,-0.9938,1,7520598855,0
036840,2011-09,KOSDAQ,폭락형,-0.5,55.0,-0.9247,-0.9399,-0.95,1,18992156800,0
047600,2011-09,KOSDAQ,폭락형,-0.5,66.0,-0.1951,-0.7684,-0.7898,1,543332098,0
052880,2011-09,KOSDAQ,폭락형,-0.5,50.0,-0.7778,-0.8592,-0.9186,1,11342148240,0
066340,2011-09,KOSDAQ,폭락형,-0.5,58.0,-0.872,-0.9356,-0.9545,1,3987118300,0
081090,2011-09,KOSDAQ,폭락형,-0.5,17.0,-0.9916,-0.9964,-0.9964,1,53397870760,0
026540,2011-10,KOSDAQ,폭락형,-0.5,23.0,-0.4524,-0.8722,-0.8883,1,2856000000,0
037550,2011-10,KOSDAQ,폭락형,-0.5,22.0,-0.725,-0.9056,-0.9924,1,3364403325,0
037700,2011-10,KOSDAQ,폭락형,-0.5,55.0,-0.9002,-0.9553,-0.9553,1,2862164280,0
040180,2011-10,KOSDAQ,폭락형,-0.5,7.0,-0.825,-0.9615,-0.9667,1,1173923360,0
042870,2011-10,KOSDAQ,폭락형,-0.5,17.0,-0.8365,-0.9655,-0.979,1,170666760,0
054010,2011-10,KOSDAQ,폭락형,-0.5,3.0,-0.9955,-0.9974,-0.9983,1,429191265,0
026220,2011-11,KOSDAQ,폭락형,-0.5,14.0,-0.9868,-0.9652,-0.9868,1,35705763107,0
037540,2011-11,KOSDAQ,폭락형,-0.5,34.0,-0.9323,-0.9165,-0.9332,1,14141935464,0
052810,2011-11,KOSDAQ,폭락형,-0.5,22.0,-0.9532,-0.9788,-0.9788,1,12172286464,0
950030,2011-11,KOSDAQ,폭락형,-0.5,14.0,-0.9896,-0.993,-0.9934,1,323400000,0
025340,2011-12,KOSDAQ,폭락형,-0.5,45.0,-0.7837,-0.8996,-0.9,1,8903240100,0
025970,2011-12,KOSDAQ,폭락형,-0.5,120.0,-0.2638,-0.7273,-0.7273,2,14719959120,0
054120,2011-12,KOSDAQ,폭락형,-0.5,251.0,-0.3307,-0.4567,-0.4567,2,28810027737,0
061140,2011-12,KOSDAQ,폭락형,-0.5,1.0,-0.9936,-0.998,-0.998,1,8353005078,0
032930,2012-01,KOSDAQ,폭락형,-0.5,1095.0,-0.2474,-0.5101,-0.5101,2,18498556605,0
037380,2012-01,KOSDAQ,폭락형,-0.5,3.0,-0.9972,-0.9989,-0.9989,1,66428361,0
046720,2012-01,KOSDAQ,폭락형,-0.5,35.0,-0.9747,-0.9877,-0.9885,1,557768470,0
061050,2012-01,KOSDAQ,폭락형,-0.5,9.0,-0.9461,-0.9862,-0.9862,1,5889890600,0
093820,2012-01,KOSPI,폭락형,-0.5,271.0,-0.5572,-0.5629,-0.6003,1,11062220000,0
088960,2012-02,KOSDAQ,폭락형,-0.5,55.0,-0.961,-0.9635,-0.9783,1,1104444120,0
002670,2012-04,KOSDAQ,폭락형,-0.5,42.0,-0.8971,-0.9089,-0.9089,1,38878296160,0
015200,2012-04,KOSDAQ,폭락형,-0.5,22.0,-0.9382,-0.9563,-0.9563,1,3380295688,0
015390,2012-04,KOSDAQ,폭락형,-0.5,4.0,-0.9814,-0.9951,-0.9951,1,3376575917,0
040740,2012-04,KOSDAQ,폭락형,-0.5,9.0,-0.9423,-0.9921,-0.9921,1,262956627,0
042340,2012-04,KOSDAQ,폭락형,-0.5,14.0,-0.9828,-0.8614,-0.9883,1,5199079060,0
045470,2012-04,KOSDAQ,폭락형,-0.5,14.0,-0.8108,-0.5172,-0.9878,1,1708861313,0
050470,2012-04,KOSDAQ,폭락형,-0.5,42.0,-0.9218,-0.6557,-0.96,1,1150965774,0
052350,2012-04,KOSDAQ,폭락형,-0.5,40.0,-0.9636,-0.9211,-0.9725,1,10115167275,0
056010,2012-04,KOSDAQ,폭락형,-0.5,4.0,-0.9873,-0.9917,-0.993,1,3949232616,0
056710,2012-04,KOSDAQ,폭락형,-0.5,12.0,-0.9729,-0.994,-0.994,1,14175964845,0
065610,2012-04,KOSDAQ,폭락형,-0.5,31.0,-0.97,-0.978,-0.9813,1,1225749021,0
066690,2012-04,KOSDAQ,폭락형,-0.5,6.0,-0.995,-0.9922,-0.995,1,227002494,0
068630,2012-04,KOSDAQ,폭락형,-0.5,50.0,-0.6324,-0.6774,-0.7642,1,11598721920,0
089480,2012-04,KOSDAQ,폭락형,-0.5,82.0,-0.9258,-0.9032,-0.9534,1,16856943454,0
094700,2012-04,KOSDAQ,폭락형,-0.5,17.0,-0.9751,-0.9887,-0.9887,1,2019592694,0
098150,2012-04,KOSPI,폭락형,-0.5,173.0,0.0613,0.0613,-0.0226,1,1282465275,0
001310,2012-05,KOSPI,폭락형,-0.5,110.0,-0.9225,-0.929,-0.9433,1,22488400000,0
037240,2012-05,KOSDAQ,폭락형,-0.5,40.0,-0.8922,-0.9121,-0.9259,1,68568000,0
053040,2012-05,KOSDAQ,폭락형,-0.5,70.0,-0.9173,-0.9728,-0.9728,1,15546108710,0
065310,2012-05,KOSDAQ,폭락형,-0.5,34.0,-0.9433,-0.9531,-0.9531,1,23026333800,0
004550,2012-06,KOSPI,폭락형,-0.5,136.0,-0.8857,-0.9284,-0.9771,1,274505927500,0
004555,2012-06,KOSPI,폭락형,-0.5,800.0,-0.7288,-0.6923,-0.9458,1,2114943500,0
008540,2012-06,KOSPI,폭락형,-0.5,23.0,-0.956,-0.982,-0.9913,1,967566849,0
012400,2012-06,KOSPI,폭락형,-0.5,17.0,-0.9634,-0.9877,-0.9919,1,964378632,0
012405,2012-06,KOSPI,폭락형,-0.5,2020.0,-0.9922,-0.9931,-0.9935,1,29720000,0
021060,2012-06,KOSDAQ,폭락형,-0.5,29.0,-0.9287,-0.6463,-0.9482,1,3659326845,0
067130,2012-06,KOSDAQ,폭락형,-0.5,500.0,-0.8901,1.9762,-0.9057,1,1839918645,0
000470,2012-07,KOSPI,폭락형,-0.5,103.0,-0.959,-0.9762,-0.9762,1,31108762620,0
025610,2012-07,KOSPI,폭락형,-0.5,10.0,-0.9972,-0.9986,-0.9986,1,36400000000,0
045260,2012-07,KOSDAQ,폭락형,-0.5,15.0,-0.9848,-0.9628,-0.9848,1,846959970,0
098400,2012-07,KOSDAQ,폭락형,-0.5,35.0,-0.9512,-0.9619,-0.9619,1,35564381068,0
011800,2012-08,KOSPI,폭락형,-0.5,14.0,-0.9648,-0.9652,-0.9722,1,1450321810,0
105070,2012-08,KOSDAQ,폭락형,-0.5,123.0,-0.9682,-0.9647,-0.9682,1,10357800000,0
007150,2012-09,KOSDAQ,폭락형,-0.5,2.0,-0.9936,-0.9976,-0.9986,1,2232637750,0
019260,2012-09,KOSDAQ,폭락형,-0.5,30.0,-0.9674,-0.9788,-0.9815,1,4804609600,0
033280,2012-09,KOSDAQ,폭락형,-0.5,2.0,-0.9915,-0.9817,-0.9915,1,763613204,0
034510,2012-09,KOSDAQ,폭락형,-0.5,28.0,-0.9097,-0.9167,-0.9544,1,2576682690,0
038320,2012-09,KOSDAQ,폭락형,-0.5,8.0,-0.9646,-0.931,-0.9646,1,587218275,0
050050,2012-09,KOSDAQ,폭락형,-0.5,92.0,-0.9357,-0.9042,-0.9414,1,59433973170,0
071660,2012-09,KOSDAQ,폭락형,-0.5,78.0,-0.9838,-0.9797,-0.9875,1,3180947796,0
900030,2012-09,KOSPI,폭락형,-0.5,3.0,-0.9952,-0.995,-0.9958,1,10200000000,0
900150,2012-09,KOSDAQ,폭락형,-0.5,20.0,-0.9906,-0.9873,-0.9921,1,96348429600,0
007200,2012-10,KOSPI,폭락형,-0.5,11.0,-0.9953,-0.9952,-0.9972,1,46725000000,0
073130,2012-10,KOSDAQ,폭락형,-0.5,7.0,-0.9935,-0.9951,-0.9958,1,42034358240,0
042820,2012-11,KOSDAQ,폭락형,-0.5,5.0,-0.9778,-0.9713,-0.9889,1,15478432650,0
045050,2012-11,KOSDAQ,폭락형,-0.5,23.0,-0.9463,-0.9836,-0.987,1,5904104600,0
047730,2012-11,KOSDAQ,폭락형,-0.5,36.0,-0.9419,-0.9549,-0.9549,1,10713265820,0
015110,2012-12,KOSPI,폭락형,-0.5,178.0,-0.8048,-0.8472,-0.8797,1,2306411450,0
046430,2012-12,KOSDAQ,폭락형,-0.5,5.0,-0.9926,-0.988,-0.9926,1,329686412,0
038120,2013-01,KOSDAQ,폭락형,-0.5,9.0,-0.9684,-0.9672,-0.9734,1,6412670940,0
031920,2013-02,KOSDAQ,폭락형,-0.5,322.0,-0.8305,-0.8656,-0.8656,1,4275180000,0
034010,2013-02,KOSDAQ,폭락형,-0.5,9.0,-0.9879,-0.9934,-0.9934,1,3778231392,0
006440,2013-04,KOSPI,폭락형,-0.5,30.0,-0.9758,-0.9835,-0.9835,1,26471260854,0
009010,2013-04,KOSDAQ,폭락형,-0.5,6.0,-0.952,-0.9926,-0.9938,1,14501652,0
013780,2013-04,KOSDAQ,폭락형,-0.5,4.0,-0.9945,-0.9946,-0.995,1,8826067684,0
026250,2013-04,KOSDAQ,폭락형,-0.5,5.0,-0.9928,-0.9912,-0.9938,1,5832789285,0
038720,2013-04,KOSDAQ,폭락형,-0.5,6.0,-0.9917,-0.9571,-0.9917,1,117231786,0
046840,2013-04,KOSDAQ,폭락형,-0.5,40.0,-0.9491,-0.9392,-0.9534,1,2670374960,0
051710,2013-04,KOSDAQ,폭락형,-0.5,49.0,-0.9346,-0.9846,-0.9846,1,1088613400,0
052650,2013-04,KOSDAQ,폭락형,-0.5,49.0,-0.9119,-0.9894,-0.9894,1,5637344000,0
066060,2013-04,KOSDAQ,폭락형,-0.5,7.0,-0.9821,-0.9888,-0.9901,1,5790000000,0
068420,2013-04,KOSDAQ,폭락형,-0.5,90.0,-0.7606,-0.94,-0.94,1,2770646910,0
071530,2013-04,KOSDAQ,폭락형,-0.5,3.0,-0.9947,-0.9976,-0.9976,1,11508022560,0
093400,2013-04,KOSPI,폭락형,-0.5,9.0,-0.9907,-0.988,-0.9951,1,685079808,0
093410,2013-04,KOSPI,폭락형,-0.5,7.0,-0.99,-0.9866,-0.9933,1,1109372184,0
099210,2013-04,KOSPI,폭락형,-0.5,6.0,-0.9908,-0.9882,-0.9941,1,1926393912,0
003190,2013-05,KOSPI,폭락형,-0.5,278.0,-0.9188,-0.9254,-0.9463,1,18156493950,0
028090,2013-05,KOSDAQ,폭락형,-0.5,26.0,-0.9757,-0.9793,-0.9838,1,634993512,0
033550,2013-05,KOSDAQ,폭락형,-0.5,40.0,-0.9302,-0.9493,-0.9512,1,1921481595,0
036920,2013-05,KOSDAQ,폭락형,-0.5,24.0,-0.9647,-0.9036,-0.9647,1,839347551,0
088700,2013-05,KOSDAQ,폭락형,-0.5,40.0,-0.9583,-0.9752,-0.9802,1,943770600,0
012410,2013-06,KOSPI,폭락형,-0.5,17.0,-0.9956,-0.9972,-0.9974,1,414734472,0
025920,2013-07,KOSDAQ,폭락형,-0.5,9.0,-0.9968,-0.9967,-0.9976,1,4331244960,0
037630,2013-07,KOSDAQ,폭락형,-0.5,1500.0,-0.6583,-0.5192,-0.7087,1,24412357655,0
073930,2013-07,KOSDAQ,폭락형,-0.5,31.0,-0.9558,-0.9733,-0.9812,1,4010085836,0
035450,2013-08,KOSDAQ,폭락형,-0.5,48.0,-0.7288,-0.8737,-0.9186,1,2590266300,0
049000,2013-09,KOSDAQ,폭락형,-0.5,13.0,-0.9917,-0.9919,-0.9948,1,8261535330,0
056810,2013-09,KOSDAQ,폭락형,-0.5,59.0,-0.9433,-0.9012,-0.9433,1,1069657950,0
950070,2013-10,KOSPI,폭락형,-0.5,1150.0,-0.7239,-0.7239,-0.7239,1,38250000000,0
007595,2013-12,KOSPI,폭락형,-0.5,250000.0,-0.1364,-0.2958,-0.7551,1,195250000,0
009815,2013-12,KOSPI,폭락형,-0.5,111000.0,-0.8828,-0.7533,-0.9285,1,77850000,0
017555,2013-12,KOSPI,폭락형,-0.5,34200.0,-0.7952,-0.8315,-0.9237,1,34884000,0
003417,2014-01,KOSPI,폭락형,-0.5,7200.0,-0.537,-0.5886,-0.8054,1,164095400,0
012805,2014-01,KOSPI,폭락형,-0.5,11600.0,-0.8297,-0.8389,-0.949,1,176550000,0
028305,2014-01,KOSDAQ,폭락형,-0.5,13000.0,-0.7192,-0.7471,-0.9278,1,243309000,0
053320,2014-02,KOSDAQ,폭락형,-0.5,12.0,-0.9748,-0.9907,-0.9907,1,12780179698,0
004790,2014-03,KOSDAQ,폭락형,-0.5,118.0,-0.9482,-0.6845,-0.9482,1,469019278,0
074000,2014-03,KOSDAQ,폭락형,-0.5,205.0,-0.2322,-0.2322,-0.8464,1,10141415610,0
002530,2014-04,KOSPI,폭락형,-0.5,25.0,-0.9953,-0.9982,-0.9992,1,68684192640,0
002535,2014-04,KOSPI,폭락형,-0.5,3330.0,-0.9826,-0.946,-0.9923,1,651168000,0
005900,2014-04,KOSPI,폭락형,-0.5,88.0,-0.9706,-0.9766,-0.9828,1,35978572370,0
010670,2014-04,KOSDAQ,폭락형,-0.5,23.0,-0.9826,-0.9926,-0.9927,1,9304611120,0
012650,2014-04,KOSDAQ,폭락형,-0.5,2550.0,-0.9814,-0.0676,-0.9814,1,1998519408000,0
036210,2014-04,KOSDAQ,폭락형,-0.5,11.0,-0.9966,-0.9974,-0.9984,1,56618867355,0
067250,2014-04,KOSPI,폭락형,-0.5,409.0,-0.8681,-0.9039,-0.9565,1,3867104552250,0
110310,2014-04,KOSDAQ,폭락형,-0.5,11.0,-0.9735,-0.9961,-0.9961,1,2951531858,0
041060,2014-05,KOSDAQ,폭락형,-0.5,29.0,-0.9065,-0.9293,-0.9293,2,653292338,0
056340,2014-05,KOSDAQ,폭락형,-0.5,13.0,-0.949,-0.967,-0.967,1,5306150746,0
000685,2014-07,KOSPI,폭락형,-0.5,2750.0,-0.9607,-0.9132,-0.9787,1,606774800,0
002365,2014-07,KOSPI,폭락형,-0.5,3820.0,-0.9604,-0.9077,-0.9738,1,311000000,0
003965,2014-07,KOSPI,폭락형,-0.5,6200.0,-0.9472,-0.8344,-0.9638,1,219996000,0
004965,2014-07,KOSPI,폭락형,-0.5,6230.0,-0.9481,-0.9033,-0.9661,1,205032800,0
006375,2014-07,KOSPI,폭락형,-0.5,21450.0,-0.8205,-0.7041,-0.8837,1,378957000,0
007195,2014-07,KOSPI,폭락형,-0.5,700.0,-0.9699,-0.944,-0.9838,1,275686250,0
008975,2014-07,KOSPI,폭락형,-0.5,1700.0,-0.93,-0.8692,-0.9598,1,426696000,0
013005,2014-07,KOSPI,폭락형,-0.5,2000.0,-0.977,-0.9708,-0.9844,1,233090200,0
070480,2014-07,KOSDAQ,폭락형,-0.5,270.0,-0.8663,-0.8831,-0.8831,1,6092900000,0
013340,2014-09,KOSDAQ,폭락형,-0.5,33.0,-0.9415,-0.9567,-0.9567,1,1046433752,0
046400,2014-09,KOSDAQ,폭락형,-0.5,38.0,-0.9795,-0.92,-0.9795,1,648704490,0
110500,2014-09,KOSDAQ,폭락형,-0.5,49.0,-0.9221,-0.9905,-0.9905,1,514539000,0
119250,2014-10,KOSPI,폭락형,-0.5,74.0,-0.5404,-0.6864,-0.6992,1,8901733400,0
032420,2015-01,KOSDAQ,폭락형,-0.5,45.0,-0.9467,-0.7619,-0.9467,1,5818139975,0
091690,2015-01,KOSDAQ,폭락형,-0.5,31.0,-0.9854,-0.9908,-0.9908,1,31839169120,0
000420,2015-02,KOSPI,폭락형,-0.5,14.0,-0.9459,-0.9692,-0.9692,1,15311892743,0
000425,2015-02,KOSPI,폭락형,-0.5,32.0,-0.9755,-0.9861,-0.9861,1,1388219850,0
149130,2015-02,KOSPI,폭락형,-0.5,300.0,-0.8125,-0.9245,-0.9248,1,960000000,0
000360,2015-04,KOSPI,폭락형,-0.5,1100.0,-0.144,-0.5464,-0.5464,1,11617125850,0
000800,2015-04,KOSPI,폭락형,-0.5,113.0,-0.9745,-0.9666,-0.9765,1,148761996840,0
004320,2015-04,KOSDAQ,폭락형,-0.5,90.0,-0.9455,-0.9853,-0.9853,1,6815263620,0
004325,2015-04,KOSDAQ,폭락형,-0.5,55.0,-0.9427,-0.9775,-0.9775,1,1013600000,0
014350,2015-04,KOSPI,폭락형,-0.5,485.0,-0.9666,-0.9666,-0.9666,1,21381337500,0
053330,2015-04,KOSDAQ,폭락형,-0.5,8.0,-0.9729,-0.9909,-0.9909,1,8497510840,0
065180,2015-04,KOSDAQ,폭락형,-0.5,178.0,-0.568,-0.1359,-0.685,1,7274901830,0
039530,2015-05,KOSDAQ,폭락형,-0.5,310.0,-0.8203,-0.8469,-0.8502,1,97378737450,0
039850,2015-05,KOSDAQ,폭락형,-0.5,25.0,-0.9619,-0.9658,-0.9658,1,19436866047,0
066350,2015-05,KOSDAQ,폭락형,-0.5,120.0,-0.9605,-0.9821,-0.9823,1,22975858280,0
090120,2015-05,KOSDAQ,폭락형,-0.5,25.0,-0.9489,-0.9875,-0.9875,1,11595044520,0
000895,2015-07,KOSPI,폭락형,-0.5,3200.0,-0.8571,-0.8951,-0.8951,1,507649000,0
000997,2015-07,KOSPI,폭락형,-0.5,6150.0,-0.7815,-0.8,-0.8705,1,626583800,0
008705,2015-07,KOSPI,폭락형,-0.5,2390.0,-0.8473,-0.8974,-0.9081,1,484575000,0
040670,2015-07,KOSDAQ,폭락형,-0.5,3.0,-0.9871,-0.976,-0.9871,1,16425289272,0
053595,2015-07,KOSDAQ,폭락형,-0.5,9900.0,-0.409,-0.4663,-0.6071,1,388593300,0
071930,2015-07,KOSDAQ,폭락형,-0.5,10.0,-0.9855,-0.9944,-0.9946,1,21723993764,0
074130,2015-07,KOSDAQ,폭락형,-0.5,19.0,-0.9888,-0.9905,-0.9929,1,25232200000,0
138440,2015-09,KOSPI,폭락형,-0.5,994.0,-0.485,-0.4583,-0.7106,1,6079950000,0
053870,2015-10,KOSDAQ,폭락형,-0.5,50.0,-0.9486,-0.9478,-0.9656,1,9760000000,0
950010,2015-11,KOSPI,폭락형,-0.5,295.0,-0.5725,-0.5725,-0.7731,1,6244546100,0
111610,2016-01,KOSDAQ,폭락형,-0.5,2910.0,19.069,19.069,-0.8328,1,651137545200,0
025850,2016-03,KOSPI,폭락형,-0.5,9110.0,-0.2533,-0.4641,-0.6099,2,68325000000,0
051310,2016-04,KOSPI,폭락형,-0.5,90.0,-0.9538,-0.9644,-0.9644,1,175771567512,0
065270,2016-04,KOSDAQ,폭락형,-0.5,73.0,-0.9747,-0.9863,-0.9863,1,24520472515,0
078780,2016-04,KOSDAQ,폭락형,-0.5,139.0,-0.9894,-0.7098,-0.9894,1,97944684750,0
086200,2016-05,KOSDAQ,폭락형,-0.5,144.0,-0.9795,-0.9719,-0.9795,1,2361712960,0
082390,2016-07,KOSDAQ,폭락형,-0.5,65.0,-0.9247,-0.9476,-0.9476,1,42253320450,0
037340,2016-09,KOSDAQ,폭락형,-0.5,37.0,-0.9785,-0.9728,-0.9925,1,7539339735,0
053810,2016-09,KOSDAQ,폭락형,-0.5,1520.0,-0.8495,-0.3184,-0.8495,1,63429686700,0
074150,2016-09,KOSDAQ,폭락형,-0.5,39.0,-0.9813,-0.9827,-0.9919,1,3827305812,0
011720,2016-11,KOSPI,폭락형,-0.5,95.0,-0.8904,-0.9429,-0.9429,1,32199570222,0
060910,2017-02,KOSDAQ,폭락형,-0.5,451.0,-0.5098,-0.5098,-0.5098,1,4904031480,0
068150,2017-03,KOSDAQ,폭락형,-0.5,27.0,-0.9769,-0.9856,-0.9856,1,8874872204,0
117930,2017-03,KOSPI,폭락형,-0.5,12.0,-0.9897,-0.9963,-0.9963,1,24526994700,0
052270,2017-04,KOSDAQ,폭락형,-0.5,40.0,-0.905,-0.9668,-0.9673,1,19822514580,0
090970,2017-04,KOSPI,폭락형,-0.5,308.0,-0.7768,-0.9163,-0.9719,1,23992326000,0
090980,2017-04,KOSPI,폭락형,-0.5,203.0,-0.7918,-0.9453,-0.976,1,18536536800,0
090990,2017-04,KOSPI,폭락형,-0.5,136.0,-0.8428,-0.963,-0.9733,1,11174508000,0
091000,2017-04,KOSPI,폭락형,-0.5,139.0,-0.8454,-0.9624,-0.9727,1,11174508000,0
110570,2017-04,KOSPI,폭락형,-0.5,32.0,-0.9333,-0.9657,-0.9657,1,64468078400,0
036500,2017-05,KOSDAQ,폭락형,-0.5,28.0,-0.9691,-0.9862,-0.9862,1,2389768132,0
058370,2017-05,KOSDAQ,폭락형,-0.5,70.0,-0.9638,-0.9608,-0.9702,1,3476630313,0
086830,2017-05,KOSDAQ,폭락형,-0.5,17.0,-0.9664,-0.9828,-0.9828,1,2274478393,0
004740,2017-07,KOSPI,폭락형,-0.5,49.0,-0.9697,-0.9697,-0.9697,1,4315526880,0
208870,2017-07,KOSDAQ,폭락형,-0.5,2025.0,-0.0194,-0.0774,-0.6106,1,5380800000,0
005255,2017-08,KOSPI,폭락형,-0.5,13050.0,-0.4852,-0.478,-0.6212,1,45059490000,0
095300,2017-09,KOSDAQ,폭락형,-0.5,135.0,-0.8559,-0.9444,-0.9495,1,11766148872,0
900050,2017-09,KOSPI,폭락형,-0.5,63.0,-0.937,-0.9658,-0.9658,1,97859369000,0
023430,2017-12,KOSDAQ,폭락형,-0.5,110.0,-0.6687,-0.8343,-0.9669,1,96516928480,0
039790,2018-03,KOSDAQ,폭락형,-0.5,32.0,-0.959,-0.959,-0.959,1,7703852422,0
051170,2018-03,KOSDAQ,폭락형,-0.5,27.0,-0.9801,-0.9801,-0.9801,1,52861302800,0
013367,2018-05,KOSPI,폭락형,-0.5,2615.0,-0.4674,-0.6994,-0.6994,2,1624542600,0
087220,2018-05,KOSDAQ,폭락형,-0.5,40.0,-0.8496,-0.917,-0.9187,1,4763413248,0
099830,2018-05,KOSDAQ,폭락형,-0.5,331.0,-0.9176,-0.4193,-0.9605,1,4327790340,0
900180,2018-05,KOSDAQ,폭락형,-0.5,21.0,-0.9798,-0.9798,-0.9798,1,48003070984,0
099660,2018-07,KOSDAQ,폭락형,-0.5,57.0,-0.9455,-0.9544,-0.9669,1,8766301474,0
043580,2018-08,KOSDAQ,폭락형,-0.5,75.0,-0.9765,-0.9765,-0.9765,1,208187767370,0
005980,2018-10,KOSPI,폭락형,-0.5,671.0,-0.9235,-0.1342,-0.9235,1,7147317637,0
026260,2018-10,KOSDAQ,폭락형,-0.5,104.0,-0.6634,-0.8133,-0.9832,1,2201807712,0
032040,2018-10,KOSDAQ,폭락형,-0.5,714.0,-0.8368,-0.184,-0.8368,1,13642460000,0
047440,2018-10,KOSDAQ,폭락형,-0.5,18.0,-0.9805,-0.9732,-0.9821,1,1807090998,0
052290,2018-10,KOSDAQ,폭락형,-0.5,15.0,-0.9897,-0.9909,-0.9936,1,3289330500,0
081970,2018-10,KOSDAQ,폭락형,-0.5,1530.0,-0.8536,-0.8225,-0.8746,1,8191987860,0
155960,2018-10,KOSDAQ,폭락형,-0.5,46.0,-0.961,-0.9821,-0.9821,1,1365802041,0
194610,2018-10,KOSDAQ,폭락형,-0.5,42.0,-0.9679,-0.974,-0.9788,1,1660890000,0
900090,2018-12,KOSDAQ,폭락형,-0.5,27.0,-0.9651,-0.9602,-0.9651,1,2538000000,0
065160,2019-05,KOSDAQ,폭락형,-0.5,253.0,1.908,-0.9293,-0.9293,1,17065728701,0
017680,2019-11,KOSDAQ,폭락형,-0.5,60.0,-0.6703,-0.8182,-0.9589,1,21294997900,0
035480,2019-12,KOSDAQ,폭락형,-0.5,253.0,-0.8285,-0.8285,-0.9657,1,67200907320,0
122800,2020-02,KOSDAQ,폭락형,-0.5,44.0,-0.956,-0.956,-0.956,1,35153085000,0
001799,2020-04,KOSPI,폭락형,-0.5,16200.0,-0.391,-0.4841,-0.6254,2,2100427200,0
123260,2020-04,KOSDAQ,폭락형,-0.5,27.0,-0.9615,-0.9615,-0.9615,1,16834861995,0
030270,2020-05,KOSDAQ,폭락형,-0.5,43.0,-0.9569,-0.9569,-0.9569,1,7547575598,0
054340,2020-05,KOSDAQ,폭락형,-0.5,117.0,-0.9825,-0.9825,-0.9825,1,26927340520,0
094190,2020-05,KOSDAQ,폭락형,-0.5,10.0,-0.9873,-0.9873,-0.9873,1,56922108455,0
103130,2020-05,KOSPI,폭락형,-0.5,52.0,-0.9431,-0.9431,-0.9431,1,1609260744,0
197210,2020-05,KOSDAQ,폭락형,-0.5,38.0,-0.9495,-0.9934,-0.9934,1,18870304998,0
900040,2020-05,KOSDAQ,폭락형,-0.5,12.0,-0.9768,-0.9768,-0.9768,1,65198876526,0
005450,2020-06,KOSPI,폭락형,-0.5,330.0,-0.9333,-0.9333,-0.9333,1,34727938855,0
099340,2020-06,KOSPI,폭락형,-0.5,211.0,-0.5248,-0.7488,-0.7488,1,4801558200,0
099350,2020-06,KOSPI,폭락형,-0.5,609.0,-0.4562,-0.6229,-0.6396,1,1999956000,0
112240,2020-06,KOSDAQ,폭락형,-0.5,104.0,-0.9427,-0.9427,-0.9427,1,79827028710,0
065940,2020-07,KOSDAQ,폭락형,-0.5,23.0,-0.9859,-0.9859,-0.9859,1,71919049110,0
134780,2020-07,KOSDAQ,폭락형,-0.5,211.0,-0.931,-0.931,-0.931,1,4669722340,0
204990,2020-08,KOSDAQ,폭락형,-0.5,18.0,-0.9853,-0.9943,-0.9943,1,4376180451,0
194510,2020-09,KOSDAQ,폭락형,-0.5,250.0,-0.5336,-0.5336,-0.5336,1,13125755600,0
036260,2021-02,KOSDAQ,폭락형,-0.5,15.0,-0.9932,-0.9932,-0.9932,1,97187539620,0
028040,2021-04,KOSDAQ,폭락형,-0.5,6.0,-0.9785,-0.9785,-0.9785,1,12549281058,0
008800,2021-06,KOSDAQ,폭락형,-0.5,66.0,-0.9627,-0.9627,-0.9627,1,3878409240,0
073070,2021-06,KOSDAQ,폭락형,-0.5,135.0,-0.6683,-0.7256,-0.9337,1,6890718000,0
195440,2021-06,KOSDAQ,폭락형,-0.5,330.0,-0.841,-0.841,-0.841,1,8582183400,0
226350,2021-06,KOSDAQ,폭락형,-0.5,675.0,2.1542,2.1542,-0.8738,1,25849675250,0
900080,2021-06,KOSDAQ,폭락형,-0.5,21.0,-0.8934,-0.8934,-0.8934,1,24380639821,0
033600,2021-08,KOSDAQ,폭락형,-0.5,21.0,-0.8827,-0.8827,-0.8827,1,9456230437,0
038160,2021-08,KOSDAQ,폭락형,-0.5,63.0,-0.9269,-0.9269,-0.9269,1,10551204112,0
065620,2021-08,KOSDAQ,폭락형,-0.5,280.0,-0.9824,-0.9122,-0.9824,1,4110072020,0
086250,2021-08,KOSDAQ,폭락형,-0.5,95.0,-0.9324,-0.9324,-0.9324,1,43288294470,0
033430,2021-09,KOSDAQ,폭락형,-0.5,120.0,-0.6757,-0.6757,-0.6757,1,8504945060,0
080440,2021-09,KOSDAQ,폭락형,-0.5,18.0,-0.9639,-0.9639,-0.9639,1,6636328080,0
111820,2021-09,KOSDAQ,폭락형,-0.5,40.0,-0.9838,-0.9838,-0.9838,1,72867415660,0
141070,2021-09,KOSDAQ,폭락형,-0.5,46.0,-0.9381,-0.9837,-0.9838,1,26670245050,0
033110,2021-10,KOSDAQ,폭락형,-0.5,3.0,-0.9853,-0.9853,-0.9853,1,2854992602,0
039230,2021-10,KOSDAQ,폭락형,-0.5,41.0,-0.9245,-0.7735,-0.9245,1,3310877160,0
087730,2021-10,KOSDAQ,폭락형,-0.5,120.0,-0.9853,-0.9559,-0.9853,1,2390043460,0
045890,2021-12,KOSDAQ,폭락형,-0.5,4.0,-0.9833,-0.9907,-0.9907,1,20823884880,0
221610,2022-01,KOSDAQ,폭락형,-0.5,50.0,-0.9911,-0.7925,-0.9963,1,1377542979,0
007630,2022-02,KOSPI,폭락형,-0.5,45.0,-0.9633,-0.9633,-0.9633,1,55134426375,0
114570,2022-02,KOSDAQ,폭락형,-0.5,62.0,-0.9,-0.9,-0.9,1,7030424280,0
039670,2022-04,KOSDAQ,폭락형,-0.5,101.0,-0.9863,-0.9863,-0.9863,1,67797501120,0
053660,2022-04,KOSDAQ,폭락형,-0.5,7.0,-0.9825,-0.9825,-0.9825,1,21280401200,0
066110,2022-04,KOSDAQ,폭락형,-0.5,69.0,-0.9389,-0.8562,-0.9389,1,9528689728,0
050320,2022-05,KOSDAQ,폭락형,-0.5,41.0,-0.9586,-0.9586,-0.9586,1,47210805440,0
052190,2022-05,KOSDAQ,폭락형,-0.5,95.0,-0.9893,-0.9893,-0.9893,1,16022332455,0
176440,2022-06,KOSDAQ,폭락형,-0.5,18.0,-0.9906,-0.9906,-0.9906,1,164619542400,0
001529,2022-07,KOSPI,폭락형,-0.5,2095.0,-0.9393,-0.9665,-0.9665,1,2552590900,0
009275,2022-07,KOSPI,폭락형,-0.5,1800.0,-0.9497,-0.9685,-0.9685,1,2431832000,0
016385,2022-07,KOSPI,폭락형,-0.5,10450.0,-0.9023,-0.9187,-0.9686,1,5632117500,0
053110,2022-09,KOSDAQ,폭락형,-0.5,55.0,-0.9861,-0.9861,-0.9861,1,5909570689,0
127160,2022-09,KOSDAQ,폭락형,-0.5,3.0,-0.9894,-0.9894,-0.9894,1,24427827282,0
090740,2022-10,KOSDAQ,폭락형,-0.5,75.0,-0.9644,-0.9644,-0.9644,1,47277068575,0
126870,2022-10,KOSDAQ,폭락형,-0.5,78.0,-0.965,-0.965,-0.965,1,79475857540,0
182690,2022-10,KOSDAQ,폭락형,-0.5,9.0,-0.9938,-0.9938,-0.9938,1,2031662208,0
060300,2022-11,KOSDAQ,폭락형,-0.5,30.0,-0.9836,-0.9836,-0.9836,1,1870803008,0
158310,2022-11,KOSDAQ,폭락형,-0.5,100.0,-0.9405,-0.9405,-0.9405,1,11864599744,0
064510,2023-01,KOSDAQ,폭락형,-0.5,380.0,-0.8618,-0.8618,-0.8618,1,27821777500,0
096300,2023-02,KOSPI,폭락형,-0.5,156.0,-0.2778,-0.037,-0.4244,2,21478112916,0
056000,2023-03,KOSDAQ,폭락형,-0.5,25.0,-0.9913,-0.9913,-0.9913,1,56399843500,0
058420,2023-04,KOSDAQ,폭락형,-0.5,37.0,-0.9829,-0.9829,-0.9829,1,7799412240,0
050540,2023-05,KOSDAQ,폭락형,-0.5,359.0,-0.5633,-0.5633,-0.6007,1,5814810213,0
000547,2023-07,KOSPI,폭락형,-0.5,3180.0,-0.8351,-0.8555,-0.8555,1,1236480000,0
000995,2023-07,KOSPI,폭락형,-0.5,17500.0,-0.797,-0.7914,-0.8604,1,3369480000,0
001745,2023-07,KOSPI,폭락형,-0.5,3600.0,-0.9313,-0.9387,-0.9387,1,2699140000,0
004565,2023-07,KOSPI,폭락형,-0.5,4910.0,-0.9082,-0.9203,-0.9203,1,2186054800,0
010145,2023-07,KOSPI,폭락형,-0.5,6580.0,-0.9691,-0.9706,-0.9706,1,11323717000,0
078650,2023-07,KOSDAQ,폭락형,-0.5,33.0,-0.9844,-0.9844,-0.9844,1,8647007240,0
096640,2023-07,KOSDAQ,폭락형,-0.5,151.0,-0.899,-0.899,-0.899,1,69543906185,0
069110,2023-10,KOSDAQ,폭락형,-0.5,176.0,-0.9331,-0.9331,-0.9331,1,62963935800,0
015540,2023-11,KOSPI,폭락형,-0.5,70.0,-0.9891,-0.9891,-0.9891,1,4691765325,0
138690,2023-12,KOSDAQ,폭락형,-0.5,178.0,-0.9353,-0.8187,-0.9353,1,19117887210,0
377630,2023-12,KOSDAQ,폭락형,-0.5,2030.0,-0.4925,-0.5708,-0.6111,1,8743500000,0
141020,2024-01,KOSDAQ,폭락형,-0.5,22.0,-0.9941,-0.9835,-0.9941,1,608427716,0
114120,2024-02,KOSDAQ,폭락형,-0.5,90.0,-0.9917,-0.9917,-0.9917,1,24913021350,0
148140,2024-06,KOSDAQ,폭락형,-0.5,120.0,-0.9805,-0.8125,-0.9805,1,5733956988,0
161570,2024-06,KOSDAQ,폭락형,-0.5,74.0,-0.7978,-0.9699,-0.9759,1,7721265564,0
065560,2024-07,KOSDAQ,폭락형,-0.5,400.0,-0.9653,-0.9307,-0.9653,1,189726555040,0
136510,2024-07,KOSDAQ,폭락형,-0.5,63.0,-0.9946,-0.9946,-0.9946,1,666441355600,0
181340,2024-07,KOSDAQ,폭락형,-0.5,68.0,-0.9749,-0.9749,-0.9749,1,54259503030,0
089530,2024-09,KOSDAQ,폭락형,-0.5,18.0,-0.97,-0.97,-0.97,1,3184332591,0
053590,2024-10,KOSDAQ,폭락형,-0.5,2.0,-0.994,-0.994,-0.994,1,1257121176,0
062860,2024-11,KOSDAQ,폭락형,-0.5,2450.0,-0.5776,-0.5776,-0.5776,1,57261776000,0
263540,2024-11,KOSDAQ,폭락형,-0.5,17.0,-0.9971,-0.9971,-0.9971,1,743292732,0
214310,2024-12,KOSDAQ,폭락형,-0.5,531.0,0.7353,0.7353,-0.9132,1,22516275600,0
900280,2025-01,KOSDAQ,폭락형,-0.5,1.0,-0.9897,-0.9915,-0.9926,1,1232425728,1
078940,2025-02,KOSDAQ,폭락형,-0.5,75.0,-0.9737,-0.9737,-0.9737,1,151584163690,1
160600,2025-02,KOSDAQ,폭락형,-0.5,390.0,-0.8742,-0.8742,-0.8742,1,163573177100,1
299910,2025-02,KOSDAQ,폭락형,-0.5,80.0,-0.9884,-0.9884,-0.9884,1,32483121920,1
038340,2025-03,KOSDAQ,폭락형,-0.5,70.0,-0.9432,-0.9454,-0.9454,1,39979891836,1
168490,2025-03,KOSPI,폭락형,-0.5,103.0,-0.4607,-0.5913,-0.5913,1,8242060000,1
214870,2025-03,KOSDAQ,폭락형,-0.5,47.0,-0.9932,-0.966,-0.9932,1,64765809320,1
268600,2025-03,KOSDAQ,폭락형,-0.5,16.0,-0.9976,-0.9976,-0.9976,1,2156627572,1
012600,2025-05,KOSPI,폭락형,-0.5,128.0,-0.9486,-0.9486,-0.9486,1,116119947330,1
071460,2025-06,KOSDAQ,폭락형,-0.5,10.0,-0.9837,-0.9837,-0.9837,1,22047951835,1
072520,2025-06,KOSDAQ,폭락형,-0.5,6.0,-0.9846,-0.9846,-0.9846,1,28849482466,1
226440,2025-06,KOSDAQ,폭락형,-0.5,11.0,-0.9928,-0.9928,-0.9928,1,100580954580,1
323230,2025-06,KOSDAQ,폭락형,-0.5,3.0,-0.9814,-0.9886,-0.9886,1,6967193212,1
023460,2025-07,KOSDAQ,폭락형,-0.5,9.0,-0.9174,-0.9964,-0.9964,1,4054800000,1
044060,2025-08,KOSDAQ,폭락형,-0.5,43.0,-0.9413,-0.9413,-0.9413,1,70075958688,1
019590,2025-09,KOSDAQ,폭락형,-0.5,383.0,-0.5841,-0.5841,-0.8615,1,10332966384,1
024810,2025-09,KOSDAQ,폭락형,-0.5,400.0,-0.5551,-0.5551,-0.5551,1,196834827360,1
093230,2025-09,KOSPI,폭락형,-0.5,33.0,-0.9763,-0.9763,-0.9763,1,354103029120,1
096040,2025-09,KOSDAQ,폭락형,-0.5,5.0,-0.9815,-0.9815,-0.9815,1,245561580945,1
091090,2025-10,KOSPI,폭락형,-0.5,121.0,-0.9047,-0.9047,-0.9047,1,66998498210,1
014200,2025-11,KOSDAQ,폭락형,-0.5,2950.0,-0.5116,-0.9023,-0.9023,1,91311391200,1
102280,2025-11,KOSPI,폭락형,-0.5,450.0,-0.8327,-0.9665,-0.9665,1,70637274900,1
151910,2025-11,KOSDAQ,폭락형,-0.5,15.0,-0.9766,-0.9766,-0.9766,1,121645902080,1
054630,2025-12,KOSDAQ,폭락형,-0.5,15.0,-0.9905,-0.9051,-0.9905,1,12594094680,1
001140,2026-01,KOSPI,폭락형,-0.5,14.0,-0.9934,-0.9934,-0.9934,1,33456978680,1
003560,2026-01,KOSPI,폭락형,-0.5,245.0,-0.9772,-0.9772,-0.9772,1,76220934800,1
057880,2026-01,KOSDAQ,폭락형,-0.5,6.0,-0.9993,-0.9993,-0.9993,1,216061434720,1
111870,2026-01,KOSDAQ,폭락형,-0.5,355.0,-0.9602,-0.9602,-0.9602,1,62746456410,1
150840,2026-01,KOSDAQ,폭락형,-0.5,150.0,-0.9744,-0.9744,-0.9744,1,251537720850,1
174880,2026-01,KOSDAQ,폭락형,-0.5,570.0,-0.7849,-0.7849,-0.7849,1,11610352250,1
208340,2026-01,KOSDAQ,폭락형,-0.5,115.0,-0.9605,-0.9605,-0.9605,1,233786229820,1
226360,2026-01,KOSDAQ,폭락형,-0.5,49.0,-0.9808,-0.9808,-0.9808,1,67617390260,1
45014K,2026-01,KOSPI,폭락형,-0.5,12200.0,1.9257,1.315,-0.8329,2,29964664000,1
036180,2026-03,KOSDAQ,폭락형,-0.5,2.0,-0.9965,-0.9965,-0.9965,1,53929030348,1
204630,2026-03,KOSDAQ,폭락형,-0.5,220.0,-0.9527,-0.9527,-0.9527,1,23668225650,1
222810,2026-03,KOSDAQ,폭락형,-0.5,15.0,-0.9972,-0.9972,-0.9972,1,81712098000,1
