date,code,market,name,mcap,shares,sect
2026-08-21,095570,KOSPI,AJ네트웍스,196396974060,45252759,
2026-08-21,006840,KOSPI,AK홀딩스,102006219700,13247561,
2026-08-21,027410,KOSPI,BGF,374731236765,95716791,
2026-08-21,282330,KOSPI,BGF리테일,2443944308400,17283906,
2026-08-21,138930,KOSPI,BNK금융지주,4440779842230,310327033,
2026-08-21,001460,KOSPI,BYC,231107550000,6246150,
2026-08-21,001465,KOSPI,BYC우,57615487500,2153850,
2026-08-21,001040,KOSPI,CJ,3539169857400,29176998,
2026-08-21,079160,KOSPI,CJ CGV,844472264700,165582797,
2026-08-21,00104K,KOSPI,CJ4우(전환),496615160000,4226512,
2026-08-21,000120,KOSPI,CJ대한통운,1674426049600,22812344,
2026-08-21,011150,KOSPI,CJ씨푸드,72400507595,35930773,
2026-08-21,011155,KOSPI,CJ씨푸드1우,1378000000,200000,
2026-08-21,001045,KOSPI,CJ우,157537543100,2260223,
2026-08-21,097950,KOSPI,CJ제일제당,2769970224000,15054186,
2026-08-21,097955,KOSPI,CJ제일제당 우,167389301300,1327433,
2026-08-21,000480,KOSPI,CR홀딩스,211007205000,46890490,
2026-08-21,000590,KOSPI,CS홀딩스,78042983200,1154482,
2026-08-21,012030,KOSPI,DB,293311594314,201173933,
2026-08-21,005830,KOSPI,DB손해보험,11645962052200,65500349,
2026-08-21,016610,KOSPI,DB증권,391355706580,42446389,
2026-08-21,000990,KOSPI,DB하이텍,3902361543600,43504588,
2026-08-21,000300,KOSPI,DH오토넥스,174035631000,41437055,
2026-08-21,001530,KOSPI,DI동일,496139122950,20715621,
2026-08-21,015590,KOSPI,DKME,78492572760,53396308,
2026-08-21,000210,KOSPI,DL,978639782800,20955884,
2026-08-21,000215,KOSPI,DL우,39117868000,1686115,
2026-08-21,375500,KOSPI,DL이앤씨,2638905088600,38693623,
2026-08-21,37550L,KOSPI,DL이앤씨2우(전환),97572136200,2111951,
2026-08-21,37550K,KOSPI,DL이앤씨우,52212959500,2113885,
2026-08-21,007340,KOSPI,DN오토모티브,2586180233000,58510865,
2026-08-21,004840,KOSPI,DRB동일,81811185180,19272364,
2026-08-21,155660,KOSPI,DSR,70080000000,16000000,
2026-08-21,069730,KOSPI,DSR제강,78480000000,14400000,
2026-08-21,017860,KOSPI,DS단석,196771260120,17759139,
2026-08-21,092780,KOSPI,DYP,44970290900,13168460,
2026-08-21,017940,KOSPI,E1,633864000000,6860000,
2026-08-21,365550,KOSPI,ESR켄달스퀘어리츠,734575665000,246089000,
2026-08-21,383220,KOSPI,F&F,2382700065000,38307075,
2026-08-21,007700,KOSPI,F&F홀딩스,547209994330,39114367,
2026-08-21,114090,KOSPI,GKL,560412370200,61855670,
2026-08-21,078930,KOSPI,GS,10794456519000,92895495,
2026-08-21,006360,KOSPI,GS건설,2845584542500,85581490,
2026-08-21,001250,KOSPI,GS글로벌,214587786400,82533764,
2026-08-21,007070,KOSPI,GS리테일,2157071307000,83607415,
2026-08-21,078935,KOSPI,GS우,112831458400,1779676,
2026-08-21,499790,KOSPI,GS피앤엘,789267471800,19830841,
2026-08-21,012630,KOSPI,HDC,1263537399150,59741721,
2026-08-21,039570,KOSPI,HDC랩스,197537343610,25957601,
2026-08-21,089470,KOSPI,HDC현대EP,121220000000,31900000,
2026-08-21,267270,KOSPI,HD건설기계,5534979103500,47921897,
2026-08-21,009540,KOSPI,HD한국조선해양,24664430926000,70773116,
2026-08-21,267250,KOSPI,HD현대,16825527105000,78993085,
2026-08-21,443060,KOSPI,HD현대마린솔루션,8863575042000,44833460,
2026-08-21,071970,KOSPI,HD현대마린엔진,1685898301500,33921495,
2026-08-21,322000,KOSPI,HD현대에너지솔루션,1404480000000,11200000,
2026-08-21,267260,KOSPI,HD현대일렉트릭,25881842930000,36047135,
2026-08-21,329180,KOSPI,HD현대중공업,47547434925000,104961225,
2026-08-21,097230,KOSPI,HJ중공업,1529603127360,90295344,
2026-08-21,014790,KOSPI,HL D&I,93510744470,37858601,
2026-08-21,003580,KOSPI,HLB글로벌,79896347385,50663505,
2026-08-21,204320,KOSPI,HL만도,2418291680000,46957120,
2026-08-21,060980,KOSPI,HL홀딩스,350897436550,9078847,
2026-08-21,011200,KOSPI,HMM,20373940152000,943237970,
2026-08-21,035000,KOSPI,HS애드,108915367680,16207644,
2026-08-21,002460,KOSPI,HS화성,106473500000,10150000,
2026-08-21,487570,KOSPI,HS효성,167666715000,3725927,
2026-08-21,298050,KOSPI,HS효성첨단소재,719479648800,4479948,
2026-08-21,015360,KOSPI,INVENI,383135000000,27250000,
2026-08-21,294870,KOSPI,IPARK현대산업개발,1423598328000,65907330,
2026-08-21,175330,KOSPI,JB금융지주,4961480518400,186521824,
2026-08-21,234080,KOSPI,JW생명과학,175605203860,15834554,
2026-08-21,001060,KOSPI,JW중외제약,614748552000,23285930,
2026-08-21,001067,KOSPI,JW중외제약2우B,9448785000,209973,
2026-08-21,001065,KOSPI,JW중외제약우,7762287700,341951,
2026-08-21,096760,KOSPI,JW홀딩스,296069392710,73924942,
2026-08-21,008970,KOSPI,KBI동양철관,108540184722,103766907,
2026-08-21,105560,KOSPI,KB금융,58275194696200,354687734,
2026-08-21,415640,KOSPI,KB발해인프라,1262219144400,122545548,
2026-08-21,432320,KOSPI,KB스타리츠,213934520415,150764285,
2026-08-21,002380,KOSPI,KCC,4158961664000,8592896,
2026-08-21,344820,KOSPI,KCC글라스,388083441600,15970512,
2026-08-21,009070,KOSPI,KCTC,116400000000,30000000,
2026-08-21,009440,KOSPI,KC그린홀딩스,17568790596,23239141,
2026-08-21,119650,KOSPI,KC코트렐,100782913662,109785309,
2026-08-21,092220,KOSPI,KEC,96165544060,40152628,
2026-08-21,003620,KOSPI,KG모빌리티,538317265920,202374912,
2026-08-21,016380,KOSPI,KG스틸,529047065130,100008897,
2026-08-21,001390,KOSPI,KG케미칼,279891325740,66403636,
2026-08-21,001940,KOSPI,KISCO홀딩스,384888717000,14176380,
2026-08-21,025000,KOSPI,KPX케미칼,230320093400,4378709,
2026-08-21,092230,KOSPI,KPX홀딩스,397961653200,4224646,
2026-08-21,000040,KOSPI,KR모터스,22699397304,17275036,
2026-08-21,044450,KOSPI,KSS해운,229011929600,23085880,
2026-08-21,030200,KOSPI,KT,13205936294000,252021685,
2026-08-21,033780,KOSPI,KT&G,17886541568800,103810456,
2026-08-21,058850,KOSPI,KTcs,90675745500,41404450,
2026-08-21,058860,KOSPI,KTis,87701040000,34802000,
2026-08-21,093050,KOSPI,LF,657900000000,29240000,
2026-08-21,003550,KOSPI,LG,16283378830800,151192004,
2026-08-21,034220,KOSPI,LG디스플레이,4750000000000,500000000,
2026-08-21,051900,KOSPI,LG생활건강,4687338699000,14975523,
2026-08-21,051905,KOSPI,LG생활건강우,228911482800,2096259,
2026-08-21,064400,KOSPI,LG씨엔에스,6937033876800,96885948,
2026-08-21,373220,KOSPI,LG에너지솔루션,80379000000000,234000000,
2026-08-21,003555,KOSPI,LG우,204460412100,3011199,
2026-08-21,032640,KOSPI,LG유플러스,6311240374840,424427732,
2026-08-21,011070,KOSPI,LG이노텍,13016908850000,23667107,
2026-08-21,066570,KOSPI,LG전자,31681062091000,162884638,
2026-08-21,066575,KOSPI,LG전자우,1154583292800,17181299,
2026-08-21,037560,KOSPI,LG헬로비전,123914984000,77446865,
2026-08-21,051910,KOSPI,LG화학,17824566607500,70592343,
2026-08-21,051915,KOSPI,LG화학우,909585040000,7688800,
2026-08-21,079550,KOSPI,LIG디펜스앤에어로스페이스,15290000000000,22000000,
2026-08-21,006260,KOSPI,LS,9157200000000,31200000,
2026-08-21,010120,KOSPI,LS ELECTRIC,28050000000000,150000000,
2026-08-21,000680,KOSPI,LS네트웍스,236015032920,78803016,
2026-08-21,229640,KOSPI,LS에코에너지,1306151089350,30624879,
2026-08-21,108320,KOSPI,LX세미콘,600965885000,16264300,
2026-08-21,001120,KOSPI,LX인터내셔널,1469004000000,38760000,
2026-08-21,108670,KOSPI,LX하우시스,302658862500,8967670,
2026-08-21,108675,KOSPI,LX하우시스우,19180691400,1032330,
2026-08-21,383800,KOSPI,LX홀딩스,616347975200,76280690,
2026-08-21,38380K,KOSPI,LX홀딩스1우,10989637500,1465285,
2026-08-21,023150,KOSPI,MH에탄올,30030600820,7378526,
2026-08-21,035420,KOSPI,NAVER,34849023870000,156977585,
2026-08-21,036570,KOSPI,NC,4836632939000,21544022,
2026-08-21,181710,KOSPI,NHN,2463036052800,32753139,
2026-08-21,400760,KOSPI,NH올원리츠,155999141000,54929275,
2026-08-21,005940,KOSPI,NH투자증권,9636279340500,369206105,
2026-08-21,005945,KOSPI,NH투자증권우,451959683600,18870968,
2026-08-21,338100,KOSPI,NH프라임리츠,68762100000,18660000,
2026-08-21,034310,KOSPI,NICE,484091757690,36757157,
2026-08-21,030190,KOSPI,NICE평가정보,883083789730,58911527,
2026-08-21,008260,KOSPI,NI스틸,102817420615,28600117,
2026-08-21,004250,KOSPI,NPC,106855200000,36720000,
2026-08-21,004255,KOSPI,NPC우,9709920000,5280000,
2026-08-21,456040,KOSPI,OCI,717094849500,8952495,
2026-08-21,010060,KOSPI,OCI홀딩스,4947611480000,18670232,
2026-08-21,178920,KOSPI,PI첨단소재,542395967340,29366322,
2026-08-21,001340,KOSPI,PKC,218836512540,45028089,
2026-08-21,005490,KOSPI,POSCO홀딩스,24564873370000,79241527,
2026-08-21,010950,KOSPI,S-Oil,15885431951200,112582792,
2026-08-21,010955,KOSPI,S-Oil우,272686650600,4021927,
2026-08-21,034120,KOSPI,SBS,232632524520,18551238,
2026-08-21,003080,KOSPI,SB성보,44744700000,20020000,
2026-08-21,005090,KOSPI,SGC에너지,904906112400,14409333,
2026-08-21,001380,KOSPI,SG글로벌,29563923365,22482071,
2026-08-21,004060,KOSPI,SG세계물산,44432278720,20242496,
2026-08-21,001770,KOSPI,SHD,14785065260,1214878,
2026-08-21,002360,KOSPI,SH에너지화학,16892326960,11113373,
2026-08-21,009160,KOSPI,SIMPAC,318683469000,65370968,
2026-08-21,033530,KOSPI,SJG세종,181250403300,27052299,
2026-08-21,123700,KOSPI,SJM,52822579730,15604898,
2026-08-21,025530,KOSPI,SJM홀딩스,53762428800,14934008,
2026-08-21,034730,KOSPI,SK,42486583958000,72502703,
2026-08-21,011790,KOSPI,SKC,4136498053200,49598298,
2026-08-21,018670,KOSPI,SK가스,2164368474000,9269244,
2026-08-21,001740,KOSPI,SK네트웍스,1366044384090,200593889,
2026-08-21,006120,KOSPI,SK디스커버리,891584051200,17413751,
2026-08-21,006125,KOSPI,SK디스커버리우,48098080250,1231705,
2026-08-21,210980,KOSPI,SK디앤디,83778219000,18617382,
2026-08-21,395400,KOSPI,SK리츠,1709780081600,301017620,
2026-08-21,302440,KOSPI,SK바이오사이언스,2863664184500,78456553,
2026-08-21,326030,KOSPI,SK바이오팜,6554819025000,78313250,
2026-08-21,402340,KOSPI,SK스퀘어,148150649754000,131923998,
2026-08-21,361610,KOSPI,SK아이이테크놀로지,1140930045000,81787100,
2026-08-21,100090,KOSPI,SK오션플랜트,814090020870,62478129,
2026-08-21,03473K,KOSPI,SK우,214565165000,566135,
2026-08-21,096770,KOSPI,SK이노베이션,21097787942400,169052788,
2026-08-21,096775,KOSPI,SK이노베이션우,83894227200,1248426,
2026-08-21,475150,KOSPI,SK이터닉스,1747637305200,34067004,
2026-08-21,001510,KOSPI,SK증권,683476976175,231295085,
2026-08-21,001515,KOSPI,SK증권우,9800847570,1956257,
2026-08-21,285130,KOSPI,SK케미칼,858018793600,17298766,
2026-08-21,28513K,KOSPI,SK케미칼우,48126009750,2115429,
2026-08-21,017670,KOSPI,SK텔레콤,21951543416600,214790053,
2026-08-21,000660,KOSPI,SK하이닉스,1263751791450000,730492365,
2026-08-21,003570,KOSPI,SNT다이내믹스,977629291800,33252697,
2026-08-21,064960,KOSPI,SNT모티브,692701099200,26540272,
2026-08-21,100840,KOSPI,SNT에너지,535632279700,20680783,
2026-08-21,036530,KOSPI,SNT홀딩스,757315504700,16303886,
2026-08-21,000390,KOSPI,SP삼화,165125056830,27203469,
2026-08-21,011810,KOSPI,STX,109493282310,31017927,
2026-08-21,465770,KOSPI,STX그린로지스,26058351800,7218380,
2026-08-21,077970,KOSPI,STX엔진,941472077350,40148063,
2026-08-21,002820,KOSPI,SUN&L,16840232784,12063204,
2026-08-21,002170,KOSPI,SYTS,170700000000,3000000,
2026-08-21,084870,KOSPI,TBH글로벌,48895231840,20458256,
2026-08-21,002710,KOSPI,TCC스틸,258991326360,26213697,
2026-08-21,069260,KOSPI,TKG휴켐스,643020189240,40878588,
2026-08-21,007980,KOSPI,TP,83149001550,46897350,
2026-08-21,002900,KOSPI,TYM,296424000000,41400000,
2026-08-21,024070,KOSPI,WISCOM,30652876000,15326438,
2026-08-21,037270,KOSPI,YG PLUS,203085320900,63663110,
2026-08-21,139130,KOSPI,iM금융지주,2720683349440,158363408,
2026-08-21,000500,KOSPI,가온전선,4710817427400,29777607,
2026-08-21,000860,KOSPI,강남제비스코,155350000000,13000000,
2026-08-21,035250,KOSPI,강원랜드,3061488555000,213940500,
2026-08-21,011420,KOSPI,갤럭시아에스엠,40415327748,27549644,
2026-08-21,002100,KOSPI,경농,178826787000,19522575,
2026-08-21,009450,KOSPI,경동나비엔,922191873600,14568592,
2026-08-21,267290,KOSPI,경동도시가스,126161688400,5895406,
2026-08-21,012320,KOSPI,경동인베스트,109382313750,2365023,
2026-08-21,000050,KOSPI,경방,224531061300,27415270,
2026-08-21,214390,KOSPI,경보제약,121207780200,23906860,
2026-08-21,012610,KOSPI,경인양행,130259222450,41616365,
2026-08-21,009140,KOSPI,경인전자,34636073850,1570797,
2026-08-21,013580,KOSPI,계룡건설,198266135400,8930907,
2026-08-21,012200,KOSPI,계양전기,108074631130,27222829,
2026-08-21,012205,KOSPI,계양전기우,7131381900,1169079,
2026-08-21,002140,KOSPI,고려산업,52871581000,24939425,
2026-08-21,010130,KOSPI,고려아연,25819862653000,20872969,
2026-08-21,002240,KOSPI,고려제강,451710000000,27000000,
2026-08-21,009290,KOSPI,광동제약,296308857600,49799808,
2026-08-21,017040,KOSPI,광명전기,40390657180,43337615,
2026-08-21,017900,KOSPI,광전자,460073478220,57943763,
2026-08-21,037710,KOSPI,광주신세계,283730798400,7627172,
2026-08-21,030610,KOSPI,교보증권,1143048498830,113962961,
2026-08-21,339770,KOSPI,교촌에프앤비,188368351600,49965080,
2026-08-21,007690,KOSPI,국도화학,339872534400,9260832,
2026-08-21,002720,KOSPI,국제약품,68028859880,21159832,
2026-08-21,083420,KOSPI,그린케미칼,113760000000,24000000,
2026-08-21,014530,KOSPI,극동유화,112802573700,34869420,
2026-08-21,014280,KOSPI,금강공업,126996115810,29329357,
2026-08-21,014285,KOSPI,금강공업우,3238413750,589875,
2026-08-21,008870,KOSPI,금비,39600000000,1000000,
2026-08-21,001570,KOSPI,금양,633275240400,63967196,
2026-08-21,002990,KOSPI,금호건설,549584616500,37259974,
2026-08-21,002995,KOSPI,금호건설우,6283719000,292266,
2026-08-21,011780,KOSPI,금호석유화학,2948438490000,25157325,
2026-08-21,011785,KOSPI,금호석유화학우,153593088800,3023486,
2026-08-21,214330,KOSPI,금호에이치티,69747716430,10456929,
2026-08-21,001210,KOSPI,금호전기,103711014080,12376016,
2026-08-21,073240,KOSPI,금호타이어,2082637080750,287260287,
2026-08-21,092440,KOSPI,기신정기,57670000000,29200000,
2026-08-21,000270,KOSPI,기아,51105061438200,390412998,
2026-08-21,024110,KOSPI,기업은행,15948517380000,797425869,
2026-08-21,013700,KOSPI,까뮤이앤씨,95601328000,59750830,
2026-08-21,004540,KOSPI,깨끗한나라,44651590907,37240693,
2026-08-21,004545,KOSPI,깨끗한나라우,1647720000,366160,
2026-08-21,001260,KOSPI,남광토건,75219175800,9832572,
2026-08-21,008350,KOSPI,남선알미늄,122883293680,129079090,
2026-08-21,008355,KOSPI,남선알미우,2238360300,307890,
2026-08-21,004270,KOSPI,남성,21911415040,4560128,
2026-08-21,003920,KOSPI,남양유업,240554152800,5673447,
2026-08-21,003925,KOSPI,남양유업우,56734470000,1891149,
2026-08-21,025860,KOSPI,남해화학,293105173700,49678843,
2026-08-21,005720,KOSPI,넥센,320518259700,52543977,
2026-08-21,005725,KOSPI,넥센우,15464577000,3600600,
2026-08-21,002350,KOSPI,넥센타이어,625074412800,97667877,
2026-08-21,002355,KOSPI,넥센타이어1우B,25090000000,6500000,
2026-08-21,092790,KOSPI,넥스틸,306563580000,26002000,
2026-08-21,251270,KOSPI,넷마블,3081019646250,83158425,
2026-08-21,090350,KOSPI,노루페인트,161200000000,20000000,
2026-08-21,090355,KOSPI,노루페인트우,5362999080,463126,
2026-08-21,000320,KOSPI,노루홀딩스,223025513780,13291151,
2026-08-21,000325,KOSPI,노루홀딩스우,6478669400,243559,
2026-08-21,006280,KOSPI,녹십자,1426926289800,11686538,
2026-08-21,005250,KOSPI,녹십자홀딩스,468400971600,47028210,
2026-08-21,005257,KOSPI,녹십자홀딩스2우,13958835000,845990,
2026-08-21,004370,KOSPI,농심,2630742665000,6082642,
2026-08-21,072710,KOSPI,농심홀딩스,434560923000,4637790,
2026-08-21,058730,KOSPI,다스코,64500234435,20251251,
2026-08-21,030210,KOSPI,다올투자증권,230548536210,60911106,
2026-08-21,023590,KOSPI,다우기술,1683876436800,43287312,
2026-08-21,145210,KOSPI,다이나믹디자인,9461011840,4223666,
2026-08-21,483650,KOSPI,달바글로벌,2704932597500,12493915,
2026-08-21,019680,KOSPI,대교,80467700000,80467700,
2026-08-21,019685,KOSPI,대교우B,11617340020,19426990,
2026-08-21,006370,KOSPI,대구백화점,50861571700,10821611,
2026-08-21,008060,KOSPI,대덕,475251018620,31287098,
2026-08-21,00806K,KOSPI,대덕1우,13202567730,1212357,
2026-08-21,353200,KOSPI,대덕전자,5154185277500,49416925,
2026-08-21,35320K,KOSPI,대덕전자1우,47149177500,2095519,
2026-08-21,000490,KOSPI,대동,217642830750,28826865,
2026-08-21,005750,KOSPI,대림바스,75328769600,16592240,
2026-08-21,006570,KOSPI,대림통상,28942725000,15225000,
2026-08-21,001680,KOSPI,대상,600103793000,34648025,
2026-08-21,001685,KOSPI,대상우,19909340190,1370223,
2026-08-21,084690,KOSPI,대상홀딩스,270869784240,36212538,
2026-08-21,084695,KOSPI,대상홀딩스우,10788222420,913482,
2026-08-21,128820,KOSPI,대성산업,182977508510,45235478,
2026-08-21,117580,KOSPI,대성에너지,183700000000,27500000,
2026-08-21,016710,KOSPI,대성홀딩스,112304423820,16089459,
2026-08-21,0030R0,KOSPI,대신밸류리츠,229256300000,59780000,
2026-08-21,003540,KOSPI,대신증권,1234552663400,47666126,
2026-08-21,003547,KOSPI,대신증권2우B,188963120220,9606666,
2026-08-21,003545,KOSPI,대신증권우,493762513500,24383334,
2026-08-21,009190,KOSPI,대양금속,66067385050,43986275,
2026-08-21,014160,KOSPI,대영포장,78586048025,108394549,
2026-08-21,047040,KOSPI,대우건설,6545758673340,410907638,
2026-08-21,003090,KOSPI,대웅,947132854200,58141980,
2026-08-21,069620,KOSPI,대웅제약,1384595712500,11586575,
2026-08-21,000430,KOSPI,대원강업,247690000000,62000000,
2026-08-21,006340,KOSPI,대원전선,1038991012000,78414416,
2026-08-21,006345,KOSPI,대원전선우,26395484000,2621200,
2026-08-21,003220,KOSPI,대원제약,172916664930,22427583,
2026-08-21,024890,KOSPI,대원화성,15666427170,8249830,
2026-08-21,012800,KOSPI,대창,107181226824,91140499,
2026-08-21,015230,KOSPI,대창단조,164761773400,27143620,
2026-08-21,001070,KOSPI,대한방직,32065000000,5300000,
2026-08-21,006650,KOSPI,대한유화,521950000000,6500000,
2026-08-21,001440,KOSPI,대한전선,5223202683400,195992596,
2026-08-21,084010,KOSPI,대한제강,259161833840,34371596,
2026-08-21,001790,KOSPI,대한제당,239321314125,86241915,
2026-08-21,001795,KOSPI,대한제당우,13613796000,6482760,
2026-08-21,001130,KOSPI,대한제분,192153000000,16900000,
2026-08-21,439260,KOSPI,대한조선,1868252206500,38088730,
2026-08-21,003490,KOSPI,대한항공,9500093053800,368220661,
2026-08-21,003495,KOSPI,대한항공우,23993150400,1110794,
2026-08-21,005880,KOSPI,대한해운,660018310300,322747340,
2026-08-21,003830,KOSPI,대한화섬,150728000000,1328000,
2026-08-21,016090,KOSPI,대현,65183560320,44282310,
2026-08-21,069460,KOSPI,대호에이엘,46322277400,17414390,
2026-08-21,475560,KOSPI,더본코리아,272241529200,14827970,
2026-08-21,192080,KOSPI,더블유게임즈,1257703999200,21173468,
2026-08-21,004830,KOSPI,덕성,50176000000,15680000,
2026-08-21,004835,KOSPI,덕성우,6103920000,1392000,
2026-08-21,145720,KOSPI,덴티움,313478437850,8623891,
2026-08-21,002150,KOSPI,도화엔지니어링,171297600000,33720000,
2026-08-21,460850,KOSPI,동국씨엠,153978078400,29898656,
2026-08-21,460860,KOSPI,동국제강,453417275380,49608017,
2026-08-21,001230,KOSPI,동국홀딩스,295775673930,155507715,
2026-08-21,023450,KOSPI,동남합성,106925000000,3500000,
2026-08-21,004140,KOSPI,동방,85629602310,47971766,
2026-08-21,007590,KOSPI,동방아그로,76122255430,13617577,
2026-08-21,005960,KOSPI,동부건설,170493706090,22946663,
2026-08-21,005965,KOSPI,동부건설우,3925479480,225732,
2026-08-21,026960,KOSPI,동서,2562290000000,99700000,
2026-08-21,002210,KOSPI,동성제약,144446162965,96619507,
2026-08-21,102260,KOSPI,동성케미컬,179623700095,50669591,
2026-08-21,000640,KOSPI,동아쏘시오홀딩스,605927430000,6732527,
2026-08-21,170900,KOSPI,동아에스티,360417991050,9727881,
2026-08-21,028100,KOSPI,동아지질,192795970060,11222117,
2026-08-21,001520,KOSPI,동양,114299208144,107122032,
2026-08-21,001527,KOSPI,동양2우B,1345310700,205705,
2026-08-21,084670,KOSPI,동양고속,69927991350,2895569,
2026-08-21,082640,KOSPI,동양생명,1287516293250,156062581,
2026-08-21,001525,KOSPI,동양우,2355656550,262615,
2026-08-21,018500,KOSPI,동원모빌리티,67560878185,46754933,
2026-08-21,006040,KOSPI,동원산업,1666315917250,44140819,
2026-08-21,030720,KOSPI,동원수산,26852454850,4653805,
2026-08-21,014820,KOSPI,동원시스템즈,595770845100,28991282,
2026-08-21,014825,KOSPI,동원시스템즈우,3668501790,264111,
2026-08-21,111380,KOSPI,동인기연,83156960000,6128000,
2026-08-21,163560,KOSPI,동일고무벨트,78257000000,13900000,
2026-08-21,004890,KOSPI,동일산업,88520347500,2425215,
2026-08-21,002690,KOSPI,동일제강,29963331360,20300360,
2026-08-21,000020,KOSPI,동화약품,142171182300,27931470,
2026-08-21,000150,KOSPI,두산,17456954130000,16193835,
2026-08-21,000157,KOSPI,두산2우B,289344312000,893038,
2026-08-21,454910,KOSPI,두산로보틱스,4595736582000,64819980,
2026-08-21,241560,KOSPI,두산밥캣,5550066163500,95856065,
2026-08-21,034020,KOSPI,두산에너빌리티,46953132001800,640561146,
2026-08-21,000155,KOSPI,두산우,1578602490000,3996462,
2026-08-21,336260,KOSPI,두산퓨얼셀,2423267862000,65493726,
2026-08-21,33626K,KOSPI,두산퓨얼셀1우,68157420000,13364200,
2026-08-21,33626L,KOSPI,두산퓨얼셀2우B,22038894000,2986300,
2026-08-21,016740,KOSPI,두올,89319584760,28674024,
2026-08-21,192650,KOSPI,드림텍,305385452415,65886829,
2026-08-21,024090,KOSPI,디씨엠,130644000000,11400000,
2026-08-21,003160,KOSPI,디아이,660805000000,28300000,
2026-08-21,092200,KOSPI,디아이씨,244609099010,38888569,
2026-08-21,377190,KOSPI,디앤디플랫폼리츠,189618000000,88400000,
2026-08-21,013570,KOSPI,디와이,110016065940,26319633,
2026-08-21,024900,KOSPI,디와이덕양,55165076120,32564980,
2026-08-21,002880,KOSPI,디와이에이,36717586075,46773995,
2026-08-21,210540,KOSPI,디와이파워,124550466240,11041708,
2026-08-21,032350,KOSPI,롯데관광개발,1016499589500,79725458,
2026-08-21,089860,KOSPI,롯데렌탈,1666600909200,36309388,
2026-08-21,330590,KOSPI,롯데리츠,1132758025280,288968884,
2026-08-21,000400,KOSPI,롯데손해보험,637741137600,310336320,
2026-08-21,023530,KOSPI,롯데쇼핑,2735522608500,28288755,
2026-08-21,020150,KOSPI,롯데에너지머티리얼즈,1542162885350,52365463,
2026-08-21,280360,KOSPI,롯데웰푸드,1180946844200,9204574,
2026-08-21,286940,KOSPI,롯데이노베이트,275354479400,15129367,
2026-08-21,004000,KOSPI,롯데정밀화학,1139070000000,25800000,
2026-08-21,004990,KOSPI,롯데지주,2272334092800,99663776,
2026-08-21,00499K,KOSPI,롯데지주우,19737273500,805603,
2026-08-21,005300,KOSPI,롯데칠성,896340194400,9278884,
2026-08-21,005305,KOSPI,롯데칠성우,51945770000,775310,
2026-08-21,011170,KOSPI,롯데케미칼,2322705251700,42775419,
2026-08-21,071840,KOSPI,롯데하이마트,148020354240,23607712,
2026-08-21,027740,KOSPI,마니커,40424896622,31755614,
2026-08-21,357430,KOSPI,마스턴프리미어리츠,26539617090,30505307,
2026-08-21,001080,KOSPI,만호제강,142040013200,35114960,
2026-08-21,088980,KOSPI,맥쿼리인프라,4568915813220,478921993,
2026-08-21,094800,KOSPI,맵스리얼티,654482033550,92834331,
2026-08-21,138040,KOSPI,메리츠금융지주,19311875304200,167347273,
2026-08-21,090370,KOSPI,메타랩스,30635861058,27304689,
2026-08-21,118000,KOSPI,메타케어,29157747770,22055785,
2026-08-21,017180,KOSPI,명문제약,41253446610,33953454,
2026-08-21,009900,KOSPI,명신산업,400871816120,52470133,
2026-08-21,317450,KOSPI,명인제약,662840000000,14600000,
2026-08-21,012690,KOSPI,모나리자,52260323395,36571255,
2026-08-21,005360,KOSPI,모나미,25568056371,18897307,
2026-08-21,070960,KOSPI,모나용평,106855999260,48133333,
2026-08-21,009680,KOSPI,모토닉,220373573160,21733094,
2026-08-21,009580,KOSPI,무림P&P,101223789852,62368324,
2026-08-21,009200,KOSPI,무림페이퍼,62996495340,41609310,
2026-08-21,033920,KOSPI,무학,218310000000,28500000,
2026-08-21,008420,KOSPI,문배철강,44185053275,20503505,
2026-08-21,025560,KOSPI,미래산업,213618033820,27778678,
2026-08-21,007120,KOSPI,미래아이앤지,31694812240,27323114,
2026-08-21,396690,KOSPI,미래에셋글로벌리츠,61072359480,39605940,
2026-08-21,357250,KOSPI,미래에셋맵스리츠,47240748450,24995105,
2026-08-21,085620,KOSPI,미래에셋생명,3305151000000,135180000,
2026-08-21,006800,KOSPI,미래에셋증권,19305057360000,559566880,
2026-08-21,00680K,KOSPI,미래에셋증권2우B,1512420000000,136500000,
2026-08-21,006805,KOSPI,미래에셋증권우,174961572500,14075750,
2026-08-21,081660,KOSPI,미스토홀딩스,2216584320000,53091840,
2026-08-21,002840,KOSPI,미원상사,559350000000,4500000,
2026-08-21,268280,KOSPI,미원에스씨,657000000000,5000000,
2026-08-21,107590,KOSPI,미원홀딩스,137576000000,2320000,
2026-08-21,134380,KOSPI,미원화학,244778528400,21992680,
2026-08-21,003650,KOSPI,미창석유,252426407200,1739672,
2026-08-21,377740,KOSPI,바이오노트,492619042080,101886048,
2026-08-21,003610,KOSPI,방림,174682632320,32110778,
2026-08-21,035150,KOSPI,백산,212539099250,19771079,
2026-08-21,002410,KOSPI,범양건영,53173451700,27479820,
2026-08-21,007210,KOSPI,벽산,94379840000,65360000,
2026-08-21,002760,KOSPI,보락,59959900000,59900000,
2026-08-21,003850,KOSPI,보령,766937630580,85787207,
2026-08-21,000890,KOSPI,보해양조,36049352625,27624025,
2026-08-21,003000,KOSPI,부광약품,407485091230,98664671,
2026-08-21,001270,KOSPI,부국증권,568269752800,10369886,
2026-08-21,001275,KOSPI,부국증권우,90900000000,3000000,
2026-08-21,026940,KOSPI,부국철강,40900000000,20000000,
2026-08-21,011390,KOSPI,부산산업,54700800000,1056000,
2026-08-21,005030,KOSPI,부산주공,45092532168,92782988,
2026-08-21,006740,KOSPI,블루산업개발,24974295900,23739825,
2026-08-21,002070,KOSPI,비비안,23048640000,4801800,
2026-08-21,100220,KOSPI,비상교육,63684030900,12996741,
2026-08-21,090460,KOSPI,비에이치,535339223440,33711538,
2026-08-21,005180,KOSPI,빙그레,786013828800,9269031,
2026-08-21,003960,KOSPI,사조대림,276766903400,9164467,
2026-08-21,008040,KOSPI,사조동아원,92308568400,141144600,
2026-08-21,007160,KOSPI,사조산업,246000000000,5000000,
2026-08-21,014710,KOSPI,사조씨푸드,167192052530,17218543,
2026-08-21,006090,KOSPI,사조오양,81318237570,9422739,
2026-08-21,062040,KOSPI,산일전기,5049941680000,30642850,
2026-08-21,005610,KOSPI,삼립,337394251900,8629009,
2026-08-21,001470,KOSPI,삼부토건,79699592928,229681824,
2026-08-21,028050,KOSPI,삼성E&A,8849400000000,196000000,
2026-08-21,448730,KOSPI,삼성FN리츠,486207000000,91050000,
2026-08-21,006400,KOSPI,삼성SDI,38519883340000,80585530,
2026-08-21,006405,KOSPI,삼성SDI우,331668680000,1617896,
2026-08-21,006660,KOSPI,삼성공조,111167975520,8126314,
2026-08-21,028260,KOSPI,삼성물산,64137278285500,162167581,
2026-08-21,02826K,KOSPI,삼성물산우B,363228525000,1467590,
2026-08-21,207940,KOSPI,삼성바이오로직스,71797265001000,46290951,
2026-08-21,032830,KOSPI,삼성생명,65700000000000,200000000,
2026-08-21,018260,KOSPI,삼성에스디에스,17642138400000,77377800,
2026-08-21,0126Z0,KOSPI,삼성에피스홀딩스,8957897640000,24883049,
2026-08-21,009150,KOSPI,삼성전기,98296903936000,74693696,
2026-08-21,009155,KOSPI,삼성전기우,1340119624000,2906984,
2026-08-21,005930,KOSPI,삼성전자,1645727428152000,5846278608,
2026-08-21,005935,KOSPI,삼성전자우,166090839021000,802371203,
2026-08-21,001360,KOSPI,삼성제약,117702598750,94162079,
2026-08-21,010140,KOSPI,삼성중공업,17776000000000,880000000,
2026-08-21,016360,KOSPI,삼성증권,8215600000000,89300000,
2026-08-21,068290,KOSPI,삼성출판사,62800000000,10000000,
2026-08-21,029780,KOSPI,삼성카드,5346887819650,115858891,
2026-08-21,000810,KOSPI,삼성화재,29511979653000,44647473,
2026-08-21,000815,KOSPI,삼성화재우,1253927340000,3007020,
2026-08-21,006110,KOSPI,삼아알미늄,728194358250,15123455,
2026-08-21,0120G0,KOSPI,삼양바이오팜,437229156000,7435870,
2026-08-21,145990,KOSPI,삼양사,466167894800,10313449,
2026-08-21,145995,KOSPI,삼양사우,12175303000,370070,
2026-08-21,003230,KOSPI,삼양식품,10290098490000,7533015,
2026-08-21,272550,KOSPI,삼양패키징,148574483160,15068406,
2026-08-21,000070,KOSPI,삼양홀딩스,462686183600,7763191,
2026-08-21,003720,KOSPI,삼영,223040000000,34000000,
2026-08-21,002810,KOSPI,삼영무역,423816456600,18466948,
2026-08-21,005680,KOSPI,삼영전자,240800000000,20000000,
2026-08-21,023000,KOSPI,삼원강재,89216201220,39739956,
2026-08-21,004380,KOSPI,삼익THK,168705000000,20700000,
2026-08-21,002450,KOSPI,삼익악기,98950290095,90530915,
2026-08-21,004440,KOSPI,삼일씨엔에스,62131901360,12731947,
2026-08-21,000520,KOSPI,삼일제약,134489228200,21691811,
2026-08-21,009770,KOSPI,삼정펄프,71999164800,2499971,
2026-08-21,005500,KOSPI,삼진제약,237096000000,13320000,
2026-08-21,004690,KOSPI,삼천리,471118332300,3626777,
2026-08-21,010960,KOSPI,삼호개발,74289600000,24120000,
2026-08-21,004450,KOSPI,삼화왕관,55798416100,2154379,
2026-08-21,009470,KOSPI,삼화전기,146826804000,6613820,
2026-08-21,011230,KOSPI,삼화전자,50214356700,19165785,
2026-08-21,001820,KOSPI,삼화콘덴서,941787000000,10395000,
2026-08-21,001290,KOSPI,상상인증권,109420491200,108337120,
2026-08-21,041650,KOSPI,상신브레이크,48203405250,21471450,
2026-08-21,075180,KOSPI,새론오토모티브,56640000000,19200000,
2026-08-21,007540,KOSPI,샘표,126822780000,2875800,
2026-08-21,248170,KOSPI,샘표식품,105527406600,4568286,
2026-08-21,007860,KOSPI,서연,181264395680,23479844,
2026-08-21,200880,KOSPI,서연이화,326233234590,27028437,
2026-08-21,017390,KOSPI,서울가스,267300000000,4950000,
2026-08-21,031210,KOSPI,서울보증보험,2956944675300,69821598,
2026-08-21,004410,KOSPI,서울식품,46596370353,39455013,
2026-08-21,004415,KOSPI,서울식품우,1205679000,222450,
2026-08-21,021050,KOSPI,서원,52791744080,47474590,
2026-08-21,008490,KOSPI,서흥,260305042500,11569113,
2026-08-21,007610,KOSPI,선도전기,72900000000,18000000,
2026-08-21,136490,KOSPI,선진,244929921200,23779604,
2026-08-21,014910,KOSPI,성문전자,42075219725,21857257,
2026-08-21,014915,KOSPI,성문전자우,2613000000,600000,
2026-08-21,004980,KOSPI,성신양회,192206012320,24516073,
2026-08-21,004985,KOSPI,성신양회우,5973437400,735645,
2026-08-21,000180,KOSPI,성창기업지주,73797192800,13950320,
2026-08-21,002420,KOSPI,세기상사,34565998920,5969948,
2026-08-21,004360,KOSPI,세방,248311682970,19115603,
2026-08-21,004365,KOSPI,세방우,34162455000,3689250,
2026-08-21,004490,KOSPI,세방전지,755370000000,13860000,
2026-08-21,001430,KOSPI,세아베스틸지주,1411174382650,35862119,
2026-08-21,306200,KOSPI,세아제강,392827550000,2836300,
2026-08-21,003030,KOSPI,세아제강지주,415408197100,4141657,
2026-08-21,058650,KOSPI,세아홀딩스,540036642800,4242236,
2026-08-21,013000,KOSPI,세우글로벌,35221073037,28705031,
2026-08-21,021820,KOSPI,세원정공,99300000000,10000000,
2026-08-21,067830,KOSPI,세이브존I&C,98292943525,41040895,
2026-08-21,075580,KOSPI,세진중공업,574748000160,56849456,
2026-08-21,068270,KOSPI,셀트리온,44732282944800,232617176,
2026-08-21,336370,KOSPI,솔루스첨단소재,493592454940,70212298,
2026-08-21,33637K,KOSPI,솔루스첨단소재1우,24802706898,16907094,
2026-08-21,33637L,KOSPI,솔루스첨단소재2우B,8953604040,3777892,
2026-08-21,248070,KOSPI,솔루엠,608222521920,47816236,
2026-08-21,004430,KOSPI,송원산업,263280000000,24000000,
2026-08-21,017550,KOSPI,수산세보틱스,108075293160,62399130,
2026-08-21,126720,KOSPI,수산인더스트리,297148800000,14286000,
2026-08-21,053210,KOSPI,스카이라이프,192230352975,47522955,
2026-08-21,026890,KOSPI,스틱인베스트먼트,323736488950,38770837,
2026-08-21,134790,KOSPI,시디즈,39660000000,2000000,
2026-08-21,462870,KOSPI,시프트업,1867992102000,58741890,
2026-08-21,016590,KOSPI,신대양제지,389679919400,40297820,
2026-08-21,029530,KOSPI,신도리코,395430170300,9715729,
2026-08-21,004970,KOSPI,신라교역,147040000000,16000000,
2026-08-21,011930,KOSPI,신성이엔지,320431551960,20306182,
2026-08-21,004170,KOSPI,신세계,3782794990500,9445181,
2026-08-21,035510,KOSPI,신세계 I&C,184268262000,13980900,
2026-08-21,031430,KOSPI,신세계인터내셔날,356507340000,34986000,
2026-08-21,006880,KOSPI,신송홀딩스,52934139550,11828858,
2026-08-21,005800,KOSPI,신영와코루,121860000000,9000000,
2026-08-21,001720,KOSPI,신영증권,2610672000000,16440000,
2026-08-21,009270,KOSPI,신원,125673580335,114770393,
2026-08-21,002700,KOSPI,신일전자,68410425958,68547521,
2026-08-21,002870,KOSPI,신풍,33874980300,34958700,
2026-08-21,019170,KOSPI,신풍제약,425638398640,52418522,
2026-08-21,019175,KOSPI,신풍제약우,24312918300,1991230,
2026-08-21,481850,KOSPI,신한글로벌액티브리츠,43086365024,43477664,
2026-08-21,404990,KOSPI,신한서부티엔디리츠,237687524550,61417965,
2026-08-21,293940,KOSPI,신한알파리츠,634935645750,120940123,
2026-08-21,055550,KOSPI,신한지주,48869769879900,469450239,
2026-08-21,004080,KOSPI,신흥,131130000000,9300000,
2026-08-21,004770,KOSPI,써니전자,61001778484,35507438,
2026-08-21,403550,KOSPI,쏘카,405957379400,37939942,
2026-08-21,004920,KOSPI,씨아이테크,48214201728,52179872,
2026-08-21,112610,KOSPI,씨에스윈드,1963078809650,42171403,
2026-08-21,480370,KOSPI,씨케이솔루션,41641165056,32481408,
2026-08-21,308170,KOSPI,씨티알모빌리티,31168200000,8610000,
2026-08-21,008700,KOSPI,아남전자,95094903060,77124820,
2026-08-21,090430,KOSPI,아모레퍼시픽,8072000742000,58492759,
2026-08-21,090435,KOSPI,아모레퍼시픽우,471407109500,10557830,
2026-08-21,002790,KOSPI,아모레퍼시픽홀딩스,1987912680000,76458180,
2026-08-21,00279K,KOSPI,아모레퍼시픽홀딩스3우C,152482300000,7092200,
2026-08-21,002795,KOSPI,아모레퍼시픽홀딩스우,68852845880,6381172,
2026-08-21,002030,KOSPI,아세아,369975704400,2058852,
2026-08-21,183190,KOSPI,아세아시멘트,351507717440,35978272,
2026-08-21,002310,KOSPI,아세아제지,302577741700,39449510,
2026-08-21,012170,KOSPI,아센디오,15147145112,20250194,
2026-08-21,267850,KOSPI,아시아나IDT,102120000000,11100000,
2026-08-21,020560,KOSPI,아시아나항공,1439875069890,205990711,
2026-08-21,122900,KOSPI,아이마켓코리아,267430720000,33428840,
2026-08-21,010780,KOSPI,아이에스동서,454615858560,30186976,
2026-08-21,031820,KOSPI,아이티센씨티에스,73841390600,12105146,
2026-08-21,139990,KOSPI,아주스틸,87781012710,38755414,
2026-08-21,009320,KOSPI,아진전자부품,48560273450,49299770,
2026-08-21,001780,KOSPI,알루코,159091906876,96830132,
2026-08-21,018250,KOSPI,애경산업,295527172650,26409935,
2026-08-21,161000,KOSPI,애경케미칼,443189738990,48648709,
2026-08-21,011090,KOSPI,에넥스,25966948260,11857054,
2026-08-21,137310,KOSPI,에스디바이오센서,714834683840,120749102,
2026-08-21,005850,KOSPI,에스엘,2433902448000,46448520,
2026-08-21,010580,KOSPI,에스엠벡셀,169770185760,111251760,
2026-08-21,012750,KOSPI,에스원,2918336870400,37999178,
2026-08-21,023960,KOSPI,에쓰씨엔지니어링,38568478650,38035975,
2026-08-21,298690,KOSPI,에어부산,239321946968,162914872,
2026-08-21,078520,KOSPI,에이블씨엔씨,295260727350,26014161,
2026-08-21,015260,KOSPI,에이엔피,14182185094,47116894,
2026-08-21,007460,KOSPI,에이프로젠,53796447240,23594933,
2026-08-21,003060,KOSPI,에이프로젠바이오로직스,30177467520,15717431,
2026-08-21,244920,KOSPI,에이플러스에셋,294578239790,22607693,
2026-08-21,278470,KOSPI,에이피알,14413689675000,37438155,
2026-08-21,450080,KOSPI,에코프로머티,2425375047500,70813870,
2026-08-21,019490,KOSPI,엑시큐어하이트론,41349858070,76432270,
2026-08-21,085310,KOSPI,엔케이,70471703000,7418074,
2026-08-21,900140,KOSPI,엘브이엠씨홀딩스,231308797104,193240432,
2026-08-21,066970,KOSPI,엘앤에프,4251547179000,40684662,
2026-08-21,097520,KOSPI,엠씨넥스,339329250000,17401500,
2026-08-21,484870,KOSPI,엠앤씨솔루션,415770138000,27461700,
2026-08-21,014440,KOSPI,영보화학,93100000000,20000000,
2026-08-21,111770,KOSPI,영원무역,3310066659600,44311468,
2026-08-21,009970,KOSPI,영원무역홀딩스,2158105912200,12953817,
2026-08-21,003520,KOSPI,영진약품,217093671697,182892731,
2026-08-21,000670,KOSPI,영풍,686718475900,18410683,
2026-08-21,012280,KOSPI,영화금속,39768177515,49524505,
2026-08-21,012160,KOSPI,영흥,39442275075,15620703,
2026-08-21,007310,KOSPI,오뚜기,1294529090000,4007830,
2026-08-21,002630,KOSPI,오리엔트바이오,54488890338,59291502,
2026-08-21,271560,KOSPI,오리온,4956910015200,39528788,
2026-08-21,001800,KOSPI,오리온홀딩스,1533994626000,60156652,
2026-08-21,005320,KOSPI,온타이드,27316088155,34187845,
2026-08-21,011690,KOSPI,와이투솔루션,114517709280,36704394,
2026-08-21,316140,KOSPI,우리금융지주,23116847403500,728089682,
2026-08-21,006980,KOSPI,우성,48049500000,3090000,
2026-08-21,011300,KOSPI,우성머티리얼스,55509274100,17238905,
2026-08-21,017370,KOSPI,우신시스템,67121007910,18314054,
2026-08-21,105840,KOSPI,우진,240554249700,20197670,
2026-08-21,010400,KOSPI,우진아이엔에스,32469720000,7622000,
2026-08-21,049800,KOSPI,우진플라임,34560000000,20000000,
2026-08-21,016880,KOSPI,웅진,164250149400,79927080,
2026-08-21,095720,KOSPI,웅진씽크빅,70181449975,56827085,
2026-08-21,005820,KOSPI,원림,34883184600,2297970,
2026-08-21,008600,KOSPI,윌비스,17615839860,6723603,
2026-08-21,033270,KOSPI,유나이티드제약,284961980250,15910775,
2026-08-21,014830,KOSPI,유니드,414853880000,6767600,
2026-08-21,446070,KOSPI,유니드비티플러스,38943159050,10611215,
2026-08-21,000910,KOSPI,유니온,46210392240,15611619,
2026-08-21,047400,KOSPI,유니온머티리얼,43428000000,42000000,
2026-08-21,011330,KOSPI,유니켐,50594854150,10018783,
2026-08-21,077500,KOSPI,유니퀘스트,151200714000,21600102,
2026-08-21,002920,KOSPI,유성기업,45537862500,25947500,
2026-08-21,000700,KOSPI,유수홀딩스,165105088080,26041812,
2026-08-21,003470,KOSPI,유안타증권,875731063590,192680102,
2026-08-21,003475,KOSPI,유안타증권우,53679640300,12811370,
2026-08-21,072130,KOSPI,유엔젤,61065133740,12695454,
2026-08-21,000220,KOSPI,유유제약,58344346710,15747462,
2026-08-21,000225,KOSPI,유유제약1우,8285629150,2266930,
2026-08-21,000227,KOSPI,유유제약2우B,2299475200,322960,
2026-08-21,001200,KOSPI,유진투자증권,414588269040,96866418,
2026-08-21,000100,KOSPI,유한양행,6554997562300,79647601,
2026-08-21,000105,KOSPI,유한양행우,81484860000,1180940,
2026-08-21,003460,KOSPI,유화증권,174926950275,56702415,
2026-08-21,003465,KOSPI,유화증권우,52953567750,17476425,
2026-08-21,008730,KOSPI,율촌화학,368528000000,24800000,
2026-08-21,008250,KOSPI,이건산업,27381587500,10952635,
2026-08-21,025820,KOSPI,이구산업,144636650000,33442000,
2026-08-21,214320,KOSPI,이노션,751600000000,40000000,
2026-08-21,088260,KOSPI,이리츠코크렙,201426256200,63341590,
2026-08-21,139480,KOSPI,이마트,1984139386100,27595819,
2026-08-21,457190,KOSPI,이수스페셜티케미컬,1816154207200,30218872,
2026-08-21,007660,KOSPI,이수페타시스,7289535446700,73409219,
2026-08-21,005950,KOSPI,이수화학,312374727720,26294169,
2026-08-21,015020,KOSPI,이스타코,19883142400,21425800,
2026-08-21,074610,KOSPI,이엔플러스,44815400070,8770137,
2026-08-21,102460,KOSPI,이연제약,185868110000,18586811,
2026-08-21,084680,KOSPI,이월드,61543887762,141806193,
2026-08-21,350520,KOSPI,이지스레지던스리츠,123870438720,36866202,
2026-08-21,334890,KOSPI,이지스밸류플러스리츠,259738074420,69448683,
2026-08-21,000760,KOSPI,이화산업,39200000000,2800000,
2026-08-21,014990,KOSPI,인디에프,49123898730,15022599,
2026-08-21,101140,KOSPI,인바이오젠,53435229120,10044216,
2026-08-21,023800,KOSPI,인지컨트롤스,82049732430,15809197,
2026-08-21,034590,KOSPI,인천도시가스,116149718700,4374754,
2026-08-21,129260,KOSPI,인터지스,56610204222,29747874,
2026-08-21,023810,KOSPI,인팩,54400000000,10000000,
2026-08-21,249420,KOSPI,일동제약,427432784520,31638252,
2026-08-21,000230,KOSPI,일동홀딩스,73743156000,11540400,
2026-08-21,013360,KOSPI,일성건설,81091344880,54024880,
2026-08-21,003120,KOSPI,일성아이에스,272650000000,13300000,
2026-08-21,003200,KOSPI,일신방직,245672000000,22960000,
2026-08-21,007110,KOSPI,일신석재,47325988710,77456610,
2026-08-21,007570,KOSPI,일양약품,158411011200,19085664,
2026-08-21,007575,KOSPI,일양약품우,3516132000,445080,
2026-08-21,081000,KOSPI,일진다이아,130383310500,14202975,
2026-08-21,020760,KOSPI,일진디스플,55503470462,61533781,
2026-08-21,103590,KOSPI,일진전기,3128161584000,47685390,
2026-08-21,271940,KOSPI,일진하이솔루스,379472835500,36313190,
2026-08-21,015860,KOSPI,일진홀딩스,312863042220,49347483,
2026-08-21,226320,KOSPI,잇츠한불,224117599300,21929315,
2026-08-21,317400,KOSPI,자이에스앤디,388600850400,38782520,
2026-08-21,033240,KOSPI,자화전자,631960933500,21605502,
2026-08-21,000950,KOSPI,전방,59388000000,1680000,
2026-08-21,079900,KOSPI,전진건설로봇,467691067250,14592545,
2026-08-21,348950,KOSPI,제이알글로벌리츠,233298432000,197376000,
2026-08-21,194370,KOSPI,제이에스코퍼레이션,369093161760,29016758,
2026-08-21,030000,KOSPI,제일기획,2174279152500,115041225,
2026-08-21,271980,KOSPI,제일약품,145431184080,14704872,
2026-08-21,001560,KOSPI,제일연마,69844000000,7600000,
2026-08-21,002620,KOSPI,제일파마홀딩스,122036432200,15973355,
2026-08-21,006220,KOSPI,제주은행,340942984140,37798557,
2026-08-21,089590,KOSPI,제주항공,337885727150,80640985,
2026-08-21,004910,KOSPI,조광페인트,45696000000,12800000,
2026-08-21,004700,KOSPI,조광피혁,430864142400,6649138,
2026-08-21,001550,KOSPI,조비,57114629000,5192239,
2026-08-21,462520,KOSPI,조선내화,155184149120,11855168,
2026-08-21,120030,KOSPI,조선선재,106523039700,1257651,
2026-08-21,018470,KOSPI,조일알미늄,123212664533,126631721,
2026-08-21,002600,KOSPI,조흥,82740000000,600000,
2026-08-21,185750,KOSPI,종근당,923405982000,13802780,
2026-08-21,063160,KOSPI,종근당바이오,75431977500,5485962,
2026-08-21,001630,KOSPI,종근당홀딩스,193631127650,5009861,
2026-08-21,109070,KOSPI,주성코퍼레이션,84654798690,52810230,
2026-08-21,044380,KOSPI,주연테크,11797972284,13896316,
2026-08-21,013890,KOSPI,지누스,160935467420,21925813,
2026-08-21,013870,KOSPI,지엠비코리아,75526228800,19072280,
2026-08-21,071320,KOSPI,지역난방공사,839458940000,11578744,
2026-08-21,088790,KOSPI,진도,26078023680,12447744,
2026-08-21,003780,KOSPI,진양산업,49725000000,13000000,
2026-08-21,010640,KOSPI,진양폴리,27504900000,16700000,
2026-08-21,100250,KOSPI,진양홀딩스,201924000000,63900000,
2026-08-21,051630,KOSPI,진양화학,21284800000,21200000,
2026-08-21,272450,KOSPI,진에어,269874000000,52200000,
2026-08-21,011000,KOSPI,진원생명과학,48531471270,18176581,
2026-08-21,002780,KOSPI,진흥기업,113758904590,145471745,
2026-08-21,002787,KOSPI,진흥기업2우B,853469160,294808,
2026-08-21,002785,KOSPI,진흥기업우B,1145243248,857218,
2026-08-21,025620,KOSPI,차AI헬스케어,85558673100,18203973,
2026-08-21,009310,KOSPI,참엔지니어링,23329484620,4377014,
2026-08-21,000650,KOSPI,천일고속,213954234000,1429220,
2026-08-21,033250,KOSPI,체시스,25760000000,6400000,
2026-08-21,035720,KOSPI,카카오,15858722306000,442981070,
2026-08-21,323410,KOSPI,카카오뱅크,10162665308100,477120437,
2026-08-21,377300,KOSPI,카카오페이,5749089112500,135272685,
2026-08-21,006380,KOSPI,카프로,618539985360,168999996,
2026-08-21,279570,KOSPI,케이뱅크,2280006748620,405695151,
2026-08-21,001620,KOSPI,케이비아이동국실업,47967295930,22258606,
2026-08-21,029460,KOSPI,케이씨,376902297000,11020535,
2026-08-21,281820,KOSPI,케이씨텍,1263154571800,19798661,
2026-08-21,381970,KOSPI,케이카,298783589760,48820848,
2026-08-21,145270,KOSPI,케이탑리츠,37823829138,48060774,
2026-08-21,417310,KOSPI,코람코더원리츠,439552000000,40400000,
2026-08-21,357120,KOSPI,코람코라이프인프라리츠,419028698970,97335354,
2026-08-21,007815,KOSPI,코리아써우,49362088500,2964690,
2026-08-21,007810,KOSPI,코리아써키트,1309451052000,23982620,
2026-08-21,00781K,KOSPI,코리아써키트2우B,10509403590,783699,
2026-08-21,003690,KOSPI,코리안리,2569523790740,176721031,
2026-08-21,192820,KOSPI,코스맥스,3075716939000,11349509,
2026-08-21,044820,KOSPI,코스맥스비티아이,214647634350,9603921,
2026-08-21,005070,KOSPI,코스모신소재,1245546412500,33214571,
2026-08-21,005420,KOSPI,코스모화학,380241457200,38408228,
2026-08-21,071950,KOSPI,코아스,24248070015,14459195,
2026-08-21,002020,KOSPI,코오롱,311075088000,12907680,
2026-08-21,003070,KOSPI,코오롱글로벌,246612402300,25423959,
2026-08-21,003075,KOSPI,코오롱글로벌우,10036986350,740737,
2026-08-21,002025,KOSPI,코오롱우,14830384860,1160437,
2026-08-21,120110,KOSPI,코오롱인더,1486820488800,29946032,
2026-08-21,120115,KOSPI,코오롱인더우,67535784000,2767860,
2026-08-21,021240,KOSPI,코웨이,6786596153400,70767426,
2026-08-21,036420,KOSPI,콘텐트리중앙,30010675864,19262308,
2026-08-21,024720,KOSPI,콜마홀딩스,342619627410,34296259,
2026-08-21,192400,KOSPI,쿠쿠홀딩스,992184961500,35562185,
2026-08-21,284740,KOSPI,쿠쿠홈시스,508205524500,22437330,
2026-08-21,264900,KOSPI,크라운제과,102069377500,12523850,
2026-08-21,26490K,KOSPI,크라운제과우,5979618800,773560,
2026-08-21,005740,KOSPI,크라운해태홀딩스,85075298310,14847347,
2026-08-21,005745,KOSPI,크라운해태홀딩스우,3129782460,600726,
2026-08-21,259960,KOSPI,크래프톤,10242598926000,46137833,
2026-08-21,020120,KOSPI,키다리스튜디오,148996339320,37063766,
2026-08-21,039490,KOSPI,키움증권,7029188688000,26228316,
2026-08-21,014580,KOSPI,태경비케이,107574090000,27583100,
2026-08-21,015890,KOSPI,태경산업,137813556250,29228750,
2026-08-21,006890,KOSPI,태경케미컬,58928000000,11600000,
2026-08-21,003240,KOSPI,태광산업,958637400000,1113400,
2026-08-21,011280,KOSPI,태림포장,122635888080,70805940,
2026-08-21,004100,KOSPI,태양금속,88263500000,36700000,
2026-08-21,004105,KOSPI,태양금속우,9339000000,3300000,
2026-08-21,009410,KOSPI,태영건설,475548944644,297590078,
2026-08-21,009415,KOSPI,태영건설우,4159833600,649974,
2026-08-21,001420,KOSPI,태원물산,17252000000,7600000,
2026-08-21,055490,KOSPI,테이팩스,63662445000,4786650,
2026-08-21,078000,KOSPI,텔코웨어,121414611780,9240077,
2026-08-21,214420,KOSPI,토니모리,127730982690,24054799,
2026-08-21,091810,KOSPI,트리니티항공,319592067334,510530459,
2026-08-21,019180,KOSPI,티에이치엔,96120000000,18000000,
2026-08-21,217590,KOSPI,티엠씨,280215836750,24094225,
2026-08-21,363280,KOSPI,티와이홀딩스,87946344689,45497333,
2026-08-21,36328K,KOSPI,티와이홀딩스우,2843376580,1174949,
2026-08-21,004870,KOSPI,티웨이홀딩스,26480256660,22632698,
2026-08-21,034230,KOSPI,파라다이스,857748077320,92629382,
2026-08-21,005690,KOSPI,파미셀,639642789240,60004014,
2026-08-21,036580,KOSPI,팜스코,92187136930,36727943,
2026-08-21,004720,KOSPI,팜젠사이언스,70794890625,22654365,
2026-08-21,028670,KOSPI,팬오션,3127231645200,534569512,
2026-08-21,010820,KOSPI,퍼스텍,279463204740,48771938,
2026-08-21,016800,KOSPI,퍼시스,313375000000,11500000,
2026-08-21,001020,KOSPI,페이퍼코리아,83652155700,35596662,
2026-08-21,090080,KOSPI,평화산업,59349341979,54902259,
2026-08-21,010770,KOSPI,평화홀딩스,53163568910,14625466,
2026-08-21,022100,KOSPI,포스코DX,2966197562790,152034729,
2026-08-21,058430,KOSPI,포스코스틸리온,268800000000,60000000,
2026-08-21,047050,KOSPI,포스코인터내셔널,8901693072800,175922788,
2026-08-21,003670,KOSPI,포스코퓨처엠,13777769478000,88946220,
2026-08-21,017810,KOSPI,풀무원,351852602660,38120542,
2026-08-21,103140,KOSPI,풍산,2180288828400,28024278,
2026-08-21,005810,KOSPI,풍산홀딩스,531998074800,14417292,
2026-08-21,950210,KOSPI,프레스티지바이오파마,364783660850,60096155,
2026-08-21,006490,KOSPI,프리티,26560346254,29577223,
2026-08-21,009810,KOSPI,플레이그램,26884570614,15749602,
2026-08-21,086790,KOSPI,하나금융지주,35338565942400,274367748,
2026-08-21,293480,KOSPI,하나제약,149470475860,17772946,
2026-08-21,039130,KOSPI,하나투어,483285878400,15489932,
2026-08-21,352820,KOSPI,하이브,7237637764400,43106836,
2026-08-21,071090,KOSPI,하이스틸,60170583580,20191471,
2026-08-21,000080,KOSPI,하이트진로,1068836231640,70133611,
2026-08-21,000087,KOSPI,하이트진로2우B,14058916720,1130138,
2026-08-21,000140,KOSPI,하이트진로홀딩스,187510661200,23206765,
2026-08-21,000145,KOSPI,하이트진로홀딩스우,4557440800,470810,
2026-08-21,036460,KOSPI,한국가스공사,3290958450000,92313000,
2026-08-21,005430,KOSPI,한국공항,255841484000,3166355,
2026-08-21,071050,KOSPI,한국금융지주,10281445524000,55725992,
2026-08-21,071055,KOSPI,한국금융지주우,875808524500,5858251,
2026-08-21,010040,KOSPI,한국내화,65912634510,41067062,
2026-08-21,025540,KOSPI,한국단자,551267500000,10115000,
2026-08-21,010100,KOSPI,한국무브넥스,106880974200,30450420,
2026-08-21,004090,KOSPI,한국석유,139508378800,12694120,
2026-08-21,002200,KOSPI,한국수출포장,85759848960,33499941,
2026-08-21,002960,KOSPI,한국쉘석유,660400000000,1300000,
2026-08-21,000240,KOSPI,한국앤컴퍼니,2207244330000,94935240,
2026-08-21,123890,KOSPI,한국자산신탁,306546684630,122373926,
2026-08-21,015760,KOSPI,한국전력,20382359444750,641964077,
2026-08-21,006200,KOSPI,한국전자홀딩스,17569896879,9360627,
2026-08-21,027970,KOSPI,한국제지,104392745280,38030144,
2026-08-21,023350,KOSPI,한국종합기술,42759750000,10950000,
2026-08-21,025890,KOSPI,한국주강,27415755360,11144616,
2026-08-21,000970,KOSPI,한국주철관,152991355000,22800500,
2026-08-21,104700,KOSPI,한국철강,353200500000,36450000,
2026-08-21,017960,KOSPI,한국카본,1165304759300,51676486,
2026-08-21,161890,KOSPI,한국콜마,3226814025900,23605077,
2026-08-21,161390,KOSPI,한국타이어앤테크놀로지,8175754554000,123875069,
2026-08-21,034830,KOSPI,한국토지신탁,280768023760,252489230,
2026-08-21,007280,KOSPI,한국특강,68751696000,28646540,
2026-08-21,047810,KOSPI,한국항공우주,12671763910000,97475107,
2026-08-21,123690,KOSPI,한국화장품,100585680000,16068000,
2026-08-21,003350,KOSPI,한국화장품제조,244728000000,22660000,
2026-08-21,011500,KOSPI,한농화성,196713988360,15637042,
2026-08-21,002390,KOSPI,한독,128964304210,13763533,
2026-08-21,053690,KOSPI,한미글로벌,181347452500,10957550,
2026-08-21,042700,KOSPI,한미반도체,20349154700000,95312200,
2026-08-21,008930,KOSPI,한미사이언스,3074200172500,68391550,
2026-08-21,128940,KOSPI,한미약품,5322966760500,12810991,
2026-08-21,009240,KOSPI,한샘,895465960400,23533928,
2026-08-21,020000,KOSPI,한섬,329671857900,21476994,
2026-08-21,003680,KOSPI,한성기업,31916907100,6209515,
2026-08-21,105630,KOSPI,한세실업,353600000000,40000000,
2026-08-21,069640,KOSPI,한세엠케이,31712066779,21735481,
2026-08-21,016450,KOSPI,한세예스24홀딩스,178200000000,40000000,
2026-08-21,009180,KOSPI,한솔로지스틱스,76724623125,28155825,
2026-08-21,213500,KOSPI,한솔제지,173744204800,23800576,
2026-08-21,014680,KOSPI,한솔케미칼,2169601236000,10794036,
2026-08-21,004710,KOSPI,한솔테크닉스,364401944620,53119817,
2026-08-21,004150,KOSPI,한솔홀딩스,137028910800,41026620,
2026-08-21,025750,KOSPI,한솔홈데코,29647973360,16113029,
2026-08-21,004960,KOSPI,한신공영,124037925440,11570702,
2026-08-21,011700,KOSPI,한신기계,73652762770,32446151,
2026-08-21,001750,KOSPI,한양증권,293124028400,15109486,
2026-08-21,001755,KOSPI,한양증권우,9315539000,472870,
2026-08-21,018880,KOSPI,한온시스템,3489292676800,1026262552,
2026-08-21,009420,KOSPI,한올바이오파마,2951596047000,52240638,
2026-08-21,014130,KOSPI,한익스프레스,29485618085,11817883,
2026-08-21,300720,KOSPI,한일시멘트,1141421643680,73545209,
2026-08-21,002220,KOSPI,한일철강,73684989600,26697460,
2026-08-21,003300,KOSPI,한일홀딩스,552499476480,30831444,
2026-08-21,051600,KOSPI,한전KPS,1971000000000,45000000,
2026-08-21,052690,KOSPI,한전기술,3497130000000,38220000,
2026-08-21,130660,KOSPI,한전산업,354688000000,32600000,
2026-08-21,002320,KOSPI,한진,232779240000,15518616,
2026-08-21,003480,KOSPI,한진중공업홀딩스,136427731440,29529812,
2026-08-21,180640,KOSPI,한진칼,7871272694100,66762279,
2026-08-21,18064K,KOSPI,한진칼우,15619890600,536766,
2026-08-21,005110,KOSPI,한창,26467434378,21106407,
2026-08-21,009460,KOSPI,한창제지,41647904530,11933497,
2026-08-21,372910,KOSPI,한컴라이프케어,49786256394,27674406,
2026-08-21,000880,KOSPI,한화,5908563612200,70507919,
2026-08-21,00088K,KOSPI,한화3우B,567579899250,19404441,
2026-08-21,452260,KOSPI,한화갤러리아,376669222230,193859610,
2026-08-21,45226K,KOSPI,한화갤러리아우,11908327000,2904470,
2026-08-21,451800,KOSPI,한화리츠,984208000000,179600000,
2026-08-21,489790,KOSPI,한화비전,2585005568000,50488390,
2026-08-21,088350,KOSPI,한화생명,4750859100000,868530000,
2026-08-21,000370,KOSPI,한화손해보험,858031025250,116738915,
2026-08-21,009830,KOSPI,한화솔루션,7207805778800,224892536,
2026-08-21,009835,KOSPI,한화솔루션우,43360256640,2544616,
2026-08-21,272210,KOSPI,한화시스템,13281033046700,188919389,
2026-08-21,012450,KOSPI,한화에어로스페이스,55946290085000,51563401,
2026-08-21,082740,KOSPI,한화엔진,3680018962200,83447142,
2026-08-21,042660,KOSPI,한화오션,25800007774800,306413394,
2026-08-21,003530,KOSPI,한화투자증권,1044847664250,214547775,
2026-08-21,003535,KOSPI,한화투자증권우,31824000000,4800000,
2026-08-21,195870,KOSPI,해성디에스,885700000000,17000000,
2026-08-21,101530,KOSPI,해태제과식품,162471866760,29116822,
2026-08-21,143210,KOSPI,핸즈코퍼레이션,33571739817,27999783,
2026-08-21,000720,KOSPI,현대건설,11759168784000,111355765,
2026-08-21,000725,KOSPI,현대건설우,56426075500,1054693,
2026-08-21,453340,KOSPI,현대그린푸드,583514418390,32471587,
2026-08-21,086280,KOSPI,현대글로비스,14752500000000,75000000,
2026-08-21,064350,KOSPI,현대로템,14199412319300,109142293,
2026-08-21,079430,KOSPI,현대리바트,119277217860,20114202,
2026-08-21,012330,KOSPI,현대모비스,45003361168000,90732583,
2026-08-21,069960,KOSPI,현대백화점,2014162780800,21564912,
2026-08-21,004560,KOSPI,현대비앤지스틸,170088988080,15078811,
2026-08-21,004310,KOSPI,현대약품,187200000000,32000000,
2026-08-21,017800,KOSPI,현대엘리베이터,2822470197000,39092385,
2026-08-21,307950,KOSPI,현대오토에버,12285943936000,27423982,
2026-08-21,011210,KOSPI,현대위아,1615387930200,27195083,
2026-08-21,004020,KOSPI,현대제철,3603036195000,133445785,
2026-08-21,005440,KOSPI,현대지에프홀딩스,2090728068600,183397199,
2026-08-21,005380,KOSPI,현대차,84974472890000,204757766,
2026-08-21,005387,KOSPI,현대차2우B,6856426673000,34963930,
2026-08-21,005389,KOSPI,현대차3우B,446172548400,2327452,
2026-08-21,005385,KOSPI,현대차우,4598169120000,23340960,
2026-08-21,001500,KOSPI,현대차증권,484771064960,61833044,
2026-08-21,011760,KOSPI,현대코퍼레이션,344614564300,13228966,
2026-08-21,227840,KOSPI,현대코퍼레이션홀딩스,117309776040,9100836,
2026-08-21,126560,KOSPI,현대퓨처넷,347805312400,109201040,
2026-08-21,001450,KOSPI,현대해상,4241100437500,85248250,
2026-08-21,093240,KOSPI,형지엘리트,24556103600,61390259,
2026-08-21,003010,KOSPI,혜인,120389714090,12712747,
2026-08-21,111110,KOSPI,호전실업,59744940000,9066000,
2026-08-21,008770,KOSPI,호텔신라,1660195518300,39248121,
2026-08-21,008775,KOSPI,호텔신라우,22142836550,751879,
2026-08-21,378850,KOSPI,화승알앤에이,58310422610,18993623,
2026-08-21,241590,KOSPI,화승엔터프라이즈,177829525060,60589276,
2026-08-21,006060,KOSPI,화승인더,132768000000,55320000,
2026-08-21,013520,KOSPI,화승코퍼레이션,122625567400,50051252,
2026-08-21,010690,KOSPI,화신,284252137400,34920410,
2026-08-21,133820,KOSPI,화인베스틸,33365937298,37114502,
2026-08-21,010660,KOSPI,화천기계,58080000000,22000000,
2026-08-21,000850,KOSPI,화천기공,78430000000,2200000,
2026-08-21,016580,KOSPI,환인제약,183024688800,18600070,
2026-08-21,032560,KOSPI,황금에스티,96900000000,17000000,
2026-08-21,004800,KOSPI,효성,2609829451300,16740407,
2026-08-21,094280,KOSPI,효성ITX,138698400000,11558200,
2026-08-21,298040,KOSPI,효성중공업,25372095108000,9324548,
2026-08-21,298020,KOSPI,효성티앤씨,1350236784000,4327682,
2026-08-21,298000,KOSPI,효성화학,284765006100,3791811,
2026-08-21,093370,KOSPI,후성,1280628640200,107255330,
2026-08-21,005870,KOSPI,휴니드,62745686675,14116015,
2026-08-21,079980,KOSPI,휴비스,67275000000,34500000,
2026-08-21,005010,KOSPI,휴스틸,202558010375,56188075,
2026-08-21,000540,KOSPI,흥국화재,216497713650,64242645,
2026-08-21,000545,KOSPI,흥국화재우,4078080000,768000,
2026-08-21,003280,KOSPI,흥아해운,425552071230,240424899,
2026-08-21,060310,KOSDAQ,3S,56348700480,53059040,벤처기업부
2026-08-21,054620,KOSDAQ,APS,68702415435,18394221,중견기업부
2026-08-21,079810,KOSDAQ,APS이노베이션,66952372340,21528094,우량기업부
2026-08-21,265520,KOSDAQ,AP시스템,284159500480,15050821,우량기업부
2026-08-21,211270,KOSDAQ,AP위성,114776333440,15082304,우량기업부
2026-08-21,126600,KOSDAQ,BGF에코머티리얼즈,175433482705,62766899,우량기업부
2026-08-21,083790,KOSDAQ,CG인바이츠,61515345600,76894182,벤처기업부
2026-08-21,035760,KOSDAQ,CJ ENM,697347097200,21929154,중견기업부
2026-08-21,311690,KOSDAQ,CJ 바이오사이언스,48276882090,13065462,기술성장기업부
2026-08-21,051500,KOSDAQ,CJ프레시웨이,277201533100,11871586,우량기업부
2026-08-21,058820,KOSDAQ,CMG제약,81912326468,148123556,관리종목(소속부없음)
2026-08-21,056730,KOSDAQ,CNT85,20558442719,14822237,중견기업부
2026-08-21,065770,KOSDAQ,CS,16414014904,10515064,벤처기업부
2026-08-21,083660,KOSDAQ,CSA 코스믹,20332497900,7109265,중견기업부
2026-08-21,477760,KOSDAQ,DB금융스팩12호,12030400000,5840000,SPAC(소속부없음)
2026-08-21,099520,KOSDAQ,DGI,58141862016,45281824,관리종목(소속부없음)
2026-08-21,290120,KOSDAQ,DH오토리드,36951788295,15825177,중견기업부
2026-08-21,025440,KOSDAQ,DH오토웨어,35171259620,9756244,투자주의환기종목(소속부없음)
2026-08-21,068790,KOSDAQ,DMS,170630893440,22570224,우량기업부
2026-08-21,241520,KOSDAQ,DSC인베스트먼트,208544000000,26600000,중견기업부
2026-08-21,180400,KOSDAQ,DXVX,244104991360,98429432,관리종목(소속부없음)
2026-08-21,418620,KOSDAQ,E8,9706883253,19850477,관리종목(소속부없음)
2026-08-21,245620,KOSDAQ,EDGC,167118555474,225531114,관리종목(소속부없음)
2026-08-21,037370,KOSDAQ,EG,30446151160,8624972,벤처기업부
2026-08-21,050120,KOSDAQ,ES큐브,44761483800,13564086,중견기업부
2026-08-21,214270,KOSDAQ,FSN,60094172608,45251636,중견기업부
2026-08-21,032620,KOSDAQ,GC메디아이,156591417000,52197139,우량기업부
2026-08-21,130500,KOSDAQ,GH신소재,26559264952,14545052,중견기업부
2026-08-21,019570,KOSDAQ,GMI벤처,26201035980,9545004,중견기업부
2026-08-21,900290,KOSDAQ,GRT,287276271360,83510544,외국기업(소속부없음)
2026-08-21,083450,KOSDAQ,GST,792490000000,18430000,우량기업부
2026-08-21,297890,KOSDAQ,HB솔루션,119804817132,73140914,우량기업부
2026-08-21,440290,KOSDAQ,HB인베스트먼트,46485866700,27506430,중견기업부
2026-08-21,078150,KOSDAQ,HB테크놀러지,178642823836,94921798,우량기업부
2026-08-21,225530,KOSDAQ,HC보광산업,73222534905,36338727,우량기업부
2026-08-21,060560,KOSDAQ,HC홈센타,50674449996,25388001,중견기업부
2026-08-21,376270,KOSDAQ,HEM파마,289487794700,7219147,기술성장기업부
2026-08-21,195940,KOSDAQ,HK이노엔,1161525531000,28329891,우량기업부
2026-08-21,028300,KOSDAQ,HLB,5148111318950,133198223,중견기업부
2026-08-21,278650,KOSDAQ,HLB바이오스텝,40966130600,17432396,중견기업부
2026-08-21,067630,KOSDAQ,HLB생명과학,358436150520,121917058,투자주의환기종목(소속부없음)
2026-08-21,024850,KOSDAQ,HLB이노베이션,441056726160,31753544,중견기업부
2026-08-21,187420,KOSDAQ,HLB제넥스,61241920572,32644947,기술성장기업부
2026-08-21,047920,KOSDAQ,HLB제약,257474944600,32799356,기술성장기업부
2026-08-21,115450,KOSDAQ,HLB테라퓨틱스,186461129445,88580109,중견기업부
2026-08-21,046210,KOSDAQ,HLB파나진,51583178680,45527960,벤처기업부
2026-08-21,196300,KOSDAQ,HLB펩,43600441350,9376439,관리종목(소속부없음)
2026-08-21,403870,KOSDAQ,HPSP,3695270000000,82300000,우량기업부
2026-08-21,036640,KOSDAQ,HRS,79811424000,16354800,우량기업부
2026-08-21,469480,KOSDAQ,IBKS제24호스팩,9009900000,4230000,SPAC(소속부없음)
2026-08-21,0099X0,KOSDAQ,IBKS제25호스팩,13036400000,5980000,SPAC(소속부없음)
2026-08-21,095340,KOSDAQ,ISC,3270706049400,21197058,우량기업부
2026-08-21,950170,KOSDAQ,JTC,221474369440,51746348,외국기업(소속부없음)
2026-08-21,067290,KOSDAQ,JW신약,114876061150,56037103,중견기업부
2026-08-21,035900,KOSDAQ,JYP Ent.,1378660689600,35532492,우량기업부
2026-08-21,318000,KOSDAQ,KBG,25346646700,8740223,벤처기업부
2026-08-21,024840,KOSDAQ,KBI메탈,228315807520,43159888,중견기업부
2026-08-21,024120,KOSDAQ,KB오토시스,35707500000,11500000,중견기업부
2026-08-21,478390,KOSDAQ,KB제29호스팩,12751000000,6220000,SPAC(소속부없음)
2026-08-21,486630,KOSDAQ,KB제30호스팩,10805850000,5310000,SPAC(소속부없음)
2026-08-21,492220,KOSDAQ,KB제31호스팩,12482100000,6210000,SPAC(소속부없음)
2026-08-21,0037T0,KOSDAQ,KB제32호스팩,12590370000,6330000,SPAC(소속부없음)
2026-08-21,0072Z0,KOSDAQ,KB제33호스팩,15643840000,7885000,SPAC(소속부없음)
2026-08-21,021320,KOSDAQ,KCC건설,117914000000,21400000,우량기업부
2026-08-21,044180,KOSDAQ,KD,5477148795,26717799,관리종목(소속부없음)
2026-08-21,151860,KOSDAQ,KG에코솔루션,256104150760,47603002,우량기업부
2026-08-21,035600,KOSDAQ,KG이니시스,275544340000,27554434,우량기업부
2026-08-21,046440,KOSDAQ,KG파이낸셜,152803424040,38010802,우량기업부
2026-08-21,060720,KOSDAQ,KH바텍,237011194420,23677442,중견기업부
2026-08-21,058400,KOSDAQ,KNN,68068876080,13242972,우량기업부
2026-08-21,101000,KOSDAQ,KS인더스트리,7313939406,9910487,투자주의환기종목(소속부없음)
2026-08-21,089600,KOSDAQ,KT나스미디어,142982494680,11568163,우량기업부
2026-08-21,418470,KOSDAQ,KT밀리의서재,80090127150,8565789,우량기업부
2026-08-21,043610,KOSDAQ,KT지니뮤직,70900834360,58115438,중견기업부
2026-08-21,122450,KOSDAQ,KX,125495535200,44819834,중견기업부
2026-08-21,052900,KOSDAQ,KX하이텍,80501494500,76668090,우량기업부
2026-08-21,036560,KOSDAQ,KZ정밀,189787500000,15750000,우량기업부
2026-08-21,061970,KOSDAQ,LB세미콘,282283409160,58083006,중견기업부
2026-08-21,309960,KOSDAQ,LB인베스트먼트,100414558675,23217239,중견기업부
2026-08-21,073490,KOSDAQ,LIG아큐버,229636149200,7603846,우량기업부
2026-08-21,225190,KOSDAQ,LK삼양,62787380040,70468440,중견기업부
2026-08-21,091970,KOSDAQ,LSK아이로봇,30026098300,7534780,중견기업부
2026-08-21,060370,KOSDAQ,LS마린솔루션,1616792531300,52238854,우량기업부
2026-08-21,417200,KOSDAQ,LS머트리얼즈,734707876740,67652659,중견기업부
2026-08-21,078020,KOSDAQ,LS증권,364511418300,55481190,우량기업부
2026-08-21,322180,KOSDAQ,LS티라유텍,87166709830,21496106,벤처기업부
2026-08-21,476080,KOSDAQ,M83,31944535000,8077000,중견기업부
2026-08-21,086960,KOSDAQ,MDS테크,84589524630,42528670,우량기업부
2026-08-21,160550,KOSDAQ,NEW,28854913604,27906106,중견기업부
2026-08-21,053290,KOSDAQ,NE능률,30276194424,16526307,중견기업부
2026-08-21,060250,KOSDAQ,NHN KCP,569477463980,40160611,우량기업부
2026-08-21,104200,KOSDAQ,NHN벅스,37661977000,14827550,중견기업부
2026-08-21,054050,KOSDAQ,NH농우바이오,107725369920,16030561,우량기업부
2026-08-21,063570,KOSDAQ,NICE인프라,111663070560,34147728,우량기업부
2026-08-21,024940,KOSDAQ,PN풍년,19020000000,10000000,벤처기업부
2026-08-21,332570,KOSDAQ,PS일렉트로닉스,419002720110,46711563,우량기업부
2026-08-21,218410,KOSDAQ,RFHIC,1253032090300,26575442,우량기업부
2026-08-21,327260,KOSDAQ,RF머트리얼즈,591832803100,17988839,벤처기업부
2026-08-21,474610,KOSDAQ,RF시스템즈,97158582800,14415220,벤처기업부
2026-08-21,091340,KOSDAQ,S&K폴리텍,25163000150,11703721,중견기업부
2026-08-21,419530,KOSDAQ,SAMG엔터,209760775350,10207337,기술성장기업부
2026-08-21,019550,KOSDAQ,SBI인베스트먼트,82572919453,81033287,중견기업부
2026-08-21,246960,KOSDAQ,SCL사이언스,67829991718,34017047,기술성장기업부
2026-08-21,099220,KOSDAQ,SDN,32164562850,62944350,관리종목(소속부없음)
2026-08-21,056190,KOSDAQ,SFA,851037612000,35908760,우량기업부
2026-08-21,222080,KOSDAQ,SFA넥셀,582573278560,77780144,우량기업부
2026-08-21,036540,KOSDAQ,SFA반도체,914399284680,164460303,중견기업부
2026-08-21,255220,KOSDAQ,SG,134653298158,109563302,중견기업부
2026-08-21,040610,KOSDAQ,SG&G,53687333700,17043598,중견기업부
2026-08-21,184230,KOSDAQ,SGA솔루션즈,35131640940,18887979,벤처기업부
2026-08-21,016250,KOSDAQ,SGC E&C,56666092500,5036986,중견기업부
2026-08-21,357880,KOSDAQ,SKAI,97256905400,54182120,기술성장기업부
2026-08-21,048550,KOSDAQ,SM C&C,125729006000,96714620,중견기업부
2026-08-21,063440,KOSDAQ,SM Life Design,46316390008,45319364,중견기업부
2026-08-21,067160,KOSDAQ,SOOP,432777977550,11494767,우량기업부
2026-08-21,289080,KOSDAQ,SV인베스트먼트,121479230660,60138233,중견기업부
2026-08-21,041930,KOSDAQ,SY동아,71972000000,15200000,우량기업부
2026-08-21,089230,KOSDAQ,THE E&M,88500939730,39421354,중견기업부
2026-08-21,032540,KOSDAQ,TJ미디어,64573006170,20897413,우량기업부
2026-08-21,048770,KOSDAQ,TPC로보틱스,45367193990,15697991,벤처기업부
2026-08-21,246690,KOSDAQ,TS인베스트먼트,44060956422,23778174,중견기업부
2026-08-21,317240,KOSDAQ,TS트릴리온,34486872402,29176711,벤처기업부
2026-08-21,057030,KOSDAQ,YBM넷,35887933400,16312697,중견기업부
2026-08-21,040300,KOSDAQ,YTN,95592344900,47676980,중견기업부
2026-08-21,051390,KOSDAQ,YW,45137587800,11355368,중견기업부
2026-08-21,052220,KOSDAQ,iMBC,41998000000,23000000,중견기업부
2026-08-21,079940,KOSDAQ,가비아,601917677400,13420684,우량기업부
2026-08-21,078890,KOSDAQ,가온그룹,76555638165,18424943,중견기업부
2026-08-21,399720,KOSDAQ,가온칩스,533647980000,11858844,벤처기업부
2026-08-21,036620,KOSDAQ,감성코퍼레이션,342827131360,89862944,우량기업부
2026-08-21,198440,KOSDAQ,강동씨앤엘,76469529480,60931896,중견기업부
2026-08-21,217730,KOSDAQ,강스템바이오텍,219146167170,94054149,기술성장기업부
2026-08-21,114190,KOSDAQ,강원에너지,214208911600,26123038,중견기업부
2026-08-21,094480,KOSDAQ,갤럭시아머니트리,241655802080,39229838,우량기업부
2026-08-21,039240,KOSDAQ,경남스틸,50532798292,26979604,우량기업부
2026-08-21,053950,KOSDAQ,경남제약,30116161215,19619649,중견기업부
2026-08-21,011040,KOSDAQ,경동제약,155382268300,30768766,중견기업부
2026-08-21,024910,KOSDAQ,경창산업,60569937455,35819005,중견기업부
2026-08-21,049720,KOSDAQ,고려신용정보,130559000000,14300000,우량기업부
2026-08-21,014570,KOSDAQ,고려제약,37455000000,11000000,중견기업부
2026-08-21,348150,KOSDAQ,고바이오랩,58256667000,19418889,기술성장기업부
2026-08-21,950190,KOSDAQ,고스트스튜디오,110905342680,13017059,외국기업(소속부없음)
2026-08-21,098460,KOSDAQ,고영,1930179227900,68204213,우량기업부
2026-08-21,035290,KOSDAQ,골드앤에스,9058531200,4767648,관리종목(소속부없음)
2026-08-21,215000,KOSDAQ,골프존,216188046750,6275415,우량기업부
2026-08-21,121440,KOSDAQ,골프존홀딩스,331128603140,42836818,우량기업부
2026-08-21,029480,KOSDAQ,광무,84323414384,59719132,중견기업부
2026-08-21,026910,KOSDAQ,광진실업,31118679550,7928326,중견기업부
2026-08-21,465320,KOSDAQ,교보15호스팩,8115300000,3810000,관리종목(소속부없음)
2026-08-21,482520,KOSDAQ,교보16호스팩,12474500000,6100000,SPAC(소속부없음)
2026-08-21,489210,KOSDAQ,교보17호스팩,10515400000,5180000,SPAC(소속부없음)
2026-08-21,0041B0,KOSDAQ,교보18호스팩,10130400000,5040000,SPAC(소속부없음)
2026-08-21,0098T0,KOSDAQ,교보19호스팩,10773000000,5400000,SPAC(소속부없음)
2026-08-21,0132G0,KOSDAQ,교보20호스팩,11910150000,5970000,SPAC(소속부없음)
2026-08-21,053270,KOSDAQ,구영테크,54793399595,27410405,우량기업부
2026-08-21,066620,KOSDAQ,국보디자인,182625000000,7500000,우량기업부
2026-08-21,043650,KOSDAQ,국순당,63307687680,17858304,중견기업부
2026-08-21,006050,KOSDAQ,국영지앤엠,17098669070,34895243,중견기업부
2026-08-21,060480,KOSDAQ,국일신동,14217380000,11090000,관리종목(소속부없음)
2026-08-21,078130,KOSDAQ,국일제지,397974272110,112740587,중견기업부
2026-08-21,307750,KOSDAQ,국전,113101273360,53986288,중견기업부
2026-08-21,035080,KOSDAQ,그래디언트,135803653920,11431284,중견기업부
2026-08-21,318060,KOSDAQ,그래피,212220747690,11187177,기술성장기업부
2026-08-21,453450,KOSDAQ,그리드위즈,109053957500,7942750,중견기업부
2026-08-21,204020,KOSDAQ,그리티,36334154176,19450832,우량기업부
2026-08-21,0015G0,KOSDAQ,그린광학,165005828100,11702541,기술성장기업부
2026-08-21,402490,KOSDAQ,그린리소스,108046684460,16935217,기술성장기업부
2026-08-21,114450,KOSDAQ,그린생명과학,41900000000,20000000,벤처기업부
2026-08-21,186230,KOSDAQ,그린플러스,37620047660,10920188,벤처기업부
2026-08-21,900070,KOSDAQ,글로벌에스엠,27382551696,26871984,외국기업(소속부없음)
2026-08-21,204620,KOSDAQ,글로벌텍스프리,336657150700,70283330,우량기업부
2026-08-21,019660,KOSDAQ,글로본,21139608828,13944333,중견기업부
2026-08-21,053260,KOSDAQ,금강철강,100713600000,18720000,우량기업부
2026-08-21,282720,KOSDAQ,금양그린파워,86290840000,12119500,중견기업부
2026-08-21,036190,KOSDAQ,금화피에스시,201300000000,6000000,우량기업부
2026-08-21,049080,KOSDAQ,기가레인,66209005200,8488334,벤처기업부
2026-08-21,420770,KOSDAQ,기가비스,1334757317400,12675758,우량기업부
2026-08-21,282620,KOSDAQ,기도산업,108891936060,5860707,중견기업부
2026-08-21,035460,KOSDAQ,기산텔레콤,33570765000,14920340,벤처기업부
2026-08-21,407400,KOSDAQ,꿈비,27893421804,14634534,벤처기업부
2026-08-21,187790,KOSDAQ,나노,92214081700,30840830,벤처기업부
2026-08-21,121600,KOSDAQ,나노신소재,570191881500,12262191,우량기업부
2026-08-21,286750,KOSDAQ,나노실리칸첨단소재,45641121225,32028857,투자주의환기종목(소속부없음)
2026-08-21,247660,KOSDAQ,나노씨엠에스,11163874400,4343920,관리종목(소속부없음)
2026-08-21,039860,KOSDAQ,나노엔텍,138658712920,38093053,중견기업부
2026-08-21,417010,KOSDAQ,나노팀,99754139960,20172728,벤처기업부
2026-08-21,405920,KOSDAQ,나라셀라,24403954020,12878076,중견기업부
2026-08-21,478340,KOSDAQ,나라스페이스테크놀로지,111651783450,11570133,기술성장기업부
2026-08-21,051490,KOSDAQ,나라엠앤디,37843000000,14200000,우량기업부
2026-08-21,137080,KOSDAQ,나래나노텍,73256051160,10709949,중견기업부
2026-08-21,190510,KOSDAQ,나무가,179165232240,14085317,우량기업부
2026-08-21,242040,KOSDAQ,나무에이엑스,112470358000,34606264,기술성장기업부
2026-08-21,293580,KOSDAQ,나우IB,134800529000,94929950,중견기업부
2026-08-21,459510,KOSDAQ,나우로보틱스,192469405060,12978382,기술성장기업부
2026-08-21,138610,KOSDAQ,나이벡,189728465170,11367793,기술성장기업부
2026-08-21,130580,KOSDAQ,나이스디앤비,85470000000,15400000,우량기업부
2026-08-21,036800,KOSDAQ,나이스정보통신,312130000000,45500000,우량기업부
2026-08-21,366030,KOSDAQ,나인앤컴퍼니,127088098500,22653850,중견기업부
2026-08-21,267320,KOSDAQ,나인테크,118849660650,57415295,벤처기업부
2026-08-21,111710,KOSDAQ,남화산업,64131620000,20588000,중견기업부
2026-08-21,091590,KOSDAQ,남화토건,70792200000,11740000,중견기업부
2026-08-21,168330,KOSDAQ,내츄럴엔도텍,67637937000,31754900,투자주의환기종목(소속부없음)
2026-08-21,094860,KOSDAQ,네오리진,67609047822,53110014,중견기업부
2026-08-21,0218L0,KOSDAQ,네오뷰,74974446750,5276175,중견기업부
2026-08-21,253590,KOSDAQ,네오셈,458871455440,43869164,우량기업부
2026-08-21,212560,KOSDAQ,네오오토,129603804280,13486348,우량기업부
2026-08-21,095660,KOSDAQ,네오위즈,384912605610,21636459,우량기업부
2026-08-21,042420,KOSDAQ,네오위즈홀딩스,191343650500,8142283,우량기업부
2026-08-21,950220,KOSDAQ,네오이뮨텍,97503744000,34211840,기술성장기업부
2026-08-21,311390,KOSDAQ,네오크레마,30685438325,12653789,벤처기업부
2026-08-21,085910,KOSDAQ,네오티스,227890393360,13794818,중견기업부
2026-08-21,092730,KOSDAQ,네오팜,361431151950,16027989,우량기업부
2026-08-21,153460,KOSDAQ,네이블,39441284560,6530014,중견기업부
2026-08-21,007390,KOSDAQ,네이처셀,1530332580000,64435056,중견기업부
2026-08-21,033640,KOSDAQ,네패스,420138660440,23059202,중견기업부
2026-08-21,330860,KOSDAQ,네패스아크,304601125000,12184045,중견기업부
2026-08-21,351320,KOSDAQ,넥사다이내믹스,35994754104,29698642,중견기업부
2026-08-21,089140,KOSDAQ,넥스턴앤롤코리아,32623578420,15316234,벤처기업부
2026-08-21,389650,KOSDAQ,넥스트바이오메디컬,267356337800,8277286,기술성장기업부
2026-08-21,137940,KOSDAQ,넥스트아이,19113906516,9812067,중견기업부
2026-08-21,396270,KOSDAQ,넥스트칩,65215775673,32887431,벤처기업부
2026-08-21,348210,KOSDAQ,넥스틴,346265015250,10477005,우량기업부
2026-08-21,225570,KOSDAQ,넥슨게임즈,598010379920,65860174,중견기업부
2026-08-21,205500,KOSDAQ,넥써쓰,139819507310,81385045,중견기업부
2026-08-21,217270,KOSDAQ,넵튠,115203359995,46735643,중견기업부
2026-08-21,104620,KOSDAQ,노랑풍선,52112711200,16810552,중견기업부
2026-08-21,473980,KOSDAQ,노머스,125369303040,10882752,기술성장기업부
2026-08-21,194700,KOSDAQ,노바렉스,196787261440,18254848,우량기업부
2026-08-21,285490,KOSDAQ,노바텍,120775990020,10575831,벤처기업부
2026-08-21,145170,KOSDAQ,노브랜드,47343534000,16908405,중견기업부
2026-08-21,376930,KOSDAQ,노을,17131301882,51291323,관리종목(소속부없음)
2026-08-21,486990,KOSDAQ,노타,398754895200,21392430,기술성장기업부
2026-08-21,142280,KOSDAQ,녹십자엠에스,62543510910,23963031,중견기업부
2026-08-21,234690,KOSDAQ,녹십자웰빙,151071268900,17963290,우량기업부
2026-08-21,069140,KOSDAQ,누리플랜,28832985640,15095804,벤처기업부
2026-08-21,040160,KOSDAQ,누리플렉스,74141540250,12055535,중견기업부
2026-08-21,332290,KOSDAQ,누보,35794250388,39904404,벤처기업부
2026-08-21,348340,KOSDAQ,뉴로메카,304777680480,15605616,기술성장기업부
2026-08-21,380550,KOSDAQ,뉴로핏,92467404280,12198866,기술성장기업부
2026-08-21,060260,KOSDAQ,뉴보텍,15370394112,13342356,벤처기업부
2026-08-21,463020,KOSDAQ,뉴엔AI,79896208000,8987200,기술성장기업부
2026-08-21,123840,KOSDAQ,뉴온,27140072250,15553050,투자주의환기종목(소속부없음)
2026-08-21,012340,KOSDAQ,뉴인텍,12124636150,22044793,관리종목(소속부없음)
2026-08-21,462310,KOSDAQ,뉴키즈온,31238982775,7898605,중견기업부
2026-08-21,270870,KOSDAQ,뉴트리,36069332460,8994846,중견기업부
2026-08-21,144960,KOSDAQ,뉴파워프라즈마,425566157760,43692624,우량기업부
2026-08-21,085670,KOSDAQ,뉴프렉스,68602130800,24500761,우량기업부
2026-08-21,064260,KOSDAQ,다날,388061194410,75645457,중견기업부
2026-08-21,340360,KOSDAQ,다보링크,47689499152,52062772,투자주의환기종목(소속부없음)
2026-08-21,039560,KOSDAQ,다산네트웍스,98643476400,42888468,중견기업부
2026-08-21,208860,KOSDAQ,다산디엠씨,39212218815,33949973,벤처기업부
2026-08-21,154040,KOSDAQ,다산솔루에타,22177619964,21615614,중견기업부
2026-08-21,032190,KOSDAQ,다우데이타,749914000000,38300000,우량기업부
2026-08-21,323350,KOSDAQ,다원넥스뷰,63044775640,8010772,기술성장기업부
2026-08-21,068240,KOSDAQ,다원시스,96553495610,38163437,관리종목(소속부없음)
2026-08-21,290660,KOSDAQ,다이나믹솔루션,84647666688,42837888,기술성장기업부
2026-08-21,464580,KOSDAQ,닷밀,31492818279,18406089,기술성장기업부
2026-08-21,020400,KOSDAQ,대동금속,17036257260,6073532,중견기업부
2026-08-21,008830,KOSDAQ,대동기어,84547983600,14755320,중견기업부
2026-08-21,048470,KOSDAQ,대동스틸,26055000000,9650000,중견기업부
2026-08-21,004780,KOSDAQ,대륙제관,63771827990,15903199,우량기업부
2026-08-21,017650,KOSDAQ,대림제지,91364000000,8785000,우량기업부
2026-08-21,389260,KOSDAQ,대명에너지,227179001000,17916325,우량기업부
2026-08-21,317850,KOSDAQ,대모,42954007200,8324420,벤처기업부
2026-08-21,290670,KOSDAQ,대보마그네틱,37795344600,7857660,중견기업부
2026-08-21,078140,KOSDAQ,대봉엘에스,85920987250,11086579,우량기업부
2026-08-21,065150,KOSDAQ,대산F&B,24497074880,15938240,중견기업부
2026-08-21,036480,KOSDAQ,대성미생물,23446000000,3800000,중견기업부
2026-08-21,027830,KOSDAQ,대성창투,51840000000,54000000,중견기업부
2026-08-21,129920,KOSDAQ,대성하이텍,97329689040,16248696,벤처기업부
2026-08-21,471050,KOSDAQ,대신밸런스제17호스팩,12786600000,6060000,관리종목(소속부없음)
2026-08-21,482690,KOSDAQ,대신밸런스제19호스팩,11538825000,5615000,SPAC(소속부없음)
2026-08-21,0134X0,KOSDAQ,대신밸런스제20호스팩,13345200000,6740000,SPAC(소속부없음)
2026-08-21,020180,KOSDAQ,대신정보통신,32203430770,7685783,중견기업부
2026-08-21,045390,KOSDAQ,대아티아이,228333741480,70473377,우량기업부
2026-08-21,108380,KOSDAQ,대양전기공업,162357641010,9567333,우량기업부
2026-08-21,007680,KOSDAQ,대원,43568921710,13222738,중견기업부
2026-08-21,048910,KOSDAQ,대원미디어,68555255700,12578946,우량기업부
2026-08-21,005710,KOSDAQ,대원산업,218409840000,20037600,우량기업부
2026-08-21,120240,KOSDAQ,대정화금,105842555520,7190391,우량기업부
2026-08-21,003310,KOSDAQ,대주산업,56875506450,35392350,우량기업부
2026-08-21,078600,KOSDAQ,대주전자재료,1301873040200,15704138,우량기업부
2026-08-21,393970,KOSDAQ,대진첨단소재,50428566500,17850820,관리종목(소속부없음)
2026-08-21,096350,KOSDAQ,대창솔루션,79237738300,36854762,벤처기업부
2026-08-21,140520,KOSDAQ,대창스틸,41648536439,21109243,중견기업부
2026-08-21,131220,KOSDAQ,대한과학,26985253800,7454490,벤처기업부
2026-08-21,010170,KOSDAQ,대한광통신,1884486199200,155485660,중견기업부
2026-08-21,054670,KOSDAQ,대한뉴팜,80100453600,14354920,우량기업부
2026-08-21,023910,KOSDAQ,대한약품,156600000000,6000000,우량기업부
2026-08-21,021040,KOSDAQ,대호특수강,20901697362,21704774,중견기업부
2026-08-21,021045,KOSDAQ,대호특수강우,2256988720,848492,중견기업부
2026-08-21,067080,KOSDAQ,대화제약,189517497000,18616650,중견기업부
2026-08-21,298540,KOSDAQ,더네이쳐홀딩스,96913922340,14486386,우량기업부
2026-08-21,032860,KOSDAQ,더라미,27873145470,40395863,중견기업부
2026-08-21,393890,KOSDAQ,더블유씨피,291051038400,33843144,기술성장기업부
2026-08-21,299170,KOSDAQ,더블유에스아이,50726793936,41511288,중견기업부
2026-08-21,462860,KOSDAQ,더즌,181902785805,71756523,벤처기업부
2026-08-21,224060,KOSDAQ,더코디,15869220150,5160722,투자주의환기종목(소속부없음)
2026-08-21,403850,KOSDAQ,더핑크퐁컴퍼니,161018332200,14351010,중견기업부
2026-08-21,213420,KOSDAQ,덕산네오룩스,790873051150,24831179,우량기업부
2026-08-21,317330,KOSDAQ,덕산테코피아,205994435040,20476584,중견기업부
2026-08-21,077360,KOSDAQ,덕산하이메탈,424835968700,45437002,벤처기업부
2026-08-21,090410,KOSDAQ,덕신이피씨,37742873805,46084095,우량기업부
2026-08-21,0001A0,KOSDAQ,덕양에너젠,213939280800,25468962,중견기업부
2026-08-21,263600,KOSDAQ,덕우전자,56871206700,15930310,중견기업부
2026-08-21,194480,KOSDAQ,데브시스터즈,187152784500,12129150,중견기업부
2026-08-21,373160,KOSDAQ,데이원컴퍼니,39558398685,13807469,기술성장기업부
2026-08-21,263800,KOSDAQ,데이타솔루션,83236199400,16225380,중견기업부
2026-08-21,206560,KOSDAQ,덱스터,22260680736,25411736,기술성장기업부
2026-08-21,261200,KOSDAQ,덴티스,39208056000,15809700,중견기업부
2026-08-21,484120,KOSDAQ,도우인시스,212683561020,10957422,중견기업부
2026-08-21,067990,KOSDAQ,도이치모터스,104032225750,29181550,우량기업부
2026-08-21,006620,KOSDAQ,동구바이오제약,105035820480,28464992,우량기업부
2026-08-21,100130,KOSDAQ,동국S&C,74514472000,57143000,중견기업부
2026-08-21,005160,KOSDAQ,동국산업,132898980900,54244482,중견기업부
2026-08-21,303810,KOSDAQ,동국생명과학,70365108000,31984140,중견기업부
2026-08-21,075970,KOSDAQ,동국알앤에스,28832800000,18400000,중견기업부
2026-08-21,086450,KOSDAQ,동국제약,803744563400,45230420,우량기업부
2026-08-21,240550,KOSDAQ,동방메디컬,118695439800,20933940,중견기업부
2026-08-21,099410,KOSDAQ,동방선기,43680000000,14000000,벤처기업부
2026-08-21,033500,KOSDAQ,동성화인텍,500824549800,29989494,우량기업부
2026-08-21,025950,KOSDAQ,동신건설,86268000000,8400000,우량기업부
2026-08-21,088130,KOSDAQ,동아엘텍,92147604780,17485314,우량기업부
2026-08-21,060380,KOSDAQ,동양에스텍,25688800000,19700000,중견기업부
2026-08-21,079960,KOSDAQ,동양이엔피,141593587500,7551658,우량기업부
2026-08-21,228340,KOSDAQ,동양파일,58300000000,20000000,중견기업부
2026-08-21,088910,KOSDAQ,동우팜투테이블,53244051480,25721764,우량기업부
2026-08-21,094170,KOSDAQ,동운아나텍,705710340000,20909936,우량기업부
2026-08-21,013120,KOSDAQ,동원개발,194329334000,90808100,우량기업부
2026-08-21,109860,KOSDAQ,동일금속,66703000000,9100000,우량기업부
2026-08-21,032960,KOSDAQ,동일기연,36153563625,17592975,중견기업부
2026-08-21,023790,KOSDAQ,동일스틸럭스,17997125616,13069808,중견기업부
2026-08-21,005290,KOSDAQ,동진쎄미켐,2094872178600,50970126,우량기업부
2026-08-21,025900,KOSDAQ,동화기업,343789538000,50557285,중견기업부
2026-08-21,131970,KOSDAQ,두산테스나,1486264602200,19327238,우량기업부
2026-08-21,073190,KOSDAQ,듀오백,19412160880,11968040,관리종목(소속부없음)
2026-08-21,176750,KOSDAQ,듀켐바이오,179763823200,28488720,기술성장기업부
2026-08-21,030350,KOSDAQ,드래곤플라이,15171092867,15592079,관리종목(소속부없음)
2026-08-21,203650,KOSDAQ,드림시큐리티,206460102520,101704484,중견기업부
2026-08-21,223250,KOSDAQ,드림씨아이에스,80320449660,24600444,벤처기업부
2026-08-21,060570,KOSDAQ,드림어스컴퍼니,53945945144,74101573,중견기업부
2026-08-21,362990,KOSDAQ,드림인사이트,20647905446,16800574,벤처기업부
2026-08-21,016670,KOSDAQ,디모아,23548680540,10194234,중견기업부
2026-08-21,187870,KOSDAQ,디바이스,148716648000,13770060,우량기업부
2026-08-21,489730,KOSDAQ,디비금융제13호스팩,12917280000,6332000,SPAC(소속부없음)
2026-08-21,0004Y0,KOSDAQ,디비금융제14호스팩,10608740000,5315000,SPAC(소속부없음)
2026-08-21,110990,KOSDAQ,디아이티,293895000000,18900000,우량기업부
2026-08-21,263690,KOSDAQ,디알젬,57081074400,11325610,우량기업부
2026-08-21,214680,KOSDAQ,디알텍,80137973760,83477056,벤처기업부
2026-08-21,347850,KOSDAQ,디앤디파마텍,2443144559700,45837609,기술성장기업부
2026-08-21,263720,KOSDAQ,디앤씨미디어,93094432500,12412591,우량기업부
2026-08-21,376300,KOSDAQ,디어유,431326837020,23738406,우량기업부
2026-08-21,104040,KOSDAQ,디에스엠,72932896800,26813565,벤처기업부
2026-08-21,109740,KOSDAQ,디에스케이,112868612100,25710390,벤처기업부
2026-08-21,031860,KOSDAQ,디에이치엑스컴퍼니,18714756060,2700542,관리종목(소속부없음)
2026-08-21,196490,KOSDAQ,디에이테크놀로지,69131518050,11351645,투자주의환기종목(소속부없음)
2026-08-21,066900,KOSDAQ,디에이피,38438210070,22744503,관리종목(소속부없음)
2026-08-21,092070,KOSDAQ,디엔에프,142681009140,11571858,중견기업부
2026-08-21,039840,KOSDAQ,디오,155891921360,13415828,중견기업부
2026-08-21,219550,KOSDAQ,디와이디,42927314160,38673256,관리종목(소속부없음)
2026-08-21,310870,KOSDAQ,디와이씨,29595512700,21922602,벤처기업부
2026-08-21,104460,KOSDAQ,디와이피엔에프,78359852450,10518101,우량기업부
2026-08-21,113810,KOSDAQ,디젠스,16575049400,6525610,중견기업부
2026-08-21,043360,KOSDAQ,디지아이,20070000000,9000000,벤처기업부
2026-08-21,197140,KOSDAQ,디지캡,29865188430,13013154,벤처기업부
2026-08-21,068930,KOSDAQ,디지털대성,226107544140,27675342,우량기업부
2026-08-21,033130,KOSDAQ,디지틀조선,70519007300,37115267,중견기업부
2026-08-21,105740,KOSDAQ,디케이락,73111608470,10168513,우량기업부
2026-08-21,263020,KOSDAQ,디케이앤디,42892052600,13836146,벤처기업부
2026-08-21,290550,KOSDAQ,디케이티,317019495500,20001230,우량기업부
2026-08-21,066670,KOSDAQ,디티씨,57944945800,18691918,중견기업부
2026-08-21,187220,KOSDAQ,디티앤씨,23568487985,11524933,중견기업부
2026-08-21,383930,KOSDAQ,디티앤씨알오,21336709632,12784128,중견기업부
2026-08-21,131180,KOSDAQ,딜리,21660300000,5870000,벤처기업부
2026-08-21,483350,KOSDAQ,딜리셔스,82483679200,21878960,기술성장기업부
2026-08-21,315640,KOSDAQ,딥노이드,48317321640,29372232,기술성장기업부
2026-08-21,900110,KOSDAQ,딥커머스,21811125973,18437131,외국기업(소속부없음)
2026-08-21,317120,KOSDAQ,라닉스,20951980000,15260000,기술성장기업부
2026-08-21,462510,KOSDAQ,라메디텍,25528598500,8802965,기술성장기업부
2026-08-21,232680,KOSDAQ,라온로보틱스,121836425000,13257500,기술성장기업부
2026-08-21,042510,KOSDAQ,라온시큐어,85292759040,11105828,벤처기업부
2026-08-21,418420,KOSDAQ,라온텍,113404246230,30774558,기술성장기업부
2026-08-21,300120,KOSDAQ,라온피플,21237222435,9900803,벤처기업부
2026-08-21,171120,KOSDAQ,라이온켐텍,72880572800,35901760,우량기업부
2026-08-21,388790,KOSDAQ,라이콤,120619790400,30614160,벤처기업부
2026-08-21,214260,KOSDAQ,라파스,76108609390,8922463,기술성장기업부
2026-08-21,171010,KOSDAQ,램테크놀러지,38320655360,14298752,벤처기업부
2026-08-21,084650,KOSDAQ,랩지노믹스,43430394150,74239990,관리종목(소속부없음)
2026-08-21,217500,KOSDAQ,러셀,51853560000,31812000,벤처기업부
2026-08-21,038390,KOSDAQ,레드캡투어,165034513140,16720822,우량기업부
2026-08-21,387690,KOSDAQ,레메디,100431667470,7625791,기술성장기업부
2026-08-21,294140,KOSDAQ,레몬,57553229580,24914818,관리종목(소속부없음)
2026-08-21,365660,KOSDAQ,레몬헬스케어,69699795620,13455559,기술성장기업부
2026-08-21,443250,KOSDAQ,레뷰코퍼레이션,63886018470,10809817,벤처기업부
2026-08-21,228670,KOSDAQ,레이,70849295130,15640021,벤처기업부
2026-08-21,228850,KOSDAQ,레이언스,127750807800,16591014,우량기업부
2026-08-21,412350,KOSDAQ,레이저쎌,58631217645,14603043,기술성장기업부
2026-08-21,199550,KOSDAQ,레이저옵텍,45576578370,14845791,벤처기업부
2026-08-21,281740,KOSDAQ,레이크머티리얼즈,759845134880,65730548,우량기업부
2026-08-21,277810,KOSDAQ,레인보우로보틱스,8807535532000,19399858,기술성장기업부
2026-08-21,215100,KOSDAQ,로보로보,82207754160,20348454,벤처기업부
2026-08-21,090360,KOSDAQ,로보스타,762450000000,9750000,중견기업부
2026-08-21,108490,KOSDAQ,로보티즈,3723901112000,14661028,기술성장기업부
2026-08-21,900260,KOSDAQ,로스웰,75258569310,46029706,외국기업(소속부없음)
2026-08-21,033290,KOSDAQ,로젠,84178295199,56156301,우량기업부
2026-08-21,067730,KOSDAQ,로지시스,21282628400,9673922,중견기업부
2026-08-21,071280,KOSDAQ,로체시스템즈,100804613770,15296603,우량기업부
2026-08-21,376900,KOSDAQ,로킷헬스케어,474403152500,17409290,기술성장기업부
2026-08-21,214610,KOSDAQ,롤링스톤,19197807380,8383322,관리종목(소속부없음)
2026-08-21,328130,KOSDAQ,루닛,685759837800,74458180,기술성장기업부
2026-08-21,038060,KOSDAQ,루멘스,40262268753,48103069,중견기업부
2026-08-21,474170,KOSDAQ,루미르,108687945600,17817696,기술성장기업부
2026-08-21,195990,KOSDAQ,루트K,21695448168,16287874,관리종목(소속부없음)
2026-08-21,141080,KOSDAQ,리가켐바이오,3701941800000,37019418,기술성장기업부
2026-08-21,058470,KOSDAQ,리노공업,5007118545000,76211850,우량기업부
2026-08-21,016100,KOSDAQ,리더스코스메틱,21125588764,19100894,중견기업부
2026-08-21,012700,KOSDAQ,리드코프,78584556000,26194852,우량기업부
2026-08-21,302550,KOSDAQ,리메드,83912912250,30907150,기술성장기업부
2026-08-21,491000,KOSDAQ,리브스메드,844788814950,25255271,기술성장기업부
2026-08-21,394420,KOSDAQ,리센스메디컬,137276268480,10999701,기술성장기업부
2026-08-21,073570,KOSDAQ,리튬포어스,19199538160,12037328,관리종목(소속부없음)
2026-08-21,377450,KOSDAQ,리파인,280746000000,17330000,우량기업부
2026-08-21,277070,KOSDAQ,린드먼아시아,47511240000,13692000,중견기업부
2026-08-21,042500,KOSDAQ,링네트,95406096320,22291144,우량기업부
2026-08-21,193250,KOSDAQ,링크드,29411652600,13368933,중견기업부
2026-08-21,474650,KOSDAQ,링크솔루션,131146329600,5752032,기술성장기업부
2026-08-21,219420,KOSDAQ,링크제니시스,37849373100,11469507,기술성장기업부
2026-08-21,439090,KOSDAQ,마녀공장,288849241200,16393260,우량기업부
2026-08-21,195500,KOSDAQ,마니커에프앤지,26443590000,15978000,중견기업부
2026-08-21,377480,KOSDAQ,마음AI,72169291250,7110275,기술성장기업부
2026-08-21,305090,KOSDAQ,마이크로디지탈,28274749672,18749834,기술성장기업부
2026-08-21,098120,KOSDAQ,마이크로컨텍솔,330848086800,8312766,우량기업부
2026-08-21,424980,KOSDAQ,마이크로투나노,41846552300,5918890,기술성장기업부
2026-08-21,038290,KOSDAQ,마크로젠,135517500000,10841400,중견기업부
2026-08-21,477850,KOSDAQ,마키나락스,489142976800,17754736,기술성장기업부
2026-08-21,0039P0,KOSDAQ,매드업,146321572000,18807400,기술성장기업부
2026-08-21,267980,KOSDAQ,매일유업,260563692000,7663638,우량기업부
2026-08-21,005990,KOSDAQ,매일홀딩스,141626937600,13298304,우량기업부
2026-08-21,093520,KOSDAQ,매커스,305877210900,11901837,우량기업부
2026-08-21,100590,KOSDAQ,머큐리,60845384750,17139545,중견기업부
2026-08-21,067280,KOSDAQ,멀티캠퍼스,139279306500,5926779,우량기업부
2026-08-21,072870,KOSDAQ,메가스터디,155926143720,11920959,우량기업부
2026-08-21,215200,KOSDAQ,메가스터디교육,370038211200,10365216,우량기업부
2026-08-21,133750,KOSDAQ,메가엠디,34408403190,23407077,중견기업부
2026-08-21,446540,KOSDAQ,메가터치,198319537020,29079111,중견기업부
2026-08-21,235980,KOSDAQ,메드팩토,87401558550,34275121,기술성장기업부
2026-08-21,041920,KOSDAQ,메디아나,162176504560,18598223,우량기업부
2026-08-21,014100,KOSDAQ,메디앙스,20343200000,11800000,중견기업부
2026-08-21,054180,KOSDAQ,메디콕스,12686716395,5527981,관리종목(소속부없음)
2026-08-21,086900,KOSDAQ,메디톡스,491918697800,7298497,우량기업부
2026-08-21,078160,KOSDAQ,메디포스트,338335723890,39204603,벤처기업부
2026-08-21,0088D0,KOSDAQ,메리츠제1호스팩,11879750000,5795000,SPAC(소속부없음)
2026-08-21,0165X0,KOSDAQ,메리츠제2호스팩,14110760000,7240000,SPAC(소속부없음)
2026-08-21,408920,KOSDAQ,메쎄이상,134885259600,43232455,우량기업부
2026-08-21,021880,KOSDAQ,메이슨캐피탈,26735234400,21218440,중견기업부
2026-08-21,0088M0,KOSDAQ,메쥬,119075087500,9881750,기술성장기업부
2026-08-21,140410,KOSDAQ,메지온,1922056423200,30605994,투자주의환기종목(소속부없음)
2026-08-21,241770,KOSDAQ,메카로,380185472000,10192640,우량기업부
2026-08-21,059210,KOSDAQ,메타바이오메드,104610063250,27171445,우량기업부
2026-08-21,058110,KOSDAQ,멕아이씨에스,26964890400,16050530,기술성장기업부
2026-08-21,072770,KOSDAQ,멤레이비티,36862743024,41512098,중견기업부
2026-08-21,434480,KOSDAQ,모니터랩,31268162000,12310300,기술성장기업부
2026-08-21,080420,KOSDAQ,모다이노칩,131221789812,79721622,중견기업부
2026-08-21,417970,KOSDAQ,모델솔루션,66909482000,6396700,우량기업부
2026-08-21,080160,KOSDAQ,모두투어,164997000000,18900000,우량기업부
2026-08-21,087260,KOSDAQ,모바일어플라이언스,8040556667,32552861,투자주의환기종목(소속부없음)
2026-08-21,101330,KOSDAQ,모베이스,76500930845,23147029,중견기업부
2026-08-21,012860,KOSDAQ,모베이스전자,164775278250,73233457,우량기업부
2026-08-21,363260,KOSDAQ,모비데이즈,29462012404,32163769,벤처기업부
2026-08-21,348030,KOSDAQ,모비릭스,30107913000,9603800,중견기업부
2026-08-21,250060,KOSDAQ,모비스,88149400360,32171314,기술성장기업부
2026-08-21,288980,KOSDAQ,모아데이타,14370644705,36381379,관리종목(소속부없음)
2026-08-21,142760,KOSDAQ,모아라이프플러스,14716276020,42166980,기술성장기업부
2026-08-21,033200,KOSDAQ,모아텍,23333481015,9204529,투자주의환기종목(소속부없음)
2026-08-21,118990,KOSDAQ,모트렉스,134955540500,24537371,우량기업부
2026-08-21,463480,KOSDAQ,모티브링크,48941914100,12390358,중견기업부
2026-08-21,006920,KOSDAQ,모헨즈,35053200000,10920000,중견기업부
2026-08-21,001810,KOSDAQ,무림SP,26343625000,22137500,중견기업부
2026-08-21,279600,KOSDAQ,미디어젠,17427385320,4684781,벤처기업부
2026-08-21,095500,KOSDAQ,미래나노텍,209627593240,31009999,우량기업부
2026-08-21,254490,KOSDAQ,미래반도체,221045780000,14438000,우량기업부
2026-08-21,218150,KOSDAQ,미래생명자원,42158631130,20415802,벤처기업부
2026-08-21,100790,KOSDAQ,미래에셋벤처투자,770248381000,53120578,우량기업부
2026-08-21,0097F0,KOSDAQ,미래에셋비전스팩10호,12863500000,6500000,SPAC(소속부없음)
2026-08-21,0099W0,KOSDAQ,미래에셋비전스팩11호,13881000000,7000000,SPAC(소속부없음)
2026-08-21,477380,KOSDAQ,미래에셋비전스팩4호,16726500000,8100000,SPAC(소속부없음)
2026-08-21,477470,KOSDAQ,미래에셋비전스팩5호,11288800000,5480000,SPAC(소속부없음)
2026-08-21,478440,KOSDAQ,미래에셋비전스팩6호,14275800000,6930000,SPAC(소속부없음)
2026-08-21,482680,KOSDAQ,미래에셋비전스팩7호,16881825000,8215000,SPAC(소속부없음)
2026-08-21,0093G0,KOSDAQ,미래에셋비전스팩8호,12704000000,6400000,SPAC(소속부없음)
2026-08-21,0096D0,KOSDAQ,미래에셋비전스팩9호,10868000000,5500000,SPAC(소속부없음)
2026-08-21,049950,KOSDAQ,미래컴퍼니,97525797040,8817884,중견기업부
2026-08-21,207760,KOSDAQ,미스터블루,31902636672,83079783,중견기업부
2026-08-21,059090,KOSDAQ,미코,576439420500,33416778,벤처기업부
2026-08-21,201490,KOSDAQ,미투온,74937332540,32723726,중견기업부
2026-08-21,475460,KOSDAQ,미트박스,33653289000,5646525,벤처기업부
2026-08-21,452200,KOSDAQ,민테크,37010188800,24332800,기술성장기업부
2026-08-21,206640,KOSDAQ,바디텍메드,220174606050,21907921,우량기업부
2026-08-21,035620,KOSDAQ,바른손이앤에이,13510800468,18609918,관리종목(소속부없음)
2026-08-21,053030,KOSDAQ,바이넥스,218003533960,32684188,중견기업부
2026-08-21,301300,KOSDAQ,바이브컴퍼니,26269959864,13154712,기술성장기업부
2026-08-21,064550,KOSDAQ,바이오니아,233066927730,25810291,중견기업부
2026-08-21,314930,KOSDAQ,바이오다인,218170874990,29764103,기술성장기업부
2026-08-21,489460,KOSDAQ,바이오비쥬,163023821350,14753287,벤처기업부
2026-08-21,086820,KOSDAQ,바이오솔루션,174469092050,25924085,기술성장기업부
2026-08-21,038460,KOSDAQ,바이오스마트,66977536300,25274542,우량기업부
2026-08-21,251120,KOSDAQ,바이오에프디엔씨,75652590000,8695700,기술성장기업부
2026-08-21,199730,KOSDAQ,바이오인프라,7520311382,4864367,관리종목(소속부없음)
2026-08-21,086040,KOSDAQ,바이오톡스텍,37262506745,15958247,벤처기업부
2026-08-21,188040,KOSDAQ,바이오포트,23349746920,4679308,벤처기업부
2026-08-21,099430,KOSDAQ,바이오플러스,208037436750,61640722,우량기업부
2026-08-21,308080,KOSDAQ,바이젠셀,110696004000,20499260,기술성장기업부
2026-08-21,043150,KOSDAQ,바텍,282527949120,14854256,우량기업부
2026-08-21,323990,KOSDAQ,박셀바이오,93261953450,23257345,기술성장기업부
2026-08-21,267790,KOSDAQ,배럴,25643845515,7689309,중견기업부
2026-08-21,046310,KOSDAQ,백금T&A,38501713145,16418641,우량기업부
2026-08-21,331520,KOSDAQ,밸로프,24846006510,9801186,중견기업부
2026-08-21,199480,KOSDAQ,뱅크웨어글로벌,36605750920,10196588,기술성장기업부
2026-08-21,438700,KOSDAQ,버넥트,18968602780,11144890,기술성장기업부
2026-08-21,066410,KOSDAQ,버킷스튜디오,159637252154,138453818,투자주의환기종목(소속부없음)
2026-08-21,382900,KOSDAQ,범한퓨얼셀,141402540000,8761000,벤처기업부
2026-08-21,206400,KOSDAQ,베노티앤알,35559629784,37510158,중견기업부
2026-08-21,019010,KOSDAQ,베뉴지,249676000000,48200000,중견기업부
2026-08-21,177350,KOSDAQ,베셀,15905025004,9915851,투자주의환기종목(소속부없음)
2026-08-21,457600,KOSDAQ,벡트,67303825000,13707500,벤처기업부
2026-08-21,424760,KOSDAQ,벨로크,20108736000,10054368,벤처기업부
2026-08-21,250000,KOSDAQ,보라티알,39559295380,6750733,우량기업부
2026-08-21,310210,KOSDAQ,보로노이,2805194445300,18443093,기술성장기업부
2026-08-21,006910,KOSDAQ,보성파워텍,324256838400,49129824,우량기업부
2026-08-21,0010F0,KOSDAQ,보원케미칼,25017384245,11143601,벤처기업부
2026-08-21,226340,KOSDAQ,본느,42036324840,8390484,관리종목(소속부없음)
2026-08-21,014470,KOSDAQ,부방,57950430900,60052260,벤처기업부
2026-08-21,008470,KOSDAQ,부스타,29080608000,16809600,벤처기업부
2026-08-21,338220,KOSDAQ,뷰노,100953143830,14001823,기술성장기업부
2026-08-21,100120,KOSDAQ,뷰웍스,239536673700,8971411,우량기업부
2026-08-21,406820,KOSDAQ,뷰티스킨,26618383631,14136157,벤처기업부
2026-08-21,099390,KOSDAQ,브레인즈컴퍼니,30781061250,8208283,벤처기업부
2026-08-21,064480,KOSDAQ,브리지텍,35558687500,11952500,벤처기업부
2026-08-21,365900,KOSDAQ,브이씨,18348853000,7310300,벤처기업부
2026-08-21,089970,KOSDAQ,브이엠,1529585046500,26326765,우량기업부
2026-08-21,251630,KOSDAQ,브이원텍,55640672140,15942886,벤처기업부
2026-08-21,018290,KOSDAQ,브이티,430483444160,34941838,우량기업부
2026-08-21,478560,KOSDAQ,블랙야크아이앤씨,70904168010,25830298,벤처기업부
2026-08-21,439580,KOSDAQ,블루엠텍,58385293575,33846547,기술성장기업부
2026-08-21,033560,KOSDAQ,블루콤,73530000000,17100000,중견기업부
2026-08-21,369370,KOSDAQ,블리츠웨이엔터테인먼트,37403932500,9974382,벤처기업부
2026-08-21,126340,KOSDAQ,비나텍,445903709400,7180414,벤처기업부
2026-08-21,121800,KOSDAQ,비덴트,256309348520,77201611,관리종목(소속부없음)
2026-08-21,082800,KOSDAQ,비보존 제약,192481341220,60719666,중견기업부
2026-08-21,318410,KOSDAQ,비비씨,36664603800,5555243,중견기업부
2026-08-21,419540,KOSDAQ,비스토스,22343448750,5958253,벤처기업부
2026-08-21,146320,KOSDAQ,비씨엔씨,123883894640,12797923,벤처기업부
2026-08-21,200780,KOSDAQ,비씨월드제약,32210296220,10665661,중견기업부
2026-08-21,413640,KOSDAQ,비아이매트릭스,40719211000,7206940,벤처기업부
2026-08-21,141000,KOSDAQ,비아트론,102975035000,12114710,벤처기업부
2026-08-21,083650,KOSDAQ,비에이치아이,1748357187500,30944375,우량기업부
2026-08-21,0068Y0,KOSDAQ,비엔케이제3호스팩,8559660000,4310000,SPAC(소속부없음)
2026-08-21,065170,KOSDAQ,비엘팜텍,54069017041,27913793,투자주의환기종목(소속부없음)
2026-08-21,086670,KOSDAQ,비엠티,149483828100,9925885,우량기업부
2026-08-21,488900,KOSDAQ,비츠로넥스텍,269770684330,28976443,기술성장기업부
2026-08-21,082920,KOSDAQ,비츠로셀,1376754048500,45139477,우량기업부
2026-08-21,054220,KOSDAQ,비츠로시스,20484932232,12590616,벤처기업부
2026-08-21,042370,KOSDAQ,비츠로테크,210910201250,26200025,우량기업부
2026-08-21,050090,KOSDAQ,비케이홀딩스,17321564960,23534735,관리종목(소속부없음)
2026-08-21,148780,KOSDAQ,비큐AI,23772968100,6289145,기술성장기업부
2026-08-21,307870,KOSDAQ,비투엔,73556292150,74299285,벤처기업부
2026-08-21,377030,KOSDAQ,비트맥스,24410227016,14291702,관리종목(소속부없음)
2026-08-21,032850,KOSDAQ,비트컴퓨터,66077589675,16623293,벤처기업부
2026-08-21,049470,KOSDAQ,비트플래닛,54977339165,23544899,중견기업부
2026-08-21,238200,KOSDAQ,비피도,22331400000,8180000,벤처기업부
2026-08-21,093190,KOSDAQ,빅솔론,156027519550,19238905,우량기업부
2026-08-21,065450,KOSDAQ,빅텍,86275223775,29495803,벤처기업부
2026-08-21,044480,KOSDAQ,빌리언스,27265751120,33250916,중견기업부
2026-08-21,069540,KOSDAQ,빛과전자,288491256320,112691897,벤처기업부
2026-08-21,072950,KOSDAQ,빛샘전자,68688763300,8052610,벤처기업부
2026-08-21,451250,KOSDAQ,삐아,75773748570,10225877,벤처기업부
2026-08-21,143240,KOSDAQ,사람인,181705135830,10732731,우량기업부
2026-08-21,466410,KOSDAQ,사이냅소프트,42260622970,5037023,벤처기업부
2026-08-21,223310,KOSDAQ,사토시홀딩스,15952227730,5204642,투자주의환기종목(소속부없음)
2026-08-21,452430,KOSDAQ,사피엔반도체,205972753950,8255421,기술성장기업부
2026-08-21,419120,KOSDAQ,산돌,33282028260,14223089,중견기업부
2026-08-21,122350,KOSDAQ,삼기,56473977444,38339428,중견기업부
2026-08-21,419050,KOSDAQ,삼기에너지솔루션즈,90541647920,57196240,중견기업부
2026-08-21,014970,KOSDAQ,삼륭물산,64340500000,14825000,중견기업부
2026-08-21,018310,KOSDAQ,삼목에스폼,198597000000,14700000,우량기업부
2026-08-21,012210,KOSDAQ,삼미금속,173117358290,23051579,중견기업부
2026-08-21,053700,KOSDAQ,삼보모터스,107263764355,26715757,우량기업부
2026-08-21,009620,KOSDAQ,삼보산업,15463647480,17473048,투자주의환기종목(소속부없음)
2026-08-21,023600,KOSDAQ,삼보판지,147756609000,16008300,우량기업부
2026-08-21,0044K0,KOSDAQ,삼성스팩10호,14957280000,7520000,SPAC(소속부없음)
2026-08-21,0071M0,KOSDAQ,삼성스팩11호,11433600000,5760000,SPAC(소속부없음)
2026-08-21,0096B0,KOSDAQ,삼성스팩12호,12982340000,6580000,SPAC(소속부없음)
2026-08-21,0115H0,KOSDAQ,삼성스팩13호,14611800000,7350000,SPAC(소속부없음)
2026-08-21,009300,KOSDAQ,삼아제약,87205300000,6370000,우량기업부
2026-08-21,482630,KOSDAQ,삼양엔씨켐,285423171200,21888280,중견기업부
2026-08-21,484590,KOSDAQ,삼양컴텍,245614282000,41210450,벤처기업부
2026-08-21,036670,KOSDAQ,삼양케이씨아이,55199826000,10760200,우량기업부
2026-08-21,361670,KOSDAQ,삼영에스앤씨,20516921960,5667658,기술성장기업부
2026-08-21,054540,KOSDAQ,삼영엠텍,80600000000,13000000,우량기업부
2026-08-21,065570,KOSDAQ,삼영이엔씨,12295692232,16093838,관리종목(소속부없음)
2026-08-21,014950,KOSDAQ,삼익제약,49582870900,10067588,벤처기업부
2026-08-21,032280,KOSDAQ,삼일,22018055220,16213590,중견기업부
2026-08-21,002290,KOSDAQ,삼일기업공사,40920000000,12400000,우량기업부
2026-08-21,037460,KOSDAQ,삼지전자,519744925700,16318522,우량기업부
2026-08-21,032750,KOSDAQ,삼진,26009631360,9031122,우량기업부
2026-08-21,0013V0,KOSDAQ,삼진식품,51081078400,9918656,중견기업부
2026-08-21,054090,KOSDAQ,삼진엘앤디,23861025792,24959232,중견기업부
2026-08-21,000250,KOSDAQ,삼천당제약,3957275526400,23457472,중견기업부
2026-08-21,024950,KOSDAQ,삼천리자전거,55986000000,12400000,중견기업부
2026-08-21,038500,KOSDAQ,삼표시멘트,775918240140,107916306,우량기업부
2026-08-21,437730,KOSDAQ,삼현,1051105846050,31707567,기술성장기업부
2026-08-21,017480,KOSDAQ,삼현철강,74280300900,15442890,우량기업부
2026-08-21,046390,KOSDAQ,삼화네트웍스,34797383595,17269173,중견기업부
2026-08-21,027580,KOSDAQ,상보,19340440670,11836255,중견기업부
2026-08-21,038540,KOSDAQ,상상인,108609478419,55328313,중견기업부
2026-08-21,091580,KOSDAQ,상신이디피,227246133950,13328219,우량기업부
2026-08-21,263810,KOSDAQ,상신전자,40289807250,15924825,중견기업부
2026-08-21,089980,KOSDAQ,상아프론테크,222727285410,15989037,우량기업부
2026-08-21,042940,KOSDAQ,상지건설,40767410640,6828712,중견기업부
2026-08-21,042600,KOSDAQ,새로닉스,136162371040,12423574,중견기업부
2026-08-21,107600,KOSDAQ,새빗켐,87745338620,5650054,벤처기업부
2026-08-21,411080,KOSDAQ,샌즈랩,60612522860,15267638,기술성장기업부
2026-08-21,252990,KOSDAQ,샘씨엔에스,775606410320,60217889,우량기업부
2026-08-21,378800,KOSDAQ,샤페론,21641738508,46243031,관리종목(소속부없음)
2026-08-21,294630,KOSDAQ,서남,68500377715,26499179,기술성장기업부
2026-08-21,038070,KOSDAQ,서린바이오,39341859480,9300676,중견기업부
2026-08-21,006730,KOSDAQ,서부T&D,655624614600,64276923,우량기업부
2026-08-21,079650,KOSDAQ,서산,98000000000,20000000,중견기업부
2026-08-21,100660,KOSDAQ,서암기계공업,37611000000,12600000,중견기업부
2026-08-21,019770,KOSDAQ,서연탑메탈,38678000000,11650000,우량기업부
2026-08-21,092190,KOSDAQ,서울바이오시스,390339939330,45868383,투자주의환기종목(소속부없음)
2026-08-21,046890,KOSDAQ,서울반도체,545155490000,58305400,중견기업부
2026-08-21,063170,KOSDAQ,서울옥션,96158784470,17774267,중견기업부
2026-08-21,027040,KOSDAQ,서울전자통신,26624692097,13917769,중견기업부
2026-08-21,018680,KOSDAQ,서울제약,23225363448,11659319,벤처기업부
2026-08-21,036120,KOSDAQ,서울평가정보,55177650000,35145000,중견기업부
2026-08-21,093920,KOSDAQ,서원인텍,89187000000,18600000,우량기업부
2026-08-21,189860,KOSDAQ,서전기전,39571022400,9698780,벤처기업부
2026-08-21,178320,KOSDAQ,서진시스템,2307339216250,63650737,중견기업부
2026-08-21,122690,KOSDAQ,서진오토모티브,40619332160,23079166,중견기업부
2026-08-21,140070,KOSDAQ,서플러스글로벌,67503100000,36988000,벤처기업부
2026-08-21,011370,KOSDAQ,서한,79000679295,100894865,우량기업부
2026-08-21,065710,KOSDAQ,서호전기,225827500000,5150000,우량기업부
2026-08-21,035890,KOSDAQ,서희건설,444239467040,207588536,중견기업부
2026-08-21,357550,KOSDAQ,석경에이티,180560500000,5455000,기술성장기업부
2026-08-21,003100,KOSDAQ,선광,135960000000,6600000,우량기업부
2026-08-21,067370,KOSDAQ,선바이오,73283046000,12213841,기술성장기업부
2026-08-21,171090,KOSDAQ,선익시스템,657282927400,10127626,우량기업부
2026-08-21,086710,KOSDAQ,선진뷰티사이언스,95063551200,12203280,우량기업부
2026-08-21,014620,KOSDAQ,성광벤드,609491503800,26557364,우량기업부
2026-08-21,037350,KOSDAQ,성도이엔지,110576700000,15210000,우량기업부
2026-08-21,458650,KOSDAQ,성우,112090241500,15045670,벤처기업부
2026-08-21,081580,KOSDAQ,성우전자,34505618175,15508143,중견기업부
2026-08-21,045300,KOSDAQ,성우테크론,26420265060,10547012,중견기업부
2026-08-21,015750,KOSDAQ,성우하이텍,472800000000,80000000,우량기업부
2026-08-21,340930,KOSDAQ,성원에너텍,55513882710,68875785,관리종목(소속부없음)
2026-08-21,365340,KOSDAQ,성일하이텍,425104683500,12921115,기술성장기업부
2026-08-21,080470,KOSDAQ,성창오토텍,20951000000,7300000,벤처기업부
2026-08-21,043260,KOSDAQ,성호전자,1330615962240,73433552,우량기업부
2026-08-21,148150,KOSDAQ,세경하이테크,120845581200,35542818,우량기업부
2026-08-21,061090,KOSDAQ,세나테크놀로지,226356570000,5467550,벤처기업부
2026-08-21,188260,KOSDAQ,세니젠,27941649180,13901318,투자주의환기종목(소속부없음)
2026-08-21,053060,KOSDAQ,세동,23872830488,17657419,중견기업부
2026-08-21,340440,KOSDAQ,세림B&G,21085124452,28378364,벤처기업부
2026-08-21,017510,KOSDAQ,세명전기,107026920000,15246000,벤처기업부
2026-08-21,0017J0,KOSDAQ,세미티에스,81820931445,30136623,벤처기업부
2026-08-21,490470,KOSDAQ,세미파이브,482140484800,34025440,기술성장기업부
2026-08-21,011560,KOSDAQ,세보엠이씨,217833235200,10084872,우량기업부
2026-08-21,396300,KOSDAQ,세아메카닉스,114434640000,26489500,우량기업부
2026-08-21,100700,KOSDAQ,세운메디칼,101835000000,43800000,우량기업부
2026-08-21,024830,KOSDAQ,세원물산,75150000000,8350000,중견기업부
2026-08-21,258830,KOSDAQ,세종메디칼,31223976612,75786351,관리종목(소속부없음)
2026-08-21,036630,KOSDAQ,세종텔레콤,112560000000,14000000,우량기업부
2026-08-21,039310,KOSDAQ,세중,25950227144,18121667,중견기업부
2026-08-21,067770,KOSDAQ,세진티에스,21831141800,8396593,관리종목(소속부없음)
2026-08-21,053450,KOSDAQ,세코닉스,44970121120,14792803,우량기업부
2026-08-21,252500,KOSDAQ,세화피앤씨,20701708610,41486390,중견기업부
2026-08-21,321370,KOSDAQ,센서뷰,67939351390,51664906,기술성장기업부
2026-08-21,347000,KOSDAQ,센코,69193848180,37810846,기술성장기업부
2026-08-21,331920,KOSDAQ,셀레믹스,96161373000,11181555,기술성장기업부
2026-08-21,352770,KOSDAQ,셀레스트라,13610136750,2592407,관리종목(소속부없음)
2026-08-21,471820,KOSDAQ,셀로맥스사이언스,46341803900,11302879,벤처기업부
2026-08-21,049180,KOSDAQ,셀루메드,83975227728,83226192,투자주의환기종목(소속부없음)
2026-08-21,299660,KOSDAQ,셀리드,51866233566,29502977,기술성장기업부
2026-08-21,108860,KOSDAQ,셀바스AI,252729878100,26914790,벤처기업부
2026-08-21,208370,KOSDAQ,셀바스헬스케어,61519947960,25740564,벤처기업부
2026-08-21,318160,KOSDAQ,셀바이오휴먼텍,55184701830,9337513,벤처기업부
2026-08-21,308430,KOSDAQ,셀비온,165058160290,12905251,기술성장기업부
2026-08-21,068760,KOSDAQ,셀트리온제약,1844916894600,44402332,우량기업부
2026-08-21,068940,KOSDAQ,셀피글로벌,35720093048,45912716,관리종목(소속부없음)
2026-08-21,007720,KOSDAQ,소노스퀘어,30159494640,20160090,중견기업부
2026-08-21,950200,KOSDAQ,소마젠,78002194915,19236053,외국기업(소속부없음)
2026-08-21,032680,KOSDAQ,소프트센,20897592762,20855881,중견기업부
2026-08-21,032685,KOSDAQ,소프트센우,660098500,71362,중견기업부
2026-08-21,258790,KOSDAQ,소프트캠프,21842378720,4998256,벤처기업부
2026-08-21,066910,KOSDAQ,손오공,29249987432,15386632,중견기업부
2026-08-21,215090,KOSDAQ,솔디펜스,29546623436,23155661,벤처기업부
2026-08-21,035610,KOSDAQ,솔본,128526185900,27345997,투자주의환기종목(소속부없음)
2026-08-21,357780,KOSDAQ,솔브레인,2535812516000,7778566,우량기업부
2026-08-21,036830,KOSDAQ,솔브레인홀딩스,778126078950,20503981,우량기업부
2026-08-21,304100,KOSDAQ,솔트룩스,193567551350,12593855,기술성장기업부
2026-08-21,328380,KOSDAQ,솔트웨어,25834132350,6852555,벤처기업부
2026-08-21,086980,KOSDAQ,쇼박스,122815546000,62438000,중견기업부
2026-08-21,050960,KOSDAQ,수산아이앤티,60286430000,6751000,벤처기업부
2026-08-21,084180,KOSDAQ,수성웹툰,11567541120,18074283,관리종목(소속부없음)
2026-08-21,253840,KOSDAQ,수젠텍,65717060000,16743200,중견기업부
2026-08-21,298830,KOSDAQ,슈어소프트테크,221318185860,53458499,우량기업부
2026-08-21,236200,KOSDAQ,슈프리마,391258847100,6974311,우량기업부
2026-08-21,094840,KOSDAQ,슈프리마에이치큐,126989111550,9806109,벤처기업부
2026-08-21,192440,KOSDAQ,슈피겐코리아,173436527700,6216363,우량기업부
2026-08-21,424960,KOSDAQ,스마트레이더시스템,61819162500,16485110,기술성장기업부
2026-08-21,099440,KOSDAQ,스맥,264101934780,68243394,중견기업부
2026-08-21,066590,KOSDAQ,스모트로닉,101529584625,38677937,중견기업부
2026-08-21,276040,KOSDAQ,스코넥,7073119545,21630335,관리종목(소속부없음)
2026-08-21,115570,KOSDAQ,스타플렉스,19562044600,7984508,중견기업부
2026-08-21,330730,KOSDAQ,스톤브릿지벤처스,89176277850,18217830,벤처기업부
2026-08-21,352090,KOSDAQ,스톰테크,95936602860,26872998,우량기업부
2026-08-21,253450,KOSDAQ,스튜디오드래곤,635737232700,30058498,우량기업부
2026-08-21,408900,KOSDAQ,스튜디오미르,32785681929,32752929,중견기업부
2026-08-21,415380,KOSDAQ,스튜디오삼익,22027726875,11442975,중견기업부
2026-08-21,475040,KOSDAQ,스트라드비젼,168301470940,53770438,기술성장기업부
2026-08-21,013810,KOSDAQ,스페코,22584079270,14655470,중견기업부
2026-08-21,347700,KOSDAQ,스피어,1208879438900,51551362,기술성장기업부
2026-08-21,049830,KOSDAQ,승일,40165333600,6132112,중견기업부
2026-08-21,020710,KOSDAQ,시공테크,68463817550,20047970,우량기업부
2026-08-21,033170,KOSDAQ,시그네틱스,29147628460,85728319,중견기업부
2026-08-21,048870,KOSDAQ,시너지이노베이션,142557066134,88106963,중견기업부
2026-08-21,025320,KOSDAQ,시노펙스,362659252555,92162453,우량기업부
2026-08-21,340810,KOSDAQ,시선AI,49667712640,13644976,기술성장기업부
2026-08-21,269620,KOSDAQ,시스웍,594330764,148582691,관리종목(소속부없음)
2026-08-21,056090,KOSDAQ,시지메드텍,107492656476,103259036,벤처기업부
2026-08-21,429270,KOSDAQ,시지트로닉스,21088985370,6449231,기술성장기업부
2026-08-21,418250,KOSDAQ,시큐레터,47629012750,7271605,관리종목(소속부없음)
2026-08-21,131090,KOSDAQ,시큐브,31475288310,7658221,벤처기업부
2026-08-21,290520,KOSDAQ,신도기연,24312373380,15736164,벤처기업부
2026-08-21,001000,KOSDAQ,신라섬유,11216223480,24277540,관리종목(소속부없음)
2026-08-21,025870,KOSDAQ,신라에스지,8960000000,4000000,관리종목(소속부없음)
2026-08-21,215600,KOSDAQ,신라젠,306896144260,138553564,중견기업부
2026-08-21,065350,KOSDAQ,신성델타테크,766802149200,27483948,우량기업부
2026-08-21,416180,KOSDAQ,신성에스티,197971138200,9039778,벤처기업부
2026-08-21,162300,KOSDAQ,신스틸,67183638840,41471382,우량기업부
2026-08-21,002800,KOSDAQ,신신제약,66295085000,15170500,우량기업부
2026-08-21,472220,KOSDAQ,신영스팩10호,9895900000,4690000,관리종목(소속부없음)
2026-08-21,0091W0,KOSDAQ,신영스팩11호,12196680000,6068000,SPAC(소속부없음)
2026-08-21,017000,KOSDAQ,신원종합개발,27419863450,11668027,우량기업부
2026-08-21,012790,KOSDAQ,신일제약,69760935300,11986415,우량기업부
2026-08-21,138070,KOSDAQ,신진에스엠,26972437364,17503204,중견기업부
2026-08-21,226330,KOSDAQ,신테카바이오,30129025950,24258475,투자주의환기종목(소속부없음)
2026-08-21,474660,KOSDAQ,신한제12호스팩,11509200000,5520000,SPAC(소속부없음)
2026-08-21,474930,KOSDAQ,신한제13호스팩,7529600000,3620000,SPAC(소속부없음)
2026-08-21,487360,KOSDAQ,신한제14호스팩,11421000000,5640000,SPAC(소속부없음)
2026-08-21,487830,KOSDAQ,신한제15호스팩,8808750000,4350000,SPAC(소속부없음)
2026-08-21,496070,KOSDAQ,신한제16호스팩,11200660000,5620000,SPAC(소속부없음)
2026-08-21,0130D0,KOSDAQ,신한제17호스팩,10541160000,5340000,SPAC(소속부없음)
2026-08-21,0129K0,KOSDAQ,신한제18호스팩,11043300000,5620000,SPAC(소속부없음)
2026-08-21,056700,KOSDAQ,신화인터텍,41051343219,29135091,중견기업부
2026-08-21,187270,KOSDAQ,신화콘텍,31192323375,10143845,벤처기업부
2026-08-21,095190,KOSDAQ,신화프리텍,119296124536,65260462,중견기업부
2026-08-21,243840,KOSDAQ,신흥에스이씨,186814648575,38558235,우량기업부
2026-08-21,257720,KOSDAQ,실리콘투,3124708407800,65576252,우량기업부
2026-08-21,222800,KOSDAQ,심텍,3735153920700,37463931,중견기업부
2026-08-21,036710,KOSDAQ,심텍홀딩스,199688910120,52827754,중견기업부
2026-08-21,444530,KOSDAQ,심플랫폼,27978269100,6431786,기술성장기업부
2026-08-21,234030,KOSDAQ,싸이닉솔루션,70815000000,23605000,중견기업부
2026-08-21,160980,KOSDAQ,싸이맥스,278568196500,10924243,우량기업부
2026-08-21,356890,KOSDAQ,싸이버원,26657029750,11953825,벤처기업부
2026-08-21,217330,KOSDAQ,싸이토젠,72973720785,23129547,기술성장기업부
2026-08-21,208640,KOSDAQ,썸에이지,9635425300,13924025,관리종목(소속부없음)
2026-08-21,222420,KOSDAQ,쎄노텍,43673507746,48418523,벤처기업부
2026-08-21,037760,KOSDAQ,쎄니트,80860681190,33832921,중견기업부
2026-08-21,081180,KOSDAQ,쎄크,43907036625,8825535,기술성장기업부
2026-08-21,099320,KOSDAQ,쎄트렉아이,760018693200,10951278,우량기업부
2026-08-21,049960,KOSDAQ,쎌바이오텍,140624000000,9400000,벤처기업부
2026-08-21,088280,KOSDAQ,쏘닉스,40064524350,17306490,기술성장기업부
2026-08-21,050890,KOSDAQ,쏠리드,549239067360,60756534,우량기업부
2026-08-21,394800,KOSDAQ,쓰리빌리언,172478237260,31822553,기술성장기업부
2026-08-21,177900,KOSDAQ,쓰리에이로직스,37451364000,9627600,기술성장기업부
2026-08-21,475400,KOSDAQ,씨메스로보틱스,216538435960,11806894,기술성장기업부
2026-08-21,109670,KOSDAQ,씨싸이트,23754970140,5836602,중견기업부
2026-08-21,066790,KOSDAQ,씨씨에스,97355245995,44152039,관리종목(소속부없음)
2026-08-21,352480,KOSDAQ,씨앤씨인터내셔널,291679881400,13629901,우량기업부
2026-08-21,264660,KOSDAQ,씨앤지하이테크,128125046960,9721172,우량기업부
2026-08-21,352700,KOSDAQ,씨앤투스,34028584205,26276899,벤처기업부
2026-08-21,458870,KOSDAQ,씨어스,795448566000,38059740,기술성장기업부
2026-08-21,297090,KOSDAQ,씨에스베어링,102535200000,27270000,투자주의환기종목(소속부없음)
2026-08-21,900120,KOSDAQ,씨엑스아이,15336087200,16669660,관리종목(소속부없음)
2026-08-21,359090,KOSDAQ,씨엔알리서치,22436567136,11494143,중견기업부
2026-08-21,115530,KOSDAQ,씨엔플러스,24029754000,8582055,중견기업부
2026-08-21,388210,KOSDAQ,씨엠티엑스,670983441000,9654438,벤처기업부
2026-08-21,115480,KOSDAQ,씨유메디칼,27644797080,12124911,중견기업부
2026-08-21,376290,KOSDAQ,씨유테크,51736475000,17657500,벤처기업부
2026-08-21,189330,KOSDAQ,씨이랩,155745914400,9382284,기술성장기업부
2026-08-21,096530,KOSDAQ,씨젠,1592892817000,52225994,우량기업부
2026-08-21,101240,KOSDAQ,씨큐브,38784332580,11357052,우량기업부
2026-08-21,060590,KOSDAQ,씨티씨바이오,69762242700,24181020,중견기업부
2026-08-21,260930,KOSDAQ,씨티케이,49321057050,19341591,중견기업부
2026-08-21,413630,KOSDAQ,씨피시스템,116961502050,36436605,벤처기업부
2026-08-21,013990,KOSDAQ,아가방컴퍼니,136154399040,32887536,우량기업부
2026-08-21,175140,KOSDAQ,아고스,58743715815,24944253,투자주의환기종목(소속부없음)
2026-08-21,123860,KOSDAQ,아나패스,164393507400,12123415,우량기업부
2026-08-21,025980,KOSDAQ,아난티,536128454900,97300990,우량기업부
2026-08-21,0015N0,KOSDAQ,아로마티카,112186144240,12576922,벤처기업부
2026-08-21,261780,KOSDAQ,아리바이오랩,70363021680,28955976,기술성장기업부
2026-08-21,290690,KOSDAQ,아리바이오홀딩스,211572910865,52959427,중견기업부
2026-08-21,125210,KOSDAQ,아모그린텍,88752730200,16496790,우량기업부
2026-08-21,357580,KOSDAQ,아모센스,61306762400,11789762,기술성장기업부
2026-08-21,052710,KOSDAQ,아모텍,163952766120,14612546,중견기업부
2026-08-21,074430,KOSDAQ,아미노로직스,107883754128,88140322,중견기업부
2026-08-21,092040,KOSDAQ,아미코젠,70655387000,70655387,기술성장기업부
2026-08-21,083930,KOSDAQ,아바코,164531961290,14677249,우량기업부
2026-08-21,149950,KOSDAQ,아바텍,116312152530,13667703,우량기업부
2026-08-21,036010,KOSDAQ,아비코전자,88929728460,13292934,중견기업부
2026-08-21,050860,KOSDAQ,아세아텍,36540000000,22500000,우량기업부
2026-08-21,136410,KOSDAQ,아셈스,45784385430,11019106,벤처기업부
2026-08-21,246720,KOSDAQ,아스타,99434491000,16381300,관리종목(소속부없음)
2026-08-21,450950,KOSDAQ,아스테라시스,201307617200,37627592,벤처기업부
2026-08-21,067390,KOSDAQ,아스트,213105734974,421157579,중견기업부
2026-08-21,159010,KOSDAQ,아스플로,288697099350,13334739,벤처기업부
2026-08-21,127710,KOSDAQ,아시아경제,45634981560,44049210,중견기업부
2026-08-21,154030,KOSDAQ,아시아종묘,19902080550,12061867,벤처기업부
2026-08-21,227610,KOSDAQ,아우딘퓨쳐스,24392584889,19374571,벤처기업부
2026-08-21,331740,KOSDAQ,아우토크립트,57335827080,9750991,기술성장기업부
2026-08-21,143160,KOSDAQ,아이디스,173176862400,10716390,우량기업부
2026-08-21,054800,KOSDAQ,아이디스홀딩스,152629401000,10347756,중견기업부
2026-08-21,332370,KOSDAQ,아이디피,69421586980,13273726,벤처기업부
2026-08-21,066430,KOSDAQ,아이로보틱스,82418066980,39153476,중견기업부
2026-08-21,339950,KOSDAQ,아이비김영,109669838200,44946655,우량기업부
2026-08-21,469750,KOSDAQ,아이비젼웍스,33629525456,34456481,벤처기업부
2026-08-21,460470,KOSDAQ,아이빔테크놀로지,42863413950,15119370,기술성장기업부
2026-08-21,099190,KOSDAQ,아이센스,503252907500,28757309,중견기업부
2026-08-21,461300,KOSDAQ,아이스크림미디어,244010973900,13333933,벤처기업부
2026-08-21,289010,KOSDAQ,아이스크림에듀,12550730400,13945256,관리종목(소속부없음)
2026-08-21,214430,KOSDAQ,아이쓰리시스템,438432900000,7307215,우량기업부
2026-08-21,040910,KOSDAQ,아이씨디,80057681375,18174275,중견기업부
2026-08-21,368600,KOSDAQ,아이씨에이치,17902018010,25795415,기술성장기업부
2026-08-21,456010,KOSDAQ,아이씨티케이,237403469500,14502350,기술성장기업부
2026-08-21,052860,KOSDAQ,아이앤씨,95945005980,17866854,벤처기업부
2026-08-21,464500,KOSDAQ,아이언디바이스,24488210250,13993263,기술성장기업부
2026-08-21,212710,KOSDAQ,아이에스티이,74805330600,9714978,기술성장기업부
2026-08-21,038880,KOSDAQ,아이에이,24346730520,7514423,중견기업부
2026-08-21,307180,KOSDAQ,아이엘,221494056000,36915676,벤처기업부
2026-08-21,493280,KOSDAQ,아이엠바이오로직스,224922082840,14836549,기술성장기업부
2026-08-21,461030,KOSDAQ,아이엠비디엑스,43218568755,14334517,기술성장기업부
2026-08-21,451220,KOSDAQ,아이엠티,67091685720,7874611,기술성장기업부
2026-08-21,078860,KOSDAQ,아이오케이이엔엠,16925495120,6177188,투자주의환기종목(소속부없음)
2026-08-21,090150,KOSDAQ,아이윈,24162042330,4187529,중견기업부
2026-08-21,031310,KOSDAQ,아이즈비전,28199825148,29746651,중견기업부
2026-08-21,462980,KOSDAQ,아이지넷,26622278020,18234437,기술성장기업부
2026-08-21,185490,KOSDAQ,아이진,80926155648,43229784,벤처기업부
2026-08-21,059100,KOSDAQ,아이컴포넌트,43980749200,7070860,벤처기업부
2026-08-21,262840,KOSDAQ,아이퀘스트,29270457040,10566952,벤처기업부
2026-08-21,175250,KOSDAQ,아이큐어,81501658560,37558368,관리종목(소속부없음)
2026-08-21,052460,KOSDAQ,아이크래프트,103716345600,14607936,벤처기업부
2026-08-21,119830,KOSDAQ,아이텍,180462044800,26538536,중견기업부
2026-08-21,052770,KOSDAQ,아이톡시,4545457488,14568774,관리종목(소속부없음)
2026-08-21,124500,KOSDAQ,아이티센글로벌,755307353850,23204527,우량기업부
2026-08-21,010280,KOSDAQ,아이티센엔텍,72157153780,13024757,우량기업부
2026-08-21,232830,KOSDAQ,아이티센피엔에스,29314296198,16533726,벤처기업부
2026-08-21,372800,KOSDAQ,아이티아이즈,20548591880,7037189,벤처기업부
2026-08-21,084850,KOSDAQ,아이티엠반도체,190536645600,22682934,중견기업부
2026-08-21,309710,KOSDAQ,아이티켐,268443021000,12783001,관리종목(소속부없음)
2026-08-21,114840,KOSDAQ,아이패밀리에스씨,145962118750,16681385,우량기업부
2026-08-21,027360,KOSDAQ,아주IB투자,397962658710,121145406,중견기업부
2026-08-21,032080,KOSDAQ,아즈텍WB,22243215015,21491029,중견기업부
2026-08-21,013310,KOSDAQ,아진산업,92553698070,38806582,우량기업부
2026-08-21,059120,KOSDAQ,아진엑스텍,117184422400,18310066,벤처기업부
2026-08-21,0007C0,KOSDAQ,아크릴,124710931720,8030324,기술성장기업부
2026-08-21,158430,KOSDAQ,아톤,107476383880,24482092,벤처기업부
2026-08-21,297570,KOSDAQ,아틀라스링크,30085838442,34621218,벤처기업부
2026-08-21,200350,KOSDAQ,아티스트스튜디오,24340320875,9996025,기술성장기업부
2026-08-21,321820,KOSDAQ,아티스트컴퍼니,36639733600,15591376,기술성장기업부
2026-08-21,001540,KOSDAQ,안국약품,135249895400,13042420,우량기업부
2026-08-21,053800,KOSDAQ,안랩,627534938400,11126506,우량기업부
2026-08-21,065660,KOSDAQ,안트로젠,151492354000,10006100,기술성장기업부
2026-08-21,260660,KOSDAQ,알리코제약,36171769560,15327021,중견기업부
2026-08-21,354320,KOSDAQ,알멕,193978413350,6391381,기술성장기업부
2026-08-21,361570,KOSDAQ,알비더블유,48719878245,28743291,중견기업부
2026-08-21,131370,KOSDAQ,알서포트,76970934935,53267083,벤처기업부
2026-08-21,140670,KOSDAQ,알에스오토메이션,124289651200,12839840,중견기업부
2026-08-21,096610,KOSDAQ,알에프세미,51550708615,17386411,투자주의환기종목(소속부없음)
2026-08-21,061040,KOSDAQ,알에프텍,56732358210,9048223,중견기업부
2026-08-21,148250,KOSDAQ,알엔투테크놀로지,19041374896,13610704,벤처기업부
2026-08-21,123010,KOSDAQ,알엔티엑스,39905924058,20215767,기술성장기업부
2026-08-21,476830,KOSDAQ,알지노믹스,845871395400,28055436,기술성장기업부
2026-08-21,347860,KOSDAQ,알체라,56612347921,42153647,중견기업부
2026-08-21,196170,KOSDAQ,알테오젠,17147629760000,53586343,우량기업부
2026-08-21,123750,KOSDAQ,알톤,23133439566,13819259,중견기업부
2026-08-21,459550,KOSDAQ,알트,60151514985,25220761,중견기업부
2026-08-21,085810,KOSDAQ,알티캐스트,24527613455,14136953,중견기업부
2026-08-21,043100,KOSDAQ,알파AI,10457241600,20110080,관리종목(소속부없음)
2026-08-21,117670,KOSDAQ,알파칩스,51628500500,6661742,벤처기업부
2026-08-21,314140,KOSDAQ,알피바이오,48444957990,8666361,우량기업부
2026-08-21,293780,KOSDAQ,압타바이오,191035154000,28093405,기술성장기업부
2026-08-21,310200,KOSDAQ,애니플러스,144491055720,52162836,중견기업부
2026-08-21,179530,KOSDAQ,애드바이오텍,68992765440,26950299,기술성장기업부
2026-08-21,397810,KOSDAQ,애드포러스,37983267200,5160770,벤처기업부
2026-08-21,0011A0,KOSDAQ,액스비스,79150115200,9333740,벤처기업부
2026-08-21,052790,KOSDAQ,액토즈소프트,41240164925,10924547,중견기업부
2026-08-21,290740,KOSDAQ,액트로,75286282280,10065011,벤처기업부
2026-08-21,238090,KOSDAQ,앤디포스,56010938280,30490440,벤처기업부
2026-08-21,138360,KOSDAQ,앤로보틱스,151755036150,87973934,벤처기업부
2026-08-21,092600,KOSDAQ,앤씨앤,9270867144,5016703,관리종목(소속부없음)
2026-08-21,129890,KOSDAQ,앱코,46866424458,45545602,벤처기업부
2026-08-21,174900,KOSDAQ,앱클론,549681153950,19952129,벤처기업부
2026-08-21,109960,KOSDAQ,앱토크롬,29129548525,15132233,투자주의환기종목(소속부없음)
2026-08-21,270520,KOSDAQ,앱튼,87540694920,23158914,투자주의환기종목(소속부없음)
2026-08-21,255440,KOSDAQ,야스,96759780000,13058000,벤처기업부
2026-08-21,030960,KOSDAQ,양지사,71190900000,15980000,중견기업부
2026-08-21,102120,KOSDAQ,어보브반도체,125887731240,17780753,벤처기업부
2026-08-21,238120,KOSDAQ,얼라인드,42228273780,14218274,기술성장기업부
2026-08-21,019990,KOSDAQ,에너토크,45999954920,9756088,중견기업부
2026-08-21,435570,KOSDAQ,에르코스,53166541340,7616983,벤처기업부
2026-08-21,270660,KOSDAQ,에브리봇,169546188880,12690583,벤처기업부
2026-08-21,038680,KOSDAQ,에스넷,83035717140,19912642,우량기업부
2026-08-21,217480,KOSDAQ,에스디생명공학,54756837359,109733141,투자주의환기종목(소속부없음)
2026-08-21,121890,KOSDAQ,에스디시스템,31899470400,13291446,중견기업부
2026-08-21,304360,KOSDAQ,에스바이오메딕스,230363380800,12385128,벤처기업부
2026-08-21,389500,KOSDAQ,에스비비테크,236553256000,6663472,기술성장기업부
2026-08-21,042110,KOSDAQ,에스씨디,49054507460,48329564,우량기업부
2026-08-21,065420,KOSDAQ,에스아이리소스,7283384140,77482810,중견기업부
2026-08-21,103230,KOSDAQ,에스앤더블류,16740000000,7200000,관리종목(소속부없음)
2026-08-21,260970,KOSDAQ,에스앤디,150423208000,2892754,우량기업부
2026-08-21,101490,KOSDAQ,에스앤에스텍,867262831350,21334879,우량기업부
2026-08-21,095910,KOSDAQ,에스에너지,23347865034,37296909,관리종목(소속부없음)
2026-08-21,275630,KOSDAQ,에스에스알,21803303200,5253808,벤처기업부
2026-08-21,031330,KOSDAQ,에스에이엠티,784961275950,99995067,우량기업부
2026-08-21,060540,KOSDAQ,에스에이티,30575532780,26132934,중견기업부
2026-08-21,0008Z0,KOSDAQ,에스엔시스,208076236200,9436564,벤처기업부
2026-08-21,246250,KOSDAQ,에스엘에스바이오,30220617614,15348206,관리종목(소속부없음)
2026-08-21,041510,KOSDAQ,에스엠,1632391397000,22894690,우량기업부
2026-08-21,460870,KOSDAQ,에스엠씨지,55402319040,20073304,벤처기업부
2026-08-21,464080,KOSDAQ,에스오에스랩,172650572900,17947045,기술성장기업부
2026-08-21,109610,KOSDAQ,에스와이,87544246000,48907400,중견기업부
2026-08-21,365330,KOSDAQ,에스와이스틸텍,72848292000,50171000,우량기업부
2026-08-21,306040,KOSDAQ,에스제이그룹,16428780836,9287044,중견기업부
2026-08-21,398120,KOSDAQ,에스지헬스케어,22960689829,11841511,벤처기업부
2026-08-21,472230,KOSDAQ,에스케이증권제11호스팩,8746275000,4155000,SPAC(소속부없음)
2026-08-21,473000,KOSDAQ,에스케이증권제12호스팩,6884800000,3310000,SPAC(소속부없음)
2026-08-21,473950,KOSDAQ,에스케이증권제13호스팩,9061000000,4420000,SPAC(소속부없음)
2026-08-21,475660,KOSDAQ,에스켐,26921789825,7929835,기술성장기업부
2026-08-21,096630,KOSDAQ,에스코넥,30165013700,15876323,우량기업부
2026-08-21,069510,KOSDAQ,에스텍,137902400000,10910000,우량기업부
2026-08-21,488280,KOSDAQ,에스투더블유,107172311400,10825486,기술성장기업부
2026-08-21,234300,KOSDAQ,에스트래픽,72780811500,27207780,우량기업부
2026-08-21,039440,KOSDAQ,에스티아이,308590235300,15507047,우량기업부
2026-08-21,098660,KOSDAQ,에스티오,19113992304,12500976,중견기업부
2026-08-21,052020,KOSDAQ,에스티큐브,530269669800,67983291,투자주의환기종목(소속부없음)
2026-08-21,237690,KOSDAQ,에스티팜,2081400808600,20876638,우량기업부
2026-08-21,458350,KOSDAQ,에스팀,31085856000,8683200,중견기업부
2026-08-21,050760,KOSDAQ,에스폴리텍,18621532920,16334678,중견기업부
2026-08-21,288620,KOSDAQ,에스프리즘,26835470020,6979316,벤처기업부
2026-08-21,443670,KOSDAQ,에스피소프트,68430107400,24010564,중견기업부
2026-08-21,317830,KOSDAQ,에스피시스템스,51175635500,10773818,벤처기업부
2026-08-21,058610,KOSDAQ,에스피지,2117937880000,22177360,우량기업부
2026-08-21,043340,KOSDAQ,에쎈테크,40660000000,47500000,중견기업부
2026-08-21,163280,KOSDAQ,에어레인,43189772650,13603078,기술성장기업부
2026-08-21,200710,KOSDAQ,에이디테크놀로지,337223275350,13462007,중견기업부
2026-08-21,475580,KOSDAQ,에이럭스,109407947000,13624900,벤처기업부
2026-08-21,096690,KOSDAQ,에이루트,26993269820,4022842,중견기업부
2026-08-21,298380,KOSDAQ,에이비엘바이오,4210257217600,55987463,기술성장기업부
2026-08-21,203400,KOSDAQ,에이비온,60908481504,90101304,관리종목(소속부없음)
2026-08-21,003800,KOSDAQ,에이스침대,357652500000,11090000,우량기업부
2026-08-21,088800,KOSDAQ,에이스테크,135383036162,75506434,중견기업부
2026-08-21,241840,KOSDAQ,에이스토리,22895985600,9539994,중견기업부
2026-08-21,364950,KOSDAQ,에이아이코리아,27419750725,8296445,벤처기업부
2026-08-21,453860,KOSDAQ,에이에스텍,53553155130,6444423,벤처기업부
2026-08-21,312610,KOSDAQ,에이에프더블류,7110167688,20256888,관리종목(소속부없음)
2026-08-21,172670,KOSDAQ,에이엘티,92111462520,8960259,벤처기업부
2026-08-21,481070,KOSDAQ,에이유브랜즈,240604897500,14330250,중견기업부
2026-08-21,060900,KOSDAQ,에이전트AI,18583353650,4883930,중견기업부
2026-08-21,445090,KOSDAQ,에이직랜드,222883423200,10925658,벤처기업부
2026-08-21,295310,KOSDAQ,에이치브이엠,546404525750,12210157,기술성장기업부
2026-08-21,072990,KOSDAQ,에이치시티,44581983450,14498206,우량기업부
2026-08-21,044990,KOSDAQ,에이치엔에스하이텍,87460136500,7685425,기술성장기업부
2026-08-21,239610,KOSDAQ,에이치엘사이언스,29764474800,5392115,벤처기업부
2026-08-21,0156T0,KOSDAQ,에이치엘지노믹스,72140632470,7782161,중견기업부
2026-08-21,036170,KOSDAQ,에이치엠넥스,144516049230,61365626,중견기업부
2026-08-21,477340,KOSDAQ,에이치엠씨제7호스팩,15433050000,7510000,SPAC(소속부없음)
2026-08-21,148930,KOSDAQ,에이치와이티씨,34392219940,10175213,중견기업부
2026-08-21,044780,KOSDAQ,에이치케이,23964994165,18505787,벤처기업부
2026-08-21,357230,KOSDAQ,에이치피오,85890430080,41293476,우량기업부
2026-08-21,355690,KOSDAQ,에이텀,45985719145,9570389,기술성장기업부
2026-08-21,071670,KOSDAQ,에이테크솔루션,49450000000,10000000,중견기업부
2026-08-21,045660,KOSDAQ,에이텍,76570200000,8260000,우량기업부
2026-08-21,224110,KOSDAQ,에이텍모빌리티,45418650840,5080386,벤처기업부
2026-08-21,021080,KOSDAQ,에이티넘인베스트,107520000000,48000000,우량기업부
2026-08-21,200470,KOSDAQ,에이팩트,262221355670,42362093,중견기업부
2026-08-21,262260,KOSDAQ,에이프로,46213027900,15077660,우량기업부
2026-08-21,397030,KOSDAQ,에이프릴바이오,545784154880,27509282,기술성장기업부
2026-08-21,0009K0,KOSDAQ,에임드바이오,1584443444500,64671161,기술성장기업부
2026-08-21,230240,KOSDAQ,에치에프알,175678800000,13309000,중견기업부
2026-08-21,159910,KOSDAQ,에코글로우,32814349095,10467097,중견기업부
2026-08-21,097780,KOSDAQ,에코볼트,24067603554,20293089,중견기업부
2026-08-21,038870,KOSDAQ,에코심플렉스,24329951464,14014949,중견기업부
2026-08-21,448280,KOSDAQ,에코아이,266383849710,29631129,중견기업부
2026-08-21,101360,KOSDAQ,에코앤드림,130372215620,17786114,벤처기업부
2026-08-21,128540,KOSDAQ,에코캡,33363075000,26690460,우량기업부
2026-08-21,086520,KOSDAQ,에코프로,11092911618400,135776152,중견기업부
2026-08-21,247540,KOSDAQ,에코프로비엠,10330893830400,97830434,중견기업부
2026-08-21,383310,KOSDAQ,에코프로에이치엔,465643490400,20974932,우량기업부
2026-08-21,038110,KOSDAQ,에코플라스틱,78798174180,41169370,우량기업부
2026-08-21,073540,KOSDAQ,에프알텍,26733000000,11400000,벤처기업부
2026-08-21,064850,KOSDAQ,에프앤가이드,187129444800,11410332,벤처기업부
2026-08-21,036810,KOSDAQ,에프에스티,490367720850,21649789,중견기업부
2026-08-21,173940,KOSDAQ,에프엔씨엔터,35942206680,15392808,중견기업부
2026-08-21,083500,KOSDAQ,에프엔에스테크,93862060100,8306377,우량기업부
2026-08-21,317530,KOSDAQ,에피소드컴퍼니,50735157800,17494882,기술성장기업부
2026-08-21,054940,KOSDAQ,엑사이엔씨,21231068800,6634709,중견기업부
2026-08-21,950130,KOSDAQ,엑세스바이오,79316995670,35173834,외국기업(소속부없음)
2026-08-21,373110,KOSDAQ,엑셀세라퓨틱스,21289399014,17294394,기술성장기업부
2026-08-21,205100,KOSDAQ,엑셈,89219513054,67539374,벤처기업부
2026-08-21,356680,KOSDAQ,엑스게이트,326252113560,28543492,벤처기업부
2026-08-21,317770,KOSDAQ,엑스페릭스,90694256400,36644144,벤처기업부
2026-08-21,373200,KOSDAQ,엑스플러스,41571773420,25043237,벤처기업부
2026-08-21,069920,KOSDAQ,엑시온그룹,12824568405,14393455,관리종목(소속부없음)
2026-08-21,092870,KOSDAQ,엑시콘,277981976100,13050797,우량기업부
2026-08-21,317870,KOSDAQ,엔바이오니아,51459828900,8841895,기술성장기업부
2026-08-21,067570,KOSDAQ,엔브이에이치코리아,71646830000,42170000,중견기업부
2026-08-21,0004V0,KOSDAQ,엔비알모션,62208669600,11010384,기술성장기업부
2026-08-21,236810,KOSDAQ,엔비티,24987827072,16975426,기술성장기업부
2026-08-21,333620,KOSDAQ,엔시스,59498693100,10997910,벤처기업부
2026-08-21,101400,KOSDAQ,엔시트론,22309397200,11741788,중견기업부
2026-08-21,475230,KOSDAQ,엔알비,99287002130,10898683,벤처기업부
2026-08-21,481890,KOSDAQ,엔에이치스팩31호,13070700000,6345000,SPAC(소속부없음)
2026-08-21,0054V0,KOSDAQ,엔에이치스팩32호,12401917500,6216500,SPAC(소속부없음)
2026-08-21,0130H0,KOSDAQ,엔에이치스팩33호,15261400000,7700000,SPAC(소속부없음)
2026-08-21,265740,KOSDAQ,엔에프씨,114327040000,17863600,벤처기업부
2026-08-21,354200,KOSDAQ,엔젠바이오,15138571602,8936583,기술성장기업부
2026-08-21,455900,KOSDAQ,엔젤로보틱스,313247163350,15392981,기술성장기업부
2026-08-21,419080,KOSDAQ,엔젯,66970392720,10871817,기술성장기업부
2026-08-21,183490,KOSDAQ,엔지켐생명과학,83793832650,84640235,관리종목(소속부없음)
2026-08-21,182400,KOSDAQ,엔케이젠바이오텍코리아,265496721770,72342431,관리종목(소속부없음)
2026-08-21,348370,KOSDAQ,엔켐,389358363380,21910994,중견기업부
2026-08-21,069410,KOSDAQ,엔텔스,29197748400,10244824,벤처기업부
2026-08-21,227950,KOSDAQ,엔투텍,49484771706,34508209,벤처기업부
2026-08-21,048830,KOSDAQ,엔피케이,20072045456,18723923,중견기업부
2026-08-21,096870,KOSDAQ,엘디티,20160417585,8347999,벤처기업부
2026-08-21,290650,KOSDAQ,엘앤씨바이오,1375454904000,26969704,우량기업부
2026-08-21,156100,KOSDAQ,엘앤케이바이오,94210109895,22351153,벤처기업부
2026-08-21,0041J0,KOSDAQ,엘에스스팩1호,8170680000,4110000,SPAC(소속부없음)
2026-08-21,073110,KOSDAQ,엘엠에스,42254836250,8895755,벤처기업부
2026-08-21,083310,KOSDAQ,엘오티베큠,170263915480,17810033,우량기업부
2026-08-21,037950,KOSDAQ,엘컴텍,48979558700,16889503,중견기업부
2026-08-21,489500,KOSDAQ,엘케이켐,124884790520,6391238,벤처기업부
2026-08-21,170920,KOSDAQ,엘티씨,377667504500,10564126,벤처기업부
2026-08-21,058630,KOSDAQ,엠게임,76967553400,18772574,우량기업부
2026-08-21,226590,KOSDAQ,엠디바이스,125279204960,10716784,기술성장기업부
2026-08-21,058970,KOSDAQ,엠로,192735958460,12362794,기술성장기업부
2026-08-21,169330,KOSDAQ,엠브레인,24178331760,18316918,중견기업부
2026-08-21,373170,KOSDAQ,엠아이큐브솔루션,26343335970,15113790,벤처기업부
2026-08-21,179290,KOSDAQ,엠아이텍,164093987460,32365678,우량기업부
2026-08-21,009780,KOSDAQ,엠에스씨,122496000000,17600000,우량기업부
2026-08-21,123040,KOSDAQ,엠에스오토텍,108033815775,62628299,중견기업부
2026-08-21,432980,KOSDAQ,엠에프씨,21823024680,8591742,기술성장기업부
2026-08-21,007820,KOSDAQ,엠엑스로보틱스,86947325640,20033946,중견기업부
2026-08-21,347890,KOSDAQ,엠엑스온,77750342280,17013204,벤처기업부
2026-08-21,413390,KOSDAQ,엠오티,82566683400,11580180,중견기업부
2026-08-21,032790,KOSDAQ,엠젠솔루션,23317536248,25680106,벤처기업부
2026-08-21,033160,KOSDAQ,엠케이전자,332673907500,24194466,중견기업부
2026-08-21,033310,KOSDAQ,엠투엔,54522429984,39972456,중견기업부
2026-08-21,259630,KOSDAQ,엠플러스,108412652520,12222396,우량기업부
2026-08-21,105550,KOSDAQ,엣지파운드리,33828645600,15661410,중견기업부
2026-08-21,060850,KOSDAQ,영림원소프트랩,38906835000,8131000,벤처기업부
2026-08-21,143540,KOSDAQ,영우디에스피,49862682610,44599895,벤처기업부
2026-08-21,265560,KOSDAQ,영화테크,73441536600,10690180,우량기업부
2026-08-21,036000,KOSDAQ,예림당,70945573160,23034277,중견기업부
2026-08-21,250930,KOSDAQ,예선테크,10725143000,6600088,관리종목(소속부없음)
2026-08-21,053280,KOSDAQ,예스24,78875000000,25000000,중견기업부
2026-08-21,122640,KOSDAQ,예스티,638415191250,21604575,벤처기업부
2026-08-21,476040,KOSDAQ,오가노이드사이언스,45441744000,6585760,기술성장기업부
2026-08-21,900300,KOSDAQ,오가닉티코스메틱,66165011855,20580097,외국기업(소속부없음)
2026-08-21,045060,KOSDAQ,오공,35493435530,16941974,우량기업부
2026-08-21,192410,KOSDAQ,오늘이엔엠,127944417720,25185909,중견기업부
2026-08-21,080520,KOSDAQ,오디텍,33061457640,11322417,벤처기업부
2026-08-21,039830,KOSDAQ,오로라,195346453500,10762890,우량기업부
2026-08-21,322310,KOSDAQ,오로스테크놀로지,123076361880,9366542,벤처기업부
2026-08-21,046120,KOSDAQ,오르비텍,144562698910,33855433,중견기업부
2026-08-21,475830,KOSDAQ,오름테라퓨틱,1346614580000,21719590,기술성장기업부
2026-08-21,014940,KOSDAQ,오리엔탈정공,209183103990,45573661,우량기업부
2026-08-21,065500,KOSDAQ,오리엔트정공,41104348800,35742912,중견기업부
2026-08-21,010470,KOSDAQ,오리콤,56641986500,11975050,우량기업부
2026-08-21,417860,KOSDAQ,오브젠,31865753620,4706906,벤처기업부
2026-08-21,352910,KOSDAQ,오비고,41767935610,12637802,기술성장기업부
2026-08-21,053980,KOSDAQ,오상자이엘,46033248775,18982783,우량기업부
2026-08-21,036220,KOSDAQ,오상헬스케어,96874746320,14309416,우량기업부
2026-08-21,052420,KOSDAQ,오성첨단소재,87580660910,9742009,우량기업부
2026-08-21,052300,KOSDAQ,오션인더블유,21685910880,16244128,중견기업부
2026-08-21,039200,KOSDAQ,오스코텍,1404075059200,38258176,벤처기업부
2026-08-21,226400,KOSDAQ,오스테오닉,85435720135,20661601,기술성장기업부
2026-08-21,031510,KOSDAQ,오스템,31360000000,28000000,중견기업부
2026-08-21,342870,KOSDAQ,오아,19293697380,5450197,중견기업부
2026-08-21,368970,KOSDAQ,오에스피,24421731175,10196965,관리종목(소속부없음)
2026-08-21,138080,KOSDAQ,오이솔루션,289639537200,12377758,벤처기업부
2026-08-21,080580,KOSDAQ,오킨스전자,352218948500,21090955,벤처기업부
2026-08-21,067170,KOSDAQ,오텍,72222022350,27460845,중견기업부
2026-08-21,353590,KOSDAQ,오토앤,20819796690,12875570,중견기업부
2026-08-21,173130,KOSDAQ,오파스넷,71364207310,13046473,중견기업부
2026-08-21,440320,KOSDAQ,오픈놀,23702500000,9980000,기술성장기업부
2026-08-21,049480,KOSDAQ,오픈베이스,57440116124,31422383,우량기업부
2026-08-21,394280,KOSDAQ,오픈엣지테크놀로지,236064908800,26346530,기술성장기업부
2026-08-21,476060,KOSDAQ,온코닉테라퓨틱스,659321836800,45407840,기술성장기업부
2026-08-21,382150,KOSDAQ,온코크로스,43574822360,13046354,기술성장기업부
2026-08-21,244460,KOSDAQ,올리패스,13415218661,8125511,관리종목(소속부없음)
2026-08-21,226950,KOSDAQ,올릭스,2066265585000,21062850,기술성장기업부
2026-08-21,057540,KOSDAQ,옴니시스템,39081428344,59394268,관리종목(소속부없음)
2026-08-21,131030,KOSDAQ,옵투스제약,98820904000,17646590,우량기업부
2026-08-21,082210,KOSDAQ,옵트론텍,58248907780,34963330,중견기업부
2026-08-21,109080,KOSDAQ,옵티시스,47680560000,5636000,벤처기업부
2026-08-21,380540,KOSDAQ,옵티코어,206658126350,24456583,관리종목(소속부없음)
2026-08-21,153710,KOSDAQ,옵티팜,66968358270,14669958,기술성장기업부
2026-08-21,432430,KOSDAQ,와이랩,34584930400,16508320,기술성장기업부
2026-08-21,338840,KOSDAQ,와이바이오로직스,139529463480,15366681,기술성장기업부
2026-08-21,122990,KOSDAQ,와이솔,151576370890,26639081,중견기업부
2026-08-21,232140,KOSDAQ,와이씨,817992139500,82045350,우량기업부
2026-08-21,112290,KOSDAQ,와이씨켐,200795423700,20221090,기술성장기업부
2026-08-21,065530,KOSDAQ,와이어블,57167317005,47838759,우량기업부
2026-08-21,067900,KOSDAQ,와이엔텍,107195991510,18199659,우량기업부
2026-08-21,007530,KOSDAQ,와이엠,33692905734,22254231,중견기업부
2026-08-21,155650,KOSDAQ,와이엠씨,56923074000,18974358,우량기업부
2026-08-21,273640,KOSDAQ,와이엠텍,54610680000,10966000,벤처기업부
2026-08-21,251370,KOSDAQ,와이엠티,134378568980,18013213,벤처기업부
2026-08-21,209640,KOSDAQ,와이제이링크,91018067200,28443146,중견기업부
2026-08-21,096250,KOSDAQ,와이즈넛,69235202660,11814881,기술성장기업부
2026-08-21,273060,KOSDAQ,와이즈버즈,42460657920,49144280,중견기업부
2026-08-21,019210,KOSDAQ,와이지-원,543028428800,37193728,우량기업부
2026-08-21,122870,KOSDAQ,와이지엔터테인먼트,730820015900,18691049,우량기업부
2026-08-21,079000,KOSDAQ,와토스코리아,29520000000,7200000,중견기업부
2026-08-21,403490,KOSDAQ,우듬지팜,23195894320,45932464,벤처기업부
2026-08-21,032820,KOSDAQ,우리기술,2054409036680,172784612,벤처기업부
2026-08-21,041190,KOSDAQ,우리기술투자,497280000000,84000000,우량기업부
2026-08-21,115440,KOSDAQ,우리넷,75128272320,10794292,우량기업부
2026-08-21,046970,KOSDAQ,우리로,184064995800,43824999,벤처기업부
2026-08-21,082850,KOSDAQ,우리바이오,43465550466,48456578,중견기업부
2026-08-21,215360,KOSDAQ,우리산업,56984697120,9132163,우량기업부
2026-08-21,072470,KOSDAQ,우리산업홀딩스,45612928515,18887341,중견기업부
2026-08-21,073560,KOSDAQ,우리손에프앤지,105656643218,69237643,우량기업부
2026-08-21,037400,KOSDAQ,우리엔터프라이즈,16573154672,26223346,관리종목(소속부없음)
2026-08-21,153490,KOSDAQ,우리이앤엘하루틴,18285696000,10296000,우량기업부
2026-08-21,101170,KOSDAQ,우림피티에스,106515000000,13500000,벤처기업부
2026-08-21,103840,KOSDAQ,우양,28575783288,16366428,중견기업부
2026-08-21,101970,KOSDAQ,우양에이치씨,153963993690,14790009,중견기업부
2026-08-21,046940,KOSDAQ,우원개발,52415615000,18074350,우량기업부
2026-08-21,065680,KOSDAQ,우주일렉트로,207448573950,9240471,우량기업부
2026-08-21,018620,KOSDAQ,우진비앤지,18095083020,6932982,벤처기업부
2026-08-21,457550,KOSDAQ,우진엔텍,118350766600,9318958,중견기업부
2026-08-21,396470,KOSDAQ,워트,104618800000,16120000,중견기업부
2026-08-21,307280,KOSDAQ,원바이오젠,41858299300,7094627,벤처기업부
2026-08-21,032940,KOSDAQ,원익,104974654370,18193181,우량기업부
2026-08-21,240810,KOSDAQ,원익IPS,5296152917900,49083901,우량기업부
2026-08-21,074600,KOSDAQ,원익QnC,691374400000,26288000,우량기업부
2026-08-21,104830,KOSDAQ,원익머트리얼즈,414803200000,12608000,우량기업부
2026-08-21,014190,KOSDAQ,원익큐브,41518418283,35395071,우량기업부
2026-08-21,217820,KOSDAQ,원익피앤이,87316388560,47454559,중견기업부
2026-08-21,030530,KOSDAQ,원익홀딩스,1486831134250,77237981,중견기업부
2026-08-21,012620,KOSDAQ,원일특강,31020000000,4400000,우량기업부
2026-08-21,136150,KOSDAQ,원일티엔아이,59756743900,8381030,벤처기업부
2026-08-21,382840,KOSDAQ,원준,71776430700,15271581,중견기업부
2026-08-21,336570,KOSDAQ,원텍,412030181290,89280646,우량기업부
2026-08-21,376980,KOSDAQ,원티드랩,33596395360,9766394,기술성장기업부
2026-08-21,008370,KOSDAQ,원풍,60600000000,12000000,우량기업부
2026-08-21,008290,KOSDAQ,원풍물산,10885558865,20346839,관리종목(소속부없음)
2026-08-21,101160,KOSDAQ,월덱스,465610002600,16510993,우량기업부
2026-08-21,336060,KOSDAQ,웨이버스,27111377600,9631040,벤처기업부
2026-08-21,095270,KOSDAQ,웨이브일렉트로,57274037910,14372406,벤처기업부
2026-08-21,289930,KOSDAQ,웨이비스,83759193700,13149010,기술성장기업부
2026-08-21,065950,KOSDAQ,웰크론,29784023610,28231302,중견기업부
2026-08-21,076080,KOSDAQ,웰크론한텍,25237672252,22594156,중견기업부
2026-08-21,043590,KOSDAQ,웰킵스하이텍,19823404641,13568381,중견기업부
2026-08-21,196700,KOSDAQ,웹스,18888849360,14364144,벤처기업부
2026-08-21,069080,KOSDAQ,웹젠,338464664750,30966575,우량기업부
2026-08-21,053580,KOSDAQ,웹케시,90421963280,12954436,우량기업부
2026-08-21,479960,KOSDAQ,위너스일렉,42827260000,7126000,중견기업부
2026-08-21,044340,KOSDAQ,위닉스,63093190250,17873425,중견기업부
2026-08-21,330350,KOSDAQ,위더스제약,117081161600,13199680,우량기업부
2026-08-21,348350,KOSDAQ,위드텍,93826560000,9773600,벤처기업부
2026-08-21,112040,KOSDAQ,위메이드,522127668540,33948483,중견기업부
2026-08-21,101730,KOSDAQ,위메이드맥스,381304951300,83803286,중견기업부
2026-08-21,123420,KOSDAQ,위메이드플레이,65422547890,10401041,우량기업부
2026-08-21,065370,KOSDAQ,위세아이텍,18866002470,7383954,벤처기업부
2026-08-21,038620,KOSDAQ,위즈코프,28762050807,15145893,벤처기업부
2026-08-21,036090,KOSDAQ,위지트,59528169086,42550514,중견기업부
2026-08-21,459100,KOSDAQ,위츠,57836899500,13466100,중견기업부
2026-08-21,136540,KOSDAQ,윈스테크넷,127832155860,12279746,우량기업부
2026-08-21,097800,KOSDAQ,윈팩,53270167840,27290045,중견기업부
2026-08-21,192390,KOSDAQ,윈하이텍,21672682506,11967246,벤처기업부
2026-08-21,335870,KOSDAQ,윙스풋,18258015570,16750473,중견기업부
2026-08-21,900340,KOSDAQ,윙입푸드,20107205736,12582732,외국기업(소속부없음)
2026-08-21,036200,KOSDAQ,유니셈,276591291460,30664223,우량기업부
2026-08-21,018000,KOSDAQ,유니슨,249118352640,259498284,중견기업부
2026-08-21,203450,KOSDAQ,유니온바이오메트릭스,35760677780,14079007,벤처기업부
2026-08-21,011320,KOSDAQ,유니크,72839020150,19320695,우량기업부
2026-08-21,086390,KOSDAQ,유니테스트,208171141100,21134126,중견기업부
2026-08-21,241690,KOSDAQ,유니테크노,63012067950,24470706,우량기업부
2026-08-21,142210,KOSDAQ,유니트론텍,126998586360,20751403,우량기업부
2026-08-21,389680,KOSDAQ,유디엠텍,8046110131,8320693,관리종목(소속부없음)
2026-08-21,088340,KOSDAQ,유라클,29503127680,4364368,벤처기업부
2026-08-21,048430,KOSDAQ,유라테크,69926400000,11520000,우량기업부
2026-08-21,206650,KOSDAQ,유바이오로직스,318274978620,36752307,우량기업부
2026-08-21,089850,KOSDAQ,유비벨록스,61793184805,14730199,우량기업부
2026-08-21,084440,KOSDAQ,유비온,20854338890,19132421,기술성장기업부
2026-08-21,264450,KOSDAQ,유비쿼스,151054577900,14665493,우량기업부
2026-08-21,078070,KOSDAQ,유비쿼스홀딩스,150288406830,17058843,중견기업부
2026-08-21,024800,KOSDAQ,유성티엔에스,153758740050,35225370,우량기업부
2026-08-21,054930,KOSDAQ,유신,53520000000,3000000,우량기업부
2026-08-21,069330,KOSDAQ,유아이디,19003835454,16952574,벤처기업부
2026-08-21,049520,KOSDAQ,유아이엘,112575581250,30842625,우량기업부
2026-08-21,473050,KOSDAQ,유안타제15호스팩,14721000000,7010000,SPAC(소속부없음)
2026-08-21,474490,KOSDAQ,유안타제16호스팩,11433250000,5510000,SPAC(소속부없음)
2026-08-21,493790,KOSDAQ,유안타제17호스팩,10673100000,5310000,SPAC(소속부없음)
2026-08-21,263770,KOSDAQ,유에스티,38986782940,23700172,우량기업부
2026-08-21,388720,KOSDAQ,유일로보틱스,795240787500,11781345,벤처기업부
2026-08-21,023410,KOSDAQ,유진기업,250487196120,77310863,중견기업부
2026-08-21,056080,KOSDAQ,유진로봇,458825832000,38235486,중견기업부
2026-08-21,468760,KOSDAQ,유진스팩10호,8819200000,4240000,SPAC(소속부없음)
2026-08-21,488060,KOSDAQ,유진스팩11호,9581600000,4720000,SPAC(소속부없음)
2026-08-21,0105P0,KOSDAQ,유진스팩12호,11263400000,5660000,SPAC(소속부없음)
2026-08-21,084370,KOSDAQ,유진테크,2944711397000,22916042,우량기업부
2026-08-21,240600,KOSDAQ,유진테크놀로지,11957988626,6928151,관리종목(소속부없음)
2026-08-21,179900,KOSDAQ,유티아이,53434112400,19790412,투자주의환기종목(소속부없음)
2026-08-21,263050,KOSDAQ,유틸렉스,35324626904,36834856,관리종목(소속부없음)
2026-08-21,191410,KOSDAQ,육일씨엔에쓰,14419876185,11204255,관리종목(소속부없음)
2026-08-21,372170,KOSDAQ,윤성에프앤씨,153596674000,7979048,우량기업부
2026-08-21,146060,KOSDAQ,율촌,25144327965,24015595,중견기업부
2026-08-21,039020,KOSDAQ,이건홀딩스,63688879380,22584709,중견기업부
2026-08-21,067920,KOSDAQ,이글루,57619663560,10996119,우량기업부
2026-08-21,044960,KOSDAQ,이글벳,38684161980,12641883,중견기업부
2026-08-21,303530,KOSDAQ,이노뎁,20293161735,7339299,벤처기업부
2026-08-21,302430,KOSDAQ,이노메트리,65390833200,9833208,벤처기업부
2026-08-21,462350,KOSDAQ,이노스페이스,200578906240,33881572,기술성장기업부
2026-08-21,274400,KOSDAQ,이노시뮬레이션,20717204040,9086493,기술성장기업부
2026-08-21,296640,KOSDAQ,이노에이엑스,32881900200,5178252,벤처기업부
2026-08-21,215790,KOSDAQ,이노인스트루먼트,27271691873,40283149,관리종목(소속부없음)
2026-08-21,344860,KOSDAQ,이노진,18311670000,14430000,기술성장기업부
2026-08-21,333050,KOSDAQ,이노테나,24523611600,4924420,벤처기업부
2026-08-21,469610,KOSDAQ,이노테크,140850675000,8942900,중견기업부
2026-08-21,088390,KOSDAQ,이녹스,67578076800,9385844,중견기업부
2026-08-21,272290,KOSDAQ,이녹스첨단소재,397354554370,19937509,우량기업부
2026-08-21,053350,KOSDAQ,이니텍,83459836350,22021065,중견기업부
2026-08-21,452400,KOSDAQ,이닉스,54519282280,9071428,우량기업부
2026-08-21,264850,KOSDAQ,이랜시스,177526426320,30294612,중견기업부
2026-08-21,054210,KOSDAQ,이랜텍,172486052200,25291210,우량기업부
2026-08-21,009730,KOSDAQ,이렘,16509291210,7975503,투자주의환기종목(소속부없음)
2026-08-21,065440,KOSDAQ,이루온,37530427520,27275020,벤처기업부
2026-08-21,424870,KOSDAQ,이뮨온시아,268988964005,91337509,기술성장기업부
2026-08-21,115610,KOSDAQ,이미지스,17078121205,11818769,벤처기업부
2026-08-21,478110,KOSDAQ,이베스트스팩6호,10291000000,5020000,SPAC(소속부없음)
2026-08-21,131400,KOSDAQ,이브이첨단소재,46600851724,59591882,벤처기업부
2026-08-21,351330,KOSDAQ,이삭엔지니어링,29714344200,8288520,벤처기업부
2026-08-21,080010,KOSDAQ,이상네트웍스,75730046700,9835071,중견기업부
2026-08-21,086890,KOSDAQ,이수앱지스,132110812080,40774942,중견기업부
2026-08-21,047560,KOSDAQ,이스트소프트,89205892380,11753082,중견기업부
2026-08-21,239340,KOSDAQ,이스트에이드,14946717236,26979634,관리종목(소속부없음)
2026-08-21,067010,KOSDAQ,이씨에스,26186842500,10888500,벤처기업부
2026-08-21,456070,KOSDAQ,이엔셀,62868246900,11029517,기술성장기업부
2026-08-21,102710,KOSDAQ,이엔에프테크놀로지,640095052800,14287836,우량기업부
2026-08-21,041520,KOSDAQ,이엘씨,136391888700,12188730,투자주의환기종목(소속부없음)
2026-08-21,063760,KOSDAQ,이엘피,23499327600,9325130,벤처기업부
2026-08-21,123570,KOSDAQ,이엠넷,36198626750,22276078,중견기업부
2026-08-21,083470,KOSDAQ,이엠앤아이,21041564394,21340329,벤처기업부
2026-08-21,091120,KOSDAQ,이엠텍,68617408680,17132936,중견기업부
2026-08-21,039030,KOSDAQ,이오테크닉스,4983257975000,12319550,우량기업부
2026-08-21,294090,KOSDAQ,이오플로우,62295566450,41809105,관리종목(소속부없음)
2026-08-21,088290,KOSDAQ,이원컴포텍,17467597680,7976072,관리종목(소속부없음)
2026-08-21,353810,KOSDAQ,이지바이오,203784627200,33081920,우량기업부
2026-08-21,261520,KOSDAQ,이지스,41419534000,10277800,기술성장기업부
2026-08-21,099750,KOSDAQ,이지케어텍,89467583150,13659173,벤처기업부
2026-08-21,377330,KOSDAQ,이지트로닉스,21082480860,8139954,기술성장기업부
2026-08-21,035810,KOSDAQ,이지홀딩스,282903471225,64516185,우량기업부
2026-08-21,092130,KOSDAQ,이크레더블,169814760000,12043600,중견기업부
2026-08-21,134060,KOSDAQ,이퓨쳐,26040105000,4769250,벤처기업부
2026-08-21,001840,KOSDAQ,이화공영,62588831935,28256809,관리종목(소속부없음)
2026-08-21,041830,KOSDAQ,인바디,806156743600,13480882,우량기업부
2026-08-21,352940,KOSDAQ,인바이오,22604878400,10867730,벤처기업부
2026-08-21,079950,KOSDAQ,인베니아,13122944100,13799100,관리종목(소속부없음)
2026-08-21,0007J0,KOSDAQ,인벤테라,58206283600,7865714,기술성장기업부
2026-08-21,389470,KOSDAQ,인벤티지랩,378604292600,13307708,기술성장기업부
2026-08-21,277410,KOSDAQ,인산가,21510440000,3841150,벤처기업부
2026-08-21,060150,KOSDAQ,인선이엔티,136690836000,45563612,중견기업부
2026-08-21,033230,KOSDAQ,인성정보,61426702080,50515380,중견기업부
2026-08-21,450520,KOSDAQ,인스웨이브,29262110220,14704578,벤처기업부
2026-08-21,465480,KOSDAQ,인스피언,32947759000,10137772,벤처기업부
2026-08-21,950260,KOSDAQ,인제니아테라퓨틱스(Reg.S),779741452390,49444607,기술성장기업부
2026-08-21,037330,KOSDAQ,인지디스플레,34011048600,43885224,관리종목(소속부없음)
2026-08-21,100030,KOSDAQ,인지소프트,65148885760,3283714,중견기업부
2026-08-21,211050,KOSDAQ,인카금융서비스,531062222460,49263657,우량기업부
2026-08-21,083640,KOSDAQ,인콘,24955718841,22958343,벤처기업부
2026-08-21,064090,KOSDAQ,인크레더블버즈,39694710510,49742745,관리종목(소속부없음)
2026-08-21,216050,KOSDAQ,인크로스,62212972200,12198622,중견기업부
2026-08-21,049070,KOSDAQ,인탑스,269980445000,15742300,우량기업부
2026-08-21,119610,KOSDAQ,인터로조,162303482340,11413747,우량기업부
2026-08-21,017250,KOSDAQ,인터엠,21192785269,21045467,중견기업부
2026-08-21,051370,KOSDAQ,인터플렉스,133899689280,23327472,우량기업부
2026-08-21,064290,KOSDAQ,인텍플러스,415938253800,12957578,중견기업부
2026-08-21,189300,KOSDAQ,인텔리안테크,675388561300,10737497,우량기업부
2026-08-21,287840,KOSDAQ,인투셀,292177122000,15021960,기술성장기업부
2026-08-21,048530,KOSDAQ,인트론바이오,84797875710,30891758,기술성장기업부
2026-08-21,070590,KOSDAQ,인티큐브,27023427387,13879521,중견기업부
2026-08-21,115310,KOSDAQ,인포바인,123546803170,14831549,벤처기업부
2026-08-21,039290,KOSDAQ,인포뱅크,33949984090,8693978,중견기업부
2026-08-21,071200,KOSDAQ,인피니트헬스케어,227374988560,24396458,중견기업부
2026-08-21,101930,KOSDAQ,인화정공,305240402280,45694671,우량기업부
2026-08-21,333430,KOSDAQ,일승,114149865105,30726747,중견기업부
2026-08-21,068330,KOSDAQ,일신바이오,43773978600,44216140,중견기업부
2026-08-21,178780,KOSDAQ,일월지엠엘,42590560575,18639195,벤처기업부
2026-08-21,019540,KOSDAQ,일지테크,74053980000,13513500,우량기업부
2026-08-21,094820,KOSDAQ,일진파워,166468947360,15078709,우량기업부
2026-08-21,950140,KOSDAQ,잉글우드랩,158942928000,19867866,외국기업(소속부없음)
2026-08-21,049550,KOSDAQ,잉크테크,69406220580,19606277,우량기업부
2026-08-21,389020,KOSDAQ,자람테크놀로지,142589943300,6905082,기술성장기업부
2026-08-21,254120,KOSDAQ,자비스,28785996720,30754270,기술성장기업부
2026-08-21,043910,KOSDAQ,자연과환경,37419178500,11339145,벤처기업부
2026-08-21,234920,KOSDAQ,자이글,71849132100,13530910,관리종목(소속부없음)
2026-08-21,289220,KOSDAQ,자이언트스텝,23539393155,22312221,기술성장기업부
2026-08-21,049630,KOSDAQ,재영솔루텍,171967423040,23365139,우량기업부
2026-08-21,417840,KOSDAQ,저스템,271002164850,22869381,벤처기업부
2026-08-21,110020,KOSDAQ,전진바이오팜,17863878664,9058762,기술성장기업부
2026-08-21,208140,KOSDAQ,정다운,73866395960,32684246,우량기업부
2026-08-21,040420,KOSDAQ,정상제이엘에스,90459475040,15677552,우량기업부
2026-08-21,045510,KOSDAQ,정원엔시스,33935393646,31479957,중견기업부
2026-08-21,217190,KOSDAQ,제너셈,82737156690,13153761,벤처기업부
2026-08-21,095700,KOSDAQ,제넥신,151422142550,45540494,기술성장기업부
2026-08-21,122310,KOSDAQ,제노레이,47445531440,14553844,우량기업부
2026-08-21,361390,KOSDAQ,제노코,113623566270,9736381,벤처기업부
2026-08-21,225220,KOSDAQ,제놀루션,26770079295,19190021,벤처기업부
2026-08-21,123330,KOSDAQ,제닉,221927738000,7968680,우량기업부
2026-08-21,381620,KOSDAQ,제닉스로보틱스,79494595200,13117920,중견기업부
2026-08-21,159580,KOSDAQ,제로투세븐,43671146480,20032636,중견기업부
2026-08-21,147830,KOSDAQ,제룡산업,132000000000,20000000,벤처기업부
2026-08-21,033100,KOSDAQ,제룡전기,742886416250,16062409,우량기업부
2026-08-21,079370,KOSDAQ,제우스,304586841800,31016990,우량기업부
2026-08-21,054950,KOSDAQ,제이브이엠,284112462000,12089892,우량기업부
2026-08-21,090470,KOSDAQ,제이스로보틱스,74362907470,17476594,벤처기업부
2026-08-21,023440,KOSDAQ,제이스코홀딩스,46964378481,90142761,관리종목(소속부없음)
2026-08-21,137950,KOSDAQ,제이씨케미칼,80609486680,22267814,우량기업부
2026-08-21,033320,KOSDAQ,제이씨현시스템,58681306240,19114432,벤처기업부
2026-08-21,417500,KOSDAQ,제이아이테크,117697230960,32784744,우량기업부
2026-08-21,204270,KOSDAQ,제이앤티씨,1099120854000,57848466,중견기업부
2026-08-21,127120,KOSDAQ,제이에스링크,1245609278000,36635567,벤처기업부
2026-08-21,026040,KOSDAQ,제이에스티나,34740477950,16503790,중견기업부
2026-08-21,452160,KOSDAQ,제이엔비,29814333700,9617527,중견기업부
2026-08-21,126880,KOSDAQ,제이엔케이글로벌,59404551680,23204903,우량기업부
2026-08-21,322510,KOSDAQ,제이엘케이,120525804020,25725892,기술성장기업부
2026-08-21,033050,KOSDAQ,제이엠아이,26203766944,31839328,관리종목(소속부없음)
2026-08-21,094970,KOSDAQ,제이엠티,45220248000,16748240,벤처기업부
2026-08-21,418550,KOSDAQ,제이오,134154049870,32017673,기술성장기업부
2026-08-21,060230,KOSDAQ,제이케이시냅스,19729638354,14359271,중견기업부
2026-08-21,420570,KOSDAQ,제이투케이바이오,51165476250,5847483,벤처기업부
2026-08-21,089790,KOSDAQ,제이티,43015689210,10315513,벤처기업부
2026-08-21,0010V0,KOSDAQ,제이피아이헬스케어,45948600000,5105400,벤처기업부
2026-08-21,412540,KOSDAQ,제일엠앤에스,81063616775,20600665,관리종목(소속부없음)
2026-08-21,199820,KOSDAQ,제일일렉트릭,159761800000,22220000,우량기업부
2026-08-21,038010,KOSDAQ,제일테크노스,49680000000,9000000,우량기업부
2026-08-21,080220,KOSDAQ,제주반도체,2531548225500,34442833,우량기업부
2026-08-21,216080,KOSDAQ,제테마,187554107970,37287099,벤처기업부
2026-08-21,337930,KOSDAQ,젝시믹스,85171483250,29676475,우량기업부
2026-08-21,229000,KOSDAQ,젠큐릭스,40483869120,23428165,기술성장기업부
2026-08-21,082270,KOSDAQ,젬백스,448004334360,44269203,벤처기업부
2026-08-21,153890,KOSDAQ,져스텍,159425535150,12050305,기술성장기업부
2026-08-21,034940,KOSDAQ,조아제약,17038904850,30979827,중견기업부
2026-08-21,067000,KOSDAQ,조이시티,78571473304,69903446,중견기업부
2026-08-21,309930,KOSDAQ,조이웍스앤코,17715417880,19255889,중견기업부
2026-08-21,018700,KOSDAQ,졸스,17278920936,11706586,투자주의환기종목(소속부없음)
2026-08-21,033340,KOSDAQ,좋은사람들,57685582010,96950558,관리종목(소속부없음)
2026-08-21,036930,KOSDAQ,주성엔지니어링,7836717000600,46481121,우량기업부
2026-08-21,072020,KOSDAQ,중앙백신,85717792060,9256781,벤처기업부
2026-08-21,000440,KOSDAQ,중앙에너비스,72919692300,6227130,중견기업부
2026-08-21,051980,KOSDAQ,중앙첨단소재,107203499185,111091709,중견기업부
2026-08-21,221800,KOSDAQ,지구홀딩스,61358879760,16318851,투자주의환기종목(소속부없음)
2026-08-21,228760,KOSDAQ,지노믹트리,300299160160,24859202,기술성장기업부
2026-08-21,314130,KOSDAQ,지놈앤컴퍼니,219919082125,52299425,기술성장기업부
2026-08-21,389030,KOSDAQ,지니너스,78784542000,39392271,기술성장기업부
2026-08-21,263860,KOSDAQ,지니언스,127931564000,9079600,벤처기업부
2026-08-21,303030,KOSDAQ,지니틱스,18260007144,9157476,벤처기업부
2026-08-21,208350,KOSDAQ,지란지교시큐리티,22522364600,8101570,벤처기업부
2026-08-21,446840,KOSDAQ,지슨,37070912840,11016616,기술성장기업부
2026-08-21,144510,KOSDAQ,지씨셀,216780719680,15800344,중견기업부
2026-08-21,340450,KOSDAQ,지씨지놈,127477774270,23650793,기술성장기업부
2026-08-21,306620,KOSDAQ,지아이에스,84378243840,47942184,벤처기업부
2026-08-21,358570,KOSDAQ,지아이이노베이션,492257125780,64516006,기술성장기업부
2026-08-21,382480,KOSDAQ,지아이텍,64821209580,39357140,벤처기업부
2026-08-21,382800,KOSDAQ,지앤비에스 에코,164566481970,31831041,우량기업부
2026-08-21,051160,KOSDAQ,지어소프트,147471317900,15474430,중견기업부
2026-08-21,053050,KOSDAQ,지에스이,52058468392,29987597,우량기업부
2026-08-21,388610,KOSDAQ,지에프씨생명과학,29715637140,5325383,기술성장기업부
2026-08-21,493330,KOSDAQ,지에프아이,86424764750,8039513,벤처기업부
2026-08-21,119850,KOSDAQ,지엔씨에너지,793659859250,16448909,우량기업부
2026-08-21,065060,KOSDAQ,지엔코,20846543280,5990386,중견기업부
2026-08-21,204840,KOSDAQ,지엘팜텍,65218713205,15509801,기술성장기업부
2026-08-21,311320,KOSDAQ,지오엘리먼트,104700848000,12614560,기술성장기업부
2026-08-21,456160,KOSDAQ,지투지바이오,621940532400,16629426,기술성장기업부
2026-08-21,388050,KOSDAQ,지투파워,163707573750,18709437,우량기업부
2026-08-21,018120,KOSDAQ,진로발효,110440281600,6621120,우량기업부
2026-08-21,109820,KOSDAQ,진매트릭스,29162905200,20393640,기술성장기업부
2026-08-21,086060,KOSDAQ,진바이오텍,40168388355,8610587,중견기업부
2026-08-21,036890,KOSDAQ,진성티이씨,262188213700,22032623,우량기업부
2026-08-21,363250,KOSDAQ,진시스템,33905902270,8508382,기술성장기업부
2026-08-21,007370,KOSDAQ,진양제약,55760945715,14134587,우량기업부
2026-08-21,285800,KOSDAQ,진영,13171211763,17968911,벤처기업부
2026-08-21,085660,KOSDAQ,차바이오텍,764236794120,92972846,중견기업부
2026-08-21,351870,KOSDAQ,차이커뮤니케이션,23883773880,11160642,중견기업부
2026-08-21,094850,KOSDAQ,참좋은여행,58450000000,14000000,우량기업부
2026-08-21,004650,KOSDAQ,창해에탄올,85659048200,9190885,우량기업부
2026-08-21,0011T0,KOSDAQ,채비,219724085880,46949591,기술성장기업부
2026-08-21,278280,KOSDAQ,천보,414764896250,12253025,중견기업부
2026-08-21,362320,KOSDAQ,청담글로벌,97774032825,20692917,중견기업부
2026-08-21,013720,KOSDAQ,청보,28893366500,12165628,중견기업부
2026-08-21,066360,KOSDAQ,체리부로,32127850050,47952015,우량기업부
2026-08-21,047820,KOSDAQ,초록뱀미디어,74584486500,24453930,중견기업부
2026-08-21,291650,KOSDAQ,츌립앤사이언스,60428849580,30519621,기술성장기업부
2026-08-21,094360,KOSDAQ,칩스앤미디어,217823794800,21355274,벤처기업부
2026-08-21,0082N0,KOSDAQ,카나프테라퓨틱스,173838580600,13300580,기술성장기업부
2026-08-21,016920,KOSDAQ,카스,27831726756,25698732,중견기업부
2026-08-21,284620,KOSDAQ,카이노스메드,35965517911,33086953,투자주의환기종목(소속부없음)
2026-08-21,293490,KOSDAQ,카카오게임즈,908402205150,106745265,중견기업부
2026-08-21,140430,KOSDAQ,카티스,19059390981,10689507,중견기업부
2026-08-21,042000,KOSDAQ,카페24,394829499770,24178169,우량기업부
2026-08-21,313760,KOSDAQ,캐리,5244963048,11207186,관리종목(소속부없음)
2026-08-21,071850,KOSDAQ,캐스텍코리아,32436874106,24260938,투자주의환기종목(소속부없음)
2026-08-21,198080,KOSDAQ,캐프,46192971825,21535185,우량기업부
2026-08-21,210120,KOSDAQ,캔버스엔,17867868413,9694991,중견기업부
2026-08-21,050110,KOSDAQ,캠시스,29780094637,29224823,중견기업부
2026-08-21,452300,KOSDAQ,캡스톤파트너스,30393588225,14169505,중견기업부
2026-08-21,451760,KOSDAQ,컨텍,114894107040,16507774,기술성장기업부
2026-08-21,900310,KOSDAQ,컬러레이,25065911595,12808335,외국기업(소속부없음)
2026-08-21,078340,KOSDAQ,컴투스,384503753400,12091313,중견기업부
2026-08-21,291230,KOSDAQ,컴투스엔,54625550525,24011231,중견기업부
2026-08-21,063080,KOSDAQ,컴투스홀딩스,83890842240,6595192,중견기업부
2026-08-21,307930,KOSDAQ,컴퍼니케이,96157600000,15610000,중견기업부
2026-08-21,079190,KOSDAQ,케스피온,11851853208,9588878,관리종목(소속부없음)
2026-08-21,263700,KOSDAQ,케어랩스,37081122000,19414200,중견기업부
2026-08-21,214370,KOSDAQ,케어젠,2787808500000,53715000,벤처기업부
2026-08-21,221980,KOSDAQ,케이디켐,37039464000,4034800,우량기업부
2026-08-21,038530,KOSDAQ,케이바이오랩스,24880407242,25890122,중견기업부
2026-08-21,192250,KOSDAQ,케이사인,51943368750,7067125,벤처기업부
2026-08-21,431190,KOSDAQ,케이쓰리아이,20812308760,7486442,기술성장기업부
2026-08-21,115500,KOSDAQ,케이씨에스,103080000000,12000000,중견기업부
2026-08-21,089150,KOSDAQ,케이씨티,30647050000,17150000,벤처기업부
2026-08-21,025880,KOSDAQ,케이씨피드,39616583460,16715858,우량기업부
2026-08-21,093320,KOSDAQ,케이아이엔엑스,718824000000,4880000,우량기업부
2026-08-21,093640,KOSDAQ,케이알엠,134987672760,32843716,벤처기업부
2026-08-21,487400,KOSDAQ,케이앤에스아이앤씨,103019255280,10260882,기술성장기업부
2026-08-21,073010,KOSDAQ,케이에스피,111932631250,40191250,우량기업부
2026-08-21,105330,KOSDAQ,케이엔더블유,108452150400,16019520,중견기업부
2026-08-21,053080,KOSDAQ,케이엔솔,117128261070,12999807,중견기업부
2026-08-21,199430,KOSDAQ,케이엔알시스템,143546091260,11197043,기술성장기업부
2026-08-21,432470,KOSDAQ,케이엔에스,81750901920,8771556,벤처기업부
2026-08-21,272110,KOSDAQ,케이엔제이,196220907750,8025395,우량기업부
2026-08-21,039420,KOSDAQ,케이엘넷,61612678890,22946994,중견기업부
2026-08-21,083550,KOSDAQ,케이엠,43379728000,13556165,중견기업부
2026-08-21,032500,KOSDAQ,케이엠더블유,633297432010,42191701,중견기업부
2026-08-21,225430,KOSDAQ,케이엠제약,10091710300,6485675,관리종목(소속부없음)
2026-08-21,102370,KOSDAQ,케이옥션,81806996400,25888290,기술성장기업부
2026-08-21,068100,KOSDAQ,케이웨더,27850796560,11927536,기술성장기업부
2026-08-21,106080,KOSDAQ,케이이엠텍,9506998050,5761817,관리종목(소속부없음)
2026-08-21,455180,KOSDAQ,케이지에이,19343957696,14699056,벤처기업부
2026-08-21,036030,KOSDAQ,케이티알파,230389962700,49019141,우량기업부
2026-08-21,064820,KOSDAQ,케이프,229291397450,30860215,우량기업부
2026-08-21,024880,KOSDAQ,케이피에프,75379338720,19941624,우량기업부
2026-08-21,042040,KOSDAQ,케이피엠테크,40753657700,8670991,중견기업부
2026-08-21,054410,KOSDAQ,케이피티유,20357508420,5726444,중견기업부
2026-08-21,288180,KOSDAQ,케이피항공산업,59146096000,7393262,중견기업부
2026-08-21,258610,KOSDAQ,케일럼,41884852324,36485063,중견기업부
2026-08-21,274090,KOSDAQ,켄코아에어로스페이스,136226907230,13774207,기술성장기업부
2026-08-21,089010,KOSDAQ,켐트로닉스,361394081850,16770027,우량기업부
2026-08-21,220260,KOSDAQ,켐트로스,120751287075,32072055,벤처기업부
2026-08-21,052400,KOSDAQ,코나아이,573793665400,14563291,우량기업부
2026-08-21,402030,KOSDAQ,코난테크놀로지,167734339200,12517488,기술성장기업부
2026-08-21,391710,KOSDAQ,코닉오토메이션,48246372040,42620470,벤처기업부
2026-08-21,046070,KOSDAQ,코다코,159196994920,15486089,관리종목(소속부없음)
2026-08-21,047770,KOSDAQ,코데즈컴바인,131313828940,37842602,중견기업부
2026-08-21,080530,KOSDAQ,코디,27513134740,11071684,중견기업부
2026-08-21,104540,KOSDAQ,코렌텍,53361491800,13407410,기술성장기업부
2026-08-21,027050,KOSDAQ,코리아나,55080000000,40000000,중견기업부
2026-08-21,190650,KOSDAQ,코리아에셋투자증권,44013320000,6388000,우량기업부
2026-08-21,123410,KOSDAQ,코리아에프티,150620156240,27841064,우량기업부
2026-08-21,036690,KOSDAQ,코맥스,125692107675,43567455,관리종목(소속부없음)
2026-08-21,049430,KOSDAQ,코메론,180145680000,9048000,우량기업부
2026-08-21,183300,KOSDAQ,코미코,1422762717500,51363275,우량기업부
2026-08-21,041960,KOSDAQ,코미팜,684927808650,73886495,벤처기업부
2026-08-21,089890,KOSDAQ,코세스,365698412100,16584962,우량기업부
2026-08-21,360350,KOSDAQ,코셈,32682199700,5437970,기술성장기업부
2026-08-21,082660,KOSDAQ,코스나인,47827617120,99640869,관리종목(소속부없음)
2026-08-21,043710,KOSDAQ,코스리거글로벌,54361256280,17312502,중견기업부
2026-08-21,222040,KOSDAQ,코스맥스엔비티,166261680000,20628000,중견기업부
2026-08-21,241710,KOSDAQ,코스메카코리아,1466364000000,10680000,우량기업부
2026-08-21,439960,KOSDAQ,코스모로보틱스,435811907180,32450626,기술성장기업부
2026-08-21,355150,KOSDAQ,코스텍시스,150566828500,7797350,벤처기업부
2026-08-21,166480,KOSDAQ,코아스템켐온,105476400120,52870376,벤처기업부
2026-08-21,045970,KOSDAQ,코아시아,77102586680,26314876,중견기업부
2026-08-21,196450,KOSDAQ,코아시아씨엠,35802800000,45320000,중견기업부
2026-08-21,384470,KOSDAQ,코어라인소프트,47020333040,17946692,기술성장기업부
2026-08-21,102940,KOSDAQ,코오롱생명과학,197668105300,13090603,중견기업부
2026-08-21,950160,KOSDAQ,코오롱티슈진,1763130820000,84970160,외국기업(소속부없음)
2026-08-21,056360,KOSDAQ,코위버,51433200000,9796800,벤처기업부
2026-08-21,282880,KOSDAQ,코윈테크,109105785060,11694082,우량기업부
2026-08-21,121850,KOSDAQ,코이즈,3019028403,5056999,관리종목(소속부없음)
2026-08-21,448710,KOSDAQ,코츠테크놀로지,58349623680,5285292,벤처기업부
2026-08-21,126730,KOSDAQ,코칩,160931812100,8770126,벤처기업부
2026-08-21,015710,KOSDAQ,코콤,50312535000,17530500,우량기업부
2026-08-21,052330,KOSDAQ,코텍,204258273500,17761589,우량기업부
2026-08-21,322780,KOSDAQ,코퍼스코리아,18488149800,8974830,중견기업부
2026-08-21,215380,KOSDAQ,콜마바이오텍,35762849000,16829576,중견기업부
2026-08-21,200130,KOSDAQ,콜마비앤에이치,271505600340,29415558,우량기업부
2026-08-21,294570,KOSDAQ,쿠콘,270963004200,10091732,우량기업부
2026-08-21,464490,KOSDAQ,쿼드메디슨,58788418560,11482113,기술성장기업부
2026-08-21,317690,KOSDAQ,퀀타매트릭스,48827445325,20135029,기술성장기업부
2026-08-21,070300,KOSDAQ,퀀텀레일,73891436320,35524729,벤처기업부
2026-08-21,432720,KOSDAQ,퀄리타스반도체,123148124960,14187572,기술성장기업부
2026-08-21,365270,KOSDAQ,큐라클,240181793280,22156992,기술성장기업부
2026-08-21,348080,KOSDAQ,큐라티스,35789430870,12827753,중견기업부
2026-08-21,060280,KOSDAQ,큐렉소,357309781400,41259790,중견기업부
2026-08-21,372320,KOSDAQ,큐로셀,356315356800,15227152,기술성장기업부
2026-08-21,051780,KOSDAQ,큐로홀딩스,17454619325,6335615,중견기업부
2026-08-21,115180,KOSDAQ,큐리언트,930307544800,37512401,벤처기업부
2026-08-21,494120,KOSDAQ,큐리오시스,145730746200,15259764,기술성장기업부
2026-08-21,445680,KOSDAQ,큐리옥스바이오시스템즈,744040778750,17203255,기술성장기업부
2026-08-21,182360,KOSDAQ,큐브엔터,85184331280,15544586,우량기업부
2026-08-21,405100,KOSDAQ,큐알티,121418293880,12289301,중견기업부
2026-08-21,066310,KOSDAQ,큐에스아이,64715914580,9271621,벤처기업부
2026-08-21,377460,KOSDAQ,큐에이드,253187202960,62055687,관리종목(소속부없음)
2026-08-21,016600,KOSDAQ,큐캐피탈,33158802375,13961601,중견기업부
2026-08-21,355390,KOSDAQ,크라우드웍스,24954468768,15874344,기술성장기업부
2026-08-21,096240,KOSDAQ,크레버스,85795948400,10238180,우량기업부
2026-08-21,040350,KOSDAQ,크레오에스지,138794810040,19856196,벤처기업부
2026-08-21,110790,KOSDAQ,크리스에프앤씨,69121332000,23430960,우량기업부
2026-08-21,900250,KOSDAQ,크리스탈신소재,42798926195,35815001,외국기업(소속부없음)
2026-08-21,045520,KOSDAQ,크린앤사이언스,16217500000,6500000,관리종목(소속부없음)
2026-08-21,214150,KOSDAQ,클래시스,2097326436850,65235659,우량기업부
2026-08-21,466100,KOSDAQ,클로봇,691218338850,25459239,기술성장기업부
2026-08-21,237880,KOSDAQ,클리오,228602615450,18071353,우량기업부
2026-08-21,139670,KOSDAQ,키네마스터,27065758770,14118810,중견기업부
2026-08-21,475430,KOSDAQ,키스트론,77460797400,17848110,중견기업부
2026-08-21,487720,KOSDAQ,키움제10호스팩,8544600000,4230000,SPAC(소속부없음)
2026-08-21,489480,KOSDAQ,키움제11호스팩,13497000000,6600000,SPAC(소속부없음)
2026-08-21,466690,KOSDAQ,키움히어로제1호스팩,10240950000,5095000,SPAC(소속부없음)
2026-08-21,0131D0,KOSDAQ,키움히어로제2호스팩,12386530000,6310000,SPAC(소속부없음)
2026-08-21,054780,KOSDAQ,키이스트,25024370489,19657793,중견기업부
2026-08-21,256940,KOSDAQ,킵스파마,107418086450,20078147,벤처기업부
2026-08-21,219130,KOSDAQ,타이거일렉,406008847000,6314290,벤처기업부
2026-08-21,336680,KOSDAQ,탑런토탈솔루션,100995539640,39145558,중견기업부
2026-08-21,360070,KOSDAQ,탑머티리얼,64389457980,8192043,중견기업부
2026-08-21,065130,KOSDAQ,탑엔지니어링,46011500000,16004000,중견기업부
2026-08-21,134580,KOSDAQ,탑코미디어,116087720895,49294149,중견기업부
2026-08-21,023160,KOSDAQ,태광,521224926300,25867242,우량기업부
2026-08-21,323280,KOSDAQ,태성,1479565131000,30537980,중견기업부
2026-08-21,053620,KOSDAQ,태양,58308000000,8600000,우량기업부
2026-08-21,044490,KOSDAQ,태웅,563207775150,20007381,우량기업부
2026-08-21,124560,KOSDAQ,태웅로직스,75195814962,38720811,우량기업부
2026-08-21,191420,KOSDAQ,테고사이언스,61221696700,8108834,벤처기업부
2026-08-21,950250,KOSDAQ,테라뷰,82223547265,35517731,기술성장기업부
2026-08-21,073640,KOSDAQ,테라사이언스,76111715580,116378770,관리종목(소속부없음)
2026-08-21,066700,KOSDAQ,테라젠이텍스,76719656440,37152376,중견기업부
2026-08-21,095610,KOSDAQ,테스,2572944000000,19360000,우량기업부
2026-08-21,064520,KOSDAQ,테크엘,33034869636,22351062,중견기업부
2026-08-21,089030,KOSDAQ,테크윙,1793396418000,37053645,중견기업부
2026-08-21,054450,KOSDAQ,텔레칩스,140084155250,15144233,중견기업부
2026-08-21,200230,KOSDAQ,텔콘RF제약,20481701040,9482269,중견기업부
2026-08-21,393210,KOSDAQ,토마토시스템,37084542000,15614544,기술성장기업부
2026-08-21,475960,KOSDAQ,토모큐브,388787619900,13476174,기술성장기업부
2026-08-21,215480,KOSDAQ,토박스코리아,23735400000,10740000,중견기업부
2026-08-21,051360,KOSDAQ,토비스,105865514640,9641668,우량기업부
2026-08-21,045340,KOSDAQ,토탈소프트,56055162000,8558040,벤처기업부
2026-08-21,108230,KOSDAQ,톱텍,105704621100,38023245,우량기업부
2026-08-21,079970,KOSDAQ,투비소프트,7646223464,12829234,관리종목(소속부없음)
2026-08-21,199800,KOSDAQ,툴젠,332912273000,8997629,기술성장기업부
2026-08-21,417790,KOSDAQ,트루엔,69300748420,10468391,벤처기업부
2026-08-21,290090,KOSDAQ,트윔,30692343000,7440568,벤처기업부
2026-08-21,026150,KOSDAQ,특수건설,65623277940,17546331,중견기업부
2026-08-21,464280,KOSDAQ,티디에스팜,33677700000,5530000,중견기업부
2026-08-21,117730,KOSDAQ,티로보틱스,290773174270,22558043,벤처기업부
2026-08-21,033830,KOSDAQ,티비씨,30553922080,18907130,중견기업부
2026-08-21,057680,KOSDAQ,티사이언티픽,24099979134,15792909,벤처기업부
2026-08-21,204610,KOSDAQ,티쓰리,182240801600,55561220,벤처기업부
2026-08-21,125020,KOSDAQ,티씨머티리얼즈,177645448500,35038550,중견기업부
2026-08-21,064760,KOSDAQ,티씨케이,2520958308000,11179416,우량기업부
2026-08-21,246710,KOSDAQ,티앤알바이오팹,116778034800,47664504,기술성장기업부
2026-08-21,340570,KOSDAQ,티앤엘,241401600000,8128000,우량기업부
2026-08-21,043220,KOSDAQ,티에스넥스젠,28191099330,16486023,관리종목(소속부없음)
2026-08-21,277880,KOSDAQ,티에스아이,66970840500,19843212,우량기업부
2026-08-21,131290,KOSDAQ,티에스이,2455637238000,11061429,우량기업부
2026-08-21,425420,KOSDAQ,티에프이,503764984800,12347181,우량기업부
2026-08-21,484810,KOSDAQ,티엑스알로보틱스,216467319150,15450915,벤처기업부
2026-08-21,131100,KOSDAQ,티엔엔터테인먼트,14704504320,6449344,중견기업부
2026-08-21,356860,KOSDAQ,티엘비,737109186000,23701260,우량기업부
2026-08-21,321550,KOSDAQ,티움바이오,124659671250,30038475,기술성장기업부
2026-08-21,425040,KOSDAQ,티이엠씨,191167670560,21922898,우량기업부
2026-08-21,241790,KOSDAQ,티이엠씨씨엔에스,55514618700,10002634,우량기업부
2026-08-21,022220,KOSDAQ,티케이지애강,31232131137,51794579,관리종목(소속부없음)
2026-08-21,104480,KOSDAQ,티케이케미칼,152795224554,90895434,중견기업부
2026-08-21,081150,KOSDAQ,티플랙스,65767369420,24268402,중견기업부
2026-08-21,130740,KOSDAQ,티피씨글로벌,24244859850,11276679,중견기업부
2026-08-21,084730,KOSDAQ,팅크웨어,69878276960,11109424,중견기업부
2026-08-21,440110,KOSDAQ,파두,3101872571300,50111027,기술성장기업부
2026-08-21,290560,KOSDAQ,파라택시스이더리움,30458038260,22362730,벤처기업부
2026-08-21,288330,KOSDAQ,파라택시스코리아,44129674368,106080948,관리종목(소속부없음)
2026-08-21,033540,KOSDAQ,파라텍,35005041100,10449266,중견기업부
2026-08-21,388870,KOSDAQ,파로스아이바이오,65894793880,12945932,기술성장기업부
2026-08-21,043200,KOSDAQ,파루,21403809280,41804315,벤처기업부
2026-08-21,214450,KOSDAQ,파마리서치,4161054024000,10389648,우량기업부
2026-08-21,177830,KOSDAQ,파버나인,26163043830,11325993,벤처기업부
2026-08-21,037070,KOSDAQ,파세코,106400000000,20000000,중견기업부
2026-08-21,150900,KOSDAQ,파수AI,41490403490,11703922,벤처기업부
2026-08-21,037030,KOSDAQ,파워넷,81258879520,25512992,우량기업부
2026-08-21,047310,KOSDAQ,파워로직스,106903404600,36610755,우량기업부
2026-08-21,368770,KOSDAQ,파이버프로,434332854500,32854225,벤처기업부
2026-08-21,170790,KOSDAQ,파이오링크,52778013750,6397335,우량기업부
2026-08-21,900100,KOSDAQ,파이온엑스,9391369000,5276050,관리종목(소속부없음)
2026-08-21,049120,KOSDAQ,파인디앤씨,28624490100,10601663,벤처기업부
2026-08-21,038950,KOSDAQ,파인디지털,31653371500,10210765,중견기업부
2026-08-21,387570,KOSDAQ,파인메딕스,34374249000,5625900,기술성장기업부
2026-08-21,441270,KOSDAQ,파인엠텍,289509017120,42079799,벤처기업부
2026-08-21,106240,KOSDAQ,파인테크닉스,29454426240,23946688,벤처기업부
2026-08-21,131760,KOSDAQ,파인텍,14966522468,8686316,벤처기업부
2026-08-21,065690,KOSDAQ,파커스,20292502323,12014507,투자주의환기종목(소속부없음)
2026-08-21,140860,KOSDAQ,파크시스템스,1817140705500,7002469,우량기업부
2026-08-21,091700,KOSDAQ,파트론,274000000000,50000000,우량기업부
2026-08-21,032800,KOSDAQ,판타지오,19439974320,12461522,중견기업부
2026-08-21,318010,KOSDAQ,팜스빌,28704203560,7929338,벤처기업부
2026-08-21,027710,KOSDAQ,팜스토리,117767346200,111416600,우량기업부
2026-08-21,225590,KOSDAQ,패션플랫폼,15671410560,5121376,관리종목(소속부없음)
2026-08-21,054300,KOSDAQ,팬스타엔터프라이즈,63658039500,57870945,벤처기업부
2026-08-21,068050,KOSDAQ,팬엔터테인먼트,32623621528,27694076,중견기업부
2026-08-21,222110,KOSDAQ,팬젠,65950803920,13514509,기술성장기업부
2026-08-21,271830,KOSDAQ,팸텍,32704634018,29490202,벤처기업부
2026-08-21,263750,KOSDAQ,펄어비스,2023573902000,62843910,우량기업부
2026-08-21,251970,KOSDAQ,펌텍코리아,741520000000,12400000,우량기업부
2026-08-21,187660,KOSDAQ,페니트리움바이오,185811947550,55466253,중견기업부
2026-08-21,0015S0,KOSDAQ,페스카로,68968442700,9866730,기술성장기업부
2026-08-21,168360,KOSDAQ,펨트론,272293493120,22392557,벤처기업부
2026-08-21,087010,KOSDAQ,펩트론,4164478710000,23317350,기술성장기업부
2026-08-21,064800,KOSDAQ,포니링크,69654975775,25561459,중견기업부
2026-08-21,119500,KOSDAQ,포메탈,29736552320,11847232,중견기업부
2026-08-21,389140,KOSDAQ,포바이포,69065517400,14269735,벤처기업부
2026-08-21,105760,KOSDAQ,포스뱅크,49120075340,10190887,우량기업부
2026-08-21,009520,KOSDAQ,포스코엠텍,473061106080,41642703,중견기업부
2026-08-21,189690,KOSDAQ,포시에스,41911900446,27321969,벤처기업부
2026-08-21,318020,KOSDAQ,포인트모바일,33828498000,12301272,벤처기업부
2026-08-21,256630,KOSDAQ,포인트엔지니어링,48949527080,11599414,벤처기업부
2026-08-21,331380,KOSDAQ,포커스에이아이,72865805938,36560866,투자주의환기종목(소속부없음)
2026-08-21,208710,KOSDAQ,포톤,37761078180,13180132,중견기업부
2026-08-21,472850,KOSDAQ,폰드그룹,270874622660,57571652,중견기업부
2026-08-21,039980,KOSDAQ,폴라리스AI,84992974740,14381214,중견기업부
2026-08-21,041910,KOSDAQ,폴라리스AI파마,68409252500,13283350,우량기업부
2026-08-21,220180,KOSDAQ,폴라리스AI핸디,34125380692,23930842,벤처기업부
2026-08-21,234100,KOSDAQ,폴라리스세원,38329294500,14601636,우량기업부
2026-08-21,041020,KOSDAQ,폴라리스오피스,143586161770,49683793,벤처기업부
2026-08-21,114630,KOSDAQ,폴라리스우노,25215167824,17235248,우량기업부
2026-08-21,487580,KOSDAQ,폴레드,83103441300,25182861,벤처기업부
2026-08-21,290720,KOSDAQ,푸드나무,111777369890,38149273,중견기업부
2026-08-21,005670,KOSDAQ,푸드웰,61200000000,10000000,우량기업부
2026-08-21,094940,KOSDAQ,푸른로보틱스,56439355500,8361386,벤처기업부
2026-08-21,007330,KOSDAQ,푸른저축은행,150828000000,15082800,투자주의환기종목(소속부없음)
2026-08-21,093380,KOSDAQ,풍강,29242766480,9879313,중견기업부
2026-08-21,023900,KOSDAQ,풍국주정,89712000000,12600000,우량기업부
2026-08-21,371950,KOSDAQ,풍원정밀,79273251600,22779670,기술성장기업부
2026-08-21,298060,KOSDAQ,풍전약품,24189991970,9637447,관리종목(소속부없음)
2026-08-21,370090,KOSDAQ,퓨런티어,53223482600,8556830,기술성장기업부
2026-08-21,445180,KOSDAQ,퓨릿,144389179200,17189188,우량기업부
2026-08-21,220100,KOSDAQ,퓨쳐켐,181662102000,22427420,기술성장기업부
2026-08-21,035200,KOSDAQ,프럼파스트,24893948700,9219981,벤처기업부
2026-08-21,334970,KOSDAQ,프레스티지바이오로직스,134512062010,77752637,기술성장기업부
2026-08-21,321260,KOSDAQ,프로이천,45191910652,28192084,벤처기업부
2026-08-21,053610,KOSDAQ,프로텍,532800000000,9000000,우량기업부
2026-08-21,468530,KOSDAQ,프로티나,404992133600,11035208,기술성장기업부
2026-08-21,303360,KOSDAQ,프로티아,61565037700,12879715,기술성장기업부
2026-08-21,377220,KOSDAQ,프롬바이오,16787830000,5662000,기술성장기업부
2026-08-21,335810,KOSDAQ,프리시젼바이오,31607288640,21949506,기술성장기업부
2026-08-21,053160,KOSDAQ,프리엠스,55560000000,6000000,중견기업부
2026-08-21,405000,KOSDAQ,플라즈맵,18807362000,5373532,벤처기업부
2026-08-21,041590,KOSDAQ,플래스크,116064014460,48972158,관리종목(소속부없음)
2026-08-21,367000,KOSDAQ,플래티어,28477962765,8388207,벤처기업부
2026-08-21,075130,KOSDAQ,플랜티넷,32486474800,16122320,벤처기업부
2026-08-21,237820,KOSDAQ,플레이디,28540386500,12827140,중견기업부
2026-08-21,023770,KOSDAQ,플레이위드,20845333350,8946495,중견기업부
2026-08-21,300080,KOSDAQ,플리토,139140951930,16505451,기술성장기업부
2026-08-21,033790,KOSDAQ,피노,465769348330,83321887,중견기업부
2026-08-21,032580,KOSDAQ,피델릭스,129877690880,33132064,중견기업부
2026-08-21,0117P0,KOSDAQ,피스피스스튜디오,73536648090,14168911,중견기업부
2026-08-21,051380,KOSDAQ,피씨디렉트,23915172248,15340072,중견기업부
2026-08-21,241820,KOSDAQ,피씨엘,16803871920,2782098,관리종목(소속부없음)
2026-08-21,452450,KOSDAQ,피아이이,115651485000,36028500,벤처기업부
2026-08-21,237750,KOSDAQ,피앤씨테크,23095413000,6496600,벤처기업부
2026-08-21,460940,KOSDAQ,피앤에스로보틱스,68756480800,13455280,기술성장기업부
2026-08-21,319660,KOSDAQ,피에스케이,3539732450800,28966714,우량기업부
2026-08-21,031980,KOSDAQ,피에스케이홀딩스,2317957462500,21562395,우량기업부
2026-08-21,002230,KOSDAQ,피에스텍,92657982100,18421070,우량기업부
2026-08-21,043370,KOSDAQ,피에이치에이,225540000000,21000000,우량기업부
2026-08-21,239890,KOSDAQ,피엔에이치테크,31049234375,9935755,기술성장기업부
2026-08-21,347740,KOSDAQ,피엔케이피부임상연구센타,57500263616,30010576,벤처기업부
2026-08-21,137400,KOSDAQ,피엔티,660971311200,23690728,우량기업부
2026-08-21,257370,KOSDAQ,피엔티엠에스,24522032421,12504861,벤처기업부
2026-08-21,147760,KOSDAQ,피엠티,63300000000,20000000,벤처기업부
2026-08-21,128660,KOSDAQ,피제이메탈,72425837480,24803369,우량기업부
2026-08-21,006140,KOSDAQ,피제이전자,69716850000,14865000,우량기업부
2026-08-21,376180,KOSDAQ,피코그램,28231338798,18561038,벤처기업부
2026-08-21,304840,KOSDAQ,피플바이오,13643890260,24320660,벤처기업부
2026-08-21,087600,KOSDAQ,픽셀플러스,30869589240,8166558,벤처기업부
2026-08-21,291810,KOSDAQ,핀텔,14745219464,11368712,관리종목(소속부없음)
2026-08-21,378340,KOSDAQ,필에너지,213841554160,21643882,중견기업부
2026-08-21,161580,KOSDAQ,필옵틱스,618875320800,23442247,중견기업부
2026-08-21,347770,KOSDAQ,핌스,20665648224,22659702,중견기업부
2026-08-21,163730,KOSDAQ,핑거,115591197540,12015717,벤처기업부
2026-08-21,417180,KOSDAQ,핑거스토리,16956761025,4309215,중견기업부
2026-08-21,469900,KOSDAQ,하나31호스팩,11742475000,5605000,SPAC(소속부없음)
2026-08-21,475240,KOSDAQ,하나32호스팩,6672000000,3200000,SPAC(소속부없음)
2026-08-21,475250,KOSDAQ,하나33호스팩,7696000000,3700000,SPAC(소속부없음)
2026-08-21,484130,KOSDAQ,하나34호스팩,9153000000,4520000,SPAC(소속부없음)
2026-08-21,0041L0,KOSDAQ,하나35호스팩,12029850000,6030000,SPAC(소속부없음)
2026-08-21,0101C0,KOSDAQ,하나36호스팩,15325200000,7740000,SPAC(소속부없음)
2026-08-21,299030,KOSDAQ,하나기술,104493473700,7994910,벤처기업부
2026-08-21,067310,KOSDAQ,하나마이크론,2327180415000,66490869,중견기업부
2026-08-21,166090,KOSDAQ,하나머티리얼즈,1056127791600,19777674,우량기업부
2026-08-21,136480,KOSDAQ,하림,278269419240,106209702,우량기업부
2026-08-21,003380,KOSDAQ,하림지주,1185019470180,112005621,우량기업부
2026-08-21,450330,KOSDAQ,하스,40811412355,8186843,기술성장기업부
2026-08-21,101670,KOSDAQ,하이드로리튬,31227452850,56777187,중견기업부
2026-08-21,365590,KOSDAQ,하이딥,28825792650,36814550,기술성장기업부
2026-08-21,149980,KOSDAQ,하이로닉,85479258620,17199046,중견기업부
2026-08-21,013030,KOSDAQ,하이록코리아,352455912800,11768144,우량기업부
2026-08-21,126700,KOSDAQ,하이비젼시스템,156892176000,14942112,우량기업부
2026-08-21,160190,KOSDAQ,하이젠알앤엠,563706000000,30888000,중견기업부
2026-08-21,221840,KOSDAQ,하이즈항공,37176715268,18700561,중견기업부
2026-08-21,106190,KOSDAQ,하이텍팜,124620787560,10633173,우량기업부
2026-08-21,065650,KOSDAQ,하이퍼코퍼레이션,18126554472,10945987,중견기업부
2026-08-21,066130,KOSDAQ,하츠,42688000000,12800000,우량기업부
2026-08-21,004590,KOSDAQ,한국가구,72000000000,15000000,중견기업부
2026-08-21,039340,KOSDAQ,한국경제TV,106480000000,22000000,우량기업부
2026-08-21,034950,KOSDAQ,한국기업평가,459954068200,4540514,우량기업부
2026-08-21,222980,KOSDAQ,한국맥널티,24214105185,11031483,벤처기업부
2026-08-21,256840,KOSDAQ,한국비엔씨,163463777540,68394886,우량기업부
2026-08-21,219750,KOSDAQ,한국비티비,21276823002,13085377,중견기업부
2026-08-21,025550,KOSDAQ,한국선재,54855108600,25514004,중견기업부
2026-08-21,017890,KOSDAQ,한국알콜,269789253300,20673506,우량기업부
2026-08-21,080720,KOSDAQ,한국유니온제약,21562456300,7912828,관리종목(소속부없음)
2026-08-21,041460,KOSDAQ,한국전자인증,64125000000,19000000,중견기업부
2026-08-21,101680,KOSDAQ,한국정밀기계,23026960000,8404000,중견기업부
2026-08-21,039740,KOSDAQ,한국정보공학,24335834895,8018397,벤처기업부
2026-08-21,053300,KOSDAQ,한국정보인증,190575195720,40591096,우량기업부
2026-08-21,025770,KOSDAQ,한국정보통신,289818657540,37444271,우량기업부
2026-08-21,479880,KOSDAQ,한국제15호스팩,14152200000,6870000,SPAC(소속부없음)
2026-08-21,0164H0,KOSDAQ,한국제16호스팩,13182750000,6750000,SPAC(소속부없음)
2026-08-21,062970,KOSDAQ,한국첨단소재,67079121450,28544307,중견기업부
2026-08-21,023760,KOSDAQ,한국캐피탈,211458415920,315609576,우량기업부
2026-08-21,054040,KOSDAQ,한국컴퓨터,72481517900,16071290,우량기업부
2026-08-21,021650,KOSDAQ,한국큐빅,33273395705,16350563,중견기업부
2026-08-21,032300,KOSDAQ,한국파마,82236525540,10906701,중견기업부
2026-08-21,037230,KOSDAQ,한국팩키지,39366231967,29800327,우량기업부
2026-08-21,448900,KOSDAQ,한국피아이엠,320123883900,6074457,기술성장기업부
2026-08-21,052600,KOSDAQ,한네트,34517644500,11563700,중견기업부
2026-08-21,256150,KOSDAQ,한독크린텍,40631800000,8395000,벤처기업부
2026-08-21,092460,KOSDAQ,한라IMS,293944302400,17109680,우량기업부
2026-08-21,125490,KOSDAQ,한라캐스트,408096295360,36502352,벤처기업부
2026-08-21,452190,KOSDAQ,한빛레이저,81808304940,23920557,벤처기업부
2026-08-21,047080,KOSDAQ,한빛소프트,23283375556,24822362,중견기업부
2026-08-21,452280,KOSDAQ,한선엔지니어링,190744409700,19247670,우량기업부
2026-08-21,066980,KOSDAQ,한성크린텍,85231976928,53638752,벤처기업부
2026-08-21,114810,KOSDAQ,한솔아이원스,343065291060,28143174,우량기업부
2026-08-21,042520,KOSDAQ,한스바이오메드,242585852670,14261367,벤처기업부
2026-08-21,430690,KOSDAQ,한싹,25930823520,10895304,벤처기업부
2026-08-21,078350,KOSDAQ,한양디지텍,324705336600,15244382,우량기업부
2026-08-21,045100,KOSDAQ,한양이엔지,508375000000,17500000,우량기업부
2026-08-21,320000,KOSDAQ,한울반도체,68929289900,6913670,중견기업부
2026-08-21,091440,KOSDAQ,한울소재과학,106121223525,34510967,투자주의환기종목(소속부없음)
2026-08-21,276730,KOSDAQ,한울앤제주,36349614000,22577400,투자주의환기종목(소속부없음)
2026-08-21,024740,KOSDAQ,한일단조,67932406185,32897049,우량기업부
2026-08-21,005860,KOSDAQ,한일사료,93189715025,39403685,우량기업부
2026-08-21,007770,KOSDAQ,한일화학,26289900000,3510000,중견기업부
2026-08-21,198940,KOSDAQ,한주라이트메탈,25603951360,19909760,중견기업부
2026-08-21,058450,KOSDAQ,한주에이알티,11713599240,5397972,투자주의환기종목(소속부없음)
2026-08-21,107640,KOSDAQ,한중엔시에스,295063992300,9064946,기술성장기업부
2026-08-21,079170,KOSDAQ,한창산업,29328000000,5200000,우량기업부
2026-08-21,030520,KOSDAQ,한컴,413715419840,24179744,우량기업부
2026-08-21,054920,KOSDAQ,한컴위드,99606295930,28217081,중견기업부
2026-08-21,457370,KOSDAQ,한켐,75831059600,8067134,중견기업부
2026-08-21,002680,KOSDAQ,한탑,14316340185,6463359,관리종목(소속부없음)
2026-08-21,098070,KOSDAQ,한텍,263014984650,11121141,중견기업부
2026-08-21,408470,KOSDAQ,한패스,54445800000,10572000,중견기업부
2026-08-21,498390,KOSDAQ,한화플러스제5호스팩,10093600000,4960000,SPAC(소속부없음)
2026-08-21,034810,KOSDAQ,해성산업,185059690720,31580152,중견기업부
2026-08-21,03481K,KOSDAQ,해성산업1우,8416237830,1377453,중견기업부
2026-08-21,059270,KOSDAQ,해성에어로보틱스,62860633370,11165299,기술성장기업부
2026-08-21,076610,KOSDAQ,해성옵틱스,87195656960,59236180,벤처기업부
2026-08-21,900270,KOSDAQ,헝셩그룹,10735805220,25561441,외국기업(소속부없음)
2026-08-21,214180,KOSDAQ,헥토이노베이션,183206474700,12993367,우량기업부
2026-08-21,234340,KOSDAQ,헥토파이낸셜,275501336320,13970656,우량기업부
2026-08-21,084990,KOSDAQ,헬릭스미스,139200246940,46092797,기술성장기업부
2026-08-21,170030,KOSDAQ,현대공업,74475700000,15340000,우량기업부
2026-08-21,319400,KOSDAQ,현대무벡스,2544942491150,111376039,우량기업부
2026-08-21,048410,KOSDAQ,현대바이오,641762053800,96505572,중견기업부
2026-08-21,052260,KOSDAQ,현대바이오랜드,120750000000,30000000,우량기업부
2026-08-21,016790,KOSDAQ,현대사료,187340898626,188471729,관리종목(소속부없음)
2026-08-21,041440,KOSDAQ,현대에버다임,107942357600,17841712,우량기업부
2026-08-21,039010,KOSDAQ,현대에이치티,61755000000,8625000,우량기업부
2026-08-21,090850,KOSDAQ,현대이지웰,112277125485,22477903,우량기업부
2026-08-21,460930,KOSDAQ,현대힘스,475842991400,35510671,우량기업부
2026-08-21,092300,KOSDAQ,현우산업,53195659440,20149871,우량기업부
2026-08-21,011080,KOSDAQ,형지I&C,6031822700,7096262,관리종목(소속부없음)
2026-08-21,308100,KOSDAQ,형지글로벌,10018159224,25819998,관리종목(소속부없음)
2026-08-21,064240,KOSDAQ,홈캐스트,52735261520,34694251,벤처기업부
2026-08-21,039610,KOSDAQ,화성밸브,53925872000,10410400,우량기업부
2026-08-21,126640,KOSDAQ,화신정공,159854949600,35055910,우량기업부
2026-08-21,127980,KOSDAQ,화인써키트,34041966500,11840684,중견기업부
2026-08-21,061250,KOSDAQ,화일약품,66835616960,8417584,우량기업부
2026-08-21,097870,KOSDAQ,효성오앤비,39011550000,8490000,중견기업부
2026-08-21,290270,KOSDAQ,휴네시온,26661289800,9607672,벤처기업부
2026-08-21,353190,KOSDAQ,휴럼,21697509420,7875684,중견기업부
2026-08-21,090710,KOSDAQ,휴림로봇,792676362270,119559029,중견기업부
2026-08-21,078590,KOSDAQ,휴림에이텍,29126152385,9991819,중견기업부
2026-08-21,205470,KOSDAQ,휴마시스,71680877905,24675001,중견기업부
2026-08-21,115160,KOSDAQ,휴맥스,21709966320,4307533,중견기업부
2026-08-21,028080,KOSDAQ,휴맥스홀딩스,11209432780,2530346,관리종목(소속부없음)
2026-08-21,200670,KOSDAQ,휴메딕스,281871243000,11229930,우량기업부
2026-08-21,065510,KOSDAQ,휴비츠,73208233350,10877895,우량기업부
2026-08-21,263920,KOSDAQ,휴엠앤씨,32713101710,9809026,중견기업부
2026-08-21,243070,KOSDAQ,휴온스,298293658500,11979665,우량기업부
2026-08-21,084110,KOSDAQ,휴온스글로벌,286744741800,12659812,우량기업부
2026-08-21,145020,KOSDAQ,휴젤,3066217385000,12515173,우량기업부
2026-08-21,024060,KOSDAQ,흥구석유,152400000000,15000000,중견기업부
2026-08-21,010240,KOSDAQ,흥국,63329460000,11706000,우량기업부
2026-08-21,189980,KOSDAQ,흥국에프엔비,45235331029,40137827,우량기업부
2026-08-21,037440,KOSDAQ,희림,54158427750,13922475,우량기업부
2026-08-21,238490,KOSDAQ,힘스,24830358020,11312236,벤처기업부
