출발일,code,유형,국면,PER,PBR,EPS,DIV,ex,f40,peak6,PER군,PBR군,DIV군
2002-02-15,000660,A,주의,0.0,0.0,0.0,0.0,-5.0,-32.25806451612902,10.7,적자/무실적,,무배당
2002-03-08,030200,B,주의,18.02,0.0,3236.0,1.03,7.118644067796601,-4.23728813559322,13.2,중고PER(15~30),,배당<2%
2002-04-12,003620,A,주의,0.0,0.0,0.0,0.0,-5.328078078078089,-43.75959436200399,2.7,적자/무실적,,무배당
2002-04-23,009720,A,주의,5.27,0.0,21265.0,1.79,-6.5979296875,-5.87499999999999,12.1,저PER(<8),,배당<2%
2002-04-25,008270,A,실행,0.0,0.0,0.0,0.0,-5.0,-36.27118644067797,3.4,적자/무실적,,무배당
2002-04-26,002610,B,실행,10.16,0.0,4431.0,2.22,-5.39117393759706,-54.00254129606099,-15.0,중PER(8~15),,배당2%+
2002-04-29,002610,A,실행,10.16,0.0,4431.0,2.22,-5.66742719924707,-48.20627802690582,-14.9,중PER(8~15),,배당2%+
2002-04-30,001830,A,실행,0.0,0.62,0.0,0.0,9.43025540275048,-10.21611001964636,37.7,적자/무실적,저PBR(<0.8),무배당
2002-05-15,015940,A,실행,0.0,0.9,0.0,0.0,-5.0,-22.151898734177212,0.4,적자/무실적,중PBR(0.8~1.5),무배당
2002-05-29,008770,A,실행,43.65,0.99,252.0,1.82,-6.2360594795539,-16.109045848822802,0.0,고PER(30+),중PBR(0.8~1.5),배당<2%
2002-05-30,009410,A,실행,6.35,1.07,6711.0,2.11,7.14285714285714,-10.28571428571427,11.4,저PER(<8),중PBR(0.8~1.5),배당2%+
2002-05-31,017670,B,실행,20.53,3.36,13176.0,0.26,-8.9706099815157,-16.82070240295747,5.2,중고PER(15~30),고PBR(3+),배당<2%
2002-05-31,005890,A,실행,0.0,0.66,0.0,0.0,-5.0,-12.21945137157107,4.9,적자/무실적,저PBR(<0.8),무배당
2002-06-17,034020,A,실행,31.05,0.49,257.0,1.88,-6.09826589595375,-24.85549132947977,2.2,고PER(30+),저PBR(<0.8),배당<2%
2002-06-19,002790,A,실행,9.4,2.41,13832.0,1.12,7.84313725490195,27.450980392156847,61.8,중PER(8~15),중고PBR(1.5~3),배당<2%
2002-06-25,009150,A,실행,49.83,3.22,1435.0,0.7,-11.72627737226277,4.379562043795611,19.7,고PER(30+),고PBR(3+),배당<2%
2002-06-26,003540,A,실행,16.58,1.3,1363.0,3.32,10.73529411764706,17.05882352941177,36.5,중고PER(15~30),중PBR(0.8~1.5),배당2%+
2002-06-26,010140,A,실행,18.08,0.58,239.0,0.0,7.586618876941451,5.0179211469534,15.4,중고PER(15~30),저PBR(<0.8),무배당
2002-06-26,000700,A,실행,0.0,0.52,0.0,5.72,7.000000000000001,10.0,44.4,적자/무실적,저PBR(<0.8),배당2%+
2002-06-26,001450,A,실행,0.0,2.56,0.0,0.0,12.091503267973849,16.1764705882353,37.3,적자/무실적,중고PBR(1.5~3),무배당
2002-06-26,001120,A,실행,10.07,0.8,576.0,6.9,8.51449275362319,34.29951690821256,56.3,중PER(8~15),중PBR(0.8~1.5),배당2%+
2002-06-26,003690,A,실행,14.23,1.54,2706.0,2.6,11.04651162790695,17.44186046511626,31.4,중PER(8~15),중고PBR(1.5~3),배당2%+
2002-06-26,009150,A,실행,49.83,3.22,1435.0,0.7,10.48387096774192,10.48387096774192,32.3,고PER(30+),고PBR(3+),배당<2%
2002-06-27,001450,A,실행,0.0,2.56,0.0,0.0,7.784911717496,13.0016051364366,34.8,적자/무실적,중고PBR(1.5~3),무배당
2002-06-27,005385,A,실행,0.0,0.0,0.0,4.57,12.39130434782609,30.869565217391298,53.9,적자/무실적,,배당2%+
2002-06-27,003540,A,실행,16.58,1.3,1363.0,3.32,9.375,16.07142857142858,38.1,중고PER(15~30),중PBR(0.8~1.5),배당2%+
2002-07-11,018880,A,실행,8.0,1.86,6736.0,1.25,-5.91283084004602,-3.4522439585730598,15.1,중PER(8~15),중고PBR(1.5~3),배당<2%
2002-07-11,001830,A,실행,0.0,0.56,0.0,0.0,7.18336483931947,-21.172022684310022,24.2,적자/무실적,저PBR(<0.8),무배당
2002-07-22,014900,A,실행,45.38,0.58,173.0,0.0,9.26829268292683,4.87804878048778,43.3,고PER(30+),저PBR(<0.8),무배당
2002-07-22,005940,A,실행,0.0,1.29,0.0,0.0,7.090909090909079,19.63636363636363,33.8,적자/무실적,중PBR(0.8~1.5),무배당
2002-07-29,000700,A,실행,0.0,0.45,0.0,6.67,-5.68965517241379,-7.98548094373865,41.0,적자/무실적,저PBR(<0.8),배당2%+
2002-07-31,009840,A,실행,0.0,0.0,0.0,0.0,-1.5646017699115,-46.017699115044245,11.9,적자/무실적,,무배당
2002-08-05,003600,A,실행,23.42,0.44,790.0,3.24,9.15032679738563,-17.3202614379085,12.7,중고PER(15~30),저PBR(<0.8),배당2%+
2002-08-06,005440,A,실행,9.36,1.38,3952.0,2.03,7.04918032786883,-24.42622950819672,16.7,중PER(8~15),중PBR(0.8~1.5),배당2%+
2002-08-07,002790,A,실행,9.33,2.39,13832.0,1.12,7.6271186440677905,2.1186440677966,23.3,중PER(8~15),중고PBR(1.5~3),배당<2%
2002-09-03,014900,A,실행,63.58,0.81,173.0,0.0,-7.49539569657183,-11.70678336980306,3.4,고PER(30+),중PBR(0.8~1.5),무배당
2002-09-09,011200,A,실행,0.0,0.25,0.0,0.0,7.62081784386616,-21.37546468401486,15.2,적자/무실적,저PBR(<0.8),무배당
2002-09-23,012750,A,실행,37.81,3.17,640.0,0.62,-5.47499999999999,2.0,26.2,고PER(30+),고PBR(3+),배당<2%
2002-09-24,012990,A,실행,12.97,1.58,1195.0,4.84,-7.82758620689655,28.01724137931034,54.3,중PER(8~15),중고PBR(1.5~3),배당2%+
2002-09-24,012750,A,실행,37.81,3.17,640.0,0.62,8.04749340369392,8.97097625329814,33.2,고PER(30+),고PBR(3+),배당<2%
2002-09-26,011170,A,실행,109.44,1.0,233.0,0.59,-5.9964673913043605,23.3695652173913,81.5,고PER(30+),중PBR(0.8~1.5),배당<2%
2002-10-09,006400,A,실행,6.91,1.33,11889.0,2.43,-5.26874115983027,16.69024045261669,25.9,저PER(<8),중PBR(0.8~1.5),배당2%+
2002-10-09,005300,A,실행,9.18,2.05,78466.0,0.21,-5.0,7.07236842105263,16.8,중PER(8~15),중고PBR(1.5~3),배당<2%
2002-10-22,006400,A,실행,6.91,1.33,11889.0,2.43,10.01371742112482,7.27023319615911,22.1,저PER(<8),중PBR(0.8~1.5),배당2%+
2002-11-29,003550,A,실행,2.7,0.56,3124.0,2.96,-9.60946745562131,-17.27810650887574,11.2,저PER(<8),저PBR(<0.8),배당2%+
2002-12-16,002380,A,실행,11.71,1.1,10244.0,2.5,-5.26147994467497,-14.10788381742739,12.9,중PER(8~15),중PBR(0.8~1.5),배당2%+
2002-12-23,004010,A,실행,0.0,0.0,0.0,0.0,-5.53370786516853,1.23595505617977,25.8,적자/무실적,,무배당
2002-12-24,003620,A,실행,83.63,0.0,80.0,0.0,-9.08777969018933,-2.58175559380379,30.6,고PER(30+),,무배당
2002-12-27,001230,A,실행,24.29,0.41,212.0,5.83,-5.59748427672955,-9.43396226415094,17.4,중고PER(15~30),저PBR(<0.8),배당2%+
2002-12-30,012990,A,실행,11.38,1.39,1195.0,5.51,7.72058823529411,19.85294117647058,65.4,중PER(8~15),중PBR(0.8~1.5),배당2%+
2003-01-27,025930,A,실행,38.03,3.69,376.0,0.0,8.84615384615383,-10.76923076923076,21.5,고PER(30+),고PBR(3+),무배당
2003-02-26,001800,A,실행,16.93,1.36,3350.0,1.32,-5.91346153846155,2.88461538461537,76.0,중고PER(15~30),중PBR(0.8~1.5),배당<2%
2003-04-25,047040,A,실행,2.78,0.44,1017.0,0.0,6.99115044247786,22.30088495575222,69.6,저PER(<8),저PBR(<0.8),무배당
2003-04-25,000720,A,실행,0.0,0.84,0.0,0.0,12.04545454545453,8.636363636363619,39.5,적자/무실적,중PBR(0.8~1.5),무배당
2003-05-19,009830,A,실행,12.05,0.45,312.0,0.0,7.4370709382151,33.86727688787185,127.0,중PER(8~15),저PBR(<0.8),무배당
2003-06-24,055550,A,실행,5.93,0.87,2066.0,4.9,7.20164609053497,30.04115226337449,62.1,저PER(<8),중PBR(0.8~1.5),배당2%+
2003-06-24,066570,B,실행,22.94,2.16,1768.0,2.47,6.89655172413792,29.31034482758621,47.6,중고PER(15~30),중고PBR(1.5~3),배당2%+
2003-07-21,014900,A,실행,0.0,4.11,0.0,0.0,-7.5626316713482895,-14.74719101123596,4.9,적자/무실적,고PBR(3+),무배당
2003-07-25,014900,A,주의,0.0,4.11,0.0,0.0,7.990506329113931,-15.50632911392404,17.1,적자/무실적,고PBR(3+),무배당
2003-08-07,005380,B,실행,5.54,0.94,6355.0,2.41,10.3030303030303,2.7272727272727297,65.2,저PER(<8),중PBR(0.8~1.5),배당2%+
2003-09-08,038400,A,관찰만,0.0,0.61,0.0,0.0,7.07762557077624,-20.091324200913242,8.0,적자/무실적,저PBR(<0.8),무배당
2003-10-23,003450,A,주의,0.0,0.51,0.0,0.0,6.91573926868045,-2.06677265500795,17.8,적자/무실적,저PBR(<0.8),무배당
2003-11-12,003410,A,주의,4.88,0.0,416.0,0.0,10.975609756097569,-4.87804878048779,23.2,저PER(<8),,무배당
2003-11-13,003410,A,주의,4.88,0.0,416.0,0.0,8.25545171339563,-2.803738317757,25.9,저PER(<8),,무배당
2003-11-24,068870,A,실행,0.0,3.14,0.0,0.0,7.911392405063281,17.72151898734177,32.6,적자/무실적,고PBR(3+),무배당
2003-12-17,003550,A,주의,6.08,0.55,1466.0,2.24,8.63808322824717,32.40857503152585,142.1,저PER(<8),저PBR(<0.8),배당2%+
2004-01-27,042100,A,관찰만,8.19,2.46,387.0,2.68,10.327198364008169,6.54396728016359,26.8,중PER(8~15),중고PBR(1.5~3),배당2%+
2004-02-05,009720,A,관찰만,4.27,0.87,16047.0,2.92,7.61047463175121,-1.80032733224222,13.4,저PER(<8),중PBR(0.8~1.5),배당2%+
2004-03-15,060000,B,실행,11.91,1.61,4123.0,2.04,-6.49999999999999,-10.88888888888889,10.0,중PER(8~15),중고PBR(1.5~3),배당2%+
2004-03-25,009830,A,실행,36.54,1.37,312.0,0.0,14.037433155080208,-23.93048128342245,26.1,고PER(30+),중PBR(0.8~1.5),무배당
2004-03-26,010130,A,주의,6.97,0.88,4187.0,1.71,7.89473684210526,-22.36842105263158,10.5,저PER(<8),중PBR(0.8~1.5),배당<2%
2004-04-29,011170,A,실행,24.88,1.69,1869.0,0.54,-7.27845528455285,-18.403547671840357,13.5,중고PER(15~30),중고PBR(1.5~3),배당<2%
2004-04-30,011170,A,실행,6.61,1.27,6612.0,1.14,-8.47826086956521,-13.50114416475972,17.2,저PER(<8),중PBR(0.8~1.5),배당<2%
2004-05-07,001740,A,실행,14.14,0.0,1167.0,0.0,10.66433566433566,0.0,50.3,중PER(8~15),,무배당
2004-05-07,053000,B,실행,31.53,1.14,262.0,1.21,-9.687959442332069,-7.4778200253485405,12.9,고PER(30+),중PBR(0.8~1.5),배당<2%
2004-05-10,004940,A,실행,0.0,1.33,0.0,0.0,-4.580392156862749,10.3921568627451,56.7,적자/무실적,중PBR(0.8~1.5),무배당
2004-05-11,000700,A,실행,3.71,1.12,4442.0,4.55,-6.30584192439863,11.34020618556701,74.6,저PER(<8),중PBR(0.8~1.5),배당2%+
2004-05-11,055550,B,실행,21.48,1.31,952.0,2.93,-9.60688775510204,-14.540816326530608,17.9,중고PER(15~30),중PBR(0.8~1.5),배당2%+
2004-05-11,042670,A,실행,9.21,1.64,978.0,0.0,-1.6111111111111,9.58333333333334,63.2,중PER(8~15),중고PBR(1.5~3),무배당
2004-05-11,001230,A,실행,4.02,0.46,2273.0,5.48,7.31364275668073,24.47257383966246,125.7,저PER(<8),저PBR(<0.8),배당2%+
2004-05-14,000210,A,실행,7.38,0.99,5905.0,2.98,7.003257328990229,18.56677524429968,80.8,저PER(<8),중PBR(0.8~1.5),배당2%+
2004-05-17,005935,B,실행,0.0,0.0,0.0,1.71,-2.4017857142857197,3.57142857142855,19.8,적자/무실적,,배당<2%
2004-05-17,055550,A,실행,21.48,1.31,952.0,2.93,9.722222222222229,1.85185185185186,46.3,중고PER(15~30),중PBR(0.8~1.5),배당2%+
2004-05-17,000240,A,실행,13.72,1.28,694.0,1.58,10.040431266846351,27.35849056603774,52.3,중PER(8~15),중PBR(0.8~1.5),배당<2%
2004-05-17,066570,A,실행,16.84,3.18,4229.0,1.76,8.736059479553889,0.18587360594795,31.0,중고PER(15~30),고PBR(3+),배당<2%
2004-05-17,004020,A,실행,4.24,0.39,2686.0,2.19,-6.03636363636364,14.90909090909091,79.4,저PER(<8),저PBR(<0.8),배당2%+
2004-05-17,011200,A,실행,0.0,1.2,0.0,0.0,-5.0,43.31210191082801,152.4,적자/무실적,중PBR(0.8~1.5),무배당
2004-05-17,005830,A,실행,4.91,1.12,1262.0,4.03,11.17788461538462,7.69230769230768,82.2,저PER(<8),중PBR(0.8~1.5),배당2%+
2004-05-17,012330,A,실행,7.78,2.36,6482.0,2.48,7.449494949494929,25.88383838383838,64.4,저PER(<8),중고PBR(1.5~3),배당2%+
2004-05-18,011200,A,실행,0.0,1.2,0.0,0.0,8.0188679245283,37.57861635220125,150.0,적자/무실적,중PBR(0.8~1.5),무배당
2004-05-18,004020,A,실행,4.24,0.39,2686.0,2.19,8.181818181818171,13.81818181818181,79.4,저PER(<8),저PBR(<0.8),배당2%+
2004-05-27,042670,A,실행,9.21,1.64,978.0,0.0,-5.3774834437086,8.34437086092714,55.6,중PER(8~15),중고PBR(1.5~3),무배당
2004-06-11,002860,B,실행,8.37,1.38,3167.0,1.89,-6.46428571428571,0.0,29.4,중PER(8~15),중PBR(0.8~1.5),배당<2%
2004-06-14,011200,A,실행,0.0,1.28,0.0,0.0,8.0,26.83870967741935,120.0,적자/무실적,중PBR(0.8~1.5),무배당
2004-06-21,001740,A,실행,17.14,0.0,1167.0,0.0,-7.89333333333333,-7.666666666666661,22.0,중고PER(15~30),,무배당
2004-07-12,001740,A,실행,12.68,0.0,1167.0,0.0,-7.19453924914675,-4.436860068259381,18.8,중PER(8~15),,무배당
2004-07-30,000660,A,실행,0.0,1.47,0.0,0.0,-6.530555555555551,15.55555555555554,68.3,적자/무실적,중PBR(0.8~1.5),무배당
2004-10-14,010130,A,실행,9.5,0.53,2248.0,2.34,-6.02591792656587,23.54211663066954,77.1,중PER(8~15),저PBR(<0.8),배당2%+
2004-11-09,000660,B,실행,0.0,2.08,0.0,0.0,-4.97816593886463,3.4934497816593897,42.8,적자/무실적,중고PBR(1.5~3),무배당
2004-11-16,067250,A,실행,8.47,1.32,1972.0,7.49,7.94701986754966,9.27152317880795,76.2,중PER(8~15),중PBR(0.8~1.5),배당2%+
2004-11-23,000660,B,실행,0.0,2.08,0.0,0.0,-9.17120689655173,13.36206896551723,40.9,적자/무실적,중고PBR(1.5~3),무배당
2005-04-06,002000,A,주의,37.71,1.5,2153.0,0.92,19.04761904761904,1.87074829931972,21.6,고PER(30+),중고PBR(1.5~3),배당<2%
2005-04-07,002000,A,주의,37.71,1.5,2153.0,0.92,7.872696817420439,-2.84757118927972,19.8,고PER(30+),중고PBR(1.5~3),배당<2%
2005-08-29,011160,A,실행,21.89,0.94,334.0,0.0,8.98268398268398,53.67965367965368,159.7,중고PER(15~30),중PBR(0.8~1.5),무배당
2006-01-20,003560,A,실행,0.0,17.94,0.0,0.0,-5.14393939393941,36.363636363636346,66.7,적자/무실적,고PBR(3+),무배당
2006-01-20,003410,A,실행,8.22,0.32,1728.0,0.0,-5.29528927311667,36.9047619047619,54.0,중PER(8~15),저PBR(<0.8),무배당
2006-01-23,001630,A,실행,28.22,3.95,1329.0,0.8,13.238095238095221,51.23809523809524,66.9,중고PER(15~30),고PBR(3+),배당<2%
2006-01-23,003410,A,실행,8.22,0.32,1728.0,0.0,-5.66101694915254,39.83050847457627,64.4,중PER(8~15),저PBR(<0.8),무배당
2006-01-23,003560,A,실행,0.0,17.94,0.0,0.0,14.34634974533106,46.5195246179966,86.8,적자/무실적,고PBR(3+),무배당
2006-01-23,003520,A,실행,95.53,8.06,47.0,0.0,-5.0,1.11287758346581,49.9,고PER(30+),고PBR(3+),무배당
2006-01-23,077970,A,실행,38.1,3.67,416.0,1.58,9.469696969696969,12.5,48.5,고PER(30+),고PBR(3+),배당<2%
2006-01-23,014820,A,실행,0.0,13.83,0.0,0.0,15.86402266288951,2.8328611898017,45.0,적자/무실적,고PBR(3+),무배당
2006-01-23,003620,A,실행,86.49,0.8,94.0,0.0,7.719546742209619,-7.64872521246459,12.7,고PER(30+),중PBR(0.8~1.5),무배당
2006-01-23,001510,A,실행,55.54,2.17,28.0,0.0,12.77056277056276,14.71861471861471,37.7,고PER(30+),중고PBR(1.5~3),무배당
2006-02-02,028150,A,주의,13.2,2.79,8196.0,0.0,-5.2010582010582,-2.64550264550265,7.3,중PER(8~15),중고PBR(1.5~3),무배당
2006-02-03,005960,A,실행,6.76,0.87,2952.0,4.01,-5.88785046728972,9.65732087227415,41.1,저PER(<8),중PBR(0.8~1.5),배당2%+
2006-02-03,004200,A,실행,12.51,1.72,2558.0,1.88,6.8738229755179,20.52730696798494,26.9,중PER(8~15),중고PBR(1.5~3),배당<2%
2006-02-06,005960,A,실행,6.76,0.87,2952.0,4.01,9.70394736842104,13.8157894736842,49.0,저PER(<8),중PBR(0.8~1.5),배당2%+
2006-02-08,000270,B,실행,11.41,1.98,1972.0,1.56,4.55696202531645,4.55696202531645,12.2,중PER(8~15),중고PBR(1.5~3),배당<2%
2006-02-15,069080,A,실행,16.21,1.61,1626.0,0.0,12.66149870801034,29.45736434108528,36.2,중고PER(15~30),중고PBR(1.5~3),무배당
2006-02-16,069080,A,실행,16.21,1.61,1626.0,0.0,8.03571428571428,28.31632653061224,34.4,중고PER(15~30),중고PBR(1.5~3),무배당
2006-02-23,004800,A,주의,8.41,0.3,2051.0,2.61,8.8888888888889,43.33333333333333,55.2,중PER(8~15),저PBR(<0.8),배당2%+
2006-04-26,057330,A,관찰만,0.0,33.6,0.0,0.0,10.87408949011445,123.72528616024971,243.9,적자/무실적,고PBR(3+),무배당
2006-05-15,069080,A,주의,0.0,1.51,0.0,0.0,7.701421800947859,-26.066350710900473,12.8,적자/무실적,중고PBR(1.5~3),무배당
2006-05-16,011760,A,실행,14.17,7.35,2135.0,0.0,-5.78443845731677,-20.61068702290076,1.5,중PER(8~15),고PBR(3+),무배당
2006-05-18,003560,A,실행,53.93,8.44,173.0,0.0,-5.92085889570551,-7.36196319018404,9.2,고PER(30+),고PBR(3+),무배당
2006-06-01,016420,A,실행,20.78,3.09,592.0,0.0,-7.3014880952381,-14.553571428571429,25.0,중고PER(15~30),고PBR(3+),무배당
2006-06-02,053000,B,실행,9.29,1.62,2099.0,2.05,-5.96461126005363,2.14477211796246,15.0,중PER(8~15),중고PBR(1.5~3),배당2%+
2006-06-05,023410,A,실행,49.1,2.17,221.0,0.0,-5.0,-28.55555555555555,10.0,고PER(30+),중고PBR(1.5~3),무배당
2006-06-07,023410,A,실행,49.1,2.17,221.0,0.0,7.736063708759939,-27.872582480091012,12.6,고PER(30+),중고PBR(1.5~3),무배당
2006-06-07,022100,A,실행,68.06,3.93,108.0,0.0,-7.36842105263158,-21.31578947368421,36.7,고PER(30+),고PBR(3+),무배당
2006-06-08,000670,A,실행,11.06,0.59,18768.0,0.48,-5.0,43.75,73.1,중PER(8~15),저PBR(<0.8),배당<2%
2006-06-08,002990,A,실행,10.58,1.18,2075.0,1.82,-6.6193181818181905,-11.64772727272728,46.6,중PER(8~15),중PBR(0.8~1.5),배당<2%
2006-06-09,000670,A,실행,11.06,0.59,18768.0,0.48,8.86075949367088,40.50632911392406,75.3,중PER(8~15),저PBR(<0.8),배당<2%
2006-06-21,000720,A,실행,11.34,3.88,4110.0,0.0,7.480818414322241,21.355498721227608,56.5,중PER(8~15),고PBR(3+),무배당
2006-06-27,011780,A,실행,4.7,0.71,6025.0,2.3,8.41121495327101,6.77570093457944,55.6,저PER(<8),저PBR(<0.8),배당2%+
2006-07-18,035080,A,실행,154.22,11.74,64.0,0.0,-5.0,-13.92081736909323,16.9,고PER(30+),고PBR(3+),무배당
2006-07-18,011200,A,실행,4.85,1.32,3749.0,2.75,8.56643356643356,20.97902097902098,80.4,저PER(<8),중PBR(0.8~1.5),배당2%+
2006-07-19,004010,A,실행,38.73,3.33,417.0,0.0,8.17610062893081,7.54716981132075,19.2,고PER(30+),고PBR(3+),무배당
2006-08-02,060000,B,실행,11.95,2.26,6977.0,0.66,-6.999873896595219,-5.1702395964690995,4.8,중PER(8~15),중고PBR(1.5~3),배당<2%
2006-10-09,037150,A,주의,28.78,3.34,813.0,0.0,9.04522613065326,21.85929648241205,30.9,중고PER(15~30),고PBR(3+),무배당
2006-10-10,000660,B,주의,9.21,2.68,4048.0,0.0,4.2796005706133995,4.2796005706133995,8.8,중PER(8~15),중고PBR(1.5~3),무배당
2006-10-10,039130,A,주의,41.12,14.45,1632.0,0.0,9.722222222222229,12.777777777777771,43.7,고PER(30+),고PBR(3+),무배당
2006-10-10,022100,A,주의,61.11,3.53,108.0,0.0,-8.27586206896552,30.17241379310345,34.3,고PER(30+),고PBR(3+),무배당
2006-10-20,000660,B,주의,9.21,2.68,4048.0,0.0,0.41551246537396,0.41551246537396,4.4,중PER(8~15),중고PBR(1.5~3),무배당
2006-10-24,057330,A,주의,0.0,42.39,0.0,0.0,11.34185303514376,-1.91693290734824,36.7,적자/무실적,고PBR(3+),무배당
2006-11-14,007640,A,관찰만,0.0,7.37,0.0,0.0,-5.00000000000001,-53.170409511228534,-12.2,적자/무실적,고PBR(3+),무배당
2006-12-13,001740,B,주의,16.3,7.5,1840.0,0.0,28.676470588235297,11.94852941176469,57.0,중고PER(15~30),고PBR(3+),무배당
2007-01-10,001740,B,주의,20.65,9.5,1840.0,0.0,-5.711920529801319,-5.62913907284767,41.4,중고PER(15~30),고PBR(3+),무배당
2007-01-11,001740,B,주의,20.65,9.5,1840.0,0.0,-4.28571428571428,-3.52941176470588,43.5,중고PER(15~30),고PBR(3+),무배당
2007-01-22,001740,B,주의,20.65,9.5,1840.0,0.0,-1.8103448275862002,-1.89655172413792,47.2,중고PER(15~30),고PBR(3+),무배당
2007-01-26,001740,B,주의,20.65,9.5,1840.0,0.0,-9.05254515599343,-0.32840722495894,40.2,중고PER(15~30),고PBR(3+),무배당
2007-03-21,032710,A,주의,5.62,4.32,11077.0,0.0,-5.0,-10.9640831758034,6.2,저PER(<8),고PBR(3+),무배당
2007-04-05,056200,A,관찰만,0.0,77.6,0.0,0.0,7.15166461159062,-3.94574599260172,29.5,적자/무실적,고PBR(3+),무배당
2007-04-20,001740,B,관찰만,16.03,7.38,1840.0,0.0,-6.304239766081859,-26.46198830409356,5.1,중고PER(15~30),고PBR(3+),무배당
2007-04-23,001740,B,관찰만,16.03,7.38,1840.0,0.0,-6.304239766081859,-25.730994152046783,5.1,중고PER(15~30),고PBR(3+),무배당
2007-06-21,065810,A,관찰만,1558.82,23.49,17.0,0.0,-8.32694991789818,-89.064039408867,-14.8,고PER(30+),고PBR(3+),무배당
2007-06-22,065810,A,주의,1558.82,23.49,17.0,0.0,-5.0,-87.39884393063583,-14.9,고PER(30+),고PBR(3+),무배당
2007-08-02,000270,A,실행,123.25,0.93,114.0,0.0,6.88259109311741,-3.64372469635627,14.6,고PER(30+),중PBR(0.8~1.5),무배당
2007-08-14,031980,A,실행,11.07,3.24,1513.0,0.0,-6.17676804626533,-17.81376518218623,14.6,중PER(8~15),고PBR(3+),무배당
2007-08-16,017960,A,실행,20.44,2.72,499.0,0.69,-6.24814814814816,-8.53801169590643,10.2,중고PER(15~30),중고PBR(1.5~3),배당<2%
2007-08-16,036710,A,실행,16.71,3.3,811.0,0.0,10.71428571428572,-5.102040816326521,26.5,중고PER(15~30),고PBR(3+),무배당
2007-08-16,011160,A,실행,72.05,2.12,229.0,0.0,-5.0,27.642276422764223,73.6,고PER(30+),중고PBR(1.5~3),무배당
2007-08-16,035950,A,실행,0.0,9.02,0.0,0.0,-5.0,-47.33624454148472,3.5,적자/무실적,고PBR(3+),무배당
2007-08-16,036830,A,실행,16.25,3.41,1745.0,0.0,-5.0,-7.83847980997624,28.5,중고PER(15~30),고PBR(3+),무배당
2007-08-16,047080,A,실행,0.0,3.63,0.0,0.0,-9.1137614678899,-5.5045871559633,45.4,적자/무실적,고PBR(3+),무배당
2007-08-16,042670,B,실행,42.0,4.59,881.0,0.95,13.752310536044348,53.78927911275415,65.2,고PER(30+),고PBR(3+),배당<2%
2007-08-16,010520,A,실행,118.26,1.1,115.0,0.74,9.22330097087378,3.3980582524271803,27.7,고PER(30+),중PBR(0.8~1.5),배당<2%
2007-08-16,005810,A,실행,6.03,0.81,5152.0,2.25,-5.0,24.54954954954955,35.1,저PER(<8),중PBR(0.8~1.5),배당2%+
2007-08-16,035720,A,실행,60.36,11.09,1163.0,0.0,8.347978910369068,31.810193321616868,62.0,고PER(30+),고PBR(3+),무배당
2007-08-16,003545,A,실행,0.0,0.0,0.0,5.4,9.16955017301037,0.34602076124568,22.5,적자/무실적,,배당2%+
2007-08-16,003540,A,실행,27.53,1.85,1362.0,2.67,11.33333333333332,9.33333333333332,34.9,중고PER(15~30),중고PBR(1.5~3),배당2%+
2007-08-16,000060,A,실행,25.83,3.38,391.0,0.99,11.0583446404342,39.75576662143827,83.9,중고PER(15~30),고PBR(3+),배당<2%
2007-08-16,031980,A,실행,11.07,3.24,1513.0,0.0,12.32227488151658,-2.84360189573459,34.1,중PER(8~15),고PBR(3+),무배당
2007-08-16,033500,A,실행,29.39,4.21,718.0,0.0,-5.0,18.44660194174756,37.2,중고PER(15~30),고PBR(3+),무배당
2007-08-16,005940,A,실행,20.31,2.16,1502.0,2.46,9.46547884187083,16.70378619153674,38.3,중고PER(15~30),중고PBR(1.5~3),배당2%+
2007-08-17,004200,A,실행,7.88,1.29,3894.0,2.61,15.30172413793102,19.827586206896548,37.9,저PER(<8),중PBR(0.8~1.5),배당2%+
2007-08-17,003640,A,실행,184.69,0.43,160.0,1.69,8.47826086956522,11.52173913043477,36.3,고PER(30+),저PBR(<0.8),배당<2%
2007-08-17,017960,A,실행,20.44,2.72,499.0,0.69,13.527180783817961,1.26422250316056,19.1,중고PER(15~30),중고PBR(1.5~3),배당<2%
2007-08-17,033500,A,실행,29.39,4.21,718.0,0.0,11.52542372881355,28.13559322033898,43.7,중고PER(15~30),고PBR(3+),무배당
2007-08-17,035950,A,실행,0.0,9.02,0.0,0.0,-6.06742808005003,-33.84615384615385,21.5,적자/무실적,고PBR(3+),무배당
2007-08-17,000060,A,실행,25.83,3.38,391.0,0.99,8.908839779005511,62.98342541436463,87.2,중고PER(15~30),고PBR(3+),배당<2%
2007-08-17,011160,A,실행,72.05,2.12,229.0,0.0,9.221311475409829,26.22950819672129,75.0,고PER(30+),중고PBR(1.5~3),무배당
2007-08-17,003410,A,실행,0.0,1.14,0.0,0.0,6.88976377952754,25.19685039370078,45.7,적자/무실적,중PBR(0.8~1.5),무배당
2007-08-17,010520,A,실행,118.26,1.1,115.0,0.74,8.41584158415842,10.891089108910899,30.2,고PER(30+),중PBR(0.8~1.5),배당<2%
2007-08-17,003545,A,실행,0.0,0.0,0.0,5.4,7.47330960854093,4.27046263345196,26.0,적자/무실적,,배당2%+
2007-08-17,002000,A,실행,0.0,0.93,0.0,1.88,8.55457227138642,7.52212389380531,31.3,적자/무실적,중PBR(0.8~1.5),배당<2%
2007-08-17,001430,A,실행,14.92,1.13,1679.0,2.79,8.75331564986736,-0.26525198938992,32.6,중PER(8~15),중PBR(0.8~1.5),배당2%+
2007-08-17,003600,B,실행,11.16,1.57,15588.0,1.09,-5.26936026936026,61.61616161616161,97.6,중PER(8~15),중고PBR(1.5~3),배당<2%
2007-08-17,004150,A,실행,0.0,1.27,0.0,0.0,13.01115241635688,36.05947955390334,59.9,적자/무실적,중PBR(0.8~1.5),무배당
2007-08-20,035950,A,실행,0.0,9.02,0.0,0.0,11.55913978494622,-23.65591397849462,27.4,적자/무실적,고PBR(3+),무배당
2007-08-28,003600,B,실행,11.16,1.57,15588.0,1.09,41.979522184300336,82.25255972696246,100.3,중PER(8~15),중고PBR(1.5~3),배당<2%
2007-08-28,035950,A,실행,0.0,9.02,0.0,0.0,-7.34391534391534,-25.92592592592593,5.3,적자/무실적,고PBR(3+),무배당
2007-08-29,003600,B,실행,11.16,1.57,15588.0,1.09,46.9964664310954,79.85865724381624,107.4,중PER(8~15),중고PBR(1.5~3),배당<2%
2007-10-05,004980,A,주의,0.0,0.83,0.0,0.0,-7.51655629139073,-3.97350993377483,35.4,적자/무실적,중PBR(0.8~1.5),무배당
2007-10-08,047080,A,주의,0.0,3.92,0.0,0.0,11.97478991596638,-41.17647058823529,14.7,적자/무실적,고PBR(3+),무배당
2007-10-15,053110,A,주의,0.0,40.71,0.0,0.0,-5.00000000000001,-20.2572347266881,8.7,적자/무실적,고PBR(3+),무배당
2007-10-16,053110,A,주의,0.0,40.71,0.0,0.0,-7.200000000000011,-12.727272727272728,22.9,적자/무실적,고PBR(3+),무배당
2007-10-17,016380,A,주의,0.0,0.69,0.0,0.5,11.07011070110701,26.56826568265684,45.8,적자/무실적,저PBR(<0.8),배당<2%
2007-10-22,008560,A,실행,32.73,1.7,362.0,2.53,7.67326732673268,-9.009900990099,18.3,고PER(30+),중고PBR(1.5~3),배당2%+
2007-10-25,001120,A,주의,18.87,2.35,1534.0,1.73,7.17171717171716,-9.09090909090909,16.2,중고PER(15~30),중고PBR(1.5~3),배당<2%
2007-11-12,016610,A,실행,27.6,1.43,672.0,0.27,7.3076923076922995,-1.53846153846153,10.8,중고PER(15~30),중PBR(0.8~1.5),배당<2%
2007-11-13,088960,A,실행,68.73,13.1,774.0,0.56,-9.39287956769872,-58.00711743772242,3.6,고PER(30+),고PBR(3+),배당<2%
2007-11-15,042670,B,실행,42.91,4.69,881.0,0.93,-9.8609756097561,-14.176829268292678,15.9,고PER(30+),고PBR(3+),배당<2%
2007-11-20,090430,B,실행,97.6,7.4,8781.0,0.53,-4.34507042253522,-9.85915492957747,12.5,고PER(30+),고PBR(3+),배당<2%
2007-11-21,012090,A,실행,31.52,2.69,441.0,0.0,-5.298309178743961,24.63768115942031,67.6,고PER(30+),중고PBR(1.5~3),무배당
2007-11-21,005960,A,실행,38.15,1.44,747.0,1.75,-6.333535598705501,-29.126213592233007,21.1,고PER(30+),중PBR(0.8~1.5),배당<2%
2007-11-22,011170,A,실행,11.36,1.78,11977.0,0.55,-5.0,-18.75626880641926,24.9,중PER(8~15),중고PBR(1.5~3),배당<2%
2007-11-22,000670,A,실행,9.85,1.53,65662.0,0.31,6.82062298603651,-15.57465091299676,28.5,중PER(8~15),중고PBR(1.5~3),배당<2%
2007-11-22,001040,A,실행,19.66,1.4,5077.0,1.5,6.884057971014499,15.94202898550725,21.4,중고PER(15~30),중PBR(0.8~1.5),배당<2%
2007-11-22,001200,A,실행,45.09,2.04,55.0,0.81,-6.68867607526884,-9.13978494623656,23.7,고PER(30+),중고PBR(1.5~3),배당<2%
2007-11-22,000210,B,실행,24.75,2.96,7899.0,0.69,-7.92353790613719,-1.8050541516245502,39.0,중고PER(15~30),중고PBR(1.5~3),배당<2%
2007-11-22,012090,A,실행,31.52,2.69,441.0,0.0,-6.90954773869346,40.20100502512564,74.4,고PER(30+),중고PBR(1.5~3),무배당
2007-11-22,002550,A,실행,147.85,3.62,186.0,0.45,6.85096153846154,-9.375,17.1,고PER(30+),고PBR(3+),배당<2%
2007-11-22,000215,A,실행,0.0,0.0,0.0,1.61,-6.762725779967161,-3.9408866995073804,40.7,적자/무실적,,배당<2%
2007-11-23,036930,A,실행,44.59,5.41,527.0,0.0,8.00604229607251,2.7190332326284,40.2,고PER(30+),고PBR(3+),무배당
2007-11-23,011170,A,실행,11.36,1.78,11977.0,0.55,13.697857948139799,-2.25479143179255,40.4,중PER(8~15),중고PBR(1.5~3),배당<2%
2007-11-23,001200,A,실행,45.09,2.04,55.0,0.81,8.01749271137026,2.04081632653061,34.1,고PER(30+),중고PBR(1.5~3),배당<2%
2007-11-23,014940,A,실행,203.16,6.23,79.0,0.31,11.13861386138612,-10.49504950495049,37.1,고PER(30+),고PBR(3+),배당<2%
2007-11-23,000800,A,실행,24.07,2.28,2372.0,1.31,7.14285714285716,-2.85714285714286,27.9,중고PER(15~30),중고PBR(1.5~3),배당<2%
2007-11-23,010620,B,실행,32.99,6.12,11959.0,0.63,9.47470817120621,-9.53307392996108,28.8,고PER(30+),고PBR(3+),배당<2%
2007-11-23,011790,A,실행,13.03,2.37,2993.0,0.77,11.18143459915612,-7.1729957805907105,32.9,중PER(8~15),중고PBR(1.5~3),배당<2%
2007-11-23,007570,A,실행,295.38,11.07,238.0,0.18,8.214285714285701,20.23809523809523,59.3,고PER(30+),고PBR(3+),배당<2%
2007-11-23,004000,A,실행,53.78,2.45,1255.0,0.89,10.09615384615385,12.74038461538462,48.8,고PER(30+),중고PBR(1.5~3),배당<2%
2007-12-10,008000,A,실행,0.0,1.67,0.0,0.0,-5.01061452513966,-44.022346368715084,19.0,적자/무실적,중고PBR(1.5~3),무배당
2007-12-10,010620,B,실행,26.72,4.96,11959.0,0.78,-7.841165755919841,-14.75409836065574,7.1,중고PER(15~30),고PBR(3+),배당<2%
2007-12-11,008000,A,실행,0.0,1.67,0.0,0.0,-7.87383313885649,-39.90665110851809,24.3,적자/무실적,중고PBR(1.5~3),무배당
2007-12-11,010620,B,실행,26.72,4.96,11959.0,0.78,-10.13285968028417,-13.32149200710478,4.4,중고PER(15~30),고PBR(3+),배당<2%
2007-12-12,005160,A,실행,40.0,3.22,260.0,0.48,-6.49139280125196,-15.96244131455398,38.3,고PER(30+),고PBR(3+),배당<2%
2007-12-18,003600,B,실행,13.79,1.94,15588.0,0.88,-8.65742707657205,-11.11111111111111,7.1,중PER(8~15),중고PBR(1.5~3),배당<2%
2007-12-21,011200,B,실행,45.96,2.64,904.0,1.2,-4.96231155778894,1.13065326633166,18.1,고PER(30+),중고PBR(1.5~3),배당<2%
2008-01-03,011200,B,실행,47.57,2.73,904.0,1.16,-4.5510455104551,-6.15006150061501,15.6,고PER(30+),중고PBR(1.5~3),배당<2%
2008-01-03,010620,B,실행,24.12,4.48,11959.0,0.87,-5.85294117647059,-2.57352941176471,3.5,중고PER(15~30),고PBR(3+),배당<2%
2008-01-04,003600,B,실행,12.7,1.79,15588.0,0.96,-4.75346373989497,-13.49206349206348,4.5,중PER(8~15),중고PBR(1.5~3),배당<2%
2008-01-08,016360,B,실행,29.46,2.96,3082.0,1.1,-8.738682634730539,-25.74850299401198,6.2,중고PER(15~30),중고PBR(1.5~3),배당<2%
2008-01-08,005490,B,실행,14.11,1.9,40748.0,1.39,-5.40703703703703,-5.74074074074074,12.4,중PER(8~15),중고PBR(1.5~3),배당<2%
2008-01-09,006800,B,실행,13.2,2.91,2318.0,1.31,-7.90271739130434,-21.01449275362319,2.9,중PER(8~15),중고PBR(1.5~3),배당<2%
2008-01-11,010130,A,실행,5.4,1.78,24177.0,1.53,-6.11764705882352,2.35294117647058,20.0,저PER(<8),중고PBR(1.5~3),배당<2%
2008-01-11,078930,B,실행,13.46,2.1,4318.0,1.72,-8.1124067164179,-23.0410447761194,-1.1,중PER(8~15),중고PBR(1.5~3),배당<2%
2008-01-11,035250,B,실행,21.01,3.68,1171.0,2.03,-9.4598308668076,-13.31923890063424,4.4,중고PER(15~30),고PBR(3+),배당2%+
2008-01-14,042660,A,실행,165.92,5.97,311.0,0.48,-7.095588235294111,-25.980392156862752,20.5,고PER(30+),고PBR(3+),배당<2%
2008-01-14,000830,B,실행,43.14,2.28,1669.0,0.49,-6.322249999999991,2.33333333333334,32.5,고PER(30+),중고PBR(1.5~3),배당<2%
2008-01-14,009540,B,실행,40.03,5.91,11053.0,0.56,-7.39986928104575,-9.019607843137251,6.9,고PER(30+),고PBR(3+),배당<2%
2008-01-14,071660,A,실행,34.2,3.45,921.0,0.0,6.87382297551788,-22.03389830508474,14.1,고PER(30+),고PBR(3+),무배당
2008-01-14,005960,A,실행,31.79,1.2,747.0,2.11,-7.220779220779221,-15.32467532467533,20.0,고PER(30+),중PBR(0.8~1.5),배당2%+
2008-01-15,028050,A,실행,33.55,8.44,2796.0,0.85,7.1969696969697,3.66161616161615,38.9,고PER(30+),고PBR(3+),배당<2%
2008-01-15,049690,A,실행,40.71,7.65,732.0,0.0,-9.50431034482757,-26.50862068965517,19.6,고PER(30+),고PBR(3+),무배당
2008-01-15,010620,A,실행,24.12,4.48,11959.0,0.87,-6.46799116997793,-4.41501103752759,24.3,중고PER(15~30),고PBR(3+),배당<2%
2008-01-15,000880,B,실행,17.94,3.97,3946.0,0.64,-7.21244131455398,-27.23004694835681,0.5,중고PER(15~30),고PBR(3+),배당<2%
2008-01-15,077970,A,실행,43.43,8.84,1485.0,0.5,-6.4841813437703895,-23.2876712328767,15.9,고PER(30+),고PBR(3+),배당<2%
2008-01-15,009540,B,실행,40.03,5.91,11053.0,0.56,-3.62027210884353,-8.84353741496598,11.3,고PER(30+),고PBR(3+),배당<2%
2008-01-16,011810,A,실행,75.98,11.77,1099.0,0.36,-7.40298507462685,-16.865671641791042,26.9,고PER(30+),고PBR(3+),배당<2%
2008-01-16,002990,A,실행,12.6,2.73,4491.0,0.8,-7.791485507246381,-19.565217391304348,8.5,중PER(8~15),중고PBR(1.5~3),배당<2%
2008-01-16,049690,A,실행,40.71,7.65,732.0,0.0,-2.19746835443036,-17.46835443037974,40.5,고PER(30+),고PBR(3+),무배당
2008-01-16,089480,A,실행,29.65,5.74,1720.0,0.12,-7.83908045977013,2.29885057471264,41.4,중고PER(15~30),고PBR(3+),배당<2%
2008-01-16,004980,A,실행,0.0,0.77,0.0,0.0,-5.0,-40.24844720496894,5.0,적자/무실적,저PBR(<0.8),무배당
2008-01-16,053660,A,실행,25.38,4.5,1584.0,0.12,-5.22352941176472,-15.29411764705883,44.0,중고PER(15~30),고PBR(3+),배당<2%
2008-01-16,069260,A,실행,26.65,2.36,711.0,1.37,9.15119363395224,14.058355437665778,46.9,중고PER(15~30),중고PBR(1.5~3),배당<2%
2008-01-16,067250,A,실행,72.15,6.3,693.0,0.55,-6.18552083333333,-23.5,11.7,고PER(30+),고PBR(3+),배당<2%
2008-01-16,086280,A,실행,35.71,5.43,1778.0,0.24,-7.356791666666671,-1.2,45.4,고PER(30+),고PBR(3+),배당<2%
2008-01-16,046890,A,실행,115.89,11.34,214.0,0.36,-5.45130641330166,-14.964370546318289,9.0,고PER(30+),고PBR(3+),배당<2%
2008-01-16,004020,B,실행,13.72,1.89,5760.0,0.63,-8.283162518301609,-4.3923865300146305,33.5,중PER(8~15),중고PBR(1.5~3),배당<2%
2008-01-17,035420,B,실행,68.81,26.48,3286.0,0.0,-3.80288461538461,-7.54807692307691,17.8,고PER(30+),고PBR(3+),무배당
2008-01-18,000210,B,실행,22.66,2.71,7899.0,0.75,-8.86257053291537,-28.84012539184952,1.6,중고PER(15~30),중고PBR(1.5~3),배당<2%
2008-01-21,002020,A,실행,0.0,1.22,0.0,0.0,-5.36398467432951,-4.78927203065133,37.2,적자/무실적,중PBR(0.8~1.5),무배당
2008-01-22,030610,A,실행,23.74,2.26,872.0,0.72,16.43835616438356,12.32876712328767,32.9,중고PER(15~30),중고PBR(1.5~3),배당<2%
2008-01-22,006360,A,실행,20.11,4.35,7758.0,0.99,-4.5823754789272,-2.68199233716475,23.8,중고PER(15~30),고PBR(3+),배당<2%
2008-01-22,025900,A,실행,146.02,1.75,201.0,0.0,-6.46153846153845,34.35897435897437,69.2,고PER(30+),중고PBR(1.5~3),무배당
2008-01-22,084730,A,실행,26.12,7.73,1524.0,0.0,9.482758620689651,22.41379310344826,32.4,중고PER(15~30),고PBR(3+),무배당
2008-01-22,023410,A,실행,3.3,1.22,3732.0,2.03,8.653846153846139,-4.71153846153846,12.5,저PER(<8),중PBR(0.8~1.5),배당2%+
2008-01-22,014820,A,실행,15.4,3.18,177.0,3.67,6.94444444444444,2.08333333333332,41.2,중고PER(15~30),고PBR(3+),배당2%+
2008-01-22,001440,A,실행,21.8,2.14,2248.0,1.02,13.85869565217392,33.69565217391306,48.1,중고PER(15~30),중고PBR(1.5~3),배당<2%
2008-01-22,000155,A,실행,0.0,0.0,0.0,0.0,6.923076923076921,0.0,28.3,적자/무실적,,무배당
2008-01-22,089480,A,실행,29.65,5.74,1720.0,0.12,-5.0,9.986684420772301,63.8,중고PER(15~30),고PBR(3+),배당<2%
2008-01-22,016880,A,실행,24.42,3.7,856.0,1.84,7.3487031700288,21.90201729106626,42.4,중고PER(15~30),고PBR(3+),배당<2%
2008-01-22,003530,A,실행,17.93,2.13,1277.0,1.31,-7.2051282051282,-28.52564102564102,5.8,중고PER(15~30),중고PBR(1.5~3),배당<2%
2008-01-22,012090,A,실행,25.74,2.19,441.0,0.0,10.46511627906976,-13.953488372093029,28.7,중고PER(15~30),중고PBR(1.5~3),무배당
2008-01-22,000150,A,실행,176.9,5.6,1026.0,0.0,9.6551724137931,10.6896551724138,49.0,고PER(30+),고PBR(3+),무배당
2008-01-22,010060,B,실행,72.73,6.17,3451.0,0.28,8.97984886649874,70.27707808564232,123.2,고PER(30+),고PBR(3+),배당<2%
2008-01-22,034020,A,실행,145.66,5.0,865.0,0.28,10.48780487804879,21.46341463414633,38.5,고PER(30+),고PBR(3+),배당<2%
2008-01-22,012630,A,실행,23.74,3.39,3855.0,0.87,8.47076461769116,-10.04497751124438,16.2,중고PER(15~30),고PBR(3+),배당<2%
2008-01-22,003490,B,실행,13.41,1.19,5725.0,0.13,-0.64102564102564,-12.21719457013574,16.9,중PER(8~15),중PBR(0.8~1.5),배당<2%
2008-01-22,000210,A,실행,22.66,2.71,7899.0,0.75,10.64638783269962,-9.1254752851711,23.2,중고PER(15~30),중고PBR(1.5~3),배당<2%
2008-01-22,009410,A,실행,88.37,1.47,129.0,0.88,-5.68198712570664,-21.46341463414633,6.8,고PER(30+),중PBR(0.8~1.5),배당<2%
2008-01-22,000880,A,실행,17.94,3.97,3946.0,0.64,7.97101449275361,-7.789855072463769,13.4,중고PER(15~30),고PBR(3+),배당<2%
2008-01-22,022100,A,실행,112.63,5.7,99.0,0.22,8.80681818181818,7.61363636363636,29.0,고PER(30+),고PBR(3+),배당<2%
2008-01-22,034830,A,실행,31.81,1.77,47.0,0.0,7.38993710691824,5.66037735849056,13.5,고PER(30+),중고PBR(1.5~3),무배당
2008-01-22,016360,A,실행,29.46,2.96,3082.0,1.1,-7.00436681222707,-0.7278020378457,26.6,중고PER(15~30),중고PBR(1.5~3),배당<2%
2008-01-22,011810,A,실행,75.98,11.77,1099.0,0.36,12.56931608133087,8.31792975970426,57.1,고PER(30+),고PBR(3+),배당<2%
2008-01-23,034020,A,실행,145.66,5.0,865.0,0.28,7.49999999999999,26.0,42.0,고PER(30+),고PBR(3+),배당<2%
2008-01-23,066270,A,실행,76.47,6.26,425.0,0.0,10.763209393346381,-39.33463796477495,16.2,고PER(30+),고PBR(3+),무배당
2008-01-23,084730,A,실행,26.12,7.73,1524.0,0.0,9.96376811594204,26.630434782608692,39.1,중고PER(15~30),고PBR(3+),무배당
2008-01-23,025900,A,실행,146.02,1.75,201.0,0.0,7.82051282051281,35.12820512820513,69.2,고PER(30+),중고PBR(1.5~3),무배당
2008-01-23,000215,A,실행,0.0,0.0,0.0,1.74,-4.6290598290598295,-6.66666666666666,17.9,적자/무실적,,배당<2%
2008-01-28,005830,A,실행,28.27,4.91,1935.0,0.82,-5.76819407008086,4.98652291105121,15.6,중고PER(15~30),고PBR(3+),배당<2%
2008-01-28,001450,A,실행,48.3,4.08,528.0,0.78,7.35694822888284,20.43596730245231,36.0,고PER(30+),고PBR(3+),배당<2%
2008-01-29,000880,A,실행,17.94,3.97,3946.0,0.64,-6.52,4.6,25.2,중고PER(15~30),고PBR(3+),배당<2%
2008-01-29,000370,A,실행,0.0,7.41,0.0,0.0,-5.9751322751322595,-11.37566137566137,28.3,적자/무실적,고PBR(3+),무배당
2008-01-29,014620,A,실행,39.4,10.91,698.0,0.18,-7.58024691358024,31.85185185185184,95.1,고PER(30+),고PBR(3+),배당<2%
2008-01-29,004020,B,실행,13.72,1.89,5760.0,0.63,-8.55094890510949,0.58394160583941,33.1,중PER(8~15),중고PBR(1.5~3),배당<2%
2008-01-29,034020,B,실행,145.66,5.0,865.0,0.28,-6.33607476635514,26.635514018691598,32.7,고PER(30+),고PBR(3+),배당<2%
2008-01-29,011810,A,실행,75.98,11.77,1099.0,0.36,-5.6921675774134695,26.04735883424409,54.8,고PER(30+),고PBR(3+),배당<2%
2008-01-29,023590,A,실행,13.91,1.74,719.0,0.35,8.55119825708061,-6.971677559912851,11.7,중PER(8~15),중고PBR(1.5~3),배당<2%
2008-01-30,000150,A,실행,176.9,5.6,1026.0,0.0,-5.0,49.21875,68.8,고PER(30+),고PBR(3+),무배당
2008-01-30,009540,A,실행,40.03,5.91,11053.0,0.56,9.26573426573427,29.54545454545454,43.0,고PER(30+),고PBR(3+),배당<2%
2008-01-30,012090,A,실행,25.74,2.19,441.0,0.0,7.587548638132289,-9.727626459143961,29.2,중고PER(15~30),중고PBR(1.5~3),무배당
2008-01-30,005880,A,실행,13.92,3.23,11855.0,0.45,12.083333333333309,55.00000000000001,97.1,중PER(8~15),고PBR(3+),배당<2%
2008-01-30,001440,A,실행,21.8,2.14,2248.0,1.02,7.776261937244181,45.7025920873124,48.7,중고PER(15~30),중고PBR(1.5~3),배당<2%
2008-01-31,000150,A,실행,125.73,3.98,1026.0,0.0,8.33333333333332,41.08527131782946,67.4,고PER(30+),고PBR(3+),무배당
2008-01-31,006260,A,실행,9.53,1.45,7516.0,1.4,8.17039106145252,22.905027932960888,51.5,중PER(8~15),중PBR(0.8~1.5),배당<2%
2008-01-31,034020,A,실행,106.47,3.65,865.0,0.38,8.08903365906623,38.979370249728554,54.2,고PER(30+),고PBR(3+),배당<2%
2008-02-12,066570,B,실행,68.44,2.34,1315.0,0.83,27.395715896279597,49.94363021420518,89.4,고PER(30+),중고PBR(1.5~3),배당<2%
2008-03-04,049690,A,실행,36.34,6.83,732.0,0.0,-5.778321943811711,-26.65148063781322,1.4,고PER(30+),고PBR(3+),무배당
2008-03-05,049690,A,실행,36.34,6.83,732.0,0.0,-5.99246212121213,-24.77272727272728,0.9,고PER(30+),고PBR(3+),무배당
2008-03-10,002780,A,실행,18.56,1.43,146.0,0.0,9.61070559610706,0.4866180048662,22.6,중고PER(15~30),중PBR(0.8~1.5),무배당
2008-03-10,000720,B,실행,20.13,5.24,4287.0,0.0,-8.659289940828401,2.4852071005917202,12.1,중고PER(15~30),고PBR(3+),무배당
2008-03-10,012090,A,실행,32.54,2.77,441.0,0.0,7.49999999999999,-14.999999999999991,18.8,고PER(30+),중고PBR(1.5~3),무배당
2008-03-10,034020,B,실행,161.27,5.53,865.0,0.25,-6.6393442622950705,-9.016393442622949,12.7,고PER(30+),고PBR(3+),배당<2%
2008-03-10,030610,A,실행,26.2,2.49,872.0,0.66,6.8241469816272895,-3.93700787401575,20.7,중고PER(15~30),중고PBR(1.5~3),배당<2%
2008-03-10,003480,A,실행,15.45,1.27,2214.0,1.17,8.187599364069941,4.61049284578696,16.2,중고PER(15~30),중PBR(0.8~1.5),배당<2%
2008-03-11,000155,A,실행,0.0,0.0,0.0,0.0,-5.3308687615526695,-8.96487985212569,13.7,적자/무실적,,무배당
2008-03-13,003490,A,실행,12.63,1.12,5725.0,0.14,-7.1897163120567305,-9.57446808510638,4.4,중PER(8~15),중PBR(0.8~1.5),배당<2%
2008-03-13,064420,A,실행,225.0,1.55,42.0,0.0,-6.1733630952380905,2.5510204081632604,15.8,고PER(30+),중고PBR(1.5~3),무배당
2008-03-14,034020,B,실행,161.27,5.53,865.0,0.25,-3.4090909090909,-12.8099173553719,13.6,고PER(30+),고PBR(3+),배당<2%
2008-03-17,037620,B,실행,37.82,5.35,3649.0,0.36,10.70564516129033,6.85483870967742,30.2,고PER(30+),고PBR(3+),배당<2%
2008-04-02,034020,B,실행,153.18,5.26,865.0,0.26,-9.76294820717131,-7.968127490039841,4.8,고PER(30+),고PBR(3+),배당<2%
2008-04-04,035420,B,실행,70.33,27.07,3286.0,0.0,-8.96825327510917,-13.318777292576419,6.1,고PER(30+),고PBR(3+),무배당
2008-04-14,000150,A,실행,186.16,5.9,1026.0,0.0,7.357357357357359,17.717717717717697,29.7,고PER(30+),고PBR(3+),무배당
2008-04-16,011400,A,실행,0.0,15.33,0.0,0.0,7.81021897810219,-10.94890510948904,16.8,적자/무실적,고PBR(3+),무배당
2008-04-25,000370,A,주의,0.0,4.38,0.0,0.0,-6.03170155993432,-29.31034482758621,9.9,적자/무실적,고PBR(3+),무배당
2008-05-07,035420,A,주의,38.47,15.3,6056.0,0.0,-6.740894308943091,-20.24390243902438,5.8,고PER(30+),고PBR(3+),무배당
2008-05-14,027970,A,주의,259.32,3.82,59.0,0.0,-7.043010752688179,-33.90681003584229,16.1,고PER(30+),고PBR(3+),무배당
2008-06-04,003550,B,실행,15.64,2.76,5147.0,0.93,-9.45383597883599,-13.49206349206348,0.4,중고PER(15~30),중고PBR(1.5~3),배당<2%
2008-06-11,000150,B,실행,139.2,6.12,1523.0,0.0,-9.08345679012345,-21.7283950617284,-1.2,고PER(30+),고PBR(3+),무배당
2008-06-13,012650,A,실행,15.55,1.37,1190.0,0.27,7.14285714285714,-17.195767195767182,21.2,중고PER(15~30),중PBR(0.8~1.5),배당<2%
2008-06-13,005880,A,실행,6.17,2.48,33075.0,1.23,10.29850746268656,-2.0895522388059797,16.4,저PER(<8),중고PBR(1.5~3),배당<2%
2008-06-13,093370,A,실행,37.16,6.91,118.0,0.57,-5.743119266055039,-4.35779816513761,19.3,고PER(30+),고PBR(3+),배당<2%
2008-06-13,011810,A,실행,30.94,6.05,2456.0,0.49,-5.58944746376811,-36.00543478260869,3.7,고PER(30+),고PBR(3+),배당<2%
2008-06-16,005880,A,실행,6.17,2.48,33075.0,1.23,7.396449704142009,-4.4378698224852,15.4,저PER(<8),중고PBR(1.5~3),배당<2%
2008-06-25,000610,A,실행,55.62,4.51,276.0,0.0,8.29493087557604,-34.74654377880184,13.8,고PER(30+),고PBR(3+),무배당
2008-06-25,000990,A,실행,0.0,0.28,0.0,0.0,-5.0,-9.86046511627907,7.0,적자/무실적,저PBR(<0.8),무배당
2008-06-26,006380,A,실행,0.0,6.08,0.0,0.0,-5.0,0.0,8.9,적자/무실적,고PBR(3+),무배당
2008-06-27,012650,A,실행,15.55,1.37,1190.0,0.27,-7.310810810810819,-31.891891891891888,18.9,중고PER(15~30),중PBR(0.8~1.5),배당<2%
2008-06-30,066570,B,실행,15.63,2.63,7584.0,0.72,-8.87729957805907,-12.23628691983121,4.6,중고PER(15~30),중고PBR(1.5~3),배당<2%
2008-07-01,000400,A,실행,54.38,3.27,217.0,0.42,-5.42986425339366,-27.33031674208145,5.0,고PER(30+),고PBR(3+),배당<2%
2008-07-03,053660,A,실행,28.04,4.35,1676.0,0.43,7.31707317073169,1.95121951219512,13.9,중고PER(15~30),고PBR(3+),배당<2%
2008-07-03,010060,B,실행,51.57,6.67,6845.0,0.28,-4.71268057784911,-4.49438202247191,23.6,고PER(30+),고PBR(3+),배당<2%
2008-07-03,014820,A,실행,9.59,2.5,267.0,3.91,-7.541850220264309,-20.70484581497796,5.1,중PER(8~15),중고PBR(1.5~3),배당2%+
2008-07-07,072870,A,실행,45.43,13.05,7290.0,0.54,-5.0,-17.69230769230768,5.4,고PER(30+),고PBR(3+),배당<2%
2008-07-08,045890,A,실행,99.18,15.87,367.0,0.0,7.531055900621101,-14.130434782608688,56.8,고PER(30+),고PBR(3+),무배당
2008-07-15,016990,A,실행,0.0,1.09,0.0,0.0,-5.46197646804836,-6.7357512953367795,10.1,적자/무실적,중PBR(0.8~1.5),무배당
2008-08-04,010060,B,실행,54.86,7.1,6845.0,0.27,-9.1048951048951,-14.4055944055944,0.7,고PER(30+),고PBR(3+),배당<2%
2008-08-05,084010,A,실행,18.22,2.02,4550.0,0.6,-6.9897810218978105,-9.78102189781022,7.3,중고PER(15~30),중고PBR(1.5~3),배당<2%
2008-08-05,053660,A,실행,27.68,4.29,1676.0,0.43,7.25190839694658,-24.8091603053435,18.1,중고PER(15~30),고PBR(3+),배당<2%
2008-08-06,010060,B,실행,54.86,7.1,6845.0,0.27,-4.28571428571428,-14.58026509572901,3.4,고PER(30+),고PBR(3+),배당<2%
2008-09-01,010780,A,실행,0.0,0.0,0.0,0.0,-4.99999999999999,-70.74626865671641,52.2,적자/무실적,,무배당
2008-09-02,011760,A,실행,0.0,0.0,0.0,0.0,7.57211538461537,-61.58653846153845,12.0,적자/무실적,,무배당
2008-09-02,008320,A,실행,0.0,0.0,0.0,0.0,-5.17798594847775,-58.31381733021077,23.0,적자/무실적,,무배당
2008-09-16,010780,A,실행,0.0,0.0,0.0,0.0,0.10000000000001,-61.74999999999999,14.1,적자/무실적,,무배당
2008-09-17,001260,A,실행,0.0,0.0,0.0,0.0,-5.67195121951223,-71.21951219512195,-2.0,적자/무실적,,무배당
2008-10-06,036490,A,실행,0.0,0.0,0.0,0.0,-7.5598802395209495,-30.38922155688622,6.3,적자/무실적,,무배당
2008-10-06,068270,A,실행,0.0,0.0,0.0,0.0,-7.23119650050354,0.15105740181269,181.7,적자/무실적,,무배당
2008-10-07,068270,A,실행,0.0,0.0,0.0,0.0,10.78740157480315,2.67716535433071,193.7,적자/무실적,,무배당
2008-10-16,002320,A,실행,0.0,0.0,0.0,0.0,-6.49999999999999,-8.94886363636363,9.1,적자/무실적,,무배당
2008-10-16,000270,A,실행,0.0,0.0,0.0,0.0,-5.0,-34.60176991150442,5.3,적자/무실적,,무배당
2008-10-23,001430,A,실행,0.0,0.0,0.0,0.0,-10.70496083550913,-7.310704960835509,5.5,적자/무실적,,무배당
2008-10-24,015940,A,실행,0.0,0.0,0.0,0.0,-12.0,7.56756756756755,16.8,적자/무실적,,무배당
2008-10-27,068270,A,실행,0.0,0.0,0.0,0.0,-5.77407407407408,56.984126984127,196.0,적자/무실적,,무배당
2008-11-19,000670,A,실행,0.0,0.0,0.0,0.0,-8.645348837209319,27.90697674418603,59.8,적자/무실적,,무배당
2008-12-03,003240,A,실행,0.0,0.0,0.0,0.0,7.332677165354321,-15.35433070866141,12.0,적자/무실적,,무배당
2009-02-26,006120,A,실행,20.81,1.29,1634.0,0.74,7.45614035087718,61.69590643274854,123.1,중고PER(15~30),중PBR(0.8~1.5),배당<2%
2009-03-20,011760,A,실행,8.87,2.07,1967.0,0.0,7.000000000000001,-0.28571428571428,22.0,중PER(8~15),중고PBR(1.5~3),무배당
2009-03-30,022100,A,실행,65.16,1.98,61.0,0.63,7.47126436781608,15.708812260536389,54.8,고PER(30+),중고PBR(1.5~3),배당<2%
2009-04-17,001740,A,실행,3.25,1.21,2422.0,0.0,7.69230769230768,35.74660633484163,65.6,저PER(<8),중PBR(0.8~1.5),무배당
2009-05-22,000660,A,실행,20.11,0.73,716.0,0.0,-5.0,23.32015810276679,78.7,중고PER(15~30),저PBR(<0.8),무배당
2009-05-26,008320,A,실행,0.0,8.11,0.0,0.0,-6.37903225806451,-9.99999999999999,6.8,적자/무실적,고PBR(3+),무배당
2009-06-04,086790,A,실행,12.99,0.69,2301.0,0.67,7.2796934865900305,32.37547892720307,60.0,중PER(8~15),저PBR(<0.8),배당<2%
2009-06-09,005380,B,실행,13.01,0.92,5325.0,1.23,11.17647058823529,37.35294117647059,73.5,중PER(8~15),중PBR(0.8~1.5),배당<2%
2009-06-15,004550,A,실행,0.0,0.24,0.0,0.0,-7.943303571428579,-2.67857142857143,17.0,적자/무실적,저PBR(<0.8),무배당
2009-06-18,022100,A,실행,0.0,4.2,0.0,0.0,-5.60253699788583,5.70824524312896,30.4,적자/무실적,고PBR(3+),무배당
2009-06-29,053660,A,실행,91.71,3.83,519.0,0.0,-8.469135802469129,-15.43209876543209,11.4,고PER(30+),고PBR(3+),무배당
2009-06-29,012630,A,실행,13.18,1.26,3096.0,1.23,7.52487562189054,6.7164179104477695,19.7,중PER(8~15),중PBR(0.8~1.5),배당<2%
2009-06-29,023160,A,실행,10.08,3.35,3967.0,0.0,7.523510971786821,-6.7398119122257,25.2,중PER(8~15),고PBR(3+),무배당
2009-06-30,053660,A,실행,57.9,2.42,519.0,0.0,8.652246256239609,-9.48419301164724,20.1,고PER(30+),중고PBR(1.5~3),무배당
2009-06-30,089480,A,실행,0.0,2.8,0.0,0.0,8.14606741573034,-31.03932584269663,10.8,적자/무실적,중고PBR(1.5~3),무배당
2009-07-02,096770,B,실행,10.61,1.27,9657.0,2.05,-3.2307692307692197,6.15384615384615,43.6,중PER(8~15),중PBR(0.8~1.5),배당2%+
2009-07-09,066970,A,실행,188.57,9.68,175.0,0.15,-8.853923205342241,52.921535893155266,68.9,고PER(30+),고PBR(3+),배당<2%
2009-07-10,066970,A,실행,188.57,9.68,175.0,0.15,-0.06509945750452001,66.72694394213381,83.0,고PER(30+),고PBR(3+),배당<2%
2009-07-13,005160,A,실행,242.65,2.21,34.0,0.61,7.37359550561798,8.14606741573034,44.0,고PER(30+),중고PBR(1.5~3),배당<2%
2009-07-13,000060,A,실행,9.42,1.39,669.0,3.57,-6.20253164556962,47.73960216998192,57.0,중PER(8~15),중PBR(0.8~1.5),배당2%+
2009-07-13,000660,B,실행,0.0,1.23,0.0,0.0,19.01408450704225,47.53521126760562,77.5,적자/무실적,중PBR(0.8~1.5),무배당
2009-07-14,024110,B,실행,7.09,0.79,1545.0,0.0,7.391304347826081,21.73913043478261,36.5,저PER(<8),저PBR(<0.8),무배당
2009-07-14,077970,A,실행,8.15,1.41,3345.0,1.1,8.37053571428572,1.5625,34.4,중PER(8~15),중PBR(0.8~1.5),배당<2%
2009-07-14,004940,B,실행,8.17,0.96,1214.0,1.26,12.22444889779559,10.22044088176352,54.8,중PER(8~15),중PBR(0.8~1.5),배당<2%
2009-07-14,001740,A,실행,38.31,1.54,385.0,0.68,7.87234042553191,8.93617021276595,23.4,고PER(30+),중고PBR(1.5~3),배당<2%
2009-07-14,006260,A,실행,0.0,1.71,0.0,1.06,7.3006134969325105,5.27607361963189,44.8,적자/무실적,중고PBR(1.5~3),배당<2%
2009-08-17,085310,A,관찰만,25.6,2.2,750.0,0.52,-7.76699029126214,-3.88349514563106,12.9,중고PER(15~30),중고PBR(1.5~3),배당<2%
2009-08-18,044490,A,관찰만,19.48,4.09,4508.0,0.11,-6.04141291108404,-5.96833130328867,25.1,중고PER(15~30),고PBR(3+),배당<2%
2009-08-18,053660,A,관찰만,55.97,2.34,519.0,0.0,-7.049001814882019,-13.79310344827586,17.1,고PER(30+),중고PBR(1.5~3),무배당
2009-08-18,096770,B,관찰만,10.77,1.29,9657.0,2.02,24.47916666666667,18.22916666666667,45.8,중PER(8~15),중PBR(0.8~1.5),배당2%+
2009-08-19,011200,A,관찰만,5.14,1.23,5176.0,1.88,7.77777777777777,3.1481481481481404,15.6,저PER(<8),중PBR(0.8~1.5),배당<2%
2009-09-21,066970,A,관찰만,234.29,12.03,175.0,0.12,-6.59037037037036,-43.7037037037037,5.0,고PER(30+),고PBR(3+),배당<2%
2009-09-25,004800,A,관찰만,22.03,1.21,4099.0,0.83,-6.3668091168091205,15.242165242165239,33.8,중고PER(15~30),중PBR(0.8~1.5),배당<2%
2009-10-01,010060,B,관찰만,16.93,4.05,15594.0,0.57,-8.72125748502994,-20.359281437125752,-0.2,중고PER(15~30),고PBR(3+),배당<2%
2009-10-05,010060,A,실행,16.93,4.05,15594.0,0.57,7.0194384449244005,-14.25485961123109,8.0,중고PER(15~30),고PBR(3+),배당<2%
2009-10-06,034220,B,실행,11.16,1.31,3038.0,1.47,-9.39626749611197,5.7542768273716804,37.9,중PER(8~15),중PBR(0.8~1.5),배당<2%
2009-10-06,000700,A,실행,4.76,0.4,4317.0,2.43,7.47922437673129,-8.18658488326077,68.3,저PER(<8),저PBR(<0.8),배당2%+
2009-11-17,003190,A,실행,0.0,5.81,0.0,0.0,8.715596330275211,28.23649337410803,34.6,적자/무실적,고PBR(3+),무배당
2009-11-27,000830,A,실행,21.03,1.42,2340.0,1.02,8.227848101265819,37.39930955120829,54.7,중고PER(15~30),중PBR(0.8~1.5),배당<2%
2009-11-27,000720,A,실행,19.85,2.57,3366.0,0.75,6.89655172413792,0.78369905956112,20.5,중고PER(15~30),중고PBR(1.5~3),배당<2%
2009-11-30,096770,B,실행,11.29,1.36,9657.0,1.93,-1.74311926605504,-0.45871559633027,18.8,중PER(8~15),중PBR(0.8~1.5),배당<2%
2009-12-30,020560,A,관찰만,0.0,0.81,0.0,0.0,6.92729766803841,3.97805212620028,177.1,적자/무실적,중PBR(0.8~1.5),무배당
2010-01-15,023530,B,관찰만,13.53,1.14,25576.0,0.36,9.13539967373573,9.13539967373573,18.4,중PER(8~15),중PBR(0.8~1.5),배당<2%
2010-01-25,006360,B,관찰만,14.11,1.72,7689.0,0.46,-9.65786694825765,4.6462513199577495,8.2,중PER(8~15),중고PBR(1.5~3),배당<2%
2010-01-26,085660,A,관찰만,25.87,2.42,315.0,0.0,-5.35375375375376,8.10810810810811,20.7,중고PER(15~30),중고PBR(1.5~3),무배당
2010-01-29,035080,A,실행,139.79,3.1,48.0,0.0,11.40089418777943,-6.1102831594634806,11.5,고PER(30+),고PBR(3+),무배당
2010-02-01,006400,B,실행,40.69,1.26,3342.0,0.18,5.97014925373133,5.97014925373133,41.0,고PER(30+),중PBR(0.8~1.5),배당<2%
2010-02-08,035080,A,실행,139.79,3.1,48.0,0.0,7.0189274447949295,-4.88958990536276,9.9,고PER(30+),고PBR(3+),무배당
2010-02-08,004020,B,실행,8.71,1.48,9798.0,0.59,14.999999999999991,14.999999999999991,48.7,중PER(8~15),중PBR(0.8~1.5),배당<2%
2010-02-19,035080,A,실행,139.79,3.1,48.0,0.0,7.6086956521739,-6.18729096989967,15.2,고PER(30+),고PBR(3+),무배당
2010-03-15,069260,A,관찰만,14.29,2.56,1953.0,3.58,7.072691552062869,-2.35756385068761,36.1,중PER(8~15),중고PBR(1.5~3),배당2%+
2010-03-15,005380,B,관찰만,21.6,1.52,5325.0,0.74,13.488372093023248,21.395348837209298,42.8,중고PER(15~30),중고PBR(1.5~3),배당<2%
2010-05-04,003000,A,관찰만,15.5,2.54,1174.0,1.65,-5.969387755102041,-6.802721088435371,0.3,중고PER(15~30),중고PBR(1.5~3),배당<2%
2010-05-17,010620,A,실행,8.04,1.14,19578.0,1.9,-5.0,33.61344537815127,76.1,중PER(8~15),중PBR(0.8~1.5),배당<2%
2010-05-17,000680,A,실행,46.83,0.81,186.0,0.0,7.41839762611276,-0.5934718100890101,14.1,고PER(30+),중PBR(0.8~1.5),무배당
2010-05-24,082850,A,실행,10.43,1.81,864.0,0.83,-5.71518193224592,-1.63111668757841,13.4,중PER(8~15),중고PBR(1.5~3),배당<2%
2010-08-06,009150,B,관찰만,37.75,4.07,3616.0,0.55,-9.25707509881422,-5.92885375494071,9.9,고PER(30+),고PBR(3+),배당<2%
2010-09-02,012510,A,관찰만,206.74,8.09,89.0,0.0,7.3208722741433006,30.218068535825537,42.7,고PER(30+),고PBR(3+),무배당
2010-10-20,002990,A,관찰만,0.0,0.0,0.0,0.0,8.214285714285701,-12.586140147115751,11.9,적자/무실적,,무배당
2010-10-29,004150,A,관찰만,10.01,0.6,1119.0,3.57,-5.0,-1.78571428571429,6.2,중PER(8~15),저PBR(<0.8),배당2%+
2010-10-29,043890,A,관찰만,4.85,1.65,4419.0,0.0,9.55710955710955,-5.594405594405591,34.3,저PER(<8),중고PBR(1.5~3),무배당
2010-11-04,008040,A,관찰만,53.76,1.37,101.0,0.18,-5.0,-18.47545219638242,12.4,고PER(30+),중PBR(0.8~1.5),배당<2%
2010-11-12,083650,A,관찰만,16.67,4.69,1728.0,0.63,-5.41817876344086,-12.09677419354837,2.2,중고PER(15~30),고PBR(3+),배당<2%
2010-11-12,100130,A,관찰만,36.57,1.96,248.0,0.77,-6.473747016706439,-1.9093078758949797,4.7,고PER(30+),중고PBR(1.5~3),배당<2%
2010-11-15,085660,A,관찰만,107.3,4.52,137.0,0.0,-9.724137931034479,-20.77586206896552,6.0,고PER(30+),고PBR(3+),무배당
2010-11-15,014620,A,관찰만,16.35,2.72,1581.0,0.58,-4.33970276008492,4.8832271762208,12.7,중고PER(15~30),중고PBR(1.5~3),배당<2%
2010-11-16,014620,A,관찰만,16.35,2.72,1581.0,0.58,8.24175824175823,9.8901098901099,16.7,중고PER(15~30),중고PBR(1.5~3),배당<2%
2010-11-17,011200,A,관찰만,0.0,2.58,0.0,1.26,-0.08069164265128999,6.48414985590777,37.0,적자/무실적,중고PBR(1.5~3),배당<2%
2010-11-17,000720,A,관찰만,18.32,2.77,4110.0,0.8,11.73986486486486,44.93243243243243,56.9,중고PER(15~30),중고PBR(1.5~3),배당<2%
2010-11-29,002990,A,관찰만,0.0,0.0,0.0,0.0,6.882022471910119,-10.112359550561779,16.6,적자/무실적,,무배당
2010-12-16,012510,A,관찰만,232.58,9.1,89.0,0.0,-7.55593227870602,-26.14942528735632,4.6,고PER(30+),고PBR(3+),무배당
2011-01-13,090430,B,관찰만,30.25,6.04,37658.0,0.48,-10.07235996326907,-8.17263544536273,18.2,고PER(30+),고PBR(3+),배당<2%
2011-01-17,085660,A,관찰만,66.72,2.8,131.0,0.0,9.60591133004926,-3.44827586206896,21.2,고PER(30+),중고PBR(1.5~3),무배당
2011-02-09,012330,B,관찰만,14.51,3.08,17812.0,0.48,26.69322709163346,32.07171314741035,65.9,중PER(8~15),고PBR(3+),배당<2%
2011-02-15,060720,A,관찰만,5.53,1.9,3799.0,2.38,-6.02425876010781,9.43396226415094,14.8,저PER(<8),중고PBR(1.5~3),배당2%+
2011-02-23,000720,A,실행,21.14,3.2,4110.0,0.69,7.05128205128204,11.965811965811959,32.3,중고PER(15~30),고PBR(3+),배당<2%
2011-03-14,011810,A,실행,0.0,1.68,0.0,0.0,-7.39312977099236,-10.305343511450369,13.5,적자/무실적,중고PBR(1.5~3),무배당
2011-03-15,020560,A,실행,0.0,2.44,0.0,0.0,7.241379310344829,12.64367816091953,40.2,적자/무실적,중고PBR(1.5~3),무배당
2011-03-16,001300,B,실행,45.21,2.84,2654.0,0.63,16.894977168949758,11.415525114155239,27.4,고PER(30+),중고PBR(1.5~3),배당<2%
2011-05-09,011810,A,관찰만,43.27,1.44,617.0,0.94,-7.88503253796094,-4.55531453362255,5.9,고PER(30+),중PBR(0.8~1.5),배당<2%
2011-05-16,086790,A,주의,9.4,0.88,4829.0,1.54,10.95890410958904,1.5068493150685,18.5,중PER(8~15),중PBR(0.8~1.5),배당<2%
2011-05-24,009420,A,실행,1501.67,5.51,6.0,0.0,-5.48658114992722,36.82678311499272,71.8,고PER(30+),고PBR(3+),무배당
2011-05-25,009420,A,실행,1501.67,5.51,6.0,0.0,6.9767441860465,47.131782945736425,82.9,고PER(30+),고PBR(3+),무배당
2011-06-03,010060,B,실행,17.99,5.21,27400.0,0.66,-7.912252042006999,-0.35005834305718,6.8,중고PER(15~30),고PBR(3+),배당<2%
2011-06-09,009540,B,실행,8.17,2.03,61807.0,1.39,-8.3781111111111,-16.888888888888882,12.2,중PER(8~15),중고PBR(1.5~3),배당<2%
2011-06-10,009540,B,실행,8.17,2.03,61807.0,1.39,-7.13997747747747,-20.6081081081081,13.7,중PER(8~15),중고PBR(1.5~3),배당<2%
2011-06-10,024110,B,실행,9.48,1.17,2004.0,2.16,-5.86021505376344,-8.33333333333333,10.8,중PER(8~15),중PBR(0.8~1.5),배당2%+
2011-06-13,096640,A,실행,18.05,5.1,2261.0,0.86,7.2033898305084705,-17.966101694915242,21.5,중고PER(15~30),고PBR(3+),배당<2%
2011-06-13,036710,A,실행,4.89,2.83,2791.0,1.25,-6.58333333333333,-6.24999999999998,25.4,저PER(<8),중고PBR(1.5~3),배당<2%
2011-06-13,052420,A,실행,22.9,4.01,1179.0,0.0,12.17008797653957,-12.02346041055717,29.6,중고PER(15~30),고PBR(3+),무배당
2011-06-17,023530,B,실행,14.38,1.11,34781.0,0.3,-9.68486707566462,-4.9079754601227,5.5,중PER(8~15),중PBR(0.8~1.5),배당<2%
2011-06-21,010060,B,실행,17.99,5.21,27400.0,0.66,-9.07926267281106,-27.88018433179723,3.3,중고PER(15~30),고PBR(3+),배당<2%
2011-06-27,096770,B,주의,17.94,1.99,12990.0,0.9,-1.8066157760814199,-25.190839694656482,15.5,중고PER(15~30),중고PBR(1.5~3),배당<2%
2011-07-13,009540,B,주의,7.18,1.79,61807.0,1.58,-8.08342245989305,-32.62032085561497,0.3,저PER(<8),중고PBR(1.5~3),배당<2%
2011-07-21,042660,B,관찰만,10.96,2.1,4127.0,1.1,-6.69765013054829,-34.46475195822455,3.8,중PER(8~15),중고PBR(1.5~3),배당<2%
2011-08-03,012330,B,실행,14.95,3.52,25413.0,0.39,-9.87434782608696,-4.63768115942029,5.5,중PER(8~15),고PBR(3+),배당<2%
2011-08-03,003600,B,실행,11.38,0.94,15951.0,1.07,-9.25988372093022,-29.360465116279062,1.7,중PER(8~15),중PBR(0.8~1.5),배당<2%
2011-08-04,001520,A,실행,0.0,0.0,0.0,0.0,-5.0,-51.65,13.3,적자/무실적,,무배당
2011-08-04,028050,B,실행,26.42,7.46,9840.0,0.96,-9.29017467248908,-12.66375545851528,9.8,중고PER(15~30),고PBR(3+),배당<2%
2011-08-05,013570,A,실행,12.61,2.67,1499.0,1.06,-5.8752314814814905,-21.52777777777776,18.8,중PER(8~15),중고PBR(1.5~3),배당<2%
2011-08-05,052420,A,실행,17.6,3.08,1179.0,0.0,-5.82608695652175,-47.59420289855072,-0.3,중고PER(15~30),고PBR(3+),무배당
2011-08-05,064420,A,실행,13.94,2.54,1840.0,0.58,-6.9944950645406205,-44.64692482915717,5.5,중PER(8~15),중고PBR(1.5~3),배당<2%
2011-08-05,001230,A,실행,17.73,0.91,2236.0,1.89,-8.0735294117647,-39.55882352941177,-1.9,중고PER(15~30),중PBR(0.8~1.5),배당<2%
2011-08-05,036710,A,실행,4.98,2.88,2791.0,1.22,-8.799999999999999,-13.600000000000001,15.6,저PER(<8),중고PBR(1.5~3),배당<2%
2011-08-05,007860,A,실행,6.23,1.55,1933.0,1.0,-7.372486772486759,-14.81481481481482,25.4,저PER(<8),중고PBR(1.5~3),배당<2%
2011-08-05,009830,A,실행,16.48,2.19,2822.0,0.97,-9.2964824120603,-42.71356783919597,2.1,중고PER(15~30),중고PBR(1.5~3),배당<2%
2011-08-05,010950,B,실행,24.61,3.84,6055.0,1.68,-9.90521072796934,-30.26819923371647,6.9,중고PER(15~30),고PBR(3+),배당<2%
2011-08-05,014790,A,실행,8.06,0.81,2998.0,2.48,-6.2875,-38.1578947368421,1.8,중PER(8~15),중PBR(0.8~1.5),배당2%+
2011-08-05,036540,A,실행,20.95,2.24,402.0,0.0,-9.01226158038147,-5.858310626703,58.7,중고PER(15~30),중고PBR(1.5~3),무배당
2011-08-05,042660,A,실행,9.09,1.74,4127.0,1.33,-7.49589490968801,-29.064039408866986,4.9,중PER(8~15),중고PBR(1.5~3),배당<2%
2011-08-08,014790,A,실행,8.06,0.81,2998.0,2.48,-11.57060518731988,-26.801152737752158,10.4,중PER(8~15),중PBR(0.8~1.5),배당2%+
2011-08-08,006840,A,실행,6.08,1.12,8588.0,2.87,-9.50641025641025,-30.897435897435887,16.0,저PER(<8),중PBR(0.8~1.5),배당2%+
2011-08-08,093370,A,실행,116.38,5.96,69.0,0.0,-6.32393756921372,18.27242524916943,47.0,고PER(30+),고PBR(3+),무배당
2011-08-08,001230,A,실행,17.73,0.91,2236.0,1.89,-9.68750000000001,-26.31578947368421,6.4,중고PER(15~30),중PBR(0.8~1.5),배당<2%
2011-08-08,009830,A,실행,16.48,2.19,2822.0,0.97,-8.07349081364829,-32.677165354330704,4.5,중고PER(15~30),중고PBR(1.5~3),배당<2%
2011-08-08,015750,A,실행,7.54,1.96,3065.0,1.08,-11.41891891891893,8.64864864864864,23.5,저PER(<8),중고PBR(1.5~3),배당<2%
2011-08-08,000120,A,실행,22.39,0.73,4511.0,0.0,-8.04562268803945,-19.112207151664602,30.1,중고PER(15~30),저PBR(<0.8),무배당
2011-08-08,010690,A,실행,8.2,2.49,2243.0,0.54,-9.08602150537634,8.96057347670251,26.2,중PER(8~15),중고PBR(1.5~3),배당<2%
2011-08-08,033530,A,실행,8.41,1.72,2372.0,1.13,-5.79697986577181,-13.087248322147648,10.1,중PER(8~15),중고PBR(1.5~3),배당<2%
2011-08-08,000430,A,실행,11.78,1.3,574.0,1.11,8.67850098619329,-11.24260355029586,13.4,중PER(8~15),중PBR(0.8~1.5),배당<2%
2011-08-08,010950,B,실행,24.61,3.84,6055.0,1.68,-9.209498069498059,-23.62934362934362,12.0,중고PER(15~30),고PBR(3+),배당<2%
2011-08-09,101060,A,실행,23.9,0.85,136.0,0.0,6.931608133086881,79.11275415896488,103.3,중고PER(15~30),중PBR(0.8~1.5),무배당
2011-08-09,108230,A,실행,32.03,5.39,790.0,0.0,9.42857142857143,-18.0,28.3,고PER(30+),고PBR(3+),무배당
2011-08-09,009420,A,실행,1816.67,6.67,6.0,0.0,9.41320293398533,-3.4229828850855704,38.8,고PER(30+),고PBR(3+),무배당
2011-08-09,066270,A,실행,666.0,3.05,25.0,0.0,10.66433566433566,22.72727272727273,60.1,고PER(30+),고PBR(3+),무배당
2011-08-10,003600,A,실행,11.38,0.94,15951.0,1.07,7.54716981132075,7.54716981132075,28.3,중PER(8~15),중PBR(0.8~1.5),배당<2%
2011-08-17,001630,A,실행,9.12,1.5,3553.0,1.54,-7.81620553359684,-13.63636363636363,2.0,중PER(8~15),중고PBR(1.5~3),배당<2%
2011-08-19,015750,A,실행,7.54,1.96,3065.0,1.08,-5.0,28.235294117647047,34.4,저PER(<8),중고PBR(1.5~3),배당<2%
2011-08-19,007690,A,실행,15.41,1.45,4555.0,1.28,7.684630738522941,-14.67065868263473,25.1,중고PER(15~30),중PBR(0.8~1.5),배당<2%
2011-08-19,005850,A,실행,10.92,2.02,2478.0,0.74,-5.0,41.14583333333332,49.7,중PER(8~15),중고PBR(1.5~3),배당<2%
2011-08-19,001120,A,실행,8.33,2.49,7447.0,0.56,10.92342342342342,15.990990990990989,34.2,중PER(8~15),중고PBR(1.5~3),배당<2%
2011-08-19,004560,A,실행,10.43,1.34,2028.0,0.0,9.16666666666665,-9.99999999999999,16.3,중PER(8~15),중PBR(0.8~1.5),무배당
2011-08-19,004430,A,실행,19.86,2.26,924.0,0.33,-5.0,-9.52380952380952,13.3,중고PER(15~30),중고PBR(1.5~3),배당<2%
2011-08-19,005950,A,실행,13.42,0.93,2343.0,1.91,10.2127659574468,5.95744680851062,29.1,중PER(8~15),중PBR(0.8~1.5),배당<2%
2011-08-22,000270,A,실행,13.46,3.18,5752.0,0.65,7.288135593220341,20.84745762711863,31.9,중PER(8~15),고PBR(3+),배당<2%
2011-08-22,000120,A,실행,22.39,0.73,4511.0,0.0,9.14918414918415,-12.58741258741258,9.6,중고PER(15~30),저PBR(<0.8),무배당
2011-08-22,004560,A,실행,10.43,1.34,2028.0,0.0,9.05923344947734,-10.80139372822299,21.6,중PER(8~15),중PBR(0.8~1.5),무배당
2011-08-22,011780,A,실행,9.19,5.23,23611.0,0.46,10.28938906752412,19.614147909967848,42.1,중PER(8~15),고PBR(3+),배당<2%
2011-08-22,006650,A,실행,15.46,2.0,10898.0,1.19,16.250000000000007,-16.1,33.0,중고PER(15~30),중고PBR(1.5~3),배당<2%
2011-08-22,011170,A,실행,17.55,3.09,24616.0,0.41,13.7271214642263,-6.15640599001663,32.4,중고PER(15~30),고PBR(3+),배당<2%
2011-08-22,013570,A,실행,12.61,2.67,1499.0,1.06,12.74131274131273,1.54440154440151,32.0,중PER(8~15),중고PBR(1.5~3),배당<2%
2011-08-22,030530,A,실행,10.94,1.38,786.0,0.0,7.87037037037037,0.5291005291005301,39.6,중PER(8~15),중PBR(0.8~1.5),무배당
2011-08-22,000210,A,실행,13.75,1.18,9163.0,0.08,8.779011099899089,-19.273461150353167,29.2,중PER(8~15),중PBR(0.8~1.5),배당<2%
2011-08-22,066270,A,실행,666.0,3.05,25.0,0.0,7.87037037037037,17.28395061728396,41.4,고PER(30+),고PBR(3+),무배당
2011-08-22,028150,A,실행,11.55,1.99,12156.0,2.14,-5.33777777777777,1.7777777777777601,17.3,중PER(8~15),중고PBR(1.5~3),배당2%+
2011-08-22,039130,A,실행,22.34,4.15,2193.0,1.73,7.29783037475344,-21.10453648915187,7.7,중고PER(15~30),고PBR(3+),배당<2%
2011-08-22,000430,A,실행,11.78,1.3,574.0,1.11,7.8125,7.29166666666667,22.9,중PER(8~15),중PBR(0.8~1.5),배당<2%
2011-08-22,006840,A,실행,6.08,1.12,8588.0,2.87,7.6361221779548405,-19.25630810092962,13.7,저PER(<8),중PBR(0.8~1.5),배당2%+
2011-08-22,005950,A,실행,13.42,0.93,2343.0,1.91,11.19909502262443,6.10859728506787,37.3,중PER(8~15),중PBR(0.8~1.5),배당<2%
2011-08-22,060980,A,실행,19.01,3.09,10970.0,0.48,13.56209150326797,24.83660130718956,38.2,중고PER(15~30),고PBR(3+),배당<2%
2011-08-25,011780,B,실행,9.19,5.23,23611.0,0.46,-4.40652818991097,10.682492581602359,31.2,중PER(8~15),고PBR(3+),배당<2%
2011-09-05,010950,A,실행,20.15,3.14,6055.0,2.05,8.05687203791469,9.95260663507109,37.4,중고PER(15~30),고PBR(3+),배당2%+
2011-09-06,003600,A,실행,10.31,0.85,15951.0,1.19,6.866197183098589,4.22535211267605,22.9,중PER(8~15),중PBR(0.8~1.5),배당<2%
2011-09-06,004430,A,실행,17.64,2.01,924.0,0.37,-6.20401678657074,-14.748201438848909,5.4,중고PER(15~30),중고PBR(1.5~3),배당<2%
2011-09-14,120110,A,실행,9.45,2.25,12012.0,1.06,-6.624022346368711,-29.60893854748603,-9.3,중PER(8~15),중고PBR(1.5~3),배당<2%
2011-09-14,011790,A,실행,15.76,2.01,3641.0,0.7,-5.0,-17.11409395973154,21.3,중고PER(15~30),중고PBR(1.5~3),배당<2%
2011-09-15,120110,A,실행,9.45,2.25,12012.0,1.06,-5.0,-14.58607095926413,6.7,중PER(8~15),중고PBR(1.5~3),배당<2%
2011-09-20,006650,A,실행,11.84,1.53,10898.0,1.55,-3.80392156862745,-21.07843137254902,21.1,중PER(8~15),중고PBR(1.5~3),배당<2%
2011-09-20,010780,A,실행,21.45,1.11,811.0,4.02,-5.0,-22.22222222222222,25.6,중고PER(15~30),중PBR(0.8~1.5),배당2%+
2011-09-23,010950,A,실행,20.15,3.14,6055.0,2.05,-8.10747663551402,1.86915887850467,35.5,중고PER(15~30),고PBR(3+),배당2%+
2011-09-23,005950,A,실행,11.91,0.82,2343.0,2.15,-5.10106382978722,20.4255319148936,29.1,중PER(8~15),중PBR(0.8~1.5),배당2%+
2011-09-23,108230,A,실행,26.2,4.41,790.0,0.0,-5.29051987767584,26.91131498470946,27.8,중고PER(15~30),고PBR(3+),무배당
2011-09-23,054620,A,실행,0.0,5.03,0.0,0.0,-5.93496835443038,23.20675105485232,32.5,적자/무실적,고PBR(3+),무배당
2011-09-23,011170,A,실행,14.5,2.55,24616.0,0.49,-5.39830729166668,1.5625,24.4,중PER(8~15),중고PBR(1.5~3),배당<2%
2011-09-23,001120,A,실행,7.39,2.21,7447.0,0.64,-9.96590909090908,15.909090909090908,39.1,저PER(<8),중고PBR(1.5~3),배당<2%
2011-09-23,004010,A,실행,26.77,1.97,904.0,0.21,-5.0,-9.94152046783626,10.2,중고PER(15~30),중고PBR(1.5~3),배당<2%
2011-09-23,039530,A,실행,0.0,31.35,0.0,0.0,-5.66155988857939,32.45125348189415,77.6,적자/무실적,고PBR(3+),무배당
2011-09-26,009520,A,실행,28.6,2.3,2976.0,0.88,9.46791862284819,19.87480438184663,30.7,중고PER(15~30),중고PBR(1.5~3),배당<2%
2011-09-26,054620,A,실행,0.0,5.03,0.0,0.0,10.23255813953487,39.06976744186048,46.0,적자/무실적,고PBR(3+),무배당
2011-09-26,041140,A,실행,0.0,8.65,0.0,0.0,9.49781659388646,23.90829694323144,50.7,적자/무실적,고PBR(3+),무배당
2011-09-26,006120,A,실행,5.31,1.6,15355.0,0.61,8.77742946708464,5.64263322884013,16.9,저PER(<8),중고PBR(1.5~3),배당<2%
2011-09-26,007570,A,실행,204.03,3.14,149.0,0.33,12.55656108597285,48.19004524886878,94.8,고PER(30+),고PBR(3+),배당<2%
2011-09-26,009410,A,실행,6.18,0.53,1127.0,1.43,9.49152542372882,-2.71186440677965,12.5,저PER(<8),저PBR(<0.8),배당<2%
2011-09-26,015750,A,실행,6.38,1.66,3065.0,1.28,7.8873239436619595,-0.8450704225352099,28.7,저PER(<8),중고PBR(1.5~3),배당<2%
2011-09-26,041960,A,실행,1050.0,18.78,11.0,0.0,10.88362068965518,-4.418103448275859,27.2,고PER(30+),고PBR(3+),무배당
2011-09-26,006380,A,실행,13.37,6.38,2513.0,1.19,-2.40329218106996,4.32098765432098,23.3,중PER(8~15),고PBR(3+),배당<2%
2011-09-26,058650,A,실행,4.62,0.66,32066.0,1.18,9.28270042194092,-3.7974683544303702,21.1,저PER(<8),저PBR(<0.8),배당<2%
2011-09-26,000070,A,실행,7.96,1.04,13876.0,1.58,14.021887824897389,7.25034199726402,26.4,저PER(<8),중PBR(0.8~1.5),배당<2%
2011-09-26,013990,A,실행,30.22,2.68,455.0,0.65,17.14490674318507,47.77618364418938,219.2,고PER(30+),중고PBR(1.5~3),배당<2%
2011-09-26,069080,A,실행,0.0,1.61,0.0,0.0,8.33333333333332,49.358974358974365,109.0,적자/무실적,중고PBR(1.5~3),무배당
2011-09-26,066270,A,실행,728.0,3.33,25.0,0.0,14.687500000000009,2.8124999999999902,31.9,고PER(30+),고PBR(3+),무배당
2011-09-26,023590,A,실행,6.01,0.82,1672.0,1.29,10.2439024390244,39.6341463414634,111.6,저PER(<8),중PBR(0.8~1.5),배당<2%
2011-09-26,003030,A,실행,5.5,0.74,15671.0,1.74,-6.2250608272506005,-0.43795620437956,83.9,저PER(<8),저PBR(<0.8),배당<2%
2011-09-26,002270,A,실행,9.22,0.96,39281.0,0.35,-5.11518622722401,24.2765273311897,51.1,중PER(8~15),중PBR(0.8~1.5),배당<2%
2011-09-26,068270,B,실행,47.5,6.92,979.0,0.16,1.8085106382978702,-5.63204005006258,19.8,고PER(30+),고PBR(3+),배당<2%
2011-09-26,036830,A,실행,18.98,2.91,2271.0,0.7,7.42647058823529,30.294117647058822,35.3,중고PER(15~30),중고PBR(1.5~3),배당<2%
2011-09-26,033920,A,실행,10.48,1.63,1245.0,1.15,7.1646341463414505,13.821138211382111,37.2,중PER(8~15),중고PBR(1.5~3),배당<2%
2011-09-26,009420,A,실행,1600.0,5.87,6.0,0.0,13.77952755905511,19.947506561679777,49.0,고PER(30+),고PBR(3+),무배당
2011-09-26,068760,A,실행,86.01,2.48,286.0,0.0,9.58333333333334,36.388888888888886,54.4,고PER(30+),중고PBR(1.5~3),무배당
2011-10-04,011780,A,실행,7.86,4.47,23611.0,0.54,6.89149560117301,-2.93255131964809,29.6,저PER(<8),고PBR(3+),배당<2%
2011-10-05,011780,A,실행,7.86,4.47,23611.0,0.54,7.6086956521739,10.55900621118013,37.3,저PER(<8),고PBR(3+),배당<2%
2011-10-06,005850,A,실행,9.6,1.78,2478.0,0.84,10.0,17.64705882352941,35.3,중PER(8~15),중고PBR(1.5~3),배당<2%
2011-10-17,068270,B,실행,45.1,6.57,979.0,0.17,-8.28240963855421,-7.46987951807228,2.5,고PER(30+),고PBR(3+),배당<2%
2011-11-03,003030,A,실행,5.3,0.72,15671.0,1.81,-3.86554621848739,-7.2829131652661,76.5,저PER(<8),저PBR(<0.8),배당<2%
2011-11-10,000240,B,실행,15.22,2.67,2944.0,0.78,3.93794749403342,3.93794749403342,17.7,중고PER(15~30),중고PBR(1.5~3),배당<2%
2011-11-21,039530,A,실행,0.0,32.92,0.0,0.0,-5.79603706624607,-3.8906414300736,34.1,적자/무실적,고PBR(3+),무배당
2011-11-24,007570,A,실행,231.21,3.55,149.0,0.29,-2.63117870722433,20.532319391634978,63.7,고PER(30+),고PBR(3+),배당<2%
2011-11-25,007570,A,실행,231.21,3.55,149.0,0.29,12.550607287449388,33.4008097165992,74.3,고PER(30+),고PBR(3+),배당<2%
2012-01-16,039530,A,실행,0.0,26.93,0.0,0.0,7.49999999999999,-71.0,9.9,적자/무실적,고PBR(3+),무배당
2012-02-02,001130,A,주의,6.46,0.56,27559.0,1.83,-5.91346153846155,-2.8846153846153797,6.7,저PER(<8),저PBR(<0.8),배당<2%
2012-02-17,034020,B,주의,54.52,1.64,1238.0,1.11,-9.67399135446686,-16.42651296829971,4.3,고PER(30+),중고PBR(1.5~3),배당<2%
2012-03-06,013990,A,주의,31.87,2.82,455.0,0.62,-6.946721311475409,4.91803278688525,31.1,고PER(30+),중고PBR(1.5~3),배당<2%
2012-03-07,078160,A,주의,336.25,11.44,309.0,0.0,7.793633369923151,19.75850713501648,31.1,고PER(30+),고PBR(3+),무배당
2012-03-07,013990,A,주의,31.87,2.82,455.0,0.62,-8.90946502057613,6.58436213991768,31.7,고PER(30+),중고PBR(1.5~3),배당<2%
2012-03-22,117930,A,주의,5.37,0.63,3210.0,2.9,6.9078947368421195,-23.02631578947368,12.2,저PER(<8),저PBR(<0.8),배당2%+
2012-03-26,053000,B,주의,8.26,0.68,1483.0,2.04,6.08365019011407,-19.01140684410646,6.5,중PER(8~15),저PBR(<0.8),배당2%+
2012-04-10,000660,B,주의,6.52,2.11,4486.0,0.51,-8.84039039039038,-16.936936936936938,6.1,저PER(<8),중고PBR(1.5~3),배당<2%
2012-04-18,000660,B,주의,6.52,2.11,4486.0,0.51,-9.838413547237069,-15.86452762923351,3.4,저PER(<8),중고PBR(1.5~3),배당<2%
2012-04-23,000660,B,주의,6.52,2.11,4486.0,0.51,-9.04796163069544,-11.69064748201439,4.0,저PER(<8),중고PBR(1.5~3),배당<2%
2012-04-26,069080,A,주의,0.0,2.22,0.0,0.0,10.65217391304347,-9.13043478260869,14.3,적자/무실적,중고PBR(1.5~3),무배당
2012-04-27,067000,A,주의,123.38,6.11,278.0,0.15,9.16808149405772,30.89983022071305,63.7,고PER(30+),고PBR(3+),배당<2%
2012-05-02,005900,A,주의,0.0,0.99,0.0,0.0,-7.457907371045,-38.06818181818182,9.9,적자/무실적,중PBR(0.8~1.5),무배당
2012-05-03,005900,A,주의,0.0,0.99,0.0,0.0,9.10425844346547,-36.270190895741564,13.7,적자/무실적,중PBR(0.8~1.5),무배당
2012-05-07,035420,B,주의,25.26,7.81,10134.0,0.21,-8.62520491803279,5.53278688524589,19.9,중고PER(15~30),고PBR(3+),배당<2%
2012-05-09,005900,A,주의,0.0,0.99,0.0,0.0,-6.650868878357031,-29.85781990521327,-0.6,적자/무실적,중PBR(0.8~1.5),무배당
2012-05-10,022100,A,주의,38.52,4.66,209.0,0.31,-7.3625654450261795,-7.329842931937169,2.7,고PER(30+),고PBR(3+),배당<2%
2012-05-17,006400,B,실행,22.2,1.26,7341.0,0.92,-8.50788643533123,-9.77917981072554,2.5,중고PER(15~30),중PBR(0.8~1.5),배당<2%
2012-05-17,009150,B,실행,24.28,2.42,4510.0,0.68,6.12244897959184,6.12244897959184,12.2,중고PER(15~30),중고PBR(1.5~3),배당<2%
2012-05-18,005900,A,실행,0.0,0.99,0.0,0.0,7.000000000000001,-14.000000000000002,23.6,적자/무실적,중PBR(0.8~1.5),무배당
2012-05-21,000430,A,실행,10.54,1.11,597.0,1.75,9.5617529880478,8.16733067729083,91.2,중PER(8~15),중PBR(0.8~1.5),배당<2%
2012-06-04,101060,A,실행,8.6,0.94,450.0,1.55,7.589285714285721,39.88095238095237,117.3,중PER(8~15),중PBR(0.8~1.5),배당<2%
2012-07-02,039530,A,실행,0.0,25.53,0.0,0.0,-5.00000000000001,-0.91463414634147,41.2,적자/무실적,고PBR(3+),무배당
2012-07-03,039530,A,실행,0.0,25.53,0.0,0.0,-5.0,11.11111111111111,65.9,적자/무실적,고PBR(3+),무배당
2012-07-11,035420,B,실행,24.67,7.63,10134.0,0.21,7.10059171597634,5.52268244575937,15.4,중고PER(15~30),고PBR(3+),배당<2%
2012-07-17,038500,A,실행,0.0,0.68,0.0,0.0,7.3394495412844,-7.3394495412844,82.8,적자/무실적,저PBR(<0.8),무배당
2012-08-20,001800,B,실행,47.44,6.1,18908.0,0.33,19.518072289156628,19.397590361445772,38.4,고PER(30+),고PBR(3+),배당<2%
2012-09-21,053800,A,관찰만,115.31,9.55,1071.0,0.32,-6.23906145624583,-53.90781563126252,-6.3,고PER(30+),고PBR(3+),배당<2%
2012-09-24,037370,A,관찰만,1239.58,8.62,48.0,0.08,-5.1396125584502395,-26.252505010020037,12.0,고PER(30+),고PBR(3+),배당<2%
2012-09-26,066270,A,주의,90.2,1.69,100.0,0.0,9.77777777777777,-31.99999999999999,12.9,고PER(30+),중고PBR(1.5~3),무배당
2012-10-11,005930,B,주의,15.11,2.35,89073.0,0.41,6.59509202453987,11.50306748466256,21.5,중고PER(15~30),중고PBR(1.5~3),배당<2%
2012-10-16,066270,A,주의,111.0,2.08,100.0,0.0,-6.2412060301507495,-18.09045226130653,2.0,고PER(30+),중고PBR(1.5~3),무배당
2012-10-19,016170,A,주의,18.25,3.75,882.0,1.06,-5.10326086956521,-11.231884057971019,20.7,중고PER(15~30),고PBR(3+),배당<2%
2012-11-01,083650,A,주의,37.56,3.33,659.0,0.28,7.47252747252746,18.68131868131868,35.4,고PER(30+),고PBR(3+),배당<2%
2012-11-01,078020,A,주의,10.09,0.94,793.0,0.63,-5.2540106951871595,21.65775401069518,46.4,중PER(8~15),중PBR(0.8~1.5),배당<2%
2012-11-05,038500,A,주의,0.0,0.69,0.0,0.0,-4.85470085470084,14.31623931623933,102.4,적자/무실적,저PBR(<0.8),무배당
2012-11-06,001250,A,주의,0.0,1.38,0.0,0.91,-6.58333333333333,-4.58333333333332,6.2,적자/무실적,중PBR(0.8~1.5),배당<2%
2012-11-15,041510,A,주의,50.24,10.38,1230.0,0.0,-5.0,-7.58483033932135,1.6,고PER(30+),고PBR(3+),무배당
2012-11-15,053320,A,주의,0.0,7.97,0.0,0.0,6.91699604743081,10.67193675889328,40.7,적자/무실적,고PBR(3+),무배당
2012-12-07,052790,A,관찰만,43.18,4.11,887.0,0.0,-1.33333333333333,71.12299465240642,138.9,고PER(30+),고PBR(3+),무배당
2012-12-20,063080,A,관찰만,41.66,9.92,2933.0,0.0,10.07751937984495,4.09745293466223,44.0,고PER(30+),고PBR(3+),무배당
2012-12-20,078340,A,관찰만,135.88,8.46,432.0,0.0,9.914320685434511,10.15911872705017,46.4,고PER(30+),고PBR(3+),무배당
2012-12-21,063080,A,관찰만,41.66,9.92,2933.0,0.0,8.13053097345133,2.65486725663717,43.8,고PER(30+),고PBR(3+),무배당
2013-01-11,096640,A,관찰만,30.63,3.3,883.0,0.37,-5.0,-1.66270783847981,2.6,고PER(30+),고PBR(3+),배당<2%
2013-01-14,096640,A,관찰만,30.63,3.3,883.0,0.37,-7.3284313725490104,1.2254901960784201,5.9,고PER(30+),고PBR(3+),배당<2%
2013-01-24,001800,B,관찰만,58.12,7.48,18908.0,0.27,-8.34450980392158,5.49019607843135,21.5,고PER(30+),고PBR(3+),배당<2%
2013-02-18,039530,A,관찰만,0.0,20.7,0.0,0.0,9.47368421052632,4.21052631578946,62.1,적자/무실적,고PBR(3+),무배당
2013-04-01,028670,A,관찰만,0.0,0.38,0.0,1.81,-5.47858942065492,-20.65491183879093,1.3,적자/무실적,저PBR(<0.8),배당<2%
2013-04-08,078520,A,주의,30.84,7.84,2789.0,0.47,7.60401721664274,-40.67431850789096,8.5,고PER(30+),고PBR(3+),배당<2%
2013-04-08,078340,A,주의,119.44,7.44,432.0,0.0,9.316770186335411,-9.62732919254658,23.8,고PER(30+),고PBR(3+),무배당
2013-04-15,078520,A,주의,30.84,7.84,2789.0,0.47,-6.86838124054463,-37.897125567322234,3.6,고PER(30+),고PBR(3+),배당<2%
2013-05-03,001800,B,관찰만,40.39,7.06,28841.0,0.26,-9.794349775784749,-10.40358744394619,3.0,고PER(30+),고PBR(3+),배당<2%
2013-06-05,002990,A,관찰만,0.0,31.72,0.0,0.0,-11.77914121946336,-19.0340909090909,34.7,적자/무실적,고PBR(3+),무배당
2013-06-07,101060,A,주의,26.7,1.36,221.0,0.42,-5.71969696969697,-2.84090909090909,4.4,중고PER(15~30),중PBR(0.8~1.5),배당<2%
2013-06-11,001260,A,주의,0.0,54.46,0.0,0.0,-3.7150127226463,-28.24427480916029,15.8,적자/무실적,고PBR(3+),무배당
2013-06-11,002530,A,주의,0.0,0.0,0.0,0.0,-0.4054054054054,-71.85810810810811,16.9,적자/무실적,,무배당
2013-06-20,002530,A,주의,0.0,0.0,0.0,0.0,-6.11338521400778,-65.15555555555555,53.8,적자/무실적,,무배당
2013-06-25,012510,A,실행,24.03,5.39,618.0,1.35,9.4170403587444,3.58744394618835,16.6,중고PER(15~30),고PBR(3+),배당<2%
2013-06-25,082210,A,실행,32.35,3.77,510.0,0.0,8.97435897435896,4.27350427350428,23.5,고PER(30+),고PBR(3+),무배당
2013-06-25,000990,A,실행,0.0,1.3,0.0,0.0,6.98587127158556,3.45368916797488,25.6,적자/무실적,중PBR(0.8~1.5),무배당
2013-06-25,091700,A,실행,18.59,6.94,1345.0,1.2,10.18237082066868,0.0,19.8,중고PER(15~30),고PBR(3+),배당<2%
2013-06-25,060590,A,실행,60.69,8.37,538.0,0.0,10.77981651376147,10.32110091743119,41.5,고PER(30+),고PBR(3+),무배당
2013-06-25,123260,A,실행,0.0,2.91,0.0,0.0,8.64285714285715,8.28571428571427,42.6,적자/무실적,중고PBR(1.5~3),무배당
2013-06-25,049550,A,실행,166.38,8.1,235.0,0.0,12.42774566473987,7.51445086705202,46.6,고PER(30+),고PBR(3+),무배당
2013-06-25,036420,A,실행,26.55,3.35,181.0,0.0,7.14285714285714,9.20897284533648,23.3,중고PER(15~30),고PBR(3+),무배당
2013-07-03,000660,B,실행,0.0,2.22,0.0,0.0,-8.66817391304348,-4.52173913043478,36.0,적자/무실적,중고PBR(1.5~3),무배당
2013-07-08,033240,A,실행,8.11,2.06,2745.0,1.35,9.358288770053461,8.55614973262031,32.9,중PER(8~15),중고PBR(1.5~3),배당<2%
2013-07-08,004710,A,실행,0.0,1.87,0.0,0.0,-5.66214005235602,-0.26178010471203,20.4,적자/무실적,중고PBR(1.5~3),무배당
2013-08-05,004430,A,주의,15.27,1.1,858.0,0.61,-6.66666666666666,-5.26315789473684,5.3,중고PER(15~30),중PBR(0.8~1.5),배당<2%
2013-08-06,082640,A,주의,7.64,0.77,1492.0,3.07,8.793969849246231,3.01507537688441,20.6,저PER(<8),저PBR(<0.8),배당2%+
2013-08-06,005880,A,주의,0.0,0.0,0.0,0.0,-8.06451612903227,-20.866935483870968,3.2,적자/무실적,,무배당
2013-08-21,058650,A,주의,6.25,0.33,18411.0,1.52,7.114228456913819,-0.7014028056112099,8.2,저PER(<8),저PBR(<0.8),배당<2%
2013-08-22,084370,A,주의,9.08,3.63,2429.0,0.68,8.99390243902438,7.621951219512189,20.1,중PER(8~15),고PBR(3+),배당<2%
2013-08-26,011200,A,주의,0.0,2.52,0.0,0.0,-6.3528795811518295,-18.06282722513089,6.3,적자/무실적,중고PBR(1.5~3),무배당
2013-08-27,011200,A,주의,0.0,2.52,0.0,0.0,-5.5273589065255795,-20.37037037037037,7.4,적자/무실적,중고PBR(1.5~3),무배당
2013-09-30,002990,A,관찰만,0.0,26.53,0.0,0.0,-6.420358917880931,-27.24358974358974,5.4,적자/무실적,고PBR(3+),무배당
2013-10-04,032640,B,관찰만,0.0,1.35,0.0,0.0,-0.7045454545454499,-5.45454545454545,16.8,적자/무실적,중PBR(0.8~1.5),무배당
2013-10-16,130960,A,관찰만,39.95,1.25,985.0,0.0,-8.303523035230349,-14.498644986449861,28.7,고PER(30+),중PBR(0.8~1.5),무배당
2013-10-17,036420,A,관찰만,25.83,3.26,181.0,0.0,6.86274509803923,-4.84429065743944,14.5,중고PER(15~30),고PBR(3+),무배당
2014-03-03,139480,B,관찰만,16.66,1.18,15243.0,0.59,-6.286836935166989,-6.286836935166989,1.6,중고PER(15~30),중PBR(0.8~1.5),배당<2%
2014-03-13,010130,B,주의,10.76,1.67,31693.0,1.47,-0.57803468208093,-0.57803468208093,29.8,중PER(8~15),중고PBR(1.5~3),배당<2%
2014-05-08,002380,B,주의,20.32,1.07,25297.0,1.56,14.570858283433141,23.75249500998004,47.7,중고PER(15~30),중PBR(0.8~1.5),배당<2%
2014-05-09,035420,B,주의,14.69,16.53,50227.0,0.1,20.26049204052098,20.26049204052098,25.2,중PER(8~15),고PBR(3+),배당<2%
2014-06-05,038060,A,관찰만,15.49,2.56,762.0,0.0,-5.91346153846154,-20.38461538461539,4.8,중고PER(15~30),중고PBR(1.5~3),무배당
2014-07-31,008930,A,관찰만,76.37,1.77,182.0,0.0,-5.0,12.589928057553958,33.1,고PER(30+),중고PBR(1.5~3),무배당
2014-08-01,008930,A,관찰만,76.37,1.77,182.0,0.0,8.63309352517984,15.46762589928056,33.1,고PER(30+),중고PBR(1.5~3),무배당
2014-09-03,002620,A,관찰만,797.3,1.84,37.0,0.14,-5.0,9.45273631840795,46.8,고PER(30+),중고PBR(1.5~3),배당<2%
2014-09-03,034810,A,관찰만,133.55,6.22,620.0,0.12,-5.0,-61.120996441281136,-14.9,고PER(30+),고PBR(3+),배당<2%
2014-09-04,002620,A,관찰만,797.3,1.84,37.0,0.14,-9.76649746192893,3.04568527918782,49.7,고PER(30+),중고PBR(1.5~3),배당<2%
2014-10-02,004560,A,주의,11.34,1.13,1945.0,0.0,-6.08748891843972,-10.1063829787234,0.8,중PER(8~15),중PBR(0.8~1.5),무배당
2014-10-07,000660,B,주의,11.56,2.54,4045.0,0.0,-8.89161073825504,7.494407158836689,15.0,중PER(8~15),중고PBR(1.5~3),무배당
2014-10-13,024660,A,주의,16.37,1.82,342.0,0.0,9.50854700854701,-0.21367521367521,44.0,중고PER(15~30),중고PBR(1.5~3),무배당
2014-10-13,122870,A,주의,46.02,6.48,1119.0,0.58,7.269700332963359,3.10765815760265,13.0,고PER(30+),고PBR(3+),배당<2%
2014-10-14,078520,A,주의,26.57,2.04,1114.0,1.01,-8.02888086642599,-21.841155234657037,45.8,중고PER(15~30),중고PBR(1.5~3),배당<2%
2014-10-21,007570,A,주의,116.52,2.71,233.0,0.37,6.883365200764819,-7.83938814531548,45.3,고PER(30+),중고PBR(1.5~3),배당<2%
2014-10-24,011070,A,주의,149.16,1.76,771.0,0.0,7.69230769230768,-6.53846153846153,14.9,고PER(30+),중고PBR(1.5~3),무배당
2014-10-24,024110,B,주의,12.6,0.72,1266.0,2.07,-3.4602649006622404,-3.31125827814569,13.6,중PER(8~15),저PBR(<0.8),배당2%+
2014-11-04,015750,A,주의,7.05,1.12,2184.0,1.3,7.03703703703704,-11.11111111111111,11.1,저PER(<8),중PBR(0.8~1.5),배당<2%
2014-11-07,097950,B,주의,47.15,1.96,8293.0,0.46,-9.292634560906519,-9.3484419263456,33.0,고PER(30+),중고PBR(1.5~3),배당<2%
2014-11-17,017810,A,주의,0.0,2.57,0.0,0.71,8.25471698113207,-1.8867924528301798,140.1,적자/무실적,중고PBR(1.5~3),배당<2%
2014-11-17,067280,A,주의,66.24,3.96,1090.0,0.28,-6.831746031746031,-21.42857142857143,8.7,고PER(30+),고PBR(3+),배당<2%
2014-11-18,000660,B,주의,11.73,2.58,4045.0,0.0,6.35775862068965,2.2629310344827602,10.8,중PER(8~15),중고PBR(1.5~3),무배당
2014-12-11,011170,A,주의,20.59,0.96,8546.0,0.57,6.98412698412698,15.55555555555554,92.4,중고PER(15~30),중PBR(0.8~1.5),배당<2%
2014-12-11,035720,B,주의,29.9,3.69,4906.0,0.77,9.6774193548387,13.306451612903219,29.0,중고PER(15~30),고PBR(3+),배당<2%
2015-02-02,000810,B,주의,24.6,1.9,11994.0,0.93,-9.79648829431437,-13.712374581939802,4.8,중고PER(15~30),중고PBR(1.5~3),배당<2%
2015-02-10,035720,B,주의,31.13,3.84,4906.0,0.74,-7.861209964412801,-23.131672597864767,8.4,고PER(30+),고PBR(3+),배당<2%
2015-03-03,028670,A,관찰만,0.0,1.89,0.0,0.0,-7.11111111111112,-3.0158730158730203,24.1,적자/무실적,중고PBR(1.5~3),무배당
2015-03-05,011170,B,관찰만,22.29,1.04,8546.0,0.52,6.1333333333333195,33.86666666666666,62.7,중고PER(15~30),중PBR(0.8~1.5),배당<2%
2015-03-30,032350,A,관찰만,0.0,3.24,0.0,0.0,10.71428571428572,8.07453416149068,28.6,적자/무실적,고PBR(3+),무배당
2015-04-24,168330,A,관찰만,31.22,13.34,2287.0,0.0,-6.798800417313281,-71.95121951219512,-2.1,고PER(30+),고PBR(3+),무배당
2015-05-04,039030,A,관찰만,39.76,5.78,2784.0,0.09,-7.86293316831683,-4.05940594059406,31.8,고PER(30+),고PBR(3+),배당<2%
2015-05-06,082270,A,관찰만,417.0,12.4,50.0,0.0,7.59668508287292,134.2541436464088,152.2,고PER(30+),고PBR(3+),무배당
2015-05-19,091700,A,관찰만,5.75,2.15,1966.0,2.65,-5.92682926829268,-18.63414634146342,5.4,저PER(<8),중고PBR(1.5~3),배당2%+
2015-05-26,078340,A,관찰만,89.92,16.93,2013.0,0.0,6.84,12.879999999999999,27.6,고PER(30+),고PBR(3+),무배당
2015-06-12,051900,B,주의,38.77,8.74,20842.0,0.5,-4.8613037447988905,23.16227461858528,44.7,고PER(30+),고PBR(3+),배당<2%
2015-06-16,140410,A,주의,0.0,4.67,0.0,0.0,7.63116057233703,6.8362480127186,52.3,적자/무실적,고PBR(3+),무배당
2015-06-22,036420,A,주의,0.0,3.36,0.0,0.0,-9.02207792207793,47.79220779220778,67.8,적자/무실적,고PBR(3+),무배당
2015-06-24,034120,A,관찰만,0.0,1.39,0.0,0.0,7.7223088923557,6.396255850234001,25.9,적자/무실적,중PBR(0.8~1.5),무배당
2015-06-24,101060,A,관찰만,41.95,1.05,118.0,0.51,-5.46398046398046,-14.529914529914532,6.6,고PER(30+),중PBR(0.8~1.5),배당<2%
2015-07-08,051910,A,주의,23.61,1.7,11798.0,1.44,7.505285412262159,-4.0169133192389,45.7,중고PER(15~30),중고PBR(1.5~3),배당<2%
2015-07-13,004170,A,주의,16.83,1.01,15922.0,0.43,11.807228915662659,10.12048192771084,39.3,중고PER(15~30),중PBR(0.8~1.5),배당<2%
2015-07-24,000210,A,주의,0.0,0.75,0.0,0.12,-5.26206896551724,-2.89655172413793,8.3,적자/무실적,저PBR(<0.8),배당<2%
2015-07-24,010060,A,주의,0.0,0.77,0.0,0.22,-5.38190954773869,-19.39698492462311,1.5,적자/무실적,저PBR(<0.8),배당<2%
2015-07-27,002620,A,주의,257.76,2.62,161.0,0.14,-5.0,-17.66990291262136,122.5,고PER(30+),중고PBR(1.5~3),배당<2%
2015-07-27,000210,A,주의,0.0,0.75,0.0,0.12,-5.61376404494382,0.42134831460673,10.5,적자/무실적,저PBR(<0.8),배당<2%
2015-07-28,041960,A,주의,0.0,25.58,0.0,0.0,11.30313588850173,56.44599303135889,297.2,적자/무실적,고PBR(3+),무배당
2015-07-28,002250,A,주의,0.0,2.06,0.0,0.0,-6.2538071065989795,2.0304568527918803,21.8,적자/무실적,중고PBR(1.5~3),무배당
2015-07-29,002250,A,주의,0.0,2.06,0.0,0.0,7.36842105263158,7.89473684210526,28.2,적자/무실적,중고PBR(1.5~3),무배당
2015-07-30,083790,A,주의,0.0,8.01,0.0,0.0,-4.79715302491103,-4.62633451957295,29.9,적자/무실적,고PBR(3+),무배당
2015-08-11,071320,A,주의,12.06,0.52,6105.0,2.87,-6.570247933884291,6.2809917355372,15.2,중PER(8~15),저PBR(<0.8),배당2%+
2015-08-12,078520,A,주의,106.34,1.64,205.0,0.05,9.02636916835699,11.156186612576061,28.4,고PER(30+),중고PBR(1.5~3),배당<2%
2015-08-12,020560,A,주의,18.65,1.15,319.0,0.0,-6.962134251290871,-11.8760757314974,0.3,중고PER(15~30),중PBR(0.8~1.5),무배당
2015-08-18,054780,A,주의,55.82,7.99,79.0,0.0,-5.64363143631437,12.33062330623306,27.5,고PER(30+),고PBR(3+),무배당
2015-08-19,052260,A,주의,46.73,4.31,704.0,0.76,-6.9348268839104,-3.86965376782078,22.2,고PER(30+),고PBR(3+),배당<2%
2015-08-19,003470,A,주의,0.0,1.24,0.0,0.0,-6.33022170361726,5.36756126021003,10.6,적자/무실적,중PBR(0.8~1.5),무배당
2015-08-19,013990,A,주의,0.0,2.19,0.0,0.0,-6.6450216450216395,27.164502164502167,68.8,적자/무실적,중고PBR(1.5~3),무배당
2015-08-19,092040,A,주의,104.61,16.09,889.0,0.13,8.25958702064897,7.37463126843656,33.2,고PER(30+),고PBR(3+),배당<2%
2015-08-19,067000,A,주의,90.27,5.6,298.0,0.0,-6.4118895966029905,19.53290870488322,38.6,고PER(30+),고PBR(3+),무배당
2015-08-19,046440,A,주의,23.98,2.97,811.0,0.77,-7.66355140186916,-4.04984423676012,7.8,중고PER(15~30),중고PBR(1.5~3),배당<2%
2015-08-19,069080,A,주의,121.43,8.18,266.0,0.0,-7.055366269165241,9.54003407155026,18.2,고PER(30+),고PBR(3+),무배당
2015-08-19,000320,A,주의,14.32,1.57,2283.0,1.22,-6.18098720292504,3.65630712979889,14.8,중PER(8~15),중고PBR(1.5~3),배당<2%
2015-08-19,019210,A,주의,24.9,1.49,512.0,1.18,8.07860262008732,0.0,11.8,중고PER(15~30),중PBR(0.8~1.5),배당<2%
2015-08-19,007160,A,주의,21.84,1.77,4601.0,0.0,-5.33333333333333,13.63636363636364,29.4,중고PER(15~30),중고PBR(1.5~3),무배당
2015-08-19,054780,A,주의,55.82,7.99,79.0,0.0,-7.9166666666666705,21.63742690058481,37.6,고PER(30+),고PBR(3+),무배당
2015-08-19,000970,A,주의,57.17,1.55,258.0,1.02,-5.06130162241887,13.27433628318584,35.8,고PER(30+),중고PBR(1.5~3),배당<2%
2015-08-20,016100,A,주의,81.77,22.58,905.0,0.0,8.05825242718447,-36.31067961165048,12.8,고PER(30+),고PBR(3+),무배당
2015-08-20,065150,A,주의,537.86,6.97,7.0,0.13,-5.0,26.428571428571416,55.4,고PER(30+),고PBR(3+),배당<2%
2015-08-20,035600,A,주의,31.1,3.39,717.0,0.9,-5.71608040201004,-13.06532663316583,10.6,고PER(30+),고PBR(3+),배당<2%
2015-08-20,090430,B,주의,74.77,9.92,5497.0,0.22,-2.0,8.088235294117641,27.1,고PER(30+),고PBR(3+),배당<2%
2015-08-20,031390,A,주의,0.0,14.77,0.0,0.0,-5.0,28.35443037974683,50.6,적자/무실적,고PBR(3+),무배당
2015-08-21,017800,A,실행,31.51,4.53,2529.0,0.0,7.646048109965629,-17.268041237113398,19.9,고PER(30+),고PBR(3+),무배당
2015-08-21,031390,A,실행,0.0,14.77,0.0,0.0,9.02872777017784,38.98768809849522,62.8,적자/무실적,고PBR(3+),무배당
2015-08-21,066270,A,실행,0.0,3.14,0.0,0.0,-5.22891566265061,6.157965194109781,28.2,적자/무실적,고PBR(3+),무배당
2015-08-21,035600,A,실행,31.1,3.39,717.0,0.9,6.986301369863019,-7.123287671232879,20.5,고PER(30+),고PBR(3+),배당<2%
2015-08-21,029460,A,실행,15.09,1.66,802.0,0.83,7.97872340425531,13.29787234042554,44.7,중고PER(15~30),중고PBR(1.5~3),배당<2%
2015-08-24,035510,A,실행,25.15,1.89,7039.0,0.56,8.46153846153845,-5.38461538461538,23.5,중고PER(15~30),중고PBR(1.5~3),배당<2%
2015-08-24,097520,A,실행,22.26,4.03,1550.0,0.87,9.10290237467017,60.42216358839052,81.3,중고PER(15~30),고PBR(3+),배당<2%
2015-09-04,078160,A,실행,0.0,5.4,0.0,0.0,8.51063829787235,28.59042553191488,50.0,적자/무실적,고PBR(3+),무배당
2015-09-04,090430,B,실행,68.86,9.14,5497.0,0.24,-3.45315857921905,20.48192771084338,30.1,고PER(30+),고PBR(3+),배당<2%
2015-09-07,085370,A,실행,291.45,13.62,152.0,0.06,8.852005532503469,24.204702627939138,56.6,고PER(30+),고PBR(3+),배당<2%
2015-09-07,002790,B,실행,62.57,6.6,2749.0,0.19,-8.41606221488122,5.76923076923077,15.7,고PER(30+),고PBR(3+),배당<2%
2015-09-07,092040,A,실행,97.64,15.02,889.0,0.14,-6.09877873563219,-2.58620689655171,29.7,고PER(30+),고PBR(3+),배당<2%
2015-09-11,078520,A,실행,142.93,2.2,205.0,0.03,8.70841487279843,-17.025440313111552,15.3,고PER(30+),중고PBR(1.5~3),배당<2%
2015-09-30,047810,B,실행,59.56,6.38,1140.0,0.37,17.29749631811488,25.77319587628865,38.0,고PER(30+),고PBR(3+),배당<2%
2015-10-13,090430,B,주의,70.04,9.29,5497.0,0.23,19.386331938633187,12.41283124128311,20.5,고PER(30+),고PBR(3+),배당<2%
2015-10-13,002790,B,주의,59.29,6.25,2749.0,0.2,-7.1894105429159305,-5.64263322884012,7.8,고PER(30+),고PBR(3+),배당<2%
2015-10-22,052790,A,주의,0.0,3.62,0.0,0.0,7.20221606648199,-15.789473684210531,13.3,적자/무실적,고PBR(3+),무배당
2015-10-27,012630,A,주의,58.23,1.88,936.0,0.55,-10.73120494335736,-16.99279093717817,5.0,고PER(30+),중고PBR(1.5~3),배당<2%
2015-10-30,002350,A,주의,10.37,1.46,1273.0,0.57,-6.0,-6.06060606060605,16.7,중PER(8~15),중PBR(0.8~1.5),배당<2%
2015-11-02,004000,A,주의,15.63,0.82,2402.0,0.8,-6.05263157894736,-1.93905817174515,16.9,중고PER(15~30),중PBR(0.8~1.5),배당<2%
2015-11-02,002790,B,주의,58.57,6.18,2749.0,0.2,-4.03490568913614,-6.52173913043477,11.8,고PER(30+),고PBR(3+),배당<2%
2015-11-09,000990,A,주의,0.0,4.48,0.0,0.0,8.82352941176469,44.11764705882353,91.2,적자/무실적,고PBR(3+),무배당
2015-11-09,007210,A,주의,28.61,3.41,330.0,0.72,7.53012048192771,-1.5662650602409602,15.2,중고PER(15~30),고PBR(3+),배당<2%
2015-11-10,052400,A,주의,21.96,3.2,1669.0,0.68,7.3421439060205405,-6.46108663729809,10.6,중고PER(15~30),고PBR(3+),배당<2%
2015-11-10,041140,A,주의,50.91,4.44,275.0,0.0,-6.28158844765343,-19.49458483754512,6.5,고PER(30+),고PBR(3+),무배당
2015-11-10,000990,A,주의,0.0,4.48,0.0,0.0,7.15005035246727,46.525679758308144,96.4,적자/무실적,고PBR(3+),무배당
2015-11-16,027410,A,주의,40.11,7.49,4238.0,0.35,7.83972125435539,35.88850174216027,59.6,고PER(30+),고PBR(3+),배당<2%
2015-11-16,002390,A,주의,206.2,1.02,121.0,0.6,7.56385068762279,17.87819253438114,71.1,고PER(30+),중PBR(0.8~1.5),배당<2%
2015-12-08,047810,B,주의,73.6,7.89,1140.0,0.3,-8.37106918238993,-11.19496855345911,7.8,고PER(30+),고PBR(3+),배당<2%
2015-12-09,068270,B,주의,77.61,7.17,1112.0,0.0,16.397515527950297,40.62111801242236,60.2,고PER(30+),고PBR(3+),무배당
2015-12-11,053030,A,주의,46.91,4.45,405.0,0.0,-5.64625850340135,23.12925170068027,58.5,고PER(30+),고PBR(3+),무배당
2015-12-15,010950,B,주의,0.0,1.76,0.0,0.2,8.37988826815643,6.8435754189944005,37.2,적자/무실적,중고PBR(1.5~3),배당<2%
2015-12-16,053800,A,주의,43.86,3.02,1042.0,0.66,7.81083953241232,26.036131774707762,98.3,고PER(30+),고PBR(3+),배당<2%
2015-12-29,047810,B,주의,73.6,7.89,1140.0,0.3,-9.060978670012549,-10.79046424090338,0.9,고PER(30+),고PBR(3+),배당<2%
2016-01-12,036490,A,실행,90.3,3.8,1289.0,0.86,9.72644376899696,18.43971631205674,38.5,고PER(30+),고PBR(3+),배당<2%
2016-02-03,001040,B,실행,39.86,2.71,7375.0,0.32,-9.65044404973357,-30.373001776198937,3.6,고PER(30+),중고PBR(1.5~3),배당<2%
2016-02-05,027410,B,실행,50.73,9.48,4238.0,0.28,-7.523180592991929,3.2345013477088798,19.7,고PER(30+),고PBR(3+),배당<2%
2016-02-11,036420,A,실행,0.0,4.63,0.0,0.0,-5.20652173913044,-5.0,12.0,적자/무실적,고PBR(3+),무배당
2016-02-12,067290,A,실행,0.0,7.85,0.0,0.34,10.09485094850948,36.17886178861789,105.3,적자/무실적,고PBR(3+),배당<2%
2016-02-12,036420,A,실행,0.0,4.63,0.0,0.0,6.9301260022909705,0.0,18.0,적자/무실적,고PBR(3+),무배당
2016-02-12,009420,A,실행,0.0,12.27,0.0,0.0,10.90047393364928,56.87203791469195,175.4,적자/무실적,고PBR(3+),무배당
2016-02-12,014820,A,실행,867.39,11.07,92.0,0.31,8.06916426512969,12.103746397694511,19.6,고PER(30+),고PBR(3+),배당<2%
2016-02-12,007570,A,실행,263.09,6.11,233.0,0.16,9.6938775510204,3.4693877551020296,35.3,고PER(30+),고PBR(3+),배당<2%
2016-02-12,068760,A,실행,43.0,1.53,393.0,0.0,9.20138888888888,80.20833333333333,127.1,고PER(30+),중고PBR(1.5~3),무배당
2016-02-12,001630,A,실행,40.78,2.65,2820.0,0.61,8.88429752066115,0.10330578512396,12.1,고PER(30+),중고PBR(1.5~3),배당<2%
2016-02-12,085370,A,실행,365.13,17.06,152.0,0.05,8.43179377013962,-4.18904403866809,14.7,고PER(30+),고PBR(3+),배당<2%
2016-02-12,006280,A,실행,29.48,2.8,7260.0,0.58,9.206798866855511,1.1331444759206701,18.7,중고PER(15~30),중고PBR(1.5~3),배당<2%
2016-02-12,102460,A,실행,43.99,3.28,899.0,0.63,9.62145110410095,-2.2082018927444698,16.4,고PER(30+),고PBR(3+),배당<2%
2016-02-12,083790,A,실행,0.0,7.43,0.0,0.0,7.73195876288659,-1.03092783505153,162.9,적자/무실적,고PBR(3+),무배당
2016-02-12,086900,A,실행,63.31,35.59,8108.0,0.29,12.17073170731708,13.048780487804859,28.6,고PER(30+),고PBR(3+),배당<2%
2016-02-12,000070,A,실행,535.17,1.18,327.0,0.86,10.33898305084746,9.152542372881339,31.9,고PER(30+),중PBR(0.8~1.5),배당<2%
2016-02-12,084990,A,실행,17518.18,40.79,11.0,0.0,-3.6789115646258503,2.72108843537415,17.8,고PER(30+),고PBR(3+),무배당
2016-02-12,069620,A,실행,27.81,2.22,3056.0,0.82,8.36820083682008,43.65411436541144,67.4,중고PER(15~30),중고PBR(1.5~3),배당<2%
2016-02-12,192820,A,실행,101.3,20.83,1846.0,0.27,-8.92063492063491,-14.603174603174601,12.7,고PER(30+),고PBR(3+),배당<2%
2016-02-12,001060,A,실행,1035.0,3.22,40.0,0.3,8.82352941176469,12.36802413273001,117.2,고PER(30+),고PBR(3+),배당<2%
2016-02-12,000990,A,실행,0.0,5.07,0.0,0.0,6.862745098039209,38.4313725490196,64.3,적자/무실적,고PBR(3+),무배당
2016-02-12,002020,A,실행,92.83,1.52,795.0,0.68,9.75609756097561,9.75609756097561,27.2,고PER(30+),중고PBR(1.5~3),배당<2%
2016-02-12,095700,A,실행,0.0,7.41,0.0,0.0,11.761006289308181,55.42225615297922,73.6,적자/무실적,고PBR(3+),무배당
2016-02-12,096760,A,실행,0.0,5.19,0.0,0.28,7.89124668435012,18.03713527851458,101.6,적자/무실적,고PBR(3+),배당<2%
2016-02-12,005250,A,실행,38.13,3.37,1259.0,0.63,9.09090909090908,-7.32323232323232,9.6,고PER(30+),고PBR(3+),배당<2%
2016-02-12,008930,B,실행,411.84,20.85,380.0,0.0,9.398496240601489,9.398496240601489,23.7,고PER(30+),고PBR(3+),무배당
2016-02-12,039030,A,실행,36.5,5.54,3422.0,0.16,12.264150943396231,10.37735849056604,23.4,고PER(30+),고PBR(3+),배당<2%
2016-02-12,000230,A,실행,58.38,2.16,489.0,0.7,9.87124463519313,18.88412017167382,77.3,고PER(30+),중고PBR(1.5~3),배당<2%
2016-02-12,053030,A,실행,45.8,4.35,405.0,0.0,6.882022471910119,11.23595505617978,38.5,고PER(30+),고PBR(3+),무배당
2016-02-12,102940,A,실행,242.51,10.74,901.0,0.09,11.41732283464567,7.81344639612355,28.0,고PER(30+),고PBR(3+),배당<2%
2016-02-12,001780,A,실행,43.61,3.04,166.0,0.0,6.825396825396821,4.76190476190476,46.2,고PER(30+),고PBR(3+),무배당
2016-02-15,161890,A,실행,61.85,11.91,1641.0,0.16,-9.69277108433734,-3.01204819277108,28.9,고PER(30+),고PBR(3+),배당<2%
2016-02-18,051500,A,실행,81.13,4.48,975.0,0.25,-5.63333333333333,-8.49999999999999,8.3,고PER(30+),고PBR(3+),배당<2%
2016-04-12,051900,B,주의,45.34,10.23,20842.0,0.42,6.026557711950971,7.86516853932584,22.5,고PER(30+),고PBR(3+),배당<2%
2016-05-09,042670,A,주의,38.76,0.58,202.0,0.0,-8.42499999999999,13.74999999999999,47.8,고PER(30+),저PBR(<0.8),무배당
2016-06-02,034020,A,주의,0.0,0.81,0.0,3.51,6.92488262910797,23.004694835680752,41.3,적자/무실적,중PBR(0.8~1.5),배당2%+
2016-06-10,005490,B,관찰만,112.74,0.44,1845.0,3.85,-9.791493456505,2.30946882217089,30.5,고PER(30+),저PBR(<0.8),배당2%+
2016-06-24,141000,A,주의,42.31,4.51,663.0,0.36,-5.50476044226043,31.203931203931212,47.2,고PER(30+),고PBR(3+),배당<2%
2016-07-19,018880,B,관찰만,24.31,0.64,432.0,1.85,15.94202898550725,15.94202898550725,30.0,중고PER(15~30),저PBR(<0.8),배당<2%
2016-08-03,161390,B,관찰만,10.24,1.31,5292.0,0.74,7.35849056603774,12.264150943396231,21.7,중PER(8~15),중PBR(0.8~1.5),배당<2%
2016-09-09,006910,A,관찰만,664.71,9.56,17.0,0.0,-5.0,-31.37404580152672,6.7,고PER(30+),고PBR(3+),무배당
2016-09-12,006910,A,관찰만,664.71,9.56,17.0,0.0,-5.77230769230768,-31.307692307692296,7.1,고PER(30+),고PBR(3+),무배당
2016-09-12,020560,A,관찰만,0.0,1.26,0.0,0.0,-1.7391304347826202,-1.7391304347826202,7.2,적자/무실적,중PBR(0.8~1.5),무배당
2016-09-13,034220,B,관찰만,11.13,0.88,2701.0,1.66,-3.4050179211469502,-3.4050179211469502,18.8,중PER(8~15),중PBR(0.8~1.5),배당<2%
2016-09-13,067080,A,관찰만,181.22,11.96,221.0,0.25,-8.82783882783883,-29.059829059829053,1.6,고PER(30+),고PBR(3+),배당<2%
2016-09-13,020560,A,관찰만,0.0,1.26,0.0,0.0,7.97101449275361,2.56410256410257,9.9,적자/무실적,중PBR(0.8~1.5),무배당
2016-10-13,141000,A,관찰만,42.16,4.49,663.0,0.36,-5.8920187793427194,11.03286384976525,24.9,고PER(30+),고PBR(3+),배당<2%
2016-10-14,018880,B,관찰만,28.7,0.76,432.0,1.56,-8.401986275733,-14.41048034934497,3.1,중고PER(15~30),저PBR(<0.8),배당<2%
2016-10-25,141080,A,관찰만,0.0,8.39,0.0,0.0,7.000000000000001,16.99999999999999,32.8,적자/무실적,고PBR(3+),무배당
2016-10-28,096760,A,관찰만,8250.0,8.85,2.0,0.27,-6.862745098039209,-16.07843137254901,2.0,고PER(30+),고PBR(3+),배당<2%
2016-10-31,096760,A,관찰만,4985.0,5.35,2.0,0.45,-6.52457372116349,-15.045135406218648,1.3,고PER(30+),고PBR(3+),배당<2%
2016-10-31,001060,A,관찰만,410.0,3.88,120.0,0.3,-6.8504403794038,1.62601626016261,16.9,고PER(30+),고PBR(3+),배당<2%
2016-11-02,012450,A,관찰만,590.74,1.51,108.0,0.47,15.773195876288671,-11.34020618556701,15.9,고PER(30+),중고PBR(1.5~3),배당<2%
2016-11-09,020150,A,주의,0.0,2.71,0.0,0.0,-6.9664887307236105,-7.47330960854092,54.1,적자/무실적,중고PBR(1.5~3),무배당
2016-11-10,020150,A,관찰만,0.0,2.71,0.0,0.0,-7.5775193798449605,0.77519379844961,73.3,적자/무실적,중고PBR(1.5~3),무배당
2016-11-10,010060,A,관찰만,21.52,0.73,4206.0,0.0,-5.22700119474313,-4.0621266427718,16.2,중고PER(15~30),저PBR(<0.8),무배당
2016-11-18,073240,A,관찰만,0.0,1.42,0.0,0.0,-8.159871244635191,-1.28755364806867,1.4,적자/무실적,중PBR(0.8~1.5),무배당
2016-11-21,073240,A,관찰만,0.0,1.42,0.0,0.0,-5.9869087837837895,-1.12612612612612,6.4,적자/무실적,중PBR(0.8~1.5),무배당
2016-12-29,002780,A,관찰만,0.0,4.87,0.0,0.0,-5.98863636363635,0.96967271271855,18.9,적자/무실적,고PBR(3+),무배당
2017-01-26,002620,A,관찰만,106.18,4.96,760.0,0.07,-8.199741689128489,-11.994609164420481,12.0,고PER(30+),고PBR(3+),배당<2%
2017-02-06,065160,A,관찰만,0.0,9.68,0.0,0.0,7.76000000000001,-6.08,8.0,적자/무실적,고PBR(3+),무배당
2017-02-08,009450,A,관찰만,36.51,3.0,1316.0,0.21,-9.47811447811447,-25.81369248035915,2.5,고PER(30+),고PBR(3+),배당<2%
2017-04-18,005740,A,관찰만,12.11,2.0,2741.0,0.6,-9.51038575667655,-22.99703264094955,17.2,중PER(8~15),중고PBR(1.5~3),배당<2%
2017-05-02,005740,A,관찰만,11.76,1.95,2700.0,0.63,-6.437601296596419,-21.55591572123176,6.3,중PER(8~15),중고PBR(1.5~3),배당<2%
2017-05-04,063080,A,관찰만,24.19,2.3,3096.0,0.0,-8.79999999999999,-3.2,17.8,중고PER(15~30),중고PBR(1.5~3),무배당
2017-05-15,192820,A,관찰만,61.69,13.39,2302.0,0.49,-5.36538461538461,-20.76923076923077,10.8,고PER(30+),고PBR(3+),배당<2%
2017-05-25,071970,A,관찰만,0.0,0.67,0.0,0.0,-8.40144665461121,-21.08843537414966,-11.6,적자/무실적,저PBR(<0.8),무배당
2017-06-16,069620,A,관찰만,37.08,2.25,2613.0,0.62,-6.0184331797235,10.94470046082949,105.1,고PER(30+),중고PBR(1.5~3),배당<2%
2017-07-11,200230,A,관찰만,0.0,6.15,0.0,0.0,8.3050847457627,-32.45762711864406,229.7,적자/무실적,고PBR(3+),무배당
2017-07-12,009540,B,관찰만,22.75,0.95,7758.0,0.0,-4.11585365853658,-15.85365853658537,12.8,중고PER(15~30),중PBR(0.8~1.5),무배당
2017-07-13,102940,A,관찰만,93.08,4.81,1764.0,0.12,-5.65827862873814,-5.90809628008752,19.1,고PER(30+),고PBR(3+),배당<2%
2017-07-18,068240,A,관찰만,58.95,3.07,296.0,0.29,-6.78656499575192,-22.18181818181818,68.7,고PER(30+),고PBR(3+),배당<2%
2017-07-19,006390,A,관찰만,0.0,2.12,0.0,0.0,10.456273764258551,-7.6045627376425795,27.0,적자/무실적,중고PBR(1.5~3),무배당
2017-07-27,001510,A,관찰만,45.0,1.26,36.0,0.0,-5.76377952755904,-8.26771653543306,12.2,고PER(30+),중PBR(0.8~1.5),무배당
2017-08-01,023530,B,관찰만,50.03,0.51,5257.0,0.76,-9.87618147448015,-6.8052930056710705,5.1,고PER(30+),저PBR(<0.8),배당<2%
2017-08-04,005960,A,관찰만,3.34,1.27,4602.0,0.0,8.43373493975903,-0.80321285140562,9.6,저PER(<8),중PBR(0.8~1.5),무배당
2017-08-14,181710,A,관찰만,117.82,1.03,651.0,0.0,9.70873786407766,9.3851132686084,35.8,고PER(30+),중PBR(0.8~1.5),무배당
2017-08-14,004170,A,관찰만,10.31,0.72,23091.0,0.53,-5.06797138047138,5.30303030303029,84.8,중PER(8~15),저PBR(<0.8),배당<2%
2017-09-06,141080,A,주의,0.0,5.89,0.0,0.0,7.09969788519635,-2.56797583081571,117.5,적자/무실적,고PBR(3+),무배당
2017-09-21,213420,A,관찰만,128.21,5.52,195.0,0.0,9.193954659949629,29.97481108312343,43.3,고PER(30+),고PBR(3+),무배당
2017-09-25,192080,A,관찰만,18.09,2.43,2952.0,1.22,7.14285714285714,11.06639839034204,51.3,중고PER(15~30),중고PBR(1.5~3),배당<2%
2017-10-13,086900,A,관찰만,44.42,18.94,11132.0,0.4,-5.69469835466178,1.91956124314442,75.4,고PER(30+),고PBR(3+),배당<2%
2017-10-16,141080,A,관찰만,0.0,5.62,0.0,0.0,-6.41556291390729,19.370860927152318,141.7,적자/무실적,고PBR(3+),무배당
2017-10-23,030520,A,관찰만,25.44,2.53,684.0,1.15,8.84244372990352,14.790996784565921,34.4,중고PER(15~30),중고PBR(1.5~3),배당<2%
2017-11-01,002790,B,관찰만,33.84,4.5,4240.0,0.32,9.375,-2.08333333333333,12.2,고PER(30+),고PBR(3+),배당<2%
2017-11-06,005880,A,관찰만,26.84,1.32,1220.0,0.0,-7.55056179775279,-2.99625468164793,30.7,중고PER(15~30),중PBR(0.8~1.5),무배당
2017-11-07,005880,A,관찰만,26.84,1.32,1220.0,0.0,-5.17924528301886,-1.32075471698112,31.7,중고PER(15~30),중PBR(0.8~1.5),무배당
2017-11-09,080420,A,관찰만,13.23,1.97,926.0,0.0,8.62068965517239,-2.26600985221674,26.1,중PER(8~15),중고PBR(1.5~3),무배당
2017-12-13,194510,A,관찰만,0.0,3.18,0.0,0.0,7.71028037383179,-5.60747663551401,35.1,적자/무실적,고PBR(3+),무배당
2017-12-14,082740,A,관찰만,0.0,0.65,0.0,0.0,-5.57540173053153,-4.57354758961682,119.1,적자/무실적,저PBR(<0.8),무배당
2017-12-18,006800,A,관찰만,88.36,1.05,116.0,0.49,10.555555555555559,9.222222222222221,29.4,고PER(30+),중PBR(0.8~1.5),배당<2%
2017-12-19,006800,A,관찰만,88.36,1.05,116.0,0.49,7.649667405764959,6.984478935698441,29.2,고PER(30+),중PBR(0.8~1.5),배당<2%
2017-12-21,102940,A,주의,78.06,4.03,1764.0,0.15,8.95816890292029,-26.124704025256502,11.4,고PER(30+),고PBR(3+),배당<2%
2018-01-11,023590,A,관찰만,8.54,0.93,2254.0,1.3,6.985294117647051,14.215686274509789,34.1,중PER(8~15),중PBR(0.8~1.5),배당<2%
2018-01-11,000660,B,관찰만,18.28,2.32,4184.0,0.78,20.79889807162533,23.96694214876034,34.6,중고PER(15~30),중고PBR(1.5~3),배당<2%
2018-01-18,108230,A,관찰만,39.8,5.54,716.0,0.53,-7.86637931034482,8.62068965517242,27.1,고PER(30+),고PBR(3+),배당<2%
2018-01-23,213420,A,관찰만,126.15,5.43,195.0,0.0,-9.140435835351091,-21.54963680387409,13.6,고PER(30+),고PBR(3+),무배당
2018-01-23,011930,A,관찰만,58.03,2.71,33.0,0.0,-7.87878787878787,-13.63636363636363,1.3,고PER(30+),중고PBR(1.5~3),무배당
2018-02-01,000070,A,관찰만,41.57,0.8,2923.0,1.65,-10.83683127572018,-16.8724279835391,3.3,고PER(30+),중PBR(0.8~1.5),배당<2%
2018-02-02,009150,B,관찰만,551.81,1.95,193.0,0.47,-7.34099009900991,1.98019801980198,64.4,고PER(30+),중고PBR(1.5~3),배당<2%
2018-02-05,051910,B,관찰만,24.8,2.29,17417.0,1.16,-1.66666666666667,-1.66666666666667,7.7,중고PER(15~30),중고PBR(1.5~3),배당<2%
2018-02-06,064240,A,주의,36.3,3.97,387.0,0.0,-5.2525641025641,-6.47773279352226,17.8,고PER(30+),고PBR(3+),무배당
2018-02-06,115960,A,주의,18.97,2.21,1687.0,0.0,-10.56209150326797,11.76470588235294,15.2,중고PER(15~30),중고PBR(1.5~3),무배당
2018-02-07,201490,A,주의,82.54,6.89,126.0,0.0,9.10633484162894,-4.97737556561086,17.6,고PER(30+),고PBR(3+),무배당
2018-03-26,085660,A,주의,95.19,5.77,343.0,0.0,0.73096446700506,1.77664974619289,42.6,고PER(30+),고PBR(3+),무배당
2018-04-06,073240,A,주의,0.0,0.66,0.0,0.0,-5.85735963581183,-3.9453717754172897,7.0,적자/무실적,저PBR(<0.8),무배당
2018-04-13,003560,A,주의,93.55,1.89,31.0,0.0,-7.03386004514673,-6.3205417607223495,10.2,고PER(30+),중고PBR(1.5~3),무배당
2018-04-25,108230,A,주의,42.39,5.9,716.0,0.49,-5.34234234234234,-11.531531531531531,3.1,고PER(30+),고PBR(3+),배당<2%
2018-05-02,207940,B,관찰만,0.0,7.91,0.0,0.0,-7.47784653465347,6.18811881188119,37.6,적자/무실적,고PBR(3+),무배당
2018-05-04,051600,A,주의,25.84,2.89,1962.0,1.34,-5.33928571428571,-22.14285714285714,7.7,중고PER(15~30),중고PBR(1.5~3),배당<2%
2018-05-04,215600,B,주의,0.0,25.19,0.0,0.0,-3.25763612217795,-1.06241699867197,47.4,적자/무실적,고PBR(3+),무배당
2018-05-04,141080,A,주의,0.0,9.76,0.0,0.0,16.00928074245939,-11.25290023201855,52.9,적자/무실적,고PBR(3+),무배당
2018-05-04,087010,A,주의,0.0,9.64,0.0,0.0,0.8780487804877999,-7.69230769230768,34.7,적자/무실적,고PBR(3+),무배당
2018-05-08,215600,A,주의,0.0,25.19,0.0,0.0,12.55707762557076,11.415525114155239,68.9,적자/무실적,고PBR(3+),무배당
2018-05-08,086890,A,주의,0.0,5.49,0.0,0.0,7.67326732673268,-17.82178217821782,17.8,적자/무실적,고PBR(3+),무배당
2018-05-08,141080,A,주의,0.0,9.76,0.0,0.0,7.917174177831909,-3.89768574908647,60.5,적자/무실적,고PBR(3+),무배당
2018-05-08,039130,A,주의,163.69,7.3,727.0,1.26,-7.74142857142857,-27.714285714285708,1.4,고PER(30+),고PBR(3+),배당<2%
2018-05-08,087010,A,주의,0.0,9.64,0.0,0.0,13.39805825242717,-0.97087378640776,39.4,적자/무실적,고PBR(3+),무배당
2018-05-25,025980,A,주의,22.53,1.99,1673.0,0.0,14.627994955863798,-9.33165195460277,60.2,중고PER(15~30),중고PBR(1.5~3),무배당
2018-06-05,207940,B,주의,0.0,7.24,0.0,0.0,-7.4583135391924005,-10.21377672209026,32.1,적자/무실적,고PBR(3+),무배당
2018-06-14,007390,A,주의,2950.0,36.65,10.0,0.0,-4.32558139534883,-67.03488372093022,10.8,고PER(30+),고PBR(3+),무배당
2018-06-15,007390,A,주의,2950.0,36.65,10.0,0.0,-6.39296187683284,-67.97653958944281,11.7,고PER(30+),고PBR(3+),무배당
2018-06-18,018260,A,주의,30.78,2.94,6856.0,0.95,8.43989769820972,16.112531969309458,26.6,고PER(30+),중고PBR(1.5~3),배당<2%
2018-06-19,203690,A,주의,0.0,10.63,0.0,0.0,-6.20576131687242,7.27023319615913,35.3,적자/무실적,고PBR(3+),무배당
2018-06-19,084110,A,주의,25.76,1.93,2461.0,0.79,7.649253731343281,1.11940298507462,18.8,중고PER(15~30),중고PBR(1.5~3),배당<2%
2018-06-19,141080,A,주의,0.0,9.66,0.0,0.0,6.82095006090133,-19.12302070645554,60.5,적자/무실적,고PBR(3+),무배당
2018-06-19,067290,A,주의,0.0,8.72,0.0,0.68,-5.0,0.12690355329949,20.6,적자/무실적,고PBR(3+),배당<2%
2018-06-19,013030,A,주의,17.39,1.25,1728.0,1.33,7.78210116731517,-10.50583657587548,11.7,중고PER(15~30),중PBR(0.8~1.5),배당<2%
2018-06-27,168330,A,주의,0.0,6.65,0.0,0.0,7.15835140997831,-11.49674620390456,20.8,적자/무실적,고PBR(3+),무배당
2018-06-27,004870,A,주의,15.1,5.56,433.0,0.0,-7.36216216216215,-20.97297297297297,7.6,중고PER(15~30),고PBR(3+),무배당
2018-06-28,123420,A,주의,27.65,3.04,1465.0,0.0,-5.75098814229249,-4.94071146245059,10.9,중고PER(15~30),고PBR(3+),무배당
2018-07-03,052690,A,실행,47.49,2.22,558.0,0.83,9.2841163310962,-4.697986577181211,11.0,고PER(30+),중고PBR(1.5~3),배당<2%
2018-07-10,025980,A,주의,258.44,2.06,32.0,0.0,7.4468085106383,9.07801418439715,317.0,고PER(30+),중고PBR(1.5~3),무배당
2018-07-11,051900,B,실행,38.56,8.25,36199.0,0.64,-8.526923076923069,-4.92307692307691,7.6,고PER(30+),고PBR(3+),배당<2%
2018-07-17,112040,A,주의,81.06,2.7,586.0,1.26,-4.4194756554307,-27.091136079900117,8.6,고PER(30+),중고PBR(1.5~3),배당<2%
2018-07-19,035760,A,실행,12.88,1.69,21705.0,1.07,9.71739130434783,6.956521739130429,17.3,중PER(8~15),중고PBR(1.5~3),배당<2%
2018-07-20,035760,A,주의,12.88,1.69,21705.0,1.07,8.18018825638726,8.561183325862839,20.9,중PER(8~15),중고PBR(1.5~3),배당<2%
2018-07-23,196170,A,실행,0.0,9.78,0.0,0.0,-5.0,67.5438596491228,73.5,적자/무실적,고PBR(3+),무배당
2018-07-23,039200,A,실행,0.0,15.62,0.0,0.0,-6.59649122807017,61.98830409356726,96.5,적자/무실적,고PBR(3+),무배당
2018-07-24,095700,A,실행,0.0,16.4,0.0,0.0,8.47457627118644,38.85267275097783,45.4,적자/무실적,고PBR(3+),무배당
2018-07-26,030790,A,주의,0.0,4.88,0.0,0.0,9.7165991902834,25.70850202429149,44.5,적자/무실적,고PBR(3+),무배당
2018-08-13,166090,A,실행,19.79,4.82,1099.0,1.15,6.87679083094556,-13.46704871060171,22.9,중고PER(15~30),고PBR(3+),배당<2%
2018-08-13,196170,A,실행,0.0,9.21,0.0,0.0,6.9277108433734895,27.10843373493976,58.8,적자/무실적,고PBR(3+),무배당
2018-08-28,049950,A,주의,32.86,10.57,4045.0,0.3,-8.63089005235602,-49.65095986038395,2.1,고PER(30+),고PBR(3+),배당<2%
2018-10-02,271980,A,주의,812.33,4.9,73.0,0.12,-5.96656976744186,-1.55038759689922,6.4,고PER(30+),고PBR(3+),배당<2%
2018-10-04,008770,A,실행,162.67,6.5,667.0,0.32,-7.10443037974684,-8.96624472573839,10.2,고PER(30+),고PBR(3+),배당<2%
2018-10-04,004170,A,실행,19.56,1.04,18530.0,0.34,-6.2520593080724804,-4.11861614497528,11.7,중고PER(15~30),중PBR(0.8~1.5),배당<2%
2018-10-08,215600,A,실행,0.0,34.5,0.0,0.0,7.83718104495747,-4.98177399756987,12.2,적자/무실적,고PBR(3+),무배당
2018-10-11,011760,A,실행,16.85,1.21,1970.0,1.81,-0.70943396226414,10.943396226415091,34.5,중고PER(15~30),중PBR(0.8~1.5),배당<2%
2018-10-11,036460,B,실행,0.0,0.72,0.0,0.0,-10.16629310344828,-13.44827586206897,1.4,적자/무실적,저PBR(<0.8),무배당
2018-10-11,000720,A,실행,37.29,1.16,1810.0,0.74,-5.52875695732838,2.59740259740259,24.3,고PER(30+),중PBR(0.8~1.5),배당<2%
2018-10-11,007630,A,실행,0.0,16.69,0.0,0.0,-5.00000000000001,-44.291845493562235,11.6,적자/무실적,고PBR(3+),무배당
2018-10-11,183190,A,실행,8.75,0.7,16465.0,1.04,-5.495652173913039,-6.08695652173914,25.2,중PER(8~15),저PBR(<0.8),배당<2%
2018-10-11,003410,A,실행,10.34,1.66,624.0,3.32,-6.55999999999999,8.72727272727271,29.6,중PER(8~15),중고PBR(1.5~3),배당2%+
2018-10-11,033270,A,실행,16.05,2.43,1882.0,0.99,-5.0,-7.44274809160305,9.2,중고PER(15~30),중고PBR(1.5~3),배당<2%
2018-10-12,000720,B,실행,37.29,1.16,1810.0,0.74,-5.559964093357269,2.15439856373429,20.3,고PER(30+),중PBR(0.8~1.5),배당<2%
2018-10-12,036460,B,실행,0.0,0.72,0.0,0.0,-9.22726480836237,-11.49825783972126,2.4,적자/무실적,저PBR(<0.8),무배당
2018-10-24,078600,A,실행,0.0,7.36,0.0,0.0,-5.01280323450135,-15.0943396226415,20.5,적자/무실적,고PBR(3+),무배당
2018-10-24,227840,A,실행,27.43,1.88,1338.0,1.36,-6.14443005181347,-17.35751295336787,3.4,중고PER(15~30),중고PBR(1.5~3),배당<2%
2018-10-24,033180,A,실행,121.53,6.08,144.0,0.29,-5.39748953974895,-1.2552301255230098,28.5,고PER(30+),고PBR(3+),배당<2%
2018-10-25,012510,A,실행,45.26,9.85,1350.0,0.65,6.8807339449541205,16.05504587155963,34.2,고PER(30+),고PBR(3+),배당<2%
2018-10-25,007700,A,실행,17.33,4.39,4863.0,0.77,-8.60344827586206,-29.05172413793104,53.1,중고PER(15~30),고PBR(3+),배당<2%
2018-10-25,227840,A,실행,27.43,1.88,1338.0,1.36,-7.065217391304341,-12.77173913043477,8.4,중고PER(15~30),중고PBR(1.5~3),배당<2%
2018-10-26,011690,A,실행,113.17,3.85,82.0,0.0,-5.1374819102749605,-7.95947901591895,52.0,고PER(30+),고PBR(3+),무배당
2018-10-29,005690,A,실행,0.0,17.26,0.0,0.0,-5.0,-0.9009009009009,70.3,적자/무실적,고PBR(3+),무배당
2018-10-29,127160,A,실행,0.0,5.29,0.0,0.0,-5.8114278376990205,3.2357473035439197,52.9,적자/무실적,고PBR(3+),무배당
2018-10-29,004980,A,실행,26.12,0.86,490.0,0.0,7.391304347826081,46.58385093167703,90.1,중고PER(15~30),중PBR(0.8~1.5),무배당
2018-10-29,067160,A,실행,25.25,5.81,1418.0,1.06,6.83391003460207,38.92733564013841,138.8,중고PER(15~30),고PBR(3+),배당<2%
2018-10-29,006390,A,실행,15.69,4.61,3670.0,0.0,9.09752547307132,24.89082969432314,71.5,중고PER(15~30),고PBR(3+),무배당
2018-10-29,006490,A,실행,0.0,22.55,0.0,0.0,-6.00706713780918,-17.13780918727915,41.7,적자/무실적,고PBR(3+),무배당
2018-10-29,048410,A,실행,255.14,9.96,37.0,0.0,6.93069306930693,-13.696369636963702,222.6,고PER(30+),고PBR(3+),무배당
2018-10-29,045390,A,실행,85.86,6.85,99.0,0.24,10.384615384615389,65.38461538461537,106.7,고PER(30+),고PBR(3+),배당<2%
2018-11-12,031390,A,실행,860.66,12.75,61.0,0.1,7.225433526011569,-8.47784200385356,14.1,고PER(30+),고PBR(3+),배당<2%
2018-11-12,028300,A,실행,0.0,40.79,0.0,0.0,10.872313527180811,-6.06826801517066,19.3,적자/무실적,고PBR(3+),무배당
2018-11-16,002310,A,실행,64.15,0.7,562.0,1.25,8.34710743801652,4.4628099173553695,62.0,고PER(30+),저PBR(<0.8),배당<2%
2018-11-23,020150,A,실행,44.3,3.94,1026.0,1.43,-7.2039072039072005,-6.349206349206341,10.3,고PER(30+),고PBR(3+),배당<2%
2018-12-17,000250,A,실행,58.45,6.22,704.0,0.12,-6.4032476319350495,30.717185385656283,46.1,고PER(30+),고PBR(3+),배당<2%
2018-12-28,004800,A,실행,4.32,0.41,11575.0,10.0,-5.2849999999999895,53.800000000000004,65.0,저PER(<8),저PBR(<0.8),배당2%+
2019-01-04,002390,A,실행,78.52,1.36,391.0,0.86,7.589285714285721,7.85714285714285,20.9,고PER(30+),중PBR(0.8~1.5),배당<2%
2019-01-11,033180,A,실행,84.72,4.24,144.0,0.41,-8.08175403225807,1.6129032258064497,8.1,고PER(30+),고PBR(3+),배당<2%
2019-03-04,064350,A,실행,0.0,1.64,0.0,0.0,-5.1975051975051905,-9.355509355509351,1.2,적자/무실적,중고PBR(1.5~3),무배당
2019-03-04,017800,A,실행,25.07,2.81,3801.0,0.52,-7.001108647450111,-4.65631929046562,9.3,중고PER(15~30),중고PBR(1.5~3),배당<2%
2019-03-04,011760,A,실행,13.71,0.99,1970.0,2.22,-6.28626692456479,-9.67117988394584,4.3,중PER(8~15),중PBR(0.8~1.5),배당2%+
2019-03-04,038500,A,실행,12.71,0.73,338.0,1.16,-8.212560386473431,-10.6280193236715,2.7,중PER(8~15),저PBR(<0.8),배당<2%
2019-03-04,006390,A,실행,12.03,3.53,3670.0,0.0,-7.57894736842105,-6.33971291866029,5.5,중PER(8~15),고PBR(3+),무배당
2019-03-04,045390,A,실행,73.84,5.9,99.0,0.27,-10.9290780141844,-13.33333333333333,1.7,고PER(30+),고PBR(3+),배당<2%
2019-03-04,000720,A,실행,31.6,0.99,1810.0,0.87,-5.34990791896868,-2.20994475138122,4.4,고PER(30+),중PBR(0.8~1.5),배당<2%
2019-03-07,011690,A,실행,118.29,4.02,82.0,0.0,-8.63990740740741,-9.55555555555555,1.9,고PER(30+),고PBR(3+),무배당
2019-03-08,011690,A,실행,118.29,4.02,82.0,0.0,-0.94358974358974,0.25641025641025,17.6,고PER(30+),고PBR(3+),무배당
2019-03-12,122870,A,실행,42.22,2.4,996.0,0.36,-6.23955431754874,-6.128133704735371,9.9,고PER(30+),중고PBR(1.5~3),배당<2%
2019-03-29,041960,A,실행,0.0,13.08,0.0,0.0,-6.44880174291938,-5.22875816993464,27.0,적자/무실적,고PBR(3+),무배당
2019-05-07,035250,B,실행,15.75,2.08,2159.0,2.91,-8.91238670694863,-8.91238670694863,0.8,중고PER(15~30),중고PBR(1.5~3),배당2%+
2019-05-09,213420,A,실행,24.54,3.36,699.0,0.0,-5.0,13.90728476821192,60.3,중고PER(15~30),고PBR(3+),무배당
2019-05-17,281820,A,실행,35.35,1.93,563.0,0.9,-5.99650349650349,13.98601398601398,43.4,고PER(30+),중고PBR(1.5~3),배당<2%
2019-05-24,112040,A,실행,81.91,2.72,586.0,1.25,-8.13936781609195,-19.54022988505747,2.2,고PER(30+),중고PBR(1.5~3),배당<2%
2019-05-27,112040,A,실행,81.91,2.72,586.0,1.25,-7.98823529411764,-14.85294117647059,4.6,고PER(30+),중고PBR(1.5~3),배당<2%
2019-05-28,023590,A,실행,8.36,0.94,2648.0,1.35,10.3960396039604,3.21782178217822,10.6,중PER(8~15),중PBR(0.8~1.5),배당<2%
2019-05-30,009240,A,실행,19.03,4.78,5413.0,1.17,-6.80642144638403,-15.46134663341646,5.6,중고PER(15~30),고PBR(3+),배당<2%
2019-06-07,041960,A,실행,0.0,13.44,0.0,0.0,-5.4671617161716295,-24.75247524752475,-0.4,적자/무실적,고PBR(3+),무배당
2019-06-18,002210,A,실행,0.0,7.56,0.0,0.0,7.12560386473428,-23.42995169082126,17.9,적자/무실적,고PBR(3+),무배당
2019-06-24,002320,A,실행,11.99,0.61,3873.0,1.08,7.214285714285699,-16.85714285714286,8.6,중PER(8~15),저PBR(<0.8),배당<2%
2019-07-05,038540,A,주의,7.63,2.52,2943.0,0.0,11.141304347826091,-33.69565217391305,15.2,저PER(<8),중고PBR(1.5~3),무배당
2019-07-08,095610,A,실행,7.53,1.54,2192.0,2.42,9.26573426573427,5.24475524475525,84.6,저PER(<8),중고PBR(1.5~3),배당2%+
2019-07-09,000990,A,실행,7.37,1.18,2002.0,1.69,8.39694656488549,16.79389312977099,130.2,저PER(<8),중PBR(0.8~1.5),배당<2%
2019-07-09,070960,A,실행,36.93,0.91,212.0,0.89,7.07282913165265,-8.54341736694678,16.7,고PER(30+),중PBR(0.8~1.5),배당<2%
2019-07-18,237880,A,실행,375.42,2.66,59.0,0.0,7.428571428571421,15.42857142857143,74.9,고PER(30+),중고PBR(1.5~3),무배당
2019-07-18,039560,A,실행,0.0,2.33,0.0,0.0,-5.82717678100265,27.9683377308707,30.9,적자/무실적,중고PBR(1.5~3),무배당
2019-07-29,002150,A,실행,27.26,1.51,409.0,1.97,-5.0,26.85714285714284,37.1,중고PER(15~30),중고PBR(1.5~3),배당<2%
2019-08-06,095610,A,실행,7.44,1.52,2192.0,2.45,7.61245674740485,37.02422145328718,99.3,저PER(<8),중고PBR(1.5~3),배당2%+
2019-08-06,081000,A,실행,47.1,3.54,655.0,0.81,9.86964618249535,11.35940409683426,39.7,고PER(30+),고PBR(3+),배당<2%
2019-08-06,218410,A,실행,27.31,4.24,1084.0,0.68,7.3999999999999995,60.80000000000001,94.4,중고PER(15~30),고PBR(3+),배당<2%
2019-08-06,047310,A,실행,14.66,1.91,696.0,0.0,7.47126436781608,12.41379310344827,25.9,중PER(8~15),중고PBR(1.5~3),무배당
2019-08-06,237880,A,실행,318.64,2.26,59.0,0.0,6.91823899371069,16.03773584905661,92.5,고PER(30+),중고PBR(1.5~3),무배당
2019-08-12,200130,A,실행,17.1,4.04,1637.0,0.71,-6.17283950617284,8.23045267489712,23.9,중고PER(15~30),고PBR(3+),배당<2%
2019-08-19,025540,A,실행,17.49,1.0,3803.0,1.05,-8.95833333333333,-0.5081300813008099,1.0,중고PER(15~30),중PBR(0.8~1.5),배당<2%
2019-10-07,002100,A,실행,49.84,1.83,310.0,1.62,-6.433962264150931,-12.0754716981132,5.3,고PER(30+),중고PBR(1.5~3),배당<2%
2019-10-07,000270,B,실행,15.82,0.68,2883.0,1.97,0.35005834305716,0.35005834305716,6.5,중고PER(15~30),저PBR(<0.8),배당<2%
2019-11-28,200230,A,주의,0.0,3.54,0.0,0.0,-5.4132805325987,-30.44077134986226,22.6,적자/무실적,고PBR(3+),무배당
2019-11-29,006120,A,주의,6.71,0.37,3942.0,2.27,-5.57167611846252,-11.90926275992438,21.7,저PER(<8),저PBR(<0.8),배당2%+
2019-12-03,011160,A,주의,0.0,0.6,0.0,0.0,-5.0,1.8939393939393998,15.9,적자/무실적,저PBR(<0.8),무배당
2019-12-04,011160,A,주의,0.0,0.6,0.0,0.0,7.364341085271301,4.65116279069768,18.6,적자/무실적,저PBR(<0.8),무배당
2020-01-06,067160,A,관찰만,34.18,8.57,2016.0,0.68,9.29602888086642,7.942238267148009,26.2,고PER(30+),고PBR(3+),배당<2%
2020-01-08,086820,A,관찰만,214.93,6.91,201.0,0.0,-5.63404255319148,-25.81560283687943,7.2,고PER(30+),고PBR(3+),무배당
2020-01-28,008770,A,관찰만,31.17,4.75,2913.0,0.39,8.04597701149425,-25.51724137931034,14.0,고PER(30+),고PBR(3+),배당<2%
2020-01-28,031430,A,관찰만,27.26,2.89,8052.0,0.39,-6.10526315789474,-10.287081339712909,6.7,중고PER(15~30),중고PBR(1.5~3),배당<2%
2020-01-29,018290,A,주의,32.61,4.58,276.0,0.0,-6.991869918699189,-15.142276422764219,17.9,고PER(30+),고PBR(3+),무배당
2020-01-30,003060,A,실행,0.0,1.18,0.0,0.0,-9.16689655172412,-8.9655172413793,96.6,적자/무실적,중PBR(0.8~1.5),무배당
2020-01-30,011210,A,실행,0.0,0.45,0.0,1.2,-5.6770833333333295,-44.51754385964912,0.4,적자/무실적,저PBR(<0.8),배당<2%
2020-01-30,007570,A,실행,0.0,2.35,0.0,0.0,-6.75925925925925,30.45267489711933,338.3,적자/무실적,중고PBR(1.5~3),무배당
2020-01-31,003060,A,실행,0.0,1.14,0.0,0.0,-5.87748091603054,16.41221374045802,117.6,적자/무실적,중PBR(0.8~1.5),무배당
2020-01-31,011210,A,실행,0.0,0.38,0.0,1.4,-5.0,-40.37339556592765,6.7,적자/무실적,저PBR(<0.8),배당<2%
2020-02-03,003060,A,실행,0.0,1.14,0.0,0.0,7.76892430278883,27.091633466135477,127.1,적자/무실적,중PBR(0.8~1.5),무배당
2020-02-03,007460,A,실행,0.0,1.23,0.0,0.0,7.41869918699187,-22.35772357723577,94.7,적자/무실적,중PBR(0.8~1.5),무배당
2020-02-06,230360,A,주의,42.49,7.56,952.0,0.96,-9.55555555555556,-14.54248366013072,92.2,고PER(30+),고PBR(3+),배당<2%
2020-02-24,060570,A,실행,0.0,1.93,0.0,0.0,-6.03751857355127,-25.78008915304606,6.5,적자/무실적,중고PBR(1.5~3),무배당
2020-02-24,091990,B,실행,752.63,5.26,76.0,0.0,12.28070175438595,29.34609250398723,90.3,고PER(30+),고PBR(3+),무배당
2020-02-24,206640,A,실행,0.0,4.98,0.0,0.36,7.906976744186051,85.11627906976744,131.2,적자/무실적,고PBR(3+),배당<2%
2020-02-28,265520,A,실행,14.74,3.83,1812.0,0.56,7.20973782771534,-3.3707865168539297,16.5,중PER(8~15),고PBR(3+),배당<2%
2020-02-28,078070,A,실행,50.78,2.8,578.0,0.51,7.5809199318569,13.79897785349233,38.8,고PER(30+),중고PBR(1.5~3),배당<2%
2020-02-28,046890,A,실행,13.67,1.34,1094.0,1.9,7.023411371237449,-12.374581939799329,23.1,중PER(8~15),중PBR(0.8~1.5),배당<2%
2020-02-28,044340,A,실행,19.89,3.47,1159.0,1.74,-5.65943600867678,-20.17353579175704,5.0,중고PER(15~30),고PBR(3+),배당<2%
2020-03-02,108230,A,실행,17.86,1.07,546.0,1.54,-0.96463022508038,106.85959271168275,193.7,중고PER(15~30),중PBR(0.8~1.5),배당<2%
2020-03-04,041960,A,실행,0.0,13.53,0.0,0.0,7.82967032967032,9.61538461538462,60.4,적자/무실적,고PBR(3+),무배당
2020-03-09,122870,A,실행,31.08,1.65,975.0,0.5,-6.51394422310757,21.91235059760956,133.1,고PER(30+),중고PBR(1.5~3),배당<2%
2020-03-11,048530,A,실행,36.99,8.52,292.0,0.0,-7.32653061224489,11.83673469387756,57.1,고PER(30+),고PBR(3+),무배당
2020-03-12,166090,A,실행,8.46,2.57,1892.0,1.56,-8.554421768707481,13.605442176870742,92.9,중PER(8~15),중고PBR(1.5~3),배당<2%
2020-03-12,003000,A,실행,5.64,2.01,2224.0,1.59,-6.10858386075949,66.13924050632912,194.6,저PER(<8),중고PBR(1.5~3),배당<2%
2020-03-12,140410,A,실행,0.0,21.08,0.0,0.0,-6.14000000000001,46.79999999999999,88.0,적자/무실적,고PBR(3+),무배당
2020-03-12,001820,A,실행,9.7,4.8,6023.0,0.51,-6.12375745526838,0.59642147117295,32.4,중PER(8~15),고PBR(3+),배당<2%
2020-03-12,068240,A,실행,48.63,2.14,329.0,0.31,-6.00352112676055,18.66197183098592,70.8,고PER(30+),중고PBR(1.5~3),배당<2%
2020-03-12,026890,A,실행,31.75,2.76,303.0,0.73,-9.72373617693522,61.137440758293835,246.0,고PER(30+),중고PBR(1.5~3),배당<2%
2020-03-12,039200,A,실행,132.35,12.49,153.0,0.0,-8.212560386473431,22.94685990338163,101.2,고PER(30+),고PBR(3+),무배당
2020-03-12,039030,A,실행,49.72,2.91,1778.0,0.11,-15.103591160220988,12.56906077348065,77.8,고PER(30+),중고PBR(1.5~3),배당<2%
2020-03-12,095660,A,실행,11.07,1.23,1508.0,0.0,-8.58435582822085,34.04907975460123,101.2,중PER(8~15),중PBR(0.8~1.5),무배당
2020-03-12,034120,A,실행,78.55,0.7,275.0,0.0,-8.17548746518106,-2.78551532033426,12.3,고PER(30+),저PBR(<0.8),무배당
2020-03-12,214450,A,실행,26.6,2.04,1528.0,0.74,-6.01604278074866,31.01604278074865,107.8,중고PER(15~30),중고PBR(1.5~3),배당<2%
2020-03-12,084680,A,실행,39.42,2.24,103.0,0.0,-7.89812302125734,12.21166892808685,64.2,고PER(30+),중고PBR(1.5~3),무배당
2020-03-12,074600,A,실행,9.12,1.76,1541.0,0.0,-6.78735177865612,0.79051383399209,41.9,중PER(8~15),중고PBR(1.5~3),무배당
2020-03-13,084680,A,실행,39.42,2.24,103.0,0.0,-5.94011976047904,23.35329341317364,81.1,고PER(30+),중고PBR(1.5~3),무배당
2020-03-13,003060,A,실행,0.0,1.33,0.0,0.0,-5.417322834645661,66.14173228346456,124.4,적자/무실적,중PBR(0.8~1.5),무배당
2020-03-13,078130,A,실행,0.0,10.3,0.0,0.0,-6.17421602787455,42.39256678281069,67.2,적자/무실적,고PBR(3+),무배당
2020-03-13,095610,A,실행,9.67,1.97,2192.0,1.89,-6.77002583979328,3.61757105943152,43.7,중PER(8~15),중고PBR(1.5~3),배당<2%
2020-03-13,237880,A,실행,389.83,2.77,59.0,0.0,-5.7994579945799405,18.15718157181571,32.5,고PER(30+),중고PBR(1.5~3),무배당
2020-03-13,074600,A,실행,9.12,1.76,1541.0,0.0,-7.96666666666666,2.4999999999999902,49.6,중PER(8~15),중고PBR(1.5~3),무배당
2020-03-13,214450,A,실행,26.6,2.04,1528.0,0.74,-9.62836879432623,32.19858156028368,120.4,중고PER(15~30),중고PBR(1.5~3),배당<2%
2020-03-13,095660,A,실행,11.07,1.23,1508.0,0.0,-5.25333333333333,56.33333333333332,118.7,중PER(8~15),중PBR(0.8~1.5),무배당
2020-03-13,032500,A,실행,0.0,21.23,0.0,0.0,-6.51270207852193,31.87066974595842,106.7,적자/무실적,고PBR(3+),무배당
2020-03-13,285130,A,실행,125.82,1.08,457.0,0.7,7.04761904761905,80.57142857142856,787.6,고PER(30+),중PBR(0.8~1.5),배당<2%
2020-03-13,268600,A,실행,0.0,15.98,0.0,0.0,-11.170624640184219,44.21416234887738,338.2,적자/무실적,고PBR(3+),무배당
2020-03-13,035600,A,실행,15.6,2.6,1276.0,1.51,-8.32154340836013,65.91639871382637,76.8,중고PER(15~30),중고PBR(1.5~3),배당<2%
2020-03-13,008350,A,실행,16.51,2.47,228.0,0.0,8.16176470588234,47.64705882352942,134.7,중고PER(15~30),중고PBR(1.5~3),무배당
2020-03-13,001820,A,실행,9.7,4.8,6023.0,0.51,-7.59999999999999,7.391304347826081,44.8,중PER(8~15),고PBR(3+),배당<2%
2020-03-13,240810,A,실행,14.8,3.48,2105.0,0.71,-5.8566037735849,21.69811320754717,50.9,중PER(8~15),고PBR(3+),배당<2%
2020-03-16,026890,A,실행,31.75,2.76,303.0,0.73,-5.0,85.47169811320754,313.2,고PER(30+),중고PBR(1.5~3),배당<2%
2020-03-16,078130,A,실행,0.0,10.3,0.0,0.0,-6.21089440504334,42.78959810874705,70.2,적자/무실적,고PBR(3+),무배당
2020-03-16,000990,A,실행,11.89,1.9,2002.0,1.05,-5.676781002638521,50.92348284960422,112.9,중PER(8~15),중고PBR(1.5~3),배당<2%
2020-03-16,237690,A,실행,0.0,1.63,0.0,1.73,15.82969432314409,59.170305676855904,202.2,적자/무실적,중고PBR(1.5~3),배당<2%
2020-03-16,097520,A,실행,15.09,4.33,2161.0,0.92,-5.22828096118299,10.72088724584103,50.3,중고PER(15~30),고PBR(3+),배당<2%
2020-03-16,268600,A,실행,0.0,15.98,0.0,0.0,-6.26666666666668,64.50980392156865,397.5,적자/무실적,고PBR(3+),무배당
2020-03-16,008350,A,실행,16.51,2.47,228.0,0.0,-5.0,62.32771822358345,144.4,중고PER(15~30),중고PBR(1.5~3),무배당
2020-03-16,011790,A,실행,15.1,1.26,3404.0,1.95,-5.0,28.30188679245282,162.9,중고PER(15~30),중PBR(0.8~1.5),배당<2%
2020-03-16,035600,A,실행,15.6,2.6,1276.0,1.51,-5.0,73.5593220338983,86.4,중고PER(15~30),중고PBR(1.5~3),배당<2%
2020-03-17,000250,A,실행,96.58,5.88,409.0,0.13,-10.97076023391813,8.62573099415204,88.9,고PER(30+),고PBR(3+),배당<2%
2020-03-19,028300,A,실행,142.33,21.74,678.0,0.0,6.8688118811881,25.12376237623763,68.4,고PER(30+),고PBR(3+),무배당
2020-03-19,213420,A,실행,42.16,5.63,784.0,0.0,22.584541062801918,64.73429951690821,91.3,고PER(30+),고PBR(3+),무배당
2020-03-19,086450,A,실행,15.65,2.42,5341.0,0.62,8.81913303437966,50.97159940209268,160.0,중고PER(15~30),중고PBR(1.5~3),배당<2%
2020-03-19,003800,A,실행,14.66,1.1,2929.0,2.33,8.125,49.84375000000001,62.5,중PER(8~15),중PBR(0.8~1.5),배당2%+
2020-03-19,091990,A,실행,852.63,5.96,76.0,0.0,7.6048951048951,59.96503496503496,108.6,고PER(30+),고PBR(3+),무배당
2020-03-19,097520,A,실행,15.09,4.33,2161.0,0.92,-5.07234042553191,44.25531914893617,73.0,중고PER(15~30),고PBR(3+),배당<2%
2020-03-19,207940,A,실행,136.85,7.38,3387.0,0.0,7.035519125683069,63.934426229508205,135.8,고PER(30+),고PBR(3+),무배당
2020-03-19,060720,A,실행,0.0,2.33,0.0,0.0,18.359375,71.484375,104.7,적자/무실적,중고PBR(1.5~3),무배당
2020-03-19,006280,A,실행,37.62,1.25,3017.0,0.88,7.65765765765766,34.234234234234236,186.5,고PER(30+),중PBR(0.8~1.5),배당<2%
2020-03-19,082270,A,실행,0.0,8.52,0.0,0.0,-8.8974358974359,29.230769230769237,44.4,적자/무실적,고PBR(3+),무배당
2020-03-19,131970,A,실행,26.1,5.34,2433.0,0.27,-3.77391304347826,51.73913043478262,118.3,중고PER(15~30),고PBR(3+),배당<2%
2020-04-02,068270,A,실행,116.24,12.13,1970.0,0.0,8.7179487179487,16.66666666666667,74.1,고PER(30+),고PBR(3+),무배당
2020-04-02,174900,A,실행,0.0,19.05,0.0,0.0,9.79567307692306,27.64423076923077,144.6,적자/무실적,고PBR(3+),무배당
2020-04-03,005180,A,실행,12.46,0.87,3868.0,2.8,9.73282442748091,26.52671755725191,33.6,중PER(8~15),중PBR(0.8~1.5),배당2%+
2020-04-13,200230,A,실행,0.0,3.42,0.0,0.0,6.9200779727095405,-6.53021442495127,138.8,적자/무실적,고PBR(3+),무배당
2020-04-21,003060,A,실행,0.0,1.45,0.0,0.0,12.404580152671759,47.70992366412214,117.6,적자/무실적,중PBR(0.8~1.5),무배당
2020-04-27,016380,A,실행,0.0,1.03,0.0,0.0,10.20408163265305,0.40816326530611996,73.9,적자/무실적,중PBR(0.8~1.5),무배당
2020-04-28,016380,A,실행,0.0,1.03,0.0,0.0,12.666666666666671,8.888888888888879,89.3,적자/무실적,중PBR(0.8~1.5),무배당
2020-05-12,025980,A,실행,0.0,2.56,0.0,0.0,-5.77358490566037,-2.35849056603774,7.1,적자/무실적,중고PBR(1.5~3),무배당
2020-05-29,001520,A,실행,0.0,0.42,0.0,2.8,-5.89020979020977,-16.08391608391608,6.3,적자/무실적,저PBR(<0.8),배당2%+
2020-06-15,042660,A,실행,0.0,0.62,0.0,0.0,7.69230769230768,0.8547008547008499,24.4,적자/무실적,저PBR(<0.8),무배당
2020-06-15,082270,A,실행,0.0,9.2,0.0,0.0,7.66423357664234,15.328467153284661,40.4,적자/무실적,고PBR(3+),무배당
2020-06-15,074600,A,실행,141.92,1.73,99.0,0.0,7.949790794979079,22.59414225941423,63.2,고PER(30+),중고PBR(1.5~3),무배당
2020-06-15,222800,A,실행,0.0,1.7,0.0,1.41,8.5427135678392,103.51758793969847,127.1,적자/무실적,중고PBR(1.5~3),배당<2%
2020-06-15,030530,A,실행,9.83,0.44,444.0,0.0,8.11298076923077,13.822115384615369,64.9,중PER(8~15),저PBR(<0.8),무배당
2020-06-15,078160,A,실행,0.0,3.95,0.0,0.0,8.833922261484089,1.23674911660778,28.6,적자/무실적,고PBR(3+),무배당
2020-06-15,097520,A,실행,6.21,2.55,5151.0,1.56,7.401032702237529,26.506024096385538,39.9,저PER(<8),중고PBR(1.5~3),배당<2%
2020-06-15,115450,A,실행,0.0,10.05,0.0,0.0,7.6559546313799505,3.40264650283554,26.1,적자/무실적,고PBR(3+),무배당
2020-06-15,001230,A,실행,0.0,0.22,0.0,0.0,14.72602739726025,7.87671232876712,44.3,적자/무실적,저PBR(<0.8),무배당
2020-06-15,042670,A,실행,4.51,0.49,1153.0,0.0,6.94444444444444,36.28472222222223,83.2,저PER(<8),저PBR(<0.8),무배당
2020-06-15,095610,A,실행,44.39,2.07,508.0,1.33,7.487309644670059,28.934010152284266,59.9,고PER(30+),중고PBR(1.5~3),배당<2%
2020-06-15,006650,A,실행,7.55,0.48,17218.0,1.92,7.042253521126749,11.73708920187792,145.1,저PER(<8),저PBR(<0.8),배당<2%
2020-06-15,066970,A,실행,0.0,4.51,0.0,0.21,9.33806146572104,115.13002364066196,175.2,적자/무실적,고PBR(3+),배당<2%
2020-06-15,003220,A,실행,11.18,1.51,1369.0,1.7,7.357357357357359,29.429429429429433,94.6,중PER(8~15),중고PBR(1.5~3),배당<2%
2020-06-15,112040,A,실행,0.0,2.22,0.0,1.92,7.27739726027396,34.24657534246575,75.0,적자/무실적,중고PBR(1.5~3),배당<2%
2020-06-15,010140,A,실행,0.0,0.58,0.0,0.0,7.27272727272727,-9.91735537190082,22.5,적자/무실적,저PBR(<0.8),무배당
2020-08-10,069620,A,관찰만,51.59,2.45,2132.0,0.55,-5.22447257383966,-8.86075949367088,141.8,고PER(30+),중고PBR(1.5~3),배당<2%
2020-08-18,028300,A,관찰만,0.0,21.8,0.0,0.0,9.824561403508781,4.44444444444445,56.5,적자/무실적,고PBR(3+),무배당
2020-08-18,032830,A,관찰만,8.74,0.27,5443.0,5.57,10.82910321489001,2.36886632825719,47.9,중PER(8~15),저PBR(<0.8),배당2%+
2020-08-18,067630,A,관찰만,0.0,2.35,0.0,0.0,11.14369501466274,40.762463343108514,119.4,적자/무실적,중고PBR(1.5~3),무배당
2020-08-18,036830,A,관찰만,13.8,2.01,6948.0,0.89,-8.26581121937544,-16.827852998065758,1.9,중PER(8~15),중고PBR(1.5~3),배당<2%
2020-08-19,036830,A,관찰만,13.8,2.01,6948.0,0.89,-5.0,-10.46153846153846,5.6,중PER(8~15),중고PBR(1.5~3),배당<2%
2020-08-20,161390,A,실행,7.69,0.45,3387.0,2.11,8.117443868739201,15.889464594127812,86.5,저PER(<8),저PBR(<0.8),배당2%+
2020-08-28,200230,A,주의,0.0,4.12,0.0,0.0,-5.92566371681414,11.50442477876105,116.8,적자/무실적,고PBR(3+),무배당
2020-08-28,151910,A,주의,0.0,11.58,0.0,0.0,-6.085426755447941,-16.58595641646489,109.2,적자/무실적,고PBR(3+),무배당
2020-09-01,096770,B,주의,0.0,0.78,0.0,2.07,-5.84175084175083,-17.5084175084175,120.5,적자/무실적,저PBR(<0.8),배당2%+
2020-09-01,140410,A,주의,0.0,34.59,0.0,0.0,-5.93479549496147,6.10551274451689,18.3,적자/무실적,고PBR(3+),무배당
2020-09-23,016380,A,관찰만,0.0,1.35,0.0,0.0,-5.18999999999999,-9.99999999999999,63.0,적자/무실적,중PBR(0.8~1.5),무배당
2020-09-23,096770,B,관찰만,0.0,0.78,0.0,2.07,-10.10787162162162,8.10810810810811,121.3,적자/무실적,저PBR(<0.8),배당2%+
2020-09-23,028300,A,관찰만,0.0,22.63,0.0,0.0,-5.18983459955683,-10.16144349477682,3.9,적자/무실적,고PBR(3+),무배당
2020-10-15,091990,B,주의,201.61,7.95,435.0,0.0,30.26166097838452,78.49829351535836,103.9,고PER(30+),고PBR(3+),무배당
2020-10-15,026890,A,주의,55.57,4.3,287.0,0.5,-8.922018348623851,-15.41284403669724,92.7,고PER(30+),고PBR(3+),배당<2%
2020-10-16,005690,A,관찰만,247.26,21.01,73.0,0.0,8.64779874213836,29.874213836477992,62.6,고PER(30+),고PBR(3+),무배당
2020-10-16,026890,A,관찰만,55.57,4.3,287.0,0.5,-7.6388888888888795,-13.981481481481481,94.4,고PER(30+),고PBR(3+),배당<2%
2020-10-19,005690,A,관찰만,247.26,21.01,73.0,0.0,7.53205128205127,34.93589743589744,65.7,고PER(30+),고PBR(3+),무배당
2020-10-27,005690,A,관찰만,247.26,21.01,73.0,0.0,7.7160493827160295,12.34567901234569,59.6,고PER(30+),고PBR(3+),무배당
2020-10-30,267270,A,주의,146.75,0.4,169.0,0.0,6.85483870967742,29.43548387096775,145.2,고PER(30+),저PBR(<0.8),무배당
2020-11-06,045390,A,주의,191.33,4.33,30.0,0.35,-6.885470085470089,7.179487179487171,13.0,고PER(30+),고PBR(3+),배당<2%
2020-11-11,036570,B,주의,44.63,6.82,17387.0,0.67,12.98377028714108,22.09737827715356,30.8,고PER(30+),고PBR(3+),배당<2%
2020-11-17,082270,A,주의,0.0,8.67,0.0,0.0,7.7083333333333295,5.41666666666666,39.6,적자/무실적,고PBR(3+),무배당
2020-11-17,253840,A,주의,0.0,18.34,0.0,0.0,10.34836065573769,-28.688524590163926,49.2,적자/무실적,고PBR(3+),무배당
2020-11-23,086900,A,주의,41.16,4.46,4490.0,0.43,8.51162790697674,-39.53488372093023,17.9,고PER(30+),고PBR(3+),배당<2%
2020-11-24,001630,A,주의,10.81,1.04,8988.0,1.34,12.74038461538462,13.46153846153845,50.0,중PER(8~15),중PBR(0.8~1.5),배당<2%
2020-12-21,003620,A,관찰만,0.0,1.44,0.0,0.0,-5.38868832731649,-46.23733719247467,22.6,적자/무실적,중PBR(0.8~1.5),무배당
2021-01-04,096530,B,관찰만,188.11,33.19,1026.0,0.05,-3.4749727965179598,-31.22959738846572,16.9,고PER(30+),고PBR(3+),배당<2%
2021-01-05,096530,B,관찰만,188.11,33.19,1026.0,0.05,-5.3195652173912995,-33.20652173913043,16.8,고PER(30+),고PBR(3+),배당<2%
2021-01-11,196170,B,주의,0.0,71.34,0.0,0.0,-7.455020266959051,-10.12820512820513,2.9,적자/무실적,고PBR(3+),무배당
2021-01-12,096530,B,주의,188.11,33.19,1026.0,0.05,-3.5370985603543703,-27.906976744186053,19.0,고PER(30+),고PBR(3+),배당<2%
2021-01-15,025320,A,주의,47.36,3.69,89.0,0.0,7.31857318573185,-7.2570725707257004,13.7,고PER(30+),고PBR(3+),무배당
2021-01-18,010950,B,주의,123.35,1.24,561.0,0.29,-8.095965882895339,13.27800829875518,53.5,고PER(30+),중PBR(0.8~1.5),배당<2%
2021-01-29,097780,A,실행,0.0,1.58,0.0,0.0,9.83333333333333,-2.33333333333333,14.7,적자/무실적,중고PBR(1.5~3),무배당
2021-01-29,026890,A,실행,38.15,2.96,287.0,0.73,7.99086757990867,15.981735159817351,91.8,고PER(30+),중고PBR(1.5~3),배당<2%
2021-02-10,060250,A,주의,56.44,11.31,1040.0,0.39,-6.923076923076921,-1.34615384615384,17.3,고PER(30+),고PBR(3+),배당<2%
2021-02-16,078590,A,주의,0.0,11.54,0.0,0.0,9.924623115577889,-50.367986390536124,39.6,적자/무실적,고PBR(3+),무배당
2021-02-22,096530,A,주의,160.82,28.37,1026.0,0.06,-5.24691358024692,35.86744639376218,39.6,고PER(30+),고PBR(3+),배당<2%
2021-02-22,065680,A,주의,28.39,2.09,1407.0,0.75,-5.0,3.00353356890459,11.5,중고PER(15~30),중고PBR(1.5~3),배당<2%
2021-02-23,065680,A,주의,28.39,2.09,1407.0,0.75,-7.158317901234559,8.888888888888879,16.9,중고PER(15~30),중고PBR(1.5~3),배당<2%
2021-03-08,065660,A,실행,0.0,8.05,0.0,0.0,-5.37848605577688,-1.19521912350597,102.2,적자/무실적,고PBR(3+),무배당
2021-03-09,091990,B,실행,294.15,11.61,427.0,0.0,1.40845070422535,-8.69925434962717,19.3,고PER(30+),고PBR(3+),무배당
2021-03-09,068760,B,실행,651.27,20.03,236.0,0.0,-6.46288032454361,-12.03515889114266,21.5,고PER(30+),고PBR(3+),무배당
2021-03-09,175250,A,실행,0.0,3.47,0.0,0.0,-6.45673603504929,-2.7382256297918897,24.9,적자/무실적,고PBR(3+),무배당
2021-03-09,185750,A,실행,35.99,4.12,4751.0,0.53,9.06249999999999,-20.3125,31.9,고PER(30+),고PBR(3+),배당<2%
2021-03-10,049950,A,실행,24.52,2.94,1619.0,0.55,8.137715179968701,18.46635367762128,36.2,중고PER(15~30),중고PBR(1.5~3),배당<2%
2021-03-19,185750,A,실행,35.99,4.12,4751.0,0.53,-6.25,-15.13157894736841,3.0,고PER(30+),고PBR(3+),배당<2%
2021-03-23,078590,A,실행,0.0,9.93,0.0,0.0,7.776349614395881,-26.05042016806723,42.9,적자/무실적,고PBR(3+),무배당
2021-03-24,053800,A,실행,39.84,4.27,2204.0,1.03,10.22544283413848,8.37359098228662,23.8,고PER(30+),고PBR(3+),배당<2%
2021-03-31,069260,A,관찰만,12.03,1.37,1812.0,4.59,0.0,0.0,38.5,중PER(8~15),중PBR(0.8~1.5),배당2%+
2021-04-26,065660,A,관찰만,0.0,6.45,0.0,0.0,-5.14947552447552,13.98601398601398,77.4,적자/무실적,고PBR(3+),무배당
2021-04-27,019170,A,관찰만,2431.43,22.5,35.0,0.0,-5.47204968944099,-0.74534161490683,26.1,고PER(30+),고PBR(3+),무배당
2021-04-28,192820,A,관찰만,38.51,3.57,3168.0,0.74,10.0896860986547,12.10762331838564,27.4,고PER(30+),고PBR(3+),배당<2%
2021-04-28,019170,A,관찰만,2431.43,22.5,35.0,0.0,-5.0,14.12500000000001,26.9,고PER(30+),고PBR(3+),무배당
2021-04-29,095700,A,관찰만,0.0,7.64,0.0,0.0,-5.1826923076923,-14.23076923076923,13.7,적자/무실적,고PBR(3+),무배당
2021-05-03,206640,A,관찰만,48.32,7.82,507.0,0.2,-5.0,4.35779816513761,22.9,고PER(30+),고PBR(3+),배당<2%
2021-05-03,109820,A,관찰만,0.0,22.76,0.0,0.0,-6.16296592119276,-17.89137380191693,16.0,적자/무실적,고PBR(3+),무배당
2021-05-03,003090,A,관찰만,25.1,3.36,1446.0,0.28,-6.1377245508982,39.97005988023951,48.4,중고PER(15~30),고PBR(3+),배당<2%
2021-05-04,253840,A,관찰만,0.0,17.82,0.0,0.0,9.87202925045704,-15.35648994515539,20.7,적자/무실적,고PBR(3+),무배당
2021-05-04,206640,A,관찰만,48.32,7.82,507.0,0.2,7.51173708920187,8.92018779342722,25.8,고PER(30+),고PBR(3+),배당<2%
2021-05-04,336260,A,관찰만,278.4,19.81,162.0,0.0,7.45222929936306,27.89808917197451,41.9,고PER(30+),고PBR(3+),무배당
2021-05-04,109820,A,관찰만,0.0,22.76,0.0,0.0,-9.1864406779661,-13.5593220338983,23.1,적자/무실적,고PBR(3+),무배당
2021-05-04,243070,A,관찰만,21.45,4.22,3525.0,0.93,8.97035881435257,-2.0280811232449203,9.5,중고PER(15~30),고PBR(3+),배당<2%
2021-05-04,034020,B,관찰만,0.0,1.2,0.0,0.0,15.81027667984189,96.44268774703556,153.0,적자/무실적,중PBR(0.8~1.5),무배당
2021-05-06,010140,A,관찰만,0.0,0.9,0.0,0.0,11.74999999999999,16.5,24.7,적자/무실적,중PBR(0.8~1.5),무배당
2021-05-07,010140,A,관찰만,0.0,0.9,0.0,0.0,9.56738768718801,16.13976705490849,24.5,적자/무실적,중PBR(0.8~1.5),무배당
2021-05-13,253840,A,관찰만,0.0,17.82,0.0,0.0,-5.18518518518518,2.14424951267055,19.9,적자/무실적,고PBR(3+),무배당
2021-05-13,000210,A,관찰만,5.49,0.62,17223.0,1.37,-5.91787439613527,-6.642512077294679,4.8,저PER(<8),저PBR(<0.8),배당<2%
2021-05-14,225570,A,관찰만,0.0,9.9,0.0,0.0,11.722488038277511,18.18181818181818,94.7,적자/무실적,고PBR(3+),무배당
2021-05-18,156100,A,관찰만,0.0,18.89,0.0,0.0,-5.32898898365316,-14.072494669509588,13.6,적자/무실적,고PBR(3+),무배당
2021-05-20,139670,A,관찰만,10800.0,58.25,5.0,0.0,-8.8641425389755,26.05790645879733,44.3,고PER(30+),고PBR(3+),무배당
2021-05-21,139670,A,관찰만,10800.0,58.25,5.0,0.0,-6.784037558685441,31.2206572769953,52.1,고PER(30+),고PBR(3+),무배당
2021-05-27,049950,A,관찰만,23.35,2.8,1619.0,0.58,-5.43051359516616,-3.1722054380664595,4.2,중고PER(15~30),중고PBR(1.5~3),배당<2%
2021-05-31,086520,A,관찰만,44.66,3.26,1096.0,0.61,-7.6337674497786905,45.04596527068436,229.1,고PER(30+),고PBR(3+),배당<2%
2021-06-01,006400,B,관찰만,71.57,3.34,8593.0,0.16,15.58441558441559,23.376623376623378,34.4,고PER(30+),고PBR(3+),배당<2%
2021-07-08,003090,A,관찰만,19.95,3.97,2343.0,0.21,-7.885714285714281,-5.3246753246753205,4.7,중고PER(15~30),고PBR(3+),배당<2%
2021-07-16,131370,A,관찰만,0.0,8.4,0.0,0.32,-5.68421052631579,-22.775119617224878,7.2,적자/무실적,고PBR(3+),배당<2%
2021-07-16,084990,A,관찰만,0.0,3.93,0.0,0.0,-5.84519572953736,-11.56583629893238,5.9,적자/무실적,고PBR(3+),무배당
2021-07-19,003850,A,관찰만,43.54,3.69,542.0,0.42,-5.98958333333333,-11.45833333333333,1.6,고PER(30+),고PBR(3+),배당<2%
2021-07-22,170900,A,관찰만,26.77,1.13,3212.0,1.16,-5.0,-8.22407628128725,0.8,중고PER(15~30),중PBR(0.8~1.5),배당<2%
2021-08-17,121600,A,관찰만,236.54,4.37,156.0,0.27,7.52212389380531,41.74041297935102,130.1,고PER(30+),고PBR(3+),배당<2%
2021-08-18,081660,A,관찰만,22.64,2.45,2306.0,0.35,-5.37957207207208,-20.75675675675675,3.8,중고PER(15~30),중고PBR(1.5~3),배당<2%
2021-08-19,053280,A,주의,2500.0,2.26,6.0,1.33,-5.0,-28.857142857142858,2.9,고PER(30+),중고PBR(1.5~3),배당<2%
2021-08-20,043610,A,주의,38.28,2.24,163.0,0.0,6.87022900763358,11.06870229007632,30.5,고PER(30+),중고PBR(1.5~3),무배당
2021-08-20,122450,A,주의,15.74,1.93,718.0,0.0,6.8181818181818095,-6.508264462809921,10.5,중고PER(15~30),중고PBR(1.5~3),무배당
2021-08-23,007690,A,주의,18.76,1.09,5059.0,1.26,14.51367781155015,7.75075987841944,40.7,중고PER(15~30),중PBR(0.8~1.5),배당<2%
2021-08-30,033310,A,관찰만,0.0,6.6,0.0,0.0,-8.24684182590234,-28.980891719745227,7.6,적자/무실적,고PBR(3+),무배당
2021-09-01,052400,A,관찰만,26.78,5.54,1277.0,0.0,9.393939393939391,1.66666666666666,19.2,중고PER(15~30),고PBR(3+),무배당
2021-09-06,007700,A,관찰만,7.86,1.23,5599.0,2.27,-6.484425360474989,16.15776081424935,21.2,저PER(<8),중PBR(0.8~1.5),배당2%+
2021-09-06,064760,A,관찰만,32.76,7.33,5183.0,0.65,-5.14074074074074,-7.4074074074074,15.4,고PER(30+),고PBR(3+),배당<2%
2021-09-07,001470,A,관찰만,0.0,2.13,0.0,0.0,-7.53108348134991,-30.0177619893428,24.2,적자/무실적,중고PBR(1.5~3),무배당
2021-09-14,035720,B,관찰만,420.05,10.85,369.0,0.02,-8.22216838651866,2.82258064516129,5.6,고PER(30+),고PBR(3+),배당<2%
2021-09-17,006400,B,관찰만,92.28,4.3,8593.0,0.13,4.41379310344827,4.41379310344827,6.5,고PER(30+),고PBR(3+),배당<2%
2021-09-27,095660,A,주의,10.37,1.65,2802.0,0.0,-8.21181875792143,2.66159695817489,49.8,중PER(8~15),중고PBR(1.5~3),무배당
2021-09-28,297890,A,주의,0.0,4.61,0.0,0.0,-6.21483375959081,0.0,20.2,적자/무실적,고PBR(3+),무배당
2021-09-28,095660,A,주의,10.37,1.65,2802.0,0.0,-5.78838174273859,11.61825726141079,63.5,중PER(8~15),중고PBR(1.5~3),무배당
2021-09-30,011200,B,주의,327.18,6.53,103.0,0.0,-7.23115727002967,-26.55786350148368,11.7,고PER(30+),고PBR(3+),무배당
2021-10-01,011200,B,주의,327.18,6.53,103.0,0.0,-4.67767295597484,-25.78616352201258,18.4,고PER(30+),고PBR(3+),무배당
2021-10-01,003280,A,주의,0.0,0.0,0.0,0.0,-6.63143989431968,-31.30779392338176,30.6,적자/무실적,,무배당
2021-10-05,003280,A,주의,0.0,0.0,0.0,0.0,-7.9921259842519605,-17.9527559055118,55.7,적자/무실적,,무배당
2021-10-05,299660,A,주의,0.0,18.15,0.0,0.0,10.286103542234331,-29.70027247956402,12.8,적자/무실적,고PBR(3+),무배당
2021-10-05,112610,A,주의,86.53,6.85,898.0,1.29,7.13235294117646,-15.88235294117647,10.3,고PER(30+),고PBR(3+),배당<2%
2021-10-05,138610,A,주의,0.0,12.12,0.0,0.0,-7.38905325443787,-27.2189349112426,3.0,적자/무실적,고PBR(3+),무배당
2021-10-06,032300,A,실행,181.79,13.81,324.0,0.08,9.49895615866387,3.1315240083507203,49.9,고PER(30+),고PBR(3+),배당<2%
2021-10-06,025950,A,실행,0.0,4.37,0.0,0.34,10.5510752688172,-11.693548387096769,34.1,적자/무실적,고PBR(3+),배당<2%
2021-10-06,299660,A,실행,0.0,18.15,0.0,0.0,11.52173913043477,-23.623188405797098,20.0,적자/무실적,고PBR(3+),무배당
2021-10-06,047920,A,실행,0.0,10.07,0.0,0.0,7.10382513661203,-22.95081967213115,16.1,적자/무실적,고PBR(3+),무배당
2021-10-06,200670,A,실행,21.46,2.83,1587.0,1.17,7.962328767123281,-18.66438356164383,8.9,중고PER(15~30),중고PBR(1.5~3),배당<2%
2021-10-06,205470,A,실행,23.33,10.54,643.0,0.0,8.79999999999998,43.999999999999986,191.6,중고PER(15~30),고PBR(3+),무배당
2021-10-06,086890,A,실행,0.0,8.75,0.0,0.0,10.22727272727272,-10.90909090909091,25.5,적자/무실적,고PBR(3+),무배당
2021-10-06,084110,A,실행,17.17,1.79,3576.0,0.65,-6.79780876494023,-19.72111553784861,4.4,중고PER(15~30),중고PBR(1.5~3),배당<2%
2021-10-06,002900,A,실행,81.38,2.53,29.0,0.0,11.58854166666667,-12.5,39.3,고PER(30+),중고PBR(1.5~3),무배당
2021-10-06,049180,A,실행,3246.67,11.97,3.0,0.0,9.22693266832916,-24.56359102244388,24.3,고PER(30+),고PBR(3+),무배당
2021-10-06,036200,A,실행,18.39,2.74,715.0,0.61,6.9506726457399095,26.905829596412563,35.9,중고PER(15~30),중고PBR(1.5~3),배당<2%
2021-10-06,035810,A,실행,3.07,0.62,1634.0,1.0,-4.2,-11.93181818181817,8.9,저PER(<8),저PBR(<0.8),배당<2%
2021-10-06,047820,A,실행,0.0,3.66,0.0,0.0,8.54700854700856,36.75213675213675,82.5,적자/무실적,고PBR(3+),무배당
2021-10-07,003490,B,주의,0.0,2.38,0.0,0.0,-9.70015698587126,-10.51805337519623,2.2,적자/무실적,중고PBR(1.5~3),무배당
2021-10-07,084110,A,주의,17.17,1.79,3576.0,0.65,-6.75025278058645,-18.200202224469162,6.0,중고PER(15~30),중고PBR(1.5~3),배당<2%
2021-10-12,101490,A,주의,61.69,4.47,556.0,0.23,7.88216560509553,16.40127388535031,24.0,고PER(30+),고PBR(3+),배당<2%
2021-10-12,003670,B,주의,389.01,11.49,455.0,0.17,-7.630967741935479,-5.48387096774193,10.6,고PER(30+),고PBR(3+),배당<2%
2021-10-13,047920,A,주의,0.0,10.07,0.0,0.0,6.94822888283379,-22.0708446866485,14.2,적자/무실적,고PBR(3+),무배당
2021-10-13,185490,A,주의,0.0,47.72,0.0,0.0,16.17021276595744,-22.34042553191489,18.3,적자/무실적,고PBR(3+),무배당
2021-10-13,299660,A,주의,0.0,18.15,0.0,0.0,7.73049645390071,-29.92907801418439,16.5,적자/무실적,고PBR(3+),무배당
2021-10-19,003280,A,주의,0.0,0.0,0.0,0.0,10.7235142118863,-29.457364341085267,16.0,적자/무실적,,무배당
2021-10-27,009240,A,실행,31.86,4.65,3766.0,1.08,-5.46798029556649,-2.85714285714285,4.4,고PER(30+),고PBR(3+),배당<2%
2021-10-29,065660,A,주의,0.0,6.55,0.0,0.0,7.3630136986301205,-2.3972602739726,17.3,적자/무실적,고PBR(3+),무배당
2021-11-02,241840,A,주의,0.0,11.38,0.0,0.0,-6.92896640826873,-15.658914728682168,17.5,적자/무실적,고PBR(3+),무배당
2021-11-02,053800,A,주의,38.35,3.79,2138.0,1.1,7.18270571827057,11.85495118549511,204.7,고PER(30+),고PBR(3+),배당<2%
2021-11-04,002900,A,주의,70.0,2.17,29.0,0.0,-6.31064814814815,-1.94444444444443,107.2,고PER(30+),중고PBR(1.5~3),무배당
2021-11-08,299660,A,주의,0.0,14.64,0.0,0.0,-6.07344632768361,-29.66101694915254,2.1,적자/무실적,고PBR(3+),무배당
2021-11-09,003580,A,주의,0.0,9.19,0.0,0.0,10.73717948717949,49.67948717948718,72.4,적자/무실적,고PBR(3+),무배당
2021-11-09,007860,A,주의,0.0,0.86,0.0,0.32,-7.22945303550974,-20.61855670103093,6.2,적자/무실적,중PBR(0.8~1.5),배당<2%
2021-11-09,092220,A,주의,0.0,2.65,0.0,0.0,12.224264705882359,45.40441176470591,60.1,적자/무실적,중고PBR(1.5~3),무배당
2021-11-10,007860,A,주의,0.0,0.86,0.0,0.32,-7.454456654456649,-13.55311355311355,13.2,적자/무실적,중PBR(0.8~1.5),배당<2%
2021-11-11,009520,A,주의,35.58,3.47,226.0,1.0,-5.24265644955299,2.80970625798211,14.9,고PER(30+),고PBR(3+),배당<2%
2021-11-12,001440,A,주의,751.67,5.61,3.0,0.0,9.890109890109871,-6.04395604395605,31.9,고PER(30+),고PBR(3+),무배당
2021-11-12,241820,A,주의,22.73,12.66,2030.0,0.0,-6.70250896057348,-3.1063321385902,21.9,중고PER(15~30),고PBR(3+),무배당
2021-11-17,002240,A,주의,75.0,0.46,366.0,1.09,-7.28915662650602,3.6144578313252995,43.4,고PER(30+),저PBR(<0.8),배당<2%
2021-11-17,073240,A,주의,0.0,1.32,0.0,0.0,-6.24183006535947,-2.61437908496732,6.0,적자/무실적,중PBR(0.8~1.5),무배당
2021-11-18,115450,A,주의,0.0,4.93,0.0,0.0,-7.79411764705881,-10.13071895424836,9.2,적자/무실적,고PBR(3+),무배당
2021-11-19,249420,A,주의,0.0,1.31,0.0,0.0,8.695652173913029,101.33779264214049,431.8,적자/무실적,중PBR(0.8~1.5),무배당
2021-11-23,217270,A,주의,10.87,4.39,1982.0,0.0,-0.91603053435114,-18.12977099236641,15.8,중PER(8~15),고PBR(3+),무배당
2021-11-29,080580,A,주의,821.43,13.33,28.0,0.0,-5.897091722595079,-3.35570469798657,23.9,고PER(30+),고PBR(3+),무배당
2021-11-30,035080,A,실행,0.0,1.33,0.0,0.41,7.39219712525667,-9.03490759753592,42.7,적자/무실적,중PBR(0.8~1.5),배당<2%
2021-11-30,034020,A,실행,0.0,2.23,0.0,0.0,10.65789473684211,-5.78947368421052,25.8,적자/무실적,중고PBR(1.5~3),무배당
2021-12-02,096530,A,실행,7.79,6.12,9712.0,1.98,7.08898944193061,-17.94871794871795,10.6,저PER(<8),고PBR(3+),배당<2%
2021-12-07,041140,A,실행,131.74,4.8,115.0,0.0,8.0223880597015,43.65671641791044,120.1,고PER(30+),고PBR(3+),무배당
2021-12-14,007390,A,실행,0.0,17.29,0.0,0.0,-5.98855667627282,-11.527377521613829,13.3,적자/무실적,고PBR(3+),무배당
2021-12-20,196170,A,주의,0.0,14.82,0.0,0.0,7.28744939271255,-28.87989203778677,8.2,적자/무실적,고PBR(3+),무배당
2021-12-28,089980,A,주의,369.28,5.92,153.0,0.28,-7.398058252427179,-20.194174757281548,4.3,고PER(30+),고PBR(3+),배당<2%
2021-12-28,003580,A,주의,0.0,9.66,0.0,0.0,11.9533527696793,-1.45772594752187,56.9,적자/무실적,고PBR(3+),무배당
2021-12-29,089980,A,주의,369.28,5.92,153.0,0.28,-6.10465116279069,-16.47286821705426,4.1,고PER(30+),고PBR(3+),배당<2%
2021-12-30,067000,A,주의,51.77,8.73,198.0,0.0,-7.50243902439024,-10.14634146341463,5.4,고PER(30+),고PBR(3+),무배당
2021-12-30,011785,A,주의,0.0,0.0,0.0,3.97,-5.44392523364486,-20.84112149532709,1.4,적자/무실적,,배당2%+
2022-01-05,352820,B,주의,118.06,10.51,2956.0,0.0,-8.2670382165605,-12.73885350318471,6.5,고PER(30+),고PBR(3+),무배당
2022-01-06,214150,A,주의,31.86,9.83,590.0,0.32,7.228915662650599,16.265060240963848,47.0,고PER(30+),고PBR(3+),배당<2%
2022-01-06,217270,A,주의,14.13,5.71,1982.0,0.0,-6.296452145214521,-22.37623762376237,4.2,중PER(8~15),고PBR(3+),무배당
2022-01-06,293490,A,주의,65.56,6.73,1388.0,0.0,-7.42307692307692,0.26990553306343,11.1,고PER(30+),고PBR(3+),무배당
2022-01-07,293490,A,주의,65.56,6.73,1388.0,0.0,-7.67227456258411,0.6729475100942099,10.8,고PER(30+),고PBR(3+),무배당
2022-01-13,214260,A,주의,0.0,8.49,0.0,0.0,-6.20443404634581,-14.1711229946524,28.6,적자/무실적,고PBR(3+),무배당
2022-01-14,145720,A,주의,26.7,3.37,2614.0,0.29,-6.25412541254125,22.27722772277227,48.3,중고PER(15~30),고PBR(3+),배당<2%
2022-01-17,145720,A,실행,26.7,3.37,2614.0,0.29,-5.84300341296928,23.72013651877134,53.4,중고PER(15~30),고PBR(3+),배당<2%
2022-01-24,003580,A,실행,0.0,10.83,0.0,0.0,-6.4319406392694,-22.73972602739725,8.5,적자/무실적,고PBR(3+),무배당
2022-01-24,086520,A,실행,109.3,7.98,1075.0,0.26,-6.294457274826799,3.5796766743648902,21.6,고PER(30+),고PBR(3+),배당<2%
2022-01-25,003580,A,실행,0.0,10.83,0.0,0.0,-6.11111111111111,-18.42105263157895,15.8,적자/무실적,고PBR(3+),무배당
2022-01-25,048550,A,실행,0.0,4.11,0.0,0.0,-5.92233009708738,59.38511326860842,82.2,적자/무실적,고PBR(3+),무배당
2022-01-25,086980,A,실행,0.0,2.82,0.0,0.0,-5.6195652173913,21.30434782608696,55.0,적자/무실적,중고PBR(1.5~3),무배당
2022-01-25,020120,A,실행,3975.0,10.82,4.0,0.0,-5.0,-1.73611111111111,19.4,고PER(30+),고PBR(3+),무배당
2022-01-26,100130,A,실행,84.92,1.18,63.0,1.87,7.5354609929078,3.1914893617021196,28.4,고PER(30+),중PBR(0.8~1.5),배당<2%
2022-01-27,247540,A,실행,221.99,23.75,2256.0,0.09,-8.932842686292549,21.95645507513033,75.8,고PER(30+),고PBR(3+),배당<2%
2022-01-28,095660,A,실행,9.15,1.46,2802.0,0.0,7.30994152046784,-2.53411306042885,18.9,중PER(8~15),중PBR(0.8~1.5),무배당
2022-01-28,263750,B,실행,56.92,9.67,1655.0,0.0,7.53715498938429,7.53715498938429,17.7,고PER(30+),고PBR(3+),무배당
2022-02-10,336370,A,실행,0.0,9.16,0.0,0.01,-6.2500000000000195,17.10526315789473,29.6,적자/무실적,고PBR(3+),배당<2%
2022-02-11,336370,A,실행,0.0,9.16,0.0,0.01,7.179487179487171,20.68376068376067,34.7,적자/무실적,고PBR(3+),배당<2%
2022-02-11,003220,A,실행,17.0,1.44,853.0,1.1,8.38235294117646,5.58823529411764,23.5,중고PER(15~30),중PBR(0.8~1.5),배당<2%
2022-02-14,256840,A,실행,758.93,31.02,28.0,0.0,-5.43308823529411,-28.8235294117647,6.8,고PER(30+),고PBR(3+),무배당
2022-02-14,003220,A,실행,17.0,1.44,853.0,1.1,7.70392749244712,11.48036253776434,26.9,중고PER(15~30),중PBR(0.8~1.5),배당<2%
2022-02-14,004980,A,실행,37.62,0.97,416.0,0.96,-6.14919354838709,12.5,31.0,고PER(30+),중PBR(0.8~1.5),배당<2%
2022-02-15,256840,A,실행,758.93,31.02,28.0,0.0,7.7399380804953495,-26.00619195046439,12.4,고PER(30+),고PBR(3+),무배당
2022-02-28,018670,A,실행,4.01,0.58,29674.0,3.36,-5.48963585434174,-2.1008403361344503,20.6,저PER(<8),저PBR(<0.8),배당2%+
2022-03-07,048410,A,실행,0.0,22.48,0.0,0.0,-5.1537216828479,-7.119741100323609,33.7,적자/무실적,고PBR(3+),무배당
2022-03-14,263750,B,실행,57.46,9.76,1655.0,0.0,-3.8112244897959098,-37.55102040816326,13.2,고PER(30+),고PBR(3+),무배당
2022-03-15,066970,B,실행,0.0,29.26,0.0,0.03,34.302670623145396,33.53115727002966,65.6,적자/무실적,고PBR(3+),배당<2%
2022-03-29,263750,B,실행,57.46,9.76,1655.0,0.0,-7.14214711729622,-37.17693836978131,9.2,고PER(30+),고PBR(3+),무배당
2022-04-07,214330,A,실행,0.0,0.93,0.0,0.0,-5.0,-33.16326530612244,4.6,적자/무실적,중PBR(0.8~1.5),무배당
2022-04-07,008350,A,실행,45.47,2.52,95.0,0.0,10.92124814264488,-20.35661218424963,17.4,고PER(30+),중고PBR(1.5~3),무배당
2022-04-12,006040,A,실행,3.59,0.74,70124.0,1.98,7.73420479302831,1.52505446623094,17.0,저PER(<8),저PBR(<0.8),배당<2%
2022-04-13,112040,A,실행,0.0,13.72,0.0,0.58,7.11764705882354,-6.11764705882352,7.5,적자/무실적,고PBR(3+),배당<2%
2022-04-19,263750,B,실행,60.12,10.22,1655.0,0.0,-6.49541015625,-45.703125,0.8,고PER(30+),고PBR(3+),무배당
2022-04-29,048260,A,실행,14.3,8.38,7865.0,0.56,-7.541333333333331,-9.15555555555556,28.8,중PER(8~15),고PBR(3+),배당<2%
2022-05-11,000060,B,실행,11.5,2.0,3856.0,2.89,-4.37499999999999,-11.54891304347826,12.5,중PER(8~15),중고PBR(1.5~3),배당2%+
2022-05-12,000060,B,실행,11.5,2.0,3856.0,2.89,-5.02024291497975,-12.145748987854251,11.7,중PER(8~15),중고PBR(1.5~3),배당2%+
2022-05-23,290650,A,실행,81.07,15.16,494.0,0.12,7.67634854771783,-10.511756569847849,15.1,고PER(30+),고PBR(3+),배당<2%
2022-06-08,047920,A,실행,0.0,5.18,0.0,0.0,9.375,0.0,91.0,적자/무실적,고PBR(3+),무배당
2022-06-08,067630,A,실행,0.0,6.07,0.0,0.0,7.1705426356589,3.87596899224806,40.7,적자/무실적,고PBR(3+),무배당
2022-06-08,028300,A,실행,0.0,11.11,0.0,0.0,6.96452036793693,16.03153745072274,51.1,적자/무실적,고PBR(3+),무배당
2022-06-13,047920,A,실행,0.0,5.18,0.0,0.0,-5.664335664335661,5.5944055944056,92.3,적자/무실적,고PBR(3+),무배당
2022-06-13,032820,A,실행,50.11,4.27,47.0,0.0,-5.0,-4.83870967741935,12.4,고PER(30+),고PBR(3+),무배당
2022-06-13,299900,A,실행,0.0,7.17,0.0,0.0,-5.0,4.89795918367346,8.0,적자/무실적,고PBR(3+),무배당
2022-06-13,230240,A,실행,22.87,4.59,1441.0,0.0,-5.17790262172285,20.2247191011236,41.8,중고PER(15~30),고PBR(3+),무배당
2022-06-14,214260,A,실행,76.64,7.27,578.0,0.0,-5.998272357723581,0.36585365853658003,5.2,고PER(30+),고PBR(3+),무배당
2022-06-14,225570,A,실행,0.0,11.26,0.0,0.0,-7.357407407407419,21.94444444444445,30.6,적자/무실적,고PBR(3+),무배당
2022-06-15,225570,A,실행,0.0,11.26,0.0,0.0,-8.20923076923076,34.76923076923077,44.6,적자/무실적,고PBR(3+),무배당
2022-06-15,115450,A,실행,0.0,2.94,0.0,0.0,-8.46153846153845,-3.6437246963562595,26.3,적자/무실적,중고PBR(1.5~3),무배당
2022-06-16,225570,A,실행,0.0,11.26,0.0,0.0,-6.2063492063492,40.31746031746031,49.2,적자/무실적,고PBR(3+),무배당
2022-06-17,078160,A,실행,0.0,2.52,0.0,0.0,-8.56807511737088,-0.46948356807511,12.4,적자/무실적,중고PBR(1.5~3),무배당
2022-06-17,063170,A,실행,24.11,4.48,1014.0,0.82,-6.06981981981982,4.72972972972973,15.3,중고PER(15~30),고PBR(3+),배당<2%
2022-06-22,005420,A,실행,44.73,3.24,389.0,0.0,-5.97194719471947,40.92409240924093,102.3,고PER(30+),고PBR(3+),무배당
2022-06-23,018310,A,실행,10.81,0.9,2432.0,0.38,8.19209039548023,15.254237288135588,29.4,중PER(8~15),중PBR(0.8~1.5),배당<2%
2022-06-23,005420,A,실행,44.73,3.24,389.0,0.0,13.89891696750902,47.292418772563174,121.3,고PER(30+),고PBR(3+),무배당
2022-06-23,041510,A,실행,12.09,2.64,5750.0,0.29,7.1663920922569995,13.01482701812191,37.2,중PER(8~15),중고PBR(1.5~3),배당<2%
2022-06-23,002460,A,실행,9.85,0.71,2467.0,4.12,7.412790697674421,-4.36046511627906,23.3,중PER(8~15),저PBR(<0.8),배당2%+
2022-06-23,249420,A,실행,0.0,6.49,0.0,0.0,16.014234875444842,33.096085409252666,115.3,적자/무실적,고PBR(3+),무배당
2022-06-23,011070,B,실행,10.26,2.75,37537.0,0.78,2.26586102719033,2.26586102719033,12.2,중PER(8~15),중고PBR(1.5~3),배당<2%
2022-06-23,118990,A,실행,24.4,2.17,1500.0,0.0,-7.11111111111111,6.83760683760683,71.4,중고PER(15~30),중고PBR(1.5~3),무배당
2022-06-23,042600,A,실행,11.9,3.18,2337.0,0.0,7.26817042606515,15.789473684210531,26.1,중PER(8~15),고PBR(3+),무배당
2022-06-23,001250,A,실행,12.99,0.92,283.0,0.0,9.89208633093525,32.01438848920863,44.2,중PER(8~15),중PBR(0.8~1.5),무배당
2022-06-23,001790,A,실행,21.32,0.88,220.0,2.35,6.9984447900466495,-2.64385692068429,17.9,중고PER(15~30),중PBR(0.8~1.5),배당2%+
2022-06-23,000230,A,실행,0.0,6.78,0.0,0.31,-0.38578680203044996,50.76142131979695,131.0,적자/무실적,고PBR(3+),배당<2%
2022-06-23,117580,A,실행,32.87,1.23,435.0,1.75,8.64485981308411,36.915887850467286,53.7,고PER(30+),중PBR(0.8~1.5),배당<2%
2022-06-29,016380,A,실행,8.99,1.49,1908.0,0.58,-5.95706845238095,-5.71428571428571,4.3,중PER(8~15),중PBR(0.8~1.5),배당<2%
2022-06-29,084990,A,실행,0.0,3.72,0.0,0.0,-5.2235294117647,-22.11764705882353,2.1,적자/무실적,고PBR(3+),무배당
2022-06-30,016380,A,실행,6.97,1.16,1908.0,0.75,-5.87857142857143,1.50375939849625,9.8,저PER(<8),중PBR(0.8~1.5),배당<2%
2022-06-30,137400,A,실행,18.22,5.23,2407.0,0.34,-5.21664766248575,15.393386545039899,26.6,중고PER(15~30),고PBR(3+),배당<2%
2022-06-30,151860,A,실행,11.99,1.88,1389.0,0.72,-9.90571821821821,-3.0030030030029997,2.1,중PER(8~15),중고PBR(1.5~3),배당<2%
2022-07-01,137400,A,실행,18.22,5.23,2407.0,0.34,-7.04790419161677,18.08383233532933,32.9,중고PER(15~30),고PBR(3+),배당<2%
2022-07-01,222080,A,실행,0.0,8.55,0.0,0.0,-5.0,4.36363636363636,21.1,적자/무실적,고PBR(3+),무배당
2022-07-01,151860,A,실행,11.99,1.88,1389.0,0.72,-6.53721682847896,-2.91262135922329,10.0,중PER(8~15),중고PBR(1.5~3),배당<2%
2022-07-01,011070,B,실행,9.12,2.45,37537.0,0.88,-4.2521994134897305,-4.2521994134897305,8.9,중PER(8~15),중고PBR(1.5~3),배당<2%
2022-07-04,222080,A,실행,0.0,8.55,0.0,0.0,8.703703703703699,7.77777777777777,23.3,적자/무실적,고PBR(3+),무배당
2022-07-05,101730,A,실행,0.0,13.19,0.0,0.0,-5.5093833780160795,7.50670241286863,31.9,적자/무실적,고PBR(3+),무배당
2022-07-07,006260,A,실행,6.36,0.5,10004.0,2.28,-6.76579925650557,19.5167286245353,42.6,저PER(<8),저PBR(<0.8),배당2%+
2022-08-22,101730,A,실행,0.0,12.02,0.0,0.0,-5.4726368159203895,-17.66169154228856,10.7,적자/무실적,고PBR(3+),무배당
2022-08-22,225570,A,실행,0.0,10.47,0.0,0.0,9.97409326424869,-23.05699481865285,11.7,적자/무실적,고PBR(3+),무배당
2022-08-26,225570,A,실행,0.0,10.47,0.0,0.0,-6.642651296829969,-17.0028818443804,12.4,적자/무실적,고PBR(3+),무배당
2022-09-01,001440,A,실행,56.82,4.27,33.0,0.0,-5.00000000000001,-3.16091954022987,14.9,고PER(30+),고PBR(3+),무배당
2022-09-02,297090,A,실행,0.0,4.6,0.0,0.0,-7.1780821917808195,-31.23287671232877,11.1,적자/무실적,고PBR(3+),무배당
2022-09-05,007390,A,실행,0.0,27.21,0.0,0.0,-6.70076726342711,-7.928388746803069,19.4,적자/무실적,고PBR(3+),무배당
2022-09-06,007390,A,실행,0.0,27.21,0.0,0.0,-5.0253333333333305,-5.33333333333333,24.5,적자/무실적,고PBR(3+),무배당
2022-09-06,054210,A,실행,13.02,2.36,1363.0,0.56,-6.6187499999999995,-20.39473684210526,6.1,중PER(8~15),중고PBR(1.5~3),배당<2%
2022-09-15,323990,A,실행,0.0,36.03,0.0,0.0,-5.80937167199148,-12.46006389776357,1.0,적자/무실적,고PBR(3+),무배당
2022-09-15,028300,B,실행,0.0,12.04,0.0,0.0,-7.92978848413631,-8.22561692126909,7.6,적자/무실적,고PBR(3+),무배당
2022-09-15,067630,A,실행,0.0,5.72,0.0,0.0,-5.6641697877652994,-9.7378277153558,4.1,적자/무실적,고PBR(3+),무배당
2022-09-19,010060,A,실행,4.29,0.91,27387.0,1.7,-5.45023696682464,0.47393364928909004,4.7,저PER(<8),중PBR(0.8~1.5),배당<2%
2022-09-19,220260,A,실행,71.69,5.75,166.0,0.0,-7.1121359223301095,-13.78640776699029,14.6,고PER(30+),고PBR(3+),무배당
2022-09-19,117580,A,실행,33.1,1.23,435.0,1.74,7.20524017467247,0.0,17.9,고PER(30+),중PBR(0.8~1.5),배당<2%
2022-09-23,353200,A,실행,24.24,2.24,1223.0,1.01,-5.0,1.49572649572649,12.6,중고PER(15~30),중고PBR(1.5~3),배당<2%
2022-09-26,117580,A,실행,33.1,1.23,435.0,1.74,7.47663551401869,2.8037383177569897,26.2,고PER(30+),중PBR(0.8~1.5),배당<2%
2022-09-26,000230,A,실행,0.0,6.4,0.0,0.33,7.14285714285714,74.818401937046,101.9,적자/무실적,고PBR(3+),배당<2%
2022-09-26,001250,A,실행,12.93,0.91,283.0,0.0,-5.0,-1.4466546112115701,9.2,중PER(8~15),중PBR(0.8~1.5),무배당
2022-09-26,161000,A,실행,4.43,0.71,2302.0,5.39,6.923076923076921,-2.35897435897436,10.8,저PER(<8),저PBR(<0.8),배당2%+
2022-09-26,101360,A,실행,30.24,4.24,992.0,0.0,8.33333333333332,5.9386973180076605,106.1,고PER(30+),고PBR(3+),무배당
2022-09-27,080420,A,실행,26.88,0.87,144.0,0.0,-8.674785100286531,-2.00573065902578,19.6,중고PER(15~30),중PBR(0.8~1.5),무배당
2022-10-11,018470,A,실행,15.09,1.79,161.0,0.0,7.96460176991149,-4.42477876106194,88.9,중고PER(15~30),중고PBR(1.5~3),무배당
2022-10-12,115450,A,실행,0.0,3.73,0.0,0.0,-5.3653846153846,-16.92307692307691,12.3,적자/무실적,고PBR(3+),무배당
2022-10-13,115450,A,실행,0.0,3.73,0.0,0.0,-5.38934426229508,-12.70491803278688,19.7,적자/무실적,고PBR(3+),무배당
2022-11-09,214370,A,실행,36.91,4.46,2582.0,2.41,7.5295275590551105,27.460629921259837,140.6,고PER(30+),고PBR(3+),배당2%+
2022-11-16,005850,A,실행,14.68,0.94,2094.0,1.63,-6.52406417112299,-7.1301247771836,42.2,중PER(8~15),중PBR(0.8~1.5),배당<2%
2022-11-17,016790,A,실행,0.0,8.02,0.0,0.13,-6.51757188498403,-7.34824281150159,198.1,적자/무실적,고PBR(3+),배당<2%
2022-11-18,003070,A,실행,2.46,0.57,5454.0,3.73,10.443864229765019,-14.725848563968668,60.6,저PER(<8),저PBR(<0.8),배당2%+
2022-12-01,241560,A,실행,9.25,0.82,3845.0,3.38,-5.18142361111111,-3.47222222222222,70.0,중PER(8~15),중PBR(0.8~1.5),배당2%+
2022-12-23,149950,A,실행,3216.67,1.88,6.0,0.0,7.23270440251573,-4.52830188679245,18.3,고PER(30+),중고PBR(1.5~3),무배당
2022-12-26,009830,B,실행,15.45,1.21,3320.0,0.0,-10.18162816281629,-9.46094609460945,25.4,중고PER(15~30),중PBR(0.8~1.5),무배당
2022-12-28,205470,A,실행,3.65,2.73,4422.0,1.24,-5.62500000000001,-5.52631578947369,41.4,저PER(<8),중고PBR(1.5~3),배당<2%
2022-12-29,024110,A,실행,3.41,0.29,2877.0,7.94,7.0264765784114,5.7026476578411405,9.0,저PER(<8),저PBR(<0.8),배당2%+
2022-12-29,001430,A,실행,3.12,0.32,5231.0,9.2,-6.74846625766871,38.036809815950924,68.7,저PER(<8),저PBR(<0.8),배당2%+
2022-12-29,001120,A,실행,3.49,0.69,9733.0,6.77,-5.69955817378498,-7.658321060382909,10.9,저PER(<8),저PBR(<0.8),배당2%+
2023-01-04,079550,A,실행,19.09,2.63,4829.0,1.3,6.98717948717948,-3.2051282051282,14.1,중고PER(15~30),중고PBR(1.5~3),배당<2%
2023-01-18,115450,A,실행,0.0,3.02,0.0,0.0,7.51072961373391,-6.6384552362769895,11.6,적자/무실적,고PBR(3+),무배당
2023-01-30,052020,A,실행,0.0,31.2,0.0,0.0,11.806656101426299,17.511885895404113,83.4,적자/무실적,고PBR(3+),무배당
2023-02-06,003530,A,실행,5.08,0.39,659.0,5.98,-6.34645669291338,-12.755905511811019,3.9,저PER(<8),저PBR(<0.8),배당2%+
2023-02-13,145020,A,주의,29.81,2.21,4733.0,0.0,-5.45945945945945,0.30030030030029997,7.4,중고PER(15~30),중고PBR(1.5~3),무배당
2023-02-22,290670,A,실행,96.95,8.49,688.0,0.0,7.65306122448978,23.29931972789116,63.6,고PER(30+),고PBR(3+),무배당
2023-03-06,080580,A,주의,187.5,10.07,108.0,0.0,-5.04854368932038,-8.02248339294838,6.5,고PER(30+),고PBR(3+),무배당
2023-03-10,048550,A,실행,0.0,4.39,0.0,0.0,-9.2011637572735,-26.93266832917705,-2.9,적자/무실적,고PBR(3+),무배당
2023-03-10,000990,A,실행,6.21,1.78,7292.0,0.99,6.928034371643391,27.819548872180448,79.6,저PER(<8),중고PBR(1.5~3),배당<2%
2023-03-10,001390,A,실행,4.22,0.71,5749.0,2.06,8.85416666666665,24.65277777777779,129.5,저PER(<8),저PBR(<0.8),배당2%+
2023-03-13,048550,A,실행,0.0,4.39,0.0,0.0,-6.14958448753462,-19.11357340720221,6.6,적자/무실적,고PBR(3+),무배당
2023-03-13,034120,A,실행,5.69,1.18,7693.0,2.29,6.93196405648266,-14.377406931964051,9.9,저PER(<8),중PBR(0.8~1.5),배당2%+
2023-03-14,034120,A,실행,5.69,1.18,7693.0,2.29,7.07350901525658,-6.24133148404992,18.7,저PER(<8),중PBR(0.8~1.5),배당2%+
2023-03-14,012510,A,실행,20.19,2.19,1704.0,1.31,-6.140000000000001,-6.42857142857142,8.7,중고PER(15~30),중고PBR(1.5~3),배당<2%
2023-03-15,012510,A,실행,20.19,2.19,1704.0,1.31,-5.94382022471909,-8.84831460674157,6.9,중고PER(15~30),중고PBR(1.5~3),배당<2%
2023-03-16,052020,A,실행,0.0,38.04,0.0,0.0,-6.65217391304348,31.83946488294313,54.8,적자/무실적,고PBR(3+),무배당
2023-03-24,248070,A,실행,80.84,4.13,274.0,0.0,7.14285714285714,14.05152224824355,52.0,고PER(30+),고PBR(3+),무배당
2023-03-24,016790,A,실행,0.0,9.51,0.0,0.11,-8.79544168907385,27.142857142857128,90.4,적자/무실적,고PBR(3+),배당<2%
2023-04-13,092220,A,주의,34.75,1.48,80.0,0.0,-5.78512396694215,-9.71074380165288,1.2,고PER(30+),중PBR(0.8~1.5),무배당
2023-04-19,145020,A,주의,27.02,2.0,4733.0,0.0,-6.818973020017401,-11.22715404699739,30.1,중고PER(15~30),중고PBR(1.5~3),무배당
2023-04-20,235980,A,주의,0.0,9.2,0.0,0.0,-5.39748953974895,-18.82845188284518,3.6,적자/무실적,고PBR(3+),무배당
2023-04-21,225570,A,주의,0.0,8.59,0.0,0.0,11.0865968008825,37.34142305570878,39.0,적자/무실적,고PBR(3+),무배당
2023-04-24,323990,A,주의,0.0,19.71,0.0,0.0,-6.914789377289381,-21.0989010989011,25.1,적자/무실적,고PBR(3+),무배당
2023-04-24,030960,A,주의,0.0,1.59,0.0,0.23,-1.1563981042653901,-6.39810426540284,12.3,적자/무실적,중고PBR(1.5~3),배당<2%
2023-04-25,003380,A,주의,3.88,0.57,4129.0,0.62,-7.72933467741935,-21.16935483870967,6.8,저PER(<8),저PBR(<0.8),배당<2%
2023-04-25,323990,A,주의,0.0,19.71,0.0,0.0,-5.44653349001175,-14.68860164512339,33.7,적자/무실적,고PBR(3+),무배당
2023-04-25,004360,A,주의,19.64,1.14,2342.0,0.43,-5.0,-40.8983451536643,-1.4,중고PER(15~30),중PBR(0.8~1.5),배당<2%
2023-04-26,003380,A,주의,3.88,0.57,4129.0,0.62,-5.098748230714801,-17.515923566878968,12.4,저PER(<8),저PBR(<0.8),배당<2%
2023-04-26,011930,A,주의,0.0,1.78,0.0,0.0,7.073170731707321,1.7073170731707301,50.5,적자/무실적,중고PBR(1.5~3),무배당
2023-04-27,322000,A,주의,0.0,1.85,0.0,0.0,-5.0,-16.99346405228757,1.2,적자/무실적,중고PBR(1.5~3),무배당
2023-04-28,003620,A,주의,0.0,0.0,0.0,0.0,-6.26917510853835,-47.32272069464543,6.5,적자/무실적,,무배당
2023-05-10,033640,A,주의,0.0,2.62,0.0,0.0,7.303370786516861,8.98876404494382,32.9,적자/무실적,중고PBR(1.5~3),무배당
2023-05-22,010580,A,관찰만,0.0,5.61,0.0,0.0,-7.79411764705881,-5.88235294117647,16.7,적자/무실적,고PBR(3+),무배당
2023-06-08,052020,A,관찰만,0.0,18.35,0.0,0.0,-8.442330558858501,-19.500594530321038,4.0,적자/무실적,고PBR(3+),무배당
2023-06-26,008730,A,관찰만,0.0,2.64,0.0,0.7,9.28338762214984,3.2573289902280105,27.0,적자/무실적,중고PBR(1.5~3),배당<2%
2023-07-06,036810,A,관찰만,9.72,1.75,2242.0,0.46,13.53223228556206,20.93766648907831,58.8,중PER(8~15),중고PBR(1.5~3),배당<2%
2023-07-07,014680,A,관찰만,17.02,3.42,14099.0,0.88,7.14285714285714,-17.384987893462462,15.3,중고PER(15~30),고PBR(3+),배당<2%
2023-07-13,006220,A,관찰만,21.62,0.85,636.0,0.73,-7.569737954353339,-26.71174978867286,4.0,중고PER(15~30),중PBR(0.8~1.5),배당<2%
2023-07-18,182400,A,관찰만,0.0,6.74,0.0,0.0,-4.50513950073422,8.00293685756239,24.1,적자/무실적,고PBR(3+),무배당
2023-07-19,003920,A,관찰만,0.0,0.62,0.0,0.19,-5.902612826603311,9.50118764845606,53.2,적자/무실적,저PBR(<0.8),배당<2%
2023-07-26,091810,A,관찰만,0.0,10.53,0.0,0.0,9.32539682539681,-9.52380952380952,29.0,적자/무실적,고PBR(3+),무배당
2023-07-26,402030,A,관찰만,0.0,9.53,0.0,0.0,13.967971530249109,42.34875444839858,72.4,적자/무실적,고PBR(3+),무배당
2023-07-26,101670,A,관찰만,0.0,11.23,0.0,0.0,10.88235294117647,-44.70588235294117,23.5,적자/무실적,고PBR(3+),무배당
2023-07-27,066970,A,관찰만,29.39,6.32,8269.0,0.21,8.15899581589958,-24.43514644351464,10.3,중고PER(15~30),고PBR(3+),배당<2%
2023-07-27,101670,A,관찰만,0.0,11.23,0.0,0.0,-11.29629629629629,-46.19883040935673,22.4,적자/무실적,고PBR(3+),무배당
2023-07-27,101360,A,관찰만,6364.29,5.83,7.0,0.0,-3.9183673469387696,-10.05830903790087,10.5,고PER(30+),고PBR(3+),무배당
2023-08-04,068240,A,관찰만,0.0,2.33,0.0,0.0,7.654145995747689,14.8830616583983,33.9,적자/무실적,중고PBR(1.5~3),무배당
2023-08-04,217820,A,관찰만,8390.0,2.82,1.0,0.0,18.02721088435375,-23.69614512471655,82.3,고PER(30+),중고PBR(1.5~3),무배당
2023-08-07,225570,A,관찰만,195.45,5.78,110.0,0.0,-7.0234463276836205,-15.48022598870057,5.2,고PER(30+),고PBR(3+),무배당
2023-08-07,048410,A,관찰만,0.0,16.93,0.0,0.0,10.25917926565873,21.59827213822893,78.0,적자/무실적,고PBR(3+),무배당
2023-08-08,101670,A,관찰만,0.0,10.15,0.0,0.0,-7.105304518664051,-49.90176817288801,4.3,적자/무실적,고PBR(3+),무배당
2023-08-09,217820,A,관찰만,8390.0,2.82,1.0,0.0,7.285546415981201,-19.15393654524089,89.0,고PER(30+),중고PBR(1.5~3),무배당
2023-08-16,073640,A,주의,10.91,4.11,389.0,0.0,-5.0,-13.271028037383182,23.0,중PER(8~15),고PBR(3+),무배당
2023-08-16,068760,A,주의,134.6,9.8,659.0,0.0,-7.9442315879097505,-20.05108556832694,70.2,고PER(30+),고PBR(3+),무배당
2023-08-16,088390,A,주의,22.44,1.58,1609.0,0.0,7.91304347826087,-15.304347826086959,25.2,중고PER(15~30),중고PBR(1.5~3),무배당
2023-08-17,010690,A,주의,8.05,1.67,2254.0,0.55,-6.67080745341615,-16.07142857142857,12.6,중PER(8~15),중고PBR(1.5~3),배당<2%
2023-08-17,145720,A,주의,14.4,3.31,9980.0,0.21,-5.01539708265802,-21.15072933549432,17.7,중PER(8~15),고PBR(3+),배당<2%
2023-08-18,217820,A,주의,8390.0,2.82,1.0,0.0,-0.92517006802721,-19.04761904761904,12.6,고PER(30+),중고PBR(1.5~3),무배당
2023-08-21,074610,A,주의,0.0,6.76,0.0,0.0,7.5581395348837095,-22.59136212624585,39.2,적자/무실적,고PBR(3+),무배당
2023-08-21,217820,A,주의,8390.0,2.82,1.0,0.0,8.77906976744185,-19.99999999999999,15.5,고PER(30+),중고PBR(1.5~3),무배당
2023-08-24,263750,A,관찰만,0.0,4.91,0.0,0.0,9.14567360350493,7.33844468784228,17.4,적자/무실적,고PBR(3+),무배당
2023-08-31,007460,A,관찰만,0.0,2.1,0.0,0.0,-5.98039215686274,-52.57997936016512,1.1,적자/무실적,중고PBR(1.5~3),무배당
2023-09-08,361610,B,관찰만,0.0,2.96,0.0,0.0,-8.184280532043541,-21.76541717049577,6.4,적자/무실적,중고PBR(1.5~3),무배당
2023-09-13,402030,A,관찰만,0.0,10.67,0.0,0.0,9.50354609929078,-5.08911663139132,27.7,적자/무실적,고PBR(3+),무배당
2023-09-14,323990,A,관찰만,0.0,27.42,0.0,0.0,-6.97916666666667,-41.25,1.4,적자/무실적,고PBR(3+),무배당
2023-09-15,095660,A,관찰만,56.4,1.62,625.0,0.0,-6.44137931034483,-24.137931034482758,2.3,고PER(30+),중고PBR(1.5~3),무배당
2023-09-18,180640,A,관찰만,4.38,1.21,10143.0,0.38,11.837455830388679,24.61719670200235,105.9,저PER(<8),중PBR(0.8~1.5),배당<2%
2023-09-19,217270,A,관찰만,0.0,1.17,0.0,0.0,-6.2864583333333295,-18.75,1.0,적자/무실적,중PBR(0.8~1.5),무배당
2023-09-19,035420,B,관찰만,42.84,1.41,5007.0,0.43,-9.58009111617312,-6.83371298405467,7.3,고PER(30+),중PBR(0.8~1.5),배당<2%
2023-09-22,126340,A,주의,26.26,5.02,2098.0,0.0,-5.916988416988421,-9.74903474903474,3.1,중고PER(15~30),고PBR(3+),무배당
2023-09-22,122870,A,주의,44.58,3.68,1828.0,0.31,-7.897213855421691,-16.71686746987951,3.6,고PER(30+),고PBR(3+),배당<2%
2023-09-25,151860,A,주의,1.14,0.68,13572.0,0.97,-5.0,-6.403940886699511,12.5,저PER(<8),저PBR(<0.8),배당<2%
2023-09-25,042660,B,주의,0.0,5.52,0.0,0.0,-9.57600644122383,-24.79871175523349,2.6,적자/무실적,고PBR(3+),무배당
2023-09-25,402030,A,주의,0.0,10.67,0.0,0.0,7.55395683453237,-8.27620626012278,20.2,적자/무실적,고PBR(3+),무배당
2023-10-05,009540,B,주의,0.0,0.81,0.0,0.0,-9.15902912621359,8.05825242718447,25.2,적자/무실적,중PBR(0.8~1.5),무배당
2023-10-05,297090,A,주의,0.0,3.53,0.0,0.0,7.24346076458752,-4.72837022132797,17.3,적자/무실적,고PBR(3+),무배당
2023-10-06,000150,A,주의,0.0,1.13,0.0,1.77,-5.53916004540294,1.2485811577752601,102.3,적자/무실적,중PBR(0.8~1.5),배당<2%
2023-10-16,310210,A,주의,0.0,23.31,0.0,0.0,-6.0376213592233,-4.85436893203883,34.7,적자/무실적,고PBR(3+),무배당
2023-10-16,247540,B,주의,87.82,18.12,2881.0,0.18,-6.232,31.546391752577318,46.0,고PER(30+),고PBR(3+),배당<2%
2023-10-19,039200,A,실행,0.0,9.03,0.0,0.0,-2.26923076923076,-1.20192307692307,51.0,적자/무실적,고PBR(3+),무배당
2023-10-19,000100,A,실행,57.04,2.72,1329.0,0.53,-5.3558631921824,4.56026058631922,35.8,고PER(30+),중고PBR(1.5~3),배당<2%
2023-10-20,016380,A,주의,1.47,0.47,5357.0,1.9,-5.23749999999999,4.62499999999999,15.0,저PER(<8),저PBR(<0.8),배당<2%
2023-10-20,241560,A,주의,7.94,1.02,6421.0,2.65,-5.89184397163121,5.93505039193729,28.3,저PER(<8),중PBR(0.8~1.5),배당2%+
2023-10-23,001060,A,주의,28.78,3.85,1331.0,0.98,-5.7378277153558,35.3932584269663,45.9,중고PER(15~30),고PBR(3+),배당<2%
2023-10-26,137400,A,실행,22.78,5.67,2704.0,0.16,-5.37328094302553,0.39292730844793,14.1,중고PER(15~30),고PBR(3+),배당<2%
2023-10-26,299030,A,실행,533.65,11.1,208.0,0.0,-5.91724137931034,-3.3103448275862,13.2,고PER(30+),고PBR(3+),무배당
2023-10-26,121600,A,실행,73.99,8.08,1811.0,0.19,7.186411149825781,10.01742160278744,37.5,고PER(30+),고PBR(3+),배당<2%
2023-10-26,247540,A,실행,87.82,18.12,2881.0,0.18,-5.57114228456914,53.30661322645292,77.4,고PER(30+),고PBR(3+),배당<2%
2023-10-27,403550,A,실행,0.0,1.6,0.0,0.0,-6.585290482076631,-6.18046971569838,39.4,적자/무실적,중고PBR(1.5~3),무배당
2023-10-27,086520,B,실행,629.63,17.74,1431.0,0.06,-6.81889763779527,5.19685039370079,46.1,고PER(30+),고PBR(3+),배당<2%
2023-10-27,054950,A,실행,20.39,2.03,1368.0,1.08,11.98347107438015,8.4710743801653,35.5,중고PER(15~30),중고PBR(1.5~3),배당<2%
2023-10-30,270520,A,실행,0.0,8.93,0.0,0.0,-6.03906250000001,-19.84054438350601,31.5,적자/무실적,고PBR(3+),무배당
2023-10-31,307950,A,실행,31.3,2.41,4154.0,0.88,9.1923076923077,62.69230769230769,66.2,고PER(30+),중고PBR(1.5~3),배당<2%
2023-11-01,114190,A,실행,137.88,14.71,132.0,0.0,7.35468564650059,6.1684460260972696,30.2,고PER(30+),고PBR(3+),무배당
2023-11-01,270520,A,실행,0.0,6.86,0.0,0.0,9.097127222982209,-10.38296190888242,55.4,적자/무실적,고PBR(3+),무배당
2023-11-08,383310,A,실행,27.22,10.15,2116.0,1.04,-6.15326251896813,2.12443095599392,50.5,중고PER(15~30),고PBR(3+),배당<2%
2023-11-08,005420,A,실행,94.98,5.19,329.0,0.0,-5.2602739726027306,3.6986301369863,14.8,고PER(30+),고PBR(3+),무배당
2023-11-08,005490,B,실행,9.93,0.59,41456.0,2.92,2.84775465498356,2.84775465498356,11.3,중PER(8~15),저PBR(<0.8),배당2%+
2023-11-08,079810,A,실행,0.0,12.43,0.0,0.0,-5.2981682348841295,-25.24830109775222,1.4,적자/무실적,고PBR(3+),무배당
2023-11-08,042600,A,실행,3.38,1.53,7365.0,0.0,-5.84821428571428,17.32142857142857,22.5,저PER(<8),중고PBR(1.5~3),무배당
2023-11-08,003670,A,실행,154.88,7.41,1527.0,0.13,-7.15069444444446,10.16666666666665,27.3,고PER(30+),고PBR(3+),배당<2%
2023-11-08,281740,A,실행,27.45,8.61,411.0,0.0,-5.0,59.15611814345991,179.3,중고PER(15~30),고PBR(3+),무배당
2023-11-08,247540,B,실행,68.1,14.05,2881.0,0.23,-7.05084148727984,23.48336594911937,38.6,고PER(30+),고PBR(3+),배당<2%
2023-11-09,086520,B,실행,433.26,12.21,1431.0,0.08,-7.6730315500685595,-13.0315500685871,8.2,고PER(30+),고PBR(3+),배당<2%
2023-11-09,247540,B,실행,68.1,14.05,2881.0,0.23,-4.432555331991949,22.33400402414487,42.5,고PER(30+),고PBR(3+),배당<2%
2023-11-10,263750,A,실행,0.0,4.32,0.0,0.0,-7.29047072330654,-14.35132032146957,-0.5,적자/무실적,고PBR(3+),무배당
2023-11-13,161890,A,실행,0.0,1.85,0.0,0.93,9.192348565356,15.83421891604675,22.6,적자/무실적,중고PBR(1.5~3),배당<2%
2023-11-13,086520,B,실행,433.26,12.21,1431.0,0.08,-2.52180232558139,-5.66860465116277,14.7,고PER(30+),고PBR(3+),배당<2%
2023-11-17,086520,B,실행,433.26,12.21,1431.0,0.08,-5.57142857142857,-12.37113402061855,10.2,고PER(30+),고PBR(3+),배당<2%
2023-11-21,003690,A,실행,7.84,0.39,1132.0,4.85,-5.58246977547496,-9.84455958549223,10.8,저PER(<8),저PBR(<0.8),배당2%+
2023-11-23,086520,B,실행,433.26,12.21,1431.0,0.08,-4.25837837837836,-27.738264580369847,6.4,고PER(30+),고PBR(3+),배당<2%
2023-12-05,101490,A,주의,60.38,5.54,838.0,0.3,7.87089467723669,-4.98301245753114,11.9,고PER(30+),고PBR(3+),배당<2%
2023-12-07,009540,B,주의,0.0,0.81,0.0,0.0,9.95433789954338,9.95433789954338,27.4,적자/무실적,중PBR(0.8~1.5),무배당
2023-12-15,299900,A,관찰만,0.0,2.75,0.0,0.0,13.737796373779629,-16.87587168758717,23.8,적자/무실적,중고PBR(1.5~3),무배당
2023-12-22,299900,A,관찰만,0.0,2.75,0.0,0.0,-6.02702702702703,-21.486486486486488,20.0,적자/무실적,중고PBR(1.5~3),무배당
2023-12-26,194480,A,관찰만,0.0,2.89,0.0,0.0,7.799145299145289,-13.034188034188029,63.0,적자/무실적,중고PBR(1.5~3),무배당
2023-12-26,259960,A,관찰만,19.97,1.95,10666.0,0.0,7.11920529801324,20.03311258278146,65.0,중고PER(15~30),중고PBR(1.5~3),무배당
2023-12-28,003120,A,관찰만,1.67,0.39,14122.0,16.93,-5.5764554220595,-2.11416490486258,8.5,저PER(<8),저PBR(<0.8),배당2%+
2024-01-03,097230,A,관찰만,0.0,0.96,0.0,0.0,-5.76436781609195,-10.47254150702426,1.5,적자/무실적,중PBR(0.8~1.5),무배당
2024-01-03,001570,B,관찰만,0.0,49.91,0.0,0.0,-8.56350961538462,-3.4615384615384603,28.9,적자/무실적,고PBR(3+),무배당
2024-01-04,009540,B,관찰만,0.0,0.88,0.0,0.0,8.39285714285713,-1.60714285714286,48.7,적자/무실적,중PBR(0.8~1.5),무배당
2024-01-08,034120,A,관찰만,3.39,0.63,8623.0,3.42,-5.30546623794212,-22.34726688102893,7.1,저PER(<8),저PBR(<0.8),배당2%+
2024-01-09,034120,A,관찰만,3.39,0.63,8623.0,3.42,-5.81196581196581,-17.43589743589744,2.6,저PER(<8),저PBR(<0.8),배당2%+
2024-01-10,247540,B,관찰만,99.97,20.63,2881.0,0.16,-9.20783645655877,-16.52470187393526,6.8,고PER(30+),고PBR(3+),배당<2%
2024-01-15,310210,A,주의,0.0,23.57,0.0,0.0,-6.18480725623582,-11.9047619047619,90.5,적자/무실적,고PBR(3+),무배당
2024-01-22,247540,A,주의,99.97,20.63,2881.0,0.16,-8.62903225806451,11.29032258064515,20.4,고PER(30+),고PBR(3+),배당<2%
2024-01-23,247540,A,주의,99.97,20.63,2881.0,0.16,-6.1780793319415395,15.657620041753658,24.6,고PER(30+),고PBR(3+),배당<2%
2024-01-30,082740,A,주의,0.0,3.16,0.0,0.0,6.98090692124104,17.18377088305489,104.8,적자/무실적,고PBR(3+),무배당
2024-01-30,297890,A,주의,8.1,2.42,653.0,2.84,-5.30158730158729,12.16931216931216,122.2,중PER(8~15),중고PBR(1.5~3),배당2%+
2024-01-30,307950,A,주의,50.91,3.92,4154.0,0.54,-4.252688172043,-3.2258064516128995,22.2,고PER(30+),고PBR(3+),배당<2%
2024-01-30,299900,A,주의,0.0,3.59,0.0,0.0,-5.14797507788161,-22.58566978193146,5.9,적자/무실적,고PBR(3+),무배당
2024-01-31,297890,A,주의,6.58,1.96,653.0,3.49,-6.474418604651159,19.99999999999999,144.2,저PER(<8),중고PBR(1.5~3),배당2%+
2024-02-01,192650,A,관찰만,12.07,1.9,965.0,1.72,6.9043321299639,-5.41516245487364,11.1,중PER(8~15),중고PBR(1.5~3),배당<2%
2024-02-02,289220,A,주의,0.0,2.79,0.0,0.0,-5.07352941176471,-23.06501547987616,4.8,적자/무실적,중고PBR(1.5~3),무배당
2024-02-05,084370,A,주의,24.87,2.89,1697.0,0.64,10.65950920245399,42.63803680981595,84.0,중고PER(15~30),중고PBR(1.5~3),배당<2%
2024-02-06,314930,A,주의,53.96,6.54,910.0,0.0,6.89066059225513,-13.38097705475769,75.0,고PER(30+),고PBR(3+),무배당
2024-02-06,099190,A,주의,41.16,2.32,588.0,1.45,-5.218894009216591,-6.68202764976958,9.4,고PER(30+),중고PBR(1.5~3),배당<2%
2024-02-06,328130,A,주의,0.0,22.53,0.0,0.0,7.67857142857144,1.42857142857142,25.9,적자/무실적,고PBR(3+),무배당
2024-02-07,136480,A,주의,75.85,1.26,47.0,0.56,-4.14673046251993,-4.14673046251993,20.3,고PER(30+),중PBR(0.8~1.5),배당<2%
2024-02-08,136480,A,주의,75.85,1.26,47.0,0.56,-5.09643710191083,-4.93630573248408,20.1,고PER(30+),중PBR(0.8~1.5),배당<2%
2024-02-21,006220,A,관찰만,20.14,0.79,636.0,0.78,-5.97241248097413,13.47031963470319,28.6,중고PER(15~30),저PBR(<0.8),배당<2%
2024-02-28,087010,A,관찰만,0.0,9.38,0.0,0.0,13.548387096774189,21.29032258064516,278.1,적자/무실적,고PBR(3+),무배당
2024-03-05,326030,B,관찰만,0.0,23.97,0.0,0.0,-7.8076923076923,-2.96703296703296,31.3,적자/무실적,고PBR(3+),무배당
2024-03-15,101730,A,관찰만,14.57,5.08,811.0,0.0,7.120500782472609,-19.32707355242566,18.3,중PER(8~15),고PBR(3+),무배당
2024-03-15,006220,A,관찰만,19.01,0.74,636.0,0.83,8.30645161290322,4.67741935483871,36.3,중고PER(15~30),저PBR(<0.8),배당<2%
2024-03-19,001470,A,관찰만,0.0,2.48,0.0,0.0,-5.61290322580645,-31.26881720430108,1.9,적자/무실적,중고PBR(1.5~3),무배당
2024-03-27,235980,A,관찰만,0.0,10.91,0.0,0.0,-5.68840579710144,-33.550724637681164,3.1,적자/무실적,고PBR(3+),무배당
2024-03-28,009540,B,관찰만,0.0,0.81,0.0,0.0,7.32113144758734,11.73044925124791,77.2,적자/무실적,중PBR(0.8~1.5),무배당
2024-03-28,235980,A,관찰만,0.0,10.91,0.0,0.0,-7.68431073876618,-28.94135567402894,4.5,적자/무실적,고PBR(3+),무배당
2024-03-29,008730,A,관찰만,0.0,2.63,0.0,0.71,-6.0749646393210694,-4.10183875530409,20.8,적자/무실적,중고PBR(1.5~3),배당<2%
2024-04-01,008930,A,관찰만,37.92,3.59,1010.0,0.52,-4.67651006711409,-15.302013422818789,8.3,고PER(30+),고PBR(3+),배당<2%
2024-04-03,000100,B,관찰만,60.3,2.87,1272.0,0.52,8.27586206896551,8.27586206896551,126.5,고PER(30+),중고PBR(1.5~3),배당<2%
2024-04-03,019170,A,관찰만,0.0,2.41,0.0,0.0,-6.2,-10.877192982456139,38.6,적자/무실적,중고PBR(1.5~3),무배당
2024-04-03,237690,A,관찰만,92.79,4.95,957.0,0.56,7.242693773824641,22.36340533672172,53.5,고PER(30+),고PBR(3+),배당<2%
2024-04-03,001570,B,관찰만,0.0,52.83,0.0,0.0,-8.68094405594405,-28.321678321678316,4.1,적자/무실적,고PBR(3+),무배당
2024-04-03,007390,A,관찰만,0.0,10.37,0.0,0.0,7.27272727272727,36.606060606060595,62.7,적자/무실적,고PBR(3+),무배당
2024-04-03,360070,A,관찰만,41.71,5.69,1647.0,0.0,-6.998381877022649,-16.34304207119741,6.6,고PER(30+),고PBR(3+),무배당
2024-04-15,112040,A,관찰만,0.0,5.32,0.0,1.25,-5.27642906336088,-17.35537190082644,11.2,적자/무실적,고PBR(3+),배당<2%
2024-04-15,032500,A,관찰만,0.0,2.81,0.0,0.0,7.13276836158192,4.80225988700564,19.1,적자/무실적,중고PBR(1.5~3),무배당
2024-04-16,336370,A,주의,0.0,2.82,0.0,0.59,7.212643678160919,-5.68965517241378,35.1,적자/무실적,중고PBR(1.5~3),배당<2%
2024-04-22,095340,A,관찰만,38.8,6.09,2526.0,0.61,-6.757090012330449,-19.85203452527744,2.5,고PER(30+),고PBR(3+),배당<2%
2024-04-22,064290,A,관찰만,28.26,6.89,1334.0,0.53,-6.260869565217379,-27.424749163879603,6.5,중고PER(15~30),고PBR(3+),배당<2%
2024-04-22,059090,A,관찰만,0.0,2.94,0.0,0.0,6.9813176007866105,86.5290068829892,95.3,적자/무실적,중고PBR(1.5~3),무배당
2024-04-23,287410,A,관찰만,20.89,7.13,381.0,0.0,-5.56521739130435,27.07509881422925,36.4,중고PER(15~30),고PBR(3+),무배당
2024-05-02,101360,A,주의,6321.43,5.8,7.0,0.0,14.97214484679665,48.74651810584958,71.3,고PER(30+),고PBR(3+),무배당
2024-05-07,161390,A,주의,10.45,0.82,5658.0,1.35,0.0,0.0,9.6,중PER(8~15),중PBR(0.8~1.5),배당<2%
2024-05-08,161390,A,주의,10.45,0.82,5658.0,1.35,-1.24858115777525,-1.24858115777525,8.9,중PER(8~15),중PBR(0.8~1.5),배당<2%
2024-05-10,094360,A,주의,42.23,10.65,521.0,0.89,8.68785238339313,18.400820092260382,37.4,고PER(30+),고PBR(3+),배당<2%
2024-05-20,028300,A,주의,0.0,22.14,0.0,0.0,7.4723404255318995,75.53191489361701,108.7,적자/무실적,고PBR(3+),무배당
2024-05-24,180640,A,관찰만,5.9,1.63,10143.0,0.28,8.00344234079173,18.9328743545611,63.3,저PER(<8),중고PBR(1.5~3),배당<2%
2024-05-29,004800,A,관찰만,76.72,0.47,786.0,7.46,-5.15912897822445,-18.17420435510888,1.5,고PER(30+),저PBR(<0.8),배당2%+
2024-05-31,028300,B,관찰만,0.0,15.17,0.0,0.0,-5.3299019607843094,26.1437908496732,60.3,적자/무실적,고PBR(3+),무배당
2024-06-04,094360,A,관찰만,0.0,7.73,0.0,0.0,-6.23913043478261,-23.21739130434782,6.5,적자/무실적,고PBR(3+),무배당
2024-06-14,310210,A,관찰만,0.0,8.67,0.0,0.0,-6.454652532391041,79.5053003533569,196.6,적자/무실적,고PBR(3+),무배당
2024-06-18,114190,A,관찰만,85.42,9.61,168.0,0.0,-8.63636363636363,-36.15098351940456,2.6,고PER(30+),고PBR(3+),무배당
2024-06-21,294090,A,관찰만,0.0,7.19,0.0,0.0,-7.168330955777449,-3.4236804564907297,7.6,적자/무실적,고PBR(3+),무배당
2024-06-27,028300,B,관찰만,0.0,15.17,0.0,0.0,30.49295774647886,34.27230046948357,53.5,적자/무실적,고PBR(3+),무배당
2024-07-01,000400,A,관찰만,3.02,0.72,966.0,0.0,-4.029574861367831,0.18484288354898,10.4,저PER(<8),저PBR(<0.8),무배당
2024-07-03,090430,B,관찰만,64.12,2.36,2609.0,0.54,5.2541254125412395,-18.41584158415842,23.8,고PER(30+),중고PBR(1.5~3),배당<2%
2024-07-03,131290,A,관찰만,5463.64,2.19,11.0,0.0,6.90978886756237,-4.99040307101728,12.7,고PER(30+),중고PBR(1.5~3),무배당
2024-07-03,083650,A,관찰만,36.78,4.13,267.0,0.0,9.40533980582525,-3.88349514563106,141.7,고PER(30+),고PBR(3+),무배당
2024-07-04,090430,B,관찰만,64.12,2.36,2609.0,0.54,7.23604572965703,-16.34162743779421,26.2,고PER(30+),중고PBR(1.5~3),배당<2%
2024-07-04,035760,A,관찰만,0.0,0.54,0.0,0.0,10.13024602026049,5.0651230101302405,15.6,적자/무실적,저PBR(<0.8),무배당
2024-07-16,101360,A,관찰만,0.0,6.2,0.0,0.0,-9.67141119221411,-18.24817518248175,17.4,적자/무실적,고PBR(3+),무배당
2024-07-19,294090,A,관찰만,0.0,7.37,0.0,0.0,-6.15853658536585,-42.27642276422764,15.2,적자/무실적,고PBR(3+),무배당
2024-07-23,027360,A,관찰만,21.81,1.41,141.0,1.63,-5.0,-22.035225048923678,35.2,중고PER(15~30),중PBR(0.8~1.5),배당<2%
2024-07-25,138580,A,주의,30.41,4.45,462.0,0.0,7.065637065637071,22.39382239382239,24.7,고PER(30+),고PBR(3+),무배당
2024-07-25,389020,A,주의,0.0,12.69,0.0,0.0,-5.41214750542299,-23.86117136659435,22.3,적자/무실적,고PBR(3+),무배당
2024-07-26,290690,A,주의,0.0,4.96,0.0,0.0,7.27699530516432,-21.03286384976526,32.4,적자/무실적,고PBR(3+),무배당
2024-07-26,039030,A,주의,61.76,4.07,3026.0,0.24,-5.221962616822419,-6.36682242990653,8.6,고PER(30+),고PBR(3+),배당<2%
2024-07-26,011070,B,주의,11.39,1.37,23884.0,0.96,-9.50723938223938,-11.389961389961389,8.7,중PER(8~15),중PBR(0.8~1.5),배당<2%
2024-07-31,067160,A,관찰만,15.06,3.81,6874.0,0.82,-5.62415458937197,-4.25120772946859,31.3,중고PER(15~30),고PBR(3+),배당<2%
2024-08-01,067160,A,관찰만,15.06,3.81,6874.0,0.82,-7.50253292806484,1.7223910840932202,37.7,중고PER(15~30),고PBR(3+),배당<2%
2024-08-02,068760,A,실행,195.33,11.02,514.0,0.0,-5.56682577565632,-17.18377088305489,1.0,고PER(30+),고PBR(3+),무배당
2024-08-02,049770,A,실행,7.38,0.83,5641.0,1.92,-8.03274215552524,-12.005457025920869,-0.1,저PER(<8),중PBR(0.8~1.5),배당<2%
2024-08-05,192820,A,실행,30.76,4.85,5036.0,0.32,-4.00615858352578,6.774441878367971,33.9,고PER(30+),고PBR(3+),배당<2%
2024-08-05,267270,A,실행,7.77,0.69,7659.0,1.18,7.8336557059961205,3.67504835589942,77.0,저PER(<8),저PBR(<0.8),배당<2%
2024-08-05,108670,A,실행,7.58,0.56,6186.0,3.62,-5.13011152416357,5.94795539033456,7.8,저PER(<8),저PBR(<0.8),배당2%+
2024-08-05,042660,A,실행,41.51,2.17,736.0,0.0,10.48237476808906,14.471243042671619,200.2,고PER(30+),중고PBR(1.5~3),무배당
2024-08-05,069620,A,실행,11.69,1.87,10656.0,0.48,7.8125,27.85714285714284,46.8,중PER(8~15),중고PBR(1.5~3),배당<2%
2024-08-05,171090,A,실행,0.0,5.34,0.0,0.0,15.537555228276858,51.104565537555224,73.2,적자/무실적,고PBR(3+),무배당
2024-08-05,263750,A,실행,170.97,3.59,248.0,0.0,7.019867549668871,3.17880794701985,22.3,고PER(30+),고PBR(3+),무배당
2024-08-05,004490,A,실행,10.36,0.93,8888.0,0.76,9.39119170984454,1.03626943005181,42.0,중PER(8~15),중PBR(0.8~1.5),배당<2%
2024-08-05,253590,A,실행,60.41,6.3,219.0,0.23,0.25779625779625,17.77546777546776,37.7,고PER(30+),고PBR(3+),배당<2%
2024-08-05,178320,A,실행,0.0,2.02,0.0,0.0,9.78021978021979,31.86813186813186,39.6,적자/무실적,중고PBR(1.5~3),무배당
2024-08-05,034020,A,실행,216.44,1.69,87.0,0.0,8.98486759142496,15.82597730138712,81.0,고PER(30+),중고PBR(1.5~3),무배당
2024-08-05,001120,A,실행,9.45,0.49,3255.0,3.9,7.992565055762089,8.550185873605939,22.7,중PER(8~15),저PBR(<0.8),배당2%+
2024-08-05,006260,A,실행,7.29,0.67,15881.0,1.38,10.13039117352057,24.2728184553661,30.9,저PER(<8),저PBR(<0.8),배당<2%
2024-08-05,194480,A,실행,0.0,3.98,0.0,0.0,8.99532710280373,-8.76168224299065,12.7,적자/무실적,고PBR(3+),무배당
2024-08-05,000500,A,실행,14.43,0.9,2907.0,0.0,17.28395061728396,17.90123456790122,114.8,중PER(8~15),중PBR(0.8~1.5),무배당
2024-08-05,009450,A,실행,9.98,1.42,5753.0,0.96,7.35009671179884,37.137330754352035,108.3,중PER(8~15),중PBR(0.8~1.5),배당<2%
2024-08-05,166480,A,실행,0.0,11.67,0.0,0.0,7.72921108742004,49.25373134328359,66.4,적자/무실적,고PBR(3+),무배당
2024-08-05,319660,A,실행,17.29,2.31,1813.0,0.64,11.1003861003861,-11.19691119691119,23.6,중고PER(15~30),중고PBR(1.5~3),배당<2%
2024-08-05,052690,A,실행,88.69,5.29,858.0,0.68,9.63665086887834,4.58135860979462,19.9,고PER(30+),고PBR(3+),배당<2%
2024-08-05,049770,A,실행,7.38,0.83,5641.0,1.92,-5.92477876106194,-5.014749262536871,5.6,저PER(<8),중PBR(0.8~1.5),배당<2%
2024-08-05,000150,A,실행,0.0,1.92,0.0,1.14,15.339578454332559,33.02107728337236,170.5,적자/무실적,중고PBR(1.5~3),배당<2%
2024-08-05,161580,A,실행,0.0,2.49,0.0,13.95,14.537755822159479,45.377558221594924,259.2,적자/무실적,중고PBR(1.5~3),배당2%+
2024-08-05,183300,A,실행,24.22,3.71,3096.0,0.53,10.308441558441551,-5.84415584415584,24.7,중고PER(15~30),고PBR(3+),배당<2%
2024-08-05,256840,A,실행,16.88,2.07,388.0,0.0,12.6937984496124,9.883720930232549,37.2,중고PER(15~30),중고PBR(1.5~3),무배당
2024-08-05,084370,A,실행,41.67,2.95,1099.0,0.44,10.6958762886598,-1.67525773195876,34.8,고PER(30+),중고PBR(1.5~3),배당<2%
2024-08-05,335890,A,실행,27.54,10.28,370.0,0.18,13.1350681536555,5.7001239157373,30.0,중고PER(15~30),고PBR(3+),배당<2%
2024-08-05,084110,A,실행,7.96,0.61,3134.0,2.1,8.07962529274004,52.22482435597189,128.3,저PER(<8),저PBR(<0.8),배당2%+
2024-08-05,114810,A,실행,146.62,2.05,77.0,0.0,9.6234309623431,-16.31799163179916,14.0,고PER(30+),중고PBR(1.5~3),무배당
2024-08-05,000660,A,실행,0.0,2.5,0.0,0.62,11.91543882126842,14.02946828955797,45.4,적자/무실적,중고PBR(1.5~3),배당<2%
2024-08-05,137400,A,실행,17.35,3.01,3136.0,0.0,8.028455284552841,25.60975609756097,30.3,중고PER(15~30),고PBR(3+),무배당
2024-08-05,388720,A,실행,0.0,6.93,0.0,0.0,7.69230769230768,64.52991452991452,123.5,적자/무실적,고PBR(3+),무배당
2024-08-05,298040,A,실행,24.97,2.68,12455.0,0.8,13.09523809523809,44.24603174603174,117.9,중고PER(15~30),중고PBR(1.5~3),배당<2%
2024-08-05,237690,A,실행,85.69,4.36,1041.0,0.56,9.56873315363882,44.87870619946092,62.8,고PER(30+),고PBR(3+),배당<2%
2024-08-05,000400,A,실행,2.92,0.7,966.0,0.0,7.12890625,-12.6953125,12.7,저PER(<8),저PBR(<0.8),무배당
2024-08-05,007460,A,실행,0.0,2.64,0.0,0.0,8.656716417910431,-13.80597014925374,33.9,적자/무실적,중고PBR(1.5~3),무배당
2024-08-05,018310,A,실행,2.48,0.52,8474.0,1.43,11.078717201166171,49.85422740524781,68.8,저PER(<8),저PBR(<0.8),배당<2%
2024-08-05,078150,A,실행,3.45,0.97,983.0,0.59,-0.77298311444652,-3.00187617260787,15.8,저PER(<8),중PBR(0.8~1.5),배당<2%
2024-08-05,103140,A,실행,10.2,0.81,5727.0,2.05,8.90688259109311,34.008097165991906,49.8,중PER(8~15),중PBR(0.8~1.5),배당2%+
2024-08-05,007660,A,실행,59.8,10.7,755.0,0.22,16.315789473684212,11.12781954887218,39.8,고PER(30+),고PBR(3+),배당<2%
2024-08-05,041190,A,실행,5.39,1.26,1566.0,0.0,13.517665130568348,8.29493087557604,90.0,저PER(<8),중PBR(0.8~1.5),무배당
2024-08-05,031330,A,실행,10.52,0.92,336.0,5.66,6.84039087947883,6.02605863192182,17.3,중PER(8~15),중PBR(0.8~1.5),배당2%+
2024-08-05,036830,A,실행,12.41,0.91,4406.0,0.37,11.33032694475761,33.70913190529876,36.6,중PER(8~15),중PBR(0.8~1.5),배당<2%
2024-08-05,031980,A,실행,26.03,3.38,2055.0,1.12,14.01468788249693,16.64626682986536,50.6,중고PER(15~30),고PBR(3+),배당<2%
2024-08-05,017810,A,실행,54.75,1.62,255.0,0.73,8.221476510067099,-12.16442953020133,15.3,고PER(30+),중고PBR(1.5~3),배당<2%
2024-08-05,011070,A,실행,10.72,1.28,23884.0,1.02,8.9655172413793,-6.20689655172413,29.4,중PER(8~15),중PBR(0.8~1.5),배당<2%
2024-08-05,017960,A,실행,0.0,1.33,0.0,0.89,8.504672897196249,2.24299065420561,39.6,적자/무실적,중PBR(0.8~1.5),배당<2%
2024-08-05,138040,B,실행,7.66,1.67,11020.0,2.8,16.37583892617449,32.88590604026846,60.4,저PER(<8),중고PBR(1.5~3),배당2%+
2024-08-05,036810,A,실행,0.0,2.44,0.0,0.17,16.631578947368418,-11.78947368421052,31.4,적자/무실적,중고PBR(1.5~3),배당<2%
2024-08-05,001440,A,실행,26.57,2.0,519.0,0.0,10.44905008635579,7.8583765112262505,24.7,중고PER(15~30),중고PBR(1.5~3),무배당
2024-08-05,003090,A,실행,5.82,0.94,3692.0,0.47,7.550158394931359,28.82787750791975,48.4,저PER(<8),중PBR(0.8~1.5),배당<2%
2024-08-05,348370,A,실행,0.0,11.39,0.0,0.0,-4.4089456869009505,30.35143769968051,42.8,적자/무실적,고PBR(3+),무배당
2024-08-05,281820,A,실행,27.78,1.95,1562.0,0.41,12.14177978883861,5.12820512820513,24.3,중고PER(15~30),중고PBR(1.5~3),배당<2%
2024-08-05,042700,A,실행,47.66,22.33,2753.0,0.32,12.03703703703704,4.6783625730994105,26.5,고PER(30+),고PBR(3+),배당<2%
2024-08-05,014830,A,실행,35.18,0.63,2450.0,1.86,7.13375796178343,0.38216560509554004,11.8,고PER(30+),저PBR(<0.8),배당<2%
2024-08-05,000210,A,실행,0.0,0.33,0.0,1.78,-8.02103049421661,-7.57097791798107,4.5,적자/무실적,저PBR(<0.8),배당<2%
2024-08-05,334970,A,실행,0.0,3.35,0.0,0.0,7.35930735930736,29.220779220779207,69.5,적자/무실적,고PBR(3+),무배당
2024-08-05,314930,A,실행,0.0,10.16,0.0,0.0,13.484486873508361,75.01988862370723,92.5,적자/무실적,고PBR(3+),무배당
2024-08-05,014820,A,실행,19.64,1.63,2194.0,1.39,12.63157894736841,33.157894736842096,42.6,중고PER(15~30),중고PBR(1.5~3),배당<2%
2024-08-05,038500,A,실행,11.41,0.55,315.0,2.78,10.44142614601018,2.8862478777589002,18.8,중PER(8~15),저PBR(<0.8),배당2%+
2024-08-05,071050,A,실행,6.05,0.51,12100.0,3.62,7.29984301412873,12.71585557299843,27.9,저PER(<8),저PBR(<0.8),배당2%+
2024-08-05,001200,A,실행,14.12,0.43,334.0,1.27,12.8188775510204,7.39795918367347,30.4,중PER(8~15),저PBR(<0.8),배당<2%
2024-08-05,237880,A,실행,22.24,2.84,1560.0,1.15,6.960000000000011,-11.04,9.4,중고PER(15~30),중고PBR(1.5~3),배당<2%
2024-08-05,099320,A,실행,8.9,2.14,4784.0,0.35,9.25414364640884,3.1767955801105003,51.9,중PER(8~15),중고PBR(1.5~3),배당<2%
2024-08-05,003530,A,실행,89.64,0.52,42.0,0.0,11.74496644295302,10.570469798657719,56.9,고PER(30+),저PBR(<0.8),무배당
2024-08-05,009150,A,실행,28.52,1.54,5597.0,0.72,-5.31403762662807,-6.07814761215629,8.4,중고PER(15~30),중고PBR(1.5~3),배당<2%
2024-08-05,145990,A,실행,4.65,0.33,10647.0,3.54,7.358053302433371,15.758980301274619,29.5,저PER(<8),저PBR(<0.8),배당2%+
2024-08-05,009420,A,실행,513.04,9.64,69.0,0.0,7.16612377850163,26.38436482084689,69.4,고PER(30+),고PBR(3+),무배당
2024-08-05,005935,A,실행,0.0,0.0,0.0,2.23,7.75401069518717,-11.05169340463457,15.3,적자/무실적,,배당2%+
2024-08-05,011790,A,실행,0.0,3.29,0.0,0.0,11.17440841367221,34.794040315512696,58.6,적자/무실적,고PBR(3+),무배당
2024-08-06,009240,A,실행,0.0,3.07,0.0,7.1,6.92883895131086,-3.55805243445692,12.9,적자/무실적,고PBR(3+),배당2%+
2024-08-06,084370,A,실행,41.67,2.95,1099.0,0.44,7.49354005167959,-3.8759689922480502,35.1,고PER(30+),중고PBR(1.5~3),배당<2%
2024-08-06,042700,B,실행,47.66,22.33,2753.0,0.32,-4.87509293680298,2.88104089219329,20.6,고PER(30+),고PBR(3+),배당<2%
2024-08-06,138040,B,실행,7.66,1.67,11020.0,2.8,14.37994722955144,31.92612137203166,59.8,저PER(<8),중고PBR(1.5~3),배당2%+
2024-08-08,090435,A,실행,0.0,0.0,0.0,1.76,14.92329149232913,-1.81311018131101,15.2,적자/무실적,,배당<2%
2024-08-16,003280,A,실행,17.01,3.5,142.0,0.0,-5.2,-15.36842105263157,6.7,중고PER(15~30),고PBR(3+),무배당
2024-08-16,032830,B,실행,9.14,0.41,10554.0,3.83,12.16216216216217,14.639639639639629,25.0,중PER(8~15),저PBR(<0.8),배당2%+
2024-08-19,005180,A,실행,9.21,1.24,9751.0,2.9,-6.89165446559296,-7.759882869692531,42.8,중PER(8~15),중PBR(0.8~1.5),배당2%+
2024-08-19,026890,A,실행,13.26,1.45,754.0,2.5,-6.13333333333333,-2.61904761904762,13.0,중PER(8~15),중PBR(0.8~1.5),배당2%+
2024-08-20,290690,A,실행,0.0,5.08,0.0,0.0,-5.36018957345971,-11.469194312796201,3.8,적자/무실적,고PBR(3+),무배당
2024-08-26,249420,A,실행,0.0,2.29,0.0,0.0,-7.29981378026071,-15.33209186840471,3.0,적자/무실적,중고PBR(1.5~3),무배당
2024-08-27,263750,A,실행,170.97,3.59,248.0,0.0,-5.67090395480226,9.46327683615819,14.8,고PER(30+),고PBR(3+),무배당
2024-09-04,090460,A,실행,8.33,1.18,2863.0,1.05,-5.98762376237623,-20.49504950495049,5.2,중PER(8~15),중PBR(0.8~1.5),배당<2%
2024-09-04,011070,A,실행,11.64,1.4,23884.0,0.94,-6.9595385674931105,-28.057851239669418,3.3,중PER(8~15),중PBR(0.8~1.5),배당<2%
2024-09-05,348370,A,주의,0.0,12.5,0.0,0.0,-5.0,-15.777777777777779,21.9,적자/무실적,고PBR(3+),무배당
2024-09-05,033100,A,주의,15.98,7.22,3510.0,0.89,8.04046858359956,28.8604898828541,36.7,중고PER(15~30),고PBR(3+),배당<2%
2024-09-05,042660,B,주의,46.94,2.46,736.0,0.0,-9.40623052959501,12.772585669781918,171.7,고PER(30+),중고PBR(1.5~3),무배당
2024-09-05,031980,A,주의,25.74,3.34,2055.0,1.13,-7.54701646090536,2.71604938271605,51.9,중고PER(15~30),고PBR(3+),배당<2%
2024-09-05,199800,A,주의,0.0,22.02,0.0,0.0,-5.38444010416666,-7.40131578947368,8.6,적자/무실적,고PBR(3+),무배당
2024-09-06,348370,A,실행,0.0,12.5,0.0,0.0,8.54984894259818,-7.975830815709969,32.6,적자/무실적,고PBR(3+),무배당
2024-09-06,199800,A,실행,0.0,22.02,0.0,0.0,-5.36764705882353,0.0,21.3,적자/무실적,고PBR(3+),무배당
2024-09-09,457190,A,실행,0.0,15.5,0.0,0.0,11.03603603603604,-3.6036036036036,50.5,적자/무실적,고PBR(3+),무배당
2024-09-24,007460,A,주의,0.0,2.67,0.0,0.0,-6.55737704918034,-6.06557377049181,9.3,적자/무실적,중고PBR(1.5~3),무배당
2024-09-30,267250,B,실행,20.44,0.74,3743.0,4.84,2.87581699346404,2.87581699346404,15.3,중고PER(15~30),저PBR(<0.8),배당2%+
2024-10-02,402340,B,실행,0.0,0.72,0.0,0.0,5.65217391304346,-6.01023017902813,36.3,적자/무실적,저PBR(<0.8),무배당
2024-10-10,028300,B,실행,0.0,21.24,0.0,0.0,-5.80539215686274,-10.41666666666666,19.6,적자/무실적,고PBR(3+),무배당
2024-10-14,047920,A,실행,0.0,8.98,0.0,0.0,-7.63503649635036,0.48661800486617,61.8,적자/무실적,고PBR(3+),무배당
2024-10-14,115450,A,실행,0.0,4.53,0.0,0.0,6.86777920410783,28.754813863928106,83.6,적자/무실적,고PBR(3+),무배당
2024-10-14,028300,A,실행,0.0,21.24,0.0,0.0,-6.3970588235294095,6.02941176470588,43.5,적자/무실적,고PBR(3+),무배당
2024-10-16,078600,A,실행,2382.98,10.65,47.0,0.0,-5.97862001943634,-18.95043731778425,16.4,고PER(30+),고PBR(3+),무배당
2024-10-21,042700,A,실행,39.34,18.43,2753.0,0.39,-6.9982758620689705,-17.4384236453202,25.1,고PER(30+),고PBR(3+),배당<2%
2024-10-24,039200,A,실행,0.0,13.4,0.0,0.0,-7.0174326465927095,-22.82091917591124,7.3,적자/무실적,고PBR(3+),무배당
2024-10-25,039200,A,실행,0.0,13.4,0.0,0.0,-5.82752613240418,-16.89895470383275,17.9,적자/무실적,고PBR(3+),무배당
2024-10-31,007660,A,주의,48.21,8.63,755.0,0.27,-7.2184065934065895,-23.35164835164834,22.8,고PER(30+),고PBR(3+),배당<2%
2024-11-01,402340,B,실행,0.0,0.76,0.0,0.0,-2.13349225268176,-5.48271752085816,27.1,적자/무실적,저PBR(<0.8),무배당
2024-11-01,008930,A,실행,28.19,4.11,1694.0,0.42,-1.80413793103447,-18.75862068965517,11.6,중고PER(15~30),고PBR(3+),배당<2%
2024-11-01,007660,A,실행,48.21,8.63,755.0,0.27,-5.949999999999999,-21.85714285714285,27.7,고PER(30+),고PBR(3+),배당<2%
2024-11-05,031980,A,주의,24.72,3.21,2055.0,1.18,-5.21573854660348,2.8436018957346003,45.7,중고PER(15~30),고PBR(3+),배당<2%
2024-11-06,031980,A,주의,24.72,3.21,2055.0,1.18,-6.653539478802021,9.21820303383897,43.5,중고PER(15~30),고PBR(3+),배당<2%
2024-11-06,007160,A,주의,17.49,0.64,3853.0,0.3,-6.07954545454545,-20.45454545454545,-0.7,중고PER(15~30),저PBR(<0.8),배당<2%
2024-11-07,001340,A,주의,54.57,1.97,175.0,0.63,-5.63474387527839,-11.58129175946548,5.1,고PER(30+),중고PBR(1.5~3),배당<2%
2024-11-07,078600,A,주의,2302.13,10.29,47.0,0.0,-7.6965065502183405,-11.35371179039301,30.8,고PER(30+),고PBR(3+),무배당
2024-11-07,101360,A,주의,0.0,5.43,0.0,0.0,-6.33239831697054,-31.276297335203363,4.6,적자/무실적,고PBR(3+),무배당
2024-11-12,241710,A,실행,38.09,5.01,2090.0,0.0,-6.3970588235294095,-17.3202614379085,2.5,고PER(30+),고PBR(3+),무배당
2024-11-12,192820,A,실행,29.96,4.72,5036.0,0.33,-5.2938901778809,13.9984532095901,67.4,중고PER(15~30),고PBR(3+),배당<2%
2024-11-12,033100,A,실행,15.07,6.81,3510.0,0.95,-5.0,5.73593073593072,39.0,중고PER(15~30),고PBR(3+),배당<2%
2024-11-13,010120,A,실행,20.86,2.51,7012.0,1.91,-7.20452937013447,27.10544939844304,114.8,중고PER(15~30),중고PBR(1.5~3),배당<2%
2024-11-13,094480,A,실행,0.0,2.94,0.0,0.53,-8.88194444444444,-8.65497076023391,14.3,적자/무실적,중고PBR(1.5~3),배당<2%
2024-11-13,358570,A,실행,0.0,8.79,0.0,0.0,-5.0,-18.63517060367454,63.9,적자/무실적,고PBR(3+),무배당
2024-11-13,259960,B,실행,25.84,2.75,12812.0,0.0,13.43537414965987,13.43537414965987,33.7,중고PER(15~30),중고PBR(1.5~3),무배당
2024-11-13,033100,A,실행,15.07,6.81,3510.0,0.95,-5.955307262569829,13.96648044692736,43.5,중고PER(15~30),고PBR(3+),배당<2%
2024-11-13,229640,A,실행,201.1,5.71,136.0,0.73,10.51502145922747,55.3648068669528,120.2,고PER(30+),고PBR(3+),배당<2%
2024-11-13,000250,A,실행,0.0,13.96,0.0,0.0,-5.45586975149957,39.417309340188524,82.1,적자/무실적,고PBR(3+),무배당
2024-11-14,000250,A,실행,0.0,13.96,0.0,0.0,-3.6383763837638403,50.83025830258303,96.0,적자/무실적,고PBR(3+),무배당
2024-11-14,317330,A,실행,0.0,3.87,0.0,0.0,-5.151273885350309,9.076433121019111,26.4,적자/무실적,고PBR(3+),무배당
2024-11-14,094480,A,실행,0.0,2.94,0.0,0.53,7.04573547589617,-2.5957972805933203,20.8,적자/무실적,중고PBR(1.5~3),배당<2%
2024-11-15,257720,A,실행,60.54,17.09,631.0,0.0,-9.23351158645275,10.51693404634581,61.9,고PER(30+),고PBR(3+),무배당
2024-11-19,089030,A,실행,0.0,7.35,0.0,0.29,7.8125,43.60119047619046,56.2,적자/무실적,고PBR(3+),배당<2%
2024-11-22,328130,A,실행,0.0,4.85,0.0,0.0,8.63636363636364,20.18181818181819,56.0,적자/무실적,고PBR(3+),무배당
2024-11-28,402340,A,실행,0.0,0.76,0.0,0.0,7.16216216216216,18.37837837837836,88.4,적자/무실적,저PBR(<0.8),무배당
2024-12-05,064350,B,실행,34.31,3.29,1475.0,0.2,-7.910878661087869,64.64435146443515,326.8,고PER(30+),고PBR(3+),배당<2%
2024-12-05,027360,A,실행,19.93,1.29,141.0,1.78,-8.5123611111111,-15.55555555555555,3.3,중고PER(15~30),중PBR(0.8~1.5),배당<2%
2024-12-05,126720,A,실행,6.43,0.63,3414.0,3.64,-5.90249999999999,2.0,42.0,저PER(<8),저PBR(<0.8),배당2%+
2024-12-05,032830,B,실행,10.15,0.45,10554.0,3.45,-9.68965517241379,-11.52709359605911,28.6,중PER(8~15),저PBR(<0.8),배당2%+
2024-12-05,105560,B,실행,8.31,0.64,11580.0,3.18,-1.04895104895105,-1.04895104895105,33.8,중PER(8~15),저PBR(<0.8),배당2%+
2024-12-05,032820,A,실행,67.42,3.31,33.0,0.0,-6.10945127266387,2.77196652719664,106.3,고PER(30+),고PBR(3+),무배당
2024-12-06,041190,A,실행,5.61,1.31,1566.0,0.0,-5.0,-17.35436893203883,28.5,저PER(<8),중PBR(0.8~1.5),무배당
2024-12-06,064350,B,실행,34.31,3.29,1475.0,0.2,-6.8389417989418,66.77248677248677,350.8,고PER(30+),고PBR(3+),배당<2%
2024-12-06,036570,A,실행,22.74,1.48,10446.0,1.32,-5.85536159600997,-10.02493765586034,7.0,중고PER(15~30),중PBR(0.8~1.5),배당<2%
2024-12-06,105560,B,실행,8.31,0.64,11580.0,3.18,-1.28956623681125,-1.28956623681125,34.6,중PER(8~15),저PBR(<0.8),배당2%+
2024-12-06,027360,A,실행,19.93,1.29,141.0,1.78,7.952286282306149,-8.94632206759443,10.9,중고PER(15~30),중PBR(0.8~1.5),배당<2%
2024-12-06,094480,A,실행,0.0,2.93,0.0,0.53,-6.19949494949495,-4.92424242424242,100.5,적자/무실적,중고PBR(1.5~3),배당<2%
2024-12-09,099320,A,실행,9.16,2.2,4784.0,0.34,7.713498622589519,41.32231404958677,66.7,중PER(8~15),중고PBR(1.5~3),배당<2%
2024-12-09,077970,A,실행,114.67,2.04,167.0,0.0,7.14285714285714,63.49206349206349,101.0,고PER(30+),중고PBR(1.5~3),무배당
2024-12-09,112040,A,실행,0.0,5.8,0.0,0.0,-5.35984848484848,4.04040404040404,12.6,적자/무실적,고PBR(3+),무배당
2024-12-09,037270,A,실행,14.26,1.89,340.0,0.0,-0.92791612057667,12.05766710353866,125.4,중PER(8~15),중고PBR(1.5~3),무배당
2024-12-09,012450,B,실행,19.41,4.48,16103.0,0.58,52.32974910394266,86.37992831541219,253.8,중고PER(15~30),고PBR(3+),배당<2%
2024-12-09,053030,A,실행,114.57,2.95,151.0,0.0,8.61372812920591,35.935397039030946,56.5,고PER(30+),중고PBR(1.5~3),무배당
2024-12-09,003530,A,실행,84.17,0.49,42.0,0.0,9.6234309623431,-3.9051603905160297,103.6,고PER(30+),저PBR(<0.8),무배당
2024-12-09,097230,A,실행,0.0,1.11,0.0,0.0,7.531055900621101,122.98136645962731,207.5,적자/무실적,중PBR(0.8~1.5),무배당
2024-12-09,032820,A,실행,67.42,3.31,33.0,0.0,7.729468599033799,20.16908212560386,187.4,고PER(30+),고PBR(3+),무배당
2024-12-09,314930,A,실행,0.0,11.2,0.0,0.0,9.18367346938775,-5.78231292517006,25.4,적자/무실적,고PBR(3+),무배당
2024-12-09,027360,A,실행,19.93,1.29,141.0,1.78,7.93991416309012,2.14592274678111,19.7,중고PER(15~30),중PBR(0.8~1.5),배당<2%
2024-12-09,220100,A,실행,0.0,5.58,0.0,0.0,10.38286826735885,45.03569110966905,72.6,적자/무실적,고PBR(3+),무배당
2024-12-09,334970,A,실행,0.0,3.26,0.0,0.0,12.675296655879182,4.31499460625675,15.9,적자/무실적,고PBR(3+),무배당
2024-12-09,000810,B,실행,9.18,1.04,42777.0,4.08,2.32876712328766,2.32876712328766,27.7,중PER(8~15),중PBR(0.8~1.5),배당2%+
2024-12-09,216080,A,실행,24.89,4.87,783.0,0.0,-4.2304320601127205,-17.04646809584947,8.8,중고PER(15~30),고PBR(3+),무배당
2024-12-10,000810,B,실행,9.18,1.04,42777.0,4.08,-1.510989010989,-1.510989010989,28.0,중PER(8~15),중PBR(0.8~1.5),배당2%+
2024-12-11,089030,A,실행,0.0,5.78,0.0,0.37,7.4044585987261105,34.076433121019114,67.2,적자/무실적,고PBR(3+),배당<2%
2024-12-17,377300,A,실행,1302.63,1.77,19.0,0.0,-5.16156462585034,9.01360544217686,287.8,고PER(30+),중고PBR(1.5~3),무배당
2024-12-17,086280,B,실행,8.69,1.19,14154.0,5.12,10.87902523933854,13.48999129677981,31.4,중PER(8~15),중PBR(0.8~1.5),배당2%+
2024-12-20,196170,B,실행,0.0,100.18,0.0,0.0,42.05776173285198,42.05776173285198,65.9,적자/무실적,고PBR(3+),무배당
2024-12-20,226950,A,실행,0.0,7.12,0.0,0.0,9.49060036385689,216.5554881746513,288.1,적자/무실적,고PBR(3+),무배당
2024-12-20,094480,A,실행,0.0,2.93,0.0,0.53,8.54304635761589,-0.66225165562914,110.3,적자/무실적,중고PBR(1.5~3),배당<2%
2024-12-23,196170,B,실행,0.0,100.18,0.0,0.0,42.05776173285198,42.05776173285198,65.9,적자/무실적,고PBR(3+),무배당
2024-12-30,139480,A,실행,0.0,0.15,0.0,3.15,9.542586750788649,26.65615141955835,60.6,적자/무실적,저PBR(<0.8),배당2%+
2024-12-30,104700,A,실행,4.77,0.38,1756.0,4.77,-7.49403341288782,-3.5799522673030904,20.9,저PER(<8),저PBR(<0.8),배당2%+
2024-12-30,071320,A,실행,2.51,0.23,16508.0,0.0,9.96376811594204,22.22222222222223,124.6,저PER(<8),저PBR(<0.8),무배당
2024-12-30,094170,A,실행,13.59,6.15,1324.0,0.39,10.58921623123958,14.78599221789882,33.1,중PER(8~15),고PBR(3+),배당<2%
2025-01-07,178320,A,실행,0.0,2.0,0.0,0.0,-4.71337579617834,-11.88959660297239,8.3,적자/무실적,중고PBR(1.5~3),무배당
2025-01-08,226950,A,실행,0.0,6.53,0.0,0.0,-5.88327868852459,203.9344262295082,319.7,적자/무실적,고PBR(3+),무배당
2025-02-03,083450,A,실행,9.05,1.43,1985.0,2.78,8.14439140811456,10.14319809069212,39.3,중PER(8~15),중PBR(0.8~1.5),배당2%+
2025-02-03,204270,A,실행,70.42,3.52,311.0,0.0,10.0874935666495,-21.564590838908902,51.3,고PER(30+),고PBR(3+),무배당
2025-02-03,007660,A,실행,51.26,9.17,755.0,0.26,9.70802919708029,5.83941605839415,98.5,고PER(30+),고PBR(3+),배당<2%
2025-02-03,008730,A,실행,0.0,2.48,0.0,0.82,12.213740458015259,-4.58015267175572,42.0,적자/무실적,중고PBR(1.5~3),배당<2%
2025-02-03,011790,B,실행,0.0,3.78,0.0,0.0,-2.50174216027874,-25.1567944250871,14.7,적자/무실적,고PBR(3+),무배당
2025-02-03,089030,A,실행,0.0,7.49,0.0,0.29,9.42376950780312,-20.168067226890752,16.9,적자/무실적,고PBR(3+),배당<2%
2025-02-03,042700,A,실행,41.12,19.27,2753.0,0.37,6.88679245283019,-34.24528301886792,7.8,고PER(30+),고PBR(3+),배당<2%
2025-02-03,033100,A,실행,15.81,7.14,3510.0,0.9,-6.2653688524590105,-34.01639344262295,0.7,중고PER(15~30),고PBR(3+),배당<2%
2025-02-03,095340,A,실행,89.45,2.9,749.0,0.3,10.24793388429752,-12.89256198347107,30.7,고PER(30+),중고PBR(1.5~3),배당<2%
2025-02-03,025980,A,실행,5.24,0.84,1127.0,0.0,7.431192660550449,5.13761467889908,117.4,저PER(<8),중PBR(0.8~1.5),무배당
2025-02-03,348210,A,실행,18.65,4.62,3088.0,0.87,8.10313075506445,9.20810313075506,17.9,중고PER(15~30),고PBR(3+),배당<2%
2025-02-03,031980,A,실행,26.28,3.41,2055.0,1.11,8.979591836734691,-23.673469387755087,14.1,중고PER(15~30),고PBR(3+),배당<2%
2025-02-03,006260,A,실행,7.47,0.69,15881.0,1.35,7.901907356948221,-5.35876475930972,99.8,저PER(<8),저PBR(<0.8),배당<2%
2025-02-03,003160,A,실행,139.51,2.92,122.0,0.59,9.66277561608301,-9.273670557717251,33.9,고PER(30+),중고PBR(1.5~3),배당<2%
2025-02-04,008730,A,실행,0.0,2.48,0.0,0.82,8.84615384615383,-7.69230769230768,43.1,적자/무실적,중고PBR(1.5~3),배당<2%
2025-02-04,204270,A,실행,70.42,3.52,311.0,0.0,7.875264270613109,-20.19027484143762,55.4,고PER(30+),고PBR(3+),무배당
2025-02-04,031980,A,실행,26.28,3.41,2055.0,1.11,8.18965517241379,-17.7801724137931,20.5,중고PER(15~30),고PBR(3+),배당<2%
2025-02-10,137310,A,실행,0.0,0.49,0.0,0.0,8.23917137476459,-18.26741996233521,27.6,적자/무실적,저PBR(<0.8),무배당
2025-02-12,114840,A,주의,21.08,6.13,1167.0,0.64,11.95899772209567,-12.84738041002278,22.8,중고PER(15~30),고PBR(3+),배당<2%
2025-02-13,259960,A,주의,28.41,3.03,12812.0,0.0,9.14826498422713,18.92744479495267,24.0,중고PER(15~30),고PBR(3+),무배당
2025-02-14,067160,A,주의,11.68,2.96,6874.0,1.06,-5.53023255813953,-24.46511627906976,4.3,중PER(8~15),중고PBR(1.5~3),배당<2%
2025-02-19,091810,A,주의,7.71,5.21,506.0,0.0,-5.6921675774134695,-25.136612021857918,3.5,저PER(<8),고PBR(3+),무배당
2025-02-24,008730,A,주의,0.0,2.48,0.0,0.82,-8.10137457044674,-8.76288659793814,27.7,적자/무실적,중고PBR(1.5~3),배당<2%
2025-02-25,267260,B,주의,56.94,14.08,7200.0,0.24,-8.92855093256814,-14.634146341463412,49.2,고PER(30+),고PBR(3+),배당<2%
2025-02-27,003160,A,주의,139.51,2.92,122.0,0.59,-5.20299145299145,5.41310541310542,24.9,고PER(30+),중고PBR(1.5~3),배당<2%
2025-02-28,007660,A,실행,51.29,9.18,734.0,0.27,-5.0609783089862805,-12.21779548472775,80.6,고PER(30+),고PBR(3+),배당<2%
2025-03-04,281740,A,실행,51.09,11.22,367.0,0.0,-6.2132701421800896,-21.800947867298582,6.6,고PER(30+),고PBR(3+),무배당
2025-03-04,011500,A,실행,24.01,1.83,811.0,0.62,10.0,-10.35294117647058,16.1,중고PER(15~30),중고PBR(1.5~3),배당<2%
2025-03-06,241590,A,주의,0.0,1.18,0.0,0.45,-6.94318181818182,-11.25,2.4,적자/무실적,중PBR(0.8~1.5),배당<2%
2025-03-07,281740,A,주의,51.09,11.22,367.0,0.0,-6.087542087542079,-13.535353535353531,14.3,고PER(30+),고PBR(3+),무배당
2025-03-07,000100,B,주의,67.16,4.43,1815.0,0.37,-1.48864592094196,-7.73759461732548,15.9,고PER(30+),고PBR(3+),배당<2%
2025-03-07,328130,A,주의,0.0,7.47,0.0,0.0,8.26848249027236,1.1673151750972701,18.1,적자/무실적,고PBR(3+),무배당
2025-03-10,000100,B,주의,67.16,4.43,1815.0,0.37,-2.7966804979253,-8.87966804979253,14.4,고PER(30+),고PBR(3+),배당<2%
2025-03-10,086280,B,주의,9.19,1.26,14154.0,4.84,-8.91148281521003,-16.65357423409269,50.6,중PER(8~15),중PBR(0.8~1.5),배당2%+
2025-03-12,010120,B,실행,34.23,4.11,7012.0,1.17,-5.078322385042959,16.22031328954016,68.8,고PER(30+),고PBR(3+),배당<2%
2025-03-18,012510,A,실행,65.16,4.73,1082.0,0.31,-7.30502599653379,-0.8665511265164599,53.2,고PER(30+),고PBR(3+),배당<2%
2025-03-21,304100,A,주의,0.0,4.13,0.0,0.0,7.61363636363636,42.27272727272726,167.7,적자/무실적,고PBR(3+),무배당
2025-03-24,000100,B,주의,67.16,4.43,1815.0,0.37,-6.50367892976588,-12.20735785953177,14.0,고PER(30+),고PBR(3+),배당<2%
2025-03-27,267260,A,실행,45.21,11.18,7200.0,0.31,-8.09583333333334,29.111842105263158,105.3,고PER(30+),고PBR(3+),배당<2%
2025-03-31,080220,A,실행,25.81,2.68,485.0,0.0,7.3083067092651595,6.629392971245999,64.5,중고PER(15~30),중고PBR(1.5~3),무배당
2025-04-01,259960,B,실행,26.11,2.78,12812.0,0.0,14.705882352941169,8.52941176470587,15.6,중고PER(15~30),중고PBR(1.5~3),무배당
2025-04-07,000990,A,실행,6.85,1.03,6241.0,1.36,7.67195767195767,16.534391534391528,61.4,저PER(<8),중PBR(0.8~1.5),배당<2%
2025-04-07,095610,A,실행,243.82,1.27,89.0,2.3,9.225195094760311,33.22185061315497,172.0,고PER(30+),중PBR(0.8~1.5),배당2%+
2025-04-08,323280,A,실행,0.0,20.64,0.0,0.0,17.352259559675538,39.049826187717265,121.3,적자/무실적,고PBR(3+),무배당
2025-04-09,000250,A,실행,0.0,17.03,0.0,0.0,10.99726775956284,11.9535519125683,83.4,적자/무실적,고PBR(3+),무배당
2025-04-16,220100,A,실행,0.0,7.36,0.0,0.0,-5.63139059304703,-19.22290388548057,26.5,적자/무실적,고PBR(3+),무배당
2025-04-22,053800,A,실행,18.06,2.3,4125.0,1.74,6.956521739130429,1.88405797101449,12.2,중고PER(15~30),중고PBR(1.5~3),배당<2%
2025-04-28,196170,B,실행,0.0,127.37,0.0,0.0,-9.73837535014006,4.20168067226891,57.7,적자/무실적,고PBR(3+),무배당
2025-04-28,195940,A,실행,20.89,0.82,1666.0,1.01,9.41676792223571,4.0097205346294,29.0,중고PER(15~30),중PBR(0.8~1.5),배당<2%
2025-05-07,130660,A,실행,26.51,3.97,476.0,2.35,7.2076155938349995,19.22030825022664,54.0,중고PER(15~30),고PBR(3+),배당2%+
2025-05-08,084690,A,실행,18.79,0.53,568.0,2.53,7.2580645161290205,14.83870967741936,28.0,중고PER(15~30),저PBR(<0.8),배당2%+
2025-05-08,001790,A,실행,9.62,0.59,354.0,3.38,-8.6516747703944,2.4311183144246398,10.5,중PER(8~15),저PBR(<0.8),배당2%+
2025-05-09,001790,A,실행,9.62,0.59,354.0,3.38,-5.84879725085911,10.65292096219931,17.2,중PER(8~15),저PBR(<0.8),배당2%+
2025-05-12,023160,A,실행,9.89,1.03,2129.0,0.81,9.16666666666665,12.22222222222222,79.4,중PER(8~15),중PBR(0.8~1.5),배당<2%
2025-05-16,017810,A,주의,57.53,1.7,255.0,0.7,-6.54292343387471,-2.39752513534415,43.0,고PER(30+),중고PBR(1.5~3),배당<2%
2025-05-16,044490,A,주의,8.81,0.59,1707.0,0.0,11.17136659436008,142.588575560376,232.6,중PER(8~15),저PBR(<0.8),무배당
2025-05-26,448280,A,주의,16.14,2.38,1955.0,1.58,-5.292908530318599,40.698869475847886,69.0,중고PER(15~30),중고PBR(1.5~3),배당<2%
2025-05-27,448280,A,주의,16.14,2.38,1955.0,1.58,13.42391304347825,50.10869565217391,78.7,중고PER(15~30),중고PBR(1.5~3),배당<2%
2025-06-05,256840,A,관찰만,28.09,1.65,199.0,0.0,7.51953125,-3.80859375,20.7,중고PER(15~30),중고PBR(1.5~3),무배당
2025-06-17,381970,A,주의,16.55,3.22,912.0,7.62,7.559395248380111,9.3592512598992,23.9,중고PER(15~30),고PBR(3+),배당2%+
2025-06-20,003280,A,관찰만,9.58,1.66,165.0,0.0,9.29570170895908,-11.70378042465044,15.7,중PER(8~15),중고PBR(1.5~3),무배당
2025-06-25,101730,A,관찰만,0.0,1.12,0.0,0.0,-5.34144053117783,-15.70438799076212,6.6,적자/무실적,중PBR(0.8~1.5),무배당
2025-06-25,112040,A,관찰만,4.66,2.05,5604.0,0.0,-8.66080123948651,-22.045152722443557,-1.7,저PER(<8),중고PBR(1.5~3),무배당
2025-06-25,003280,A,관찰만,9.58,1.66,165.0,0.0,12.11699164345403,-6.85236768802228,18.4,중PER(8~15),중고PBR(1.5~3),무배당
2025-06-26,101730,A,주의,0.0,1.12,0.0,0.0,-5.3786407766990205,-12.378640776699019,12.0,적자/무실적,중PBR(0.8~1.5),무배당
2025-06-26,012510,A,주의,25.67,3.01,2170.0,0.86,9.65732087227413,3.89408099688473,55.1,중고PER(15~30),고PBR(3+),배당<2%
2025-07-31,185750,A,관찰만,10.76,1.24,7866.0,1.3,-5.22458628841607,-5.67375886524822,8.6,중PER(8~15),중PBR(0.8~1.5),배당<2%
2025-08-01,022100,A,주의,41.29,6.95,580.0,0.52,7.39514348785872,-6.401766004415011,101.3,고PER(30+),고PBR(3+),배당<2%
2025-08-01,096770,A,주의,0.0,0.65,0.0,1.85,7.4509803921568505,-0.39215686274509,35.6,적자/무실적,저PBR(<0.8),배당<2%
2025-08-04,277810,B,주의,2518.18,40.48,110.0,0.0,22.94455066921605,18.16443594646271,200.2,고PER(30+),고PBR(3+),무배당
2025-08-04,204620,A,주의,86.51,4.6,83.0,0.0,1.4374282433984,36.16532721010332,66.0,고PER(30+),고PBR(3+),무배당
2025-08-07,007390,A,주의,1989.47,37.65,19.0,0.0,6.16803278688524,5.2766393442623,51.6,고PER(30+),고PBR(3+),무배당
2025-08-11,042000,A,주의,40.51,4.86,1069.0,0.0,-5.85038363171355,-1.40664961636828,12.4,고PER(30+),고PBR(3+),무배당
2025-08-12,000210,A,주의,12.79,0.28,3948.0,1.98,-6.546894703656999,-7.06179066834804,28.4,중PER(8~15),저PBR(<0.8),배당<2%
2025-08-18,161390,A,주의,4.86,0.49,9137.0,4.5,8.20512820512819,9.87179487179488,101.0,저PER(<8),저PBR(<0.8),배당2%+
2025-08-19,099430,A,주의,27.83,3.03,249.0,0.72,7.20130932896889,3.9279869067103,20.3,중고PER(15~30),고PBR(3+),배당<2%
2025-08-19,084110,A,주의,20.66,1.02,2113.0,1.2,7.68335273573923,37.36903376018625,53.7,중고PER(15~30),중PBR(0.8~1.5),배당<2%
2025-08-21,107640,A,주의,16.34,3.84,2136.0,0.0,6.877022653721671,47.7346278317152,89.3,중고PER(15~30),고PBR(3+),무배당
2025-09-01,048410,A,관찰만,0.0,13.02,0.0,0.0,8.216783216783199,-9.440559440559431,275.9,적자/무실적,고PBR(3+),무배당
2025-09-17,220100,A,관찰만,0.0,7.65,0.0,0.0,7.33186328555677,68.68798235942668,93.2,적자/무실적,고PBR(3+),무배당
2025-10-16,260970,A,주의,21.19,4.74,5256.0,0.72,-9.4909516765286,-20.828402366863898,8.9,중고PER(15~30),고PBR(3+),배당<2%
2025-10-17,260970,A,주의,21.19,4.74,5256.0,0.72,-5.47559449311639,-11.01376720901126,15.1,중고PER(15~30),고PBR(3+),배당<2%
2025-10-30,045390,A,주의,21.61,2.37,208.0,0.0,-7.38355342136855,-9.36374549819928,20.8,중고PER(15~30),중고PBR(1.5~3),무배당
2025-10-30,025980,A,주의,0.0,1.13,0.0,0.0,-8.908917197452231,-6.114649681528659,17.5,적자/무실적,중PBR(0.8~1.5),무배당
2025-10-31,025980,A,주의,0.0,0.96,0.0,0.0,-5.49286640726329,0.25940337224383003,19.6,적자/무실적,중PBR(0.8~1.5),무배당
2025-11-06,009830,A,주의,0.0,0.56,0.0,0.98,-0.18115942028985,-0.18115942028985,114.9,적자/무실적,저PBR(<0.8),배당<2%
2025-11-07,122870,A,실행,91.59,3.51,999.0,0.27,-7.11111111111111,-10.69444444444444,9.7,고PER(30+),고PBR(3+),배당<2%
2025-11-07,011790,A,실행,0.0,3.71,0.0,0.0,6.8981064021641005,-4.32822362488728,66.3,적자/무실적,고PBR(3+),무배당
2025-11-10,122870,A,주의,91.59,3.51,999.0,0.27,-6.13263785394933,1.63934426229508,17.7,고PER(30+),고PBR(3+),배당<2%
2025-11-11,052020,A,주의,0.0,6.15,0.0,0.0,8.507853403141349,18.32460732984293,194.5,적자/무실적,고PBR(3+),무배당
2025-11-12,214450,A,주의,60.51,11.6,8941.0,0.2,7.0195627157652405,3.91254315304947,29.1,고PER(30+),고PBR(3+),배당<2%
2025-11-12,352820,B,주의,1515.56,4.4,225.0,0.06,20.618556701030922,14.08934707903779,39.3,고PER(30+),고PBR(3+),배당<2%
2025-11-19,419530,A,실행,0.0,15.61,0.0,0.0,-4.0,-9.45454545454546,22.4,적자/무실적,고PBR(3+),무배당
2025-11-20,036570,A,실행,46.64,1.4,4728.0,0.66,10.026737967914439,25.13368983957218,58.6,고PER(30+),중PBR(0.8~1.5),배당<2%
2025-11-24,336370,A,실행,180.0,1.08,51.0,0.11,8.080194410692581,-4.37424058323208,105.3,고PER(30+),중PBR(0.8~1.5),배당<2%
2025-11-24,007390,A,실행,1300.0,24.6,19.0,0.0,-5.1597533632287,-9.86547085201793,65.7,고PER(30+),고PBR(3+),무배당
2025-11-24,214450,A,실행,60.51,11.6,8941.0,0.2,7.05741626794258,9.09090909090908,34.2,고PER(30+),고PBR(3+),배당<2%
2025-11-24,012450,B,실행,21.28,9.05,46002.0,0.36,31.81286549707602,50.76023391812865,93.6,중고PER(15~30),고PBR(3+),배당<2%
2025-11-27,099320,A,실행,83.52,2.8,722.0,0.32,7.289527720739231,191.9917864476386,360.0,고PER(30+),중고PBR(1.5~3),배당<2%
2025-12-02,064350,B,실행,47.13,9.38,3728.0,0.11,35.988200589970496,35.988200589970496,66.4,고PER(30+),고PBR(3+),배당<2%
2025-12-02,204620,A,실행,75.18,4.0,83.0,0.0,-7.911877394636011,-10.44061302681992,25.3,고PER(30+),고PBR(3+),무배당
2025-12-02,003230,B,실행,39.62,13.19,36468.0,0.23,-8.78213213213213,-11.41141141141141,11.4,고PER(30+),고PBR(3+),배당<2%
2025-12-03,204620,A,주의,75.18,4.0,83.0,0.0,10.97308488612835,-3.6231884057971,35.4,고PER(30+),고PBR(3+),무배당
2025-12-11,012450,B,주의,18.52,7.88,46002.0,0.41,24.66814159292034,26.769911504424783,83.1,중고PER(15~30),고PBR(3+),배당<2%
2025-12-15,314930,A,주의,0.0,10.12,0.0,0.0,-5.0,0.92067988668556,13.3,적자/무실적,고PBR(3+),무배당
2025-12-16,000880,B,실행,9.52,0.66,8339.0,1.01,38.197969543147195,49.49238578680204,111.2,중PER(8~15),저PBR(<0.8),배당<2%
2025-12-18,087010,B,실행,0.0,52.04,0.0,0.0,-4.70772442588726,15.03131524008349,49.9,적자/무실적,고PBR(3+),무배당
2026-01-08,180640,B,주의,16.68,2.6,7434.0,0.29,1.74803836094159,5.1438535309503,53.4,중고PER(15~30),중고PBR(1.5~3),배당<2%
2026-01-08,035720,B,주의,476.98,2.6,126.0,0.11,-5.14705882352941,-11.93771626297578,11.6,고PER(30+),중고PBR(1.5~3),배당<2%
2026-01-13,087010,B,주의,0.0,38.88,0.0,0.0,-4.80755020080322,27.10843373493976,44.2,적자/무실적,고PBR(3+),무배당
2026-01-21,089030,A,관찰만,0.0,8.58,0.0,0.28,-6.213282247765,36.143039591315464,89.0,적자/무실적,고PBR(3+),배당<2%
2026-01-30,047920,A,관찰만,259.38,4.54,64.0,0.0,-8.20481927710843,-3.4337349397590295,17.4,고PER(30+),고PBR(3+),무배당
2026-02-02,101730,A,실행,0.0,1.29,0.0,0.0,-6.22317596566524,-32.40343347639485,7.9,적자/무실적,중PBR(0.8~1.5),무배당
2026-02-02,028300,A,실행,0.0,12.62,0.0,0.0,-6.4022140221402095,-5.71955719557195,26.4,적자/무실적,고PBR(3+),무배당
2026-02-02,047920,A,실행,259.38,4.54,64.0,0.0,-5.81947011706716,1.23228589032655,20.1,고PER(30+),고PBR(3+),무배당
2026-02-02,079550,A,실행,47.33,8.67,10173.0,0.5,-8.026431718061671,89.4273127753304,146.3,고PER(30+),고PBR(3+),배당<2%
2026-02-02,051910,A,실행,0.0,0.73,0.0,0.32,7.841483979763909,2.6981450252951,47.6,적자/무실적,저PBR(<0.8),배당<2%
2026-02-02,051915,A,실행,0.0,0.0,0.0,0.66,8.02139037433156,0.26737967914438,34.4,적자/무실적,,배당<2%
2026-02-02,214450,A,실행,52.96,10.15,8941.0,0.23,-4.81420118343195,-31.24260355029585,8.2,고PER(30+),고PBR(3+),배당<2%
2026-02-02,194480,A,실행,14.82,2.75,2595.0,0.0,7.9608938547486,-32.402234636871505,23.9,중PER(8~15),중고PBR(1.5~3),무배당
2026-02-03,036570,B,주의,49.6,1.49,4728.0,0.62,-0.46838407494145,-0.23419203747072,60.9,고PER(30+),중PBR(0.8~1.5),배당<2%
2026-02-06,032640,B,실행,18.37,0.8,871.0,4.06,8.96196002578981,4.3842682140554405,21.2,중고PER(15~30),중PBR(0.8~1.5),배당2%+
2026-02-06,011170,A,실행,0.0,0.25,0.0,2.4,8.57338820301782,32.6474622770919,63.9,적자/무실적,저PBR(<0.8),배당2%+
2026-02-06,087010,A,실행,0.0,46.76,0.0,0.0,8.181818181818171,10.70707070707071,45.1,적자/무실적,고PBR(3+),무배당
2026-02-06,064350,B,실행,61.83,12.3,3728.0,0.09,15.55555555555554,0.24691358024691,39.3,고PER(30+),고PBR(3+),배당<2%
2026-02-06,009540,B,실행,24.94,2.63,16578.0,1.23,17.0670037926675,-1.1378002528445,23.4,중고PER(15~30),중고PBR(1.5~3),배당<2%
2026-02-06,336570,A,실행,31.25,7.2,327.0,0.49,-7.311028500619569,-12.14374225526642,17.3,고PER(30+),고PBR(3+),배당<2%
2026-02-06,077970,A,실행,54.5,3.39,622.0,0.0,6.8181818181818095,9.09090909090908,119.8,고PER(30+),고PBR(3+),무배당
2026-02-09,009540,B,주의,24.94,2.63,16578.0,1.23,18.71794871794871,1.02564102564102,25.1,중고PER(15~30),중고PBR(1.5~3),배당<2%
2026-02-11,064350,B,주의,61.83,12.3,3728.0,0.09,15.55555555555554,4.44444444444445,39.3,고PER(30+),고PBR(3+),배당<2%
2026-02-24,082270,A,주의,0.0,58.89,0.0,0.0,8.816120906801011,-41.435768261964725,23.0,적자/무실적,고PBR(3+),무배당
2026-03-03,002790,A,실행,11.27,0.84,2782.0,1.05,-5.46666666666666,3.68421052631577,12.8,중PER(8~15),중PBR(0.8~1.5),배당<2%
2026-03-03,008930,A,실행,49.66,3.51,878.0,0.69,-5.82200247218788,-4.82076637824474,0.7,고PER(30+),고PBR(3+),배당<2%
2026-03-03,032640,B,실행,18.99,0.83,871.0,3.93,-9.99050279329609,2.23463687150837,16.7,중고PER(15~30),중PBR(0.8~1.5),배당2%+
2026-03-03,034220,B,실행,0.0,1.1,0.0,0.0,-9.57729393468117,-0.85536547433903,39.6,적자/무실적,중PBR(0.8~1.5),무배당
2026-03-03,204270,A,실행,0.0,3.76,0.0,0.0,-5.0,2.0779220779220697,31.2,적자/무실적,고PBR(3+),무배당
2026-03-04,190510,A,실행,13.51,2.0,1680.0,2.86,14.857142857142849,8.45714285714285,30.9,중PER(8~15),중고PBR(1.5~3),배당2%+
2026-03-04,399720,A,실행,106.26,11.64,655.0,0.0,15.909090909090908,35.79545454545454,57.6,고PER(30+),고PBR(3+),무배당
2026-03-04,087010,A,실행,0.0,43.62,0.0,0.0,14.77272727272727,22.72727272727273,63.2,적자/무실적,고PBR(3+),무배당
2026-03-04,114190,A,실행,392.0,10.12,40.0,0.0,18.95338610378187,42.12840809146878,44.9,고PER(30+),고PBR(3+),무배당
2026-03-04,003090,A,실행,19.03,1.11,1416.0,0.74,11.11111111111111,2.94784580498865,17.5,중고PER(15~30),중PBR(0.8~1.5),배당<2%
2026-03-04,062040,B,실행,53.16,11.66,3136.0,0.25,18.26953124999999,72.65625,166.4,고PER(30+),고PBR(3+),배당<2%
2026-03-04,450950,A,실행,75.72,21.83,173.0,0.24,7.45614035087718,0.6140350877192801,8.7,고PER(30+),고PBR(3+),배당<2%
2026-03-04,393890,A,실행,0.0,0.35,0.0,0.0,13.711734693877538,163.39285714285717,172.3,적자/무실적,저PBR(<0.8),무배당
2026-03-04,001390,A,실행,5.92,0.39,919.0,2.39,9.51859956236322,39.16849015317287,61.9,저PER(<8),저PBR(<0.8),배당2%+
2026-03-04,475400,A,실행,0.0,5.74,0.0,0.0,16.97080291970802,20.07299270072993,62.4,적자/무실적,고PBR(3+),무배당
2026-03-04,215600,A,실행,0.0,3.77,0.0,0.0,8.957654723127039,16.612377850162872,45.9,적자/무실적,고PBR(3+),무배당
2026-03-04,389650,A,실행,191.44,13.6,397.0,0.0,12.39737274220031,-2.46305418719211,38.4,고PER(30+),고PBR(3+),무배당
2026-03-04,383800,A,실행,4.41,0.38,2063.0,3.19,8.269230769230761,19.102564102564102,32.6,저PER(<8),저PBR(<0.8),배당2%+
2026-03-04,455900,A,실행,0.0,12.81,0.0,0.0,17.28515625,18.5546875,27.7,적자/무실적,고PBR(3+),무배당
2026-03-04,051915,A,실행,0.0,0.0,0.0,0.52,0.16453135536076,30.815913688469323,34.5,적자/무실적,,배당<2%
2026-03-04,323410,A,실행,29.38,1.98,924.0,1.33,11.14864864864864,10.585585585585571,17.3,중고PER(15~30),중고PBR(1.5~3),배당<2%
2026-03-04,051910,A,실행,0.0,0.98,0.0,0.24,-2.97068403908794,32.736156351791514,42.5,적자/무실적,중PBR(0.8~1.5),배당<2%
2026-03-04,079900,A,실행,26.78,5.76,2237.0,2.13,13.9274279615795,40.87513340448239,58.7,중고PER(15~30),고PBR(3+),배당2%+
2026-03-04,441270,A,실행,0.0,2.6,0.0,0.0,-1.54235145385588,31.858407079646017,57.0,적자/무실적,중고PBR(1.5~3),무배당
2026-03-04,090435,A,실행,0.0,0.0,0.0,2.18,9.47187141216991,12.9735935706085,22.2,적자/무실적,,배당2%+
2026-03-04,079160,A,실행,0.0,1.33,0.0,0.0,-5.83092783505154,0.72164948453607,14.4,적자/무실적,중PBR(0.8~1.5),무배당
2026-03-04,371950,A,실행,0.0,14.2,0.0,0.0,11.966583124477841,-10.86048454469507,66.8,적자/무실적,고PBR(3+),무배당
2026-03-04,093370,A,실행,0.0,2.64,0.0,0.0,14.03508771929824,123.44497607655502,275.6,적자/무실적,중고PBR(1.5~3),무배당
2026-03-04,137400,A,실행,8.78,2.24,6231.0,0.18,15.82430806257522,38.62815884476533,49.2,중PER(8~15),중고PBR(1.5~3),배당<2%
2026-03-04,377300,A,실행,0.0,4.84,0.0,0.0,13.95793499043978,8.22179732313574,22.9,적자/무실적,고PBR(3+),무배당
2026-03-04,352820,B,실행,1722.22,5.0,225.0,0.05,-2.39296636085627,-22.782874617737,14.8,고PER(30+),고PBR(3+),배당<2%
2026-03-04,373220,A,실행,0.0,4.73,0.0,0.0,11.4388489208633,36.11510791366907,43.2,적자/무실적,고PBR(3+),무배당
2026-03-04,090430,A,실행,17.6,1.99,8601.0,0.74,10.36682615629984,12.7591706539075,24.1,중고PER(15~30),중고PBR(1.5~3),배당<2%
2026-03-04,119850,A,실행,15.1,3.66,2582.0,0.26,12.60032102728732,15.409309791332259,66.6,중고PER(15~30),고PBR(3+),배당<2%
2026-03-04,138610,A,실행,0.0,10.83,0.0,0.0,10.81593927893738,2.27703984819733,18.2,적자/무실적,고PBR(3+),무배당
2026-03-04,011780,A,실행,11.51,0.66,13328.0,1.43,-5.55095277547639,24.44076222038111,28.7,중PER(8~15),저PBR(<0.8),배당<2%
2026-03-04,126720,A,실행,10.06,0.76,2779.0,2.86,9.97854077253219,47.63948497854078,56.2,중PER(8~15),저PBR(<0.8),배당2%+
2026-03-04,007660,B,실행,112.03,25.33,1139.0,0.12,2.63663967611336,47.77327935222673,66.4,고PER(30+),고PBR(3+),배당<2%
2026-03-04,009900,A,실행,4.64,0.86,2460.0,1.31,16.3953488372093,64.88372093023256,73.7,저PER(<8),중PBR(0.8~1.5),배당<2%
2026-03-04,090460,A,실행,9.07,0.84,2133.0,1.29,13.912756113681429,133.31130204890945,186.8,중PER(8~15),중PBR(0.8~1.5),배당<2%
2026-03-04,034220,A,실행,0.0,1.1,0.0,0.0,-0.87999999999999,12.99999999999999,63.2,적자/무실적,중PBR(0.8~1.5),무배당
2026-03-04,000210,A,실행,13.1,0.28,3948.0,1.93,14.383561643835598,91.28268991282692,93.5,중PER(8~15),저PBR(<0.8),배당<2%
2026-03-04,007690,A,실행,38.52,0.41,1032.0,1.51,8.029197080291969,29.4890510948905,29.8,고PER(30+),저PBR(<0.8),배당<2%
2026-03-04,294570,A,실행,21.96,2.38,1560.0,0.44,11.600719424460431,9.35251798561151,17.6,중고PER(15~30),중고PBR(1.5~3),배당<2%
2026-03-04,071970,A,실행,35.5,9.57,2459.0,0.0,10.540915395284319,52.1497919556172,63.9,고PER(30+),고PBR(3+),무배당
2026-03-04,454910,B,실행,0.0,17.15,0.0,0.0,-0.13027295285359,26.799007444168737,110.9,적자/무실적,고PBR(3+),무배당
2026-03-04,450080,A,실행,0.0,6.8,0.0,0.0,15.009041591320079,51.35623869801085,60.6,적자/무실적,고PBR(3+),무배당
2026-03-04,375500,A,실행,9.44,0.45,5413.0,1.06,11.344537815126051,142.73709483793516,155.9,중PER(8~15),저PBR(<0.8),배당<2%
2026-03-04,255220,A,실행,0.0,2.89,0.0,0.0,10.95334685598377,4.868154158215019,20.9,적자/무실적,중고PBR(1.5~3),무배당
2026-03-04,105630,A,실행,9.69,0.79,1474.0,3.5,-5.34092758340113,-3.49877949552481,7.6,중PER(8~15),저PBR(<0.8),배당2%+
2026-03-04,475150,A,실행,42.54,4.01,677.0,0.0,16.82134570765661,173.78190255220417,307.0,고PER(30+),고PBR(3+),무배당
2026-03-04,213420,A,실행,22.41,2.57,1863.0,0.0,11.39705882352941,54.70588235294118,68.5,중고PER(15~30),중고PBR(1.5~3),무배당
2026-03-04,034230,A,실행,22.8,1.05,875.0,0.75,11.956521739130439,0.24844720496894,20.1,중고PER(15~30),중PBR(0.8~1.5),배당<2%
2026-03-04,161580,A,실행,214.69,7.77,245.0,0.0,17.091836734693867,25.89285714285714,65.6,고PER(30+),고PBR(3+),무배당
2026-03-04,199800,A,실행,63.4,7.2,776.0,0.0,8.29383886255923,111.13744075829386,236.5,고PER(30+),고PBR(3+),무배당
2026-03-04,060980,A,실행,23.74,0.44,2087.0,4.04,10.87223587223586,8.72235872235871,20.4,중고PER(15~30),저PBR(<0.8),배당2%+
2026-03-04,265520,A,실행,6.67,1.03,3448.0,2.3,9.58549222797926,35.75129533678756,61.1,저PER(<8),중PBR(0.8~1.5),배당2%+
2026-03-04,121600,A,실행,0.0,3.5,0.0,0.35,16.85393258426966,65.54307116104869,78.5,적자/무실적,고PBR(3+),배당<2%
2026-03-04,286940,A,실행,27.97,0.86,849.0,2.95,9.52380952380953,16.79197994987469,25.1,중고PER(15~30),중PBR(0.8~1.5),배당2%+
2026-03-04,093320,A,실행,31.96,3.05,3736.0,0.5,9.81963927855711,5.611222444889781,49.7,고PER(30+),고PBR(3+),배당<2%
2026-03-04,010140,B,실행,386.0,6.52,75.0,0.0,13.75531914893617,40.42553191489362,50.4,고PER(30+),고PBR(3+),무배당
2026-03-04,078600,A,실행,40.65,6.65,2477.0,0.1,14.800514800514799,114.4144144144144,135.9,고PER(30+),고PBR(3+),배당<2%
2026-03-04,200880,A,실행,3.04,0.41,5451.0,1.51,15.833333333333341,15.63492063492064,21.7,저PER(<8),저PBR(<0.8),배당<2%
2026-03-04,064260,A,실행,77.8,1.9,109.0,0.0,15.83850931677017,17.85714285714286,34.8,고PER(30+),중고PBR(1.5~3),무배당
2026-03-04,025540,A,실행,5.85,0.77,13787.0,2.73,10.044642857142861,33.7797619047619,39.9,저PER(<8),저PBR(<0.8),배당2%+
2026-03-04,298050,A,실행,22.5,1.07,11154.0,2.59,14.26011264720941,42.08909370199694,44.4,중고PER(15~30),중PBR(0.8~1.5),배당2%+
2026-03-04,007700,A,실행,7.83,0.38,2738.0,2.1,10.83380601247872,10.20986954055587,20.0,저PER(<8),저PBR(<0.8),배당2%+
2026-03-04,075580,A,실행,98.65,5.97,200.0,1.01,16.6554054054054,43.24324324324324,49.3,고PER(30+),고PBR(3+),배당<2%
2026-03-04,004690,A,실행,5.15,0.33,29606.0,1.97,7.765151515151509,11.96969696969696,17.3,저PER(<8),저PBR(<0.8),배당<2%
2026-03-04,031430,A,실행,14.31,0.55,929.0,3.01,8.0349344978166,33.79912663755458,49.6,중PER(8~15),저PBR(<0.8),배당2%+
2026-03-04,123890,A,실행,9.74,0.35,306.0,3.36,7.08812260536397,4.9808429118773905,13.4,중PER(8~15),저PBR(<0.8),배당2%+
2026-03-04,006280,A,실행,0.0,1.54,0.0,0.89,10.95890410958904,0.36049026676279,16.1,적자/무실적,중고PBR(1.5~3),배당<2%
2026-03-04,011170,A,실행,0.0,0.28,0.0,2.09,-3.4206128133704703,64.34540389972145,66.4,적자/무실적,저PBR(<0.8),배당2%+
2026-03-04,003670,B,실행,0.0,6.64,0.0,0.0,37.14902807775377,40.92872570194383,61.7,적자/무실적,고PBR(3+),무배당
2026-03-04,035600,A,실행,7.44,0.64,1549.0,4.34,7.65765765765766,14.61461461461461,19.8,저PER(<8),저PBR(<0.8),배당2%+
2026-03-04,009240,A,실행,5.41,2.35,9171.0,17.18,-2.8780487804878003,8.41463414634147,13.0,저PER(<8),중고PBR(1.5~3),배당2%+
2026-03-04,018880,A,실행,0.0,1.19,0.0,0.0,13.04347826086955,18.342391304347817,61.4,적자/무실적,중PBR(0.8~1.5),무배당
2026-03-04,002790,A,실행,11.27,0.84,2782.0,1.05,11.47058823529412,12.74509803921568,26.1,중PER(8~15),중PBR(0.8~1.5),배당<2%
2026-03-04,007070,A,실행,880.0,0.57,25.0,2.27,8.94962486602357,26.20578778135047,60.5,고PER(30+),저PBR(<0.8),배당2%+
2026-03-04,050890,A,실행,11.07,1.58,760.0,0.59,10.07142857142857,129.57142857142858,198.6,중PER(8~15),중고PBR(1.5~3),배당<2%
2026-03-04,043150,A,실행,7.37,0.9,3712.0,0.37,-4.56888888888888,4.0,8.4,저PER(<8),중PBR(0.8~1.5),배당<2%
2026-03-04,036570,A,실행,48.86,1.47,4728.0,0.63,9.04907975460123,41.87116564417177,75.6,고PER(30+),중PBR(0.8~1.5),배당<2%
2026-03-04,002900,A,실행,17.33,0.77,424.0,1.5,11.76470588235294,33.613445378151255,66.4,중고PER(15~30),저PBR(<0.8),배당<2%
2026-03-04,009520,A,실행,1417.86,7.39,14.0,0.1,14.364461738002579,37.159533073929964,49.8,고PER(30+),고PBR(3+),배당<2%
2026-03-04,068760,A,실행,144.76,8.01,496.0,0.0,12.21837088388215,0.0,13.9,고PER(30+),고PBR(3+),무배당
2026-03-04,079370,A,실행,13.24,1.61,1358.0,0.56,9.933333333333321,9.73333333333332,24.0,중PER(8~15),중고PBR(1.5~3),배당<2%
2026-03-04,015760,B,실행,10.76,0.94,5439.0,0.36,-5.57628979143798,-2.30515916575192,11.1,중PER(8~15),중PBR(0.8~1.5),배당<2%
2026-03-04,005300,A,실행,23.66,0.93,5878.0,2.44,7.4793388429752,2.06611570247934,14.4,중고PER(15~30),중PBR(0.8~1.5),배당2%+
2026-03-04,089010,A,실행,24.27,2.58,1370.0,0.6,16.5,61.20000000000001,95.6,중고PER(15~30),중고PBR(1.5~3),배당<2%
2026-03-04,180640,A,실행,21.03,3.27,7434.0,0.23,1.70619469026549,0.26548672566371,27.2,중고PER(15~30),고PBR(3+),배당<2%
2026-03-04,001340,A,실행,84.02,1.43,82.0,0.0,9.294320137693619,29.43201376936317,41.1,고PER(30+),중PBR(0.8~1.5),무배당
2026-03-04,086450,A,실행,14.76,1.51,1382.0,0.98,7.88876276958001,39.61407491486945,77.4,중PER(8~15),중고PBR(1.5~3),배당<2%
2026-03-04,007160,A,실행,68.07,0.57,927.0,0.0,11.500974658869389,3.8986354775828405,14.0,고PER(30+),저PBR(<0.8),무배당
2026-03-04,005490,A,실행,28.58,0.56,14451.0,2.42,14.23017107309487,45.87869362363919,68.6,중고PER(15~30),저PBR(<0.8),배당2%+
2026-03-04,064820,A,실행,21.85,1.6,563.0,2.44,16.6305525460455,76.1646803900325,89.6,중고PER(15~30),중고PBR(1.5~3),배당2%+
2026-03-04,004000,A,실행,35.78,0.55,1428.0,2.74,10.90584028605483,69.7258641239571,71.2,고PER(30+),저PBR(<0.8),배당2%+
2026-03-04,006360,A,실행,7.74,0.43,2893.0,1.34,9.73333333333332,122.40000000000002,139.2,저PER(<8),저PBR(<0.8),배당<2%
2026-03-04,006110,A,실행,0.0,1.88,0.0,0.08,13.056680161943321,193.92712550607288,323.5,적자/무실적,중고PBR(1.5~3),배당<2%
2026-03-04,000400,A,실행,33.82,0.9,68.0,0.0,9.95828988529718,12.61730969760166,44.9,고PER(30+),중PBR(0.8~1.5),무배당
2026-03-04,001040,B,실행,73.0,1.34,2993.0,1.37,-9.504584221748399,21.26865671641791,25.0,고PER(30+),중PBR(0.8~1.5),배당<2%
2026-03-04,192650,A,실행,136.67,1.29,57.0,2.57,10.108024691358029,5.709876543209861,13.4,고PER(30+),중PBR(0.8~1.5),배당2%+
2026-03-04,139480,A,실행,0.0,0.27,0.0,1.9,9.18827508455468,21.871476888387818,33.8,적자/무실적,저PBR(<0.8),배당<2%
2026-03-04,072710,A,실행,6.27,0.38,16118.0,2.48,7.451649601820249,11.26279863481227,15.0,저PER(<8),저PBR(<0.8),배당2%+
2026-03-04,045390,A,실행,22.6,2.48,208.0,0.0,9.04522613065326,18.84422110552763,26.4,중고PER(15~30),중고PBR(1.5~3),무배당
2026-03-04,006220,A,실행,95.96,0.87,166.0,0.63,13.719999999999999,2.96,17.6,고PER(30+),중PBR(0.8~1.5),배당<2%
2026-03-04,004700,A,실행,21.48,0.5,3548.0,0.0,13.184079601990039,15.422885572139311,19.7,중고PER(15~30),저PBR(<0.8),무배당
2026-03-04,005690,A,실행,153.21,11.27,106.0,0.12,14.24050632911393,56.40822784810127,67.3,고PER(30+),고PBR(3+),배당<2%
2026-03-04,003490,A,실행,7.88,0.99,3566.0,2.67,10.56034482758621,8.18965517241379,34.5,저PER(<8),중PBR(0.8~1.5),배당2%+
2026-03-04,044490,A,실행,28.77,1.18,1234.0,0.0,15.377532228360948,99.2633517495396,125.8,중고PER(15~30),중PBR(0.8~1.5),무배당
2026-03-04,008930,A,실행,49.66,3.51,878.0,0.69,12.46418338108883,8.88252148997135,16.8,고PER(30+),고PBR(3+),배당<2%
2026-03-04,035760,A,실행,0.0,0.54,0.0,0.0,9.60591133004926,-9.0311986863711,11.5,적자/무실적,저PBR(<0.8),무배당
2026-03-04,285130,A,실행,182.98,0.6,376.0,1.67,-0.91970802919707,13.86861313868612,14.1,고PER(30+),저PBR(<0.8),배당<2%
2026-03-04,036620,A,실행,18.75,4.98,321.0,0.0,8.33333333333332,31.0077519379845,36.8,중고PER(15~30),고PBR(3+),무배당
2026-03-04,000320,A,실행,5.56,0.6,4836.0,2.04,13.4433962264151,6.36792452830188,16.7,저PER(<8),저PBR(<0.8),배당2%+
2026-03-04,059090,A,실행,27.7,4.95,575.0,0.0,13.66906474820144,72.26219024780175,133.8,중고PER(15~30),고PBR(3+),무배당
2026-03-04,003120,A,실행,13.01,0.44,1921.0,4.0,8.13953488372092,7.441860465116271,13.3,중PER(8~15),저PBR(<0.8),배당2%+
2026-03-04,060370,A,실행,78.09,5.74,429.0,0.48,16.73306772908367,50.59760956175299,105.6,고PER(30+),고PBR(3+),배당<2%
2026-03-04,036200,A,실행,20.7,1.41,528.0,0.73,13.62048894062864,38.18393480791617,67.5,중고PER(15~30),중PBR(0.8~1.5),배당<2%
2026-03-05,009540,B,실행,27.14,2.87,16578.0,1.13,-4.3465601965602,13.39066339066339,19.9,중고PER(15~30),중고PBR(1.5~3),배당<2%
2026-03-05,042660,B,실행,85.68,8.9,1648.0,0.0,-1.7035217035217,7.94430794430793,16.2,고PER(30+),고PBR(3+),무배당
2026-03-05,051910,B,실행,0.0,0.98,0.0,0.24,-7.38517719568567,22.342064714946062,34.8,적자/무실적,중PBR(0.8~1.5),배당<2%
2026-03-05,001040,B,실행,73.0,1.34,2993.0,1.37,-7.73402173913043,22.01086956521738,27.4,고PER(30+),중PBR(0.8~1.5),배당<2%
2026-03-05,450080,B,실행,0.0,6.8,0.0,0.0,-2.62658227848101,27.056962025316462,40.5,적자/무실적,고PBR(3+),무배당
2026-03-05,377300,B,실행,0.0,4.84,0.0,0.0,-6.18153456998313,-6.070826306913999,8.4,적자/무실적,고PBR(3+),무배당
2026-03-05,329180,B,실행,86.13,9.38,7001.0,0.35,-7.09302325581395,22.54025044722718,36.9,고PER(30+),고PBR(3+),배당<2%
2026-03-05,011170,A,실행,0.0,0.28,0.0,2.09,7.739726027397251,56.02739726027397,63.7,적자/무실적,저PBR(<0.8),배당2%+
2026-03-10,377300,B,실행,0.0,4.84,0.0,0.0,-6.02305743243243,-2.36486486486486,8.6,적자/무실적,고PBR(3+),무배당
2026-03-16,161390,B,실행,7.98,0.8,9137.0,2.74,5.46296296296295,9.44444444444445,43.7,저PER(<8),중PBR(0.8~1.5),배당2%+
2026-03-16,450080,B,실행,0.0,6.8,0.0,0.0,27.463651050080767,9.531502423263321,43.5,적자/무실적,고PBR(3+),무배당
2026-03-16,033790,A,실행,0.0,2.43,0.0,0.0,7.92682926829269,211.78861788617886,289.2,적자/무실적,중고PBR(1.5~3),무배당
2026-03-17,045390,A,실행,22.6,2.48,208.0,0.0,-5.34172661870503,-1.79856115107913,20.6,중고PER(15~30),중고PBR(1.5~3),무배당
2026-03-17,004020,B,실행,0.0,0.32,0.0,1.61,29.25457102672293,29.25457102672293,41.2,적자/무실적,저PBR(<0.8),배당<2%
2026-03-19,161580,A,실행,214.69,7.77,245.0,0.0,-5.59226932668329,24.438902743142148,61.8,고PER(30+),고PBR(3+),무배당
2026-03-20,329180,B,실행,86.13,9.38,7001.0,0.35,-10.08846153846153,6.9767441860465,36.9,고PER(30+),고PBR(3+),배당<2%
2026-03-24,377300,A,실행,0.0,4.84,0.0,0.0,-6.96043985776129,-11.317254174397021,19.1,적자/무실적,고PBR(3+),무배당
2026-03-24,352820,A,실행,1722.22,5.0,225.0,0.05,-5.589021615472141,-21.16040955631399,7.2,고PER(30+),고PBR(3+),배당<2%
2026-03-24,003550,B,실행,29.01,0.61,3712.0,2.88,23.19999999999999,40.57142857142857,112.5,중고PER(15~30),저PBR(<0.8),배당2%+
2026-03-24,015760,B,실행,10.76,0.94,5439.0,0.36,-8.77850267379679,-15.72192513368984,2.1,중PER(8~15),중PBR(0.8~1.5),배당<2%
2026-03-24,004020,B,실행,0.0,0.32,0.0,1.61,21.04964539007092,11.20567375886525,42.4,적자/무실적,저PBR(<0.8),배당<2%
2026-03-26,087010,B,실행,0.0,43.62,0.0,0.0,-7.05393103448276,-6.7241379310344795,14.5,적자/무실적,고PBR(3+),무배당
2026-03-26,460930,A,실행,41.03,2.96,476.0,0.51,-5.29351184346035,-8.59938208032955,11.7,고PER(30+),중고PBR(1.5~3),배당<2%
2026-03-27,462350,A,실행,0.0,6.41,0.0,0.0,-7.487179487179479,3.3974358974359,17.6,적자/무실적,고PBR(3+),무배당
2026-03-30,071320,A,실행,5.53,0.48,16850.0,4.16,-6.25994694960212,-6.49867374005305,5.6,저PER(<8),저PBR(<0.8),배당2%+
2026-03-31,010140,B,실행,326.0,5.5,75.0,0.0,30.87934560327199,14.31492842535786,44.6,고PER(30+),고PBR(3+),무배당
2026-03-31,454910,B,실행,0.0,12.8,0.0,0.0,29.0503144654088,33.96226415094339,113.8,적자/무실적,고PBR(3+),무배당
2026-03-31,032350,A,실행,0.0,4.17,0.0,0.0,-5.27377521613833,10.0864553314121,30.5,적자/무실적,고PBR(3+),무배당
2026-03-31,499790,A,실행,0.0,1.0,0.0,0.0,6.87203791469195,3.08056872037914,41.7,적자/무실적,중PBR(0.8~1.5),무배당
2026-03-31,007660,B,실행,86.04,19.46,1139.0,0.15,35.20408163265305,31.83673469387755,67.8,고PER(30+),고PBR(3+),배당<2%
2026-03-31,001040,B,실행,63.15,1.16,2993.0,1.59,5.46296296296295,-14.444444444444448,24.1,고PER(30+),중PBR(0.8~1.5),배당<2%
2026-03-31,348210,A,실행,16.68,4.07,3748.0,0.8,8.4,7.84,26.4,중고PER(15~30),고PBR(3+),배당<2%
2026-03-31,089030,A,실행,0.0,8.49,0.0,0.29,7.39514348785872,10.04415011037527,63.4,적자/무실적,고PBR(3+),배당<2%
2026-03-31,000157,A,실행,0.0,0.0,0.0,0.52,9.18635170603674,40.419947506561684,72.2,적자/무실적,,배당<2%
2026-04-01,304360,A,실행,0.0,28.42,0.0,0.0,-5.055474452554741,4.19708029197081,41.1,적자/무실적,고PBR(3+),무배당
2026-04-02,304360,A,실행,0.0,28.42,0.0,0.0,7.51503006012024,14.629258517034069,54.9,적자/무실적,고PBR(3+),무배당
2026-04-03,001040,B,실행,63.15,1.16,2993.0,1.59,4.52281069743052,-7.18405873099108,23.0,고PER(30+),중PBR(0.8~1.5),배당<2%
2026-04-03,389650,A,실행,185.14,13.15,397.0,0.0,-8.38503672745695,-36.39817629179331,5.5,고PER(30+),고PBR(3+),무배당
2026-04-03,141080,B,실행,845.81,11.31,227.0,0.0,2.97142857142858,-16.8,21.1,고PER(30+),고PBR(3+),무배당
2026-04-03,007660,B,실행,86.04,19.46,1139.0,0.15,29.14230019493178,30.31189083820662,60.2,고PER(30+),고PBR(3+),배당<2%
2026-04-07,042660,B,실행,72.94,7.58,1648.0,0.0,-3.32919768403638,-14.72291149710504,17.4,고PER(30+),고PBR(3+),무배당
2026-04-10,042660,B,실행,72.94,7.58,1648.0,0.0,-5.28768233387357,-15.31604538087519,15.0,고PER(30+),고PBR(3+),무배당
2026-04-10,445680,A,실행,0.0,33.62,0.0,0.0,6.931359353970399,-6.5948855989232795,45.9,적자/무실적,고PBR(3+),무배당
2026-04-14,051910,B,실행,0.0,0.7,0.0,0.33,24.158125915080532,5.5636896046852,28.1,적자/무실적,저PBR(<0.8),배당<2%
2026-04-20,018260,B,주의,15.34,1.24,9787.0,1.93,9.51056729699666,17.908787541713007,116.1,중고PER(15~30),중PBR(0.8~1.5),배당<2%
2026-04-21,019170,A,주의,0.0,2.07,0.0,0.0,-5.25189393939394,-29.37710437710438,5.1,적자/무실적,중고PBR(1.5~3),무배당
2026-04-23,000250,B,주의,0.0,72.45,0.0,0.02,2.7828947368421,-37.23684210526315,20.9,적자/무실적,고PBR(3+),배당<2%
2026-04-30,141080,B,주의,807.93,10.8,227.0,0.0,-1.7448200654307502,-18.21155943293347,15.6,고PER(30+),고PBR(3+),무배당
2026-05-04,000250,B,주의,0.0,36.31,0.0,0.05,-7.0085470085470005,-50.18315018315018,9.4,적자/무실적,고PBR(3+),배당<2%
2026-05-04,128940,B,주의,48.08,5.38,9567.0,0.27,-5.50674157303371,-2.0224719101123503,29.9,고PER(30+),고PBR(3+),배당<2%
2026-05-04,141080,B,주의,807.93,10.8,227.0,0.0,-0.71625344352617,-21.26721763085399,16.8,고PER(30+),고PBR(3+),무배당
2026-05-07,049630,A,주의,69.8,4.15,245.0,0.0,9.78260869565217,-44.12238325281803,16.7,고PER(30+),고PBR(3+),무배당
2026-05-07,389470,A,주의,0.0,19.08,0.0,0.0,-5.511669658886889,-32.58527827648114,9.5,적자/무실적,고PBR(3+),무배당
2026-05-08,064350,B,주의,72.02,14.33,3728.0,0.07,-8.38502242152466,-16.41255605381165,7.6,고PER(30+),고PBR(3+),배당<2%
2026-05-12,098070,A,주의,15.87,3.74,2981.0,0.95,-6.97146562905317,-42.54215304798963,5.1,중고PER(15~30),고PBR(3+),배당<2%
2026-05-12,045390,A,주의,21.88,2.4,208.0,0.0,-9.00602409638554,-38.79518072289156,1.4,중고PER(15~30),중고PBR(1.5~3),무배당
2026-05-12,475400,A,주의,0.0,5.03,0.0,0.0,-5.507064364207221,-49.19937205651491,7.4,적자/무실적,고PBR(3+),무배당
2026-05-13,373220,B,주의,0.0,5.1,0.0,0.0,-7.09302325581395,-24.18604651162791,15.7,적자/무실적,고PBR(3+),무배당
2026-05-13,377300,A,주의,0.0,4.03,0.0,0.0,8.12133072407044,-23.97260273972602,13.1,적자/무실적,고PBR(3+),무배당
2026-05-14,078160,A,주의,0.0,4.2,0.0,0.0,-5.153889835320831,-52.01590005678591,7.8,적자/무실적,고PBR(3+),무배당
2026-05-15,389020,A,실행,160.99,7.58,323.0,0.0,-10.13122203579418,-52.79642058165548,4.0,고PER(30+),고PBR(3+),무배당
2026-05-18,108320,A,실행,7.8,0.94,8024.0,3.83,-5.6180926916221,-27.27272727272727,13.4,저PER(<8),중PBR(0.8~1.5),배당2%+
2026-05-18,213420,A,실행,27.11,3.11,1863.0,0.0,-7.121951219512191,-29.82261640798226,5.5,중고PER(15~30),고PBR(3+),무배당
2026-05-18,009470,A,실행,16.35,3.66,2967.0,1.03,-5.60450318159568,-28.19383259911894,46.0,중고PER(15~30),고PBR(3+),배당<2%
2026-05-18,377300,A,실행,0.0,4.03,0.0,0.0,-7.41853360488798,-17.41344195519348,3.1,적자/무실적,고PBR(3+),무배당
2026-05-18,348210,A,실행,18.6,4.54,3748.0,0.72,-5.30262096774193,-34.67741935483871,21.0,중고PER(15~30),고PBR(3+),배당<2%
2026-05-18,034220,B,실행,0.0,0.94,0.0,0.0,-9.14309185959671,-19.94025392083644,34.1,적자/무실적,중PBR(0.8~1.5),무배당
2026-05-18,389020,A,실행,160.99,7.58,323.0,0.0,-5.40002450980393,-47.1764705882353,9.4,고PER(30+),고PBR(3+),무배당
2026-05-18,006730,A,실행,28.09,0.97,533.0,0.67,-5.023265306122441,-16.48979591836734,1.2,중고PER(15~30),중PBR(0.8~1.5),배당<2%
2026-05-18,056190,A,실행,0.0,1.05,0.0,0.86,7.076350093109871,-18.43575418994413,25.5,적자/무실적,중PBR(0.8~1.5),배당<2%
2026-05-18,114190,A,실행,383.25,9.89,40.0,0.0,-6.19976889613921,-28.54812398042414,6.8,고PER(30+),고PBR(3+),무배당
2026-05-18,042520,A,실행,0.0,5.71,0.0,0.0,8.36820083682008,4.18410041841004,51.9,적자/무실적,고PBR(3+),무배당
2026-05-18,214370,B,실행,160.33,23.12,658.0,0.61,-3.7413652275379197,-25.32088681446908,13.0,고PER(30+),고PBR(3+),배당<2%
2026-05-18,475830,A,실행,0.0,13.35,0.0,0.0,-9.82613077679449,-28.613569321533923,16.5,적자/무실적,고PBR(3+),무배당
2026-05-18,000250,B,실행,0.0,36.31,0.0,0.05,-9.622489959839351,-48.70147255689424,6.3,적자/무실적,고PBR(3+),배당<2%
2026-05-19,141080,A,실행,807.93,10.8,227.0,0.0,-10.309381237524951,-31.004657351962738,15.6,고PER(30+),고PBR(3+),무배당
2026-05-19,204620,A,실행,71.81,3.82,83.0,0.0,-5.117876838235301,-13.87867647058823,6.1,고PER(30+),고PBR(3+),무배당
2026-05-19,086280,B,실행,15.56,1.94,14585.0,1.63,-0.70093457943924,-11.869158878504669,16.8,중고PER(15~30),중고PBR(1.5~3),배당<2%
2026-05-19,039200,A,실행,2260.87,15.57,23.0,0.0,7.5609756097561,-26.463414634146343,15.6,고PER(30+),고PBR(3+),무배당
2026-05-19,078160,A,실행,0.0,4.2,0.0,0.0,-6.81369321922317,-42.33048057932851,-0.9,적자/무실적,고PBR(3+),무배당
2026-05-19,382900,A,실행,363.4,1.84,97.0,0.0,-6.785714285714279,-39.3984962406015,34.2,고PER(30+),중고PBR(1.5~3),무배당
2026-05-19,475830,A,실행,0.0,13.35,0.0,0.0,10.41335453100158,-27.82193958664547,25.6,적자/무실적,고PBR(3+),무배당
2026-05-19,000250,B,실행,0.0,36.31,0.0,0.05,-5.25581395348837,-49.630642954856356,7.8,적자/무실적,고PBR(3+),배당<2%
2026-05-20,117730,A,실행,0.0,12.82,0.0,0.0,6.888499708114421,-35.7851722124927,33.1,적자/무실적,고PBR(3+),무배당
2026-05-20,086280,B,실행,15.56,1.94,14585.0,1.63,0.9501187648456,-11.40142517814727,18.8,중고PER(15~30),중고PBR(1.5~3),배당<2%
2026-05-20,317330,A,실행,0.0,2.48,0.0,0.0,8.16831683168317,-52.42574257425743,17.3,적자/무실적,중고PBR(1.5~3),무배당
2026-05-20,455900,A,실행,0.0,11.28,0.0,0.0,7.53968253968253,-39.92063492063492,29.8,적자/무실적,고PBR(3+),무배당
2026-05-20,247540,B,실행,0.0,11.76,0.0,0.0,13.28522920203734,-41.08658743633276,33.3,적자/무실적,고PBR(3+),무배당
2026-05-20,388720,A,실행,0.0,12.67,0.0,0.0,7.16723549488054,-34.58475540386803,30.6,적자/무실적,고PBR(3+),무배당
2026-05-20,022100,A,실행,60.17,10.13,580.0,0.36,6.99831365935919,-40.94435075885329,36.6,고PER(30+),고PBR(3+),배당<2%
2026-05-22,214370,B,주의,160.33,23.12,658.0,0.61,-7.414534231200901,-38.15937149270483,6.8,고PER(30+),고PBR(3+),배당<2%
2026-05-27,336370,A,주의,256.67,1.54,51.0,0.08,10.31578947368421,-25.789473684210527,40.7,고PER(30+),중고PBR(1.5~3),배당<2%
2026-05-28,336370,A,주의,256.67,1.54,51.0,0.08,8.70967741935484,-24.83870967741935,43.8,고PER(30+),중고PBR(1.5~3),배당<2%
2026-05-28,101490,A,주의,69.35,8.54,1452.0,0.15,-6.17705278592375,-39.95601173020527,4.1,고PER(30+),고PBR(3+),배당<2%
2026-05-28,010130,B,주의,166.42,3.91,9488.0,1.11,-6.567326007326001,-24.61538461538461,3.2,고PER(30+),고PBR(3+),배당<2%
2026-05-28,213420,A,주의,27.11,3.11,1863.0,0.0,-9.26966292134831,-24.344569288389508,1.6,중고PER(15~30),고PBR(3+),무배당
2026-05-28,226590,A,주의,74.54,10.07,383.0,0.0,-5.1534733441033795,-39.14916532040926,1.5,고PER(30+),고PBR(3+),무배당
2026-05-28,389020,A,주의,160.99,7.58,323.0,0.0,-6.09620253164556,-50.43037974683544,6.7,고PER(30+),고PBR(3+),무배당
2026-05-28,399720,A,주의,107.48,11.77,655.0,0.0,7.55919854280509,-7.285974499089249,15.8,고PER(30+),고PBR(3+),무배당
2026-05-28,056190,A,주의,0.0,1.05,0.0,0.86,-7.60036496350364,-24.45255474452554,3.5,적자/무실적,중PBR(0.8~1.5),배당<2%
2026-05-28,051370,A,주의,5.69,1.11,2363.0,0.0,-6.991795806745669,-39.28896991795807,0.4,저PER(<8),중PBR(0.8~1.5),무배당
2026-05-28,086390,A,주의,0.0,3.15,0.0,0.0,-5.86781609195402,-47.67090139140956,8.3,적자/무실적,고PBR(3+),무배당
2026-05-28,458870,A,주의,0.0,83.74,0.0,0.0,-7.26190476190475,-13.174603174603169,36.0,적자/무실적,고PBR(3+),무배당
2026-05-29,086390,A,주의,0.0,3.22,0.0,0.0,-5.30944625407165,-51.009771986970684,16.6,적자/무실적,고PBR(3+),무배당
2026-05-29,199800,A,주의,0.0,7.72,0.0,0.0,1.72141372141372,-19.33471933471933,15.6,적자/무실적,고PBR(3+),무배당
2026-06-01,403550,A,주의,0.0,2.64,0.0,0.7,-5.92009685230023,-21.87247780468119,2.3,적자/무실적,중고PBR(1.5~3),배당<2%
2026-06-01,174900,A,주의,0.0,12.71,0.0,0.0,-6.37283236994219,-51.38728323699422,6.5,적자/무실적,고PBR(3+),무배당
2026-06-01,243070,A,주의,8.05,0.92,3651.0,3.13,-5.51724137931034,-17.604355716878402,15.4,중PER(8~15),중PBR(0.8~1.5),배당2%+
2026-06-01,001340,A,주의,30.48,1.38,229.0,0.43,-6.961956521739129,-33.07453416149069,9.6,고PER(30+),중PBR(0.8~1.5),배당<2%
2026-06-01,204270,A,주의,0.0,4.88,0.0,0.0,-5.49634273772204,-38.349007314524556,31.9,적자/무실적,고PBR(3+),무배당
2026-06-02,047810,B,주의,88.25,8.96,1907.0,0.3,-8.166734693877551,-18.095238095238088,13.1,고PER(30+),고PBR(3+),배당<2%
2026-06-02,161000,A,주의,0.0,0.87,0.0,1.09,-6.76548672566371,-32.47787610619469,6.7,적자/무실적,중PBR(0.8~1.5),배당<2%
2026-06-02,086280,B,주의,10.49,1.76,23117.0,2.39,-8.38207674943567,-12.64108352144469,2.7,중PER(8~15),중고PBR(1.5~3),배당2%+
2026-06-02,003670,B,주의,4813.73,5.37,51.0,0.1,-9.91860674157303,-41.70786516853932,4.7,고PER(30+),고PBR(3+),배당<2%
2026-06-02,310210,B,주의,0.0,50.55,0.0,0.0,-3.0,-57.038626609442055,6.4,적자/무실적,고PBR(3+),무배당
2026-06-02,001340,A,주의,30.48,1.38,229.0,0.43,-7.17320261437908,-30.065359477124183,15.4,고PER(30+),중PBR(0.8~1.5),배당<2%
2026-06-04,003670,B,주의,4813.73,5.37,51.0,0.1,-9.51191873589164,-37.83295711060948,0.2,고PER(30+),고PBR(3+),배당<2%
2026-06-04,082740,B,주의,31.0,9.63,2071.0,0.0,-10.09301919720768,-31.84991273996509,20.9,고PER(30+),고PBR(3+),무배당
2026-06-04,455900,A,주의,0.0,12.08,0.0,0.0,-7.61948529411764,-25.91911764705882,-0.6,적자/무실적,고PBR(3+),무배당
