출발일,code,name,유형,등급,국면,진입월,고점3M,고점6M,고점일수,고점일,고점월,창완결,ex_ret,ex_how,ex_bars,fwd40
1997-01-30,003620,KG모빌리티,A,B,실행,1,26.3,26.3,9,1997-02-13,2,True,-0.057734412470024,손절,1,-0.1151079136690647
1997-03-20,004010,004010,A,B,실행,3,-7.6,-7.6,1,1997-03-21,3,True,-0.0589411764705881,손절,1,-0.5594117647058823
1997-03-21,004010,004010,A,B,실행,3,-6.4,-6.4,5,1997-03-28,3,True,-0.05,손절,1,-0.5605095541401274
1997-03-24,012750,에스원,A,B,실행,3,24.6,24.6,5,1997-03-31,3,True,0.0696517412935322,목표,2,0.0298507462686568
1997-06-19,000720,현대건설,A,B,주의,6,5.2,5.2,9,1997-07-02,7,True,-0.0703862660944205,손절,4,-0.1030042918454935
1997-09-01,003600,003600,A,B,실행,9,5.2,5.2,9,1997-09-12,9,True,-0.05,손절,1,-0.3229166666666666
1997-09-23,011650,011650,A,B,실행,9,9.9,9.9,8,1997-10-06,10,True,0.0748502994011977,목표,1,-0.3353293413173652
1997-10-07,011200,HMM,A,A,실행,10,4.3,4.3,4,1997-10-13,10,True,-0.0510251798561152,손절,7,-0.3769784172661871
1997-10-08,005935,삼성전자우,A,B,실행,10,7.9,7.9,1,1997-10-09,10,True,-0.0500000000000001,손절,1,-0.4862068965517241
1997-10-16,010140,삼성중공업,A,C,실행,10,12.7,29.3,86,1998-02-27,2,True,-0.05,손절,1,-0.4483985765124555
1997-10-17,002610,002610,A,A,실행,10,35.2,99.3,87,1998-03-03,3,True,-0.0807931034482759,손절,1,-0.2068965517241379
1997-10-20,009540,HD한국조선해양,A,C,실행,10,46.6,142.6,87,1998-03-04,3,True,-0.05,손절,1,-0.1606425702811245
1997-10-20,002610,002610,A,C,실행,10,49.6,120.6,86,1998-03-03,3,True,0.0801526717557252,목표,3,0.0152671755725191
1997-10-27,006800,미래에셋증권,A,C,실행,10,29.5,29.5,7,1997-11-05,11,True,-0.0584821428571428,손절,1,-0.3053571428571429
1997-12-09,005490,POSCO홀딩스,A,C,실행,12,83.6,83.6,50,1998-03-03,3,True,0.1069114470842331,목표,2,0.3736501079913608
1997-12-12,017670,SK텔레콤,A,B,실행,12,43.6,43.6,25,1998-01-30,1,True,0.0903686087990487,목표,3,0.258026159334126
1998-01-21,027460,027460,A,C,실행,1,4.7,4.7,6,1998-02-03,2,True,-0.05,손절,1,-0.300130246877035
1998-01-22,006800,미래에셋증권,A,C,실행,1,21.8,21.8,5,1998-02-03,2,True,-0.0586363636363637,손절,1,-0.2967015285599356
1998-01-22,029890,029890,A,C,실행,1,23.2,23.2,5,1998-02-03,2,True,-0.05,손절,1,-0.2988929889298893
1998-01-22,005380,현대차,A,C,실행,1,37.8,37.8,4,1998-02-02,2,True,0.0885826771653541,목표,2,-0.094488188976378
1998-01-22,006400,삼성SDI,A,C,실행,1,80.5,80.5,19,1998-02-23,2,True,0.0894160583941605,목표,2,0.3503649635036496
1998-02-05,029890,029890,A,C,실행,2,8.7,8.7,2,1998-02-09,2,True,0.0706521739130434,목표,1,-0.4565217391304347
1998-02-05,009150,삼성전기,A,C,실행,2,80.0,80.0,17,1998-03-02,3,True,0.069767441860465,목표,1,0.1581395348837209
1998-02-11,003810,003810,A,C,실행,2,17.4,17.4,14,1998-03-03,3,True,-0.0548141891891892,손절,1,-0.1891891891891892
1998-02-11,007410,007410,A,C,실행,2,29.0,29.0,14,1998-03-03,3,True,-0.0581896551724139,손절,1,-0.0689655172413793
1998-02-13,000810,삼성화재,A,C,실행,2,51.2,51.2,11,1998-03-02,3,True,0.0901515151515151,목표,3,0.3333333333333335
1998-02-17,002000,002000,A,B,실행,2,23.4,23.4,9,1998-03-02,3,True,0.073394495412844,목표,2,-0.1192660550458715
1998-03-05,023130,023130,A,C,실행,3,4.2,4.2,5,1998-03-12,3,True,-0.05,손절,1,-0.2838983050847458
1998-03-06,015760,한국전력,A,C,실행,3,7.2,7.2,3,1998-03-11,3,True,0.0721649484536082,목표,3,-0.1030927835051546
1998-03-06,010140,삼성중공업,A,C,실행,3,31.0,31.0,6,1998-03-16,3,True,0.1203007518796992,목표,2,-0.0279269602577872
1998-03-06,011170,롯데케미칼,A,B,실행,3,13.9,13.9,3,1998-03-11,3,True,0.0913043478260868,목표,1,-0.1478260869565217
1998-03-06,007410,007410,A,B,실행,3,6.7,6.7,4,1998-03-12,3,True,-0.0613333333333333,트레일,16,-0.2333333333333332
1998-03-09,005380,현대차,A,C,실행,3,22.8,22.8,5,1998-03-16,3,True,0.087719298245614,목표,1,-0.2214912280701754
1998-03-18,010140,삼성중공업,A,A,실행,3,6.6,6.6,2,1998-03-20,3,True,-0.0596776008308812,손절,4,-0.1981132075471697
1998-04-02,005930,삼성전자,A,B,실행,4,32.2,32.2,7,1998-04-13,4,True,-0.05,손절,1,-0.2250396196513471
1998-04-03,005930,삼성전자,A,C,실행,4,39.0,39.0,6,1998-04-13,4,True,0.0766666666666664,목표,1,-0.25
1998-04-03,002610,002610,A,C,실행,4,15.1,15.1,6,1998-04-13,4,True,-0.05,손절,1,-0.2752568262904065
1998-04-03,009150,삼성전기,A,B,실행,4,50.3,50.3,6,1998-04-13,4,True,0.1287015945330296,목표,1,-0.2255125284738041
1998-04-03,006400,삼성SDI,A,B,실행,4,55.4,55.4,6,1998-04-13,4,True,0.0852059925093633,목표,1,-0.1367041198501872
1998-04-03,029530,신도리코,A,B,실행,4,19.4,19.4,5,1998-04-10,4,True,0.0870967741935484,목표,1,-0.0752688172043011
1998-05-06,000810,삼성화재,A,B,실행,5,13.8,13.8,6,1998-05-14,5,True,0.0808823529411764,목표,1,-0.2205882352941177
1998-05-06,005930,삼성전자,A,A,실행,5,6.5,6.5,6,1998-05-14,5,True,-0.0524846153846154,손절,9,-0.2815384615384615
1998-05-06,009150,삼성전기,A,C,실행,5,5.0,5.0,1,1998-05-07,5,True,-0.0759999999999999,트레일,3,-0.1624999999999999
1998-05-07,007610,선도전기,A,B,실행,5,13.9,13.9,12,1998-05-25,5,True,-0.05,손절,1,-0.4011210023079459
1998-05-26,017670,SK텔레콤,A,C,실행,5,26.7,26.7,37,1998-07-20,7,True,0.0769230769230768,목표,7,0.0407239819004523
1998-07-02,000660,SK하이닉스,A,B,실행,7,41.1,44.6,123,1998-12-28,12,True,-0.057262396694215,손절,1,0.1694214876033057
1998-07-13,011200,HMM,A,B,실행,7,40.4,76.1,120,1999-01-07,1,True,0.1009174311926606,목표,2,0.036697247706422
1998-08-18,011200,HMM,A,C,실행,8,46.3,87.3,95,1999-01-07,1,True,0.0853658536585366,목표,1,0.1512195121951218
1998-09-14,015760,한국전력,A,B,실행,9,68.2,111.0,76,1999-01-07,1,True,0.1040462427745665,목표,8,0.3468208092485549
1998-10-26,000660,SK하이닉스,A,C,실행,10,57.3,57.3,44,1998-12-28,12,True,-0.0564044943820225,손절,1,0.1977528089887639
1998-10-28,003240,태광산업,A,C,실행,10,17.9,52.5,126,1999-05-10,5,True,-0.0213333333333333,트레일,3,0.0252525252525253
1998-11-05,005440,현대지에프홀딩스,A,C,실행,11,17.3,55.6,120,1999-05-07,5,True,-0.0711111111111111,손절,2,-0.1457777777777776
1998-11-11,000810,삼성화재,A,B,실행,11,49.2,143.5,115,1999-05-06,5,True,0.0873015873015874,목표,4,0.2952380952380953
1998-12-14,017670,SK텔레콤,A,C,주의,12,49.3,200.4,117,1999-06-10,6,True,0.0690298507462687,목표,1,0.0820895522388061
1998-12-14,002610,002610,A,C,주의,12,44.4,143.0,125,1999-06-22,6,True,0.0809859154929577,목표,6,-0.1056338028169012
1998-12-14,000110,000110,A,C,주의,12,-3.4,-3.4,1,1998-12-15,12,True,-0.05,손절,1,-0.6680672268907564
1998-12-16,015580,015580,A,A,실행,12,48.6,127.1,125,1999-06-24,6,True,0.1135714285714286,목표,1,0.0071428571428571
1998-12-16,000110,000110,A,C,실행,12,-7.2,-7.2,2,1998-12-18,12,False,-0.05,손절,1,-0.5784883720930232
1998-12-16,002860,002860,A,C,실행,12,-6.6,-6.6,2,1998-12-18,12,True,-0.094303574070694,손절,1,-0.5149532710280373
1998-12-17,000830,000830,A,A,실행,12,43.8,371.2,126,1999-06-28,6,True,0.1240000000000001,목표,3,-0.1024
1998-12-17,003810,003810,A,C,실행,12,18.9,55.9,87,1999-05-03,5,True,0.1184782608695653,목표,2,-0.3195652173913044
1998-12-18,008810,008810,A,A,실행,12,23.0,30.9,91,1999-05-11,5,True,0.012,트레일,2,-0.2604651162790697
1998-12-23,003810,003810,A,B,주의,12,12.6,53.2,83,1999-05-03,5,True,0.0844017094017093,목표,6,-0.3173076923076922
1998-12-23,000830,000830,A,A,주의,12,61.0,378.9,122,1999-06-28,6,True,0.0699186991869917,목표,2,-0.0260162601626016
1998-12-23,008810,008810,A,A,주의,12,25.7,33.7,88,1999-05-11,5,True,-0.0802850356294536,트레일,2,-0.2019002375296912
1999-01-18,000030,000030,A,B,주의,1,55.0,55.0,55,1999-04-12,4,True,-0.0690000000000001,손절,3,0.24
1999-01-21,029890,029890,A,B,실행,1,25.4,100.8,125,1999-07-23,7,True,-0.0616803278688524,손절,1,0.0204918032786884
1999-01-21,008670,008670,A,A,실행,1,112.2,112.2,63,1999-04-27,4,True,-0.0597475888425442,손절,1,0.2319660537482319
1999-01-21,023130,023130,A,B,실행,1,137.8,221.3,105,1999-06-25,6,True,-0.0727902550307612,손절,2,0.5731707317073171
1999-01-21,003480,한진중공업홀딩스,A,C,실행,1,18.2,61.6,115,1999-07-09,7,True,0.1034482758620689,목표,3,0.0098522167487684
1999-01-21,008810,008810,A,B,실행,1,21.9,40.4,72,1999-05-11,5,True,-0.05,손절,1,-0.112219451371571
1999-01-22,018360,018360,A,C,실행,1,29.7,86.5,109,1999-07-02,7,True,0.09009009009009,목표,5,0.0495495495495494
1999-01-22,007360,007360,A,B,실행,1,91.8,111.2,115,1999-07-12,7,True,-0.05,손절,2,0.3928571428571428
1999-01-25,005380,현대차,A,B,실행,1,51.4,88.4,112,1999-07-08,7,True,0.077027027027027,목표,2,0.0270270270270269
1999-02-09,007410,007410,A,B,실행,2,22.6,37.7,104,1999-07-13,7,True,0.0820754716981131,목표,3,-0.0905660377358491
1999-03-18,024110,기업은행,A,C,실행,3,169.2,307.9,79,1999-07-09,7,True,-0.0544289044289044,손절,1,0.4219114219114219
1999-04-19,000030,000030,B,C,주의,4,5.5,5.5,1,1999-04-20,4,True,-0.083046875,손절,7,-0.296875
1999-04-23,029890,029890,A,C,주의,4,73.4,150.0,107,1999-09-22,9,False,-0.0653225806451612,손절,1,-0.3024193548387096
1999-04-26,029890,029890,A,A,주의,4,109.4,165.0,106,1999-09-22,9,False,-0.0823931623931624,트레일,6,-0.2179487179487179
1999-04-29,000030,000030,A,C,실행,4,23.4,23.4,52,1999-07-13,7,True,0.1144278606965174,목표,5,0.0
1999-05-12,007410,007410,A,A,실행,5,52.7,52.7,44,1999-07-13,7,True,0.0721757322175731,목표,1,0.1297071129707112
1999-05-17,004280,004280,A,C,실행,5,14.6,14.6,29,1999-06-25,6,False,-0.0777083333333333,손절,8,
1999-05-17,005440,현대지에프홀딩스,A,B,실행,5,78.5,78.5,46,1999-07-20,7,True,-0.05,손절,1,0.6153846153846154
1999-05-24,008810,008810,A,B,실행,5,32.8,32.8,17,1999-06-16,6,False,-0.0630707465277778,손절,1,0.046875
1999-05-25,008810,008810,A,C,실행,5,43.7,43.7,16,1999-06-16,6,False,0.1359154929577464,목표,3,0.1267605633802817
1999-07-21,000030,000030,A,B,실행,7,-0.5,-0.5,6,1999-07-29,7,True,-0.098010752688172,손절,2,-0.4860215053763441
1999-07-21,007410,007410,A,C,실행,7,8.4,8.4,17,1999-08-13,8,True,-0.0498951781970649,트레일,2,-0.5020964360587002
1999-07-22,000030,000030,A,B,주의,7,1.6,1.6,5,1999-07-29,7,True,-0.12,트레일,2,-0.4945054945054944
1999-07-22,011160,011160,A,A,주의,7,6.2,6.2,1,1999-07-23,7,True,-0.061422003714629,손절,1,-0.3415929203539823
1999-07-26,004020,현대제철,A,C,실행,7,38.0,38.0,5,1999-08-02,8,True,0.1451127819548872,목표,3,0.2436090225563909
1999-07-26,001200,유진투자증권,A,A,실행,7,40.2,57.7,80,1999-11-17,11,True,0.0850515463917527,목표,2,0.0773195876288661
1999-07-26,000720,현대건설,A,A,실행,7,31.3,31.3,25,1999-08-30,8,True,0.0738569753810081,목표,2,0.0140679953106681
1999-07-26,010520,010520,A,C,실행,7,16.6,16.6,4,1999-07-30,7,True,0.1124999999999998,목표,2,-0.169736842105263
1999-07-26,008980,008980,A,B,실행,7,25.7,25.7,7,1999-08-04,8,True,0.1348511383537654,목표,2,-0.1401050788091068
1999-07-26,008670,008670,A,B,실행,7,21.1,49.8,80,1999-11-17,11,True,0.108416547788873,목표,2,-0.0741797432239658
1999-07-26,009050,009050,A,A,실행,7,31.6,31.6,3,1999-07-29,7,True,0.0965909090909091,목표,2,-0.059090909090909
1999-07-26,007360,007360,A,A,실행,7,13.8,13.8,2,1999-07-28,7,True,-0.05,손절,1,-0.1213389121338912
1999-08-02,007360,007360,A,B,실행,8,23.9,23.9,3,1999-08-05,8,True,0.0779816513761468,목표,2,-0.1330275229357798
1999-08-02,016830,016830,A,B,실행,8,30.4,35.9,77,1999-11-19,11,True,0.0745856353591161,목표,2,-0.0817679558011049
1999-08-16,001200,유진투자증권,A,B,실행,8,39.8,41.7,65,1999-11-17,11,True,-0.05,손절,1,-0.0277777777777777
1999-08-16,015760,한국전력,B,C,실행,8,38.4,41.8,71,1999-11-25,11,True,0.1759943181818182,트레일,28,0.0795454545454545
1999-08-17,015760,한국전력,B,C,실행,8,37.4,40.8,70,1999-11-25,11,True,0.1677009873060648,트레일,27,0.1114245416078985
1999-08-17,001200,유진투자증권,A,B,실행,8,50.2,52.2,64,1999-11-17,11,True,0.0796019900497513,목표,1,0.1542288557213931
1999-08-27,016830,016830,A,A,실행,8,35.2,35.2,58,1999-11-19,11,True,-0.0426373626373626,트레일,19,-0.0549450549450549
1999-09-02,000280,000280,A,A,실행,9,10.6,10.6,5,1999-09-09,9,True,0.0773361976369495,목표,5,-0.3469387755102041
1999-09-02,003450,003450,A,C,실행,9,66.2,66.2,51,1999-11-16,11,True,0.1283783783783783,목표,5,0.0833333333333332
1999-09-02,000720,현대건설,A,A,실행,9,7.6,7.6,2,1999-09-06,9,True,-0.0528395061728396,트레일,11,-0.186307519640853
1999-09-02,006800,미래에셋증권,A,B,실행,9,46.5,46.5,52,1999-11-17,11,True,0.0695538057742781,목표,1,-0.073490813648294
1999-09-02,016360,삼성증권,A,B,실행,9,62.7,62.7,52,1999-11-17,11,True,0.0802005012531328,목표,1,0.1654135338345865
1999-09-27,000120,CJ대한통운,A,C,실행,9,95.8,113.4,65,1999-12-27,12,True,0.084507042253521,목표,1,0.852112676056338
1999-09-30,010130,고려아연,A,B,실행,9,10.0,10.0,15,1999-10-21,10,True,-0.0621138649425287,손절,1,-0.1689655172413793
1999-09-30,030210,다올투자증권,A,C,실행,9,170.0,170.0,34,1999-11-17,11,True,0.1399999999999999,목표,2,1.35
1999-09-30,002550,002550,A,B,실행,9,47.9,47.9,33,1999-11-16,11,True,-0.05,손절,1,0.0903225806451613
1999-09-30,001680,대상,A,B,실행,9,0.9,0.9,3,1999-10-05,10,True,-0.05,손절,1,-0.2962962962962963
1999-10-01,002550,002550,A,A,실행,10,66.7,66.7,32,1999-11-16,11,True,0.1281818181818181,목표,4,0.1418181818181818
1999-10-01,006360,GS건설,A,B,실행,10,28.3,28.3,27,1999-11-09,11,True,0.106951871657754,목표,3,-0.1176470588235294
1999-10-01,010130,고려아연,A,A,실행,10,20.4,20.4,14,1999-10-21,10,True,-0.0566918238993711,손절,3,-0.1320754716981131
1999-10-01,000240,한국앤컴퍼니,A,A,실행,10,29.4,29.4,32,1999-11-16,11,True,0.0716049382716048,목표,4,0.0172839506172839
1999-10-01,001120,LX인터내셔널,A,A,실행,10,24.3,24.3,30,1999-11-12,11,True,-0.0857777777777778,트레일,2,-0.0763888888888888
1999-10-01,025860,남해화학,A,A,실행,10,48.2,48.2,42,1999-11-30,11,True,-0.0560706073960529,손절,2,0.1742671009771985
1999-10-04,001120,LX인터내셔널,A,B,실행,10,30.7,30.7,29,1999-11-12,11,True,-0.05,손절,1,0.0175182481751825
1999-10-04,003480,한진중공업홀딩스,A,C,실행,10,17.6,17.6,7,1999-10-13,10,True,-0.0837777777777778,손절,1,-0.0666666666666666
1999-10-04,000700,유수홀딩스,A,C,실행,10,25.4,25.4,28,1999-11-11,11,True,-0.09665714567984,손절,1,-0.3068247541931753
1999-10-05,003490,대한항공,A,B,실행,10,50.2,50.2,48,1999-12-10,12,True,-0.05,손절,1,0.2334630350194551
1999-10-05,010140,삼성중공업,A,B,실행,10,28.8,28.8,24,1999-11-08,11,True,0.0750688705234159,목표,1,0.0495867768595041
1999-10-05,015760,한국전력,B,C,실행,10,27.0,27.0,37,1999-11-25,11,True,-0.0938027989821883,손절,14,0.1704834605597964
1999-10-05,017670,SK텔레콤,B,C,실행,10,300.5,356.3,88,2000-02-11,2,True,0.4401440144014401,목표,25,1.4113411341134112
1999-10-05,004020,현대제철,A,B,실행,10,32.7,32.7,8,1999-10-15,10,True,0.0710937499999999,목표,1,0.0359374999999999
1999-10-05,005830,DB손해보험,A,B,실행,10,75.7,75.7,31,1999-11-17,11,True,0.079608938547486,목표,1,0.2486033519553072
1999-10-05,005440,현대지에프홀딩스,A,B,실행,10,32.1,32.1,50,1999-12-14,12,True,0.0725190839694656,목표,1,-0.0076335877862595
1999-10-05,005810,풍산홀딩스,A,A,실행,10,29.9,29.9,28,1999-11-12,11,True,0.0747126436781608,목표,2,-0.0574712643678161
1999-10-05,000830,000830,A,C,실행,10,87.9,87.9,28,1999-11-12,11,True,0.1017241379310345,목표,1,0.6620689655172414
1999-10-14,000270,기아,A,C,실행,10,4.6,4.6,12,1999-11-01,11,True,-0.0964174601467693,손절,7,-0.497071129707113
1999-10-18,008270,008270,A,C,실행,10,72.8,72.8,22,1999-11-17,11,True,-0.0682352941176471,트레일,5,0.0588235294117647
1999-10-18,005810,풍산홀딩스,A,B,실행,10,20.3,20.3,19,1999-11-12,11,True,-0.0637529952076679,손절,5,-0.0042598509052184
1999-10-19,030210,다올투자증권,A,C,실행,10,133.3,133.3,21,1999-11-17,11,True,0.0716049382716048,목표,2,0.7469135802469136
1999-10-19,008270,008270,A,B,실행,10,78.0,78.0,21,1999-11-17,11,True,0.0681818181818183,목표,1,0.1590909090909091
1999-10-26,003540,대신증권,A,A,실행,10,64.6,64.6,16,1999-11-17,11,True,-0.061907275310431,손절,2,-0.0559006211180124
1999-11-05,009050,009050,A,C,실행,11,10.5,31.9,98,2000-03-30,3,True,0.0732558139534884,목표,2,-0.2616279069767442
1999-11-08,000270,기아,A,B,실행,11,2.3,2.3,1,1999-11-09,11,True,-0.0559896275842537,손절,4,-0.409090909090909
1999-11-16,000150,두산,A,B,주의,11,18.4,18.4,4,1999-11-22,11,True,0.0785714285714285,목표,3,-0.2885714285714286
1999-11-18,008670,008670,A,A,실행,11,3.9,3.9,1,1999-11-19,11,True,-0.070019521446498,손절,4,-0.5161111111111112
1999-11-25,000150,두산,A,C,실행,11,6.9,8.4,71,2000-03-13,3,True,-0.05,손절,1,-0.3477611940298507
1999-11-25,006800,미래에셋증권,A,B,실행,11,3.8,3.8,1,1999-11-26,11,True,-0.0599296293472181,손절,1,-0.4796954314720812
1999-11-26,016360,삼성증권,A,B,실행,11,6.5,6.5,49,2000-02-10,2,True,-0.0626106194690265,손절,1,-0.1603982300884956
1999-11-26,009410,태영건설,A,C,실행,11,25.6,25.6,11,1999-12-13,12,True,0.0719512195121951,목표,1,-0.1097560975609756
1999-11-26,005830,DB손해보험,A,A,실행,11,8.9,8.9,2,1999-11-30,11,True,0.076470588235294,목표,2,-0.1223529411764705
1999-11-26,002550,002550,A,C,실행,11,3.2,3.2,2,1999-11-30,11,True,-0.0826212355598073,손절,7,-0.2587579617834394
1999-11-26,011170,롯데케미칼,A,B,실행,11,18.9,18.9,4,1999-12-02,12,True,0.077720207253886,목표,2,-0.0984455958549223
1999-11-26,003450,003450,A,C,실행,11,11.5,11.5,2,1999-11-30,11,True,0.0746691871455575,목표,2,-0.0812854442344045
1999-11-29,012330,현대모비스,A,B,실행,11,33.1,33.1,13,1999-12-16,12,True,0.0788712011577423,목표,2,-0.1273516642547033
1999-11-29,000210,DL,A,B,실행,11,25.8,25.8,19,1999-12-24,12,True,0.0749999999999999,목표,1,-0.2908333333333334
1999-11-29,012450,한화에어로스페이스,A,A,실행,11,54.8,54.8,54,2000-02-18,2,True,0.0849947534102835,목표,1,0.248688352570829
1999-12-03,008270,008270,A,C,실행,12,20.1,20.1,9,1999-12-16,12,True,0.1005398110661268,목표,1,-0.2537112010796222
1999-12-07,005830,DB손해보험,A,C,주의,12,27.5,27.5,4,1999-12-13,12,True,0.0805555555555554,목표,1,0.0388888888888889
1999-12-08,008270,008270,A,B,주의,12,29.5,29.5,6,1999-12-16,12,True,0.0858806404657932,목표,1,-0.1921397379912665
1999-12-08,001830,001830,A,B,주의,12,37.4,74.8,76,2000-03-31,3,True,0.0777310924369747,목표,2,-0.1932773109243698
1999-12-16,004150,한솔홀딩스,A,C,실행,12,8.3,8.3,2,1999-12-20,12,True,-0.0466666666666667,트레일,5,-0.3993055555555554
1999-12-17,033880,033880,A,B,실행,12,48.6,48.6,5,1999-12-24,12,True,-0.05,손절,1,-0.2462264150943396
1999-12-20,033630,033630,B,C,실행,12,42.5,42.5,9,2000-01-06,1,True,-0.0825071225071224,손절,4,-0.0427350427350426
1999-12-20,033880,033880,A,B,실행,12,50.0,50.0,4,1999-12-24,12,True,0.0714285714285714,목표,1,-0.2695238095238095
1999-12-21,012330,현대모비스,A,C,실행,12,7.4,7.4,7,2000-01-05,1,True,-0.0881892024583848,손절,1,-0.397677793904209
1999-12-21,005945,NH투자증권우,A,B,실행,12,40.2,40.2,29,2000-02-07,2,True,-0.0561919642857142,손절,1,0.0625
1999-12-21,003545,대신증권우,A,A,실행,12,52.2,52.2,63,2000-03-27,3,True,-0.05,손절,1,0.2173913043478261
1999-12-21,001830,001830,A,B,실행,12,64.7,85.7,67,2000-03-31,3,True,-0.0557083985283048,손절,1,-0.2633928571428572
1999-12-22,001830,001830,A,C,실행,12,75.0,96.2,66,2000-03-31,3,True,-0.0867924528301885,트레일,3,-0.1981132075471697
1999-12-22,012330,현대모비스,A,C,실행,12,16.5,16.5,6,2000-01-05,1,True,0.1102362204724409,목표,1,-0.2598425196850393
1999-12-27,004000,롯데정밀화학,A,A,주의,12,80.4,80.4,34,2000-02-18,2,True,0.0865921787709498,목표,2,0.3966480446927374
1999-12-28,000210,DL,A,C,주의,12,2.7,2.7,1,2000-01-04,1,True,-0.0900383141762452,손절,1,-0.5402298850574713
1999-12-28,012750,에스원,A,A,주의,12,32.1,32.1,48,2000-03-13,3,True,0.0943877551020409,목표,1,0.1428571428571428
1999-12-28,033880,033880,A,A,주의,12,20.0,20.0,50,2000-03-15,3,True,-0.0672727272727272,손절,1,-0.3509090909090909
1999-12-28,012450,한화에어로스페이스,A,A,주의,12,36.6,36.6,33,2000-02-18,2,True,0.0925925925925925,목표,1,0.0833333333333332
2000-01-05,000880,한화,A,B,실행,1,3.7,3.7,5,2000-01-12,1,True,-0.0783582089552238,손절,1,-0.2746268656716417
2000-01-06,000880,한화,A,B,실행,1,12.3,12.3,4,2000-01-12,1,True,0.0815831987075927,목표,3,-0.159935379644588
2000-01-06,033880,033880,A,C,실행,1,26.9,26.9,47,2000-03-15,3,True,-0.0865384615384615,손절,1,-0.2423076923076922
2000-01-06,018360,018360,A,C,실행,1,51.8,51.8,45,2000-03-13,3,True,0.1040145985401459,목표,3,0.2956204379562042
2000-01-06,000660,SK하이닉스,A,C,실행,1,29.7,29.7,11,2000-01-21,1,True,0.0878995433789955,목표,6,0.0136986301369863
2000-01-07,033880,033880,A,B,실행,1,40.0,40.0,46,2000-03-15,3,True,0.0726405090137858,목표,1,-0.1484623541887593
2000-01-13,009720,009720,A,C,실행,1,26.8,45.9,117,2000-07-06,7,True,0.0817073170731708,목표,1,-0.1902439024390243
2000-01-19,017300,017300,A,B,실행,1,52.3,52.3,32,2000-03-07,3,True,0.0692307692307692,목표,4,0.2846153846153847
2000-01-19,002615,002615,A,C,실행,1,10.8,10.8,12,2000-02-07,2,True,-0.0731081081081082,손절,1,-0.2162162162162163
2000-01-20,002610,002610,B,A,실행,1,4.6,4.6,11,2000-02-07,2,True,-0.0728518987341773,손절,2,-0.2949367088607595
2000-01-20,017300,017300,A,B,실행,1,59.0,59.0,31,2000-03-07,3,True,0.0702811244979921,목표,1,0.3172690763052208
2000-01-20,025770,한국정보통신,A,A,실행,1,253.5,253.5,37,2000-03-15,3,True,-0.0531875045429481,손절,1,1.727272727272727
2000-01-20,027350,027350,A,A,실행,1,87.5,87.5,33,2000-03-09,3,True,-0.0506729166666666,손절,1,0.3333333333333332
2000-01-20,031820,아이티센씨티에스,A,A,실행,1,64.0,64.0,30,2000-03-06,3,True,0.1,목표,1,0.1399999999999999
2000-01-20,000140,하이트진로홀딩스,A,A,실행,1,10.5,80.6,110,2000-07-04,7,True,0.0740445859872611,목표,6,-0.10828025477707
2000-01-20,002615,002615,A,A,실행,1,17.1,17.1,11,2000-02-07,2,True,-0.0830609323882224,손절,2,-0.1542857142857143
2000-01-20,008060,대덕,A,C,실행,1,31.4,31.4,43,2000-03-23,3,True,0.0681818181818181,목표,4,0.1999999999999999
2000-01-24,027350,027350,A,C,실행,1,115.3,115.3,31,2000-03-09,3,True,0.0741626794258372,목표,3,0.6794258373205744
2000-02-14,017300,017300,A,A,실행,2,39.4,39.4,15,2000-03-07,3,True,-0.0566901408450705,손절,2,-0.2464788732394367
2000-02-14,002610,002610,A,C,실행,2,17.0,17.0,38,2000-04-10,4,True,-0.0565245901639342,트레일,5,0.0819672131147541
2000-02-15,001040,CJ,A,C,실행,2,28.3,28.3,6,2000-02-23,2,True,0.0869565217391303,목표,2,-0.1376811594202899
2000-02-22,012450,한화에어로스페이스,A,C,실행,2,8.9,8.9,1,2000-02-23,2,True,0.0691056910569105,목표,1,-0.3682926829268292
2000-02-28,003600,003600,A,C,실행,2,15.9,15.9,6,2000-03-08,3,True,0.0959183673469388,목표,2,-0.1999999999999999
2000-02-28,005935,삼성전자우,A,B,실행,2,103.4,103.4,20,2000-03-28,3,True,0.1176470588235292,목표,2,0.3627450980392155
2000-02-28,003550,LG,A,C,실행,2,11.9,11.9,28,2000-04-10,4,True,-0.0559748427672958,손절,1,-0.2232704402515724
2000-02-28,030200,KT,B,C,실행,2,22.2,22.2,7,2000-03-09,3,True,0.03859918200409,트레일,9,-0.2249488752556236
2000-02-29,005935,삼성전자우,A,B,실행,2,101.5,101.5,19,2000-03-28,3,True,0.0825242718446601,목표,1,0.4466019417475728
2000-02-29,003550,LG,A,A,실행,2,18.9,18.9,27,2000-04-10,4,True,0.0843071786310516,목표,1,-0.1485809682804675
2000-03-09,005890,005890,A,C,실행,3,7.7,7.7,15,2000-03-30,3,True,-0.0594059405940594,손절,2,-0.3973488257916701
2000-03-10,005890,005890,A,C,실행,3,11.2,11.2,14,2000-03-30,3,True,-0.0674846625766871,손절,2,-0.3803962660627468
2000-03-13,005935,삼성전자우,A,C,실행,3,63.4,63.4,11,2000-03-28,3,True,0.0767716535433069,목표,5,0.2637795275590551
2000-03-16,025560,미래산업,A,A,실행,3,10.6,10.6,1,2000-03-17,3,True,0.0809859154929577,목표,1,-0.5084507042253522
2000-03-16,018360,018360,A,A,실행,3,22.5,22.5,5,2000-03-23,3,True,0.1208053691275168,목표,4,-0.4838926174496644
2000-03-16,031820,아이티센씨티에스,A,B,실행,3,9.1,9.1,7,2000-03-27,3,True,-0.0587826086956522,트레일,3,-0.6043478260869566
2000-03-17,008270,008270,A,B,실행,3,-0.4,-0.4,1,2000-03-20,3,True,-0.077027027027027,손절,1,-0.701280227596017
2000-03-17,012750,에스원,A,B,실행,3,3.0,3.0,3,2000-03-22,3,True,-0.0675811354166666,손절,2,-0.2875
2000-03-17,018360,018360,A,A,실행,3,23.3,23.3,4,2000-03-23,3,True,0.0878378378378377,목표,3,-0.4797297297297297
2000-03-27,017300,017300,A,B,실행,3,5.0,5.0,1,2000-03-28,3,True,-0.0658862876254179,손절,2,-0.6923076923076923
2000-03-28,017300,017300,A,B,실행,3,-2.0,-2.0,1,2000-03-29,3,True,-0.0596938775510206,손절,1,-0.6605442176870748
2000-03-29,003540,대신증권,A,A,실행,3,-9.1,-9.1,1,2000-03-30,3,True,-0.0639296187683284,손절,1,-0.5102639296187683
2000-03-30,018360,018360,A,C,실행,3,5.7,5.7,1,2000-03-31,3,True,-0.0499999999999999,손절,3,-0.3428571428571428
2000-03-30,009180,한솔로지스틱스,A,B,실행,3,3.5,3.5,1,2000-03-31,3,True,-0.0533024333719581,손절,2,-0.4901506373117034
2000-03-30,003545,대신증권우,A,C,실행,3,-8.3,-8.3,1,2000-03-31,3,True,-0.0921415895061729,손절,1,-0.6018518518518519
2000-04-03,014900,014900,A,C,실행,4,18.8,18.8,6,2000-04-12,4,True,-0.0499999999999999,손절,1,-0.2180927436829908
2000-04-03,004000,롯데정밀화학,A,C,실행,4,23.4,23.4,5,2000-04-11,4,True,0.1098265895953756,목표,4,-0.1098265895953757
2000-04-03,016600,큐캐피탈,A,B,실행,4,12.9,12.9,4,2000-04-10,4,True,-0.05,손절,1,-0.2823170731707317
2000-04-04,032420,032420,A,B,실행,4,26.6,26.6,3,2000-04-10,4,True,0.14010989010989,목표,3,-0.1730769230769231
2000-04-04,019550,SBI인베스트먼트,A,C,실행,4,21.2,21.2,3,2000-04-10,4,True,0.1330357142857143,목표,3,-0.2267857142857142
2000-04-04,009180,한솔로지스틱스,A,C,실행,4,18.9,18.9,3,2000-04-10,4,True,0.1063829787234043,목표,3,-0.1574468085106384
2000-04-04,033030,033030,A,B,실행,4,34.1,34.1,22,2000-05-10,5,True,0.125925925925926,목표,2,-0.2555555555555554
2000-04-04,030210,다올투자증권,A,A,실행,4,35.0,35.0,50,2000-06-21,6,True,-0.0410256410256409,트레일,4,-0.1504273504273504
2000-04-04,015940,015940,A,C,실행,4,31.6,31.6,3,2000-04-10,4,True,0.1887871853546909,목표,3,-0.0663615560640732
2000-04-04,014900,014900,A,C,실행,4,19.0,19.0,5,2000-04-12,4,True,0.0888429752066115,목표,3,-0.2170157364428847
2000-04-04,016600,큐캐피탈,A,B,실행,4,28.3,28.3,3,2000-04-10,4,True,0.14404432132964,목표,2,-0.1552631578947367
2000-04-04,023590,다우기술,A,A,실행,4,23.9,23.9,3,2000-04-10,4,True,0.1,목표,2,-0.3263157894736842
2000-04-06,025930,025930,A,B,실행,4,19.6,19.6,2,2000-04-10,4,True,0.1696428571428572,목표,2,-0.4785714285714285
2000-04-06,030210,다올투자증권,A,C,실행,4,43.6,43.6,49,2000-06-21,6,True,0.0681818181818181,목표,1,-0.1045454545454545
2000-04-06,015940,015940,A,C,실행,4,30.7,30.7,2,2000-04-10,4,True,0.084090909090909,목표,1,-0.159090909090909
2000-04-06,019550,SBI인베스트먼트,A,B,실행,4,25.3,25.3,2,2000-04-10,4,True,0.084870848708487,목표,1,-0.2638376383763837
2000-04-12,027350,027350,A,A,실행,4,9.6,9.6,9,2000-04-26,4,True,-0.0705127388535032,손절,1,-0.340764331210191
2000-04-12,009180,한솔로지스틱스,A,C,실행,4,2.7,2.7,6,2000-04-21,4,True,-0.0593661971830986,손절,1,-0.3056338028169014
2000-04-12,015940,015940,B,B,실행,4,-5.8,-5.8,1,2000-04-14,4,True,-0.0520454545454545,손절,1,-0.28099173553719
2000-04-14,015940,015940,A,A,실행,4,-1.9,-1.9,3,2000-04-19,4,True,-0.0564061517295598,손절,1,-0.2735849056603774
2000-04-17,016600,큐캐피탈,A,C,실행,4,18.6,18.6,15,2000-05-10,5,True,-0.05,손절,1,-0.3079215116279069
2000-04-17,017670,SK텔레콤,B,C,실행,4,57.4,57.4,29,2000-06-02,6,True,0.023755607776116,트레일,6,0.328185279666235
2000-04-17,032420,032420,A,B,실행,4,19.0,19.0,13,2000-05-08,5,True,-0.0607476068609641,손절,1,-0.286144578313253
2000-04-17,011650,011650,A,B,실행,4,15.8,15.8,19,2000-05-17,5,False,-0.030204081632653,트레일,7,-0.326530612244898
2000-04-17,015940,015940,A,C,실행,4,15.2,15.2,2,2000-04-19,4,True,-0.0078670360110802,트레일,2,-0.1246537396121884
2000-04-17,025930,025930,A,C,실행,4,14.7,14.7,7,2000-04-26,4,True,-0.05,손절,1,-0.4197952218430034
2000-04-17,027350,027350,A,C,실행,4,37.1,37.1,7,2000-04-26,4,True,-0.05,손절,1,-0.2071713147410357
2000-04-17,019550,SBI인베스트먼트,A,B,실행,4,9.9,9.9,5,2000-04-24,4,True,-0.05,손절,1,-0.4059590316573557
2000-04-17,033130,디지틀조선,A,B,실행,4,47.9,47.9,15,2000-05-15,5,True,-0.05,손절,1,-0.277131217838765
2000-04-17,031390,031390,A,B,실행,4,16.3,16.3,5,2000-04-24,4,True,-0.0710727966800945,손절,1,-0.1828793774319065
2000-04-17,009150,삼성전기,B,C,실행,4,18.8,18.8,13,2000-05-08,5,True,0.0094499294781382,트레일,24,-0.0409026798307475
2000-04-17,005935,삼성전자우,A,B,실행,4,33.0,33.0,19,2000-05-17,5,True,0.1296296296296295,목표,1,0.125925925925926
2000-04-17,033030,033030,A,B,실행,4,50.2,50.2,15,2000-05-10,5,True,-0.05,손절,1,-0.2232365145228215
2000-04-18,033130,디지틀조선,A,B,실행,4,66.4,66.4,14,2000-05-15,5,True,-0.0627070063694267,손절,1,-0.1733642154024319
2000-04-18,031390,031390,A,B,실행,4,20.6,20.6,4,2000-04-24,4,True,0.0866935483870967,목표,1,-0.1370967741935485
2000-04-18,032580,피델릭스,A,A,실행,4,28.5,28.5,12,2000-05-08,5,True,-0.0477294685990338,트레일,2,-0.4106280193236715
2000-04-18,019550,SBI인베스트먼트,A,B,실행,4,12.6,12.6,4,2000-04-24,4,True,-0.0578625954198472,트레일,2,-0.3721374045801526
2000-04-18,018000,유니슨,A,C,실행,4,24.0,24.0,16,2000-05-15,5,True,-0.05,손절,1,-0.3835125448028673
2000-04-18,032420,032420,A,C,실행,4,28.2,28.2,12,2000-05-08,5,True,-0.0371428571428571,트레일,2,-0.2727272727272727
2000-04-18,011650,011650,A,B,실행,4,17.7,17.7,18,2000-05-17,5,False,0.0964730290456432,목표,3,-0.3163900414937759
2000-04-18,025770,한국정보통신,A,B,실행,4,26.6,26.6,50,2000-07-04,7,True,-0.0687853107344632,손절,1,-0.1807909604519774
2000-04-19,033130,디지틀조선,A,B,실행,4,73.2,73.2,13,2000-05-15,5,True,-0.0567955801104971,트레일,4,-0.1558262179809141
2000-04-20,001740,SK네트웍스,A,C,실행,4,66.8,68.2,65,2000-07-27,7,True,0.0727272727272727,목표,1,0.059090909090909
2000-04-25,012460,012460,A,B,실행,4,5.3,5.3,1,2000-04-26,4,True,-0.0545744156626504,손절,1,-0.4024096385542168
2000-04-26,012460,012460,A,C,실행,4,3.0,3.0,1,2000-04-27,4,True,-0.0739898989898991,손절,1,-0.3661616161616161
2000-04-26,025770,한국정보통신,A,C,실행,4,29.9,29.9,45,2000-07-04,7,True,-0.0568840579710144,손절,1,-0.026086956521739
2000-04-27,025770,한국정보통신,A,C,실행,4,47.4,47.4,44,2000-07-04,7,True,-0.05,손절,1,0.09375
2000-04-27,009150,삼성전기,B,C,실행,4,16.8,16.8,5,2000-05-08,5,True,-0.0073509015256587,트레일,16,-0.044382801664355
2000-04-27,012460,012460,A,C,실행,4,16.6,16.6,4,2000-05-04,5,True,0.0945558739255014,목표,2,-0.3123209169054441
2000-04-27,032620,GC메디아이,A,C,실행,4,25.2,25.2,8,2000-05-12,5,True,0.0691823899371069,목표,2,-0.1823899371069182
2000-05-15,027350,027350,A,B,실행,5,10.8,10.8,2,2000-05-17,5,True,0.0839552238805969,목표,1,-0.2201492537313433
2000-05-15,033240,자화전자,A,C,실행,5,15.8,27.1,78,2000-09-05,9,True,0.0931174089068826,목표,1,0.0607287449392712
2000-05-15,030520,한컴,A,B,실행,5,23.9,23.9,31,2000-06-28,6,True,-0.0562678814879734,손절,1,-0.1257668711656442
2000-05-16,030520,한컴,A,C,실행,5,30.7,30.7,30,2000-06-28,6,True,-0.1176375404530746,손절,1,0.0323624595469256
2000-05-23,005935,삼성전자우,A,C,실행,5,29.8,29.8,37,2000-07-14,7,True,-0.0639705882352941,손절,1,0.0955882352941177
2000-05-24,005935,삼성전자우,A,B,실행,5,39.5,39.5,36,2000-07-14,7,True,-0.0713043478260868,트레일,3,0.1976284584980236
2000-05-24,009150,삼성전기,A,C,실행,5,16.7,16.7,11,2000-06-09,6,True,-0.0571969696969697,손절,2,-0.1348484848484848
2000-06-12,000010,000010,A,B,실행,6,22.4,22.4,21,2000-07-11,7,True,-0.1081081081081081,트레일,2,-0.2391891891891892
2000-06-16,001830,001830,A,B,실행,6,20.4,20.4,9,2000-06-29,6,True,0.0711678832116786,목표,2,-0.2554744525547445
2000-06-26,030210,다올투자증권,A,A,실행,6,15.1,15.1,6,2000-07-04,7,True,0.0818965517241379,목표,2,-0.2844827586206896
2000-07-07,024110,기업은행,A,C,실행,7,14.9,14.9,2,2000-07-11,7,True,0.1119266055045871,목표,2,-0.3394495412844036
2000-07-10,000310,000310,A,B,실행,7,-3.3,-3.3,3,2000-07-13,7,True,-0.0772186046511629,손절,1,-0.386046511627907
2000-07-14,030210,다올투자증권,A,B,실행,7,-1.3,-1.3,1,2000-07-18,7,True,-0.0584444444444444,손절,1,-0.3608888888888889
2000-07-18,030210,다올투자증권,A,C,실행,7,-1.9,-1.9,1,2000-07-19,7,True,-0.0903301886792452,손절,1,-0.4198113207547169
2000-07-28,017670,SK텔레콤,A,B,실행,7,7.2,8.4,110,2001-01-12,1,True,-0.0596517587919276,손절,1,-0.0913978494623655
2000-07-31,017670,SK텔레콤,A,A,실행,7,7.6,8.8,109,2001-01-12,1,True,-0.0562692111616829,손절,5,-0.0215827338129497
2000-08-03,010520,010520,A,B,실행,8,0.0,26.2,109,2001-01-17,1,True,-0.05,손절,1,-0.3651006711409396
2000-08-04,009050,009050,A,A,실행,8,23.7,31.8,126,2001-02-15,2,True,0.0769784172661871,목표,3,-0.1942446043165467
2000-08-07,000010,000010,A,C,실행,8,33.3,33.3,38,2000-10-05,10,True,-0.0563651591289782,손절,1,0.202680067001675
2000-08-08,010120,LS ELECTRIC,A,C,실행,8,14.1,14.1,6,2000-08-17,8,True,0.0921875,목표,2,-0.3796874999999999
2000-08-18,020860,020860,A,C,실행,8,5.8,5.8,1,2000-08-21,8,True,-0.0691397849462364,트레일,3,-0.6152285510978583
2000-08-23,020860,020860,A,B,실행,8,6.1,6.1,5,2000-08-30,8,True,-0.0589252525252526,손절,1,-0.5220940050661413
2000-08-24,020860,020860,A,A,실행,8,6.2,6.2,4,2000-08-30,8,True,-0.0574219382321619,손절,1,-0.4643461218353155
2000-08-31,005930,삼성전자,A,A,실행,8,2.4,2.4,1,2000-09-01,9,True,-0.0645018281535649,손절,3,-0.4040219378427787
2000-09-08,009050,009050,A,C,실행,9,45.5,70.2,107,2001-02-22,2,True,-0.077654109589041,손절,1,0.1986301369863012
2000-09-18,000010,000010,A,C,실행,9,38.0,38.0,12,2000-10-05,10,True,-0.0532928942807625,손절,1,-0.0190641247833621
2000-09-19,009720,009720,A,A,실행,9,62.4,65.9,96,2001-02-13,2,True,-0.0592954990215264,손절,1,0.5127201565557731
2000-09-19,000010,000010,A,C,실행,9,42.1,42.1,11,2000-10-05,10,True,0.1035714285714286,목표,1,0.0678571428571428
2000-09-22,000270,기아,A,C,실행,9,34.8,34.8,37,2000-11-15,11,True,-0.0738693467336683,손절,13,0.3383584589614741
2000-11-23,000140,하이트진로홀딩스,A,C,실행,11,28.4,39.2,110,2001-05-11,5,True,0.0810810810810809,목표,3,0.0297297297297296
2001-01-03,010950,S-Oil,A,A,실행,1,38.5,70.9,106,2001-06-11,6,True,-0.0485470085470085,트레일,2,0.1175213675213675
2001-01-11,000140,하이트진로홀딩스,A,C,실행,1,29.1,39.9,80,2001-05-11,5,True,-0.05,손절,4,0.1739130434782607
2001-01-11,004020,현대제철,A,C,실행,1,63.0,63.0,25,2001-02-20,2,True,0.0836065573770492,목표,1,0.2950819672131148
2001-02-05,003490,대한항공,A,C,실행,2,9.7,12.0,76,2001-05-25,5,True,0.0802213001383125,목표,8,-0.2143845089903181
2001-02-05,000210,DL,A,A,실행,2,27.3,90.1,96,2001-06-25,6,True,0.0729166666666667,목표,3,-0.0694444444444444
2001-02-22,035610,솔본,A,C,실행,2,7.6,7.6,2,2001-02-26,2,True,-0.0532701421800947,트레일,4,-0.0900473933649289
2001-03-05,001510,SK증권,A,A,실행,3,7.9,7.9,43,2001-05-07,5,True,-0.0604225470430108,손절,5,-0.0383064516129032
2001-03-05,009830,한화솔루션,A,C,실행,3,28.1,28.1,57,2001-05-25,5,True,0.0785123966942149,목표,1,-0.0358126721763085
2001-03-05,005890,005890,A,B,실행,3,18.1,18.1,57,2001-05-25,5,True,-0.0810975609756097,트레일,5,-0.0716463414634146
2001-03-13,003540,대신증권,A,C,실행,3,57.5,57.5,37,2001-05-07,5,True,0.1037735849056604,목표,1,0.3915094339622642
2001-03-13,023130,023130,A,A,실행,3,24.8,43.1,108,2001-08-17,8,True,-0.0663793103448275,손절,6,0.0586206896551724
2001-03-13,015580,015580,A,C,실행,3,20.7,22.1,107,2001-08-16,8,False,-0.0565765765765765,트레일,8,0.0675675675675675
2001-03-30,006400,삼성SDI,A,C,실행,3,21.3,21.3,40,2001-05-29,5,True,0.0768518518518519,목표,4,0.1944444444444444
2001-04-13,009540,HD한국조선해양,A,B,실행,4,46.6,46.6,48,2001-06-22,6,True,0.1065022421524664,목표,8,0.2152466367713004
2001-04-16,009540,HD한국조선해양,A,A,실행,4,46.3,46.3,47,2001-06-22,6,True,0.0861297539149887,목표,6,0.2885906040268455
2001-07-09,003450,003450,A,B,실행,7,28.9,79.6,122,2002-01-07,1,True,0.0912887828162292,목표,3,-0.0334128878281623
2001-07-09,006800,미래에셋증권,A,B,실행,7,26.1,46.6,96,2001-11-27,11,True,0.0720496894409938,목표,4,0.0236024844720497
2001-07-11,009720,009720,A,B,실행,7,22.0,22.0,5,2001-07-19,7,True,0.0004610951008645,트레일,2,-0.0878962536023054
2001-07-18,010120,LS ELECTRIC,A,B,실행,7,12.2,12.2,28,2001-08-28,8,True,-0.0715471014492754,손절,2,-0.1369565217391304
2001-07-19,010120,LS ELECTRIC,A,A,실행,7,14.9,14.9,27,2001-08-28,8,True,-0.0563474387527839,손절,1,-0.1826280623608017
2001-07-23,009720,009720,A,B,실행,7,11.2,11.2,9,2001-08-03,8,True,0.068733153638814,목표,9,-0.2991913746630728
2001-07-26,010520,010520,A,C,실행,7,15.7,81.5,85,2001-11-28,11,True,0.0686728395061728,목표,12,-0.1450617283950617
2001-08-24,003450,003450,A,A,실행,8,37.7,81.8,90,2002-01-07,1,True,-0.0859903381642511,트레일,5,-0.1123188405797102
2001-09-03,006800,미래에셋증권,A,C,실행,9,51.3,51.3,58,2001-11-27,11,True,0.0769230769230768,목표,1,-0.0448717948717948
2001-09-03,005940,NH투자증권,A,B,실행,9,76.8,174.4,126,2002-03-12,3,True,-0.0721384425216317,트레일,7,0.0754017305315204
2001-09-12,023130,023130,A,A,실행,9,28.1,28.1,29,2001-10-26,10,False,0.0749999999999999,목표,1,
2001-09-12,027460,027460,A,B,실행,9,30.4,30.4,29,2001-10-26,10,False,0.090566037735849,목표,1,
2001-09-12,028080,휴맥스홀딩스,A,C,실행,9,96.9,240.5,126,2002-03-21,3,True,0.0807365439093483,목표,1,0.3541076487252126
2001-09-12,005380,현대차,A,B,실행,9,51.1,128.5,122,2002-03-15,3,True,-0.05,손절,2,0.1968085106382979
2001-09-12,036570,NC,A,B,실행,9,71.7,179.3,92,2002-01-28,1,True,-0.05,손절,2,0.3152173913043479
2001-09-13,006260,LS,A,C,실행,9,23.2,34.1,126,2002-03-22,3,True,-0.0603260869565217,손절,1,0.0326086956521738
2001-09-13,035720,카카오,A,C,실행,9,44.4,83.4,126,2002-03-22,3,True,-0.0835097001763668,손절,1,0.1111111111111111
2001-09-13,000270,기아,A,C,실행,9,38.7,105.3,122,2002-03-18,3,True,-0.0575999999999999,손절,1,0.2666666666666666
2001-09-13,005380,현대차,A,A,실행,9,51.5,129.1,121,2002-03-15,3,True,-0.0804,손절,1,0.2533333333333334
2001-09-17,005440,현대지에프홀딩스,A,A,실행,9,158.4,427.7,121,2002-03-19,3,True,0.1138613861386137,목표,1,0.6881188118811883
2001-12-17,009830,한화솔루션,A,C,실행,12,122.5,138.3,72,2002-04-08,4,True,0.0979827089337175,목표,8,0.7780979827089338
2001-12-18,001510,SK증권,A,B,실행,12,38.3,38.3,14,2002-01-10,1,True,0.0903755868544602,목표,6,0.136150234741784
2001-12-18,008670,008670,A,C,실행,12,55.1,58.9,71,2002-04-08,4,True,0.0850202429149797,목표,2,0.1336032388663968
2002-01-16,000660,SK하이닉스,A,C,실행,1,4.1,4.1,6,2002-01-24,1,True,-0.08453738317757,손절,1,-0.4224299065420561
2002-02-15,000660,SK하이닉스,A,C,주의,2,10.7,10.7,12,2002-03-06,3,True,-0.05,손절,1,-0.3225806451612902
2002-03-08,030200,KT,B,C,주의,3,13.2,13.2,10,2002-03-22,3,True,0.071186440677966,목표,8,-0.0423728813559322
2002-04-12,003620,KG모빌리티,A,B,주의,4,2.7,2.7,5,2002-04-19,4,True,-0.0532807807807809,손절,1,-0.4375959436200399
2002-04-23,009720,009720,A,B,주의,4,12.1,12.1,18,2002-05-20,5,True,-0.065979296875,손절,3,-0.0587499999999999
2002-04-25,008270,008270,A,C,실행,4,3.4,3.4,1,2002-04-26,4,True,-0.05,손절,2,-0.3627118644067797
2002-04-26,002610,002610,B,B,실행,4,-15.0,-15.0,1,2002-04-29,4,True,-0.0539117393759706,손절,1,-0.5400254129606099
2002-04-29,002610,002610,A,B,실행,4,-14.9,-14.9,1,2002-04-30,4,True,-0.0566742719924707,손절,1,-0.4820627802690582
2002-04-30,001830,001830,A,A,실행,4,37.7,37.7,10,2002-05-15,5,True,0.0943025540275048,목표,4,-0.1021611001964636
2002-05-15,015940,015940,A,C,실행,5,0.4,0.4,1,2002-05-16,5,True,-0.05,손절,4,-0.2215189873417721
2002-05-29,008770,호텔신라,A,B,실행,5,0.0,0.0,1,2002-05-30,5,True,-0.062360594795539,손절,3,-0.161090458488228
2002-05-30,009410,태영건설,A,A,실행,5,11.4,11.4,58,2002-08-27,8,True,0.0714285714285714,목표,6,-0.1028571428571427
2002-05-31,017670,SK텔레콤,B,C,실행,5,5.2,5.2,8,2002-06-14,6,True,-0.089706099815157,손절,32,-0.1682070240295747
2002-05-31,005890,005890,A,C,실행,5,4.9,4.9,8,2002-06-14,6,True,-0.05,손절,1,-0.1221945137157107
2002-06-17,034020,두산에너빌리티,A,C,실행,6,2.2,2.2,1,2002-06-18,6,True,-0.0609826589595375,손절,2,-0.2485549132947977
2002-06-17,028080,휴맥스홀딩스,A,A,실행,6,0.0,0.0,1,2002-06-18,6,True,-0.0500000000000001,손절,1,-0.3109756097560976
2002-06-18,028080,휴맥스홀딩스,A,B,실행,6,2.6,2.6,1,2002-06-19,6,True,-0.071590909090909,손절,1,-0.2678571428571428
2002-06-19,036570,NC,A,C,실행,6,26.8,26.8,14,2002-07-10,7,True,-0.0533101045296167,손절,1,-0.0801393728222996
2002-06-19,002790,아모레퍼시픽홀딩스,A,B,실행,6,61.8,61.8,18,2002-07-16,7,True,0.0784313725490195,목표,1,0.2745098039215685
2002-06-20,036570,NC,A,C,실행,6,28.2,28.2,13,2002-07-10,7,True,-0.0766197183098591,트레일,4,-0.0845070422535211
2002-06-25,009150,삼성전기,A,C,실행,6,19.7,19.7,8,2002-07-08,7,True,-0.1172627737226277,손절,1,0.0437956204379561
2002-06-26,003540,대신증권,A,C,실행,6,36.5,36.5,12,2002-07-15,7,True,0.1073529411764706,목표,2,0.1705882352941177
2002-06-26,010140,삼성중공업,A,C,실행,6,14.0,15.4,116,2002-12-12,12,True,0.0758661887694145,목표,6,0.050179211469534
2002-06-26,000700,유수홀딩스,A,B,실행,6,44.4,44.4,9,2002-07-10,7,True,0.07,목표,3,0.1
2002-06-26,001450,현대해상,A,B,실행,6,37.3,37.3,10,2002-07-11,7,True,0.1209150326797385,목표,2,0.161764705882353
2002-06-26,024110,기업은행,A,B,실행,6,17.2,17.2,7,2002-07-08,7,True,0.0753521126760563,목표,4,0.0704225352112675
2002-06-26,001120,LX인터내셔널,A,A,실행,6,52.9,56.3,114,2002-12-10,12,True,0.0851449275362319,목표,2,0.3429951690821256
2002-06-26,003690,코리안리,A,C,실행,6,31.4,31.4,11,2002-07-12,7,True,0.1104651162790695,목표,1,0.1744186046511626
2002-06-26,009150,삼성전기,A,B,실행,6,32.3,32.3,7,2002-07-08,7,True,0.1048387096774192,목표,1,0.1048387096774192
2002-06-27,034120,SBS,A,A,실행,6,21.2,21.2,10,2002-07-12,7,True,0.08,목표,4,0.0825
2002-06-27,001450,현대해상,A,A,실행,6,34.8,34.8,9,2002-07-11,7,True,0.07784911717496,목표,1,0.130016051364366
2002-06-27,005385,현대차우,A,B,실행,6,46.5,53.9,108,2002-12-03,12,True,0.1239130434782609,목표,1,0.308695652173913
2002-06-27,003540,대신증권,A,C,실행,6,38.1,38.1,11,2002-07-15,7,True,0.09375,목표,1,0.1607142857142858
2002-07-11,018880,한온시스템,A,B,실행,7,15.1,15.1,30,2002-08-26,8,True,-0.0591283084004602,손절,5,-0.0345224395857306
2002-07-11,001830,001830,A,A,실행,7,24.2,24.2,2,2002-07-15,7,True,0.0718336483931947,목표,1,-0.2117202268431002
2002-07-22,014900,014900,A,C,실행,7,43.3,43.3,28,2002-08-30,8,True,0.0926829268292683,목표,1,0.0487804878048778
2002-07-22,005940,NH투자증권,A,A,실행,7,32.0,33.8,90,2002-11-28,11,True,0.0709090909090908,목표,3,0.1963636363636363
2002-07-29,000700,유수홀딩스,A,A,실행,7,16.9,41.0,122,2003-01-24,1,True,-0.0568965517241379,손절,5,-0.0798548094373865
2002-07-31,009840,009840,A,A,실행,7,11.9,11.9,2,2002-08-02,8,True,-0.015646017699115,트레일,3,-0.4601769911504424
2002-08-05,003600,003600,A,C,실행,8,12.7,12.7,11,2002-08-21,8,True,0.0915032679738563,목표,8,-0.173202614379085
2002-08-06,005440,현대지에프홀딩스,A,A,실행,8,16.7,16.7,7,2002-08-16,8,True,0.0704918032786883,목표,3,-0.2442622950819672
2002-08-06,028150,028150,A,A,실행,8,26.6,26.6,18,2002-09-02,9,True,0.0748792270531402,목표,3,-0.1990338164251207
2002-08-07,002790,아모레퍼시픽홀딩스,A,B,실행,8,23.3,23.3,11,2002-08-23,8,True,0.0762711864406779,목표,3,0.021186440677966
2002-09-03,014900,014900,A,A,실행,9,3.4,3.4,1,2002-09-04,9,True,-0.0749539569657183,손절,3,-0.1170678336980306
2002-09-09,011200,HMM,A,C,실행,9,15.2,15.2,58,2002-12-02,12,True,0.0762081784386616,목표,6,-0.2137546468401486
2002-09-23,012750,에스원,A,B,실행,9,26.2,26.2,50,2002-12-03,12,True,-0.0547499999999999,손절,2,0.02
2002-09-24,035760,CJ ENM,A,A,실행,9,-2.1,-2.1,1,2002-09-25,9,True,-0.0553383847891566,손절,1,-0.1716867469879518
2002-09-24,012990,012990,A,C,실행,9,42.7,54.3,98,2003-02-17,2,True,-0.0782758620689655,트레일,11,0.2801724137931034
2002-09-24,012750,에스원,A,B,실행,9,33.2,33.2,49,2002-12-03,12,True,0.0804749340369392,목표,3,0.0897097625329814
2002-09-25,035760,CJ ENM,A,B,실행,9,9.1,9.1,49,2002-12-04,12,True,-0.05,손절,3,-0.0427350427350428
2002-09-26,011170,롯데케미칼,A,A,실행,9,47.3,81.5,94,2003-02-13,2,True,-0.0599646739130436,손절,2,0.233695652173913
2002-09-26,035760,CJ ENM,A,B,실행,9,9.8,9.8,48,2002-12-04,12,True,-0.0810671256454389,손절,7,-0.0344234079173838
2002-10-09,006400,삼성SDI,A,C,실행,10,25.9,25.9,39,2002-12-03,12,True,-0.0526874115983027,손절,1,0.1669024045261669
2002-10-09,005300,롯데칠성,A,B,실행,10,16.8,16.8,36,2002-11-28,11,True,-0.05,손절,1,0.0707236842105263
2002-10-22,006400,삼성SDI,A,C,실행,10,22.1,22.1,30,2002-12-03,12,True,0.1001371742112482,목표,4,0.0727023319615911
2002-11-29,003550,LG,A,A,실행,11,1.5,11.2,96,2003-04-21,4,True,-0.0960946745562131,손절,18,-0.1727810650887574
2002-12-16,002380,KCC,A,A,실행,12,6.6,12.9,109,2003-05-28,5,True,-0.0526147994467497,손절,8,-0.1410788381742739
2002-12-23,004010,004010,A,C,실행,12,14.6,25.8,123,2003-06-24,6,True,-0.0553370786516853,손절,1,0.0123595505617977
2002-12-24,003620,KG모빌리티,A,A,실행,12,13.6,30.6,105,2003-05-29,5,True,-0.0908777969018933,손절,3,-0.0258175559380379
2002-12-27,001230,동국홀딩스,A,C,실행,12,2.1,17.4,113,2003-06-16,6,True,-0.0559748427672955,손절,1,-0.0943396226415094
2002-12-30,012990,012990,A,A,실행,12,31.6,65.4,101,2003-05-28,5,True,0.0772058823529411,목표,3,0.1985294117647058
2003-01-27,025930,025930,A,A,실행,1,21.5,21.5,5,2003-02-04,2,True,0.0884615384615383,목표,5,-0.1076923076923076
2003-02-26,001800,오리온홀딩스,A,C,실행,2,31.7,76.0,120,2003-08-21,8,True,-0.0591346153846155,손절,5,0.0288461538461537
2003-04-25,047040,대우건설,A,A,실행,4,48.0,69.6,126,2003-11-03,11,True,0.0699115044247786,목표,2,0.2230088495575222
2003-04-25,000720,현대건설,A,B,실행,4,39.5,39.5,8,2003-05-12,5,True,0.1204545454545453,목표,2,0.0863636363636362
2003-05-19,009830,한화솔루션,A,B,실행,5,100.7,127.0,122,2003-11-14,11,True,0.074370709382151,목표,2,0.3386727688787185
2003-06-24,055550,신한지주,A,C,실행,6,51.4,62.1,96,2003-11-13,11,True,0.0720164609053497,목표,7,0.3004115226337449
2003-06-24,066570,LG전자,B,C,실행,6,47.6,47.6,48,2003-09-02,9,True,0.0689655172413792,목표,2,0.2931034482758621
2003-06-27,005890,005890,A,B,실행,6,6.3,6.3,4,2003-07-03,7,False,0.0634920634920634,만기,4,
2003-07-21,014900,014900,A,A,실행,7,4.9,4.9,2,2003-07-23,7,True,-0.0756263167134829,손절,3,-0.1474719101123596
2003-07-25,014900,014900,A,A,주의,7,17.1,17.1,31,2003-09-09,9,True,0.0799050632911393,목표,5,-0.1550632911392404
2003-08-07,005380,현대차,B,C,실행,8,37.1,65.2,100,2004-01-06,1,True,0.103030303030303,목표,6,0.0272727272727273
2003-09-08,038400,038400,A,C,관찰만,9,8.0,8.0,1,2003-09-09,9,False,0.0707762557077624,목표,1,-0.2009132420091324
2003-10-23,003450,003450,A,B,주의,10,17.8,17.8,8,2003-11-04,11,True,0.0691573926868045,목표,3,-0.0206677265500795
2003-11-12,003410,003410,A,C,주의,11,23.2,23.2,20,2003-12-10,12,True,0.1097560975609757,목표,5,-0.0487804878048779
2003-11-13,003410,003410,A,A,주의,11,25.9,25.9,19,2003-12-10,12,True,0.0825545171339563,목표,3,-0.02803738317757
2003-11-24,068870,068870,A,A,실행,11,32.6,32.6,47,2004-02-05,2,True,0.0791139240506328,목표,5,0.1772151898734177
2003-12-17,003550,LG,A,C,주의,12,77.2,142.1,82,2004-04-22,4,True,0.0863808322824717,목표,2,0.3240857503152585
2004-01-16,042420,네오위즈홀딩스,A,B,관찰만,1,3.2,3.2,1,2004-01-19,1,True,-0.0500000000000001,손절,4,-0.1011764705882353
2004-01-27,042100,042100,A,A,관찰만,1,26.8,26.8,51,2004-04-09,4,True,0.1032719836400817,목표,9,0.0654396728016359
2004-02-05,009720,009720,A,C,관찰만,2,13.4,13.4,51,2004-04-21,4,True,0.0761047463175121,목표,3,-0.0180032733224222
2004-03-15,060000,060000,B,C,실행,3,10.0,10.0,20,2004-04-13,4,True,-0.0649999999999999,트레일,35,-0.1088888888888889
2004-03-25,009830,한화솔루션,A,C,실행,3,26.1,26.1,20,2004-04-26,4,True,0.1403743315508021,목표,5,-0.2393048128342245
2004-03-26,010130,고려아연,A,C,주의,3,10.5,10.5,5,2004-04-02,4,True,0.0789473684210526,목표,4,-0.2236842105263158
2004-04-29,011170,롯데케미칼,A,B,실행,4,-0.7,13.5,108,2004-10-05,10,True,-0.0727845528455285,손절,2,-0.1840354767184036
2004-04-30,011170,롯데케미칼,A,B,실행,4,0.6,17.2,107,2004-10-05,10,True,-0.0847826086956521,손절,1,-0.1350114416475972
2004-05-07,001740,SK네트웍스,A,B,실행,5,50.3,50.3,14,2004-05-28,5,True,0.1066433566433566,목표,1,0.0
2004-05-07,053000,053000,B,C,실행,5,0.0,12.9,103,2004-10-05,10,True,-0.0968795944233207,손절,1,-0.0747782002534854
2004-05-10,004940,004940,A,B,실행,5,22.4,56.7,105,2004-10-08,10,True,-0.0458039215686275,트레일,4,0.103921568627451
2004-05-11,000700,유수홀딩스,A,C,실행,5,25.4,74.6,104,2004-10-08,10,True,-0.0630584192439863,손절,3,0.1134020618556701
2004-05-11,055550,신한지주,B,C,실행,5,5.6,17.9,104,2004-10-08,10,True,-0.0960688775510204,손절,4,-0.1454081632653061
2004-05-11,042670,042670,A,C,실행,5,23.5,63.2,105,2004-10-11,10,True,-0.016111111111111,트레일,3,0.0958333333333334
2004-05-11,001230,동국홀딩스,A,B,실행,5,43.5,125.7,107,2004-10-13,10,True,0.0731364275668073,목표,2,0.2447257383966246
2004-05-14,000210,DL,A,A,실행,5,34.0,80.8,97,2004-10-04,10,True,0.0700325732899023,목표,2,0.1856677524429968
2004-05-14,035720,카카오,A,C,실행,5,17.4,17.4,20,2004-06-14,6,True,-0.0537999999999999,손절,1,-0.036
2004-05-17,005935,삼성전자우,B,C,실행,5,14.8,19.8,84,2004-09-13,9,True,-0.0240178571428572,트레일,19,0.0357142857142855
2004-05-17,036930,주성엔지니어링,A,C,실행,5,25.7,39.0,101,2004-10-11,10,True,0.1141367323290845,목표,1,0.0695249130938586
2004-05-17,055550,신한지주,A,C,실행,5,22.8,46.3,126,2004-11-15,11,True,0.0972222222222223,목표,2,0.0185185185185186
2004-05-17,035420,NAVER,A,B,실행,5,44.4,44.4,32,2004-07-01,7,True,0.1155256723716382,목표,2,0.2823960880195599
2004-05-17,051370,인터플렉스,A,B,실행,5,39.7,39.7,12,2004-06-03,6,True,0.0947046843177188,목표,2,0.1140529531568228
2004-05-17,000240,한국앤컴퍼니,A,B,실행,5,37.5,52.3,101,2004-10-11,10,True,0.1004043126684635,목표,1,0.2735849056603774
2004-05-17,066570,LG전자,A,C,실행,5,26.6,31.0,126,2004-11-15,11,True,0.0873605947955389,목표,2,0.0018587360594795
2004-05-17,004020,현대제철,A,C,실행,5,41.2,79.4,103,2004-10-13,10,True,-0.0603636363636364,손절,1,0.1490909090909091
2004-05-17,011200,HMM,A,C,실행,5,56.7,152.4,124,2004-11-11,11,True,-0.05,손절,1,0.4331210191082801
2004-05-17,005830,DB손해보험,A,B,실행,5,32.2,82.2,123,2004-11-10,11,True,0.1117788461538462,목표,2,0.0769230769230768
2004-05-17,012330,현대모비스,A,C,실행,5,38.6,64.4,89,2004-09-20,9,True,0.0744949494949493,목표,2,0.2588383838383838
2004-05-18,011200,HMM,A,B,실행,5,55.0,150.0,126,2004-11-16,11,True,0.080188679245283,목표,1,0.3757861635220125
2004-05-18,004020,현대제철,A,C,실행,5,41.2,79.4,102,2004-10-13,10,True,0.0818181818181817,목표,1,0.1381818181818181
2004-05-27,042670,042670,A,B,실행,5,27.2,55.6,94,2004-10-11,10,True,-0.053774834437086,손절,5,0.0834437086092714
2004-06-11,002860,002860,B,C,실행,6,22.5,29.4,82,2004-10-08,10,True,-0.0646428571428571,손절,8,0.0
2004-06-14,011200,HMM,A,B,실행,6,39.4,120.0,121,2004-12-03,12,True,0.08,목표,5,0.2683870967741935
2004-06-14,036930,주성엔지니어링,A,B,실행,6,20.0,48.1,82,2004-10-11,10,True,0.1111111111111111,목표,10,-0.0395061728395061
2004-06-21,001740,SK네트웍스,A,A,실행,6,22.0,22.0,13,2004-07-08,7,True,-0.0789333333333333,트레일,2,-0.0766666666666666
2004-07-12,001740,SK네트웍스,A,C,실행,7,18.8,18.8,47,2004-09-15,9,True,-0.0719453924914675,트레일,10,-0.0443686006825938
2004-07-30,000660,SK하이닉스,A,A,실행,7,68.3,68.3,47,2004-10-08,10,True,-0.0653055555555555,손절,2,0.1555555555555554
2004-10-14,010130,고려아연,A,A,실행,10,39.3,77.1,94,2005-03-02,3,True,-0.0602591792656587,손절,4,0.2354211663066954
2004-11-09,000660,SK하이닉스,B,C,실행,11,16.6,42.8,67,2005-02-16,2,True,-0.0497816593886463,트레일,13,0.0349344978165939
2004-11-16,067250,067250,A,C,실행,11,53.0,76.2,78,2005-03-11,3,True,0.0794701986754966,목표,11,0.0927152317880795
2004-11-23,000660,SK하이닉스,B,C,실행,11,40.9,40.9,57,2005-02-16,2,True,-0.0917120689655173,손절,4,0.1336206896551723
2005-04-06,002000,002000,A,C,주의,4,21.6,21.6,3,2005-04-11,4,True,0.1904761904761904,목표,3,0.0187074829931972
2005-04-07,002000,002000,A,C,주의,4,19.8,19.8,2,2005-04-11,4,True,0.0787269681742044,목표,1,-0.0284757118927972
2005-08-03,036930,주성엔지니어링,A,B,관찰만,8,0.0,13.9,83,2005-12-01,12,True,-0.05,손절,1,-0.1201793721973094
2005-08-29,011160,011160,A,C,실행,8,142.4,159.7,89,2006-01-04,1,True,0.0898268398268398,목표,3,0.5367965367965368
2005-12-19,041960,코미팜,A,C,관찰만,12,23.0,23.0,3,2005-12-22,12,True,0.0939553219448094,목표,2,-0.2562417871222077
2005-12-19,033030,033030,A,C,관찰만,12,28.2,45.7,68,2006-03-28,3,True,-0.0357318741450067,트레일,3,0.0123119015047878
2005-12-20,033030,033030,A,C,관찰만,12,27.5,44.9,67,2006-03-28,3,True,0.0850340136054421,목표,1,0.0122448979591835
2006-01-20,046890,서울반도체,A,C,실행,1,47.7,89.6,89,2006-06-01,6,True,0.1061120543293718,목표,3,0.1205432937181663
2006-01-20,003560,003560,A,A,실행,1,61.4,66.7,67,2006-04-27,4,True,-0.0514393939393941,손절,1,0.3636363636363635
2006-01-20,003410,003410,A,B,실행,1,54.0,54.0,34,2006-03-13,3,True,-0.0529528927311667,손절,1,0.369047619047619
2006-01-23,001630,종근당홀딩스,A,A,실행,1,66.9,66.9,54,2006-04-11,4,True,0.1323809523809522,목표,1,0.5123809523809524
2006-01-23,003410,003410,A,B,실행,1,64.4,64.4,33,2006-03-13,3,True,-0.0566101694915254,트레일,11,0.3983050847457627
2006-01-23,003560,003560,A,C,실행,1,80.8,86.8,66,2006-04-27,4,True,0.1434634974533106,목표,1,0.465195246179966
2006-01-23,003520,영진약품,A,C,실행,1,49.9,49.9,45,2006-03-29,3,True,-0.05,손절,1,0.0111287758346581
2006-01-23,077970,STX엔진,A,C,실행,1,45.5,48.5,76,2006-05-15,5,True,0.0946969696969697,목표,4,0.125
2006-01-23,014820,동원시스템즈,A,A,실행,1,38.2,45.0,66,2006-04-27,4,True,0.1586402266288951,목표,4,0.028328611898017
2006-01-23,003620,KG모빌리티,A,C,실행,1,12.7,12.7,2,2006-01-25,1,True,0.0771954674220962,목표,2,-0.0764872521246459
2006-01-23,001510,SK증권,A,B,실행,1,37.7,37.7,26,2006-03-02,3,True,0.1277056277056276,목표,1,0.1471861471861471
2006-02-02,028150,028150,A,B,주의,2,7.3,7.3,18,2006-02-28,2,True,-0.052010582010582,손절,2,-0.0264550264550265
2006-02-03,005960,동부건설,A,B,실행,2,36.8,41.1,66,2006-05-11,5,True,-0.0588785046728972,손절,1,0.0965732087227415
2006-02-03,004200,004200,A,B,실행,2,26.9,26.9,59,2006-04-28,4,True,0.068738229755179,목표,8,0.2052730696798494
2006-02-06,005960,동부건설,A,C,실행,2,44.4,49.0,65,2006-05-11,5,True,0.0970394736842104,목표,12,0.138157894736842
2006-02-08,000270,기아,B,C,실행,2,12.2,12.2,23,2006-03-14,3,True,0.0455696202531645,만기,40,0.0455696202531645
2006-02-15,069080,웹젠,A,C,실행,2,36.2,36.2,56,2006-05-09,5,True,0.1266149870801034,목표,29,0.2945736434108528
2006-02-16,069080,웹젠,A,C,실행,2,34.4,34.4,55,2006-05-09,5,True,0.0803571428571428,목표,26,0.2831632653061224
2006-02-23,004800,효성,A,A,주의,2,55.2,55.2,35,2006-04-14,4,True,0.088888888888889,목표,3,0.4333333333333333
2006-04-26,057330,057330,A,C,관찰만,4,243.9,243.9,14,2006-05-18,5,True,0.1087408949011445,목표,1,1.2372528616024971
2006-05-15,069080,웹젠,A,B,주의,5,12.8,12.8,8,2006-05-25,5,True,0.0770142180094786,목표,5,-0.2606635071090047
2006-05-16,011760,현대코퍼레이션,A,A,실행,5,1.5,1.5,1,2006-05-17,5,True,-0.0578443845731677,손절,2,-0.2061068702290076
2006-05-18,003560,003560,A,A,실행,5,9.2,9.2,10,2006-06-02,6,True,-0.0592085889570551,손절,4,-0.0736196319018404
2006-06-01,016420,016420,A,B,실행,6,25.0,25.0,60,2006-08-29,8,True,-0.073014880952381,손절,2,-0.1455357142857143
2006-06-02,053000,053000,B,C,실행,6,10.5,15.0,96,2006-10-24,10,True,-0.0596461126005363,손절,2,0.0214477211796246
2006-06-05,023410,유진기업,A,B,실행,6,10.0,10.0,3,2006-06-09,6,True,-0.05,손절,1,-0.2855555555555555
2006-06-07,023410,유진기업,A,B,실행,6,12.6,12.6,2,2006-06-09,6,True,0.0773606370875994,목표,2,-0.2787258248009101
2006-06-07,022100,포스코DX,A,C,실행,6,32.3,36.7,124,2006-12-05,12,True,-0.0736842105263158,트레일,5,-0.2131578947368421
2006-06-08,000670,영풍,A,B,실행,6,56.2,73.1,104,2006-11-08,11,True,-0.05,손절,1,0.4375
2006-06-08,002990,금호건설,A,C,실행,6,7.7,46.6,122,2006-12-04,12,True,-0.0661931818181819,손절,3,-0.1164772727272728
2006-06-09,000670,영풍,A,A,실행,6,58.2,75.3,103,2006-11-08,11,True,0.0886075949367088,목표,3,0.4050632911392406
2006-06-21,000720,현대건설,A,B,실행,6,33.2,56.5,122,2006-12-15,12,True,0.0748081841432224,목표,6,0.2135549872122761
2006-06-27,011780,금호석유화학,A,C,실행,6,33.2,55.6,103,2006-11-24,11,True,0.0841121495327101,목표,3,0.0677570093457944
2006-07-18,035080,그래디언트,A,B,실행,7,2.7,16.9,92,2006-11-29,11,True,-0.05,손절,1,-0.1392081736909323
2006-07-18,011200,HMM,A,C,실행,7,41.6,80.4,90,2006-11-27,11,True,0.0856643356643356,목표,7,0.2097902097902098
2006-07-19,004010,004010,A,B,실행,7,19.2,19.2,45,2006-09-21,9,True,0.0817610062893081,목표,7,0.0754716981132075
2006-08-02,060000,060000,B,C,실행,8,3.7,4.8,125,2007-02-02,2,True,-0.0699987389659522,손절,35,-0.051702395964691
2006-10-09,037150,037150,A,C,주의,10,26.9,30.9,117,2007-03-28,3,True,0.0904522613065326,목표,4,0.2185929648241205
2006-10-10,000660,SK하이닉스,B,C,주의,10,8.8,8.8,4,2006-10-16,10,True,0.042796005706134,만기,40,0.042796005706134
2006-10-10,039130,하나투어,A,C,주의,10,32.4,43.7,121,2007-04-04,4,True,0.0972222222222223,목표,20,0.1277777777777777
2006-10-10,022100,포스코DX,A,C,주의,10,34.3,34.3,40,2006-12-05,12,True,-0.0827586206896552,손절,1,0.3017241379310345
2006-10-20,000660,SK하이닉스,B,C,주의,10,4.4,4.4,50,2007-01-03,1,True,0.0041551246537396,만기,40,0.0041551246537396
2006-10-24,057330,057330,A,C,주의,10,36.7,36.7,27,2006-11-30,11,True,0.1134185303514376,목표,2,-0.0191693290734824
2006-11-14,007640,007640,A,C,관찰만,11,-12.2,-12.2,4,2006-11-20,11,True,-0.0500000000000001,손절,1,-0.5317040951122853
2006-12-13,001740,SK네트웍스,B,C,주의,12,52.2,57.0,85,2007-04-18,4,True,0.286764705882353,목표,6,0.1194852941176469
2007-01-10,001740,SK네트웍스,B,C,주의,1,10.9,41.4,68,2007-04-18,4,True,-0.0571192052980132,트레일,36,-0.0562913907284767
2007-01-11,001740,SK네트웍스,B,C,주의,1,15.0,43.5,67,2007-04-18,4,True,-0.0428571428571428,트레일,35,-0.0352941176470588
2007-01-22,001740,SK네트웍스,B,A,주의,1,47.2,47.2,60,2007-04-18,4,True,-0.018103448275862,트레일,28,-0.0189655172413792
2007-01-26,001740,SK네트웍스,B,C,주의,1,40.2,40.2,56,2007-04-18,4,True,-0.0905254515599343,손절,25,-0.0032840722495894
2007-03-21,032710,032710,A,C,주의,3,-4.9,6.2,85,2007-07-24,7,False,-0.05,손절,1,-0.109640831758034
2007-04-05,056200,056200,A,B,관찰만,4,20.8,29.5,69,2007-07-16,7,True,0.0715166461159062,목표,7,-0.0394574599260172
2007-04-20,001740,SK네트웍스,B,C,관찰만,4,5.1,5.1,2,2007-04-24,4,True,-0.0630423976608186,손절,4,-0.2646198830409356
2007-04-23,001740,SK네트웍스,B,A,관찰만,4,5.1,5.1,1,2007-04-24,4,True,-0.0630423976608186,손절,3,-0.2573099415204678
2007-06-21,065810,065810,A,C,관찰만,6,-14.8,-14.8,1,2007-06-22,6,True,-0.0832694991789818,손절,1,-0.89064039408867
2007-06-22,065810,065810,A,B,주의,6,-14.9,-14.9,1,2007-06-25,6,True,-0.05,손절,1,-0.8739884393063584
2007-08-02,000270,기아,A,C,실행,8,14.6,14.6,5,2007-08-09,8,True,0.0688259109311741,목표,4,-0.0364372469635627
2007-08-14,031980,피에스케이홀딩스,A,B,실행,8,14.6,14.6,7,2007-08-24,8,True,-0.0617676804626533,손절,1,-0.1781376518218623
2007-08-16,017960,한국카본,A,B,실행,8,10.2,10.2,10,2007-08-30,8,True,-0.0624814814814816,손절,1,-0.0853801169590643
2007-08-16,036710,심텍홀딩스,A,C,실행,8,26.5,26.5,5,2007-08-23,8,True,0.1071428571428572,목표,2,-0.0510204081632652
2007-08-16,011160,011160,A,B,실행,8,73.6,73.6,57,2007-11-09,11,True,-0.05,손절,1,0.2764227642276422
2007-08-16,035950,035950,A,B,실행,8,3.5,3.5,5,2007-08-23,8,True,-0.05,손절,1,-0.4733624454148472
2007-08-16,036830,솔브레인홀딩스,A,B,실행,8,28.5,28.5,12,2007-09-03,9,True,-0.05,손절,1,-0.0783847980997624
2007-08-16,047080,한빛소프트,A,C,실행,8,45.4,45.4,26,2007-09-21,9,True,-0.091137614678899,손절,1,-0.055045871559633
2007-08-16,042670,042670,B,C,실행,8,65.2,65.2,39,2007-10-16,10,True,0.1375231053604435,트레일,20,0.5378927911275415
2007-08-16,010520,010520,A,B,실행,8,27.7,27.7,31,2007-10-04,10,True,0.0922330097087378,목표,3,0.0339805825242718
2007-08-16,005810,풍산홀딩스,A,C,실행,8,35.1,35.1,39,2007-10-16,10,True,-0.05,손절,1,0.2454954954954955
2007-08-16,035720,카카오,A,C,실행,8,54.1,62.0,77,2007-12-07,12,True,0.0834797891036907,목표,4,0.3181019332161687
2007-08-16,003545,대신증권우,A,B,실행,8,22.5,22.5,33,2007-10-08,10,True,0.0916955017301037,목표,2,0.0034602076124568
2007-08-16,003540,대신증권,A,C,실행,8,34.9,34.9,33,2007-10-08,10,True,0.1133333333333332,목표,2,0.0933333333333332
2007-08-16,000060,000060,A,B,실행,8,83.9,83.9,49,2007-10-30,10,True,0.110583446404342,목표,2,0.3975576662143827
2007-08-16,031980,피에스케이홀딩스,A,C,실행,8,34.1,34.1,6,2007-08-24,8,True,0.1232227488151658,목표,1,-0.0284360189573459
2007-08-16,033500,동성화인텍,A,B,실행,8,37.2,37.2,34,2007-10-09,10,True,-0.05,손절,1,0.1844660194174756
2007-08-16,005940,NH투자증권,A,A,실행,8,38.3,38.3,33,2007-10-08,10,True,0.0946547884187083,목표,2,0.1670378619153674
2007-08-17,004200,004200,A,B,실행,8,37.9,37.9,53,2007-11-06,11,True,0.1530172413793102,목표,2,0.1982758620689655
2007-08-17,003640,003640,A,C,실행,8,36.3,36.3,14,2007-09-06,9,True,0.0847826086956522,목표,2,0.1152173913043477
2007-08-17,017960,한국카본,A,C,실행,8,19.1,19.1,9,2007-08-30,8,True,0.1352718078381796,목표,4,0.0126422250316056
2007-08-17,033500,동성화인텍,A,C,실행,8,43.7,43.7,33,2007-10-09,10,True,0.1152542372881355,목표,4,0.2813559322033898
2007-08-17,035950,035950,A,B,실행,8,21.5,21.5,4,2007-08-23,8,True,-0.0606742808005003,손절,1,-0.3384615384615385
2007-08-17,000060,000060,A,A,실행,8,87.2,87.2,48,2007-10-30,10,True,0.0890883977900551,목표,1,0.6298342541436464
2007-08-17,011160,011160,A,C,실행,8,75.0,75.0,56,2007-11-09,11,True,0.0922131147540983,목표,1,0.2622950819672129
2007-08-17,003410,003410,A,B,실행,8,45.7,45.7,31,2007-10-05,10,True,0.0688976377952754,목표,3,0.2519685039370078
2007-08-17,010520,010520,A,B,실행,8,30.2,30.2,30,2007-10-04,10,True,0.0841584158415842,목표,1,0.108910891089109
2007-08-17,003545,대신증권우,A,C,실행,8,26.0,26.0,32,2007-10-08,10,True,0.0747330960854093,목표,1,0.0427046263345196
2007-08-17,002000,002000,A,C,실행,8,31.3,31.3,53,2007-11-06,11,True,0.0855457227138642,목표,3,0.0752212389380531
2007-08-17,001430,세아베스틸지주,A,A,실행,8,32.6,32.6,21,2007-09-17,9,True,0.0875331564986736,목표,1,-0.0026525198938992
2007-08-17,003600,003600,B,C,실행,8,97.6,97.6,54,2007-11-07,11,True,-0.0526936026936026,트레일,8,0.6161616161616161
2007-08-17,004150,한솔홀딩스,A,C,실행,8,59.9,59.9,33,2007-10-09,10,True,0.1301115241635688,목표,2,0.3605947955390334
2007-08-20,035950,035950,A,C,실행,8,27.4,27.4,3,2007-08-23,8,True,0.1155913978494622,목표,1,-0.2365591397849462
2007-08-28,003600,003600,B,C,실행,8,100.3,100.3,47,2007-11-07,11,True,0.4197952218430034,목표,27,0.8225255972696246
2007-08-28,035950,035950,A,C,실행,8,5.3,5.3,5,2007-09-04,9,True,-0.0734391534391534,트레일,9,-0.2592592592592593
2007-08-29,003600,003600,B,B,실행,8,107.4,107.4,46,2007-11-07,11,True,0.469964664310954,목표,26,0.7985865724381624
2007-10-05,004980,성신양회,A,C,주의,10,30.5,35.4,64,2008-01-09,1,True,-0.0751655629139073,손절,4,-0.0397350993377483
2007-10-08,047080,한빛소프트,A,B,주의,10,14.7,14.7,1,2007-10-09,10,True,0.1197478991596638,목표,1,-0.4117647058823529
2007-10-15,053110,053110,A,B,주의,10,8.7,8.7,16,2007-11-06,11,True,-0.0500000000000001,손절,1,-0.202572347266881
2007-10-16,053110,053110,A,C,주의,10,22.9,22.9,15,2007-11-06,11,True,-0.0720000000000001,트레일,3,-0.1272727272727273
2007-10-17,016380,KG스틸,A,B,주의,10,45.8,45.8,5,2007-10-24,10,True,0.1107011070110701,목표,2,0.2656826568265684
2007-10-22,008560,008560,A,B,실행,10,18.3,18.3,5,2007-10-29,10,True,0.0767326732673268,목표,4,-0.09009900990099
2007-10-25,001120,LX인터내셔널,A,C,주의,10,16.2,16.2,9,2007-11-07,11,True,0.0717171717171716,목표,2,-0.0909090909090909
2007-11-12,016610,DB증권,A,A,실행,11,10.8,10.8,35,2008-01-04,1,True,0.073076923076923,목표,2,-0.0153846153846153
2007-11-13,088960,088960,A,C,실행,11,2.5,3.6,94,2008-04-03,4,True,-0.0939287956769872,손절,1,-0.5800711743772242
2007-11-15,042670,042670,B,C,실행,11,5.6,15.9,118,2008-05-14,5,True,-0.098609756097561,손절,6,-0.1417682926829268
2007-11-20,090430,아모레퍼시픽,B,A,실행,11,12.5,12.5,2,2007-11-22,11,True,-0.0434507042253522,트레일,3,-0.0985915492957747
2007-11-21,012090,012090,A,A,실행,11,67.6,67.6,35,2008-01-15,1,True,-0.0529830917874396,손절,1,0.2463768115942031
2007-11-21,005960,동부건설,A,B,실행,11,21.1,21.1,8,2007-12-03,12,True,-0.063335355987055,손절,2,-0.2912621359223301
2007-11-22,011170,롯데케미칼,A,B,실행,11,24.9,24.9,8,2007-12-04,12,True,-0.05,손절,1,-0.1875626880641926
2007-11-22,000670,영풍,A,B,실행,11,28.5,28.5,7,2007-12-03,12,True,0.0682062298603651,목표,3,-0.1557465091299676
2007-11-22,001040,CJ,A,C,실행,11,21.4,21.4,38,2008-01-21,1,True,0.068840579710145,목표,3,0.1594202898550725
2007-11-22,001200,유진투자증권,A,A,실행,11,23.7,23.7,21,2007-12-24,12,True,-0.0668867607526884,손절,1,-0.0913978494623656
2007-11-22,000210,DL,B,C,실행,11,39.0,39.0,25,2008-01-02,1,True,-0.0792353790613719,손절,1,-0.0180505415162455
2007-11-22,012090,012090,A,C,실행,11,74.4,74.4,34,2008-01-15,1,True,-0.0690954773869346,손절,1,0.4020100502512564
2007-11-22,002550,002550,A,A,실행,11,17.1,17.1,25,2008-01-02,1,True,0.0685096153846154,목표,2,-0.09375
2007-11-22,000215,DL우,A,B,실행,11,40.7,40.7,26,2008-01-03,1,True,-0.0676272577996716,손절,1,-0.0394088669950738
2007-11-23,036930,주성엔지니어링,A,A,실행,11,25.4,40.2,123,2008-05-29,5,True,0.0800604229607251,목표,1,0.027190332326284
2007-11-23,011170,롯데케미칼,A,C,실행,11,40.4,40.4,7,2007-12-04,12,True,0.136978579481398,목표,2,-0.0225479143179255
2007-11-23,001200,유진투자증권,A,B,실행,11,34.1,34.1,20,2007-12-24,12,True,0.0801749271137026,목표,1,0.0204081632653061
2007-11-23,014940,오리엔탈정공,A,B,실행,11,36.6,37.1,117,2008-05-21,5,True,0.1113861386138612,목표,1,-0.1049504950495049
2007-11-23,000800,000800,A,A,실행,11,27.9,27.9,6,2007-12-03,12,True,0.0714285714285716,목표,1,-0.0285714285714286
2007-11-23,010620,010620,B,C,실행,11,28.8,28.8,5,2007-11-30,11,True,0.0947470817120621,트레일,11,-0.0953307392996108
2007-11-23,011790,SKC,A,C,실행,11,32.9,32.9,9,2007-12-06,12,True,0.1118143459915612,목표,1,-0.0717299578059071
2007-11-23,007570,일양약품,A,B,실행,11,59.3,59.3,16,2007-12-17,12,True,0.082142857142857,목표,1,0.2023809523809523
2007-11-23,004000,롯데정밀화학,A,A,실행,11,42.3,48.8,99,2008-04-22,4,True,0.1009615384615385,목표,3,0.1274038461538462
2007-12-10,008000,008000,A,B,실행,12,-0.1,19.0,108,2008-05-23,5,True,-0.0501061452513966,손절,1,-0.4402234636871508
2007-12-10,010620,010620,B,C,실행,12,7.1,7.1,11,2007-12-27,12,True,-0.0784116575591984,손절,21,-0.1475409836065574
2007-12-11,008000,008000,A,A,실행,12,3.5,24.3,107,2008-05-23,5,True,-0.0787383313885649,손절,3,-0.3990665110851809
2007-12-11,010620,010620,B,C,실행,12,4.4,4.4,10,2007-12-27,12,True,-0.1013285968028417,손절,20,-0.1332149200710478
2007-12-12,005160,동국산업,A,A,실행,12,6.3,38.3,114,2008-06-04,6,True,-0.0649139280125196,트레일,3,-0.1596244131455398
2007-12-18,003600,003600,B,C,실행,12,7.1,7.1,7,2008-01-02,1,True,-0.0865742707657205,손절,18,-0.1111111111111111
2007-12-21,011200,HMM,B,A,실행,12,11.8,18.1,70,2008-04-07,4,True,-0.0496231155778894,트레일,12,0.0113065326633166
2008-01-03,011200,HMM,B,B,실행,1,13.2,15.6,64,2008-04-07,4,True,-0.045510455104551,손절,2,-0.0615006150061501
2008-01-03,010620,010620,B,B,실행,1,3.5,3.5,1,2008-01-04,1,True,-0.0585294117647059,손절,6,-0.0257352941176471
2008-01-04,003600,003600,B,A,실행,1,4.5,4.5,4,2008-01-10,1,True,-0.0475346373989497,손절,1,-0.1349206349206348
2008-01-08,016360,삼성증권,B,C,실행,1,6.2,6.2,2,2008-01-10,1,True,-0.0873868263473054,손절,5,-0.2574850299401198
2008-01-08,005490,POSCO홀딩스,B,B,실행,1,3.9,12.4,86,2008-05-16,5,True,-0.0540703703703703,손절,8,-0.0574074074074074
2008-01-09,006800,미래에셋증권,B,A,실행,1,2.9,2.9,1,2008-01-10,1,True,-0.0790271739130434,손절,2,-0.2101449275362319
2008-01-11,010130,고려아연,A,C,실행,1,20.0,20.0,37,2008-03-07,3,True,-0.0611764705882352,손절,4,0.0235294117647058
2008-01-11,078930,GS,B,C,실행,1,-1.1,-1.1,1,2008-01-14,1,True,-0.081124067164179,손절,2,-0.230410447761194
2008-01-11,035250,강원랜드,B,C,실행,1,4.4,4.4,1,2008-01-14,1,True,-0.094598308668076,손절,5,-0.1331923890063424
2008-01-14,042660,한화오션,A,C,실행,1,9.6,20.5,86,2008-05-22,5,True,-0.0709558823529411,손절,4,-0.2598039215686275
2008-01-14,000830,000830,B,C,실행,1,24.0,32.5,67,2008-04-22,4,True,-0.0632224999999999,손절,6,0.0233333333333334
2008-01-14,009540,HD한국조선해양,B,C,실행,1,6.9,6.9,57,2008-04-07,4,True,-0.0739986928104575,손절,2,-0.0901960784313725
2008-01-14,071660,071660,A,C,실행,1,14.1,14.1,20,2008-02-14,2,True,0.0687382297551788,목표,3,-0.2203389830508474
2008-01-14,005960,동부건설,A,C,실행,1,2.9,20.0,92,2008-05-30,5,True,-0.0722077922077922,손절,1,-0.1532467532467533
2008-01-15,028050,삼성E&A,A,C,실행,1,38.9,38.9,22,2008-02-19,2,True,0.071969696969697,목표,2,0.0366161616161615
2008-01-15,049690,049690,A,A,실행,1,19.6,19.6,28,2008-02-27,2,True,-0.0950431034482757,손절,1,-0.2650862068965517
2008-01-15,010620,010620,A,B,실행,1,24.3,24.3,30,2008-02-29,2,True,-0.0646799116997793,손절,4,-0.0441501103752759
2008-01-15,000880,한화,B,C,실행,1,0.5,0.5,3,2008-01-18,1,True,-0.0721244131455398,손절,4,-0.2723004694835681
2008-01-15,077970,STX엔진,A,A,실행,1,9.0,15.9,83,2008-05-20,5,True,-0.0648418134377039,손절,1,-0.232876712328767
2008-01-15,009540,HD한국조선해양,B,A,실행,1,11.3,11.3,56,2008-04-07,4,True,-0.0362027210884353,손절,1,-0.0884353741496598
2008-01-16,011810,STX,A,B,실행,1,7.3,26.9,97,2008-06-11,6,True,-0.0740298507462685,트레일,3,-0.1686567164179104
2008-01-16,002990,금호건설,A,C,실행,1,8.5,8.5,32,2008-03-05,3,True,-0.0779148550724638,손절,1,-0.1956521739130435
2008-01-16,049690,049690,A,B,실행,1,40.5,40.5,27,2008-02-27,2,True,-0.0219746835443036,트레일,4,-0.1746835443037974
2008-01-16,089480,089480,A,B,실행,1,24.8,41.4,85,2008-05-23,5,True,-0.0783908045977013,손절,4,0.0229885057471264
2008-01-16,004980,성신양회,A,B,실행,1,5.0,5.0,1,2008-01-17,1,True,-0.05,손절,1,-0.4024844720496894
2008-01-16,053660,053660,A,B,실행,1,20.9,44.0,111,2008-07-01,7,True,-0.0522352941176472,손절,4,-0.1529411764705883
2008-01-16,069260,TKG휴켐스,A,C,실행,1,27.9,46.9,94,2008-06-05,6,True,0.0915119363395224,목표,20,0.1405835543766578
2008-01-16,067250,067250,A,A,실행,1,5.4,11.7,85,2008-05-23,5,True,-0.0618552083333333,손절,2,-0.235
2008-01-16,086280,현대글로비스,A,B,실행,1,21.8,45.4,74,2008-05-07,5,True,-0.0735679166666667,손절,4,-0.012
2008-01-16,046890,서울반도체,A,B,실행,1,9.0,9.0,53,2008-04-03,4,True,-0.0545130641330166,손절,1,-0.1496437054631829
2008-01-16,004020,현대제철,B,C,실행,1,14.3,33.5,80,2008-05-16,5,True,-0.0828316251830161,손절,4,-0.0439238653001463
2008-01-17,035420,NAVER,B,C,실행,1,17.8,17.8,51,2008-04-02,4,True,-0.0380288461538461,트레일,9,-0.0754807692307691
2008-01-18,000210,DL,B,C,실행,1,1.6,1.6,19,2008-02-19,2,True,-0.0886257053291537,손절,1,-0.2884012539184952
2008-01-21,002020,코오롱,A,C,실행,1,20.7,37.2,86,2008-05-29,5,True,-0.0536398467432951,손절,1,-0.0478927203065133
2008-01-22,030610,교보증권,A,B,실행,1,32.9,32.9,27,2008-03-04,3,True,0.1643835616438356,목표,3,0.1232876712328767
2008-01-22,006360,GS건설,A,A,실행,1,23.8,23.8,62,2008-04-23,4,True,-0.045823754789272,트레일,5,-0.0268199233716475
2008-01-22,025900,동화기업,A,B,실행,1,53.8,69.2,75,2008-05-15,5,True,-0.0646153846153845,손절,1,0.3435897435897437
2008-01-22,084730,팅크웨어,A,C,실행,1,32.4,32.4,33,2008-03-12,3,True,0.0948275862068965,목표,3,0.2241379310344826
2008-01-22,023410,유진기업,A,C,실행,1,12.5,12.5,3,2008-01-25,1,True,0.0865384615384614,목표,3,-0.0471153846153846
2008-01-22,014820,동원시스템즈,A,C,실행,1,19.7,41.2,96,2008-06-16,6,True,0.0694444444444444,목표,3,0.0208333333333332
2008-01-22,001440,대한전선,A,C,실행,1,48.1,48.1,51,2008-04-07,4,True,0.1385869565217392,목표,3,0.3369565217391306
2008-01-22,000155,두산우,A,A,실행,1,28.3,28.3,30,2008-03-07,3,True,0.0692307692307692,목표,3,0.0
2008-01-22,089480,089480,A,C,실행,1,47.5,63.8,81,2008-05-23,5,True,-0.05,손절,6,0.099866844207723
2008-01-22,016880,웅진,A,A,실행,1,42.4,42.4,33,2008-03-12,3,True,0.073487031700288,목표,1,0.2190201729106626
2008-01-22,003530,한화투자증권,A,C,실행,1,5.8,5.8,4,2008-01-28,1,True,-0.072051282051282,트레일,4,-0.2852564102564102
2008-01-22,012090,012090,A,B,실행,1,28.7,28.7,21,2008-02-25,2,True,0.1046511627906976,목표,1,-0.1395348837209303
2008-01-22,000150,두산,A,B,실행,1,38.3,49.0,87,2008-06-02,6,True,0.096551724137931,목표,3,0.106896551724138
2008-01-22,010060,OCI홀딩스,B,C,실행,1,108.8,123.2,78,2008-05-20,5,True,0.0897984886649874,트레일,6,0.7027707808564232
2008-01-22,034020,두산에너빌리티,A,B,실행,1,38.5,38.5,23,2008-02-27,2,True,0.1048780487804879,목표,3,0.2146341463414633
2008-01-22,012630,HDC,A,C,실행,1,16.2,16.2,3,2008-01-25,1,True,0.0847076461769116,목표,1,-0.1004497751124438
2008-01-22,003490,대한항공,B,A,실행,1,16.9,16.9,13,2008-02-13,2,True,-0.0064102564102564,트레일,28,-0.1221719457013574
2008-01-22,000210,DL,A,A,실행,1,23.2,23.2,17,2008-02-19,2,True,0.1064638783269962,목표,3,-0.091254752851711
2008-01-22,009410,태영건설,A,A,실행,1,6.8,6.8,3,2008-01-25,1,True,-0.0568198712570664,손절,6,-0.2146341463414633
2008-01-22,000880,한화,A,A,실행,1,13.4,13.4,54,2008-04-11,4,True,0.0797101449275361,목표,3,-0.0778985507246377
2008-01-22,022100,포스코DX,A,B,실행,1,29.0,29.0,48,2008-04-02,4,True,0.0880681818181818,목표,1,0.0761363636363636
2008-01-22,034830,한국토지신탁,A,A,실행,1,11.9,13.5,81,2008-05-23,5,True,0.0738993710691824,목표,3,0.0566037735849056
2008-01-22,016360,삼성증권,A,C,실행,1,26.6,26.6,50,2008-04-04,4,True,-0.0700436681222707,트레일,6,-0.007278020378457
2008-01-22,011810,STX,A,C,실행,1,34.4,57.1,93,2008-06-11,6,True,0.1256931608133087,목표,1,0.0831792975970426
2008-01-23,034020,두산에너빌리티,A,C,실행,1,42.0,42.0,22,2008-02-27,2,True,0.0749999999999999,목표,1,0.26
2008-01-23,066270,066270,A,B,실행,1,16.2,16.2,4,2008-01-29,1,True,0.1076320939334638,목표,3,-0.3933463796477495
2008-01-23,084730,팅크웨어,A,B,실행,1,39.1,39.1,32,2008-03-12,3,True,0.0996376811594204,목표,1,0.2663043478260869
2008-01-23,025900,동화기업,A,B,실행,1,53.8,69.2,74,2008-05-15,5,True,0.0782051282051281,목표,1,0.3512820512820513
2008-01-23,000215,DL우,A,B,실행,1,17.9,17.9,16,2008-02-19,2,True,-0.0462905982905983,트레일,6,-0.0666666666666666
2008-01-28,005830,DB손해보험,A,A,실행,1,15.6,15.6,15,2008-02-21,2,True,-0.0576819407008086,손절,2,0.0498652291105121
2008-01-28,001450,현대해상,A,B,실행,1,24.0,36.0,89,2008-06-11,6,True,0.0735694822888284,목표,1,0.2043596730245231
2008-01-29,000880,한화,A,C,실행,1,25.2,25.2,49,2008-04-11,4,True,-0.0652,손절,2,0.046
2008-01-29,000370,한화손해보험,A,A,실행,1,28.3,28.3,57,2008-04-23,4,True,-0.0597513227513226,손절,1,-0.1137566137566137
2008-01-29,014620,성광벤드,A,B,실행,1,67.4,95.1,73,2008-05-20,5,True,-0.0758024691358024,손절,1,0.3185185185185184
2008-01-29,004020,현대제철,B,C,실행,1,16.4,33.1,71,2008-05-16,5,True,-0.0855094890510949,손절,2,0.0058394160583941
2008-01-29,034020,두산에너빌리티,B,C,실행,1,32.7,32.7,18,2008-02-27,2,True,-0.0633607476635514,손절,1,0.266355140186916
2008-01-29,011810,STX,A,C,실행,1,32.4,54.8,88,2008-06-11,6,True,-0.0569216757741347,손절,1,0.2604735883424409
2008-01-29,023590,다우기술,A,C,실행,1,11.7,11.7,4,2008-02-04,2,True,0.0855119825708061,목표,4,-0.0697167755991285
2008-01-30,000150,두산,A,C,실행,1,56.6,68.8,81,2008-06-02,6,True,-0.05,손절,1,0.4921875
2008-01-30,009540,HD한국조선해양,A,C,실행,1,43.0,43.0,45,2008-04-07,4,True,0.0926573426573427,목표,1,0.2954545454545454
2008-01-30,012090,012090,A,B,실행,1,29.2,29.2,15,2008-02-25,2,True,0.0758754863813229,목표,4,-0.0972762645914396
2008-01-30,005880,대한해운,A,C,실행,1,84.2,97.1,72,2008-05-20,5,True,0.1208333333333331,목표,1,0.55
2008-01-30,001440,대한전선,A,C,실행,1,48.7,48.7,45,2008-04-07,4,True,0.0777626193724418,목표,3,0.457025920873124
2008-01-31,000150,두산,A,C,실행,1,55.4,67.4,80,2008-06-02,6,True,0.0833333333333332,목표,2,0.4108527131782946
2008-01-31,006260,LS,A,B,실행,1,45.3,51.5,87,2008-06-12,6,True,0.0817039106145252,목표,2,0.2290502793296089
2008-01-31,034020,두산에너빌리티,A,C,실행,1,54.2,54.2,16,2008-02-27,2,True,0.0808903365906623,목표,1,0.3897937024972855
2008-02-12,066570,LG전자,B,C,실행,2,85.5,89.4,64,2008-05-16,5,True,0.273957158962796,목표,17,0.4994363021420518
2008-03-04,049690,049690,A,B,실행,3,1.4,1.4,1,2008-03-05,3,True,-0.0577832194381171,손절,1,-0.2665148063781322
2008-03-05,049690,049690,A,A,실행,3,0.9,0.9,62,2008-06-05,6,True,-0.0599246212121213,손절,2,-0.2477272727272728
2008-03-10,002780,진흥기업,A,B,실행,3,22.6,22.6,15,2008-03-31,3,True,0.0961070559610706,목표,1,0.004866180048662
2008-03-10,000720,현대건설,B,C,실행,3,12.1,12.1,29,2008-04-21,4,True,-0.086592899408284,손절,5,0.0248520710059172
2008-03-10,012090,012090,A,B,실행,3,18.8,18.8,59,2008-06-05,6,True,0.0749999999999999,목표,2,-0.1499999999999999
2008-03-10,034020,두산에너빌리티,B,C,실행,3,12.7,12.7,14,2008-03-28,3,True,-0.0663934426229507,트레일,5,-0.0901639344262295
2008-03-10,030610,교보증권,A,B,실행,3,20.7,20.7,61,2008-06-10,6,True,0.0682414698162729,목표,1,-0.0393700787401575
2008-03-10,003480,한진중공업홀딩스,A,B,실행,3,16.2,16.2,20,2008-04-07,4,True,0.0818759936406994,목표,2,0.0461049284578696
2008-03-11,000155,두산우,A,B,실행,3,13.7,13.7,14,2008-03-31,3,True,-0.0533086876155267,트레일,5,-0.0896487985212569
2008-03-13,003490,대한항공,A,C,실행,3,4.4,4.4,7,2008-03-24,3,True,-0.0718971631205673,손절,1,-0.0957446808510638
2008-03-13,064420,064420,A,A,실행,3,15.8,15.8,51,2008-05-29,5,True,-0.0617336309523809,손절,2,0.0255102040816326
2008-03-14,034020,두산에너빌리티,B,C,실행,3,13.6,13.6,10,2008-03-28,3,True,-0.034090909090909,트레일,18,-0.128099173553719
2008-03-17,037620,037620,B,C,실행,3,30.2,30.2,14,2008-04-04,4,True,0.1070564516129033,트레일,30,0.0685483870967742
2008-04-02,034020,두산에너빌리티,B,C,실행,4,4.8,4.8,2,2008-04-04,4,True,-0.0976294820717131,손절,6,-0.0796812749003984
2008-04-04,035420,NAVER,B,C,실행,4,6.1,6.1,18,2008-05-02,5,True,-0.0896825327510917,손절,9,-0.1331877729257642
2008-04-14,000150,두산,A,B,실행,4,29.7,29.7,32,2008-06-02,6,True,0.0735735735735736,목표,2,0.177177177177177
2008-04-16,011400,011400,A,A,실행,4,16.8,16.8,12,2008-05-06,5,True,0.0781021897810219,목표,1,-0.1094890510948904
2008-04-25,000370,한화손해보험,A,A,주의,4,9.9,9.9,1,2008-04-28,4,True,-0.0603170155993432,손절,1,-0.2931034482758621
2008-05-07,035420,NAVER,A,B,주의,5,5.8,5.8,8,2008-05-20,5,True,-0.0674089430894309,손절,21,-0.2024390243902438
2008-05-14,027970,한국제지,A,C,주의,5,16.1,16.1,15,2008-06-04,6,True,-0.0704301075268818,손절,2,-0.3390681003584229
2008-06-04,003550,LG,B,C,실행,6,0.4,0.4,5,2008-06-12,6,True,-0.0945383597883599,손절,13,-0.1349206349206348
2008-06-11,000150,두산,B,C,실행,6,-1.2,-1.2,1,2008-06-12,6,True,-0.0908345679012345,손절,4,-0.217283950617284
2008-06-13,012650,012650,A,C,실행,6,21.2,21.2,9,2008-06-26,6,True,0.0714285714285714,목표,3,-0.1719576719576718
2008-06-13,005880,대한해운,A,B,실행,6,16.4,16.4,33,2008-07-30,7,True,0.1029850746268656,목표,3,-0.0208955223880598
2008-06-13,093370,후성,A,C,실행,6,19.3,19.3,45,2008-08-18,8,True,-0.0574311926605504,트레일,2,-0.0435779816513761
2008-06-13,011810,STX,A,B,실행,6,3.7,3.7,1,2008-06-16,6,True,-0.0558944746376811,손절,1,-0.3600543478260869
2008-06-16,005880,대한해운,A,B,실행,6,15.4,15.4,32,2008-07-30,7,True,0.0739644970414201,목표,2,-0.044378698224852
2008-06-25,000610,000610,A,A,실행,6,13.8,13.8,1,2008-06-26,6,True,0.0829493087557604,목표,1,-0.3474654377880184
2008-06-25,000990,DB하이텍,A,B,실행,6,7.0,7.0,1,2008-06-26,6,True,-0.05,손절,5,-0.0986046511627907
2008-06-26,006380,카프로,A,B,실행,6,8.9,8.9,45,2008-08-29,8,True,-0.05,손절,1,0.0
2008-06-27,012650,012650,A,C,실행,6,18.9,18.9,11,2008-07-14,7,True,-0.0731081081081082,손절,4,-0.3189189189189189
2008-06-30,066570,LG전자,B,C,실행,6,4.6,4.6,31,2008-08-12,8,True,-0.0887729957805907,손절,8,-0.1223628691983121
2008-07-01,000400,롯데손해보험,A,C,실행,7,5.0,5.0,12,2008-07-17,7,True,-0.0542986425339366,손절,1,-0.2733031674208145
2008-07-03,053660,053660,A,A,실행,7,13.9,13.9,20,2008-07-31,7,True,0.0731707317073169,목표,6,0.0195121951219512
2008-07-03,010060,OCI홀딩스,B,B,실행,7,23.6,23.6,20,2008-07-31,7,True,-0.0471268057784911,손절,1,-0.0449438202247191
2008-07-03,014820,동원시스템즈,A,C,실행,7,5.1,5.1,1,2008-07-04,7,True,-0.0754185022026431,트레일,3,-0.2070484581497796
2008-07-07,072870,메가스터디,A,C,실행,7,5.4,5.4,25,2008-08-11,8,True,-0.05,손절,1,-0.1769230769230768
2008-07-08,045890,045890,A,C,실행,7,56.8,56.8,16,2008-07-30,7,True,0.075310559006211,목표,1,-0.1413043478260869
2008-07-15,016990,016990,A,B,실행,7,10.1,10.1,12,2008-07-31,7,True,-0.0546197646804836,손절,1,-0.0673575129533678
2008-08-04,010060,OCI홀딩스,B,C,실행,8,0.7,0.7,1,2008-08-05,8,True,-0.091048951048951,손절,6,-0.144055944055944
2008-08-05,084010,대한제강,A,A,실행,8,7.3,7.3,34,2008-09-24,9,True,-0.0698978102189781,트레일,9,-0.0978102189781022
2008-08-05,053660,053660,A,C,실행,8,18.1,18.1,8,2008-08-18,8,True,0.0725190839694658,목표,2,-0.248091603053435
2008-08-06,010060,OCI홀딩스,B,A,실행,8,3.4,3.4,1,2008-08-07,8,True,-0.0428571428571428,손절,4,-0.1458026509572901
2008-09-01,010780,아이에스동서,A,B,실행,9,52.2,52.2,7,2008-09-10,9,True,-0.0499999999999999,손절,1,-0.7074626865671642
2008-09-02,011760,현대코퍼레이션,A,C,실행,9,12.0,12.0,7,2008-09-11,9,True,0.0757211538461537,목표,4,-0.6158653846153845
2008-09-02,008320,008320,A,B,실행,9,23.0,23.0,2,2008-09-04,9,True,-0.0517798594847775,손절,1,-0.5831381733021077
2008-09-16,010780,아이에스동서,A,C,실행,9,14.1,14.1,5,2008-09-23,9,True,0.0010000000000001,트레일,2,-0.6174999999999999
2008-09-17,001260,남광토건,A,A,실행,9,-2.0,-2.0,2,2008-09-19,9,True,-0.0567195121951223,손절,1,-0.7121951219512195
2008-10-06,036490,036490,A,C,실행,10,6.3,6.3,7,2008-10-15,10,True,-0.0755988023952095,손절,2,-0.3038922155688622
2008-10-06,068270,셀트리온,A,B,실행,10,66.2,181.7,125,2009-04-06,4,True,-0.0723119650050354,손절,1,0.0015105740181269
2008-10-07,068270,셀트리온,A,A,실행,10,94.5,193.7,124,2009-04-06,4,True,0.1078740157480315,목표,1,0.0267716535433071
2008-10-16,002320,한진,A,C,실행,10,9.1,9.1,50,2008-12-26,12,True,-0.0649999999999999,트레일,4,-0.0894886363636363
2008-10-16,000270,기아,A,B,실행,10,5.3,5.3,11,2008-10-31,10,True,-0.05,손절,1,-0.3460176991150442
2008-10-23,001430,세아베스틸지주,A,B,실행,10,5.5,5.5,6,2008-10-31,10,True,-0.1070496083550913,손절,1,-0.0731070496083551
2008-10-24,015940,015940,A,C,실행,10,16.8,16.8,17,2008-11-18,11,True,-0.12,트레일,2,0.0756756756756755
2008-10-27,068270,셀트리온,A,A,실행,10,96.0,196.0,110,2009-04-06,4,True,-0.0577407407407408,손절,1,0.56984126984127
2008-11-19,000670,영풍,A,B,실행,11,59.8,59.8,14,2008-12-09,12,True,-0.0864534883720932,손절,1,0.2790697674418603
2008-12-03,003240,태광산업,A,B,실행,12,12.0,12.0,18,2008-12-30,12,True,0.0733267716535432,목표,3,-0.1535433070866141
2009-02-26,006120,SK디스커버리,A,C,실행,2,87.1,123.1,125,2009-08-24,8,True,0.0745614035087718,목표,4,0.6169590643274854
2009-03-20,011760,현대코퍼레이션,A,C,실행,3,22.0,22.0,14,2009-04-09,4,True,0.07,목표,4,-0.0028571428571428
2009-03-30,022100,포스코DX,A,B,실행,3,54.8,54.8,18,2009-04-23,4,True,0.0747126436781608,목표,2,0.1570881226053639
2009-04-17,001740,SK네트웍스,A,B,실행,4,65.6,65.6,25,2009-05-26,5,True,0.0769230769230768,목표,2,0.3574660633484163
2009-05-22,000660,SK하이닉스,A,B,실행,5,59.3,78.7,74,2009-09-03,9,True,-0.05,손절,1,0.2332015810276679
2009-05-26,008320,008320,A,C,실행,5,6.8,6.8,10,2009-06-09,6,True,-0.0637903225806451,손절,1,-0.0999999999999999
2009-06-04,086790,하나금융지주,A,B,실행,6,42.9,60.0,84,2009-09-30,9,True,0.0727969348659003,목표,5,0.3237547892720307
2009-06-09,005380,현대차,B,C,실행,6,73.5,73.5,61,2009-09-02,9,True,0.1117647058823529,목표,13,0.3735294117647059
2009-06-15,004550,004550,A,A,실행,6,17.0,17.0,57,2009-09-02,9,True,-0.0794330357142858,손절,4,-0.0267857142857143
2009-06-18,022100,포스코DX,A,B,실행,6,18.4,30.4,75,2009-10-01,10,True,-0.0560253699788583,손절,3,0.0570824524312896
2009-06-29,053660,053660,A,B,실행,6,11.4,11.4,33,2009-08-13,8,True,-0.0846913580246913,트레일,7,-0.1543209876543209
2009-06-29,012630,HDC,A,B,실행,6,19.7,19.7,54,2009-09-11,9,True,0.0752487562189054,목표,2,0.0671641791044777
2009-06-29,023160,태광,A,B,실행,6,14.3,25.2,114,2009-12-07,12,True,0.0752351097178682,목표,6,-0.067398119122257
2009-06-30,053660,053660,A,B,실행,6,20.1,20.1,32,2009-08-13,8,True,0.0865224625623961,목표,2,-0.0948419301164724
2009-06-30,089480,089480,A,C,실행,6,10.8,10.8,5,2009-07-07,7,True,0.0814606741573034,목표,5,-0.3103932584269663
2009-07-02,096770,SK이노베이션,B,C,실행,7,43.6,43.6,62,2009-09-28,9,True,-0.0323076923076922,트레일,33,0.0615384615384615
2009-07-09,066970,엘앤에프,A,C,실행,7,68.9,68.9,43,2009-09-08,9,True,-0.0885392320534224,손절,1,0.5292153589315527
2009-07-10,066970,엘앤에프,A,A,실행,7,83.0,83.0,42,2009-09-08,9,True,-0.0006509945750452,트레일,8,0.6672694394213381
2009-07-13,005160,동국산업,A,C,실행,7,44.0,44.0,23,2009-08-13,8,True,0.0737359550561798,목표,3,0.0814606741573034
2009-07-13,000060,000060,A,C,실행,7,57.0,57.0,50,2009-09-21,9,True,-0.0620253164556962,손절,1,0.4773960216998192
2009-07-13,000660,SK하이닉스,B,C,실행,7,59.2,77.5,124,2010-01-07,1,True,0.1901408450704225,목표,6,0.4753521126760562
2009-07-14,024110,기업은행,B,C,실행,7,36.5,36.5,47,2009-09-17,9,True,0.0739130434782608,목표,2,0.2173913043478261
2009-07-14,077970,STX엔진,A,B,실행,7,34.4,34.4,22,2009-08-13,8,True,0.0837053571428572,목표,2,0.015625
2009-07-14,004940,004940,B,C,실행,7,49.8,54.8,93,2009-11-23,11,True,0.1222444889779559,목표,11,0.1022044088176352
2009-07-14,001740,SK네트웍스,A,C,실행,7,23.4,23.4,44,2009-09-14,9,True,0.0787234042553191,목표,4,0.0893617021276595
2009-07-14,006260,LS,A,B,실행,7,36.2,44.8,121,2010-01-05,1,True,0.0730061349693251,목표,4,0.0527607361963189
2009-08-17,085310,엔케이,A,B,관찰만,8,3.6,12.9,109,2010-01-21,1,True,-0.0776699029126214,손절,4,-0.0388349514563106
2009-08-18,044490,태웅,A,C,관찰만,8,8.6,25.1,104,2010-01-15,1,True,-0.0604141291108404,손절,16,-0.0596833130328867
2009-08-18,053660,053660,A,C,관찰만,8,5.6,17.1,108,2010-01-21,1,True,-0.0704900181488202,트레일,9,-0.1379310344827586
2009-08-18,096770,SK이노베이션,B,C,관찰만,8,45.8,45.8,29,2009-09-28,9,True,0.2447916666666667,목표,16,0.1822916666666667
2009-08-19,011200,HMM,A,C,관찰만,8,12.0,15.6,80,2009-12-10,12,True,0.0777777777777777,목표,2,0.0314814814814814
2009-09-21,066970,엘앤에프,A,B,관찰만,9,5.0,5.0,1,2009-09-22,9,True,-0.0659037037037036,손절,3,-0.437037037037037
2009-09-25,004800,효성,A,A,관찰만,9,27.1,33.8,72,2010-01-11,1,True,-0.0636680911680912,손절,6,0.1524216524216524
2009-10-01,010060,OCI홀딩스,B,C,관찰만,10,-0.2,-0.2,10,2009-10-16,10,True,-0.0872125748502994,손절,2,-0.2035928143712575
2009-10-05,010060,OCI홀딩스,A,B,실행,10,8.0,8.0,9,2009-10-16,10,True,0.070194384449244,목표,8,-0.1425485961123109
2009-10-06,034220,LG디스플레이,B,C,실행,10,32.8,37.9,124,2010-04-05,4,True,-0.0939626749611197,손절,17,0.0575427682737168
2009-10-06,000700,유수홀딩스,A,C,실행,10,37.9,68.3,104,2010-04-06,4,True,0.0747922437673129,목표,2,-0.0818658488326077
2009-11-17,003190,003190,A,A,실행,11,34.6,34.6,41,2010-01-18,1,True,0.0871559633027521,목표,2,0.2823649337410803
2009-11-27,000830,000830,A,B,실행,11,54.7,54.7,36,2010-01-21,1,True,0.0822784810126582,목표,3,0.3739930955120829
2009-11-27,000720,현대건설,A,C,실행,11,20.5,20.5,20,2009-12-28,12,True,0.0689655172413792,목표,11,0.0078369905956112
2009-11-30,096770,SK이노베이션,B,C,실행,11,15.6,18.8,90,2010-04-12,4,True,-0.0174311926605504,트레일,38,-0.0045871559633027
2009-12-30,020560,아시아나항공,A,C,관찰만,12,18.2,177.1,123,2010-06-30,6,True,0.0692729766803841,목표,1,0.0397805212620028
2010-01-15,023530,롯데쇼핑,B,C,관찰만,1,10.8,18.4,112,2010-06-29,6,True,0.0913539967373573,만기,40,0.0913539967373573
2010-01-25,006360,GS건설,B,C,관찰만,1,8.2,8.2,39,2010-03-23,3,True,-0.0965786694825765,손절,5,0.0464625131995775
2010-01-26,085660,차바이오텍,A,A,관찰만,1,20.7,20.7,38,2010-03-23,3,True,-0.0535375375375376,손절,2,0.0810810810810811
2010-01-29,035080,그래디언트,A,C,실행,1,11.5,11.5,2,2010-02-02,2,True,0.1140089418777943,목표,2,-0.0611028315946348
2010-02-01,006400,삼성SDI,B,C,실행,2,17.5,41.0,114,2010-07-16,7,True,0.0597014925373133,만기,40,0.0597014925373133
2010-02-08,035080,그래디언트,A,B,실행,2,9.9,9.9,6,2010-02-17,2,True,0.0701892744479493,목표,6,-0.0488958990536276
2010-02-08,004020,현대제철,B,C,실행,2,24.6,48.7,122,2010-08-04,8,True,0.1499999999999999,만기,40,0.1499999999999999
2010-02-08,089240,089240,A,C,실행,2,23.3,23.3,18,2010-03-08,3,False,0.0759429153924566,목표,14,
2010-02-19,035080,그래디언트,A,B,실행,2,15.2,15.2,16,2010-03-16,3,True,0.076086956521739,목표,10,-0.0618729096989967
2010-03-15,069260,TKG휴켐스,A,C,관찰만,3,11.0,36.1,121,2010-09-03,9,True,0.0707269155206287,목표,2,-0.0235756385068761
2010-03-15,005380,현대차,B,C,관찰만,3,36.7,42.8,125,2010-09-09,9,True,0.1348837209302325,목표,13,0.213953488372093
2010-03-23,089240,089240,A,B,관찰만,3,19.6,19.6,2,2010-08-25,8,False,-0.0500000000000001,손절,1,
2010-05-04,003000,부광약품,A,C,관찰만,5,0.3,0.3,37,2010-06-29,6,True,-0.0596938775510204,손절,6,-0.0680272108843537
2010-05-17,010620,010620,A,B,실행,5,45.0,76.1,118,2010-11-04,11,True,-0.05,손절,3,0.3361344537815127
2010-05-17,000680,LS네트웍스,A,C,실행,5,13.6,14.1,109,2010-10-22,10,True,0.0741839762611276,목표,2,-0.0059347181008901
2010-05-24,082850,우리바이오,A,C,실행,5,13.4,13.4,18,2010-06-18,6,True,-0.0571518193224592,손절,1,-0.0163111668757841
2010-08-06,009150,삼성전기,B,C,관찰만,8,4.0,9.9,74,2010-11-23,11,True,-0.0925707509881422,손절,17,-0.0592885375494071
2010-09-02,012510,012510,A,C,관찰만,9,42.7,42.7,19,2010-10-04,10,True,0.073208722741433,목표,2,0.3021806853582554
2010-10-20,002990,금호건설,A,C,관찰만,10,11.9,11.9,4,2010-10-26,10,True,0.082142857142857,목표,1,-0.1258614014711575
2010-10-29,004150,한솔홀딩스,A,C,관찰만,10,6.2,6.2,2,2010-11-02,11,True,-0.05,손절,10,-0.0178571428571429
2010-10-29,043890,043890,A,C,관찰만,10,11.0,34.3,117,2011-04-19,4,True,0.0955710955710955,목표,1,-0.0559440559440559
2010-11-04,008040,사조동아원,A,B,관찰만,11,7.1,12.4,69,2011-02-15,2,True,-0.05,손절,1,-0.1847545219638242
2010-11-10,900050,900050,A,C,관찰만,11,23.3,36.9,80,2011-03-10,3,True,-0.066,트레일,2,0.093181818181818
2010-11-12,083650,비에이치아이,A,A,관찰만,11,2.2,2.2,10,2010-11-26,11,True,-0.0541817876344086,손절,1,-0.1209677419354837
2010-11-12,100130,동국S&C,A,C,관찰만,11,4.7,4.7,45,2011-01-17,1,True,-0.0647374701670644,손절,3,-0.0190930787589498
2010-11-15,085660,차바이오텍,A,C,관찰만,11,6.0,6.0,58,2011-02-09,2,True,-0.0972413793103448,트레일,3,-0.2077586206896552
2010-11-15,014620,성광벤드,A,B,관찰만,11,12.7,12.7,44,2011-01-17,1,True,-0.0433970276008492,트레일,15,0.048832271762208
2010-11-16,014620,성광벤드,A,B,관찰만,11,16.7,16.7,43,2011-01-17,1,True,0.0824175824175823,목표,3,0.098901098901099
2010-11-17,011200,HMM,A,C,관찰만,11,37.0,37.0,12,2010-12-03,12,True,-0.0008069164265129,트레일,8,0.0648414985590777
2010-11-17,000720,현대건설,A,C,관찰만,11,55.9,56.9,113,2011-05-02,5,True,0.1173986486486486,목표,11,0.4493243243243243
2010-11-29,002990,금호건설,A,B,관찰만,11,16.6,16.6,2,2010-12-01,12,True,0.0688202247191012,목표,1,-0.1011235955056178
2010-12-16,012510,012510,A,B,관찰만,12,4.6,4.6,1,2010-12-17,12,True,-0.0755593227870602,손절,7,-0.2614942528735632
2011-01-13,090430,아모레퍼시픽,B,C,관찰만,1,3.0,18.2,92,2011-05-31,5,True,-0.1007235996326907,손절,16,-0.0817263544536273
2011-01-17,085660,차바이오텍,A,B,관찰만,1,21.2,21.2,14,2011-02-09,2,True,0.0960591133004926,목표,9,-0.0344827586206896
2011-02-09,012330,현대모비스,B,C,관찰만,2,57.4,65.9,103,2011-07-08,7,True,0.2669322709163346,목표,33,0.3207171314741035
2011-02-15,060720,KH바텍,A,B,관찰만,2,14.8,14.8,43,2011-04-18,4,True,-0.0602425876010781,손절,1,0.0943396226415094
2011-02-23,000720,현대건설,A,C,실행,2,32.3,32.3,47,2011-05-02,5,True,0.0705128205128204,목표,2,0.1196581196581196
2011-03-14,011810,STX,A,A,실행,3,13.5,13.5,31,2011-04-26,4,True,-0.0739312977099236,손절,1,-0.1030534351145037
2011-03-15,020560,아시아나항공,A,B,실행,3,25.3,40.2,89,2011-07-21,7,True,0.0724137931034483,목표,4,0.1264367816091953
2011-03-16,001300,001300,B,C,실행,3,27.4,27.4,53,2011-06-01,6,True,0.1689497716894976,목표,25,0.1141552511415524
2011-05-09,011810,STX,A,C,관찰만,5,5.9,5.9,18,2011-06-03,6,True,-0.0788503253796094,손절,9,-0.0455531453362255
2011-05-16,086790,하나금융지주,A,C,주의,5,14.9,18.5,115,2011-10-31,10,True,0.1095890410958904,목표,9,0.015068493150685
2011-05-24,009420,한올바이오파마,A,A,실행,5,71.8,71.8,47,2011-07-29,7,True,-0.0548658114992722,손절,1,0.3682678311499272
2011-05-25,009420,한올바이오파마,A,B,실행,5,82.9,82.9,46,2011-07-29,7,True,0.069767441860465,목표,1,0.4713178294573643
2011-06-03,010060,OCI홀딩스,B,C,실행,6,6.8,6.8,10,2011-06-20,6,True,-0.07912252042007,손절,28,-0.0035005834305718
2011-06-09,009540,HD한국조선해양,B,C,실행,6,12.2,12.2,21,2011-07-08,7,True,-0.083781111111111,손절,8,-0.1688888888888888
2011-06-10,009540,HD한국조선해양,B,C,실행,6,13.7,13.7,20,2011-07-08,7,True,-0.0713997747747747,손절,7,-0.206081081081081
2011-06-10,024110,기업은행,B,C,실행,6,10.8,10.8,7,2011-06-21,6,True,-0.0586021505376344,트레일,24,-0.0833333333333333
2011-06-13,096640,096640,A,C,실행,6,21.5,21.5,20,2011-07-11,7,True,0.0720338983050847,목표,8,-0.1796610169491524
2011-06-13,036710,심텍홀딩스,A,C,실행,6,25.4,25.4,38,2011-08-04,8,True,-0.0658333333333333,손절,4,-0.0624999999999998
2011-06-13,052420,오성첨단소재,A,B,실행,6,29.6,29.6,36,2011-08-02,8,True,0.1217008797653957,목표,2,-0.1202346041055717
2011-06-17,023530,롯데쇼핑,B,C,실행,6,5.5,5.5,7,2011-06-28,6,True,-0.0968486707566462,손절,37,-0.049079754601227
2011-06-21,010060,OCI홀딩스,B,C,실행,6,3.3,3.3,1,2011-06-22,6,True,-0.0907926267281106,손절,17,-0.2788018433179723
2011-06-27,096770,SK이노베이션,B,C,주의,6,15.5,15.5,25,2011-08-01,8,True,-0.0180661577608142,트레일,29,-0.2519083969465648
2011-07-13,009540,HD한국조선해양,B,C,주의,7,0.3,0.3,1,2011-07-14,7,True,-0.0808342245989305,손절,6,-0.3262032085561497
2011-07-21,042660,한화오션,B,C,관찰만,7,3.8,3.8,4,2011-07-27,7,True,-0.0669765013054829,손절,10,-0.3446475195822455
2011-08-03,012330,현대모비스,B,C,실행,8,5.5,5.5,58,2011-10-28,10,True,-0.0987434782608696,손절,3,-0.0463768115942029
2011-08-03,003600,003600,B,C,실행,8,1.7,1.7,1,2011-08-04,8,True,-0.0925988372093022,손절,2,-0.2936046511627906
2011-08-04,001520,동양,A,C,실행,8,13.3,13.3,14,2011-08-25,8,True,-0.05,손절,1,-0.5165
2011-08-04,028050,삼성E&A,B,C,실행,8,9.8,9.8,31,2011-09-21,9,True,-0.0929017467248908,손절,2,-0.1266375545851528
2011-08-05,013570,디와이,A,A,실행,8,18.8,18.8,20,2011-09-05,9,True,-0.0587523148148149,손절,1,-0.2152777777777776
2011-08-05,052420,오성첨단소재,A,B,실행,8,-0.3,-0.3,1,2011-08-08,8,True,-0.0582608695652175,손절,1,-0.4759420289855072
2011-08-05,064420,064420,A,A,실행,8,5.5,5.5,8,2011-08-18,8,True,-0.0699449506454062,손절,1,-0.4464692482915717
2011-08-05,001230,동국홀딩스,A,B,실행,8,-1.9,-1.9,1,2011-08-08,8,True,-0.080735294117647,손절,1,-0.3955882352941177
2011-08-05,036710,심텍홀딩스,A,C,실행,8,9.6,15.6,126,2012-02-08,2,True,-0.088,손절,1,-0.136
2011-08-05,007860,서연,A,A,실행,8,16.9,25.4,74,2011-11-23,11,True,-0.0737248677248676,손절,1,-0.1481481481481482
2011-08-05,009830,한화솔루션,A,A,실행,8,2.1,2.1,1,2011-08-08,8,True,-0.092964824120603,손절,1,-0.4271356783919597
2011-08-05,010950,S-Oil,B,C,실행,8,2.7,6.9,126,2012-02-08,2,True,-0.0990521072796934,손절,1,-0.3026819923371647
2011-08-05,014790,HL D&I,A,A,실행,8,1.8,1.8,1,2011-08-08,8,True,-0.062875,손절,1,-0.381578947368421
2011-08-05,036540,SFA반도체,A,B,실행,8,51.2,58.7,73,2011-11-22,11,True,-0.0901226158038147,손절,1,-0.05858310626703
2011-08-05,042660,한화오션,A,C,실행,8,3.6,4.9,126,2012-02-08,2,True,-0.0749589490968801,손절,1,-0.2906403940886699
2011-08-08,014790,HL D&I,A,C,실행,8,10.4,10.4,7,2011-08-18,8,True,-0.1157060518731988,손절,1,-0.2680115273775216
2011-08-08,006840,AK홀딩스,A,A,실행,8,16.0,16.0,6,2011-08-17,8,True,-0.0950641025641025,손절,1,-0.3089743589743589
2011-08-08,093370,후성,A,A,실행,8,40.0,47.0,87,2011-12-13,12,True,-0.0632393756921372,손절,1,0.1827242524916943
2011-08-08,001230,동국홀딩스,A,C,실행,8,6.4,6.4,6,2011-08-17,8,True,-0.0968750000000001,손절,1,-0.2631578947368421
2011-08-08,009830,한화솔루션,A,A,실행,8,4.5,4.5,2,2011-08-10,8,True,-0.0807349081364829,트레일,7,-0.326771653543307
2011-08-08,015750,성우하이텍,A,A,실행,8,23.5,23.5,44,2011-10-13,10,True,-0.1141891891891893,손절,1,0.0864864864864864
2011-08-08,000120,CJ대한통운,A,C,실행,8,30.1,30.1,7,2011-08-18,8,True,-0.0804562268803945,손절,1,-0.191122071516646
2011-08-08,010690,화신,A,C,실행,8,26.2,26.2,44,2011-10-13,10,True,-0.0908602150537634,손절,1,0.0896057347670251
2011-08-08,033530,SJG세종,A,A,실행,8,10.1,10.1,55,2011-10-28,10,True,-0.0579697986577181,손절,1,-0.1308724832214765
2011-08-08,000430,대원강업,A,A,실행,8,13.4,13.4,7,2011-08-18,8,True,0.0867850098619329,목표,3,-0.1124260355029586
2011-08-08,010950,S-Oil,B,A,실행,8,3.5,12.0,126,2012-02-09,2,True,-0.0920949806949806,손절,1,-0.2362934362934362
2011-08-09,101060,101060,A,A,실행,8,103.3,103.3,37,2011-10-05,10,True,0.0693160813308688,목표,1,0.7911275415896488
2011-08-09,108230,톱텍,A,A,실행,8,28.3,28.3,6,2011-08-18,8,True,0.0942857142857143,목표,1,-0.18
2011-08-09,009420,한올바이오파마,A,A,실행,8,38.8,38.8,61,2011-11-08,11,True,0.0941320293398533,목표,1,-0.0342298288508557
2011-08-09,066270,066270,A,A,실행,8,60.1,60.1,20,2011-09-07,9,True,0.1066433566433566,목표,2,0.2272727272727273
2011-08-10,003600,003600,A,C,실행,8,28.3,28.3,15,2011-09-01,9,True,0.0754716981132075,목표,4,0.0754716981132075
2011-08-17,001630,종근당홀딩스,A,A,실행,8,2.0,2.0,1,2011-08-18,8,True,-0.0781620553359684,손절,2,-0.1363636363636363
2011-08-19,015750,성우하이텍,A,B,실행,8,34.4,34.4,36,2011-10-13,10,True,-0.05,손절,1,0.2823529411764705
2011-08-19,007690,국도화학,A,C,실행,8,13.4,25.1,125,2012-02-20,2,True,0.0768463073852294,목표,3,-0.1467065868263473
2011-08-19,005850,에스엘,A,C,실행,8,49.7,49.7,40,2011-10-19,10,True,-0.05,손절,1,0.4114583333333332
2011-08-19,001120,LX인터내셔널,A,B,실행,8,28.4,34.2,126,2012-02-21,2,True,0.1092342342342342,목표,2,0.1599099099099099
2011-08-19,004560,현대비앤지스틸,A,B,실행,8,16.3,16.3,9,2011-09-01,9,True,0.0916666666666665,목표,6,-0.0999999999999999
2011-08-19,004430,송원산업,A,B,실행,8,13.3,13.3,9,2011-09-01,9,True,-0.05,손절,4,-0.0952380952380952
2011-08-19,005950,이수화학,A,B,실행,8,23.2,29.1,73,2011-12-05,12,True,0.102127659574468,목표,6,0.0595744680851062
2011-08-22,000270,기아,A,B,실행,8,31.9,31.9,51,2011-11-04,11,True,0.0728813559322034,목표,1,0.2084745762711863
2011-08-22,000120,CJ대한통운,A,C,실행,8,9.6,9.6,8,2011-09-01,9,True,0.0914918414918415,목표,8,-0.1258741258741258
2011-08-22,004560,현대비앤지스틸,A,B,실행,8,21.6,21.6,8,2011-09-01,9,True,0.0905923344947734,목표,2,-0.1080139372822299
2011-08-22,011780,금호석유화학,A,B,실행,8,42.1,42.1,37,2011-10-17,10,True,0.1028938906752412,목표,1,0.1961414790996785
2011-08-22,006650,대한유화,A,B,실행,8,33.0,33.0,8,2011-09-01,9,True,0.1625000000000001,목표,4,-0.161
2011-08-22,011170,롯데케미칼,A,B,실행,8,31.1,32.4,114,2012-02-06,2,True,0.137271214642263,목표,5,-0.0615640599001663
2011-08-22,013570,디와이,A,B,실행,8,32.0,32.0,10,2011-09-05,9,True,0.1274131274131273,목표,2,0.0154440154440151
2011-08-22,030530,원익홀딩스,A,C,실행,8,32.1,39.6,76,2011-12-09,12,True,0.0787037037037037,목표,2,0.0052910052910053
2011-08-22,000210,DL,A,C,실행,8,19.1,29.2,118,2012-02-10,2,True,0.0877901109989909,목표,2,-0.1927346115035317
2011-08-22,066270,066270,A,C,실행,8,41.4,41.4,12,2011-09-07,9,True,0.0787037037037037,목표,2,0.1728395061728396
2011-08-22,028150,028150,A,C,실행,8,17.3,17.3,7,2011-08-31,8,True,-0.0533777777777777,손절,1,0.0177777777777776
2011-08-22,039130,하나투어,A,C,실행,8,7.7,7.7,2,2011-08-24,8,False,0.0729783037475344,목표,1,-0.2110453648915187
2011-08-22,000430,대원강업,A,B,실행,8,16.5,22.9,123,2012-02-17,2,True,0.078125,목표,2,0.0729166666666667
2011-08-22,006840,AK홀딩스,A,B,실행,8,13.7,13.7,8,2011-09-01,9,True,0.0763612217795484,목표,1,-0.1925630810092962
2011-08-22,005950,이수화학,A,B,실행,8,31.0,37.3,72,2011-12-05,12,True,0.1119909502262443,목표,1,0.0610859728506787
2011-08-22,060980,HL홀딩스,A,B,실행,8,34.6,38.2,87,2011-12-26,12,True,0.1356209150326797,목표,1,0.2483660130718956
2011-08-25,011780,금호석유화학,B,C,실행,8,31.2,31.2,34,2011-10-17,10,True,-0.0440652818991097,트레일,8,0.1068249258160236
2011-09-05,010950,S-Oil,A,A,실행,9,20.9,37.4,107,2012-02-09,2,True,0.0805687203791469,목표,3,0.0995260663507109
2011-09-06,003600,003600,A,B,실행,9,15.8,22.9,121,2012-03-02,3,True,0.0686619718309859,목표,1,0.0422535211267605
2011-09-06,004430,송원산업,A,A,실행,9,5.4,5.4,9,2011-09-21,9,True,-0.0620401678657074,손절,4,-0.1474820143884891
2011-09-14,120110,코오롱인더,A,B,실행,9,-12.4,-9.3,102,2012-02-09,2,True,-0.0662402234636871,손절,1,-0.2960893854748603
2011-09-14,011790,SKC,A,C,실행,9,10.1,21.3,101,2012-02-08,2,True,-0.05,손절,1,-0.1711409395973154
2011-09-15,120110,코오롱인더,A,C,실행,9,3.0,6.7,101,2012-02-09,2,True,-0.05,손절,1,-0.1458607095926413
2011-09-20,006650,대한유화,A,C,실행,9,9.3,21.1,100,2012-02-13,2,True,-0.0380392156862745,트레일,3,-0.2107843137254902
2011-09-20,010780,아이에스동서,A,C,실행,9,11.9,25.6,111,2012-02-29,2,True,-0.05,손절,1,-0.2222222222222222
2011-09-23,010950,S-Oil,A,B,실행,9,19.2,35.5,95,2012-02-09,2,True,-0.0810747663551402,손절,1,0.0186915887850467
2011-09-23,005950,이수화학,A,B,실행,9,29.1,29.1,50,2011-12-05,12,True,-0.0510106382978722,손절,1,0.204255319148936
2011-09-23,108230,톱텍,A,B,실행,9,27.8,27.8,40,2011-11-21,11,True,-0.0529051987767584,손절,1,0.2691131498470946
2011-09-23,054620,APS,A,A,실행,9,32.5,32.5,51,2011-12-06,12,True,-0.0593496835443038,손절,1,0.2320675105485232
2011-09-23,011170,롯데케미칼,A,A,실행,9,12.0,24.4,92,2012-02-06,2,True,-0.0539830729166668,손절,1,0.015625
2011-09-23,001120,LX인터내셔널,A,A,실행,9,23.6,39.1,107,2012-02-27,2,True,-0.0996590909090908,손절,1,0.1590909090909091
2011-09-23,004010,004010,A,B,실행,9,10.2,10.2,51,2011-12-06,12,True,-0.05,손절,1,-0.0994152046783626
2011-09-23,039530,039530,A,C,실행,9,76.9,77.6,73,2012-01-06,1,True,-0.0566155988857939,손절,1,0.3245125348189415
2011-09-26,009520,포스코엠텍,A,A,실행,9,30.7,30.7,45,2011-11-29,11,True,0.0946791862284819,목표,12,0.1987480438184663
2011-09-26,054620,APS,A,B,실행,9,46.0,46.0,50,2011-12-06,12,True,0.1023255813953487,목표,2,0.3906976744186048
2011-09-26,041140,041140,A,C,실행,9,50.7,50.7,31,2011-11-09,11,True,0.0949781659388646,목표,1,0.2390829694323144
2011-09-26,006120,SK디스커버리,A,C,실행,9,14.7,16.9,92,2012-02-07,2,True,0.0877742946708464,목표,12,0.0564263322884013
2011-09-26,007570,일양약품,A,C,실행,9,73.8,94.8,73,2012-01-09,1,True,0.1255656108597285,목표,2,0.4819004524886878
2011-09-26,009410,태영건설,A,A,실행,9,12.5,12.5,23,2011-10-28,10,True,0.0949152542372882,목표,16,-0.0271186440677965
2011-09-26,015750,성우하이텍,A,B,실행,9,28.7,28.7,12,2011-10-13,10,True,0.0788732394366196,목표,1,-0.0084507042253521
2011-09-26,041960,코미팜,A,B,실행,9,20.7,27.2,76,2012-01-12,1,True,0.1088362068965518,목표,2,-0.0441810344827586
2011-09-26,006380,카프로,A,C,실행,9,22.0,23.3,94,2012-02-09,2,True,-0.0240329218106996,트레일,5,0.0432098765432098
2011-09-26,058650,세아홀딩스,A,C,실행,9,15.6,21.1,95,2012-02-10,2,True,0.0928270042194092,목표,3,-0.0379746835443037
2011-09-26,000070,삼양홀딩스,A,C,실행,9,26.4,26.4,55,2012-01-25,1,True,0.1402188782489739,목표,2,0.0725034199726402
2011-09-26,013990,아가방컴퍼니,A,C,실행,9,216.4,219.2,69,2012-01-03,1,True,0.1714490674318507,목표,2,0.4777618364418938
2011-09-26,069080,웹젠,A,B,실행,9,105.1,109.0,116,2012-03-13,3,True,0.0833333333333332,목표,1,0.4935897435897436
2011-09-26,066270,066270,A,B,실행,9,31.9,31.9,17,2011-10-20,10,True,0.1468750000000001,목표,2,0.0281249999999999
2011-09-26,023590,다우기술,A,C,실행,9,53.7,111.6,74,2012-01-10,1,True,0.102439024390244,목표,2,0.396341463414634
2011-09-26,003030,세아제강지주,A,A,실행,9,36.9,83.9,113,2012-03-08,3,True,-0.062250608272506,손절,5,-0.0043795620437956
2011-09-26,002270,002270,A,B,실행,9,36.3,51.1,119,2012-03-16,3,True,-0.0511518622722401,손절,5,0.242765273311897
2011-09-26,068270,셀트리온,B,C,실행,9,19.8,19.8,10,2011-10-11,10,True,0.0180851063829787,트레일,13,-0.0563204005006258
2011-09-26,036830,솔브레인홀딩스,A,C,실행,9,35.3,35.3,44,2011-11-28,11,True,0.0742647058823529,목표,2,0.3029411764705882
2011-09-26,033920,무학,A,B,실행,9,24.5,37.2,92,2012-02-07,2,True,0.0716463414634145,목표,2,0.1382113821138211
2011-09-26,009420,한올바이오파마,A,B,실행,9,49.0,49.0,30,2011-11-08,11,True,0.1377952755905511,목표,2,0.1994750656167978
2011-09-26,068760,셀트리온제약,A,B,실행,9,54.4,54.4,35,2011-11-15,11,True,0.0958333333333334,목표,2,0.3638888888888889
2011-10-04,011780,금호석유화학,A,A,실행,10,29.6,29.6,9,2011-10-17,10,True,0.0689149560117301,목표,3,-0.0293255131964809
2011-10-05,011780,금호석유화학,A,A,실행,10,37.3,37.3,8,2011-10-17,10,True,0.076086956521739,목표,1,0.1055900621118013
2011-10-06,005850,에스엘,A,B,실행,10,35.3,35.3,9,2011-10-19,10,True,0.1,목표,2,0.1764705882352941
2011-10-17,068270,셀트리온,B,C,실행,10,2.5,2.5,2,2011-10-19,10,True,-0.0828240963855421,손절,4,-0.0746987951807228
2011-11-03,003030,세아제강지주,A,B,실행,11,27.2,76.5,86,2012-03-08,3,True,-0.0386554621848739,트레일,5,-0.072829131652661
2011-11-10,000240,한국앤컴퍼니,B,C,실행,11,16.8,17.7,118,2012-05-02,5,True,0.0393794749403342,만기,40,0.0393794749403342
2011-11-21,039530,039530,A,B,실행,11,34.1,34.1,33,2012-01-06,1,True,-0.0579603706624607,손절,1,-0.038906414300736
2011-11-24,007570,일양약품,A,C,실행,11,63.7,63.7,31,2012-01-09,1,True,-0.0263117870722433,트레일,17,0.2053231939163498
2011-11-25,007570,일양약품,A,A,실행,11,74.3,74.3,30,2012-01-09,1,True,0.1255060728744939,목표,6,0.334008097165992
2012-01-16,039530,039530,A,C,실행,1,9.9,9.9,1,2012-01-17,1,True,0.0749999999999999,목표,1,-0.71
2012-02-02,001130,대한제분,A,B,주의,2,6.7,6.7,20,2012-03-02,3,True,-0.0591346153846155,손절,38,-0.0288461538461538
2012-02-17,034020,두산에너빌리티,B,C,주의,2,4.3,4.3,11,2012-03-06,3,True,-0.0967399135446686,손절,24,-0.1642651296829971
2012-03-06,013990,아가방컴퍼니,A,B,주의,3,27.0,31.1,86,2012-07-10,7,True,-0.0694672131147541,손절,4,0.0491803278688525
2012-03-07,078160,메디포스트,A,B,주의,3,30.3,31.1,115,2012-08-22,8,True,0.0779363336992315,목표,2,0.1975850713501648
2012-03-07,013990,아가방컴퍼니,A,A,주의,3,27.6,31.7,85,2012-07-10,7,True,-0.0890946502057613,손절,3,0.0658436213991768
2012-03-22,117930,117930,A,C,주의,3,11.2,12.2,125,2012-09-20,9,True,0.0690789473684212,목표,3,-0.2302631578947368
2012-03-26,053000,053000,B,C,주의,3,6.5,6.5,7,2012-04-04,4,True,0.0608365019011407,목표,7,-0.1901140684410646
2012-04-10,000660,SK하이닉스,B,C,주의,4,6.1,6.1,3,2012-04-16,4,True,-0.0884039039039038,손절,23,-0.1693693693693694
2012-04-18,000660,SK하이닉스,B,C,주의,4,3.4,3.4,1,2012-04-19,4,True,-0.0983841354723707,손절,18,-0.1586452762923351
2012-04-23,000660,SK하이닉스,B,C,주의,4,4.0,4.0,8,2012-05-04,5,True,-0.0904796163069544,손절,15,-0.1169064748201439
2012-04-26,069080,웹젠,A,C,주의,4,14.3,14.3,11,2012-05-14,5,True,0.1065217391304347,목표,4,-0.0913043478260869
2012-04-27,067000,조이시티,A,B,주의,4,63.7,63.7,48,2012-07-09,7,True,0.0916808149405772,목표,6,0.3089983022071305
2012-05-02,005900,005900,A,A,주의,5,9.9,9.9,3,2012-05-07,5,True,-0.07457907371045,손절,1,-0.3806818181818182
2012-05-03,005900,005900,A,B,주의,5,13.7,13.7,2,2012-05-07,5,True,0.0910425844346547,목표,2,-0.3627019089574156
2012-05-07,035420,NAVER,B,C,주의,5,17.0,19.9,101,2012-09-28,9,True,-0.0862520491803279,손절,8,0.0553278688524589
2012-05-09,005900,005900,A,C,주의,5,-0.6,-0.6,3,2012-05-14,5,True,-0.0665086887835703,손절,1,-0.2985781990521327
2012-05-10,022100,포스코DX,A,C,주의,5,2.7,2.7,1,2012-05-11,5,True,-0.0736256544502618,손절,2,-0.0732984293193717
2012-05-17,006400,삼성SDI,B,C,실행,5,2.5,2.5,3,2012-05-22,5,True,-0.0850788643533123,손절,34,-0.0977917981072554
2012-05-17,009150,삼성전기,B,C,실행,5,12.2,12.2,20,2012-06-18,6,True,0.0612244897959184,만기,40,0.0612244897959184
2012-05-18,005900,005900,A,C,실행,5,23.6,23.6,9,2012-06-01,6,True,0.07,목표,4,-0.14
2012-05-21,000430,대원강업,A,C,실행,5,31.3,91.2,118,2012-11-08,11,True,0.095617529880478,목표,6,0.0816733067729083
2012-06-04,101060,101060,A,C,실행,6,62.2,117.3,91,2012-10-15,10,True,0.0758928571428572,목표,2,0.3988095238095237
2012-07-02,039530,039530,A,C,실행,7,41.2,41.2,34,2012-08-20,8,True,-0.0500000000000001,손절,1,-0.0091463414634147
2012-07-03,039530,039530,A,C,실행,7,65.9,65.9,33,2012-08-20,8,True,-0.05,손절,1,0.1111111111111111
2012-07-11,035420,NAVER,B,C,실행,7,15.4,15.4,56,2012-09-28,9,True,0.0710059171597634,목표,7,0.0552268244575937
2012-07-17,038500,삼표시멘트,A,A,실행,7,40.8,82.8,125,2013-01-17,1,True,0.073394495412844,목표,1,-0.073394495412844
2012-08-20,001800,오리온홀딩스,B,C,실행,8,38.4,38.4,60,2012-11-14,11,True,0.1951807228915663,목표,30,0.1939759036144577
2012-09-21,053800,안랩,A,B,관찰만,9,-6.3,-6.3,1,2012-09-24,9,True,-0.0623906145624583,손절,1,-0.5390781563126252
2012-09-24,037370,EG,A,A,관찰만,9,12.0,12.0,49,2012-12-04,12,True,-0.0513961255845024,손절,3,-0.2625250501002004
2012-09-26,066270,066270,A,B,주의,9,12.9,12.9,5,2012-10-05,10,True,0.0977777777777777,목표,3,-0.3199999999999999
2012-10-11,005930,삼성전자,B,C,주의,10,21.5,21.5,56,2013-01-03,1,True,0.0659509202453987,목표,29,0.1150306748466256
2012-10-16,066270,066270,A,C,주의,10,2.0,2.0,1,2012-10-17,10,True,-0.0624120603015075,손절,3,-0.1809045226130653
2012-10-19,016170,016170,A,A,주의,10,15.2,20.7,120,2013-04-15,4,True,-0.0510326086956521,손절,5,-0.1123188405797102
2012-11-01,083650,비에이치아이,A,C,주의,11,35.4,35.4,54,2013-01-22,1,True,0.0747252747252746,목표,3,0.1868131868131868
2012-11-01,078020,LS증권,A,B,주의,11,39.7,46.4,85,2013-03-08,3,True,-0.0525401069518716,손절,2,0.2165775401069518
2012-11-05,038500,삼표시멘트,A,C,주의,11,102.4,102.4,52,2013-01-22,1,True,-0.0485470085470084,트레일,2,0.1431623931623933
2012-11-06,001250,GS글로벌,A,B,주의,11,6.2,6.2,30,2012-12-18,12,True,-0.0658333333333333,손절,6,-0.0458333333333332
2012-11-15,041510,에스엠,A,B,주의,11,1.2,1.6,103,2013-04-17,4,True,-0.05,손절,1,-0.0758483033932135
2012-11-15,053320,053320,A,B,주의,11,40.7,40.7,7,2012-11-26,11,True,0.0691699604743081,목표,4,0.1067193675889328
2012-12-07,052790,액토즈소프트,A,C,관찰만,12,94.7,138.9,78,2013-04-04,4,True,-0.0133333333333333,트레일,8,0.7112299465240641
2012-12-20,063080,컴투스홀딩스,A,A,관찰만,12,23.0,44.0,106,2013-05-28,5,True,0.1007751937984495,목표,4,0.0409745293466223
2012-12-20,078340,컴투스,A,B,관찰만,12,32.4,46.4,79,2013-04-17,4,True,0.0991432068543451,목표,2,0.1015911872705017
2012-12-21,063080,컴투스홀딩스,A,A,관찰만,12,22.9,43.8,105,2013-05-28,5,True,0.0813053097345133,목표,1,0.0265486725663717
2013-01-11,096640,096640,A,B,관찰만,1,2.6,2.6,36,2013-03-06,3,True,-0.05,손절,1,-0.0166270783847981
2013-01-14,096640,096640,A,C,관찰만,1,5.9,5.9,35,2013-03-06,3,True,-0.0732843137254901,손절,9,0.0122549019607842
2013-01-24,001800,오리온홀딩스,B,C,관찰만,1,21.5,21.5,58,2013-04-18,4,True,-0.0834450980392158,손절,12,0.0549019607843135
2013-02-18,039530,039530,A,C,관찰만,2,45.7,62.1,90,2013-06-28,6,True,0.0947368421052632,목표,1,0.0421052631578946
2013-04-01,028670,팬오션,A,C,관찰만,4,1.3,1.3,1,2013-04-02,4,True,-0.0547858942065492,손절,1,-0.2065491183879093
2013-04-08,078520,에이블씨엔씨,A,B,주의,4,8.5,8.5,3,2013-04-11,4,True,0.0760401721664274,목표,3,-0.4067431850789096
2013-04-08,078340,컴투스,A,B,주의,4,23.8,23.8,7,2013-04-17,4,True,0.0931677018633541,목표,4,-0.0962732919254658
2013-04-15,078520,에이블씨엔씨,A,C,주의,4,3.6,3.6,2,2013-04-17,4,True,-0.0686838124054463,손절,4,-0.3789712556732224
2013-05-03,001800,오리온홀딩스,B,C,관찰만,5,3.0,3.0,4,2013-05-09,5,True,-0.0979434977578475,손절,33,-0.1040358744394619
2013-06-05,002990,금호건설,A,C,관찰만,6,27.3,34.7,73,2013-09-23,9,True,-0.1177914121946336,손절,1,-0.190340909090909
2013-06-07,101060,101060,A,C,주의,6,4.4,4.4,33,2013-07-24,7,True,-0.0571969696969697,손절,9,-0.0284090909090909
2013-06-11,001260,남광토건,A,C,주의,6,15.8,15.8,2,2013-06-13,6,True,-0.037150127226463,트레일,2,-0.2824427480916029
2013-06-11,002530,002530,A,A,주의,6,16.9,16.9,11,2013-06-26,6,True,-0.004054054054054,트레일,2,-0.7185810810810811
2013-06-20,002530,002530,A,A,주의,6,53.8,53.8,4,2013-06-26,6,True,-0.0611338521400778,손절,1,-0.6515555555555556
2013-06-25,012510,012510,A,B,실행,6,16.6,16.6,13,2013-07-12,7,True,0.094170403587444,목표,2,0.0358744394618835
2013-06-25,082210,옵트론텍,A,B,실행,6,23.5,23.5,32,2013-08-08,8,True,0.0897435897435896,목표,2,0.0427350427350428
2013-06-25,000990,DB하이텍,A,C,실행,6,25.6,25.6,13,2013-07-12,7,True,0.0698587127158556,목표,2,0.0345368916797488
2013-06-25,091700,파트론,A,B,실행,6,19.8,19.8,4,2013-07-01,7,True,0.1018237082066868,목표,2,0.0
2013-06-25,060590,씨티씨바이오,A,C,실행,6,41.5,41.5,31,2013-08-07,8,True,0.1077981651376147,목표,2,0.1032110091743119
2013-06-25,123260,123260,A,B,실행,6,39.4,42.6,75,2013-10-16,10,True,0.0864285714285715,목표,2,0.0828571428571427
2013-06-25,049550,잉크테크,A,B,실행,6,36.4,46.6,71,2013-10-10,10,True,0.1242774566473987,목표,2,0.0751445086705202
2013-06-25,036420,콘텐트리중앙,A,A,실행,6,23.3,23.3,30,2013-08-06,8,True,0.0714285714285714,목표,2,0.0920897284533648
2013-07-03,000660,SK하이닉스,B,C,실행,7,15.1,36.0,126,2014-01-08,1,True,-0.0866817391304348,손절,26,-0.0452173913043478
2013-07-08,033240,자화전자,A,B,실행,7,21.4,32.9,95,2013-11-26,11,True,0.0935828877005346,목표,3,0.0855614973262031
2013-07-08,004710,한솔테크닉스,A,A,실행,7,13.4,20.4,125,2014-01-10,1,True,-0.0566214005235602,손절,2,-0.0026178010471203
2013-08-05,004430,송원산업,A,C,주의,8,5.3,5.3,2,2013-08-07,8,True,-0.0666666666666666,손절,12,-0.0526315789473684
2013-08-06,082640,동양생명,A,C,주의,8,14.6,20.6,78,2013-12-02,12,True,0.0879396984924623,목표,15,0.0301507537688441
2013-08-06,005880,대한해운,A,C,주의,8,3.2,3.2,1,2013-08-07,8,True,-0.0806451612903227,손절,3,-0.2086693548387097
2013-08-21,058650,세아홀딩스,A,C,주의,8,8.2,8.2,39,2013-10-22,10,True,0.0711422845691382,목표,39,-0.0070140280561121
2013-08-22,084370,유진테크,A,C,주의,8,19.2,20.1,116,2014-02-14,2,True,0.0899390243902438,목표,23,0.0762195121951219
2013-08-26,011200,HMM,A,A,주의,8,6.3,6.3,7,2013-09-04,9,True,-0.0635287958115183,손절,2,-0.1806282722513089
2013-08-27,011200,HMM,A,A,주의,8,7.4,7.4,6,2013-09-04,9,True,-0.0552735890652558,손절,1,-0.2037037037037037
2013-09-30,002990,금호건설,A,A,관찰만,9,5.4,5.4,1,2013-10-01,10,True,-0.0642035891788093,손절,3,-0.2724358974358974
2013-10-04,032640,LG유플러스,B,C,관찰만,10,16.8,16.8,12,2013-10-23,10,True,-0.0070454545454545,트레일,31,-0.0545454545454545
2013-10-16,130960,130960,A,C,관찰만,10,4.2,28.7,123,2014-04-14,4,True,-0.0830352303523035,트레일,18,-0.1449864498644986
2013-10-17,036420,콘텐트리중앙,A,B,관찰만,10,14.5,14.5,7,2013-10-28,10,True,0.0686274509803923,목표,2,-0.0484429065743944
2014-03-03,139480,이마트,B,C,관찰만,3,1.6,1.6,2,2014-03-05,3,True,-0.0628683693516699,만기,40,-0.0628683693516699
2014-03-13,010130,고려아연,B,C,주의,3,9.5,29.8,113,2014-08-27,8,True,-0.0057803468208093,만기,40,-0.0057803468208093
2014-05-08,002380,KCC,B,C,주의,5,34.7,47.7,96,2014-09-29,9,True,0.1457085828343314,목표,6,0.2375249500998004
2014-05-09,035420,NAVER,B,C,주의,5,25.2,25.2,36,2014-07-02,7,True,0.2026049204052098,만기,40,0.2026049204052098
2014-06-05,038060,루멘스,A,B,관찰만,6,4.8,4.8,2,2014-06-10,6,True,-0.0591346153846154,손절,4,-0.2038461538461539
2014-07-31,008930,한미사이언스,A,C,관찰만,7,31.7,33.1,97,2014-12-23,12,True,-0.05,손절,5,0.1258992805755396
2014-08-01,008930,한미사이언스,A,C,관찰만,8,31.7,33.1,96,2014-12-23,12,True,0.0863309352517984,목표,32,0.1546762589928056
2014-09-03,002620,제일파마홀딩스,A,B,관찰만,9,22.9,46.8,123,2015-03-10,3,True,-0.05,손절,1,0.0945273631840795
2014-09-03,034810,해성산업,A,B,관찰만,9,-14.9,-14.9,1,2014-09-04,9,True,-0.05,손절,1,-0.6112099644128114
2014-09-04,002620,제일파마홀딩스,A,A,관찰만,9,25.4,49.7,122,2015-03-10,3,True,-0.0976649746192893,트레일,3,0.0304568527918782
2014-10-02,004560,현대비앤지스틸,A,A,주의,10,0.8,0.8,2,2014-10-07,10,True,-0.0608748891843972,손절,2,-0.101063829787234
2014-10-07,000660,SK하이닉스,B,C,주의,10,11.9,15.0,64,2015-01-09,1,True,-0.0889161073825504,손절,3,0.0749440715883669
2014-10-13,024660,024660,A,B,주의,10,17.5,44.0,99,2015-03-09,3,True,0.0950854700854701,목표,6,-0.0021367521367521
2014-10-13,122870,와이지엔터테인먼트,A,A,주의,10,11.4,13.0,67,2015-01-19,1,True,0.0726970033296336,목표,5,0.0310765815760265
2014-10-14,078520,에이블씨엔씨,A,B,주의,10,4.5,45.8,116,2015-04-02,4,True,-0.0802888086642599,트레일,2,-0.2184115523465704
2014-10-21,007570,일양약품,A,A,주의,10,8.6,45.3,125,2015-04-22,4,True,0.0688336520076482,목표,3,-0.0783938814531548
2014-10-24,011070,LG이노텍,A,B,주의,10,14.9,14.9,55,2015-01-14,1,True,0.0769230769230768,목표,3,-0.0653846153846153
2014-10-24,024110,기업은행,B,C,주의,10,13.6,13.6,8,2014-11-05,11,True,-0.0346026490066224,트레일,33,-0.0331125827814569
2014-11-04,015750,성우하이텍,A,B,주의,11,11.1,11.1,4,2014-11-10,11,True,0.0703703703703704,목표,2,-0.1111111111111111
2014-11-07,097950,CJ제일제당,B,C,주의,11,9.3,33.0,123,2015-05-11,5,True,-0.0929263456090652,손절,21,-0.093484419263456
2014-11-17,017810,풀무원,A,B,주의,11,38.2,140.1,125,2015-05-21,5,True,0.0825471698113207,목표,3,-0.0188679245283018
2014-11-17,067280,멀티캠퍼스,A,B,주의,11,5.9,8.7,101,2015-04-15,4,True,-0.0683174603174603,트레일,10,-0.2142857142857143
2014-11-18,000660,SK하이닉스,B,C,주의,11,10.8,10.8,35,2015-01-09,1,True,0.0635775862068965,목표,15,0.0226293103448276
2014-12-11,011170,롯데케미칼,A,C,주의,12,31.7,92.4,126,2015-06-18,6,True,0.0698412698412698,목표,5,0.1555555555555554
2014-12-11,035720,카카오,B,C,주의,12,29.0,29.0,29,2015-01-26,1,True,0.096774193548387,트레일,40,0.1330645161290322
2014-12-17,900120,씨엑스아이,A,B,주의,12,34.4,54.1,90,2015-04-30,4,True,0.1022576361221778,목표,6,0.0491367861885789
2015-02-02,000810,삼성화재,B,C,주의,2,1.3,4.8,74,2015-05-22,5,True,-0.0979648829431437,손절,11,-0.137123745819398
2015-02-10,035720,카카오,B,C,주의,2,8.4,8.4,2,2015-02-12,2,True,-0.078612099644128,트레일,11,-0.2313167259786477
2015-03-03,028670,팬오션,A,C,관찰만,3,20.2,24.1,83,2015-08-10,8,True,-0.0711111111111112,손절,1,-0.0301587301587302
2015-03-05,011170,롯데케미칼,B,C,관찰만,3,49.6,62.7,73,2015-06-19,6,True,0.0613333333333332,목표,3,0.3386666666666666
2015-03-30,032350,롯데관광개발,A,C,관찰만,3,28.6,28.6,18,2015-04-23,4,True,0.1071428571428572,목표,2,0.0807453416149068
2015-04-24,168330,내츄럴엔도텍,A,B,관찰만,4,-2.1,-2.1,2,2015-04-28,4,True,-0.0679880041731328,손절,1,-0.7195121951219512
2015-05-04,039030,이오테크닉스,A,C,관찰만,5,31.8,31.8,56,2015-07-23,7,True,-0.0786293316831683,손절,2,-0.0405940594059406
2015-05-06,082270,젬백스,A,C,관찰만,5,152.2,152.2,16,2015-05-29,5,True,0.0759668508287292,목표,4,1.3425414364640882
2015-05-19,091700,파트론,A,C,관찰만,5,1.0,5.4,107,2015-10-22,10,True,-0.0592682926829268,손절,6,-0.1863414634146342
2015-05-26,078340,컴투스,A,C,관찰만,5,27.6,27.6,34,2015-07-13,7,True,0.0684,목표,3,0.1288
2015-06-01,900050,900050,A,A,관찰만,6,46.1,117.0,95,2015-10-16,10,True,-0.0584722222222222,손절,1,0.1783625730994151
2015-06-02,900050,900050,A,B,관찰만,6,57.1,133.3,94,2015-10-16,10,True,0.0888364779874215,목표,8,0.2201257861635219
2015-06-12,051900,LG생활건강,B,C,주의,6,24.7,44.7,113,2015-11-24,11,True,-0.0486130374479889,트레일,17,0.2316227461858528
2015-06-16,140410,메지온,A,B,주의,6,52.3,52.3,14,2015-07-06,7,True,0.0763116057233703,목표,2,0.068362480127186
2015-06-22,036420,콘텐트리중앙,A,C,주의,6,67.8,67.8,39,2015-08-17,8,True,-0.0902207792207793,손절,6,0.4779220779220778
2015-06-24,034120,SBS,A,A,관찰만,6,19.5,25.9,68,2015-10-01,10,True,0.077223088923557,목표,14,0.06396255850234
2015-06-24,101060,101060,A,C,관찰만,6,6.6,6.6,20,2015-07-22,7,True,-0.0546398046398046,손절,3,-0.1452991452991453
2015-07-08,051910,LG화학,A,B,주의,7,25.8,45.7,121,2016-01-04,1,True,0.0750528541226216,목표,2,-0.040169133192389
2015-07-13,004170,신세계,A,A,주의,7,22.7,39.3,86,2015-11-16,11,True,0.1180722891566266,목표,16,0.1012048192771084
2015-07-20,000830,000830,A,C,관찰만,7,1.8,1.8,1,2015-07-21,7,False,-0.0563333333333333,손절,6,
2015-07-24,000210,DL,A,B,주의,7,8.3,8.3,53,2015-10-13,10,True,-0.0526206896551724,손절,6,-0.0289655172413793
2015-07-24,010060,OCI홀딩스,A,C,주의,7,1.5,1.5,1,2015-07-27,7,True,-0.0538190954773869,손절,6,-0.1939698492462311
2015-07-27,002620,제일파마홀딩스,A,C,주의,7,5.6,122.5,113,2016-01-11,1,True,-0.05,손절,3,-0.1766990291262136
2015-07-27,000210,DL,A,A,주의,7,10.3,10.5,126,2016-01-28,1,True,-0.0561376404494382,손절,9,0.0042134831460673
2015-07-28,041960,코미팜,A,B,주의,7,102.4,297.2,78,2015-11-19,11,True,0.1130313588850173,트레일,2,0.5644599303135889
2015-07-28,002250,002250,A,A,주의,7,20.6,21.8,126,2016-01-29,1,True,-0.0625380710659898,손절,2,0.0203045685279188
2015-07-29,002250,002250,A,B,주의,7,25.0,28.2,126,2016-02-01,2,True,0.0736842105263158,목표,6,0.0789473684210526
2015-07-30,083790,CG인바이츠,A,C,주의,7,8.2,29.9,123,2016-01-28,1,True,-0.0479715302491103,트레일,9,-0.0462633451957295
2015-08-11,071320,지역난방공사,A,C,주의,8,13.2,15.2,126,2016-02-17,2,True,-0.0657024793388429,손절,8,0.062809917355372
2015-08-12,078520,에이블씨엔씨,A,C,주의,8,28.4,28.4,15,2015-09-03,9,True,0.0902636916835699,목표,1,0.1115618661257606
2015-08-12,020560,아시아나항공,A,C,주의,8,0.3,0.3,1,2015-08-13,8,True,-0.0696213425129087,손절,3,-0.118760757314974
2015-08-18,054780,키이스트,A,A,주의,8,27.5,27.5,45,2015-10-23,10,True,-0.0564363143631437,손절,1,0.1233062330623306
2015-08-19,052260,현대바이오랜드,A,C,주의,8,15.1,22.2,97,2016-01-11,1,True,-0.069348268839104,손절,2,-0.0386965376782078
2015-08-19,003470,유안타증권,A,B,주의,8,10.6,10.6,22,2015-09-18,9,True,-0.0633022170361726,손절,2,0.0536756126021003
2015-08-19,013990,아가방컴퍼니,A,B,주의,8,68.8,68.8,49,2015-10-30,10,True,-0.0664502164502164,손절,2,0.2716450216450217
2015-08-19,092040,아미코젠,A,C,주의,8,33.2,33.2,22,2015-09-18,9,True,0.0825958702064897,목표,2,0.0737463126843656
2015-08-19,067000,조이시티,A,B,주의,8,27.0,38.6,126,2016-02-24,2,True,-0.0641188959660299,손절,2,0.1953290870488322
2015-08-19,046440,KG파이낸셜,A,A,주의,8,7.8,7.8,25,2015-09-23,9,True,-0.0766355140186916,손절,2,-0.0404984423676012
2015-08-19,069080,웹젠,A,A,주의,8,18.2,18.2,36,2015-10-13,10,True,-0.0705536626916524,손절,2,0.0954003407155026
2015-08-19,000320,노루홀딩스,A,A,주의,8,14.8,14.8,21,2015-09-17,9,True,-0.0618098720292504,손절,2,0.0365630712979889
2015-08-19,019210,와이지-원,A,C,주의,8,11.8,11.8,8,2015-08-31,8,True,0.0807860262008732,목표,6,0.0
2015-08-19,007160,사조산업,A,A,주의,8,29.4,29.4,32,2015-10-06,10,True,-0.0533333333333333,트레일,3,0.1363636363636364
2015-08-19,054780,키이스트,A,C,주의,8,37.6,37.6,44,2015-10-23,10,True,-0.0791666666666667,손절,2,0.2163742690058481
2015-08-19,000970,한국주철관,A,A,주의,8,35.8,35.8,9,2015-09-01,9,True,-0.0506130162241887,손절,2,0.1327433628318584
2015-08-20,016100,리더스코스메틱,A,C,주의,8,12.8,12.8,5,2015-08-27,8,True,0.0805825242718447,목표,4,-0.3631067961165048
2015-08-20,065150,대산F&B,A,C,주의,8,55.4,55.4,31,2015-10-06,10,True,-0.05,손절,1,0.2642857142857142
2015-08-20,035600,KG이니시스,A,C,주의,8,10.6,10.6,24,2015-09-23,9,True,-0.0571608040201004,손절,1,-0.1306532663316583
2015-08-20,090430,아모레퍼시픽,B,C,주의,8,18.8,27.1,71,2015-12-02,12,True,-0.02,트레일,11,0.0808823529411764
2015-08-20,031390,031390,A,B,주의,8,50.6,50.6,54,2015-11-09,11,True,-0.05,손절,1,0.2835443037974683
2015-08-21,017800,현대엘리베이터,A,B,실행,8,19.9,19.9,3,2015-08-26,8,True,0.0764604810996563,목표,1,-0.172680412371134
2015-08-21,031390,031390,A,C,실행,8,62.8,62.8,53,2015-11-09,11,True,0.0902872777017784,목표,2,0.3898768809849522
2015-08-21,066270,066270,A,A,실행,8,28.2,28.2,25,2015-09-25,9,True,-0.0522891566265061,손절,1,0.0615796519410978
2015-08-21,035600,KG이니시스,A,C,실행,8,20.5,20.5,23,2015-09-23,9,True,0.0698630136986302,목표,3,-0.0712328767123288
2015-08-21,029460,케이씨,A,A,실행,8,30.9,44.7,99,2016-01-15,1,True,0.0797872340425531,목표,2,0.1329787234042554
2015-08-24,035510,신세계 I&C,A,B,실행,8,23.5,23.5,22,2015-09-23,9,True,0.0846153846153845,목표,4,-0.0538461538461538
2015-08-24,097520,엠씨넥스,A,A,실행,8,71.2,81.3,91,2016-01-06,1,True,0.0910290237467017,목표,1,0.6042216358839052
2015-09-04,078160,메디포스트,A,A,실행,9,50.0,50.0,50,2015-11-18,11,True,0.0851063829787235,목표,5,0.2859042553191488
2015-09-04,090430,아모레퍼시픽,B,B,실행,9,30.1,30.1,60,2015-12-02,12,True,-0.0345315857921905,손절,2,0.2048192771084338
2015-09-07,085370,085370,A,B,실행,9,40.0,56.6,100,2016-02-02,2,True,0.0885200553250347,목표,2,0.2420470262793914
2015-09-07,002790,아모레퍼시픽홀딩스,B,C,실행,9,15.7,15.7,18,2015-10-05,10,True,-0.0841606221488122,손절,1,0.0576923076923077
2015-09-07,092040,아미코젠,A,A,실행,9,29.7,29.7,9,2015-09-18,9,True,-0.0609877873563219,손절,1,-0.0258620689655171
2015-09-11,078520,에이블씨엔씨,A,B,실행,9,15.3,15.3,9,2015-09-24,9,True,0.0870841487279843,목표,4,-0.1702544031311155
2015-09-30,047810,한국항공우주,B,B,실행,9,38.0,38.0,26,2015-11-06,11,True,0.1729749631811488,트레일,39,0.2577319587628865
2015-10-13,090430,아모레퍼시픽,B,C,주의,10,20.5,20.5,36,2015-12-02,12,True,0.1938633193863319,목표,36,0.1241283124128311
2015-10-13,002790,아모레퍼시픽홀딩스,B,C,주의,10,7.8,7.8,11,2015-10-28,10,True,-0.0718941054291593,손절,25,-0.0564263322884012
2015-10-22,052790,액토즈소프트,A,A,주의,10,13.3,13.3,12,2015-11-09,11,True,0.0720221606648199,목표,10,-0.1578947368421053
2015-10-27,012630,HDC,A,C,주의,10,1.4,5.0,114,2016-04-14,4,True,-0.1073120494335736,트레일,8,-0.1699279093717817
2015-10-30,002350,넥센타이어,A,C,주의,10,6.8,16.7,111,2016-04-14,4,True,-0.06,트레일,23,-0.0606060606060605
2015-11-02,004000,롯데정밀화학,A,B,주의,11,10.0,16.9,101,2016-03-31,3,True,-0.0605263157894736,손절,7,-0.0193905817174515
2015-11-02,002790,아모레퍼시픽홀딩스,B,A,주의,11,4.7,11.8,125,2016-05-09,5,True,-0.0403490568913614,손절,6,-0.0652173913043477
2015-11-09,000990,DB하이텍,A,C,주의,11,48.5,91.2,116,2016-04-29,4,True,0.0882352941176469,목표,3,0.4411764705882353
2015-11-09,007210,벽산,A,A,주의,11,15.2,15.2,52,2016-01-25,1,True,0.0753012048192771,목표,6,-0.0156626506024096
2015-11-10,052400,코나아이,A,C,주의,11,10.6,10.6,14,2015-11-30,11,True,0.0734214390602054,목표,14,-0.0646108663729809
2015-11-10,041140,041140,A,B,주의,11,6.5,6.5,1,2015-11-11,11,True,-0.0628158844765343,트레일,7,-0.1949458483754512
2015-11-10,000990,DB하이텍,A,B,주의,11,52.6,96.4,115,2016-04-29,4,True,0.0715005035246727,목표,1,0.4652567975830814
2015-11-16,027410,BGF,A,C,주의,11,59.6,59.6,54,2016-02-03,2,True,0.0783972125435539,목표,6,0.3588850174216027
2015-11-16,002390,한독,A,C,주의,11,46.6,71.1,97,2016-04-08,4,True,0.0756385068762279,목표,8,0.1787819253438114
2015-12-02,900050,900050,A,C,주의,12,12.6,12.6,5,2015-12-09,12,True,0.0827380952380951,목표,2,-0.2773809523809524
2015-12-08,047810,한국항공우주,B,C,주의,12,7.8,7.8,13,2015-12-28,12,True,-0.0837106918238993,트레일,18,-0.1119496855345911
2015-12-09,068270,셀트리온,B,C,주의,12,60.2,60.2,40,2016-02-11,2,True,0.163975155279503,목표,18,0.4062111801242236
2015-12-11,053030,바이넥스,A,C,주의,12,58.5,58.5,58,2016-03-11,3,True,-0.0564625850340135,손절,1,0.2312925170068027
2015-12-15,010950,S-Oil,B,C,주의,12,28.2,37.2,71,2016-04-01,4,True,0.0837988826815643,목표,3,0.068435754189944
2015-12-16,053800,안랩,A,B,주의,12,98.3,98.3,10,2016-01-04,1,True,0.0781083953241232,목표,3,0.2603613177470776
2015-12-29,047810,한국항공우주,B,C,주의,12,0.9,0.9,1,2015-12-30,12,True,-0.0906097867001255,손절,4,-0.1079046424090338
2016-01-12,036490,036490,A,B,실행,1,30.7,38.5,123,2016-07-13,7,True,0.0972644376899696,목표,9,0.1843971631205674
2016-02-03,001040,CJ,B,C,실행,2,3.6,3.6,1,2016-02-04,2,True,-0.0965044404973357,손절,3,-0.3037300177619894
2016-02-05,027410,BGF,B,A,실행,2,17.3,19.7,111,2016-07-21,7,True,-0.0752318059299193,손절,2,0.0323450134770888
2016-02-11,036420,콘텐트리중앙,A,B,실행,2,5.3,12.0,64,2016-05-17,5,True,-0.0520652173913044,손절,1,-0.05
2016-02-12,067290,JW신약,A,A,실행,2,41.6,105.3,69,2016-05-25,5,True,0.1009485094850948,목표,2,0.3617886178861789
2016-02-12,036420,콘텐트리중앙,A,B,실행,2,18.0,18.0,63,2016-05-17,5,True,0.0693012600229097,목표,2,0.0
2016-02-12,009420,한올바이오파마,A,B,실행,2,78.7,175.4,79,2016-06-09,6,True,0.1090047393364928,목표,4,0.5687203791469195
2016-02-12,014820,동원시스템즈,A,B,실행,2,19.6,19.6,46,2016-04-20,4,True,0.0806916426512969,목표,5,0.1210374639769451
2016-02-12,007570,일양약품,A,B,실행,2,12.0,35.3,84,2016-06-16,6,True,0.096938775510204,목표,26,0.0346938775510203
2016-02-12,068760,셀트리온제약,A,C,실행,2,127.1,127.1,39,2016-04-08,4,True,0.0920138888888888,목표,31,0.8020833333333333
2016-02-12,001630,종근당홀딩스,A,A,실행,2,12.1,12.1,6,2016-02-22,2,True,0.0888429752066115,목표,2,0.0010330578512396
2016-02-12,085370,085370,A,A,실행,2,14.7,14.7,9,2016-02-25,2,True,0.0843179377013962,목표,6,-0.0418904403866809
2016-02-12,006280,녹십자,A,C,실행,2,11.0,18.7,78,2016-06-08,6,True,0.0920679886685551,목표,6,0.0113314447592067
2016-02-12,102460,이연제약,A,B,실행,2,16.4,16.4,13,2016-03-03,3,True,0.0962145110410095,목표,1,-0.0220820189274447
2016-02-12,083790,CG인바이츠,A,A,실행,2,22.0,162.9,88,2016-06-22,6,True,0.0773195876288659,목표,13,-0.0103092783505153
2016-02-12,086900,메디톡스,A,C,실행,2,21.9,28.6,122,2016-08-09,8,True,0.1217073170731708,목표,9,0.1304878048780486
2016-02-12,000070,삼양홀딩스,A,A,실행,2,31.9,31.9,21,2016-03-15,3,True,0.1033898305084746,목표,7,0.0915254237288134
2016-02-12,084990,헬릭스미스,A,A,실행,2,17.8,17.8,14,2016-03-04,3,True,-0.0367891156462585,트레일,11,0.0272108843537415
2016-02-12,069620,대웅제약,A,C,실행,2,59.7,67.4,77,2016-06-07,6,True,0.0836820083682008,목표,5,0.4365411436541144
2016-02-12,192820,코스맥스,A,C,실행,2,3.5,12.7,97,2016-07-05,7,True,-0.0892063492063491,손절,2,-0.146031746031746
2016-02-12,001060,JW중외제약,A,C,실행,2,38.3,117.2,79,2016-06-09,6,True,0.0882352941176469,목표,12,0.1236802413273001
2016-02-12,000990,DB하이텍,A,A,실행,2,52.9,64.3,74,2016-06-01,6,True,0.0686274509803921,목표,7,0.384313725490196
2016-02-12,002020,코오롱,A,C,실행,2,18.3,27.2,105,2016-07-15,7,True,0.0975609756097561,목표,2,0.0975609756097561
2016-02-12,095700,제넥신,A,C,실행,2,73.6,73.6,34,2016-04-01,4,True,0.1176100628930818,목표,2,0.5542225615297922
2016-02-12,096760,JW홀딩스,A,B,실행,2,41.2,101.6,79,2016-06-09,6,True,0.0789124668435012,목표,2,0.1803713527851458
2016-02-12,005250,녹십자홀딩스,A,C,실행,2,9.6,9.6,6,2016-02-22,2,True,0.0909090909090908,목표,6,-0.0732323232323232
2016-02-12,008930,한미사이언스,B,C,실행,2,23.7,23.7,14,2016-03-04,3,True,0.0939849624060149,만기,40,0.0939849624060149
2016-02-12,039030,이오테크닉스,A,C,실행,2,23.4,23.4,12,2016-03-02,3,True,0.1226415094339623,목표,8,0.1037735849056604
2016-02-12,000230,일동홀딩스,A,C,실행,2,28.3,77.3,114,2016-08-31,8,True,0.0987124463519313,목표,17,0.1888412017167382
2016-02-12,053030,바이넥스,A,A,실행,2,30.9,38.5,96,2016-07-04,7,True,0.0688202247191012,목표,2,0.1123595505617978
2016-02-12,102940,코오롱생명과학,A,C,실행,2,28.0,28.0,18,2016-03-10,3,True,0.1141732283464567,목표,2,0.0781344639612355
2016-02-12,001780,알루코,A,B,실행,2,46.2,46.2,32,2016-03-30,3,True,0.0682539682539682,목표,6,0.0476190476190476
2016-02-15,161890,한국콜마,A,B,실행,2,14.8,28.9,98,2016-07-07,7,True,-0.0969277108433734,손절,2,-0.0301204819277108
2016-02-18,051500,CJ프레시웨이,A,C,실행,2,8.3,8.3,20,2016-03-18,3,True,-0.0563333333333333,손절,3,-0.0849999999999999
2016-04-12,051900,LG생활건강,B,C,주의,4,22.5,22.5,59,2016-07-08,7,True,0.0602655771195097,목표,8,0.0786516853932584
2016-05-09,042670,042670,A,C,주의,5,27.8,47.8,87,2016-09-09,9,True,-0.0842499999999999,트레일,11,0.1374999999999999
2016-06-02,034020,두산에너빌리티,A,A,주의,6,35.2,41.3,66,2016-09-06,9,True,0.0692488262910797,목표,4,0.2300469483568075
2016-06-10,005490,POSCO홀딩스,B,C,관찰만,6,12.5,30.5,126,2016-12-12,12,True,-0.09791493456505,손절,10,0.0230946882217089
2016-06-24,141000,비아트론,A,B,주의,6,47.2,47.2,28,2016-08-03,8,True,-0.0550476044226043,손절,1,0.3120393120393121
2016-07-19,018880,한온시스템,B,C,관찰만,7,30.0,30.0,46,2016-09-27,9,True,0.1594202898550725,만기,40,0.1594202898550725
2016-07-20,900100,파이온엑스,A,C,관찰만,7,12.1,12.1,16,2016-08-11,8,True,-0.0545382165605096,손절,5,-0.1417197452229299
2016-07-21,900100,파이온엑스,A,C,관찰만,7,13.2,13.2,15,2016-08-11,8,True,-0.0818006430868166,트레일,7,-0.135048231511254
2016-08-03,161390,한국타이어앤테크놀로지,B,C,관찰만,8,19.2,21.7,109,2017-01-11,1,True,0.0735849056603774,목표,23,0.1226415094339623
2016-09-09,006910,보성파워텍,A,B,관찰만,9,6.7,6.7,1,2016-09-12,9,True,-0.05,손절,1,-0.3137404580152672
2016-09-12,006910,보성파워텍,A,A,관찰만,9,7.1,7.1,2,2016-09-19,9,True,-0.0577230769230768,트레일,4,-0.313076923076923
2016-09-12,020560,아시아나항공,A,B,관찰만,9,7.2,7.2,9,2016-09-28,9,True,-0.0173913043478262,만기,40,-0.0173913043478262
2016-09-13,034220,LG디스플레이,B,C,관찰만,9,12.2,18.8,90,2017-01-24,1,True,-0.0340501792114695,만기,40,-0.0340501792114695
2016-09-13,067080,대화제약,A,C,관찰만,9,1.6,1.6,1,2016-09-19,9,True,-0.0882783882783883,손절,10,-0.2905982905982905
2016-09-13,020560,아시아나항공,A,C,관찰만,9,9.9,9.9,8,2016-09-28,9,True,0.0797101449275361,목표,8,0.0256410256410257
2016-10-13,141000,비아트론,A,C,관찰만,10,24.9,24.9,56,2017-01-02,1,True,-0.0589201877934272,손절,3,0.1103286384976525
2016-10-14,018880,한온시스템,B,C,관찰만,10,3.1,3.1,1,2016-10-17,10,True,-0.08401986275733,손절,12,-0.1441048034934497
2016-10-25,141080,리가켐바이오,A,C,관찰만,10,32.8,32.8,34,2016-12-12,12,True,0.07,목표,2,0.1699999999999999
2016-10-28,096760,JW홀딩스,A,C,관찰만,10,2.0,2.0,1,2016-10-31,10,True,-0.0686274509803921,손절,3,-0.1607843137254901
2016-10-31,096760,JW홀딩스,A,C,관찰만,10,1.3,1.3,1,2016-11-01,11,True,-0.0652457372116349,손절,2,-0.1504513540621865
2016-10-31,001060,JW중외제약,A,B,관찰만,10,16.9,16.9,9,2016-11-11,11,True,-0.068504403794038,손절,2,0.0162601626016261
2016-11-02,012450,한화에어로스페이스,A,A,관찰만,11,15.9,15.9,9,2016-11-15,11,True,0.1577319587628867,목표,9,-0.1134020618556701
2016-11-09,020150,롯데에너지머티리얼즈,A,A,주의,11,8.5,54.1,126,2017-05-16,5,True,-0.0696648873072361,손절,1,-0.0747330960854092
2016-11-10,020150,롯데에너지머티리얼즈,A,C,관찰만,11,18.2,73.3,126,2017-05-17,5,True,-0.0757751937984496,손절,8,0.0077519379844961
2016-11-10,010060,OCI홀딩스,A,C,관찰만,11,10.4,16.2,64,2017-02-13,2,True,-0.0522700119474313,손절,10,-0.040621266427718
2016-11-18,073240,금호타이어,A,C,관찰만,11,1.4,1.4,40,2017-01-16,1,True,-0.0815987124463519,손절,2,-0.0128755364806867
2016-11-21,073240,금호타이어,A,B,관찰만,11,6.4,6.4,39,2017-01-16,1,True,-0.0598690878378379,손절,5,-0.0112612612612612
2016-12-29,002780,진흥기업,A,A,관찰만,12,18.9,18.9,38,2017-05-24,5,True,-0.0598863636363635,손절,1,0.0096967271271855
2017-01-26,002620,제일파마홀딩스,A,C,관찰만,1,4.6,12.0,74,2017-05-19,5,True,-0.0819974168912849,손절,1,-0.1199460916442048
2017-02-06,065160,065160,A,C,관찰만,2,8.0,8.0,3,2017-02-09,2,True,0.0776000000000001,목표,3,-0.0608
2017-02-08,009450,경동나비엔,A,B,관찰만,2,2.5,2.5,1,2017-02-09,2,True,-0.0947811447811447,손절,8,-0.2581369248035915
2017-04-18,005740,크라운해태홀딩스,A,B,관찰만,4,17.2,17.2,8,2017-04-28,4,True,-0.0951038575667655,손절,4,-0.2299703264094955
2017-05-02,005740,크라운해태홀딩스,A,C,관찰만,5,6.3,6.3,3,2017-05-10,5,True,-0.0643760129659642,트레일,8,-0.2155591572123176
2017-05-04,063080,컴투스홀딩스,A,B,관찰만,5,3.4,17.8,96,2017-09-21,9,True,-0.0879999999999999,손절,5,-0.032
2017-05-15,192820,코스맥스,A,B,관찰만,5,5.0,10.8,111,2017-10-27,10,True,-0.0536538461538461,손절,14,-0.2076923076923077
2017-05-25,071970,HD현대마린엔진,A,C,관찰만,5,-11.6,-11.6,5,2017-06-01,6,True,-0.0840144665461121,손절,1,-0.2108843537414966
2017-06-16,069620,대웅제약,A,B,관찰만,6,22.1,105.1,126,2017-12-20,12,True,-0.060184331797235,트레일,20,0.1094470046082949
2017-07-11,200230,텔콘RF제약,A,C,관찰만,7,24.9,229.7,100,2017-12-07,12,True,0.083050847457627,목표,1,-0.3245762711864406
2017-07-12,009540,HD한국조선해양,B,C,관찰만,7,12.8,12.8,14,2017-08-01,8,True,-0.0411585365853658,트레일,26,-0.1585365853658537
2017-07-13,102940,코오롱생명과학,A,A,관찰만,7,19.1,19.1,63,2017-10-19,10,True,-0.0565827862873814,손절,6,-0.0590809628008752
2017-07-18,068240,다원시스,A,B,관찰만,7,5.1,68.7,124,2018-01-22,1,True,-0.0678656499575192,손절,2,-0.2218181818181818
2017-07-19,006390,006390,A,C,관찰만,7,27.0,27.0,1,2017-07-20,7,True,0.1045627376425855,목표,1,-0.0760456273764258
2017-07-27,001510,SK증권,A,C,관찰만,7,7.1,12.2,122,2018-01-29,1,True,-0.0576377952755904,트레일,26,-0.0826771653543306
2017-08-01,023530,롯데쇼핑,B,C,관찰만,8,5.1,5.1,16,2017-08-24,8,True,-0.0987618147448015,손절,23,-0.0680529300567107
2017-08-04,005960,동부건설,A,B,관찰만,8,9.6,9.6,5,2017-08-11,8,True,0.0843373493975903,목표,5,-0.0080321285140562
2017-08-14,181710,NHN,A,A,관찰만,8,21.2,35.8,111,2018-01-30,1,True,0.0970873786407766,목표,18,0.093851132686084
2017-08-14,004170,신세계,A,A,관찰만,8,40.2,84.8,114,2018-02-02,2,True,-0.0506797138047138,손절,13,0.0530303030303029
2017-09-06,141080,리가켐바이오,A,A,주의,9,19.6,117.5,112,2018-02-26,2,True,0.0709969788519635,목표,6,-0.0256797583081571
2017-09-21,213420,덕산네오룩스,A,B,관찰만,9,43.3,43.3,35,2017-11-17,11,True,0.0919395465994963,목표,5,0.2997481108312343
2017-09-25,192080,더블유게임즈,A,C,관찰만,9,19.3,51.3,119,2018-03-27,3,True,0.0714285714285714,목표,2,0.1106639839034204
2017-10-13,086900,메디톡스,A,C,관찰만,10,25.7,75.4,118,2018-04-05,4,True,-0.0569469835466178,손절,9,0.0191956124314442
2017-10-16,141080,리가켐바이오,A,C,관찰만,10,47.8,141.7,121,2018-04-11,4,True,-0.0641556291390729,손절,3,0.1937086092715232
2017-10-23,030520,한컴,A,C,관찰만,10,27.0,34.4,67,2018-01-29,1,True,0.0884244372990352,목표,17,0.1479099678456592
2017-11-01,002790,아모레퍼시픽홀딩스,B,C,관찰만,11,12.2,12.2,24,2017-12-05,12,True,0.09375,목표,5,-0.0208333333333333
2017-11-06,005880,대한해운,A,B,관찰만,11,28.8,30.7,75,2018-02-26,2,True,-0.0755056179775279,트레일,8,-0.0299625468164793
2017-11-07,005880,대한해운,A,B,관찰만,11,29.8,31.7,74,2018-02-26,2,True,-0.0517924528301886,손절,7,-0.0132075471698112
2017-11-09,080420,모다이노칩,A,C,관찰만,11,26.1,26.1,11,2017-11-24,11,True,0.0862068965517239,목표,11,-0.0226600985221674
2017-12-13,194510,194510,A,C,관찰만,12,19.2,35.1,70,2020-09-07,9,False,0.0771028037383179,목표,3,-0.0560747663551401
2017-12-14,082740,한화엔진,A,A,관찰만,12,54.3,119.1,112,2018-06-19,6,True,-0.0557540173053153,손절,5,-0.0457354758961682
2017-12-18,006800,미래에셋증권,A,C,관찰만,12,29.4,29.4,27,2018-01-29,1,True,0.1055555555555556,목표,16,0.0922222222222222
2017-12-19,006800,미래에셋증권,A,C,관찰만,12,29.2,29.2,26,2018-01-29,1,True,0.0764966740576496,목표,12,0.0698447893569844
2017-12-21,102940,코오롱생명과학,A,C,주의,12,11.4,11.4,2,2017-12-26,12,True,0.0895816890292029,목표,2,-0.261247040252565
2018-01-11,023590,다우기술,A,B,관찰만,1,34.1,34.1,16,2018-02-02,2,True,0.0698529411764705,목표,2,0.1421568627450979
2018-01-11,000660,SK하이닉스,B,C,관찰만,1,26.0,34.6,90,2018-05-25,5,True,0.2079889807162533,목표,40,0.2396694214876034
2018-01-18,108230,톱텍,A,C,관찰만,1,27.1,27.1,60,2018-04-17,4,True,-0.0786637931034482,손절,12,0.0862068965517242
2018-01-23,213420,덕산네오룩스,A,B,관찰만,1,13.6,13.6,19,2018-02-21,2,True,-0.0914043583535109,손절,10,-0.2154963680387409
2018-01-23,011930,신성이엔지,A,A,관찰만,1,1.3,1.3,1,2018-01-24,1,True,-0.0787878787878787,손절,9,-0.1363636363636363
2018-02-01,000070,삼양홀딩스,A,C,관찰만,2,1.2,3.3,85,2018-06-11,6,True,-0.1083683127572018,손절,8,-0.168724279835391
2018-02-02,009150,삼성전기,B,C,관찰만,2,28.2,64.4,116,2018-07-26,7,True,-0.0734099009900991,손절,5,0.0198019801980198
2018-02-05,051910,LG화학,B,C,관찰만,2,7.7,7.7,25,2018-03-15,3,True,-0.0166666666666667,만기,40,-0.0166666666666667
2018-02-06,064240,홈캐스트,A,A,주의,2,17.8,17.8,29,2018-03-22,3,True,-0.052525641025641,손절,1,-0.0647773279352226
2018-02-06,115960,115960,A,A,주의,2,15.2,15.2,43,2018-04-11,4,True,-0.1056209150326797,트레일,6,0.1176470588235294
2018-02-07,201490,미투온,A,B,주의,2,17.6,17.6,13,2018-02-28,2,True,0.0910633484162894,목표,7,-0.0497737556561086
2018-03-26,085660,차바이오텍,A,C,주의,3,31.0,42.6,122,2018-09-20,9,True,0.0073096446700506,트레일,4,0.0177664974619289
2018-04-06,073240,금호타이어,A,B,주의,4,7.0,7.0,1,2018-04-09,4,True,-0.0585735963581183,손절,2,-0.0394537177541729
2018-04-13,003560,003560,A,A,주의,4,10.2,10.2,60,2018-07-13,7,True,-0.0703386004514673,트레일,19,-0.0632054176072235
2018-04-25,108230,톱텍,A,B,주의,4,3.1,3.1,2,2018-04-27,4,True,-0.0534234234234234,손절,3,-0.1153153153153153
2018-05-02,207940,삼성바이오로직스,B,C,관찰만,5,16.0,37.6,98,2018-09-27,9,True,-0.0747784653465347,손절,2,0.0618811881188119
2018-05-04,051600,한전KPS,A,B,주의,5,7.7,7.7,6,2018-05-15,5,True,-0.0533928571428571,손절,2,-0.2214285714285714
2018-05-04,215600,신라젠,B,B,주의,5,11.7,47.4,94,2018-09-20,9,True,-0.0325763612217795,손절,1,-0.0106241699867197
2018-05-04,141080,리가켐바이오,A,A,주의,5,18.8,52.9,123,2018-11-07,11,True,0.1600928074245939,목표,14,-0.1125290023201855
2018-05-04,087010,펩트론,A,B,주의,5,14.6,34.7,90,2018-09-14,9,True,0.008780487804878,트레일,27,-0.0769230769230768
2018-05-08,215600,신라젠,A,B,주의,5,28.0,68.9,93,2018-09-20,9,True,0.1255707762557076,목표,3,0.1141552511415524
2018-05-08,086890,이수앱지스,A,C,주의,5,17.8,17.8,9,2018-05-21,5,True,0.0767326732673268,목표,1,-0.1782178217821782
2018-05-08,141080,리가켐바이오,A,B,주의,5,24.7,60.5,122,2018-11-07,11,True,0.0791717417783191,목표,1,-0.0389768574908647
2018-05-08,039130,하나투어,A,B,주의,5,1.4,1.4,5,2018-05-15,5,True,-0.0774142857142857,손절,15,-0.2771428571428571
2018-05-08,087010,펩트론,A,C,주의,5,18.6,39.4,89,2018-09-14,9,True,0.1339805825242717,목표,12,-0.0097087378640776
2018-05-25,025980,아난티,A,C,주의,5,60.2,60.2,16,2018-06-20,6,True,0.146279949558638,목표,1,-0.0933165195460277
2018-06-05,207940,삼성바이오로직스,B,C,주의,6,14.0,32.1,76,2018-09-27,9,True,-0.074583135391924,손절,8,-0.1021377672209026
2018-06-14,007390,네이처셀,A,B,주의,6,10.8,10.8,4,2018-06-20,6,True,-0.0432558139534883,트레일,3,-0.6703488372093023
2018-06-15,007390,네이처셀,A,C,주의,6,11.7,11.7,3,2018-06-20,6,True,-0.0639296187683284,손절,2,-0.6797653958944281
2018-06-18,018260,삼성에스디에스,A,C,주의,6,26.6,26.6,63,2018-09-14,9,True,0.0843989769820972,목표,29,0.1611253196930946
2018-06-19,203690,203690,A,B,주의,6,35.3,35.3,54,2018-09-04,9,True,-0.0620576131687242,트레일,8,0.0727023319615913
2018-06-19,084110,휴온스글로벌,A,B,주의,6,18.8,18.8,15,2018-07-10,7,True,0.0764925373134328,목표,1,0.0111940298507462
2018-06-19,141080,리가켐바이오,A,C,주의,6,15.7,60.5,95,2018-11-07,11,True,0.0682095006090133,목표,1,-0.1912302070645554
2018-06-19,067290,JW신약,A,C,주의,6,16.6,20.6,66,2018-09-20,9,True,-0.05,손절,9,0.0012690355329949
2018-06-19,013030,하이록코리아,A,C,주의,6,11.7,11.7,5,2018-06-26,6,True,0.0778210116731517,목표,2,-0.1050583657587548
2018-06-27,168330,내츄럴엔도텍,A,B,주의,6,20.8,20.8,12,2018-07-13,7,True,0.0715835140997831,목표,3,-0.1149674620390456
2018-06-27,004870,티웨이홀딩스,A,A,주의,6,7.6,7.6,14,2018-07-17,7,True,-0.0736216216216215,손절,3,-0.2097297297297297
2018-06-28,123420,위메이드플레이,A,C,주의,6,2.6,10.9,96,2018-11-19,11,True,-0.0575098814229249,손절,5,-0.0494071146245059
2018-07-03,052690,한전기술,A,C,실행,7,11.0,11.0,14,2018-07-23,7,True,0.092841163310962,목표,14,-0.0469798657718121
2018-07-10,025980,아난티,A,C,주의,7,69.5,317.0,126,2019-01-15,1,True,0.074468085106383,목표,4,0.0907801418439715
2018-07-11,051900,LG생활건강,B,C,실행,7,7.6,7.6,3,2018-07-16,7,True,-0.0852692307692307,트레일,23,-0.0492307692307691
2018-07-17,112040,위메이드,A,C,주의,7,8.6,8.6,7,2018-07-26,7,True,-0.044194756554307,트레일,10,-0.2709113607990012
2018-07-19,035760,CJ ENM,A,B,실행,7,17.3,17.3,27,2018-08-28,8,True,0.0971739130434783,목표,16,0.0695652173913043
2018-07-20,035760,CJ ENM,A,A,주의,7,20.9,20.9,26,2018-08-28,8,True,0.0818018825638726,목표,5,0.0856118332586284
2018-07-23,196170,알테오젠,A,B,실행,7,73.5,73.5,45,2018-09-28,9,True,-0.05,손절,2,0.675438596491228
2018-07-23,039200,오스코텍,A,B,실행,7,68.1,96.5,70,2018-11-06,11,True,-0.0659649122807017,트레일,2,0.6198830409356726
2018-07-24,095700,제넥신,A,A,실행,7,45.4,45.4,41,2018-09-20,9,True,0.0847457627118644,목표,6,0.3885267275097783
2018-07-26,030790,030790,A,C,주의,7,44.5,44.5,36,2018-09-17,9,True,0.097165991902834,목표,1,0.2570850202429149
2018-08-13,166090,하나머티리얼즈,A,B,실행,8,22.9,22.9,16,2018-09-05,9,True,0.0687679083094556,목표,1,-0.1346704871060171
2018-08-13,196170,알테오젠,A,C,실행,8,58.8,58.8,30,2018-09-28,9,True,0.0692771084337349,목표,3,0.2710843373493976
2018-08-28,049950,미래컴퍼니,A,C,주의,8,2.1,2.1,1,2018-08-29,8,True,-0.0863089005235602,손절,7,-0.4965095986038395
2018-10-02,271980,제일약품,A,B,주의,10,6.4,6.4,33,2018-11-20,11,True,-0.0596656976744186,손절,5,-0.0155038759689922
2018-10-04,008770,호텔신라,A,B,실행,10,2.0,10.2,126,2019-04-10,4,True,-0.0710443037974684,손절,3,-0.0896624472573839
2018-10-04,004170,신세계,A,B,실행,10,4.0,11.7,118,2019-03-29,3,True,-0.0625205930807248,손절,4,-0.0411861614497528
2018-10-08,215600,신라젠,A,C,실행,10,12.2,12.2,6,2018-10-17,10,True,0.0783718104495747,목표,3,-0.0498177399756987
2018-10-11,011760,현대코퍼레이션,A,A,실행,10,22.1,34.5,79,2019-02-07,2,True,-0.0070943396226414,트레일,7,0.1094339622641509
2018-10-11,036460,한국가스공사,B,C,실행,10,1.4,1.4,2,2018-10-15,10,True,-0.1016629310344828,손절,10,-0.1344827586206897
2018-10-11,000720,현대건설,A,B,실행,10,11.7,24.3,79,2019-02-07,2,True,-0.0552875695732838,손절,8,0.0259740259740259
2018-10-11,007630,007630,A,A,실행,10,11.6,11.6,8,2018-10-23,10,True,-0.0500000000000001,손절,1,-0.4429184549356223
2018-10-11,183190,아세아시멘트,A,C,실행,10,7.4,25.2,79,2019-02-07,2,True,-0.0549565217391304,트레일,9,-0.0608695652173914
2018-10-11,003410,003410,A,B,실행,10,19.8,29.6,79,2019-02-07,2,True,-0.0655999999999999,트레일,9,0.0872727272727271
2018-10-11,033270,유나이티드제약,A,C,실행,10,2.9,9.2,97,2019-03-06,3,True,-0.05,손절,9,-0.0744274809160305
2018-10-12,000720,현대건설,B,A,실행,10,9.5,20.3,78,2019-02-07,2,True,-0.0555996409335727,손절,6,0.0215439856373429
2018-10-12,036460,한국가스공사,B,C,실행,10,2.4,2.4,1,2018-10-15,10,True,-0.0922726480836237,손절,9,-0.1149825783972126
2018-10-24,078600,대주전자재료,A,B,실행,10,11.1,20.5,75,2019-02-14,2,True,-0.0501280323450135,손절,2,-0.150943396226415
2018-10-24,227840,현대코퍼레이션홀딩스,A,A,실행,10,3.4,3.4,56,2019-01-15,1,True,-0.0614443005181347,손절,1,-0.1735751295336787
2018-10-24,033180,033180,A,C,실행,10,28.5,28.5,52,2019-01-09,1,True,-0.0539748953974895,손절,1,-0.0125523012552301
2018-10-25,012510,012510,A,C,실행,10,20.6,34.2,126,2019-04-30,4,True,0.0688073394495412,목표,2,0.1605504587155963
2018-10-25,007700,F&F홀딩스,A,A,실행,10,8.3,53.1,116,2019-04-16,4,True,-0.0860344827586206,손절,1,-0.2905172413793104
2018-10-25,227840,현대코퍼레이션홀딩스,A,C,실행,10,8.4,8.4,55,2019-01-15,1,True,-0.0706521739130434,손절,1,-0.1277173913043477
2018-10-26,011690,와이투솔루션,A,C,실행,10,32.7,52.0,85,2019-03-05,3,True,-0.0513748191027496,손절,1,-0.0795947901591895
2018-10-29,005690,파미셀,A,C,실행,10,67.1,70.3,65,2019-01-31,1,True,-0.05,손절,1,-0.009009009009009
2018-10-29,127160,127160,A,B,실행,10,52.9,52.9,16,2018-11-20,11,True,-0.0581142783769902,손절,1,0.0323574730354392
2018-10-29,004980,성신양회,A,B,실행,10,67.1,90.1,67,2019-02-07,2,True,0.0739130434782608,목표,1,0.4658385093167703
2018-10-29,067160,SOOP,A,C,실행,10,54.8,138.8,126,2019-05-03,5,True,0.0683391003460207,목표,1,0.3892733564013841
2018-10-29,006390,006390,A,B,실행,10,56.9,71.5,67,2019-02-07,2,True,0.0909752547307132,목표,1,0.2489082969432314
2018-10-29,006490,프리티,A,C,실행,10,41.7,41.7,7,2018-11-07,11,True,-0.0600706713780918,손절,1,-0.1713780918727915
2018-10-29,048410,현대바이오,A,B,실행,10,15.3,222.6,125,2019-05-02,5,True,0.0693069306930693,목표,3,-0.136963696369637
2018-10-29,045390,대아티아이,A,C,실행,10,76.0,106.7,67,2019-02-07,2,True,0.1038461538461539,목표,1,0.6538461538461537
2018-11-12,031390,031390,A,B,실행,11,14.1,14.1,5,2018-11-19,11,True,0.0722543352601157,목표,2,-0.0847784200385356
2018-11-12,028300,HLB,A,B,실행,11,16.3,19.3,74,2019-03-05,3,True,0.1087231352718081,목표,8,-0.0606826801517066
2018-11-16,002310,아세아제지,A,B,실행,11,18.0,62.0,100,2019-04-16,4,True,0.0834710743801652,목표,4,0.0446280991735537
2018-11-23,020150,롯데에너지머티리얼즈,A,B,실행,11,10.3,10.3,58,2019-02-21,2,True,-0.072039072039072,손절,3,-0.0634920634920634
2018-12-17,000250,삼천당제약,A,B,실행,12,46.1,46.1,55,2019-03-13,3,True,-0.0640324763193505,트레일,13,0.3071718538565628
2018-12-28,004800,효성,A,B,실행,12,60.0,65.0,83,2019-05-03,5,True,-0.0528499999999999,손절,2,0.538
2019-01-04,002390,한독,A,C,실행,1,20.9,20.9,44,2019-03-13,3,True,0.0758928571428572,목표,2,0.0785714285714285
2019-01-11,033180,033180,A,C,실행,1,8.1,8.1,11,2019-01-28,1,True,-0.0808175403225807,손절,6,0.0161290322580645
2019-03-04,064350,현대로템,A,C,실행,3,1.2,1.2,1,2019-03-05,3,True,-0.0519750519750519,손절,3,-0.0935550935550935
2019-03-04,017800,현대엘리베이터,A,C,실행,3,8.1,9.3,82,2019-07-01,7,True,-0.0700110864745011,손절,3,-0.0465631929046562
2019-03-04,011760,현대코퍼레이션,A,C,실행,3,4.3,4.3,2,2019-03-06,3,True,-0.0628626692456479,손절,5,-0.0967117988394584
2019-03-04,038500,삼표시멘트,A,C,실행,3,2.7,2.7,1,2019-03-05,3,True,-0.0821256038647343,손절,4,-0.106280193236715
2019-03-04,006390,006390,A,C,실행,3,5.5,5.5,28,2019-04-11,4,True,-0.0757894736842105,트레일,17,-0.0633971291866029
2019-03-04,045390,대아티아이,A,B,실행,3,1.7,1.7,28,2019-04-11,4,True,-0.109290780141844,손절,4,-0.1333333333333333
2019-03-04,000720,현대건설,A,B,실행,3,1.8,4.4,78,2019-06-25,6,True,-0.0534990791896868,손절,4,-0.0220994475138122
2019-03-07,011690,와이투솔루션,A,C,실행,3,1.9,1.9,27,2019-04-15,4,True,-0.0863990740740741,손절,1,-0.0955555555555555
2019-03-08,011690,와이투솔루션,A,C,실행,3,17.6,17.6,26,2019-04-15,4,True,-0.0094358974358974,트레일,7,0.0025641025641025
2019-03-12,122870,와이지엔터테인먼트,A,B,실행,3,9.9,9.9,19,2019-04-08,4,True,-0.0623955431754874,트레일,7,-0.0612813370473537
2019-03-29,041960,코미팜,A,C,실행,3,27.0,27.0,46,2019-06-05,6,True,-0.0644880174291938,손절,16,-0.0522875816993464
2019-05-07,035250,강원랜드,B,C,실행,5,0.8,0.8,1,2019-05-08,5,True,-0.0891238670694863,만기,40,-0.0891238670694863
2019-05-09,213420,덕산네오룩스,A,C,실행,5,24.2,60.3,112,2019-10-22,10,True,-0.05,손절,8,0.1390728476821192
2019-05-17,281820,케이씨텍,A,B,실행,5,25.9,43.4,106,2019-10-22,10,True,-0.0599650349650349,손절,4,0.1398601398601398
2019-05-24,112040,위메이드,A,C,실행,5,2.2,2.2,4,2019-05-30,5,True,-0.0813936781609195,손절,25,-0.1954022988505747
2019-05-27,112040,위메이드,A,C,실행,5,4.6,4.6,3,2019-05-30,5,True,-0.0798823529411764,트레일,26,-0.1485294117647059
2019-05-28,023590,다우기술,A,C,실행,5,10.6,10.6,15,2019-06-19,6,True,0.103960396039604,목표,15,0.0321782178217822
2019-05-30,009240,한샘,A,A,실행,5,5.6,5.6,3,2019-06-04,6,True,-0.0680642144638403,손절,7,-0.1546134663341646
2019-06-07,041960,코미팜,A,A,실행,6,-0.4,-0.4,1,2019-06-10,6,True,-0.0546716171617163,손절,1,-0.2475247524752475
2019-06-18,002210,동성제약,A,B,실행,6,17.9,17.9,6,2019-06-26,6,True,0.0712560386473428,목표,2,-0.2342995169082126
2019-06-24,002320,한진,A,C,실행,6,8.6,8.6,2,2019-06-26,6,True,0.072142857142857,목표,2,-0.1685714285714286
2019-07-05,038540,상상인,A,C,주의,7,15.2,15.2,7,2019-07-16,7,True,0.1114130434782609,목표,6,-0.3369565217391305
2019-07-08,095610,테스,A,C,실행,7,46.5,84.6,124,2020-01-08,1,True,0.0926573426573427,목표,3,0.0524475524475525
2019-07-09,000990,DB하이텍,A,B,실행,7,32.1,130.2,124,2020-01-09,1,True,0.0839694656488549,목표,4,0.1679389312977099
2019-07-09,070960,모나용평,A,B,실행,7,16.7,16.7,51,2019-09-23,9,True,0.0707282913165265,목표,2,-0.0854341736694678
2019-07-18,237880,클리오,A,B,실행,7,23.4,74.9,119,2020-01-13,1,True,0.0742857142857142,목표,5,0.1542857142857143
2019-07-18,039560,다산네트웍스,A,A,실행,7,30.9,30.9,40,2019-09-17,9,True,-0.0582717678100265,손절,3,0.279683377308707
2019-07-29,002150,도화엔지니어링,A,C,실행,7,37.1,37.1,37,2019-09-23,9,True,-0.05,손절,5,0.2685714285714284
2019-08-06,095610,테스,A,C,실행,8,59.2,99.3,110,2020-01-17,1,True,0.0761245674740485,목표,2,0.3702422145328718
2019-08-06,081000,일진다이아,A,C,실행,8,39.7,39.7,14,2019-08-27,8,True,0.0986964618249535,목표,2,0.1135940409683426
2019-08-06,218410,RFHIC,A,C,실행,8,94.4,94.4,21,2019-09-05,9,True,0.074,목표,2,0.6080000000000001
2019-08-06,047310,파워로직스,A,B,실행,8,21.3,25.9,100,2020-01-03,1,True,0.0747126436781608,목표,1,0.1241379310344827
2019-08-06,237880,클리오,A,C,실행,8,35.8,92.5,106,2020-01-13,1,True,0.0691823899371069,목표,1,0.1603773584905661
2019-08-12,200130,콜마비앤에이치,A,B,실행,8,18.3,23.9,110,2020-01-23,1,True,-0.0617283950617284,손절,2,0.0823045267489712
2019-08-19,025540,한국단자,A,C,실행,8,1.0,1.0,42,2019-10-22,10,True,-0.0895833333333333,손절,5,-0.0050813008130081
2019-10-07,002100,경농,A,C,실행,10,5.3,5.3,4,2019-10-14,10,True,-0.0643396226415093,손절,32,-0.120754716981132
2019-10-07,000270,기아,B,C,실행,10,6.5,6.5,48,2019-12-13,12,True,0.0035005834305716,만기,40,0.0035005834305716
2019-11-28,200230,텔콘RF제약,A,A,주의,11,22.6,22.6,11,2019-12-13,12,True,-0.054132805325987,손절,5,-0.3044077134986226
2019-11-29,006120,SK디스커버리,A,A,주의,11,9.5,21.7,119,2020-05-27,5,True,-0.0557167611846252,손절,4,-0.1190926275992438
2019-12-03,011160,011160,A,B,주의,12,15.9,15.9,35,2020-01-28,1,False,-0.05,트레일,5,0.018939393939394
2019-12-04,011160,011160,A,C,주의,12,18.6,18.6,34,2020-01-28,1,False,0.073643410852713,목표,1,0.0465116279069768
2020-01-06,067160,SOOP,A,C,관찰만,1,14.8,26.2,117,2020-06-25,6,True,0.0929602888086642,목표,19,0.0794223826714801
2020-01-08,086820,바이오솔루션,A,C,관찰만,1,7.2,7.2,2,2020-01-10,1,True,-0.0563404255319148,트레일,6,-0.2581560283687943
2020-01-28,008770,호텔신라,A,A,관찰만,1,14.0,14.0,12,2020-02-13,2,True,0.0804597701149425,목표,7,-0.2551724137931034
2020-01-28,031430,신세계인터내셔날,A,C,관찰만,1,6.7,6.7,12,2020-02-13,2,True,-0.0610526315789474,트레일,18,-0.1028708133971291
2020-01-29,018290,브이티,A,C,주의,1,17.9,17.9,57,2020-04-20,4,True,-0.0699186991869919,트레일,22,-0.1514227642276422
2020-01-30,003060,에이프로젠바이오로직스,A,C,실행,1,96.6,96.6,62,2020-04-28,4,True,-0.0916689655172412,손절,1,-0.089655172413793
2020-01-30,011210,현대위아,A,A,실행,1,0.4,0.4,1,2020-01-31,1,True,-0.0567708333333333,손절,1,-0.4451754385964912
2020-01-30,007570,일양약품,A,B,실행,1,72.0,338.3,119,2020-07-21,7,True,-0.0675925925925925,손절,3,0.3045267489711933
2020-01-31,003060,에이프로젠바이오로직스,A,B,실행,1,117.6,117.6,61,2020-04-28,4,True,-0.0587748091603054,손절,1,0.1641221374045802
2020-01-31,011210,현대위아,A,C,실행,1,6.7,6.7,8,2020-02-12,2,True,-0.05,손절,1,-0.4037339556592765
2020-02-03,003060,에이프로젠바이오로직스,A,C,실행,2,127.1,127.1,60,2020-04-28,4,True,0.0776892430278883,목표,2,0.2709163346613548
2020-02-03,007460,에이프로젠,A,C,실행,2,94.7,94.7,60,2020-04-28,4,True,0.0741869918699187,목표,3,-0.2235772357723577
2020-02-06,230360,230360,A,B,주의,2,15.0,92.2,126,2020-08-06,8,True,-0.0955555555555556,트레일,8,-0.1454248366013072
2020-02-24,060570,드림어스컴퍼니,A,B,실행,2,6.5,6.5,2,2020-02-26,2,True,-0.0603751857355127,손절,1,-0.2578008915304606
2020-02-24,091990,091990,B,C,실행,2,60.0,90.3,82,2020-06-23,6,True,0.1228070175438595,목표,10,0.2934609250398723
2020-02-24,206640,바디텍메드,A,C,실행,2,129.3,131.2,117,2020-08-11,8,True,0.0790697674418605,목표,2,0.8511627906976744
2020-02-28,265520,AP시스템,A,C,실행,2,16.5,16.5,5,2020-03-06,3,True,0.0720973782771534,목표,1,-0.0337078651685393
2020-02-28,078070,유비쿼스홀딩스,A,C,실행,2,35.8,38.8,69,2020-06-10,6,True,0.075809199318569,목표,1,0.1379897785349233
2020-02-28,046890,서울반도체,A,C,실행,2,10.7,23.1,109,2020-08-05,8,True,0.0702341137123745,목표,2,-0.1237458193979933
2020-02-28,044340,위닉스,A,A,실행,2,5.0,5.0,4,2020-03-05,3,True,-0.0565943600867678,손절,6,-0.2017353579175704
2020-03-02,108230,톱텍,A,A,실행,3,193.7,193.7,54,2020-05-21,5,True,-0.0096463022508038,트레일,6,1.0685959271168275
2020-03-04,041960,코미팜,A,A,실행,3,60.4,60.4,17,2020-03-27,3,True,0.0782967032967032,목표,2,0.0961538461538462
2020-03-09,122870,와이지엔터테인먼트,A,C,실행,3,33.9,133.1,126,2020-09-08,9,True,-0.0651394422310757,손절,3,0.2191235059760956
2020-03-11,048530,인트론바이오,A,C,실행,3,46.1,57.1,102,2020-08-06,8,True,-0.0732653061224489,손절,1,0.1183673469387756
2020-03-12,166090,하나머티리얼즈,A,C,실행,3,38.8,92.9,99,2020-08-04,8,True,-0.0855442176870748,손절,1,0.1360544217687074
2020-03-12,003000,부광약품,A,A,실행,3,181.3,194.6,89,2020-07-21,7,True,-0.0610858386075949,손절,1,0.6613924050632911
2020-03-12,140410,메지온,A,C,실행,3,75.4,88.0,114,2020-08-26,8,True,-0.0614000000000001,손절,1,0.4679999999999999
2020-03-12,001820,삼화콘덴서,A,A,실행,3,20.3,32.4,102,2020-08-07,8,True,-0.0612375745526838,손절,1,0.0059642147117295
2020-03-12,068240,다원시스,A,C,실행,3,31.3,70.8,117,2020-08-31,8,True,-0.0600352112676055,손절,1,0.1866197183098592
2020-03-12,026890,스틱인베스트먼트,A,C,실행,3,98.3,246.0,118,2020-09-01,9,True,-0.0972373617693522,손절,1,0.6113744075829384
2020-03-12,039200,오스코텍,A,B,실행,3,58.2,101.2,126,2020-09-11,9,True,-0.0821256038647343,손절,1,0.2294685990338163
2020-03-12,039030,이오테크닉스,A,C,실행,3,32.7,77.8,103,2020-08-10,8,True,-0.1510359116022099,손절,1,0.1256906077348065
2020-03-12,095660,네오위즈,A,C,실행,3,70.2,101.2,102,2020-08-07,8,True,-0.0858435582822085,손절,1,0.3404907975460123
2020-03-12,034120,SBS,A,C,실행,3,10.0,12.3,69,2020-06-23,6,True,-0.0817548746518106,손절,1,-0.0278551532033426
2020-03-12,214450,파마리서치,A,B,실행,3,65.8,107.8,109,2020-08-19,8,True,-0.0601604278074866,손절,1,0.3101604278074865
2020-03-12,084680,이월드,A,C,실행,3,64.2,64.2,18,2020-04-07,4,True,-0.0789812302125734,손절,1,0.1221166892808685
2020-03-12,074600,원익QnC,A,A,실행,3,27.3,41.9,120,2020-09-03,9,True,-0.0678735177865612,손절,1,0.0079051383399209
2020-03-13,084680,이월드,A,C,실행,3,81.1,81.1,17,2020-04-07,4,True,-0.0594011976047904,트레일,2,0.2335329341317364
2020-03-13,003060,에이프로젠바이오로직스,A,A,실행,3,124.4,124.4,31,2020-04-28,4,True,-0.0541732283464566,트레일,2,0.6614173228346456
2020-03-13,078130,국일제지,A,A,실행,3,67.2,67.2,25,2020-04-20,4,True,-0.0617421602787455,트레일,2,0.4239256678281069
2020-03-13,095610,테스,A,A,실행,3,26.1,43.7,93,2020-07-28,7,True,-0.0677002583979328,트레일,2,0.0361757105943152
2020-03-13,237880,클리오,A,C,실행,3,32.5,32.5,42,2020-05-18,5,True,-0.0579945799457994,트레일,2,0.1815718157181571
2020-03-13,074600,원익QnC,A,C,실행,3,34.2,49.6,119,2020-09-03,9,True,-0.0796666666666666,트레일,2,0.0249999999999999
2020-03-13,214450,파마리서치,A,C,실행,3,75.9,120.4,108,2020-08-19,8,True,-0.0962836879432623,트레일,2,0.3219858156028368
2020-03-13,095660,네오위즈,A,B,실행,3,85.0,118.7,101,2020-08-07,8,True,-0.0525333333333333,트레일,2,0.5633333333333332
2020-03-13,032500,케이엠더블유,A,B,실행,3,52.4,106.7,122,2020-09-08,9,True,-0.0651270207852193,트레일,2,0.3187066974595842
2020-03-13,285130,SK케미칼,A,C,실행,3,123.8,787.6,106,2020-08-14,8,True,0.0704761904761905,목표,1,0.8057142857142856
2020-03-13,268600,268600,A,A,실행,3,98.1,338.2,117,2020-09-01,9,True,-0.1117062464018422,손절,1,0.4421416234887738
2020-03-13,035600,KG이니시스,A,A,실행,3,76.8,76.8,40,2020-05-14,5,True,-0.0832154340836013,트레일,2,0.6591639871382637
2020-03-13,008350,남선알미늄,A,B,실행,3,134.7,134.7,16,2020-04-06,4,True,0.0816176470588234,목표,1,0.4764705882352942
2020-03-13,001820,삼화콘덴서,A,C,실행,3,31.5,44.8,101,2020-08-07,8,True,-0.0759999999999999,트레일,2,0.0739130434782608
2020-03-13,240810,원익IPS,A,C,실행,3,35.1,50.9,95,2020-07-30,7,True,-0.058566037735849,트레일,2,0.2169811320754717
2020-03-16,026890,스틱인베스트먼트,A,C,실행,3,136.8,313.2,116,2020-09-01,9,True,-0.05,손절,1,0.8547169811320754
2020-03-16,078130,국일제지,A,B,실행,3,70.2,70.2,24,2020-04-20,4,True,-0.0621089440504334,손절,1,0.4278959810874705
2020-03-16,000990,DB하이텍,A,B,실행,3,74.7,112.9,125,2020-09-14,9,True,-0.0567678100263852,손절,1,0.5092348284960422
2020-03-16,237690,에스티팜,A,C,실행,3,88.2,202.2,114,2020-08-28,8,True,0.1582969432314409,목표,1,0.591703056768559
2020-03-16,097520,엠씨넥스,A,B,실행,3,31.4,50.3,125,2020-09-14,9,True,-0.0522828096118299,손절,1,0.1072088724584103
2020-03-16,268600,268600,A,B,실행,3,124.9,397.5,116,2020-09-01,9,True,-0.0626666666666668,손절,1,0.6450980392156864
2020-03-16,008350,남선알미늄,A,C,실행,3,144.4,144.4,15,2020-04-06,4,True,-0.05,손절,1,0.6232771822358345
2020-03-16,011790,SKC,A,C,실행,3,56.7,162.9,103,2020-08-12,8,True,-0.05,손절,1,0.2830188679245282
2020-03-16,035600,KG이니시스,A,C,실행,3,86.4,86.4,39,2020-05-14,5,True,-0.05,손절,1,0.735593220338983
2020-03-17,000250,삼천당제약,A,B,실행,3,29.5,88.9,116,2020-09-02,9,True,-0.1097076023391813,트레일,2,0.0862573099415204
2020-03-19,028300,HLB,A,B,실행,3,68.4,68.4,49,2020-06-02,6,True,0.068688118811881,목표,1,0.2512376237623763
2020-03-19,213420,덕산네오룩스,A,B,실행,3,68.8,91.3,101,2020-08-13,8,True,0.2258454106280192,목표,1,0.6473429951690821
2020-03-19,086450,동국제약,A,B,실행,3,99.3,160.0,107,2020-09-10,9,True,0.0881913303437966,목표,1,0.5097159940209268
2020-03-19,003800,에이스침대,A,C,실행,3,62.5,62.5,37,2020-05-15,5,True,0.08125,목표,1,0.4984375000000001
2020-03-19,091990,091990,A,A,실행,3,98.8,108.6,64,2020-06-23,6,True,0.076048951048951,목표,1,0.5996503496503496
2020-03-19,097520,엠씨넥스,A,C,실행,3,51.3,73.0,122,2020-09-14,9,True,-0.0507234042553191,트레일,2,0.4425531914893617
2020-03-19,207940,삼성바이오로직스,A,A,실행,3,135.8,135.8,58,2020-06-15,6,True,0.0703551912568307,목표,1,0.639344262295082
2020-03-19,060720,KH바텍,A,C,실행,3,98.8,104.7,95,2020-08-05,8,True,0.18359375,목표,1,0.71484375
2020-03-19,006280,녹십자,A,C,실행,3,71.2,186.5,118,2020-09-08,9,True,0.0765765765765766,목표,6,0.3423423423423424
2020-03-19,082270,젬백스,A,C,실행,3,44.4,44.4,12,2020-04-06,4,True,-0.088974358974359,손절,1,0.2923076923076924
2020-03-19,131970,두산테스나,A,A,실행,3,64.3,118.3,121,2020-09-11,9,True,-0.0377391304347826,트레일,2,0.5173913043478262
2020-04-02,068270,셀트리온,A,A,실행,4,69.7,74.1,73,2020-07-20,7,True,0.087179487179487,목표,1,0.1666666666666667
2020-04-02,174900,앱클론,A,A,실행,4,125.5,144.6,76,2020-07-23,7,True,0.0979567307692306,목표,3,0.2764423076923077
2020-04-03,005180,빙그레,A,C,실행,4,33.6,33.6,19,2020-05-06,5,True,0.0973282442748091,목표,14,0.2652671755725191
2020-04-13,200230,텔콘RF제약,A,C,실행,4,22.6,138.8,113,2020-09-24,9,True,0.0692007797270954,목표,1,-0.0653021442495127
2020-04-21,003060,에이프로젠바이오로직스,A,A,실행,4,117.6,117.6,5,2020-04-28,4,True,0.1240458015267176,목표,3,0.4770992366412214
2020-04-27,016380,KG스틸,A,C,실행,4,73.9,73.9,30,2020-06-11,6,True,0.1020408163265305,목표,4,0.0040816326530612
2020-04-28,016380,KG스틸,A,C,실행,4,89.3,89.3,29,2020-06-11,6,True,0.1266666666666667,목표,3,0.0888888888888888
2020-05-12,025980,아난티,A,C,실행,5,7.1,7.1,10,2020-05-26,5,True,-0.0577358490566037,트레일,20,-0.0235849056603774
2020-05-29,001520,동양,A,B,실행,5,6.3,6.3,3,2020-06-03,6,True,-0.0589020979020977,손절,9,-0.1608391608391608
2020-06-15,042660,한화오션,A,B,실행,6,19.7,24.4,124,2020-12-11,12,True,0.0769230769230768,목표,2,0.0085470085470085
2020-06-15,082270,젬백스,A,C,실행,6,35.5,40.4,69,2020-09-21,9,True,0.0766423357664234,목표,1,0.1532846715328466
2020-06-15,074600,원익QnC,A,C,실행,6,50.2,63.2,120,2020-12-07,12,True,0.0794979079497908,목표,2,0.2259414225941423
2020-06-15,222800,심텍,A,B,실행,6,127.1,127.1,41,2020-08-11,8,True,0.085427135678392,목표,1,1.0351758793969847
2020-06-15,030530,원익홀딩스,A,C,실행,6,26.2,64.9,119,2020-12-04,12,True,0.0811298076923077,목표,1,0.1382211538461537
2020-06-15,078160,메디포스트,A,C,실행,6,11.0,28.6,122,2020-12-09,12,True,0.0883392226148409,목표,2,0.0123674911660778
2020-06-15,097520,엠씨넥스,A,B,실행,6,39.6,39.9,64,2020-09-14,9,True,0.0740103270223753,목표,3,0.2650602409638554
2020-06-15,115450,HLB테라퓨틱스,A,B,실행,6,26.1,26.1,56,2020-09-02,9,True,0.0765595463137995,목표,2,0.0340264650283554
2020-06-15,001230,동국홀딩스,A,B,실행,6,16.3,44.3,111,2020-11-24,11,True,0.1472602739726025,목표,2,0.0787671232876712
2020-06-15,042670,042670,A,C,실행,6,54.2,83.2,74,2020-09-28,9,True,0.0694444444444444,목표,1,0.3628472222222223
2020-06-15,095610,테스,A,B,실행,6,41.1,59.9,111,2020-11-24,11,True,0.0748730964467006,목표,2,0.2893401015228427
2020-06-15,006650,대한유화,A,C,실행,6,62.9,145.1,111,2020-11-24,11,True,0.0704225352112675,목표,1,0.1173708920187792
2020-06-15,066970,엘앤에프,A,C,실행,6,128.6,175.2,126,2020-12-15,12,True,0.0933806146572104,목표,2,1.1513002364066196
2020-06-15,003220,대원제약,A,C,실행,6,94.6,94.6,29,2020-07-24,7,True,0.0735735735735736,목표,2,0.2942942942942943
2020-06-15,112040,위메이드,A,B,실행,6,50.0,75.0,110,2020-11-23,11,True,0.0727739726027396,목표,1,0.3424657534246575
2020-06-15,010140,삼성중공업,A,C,실행,6,14.4,22.5,110,2020-11-23,11,True,0.0727272727272727,목표,2,-0.0991735537190082
2020-06-16,950180,950180,A,B,실행,6,1.2,67.4,115,2020-12-01,12,True,-0.0765527950310559,손절,4,-0.2142857142857143
2020-08-10,069620,대웅제약,A,A,관찰만,8,5.1,141.8,91,2020-12-22,12,True,-0.0522447257383966,손절,5,-0.0886075949367088
2020-08-18,028300,HLB,A,C,관찰만,8,56.5,56.5,24,2020-09-21,9,True,0.0982456140350878,목표,1,0.0444444444444445
2020-08-18,032830,삼성생명,A,B,관찰만,8,26.9,47.9,97,2021-01-11,1,True,0.1082910321489001,목표,10,0.0236886632825719
2020-08-18,067630,HLB생명과학,A,C,관찰만,8,119.4,119.4,24,2020-09-21,9,True,0.1114369501466274,목표,10,0.4076246334310851
2020-08-18,036830,솔브레인홀딩스,A,C,관찰만,8,1.9,1.9,1,2020-08-19,8,True,-0.0826581121937544,손절,2,-0.1682785299806576
2020-08-19,036830,솔브레인홀딩스,A,B,관찰만,8,5.6,5.6,11,2020-09-03,9,True,-0.05,손절,1,-0.1046153846153846
2020-08-20,161390,한국타이어앤테크놀로지,A,B,실행,8,31.3,86.5,123,2021-02-22,2,True,0.081174438687392,목표,3,0.1588946459412781
2020-08-28,200230,텔콘RF제약,A,A,주의,8,116.8,116.8,19,2020-09-24,9,True,-0.0592566371681414,트레일,9,0.1150442477876105
2020-08-28,151910,151910,A,A,주의,8,6.1,109.2,124,2021-03-04,3,True,-0.0608542675544794,손절,5,-0.1658595641646489
2020-09-01,096770,SK이노베이션,B,C,주의,9,24.2,120.5,104,2021-02-03,2,True,-0.0584175084175083,트레일,17,-0.175084175084175
2020-09-01,140410,메지온,A,A,주의,9,18.3,18.3,43,2020-11-05,11,True,-0.0593479549496147,손절,9,0.0610551274451689
2020-09-23,016380,KG스틸,A,B,관찰만,9,28.0,63.0,125,2021-03-31,3,True,-0.0518999999999999,손절,1,-0.0999999999999999
2020-09-23,096770,SK이노베이션,B,C,관찰만,9,32.8,121.3,88,2021-02-03,2,True,-0.1010787162162162,손절,19,0.0810810810810811
2020-09-23,028300,HLB,A,A,관찰만,9,3.9,3.9,50,2020-12-08,12,True,-0.0518983459955683,손절,1,-0.1016144349477682
2020-10-15,091990,091990,B,C,주의,10,103.9,103.9,48,2020-12-22,12,True,0.3026166097838452,목표,29,0.7849829351535835
2020-10-15,026890,스틱인베스트먼트,A,B,주의,10,3.2,92.7,121,2021-04-12,4,True,-0.0892201834862385,손절,7,-0.1541284403669724
2020-10-16,005690,파미셀,A,B,관찰만,10,62.6,62.6,22,2020-11-17,11,True,0.0864779874213836,목표,5,0.2987421383647799
2020-10-16,026890,스틱인베스트먼트,A,B,관찰만,10,1.4,94.4,120,2021-04-12,4,True,-0.0763888888888888,손절,6,-0.1398148148148148
2020-10-19,005690,파미셀,A,A,관찰만,10,65.7,65.7,21,2020-11-17,11,True,0.0753205128205127,목표,2,0.3493589743589744
2020-10-27,005690,파미셀,A,C,관찰만,10,59.6,59.6,15,2020-11-17,11,True,0.0771604938271603,목표,3,0.1234567901234569
2020-10-30,267270,HD건설기계,A,B,주의,10,64.3,145.2,122,2021-04-28,4,True,0.0685483870967742,목표,2,0.2943548387096775
2020-11-06,045390,대아티아이,A,B,주의,11,11.1,13.0,125,2021-05-11,5,True,-0.0688547008547009,트레일,33,0.0717948717948717
2020-11-11,036570,NC,B,C,주의,11,30.8,30.8,60,2021-02-08,2,True,0.1298377028714108,목표,33,0.2209737827715356
2020-11-17,082270,젬백스,A,A,주의,11,39.6,39.6,33,2021-01-06,1,True,0.0770833333333333,목표,3,0.0541666666666666
2020-11-17,253840,수젠텍,A,B,주의,11,14.3,49.2,109,2021-04-27,4,True,0.1034836065573769,목표,2,-0.2868852459016393
2020-11-23,086900,메디톡스,A,B,주의,11,17.9,17.9,18,2020-12-17,12,True,0.0851162790697674,목표,16,-0.3953488372093023
2020-11-24,001630,종근당홀딩스,A,C,주의,11,50.0,50.0,18,2020-12-18,12,True,0.1274038461538462,목표,9,0.1346153846153845
2020-12-21,003620,KG모빌리티,A,A,관찰만,12,22.6,22.6,1,2023-04-28,4,True,-0.0538868832731649,손절,1,-0.4623733719247467
2021-01-04,096530,씨젠,B,B,관찰만,1,9.8,16.9,72,2021-04-19,4,True,-0.0347497279651796,손절,10,-0.3122959738846572
2021-01-05,096530,씨젠,B,B,관찰만,1,9.7,16.8,71,2021-04-19,4,True,-0.053195652173913,손절,9,-0.3320652173913043
2021-01-11,196170,알테오젠,B,C,주의,1,2.9,2.9,45,2021-03-18,3,True,-0.0745502026695905,손절,5,-0.1012820512820513
2021-01-12,096530,씨젠,B,B,주의,1,5.5,19.0,66,2021-04-19,4,True,-0.0353709856035437,손절,4,-0.2790697674418605
2021-01-15,025320,시노펙스,A,C,주의,1,13.7,13.7,20,2021-02-16,2,True,0.0731857318573185,목표,7,-0.072570725707257
2021-01-18,010950,S-Oil,B,C,주의,1,27.7,53.5,116,2021-07-06,7,True,-0.0809596588289534,손절,10,0.1327800829875518
2021-01-29,097780,에코볼트,A,B,실행,1,14.7,14.7,13,2021-02-19,2,True,0.0983333333333333,목표,13,-0.0233333333333333
2021-01-29,026890,스틱인베스트먼트,A,A,실행,1,91.8,91.8,48,2021-04-12,4,True,0.0799086757990867,목표,2,0.1598173515981735
2021-02-01,900140,엘브이엠씨홀딩스,A,B,주의,2,17.5,17.5,12,2021-02-19,2,True,0.073091849935317,목표,3,0.0051746442432083
2021-02-10,060250,NHN KCP,A,B,주의,2,11.2,17.3,88,2021-06-21,6,True,-0.0692307692307692,트레일,8,-0.0134615384615384
2021-02-16,078590,휴림에이텍,A,C,주의,2,39.6,39.6,25,2023-09-21,9,True,0.0992462311557789,목표,1,-0.5036798639053612
2021-02-22,096530,씨젠,A,B,주의,2,39.6,39.6,39,2021-04-19,4,True,-0.0524691358024692,손절,1,0.3586744639376218
2021-02-22,065680,우주일렉트로,A,B,주의,2,11.5,11.5,43,2021-04-23,4,True,-0.05,손절,1,0.0300353356890459
2021-02-23,065680,우주일렉트로,A,B,주의,2,16.9,16.9,42,2021-04-23,4,True,-0.0715831790123456,손절,2,0.0888888888888888
2021-03-08,065660,안트로젠,A,B,실행,3,36.7,102.2,107,2021-08-06,8,True,-0.0537848605577688,손절,23,-0.0119521912350597
2021-03-09,091990,091990,B,C,실행,3,19.3,19.3,14,2021-03-29,3,True,0.0140845070422535,트레일,33,-0.0869925434962717
2021-03-09,068760,셀트리온제약,B,C,실행,3,9.0,21.5,74,2021-06-23,6,True,-0.0646288032454361,손절,36,-0.1203515889114266
2021-03-09,175250,아이큐어,A,B,실행,3,24.9,24.9,33,2021-04-23,4,True,-0.0645673603504929,손절,2,-0.0273822562979189
2021-03-09,185750,종근당,A,B,실행,3,31.9,31.9,6,2021-03-17,3,True,0.0906249999999999,목표,6,-0.203125
2021-03-10,049950,미래컴퍼니,A,B,실행,3,36.2,36.2,30,2021-04-21,4,True,0.081377151799687,목표,27,0.1846635367762128
2021-03-19,185750,종근당,A,B,실행,3,3.0,3.0,20,2021-04-16,4,True,-0.0625,손절,3,-0.1513157894736841
2021-03-23,078590,휴림에이텍,A,C,실행,3,42.9,42.9,1,2023-09-21,9,True,0.0777634961439588,목표,1,-0.2605042016806723
2021-03-24,053800,안랩,A,C,실행,3,23.8,23.8,11,2021-04-08,4,True,0.1022544283413848,목표,7,0.0837359098228662
2021-03-31,069260,TKG휴켐스,A,C,관찰만,3,10.1,38.5,102,2021-08-25,8,True,0.0,만기,40,0.0
2021-04-26,065660,안트로젠,A,A,관찰만,4,29.2,77.4,72,2021-08-06,8,True,-0.0514947552447552,손절,4,0.1398601398601398
2021-04-27,019170,신풍제약,A,C,관찰만,4,26.1,26.1,47,2021-07-05,7,True,-0.0547204968944099,손절,2,-0.0074534161490683
2021-04-28,192820,코스맥스,A,C,관찰만,4,27.4,27.4,51,2021-07-12,7,True,0.100896860986547,목표,2,0.1210762331838564
2021-04-28,019170,신풍제약,A,C,관찰만,4,26.9,26.9,46,2021-07-05,7,True,-0.05,손절,1,0.1412500000000001
2021-04-29,095700,제넥신,A,B,관찰만,4,13.7,13.7,12,2021-05-18,5,True,-0.051826923076923,손절,2,-0.1423076923076923
2021-05-03,206640,바디텍메드,A,C,관찰만,5,22.9,22.9,50,2021-07-14,7,True,-0.05,손절,1,0.0435779816513761
2021-05-03,109820,진매트릭스,A,A,관찰만,5,16.0,16.0,49,2021-07-13,7,True,-0.0616296592119276,손절,1,-0.1789137380191693
2021-05-03,003090,대웅,A,B,관찰만,5,48.4,48.4,39,2021-06-29,6,True,-0.061377245508982,손절,1,0.3997005988023951
2021-05-04,253840,수젠텍,A,A,관찰만,5,20.7,20.7,4,2021-05-11,5,True,0.0987202925045704,목표,3,-0.1535648994515539
2021-05-04,206640,바디텍메드,A,C,관찰만,5,25.8,25.8,49,2021-07-14,7,True,0.0751173708920187,목표,1,0.0892018779342722
2021-05-04,336260,두산퓨얼셀,A,B,관찰만,5,37.6,41.9,82,2021-08-31,8,True,0.0745222929936306,목표,3,0.2789808917197451
2021-05-04,109820,진매트릭스,A,C,관찰만,5,23.1,23.1,48,2021-07-13,7,True,-0.091864406779661,손절,3,-0.135593220338983
2021-05-04,243070,휴온스,A,C,관찰만,5,9.5,9.5,3,2021-05-10,5,True,0.0897035881435257,목표,3,-0.0202808112324492
2021-05-04,034020,두산에너빌리티,B,C,관찰만,5,153.0,153.0,22,2021-06-07,6,True,0.1581027667984189,목표,12,0.9644268774703556
2021-05-06,010140,삼성중공업,A,A,관찰만,5,24.7,24.7,21,2021-06-07,6,True,0.1174999999999999,목표,17,0.165
2021-05-07,010140,삼성중공업,A,B,관찰만,5,24.5,24.5,20,2021-06-07,6,True,0.0956738768718801,목표,16,0.1613976705490849
2021-05-13,253840,수젠텍,A,C,관찰만,5,19.9,19.9,41,2021-07-12,7,True,-0.0518518518518518,손절,2,0.0214424951267055
2021-05-13,000210,DL,A,B,관찰만,5,4.8,4.8,1,2021-05-14,5,True,-0.0591787439613527,손절,28,-0.0664251207729468
2021-05-14,225570,넥슨게임즈,A,A,관찰만,5,35.9,94.7,116,2021-11-03,11,True,0.1172248803827751,목표,21,0.1818181818181818
2021-05-18,156100,엘앤케이바이오,A,A,관찰만,5,13.6,13.6,21,2021-06-17,6,True,-0.0532898898365316,손절,1,-0.1407249466950959
2021-05-20,139670,키네마스터,A,B,관찰만,5,44.3,44.3,39,2021-07-14,7,True,-0.088641425389755,트레일,2,0.2605790645879733
2021-05-21,139670,키네마스터,A,C,관찰만,5,52.1,52.1,38,2021-07-14,7,True,-0.0678403755868544,손절,1,0.312206572769953
2021-05-27,049950,미래컴퍼니,A,B,관찰만,5,4.2,4.2,2,2021-05-31,5,True,-0.0543051359516616,손절,31,-0.0317220543806646
2021-05-31,086520,에코프로,A,B,관찰만,5,140.0,229.1,112,2021-11-11,11,True,-0.0763376744977869,손절,7,0.4504596527068436
2021-06-01,006400,삼성SDI,B,C,관찰만,6,34.4,34.4,53,2021-08-13,8,True,0.1558441558441559,목표,22,0.2337662337662338
2021-07-08,003090,대웅,A,C,관찰만,7,4.7,4.7,4,2021-07-14,7,True,-0.0788571428571428,트레일,13,-0.0532467532467532
2021-07-16,131370,알서포트,A,C,관찰만,7,7.2,7.2,1,2021-07-19,7,True,-0.0568421052631579,트레일,7,-0.2277511961722488
2021-07-16,084990,헬릭스미스,A,B,관찰만,7,5.9,5.9,5,2021-07-23,7,True,-0.0584519572953736,손절,20,-0.1156583629893238
2021-07-19,003850,보령,A,A,관찰만,7,1.6,1.6,39,2021-09-13,9,True,-0.0598958333333333,손절,4,-0.1145833333333333
2021-07-22,170900,동아에스티,A,B,관찰만,7,0.8,0.8,1,2021-07-23,7,True,-0.05,손절,17,-0.0822407628128725
2021-08-17,121600,나노신소재,A,C,관찰만,8,106.2,130.1,75,2021-12-07,12,True,0.0752212389380531,목표,2,0.4174041297935102
2021-08-18,081660,미스토홀딩스,A,A,관찰만,8,3.8,3.8,19,2021-09-14,9,True,-0.0537957207207208,손절,7,-0.2075675675675675
2021-08-19,053280,예스24,A,B,주의,8,2.9,2.9,3,2021-08-24,8,True,-0.05,손절,1,-0.2885714285714286
2021-08-20,043610,KT지니뮤직,A,B,주의,8,30.5,30.5,39,2021-10-21,10,True,0.0687022900763358,목표,1,0.1106870229007632
2021-08-20,122450,KX,A,C,주의,8,10.5,10.5,12,2021-09-07,9,True,0.0681818181818181,목표,1,-0.0650826446280992
2021-08-23,007690,국도화학,A,B,주의,8,40.7,40.7,14,2021-09-10,9,True,0.1451367781155015,목표,8,0.0775075987841944
2021-08-30,033310,엠투엔,A,C,관찰만,8,7.6,7.6,7,2021-09-08,9,True,-0.0824684182590234,손절,2,-0.2898089171974523
2021-09-01,052400,코나아이,A,C,관찰만,9,19.2,19.2,3,2021-09-06,9,True,0.0939393939393939,목표,2,0.0166666666666666
2021-09-06,007700,F&F홀딩스,A,B,관찰만,9,21.2,21.2,40,2021-11-08,11,True,-0.0648442536047499,손절,8,0.1615776081424935
2021-09-06,064760,티씨케이,A,C,관찰만,9,15.4,15.4,58,2021-12-02,12,True,-0.0514074074074074,손절,3,-0.074074074074074
2021-09-07,001470,삼부토건,A,C,관찰만,9,12.8,24.2,122,2022-03-11,3,True,-0.0753108348134991,손절,3,-0.300177619893428
2021-09-14,035720,카카오,B,C,관찰만,9,5.6,5.6,33,2021-11-05,11,True,-0.0822216838651866,손절,11,0.0282258064516129
2021-09-17,006400,삼성SDI,B,C,관찰만,9,6.5,6.5,38,2021-11-17,11,True,0.0441379310344827,만기,40,0.0441379310344827
2021-09-27,095660,네오위즈,A,C,주의,9,31.9,49.8,68,2022-01-04,1,True,-0.0821181875792143,손절,1,0.0266159695817489
2021-09-28,297890,HB솔루션,A,A,주의,9,14.3,20.2,67,2022-01-04,1,True,-0.0621483375959081,손절,1,0.0
2021-09-28,095660,네오위즈,A,B,주의,9,44.0,63.5,67,2022-01-04,1,True,-0.0578838174273859,손절,3,0.1161825726141079
2021-09-30,011200,HMM,B,C,주의,9,1.9,11.7,104,2022-03-04,3,True,-0.0723115727002967,손절,1,-0.2655786350148368
2021-10-01,011200,HMM,B,B,주의,10,0.8,18.4,103,2022-03-04,3,True,-0.0467767295597484,손절,1,-0.2578616352201258
2021-10-01,003280,흥아해운,A,B,주의,10,30.6,30.6,8,2021-10-15,10,True,-0.0663143989431968,손절,1,-0.3130779392338176
2021-10-05,003280,흥아해운,A,C,주의,10,55.7,55.7,7,2021-10-15,10,True,-0.0799212598425196,손절,1,-0.179527559055118
2021-10-05,299660,셀리드,A,A,주의,10,12.8,12.8,3,2021-10-08,10,True,0.1028610354223433,목표,3,-0.2970027247956402
2021-10-05,112610,씨에스윈드,A,C,주의,10,10.3,10.3,7,2021-10-15,10,True,0.0713235294117646,목표,7,-0.1588235294117647
2021-10-05,138610,나이벡,A,B,주의,10,3.0,3.0,9,2021-10-19,10,True,-0.0738905325443787,손절,17,-0.272189349112426
2021-10-06,032300,한국파마,A,C,실행,10,49.9,49.9,14,2021-10-27,10,True,0.0949895615866387,목표,1,0.0313152400835072
2021-10-06,025950,동신건설,A,C,실행,10,17.7,34.1,64,2022-01-06,1,True,0.105510752688172,목표,2,-0.1169354838709677
2021-10-06,299660,셀리드,A,B,실행,10,20.0,20.0,2,2021-10-08,10,True,0.1152173913043477,목표,2,-0.236231884057971
2021-10-06,047920,HLB제약,A,A,실행,10,16.1,16.1,2,2021-10-08,10,True,0.0710382513661203,목표,1,-0.2295081967213115
2021-10-06,200670,휴메딕스,A,A,실행,10,8.9,8.9,5,2021-10-14,10,True,0.0796232876712328,목표,5,-0.1866438356164383
2021-10-06,205470,휴마시스,A,A,실행,10,70.4,191.6,81,2022-02-03,2,True,0.0879999999999998,목표,1,0.4399999999999999
2021-10-06,086890,이수앱지스,A,C,실행,10,25.5,25.5,14,2021-10-27,10,True,0.1022727272727272,목표,2,-0.1090909090909091
2021-10-06,084110,휴온스글로벌,A,C,실행,10,4.4,4.4,6,2021-10-15,10,True,-0.0679780876494023,손절,20,-0.1972111553784861
2021-10-06,002900,TYM,A,C,실행,10,14.6,39.3,124,2022-04-07,4,True,0.1158854166666667,목표,6,-0.125
2021-10-06,049180,셀루메드,A,B,실행,10,24.3,24.3,4,2021-10-13,10,True,0.0922693266832916,목표,4,-0.2456359102244388
2021-10-06,036200,유니셈,A,B,실행,10,35.9,35.9,44,2021-12-08,12,True,0.0695067264573991,목표,1,0.2690582959641256
2021-10-06,035810,이지홀딩스,A,C,실행,10,8.9,8.9,8,2021-10-19,10,True,-0.042,트레일,24,-0.1193181818181817
2021-10-06,047820,초록뱀미디어,A,B,실행,10,82.5,82.5,31,2021-11-19,11,True,0.0854700854700856,목표,6,0.3675213675213675
2021-10-07,003490,대한항공,B,C,주의,10,0.2,2.2,122,2022-04-06,4,True,-0.0970015698587126,손절,33,-0.1051805337519623
2021-10-07,084110,휴온스글로벌,A,C,주의,10,6.0,6.0,5,2021-10-15,10,True,-0.0675025278058645,트레일,19,-0.1820020222446916
2021-10-12,101490,에스앤에스텍,A,C,주의,10,24.0,24.0,29,2021-11-22,11,True,0.0788216560509553,목표,4,0.1640127388535031
2021-10-12,003670,포스코퓨처엠,B,C,주의,10,10.6,10.6,33,2021-11-26,11,True,-0.0763096774193548,손절,14,-0.0548387096774193
2021-10-13,047920,HLB제약,A,C,주의,10,14.2,14.2,2,2021-10-15,10,True,0.0694822888283379,목표,1,-0.220708446866485
2021-10-13,185490,아이진,A,A,주의,10,18.3,18.3,2,2021-10-15,10,True,0.1617021276595744,목표,2,-0.2234042553191489
2021-10-13,299660,셀리드,A,A,주의,10,16.5,16.5,16,2021-11-04,11,True,0.0773049645390071,목표,1,-0.2992907801418439
2021-10-19,003280,흥아해운,A,B,주의,10,16.0,16.0,1,2021-10-20,10,True,0.107235142118863,목표,1,-0.2945736434108527
2021-10-27,009240,한샘,A,C,실행,10,4.4,4.4,37,2021-12-17,12,True,-0.0546798029556649,손절,4,-0.0285714285714285
2021-10-29,065660,안트로젠,A,C,주의,10,17.3,17.3,43,2021-12-29,12,True,0.0736301369863012,목표,2,-0.023972602739726
2021-11-02,241840,에이스토리,A,B,주의,11,17.5,17.5,5,2021-11-09,11,True,-0.0692896640826873,손절,4,-0.1565891472868217
2021-11-02,053800,안랩,A,A,주의,11,79.2,204.7,96,2022-03-24,3,True,0.0718270571827057,목표,4,0.1185495118549511
2021-11-04,002900,TYM,A,A,주의,11,5.3,107.2,123,2022-05-04,5,True,-0.0631064814814815,손절,16,-0.0194444444444443
2021-11-08,299660,셀리드,A,B,주의,11,2.1,2.1,1,2021-11-09,11,True,-0.0607344632768361,손절,2,-0.2966101694915254
2021-11-09,003580,HLB글로벌,A,C,주의,11,72.4,72.4,43,2022-01-10,1,True,0.1073717948717949,목표,4,0.4967948717948718
2021-11-09,007860,서연,A,B,주의,11,6.2,6.2,19,2021-12-06,12,True,-0.0722945303550974,손절,2,-0.2061855670103093
2021-11-09,092220,KEC,A,C,주의,11,60.1,60.1,10,2021-11-23,11,True,0.1222426470588236,목표,4,0.4540441176470591
2021-11-10,007860,서연,A,B,주의,11,13.2,13.2,18,2021-12-06,12,True,-0.0745445665445665,손절,13,-0.1355311355311355
2021-11-11,009520,포스코엠텍,A,B,주의,11,14.9,14.9,26,2021-12-17,12,True,-0.0524265644955299,손절,11,0.0280970625798211
2021-11-12,001440,대한전선,A,C,주의,11,14.8,31.9,111,2022-05-06,5,True,0.0989010989010987,목표,1,-0.0604395604395605
2021-11-12,241820,피씨엘,A,C,주의,11,21.9,21.9,61,2022-02-11,2,True,-0.0670250896057348,손절,7,-0.031063321385902
2021-11-17,002240,고려제강,A,B,주의,11,7.0,43.4,111,2022-04-29,4,True,-0.0728915662650602,손절,8,0.036144578313253
2021-11-17,073240,금호타이어,A,C,주의,11,6.0,6.0,20,2021-12-15,12,True,-0.0624183006535947,손절,1,-0.0261437908496732
2021-11-18,115450,HLB테라퓨틱스,A,C,주의,11,9.2,9.2,22,2021-12-20,12,True,-0.0779411764705881,손절,8,-0.1013071895424836
2021-11-19,249420,일동제약,A,C,주의,11,223.4,431.8,92,2022-04-06,4,True,0.0869565217391303,목표,4,1.013377926421405
2021-11-23,217270,넵튠,A,C,주의,11,15.8,15.8,29,2022-01-04,1,True,-0.0091603053435114,트레일,6,-0.1812977099236641
2021-11-29,080580,오킨스전자,A,C,주의,11,23.9,23.9,24,2022-01-03,1,True,-0.0589709172259508,트레일,16,-0.0335570469798657
2021-11-30,035080,그래디언트,A,C,실행,11,34.1,42.7,70,2022-03-16,3,True,0.0739219712525667,목표,2,-0.0903490759753592
2021-11-30,034020,두산에너빌리티,A,B,실행,11,18.4,25.8,68,2022-03-14,3,True,0.1065789473684211,목표,5,-0.0578947368421052
2021-12-02,096530,씨젠,A,C,실행,12,10.6,10.6,7,2021-12-13,12,True,0.0708898944193061,목표,2,-0.1794871794871795
2021-12-07,041140,041140,A,B,실행,12,89.9,120.1,72,2022-03-25,3,False,0.080223880597015,목표,1,0.4365671641791044
2021-12-14,007390,네이처셀,A,A,실행,12,12.4,13.3,117,2022-06-08,6,True,-0.0598855667627282,손절,3,-0.1152737752161383
2021-12-20,196170,알테오젠,A,C,주의,12,8.2,8.2,7,2021-12-29,12,True,0.0728744939271255,목표,7,-0.2887989203778677
2021-12-28,089980,상아프론테크,A,C,주의,12,4.3,4.3,2,2021-12-30,12,True,-0.0739805825242718,손절,8,-0.2019417475728155
2021-12-28,003580,HLB글로벌,A,B,주의,12,56.9,56.9,8,2022-01-10,1,True,0.119533527696793,목표,1,-0.0145772594752187
2021-12-29,089980,상아프론테크,A,C,주의,12,4.1,4.1,1,2021-12-30,12,True,-0.0610465116279069,손절,7,-0.1647286821705426
2021-12-30,067000,조이시티,A,C,주의,12,5.4,5.4,6,2022-01-10,1,True,-0.0750243902439024,손절,3,-0.1014634146341463
2021-12-30,011785,금호석유화학우,A,C,주의,12,1.4,1.4,1,2022-01-03,1,True,-0.0544392523364486,손절,4,-0.2084112149532709
2022-01-05,352820,하이브,B,C,주의,1,6.5,6.5,58,2022-04-04,4,True,-0.082670382165605,손절,4,-0.1273885350318471
2022-01-06,214150,클래시스,A,C,주의,1,47.0,47.0,62,2022-04-11,4,True,0.072289156626506,목표,3,0.1626506024096385
2022-01-06,217270,넵튠,A,A,주의,1,4.2,4.2,2,2022-01-10,1,True,-0.0629645214521452,손절,3,-0.2237623762376237
2022-01-06,293490,카카오게임즈,A,B,주의,1,11.1,11.1,49,2022-03-23,3,True,-0.0742307692307692,손절,6,0.0026990553306343
2022-01-07,293490,카카오게임즈,A,B,주의,1,10.8,10.8,48,2022-03-23,3,True,-0.0767227456258411,손절,5,0.0067294751009421
2022-01-13,214260,라파스,A,A,주의,1,0.4,28.6,98,2022-06-10,6,True,-0.0620443404634581,손절,2,-0.141711229946524
2022-01-14,145720,덴티움,A,C,주의,1,31.8,48.3,115,2022-07-06,7,True,-0.0625412541254125,손절,7,0.2227722772277227
2022-01-17,145720,덴티움,A,C,실행,1,36.3,53.4,114,2022-07-06,7,True,-0.0584300341296928,트레일,6,0.2372013651877134
2022-01-24,003580,HLB글로벌,A,A,실행,1,8.5,8.5,6,2022-02-04,2,True,-0.064319406392694,손절,1,-0.2273972602739725
2022-01-24,086520,에코프로,A,B,실행,1,21.6,21.6,48,2022-04-07,4,True,-0.062944572748268,손절,2,0.0357967667436489
2022-01-25,003580,HLB글로벌,A,C,실행,1,15.8,15.8,5,2022-02-04,2,True,-0.0611111111111111,손절,2,-0.1842105263157895
2022-01-25,048550,SM C&C,A,C,실행,1,82.2,82.2,30,2022-03-15,3,True,-0.0592233009708738,손절,3,0.5938511326860842
2022-01-25,086980,쇼박스,A,C,실행,1,55.0,55.0,54,2022-04-18,4,True,-0.056195652173913,손절,2,0.2130434782608696
2022-01-25,020120,키다리스튜디오,A,B,실행,1,19.4,19.4,16,2022-02-21,2,True,-0.05,손절,2,-0.0173611111111111
2022-01-26,100130,동국S&C,A,C,실행,1,14.5,28.4,124,2022-07-29,7,True,0.075354609929078,목표,1,0.0319148936170212
2022-01-27,247540,에코프로비엠,A,A,실행,1,57.1,75.8,99,2022-06-27,6,True,-0.0893284268629255,손절,1,0.2195645507513033
2022-01-28,095660,네오위즈,A,B,실행,1,18.9,18.9,4,2022-02-08,2,True,0.0730994152046784,목표,3,-0.0253411306042885
2022-01-28,263750,펄어비스,B,C,실행,1,17.7,17.7,31,2022-03-21,3,True,0.0753715498938429,만기,40,0.0753715498938429
2022-02-10,336370,솔루스첨단소재,A,C,실행,2,29.6,29.6,49,2022-04-22,4,True,-0.0625000000000002,손절,2,0.1710526315789473
2022-02-11,336370,솔루스첨단소재,A,C,실행,2,34.7,34.7,48,2022-04-22,4,True,0.0717948717948717,목표,4,0.2068376068376067
2022-02-11,003220,대원제약,A,A,실행,2,23.5,23.5,6,2022-02-21,2,True,0.0838235294117646,목표,2,0.0558823529411764
2022-02-14,256840,한국비엔씨,A,B,실행,2,6.8,6.8,22,2022-03-18,3,True,-0.0543308823529411,손절,1,-0.288235294117647
2022-02-14,003220,대원제약,A,B,실행,2,26.9,26.9,5,2022-02-21,2,True,0.0770392749244712,목표,1,0.1148036253776434
2022-02-14,004980,성신양회,A,A,실행,2,31.0,31.0,22,2022-03-18,3,True,-0.0614919354838709,손절,4,0.125
2022-02-15,256840,한국비엔씨,A,C,실행,2,12.4,12.4,21,2022-03-18,3,True,0.0773993808049535,목표,1,-0.2600619195046439
2022-02-28,018670,SK가스,A,B,실행,2,20.6,20.6,45,2022-05-04,5,True,-0.0548963585434174,손절,5,-0.0210084033613445
2022-03-07,048410,현대바이오,A,A,실행,3,16.5,33.7,125,2022-09-05,9,True,-0.051537216828479,손절,1,-0.0711974110032361
2022-03-14,263750,펄어비스,B,C,실행,3,13.2,13.2,5,2022-03-21,3,True,-0.0381122448979591,트레일,28,-0.3755102040816326
2022-03-15,066970,엘앤에프,B,C,실행,3,65.6,65.6,48,2022-05-23,5,True,0.343026706231454,목표,12,0.3353115727002966
2022-03-29,263750,펄어비스,B,C,실행,3,9.2,9.2,13,2022-04-15,4,True,-0.0714214711729622,트레일,17,-0.3717693836978131
2022-04-07,214330,금호에이치티,A,C,실행,4,4.6,4.6,1,2022-04-08,4,True,-0.05,손절,1,-0.3316326530612244
2022-04-07,008350,남선알미늄,A,A,실행,4,17.4,17.4,1,2022-04-08,4,True,0.1092124814264488,목표,1,-0.2035661218424963
2022-04-12,006040,동원산업,A,B,실행,4,17.0,17.0,26,2022-05-19,5,True,0.0773420479302831,목표,3,0.0152505446623094
2022-04-13,112040,위메이드,A,C,실행,4,7.5,7.5,1,2022-04-14,4,True,0.0711764705882354,목표,1,-0.0611764705882352
2022-04-19,263750,펄어비스,B,C,실행,4,0.8,0.8,1,2022-04-20,4,True,-0.0649541015625,손절,2,-0.45703125
2022-04-29,048260,048260,A,A,실행,4,5.1,28.8,88,2022-09-06,9,True,-0.0754133333333333,트레일,5,-0.0915555555555556
2022-05-11,000060,000060,B,C,실행,5,12.5,12.5,11,2022-05-26,5,True,-0.0437499999999999,트레일,20,-0.1154891304347826
2022-05-12,000060,000060,B,C,실행,5,11.7,11.7,10,2022-05-26,5,True,-0.0502024291497975,트레일,19,-0.1214574898785425
2022-05-23,290650,엘앤씨바이오,A,A,실행,5,15.1,15.1,3,2022-05-26,5,True,0.0767634854771783,목표,1,-0.1051175656984785
2022-06-08,047920,HLB제약,A,B,실행,6,42.4,91.0,66,2022-09-13,9,True,0.09375,목표,1,0.0
2022-06-08,067630,HLB생명과학,A,B,실행,6,17.1,40.7,66,2022-09-13,9,True,0.071705426356589,목표,1,0.0387596899224806
2022-06-08,028300,HLB,A,B,실행,6,34.0,51.1,66,2022-09-13,9,True,0.0696452036793693,목표,1,0.1603153745072274
2022-06-13,047920,HLB제약,A,C,실행,6,92.3,92.3,63,2022-09-13,9,True,-0.0566433566433566,손절,2,0.055944055944056
2022-06-13,032820,우리기술,A,B,실행,6,12.4,12.4,13,2022-06-30,6,True,-0.05,손절,1,-0.0483870967741935
2022-06-13,299900,위지윅스튜디오,A,C,실행,6,8.0,8.0,41,2022-08-09,8,True,-0.05,손절,1,0.0489795918367346
2022-06-13,230240,에치에프알,A,B,실행,6,41.8,41.8,45,2022-08-16,8,True,-0.0517790262172285,손절,5,0.202247191011236
2022-06-14,214260,라파스,A,A,실행,6,5.2,5.2,27,2022-07-21,7,True,-0.0599827235772358,손절,1,0.0036585365853658
2022-06-14,225570,넥슨게임즈,A,B,실행,6,30.6,30.6,37,2022-08-04,8,True,-0.0735740740740742,손절,1,0.2194444444444445
2022-06-15,225570,넥슨게임즈,A,C,실행,6,44.6,44.6,36,2022-08-04,8,True,-0.0820923076923076,트레일,5,0.3476923076923077
2022-06-15,115450,HLB테라퓨틱스,A,B,실행,6,22.7,26.3,78,2022-10-07,10,True,-0.0846153846153845,손절,2,-0.0364372469635626
2022-06-16,225570,넥슨게임즈,A,C,실행,6,49.2,49.2,35,2022-08-04,8,True,-0.062063492063492,손절,4,0.4031746031746031
2022-06-17,078160,메디포스트,A,C,실행,6,12.4,12.4,21,2022-07-18,7,True,-0.0856807511737088,손절,1,-0.0046948356807511
2022-06-17,063170,서울옥션,A,B,실행,6,15.3,15.3,43,2022-08-18,8,True,-0.0606981981981982,손절,4,0.0472972972972973
2022-06-22,005420,코스모화학,A,B,실행,6,102.3,102.3,57,2022-09-14,9,True,-0.0597194719471947,손절,1,0.4092409240924093
2022-06-23,018310,삼목에스폼,A,B,실행,6,29.4,29.4,32,2022-08-08,8,True,0.0819209039548023,목표,2,0.1525423728813559
2022-06-23,005420,코스모화학,A,C,실행,6,121.3,121.3,56,2022-09-14,9,True,0.1389891696750902,목표,2,0.4729241877256318
2022-06-23,041510,에스엠,A,C,실행,6,32.1,37.2,112,2022-12-05,12,True,0.07166392092257,목표,1,0.1301482701812191
2022-06-23,002460,HS화성,A,B,실행,6,23.3,23.3,10,2022-07-07,7,True,0.0741279069767442,목표,4,-0.0436046511627906
2022-06-23,249420,일동제약,A,B,실행,6,115.3,115.3,18,2022-07-19,7,True,0.1601423487544484,목표,1,0.3309608540925266
2022-06-23,011070,LG이노텍,B,C,실행,6,12.2,12.2,26,2022-07-29,7,True,0.0226586102719033,만기,40,0.0226586102719033
2022-06-23,118990,모트렉스,A,A,실행,6,60.7,71.4,110,2022-12-01,12,True,-0.0711111111111111,트레일,6,0.0683760683760683
2022-06-23,042600,새로닉스,A,C,실행,6,26.1,26.1,38,2022-08-17,8,True,0.0726817042606515,목표,2,0.1578947368421053
2022-06-23,001250,GS글로벌,A,B,실행,6,44.2,44.2,34,2022-08-10,8,True,0.0989208633093525,목표,1,0.3201438848920863
2022-06-23,001790,대한제당,A,B,실행,6,17.9,17.9,4,2022-06-29,6,True,0.0699844479004665,목표,2,-0.0264385692068429
2022-06-23,000230,일동홀딩스,A,C,실행,6,131.0,131.0,18,2022-07-19,7,True,-0.0038578680203045,트레일,6,0.5076142131979695
2022-06-23,117580,대성에너지,A,C,실행,6,53.7,53.7,42,2022-08-23,8,True,0.0864485981308411,목표,1,0.3691588785046729
2022-06-29,016380,KG스틸,A,B,실행,6,4.3,4.3,42,2022-08-29,8,True,-0.0595706845238095,손절,2,-0.0571428571428571
2022-06-29,084990,헬릭스미스,A,C,실행,6,2.1,2.1,1,2022-06-30,6,True,-0.052235294117647,손절,2,-0.2211764705882353
2022-06-30,016380,KG스틸,A,B,실행,6,9.8,9.8,41,2022-08-29,8,True,-0.0587857142857143,손절,4,0.0150375939849625
2022-06-30,137400,피엔티,A,B,실행,6,26.6,26.6,33,2022-08-17,8,True,-0.0521664766248575,손절,1,0.153933865450399
2022-06-30,151860,KG에코솔루션,A,C,실행,6,2.1,2.1,6,2022-07-08,7,True,-0.0990571821821821,손절,2,-0.03003003003003
2022-07-01,137400,피엔티,A,B,실행,7,32.9,32.9,32,2022-08-17,8,True,-0.0704790419161677,손절,8,0.1808383233532933
2022-07-01,222080,SFA넥셀,A,C,실행,7,21.1,21.1,31,2022-08-16,8,True,-0.05,손절,3,0.0436363636363636
2022-07-01,151860,KG에코솔루션,A,B,실행,7,10.0,10.0,5,2022-07-08,7,True,-0.0653721682847896,손절,3,-0.0291262135922329
2022-07-01,011070,LG이노텍,B,C,실행,7,8.9,8.9,20,2022-07-29,7,True,-0.0425219941348973,만기,40,-0.0425219941348973
2022-07-04,222080,SFA넥셀,A,C,실행,7,23.3,23.3,30,2022-08-16,8,True,0.087037037037037,목표,19,0.0777777777777777
2022-07-05,101730,위메이드맥스,A,C,실행,7,31.9,31.9,25,2022-08-09,8,True,-0.0550938337801608,손절,4,0.0750670241286863
2022-07-07,006260,LS,A,C,실행,7,27.7,42.6,99,2022-11-30,11,True,-0.0676579925650557,트레일,4,0.195167286245353
2022-08-22,101730,위메이드맥스,A,C,실행,8,2.5,10.7,124,2023-02-21,2,True,-0.0547263681592039,손절,5,-0.1766169154228856
2022-08-22,225570,넥슨게임즈,A,B,실행,8,11.7,11.7,2,2022-08-24,8,True,0.0997409326424869,목표,2,-0.2305699481865285
2022-08-26,225570,넥슨게임즈,A,C,실행,8,12.4,12.4,14,2022-09-19,9,True,-0.0664265129682997,손절,1,-0.170028818443804
2022-09-01,001440,대한전선,A,C,실행,9,14.9,14.9,48,2022-11-14,11,True,-0.0500000000000001,손절,4,-0.0316091954022987
2022-09-02,297090,씨에스베어링,A,B,실행,9,5.5,11.1,124,2023-03-07,3,True,-0.0717808219178082,트레일,5,-0.3123287671232877
2022-09-05,007390,네이처셀,A,B,실행,9,19.4,19.4,48,2022-11-16,11,True,-0.0670076726342711,손절,2,-0.0792838874680307
2022-09-06,007390,네이처셀,A,B,실행,9,24.5,24.5,47,2022-11-16,11,True,-0.0502533333333333,손절,1,-0.0533333333333333
2022-09-06,054210,이랜텍,A,A,실행,9,5.6,6.1,97,2023-01-30,1,True,-0.0661875,손절,4,-0.2039473684210526
2022-09-15,323990,박셀바이오,A,B,실행,9,1.0,1.0,1,2022-09-16,9,True,-0.0580937167199148,손절,2,-0.1246006389776357
2022-09-15,028300,HLB,B,C,실행,9,7.6,7.6,13,2022-10-05,10,True,-0.0792978848413631,손절,18,-0.0822561692126909
2022-09-15,067630,HLB생명과학,A,A,실행,9,4.1,4.1,13,2022-10-05,10,True,-0.056641697877653,손절,5,-0.097378277153558
2022-09-19,010060,OCI홀딩스,A,C,실행,9,4.7,4.7,46,2022-11-24,11,True,-0.0545023696682464,손절,3,0.0047393364928909
2022-09-19,220260,켐트로스,A,B,실행,9,2.4,14.6,116,2023-03-08,3,True,-0.0711213592233011,손절,4,-0.1378640776699029
2022-09-19,117580,대성에너지,A,B,실행,9,17.9,17.9,9,2022-09-30,9,True,0.0720524017467247,목표,3,0.0
2022-09-23,353200,대덕전자,A,C,실행,9,12.6,12.6,36,2022-11-16,11,True,-0.05,손절,1,0.0149572649572649
2022-09-26,117580,대성에너지,A,B,실행,9,26.2,26.2,4,2022-09-30,9,True,0.0747663551401869,목표,2,0.0280373831775699
2022-09-26,000230,일동홀딩스,A,B,실행,9,101.9,101.9,40,2022-11-23,11,True,0.0714285714285714,목표,1,0.7481840193704601
2022-09-26,001250,GS글로벌,A,C,실행,9,9.2,9.2,24,2022-11-01,11,True,-0.05,손절,2,-0.0144665461121157
2022-09-26,161000,애경케미칼,A,B,실행,9,10.8,10.8,32,2022-11-11,11,True,0.0692307692307692,목표,6,-0.0235897435897436
2022-09-26,101360,에코앤드림,A,B,실행,9,28.9,106.1,126,2023-03-29,3,True,0.0833333333333332,목표,7,0.0593869731800766
2022-09-27,080420,모다이노칩,A,C,실행,9,12.0,19.6,110,2023-03-08,3,True,-0.0867478510028653,손절,1,-0.0200573065902578
2022-10-11,018470,조일알미늄,A,B,실행,10,22.8,88.9,121,2023-04-04,4,True,0.0796460176991149,목표,2,-0.0442477876106194
2022-10-12,115450,HLB테라퓨틱스,A,A,실행,10,12.3,12.3,5,2022-10-19,10,True,-0.053653846153846,손절,1,-0.1692307692307691
2022-10-13,115450,HLB테라퓨틱스,A,B,실행,10,19.7,19.7,4,2022-10-19,10,True,-0.0538934426229508,손절,2,-0.1270491803278688
2022-11-09,214370,케어젠,A,B,실행,11,93.1,140.6,107,2023-04-13,4,True,0.0752952755905511,목표,3,0.2746062992125984
2022-11-16,005850,에스엘,A,C,실행,11,2.3,42.2,123,2023-05-16,5,True,-0.0652406417112299,손절,14,-0.071301247771836
2022-11-17,016790,현대사료,A,C,실행,11,11.2,198.1,92,2023-03-31,3,True,-0.0651757188498403,손절,2,-0.0734824281150159
2022-11-18,003070,코오롱글로벌,A,B,실행,11,60.6,60.6,8,2022-11-30,11,True,0.1044386422976502,목표,2,-0.1472584856396867
2022-12-01,241560,두산밥캣,A,A,실행,12,10.8,70.0,125,2023-06-05,6,True,-0.0518142361111111,손절,2,-0.0347222222222222
2022-12-23,149950,아바텍,A,C,실행,12,15.1,18.3,73,2023-04-11,4,True,0.0723270440251573,목표,2,-0.0452830188679245
2022-12-26,009830,한화솔루션,B,C,실행,12,25.4,25.4,42,2023-03-31,3,True,-0.1018162816281629,손절,7,-0.0946094609460945
2022-12-28,205470,휴마시스,A,C,실행,12,41.4,41.4,49,2023-03-13,3,True,-0.0562500000000001,손절,1,-0.0552631578947369
2022-12-29,024110,기업은행,A,C,실행,12,9.0,9.0,11,2023-01-16,1,True,0.070264765784114,목표,11,0.0570264765784114
2022-12-29,001430,세아베스틸지주,A,C,실행,12,68.7,68.7,46,2023-03-09,3,True,-0.0674846625766871,손절,2,0.3803680981595092
2022-12-29,001120,LX인터내셔널,A,B,실행,12,4.9,10.9,126,2023-07-05,7,True,-0.0569955817378498,손절,2,-0.0765832106038291
2023-01-04,079550,LIG디펜스앤에어로스페이스,A,B,실행,1,7.6,14.1,78,2023-04-27,4,True,0.0698717948717948,목표,7,-0.032051282051282
2023-01-18,115450,HLB테라퓨틱스,A,A,실행,1,11.6,11.6,21,2023-02-20,2,True,0.0751072961373391,목표,9,-0.0663845523627699
2023-01-30,052020,에스티큐브,A,B,실행,1,83.4,83.4,53,2023-04-14,4,True,0.118066561014263,목표,3,0.1751188589540411
2023-02-06,003530,한화투자증권,A,B,실행,2,3.9,3.9,12,2023-02-22,2,True,-0.0634645669291338,손절,18,-0.1275590551181102
2023-02-13,145020,휴젤,A,C,주의,2,7.4,7.4,2,2023-02-15,2,True,-0.0545945945945945,트레일,19,0.003003003003003
2023-02-22,290670,대보마그네틱,A,B,실행,2,63.6,63.6,19,2023-03-22,3,True,0.0765306122448978,목표,6,0.2329931972789116
2023-03-06,080580,오킨스전자,A,B,주의,3,6.5,6.5,3,2023-03-09,3,True,-0.0504854368932038,손절,2,-0.0802248339294838
2023-03-10,048550,SM C&C,A,C,실행,3,-2.9,-2.9,1,2023-03-13,3,True,-0.092011637572735,손절,1,-0.2693266832917705
2023-03-10,000990,DB하이텍,A,A,실행,3,79.6,79.6,17,2023-04-04,4,True,0.0692803437164339,목표,7,0.2781954887218045
2023-03-10,001390,KG케미칼,A,C,실행,3,129.5,129.5,29,2023-04-20,4,True,0.0885416666666665,목표,4,0.2465277777777779
2023-03-13,048550,SM C&C,A,B,실행,3,6.6,6.6,1,2023-03-14,3,True,-0.0614958448753462,트레일,3,-0.1911357340720221
2023-03-13,034120,SBS,A,B,실행,3,9.9,9.9,6,2023-03-21,3,True,0.0693196405648266,목표,3,-0.1437740693196405
2023-03-14,034120,SBS,A,C,실행,3,18.7,18.7,5,2023-03-21,3,True,0.0707350901525658,목표,1,-0.0624133148404992
2023-03-14,012510,012510,A,B,실행,3,8.7,8.7,2,2023-03-16,3,True,-0.0614,손절,1,-0.0642857142857142
2023-03-15,012510,012510,A,A,실행,3,6.9,6.9,1,2023-03-16,3,True,-0.0594382022471909,트레일,4,-0.0884831460674157
2023-03-16,052020,에스티큐브,A,B,실행,3,54.8,54.8,21,2023-04-14,4,True,-0.0665217391304348,손절,5,0.3183946488294313
2023-03-24,248070,솔루엠,A,A,실행,3,39.3,52.0,107,2023-08-29,8,True,0.0714285714285714,목표,7,0.1405152224824355
2023-03-24,016790,현대사료,A,C,실행,3,90.4,90.4,5,2023-03-31,3,True,-0.0879544168907385,손절,1,0.2714285714285713
2023-04-13,092220,KEC,A,B,주의,4,1.2,1.2,37,2023-06-09,6,True,-0.0578512396694215,손절,7,-0.0971074380165288
2023-04-19,145020,휴젤,A,C,주의,4,4.1,30.1,119,2023-10-17,10,True,-0.068189730200174,손절,29,-0.1122715404699739
2023-04-20,235980,메드팩토,A,B,주의,4,3.6,3.6,4,2023-04-26,4,True,-0.0539748953974895,손절,3,-0.1882845188284518
2023-04-21,225570,넥슨게임즈,A,B,주의,4,39.0,39.0,42,2023-06-26,6,True,0.110865968008825,목표,7,0.3734142305570878
2023-04-24,323990,박셀바이오,A,B,주의,4,7.6,25.1,96,2023-09-12,9,True,-0.0691478937728938,손절,1,-0.210989010989011
2023-04-24,030960,양지사,A,C,주의,4,12.3,12.3,1,2023-04-25,4,True,-0.0115639810426539,트레일,2,-0.0639810426540284
2023-04-25,003380,하림지주,A,A,주의,4,6.8,6.8,3,2023-04-28,4,True,-0.0772933467741935,손절,2,-0.2116935483870967
2023-04-25,323990,박셀바이오,A,B,주의,4,3.6,33.7,95,2023-09-12,9,True,-0.0544653349001175,손절,3,-0.1468860164512339
2023-04-25,004360,세방,A,C,주의,4,-1.4,-1.4,3,2023-04-28,4,True,-0.05,손절,1,-0.408983451536643
2023-04-26,003380,하림지주,A,B,주의,4,12.4,12.4,2,2023-04-28,4,True,-0.050987482307148,손절,1,-0.1751592356687897
2023-04-26,011930,신성이엔지,A,C,주의,4,48.0,50.5,66,2023-08-02,8,True,0.0707317073170732,목표,14,0.0170731707317073
2023-04-27,322000,HD현대에너지솔루션,A,B,주의,4,1.2,1.2,1,2023-04-28,4,True,-0.05,손절,1,-0.1699346405228757
2023-04-28,003620,KG모빌리티,A,A,주의,4,6.5,6.5,1,2023-05-02,5,True,-0.0626917510853835,트레일,2,-0.4732272069464543
2023-05-10,033640,네패스,A,C,주의,5,32.9,32.9,48,2023-07-19,7,True,0.0730337078651686,목표,7,0.0898876404494382
2023-05-22,010580,에스엠벡셀,A,B,관찰만,5,16.7,16.7,33,2023-07-10,7,True,-0.0779411764705881,손절,6,-0.0588235294117647
2023-06-08,052020,에스티큐브,A,B,관찰만,6,4.0,4.0,1,2023-06-09,6,True,-0.084423305588585,트레일,5,-0.1950059453032104
2023-06-26,008730,율촌화학,A,C,관찰만,6,27.0,27.0,14,2023-07-14,7,True,0.0928338762214984,목표,13,0.0325732899022801
2023-07-06,036810,에프에스티,A,B,관찰만,7,58.8,58.8,11,2023-07-21,7,True,0.1353223228556206,목표,7,0.2093766648907831
2023-07-07,014680,한솔케미칼,A,B,관찰만,7,7.7,15.3,118,2024-01-02,1,True,0.0714285714285714,목표,4,-0.1738498789346246
2023-07-13,006220,제주은행,A,B,관찰만,7,0.9,4.0,69,2023-10-26,10,True,-0.0756973795435334,손절,2,-0.2671174978867286
2023-07-18,182400,엔케이젠바이오텍코리아,A,A,관찰만,7,18.4,24.1,112,2024-01-03,1,True,-0.0450513950073422,트레일,7,0.0800293685756239
2023-07-19,003920,남양유업,A,C,관찰만,7,14.6,53.2,113,2024-01-05,1,True,-0.0590261282660331,손절,5,0.0950118764845606
2023-07-26,091810,트리니티항공,A,B,관찰만,7,17.9,29.0,118,2024-01-19,1,True,0.0932539682539681,목표,11,-0.0952380952380952
2023-07-26,402030,코난테크놀로지,A,C,관찰만,7,72.4,72.4,9,2023-08-08,8,True,0.1396797153024911,목표,2,0.4234875444839858
2023-07-26,101670,하이드로리튬,A,C,관찰만,7,23.5,23.5,1,2023-07-27,7,True,0.1088235294117647,목표,1,-0.4470588235294117
2023-07-27,066970,엘앤에프,A,B,관찰만,7,10.3,10.3,3,2023-08-01,8,False,0.0815899581589958,목표,2,-0.2443514644351464
2023-07-27,101670,하이드로리튬,A,A,관찰만,7,22.4,22.4,3,2023-08-01,8,True,-0.1129629629629629,손절,2,-0.4619883040935673
2023-07-27,101360,에코앤드림,A,C,관찰만,7,9.2,10.5,114,2024-01-16,1,True,-0.0391836734693877,트레일,5,-0.1005830903790087
2023-08-04,068240,다원시스,A,C,관찰만,8,33.9,33.9,33,2023-09-21,9,True,0.0765414599574769,목표,7,0.148830616583983
2023-08-04,217820,원익피앤이,A,A,관찰만,8,82.3,82.3,7,2023-08-16,8,True,0.1802721088435375,목표,1,-0.2369614512471655
2023-08-07,225570,넥슨게임즈,A,A,관찰만,8,5.2,5.2,3,2023-08-10,8,True,-0.0702344632768362,손절,8,-0.1548022598870057
2023-08-07,048410,현대바이오,A,C,관찰만,8,78.0,78.0,53,2023-10-27,10,True,0.1025917926565873,목표,2,0.2159827213822893
2023-08-08,101670,하이드로리튬,A,B,관찰만,8,4.3,4.3,1,2023-08-09,8,True,-0.0710530451866405,손절,3,-0.4990176817288801
2023-08-09,217820,원익피앤이,A,B,관찰만,8,89.0,89.0,4,2023-08-16,8,True,0.072855464159812,목표,2,-0.1915393654524089
2023-08-16,073640,테라사이언스,A,B,주의,8,23.0,23.0,9,2023-08-29,8,True,-0.05,손절,1,-0.1327102803738318
2023-08-16,068760,셀트리온제약,A,C,주의,8,9.3,70.2,92,2024-01-03,1,True,-0.0794423158790975,손절,3,-0.2005108556832694
2023-08-16,088390,이녹스,A,B,주의,8,25.2,25.2,1,2023-08-17,8,True,0.0791304347826087,목표,1,-0.1530434782608696
2023-08-17,010690,화신,A,C,주의,8,6.1,12.6,85,2023-12-21,12,True,-0.0667080745341615,트레일,15,-0.1607142857142857
2023-08-17,145720,덴티움,A,A,주의,8,4.5,17.7,90,2024-01-02,1,True,-0.0501539708265802,손절,6,-0.2115072933549432
2023-08-18,217820,원익피앤이,A,A,주의,8,12.6,12.6,3,2023-08-23,8,True,-0.0092517006802721,트레일,4,-0.1904761904761904
2023-08-21,074610,이엔플러스,A,C,주의,8,39.2,39.2,9,2023-09-01,9,True,0.0755813953488371,목표,1,-0.2259136212624585
2023-08-21,217820,원익피앤이,A,B,주의,8,15.5,15.5,2,2023-08-23,8,True,0.0877906976744185,목표,1,-0.1999999999999999
2023-08-24,263750,펄어비스,A,B,관찰만,8,17.4,17.4,49,2023-11-08,11,True,0.0914567360350493,목표,11,0.0733844468784228
2023-08-31,007460,에이프로젠,A,B,관찰만,8,1.1,1.1,1,2023-09-01,9,True,-0.0598039215686274,손절,2,-0.5257997936016512
2023-09-08,361610,SK아이이테크놀로지,B,C,관찰만,9,6.4,6.4,60,2023-12-08,12,True,-0.0818428053204354,손절,10,-0.2176541717049577
2023-09-13,402030,코난테크놀로지,A,C,관찰만,9,27.7,27.7,6,2023-09-21,9,True,0.0950354609929078,목표,6,-0.0508911663139132
2023-09-14,323990,박셀바이오,A,C,관찰만,9,1.4,1.4,1,2023-09-15,9,True,-0.0697916666666667,손절,3,-0.4125
2023-09-15,095660,네오위즈,A,C,관찰만,9,2.3,2.3,1,2023-09-18,9,True,-0.0644137931034483,손절,1,-0.2413793103448276
2023-09-18,180640,한진칼,A,A,관찰만,9,75.5,105.9,96,2024-02-13,2,True,0.1183745583038868,목표,18,0.2461719670200235
2023-09-19,217270,넵튠,A,B,관찰만,9,1.0,1.0,2,2023-09-21,9,True,-0.0628645833333333,손절,3,-0.1875
2023-09-19,035420,NAVER,B,C,관찰만,9,3.2,7.3,77,2024-01-16,1,True,-0.0958009111617312,손절,6,-0.0683371298405467
2023-09-22,126340,비나텍,A,B,주의,9,2.5,3.1,80,2024-01-24,1,True,-0.0591698841698842,손절,2,-0.0974903474903474
2023-09-22,122870,와이지엔터테인먼트,A,A,주의,9,3.6,3.6,1,2023-09-25,9,True,-0.0789721385542169,손절,4,-0.1671686746987951
2023-09-25,151860,KG에코솔루션,A,C,주의,9,12.5,12.5,12,2023-10-18,10,True,-0.05,손절,4,-0.0640394088669951
2023-09-25,042660,한화오션,B,C,주의,9,2.6,2.6,1,2023-09-26,9,True,-0.0957600644122383,손절,9,-0.2479871175523349
2023-09-25,402030,코난테크놀로지,A,B,주의,9,20.2,20.2,7,2023-10-11,10,True,0.0755395683453237,목표,1,-0.0827620626012278
2023-10-05,009540,HD한국조선해양,B,C,주의,10,17.9,25.2,113,2024-03-21,3,True,-0.0915902912621359,손절,16,0.0805825242718447
2023-10-05,297090,씨에스베어링,A,C,주의,10,17.3,17.3,53,2023-12-20,12,True,0.0724346076458752,목표,3,-0.0472837022132797
2023-10-06,000150,두산,A,C,주의,10,8.5,102.3,118,2024-03-29,3,True,-0.0553916004540294,손절,5,0.0124858115777526
2023-10-16,950130,엑세스바이오,A,B,주의,10,23.1,23.1,36,2023-12-05,12,True,-0.0675354969574035,손절,3,0.0040567951318457
2023-10-16,310210,보로노이,A,B,주의,10,34.7,34.7,53,2024-01-02,1,True,-0.060376213592233,손절,2,-0.0485436893203883
2023-10-16,247540,에코프로비엠,B,A,주의,10,46.0,46.0,35,2023-12-04,12,True,-0.06232,손절,4,0.3154639175257732
2023-10-19,039200,오스코텍,A,C,실행,10,15.4,51.0,126,2024-04-23,4,True,-0.0226923076923076,트레일,3,-0.0120192307692307
2023-10-19,000100,유한양행,A,A,실행,10,16.6,35.8,111,2024-04-01,4,True,-0.053558631921824,손절,3,0.0456026058631922
2023-10-20,016380,KG스틸,A,C,주의,10,15.0,15.0,32,2023-12-05,12,True,-0.0523749999999999,손절,2,0.0462499999999999
2023-10-20,241560,두산밥캣,A,A,주의,10,15.3,28.3,107,2024-03-27,3,True,-0.0589184397163121,손절,6,0.0593505039193729
2023-10-23,001060,JW중외제약,A,A,주의,10,45.9,45.9,43,2023-12-21,12,True,-0.057378277153558,트레일,5,0.353932584269663
2023-10-26,137400,피엔티,A,C,실행,10,14.1,14.1,8,2023-11-07,11,True,-0.0537328094302553,손절,4,0.0039292730844793
2023-10-26,299030,하나기술,A,C,실행,10,13.2,13.2,7,2023-11-06,11,True,-0.0591724137931034,손절,3,-0.033103448275862
2023-10-26,121600,나노신소재,A,C,실행,10,24.5,37.5,80,2024-02-22,2,True,0.0718641114982578,목표,1,0.1001742160278744
2023-10-26,247540,에코프로비엠,A,B,실행,10,77.4,77.4,27,2023-12-04,12,True,-0.0557114228456914,손절,4,0.5330661322645291
2023-10-27,403550,쏘카,A,C,실행,10,14.3,39.4,100,2024-03-25,3,True,-0.0658529048207663,손절,1,-0.0618046971569838
2023-10-27,086520,에코프로,B,B,실행,10,46.1,46.1,7,2023-11-07,11,True,-0.0681889763779527,손절,3,0.0519685039370079
2023-10-27,054950,제이브이엠,A,B,실행,10,33.5,35.5,119,2024-04-22,4,True,0.1198347107438015,목표,3,0.084710743801653
2023-10-30,270520,앱튼,A,A,실행,10,13.5,31.5,92,2024-03-14,3,True,-0.0603906250000001,손절,1,-0.1984054438350601
2023-10-31,307950,현대오토에버,A,A,실행,10,66.2,66.2,40,2023-12-27,12,True,0.091923076923077,목표,3,0.6269230769230769
2023-11-01,114190,강원에너지,A,B,실행,11,26.9,30.2,93,2024-03-19,3,True,0.0735468564650059,목표,2,0.0616844602609727
2023-11-01,270520,앱튼,A,C,실행,11,34.1,55.4,90,2024-03-14,3,True,0.0909712722298221,목표,3,-0.1038296190888242
2023-11-08,383310,에코프로에이치엔,A,B,실행,11,23.7,50.5,88,2024-03-19,3,True,-0.0615326251896813,손절,2,0.0212443095599392
2023-11-08,005420,코스모화학,A,C,실행,11,14.8,14.8,30,2023-12-20,12,True,-0.0526027397260273,손절,2,0.036986301369863
2023-11-08,005490,POSCO홀딩스,B,C,실행,11,11.3,11.3,34,2023-12-27,12,True,0.0284775465498356,만기,40,0.0284775465498356
2023-11-08,079810,APS이노베이션,A,A,실행,11,1.4,1.4,1,2023-11-09,11,True,-0.0529816823488413,손절,2,-0.2524830109775222
2023-11-08,042600,새로닉스,A,C,실행,11,22.5,22.5,41,2024-01-09,1,True,-0.0584821428571428,손절,2,0.1732142857142857
2023-11-08,003670,포스코퓨처엠,A,B,실행,11,27.3,27.3,31,2023-12-21,12,True,-0.0715069444444446,손절,2,0.1016666666666665
2023-11-08,281740,레이크머티리얼즈,A,B,실행,11,68.2,179.3,82,2024-03-11,3,True,-0.05,손절,2,0.5915611814345991
2023-11-08,247540,에코프로비엠,B,C,실행,11,38.6,38.6,18,2023-12-04,12,True,-0.0705084148727984,손절,2,0.2348336594911937
2023-11-09,086520,에코프로,B,A,실행,11,8.2,8.2,4,2023-11-15,11,True,-0.0767303155006856,손절,6,-0.130315500685871
2023-11-09,247540,에코프로비엠,B,A,실행,11,42.5,42.5,17,2023-12-04,12,True,-0.0443255533199195,손절,1,0.2233400402414487
2023-11-10,263750,펄어비스,A,C,실행,11,-0.5,-0.5,1,2023-11-13,11,True,-0.0729047072330654,손절,1,-0.1435132032146957
2023-11-13,161890,한국콜마,A,B,실행,11,18.8,22.6,126,2024-05-21,5,True,0.09192348565356,목표,18,0.1583421891604675
2023-11-13,086520,에코프로,B,B,실행,11,14.7,14.7,2,2023-11-15,11,True,-0.0252180232558139,트레일,4,-0.0566860465116277
2023-11-17,086520,에코프로,B,B,실행,11,10.2,10.2,9,2023-11-30,11,True,-0.0557142857142857,손절,13,-0.1237113402061855
2023-11-21,003690,코리안리,A,B,실행,11,7.9,10.8,82,2024-03-22,3,True,-0.0558246977547496,손절,16,-0.0984455958549223
2023-11-23,086520,에코프로,B,A,실행,11,6.4,6.4,5,2023-11-30,11,True,-0.0425837837837836,손절,7,-0.2773826458036985
2023-12-05,101490,에스앤에스텍,A,B,주의,12,9.6,11.9,65,2024-03-13,3,True,0.0787089467723669,목표,6,-0.0498301245753114
2023-12-07,009540,HD한국조선해양,B,C,주의,12,13.1,27.4,126,2024-06-17,6,True,0.0995433789954338,만기,40,0.0995433789954338
2023-12-15,299900,위지윅스튜디오,A,A,관찰만,12,23.8,23.8,15,2024-01-10,1,True,0.1373779637377963,목표,3,-0.1687587168758717
2023-12-22,299900,위지윅스튜디오,A,B,관찰만,12,20.0,20.0,10,2024-01-10,1,True,-0.0602702702702703,손절,6,-0.2148648648648649
2023-12-26,194480,데브시스터즈,A,C,관찰만,12,17.5,63.0,121,2024-06-26,6,True,0.0779914529914529,목표,2,-0.1303418803418803
2023-12-26,259960,크래프톤,A,B,관찰만,12,46.2,65.0,119,2024-06-24,6,True,0.0711920529801324,목표,2,0.2003311258278146
2023-12-28,003120,일성아이에스,A,A,관찰만,12,8.5,8.5,23,2024-02-01,2,True,-0.055764554220595,손절,1,-0.0211416490486258
2024-01-03,097230,HJ중공업,A,A,관찰만,1,1.5,1.5,2,2024-01-05,1,True,-0.0576436781609195,손절,9,-0.1047254150702426
2024-01-03,001570,금양,B,C,관찰만,1,28.9,28.9,42,2024-03-06,3,True,-0.0856350961538462,손절,10,-0.0346153846153846
2024-01-04,009540,HD한국조선해양,B,C,관찰만,1,15.2,48.7,126,2024-07-10,7,True,0.0839285714285713,목표,22,-0.0160714285714286
2024-01-08,034120,SBS,A,B,관찰만,1,7.1,7.1,1,2024-01-09,1,True,-0.0530546623794212,손절,1,-0.2234726688102893
2024-01-09,034120,SBS,A,B,관찰만,1,2.6,2.6,49,2024-03-21,3,True,-0.0581196581196581,손절,1,-0.1743589743589744
2024-01-10,247540,에코프로비엠,B,C,관찰만,1,6.8,6.8,1,2024-01-11,1,True,-0.0920783645655877,트레일,8,-0.1652470187393526
2024-01-15,310210,보로노이,A,B,주의,1,10.4,90.5,122,2024-07-15,7,True,-0.0618480725623582,손절,4,-0.119047619047619
2024-01-22,247540,에코프로비엠,A,C,주의,1,20.4,20.4,44,2024-03-27,3,True,-0.0862903225806451,트레일,3,0.1129032258064515
2024-01-23,247540,에코프로비엠,A,B,주의,1,24.6,24.6,43,2024-03-27,3,True,-0.0617807933194154,손절,2,0.1565762004175366
2024-01-30,082740,한화엔진,A,C,주의,1,65.8,104.8,118,2024-07-24,7,True,0.0698090692124104,목표,19,0.1718377088305489
2024-01-30,297890,HB솔루션,A,B,주의,1,45.4,122.2,100,2024-06-28,6,True,-0.0530158730158729,손절,1,0.1216931216931216
2024-01-30,307950,현대오토에버,A,A,주의,1,16.6,22.2,109,2024-07-11,7,True,-0.04252688172043,트레일,31,-0.032258064516129
2024-01-30,299900,위지윅스튜디오,A,C,주의,1,5.9,5.9,28,2024-03-13,3,True,-0.0514797507788161,손절,1,-0.2258566978193146
2024-01-31,297890,HB솔루션,A,C,주의,1,81.2,144.2,99,2024-06-28,6,True,-0.0647441860465116,트레일,6,0.1999999999999999
2024-02-01,900140,엘브이엠씨홀딩스,A,A,관찰만,2,35.7,35.7,40,2024-04-02,4,True,-0.0577023932506888,손절,1,0.3037190082644627
2024-02-01,192650,드림텍,A,A,관찰만,2,11.1,11.1,8,2024-02-15,2,True,0.069043321299639,목표,3,-0.0541516245487364
2024-02-02,289220,자이언트스텝,A,C,주의,2,4.8,4.8,1,2024-02-05,2,True,-0.0507352941176471,손절,2,-0.2306501547987616
2024-02-05,084370,유진테크,A,C,주의,2,80.1,84.0,74,2024-05-28,5,True,0.1065950920245399,목표,6,0.4263803680981595
2024-02-06,314930,바이오다인,A,A,주의,2,58.5,75.0,107,2024-07-16,7,True,0.0689066059225513,목표,3,-0.1338097705475769
2024-02-06,099190,아이센스,A,B,주의,2,9.4,9.4,9,2024-02-21,2,True,-0.0521889400921659,손절,1,-0.0668202764976958
2024-02-06,328130,루닛,A,C,주의,2,25.9,25.9,8,2024-02-20,2,True,0.0767857142857144,목표,6,0.0142857142857142
2024-02-07,136480,하림,A,A,주의,2,3.5,20.3,86,2024-06-18,6,True,-0.0414673046251993,만기,40,-0.0414673046251993
2024-02-08,136480,하림,A,A,주의,2,3.3,20.1,85,2024-06-18,6,True,-0.0509643710191083,손절,16,-0.0493630573248408
2024-02-21,006220,제주은행,A,B,관찰만,2,28.6,28.6,40,2024-04-19,4,True,-0.0597241248097413,손절,2,0.1347031963470319
2024-02-28,087010,펩트론,A,B,관찰만,2,69.9,278.1,98,2024-07-23,7,True,0.1354838709677419,목표,5,0.2129032258064516
2024-03-05,326030,SK바이오팜,B,C,관찰만,3,8.5,31.3,121,2024-08-29,8,True,-0.078076923076923,트레일,28,-0.0296703296703296
2024-03-15,101730,위메이드맥스,A,B,관찰만,3,18.3,18.3,1,2024-03-18,3,True,0.0712050078247261,목표,1,-0.1932707355242566
2024-03-15,006220,제주은행,A,B,관찰만,3,36.3,36.3,24,2024-04-19,4,True,0.0830645161290322,목표,2,0.0467741935483871
2024-03-19,001470,삼부토건,A,C,관찰만,3,1.9,1.9,1,2024-03-20,3,True,-0.0561290322580645,손절,3,-0.3126881720430108
2024-03-27,235980,메드팩토,A,A,관찰만,3,3.1,3.1,1,2024-03-28,3,True,-0.0568840579710144,손절,1,-0.3355072463768116
2024-03-28,009540,HD한국조선해양,B,C,관찰만,3,34.4,77.2,85,2024-08-01,8,True,0.0732113144758734,목표,18,0.1173044925124791
2024-03-28,235980,메드팩토,A,A,관찰만,3,4.5,4.5,1,2024-03-29,3,True,-0.0768431073876618,손절,3,-0.2894135567402894
2024-03-29,008730,율촌화학,A,B,관찰만,3,20.8,20.8,49,2024-06-13,6,True,-0.0607496463932107,손절,6,-0.0410183875530409
2024-04-01,008930,한미사이언스,A,A,관찰만,4,8.3,8.3,2,2024-04-03,4,True,-0.0467651006711409,트레일,6,-0.1530201342281879
2024-04-03,000100,유한양행,B,C,관찰만,4,26.2,126.5,125,2024-10-11,10,True,0.0827586206896551,만기,40,0.0827586206896551
2024-04-03,019170,신풍제약,A,B,관찰만,4,7.4,38.6,92,2024-08-19,8,True,-0.062,손절,3,-0.1087719298245614
2024-04-03,237690,에스티팜,A,C,관찰만,4,43.2,53.5,100,2024-08-29,8,True,0.0724269377382464,목표,7,0.2236340533672172
2024-04-03,001570,금양,B,C,관찰만,4,4.1,4.1,1,2024-04-04,4,True,-0.0868094405594405,손절,6,-0.2832167832167832
2024-04-03,007390,네이처셀,A,A,관찰만,4,55.0,62.7,77,2024-07-26,7,True,0.0727272727272727,목표,2,0.366060606060606
2024-04-03,360070,탑머티리얼,A,B,관찰만,4,6.6,6.6,6,2024-04-12,4,True,-0.0699838187702265,손절,3,-0.1634304207119741
2024-04-15,112040,위메이드,A,A,관찰만,4,11.2,11.2,6,2024-04-23,4,True,-0.0527642906336088,손절,3,-0.1735537190082644
2024-04-15,032500,케이엠더블유,A,B,관찰만,4,19.1,19.1,24,2024-05-22,5,True,0.0713276836158192,목표,9,0.0480225988700564
2024-04-16,336370,솔루스첨단소재,A,C,주의,4,35.1,35.1,50,2024-07-01,7,True,0.0721264367816092,목표,2,-0.0568965517241378
2024-04-22,095340,ISC,A,B,관찰만,4,2.5,2.5,10,2024-05-08,5,True,-0.0675709001233045,손절,6,-0.1985203452527744
2024-04-22,064290,인텍플러스,A,B,관찰만,4,6.5,6.5,4,2024-04-26,4,True,-0.0626086956521738,트레일,12,-0.274247491638796
2024-04-22,059090,미코,A,A,관찰만,4,95.3,95.3,38,2024-06-19,6,True,0.0698131760078661,목표,5,0.8652900688298919
2024-04-23,287410,287410,A,B,관찰만,4,28.5,36.4,78,2024-08-16,8,False,-0.0556521739130435,트레일,2,0.2707509881422925
2024-05-02,101360,에코앤드림,A,B,주의,5,71.3,71.3,34,2024-06-24,6,True,0.1497214484679665,목표,12,0.4874651810584958
2024-05-07,161390,한국타이어앤테크놀로지,A,A,주의,5,9.6,9.6,29,2024-06-19,6,True,0.0,만기,40,0.0
2024-05-08,161390,한국타이어앤테크놀로지,A,A,주의,5,8.9,8.9,28,2024-06-19,6,True,-0.0124858115777525,만기,40,-0.0124858115777525
2024-05-10,094360,칩스앤미디어,A,C,주의,5,37.4,37.4,12,2024-05-29,5,True,0.0868785238339313,목표,3,0.1840082009226038
2024-05-20,028300,HLB,A,C,주의,5,108.7,108.7,34,2024-07-08,7,True,0.074723404255319,트레일,4,0.7553191489361701
2024-05-24,180640,한진칼,A,C,관찰만,5,30.6,63.3,96,2024-10-17,10,True,0.0800344234079173,목표,5,0.189328743545611
2024-05-29,004800,효성,A,C,관찰만,5,1.5,1.5,10,2024-06-13,6,True,-0.0515912897822445,손절,13,-0.1817420435510888
2024-05-31,028300,HLB,B,A,관찰만,5,60.3,60.3,25,2024-07-08,7,True,-0.0532990196078431,손절,1,0.261437908496732
2024-06-04,094360,칩스앤미디어,A,B,관찰만,6,6.5,6.5,22,2024-07-05,7,True,-0.0623913043478261,손절,9,-0.2321739130434782
2024-06-14,310210,보로노이,A,C,관찰만,6,111.3,196.6,99,2024-11-11,11,True,-0.0645465253239104,손절,1,0.795053003533569
2024-06-18,114190,강원에너지,A,A,관찰만,6,2.6,2.6,1,2024-06-19,6,True,-0.0863636363636363,손절,6,-0.3615098351940456
2024-06-21,294090,이오플로우,A,C,관찰만,6,7.6,7.6,18,2024-07-17,7,True,-0.0716833095577745,손절,1,-0.0342368045649073
2024-06-27,028300,HLB,B,C,관찰만,6,53.5,53.5,7,2024-07-08,7,True,0.3049295774647886,트레일,11,0.3427230046948357
2024-07-01,000400,롯데손해보험,A,C,관찰만,7,10.4,10.4,23,2024-08-01,8,True,-0.0402957486136783,트레일,18,0.0018484288354898
2024-07-03,090430,아모레퍼시픽,B,C,관찰만,7,23.8,23.8,20,2024-07-31,7,True,0.0525412541254124,트레일,23,-0.1841584158415842
2024-07-03,131290,티에스이,A,A,관찰만,7,12.7,12.7,2,2024-07-05,7,True,0.0690978886756237,목표,1,-0.0499040307101728
2024-07-03,083650,비에이치아이,A,B,관찰만,7,27.8,141.7,95,2024-11-22,11,True,0.0940533980582525,목표,3,-0.0388349514563106
2024-07-04,090430,아모레퍼시픽,B,C,관찰만,7,26.2,26.2,19,2024-07-31,7,True,0.0723604572965703,트레일,22,-0.1634162743779421
2024-07-04,035760,CJ ENM,A,B,관찰만,7,15.6,15.6,26,2024-08-09,8,True,0.1013024602026049,목표,4,0.0506512301013024
2024-07-16,101360,에코앤드림,A,C,관찰만,7,17.4,17.4,52,2024-10-04,10,True,-0.0967141119221411,손절,6,-0.1824817518248175
2024-07-19,294090,이오플로우,A,C,관찰만,7,15.2,15.2,20,2024-08-19,8,True,-0.0615853658536585,손절,4,-0.4227642276422764
2024-07-23,027360,아주IB투자,A,B,관찰만,7,2.7,35.2,77,2024-11-18,11,True,-0.05,손절,2,-0.2203522504892368
2024-07-25,138580,138580,A,B,주의,7,24.7,24.7,36,2024-09-19,9,False,0.0706563706563707,목표,3,0.2239382239382239
2024-07-25,389020,자람테크놀로지,A,C,주의,7,9.1,22.3,101,2024-12-24,12,True,-0.0541214750542299,손절,1,-0.2386117136659435
2024-07-26,290690,아리바이오홀딩스,A,B,주의,7,32.4,32.4,11,2024-08-16,8,True,0.0727699530516432,목표,1,-0.2103286384976526
2024-07-26,039030,이오테크닉스,A,B,주의,7,8.6,8.6,49,2024-10-14,10,True,-0.0522196261682242,손절,2,-0.0636682242990653
2024-07-26,011070,LG이노텍,B,C,주의,7,8.7,8.7,25,2024-09-02,9,True,-0.0950723938223938,손절,6,-0.1138996138996139
2024-07-31,067160,SOOP,A,B,관찰만,7,10.3,31.3,122,2025-02-06,2,True,-0.0562415458937197,손절,1,-0.0425120772946859
2024-08-01,067160,SOOP,A,B,관찰만,8,15.7,37.7,121,2025-02-06,2,True,-0.0750253292806484,손절,2,0.0172239108409322
2024-08-02,068760,셀트리온제약,A,C,실행,8,1.0,1.0,3,2024-08-07,8,True,-0.0556682577565632,손절,1,-0.1718377088305489
2024-08-02,049770,049770,A,C,실행,8,-0.1,-0.1,1,2024-08-05,8,True,-0.0803274215552524,손절,1,-0.1200545702592087
2024-08-05,192820,코스맥스,A,A,실행,8,24.7,33.9,111,2025-01-21,1,True,-0.0400615858352578,트레일,2,0.0677444187836797
2024-08-05,267270,HD건설기계,A,C,실행,8,23.0,77.0,124,2025-02-13,2,True,0.0783365570599612,목표,2,0.0367504835589942
2024-08-05,108670,LX하우시스,A,C,실행,8,7.8,7.8,14,2024-08-26,8,True,-0.0513011152416357,트레일,24,0.0594795539033456
2024-08-05,042660,한화오션,A,B,실행,8,46.0,200.2,126,2025-02-17,2,True,0.1048237476808906,목표,2,0.1447124304267162
2024-08-05,069620,대웅제약,A,A,실행,8,46.8,46.8,44,2024-10-15,10,True,0.078125,목표,2,0.2785714285714284
2024-08-05,171090,선익시스템,A,B,실행,8,73.2,73.2,31,2024-09-23,9,True,0.1553755522827686,목표,2,0.5110456553755522
2024-08-05,263750,펄어비스,A,B,실행,8,22.3,22.3,8,2024-08-16,8,True,0.0701986754966887,목표,1,0.0317880794701985
2024-08-05,004490,세방전지,A,B,실행,8,42.0,42.0,13,2024-08-23,8,True,0.0939119170984454,목표,2,0.0103626943005181
2024-08-05,253590,네오셈,A,A,실행,8,32.5,37.7,126,2025-02-17,2,True,0.0025779625779625,트레일,15,0.1777546777546776
2024-08-05,178320,서진시스템,A,A,실행,8,36.3,39.6,64,2024-11-12,11,True,0.0978021978021979,목표,3,0.3186813186813186
2024-08-05,034020,두산에너빌리티,A,C,실행,8,39.7,81.0,126,2025-02-17,2,True,0.0898486759142496,목표,1,0.1582597730138712
2024-08-05,001120,LX인터내셔널,A,C,실행,8,22.7,22.7,15,2024-08-27,8,True,0.0799256505576209,목표,4,0.0855018587360594
2024-08-05,006260,LS,A,C,실행,8,30.9,30.9,35,2024-09-27,9,True,0.1013039117352057,목표,5,0.242728184553661
2024-08-05,194480,데브시스터즈,A,C,실행,8,12.7,12.7,5,2024-08-12,8,True,0.0899532710280373,목표,1,-0.0876168224299065
2024-08-05,000500,가온전선,A,A,실행,8,34.6,114.8,113,2025-01-23,1,True,0.1728395061728396,목표,1,0.1790123456790122
2024-08-05,009450,경동나비엔,A,A,실행,8,82.0,108.3,111,2025-01-21,1,True,0.0735009671179884,목표,1,0.3713733075435204
2024-08-05,166480,코아스템켐온,A,A,실행,8,66.4,66.4,49,2024-10-22,10,True,0.0772921108742004,목표,2,0.4925373134328359
2024-08-05,319660,피에스케이,A,A,실행,8,23.6,23.6,8,2024-08-16,8,True,0.111003861003861,목표,4,-0.1119691119691119
2024-08-05,052690,한전기술,A,C,실행,8,16.1,19.9,125,2025-02-14,2,True,0.0963665086887834,목표,3,0.0458135860979462
2024-08-05,049770,049770,A,A,실행,8,5.6,5.6,4,2024-08-09,8,True,-0.0592477876106194,손절,23,-0.0501474926253687
2024-08-05,000150,두산,A,A,실행,8,90.5,170.5,125,2025-02-14,2,True,0.1533957845433256,목표,5,0.3302107728337236
2024-08-05,161580,필옵틱스,A,C,실행,8,73.6,259.2,126,2025-02-17,2,True,0.1453775582215948,목표,4,0.4537755822159492
2024-08-05,183300,코미코,A,C,실행,8,24.7,24.7,7,2024-08-14,8,True,0.1030844155844155,목표,6,-0.0584415584415584
2024-08-05,256840,한국비엔씨,A,A,실행,8,37.2,37.2,11,2024-08-21,8,True,0.126937984496124,목표,2,0.0988372093023255
2024-08-05,084370,유진테크,A,C,실행,8,34.8,34.8,8,2024-08-16,8,True,0.106958762886598,목표,4,-0.0167525773195876
2024-08-05,335890,335890,A,C,실행,8,30.0,30.0,5,2024-08-12,8,True,0.131350681536555,목표,1,0.057001239157373
2024-08-05,084110,휴온스글로벌,A,C,실행,8,107.7,128.3,92,2024-12-20,12,True,0.0807962529274004,목표,2,0.5222482435597189
2024-08-05,114810,한솔아이원스,A,C,실행,8,14.0,14.0,8,2024-08-16,8,True,0.096234309623431,목표,7,-0.1631799163179916
2024-08-05,000660,SK하이닉스,A,A,실행,8,32.0,45.4,112,2025-01-22,1,True,0.1191543882126842,목표,5,0.1402946828955797
2024-08-05,137400,피엔티,A,B,실행,8,30.3,30.3,41,2024-10-10,10,True,0.0802845528455284,목표,1,0.2560975609756097
2024-08-05,950140,잉글우드랩,A,A,실행,8,15.1,15.1,5,2024-08-12,8,True,0.1270053475935828,목표,5,-0.1524064171122995
2024-08-05,388720,유일로보틱스,A,C,실행,8,72.2,123.5,122,2025-02-11,2,True,0.0769230769230768,목표,4,0.6452991452991452
2024-08-05,298040,효성중공업,A,A,실행,8,98.4,117.9,119,2025-02-06,2,True,0.1309523809523809,목표,2,0.4424603174603174
2024-08-05,237690,에스티팜,A,C,실행,8,62.8,62.8,17,2024-08-29,8,True,0.0956873315363882,목표,1,0.4487870619946092
2024-08-05,000400,롯데손해보험,A,B,실행,8,12.7,12.7,5,2024-08-12,8,True,0.0712890625,목표,2,-0.126953125
2024-08-05,007460,에이프로젠,A,A,실행,8,33.9,33.9,12,2024-08-22,8,True,0.0865671641791043,목표,2,-0.1380597014925374
2024-08-05,018310,삼목에스폼,A,C,실행,8,68.8,68.8,39,2024-10-07,10,True,0.1107871720116617,목표,2,0.4985422740524781
2024-08-05,078150,HB테크놀러지,A,C,실행,8,12.8,15.8,122,2025-02-11,2,True,-0.0077298311444652,트레일,12,-0.0300187617260787
2024-08-05,103140,풍산,A,A,실행,8,49.8,49.8,49,2024-10-22,10,True,0.0890688259109311,목표,5,0.3400809716599191
2024-08-05,007660,이수페타시스,A,C,실행,8,39.8,39.8,51,2024-10-24,10,True,0.1631578947368421,목표,4,0.1112781954887218
2024-08-05,041190,우리기술투자,A,C,실행,8,62.4,90.0,64,2024-11-12,11,True,0.1351766513056835,목표,2,0.0829493087557604
2024-08-05,031330,에스에이엠티,A,A,실행,8,17.3,17.3,7,2024-08-14,8,True,0.0684039087947883,목표,2,0.0602605863192182
2024-08-05,036830,솔브레인홀딩스,A,C,실행,8,36.6,36.6,39,2024-10-07,10,True,0.1133032694475761,목표,1,0.3370913190529876
2024-08-05,031980,피에스케이홀딩스,A,A,실행,8,37.1,50.6,112,2025-01-22,1,True,0.1401468788249693,목표,5,0.1664626682986536
2024-08-05,017810,풀무원,A,A,실행,8,11.5,15.3,126,2025-02-17,2,True,0.082214765100671,목표,4,-0.1216442953020133
2024-08-05,011070,LG이노텍,A,C,실행,8,29.4,29.4,19,2024-09-02,9,True,0.089655172413793,목표,2,-0.0620689655172413
2024-08-05,017960,한국카본,A,C,실행,8,24.8,39.6,112,2025-01-22,1,True,0.0850467289719625,목표,2,0.0224299065420561
2024-08-05,138040,메리츠금융지주,B,C,실행,8,43.9,60.4,126,2025-02-17,2,True,0.1637583892617449,목표,8,0.3288590604026846
2024-08-05,036810,에프에스티,A,C,실행,8,31.4,31.4,4,2024-08-09,8,True,0.1663157894736842,목표,2,-0.1178947368421052
2024-08-05,001440,대한전선,A,C,실행,8,19.0,24.7,108,2025-01-16,1,True,0.1044905008635579,목표,1,0.0785837651122625
2024-08-05,003090,대웅,A,B,실행,8,48.4,48.4,47,2024-10-18,10,True,0.0755015839493136,목표,1,0.2882787750791975
2024-08-05,348370,엔켐,A,A,실행,8,42.8,42.8,9,2024-08-19,8,True,-0.0440894568690095,트레일,3,0.3035143769968051
2024-08-05,281820,케이씨텍,A,A,실행,8,24.3,24.3,10,2024-08-20,8,True,0.1214177978883861,목표,2,0.0512820512820513
2024-08-05,042700,한미반도체,A,B,실행,8,26.5,26.5,10,2024-08-20,8,True,0.1203703703703704,목표,5,0.0467836257309941
2024-08-05,014830,유니드,A,A,실행,8,11.8,11.8,11,2024-08-21,8,True,0.0713375796178343,목표,6,0.0038216560509554
2024-08-05,000210,DL,A,B,실행,8,4.5,4.5,1,2024-08-06,8,True,-0.0802103049421661,트레일,2,-0.0757097791798107
2024-08-05,334970,프레스티지바이오로직스,A,A,실행,8,69.5,69.5,53,2024-10-28,10,True,0.0735930735930736,목표,2,0.2922077922077921
2024-08-05,314930,바이오다인,A,A,실행,8,92.5,92.5,42,2024-10-11,10,True,0.1348448687350836,목표,2,0.7501988862370723
2024-08-05,014820,동원시스템즈,A,A,실행,8,42.6,42.6,42,2024-10-11,10,True,0.1263157894736841,목표,7,0.331578947368421
2024-08-05,038500,삼표시멘트,A,C,실행,8,16.0,18.8,106,2025-01-14,1,True,0.1044142614601018,목표,4,0.028862478777589
2024-08-05,071050,한국금융지주,A,B,실행,8,25.4,27.9,126,2025-02-17,2,True,0.0729984301412873,목표,2,0.1271585557299843
2024-08-05,001200,유진투자증권,A,C,실행,8,30.4,30.4,10,2024-08-20,8,True,0.128188775510204,목표,2,0.0739795918367347
2024-08-05,237880,클리오,A,A,실행,8,9.4,9.4,4,2024-08-09,8,True,0.0696000000000001,목표,1,-0.1104
2024-08-05,099320,쎄트렉아이,A,A,실행,8,45.6,51.9,125,2025-02-14,2,True,0.0925414364640884,목표,4,0.031767955801105
2024-08-05,003530,한화투자증권,A,C,실행,8,46.6,56.9,64,2024-11-12,11,True,0.1174496644295302,목표,1,0.1057046979865772
2024-08-05,009150,삼성전기,A,C,실행,8,7.6,8.4,126,2025-02-17,2,True,-0.0531403762662807,트레일,23,-0.0607814761215629
2024-08-05,145990,삼양사,A,C,실행,8,29.5,29.5,7,2024-08-14,8,True,0.0735805330243337,목표,4,0.1575898030127462
2024-08-05,009420,한올바이오파마,A,C,실행,8,69.4,69.4,49,2024-10-22,10,True,0.0716612377850163,목표,2,0.2638436482084689
2024-08-05,005935,삼성전자우,A,C,실행,8,15.3,15.3,8,2024-08-16,8,True,0.0775401069518717,목표,2,-0.1105169340463457
2024-08-05,011790,SKC,A,A,실행,8,50.2,58.6,110,2025-01-20,1,True,0.1117440841367221,목표,7,0.347940403155127
2024-08-06,009240,한샘,A,B,실행,8,12.9,12.9,14,2024-08-27,8,True,0.0692883895131086,목표,13,-0.0355805243445692
2024-08-06,084370,유진테크,A,C,실행,8,35.1,35.1,7,2024-08-16,8,True,0.0749354005167959,목표,1,-0.0387596899224805
2024-08-06,042700,한미반도체,B,A,실행,8,20.6,20.6,9,2024-08-20,8,True,-0.0487509293680298,손절,1,0.0288104089219329
2024-08-06,138040,메리츠금융지주,B,C,실행,8,41.4,59.8,126,2025-02-18,2,True,0.1437994722955144,목표,7,0.3192612137203166
2024-08-08,090435,아모레퍼시픽우,A,C,실행,8,15.2,15.2,32,2024-09-27,9,True,0.1492329149232913,목표,32,-0.0181311018131101
2024-08-16,003280,흥아해운,A,B,실행,8,6.7,6.7,29,2024-10-02,10,True,-0.052,손절,2,-0.1536842105263157
2024-08-16,032830,삼성생명,B,C,실행,8,25.0,25.0,60,2024-11-18,11,True,0.1216216216216217,목표,12,0.1463963963963963
2024-08-19,005180,빙그레,A,B,실행,8,6.1,42.8,125,2025-02-27,2,True,-0.0689165446559296,손절,8,-0.0775988286969253
2024-08-19,026890,스틱인베스트먼트,A,C,실행,8,13.0,13.0,39,2024-10-21,10,True,-0.0613333333333333,트레일,15,-0.0261904761904762
2024-08-20,290690,아리바이오홀딩스,A,C,실행,8,3.8,3.8,2,2024-08-22,8,True,-0.0536018957345971,손절,4,-0.114691943127962
2024-08-26,249420,일동제약,A,A,실행,8,3.0,3.0,2,2024-08-28,8,True,-0.0729981378026071,손절,4,-0.1533209186840471
2024-08-27,263750,펄어비스,A,C,실행,8,14.8,14.8,56,2024-11-21,11,True,-0.0567090395480226,손절,6,0.0946327683615819
2024-09-04,090460,비에이치,A,B,실행,9,5.2,5.2,1,2024-09-05,9,True,-0.0598762376237623,손절,3,-0.2049504950495049
2024-09-04,011070,LG이노텍,A,B,실행,9,3.3,3.3,1,2024-09-05,9,True,-0.0695953856749311,손절,4,-0.2805785123966942
2024-09-05,348370,엔켐,A,B,주의,9,21.9,21.9,20,2024-10-11,10,True,-0.05,손절,1,-0.1577777777777778
2024-09-05,033100,제룡전기,A,B,주의,9,36.7,36.7,40,2024-11-08,11,True,0.0804046858359956,목표,3,0.288604898828541
2024-09-05,042660,한화오션,B,C,주의,9,27.9,171.7,114,2025-03-04,3,True,-0.0940623052959501,손절,4,0.1277258566978192
2024-09-05,031980,피에스케이홀딩스,A,B,주의,9,34.6,51.9,90,2025-01-22,1,True,-0.0754701646090536,손절,2,0.0271604938271605
2024-09-05,199800,툴젠,A,A,주의,9,8.6,8.6,13,2024-09-27,9,True,-0.0538444010416666,손절,1,-0.0740131578947368
2024-09-06,348370,엔켐,A,B,실행,9,32.6,32.6,19,2024-10-11,10,True,0.0854984894259818,목표,4,-0.0797583081570997
2024-09-06,199800,툴젠,A,C,실행,9,21.3,21.3,12,2024-09-27,9,True,-0.0536764705882353,트레일,12,0.0
2024-09-09,457190,이수스페셜티케미컬,A,C,실행,9,29.1,50.5,111,2025-02-28,2,True,0.1103603603603604,목표,5,-0.036036036036036
2024-09-24,007460,에이프로젠,A,A,주의,9,9.3,9.3,10,2024-10-11,10,True,-0.0655737704918034,손절,1,-0.0606557377049181
2024-09-30,267250,HD현대,B,C,실행,9,13.6,15.3,83,2025-02-06,2,True,0.0287581699346404,만기,40,0.0287581699346404
2024-10-02,402340,SK스퀘어,B,C,실행,10,24.3,36.3,91,2025-02-19,2,True,0.0565217391304346,트레일,20,-0.0601023017902813
2024-10-10,028300,HLB,B,A,실행,10,-0.4,19.6,93,2025-02-27,2,True,-0.0580539215686274,손절,1,-0.1041666666666666
2024-10-14,047920,HLB제약,A,B,실행,10,28.5,61.8,91,2025-02-27,2,True,-0.0763503649635036,손절,9,0.0048661800486617
2024-10-14,115450,HLB테라퓨틱스,A,B,실행,10,83.6,83.6,57,2025-01-06,1,True,0.0686777920410783,목표,1,0.2875481386392811
2024-10-14,028300,HLB,A,C,실행,10,20.7,43.5,91,2025-02-27,2,True,-0.0639705882352941,손절,9,0.0602941176470588
2024-10-16,078600,대주전자재료,A,B,실행,10,5.8,16.4,86,2025-02-24,2,True,-0.0597862001943634,손절,15,-0.1895043731778425
2024-10-21,042700,한미반도체,A,B,실행,10,17.5,25.1,64,2025-01-22,1,True,-0.0699827586206897,손절,6,-0.174384236453202
2024-10-24,039200,오스코텍,A,B,실행,10,-0.8,7.3,114,2025-04-14,4,True,-0.0701743264659271,손절,1,-0.2282091917591124
2024-10-25,039200,오스코텍,A,B,실행,10,4.2,17.9,113,2025-04-14,4,True,-0.0582752613240418,손절,8,-0.1689895470383275
2024-10-31,007660,이수페타시스,A,B,주의,10,13.7,22.8,68,2025-02-13,2,True,-0.0721840659340659,손절,2,-0.2335164835164834
2024-11-01,402340,SK스퀘어,B,C,실행,11,21.1,27.1,71,2025-02-19,2,True,-0.0213349225268176,트레일,9,-0.0548271752085816
2024-11-01,008930,한미사이언스,A,A,실행,11,11.6,11.6,1,2024-11-04,11,True,-0.0180413793103447,트레일,7,-0.1875862068965517
2024-11-01,007660,이수페타시스,A,C,실행,11,18.3,27.7,67,2025-02-13,2,True,-0.0595,손절,2,-0.2185714285714285
2024-11-05,031980,피에스케이홀딩스,A,A,주의,11,45.7,45.7,53,2025-01-22,1,True,-0.0521573854660348,손절,4,0.028436018957346
2024-11-06,031980,피에스케이홀딩스,A,B,주의,11,43.5,43.5,52,2025-01-22,1,True,-0.0665353947880202,손절,3,0.0921820303383897
2024-11-06,007160,사조산업,A,C,주의,11,-0.7,-0.7,1,2024-11-07,11,True,-0.0607954545454545,손절,1,-0.2045454545454545
2024-11-07,001340,PKC,A,B,주의,11,5.1,5.1,3,2024-11-12,11,True,-0.0563474387527839,손절,4,-0.1158129175946548
2024-11-07,078600,대주전자재료,A,C,주의,11,20.5,30.8,70,2025-02-24,2,True,-0.0769650655021834,손절,5,-0.1135371179039301
2024-11-07,101360,에코앤드림,A,C,주의,11,4.6,4.6,1,2024-11-08,11,True,-0.0633239831697054,손절,2,-0.3127629733520336
2024-11-12,241710,코스메카코리아,A,B,실행,11,2.5,2.5,2,2024-11-14,11,True,-0.0639705882352941,손절,2,-0.173202614379085
2024-11-12,192820,코스맥스,A,C,실행,11,34.5,67.4,120,2025-05-14,5,True,-0.052938901778809,손절,2,0.139984532095901
2024-11-12,033100,제룡전기,A,B,실행,11,39.0,39.0,49,2025-01-23,1,True,-0.05,손절,2,0.0573593073593072
2024-11-13,010120,LS ELECTRIC,A,C,실행,11,114.8,114.8,63,2025-02-19,2,True,-0.0720452937013447,트레일,6,0.2710544939844304
2024-11-13,094480,갤럭시아머니트리,A,C,실행,11,13.9,14.3,101,2025-04-15,4,True,-0.0888194444444444,손절,2,-0.0865497076023391
2024-11-13,358570,지아이이노베이션,A,C,실행,11,40.0,63.9,121,2025-05-16,5,True,-0.05,손절,2,-0.1863517060367454
2024-11-13,259960,크래프톤,B,C,실행,11,32.7,33.7,114,2025-05-07,5,True,0.1343537414965987,만기,40,0.1343537414965987
2024-11-13,033100,제룡전기,A,C,실행,11,43.5,43.5,48,2025-01-23,1,True,-0.0595530726256983,손절,12,0.1396648044692736
2024-11-13,229640,LS에코에너지,A,B,실행,11,120.2,120.2,45,2025-01-20,1,True,0.1051502145922747,목표,15,0.553648068669528
2024-11-13,000250,삼천당제약,A,B,실행,11,82.1,82.1,54,2025-02-06,2,True,-0.0545586975149957,손절,1,0.3941730934018852
2024-11-14,000250,삼천당제약,A,B,실행,11,96.0,96.0,53,2025-02-06,2,True,-0.0363837638376384,트레일,8,0.5083025830258303
2024-11-14,317330,덕산테코피아,A,C,실행,11,26.4,26.4,63,2025-02-20,2,True,-0.0515127388535031,손절,1,0.0907643312101911
2024-11-14,094480,갤럭시아머니트리,A,B,실행,11,20.4,20.8,100,2025-04-15,4,True,0.0704573547589617,목표,3,-0.0259579728059332
2024-11-15,257720,실리콘투,A,C,실행,11,27.8,61.9,115,2025-05-12,5,True,-0.0923351158645275,손절,5,0.1051693404634581
2024-11-19,089030,테크윙,A,B,실행,11,56.2,56.2,41,2025-01-20,1,True,0.078125,목표,1,0.4360119047619046
2024-11-22,328130,루닛,A,A,실행,11,56.0,56.0,17,2024-12-17,12,True,0.0863636363636364,목표,1,0.2018181818181819
2024-11-28,402340,SK스퀘어,A,B,실행,11,44.1,88.4,126,2025-06-11,6,True,0.0716216216216216,목표,5,0.1837837837837836
2024-12-05,064350,현대로템,B,C,실행,12,119.2,326.8,126,2025-06-18,6,True,-0.0791087866108787,손절,3,0.6464435146443515
2024-12-05,027360,아주IB투자,A,C,실행,12,3.3,3.3,7,2024-12-16,12,True,-0.085123611111111,손절,1,-0.1555555555555555
2024-12-05,126720,수산인더스트리,A,C,실행,12,14.7,42.0,112,2025-05-27,5,True,-0.0590249999999999,손절,1,0.02
2024-12-05,032830,삼성생명,B,C,실행,12,3.9,28.6,124,2025-06-16,6,True,-0.0968965517241379,손절,17,-0.1152709359605911
2024-12-05,105560,KB금융,B,C,실행,12,8.7,33.8,120,2025-06-10,6,True,-0.0104895104895105,만기,40,-0.0104895104895105
2024-12-05,032820,우리기술,A,A,실행,12,24.0,106.3,125,2025-06-17,6,True,-0.0610945127266387,손절,1,0.0277196652719664
2024-12-06,041190,우리기술투자,A,B,실행,12,6.8,28.5,121,2025-06-12,6,True,-0.05,손절,1,-0.1735436893203883
2024-12-06,064350,현대로템,B,C,실행,12,131.3,350.8,126,2025-06-19,6,True,-0.068389417989418,손절,2,0.6677248677248677
2024-12-06,036570,NC,A,B,실행,12,7.0,7.0,5,2024-12-13,12,True,-0.0585536159600997,트레일,15,-0.1002493765586034
2024-12-06,105560,KB금융,B,C,실행,12,9.4,34.6,119,2025-06-10,6,True,-0.0128956623681125,만기,40,-0.0128956623681125
2024-12-06,027360,아주IB투자,A,B,실행,12,10.9,10.9,6,2024-12-16,12,True,0.0795228628230615,목표,4,-0.0894632206759443
2024-12-06,094480,갤럭시아머니트리,A,A,실행,12,23.0,100.5,125,2025-06-18,6,True,-0.0619949494949495,손절,1,-0.0492424242424242
2024-12-09,099320,쎄트렉아이,A,C,실행,12,66.7,66.7,57,2025-03-10,3,True,0.0771349862258952,목표,2,0.4132231404958677
2024-12-09,077970,STX엔진,A,A,실행,12,101.0,101.0,44,2025-02-18,2,True,0.0714285714285714,목표,2,0.6349206349206349
2024-12-09,112040,위메이드,A,C,실행,12,12.6,12.6,40,2025-02-12,2,True,-0.0535984848484848,손절,8,0.0404040404040404
2024-12-09,037270,YG PLUS,A,B,실행,12,67.8,125.4,126,2025-06-20,6,True,-0.0092791612057667,트레일,9,0.1205766710353866
2024-12-09,012450,한화에어로스페이스,B,C,실행,12,179.9,253.8,122,2025-06-16,6,True,0.5232974910394266,목표,37,0.8637992831541219
2024-12-09,053030,바이넥스,A,B,실행,12,56.5,56.5,34,2025-02-04,2,True,0.0861372812920591,목표,1,0.3593539703903095
2024-12-09,003530,한화투자증권,A,B,실행,12,16.3,103.6,125,2025-06-19,6,True,0.096234309623431,목표,5,-0.0390516039051603
2024-12-09,097230,HJ중공업,A,B,실행,12,207.5,207.5,55,2025-03-06,3,True,0.075310559006211,목표,1,1.2298136645962732
2024-12-09,032820,우리기술,A,C,실행,12,43.1,187.4,126,2025-06-20,6,True,0.077294685990338,목표,3,0.2016908212560386
2024-12-09,314930,바이오다인,A,B,실행,12,25.4,25.4,6,2024-12-17,12,True,0.0918367346938775,목표,1,-0.0578231292517006
2024-12-09,027360,아주IB투자,A,C,실행,12,19.7,19.7,5,2024-12-16,12,True,0.0793991416309012,목표,1,0.0214592274678111
2024-12-09,220100,퓨쳐켐,A,C,실행,12,72.6,72.6,61,2025-03-14,3,True,0.1038286826735885,목표,1,0.4503569110966905
2024-12-09,334970,프레스티지바이오로직스,A,C,실행,12,15.9,15.9,6,2024-12-17,12,True,0.1267529665587918,목표,5,0.0431499460625675
2024-12-09,000810,삼성화재,B,C,실행,12,17.1,27.7,117,2025-06-09,6,True,0.0232876712328766,만기,40,0.0232876712328766
2024-12-09,216080,제테마,A,B,실행,12,8.8,8.8,1,2024-12-10,12,True,-0.0423043206011272,트레일,6,-0.1704646809584947
2024-12-10,000810,삼성화재,B,C,실행,12,17.4,28.0,116,2025-06-09,6,True,-0.01510989010989,만기,40,-0.01510989010989
2024-12-11,089030,테크윙,A,B,실행,12,67.2,67.2,25,2025-01-20,1,True,0.0740445859872611,목표,2,0.3407643312101911
2024-12-17,377300,카카오페이,A,B,실행,12,19.7,287.8,122,2025-06-25,6,True,-0.0516156462585034,손절,2,0.0901360544217686
2024-12-17,086280,현대글로비스,B,C,실행,12,31.4,31.4,26,2025-01-31,1,True,0.1087902523933854,목표,9,0.1348999129677981
2024-12-20,196170,알테오젠,B,C,실행,12,65.9,65.9,54,2025-03-18,3,True,0.4205776173285198,만기,40,0.4205776173285198
2024-12-20,226950,올릭스,A,A,실행,12,288.1,288.1,47,2025-03-07,3,True,0.0949060036385689,목표,2,2.165554881746513
2024-12-20,094480,갤럭시아머니트리,A,C,실행,12,16.2,110.3,115,2025-06-18,6,True,0.0854304635761589,목표,7,-0.0066225165562914
2024-12-23,196170,알테오젠,B,C,실행,12,65.9,65.9,53,2025-03-18,3,True,0.4205776173285198,만기,40,0.4205776173285198
2024-12-30,139480,이마트,A,B,실행,12,40.1,60.6,125,2025-07-09,7,True,0.0954258675078865,목표,26,0.2665615141955835
2024-12-30,104700,한국철강,A,B,실행,12,3.2,20.9,110,2025-06-18,6,True,-0.0749403341288782,손절,11,-0.0357995226730309
2024-12-30,071320,지역난방공사,A,A,실행,12,29.7,124.6,125,2025-07-09,7,True,0.0996376811594204,목표,34,0.2222222222222223
2024-12-30,094170,동운아나텍,A,C,실행,12,33.1,33.1,51,2025-03-20,3,True,0.1058921623123958,목표,3,0.1478599221789882
2025-01-07,178320,서진시스템,A,C,실행,1,8.3,8.3,6,2025-01-15,1,True,-0.0471337579617834,트레일,35,-0.1188959660297239
2025-01-08,226950,올릭스,A,C,실행,1,319.7,319.7,37,2025-03-07,3,True,-0.0588327868852459,트레일,7,2.039344262295082
2025-02-03,083450,GST,A,C,실행,2,39.3,39.3,15,2025-02-24,2,True,0.0814439140811456,목표,4,0.1014319809069212
2025-02-03,204270,제이앤티씨,A,A,실행,2,51.3,51.3,10,2025-02-17,2,True,0.100874935666495,목표,3,-0.215645908389089
2025-02-03,007660,이수페타시스,A,C,실행,2,30.5,98.5,125,2025-08-05,8,True,0.0970802919708029,목표,2,0.0583941605839415
2025-02-03,008730,율촌화학,A,C,실행,2,42.0,42.0,14,2025-02-21,2,True,0.1221374045801526,목표,4,-0.0458015267175572
2025-02-03,011790,SKC,B,C,실행,2,14.7,14.7,4,2025-02-07,2,True,-0.0250174216027874,트레일,15,-0.251567944250871
2025-02-03,089030,테크윙,A,C,실행,2,16.9,16.9,14,2025-02-21,2,True,0.0942376950780312,목표,14,-0.2016806722689075
2025-02-03,042700,한미반도체,A,B,실행,2,7.8,7.8,3,2025-02-06,2,True,0.0688679245283019,목표,3,-0.3424528301886792
2025-02-03,033100,제룡전기,A,C,실행,2,0.7,0.7,1,2025-02-04,2,True,-0.0626536885245901,손절,1,-0.3401639344262295
2025-02-03,095340,ISC,A,C,실행,2,30.7,30.7,12,2025-02-19,2,True,0.1024793388429752,목표,2,-0.1289256198347107
2025-02-03,025980,아난티,A,B,실행,2,33.2,117.4,95,2025-06-24,6,True,0.0743119266055045,목표,4,0.0513761467889908
2025-02-03,348210,넥스틴,A,C,실행,2,17.9,17.9,35,2025-03-25,3,True,0.0810313075506445,목표,3,0.0920810313075506
2025-02-03,031980,피에스케이홀딩스,A,A,실행,2,14.1,14.1,7,2025-02-12,2,True,0.0897959183673469,목표,7,-0.2367346938775509
2025-02-03,006260,LS,A,B,실행,2,24.2,99.8,100,2025-07-01,7,True,0.0790190735694822,목표,7,-0.0535876475930972
2025-02-03,003160,디아이,A,B,실행,2,33.9,33.9,13,2025-02-20,2,True,0.0966277561608301,목표,10,-0.0927367055771725
2025-02-04,008730,율촌화학,A,C,실행,2,43.1,43.1,13,2025-02-21,2,True,0.0884615384615383,목표,3,-0.0769230769230768
2025-02-04,204270,제이앤티씨,A,B,실행,2,55.4,55.4,9,2025-02-17,2,True,0.0787526427061311,목표,2,-0.2019027484143762
2025-02-04,031980,피에스케이홀딩스,A,B,실행,2,20.5,20.5,6,2025-02-12,2,True,0.0818965517241379,목표,2,-0.177801724137931
2025-02-10,137310,에스디바이오센서,A,B,실행,2,15.5,27.6,72,2025-05-27,5,True,0.0823917137476459,목표,10,-0.1826741996233521
2025-02-12,114840,아이패밀리에스씨,A,C,주의,2,22.8,22.8,2,2025-02-14,2,True,0.1195899772209567,목표,2,-0.1284738041002278
2025-02-13,259960,크래프톤,A,C,주의,2,24.0,24.0,55,2025-05-07,5,True,0.0914826498422713,목표,14,0.1892744479495267
2025-02-14,067160,SOOP,A,B,주의,2,4.3,4.3,1,2025-02-17,2,True,-0.0553023255813953,손절,9,-0.2446511627906976
2025-02-19,091810,트리니티항공,A,C,주의,2,3.5,3.5,6,2025-02-27,2,True,-0.0569216757741347,손절,7,-0.2513661202185792
2025-02-24,008730,율촌화학,A,B,주의,2,7.7,27.7,106,2025-07-30,7,True,-0.0810137457044674,손절,10,-0.0876288659793814
2025-02-25,267260,HD현대일렉트릭,B,C,주의,2,14.2,49.2,84,2025-07-01,7,True,-0.0892855093256814,손절,3,-0.1463414634146341
2025-02-27,003160,디아이,A,C,주의,2,20.2,24.9,68,2025-06-11,6,True,-0.0520299145299145,손절,1,0.0541310541310542
2025-02-28,007660,이수페타시스,A,A,실행,2,15.9,80.6,106,2025-08-05,8,True,-0.0506097830898628,손절,1,-0.1221779548472775
2025-03-04,281740,레이크머티리얼즈,A,B,실행,3,6.6,6.6,1,2025-03-05,3,True,-0.0621327014218009,트레일,2,-0.2180094786729858
2025-03-04,011500,한농화성,A,A,실행,3,16.1,16.1,1,2025-03-05,3,True,0.1,목표,1,-0.1035294117647058
2025-03-06,241590,화승엔터프라이즈,A,B,주의,3,2.4,2.4,14,2025-03-26,3,True,-0.0694318181818182,손절,6,-0.1125
2025-03-07,281740,레이크머티리얼즈,A,C,주의,3,14.3,14.3,5,2025-03-14,3,True,-0.0608754208754208,손절,2,-0.1353535353535353
2025-03-07,000100,유한양행,B,C,주의,3,15.9,15.9,9,2025-03-20,3,True,-0.0148864592094196,트레일,15,-0.0773759461732548
2025-03-07,328130,루닛,A,B,주의,3,17.5,18.1,78,2025-07-02,7,True,0.0826848249027236,목표,5,0.0116731517509727
2025-03-10,000100,유한양행,B,C,주의,3,14.4,14.4,8,2025-03-20,3,True,-0.027966804979253,트레일,14,-0.0887966804979253
2025-03-10,086280,현대글로비스,B,C,주의,3,5.5,50.6,121,2025-09-03,9,True,-0.0891148281521003,손절,14,-0.1665357423409269
2025-03-12,010120,LS ELECTRIC,B,C,실행,3,44.8,68.8,99,2025-08-05,8,True,-0.0507832238504296,트레일,10,0.1622031328954016
2025-03-18,012510,012510,A,B,실행,3,24.4,53.2,124,2025-09-16,9,True,-0.0730502599653379,손절,14,-0.0086655112651646
2025-03-21,304100,솔트룩스,A,A,주의,3,167.7,167.7,51,2025-06-09,6,True,0.0761363636363636,목표,4,0.4227272727272726
2025-03-24,000100,유한양행,B,C,주의,3,7.5,14.0,79,2025-07-18,7,True,-0.0650367892976588,손절,5,-0.1220735785953177
2025-03-27,267260,HD현대일렉트릭,A,C,실행,3,71.1,105.3,122,2025-09-23,9,True,-0.0809583333333334,손절,5,0.2911184210526316
2025-03-31,080220,제주반도체,A,C,실행,3,52.0,64.5,119,2025-09-22,9,True,0.0730830670926516,목표,2,0.06629392971246
2025-04-01,259960,크래프톤,B,C,실행,4,15.6,15.6,23,2025-05-07,5,True,0.1470588235294117,목표,14,0.0852941176470587
2025-04-07,000990,DB하이텍,A,C,실행,4,29.1,61.4,123,2025-10-10,10,True,0.0767195767195767,목표,4,0.1653439153439153
2025-04-07,095610,테스,A,C,실행,4,54.4,172.0,123,2025-10-10,10,True,0.0922519509476031,목표,5,0.3322185061315497
2025-04-08,323280,태성,A,C,실행,4,83.7,121.3,74,2025-07-28,7,True,0.1735225955967554,목표,2,0.3904982618771726
2025-04-09,000250,삼천당제약,A,B,실행,4,19.9,83.4,113,2025-09-23,9,True,0.1099726775956284,목표,2,0.119535519125683
2025-04-16,220100,퓨쳐켐,A,B,실행,4,10.4,26.5,96,2025-09-05,9,True,-0.0563139059304703,손절,8,-0.1922290388548057
2025-04-22,053800,안랩,A,C,실행,4,12.2,12.2,1,2025-04-23,4,True,0.0695652173913043,목표,1,0.0188405797101449
2025-04-28,196170,알테오젠,B,C,실행,4,42.3,57.7,125,2025-11-04,11,True,-0.0973837535014006,손절,9,0.0420168067226891
2025-04-28,195940,HK이노엔,A,B,실행,4,16.2,29.0,69,2025-08-08,8,True,0.0941676792223571,목표,25,0.040097205346294
2025-05-07,130660,한전산업,A,B,실행,5,54.0,54.0,33,2025-06-25,6,True,0.07207615593835,목표,7,0.1922030825022664
2025-05-08,084690,대상홀딩스,A,C,실행,5,28.0,28.0,36,2025-07-01,7,True,0.0725806451612902,목표,16,0.1483870967741936
2025-05-08,001790,대한제당,A,C,실행,5,10.5,10.5,45,2025-07-14,7,True,-0.086516747703944,손절,2,0.0243111831442464
2025-05-09,001790,대한제당,A,A,실행,5,17.2,17.2,44,2025-07-14,7,True,-0.0584879725085911,손절,1,0.1065292096219931
2025-05-12,023160,태광,A,A,실행,5,35.0,79.4,85,2025-09-11,9,True,0.0916666666666665,목표,10,0.1222222222222222
2025-05-16,017810,풀무원,A,A,주의,5,43.0,43.0,53,2025-08-01,8,True,-0.0654292343387471,손절,18,-0.0239752513534415
2025-05-16,044490,태웅,A,A,주의,5,232.6,232.6,60,2025-08-12,8,True,0.1117136659436008,목표,5,1.42588575560376
2025-05-26,448280,에코아이,A,B,주의,5,69.0,69.0,19,2025-06-24,6,True,-0.052929085303186,손절,1,0.4069886947584789
2025-05-27,448280,에코아이,A,B,주의,5,78.7,78.7,18,2025-06-24,6,True,0.1342391304347825,목표,3,0.5010869565217391
2025-06-05,256840,한국비엔씨,A,B,관찰만,6,15.6,20.7,110,2025-11-17,11,True,0.0751953125,목표,2,-0.0380859375
2025-06-17,381970,케이카,A,C,주의,6,23.9,23.9,20,2025-07-15,7,True,0.0755939524838011,목표,3,0.093592512598992
2025-06-20,003280,흥아해운,A,B,관찰만,6,15.7,15.7,1,2025-06-23,6,True,0.0929570170895908,목표,1,-0.1170378042465044
2025-06-25,101730,위메이드맥스,A,B,관찰만,6,6.6,6.6,14,2025-07-15,7,True,-0.0534144053117783,손절,1,-0.1570438799076212
2025-06-25,112040,위메이드,A,C,관찰만,6,-1.7,-1.7,1,2025-06-26,6,True,-0.0866080123948651,손절,3,-0.2204515272244356
2025-06-25,003280,흥아해운,A,A,관찰만,6,12.5,18.4,73,2025-10-14,10,True,0.1211699164345403,목표,5,-0.0685236768802228
2025-06-26,101730,위메이드맥스,A,B,주의,6,12.0,12.0,13,2025-07-15,7,True,-0.0537864077669902,트레일,4,-0.1237864077669902
2025-06-26,012510,012510,A,C,주의,6,46.4,55.1,110,2025-12-05,12,True,0.0965732087227413,목표,4,0.0389408099688473
2025-07-31,185750,종근당,A,B,관찰만,7,8.6,8.6,34,2025-09-18,9,True,-0.0522458628841607,손절,13,-0.0567375886524822
2025-08-01,022100,포스코DX,A,B,주의,8,44.8,101.3,114,2026-01-21,1,True,0.0739514348785872,목표,6,-0.0640176600441501
2025-08-01,096770,SK이노베이션,A,C,주의,8,35.6,35.6,57,2025-10-29,10,True,0.0745098039215685,목표,3,-0.0039215686274509
2025-08-04,277810,레인보우로보틱스,B,C,주의,8,94.6,200.2,120,2026-01-30,1,True,0.2294455066921605,목표,33,0.1816443594646271
2025-08-04,204620,글로벌텍스프리,A,C,주의,8,59.6,66.0,73,2025-11-21,11,True,0.014374282433984,트레일,11,0.3616532721010332
2025-08-07,007390,네이처셀,A,A,주의,8,47.0,51.6,64,2025-11-13,11,True,0.0616803278688524,트레일,4,0.052766393442623
2025-08-11,042000,카페24,A,C,주의,8,12.4,12.4,32,2025-09-25,9,True,-0.0585038363171355,손절,6,-0.0140664961636828
2025-08-12,000210,DL,A,B,주의,8,13.5,28.4,125,2026-02-19,2,True,-0.06546894703657,손절,5,-0.0706179066834804
2025-08-18,161390,한국타이어앤테크놀로지,A,B,주의,8,57.9,101.0,124,2026-02-23,2,True,0.0820512820512819,목표,38,0.0987179487179488
2025-08-19,099430,바이오플러스,A,C,주의,8,20.3,20.3,20,2025-09-16,9,True,0.0720130932896889,목표,19,0.039279869067103
2025-08-19,084110,휴온스글로벌,A,C,주의,8,53.4,53.7,125,2026-02-25,2,True,0.0768335273573923,목표,2,0.3736903376018625
2025-08-21,107640,한중엔시에스,A,B,주의,8,85.1,89.3,125,2026-02-27,2,True,0.0687702265372167,목표,4,0.477346278317152
2025-09-01,048410,현대바이오,A,B,관찰만,9,11.5,275.9,115,2026-02-24,2,True,0.082167832167832,목표,1,-0.0944055944055943
2025-09-17,220100,퓨쳐켐,A,B,관찰만,9,93.2,93.2,56,2025-12-11,12,True,0.0733186328555677,목표,19,0.6868798235942668
2025-10-16,260970,에스앤디,A,C,주의,10,8.9,8.9,45,2025-12-18,12,True,-0.094909516765286,손절,6,-0.208284023668639
2025-10-17,260970,에스앤디,A,B,주의,10,15.1,15.1,44,2025-12-18,12,True,-0.0547559449311639,손절,5,-0.1101376720901126
2025-10-30,045390,대아티아이,A,B,주의,10,9.2,20.8,124,2026-05-04,5,True,-0.0738355342136855,손절,4,-0.0936374549819928
2025-10-30,025980,아난티,A,C,주의,10,8.7,17.5,76,2026-02-23,2,True,-0.0890891719745223,손절,5,-0.0611464968152866
2025-10-31,025980,아난티,A,B,주의,10,10.6,19.6,75,2026-02-23,2,True,-0.0549286640726329,손절,4,0.0025940337224383
2025-11-06,009830,한화솔루션,A,B,주의,11,64.5,114.9,69,2026-02-19,2,True,-0.0018115942028985,만기,40,-0.0018115942028985
2025-11-07,122870,와이지엔터테인먼트,A,B,실행,11,7.8,9.7,65,2026-02-11,2,True,-0.0711111111111111,손절,1,-0.1069444444444444
2025-11-07,011790,SKC,A,B,실행,11,13.2,66.3,120,2026-05-07,5,True,0.068981064021641,목표,1,-0.0432822362488728
2025-11-10,122870,와이지엔터테인먼트,A,B,주의,11,15.6,17.7,64,2026-02-11,2,True,-0.0613263785394933,손절,3,0.0163934426229508
2025-11-11,052020,에스티큐브,A,C,주의,11,24.1,194.5,114,2026-04-29,4,True,0.0850785340314135,목표,28,0.1832460732984293
2025-11-12,214450,파마리서치,A,A,주의,11,29.1,29.1,53,2026-01-29,1,True,0.0701956271576524,목표,1,0.0391254315304947
2025-11-12,352820,하이브,B,C,주의,11,35.7,39.3,64,2026-02-13,2,True,0.2061855670103092,목표,35,0.1408934707903779
2025-11-19,419530,SAMG엔터,A,A,실행,11,22.4,22.4,57,2026-02-11,2,True,-0.04,트레일,10,-0.0945454545454546
2025-11-20,036570,NC,A,A,실행,11,38.2,58.6,125,2026-05-28,5,True,0.1002673796791444,목표,2,0.2513368983957218
2025-11-24,336370,솔루스첨단소재,A,C,실행,11,17.1,105.3,101,2026-04-23,4,True,0.0808019441069258,목표,2,-0.0437424058323208
2025-11-24,007390,네이처셀,A,A,실행,11,20.2,65.7,122,2026-05-27,5,True,-0.051597533632287,손절,1,-0.0986547085201793
2025-11-24,214450,파마리서치,A,C,실행,11,34.2,34.2,45,2026-01-29,1,True,0.0705741626794258,목표,3,0.0909090909090908
2025-11-24,012450,한화에어로스페이스,B,C,실행,11,63.5,93.6,65,2026-03-04,3,True,0.3181286549707602,목표,31,0.5076023391812865
2025-11-27,099320,쎄트렉아이,A,B,실행,11,360.0,360.0,45,2026-02-03,2,True,0.0728952772073923,목표,11,1.919917864476386
2025-12-02,064350,현대로템,B,A,실행,12,61.7,66.4,100,2026-04-30,4,True,0.359882005899705,만기,40,0.359882005899705
2025-12-02,204620,글로벌텍스프리,A,B,실행,12,8.4,25.3,109,2026-05-15,5,True,-0.0791187739463601,손절,1,-0.1044061302681992
2025-12-02,003230,삼양식품,B,C,실행,12,1.0,11.4,109,2026-05-15,5,True,-0.0878213213213213,손절,10,-0.1141141141141141
2025-12-03,204620,글로벌텍스프리,A,C,주의,12,17.2,35.4,108,2026-05-15,5,True,0.1097308488612835,목표,13,-0.036231884057971
2025-12-11,012450,한화에어로스페이스,B,C,주의,12,83.1,83.1,52,2026-03-04,3,True,0.2466814159292034,목표,18,0.2676991150442478
2025-12-15,314930,바이오다인,A,B,주의,12,13.3,13.3,39,2026-02-11,2,True,-0.05,손절,3,0.0092067988668556
2025-12-16,000880,한화,B,C,실행,12,88.5,111.2,99,2026-05-15,5,True,0.381979695431472,목표,18,0.4949238578680204
2025-12-18,087010,펩트론,B,C,실행,12,49.9,49.9,59,2026-03-20,3,True,-0.0470772442588726,트레일,16,0.1503131524008349
2026-01-08,180640,한진칼,B,C,주의,1,53.4,53.4,32,2026-02-26,2,True,0.0174803836094159,트레일,14,0.051438535309503
2026-01-08,035720,카카오,B,C,주의,1,11.6,11.6,33,2026-02-27,2,True,-0.0514705882352941,트레일,35,-0.1193771626297578
2026-01-13,087010,펩트론,B,B,주의,1,44.2,44.2,44,2026-03-20,3,True,-0.0480755020080322,손절,1,0.2710843373493976
2026-01-21,089030,테크윙,A,C,관찰만,1,89.0,89.0,30,2026-03-10,3,True,-0.06213282247765,손절,2,0.3614303959131546
2026-01-30,047920,HLB제약,A,B,관찰만,1,17.4,17.4,49,2026-04-15,4,False,-0.0820481927710843,손절,5,-0.0343373493975903
2026-02-02,101730,위메이드맥스,A,B,실행,2,7.9,7.9,52,2026-04-21,4,False,-0.0622317596566524,손절,4,-0.3240343347639485
2026-02-02,028300,HLB,A,B,실행,2,26.4,26.4,48,2026-04-15,4,False,-0.0640221402214021,손절,4,-0.0571955719557195
2026-02-02,047920,HLB제약,A,B,실행,2,20.1,20.1,48,2026-04-15,4,False,-0.0581947011706716,손절,4,0.0123228589032655
2026-02-02,079550,LIG디펜스앤에어로스페이스,A,C,실행,2,146.3,146.3,53,2026-04-22,4,False,-0.0802643171806167,트레일,4,0.894273127753304
2026-02-02,051910,LG화학,A,B,실행,2,47.6,47.6,63,2026-05-08,5,False,0.0784148397976391,목표,3,0.026981450252951
2026-02-02,051915,LG화학우,A,C,실행,2,34.4,34.4,16,2026-02-27,2,False,0.0802139037433156,목표,8,0.0026737967914438
2026-02-02,214450,파마리서치,A,C,실행,2,8.2,8.2,2,2026-02-04,2,False,-0.0481420118343195,트레일,3,-0.3124260355029585
2026-02-02,194480,데브시스터즈,A,C,실행,2,23.9,23.9,26,2026-03-16,3,False,0.079608938547486,목표,5,-0.3240223463687151
2026-02-03,036570,NC,B,C,주의,2,37.2,60.9,78,2026-06-02,6,False,-0.0046838407494145,트레일,17,-0.0023419203747072
2026-02-06,032640,LG유플러스,B,C,실행,2,19.3,21.2,74,2026-06-01,6,False,0.0896196002578981,목표,4,0.0438426821405544
2026-02-06,011170,롯데케미칼,A,C,실행,2,63.9,63.9,54,2026-04-29,4,False,0.0857338820301782,목표,3,0.326474622770919
2026-02-06,087010,펩트론,A,C,실행,2,45.1,45.1,26,2026-03-20,3,False,0.0818181818181817,목표,1,0.1070707070707071
2026-02-06,064350,현대로템,B,A,실행,2,39.3,39.3,55,2026-04-30,4,False,0.1555555555555554,목표,12,0.0024691358024691
2026-02-06,009540,HD한국조선해양,B,C,실행,2,23.4,23.4,60,2026-05-11,5,False,0.170670037926675,목표,8,-0.011378002528445
2026-02-06,336570,원텍,A,C,실행,2,13.6,17.3,70,2026-05-26,5,False,-0.0731102850061957,트레일,13,-0.1214374225526642
2026-02-06,077970,STX엔진,A,A,실행,2,119.8,119.8,54,2026-04-29,4,False,0.0681818181818181,목표,2,0.0909090909090908
2026-02-09,009540,HD한국조선해양,B,A,주의,2,25.1,25.1,59,2026-05-11,5,False,0.1871794871794871,목표,7,0.0102564102564102
2026-02-11,064350,현대로템,B,C,주의,2,39.3,39.3,52,2026-04-30,4,False,0.1555555555555554,목표,9,0.0444444444444445
2026-02-24,082270,젬백스,A,B,주의,2,23.0,23.0,3,2026-02-27,2,False,0.0881612090680101,목표,2,-0.4143576826196473
2026-03-03,002790,아모레퍼시픽홀딩스,A,B,실행,3,12.8,12.8,41,2026-04-29,4,False,-0.0546666666666666,손절,1,0.0368421052631577
2026-03-03,008930,한미사이언스,A,B,실행,3,0.7,0.7,33,2026-04-17,4,False,-0.0582200247218788,손절,1,-0.0482076637824474
2026-03-03,032640,LG유플러스,B,C,실행,3,16.7,16.7,61,2026-06-01,6,False,-0.0999050279329609,손절,1,0.0223463687150837
2026-03-03,034220,LG디스플레이,B,C,실행,3,39.6,39.6,61,2026-06-01,6,False,-0.0957729393468117,손절,1,-0.0085536547433903
2026-03-03,204270,제이앤티씨,A,B,실행,3,24.4,31.2,76,2026-06-23,6,False,-0.05,손절,1,0.0207792207792207
2026-03-04,190510,나무가,A,B,실행,3,30.9,30.9,50,2026-05-15,5,False,0.1485714285714285,목표,5,0.0845714285714285
2026-03-04,399720,가온칩스,A,A,실행,3,57.6,57.6,38,2026-04-27,4,False,0.1590909090909091,목표,1,0.3579545454545454
2026-03-04,087010,펩트론,A,B,실행,3,63.2,63.2,12,2026-03-20,3,False,0.1477272727272727,목표,1,0.2272727272727273
2026-03-04,114190,강원에너지,A,B,실행,3,44.9,44.9,42,2026-05-04,5,False,0.1895338610378187,목표,2,0.4212840809146878
2026-03-04,003090,대웅,A,B,실행,3,17.5,17.5,5,2026-03-11,3,False,0.1111111111111111,목표,5,0.0294784580498865
2026-03-04,062040,산일전기,B,C,실행,3,166.4,166.4,42,2026-05-04,5,False,0.1826953124999999,트레일,17,0.7265625
2026-03-04,450950,아스테라시스,A,C,실행,3,8.7,8.7,2,2026-03-06,3,False,0.0745614035087718,목표,1,0.0061403508771928
2026-03-04,393890,더블유씨피,A,A,실행,3,172.3,172.3,40,2026-04-29,4,False,0.1371173469387754,목표,1,1.6339285714285716
2026-03-04,001390,KG케미칼,A,B,실행,3,61.9,61.9,41,2026-04-30,4,False,0.0951859956236322,목표,1,0.3916849015317287
2026-03-04,475400,씨메스로보틱스,A,C,실행,3,62.4,62.4,5,2026-03-11,3,False,0.1697080291970802,목표,2,0.2007299270072993
2026-03-04,215600,신라젠,A,A,실행,3,45.9,45.9,16,2026-03-26,3,False,0.0895765472312704,목표,1,0.1661237785016287
2026-03-04,389650,넥스트바이오메디컬,A,B,실행,3,38.4,38.4,16,2026-03-26,3,False,0.1239737274220031,목표,2,-0.0246305418719211
2026-03-04,383800,LX홀딩스,A,A,실행,3,32.6,32.6,51,2026-05-18,5,False,0.0826923076923076,목표,5,0.191025641025641
2026-03-04,455900,엔젤로보틱스,A,C,실행,3,27.7,27.7,61,2026-06-02,6,False,0.1728515625,목표,2,0.185546875
2026-03-04,051915,LG화학우,A,B,실행,3,34.5,34.5,42,2026-05-04,5,False,0.0016453135536076,트레일,3,0.3081591368846932
2026-03-04,323410,카카오뱅크,A,C,실행,3,17.3,17.3,30,2026-04-15,4,False,0.1114864864864864,목표,4,0.1058558558558557
2026-03-04,051910,LG화학,A,B,실행,3,42.5,42.5,45,2026-05-08,5,False,-0.0297068403908794,트레일,3,0.3273615635179152
2026-03-04,079900,전진건설로봇,A,C,실행,3,58.7,58.7,25,2026-04-08,4,False,0.139274279615795,목표,1,0.4087513340448239
2026-03-04,441270,파인엠텍,A,B,실행,3,57.0,57.0,32,2026-04-17,4,False,-0.0154235145385588,트레일,3,0.3185840707964602
2026-03-04,090435,아모레퍼시픽우,A,A,실행,3,22.2,22.2,40,2026-04-29,4,False,0.0947187141216991,목표,1,0.129735935706085
2026-03-04,079160,CJ CGV,A,C,실행,3,7.0,14.4,101,2026-07-30,7,False,-0.0583092783505154,트레일,17,0.0072164948453607
2026-03-04,371950,풍원정밀,A,C,실행,3,66.8,66.8,7,2026-03-13,3,False,0.1196658312447784,트레일,3,-0.1086048454469507
2026-03-04,093370,후성,A,B,실행,3,145.9,275.6,69,2026-06-15,6,False,0.1403508771929824,목표,1,1.2344497607655502
2026-03-04,137400,피엔티,A,C,실행,3,49.2,49.2,35,2026-04-22,4,False,0.1582430806257522,목표,1,0.3862815884476533
2026-03-04,377300,카카오페이,A,B,실행,3,22.9,22.9,12,2026-03-20,3,False,0.1395793499043978,목표,1,0.0822179732313574
2026-03-04,352820,하이브,B,C,실행,3,14.8,14.8,10,2026-03-18,3,False,-0.0239296636085627,트레일,13,-0.22782874617737
2026-03-04,373220,LG에너지솔루션,A,C,실행,3,43.2,43.2,61,2026-06-02,6,False,0.114388489208633,목표,10,0.3611510791366907
2026-03-04,090430,아모레퍼시픽,A,B,실행,3,24.1,24.1,39,2026-04-28,4,False,0.1036682615629984,목표,10,0.127591706539075
2026-03-04,119850,지엔씨에너지,A,A,실행,3,26.8,66.6,97,2026-07-24,7,False,0.1260032102728732,목표,1,0.1540930979133226
2026-03-04,138610,나이벡,A,C,실행,3,18.2,18.2,12,2026-03-20,3,False,0.1081593927893738,목표,1,0.0227703984819733
2026-03-04,011780,금호석유화학,A,B,실행,3,28.7,28.7,46,2026-05-11,5,False,-0.0555095277547639,손절,3,0.2444076222038111
2026-03-04,126720,수산인더스트리,A,B,실행,3,56.2,56.2,42,2026-05-04,5,False,0.0997854077253219,목표,2,0.4763948497854078
2026-03-04,007660,이수페타시스,B,C,실행,3,66.4,66.4,35,2026-04-22,4,False,0.0263663967611336,트레일,3,0.4777327935222673
2026-03-04,009900,명신산업,A,B,실행,3,73.7,73.7,38,2026-04-27,4,False,0.163953488372093,목표,5,0.6488372093023256
2026-03-04,090460,비에이치,A,C,실행,3,186.8,186.8,56,2026-05-26,5,False,0.1391275611368143,목표,5,1.3331130204890944
2026-03-04,034220,LG디스플레이,A,A,실행,3,63.2,63.2,60,2026-06-01,6,False,-0.0087999999999999,트레일,18,0.1299999999999999
2026-03-04,000210,DL,A,B,실행,3,93.5,93.5,40,2026-04-29,4,False,0.143835616438356,목표,5,0.9128268991282692
2026-03-04,007690,국도화학,A,A,실행,3,29.8,29.8,40,2026-04-29,4,False,0.0802919708029197,목표,5,0.294890510948905
2026-03-04,294570,쿠콘,A,C,실행,3,17.6,17.6,36,2026-04-23,4,False,0.1160071942446043,목표,1,0.0935251798561151
2026-03-04,071970,HD현대마린엔진,A,C,실행,3,63.9,63.9,38,2026-04-27,4,False,0.1054091539528432,목표,1,0.521497919556172
2026-03-04,454910,두산로보틱스,B,C,실행,3,110.9,110.9,61,2026-06-02,6,False,-0.0013027295285359,트레일,18,0.2679900744416874
2026-03-04,450080,에코프로머티,A,A,실행,3,60.6,60.6,38,2026-04-27,4,False,0.1500904159132008,목표,1,0.5135623869801085
2026-03-04,375500,DL이앤씨,A,C,실행,3,155.9,155.9,30,2026-04-15,4,False,0.1134453781512605,목표,4,1.4273709483793515
2026-03-04,255220,SG,A,B,실행,3,20.9,20.9,27,2026-04-10,4,False,0.1095334685598377,목표,1,0.0486815415821502
2026-03-04,105630,한세실업,A,C,실행,3,7.6,7.6,1,2026-03-05,3,False,-0.0534092758340113,트레일,18,-0.0349877949552481
2026-03-04,475150,SK이터닉스,A,B,실행,3,221.6,307.0,97,2026-07-24,7,False,0.1682134570765661,목표,2,1.7378190255220418
2026-03-04,213420,덕산네오룩스,A,C,실행,3,68.5,68.5,32,2026-04-17,4,False,0.1139705882352941,목표,1,0.5470588235294118
2026-03-04,034230,파라다이스,A,A,실행,3,20.1,20.1,11,2026-03-19,3,False,0.1195652173913044,목표,9,0.0024844720496894
2026-03-04,161580,필옵틱스,A,A,실행,3,65.6,65.6,46,2026-05-11,5,False,0.1709183673469387,목표,1,0.2589285714285714
2026-03-04,199800,툴젠,A,B,실행,3,236.5,236.5,47,2026-05-12,5,False,0.0829383886255923,목표,1,1.1113744075829386
2026-03-04,060980,HL홀딩스,A,A,실행,3,18.6,20.4,70,2026-06-16,6,False,0.1087223587223586,목표,5,0.0872235872235871
2026-03-04,265520,AP시스템,A,B,실행,3,61.1,61.1,45,2026-05-08,5,False,0.0958549222797926,목표,1,0.3575129533678756
2026-03-04,121600,나노신소재,A,C,실행,3,78.5,78.5,37,2026-04-24,4,False,0.1685393258426966,목표,1,0.6554307116104869
2026-03-04,286940,롯데이노베이트,A,C,실행,3,25.1,25.1,60,2026-06-01,6,False,0.0952380952380953,목표,2,0.1679197994987469
2026-03-04,093320,케이아이엔엑스,A,B,실행,3,25.3,49.7,98,2026-07-27,7,False,0.0981963927855711,목표,1,0.0561122244488978
2026-03-04,010140,삼성중공업,B,A,실행,3,50.4,50.4,36,2026-04-23,4,False,0.1375531914893617,트레일,13,0.4042553191489362
2026-03-04,078600,대주전자재료,A,B,실행,3,135.9,135.9,37,2026-04-24,4,False,0.148005148005148,목표,1,1.144144144144144
2026-03-04,200880,서연이화,A,A,실행,3,21.7,21.7,5,2026-03-11,3,False,0.1583333333333334,목표,5,0.1563492063492064
2026-03-04,064260,다날,A,C,실행,3,34.8,34.8,30,2026-04-15,4,False,0.1583850931677017,목표,1,0.1785714285714286
2026-03-04,025540,한국단자,A,A,실행,3,39.9,39.9,41,2026-04-30,4,False,0.1004464285714286,목표,5,0.337797619047619
2026-03-04,298050,HS효성첨단소재,A,B,실행,3,44.4,44.4,40,2026-04-29,4,False,0.1426011264720941,목표,5,0.4208909370199694
2026-03-04,007700,F&F홀딩스,A,B,실행,3,20.0,20.0,42,2026-05-04,5,False,0.1083380601247872,목표,12,0.1020986954055587
2026-03-04,075580,세진중공업,A,B,실행,3,49.3,49.3,38,2026-04-27,4,False,0.166554054054054,목표,5,0.4324324324324324
2026-03-04,004690,삼천리,A,B,실행,3,17.3,17.3,13,2026-03-23,3,False,0.0776515151515151,목표,2,0.1196969696969696
2026-03-04,031430,신세계인터내셔날,A,A,실행,3,49.6,49.6,50,2026-05-15,5,False,0.080349344978166,목표,1,0.3379912663755458
2026-03-04,123890,한국자산신탁,A,C,실행,3,13.4,13.4,12,2026-03-20,3,False,0.0708812260536397,목표,1,0.0498084291187739
2026-03-04,006280,녹십자,A,A,실행,3,16.1,16.1,57,2026-05-27,5,False,0.1095890410958904,목표,1,0.0036049026676279
2026-03-04,011170,롯데케미칼,A,B,실행,3,66.4,66.4,40,2026-04-29,4,False,-0.0342061281337047,트레일,3,0.6434540389972145
2026-03-04,003670,포스코퓨처엠,B,C,실행,3,61.7,61.7,45,2026-05-08,5,False,0.3714902807775377,목표,34,0.4092872570194383
2026-03-04,035600,KG이니시스,A,A,실행,3,19.8,19.8,32,2026-04-17,4,False,0.0765765765765766,목표,29,0.1461461461461461
2026-03-04,009240,한샘,A,C,실행,3,13.0,13.0,41,2026-04-30,4,False,-0.028780487804878,트레일,21,0.0841463414634147
2026-03-04,018880,한온시스템,A,A,실행,3,61.4,61.4,57,2026-05-27,5,False,0.1304347826086955,목표,1,0.1834239130434782
2026-03-04,002790,아모레퍼시픽홀딩스,A,C,실행,3,26.1,26.1,40,2026-04-29,4,False,0.1147058823529412,목표,12,0.1274509803921568
2026-03-04,007070,GS리테일,A,B,실행,3,60.5,60.5,50,2026-05-15,5,False,0.0894962486602357,목표,10,0.2620578778135047
2026-03-04,050890,쏠리드,A,B,실행,3,198.6,198.6,44,2026-05-07,5,False,0.1007142857142857,목표,1,1.2957142857142858
2026-03-04,043150,바텍,A,C,실행,3,8.4,8.4,5,2026-03-11,3,False,-0.0456888888888888,트레일,21,0.04
2026-03-04,036570,NC,A,A,실행,3,75.6,75.6,61,2026-06-02,6,False,0.0904907975460123,목표,2,0.4187116564417177
2026-03-04,002900,TYM,A,B,실행,3,66.4,66.4,47,2026-05-12,5,False,0.1176470588235294,목표,1,0.3361344537815125
2026-03-04,009520,포스코엠텍,A,B,실행,3,49.8,49.8,39,2026-04-28,4,False,0.1436446173800258,목표,1,0.3715953307392996
2026-03-04,068760,셀트리온제약,A,B,실행,3,13.9,13.9,1,2026-03-05,3,False,0.1221837088388215,목표,1,0.0
2026-03-04,079370,제우스,A,B,실행,3,24.0,24.0,1,2026-03-05,3,False,0.0993333333333332,목표,1,0.0973333333333332
2026-03-04,015760,한국전력,B,C,실행,3,11.1,11.1,1,2026-03-05,3,False,-0.0557628979143798,트레일,17,-0.0230515916575192
2026-03-04,005300,롯데칠성,A,A,실행,3,14.4,14.4,1,2026-03-05,3,False,0.074793388429752,목표,1,0.0206611570247934
2026-03-04,089010,켐트로닉스,A,C,실행,3,95.6,95.6,43,2026-05-06,5,False,0.165,목표,1,0.6120000000000001
2026-03-04,180640,한진칼,A,B,실행,3,26.5,27.2,84,2026-07-06,7,False,0.0170619469026549,트레일,8,0.0026548672566371
2026-03-04,001340,PKC,A,B,실행,3,41.1,41.1,59,2026-05-29,5,False,0.0929432013769362,목표,1,0.2943201376936317
2026-03-04,086450,동국제약,A,B,실행,3,77.4,77.4,23,2026-04-06,4,False,0.0788876276958001,목표,1,0.3961407491486945
2026-03-04,007160,사조산업,A,B,실행,3,14.0,14.0,12,2026-03-20,3,False,0.1150097465886939,목표,12,0.0389863547758284
2026-03-04,005490,POSCO홀딩스,A,C,실행,3,68.6,68.6,44,2026-05-07,5,False,0.1423017107309487,목표,26,0.4587869362363919
2026-03-04,064820,케이프,A,A,실행,3,89.6,89.6,37,2026-04-24,4,False,0.166305525460455,목표,5,0.761646803900325
2026-03-04,004000,롯데정밀화학,A,B,실행,3,71.2,71.2,40,2026-04-29,4,False,0.1090584028605483,목표,3,0.6972586412395709
2026-03-04,006360,GS건설,A,B,실행,3,139.2,139.2,39,2026-04-28,4,False,0.0973333333333332,목표,5,1.2240000000000002
2026-03-04,006110,삼아알미늄,A,B,실행,3,323.5,323.5,49,2026-05-14,5,False,0.1305668016194332,목표,1,1.9392712550607287
2026-03-04,000400,롯데손해보험,A,A,실행,3,25.9,44.9,92,2026-07-16,7,False,0.0995828988529718,목표,1,0.1261730969760166
2026-03-04,001040,CJ,B,C,실행,3,25.0,25.0,42,2026-05-04,5,False,-0.095045842217484,손절,3,0.2126865671641791
2026-03-04,192650,드림텍,A,B,실행,3,13.4,13.4,12,2026-03-20,3,False,0.1010802469135803,목표,5,0.0570987654320986
2026-03-04,139480,이마트,A,C,실행,3,33.8,33.8,49,2026-05-14,5,False,0.0918827508455468,목표,5,0.2187147688838782
2026-03-04,072710,농심홀딩스,A,B,실행,3,15.0,15.0,50,2026-05-15,5,False,0.0745164960182025,목표,5,0.1126279863481227
2026-03-04,045390,대아티아이,A,C,실행,3,26.4,26.4,42,2026-05-04,5,False,0.0904522613065326,목표,1,0.1884422110552763
2026-03-04,006220,제주은행,A,B,실행,3,17.6,17.6,1,2026-03-05,3,False,0.1372,목표,1,0.0296
2026-03-04,004700,조광피혁,A,B,실행,3,19.7,19.7,10,2026-03-18,3,False,0.1318407960199004,목표,6,0.1542288557213931
2026-03-04,005690,파미셀,A,A,실행,3,67.3,67.3,42,2026-05-04,5,False,0.1424050632911393,목표,1,0.5640822784810127
2026-03-04,003490,대한항공,A,A,실행,3,22.4,34.5,69,2026-06-15,6,False,0.1056034482758621,목표,10,0.0818965517241379
2026-03-04,044490,태웅,A,B,실행,3,125.8,125.8,42,2026-05-04,5,False,0.1537753222836095,목표,1,0.992633517495396
2026-03-04,008930,한미사이언스,A,C,실행,3,16.8,16.8,32,2026-04-17,4,False,0.1246418338108883,목표,1,0.0888252148997135
2026-03-04,035760,CJ ENM,A,C,실행,3,11.5,11.5,4,2026-03-10,3,False,0.0960591133004926,목표,1,-0.090311986863711
2026-03-04,285130,SK케미칼,A,C,실행,3,14.1,14.1,40,2026-04-29,4,False,-0.0091970802919707,트레일,16,0.1386861313868612
2026-03-04,036620,감성코퍼레이션,A,B,실행,3,36.8,36.8,37,2026-04-24,4,False,0.0833333333333332,목표,1,0.310077519379845
2026-03-04,000320,노루홀딩스,A,A,실행,3,16.7,16.7,12,2026-03-20,3,False,0.134433962264151,목표,5,0.0636792452830188
2026-03-04,059090,미코,A,C,실행,3,133.8,133.8,43,2026-05-06,5,False,0.1366906474820144,목표,1,0.7226219024780176
2026-03-04,003120,일성아이에스,A,A,실행,3,13.3,13.3,10,2026-03-18,3,False,0.0813953488372092,목표,5,0.0744186046511627
2026-03-04,060370,LS마린솔루션,A,A,실행,3,105.6,105.6,43,2026-05-06,5,False,0.1673306772908367,목표,6,0.5059760956175299
2026-03-04,036200,유니셈,A,C,실행,3,67.5,67.5,57,2026-05-27,5,False,0.1362048894062864,목표,1,0.3818393480791617
2026-03-05,009540,HD한국조선해양,B,A,실행,3,19.9,19.9,45,2026-05-11,5,False,-0.043465601965602,손절,2,0.1339066339066339
2026-03-05,042660,한화오션,B,C,실행,3,15.6,16.2,70,2026-06-17,6,False,-0.017035217035217,트레일,12,0.0794430794430793
2026-03-05,051910,LG화학,B,C,실행,3,34.8,34.8,44,2026-05-08,5,False,-0.0738517719568567,손절,2,0.2234206471494606
2026-03-05,001040,CJ,B,C,실행,3,27.4,27.4,41,2026-05-04,5,False,-0.0773402173913043,손절,2,0.2201086956521738
2026-03-05,450080,에코프로머티,B,C,실행,3,40.5,40.5,37,2026-04-27,4,False,-0.0262658227848101,트레일,7,0.2705696202531646
2026-03-05,377300,카카오페이,B,A,실행,3,8.4,8.4,11,2026-03-20,3,False,-0.0618153456998313,손절,13,-0.06070826306914
2026-03-05,329180,HD현대중공업,B,C,실행,3,36.9,36.9,56,2026-05-27,5,False,-0.0709302325581395,트레일,12,0.2254025044722718
2026-03-05,011170,롯데케미칼,A,C,실행,3,63.7,63.7,39,2026-04-29,4,False,0.0773972602739725,목표,9,0.5602739726027397
2026-03-10,377300,카카오페이,B,C,실행,3,8.6,8.6,8,2026-03-20,3,False,-0.0602305743243243,손절,10,-0.0236486486486486
2026-03-16,161390,한국타이어앤테크놀로지,B,C,실행,3,40.7,43.7,88,2026-07-23,7,False,0.0546296296296295,트레일,39,0.0944444444444445
2026-03-16,450080,에코프로머티,B,C,실행,3,43.5,43.5,30,2026-04-27,4,False,0.2746365105008077,목표,25,0.0953150242326332
2026-03-16,033790,피노,A,A,실행,3,289.2,289.2,37,2026-05-08,5,False,0.0792682926829269,목표,2,2.1178861788617884
2026-03-17,045390,대아티아이,A,B,실행,3,20.6,20.6,33,2026-05-04,5,False,-0.0534172661870503,손절,9,-0.0179856115107913
2026-03-17,004020,현대제철,B,C,실행,3,41.2,41.2,41,2026-05-15,5,False,0.2925457102672293,만기,40,0.2925457102672293
2026-03-19,161580,필옵틱스,A,B,실행,3,61.8,61.8,35,2026-05-11,5,False,-0.0559226932668329,손절,3,0.2443890274314215
2026-03-20,329180,HD현대중공업,B,C,실행,3,36.9,36.9,45,2026-05-27,5,False,-0.1008846153846153,손절,1,0.069767441860465
2026-03-24,377300,카카오페이,A,B,실행,3,19.1,19.1,29,2026-05-06,5,False,-0.0696043985776129,손절,3,-0.1131725417439702
2026-03-24,352820,하이브,A,A,실행,3,7.2,7.2,2,2026-03-26,3,False,-0.0558902161547214,손절,7,-0.2116040955631399
2026-03-24,003550,LG,B,C,실행,3,112.5,112.5,46,2026-06-01,6,False,0.2319999999999999,목표,31,0.4057142857142857
2026-03-24,015760,한국전력,B,C,실행,3,2.1,2.1,1,2026-03-25,3,False,-0.0877850267379679,손절,3,-0.1572192513368984
2026-03-24,004020,현대제철,B,C,실행,3,42.4,42.4,36,2026-05-15,5,False,0.2104964539007092,트레일,37,0.1120567375886525
2026-03-26,087010,펩트론,B,C,실행,3,14.5,14.5,42,2026-05-28,5,False,-0.0705393103448276,손절,11,-0.0672413793103448
2026-03-26,460930,현대힘스,A,B,실행,3,11.7,11.7,20,2026-04-23,4,False,-0.0529351184346035,손절,1,-0.0859938208032955
2026-03-27,462350,이노스페이스,A,C,실행,3,17.6,17.6,29,2026-05-11,5,False,-0.0748717948717948,트레일,4,0.033974358974359
2026-03-30,071320,지역난방공사,A,C,실행,3,5.6,5.6,18,2026-04-23,4,False,-0.0625994694960212,손절,6,-0.0649867374005305
2026-03-31,010140,삼성중공업,B,B,실행,3,44.6,44.6,17,2026-04-23,4,False,0.3087934560327199,목표,16,0.1431492842535786
2026-03-31,454910,두산로보틱스,B,A,실행,3,113.8,113.8,42,2026-06-02,6,False,0.290503144654088,트레일,25,0.3396226415094339
2026-03-31,032350,롯데관광개발,A,C,실행,3,30.5,30.5,19,2026-04-27,4,False,-0.0527377521613833,손절,2,0.100864553314121
2026-03-31,499790,GS피앤엘,A,A,실행,3,41.7,41.7,21,2026-04-29,4,False,0.0687203791469195,목표,8,0.0308056872037914
2026-03-31,007660,이수페타시스,B,A,실행,3,67.8,67.8,16,2026-04-22,4,False,0.3520408163265305,목표,14,0.3183673469387755
2026-03-31,001040,CJ,B,C,실행,3,24.1,24.1,23,2026-05-04,5,False,0.0546296296296295,트레일,28,-0.1444444444444445
2026-03-31,348210,넥스틴,A,B,실행,3,26.4,26.4,19,2026-04-27,4,False,0.084,목표,1,0.0784
2026-03-31,089030,테크윙,A,B,실행,3,63.4,63.4,50,2026-06-15,6,False,0.0739514348785872,목표,1,0.1004415011037527
2026-03-31,000157,두산2우B,A,C,실행,3,72.2,72.2,24,2026-05-06,5,False,0.0918635170603674,목표,1,0.4041994750656168
2026-04-01,304360,에스바이오메딕스,A,A,실행,4,41.1,41.1,21,2026-04-30,4,False,-0.0505547445255474,손절,1,0.0419708029197081
2026-04-02,304360,에스바이오메딕스,A,C,실행,4,54.9,54.9,20,2026-04-30,4,False,0.0751503006012024,목표,1,0.1462925851703407
2026-04-03,001040,CJ,B,C,실행,4,23.0,23.0,20,2026-05-04,5,False,0.0452281069743052,트레일,25,-0.0718405873099108
2026-04-03,389650,넥스트바이오메디컬,A,C,실행,4,5.5,5.5,5,2026-04-10,4,False,-0.0838503672745695,손절,2,-0.3639817629179331
2026-04-03,141080,리가켐바이오,B,C,실행,4,21.1,21.1,16,2026-04-27,4,False,0.0297142857142858,트레일,21,-0.168
2026-04-03,007660,이수페타시스,B,C,실행,4,60.2,60.2,13,2026-04-22,4,False,0.2914230019493178,목표,11,0.3031189083820662
2026-04-07,042660,한화오션,B,C,실행,4,17.4,17.4,47,2026-06-17,6,False,-0.0332919768403638,트레일,26,-0.1472291149710504
2026-04-10,042660,한화오션,B,C,실행,4,15.0,15.0,44,2026-06-17,6,False,-0.0528768233387357,트레일,23,-0.1531604538087519
2026-04-10,445680,큐리옥스바이오시스템즈,A,C,실행,4,45.9,45.9,14,2026-04-30,4,False,0.069313593539704,목표,1,-0.0659488559892328
2026-04-14,051910,LG화학,B,C,실행,4,28.1,28.1,16,2026-05-08,5,False,0.2415812591508053,목표,13,0.055636896046852
2026-04-20,018260,삼성에스디에스,B,C,주의,4,116.1,116.1,27,2026-06-01,6,False,0.0951056729699666,목표,17,0.1790878754171301
2026-04-21,019170,신풍제약,A,A,주의,4,5.1,5.1,14,2026-05-13,5,False,-0.0525189393939394,손절,2,-0.2937710437710438
2026-04-23,000250,삼천당제약,B,C,주의,4,20.9,20.9,2,2026-04-27,4,False,0.027828947368421,트레일,8,-0.3723684210526315
2026-04-30,141080,리가켐바이오,B,C,주의,4,15.6,15.6,6,2026-05-12,5,False,-0.0174482006543075,트레일,10,-0.1821155943293347
2026-05-04,000250,삼천당제약,B,C,주의,5,9.4,9.4,5,2026-05-12,5,False,-0.07008547008547,트레일,8,-0.5018315018315018
2026-05-04,128940,한미약품,B,B,주의,5,29.9,29.9,19,2026-06-02,6,False,-0.0550674157303371,손절,4,-0.0202247191011235
2026-05-04,141080,리가켐바이오,B,C,주의,5,16.8,16.8,5,2026-05-12,5,False,-0.0071625344352617,트레일,9,-0.2126721763085399
2026-05-07,049630,재영솔루텍,A,C,주의,5,16.7,16.7,2,2026-05-11,5,False,0.0978260869565217,목표,2,-0.4412238325281803
2026-05-07,389470,인벤티지랩,A,C,주의,5,9.5,9.5,4,2026-05-13,5,False,-0.0551166965888689,손절,2,-0.3258527827648114
2026-05-08,064350,현대로템,B,C,주의,5,7.6,7.6,25,2026-06-16,6,False,-0.0838502242152466,손절,5,-0.1641255605381165
2026-05-12,098070,한텍,A,B,주의,5,5.1,5.1,1,2026-05-13,5,False,-0.0697146562905317,손절,4,-0.4254215304798963
2026-05-12,045390,대아티아이,A,C,주의,5,1.4,1.4,1,2026-05-13,5,False,-0.0900602409638554,손절,3,-0.3879518072289156
2026-05-12,475400,씨메스로보틱스,A,A,주의,5,7.4,7.4,3,2026-05-15,5,False,-0.0550706436420722,트레일,4,-0.4919937205651491
2026-05-13,373220,LG에너지솔루션,B,C,주의,5,15.7,15.7,13,2026-06-02,6,False,-0.0709302325581395,트레일,3,-0.2418604651162791
2026-05-13,377300,카카오페이,A,C,주의,5,13.1,13.1,1,2026-05-14,5,False,0.0812133072407044,목표,1,-0.2397260273972602
2026-05-14,078160,메디포스트,A,C,주의,5,7.8,7.8,1,2026-05-15,5,False,-0.0515388983532083,트레일,2,-0.5201590005678591
2026-05-15,389020,자람테크놀로지,A,C,실행,5,4.0,4.0,7,2026-05-27,5,False,-0.1013122203579418,손절,1,-0.5279642058165548
2026-05-18,108320,LX세미콘,A,A,실행,5,13.4,13.4,4,2026-05-22,5,False,-0.056180926916221,손절,1,-0.2727272727272727
2026-05-18,213420,덕산네오룩스,A,A,실행,5,5.5,5.5,5,2026-05-26,5,False,-0.0712195121951219,트레일,7,-0.2982261640798226
2026-05-18,009470,삼화전기,A,A,실행,5,46.0,46.0,5,2026-05-26,5,False,-0.0560450318159568,손절,2,-0.2819383259911894
2026-05-18,377300,카카오페이,A,C,실행,5,3.1,3.1,5,2026-05-26,5,False,-0.0741853360488798,손절,2,-0.1741344195519348
2026-05-18,348210,넥스틴,A,A,실행,5,21.0,21.0,5,2026-05-26,5,False,-0.0530262096774193,손절,2,-0.3467741935483871
2026-05-18,034220,LG디스플레이,B,C,실행,5,34.1,34.1,9,2026-06-01,6,False,-0.0914309185959671,손절,2,-0.1994025392083644
2026-05-18,389020,자람테크놀로지,A,A,실행,5,9.4,9.4,6,2026-05-27,5,False,-0.0540002450980393,손절,1,-0.471764705882353
2026-05-18,006730,서부T&D,A,A,실행,5,1.2,1.2,1,2026-05-19,5,False,-0.0502326530612244,손절,2,-0.1648979591836734
2026-05-18,056190,SFA,A,A,실행,5,25.5,25.5,5,2026-05-26,5,False,0.0707635009310987,목표,3,-0.1843575418994413
2026-05-18,114190,강원에너지,A,A,실행,5,6.8,6.8,5,2026-05-26,5,False,-0.0619976889613921,손절,2,-0.2854812398042414
2026-05-18,042520,한스바이오메드,A,B,실행,5,51.9,51.9,6,2026-05-27,5,False,0.0836820083682008,목표,1,0.0418410041841004
2026-05-18,214370,케어젠,B,B,실행,5,13.0,13.0,2,2026-05-20,5,False,-0.0374136522753792,손절,9,-0.2532088681446908
2026-05-18,475830,오름테라퓨틱,A,A,실행,5,16.5,16.5,5,2026-05-26,5,False,-0.0982613077679449,손절,1,-0.2861356932153392
2026-05-18,000250,삼천당제약,B,B,실행,5,6.3,6.3,1,2026-05-19,5,False,-0.0962248995983935,손절,2,-0.4870147255689424
2026-05-19,141080,리가켐바이오,A,B,실행,5,15.6,15.6,27,2026-06-29,6,False,-0.1030938123752495,손절,1,-0.3100465735196274
2026-05-19,204620,글로벌텍스프리,A,A,실행,5,6.1,6.1,20,2026-06-18,6,False,-0.051178768382353,손절,1,-0.1387867647058823
2026-05-19,086280,현대글로비스,B,C,실행,5,16.8,16.8,7,2026-05-29,5,False,-0.0070093457943924,트레일,10,-0.1186915887850467
2026-05-19,039200,오스코텍,A,B,실행,5,15.6,15.6,5,2026-05-27,5,False,0.075609756097561,목표,5,-0.2646341463414634
2026-05-19,078160,메디포스트,A,B,실행,5,-0.9,-0.9,1,2026-05-20,5,False,-0.0681369321922317,손절,1,-0.4233048057932851
2026-05-19,382900,범한퓨얼셀,A,B,실행,5,34.2,34.2,5,2026-05-27,5,False,-0.0678571428571428,손절,1,-0.393984962406015
2026-05-19,475830,오름테라퓨틱,A,A,실행,5,25.6,25.6,4,2026-05-26,5,False,0.1041335453100158,목표,3,-0.2782193958664547
2026-05-19,000250,삼천당제약,B,C,실행,5,7.8,7.8,4,2026-05-26,5,False,-0.0525581395348837,손절,1,-0.4963064295485636
2026-05-20,117730,티로보틱스,A,C,실행,5,33.1,33.1,5,2026-05-28,5,False,0.0688849970811442,목표,1,-0.357851722124927
2026-05-20,086280,현대글로비스,B,C,실행,5,18.8,18.8,6,2026-05-29,5,False,0.009501187648456,트레일,9,-0.1140142517814727
2026-05-20,317330,덕산테코피아,A,C,실행,5,17.3,17.3,3,2026-05-26,5,False,0.0816831683168317,목표,2,-0.5242574257425743
2026-05-20,455900,엔젤로보틱스,A,C,실행,5,29.8,29.8,8,2026-06-02,6,False,0.0753968253968253,목표,1,-0.3992063492063492
2026-05-20,247540,에코프로비엠,B,C,실행,5,33.3,33.3,3,2026-05-26,5,False,0.1328522920203734,트레일,8,-0.4108658743633276
2026-05-20,388720,유일로보틱스,A,A,실행,5,30.6,30.6,8,2026-06-02,6,False,0.0716723549488054,목표,1,-0.3458475540386803
2026-05-20,022100,포스코DX,A,A,실행,5,36.6,36.6,7,2026-06-01,6,False,0.0699831365935919,목표,1,-0.4094435075885329
2026-05-22,214370,케어젠,B,C,주의,5,6.8,6.8,2,2026-05-27,5,False,-0.074145342312009,손절,5,-0.3815937149270483
2026-05-27,336370,솔루스첨단소재,A,C,주의,5,40.7,40.7,3,2026-06-01,6,False,0.1031578947368421,목표,2,-0.2578947368421053
2026-05-28,336370,솔루스첨단소재,A,A,주의,5,43.8,43.8,2,2026-06-01,6,False,0.0870967741935484,목표,1,-0.2483870967741935
2026-05-28,101490,에스앤에스텍,A,A,주의,5,4.1,4.1,4,2026-06-04,6,False,-0.0617705278592375,손절,1,-0.3995601173020527
2026-05-28,010130,고려아연,B,A,주의,5,3.2,3.2,2,2026-06-01,6,False,-0.06567326007326,손절,5,-0.2461538461538461
2026-05-28,213420,덕산네오룩스,A,B,주의,5,1.6,1.6,1,2026-05-29,5,False,-0.0926966292134831,손절,3,-0.2434456928838951
2026-05-28,226590,엠디바이스,A,A,주의,5,1.5,1.5,1,2026-05-29,5,False,-0.0515347334410338,손절,1,-0.3914916532040926
2026-05-28,389020,자람테크놀로지,A,C,주의,5,6.7,6.7,1,2026-05-29,5,False,-0.0609620253164556,트레일,2,-0.5043037974683544
2026-05-28,399720,가온칩스,A,A,주의,5,15.8,15.8,10,2026-06-12,6,False,0.0755919854280509,목표,1,-0.0728597449908925
2026-05-28,056190,SFA,A,A,주의,5,3.5,3.5,4,2026-06-04,6,False,-0.0760036496350364,손절,6,-0.2445255474452554
2026-05-28,051370,인터플렉스,A,A,주의,5,0.4,0.4,1,2026-05-29,5,False,-0.0699179580674567,손절,1,-0.3928896991795807
2026-05-28,086390,유니테스트,A,A,주의,5,8.3,8.3,10,2026-06-12,6,False,-0.0586781609195402,손절,1,-0.4767090139140956
2026-05-28,458870,씨어스,A,C,주의,5,36.0,36.0,22,2026-06-30,6,False,-0.0726190476190475,손절,1,-0.1317460317460317
2026-05-29,086390,유니테스트,A,B,주의,5,16.6,16.6,9,2026-06-12,6,False,-0.0530944625407165,손절,1,-0.5100977198697069
2026-05-29,199800,툴젠,A,C,주의,5,15.6,15.6,2,2026-06-02,6,False,0.0172141372141372,트레일,4,-0.1933471933471933
2026-06-01,403550,쏘카,A,B,주의,6,2.3,2.3,2,2026-06-04,6,False,-0.0592009685230023,손절,3,-0.2187247780468119
2026-06-01,174900,앱클론,A,B,주의,6,6.5,6.5,11,2026-06-17,6,False,-0.0637283236994219,손절,4,-0.5138728323699422
2026-06-01,243070,휴온스,A,B,주의,6,15.4,15.4,5,2026-06-09,6,False,-0.0551724137931034,손절,3,-0.176043557168784
2026-06-01,001340,PKC,A,B,주의,6,9.6,9.6,15,2026-06-23,6,False,-0.0696195652173913,손절,1,-0.3307453416149069
2026-06-01,204270,제이앤티씨,A,B,주의,6,31.9,31.9,15,2026-06-23,6,False,-0.0549634273772204,손절,1,-0.3834900731452455
2026-06-02,047810,한국항공우주,B,C,주의,6,13.1,13.1,23,2026-07-06,7,False,-0.0816673469387755,손절,2,-0.1809523809523809
2026-06-02,161000,애경케미칼,A,A,주의,6,6.7,6.7,11,2026-06-18,6,False,-0.0676548672566371,손절,3,-0.3247787610619469
2026-06-02,086280,현대글로비스,B,C,주의,6,2.7,2.7,10,2026-06-17,6,False,-0.0838207674943567,손절,2,-0.1264108352144469
2026-06-02,003670,포스코퓨처엠,B,C,주의,6,4.7,4.7,1,2026-06-04,6,False,-0.0991860674157303,손절,3,-0.4170786516853932
2026-06-02,310210,보로노이,B,B,주의,6,6.4,6.4,1,2026-06-04,6,False,-0.03,손절,1,-0.5703862660944206
2026-06-02,001340,PKC,A,B,주의,6,15.4,15.4,14,2026-06-23,6,False,-0.0717320261437908,손절,3,-0.3006535947712418
2026-06-04,003670,포스코퓨처엠,B,C,주의,6,0.2,0.2,1,2026-06-05,6,False,-0.0951191873589164,손절,2,-0.3783295711060948
2026-06-04,082740,한화엔진,B,C,주의,6,20.9,20.9,9,2026-06-17,6,False,-0.1009301919720768,손절,2,-0.3184991273996509
2026-06-04,455900,엔젤로보틱스,A,B,주의,6,-0.6,-0.6,1,2026-06-05,6,False,-0.0761948529411764,손절,2,-0.2591911764705882
2026-06-05,052020,에스티큐브,A,C,실행,6,13.2,13.2,5,2026-06-12,6,False,-0.0829479768786126,손절,1,
2026-06-05,022100,포스코DX,A,B,실행,6,-0.3,-0.3,6,2026-06-15,6,False,-0.0637321632420091,손절,1,
2026-06-05,388720,유일로보틱스,A,A,실행,6,-1.9,-1.9,1,2026-06-08,6,False,-0.1105945945945946,손절,3,
2026-06-08,397030,에이프릴바이오,A,B,실행,6,16.5,16.5,7,2026-06-17,6,False,-0.0847560975609755,손절,1,
2026-06-08,060370,LS마린솔루션,A,B,실행,6,22.1,22.1,6,2026-06-16,6,False,0.070915619389587,목표,2,
2026-06-08,214370,케어젠,A,C,실행,6,24.6,24.6,4,2026-06-12,6,False,0.1195014662756597,목표,1,
2026-06-08,247540,에코프로비엠,A,A,실행,6,16.8,16.8,5,2026-06-15,6,False,0.1180338134001253,목표,4,
2026-06-08,425420,티에프이,A,B,실행,6,41.2,41.2,4,2026-06-12,6,False,0.0829411764705883,목표,1,
2026-06-08,005385,현대차우,B,C,실행,6,9.3,9.3,5,2026-06-15,6,False,-0.0679423157894737,손절,11,
2026-06-08,265520,AP시스템,A,B,실행,6,28.5,28.5,6,2026-06-16,6,False,0.0881642512077294,목표,1,
2026-06-08,161580,필옵틱스,A,C,실행,6,21.0,21.0,6,2026-06-16,6,False,-0.0464751958224542,트레일,3,
2026-06-08,066970,엘앤에프,B,A,실행,6,17.8,17.8,7,2026-06-17,6,False,-0.0330361155698234,손절,1,
2026-06-08,286940,롯데이노베이트,A,C,실행,6,3.6,3.6,1,2026-06-09,6,False,-0.0681498240321769,손절,10,
2026-06-08,048410,현대바이오,A,C,실행,6,15.0,15.0,6,2026-06-16,6,False,-0.0575056433408578,손절,2,
2026-06-08,253590,네오셈,A,B,실행,6,27.3,27.3,5,2026-06-15,6,False,0.1070826306913996,목표,1,
2026-06-08,003670,포스코퓨처엠,A,B,실행,6,13.5,13.5,7,2026-06-17,6,False,0.0900372935535429,목표,4,
2026-06-08,078520,에이블씨엔씨,A,B,실행,6,11.7,11.7,4,2026-06-12,6,False,0.075609756097561,목표,4,
2026-06-08,117730,티로보틱스,A,B,실행,6,15.8,15.8,6,2026-06-16,6,False,0.0717488789237668,목표,2,
2026-06-08,388720,유일로보틱스,A,B,실행,6,5.5,5.5,2,2026-06-10,6,False,-0.0701413427561837,손절,9,
2026-06-08,086520,에코프로,A,C,실행,6,19.3,19.3,6,2026-06-16,6,False,0.1121673003802281,목표,4,
2026-06-08,105840,우진,A,C,실행,6,28.5,28.5,8,2026-06-18,6,False,0.0815018315018314,목표,1,
2026-06-08,009830,한화솔루션,A,A,실행,6,26.2,26.2,6,2026-06-16,6,False,0.0741007194244605,목표,2,
2026-06-08,042370,비츠로테크,A,B,실행,6,14.8,14.8,7,2026-06-17,6,False,0.0781399808245446,목표,1,
2026-06-08,482630,삼양엔씨켐,A,B,실행,6,63.9,63.9,10,2026-06-22,6,False,0.0959787556904401,목표,1,
2026-06-08,061970,LB세미콘,A,C,실행,6,41.6,41.6,8,2026-06-18,6,False,0.1245398773006134,목표,3,
2026-06-08,099320,쎄트렉아이,A,C,실행,6,17.0,17.0,4,2026-06-12,6,False,0.0765682656826567,목표,1,
2026-06-08,281740,레이크머티리얼즈,A,C,실행,6,25.1,25.1,6,2026-06-16,6,False,0.0887258172114742,목표,4,
2026-06-08,039440,에스티아이,A,C,실행,6,34.2,34.2,4,2026-06-12,6,False,0.0965794768611669,목표,1,
2026-06-08,115180,큐리언트,A,B,실행,6,17.8,17.8,4,2026-06-12,6,False,0.0845665961945032,목표,2,
2026-06-08,226950,올릭스,A,C,실행,6,46.6,46.6,17,2026-07-01,7,False,-0.0186274509803922,트레일,2,
2026-06-08,00088K,한화3우B,A,B,실행,6,14.4,14.4,7,2026-06-17,6,False,0.0871212121212121,목표,6,
2026-06-08,222080,SFA넥셀,A,C,실행,6,15.6,15.6,5,2026-06-15,6,False,0.0916069600818834,목표,2,
2026-06-08,323280,태성,A,C,실행,6,18.1,18.1,5,2026-06-15,6,False,0.0987394957983194,목표,1,
2026-06-08,052020,에스티큐브,A,A,실행,6,20.3,20.3,4,2026-06-12,6,False,0.0777891504605936,목표,1,
2026-06-08,310210,보로노이,A,C,실행,6,24.0,24.0,7,2026-06-17,6,False,0.1201657458563536,목표,2,
2026-06-08,007660,이수페타시스,A,C,실행,6,27.9,27.9,17,2026-07-01,7,False,-0.0101040681173131,트레일,3,
2026-06-08,357780,솔브레인,A,C,실행,6,42.4,42.4,4,2026-06-12,6,False,0.0933641975308641,목표,2,
2026-06-08,089010,켐트로닉스,A,C,실행,6,19.3,19.3,6,2026-06-16,6,False,0.1305555555555555,목표,4,
2026-06-08,137400,피엔티,A,C,실행,6,15.1,15.1,6,2026-06-16,6,False,0.0690104166666667,목표,4,
2026-06-08,376270,HEM파마,A,A,실행,6,25.0,25.0,9,2026-06-19,6,False,0.0842230130486358,목표,4,
2026-06-08,010130,고려아연,A,B,실행,6,15.8,15.8,7,2026-06-17,6,False,0.0726718885987816,목표,4,
2026-06-08,000157,두산2우B,A,B,실행,6,9.5,9.5,4,2026-06-12,6,False,-0.0761990950226244,트레일,3,
2026-06-08,200710,에이디테크놀로지,A,A,실행,6,36.8,36.8,4,2026-06-12,6,False,0.0872641509433962,목표,1,
2026-06-08,003160,디아이,A,B,실행,6,31.1,31.1,4,2026-06-12,6,False,0.0946808510638297,목표,1,
2026-06-08,012030,DB,A,B,실행,6,20.4,20.4,5,2026-06-15,6,False,0.0780162412993039,목표,1,
2026-06-08,383310,에코프로에이치엔,A,C,실행,6,30.3,30.3,9,2026-06-19,6,False,0.0766355140186916,목표,1,
2026-06-08,030530,원익홀딩스,A,A,실행,6,50.2,50.2,4,2026-06-12,6,False,0.1105990783410137,목표,1,
2026-06-08,001430,세아베스틸지주,A,A,실행,6,18.0,18.0,5,2026-06-15,6,False,0.0719101123595504,목표,3,
2026-06-08,014680,한솔케미칼,A,B,실행,6,38.7,38.7,17,2026-07-01,7,False,0.1,목표,1,
2026-06-08,036830,솔브레인홀딩스,A,C,실행,6,26.5,26.5,4,2026-06-12,6,False,0.0919117647058822,목표,2,
2026-06-08,107640,한중엔시에스,A,C,실행,6,16.3,16.3,6,2026-06-16,6,False,0.0829113924050632,목표,2,
2026-06-08,034020,두산에너빌리티,A,B,실행,6,27.4,27.4,8,2026-06-18,6,False,0.078088578088578,목표,1,
2026-06-08,004020,현대제철,A,B,실행,6,11.4,11.4,5,2026-06-15,6,False,-0.0671171171171171,손절,3,
2026-06-08,102940,코오롱생명과학,A,B,실행,6,25.1,25.1,10,2026-06-22,6,False,0.0794183445190157,목표,1,
2026-06-08,083650,비에이치아이,A,A,실행,6,34.8,34.8,4,2026-06-12,6,False,0.0894648829431439,목표,4,
2026-06-08,466100,클로봇,A,C,실행,6,3.7,3.7,6,2026-06-16,6,False,-0.0601333333333333,손절,1,
2026-06-08,058470,리노공업,B,C,실행,6,28.7,28.7,4,2026-06-12,6,False,0.0937132784958871,트레일,8,
2026-06-08,056080,유진로봇,A,B,실행,6,13.4,13.4,4,2026-06-12,6,False,0.0696202531645568,목표,1,
2026-06-08,036200,유니셈,A,B,실행,6,47.3,47.3,4,2026-06-12,6,False,0.1174832962138083,목표,1,
2026-06-08,178920,PI첨단소재,A,C,실행,6,22.9,22.9,5,2026-06-15,6,False,0.0746268656716417,목표,1,
2026-06-08,267260,HD현대일렉트릭,B,A,실행,6,36.4,36.4,6,2026-06-16,6,False,0.1597862767154105,트레일,11,
2026-06-08,445680,큐리옥스바이오시스템즈,A,A,실행,6,3.0,3.0,1,2026-06-09,6,False,-0.0508768459915612,손절,1,
2026-06-08,011930,신성이엔지,A,B,실행,6,24.6,24.6,5,2026-06-15,6,False,0.0893042575285565,목표,1,
2026-06-08,272290,이녹스첨단소재,A,C,실행,6,16.7,16.7,5,2026-06-15,6,False,0.071705426356589,목표,1,
2026-06-09,397030,에이프릴바이오,A,A,실행,6,15.2,15.2,6,2026-06-17,6,False,0.1055488540410132,목표,6,
2026-06-09,267250,HD현대,B,C,실행,6,17.2,17.2,5,2026-06-16,6,False,-0.0036307053941908,트레일,7,
2026-06-09,005387,현대차2우B,B,C,실행,6,4.6,4.6,4,2026-06-15,6,False,-0.0943923232323232,손절,10,
2026-06-09,048410,현대바이오,A,C,실행,6,15.9,15.9,5,2026-06-16,6,False,-0.0510807736063708,손절,1,
2026-06-09,445680,큐리옥스바이오시스템즈,A,B,실행,6,-0.1,-0.1,4,2026-06-15,6,False,-0.0729434763181413,손절,1,
2026-06-09,066970,엘앤에프,B,A,실행,6,13.3,13.3,6,2026-06-17,6,False,-0.0703418209876542,손절,2,
2026-06-09,042520,한스바이오메드,A,C,실행,6,19.5,19.5,24,2026-07-13,7,False,0.0902489626556015,목표,3,
2026-06-09,466100,클로봇,A,C,실행,6,7.5,7.5,5,2026-06-16,6,False,-0.0788674033149171,손절,1,
2026-06-09,329180,HD현대중공업,B,C,실행,6,20.6,20.6,6,2026-06-17,6,False,0.0249999999999999,트레일,10,
2026-06-09,007660,이수페타시스,B,A,실행,6,16.8,16.8,16,2026-07-01,7,False,-0.0470880829015544,손절,1,
2026-06-10,445680,큐리옥스바이오시스템즈,A,C,실행,6,7.7,7.7,3,2026-06-15,6,False,-0.0815751445086705,손절,1,
2026-06-10,035420,NAVER,A,B,실행,6,17.0,17.0,4,2026-06-16,6,False,0.1145374449339207,목표,2,
2026-06-11,035420,NAVER,A,C,실행,6,18.5,18.5,3,2026-06-16,6,False,0.0736607142857141,목표,1,
2026-06-16,092200,디아이씨,A,C,주의,6,1.1,1.1,1,2026-06-17,6,False,-0.0851195743784239,손절,2,
2026-06-16,124500,아이티센글로벌,A,B,주의,6,4.8,4.8,1,2026-06-17,6,False,-0.0775,트레일,3,
2026-06-16,304360,에스바이오메딕스,A,B,주의,6,3.2,3.2,1,2026-06-17,6,False,-0.0786252354048964,손절,2,
2026-06-16,083650,비에이치아이,A,B,주의,6,8.5,8.5,2,2026-06-18,6,False,-0.0449411764705882,트레일,3,
2026-06-17,092200,디아이씨,A,A,주의,6,0.5,0.5,1,2026-06-18,6,False,-0.05249343832021,손절,1,
2026-06-17,247540,에코프로비엠,B,B,주의,6,-0.3,-0.3,1,2026-06-18,6,False,-0.0518788888888889,손절,1,
2026-06-18,001430,세아베스틸지주,A,B,주의,6,-0.6,-0.6,1,2026-06-19,6,False,-0.0554976851851851,손절,1,
2026-06-18,112610,씨에스윈드,A,C,주의,6,3.5,3.5,10,2026-07-02,7,False,-0.0510650224215246,손절,1,
2026-06-18,047050,포스코인터내셔널,A,B,주의,6,2.7,2.7,25,2026-07-24,7,False,-0.0516873889875666,손절,2,
2026-06-18,092200,디아이씨,A,C,주의,6,0.1,0.1,1,2026-06-19,6,False,-0.05,손절,1,
2026-06-18,012750,에스원,A,C,주의,6,15.2,15.2,15,2026-07-09,7,False,-0.05,손절,6,
2026-06-18,267250,HD현대,B,C,주의,6,1.5,1.5,1,2026-06-19,6,False,-0.0905995807127882,손절,3,
2026-06-19,115180,큐리언트,A,B,주의,6,3.5,3.5,6,2026-06-29,6,False,-0.0916666666666666,손절,2,
2026-06-19,079900,전진건설로봇,A,C,주의,6,1.3,1.3,1,2026-06-22,6,False,-0.0970677451971688,손절,2,
2026-06-19,086520,에코프로,B,A,주의,6,2.3,2.3,6,2026-06-29,6,False,-0.0465150862068965,손절,2,
2026-06-19,445090,에이직랜드,A,C,주의,6,3.5,3.5,1,2026-06-22,6,False,-0.0743144424131626,손절,2,
2026-06-19,023160,태광,A,B,주의,6,1.5,1.5,1,2026-06-22,6,False,-0.0728130360205832,손절,2,
2026-06-19,011210,현대위아,A,B,주의,6,-0.7,-0.7,1,2026-06-22,6,False,-0.0786694101508916,손절,2,
2026-06-19,298020,효성티앤씨,A,B,주의,6,14.8,14.8,25,2026-07-27,7,False,-0.0694207836456558,손절,2,
2026-06-19,124500,아이티센글로벌,A,A,주의,6,-0.6,-0.6,1,2026-06-22,6,False,-0.0575969551282051,손절,1,
2026-06-19,066970,엘앤에프,B,A,주의,6,1.6,1.6,1,2026-06-22,6,False,-0.0631127527216174,손절,2,
2026-06-19,011790,SKC,A,C,주의,6,2.0,2.0,2,2026-06-23,6,False,-0.1038127090301003,트레일,2,
2026-06-19,00088K,한화3우B,A,C,주의,6,2.4,2.4,11,2026-07-06,7,False,-0.0658944658944659,손절,2,
2026-06-19,397030,에이프릴바이오,A,C,주의,6,14.6,14.6,6,2026-06-29,6,False,-0.0801587301587302,손절,1,
2026-06-22,002020,코오롱,A,C,주의,6,5.9,5.9,7,2026-07-01,7,False,-0.0732012513034411,트레일,4,
2026-06-22,277810,레인보우로보틱스,B,C,주의,6,1.0,1.0,1,2026-06-23,6,False,-0.0859485165794066,손절,1,
2026-06-22,044490,태웅,A,C,주의,6,8.0,8.0,1,2026-06-23,6,False,-0.058728943338438,손절,1,
2026-06-22,347700,스피어,A,A,주의,6,35.2,35.2,7,2026-07-01,7,False,-0.0669699021820918,손절,1,
2026-06-22,348340,뉴로메카,A,C,주의,6,1.0,1.0,1,2026-06-23,6,False,-0.0628694581280788,손절,1,
2026-06-22,295310,에이치브이엠,A,B,주의,6,8.9,8.9,7,2026-07-01,7,False,-0.0663576158940397,손절,1,
2026-06-22,052690,한전기술,A,A,주의,6,2.9,2.9,1,2026-06-23,6,False,-0.0514006938421509,손절,1,
2026-06-22,354320,알멕,A,A,주의,6,-2.6,-2.6,1,2026-06-23,6,False,-0.063829101951414,손절,1,
2026-06-23,005385,현대차우,A,B,실행,6,6.3,6.3,9,2026-07-06,7,False,-0.05,손절,12,
2026-06-23,376270,HEM파마,A,B,실행,6,16.9,16.9,2,2026-06-25,6,False,0.1144578313253013,목표,2,
2026-06-23,086280,현대글로비스,A,B,실행,6,15.0,15.0,22,2026-07-24,7,False,-0.05,손절,3,
2026-06-23,336370,솔루스첨단소재,A,C,실행,6,3.1,3.1,1,2026-06-24,6,False,-0.0834861553432413,손절,3,
2026-06-23,100790,미래에셋벤처투자,A,C,실행,6,4.9,4.9,2,2026-06-25,6,False,-0.0766502463054187,트레일,3,
2026-06-23,003670,포스코퓨처엠,A,C,실행,6,8.6,8.6,4,2026-06-29,6,False,-0.0549450549450549,손절,3,
2026-06-23,051910,LG화학,A,C,실행,6,6.0,6.0,4,2026-06-29,6,False,-0.0532590051457976,손절,3,
2026-06-23,092870,엑시콘,A,B,실행,6,14.1,14.1,6,2026-07-01,7,False,-0.0568181069958847,손절,3,
2026-06-23,018880,한온시스템,A,B,실행,6,4.3,4.3,2,2026-06-25,6,False,-0.056373417721519,손절,3,
2026-06-23,417200,LS머트리얼즈,A,A,실행,6,9.9,9.9,6,2026-07-01,7,False,-0.0566094717064544,손절,3,
2026-06-23,332570,PS일렉트로닉스,A,C,실행,6,40.5,40.5,25,2026-07-29,7,False,-0.0597103918228278,손절,3,
2026-06-23,437730,삼현,A,B,실행,6,11.4,11.4,1,2026-06-24,6,False,0.0786369593709044,목표,1,
2026-06-23,011210,현대위아,A,C,실행,6,6.0,6.0,6,2026-07-01,7,False,-0.0574921135646687,손절,3,
2026-06-23,448900,한국피아이엠,A,B,실행,6,4.9,4.9,2,2026-06-25,6,False,-0.0575931683587142,손절,2,
2026-06-23,295310,에이치브이엠,A,C,실행,6,19.6,19.6,6,2026-07-01,7,False,-0.0846462121212122,손절,2,
2026-06-23,00680K,미래에셋증권2우B,A,C,실행,6,20.7,20.7,6,2026-07-01,7,False,0.0818601076095311,목표,2,
2026-06-23,097230,HJ중공업,A,C,실행,6,15.1,15.1,4,2026-06-29,6,False,0.0688775510204082,목표,1,
2026-06-23,049070,인탑스,A,C,실행,6,24.2,24.2,19,2026-07-21,7,False,0.1147291539866097,목표,1,
2026-06-23,036570,NC,A,C,실행,6,13.5,13.5,7,2026-07-02,7,False,0.0734989648033126,목표,4,
2026-06-23,000370,한화손해보험,A,B,실행,6,6.1,6.1,13,2026-07-10,7,False,-0.05,손절,3,
2026-06-23,389500,에스비비테크,A,B,실행,6,9.8,9.8,6,2026-07-01,7,False,-0.0578327444051826,손절,3,
2026-06-24,039440,에스티아이,A,B,실행,6,26.0,26.0,5,2026-07-01,7,False,-0.0595419847328244,트레일,2,
2026-06-24,003160,디아이,A,B,실행,6,24.1,24.1,5,2026-07-01,7,False,0.0880503144654087,목표,4,
2026-06-24,027360,아주IB투자,A,A,실행,6,4.6,4.6,1,2026-06-25,6,False,-0.0753745000000001,손절,2,
2026-06-24,200710,에이디테크놀로지,A,C,실행,6,23.4,23.4,12,2026-07-10,7,False,-0.0684949832775919,트레일,2,
2026-06-24,230240,에치에프알,A,A,실행,6,7.2,7.2,1,2026-06-25,6,False,-0.056359102244389,트레일,2,
2026-06-24,110990,디아이티,A,C,실행,6,13.5,13.5,5,2026-07-01,7,False,-0.0705408271474019,트레일,2,
2026-06-24,336370,솔루스첨단소재,A,B,실행,6,3.3,3.3,1,2026-06-25,6,False,-0.0621156804198335,손절,2,
2026-06-24,061970,LB세미콘,A,B,실행,6,9.7,9.7,5,2026-07-01,7,False,-0.0731596828992072,트레일,2,
2026-06-24,033240,자화전자,A,A,실행,6,4.9,4.9,1,2026-06-25,6,False,-0.0551820715962442,손절,2,
2026-06-24,030530,원익홀딩스,A,B,실행,6,5.5,5.5,1,2026-06-25,6,False,-0.0565668202764977,손절,2,
2026-06-24,058470,리노공업,B,C,실행,6,4.9,4.9,1,2026-06-25,6,False,-0.080093896713615,손절,6,
2026-06-24,323280,태성,A,B,실행,6,3.7,3.7,1,2026-06-25,6,False,-0.0900107991360691,손절,1,
2026-06-24,448900,한국피아이엠,A,A,실행,6,4.9,4.9,1,2026-06-25,6,False,-0.0546461858432035,손절,1,
2026-06-24,092870,엑시콘,A,A,실행,6,14.4,14.4,5,2026-07-01,7,False,-0.0525925123762377,손절,2,
2026-06-24,036200,유니셈,A,A,실행,6,21.3,21.3,4,2026-06-30,6,False,-0.0691220556745182,트레일,2,
2026-06-24,357780,솔브레인,A,B,실행,6,13.8,13.8,4,2026-06-30,6,False,0.0703703703703704,목표,4,
2026-06-24,254490,미래반도체,A,C,실행,6,6.9,6.9,1,2026-06-25,6,False,-0.0596078431372548,트레일,2,
2026-06-26,126340,비나텍,A,A,실행,6,34.3,34.3,3,2026-07-01,7,False,0.1034912718204488,목표,3,
2026-06-26,229640,LS에코에너지,A,A,실행,6,29.7,29.7,3,2026-07-01,7,False,0.0700836820083681,목표,1,
2026-06-26,010690,화신,A,A,실행,6,14.8,14.8,1,2026-06-29,6,False,0.1019900497512438,목표,1,
2026-06-26,092790,넥스틸,A,A,실행,6,4.3,4.3,1,2026-06-29,6,False,-0.0645213193885759,손절,4,
2026-06-26,120110,코오롱인더,A,B,실행,6,15.3,15.3,2,2026-06-30,6,False,0.0837742504409171,목표,1,
2026-06-26,078600,대주전자재료,A,B,실행,6,16.6,16.6,3,2026-07-01,7,False,0.0728100113765641,목표,1,
2026-06-26,090710,휴림로봇,A,A,실행,6,17.3,17.3,2,2026-06-30,6,False,0.0842318059299191,목표,1,
2026-06-26,032500,케이엠더블유,A,B,실행,6,10.1,10.1,2,2026-06-30,6,False,0.0769230769230768,목표,1,
2026-06-26,456010,아이씨티케이,A,B,실행,6,12.4,12.4,11,2026-07-13,7,False,0.0850422195416165,목표,1,
2026-06-26,041920,메디아나,A,C,실행,6,14.9,14.9,2,2026-06-30,6,False,0.0893358278765201,목표,1,
2026-06-26,010950,S-Oil,A,A,실행,6,67.9,67.9,19,2026-07-24,7,False,0.0756437768240343,목표,1,
2026-06-26,093320,케이아이엔엑스,A,B,실행,6,48.5,48.5,20,2026-07-27,7,False,0.0765407554671968,목표,2,
2026-06-26,066970,엘앤에프,A,C,실행,6,18.8,18.8,1,2026-06-29,6,False,0.0748230535894842,목표,1,
2026-06-26,033100,제룡전기,A,C,실행,6,37.7,37.7,4,2026-07-02,7,False,0.0718599033816425,목표,1,
2026-06-29,058470,리노공업,B,C,실행,6,4.5,4.5,2,2026-07-01,7,False,-0.0811723329425556,손절,3,
2026-07-01,950160,코오롱티슈진,B,C,실행,7,4.1,4.1,3,2026-07-06,7,False,-0.0916940860215054,손절,2,
2026-07-01,161390,한국타이어앤테크놀로지,B,C,실행,7,23.6,23.6,15,2026-07-23,7,False,0.2101910828025477,목표,15,
2026-07-01,086520,에코프로,A,B,실행,7,-0.2,-0.2,1,2026-07-02,7,False,-0.063279569892473,손절,1,
2026-07-02,039030,이오테크닉스,B,C,실행,7,6.5,6.5,7,2026-07-13,7,False,-0.0971053315994798,손절,4,
2026-07-02,357780,솔브레인,A,A,실행,7,11.7,11.7,7,2026-07-13,7,False,0.1021416803953871,목표,7,
2026-07-02,200470,에이팩트,A,B,실행,7,4.8,4.8,1,2026-07-03,7,False,-0.0576779100529102,손절,1,
2026-07-02,042700,한미반도체,B,A,실행,7,25.3,25.3,10,2026-07-16,7,False,-0.0352145785876993,손절,1,
2026-07-02,108490,로보티즈,A,B,실행,7,7.7,7.7,13,2026-07-22,7,False,-0.0656415198237885,손절,1,
2026-07-03,482630,삼양엔씨켐,A,A,실행,7,1.2,1.2,1,2026-07-06,7,False,-0.0755066430066431,손절,2,
2026-07-03,001440,대한전선,B,A,실행,7,1.5,1.5,1,2026-07-06,7,False,-0.0784410334346504,손절,2,
2026-07-03,089030,테크윙,A,B,실행,7,16.1,16.1,8,2026-07-15,7,False,-0.1086695278969956,트레일,2,
2026-07-03,042700,한미반도체,B,A,실행,7,18.3,18.3,9,2026-07-16,7,False,-0.089159569892473,손절,2,
2026-07-03,168360,펨트론,A,A,실행,7,1.6,1.6,1,2026-07-06,7,False,-0.0530176971326163,손절,1,
2026-07-03,000720,현대건설,B,A,실행,7,4.2,4.2,1,2026-07-06,7,False,-0.0794674761491761,손절,2,
2026-07-03,267260,HD현대일렉트릭,B,A,실행,7,0.8,0.8,1,2026-07-06,7,False,-0.0711608465608465,손절,2,
2026-07-03,200470,에이팩트,A,A,실행,7,1.4,1.4,1,2026-07-06,7,False,-0.0506313131313131,손절,1,
2026-07-03,003160,디아이,A,A,실행,7,0.2,0.2,1,2026-07-06,7,False,-0.1182186234817813,트레일,3,
2026-07-03,007660,이수페타시스,A,C,실행,7,-0.5,-0.5,1,2026-07-06,7,False,-0.0868725401150469,손절,2,
2026-07-03,033790,피노,A,A,실행,7,10.8,10.8,6,2026-07-13,7,False,-0.12,트레일,2,
2026-07-03,126340,비나텍,A,A,실행,7,0.0,0.0,1,2026-07-06,7,False,-0.12,트레일,3,
2026-07-06,018260,삼성에스디에스,B,C,실행,7,16.9,16.9,14,2026-07-27,7,False,-0.0062079668908432,트레일,16,
2026-07-06,347850,디앤디파마텍,A,C,실행,7,22.0,22.0,3,2026-07-09,7,False,0.0711462450592885,목표,1,
2026-07-06,226950,올릭스,A,C,실행,7,9.6,9.6,1,2026-07-07,7,False,0.0807407407407407,목표,1,
2026-07-06,007660,이수페타시스,A,C,실행,7,6.6,6.6,5,2026-07-13,7,False,-0.0528134254689042,손절,2,
2026-07-06,033790,피노,A,B,실행,7,15.5,15.5,5,2026-07-13,7,False,-0.0979641693811075,손절,2,
2026-07-07,403870,HPSP,A,B,실행,7,15.1,15.1,4,2026-07-13,7,False,-0.0694578313253012,손절,1,
2026-07-07,043260,성호전자,A,B,실행,7,18.0,18.0,4,2026-07-13,7,False,-0.0690979381443298,손절,1,
2026-07-07,077360,덕산하이메탈,A,A,실행,7,21.4,21.4,4,2026-07-13,7,False,-0.0533436274509804,손절,1,
2026-07-07,006400,삼성SDI,B,C,실행,7,8.2,8.2,4,2026-07-13,7,False,-0.0779550561797752,손절,1,
2026-07-08,267260,HD현대일렉트릭,A,C,실행,7,7.2,7.2,2,2026-07-10,7,False,0.0706388206388206,목표,2,
2026-07-08,033100,제룡전기,A,B,실행,7,11.5,11.5,11,2026-07-24,7,False,0.0818713450292398,목표,2,
2026-07-08,000880,한화,A,C,실행,7,6.5,6.5,3,2026-07-13,7,False,-0.0625267665952891,트레일,4,
2026-07-08,218410,RFHIC,A,C,실행,7,10.3,10.3,2,2026-07-10,7,False,-0.0538461538461538,손절,1,
2026-07-08,005290,동진쎄미켐,A,A,실행,7,17.9,17.9,3,2026-07-13,7,False,0.0750293083235638,목표,2,
2026-07-08,001440,대한전선,A,B,실행,7,11.7,11.7,3,2026-07-13,7,False,0.0718085106382979,목표,2,
2026-07-08,005380,현대차,B,C,실행,7,4.2,4.2,3,2026-07-13,7,False,-0.0705827027027027,손절,4,
2026-07-08,001720,신영증권,A,B,실행,7,4.5,4.5,3,2026-07-13,7,False,-0.0604870129870129,손절,7,
2026-07-08,082740,한화엔진,A,C,실행,7,16.2,16.2,11,2026-07-24,7,False,-0.0584916201117318,손절,1,
2026-07-08,039030,이오테크닉스,A,B,실행,7,18.7,18.7,3,2026-07-13,7,False,0.076086956521739,목표,2,
2026-07-08,298040,효성중공업,B,C,실행,7,11.2,11.2,2,2026-07-10,7,False,-0.0551692078839717,트레일,4,
2026-07-08,033640,네패스,A,C,실행,7,31.3,31.3,3,2026-07-13,7,False,0.0686065136145221,목표,1,
2026-07-08,336260,두산퓨얼셀,A,C,실행,7,14.2,14.2,3,2026-07-13,7,False,0.1131301289566237,목표,2,
2026-07-08,058610,에스피지,A,C,실행,7,47.9,47.9,16,2026-07-31,7,False,0.0732628398791541,목표,1,
2026-07-08,098460,고영,A,B,실행,7,18.4,18.4,3,2026-07-13,7,False,0.0689999999999999,목표,2,
2026-07-08,062040,산일전기,B,B,실행,7,9.0,9.0,2,2026-07-10,7,False,-0.0523720538720539,손절,3,
2026-07-08,195870,해성디에스,A,B,실행,7,35.8,35.8,5,2026-07-15,7,False,0.092479674796748,목표,1,
2026-07-08,403870,HPSP,A,B,실행,7,24.8,24.8,3,2026-07-13,7,False,0.0816993464052286,목표,1,
2026-07-08,166090,하나머티리얼즈,A,B,실행,7,27.2,27.2,3,2026-07-13,7,False,0.0727650727650728,목표,1,
2026-07-08,032820,우리기술,A,C,실행,7,26.6,26.6,3,2026-07-13,7,False,0.0937818552497451,목표,1,
2026-07-08,043260,성호전자,A,B,실행,7,22.5,22.5,3,2026-07-13,7,False,0.06848582129481,목표,1,
2026-07-08,229640,LS에코에너지,A,B,실행,7,25.0,25.0,10,2026-07-23,7,False,0.0814220183486238,목표,3,
2026-07-08,006910,보성파워텍,A,C,실행,7,17.6,17.6,3,2026-07-13,7,False,0.0824,목표,1,
2026-07-08,103590,일진전기,A,C,실행,7,9.4,9.4,3,2026-07-13,7,False,0.0708598726114648,목표,2,
2026-07-08,000720,현대건설,A,B,실행,7,10.4,10.4,11,2026-07-24,7,False,0.071002979145978,목표,2,
2026-07-08,240810,원익IPS,B,C,실행,7,44.2,44.2,6,2026-07-16,7,False,0.1595423563777993,트레일,4,
2026-07-08,042700,한미반도체,A,C,실행,7,38.1,38.1,6,2026-07-16,7,False,0.0685240963855422,목표,1,
2026-07-08,108490,로보티즈,A,C,실행,7,25.8,25.8,9,2026-07-22,7,False,0.0799897119341563,목표,1,
2026-07-09,307950,현대오토에버,B,C,실행,7,12.1,12.1,2,2026-07-13,7,False,-0.0469399538106235,트레일,3,
2026-07-09,240810,원익IPS,B,C,실행,7,41.2,41.2,5,2026-07-16,7,False,0.1352240228789323,트레일,3,
2026-07-09,047810,한국항공우주,B,A,실행,7,9.9,9.9,10,2026-07-24,7,False,-0.0669246666666667,손절,3,
2026-07-09,298040,효성중공업,B,C,실행,7,7.9,7.9,1,2026-07-10,7,False,-0.082797833935018,트레일,3,
2026-07-09,950160,코오롱티슈진,B,A,실행,7,6.3,6.3,2,2026-07-13,7,False,-0.0323888888888889,손절,1,
2026-07-09,062040,산일전기,B,A,실행,7,8.1,8.1,1,2026-07-10,7,False,-0.0597589086859688,손절,2,
2026-07-09,005380,현대차,B,A,실행,7,8.2,8.2,2,2026-07-13,7,False,-0.0351167227833894,손절,3,
2026-07-09,000150,두산,B,C,실행,7,20.1,20.1,1,2026-07-10,7,False,0.0209891936824604,트레일,2,
2026-07-13,007390,네이처셀,A,B,실행,7,15.4,15.4,1,2026-07-14,7,False,0.1036324786324787,목표,1,
2026-07-13,012750,에스원,A,C,실행,7,5.3,5.3,9,2026-07-27,7,False,-0.00697350069735,만기,13,
2026-07-14,347850,디앤디파마텍,A,B,실행,7,10.1,10.1,1,2026-07-15,7,False,0.0886871508379887,목표,1,
2026-07-14,098460,고영,A,A,실행,7,15.2,15.2,5,2026-07-22,7,False,0.0702970297029703,목표,1,
2026-07-14,009160,SIMPAC,A,C,실행,7,7.1,7.1,2,2026-07-16,7,False,-0.0579487179487179,트레일,3,
2026-07-14,298040,효성중공업,B,A,실행,7,10.8,10.8,2,2026-07-16,7,False,-0.0552192753081808,손절,3,
2026-07-14,950160,코오롱티슈진,A,A,실행,7,11.2,11.2,2,2026-07-16,7,False,-0.0270507544581618,트레일,2,
2026-07-14,458870,씨어스,A,C,실행,7,4.3,4.3,1,2026-07-15,7,False,-0.0822857142857143,트레일,3,
2026-07-14,000150,두산,B,C,실행,7,14.1,14.1,1,2026-07-15,7,False,-0.0298685291700904,트레일,3,
2026-07-14,307950,현대오토에버,B,B,실행,7,8.5,8.5,1,2026-07-15,7,False,-0.0780368098159509,트레일,3,
2026-07-14,368770,파이버프로,A,A,실행,7,12.3,12.3,6,2026-07-23,7,False,-0.0610878661087865,트레일,3,
2026-07-14,200710,에이디테크놀로지,A,C,실행,7,7.3,7.3,1,2026-07-15,7,False,-0.0559729272419627,트레일,2,
2026-07-14,005090,SGC에너지,A,A,실행,7,54.5,54.5,7,2026-07-24,7,False,0.1034482758620689,목표,1,
2026-07-14,006260,LS,B,A,실행,7,12.0,12.0,7,2026-07-24,7,False,-0.0751671794871795,손절,3,
2026-07-14,218410,RFHIC,A,C,실행,7,16.2,16.2,1,2026-07-15,7,False,0.082122905027933,목표,1,
2026-07-14,043260,성호전자,A,C,실행,7,12.4,12.4,1,2026-07-15,7,False,0.1012486427795873,목표,1,
2026-07-14,178320,서진시스템,A,A,실행,7,13.3,13.3,6,2026-07-23,7,False,-0.0149602122015914,트레일,3,
2026-07-14,090360,로보스타,A,A,실행,7,14.8,14.8,5,2026-07-22,7,False,0.069047619047619,목표,1,
2026-07-15,180640,한진칼,A,B,실행,7,4.5,4.5,10,2026-07-30,7,False,-0.0720142602495543,손절,3,
2026-07-20,032820,우리기술,A,C,실행,7,23.0,23.0,3,2026-07-23,7,False,0.091510474090408,목표,2,
2026-07-20,347850,디앤디파마텍,A,C,실행,7,2.6,2.6,3,2026-07-23,7,False,-0.0692068429237947,손절,2,
2026-07-20,007390,네이처셀,A,A,실행,7,11.9,11.9,1,2026-07-21,7,False,0.0748898678414096,목표,1,
2026-07-20,078350,한양디지텍,A,C,실행,7,12.9,12.9,3,2026-07-23,7,False,0.0777310924369747,목표,2,
2026-07-20,319400,현대무벡스,A,B,실행,7,30.5,30.5,5,2026-07-27,7,False,0.0781671159029648,목표,1,
2026-07-20,077360,덕산하이메탈,A,A,실행,7,16.0,16.0,2,2026-07-22,7,False,0.0861271676300579,목표,1,
2026-07-20,042700,한미반도체,B,A,실행,7,8.8,8.8,2,2026-07-22,7,False,-0.0460792792792793,손절,3,
2026-07-20,327260,RF머트리얼즈,A,A,실행,7,40.5,40.5,4,2026-07-24,7,False,0.097491448118586,목표,2,
2026-07-20,089890,코세스,A,B,실행,7,22.7,22.7,3,2026-07-23,7,False,-0.0997816593886462,손절,1,
2026-07-20,307950,현대오토에버,A,C,실행,7,17.4,17.4,2,2026-07-22,7,False,0.0733512786002692,목표,2,
2026-07-20,033640,네패스,A,B,실행,7,8.3,8.3,2,2026-07-22,7,False,0.0821545157780196,목표,2,
2026-07-20,178320,서진시스템,A,B,실행,7,16.7,16.7,3,2026-07-23,7,False,-0.064275956284153,손절,1,
2026-07-20,095340,ISC,A,C,실행,7,12.0,12.0,2,2026-07-22,7,False,0.0844395280235987,목표,2,
2026-07-20,074600,원익QnC,A,B,실행,7,6.2,6.2,2,2026-07-22,7,False,-0.0666508152173913,손절,1,
2026-07-20,001440,대한전선,A,C,실행,7,21.7,21.7,3,2026-07-23,7,False,0.086105675146771,목표,2,
2026-07-20,006260,LS,A,A,실행,7,23.4,23.4,4,2026-07-24,7,False,0.0743879472693032,목표,2,
2026-07-20,356680,엑스게이트,A,A,실행,7,22.3,22.3,6,2026-07-28,7,False,-0.0602517704216074,손절,1,
2026-07-20,403870,HPSP,A,A,실행,7,6.8,6.8,2,2026-07-22,7,False,-0.0558072257383966,손절,4,
2026-07-20,043260,성호전자,A,B,실행,7,17.4,17.4,2,2026-07-22,7,False,0.1057866184448463,목표,2,
2026-07-20,336260,두산퓨얼셀,A,B,실행,7,21.5,21.5,4,2026-07-24,7,False,0.0910256410256409,목표,2,
2026-07-20,195870,해성디에스,A,B,실행,7,9.1,9.1,2,2026-07-22,7,False,0.0804924242424243,목표,2,
2026-07-20,028260,삼성물산,B,C,실행,7,17.5,17.5,2,2026-07-22,7,False,-0.0014173228346456,트레일,6,
2026-07-20,039030,이오테크닉스,A,B,실행,7,7.3,7.3,2,2026-07-22,7,False,-0.0561514195583596,트레일,4,
2026-07-20,098460,고영,A,B,실행,7,18.1,18.1,2,2026-07-22,7,False,0.0760649087221094,목표,1,
2026-07-21,336260,두산퓨얼셀,A,B,실행,7,23.4,23.4,3,2026-07-24,7,False,0.080078125,목표,1,
2026-07-21,006400,삼성SDI,B,B,실행,7,12.1,12.1,2,2026-07-23,7,False,-0.046938775510204,트레일,5,
2026-07-21,042700,한미반도체,B,A,실행,7,7.8,7.8,1,2026-07-22,7,False,-0.0545964285714285,손절,2,
2026-07-21,226950,올릭스,A,C,실행,7,8.9,8.9,4,2026-07-27,7,False,-0.0418315018315018,트레일,5,
2026-07-22,376900,로킷헬스케어,A,B,실행,7,8.9,8.9,1,2026-07-23,7,False,-0.0419571865443425,트레일,2,
2026-07-24,122640,예스티,A,A,실행,7,4.1,4.1,1,2026-07-27,7,False,-0.0569375478927203,손절,2,
2026-07-27,012330,현대모비스,B,C,실행,7,5.1,5.1,4,2026-07-31,7,False,0.0269687162891045,만기,4,
2026-07-27,456040,OCI,A,C,실행,7,-1.8,-1.8,1,2026-07-28,7,False,-0.0618421052631579,손절,1,
2026-07-27,004710,한솔테크닉스,A,A,실행,7,-4.8,-4.8,1,2026-07-28,7,False,-0.0601876675603216,손절,1,
2026-07-27,000150,두산,B,C,실행,7,-0.1,-0.1,1,2026-07-28,7,False,-0.0796750208855472,손절,1,
2026-07-27,229640,LS에코에너지,A,B,실행,7,-2.8,-2.8,1,2026-07-28,7,False,-0.0669832402234636,손절,1,
2026-07-27,006400,삼성SDI,B,A,실행,7,-3.4,-3.4,1,2026-07-28,7,False,-0.0480046403712296,손절,1,
2026-07-27,089030,테크윙,A,C,실행,7,-5.7,-5.7,1,2026-07-28,7,False,-0.0595959595959596,손절,1,
2026-07-27,356860,티엘비,A,A,실행,7,-6.9,-6.9,1,2026-07-28,7,False,-0.0595607605138275,손절,1,
2026-07-27,000270,기아,A,B,실행,7,1.5,1.5,4,2026-07-31,7,False,-0.0733128834355828,손절,2,
2026-07-27,089890,코세스,A,B,실행,7,-6.9,-6.9,1,2026-07-28,7,False,-0.0951403887688985,손절,1,
2026-07-28,006360,GS건설,A,C,실행,7,2.2,2.2,1,2026-07-29,7,False,-0.1143143790849673,손절,1,
2026-07-28,012630,HDC,A,C,실행,7,3.7,3.7,2,2026-07-30,7,False,-0.0556857855361595,손절,1,
2026-07-28,119850,지엔씨에너지,A,B,실행,7,19.1,19.1,3,2026-07-31,7,False,-0.104921875,손절,1,
2026-07-28,096770,SK이노베이션,A,A,실행,7,6.9,6.9,3,2026-07-31,7,False,-0.0505900621118012,손절,1,
2026-07-28,267250,HD현대,A,C,실행,7,10.7,10.7,2,2026-07-30,7,False,-0.057322713257965,손절,1,
2026-07-29,005090,SGC에너지,A,A,실행,7,8.8,8.8,2,2026-07-31,7,False,0.0722733245729303,목표,2,
2026-07-29,047040,대우건설,A,A,실행,7,8.9,8.9,2,2026-07-31,7,False,0.0632279534109816,만기,2,
2026-07-29,045100,한양이엔지,A,A,실행,7,14.2,14.2,2,2026-07-31,7,False,0.100187265917603,목표,2,
2026-07-29,006400,삼성SDI,A,A,실행,7,9.6,9.6,2,2026-07-31,7,False,0.0920329670329669,목표,2,
2026-07-29,067310,하나마이크론,A,C,실행,7,14.4,14.4,2,2026-07-31,7,False,0.1144465290806753,만기,2,
2026-07-29,222800,심텍,A,A,실행,7,20.8,20.8,2,2026-07-31,7,False,-0.0892371234207968,손절,1,
2026-07-29,160980,싸이맥스,A,A,실행,7,36.9,36.9,2,2026-07-31,7,False,0.2297297297297298,목표,2,
2026-07-29,084370,유진테크,A,A,실행,7,18.6,18.6,2,2026-07-31,7,False,-0.0591434228650138,손절,1,
2026-07-29,071050,한국금융지주,A,C,실행,7,13.6,13.6,2,2026-07-31,7,False,0.0790190735694822,목표,2,
2026-07-29,033160,엠케이전자,A,C,실행,7,18.4,18.4,2,2026-07-31,7,False,0.1258169934640522,목표,2,
2026-07-29,000500,가온전선,A,C,실행,7,12.2,12.2,2,2026-07-31,7,False,-0.1291666666666666,손절,1,
2026-07-29,181710,NHN,A,B,실행,7,12.4,12.4,2,2026-07-31,7,False,0.0976154992548434,목표,2,
2026-07-29,000150,두산,A,A,실행,7,17.1,17.1,2,2026-07-31,7,False,-0.0683533533533533,손절,1,
2026-07-29,010170,대한광통신,A,A,실행,7,16.0,16.0,2,2026-07-31,7,False,-0.0532006711409396,손절,1,
2026-07-29,017900,광전자,A,A,실행,7,16.7,16.7,2,2026-07-31,7,False,0.1299999999999999,목표,2,
2026-07-29,170920,엘티씨,A,A,실행,7,16.7,16.7,2,2026-07-31,7,False,-0.0590185810810811,손절,1,
2026-07-29,375500,DL이앤씨,A,C,실행,7,12.8,12.8,2,2026-07-31,7,False,0.1097328244274808,목표,2,
2026-07-29,083450,GST,A,A,실행,7,19.5,19.5,2,2026-07-31,7,False,0.111961057023644,목표,2,
2026-07-29,028260,삼성물산,A,A,실행,7,25.2,25.2,2,2026-07-31,7,False,0.0945709281961471,목표,1,
2026-07-29,006360,GS건설,A,C,실행,7,9.2,9.2,2,2026-07-31,7,False,0.0563063063063062,만기,2,
2026-07-29,009420,한올바이오파마,A,C,실행,7,4.8,4.8,2,2026-07-31,7,False,-0.0841726618705036,손절,1,
2026-07-29,138930,BNK금융지주,A,C,실행,7,3.7,3.7,1,2026-07-30,7,False,0.0140374331550801,만기,2,
2026-07-29,252990,샘씨엔에스,A,A,실행,7,14.8,14.8,2,2026-07-31,7,False,-0.0574622356495468,손절,1,
2026-07-29,322000,HD현대에너지솔루션,A,B,실행,7,13.3,13.3,2,2026-07-31,7,False,0.1266331658291457,만기,2,
2026-07-29,053610,프로텍,A,A,실행,7,18.0,18.0,2,2026-07-31,7,False,0.1499498495486459,목표,2,
2026-07-29,031980,피에스케이홀딩스,A,A,실행,7,21.6,21.6,2,2026-07-31,7,False,0.1790499390986601,목표,2,
2026-07-29,267270,HD건설기계,A,A,실행,7,11.0,11.0,1,2026-07-30,7,False,0.0688926458157226,목표,1,
2026-07-29,006260,LS,A,C,실행,7,11.1,11.1,2,2026-07-31,7,False,0.0965092402464065,만기,2,
2026-07-29,353200,대덕전자,B,A,실행,7,19.7,19.7,2,2026-07-31,7,False,0.196538936959209,만기,2,
2026-07-29,010120,LS ELECTRIC,B,A,실행,7,14.0,14.0,2,2026-07-31,7,False,-0.0517278004003892,손절,1,
2026-07-29,018260,삼성에스디에스,B,C,실행,7,8.1,8.1,2,2026-07-31,7,False,0.0440952863659402,만기,2,
2026-07-29,049070,인탑스,A,C,실행,7,6.9,6.9,2,2026-07-31,7,False,0.0619251992642551,만기,2,
2026-07-29,008060,대덕,A,B,실행,7,19.4,19.4,2,2026-07-31,7,False,0.1031543052003409,목표,2,
2026-07-29,010060,OCI홀딩스,A,A,실행,7,15.3,15.3,1,2026-07-30,7,False,0.1055261610817166,목표,1,
2026-07-29,005380,현대차,A,C,실행,7,10.7,10.7,2,2026-07-31,7,False,0.07001414427157,목표,2,
2026-07-29,166090,하나머티리얼즈,A,C,실행,7,18.2,18.2,2,2026-07-31,7,False,0.1171617161716171,목표,2,
2026-07-29,082920,비츠로셀,A,B,실행,7,7.3,7.3,2,2026-07-31,7,False,0.053639846743295,만기,2,
2026-07-29,098460,고영,A,C,실행,7,23.5,23.5,2,2026-07-31,7,False,0.1076923076923077,목표,2,
2026-07-29,240810,원익IPS,A,A,실행,7,18.6,18.6,2,2026-07-31,7,False,-0.0561182892628205,손절,1,
2026-07-29,016360,삼성증권,A,B,실행,7,13.9,13.9,2,2026-07-31,7,False,0.07679180887372,목표,1,
2026-07-29,066575,LG전자우,A,A,실행,7,12.5,12.5,2,2026-07-31,7,False,0.0858490566037735,목표,2,
2026-07-29,011070,LG이노텍,B,C,실행,7,14.4,14.4,2,2026-07-31,7,False,0.1222707423580786,만기,2,
2026-07-29,004800,효성,A,C,실행,7,18.6,18.6,2,2026-07-31,7,False,0.1213235294117647,목표,2,
2026-07-29,307950,현대오토에버,A,B,실행,7,9.3,9.3,2,2026-07-31,7,False,0.0828402366863905,목표,2,
2026-07-30,353200,대덕전자,A,B,실행,7,31.7,31.7,1,2026-07-31,7,False,0.1210884353741497,목표,1,
2026-07-30,031980,피에스케이홀딩스,A,C,실행,7,31.1,31.1,1,2026-07-31,7,False,0.11892247043364,목표,1,
2026-07-30,017900,광전자,A,A,실행,7,19.9,19.9,1,2026-07-31,7,False,0.0844748858447488,목표,1,
2026-07-30,127120,제이에스링크,A,B,실행,7,6.6,6.6,1,2026-07-31,7,False,0.0284191829484903,만기,1,
2026-07-30,064290,인텍플러스,A,B,실행,7,29.3,29.3,1,2026-07-31,7,False,0.1201372997711669,목표,1,
2026-07-30,281820,케이씨텍,A,C,실행,7,27.8,27.8,1,2026-07-31,7,False,0.089511754068716,목표,1,
2026-07-30,010170,대한광통신,A,C,실행,7,20.8,20.8,1,2026-07-31,7,False,0.0909090909090908,목표,1,
2026-07-30,222800,심텍,A,C,실행,7,32.9,32.9,1,2026-07-31,7,False,0.1049679487179486,목표,1,
2026-07-30,440110,파두,A,B,실행,7,31.0,31.0,1,2026-07-31,7,False,0.0816115702479338,목표,1,
2026-07-30,047040,대우건설,A,B,실행,7,17.1,17.1,1,2026-07-31,7,False,0.1006261180679786,목표,1,
2026-07-30,069960,현대백화점,A,C,실행,7,10.6,10.6,1,2026-07-31,7,False,0.0728417266187051,목표,1,
2026-07-30,011070,LG이노텍,A,B,실행,7,24.8,24.8,1,2026-07-31,7,False,0.1119047619047619,목표,1,
2026-07-30,001820,삼화콘덴서,A,C,실행,7,26.8,26.8,1,2026-07-31,7,False,0.0840480274442538,목표,1,
2026-07-30,006360,GS건설,A,C,실행,7,8.3,8.3,1,2026-07-31,7,False,0.0691964285714286,목표,1,
2026-07-30,010120,LS ELECTRIC,A,B,실행,7,25.8,25.8,1,2026-07-31,7,False,0.0909090909090908,목표,1,
2026-07-30,290550,디케이티,A,A,실행,7,24.8,24.8,1,2026-07-31,7,False,0.1519258202567761,목표,1,
2026-07-30,053610,프로텍,A,A,실행,7,22.0,22.0,1,2026-07-31,7,False,0.0933609958506223,목표,1,
2026-07-30,332570,PS일렉트로닉스,A,A,실행,7,15.3,15.3,1,2026-07-31,7,False,0.0835913312693499,목표,1,
2026-07-30,252990,샘씨엔에스,A,B,실행,7,25.7,25.7,1,2026-07-31,7,False,0.1179713340683572,목표,1,
2026-07-30,170920,엘티씨,A,C,실행,7,31.6,31.6,1,2026-07-31,7,False,0.1323809523809525,목표,1,
2026-07-30,082920,비츠로셀,A,B,실행,7,13.4,13.4,1,2026-07-31,7,False,0.0991902834008098,목표,1,
