출발일,code,name,유형,국면,밸류,밸류여부,봉_1월,봉_4월,B0_카드,B0b_2단126,B0b_how,A2_2단1월,A3_2단4월,A4_2단밸류분기,E1_잔여보유1월,E1_how,E2_잔여보유4월,E3_잔여보유밸류분기,C1_달력1월,C2_달력4월,C3_달력밸류분기,D1_순수4월,D0_순수1월
2019-10-07,002100,경농,A,실행,,False,78,140,-0.06433962264150939,-0.06433962264150939,손절/트레일,-0.06433962264150939,-0.06433962264150939,-0.06433962264150939,-0.06433962264150939,손절/트레일,-0.06433962264150939,-0.06433962264150939,-0.06433962264150939,-0.06433962264150939,-0.06433962264150939,-0.09056603773584904,-0.22264150943396221
1999-10-01,010130,고려아연,A,실행,,False,82,142,-0.05669182389937111,-0.05669182389937111,손절/트레일,-0.05669182389937111,-0.05669182389937111,-0.05669182389937111,-0.05669182389937111,손절/트레일,-0.05669182389937111,-0.05669182389937111,-0.05669182389937111,-0.05669182389937111,-0.05669182389937111,-0.5339622641509434,-0.2924528301886793
1999-09-30,010130,고려아연,A,실행,,False,83,143,-0.062113864942528796,-0.062113864942528796,손절/트레일,-0.062113864942528796,-0.062113864942528796,-0.062113864942528796,-0.062113864942528796,손절/트레일,-0.062113864942528796,-0.062113864942528796,-0.062113864942528796,-0.062113864942528796,-0.062113864942528796,-0.5741379310344827,-0.35344827586206895
2004-10-14,010130,고려아연,A,실행,저PBR·배당2%+,True,76,135,-0.06025917926565871,-0.06025917926565871,손절/트레일,-0.06025917926565871,-0.06025917926565871,-0.06025917926565871,-0.06025917926565871,손절/트레일,-0.06025917926565871,-0.06025917926565871,-0.06025917926565871,-0.06025917926565871,-0.06025917926565871,0.3390928725701945,0.5853131749460043
2001-09-17,005440,현대지에프홀딩스,A,실행,,False,92,150,0.11386138613861374,0.4652475247524752,2단트레일,0.4652475247524752,0.4652475247524752,0.4652475247524752,1.141089108910891,달력보유,1.5717821782178216,1.141089108910891,2.1683168316831685,3.0297029702970297,2.1683168316831685,3.0297029702970297,2.1683168316831685
1999-10-05,005440,현대지에프홀딩스,A,실행,,False,80,140,0.0725190839694656,0.040076335877862634,2단트레일,0.040076335877862634,0.040076335877862634,0.040076335877862634,0.0362595419847328,본전이탈,0.0362595419847328,0.0362595419847328,-0.05362595419847327,-0.05362595419847327,-0.05362595419847327,-0.5198473282442748,-0.22519083969465647
2013-09-30,002990,금호건설,A,관찰만,,False,82,145,-0.0642035891788093,-0.0642035891788093,손절/트레일,-0.0642035891788093,-0.0642035891788093,-0.0642035891788093,-0.0642035891788093,손절/트레일,-0.0642035891788093,-0.0642035891788093,-0.0642035891788093,-0.0642035891788093,-0.0642035891788093,-0.24038461538461542,-0.2948717948717948
2010-10-20,002990,금호건설,A,관찰만,,False,58,118,0.08214285714285707,0.04107142857142854,2단트레일,0.04107142857142854,0.04107142857142854,0.04107142857142854,0.04107142857142854,본전이탈,0.04107142857142854,0.04107142857142854,-0.09297619047619055,-0.09297619047619055,-0.09297619047619055,-0.3878435927216415,-0.1336430507162214
2011-10-05,011780,금호석유화학,A,실행,저PER,True,81,143,0.07608695652173902,0.14201863354037259,2단트레일,0.14201863354037259,0.14201863354037259,0.14201863354037259,0.03804347826086951,본전이탈,0.03804347826086951,0.03804347826086951,-0.05369034679089035,-0.05369034679089035,-0.05369034679089035,-0.33850931677018636,0.04347826086956519
2011-10-04,011780,금호석유화학,A,실행,저PER,True,82,144,0.06891495601173014,0.10478005865102635,2단트레일,0.10478005865102635,0.10478005865102635,0.10478005865102635,0.03445747800586507,본전이탈,0.03445747800586507,0.03445747800586507,-0.11964809384164221,-0.11964809384164221,-0.11964809384164221,-0.375366568914956,-0.014662756598240456
2000-09-22,000270,기아,A,실행,,False,84,145,-0.0738693467336683,-0.0738693467336683,손절/트레일,-0.0738693467336683,-0.0738693467336683,-0.0738693467336683,-0.0738693467336683,손절/트레일,-0.0738693467336683,-0.0738693467336683,-0.0738693467336683,-0.0738693467336683,-0.0738693467336683,0.3098827470686767,0.256281407035176
1999-10-14,000270,기아,A,실행,,False,73,133,-0.09641746014676933,-0.09641746014676933,손절/트레일,-0.09641746014676933,-0.09641746014676933,-0.09641746014676933,-0.09641746014676933,손절/트레일,-0.09641746014676933,-0.09641746014676933,-0.09641746014676933,-0.09641746014676933,-0.09641746014676933,-0.5782426778242677,-0.43765690376569033
2008-10-16,000270,기아,A,실행,,False,71,135,-0.050000000000000044,-0.050000000000000044,손절/트레일,-0.050000000000000044,-0.050000000000000044,-0.050000000000000044,-0.050000000000000044,손절/트레일,-0.050000000000000044,-0.050000000000000044,-0.050000000000000044,-0.050000000000000044,-0.050000000000000044,-0.004424778761061954,-0.3035398230088495
2001-09-13,000270,기아,A,실행,,False,94,152,-0.057599999999999985,-0.057599999999999985,손절/트레일,-0.057599999999999985,-0.057599999999999985,-0.057599999999999985,-0.057599999999999985,손절/트레일,-0.057599999999999985,-0.057599999999999985,-0.057599999999999985,-0.057599999999999985,-0.057599999999999985,0.78,0.2933333333333332
2019-10-07,000270,기아,B,실행,저PBR,True,78,140,0.003500583430571691,-0.08636639439906657,손절/트레일,-0.04550758459743287,-0.08636639439906657,-0.08636639439906657,-0.04550758459743287,데드라인,-0.08636639439906657,-0.08636639439906657,-0.04550758459743287,-0.08636639439906657,-0.08636639439906657,-0.308051341890315,-0.04550758459743287
2008-10-23,001430,세아베스틸지주,A,실행,,False,66,130,-0.10704960835509136,-0.10704960835509136,손절/트레일,-0.10704960835509136,-0.10704960835509136,-0.10704960835509136,-0.10704960835509136,손절/트레일,-0.10704960835509136,-0.10704960835509136,-0.10704960835509136,-0.10704960835509136,-0.10704960835509136,-0.13577023498694518,-0.2010443864229765
2008-09-17,001260,남광토건,A,실행,,False,91,155,-0.05671951219512239,-0.05671951219512239,손절/트레일,-0.05671951219512239,-0.05671951219512239,-0.05671951219512239,-0.05671951219512239,손절/트레일,-0.05671951219512239,-0.05671951219512239,-0.05671951219512239,-0.05671951219512239,-0.05671951219512239,-0.6707317073170731,-0.7048780487804878
1999-10-01,025860,남해화학,A,실행,,False,82,140,-0.05607060739605296,-0.05607060739605296,손절/트레일,-0.05607060739605296,-0.05607060739605296,-0.05607060739605296,-0.05607060739605296,손절/트레일,-0.05607060739605296,-0.05607060739605296,-0.05607060739605296,-0.05607060739605296,-0.05607060739605296,-0.08794788273615628,-0.14817773953659885
2018-10-25,012510,012510,A,실행,,False,67,126,0.0688073394495412,0.0344036697247706,2단트레일,0.0344036697247706,0.0344036697247706,0.0344036697247706,0.0344036697247706,본전이탈,0.0344036697247706,0.0344036697247706,-0.06525229357798168,-0.06525229357798168,-0.06525229357798168,0.31192660550458706,-0.056192660550458684
2010-09-02,012510,012510,A,관찰만,,False,103,163,0.07320872274143309,0.16439252336448607,2단트레일,0.16439252336448607,0.16439252336448607,0.16439252336448607,0.03660436137071654,본전이탈,0.03660436137071654,0.03660436137071654,-0.07959501557632398,-0.07959501557632398,-0.07959501557632398,-0.33956386292834895,-0.14641744548286606
2008-09-02,008320,008320,A,실행,,False,101,165,-0.05177985948477759,-0.05177985948477759,손절/트레일,-0.05177985948477759,-0.05177985948477759,-0.05177985948477759,-0.05177985948477759,손절/트레일,-0.05177985948477759,-0.05177985948477759,-0.05177985948477759,-0.05177985948477759,-0.05177985948477759,-0.2365339578454333,-0.5761124121779859
1999-10-26,003540,대신증권,A,실행,,False,65,125,-0.061907275310431054,-0.061907275310431054,손절/트레일,-0.061907275310431054,-0.061907275310431054,-0.061907275310431054,-0.061907275310431054,손절/트레일,-0.061907275310431054,-0.061907275310431054,-0.061907275310431054,-0.061907275310431054,-0.061907275310431054,-0.49006211180124226,0.04037267080745344
1997-10-27,006800,미래에셋증권,A,실행,,False,59,123,-0.058482142857142816,-0.058482142857142816,손절/트레일,-0.058482142857142816,-0.058482142857142816,-0.058482142857142816,-0.058482142857142816,손절/트레일,-0.058482142857142816,-0.058482142857142816,-0.058482142857142816,-0.058482142857142816,-0.058482142857142816,-0.5599705210058081,0.1339285714285714
2001-09-03,006800,미래에셋증권,A,실행,,False,102,160,0.07692307692307687,0.038461538461538436,2단트레일,0.038461538461538436,0.038461538461538436,0.038461538461538436,0.038461538461538436,본전이탈,0.038461538461538436,0.038461538461538436,-0.06948717948717953,-0.06948717948717953,-0.06948717948717953,-0.0012820512820512775,0.214102564102564
1999-09-02,006800,미래에셋증권,A,실행,,False,101,161,0.06955380577427817,0.03477690288713908,2단트레일,0.03477690288713908,0.03477690288713908,0.03477690288713908,0.03477690288713908,본전이탈,0.03477690288713908,0.03477690288713908,-0.05249343832021003,-0.05249343832021003,-0.05249343832021003,-0.7724409448818897,-0.3044619422572179
2022-09-01,001440,대한전선,A,실행,,False,101,162,-0.050000000000000155,-0.050000000000000155,손절/트레일,-0.050000000000000155,-0.050000000000000155,-0.050000000000000155,-0.050000000000000155,손절/트레일,-0.050000000000000155,-0.050000000000000155,-0.050000000000000155,-0.050000000000000155,-0.050000000000000155,-0.14252873563218393,-0.0798850574712644
1999-09-27,000120,CJ대한통운,A,실행,,False,86,146,0.08450704225352101,0.04225352112676051,2단트레일,0.04225352112676051,0.04225352112676051,0.04225352112676051,0.04225352112676051,본전이탈,0.04225352112676051,0.04225352112676051,-0.09146772300469497,-0.09146772300469497,-0.09146772300469497,-0.22112676056338032,0.5070422535211265
2021-10-07,003490,대한항공,B,주의,,False,79,139,-0.09700156985871267,-0.09700156985871267,손절/트레일,-0.09700156985871267,-0.09700156985871267,-0.09700156985871267,-0.09700156985871267,손절/트레일,-0.09700156985871267,-0.09700156985871267,-0.09700156985871267,-0.09700156985871267,-0.09700156985871267,-0.053375196232339106,-0.1114599686028257
1999-10-05,003490,대한항공,A,실행,,False,80,140,-0.050000000000000044,-0.050000000000000044,손절/트레일,-0.050000000000000044,-0.050000000000000044,-0.050000000000000044,-0.050000000000000044,손절/트레일,-0.050000000000000044,-0.050000000000000044,-0.050000000000000044,-0.050000000000000044,-0.050000000000000044,-0.20622568093385218,-0.26070038910505844
2008-10-24,015940,015940,A,실행,,False,65,129,-0.12,-0.12,손절/트레일,-0.12,-0.12,-0.12,-0.12,손절/트레일,-0.12,-0.12,-0.17324324324324325,-0.17324324324324325,-0.17324324324324325,0.06216216216216219,0.0
2007-10-17,016380,KG스틸,A,주의,저PBR,True,72,132,0.11070110701107017,0.1966789667896679,2단트레일,0.1966789667896679,0.1966789667896679,0.1966789667896679,0.05535055350553508,본전이탈,0.05535055350553508,0.05535055350553508,-0.06544480319803214,-0.06544480319803214,-0.06544480319803214,-0.011070110701107083,-0.20664206642066418
2020-09-23,016380,KG스틸,A,관찰만,,False,85,147,-0.051899999999999946,-0.051899999999999946,손절/트레일,-0.051899999999999946,-0.051899999999999946,-0.051899999999999946,-0.051899999999999946,손절/트레일,-0.051899999999999946,-0.051899999999999946,-0.051899999999999946,-0.051899999999999946,-0.051899999999999946,1.0,0.06000000000000005
2023-10-20,016380,KG스틸,A,주의,저PBR·저PER,True,70,130,-0.05237499999999995,-0.05237499999999995,손절/트레일,-0.05237499999999995,-0.05237499999999995,-0.05237499999999995,-0.05237499999999995,손절/트레일,-0.05237499999999995,-0.05237499999999995,-0.05237499999999995,-0.05237499999999995,-0.05237499999999995,-0.10999999999999999,-0.053749999999999964
2011-09-20,010780,아이에스동서,A,실행,배당2%+,True,90,152,-0.050000000000000044,-0.050000000000000044,손절/트레일,-0.050000000000000044,-0.050000000000000044,-0.050000000000000044,-0.050000000000000044,손절/트레일,-0.050000000000000044,-0.050000000000000044,-0.050000000000000044,-0.050000000000000044,-0.050000000000000044,-0.1777777777777778,-0.0444444444444444
2008-09-01,010780,아이에스동서,A,실행,,False,102,166,-0.04999999999999993,-0.04999999999999993,손절/트레일,-0.04999999999999993,-0.04999999999999993,-0.04999999999999993,-0.04999999999999993,손절/트레일,-0.04999999999999993,-0.04999999999999993,-0.04999999999999993,-0.04999999999999993,-0.04999999999999993,-0.4483582089552238,-0.5737313432835821
2008-09-16,010780,아이에스동서,A,실행,,False,92,156,0.001000000000000112,0.001000000000000112,손절/트레일,0.001000000000000112,0.001000000000000112,0.001000000000000112,0.001000000000000112,손절/트레일,0.001000000000000112,0.001000000000000112,-0.050000000000000044,-0.050000000000000044,-0.050000000000000044,-0.4225,-0.55375
1999-09-02,000280,000280,A,실행,,False,101,161,0.07733619763694954,0.03866809881847477,2단트레일,0.03866809881847477,0.03866809881847477,0.03866809881847477,0.03866809881847477,본전이탈,0.03866809881847477,0.03866809881847477,-0.05734527021919866,-0.05734527021919866,-0.05734527021919866,-0.7207303974221267,-0.6100966702470462
2009-09-25,004800,효성,A,관찰만,,False,86,149,-0.06366809116809125,-0.06366809116809125,손절/트레일,-0.06366809116809125,-0.06366809116809125,-0.06366809116809125,-0.06366809116809125,손절/트레일,-0.06366809116809125,-0.06366809116809125,-0.06366809116809125,-0.06366809116809125,-0.06366809116809125,0.12678062678062663,0.158119658119658
2023-10-06,000150,두산,A,주의,,False,79,139,-0.055391600454029466,-0.055391600454029466,손절/트레일,-0.055391600454029466,-0.055391600454029466,-0.055391600454029466,-0.055391600454029466,손절/트레일,-0.055391600454029466,-0.055391600454029466,-0.055391600454029466,-0.055391600454029466,-0.055391600454029466,0.7287173666288309,0.023836549375709337
2021-10-06,002900,TYM,A,실행,,False,80,140,0.11588541666666674,0.06210937500000002,2단트레일,0.06210937500000002,0.06210937500000002,0.06210937500000002,0.05794270833333337,본전이탈,0.05794270833333337,0.05794270833333337,-0.08884114583333336,-0.08884114583333336,-0.08884114583333336,0.25520833333333326,-0.22395833333333337
1999-10-01,002550,002550,A,실행,,False,82,142,0.12818181818181817,0.17769090909090912,2단트레일,0.17769090909090912,0.17769090909090912,0.17769090909090912,0.06409090909090909,본전이탈,0.06409090909090909,0.06409090909090909,-0.05606948093098285,-0.05606948093098285,-0.05606948093098285,-0.5363636363636364,-0.054545454545454564
1999-09-30,002550,002550,A,실행,,False,83,143,-0.050000000000000044,-0.050000000000000044,손절/트레일,-0.050000000000000044,-0.050000000000000044,-0.050000000000000044,-0.050000000000000044,손절/트레일,-0.050000000000000044,-0.050000000000000044,-0.050000000000000044,-0.050000000000000044,-0.050000000000000044,-0.5887096774193548,-0.16129032258064513
2011-09-26,002270,002270,A,실행,,False,87,149,-0.05115186227224011,-0.05115186227224011,손절/트레일,-0.05115186227224011,-0.05115186227224011,-0.05115186227224011,-0.05115186227224011,손절/트레일,-0.05115186227224011,-0.05115186227224011,-0.05115186227224011,-0.05115186227224011,-0.05115186227224011,0.54983922829582,0.27170418006430874
2002-10-09,005300,롯데칠성,A,실행,,False,76,139,-0.050000000000000044,-0.050000000000000044,손절/트레일,-0.050000000000000044,-0.050000000000000044,-0.050000000000000044,-0.050000000000000044,손절/트레일,-0.050000000000000044,-0.050000000000000044,-0.050000000000000044,-0.050000000000000044,-0.050000000000000044,-0.009868421052631526,-0.044407894736842146
2011-09-23,004010,004010,A,실행,,False,88,150,-0.050000000000000044,-0.050000000000000044,손절/트레일,-0.050000000000000044,-0.050000000000000044,-0.050000000000000044,-0.050000000000000044,손절/트레일,-0.050000000000000044,-0.050000000000000044,-0.050000000000000044,-0.050000000000000044,-0.050000000000000044,-0.16081871345029242,0.0029239766081872176
2018-10-29,006490,프리티,A,실행,,False,65,124,-0.060070671378091856,-0.060070671378091856,손절/트레일,-0.060070671378091856,-0.060070671378091856,-0.060070671378091856,-0.060070671378091856,손절/트레일,-0.060070671378091856,-0.060070671378091856,-0.060070671378091856,-0.060070671378091856,-0.060070671378091856,-0.25353356890459366,-0.0017667844522968323
2011-09-26,003030,세아제강지주,A,실행,저PBR·저PER,True,87,149,-0.06225060827250606,-0.06225060827250606,손절/트레일,-0.06225060827250606,-0.06225060827250606,-0.06225060827250606,-0.06225060827250606,손절/트레일,-0.06225060827250606,-0.06225060827250606,-0.06225060827250606,-0.06225060827250606,-0.06225060827250606,0.2905109489051094,0.23357664233576636
2011-10-06,005850,에스엘,A,실행,,False,80,142,0.10000000000000009,0.1452941176470589,2단트레일,0.1452941176470589,0.1452941176470589,0.1452941176470589,0.050000000000000044,본전이탈,0.050000000000000044,0.050000000000000044,-0.05670588235294116,-0.05670588235294116,-0.05670588235294116,-0.07999999999999996,-0.03764705882352937
2014-10-02,004560,현대비앤지스틸,A,주의,,False,81,142,-0.06087488918439721,-0.06087488918439721,손절/트레일,-0.06087488918439721,-0.06087488918439721,-0.06087488918439721,-0.06087488918439721,손절/트레일,-0.06087488918439721,-0.06087488918439721,-0.06087488918439721,-0.06087488918439721,-0.06087488918439721,-0.12765957446808507,-0.21542553191489366
2002-09-03,014900,014900,A,실행,,False,101,164,-0.07495395696571838,-0.07495395696571838,손절/트레일,-0.07495395696571838,-0.07495395696571838,-0.07495395696571838,-0.07495395696571838,손절/트레일,-0.07495395696571838,-0.07495395696571838,-0.07495395696571838,-0.07495395696571838,-0.07495395696571838,-0.4420131291028446,-0.34573304157549234
2021-09-07,001470,삼부토건,A,관찰만,,False,97,157,-0.0753108348134991,-0.0753108348134991,손절/트레일,-0.0753108348134991,-0.0753108348134991,-0.0753108348134991,-0.0753108348134991,손절/트레일,-0.0753108348134991,-0.0753108348134991,-0.0753108348134991,-0.0753108348134991,-0.0753108348134991,-0.04618117229129659,-0.4529307282415631
1999-10-05,000830,000830,A,실행,,False,80,140,0.10172413793103452,0.20327586206896553,2단트레일,0.20327586206896553,0.20327586206896553,0.20327586206896553,0.13706896551724135,달력보유,0.05086206896551726,0.13706896551724135,0.17241379310344818,-0.06310344827586212,0.17241379310344818,-0.13103448275862073,0.17241379310344818
2002-10-09,006400,삼성SDI,A,실행,저PER·배당2%+,True,77,140,-0.0526874115983027,-0.0526874115983027,손절/트레일,-0.0526874115983027,-0.0526874115983027,-0.0526874115983027,-0.0526874115983027,손절/트레일,-0.0526874115983027,-0.0526874115983027,-0.0526874115983027,-0.0526874115983027,-0.0526874115983027,0.074964639321075,-0.08910891089108908
2002-10-22,006400,삼성SDI,A,실행,저PER·배당2%+,True,68,131,0.10013717421124824,0.08724279835390947,2단트레일,0.08724279835390947,0.08724279835390947,0.08724279835390947,0.05006858710562412,본전이탈,0.05006858710562412,0.05006858710562412,-0.059122085048010975,-0.059122085048010975,-0.059122085048010975,0.04252400548696844,-0.11659807956104251
2021-09-17,006400,삼성SDI,B,관찰만,,False,89,149,0.044137931034482714,-0.09489655172413791,손절/트레일,-0.09489655172413791,-0.09489655172413791,-0.09489655172413791,-0.09489655172413791,손절/트레일,-0.09489655172413791,-0.09489655172413791,-0.09957241379310344,-0.09957241379310344,-0.09957241379310344,-0.15724137931034488,-0.19448275862068964
2012-10-11,005930,삼성전자,B,주의,,False,76,137,0.06595092024539873,0.06745398773006128,2단트레일,0.06745398773006128,0.06745398773006128,0.06745398773006128,0.08819018404907963,달력보유,0.11579754601226988,0.08819018404907963,0.11042944785276054,0.16564417177914104,0.11042944785276054,0.16564417177914104,0.11042944785276054
1997-10-08,005935,삼성전자우,A,실행,,False,72,136,-0.050000000000000155,-0.050000000000000155,손절/트레일,-0.050000000000000155,-0.050000000000000155,-0.050000000000000155,-0.050000000000000155,손절/트레일,-0.050000000000000155,-0.050000000000000155,-0.050000000000000155,-0.050000000000000155,-0.050000000000000155,-0.19827586206896552,-0.05862068965517242
1999-10-05,010140,삼성중공업,A,실행,,False,80,140,0.07506887052341593,0.07692837465564739,2단트레일,0.07692837465564739,0.07692837465564739,0.07692837465564739,0.037534435261707966,본전이탈,0.037534435261707966,0.037534435261707966,-0.051308539944903586,-0.051308539944903586,-0.051308539944903586,-0.4559228650137741,-0.21763085399449034
1997-10-16,010140,삼성중공업,A,실행,,False,66,130,-0.050000000000000044,-0.050000000000000044,손절/트레일,-0.050000000000000044,-0.050000000000000044,-0.050000000000000044,-0.050000000000000044,손절/트레일,-0.050000000000000044,-0.050000000000000044,-0.050000000000000044,-0.050000000000000044,-0.050000000000000044,-0.06824952686244135,-0.23131672597864772
1999-09-02,016360,삼성증권,A,실행,,False,101,161,0.08020050125313283,0.040100250626566414,2단트레일,0.040100250626566414,0.040100250626566414,0.040100250626566414,0.040100250626566414,본전이탈,0.040100250626566414,0.040100250626566414,-0.06305630305561016,-0.06305630305561016,-0.06305630305561016,-0.531328320802005,0.03759398496240607
2018-10-25,007700,F&F홀딩스,A,실행,,False,67,126,-0.08603448275862069,-0.08603448275862069,손절/트레일,-0.08603448275862069,-0.08603448275862069,-0.08603448275862069,-0.08603448275862069,손절/트레일,-0.08603448275862069,-0.08603448275862069,-0.08603448275862069,-0.08603448275862069,-0.08603448275862069,0.40172413793103456,-0.26637931034482765
2021-09-06,007700,F&F홀딩스,A,관찰만,저PER·배당2%+,True,98,158,-0.06484425360474999,-0.06484425360474999,손절/트레일,-0.06484425360474999,-0.06484425360474999,-0.06484425360474999,-0.06484425360474999,손절/트레일,-0.06484425360474999,-0.06484425360474999,-0.06484425360474999,-0.06484425360474999,-0.06484425360474999,-0.32951653944020354,-0.3371501272264631
2011-09-26,000070,삼양홀딩스,A,실행,저PER,True,59,121,0.14021887824897394,0.08053351573187406,2단트레일,0.08053351573187406,0.08053351573187406,0.08053351573187406,0.07010943912448697,본전이탈,0.07010943912448697,0.07010943912448697,0.2216142270861834,-0.050000000000000044,-0.050000000000000044,-0.17783857729138164,0.2216142270861834
2011-09-26,006120,SK디스커버리,A,실행,저PER,True,87,149,0.08777429467084641,0.04871473354231981,2단트레일,0.04871473354231981,0.04871473354231981,0.04871473354231981,0.043887147335423204,본전이탈,0.043887147335423204,0.043887147335423204,0.0125391849529779,-0.10062695924764908,-0.10062695924764908,-0.11755485893416928,0.0125391849529779
2007-10-05,004980,성신양회,A,주의,,False,80,140,-0.0751655629139073,-0.0751655629139073,손절/트레일,-0.0751655629139073,-0.0751655629139073,-0.0751655629139073,-0.0751655629139073,손절/트레일,-0.0751655629139073,-0.0751655629139073,-0.0751655629139073,-0.0751655629139073,-0.0751655629139073,-0.34701986754966885,-0.08609271523178808
2018-10-29,004980,성신양회,A,실행,,False,65,124,0.07391304347826089,0.08627329192546584,2단트레일,0.08627329192546584,0.08627329192546584,0.08627329192546584,0.40031055900621115,달력보유,0.1506211180124224,0.40031055900621115,0.7267080745341614,0.2273291925465839,0.7267080745341614,0.2273291925465839,0.7267080745341614
1999-09-30,001680,대상,A,실행,,False,83,143,-0.050000000000000044,-0.050000000000000044,손절/트레일,-0.050000000000000044,-0.050000000000000044,-0.050000000000000044,-0.050000000000000044,손절/트레일,-0.050000000000000044,-0.050000000000000044,-0.050000000000000044,-0.050000000000000044,-0.050000000000000044,-0.6064814814814815,-0.30740740740740746
2011-09-06,004430,송원산업,A,실행,,False,99,161,-0.06204016786570743,-0.06204016786570743,손절/트레일,-0.06204016786570743,-0.06204016786570743,-0.06204016786570743,-0.06204016786570743,손절/트레일,-0.06204016786570743,-0.06204016786570743,-0.06204016786570743,-0.06204016786570743,-0.06204016786570743,-0.40287769784172667,-0.17266187050359716
2018-10-04,004170,신세계,A,실행,,False,81,140,-0.06252059308072488,-0.06252059308072488,손절/트레일,-0.06252059308072488,-0.06252059308072488,-0.06252059308072488,-0.06252059308072488,손절/트레일,-0.06252059308072488,-0.06252059308072488,-0.06252059308072488,-0.06252059308072488,-0.06252059308072488,0.12026359143327836,-0.12850082372322902
2022-09-26,001250,GS글로벌,A,실행,,False,86,148,-0.050000000000000044,-0.050000000000000044,손절/트레일,-0.050000000000000044,-0.050000000000000044,-0.050000000000000044,-0.050000000000000044,손절/트레일,-0.050000000000000044,-0.050000000000000044,-0.050000000000000044,-0.050000000000000044,-0.050000000000000044,0.11754068716094035,-0.11754068716094035
2018-10-11,003410,003410,A,실행,배당2%+,True,77,136,-0.06559999999999999,-0.06559999999999999,손절/트레일,-0.06559999999999999,-0.06559999999999999,-0.06559999999999999,-0.06559999999999999,손절/트레일,-0.06559999999999999,-0.06559999999999999,-0.09145454545454546,-0.09145454545454546,-0.09145454545454546,0.049090909090909074,0.19999999999999996
2011-09-23,010950,S-Oil,A,실행,배당2%+,True,88,150,-0.08107476635514022,-0.08107476635514022,손절/트레일,-0.08107476635514022,-0.08107476635514022,-0.08107476635514022,-0.08107476635514022,손절/트레일,-0.08107476635514022,-0.08107476635514022,-0.08107476635514022,-0.08107476635514022,-0.08107476635514022,-0.08504672897196264,0.14018691588785037
2011-09-05,010950,S-Oil,A,실행,배당2%+,True,100,162,0.08056872037914697,0.06995260663507108,2단트레일,0.06995260663507108,0.06995260663507108,0.06995260663507108,0.04028436018957349,본전이탈,0.04028436018957349,0.04028436018957349,-0.0545023696682464,-0.0545023696682464,-0.0545023696682464,-0.0720379146919431,0.1563981042654028
1999-10-01,006360,GS건설,A,실행,,False,82,142,0.106951871657754,0.09465240641711226,2단트레일,0.09465240641711226,0.09465240641711226,0.09465240641711226,0.053475935828877,본전이탈,0.053475935828877,0.053475935828877,-0.1048663101604278,-0.1048663101604278,-0.1048663101604278,-0.35721925133689836,-0.11229946524064172
2007-10-25,001120,LX인터내셔널,A,주의,,False,66,126,0.07171717171717162,0.046969696969696884,2단트레일,0.046969696969696884,0.046969696969696884,0.046969696969696884,0.03585858585858581,본전이탈,0.03585858585858581,0.03585858585858581,-0.06727272727272726,-0.06727272727272726,-0.06727272727272726,-0.08484848484848484,-0.38181818181818183
1999-10-01,001120,LX인터내셔널,A,실행,,False,82,142,-0.08577777777777784,-0.08577777777777784,손절/트레일,-0.08577777777777784,-0.08577777777777784,-0.08577777777777784,-0.08577777777777784,손절/트레일,-0.08577777777777784,-0.08577777777777784,-0.08958333333333335,-0.08958333333333335,-0.08958333333333335,-0.5333333333333333,-0.3402777777777778
2011-09-23,001120,LX인터내셔널,A,실행,저PER,True,88,150,-0.09965909090909086,-0.09965909090909086,손절/트레일,-0.09965909090909086,-0.09965909090909086,-0.09965909090909086,-0.09965909090909086,손절/트레일,-0.09965909090909086,-0.09965909090909086,-0.09965909090909086,-0.09965909090909086,-0.09965909090909086,0.05227272727272725,0.25681818181818183
1999-10-04,001120,LX인터내셔널,A,실행,,False,81,141,-0.050000000000000044,-0.050000000000000044,손절/트레일,-0.050000000000000044,-0.050000000000000044,-0.050000000000000044,-0.050000000000000044,손절/트레일,-0.050000000000000044,-0.050000000000000044,-0.050000000000000044,-0.050000000000000044,-0.050000000000000044,-0.5094890510948905,-0.3065693430656934
2001-09-13,006260,LS,A,실행,,False,94,152,-0.06032608695652175,-0.06032608695652175,손절/트레일,-0.06032608695652175,-0.06032608695652175,-0.06032608695652175,-0.06032608695652175,손절/트레일,-0.06032608695652175,-0.06032608695652175,-0.06032608695652175,-0.06032608695652175,-0.06032608695652175,0.10507246376811596,0.0036231884057971175
1997-10-17,002610,002610,A,실행,,False,65,129,-0.08079310344827595,-0.08079310344827595,손절/트레일,-0.08079310344827595,-0.08079310344827595,-0.08079310344827595,-0.08079310344827595,손절/트레일,-0.08079310344827595,-0.08079310344827595,-0.08079310344827595,-0.08079310344827595,-0.08079310344827595,-0.07389673039128108,0.33793103448275863
1997-10-20,002610,002610,A,실행,,False,64,128,0.08015267175572527,0.040076335877862634,2단트레일,0.040076335877862634,0.040076335877862634,0.040076335877862634,0.040076335877862634,본전이탈,0.040076335877862634,0.040076335877862634,-0.06450381679389317,-0.06450381679389317,-0.06450381679389317,0.025076138116520985,0.48091603053435117
1997-09-23,011650,011650,A,실행,,False,82,146,0.0748502994011977,0.03742514970059885,2단트레일,0.03742514970059885,0.03742514970059885,0.03742514970059885,0.03742514970059885,본전이탈,0.03742514970059885,0.03742514970059885,-0.050000000000000044,-0.050000000000000044,-0.050000000000000044,-0.5137724550898204,-0.18562874251497008
2001-09-03,005940,NH투자증권,A,실행,,False,102,160,-0.07213844252163171,-0.07213844252163171,손절/트레일,-0.07213844252163171,-0.07213844252163171,-0.07213844252163171,-0.07213844252163171,손절/트레일,-0.07213844252163171,-0.07213844252163171,-0.07583436341161931,-0.07583436341161931,-0.07583436341161931,1.07663782447466,1.1878862793572313
2015-10-30,002350,넥센타이어,A,주의,,False,62,122,-0.06000000000000005,-0.06000000000000005,손절/트레일,-0.06000000000000005,-0.06000000000000005,-0.06000000000000005,-0.06000000000000005,손절/트레일,-0.06000000000000005,-0.06000000000000005,-0.06079545454545454,-0.06079545454545454,-0.06079545454545454,0.10227272727272729,-0.13257575757575757
2011-09-06,003600,003600,A,실행,,False,99,161,0.06866197183098599,0.034330985915492995,2단트레일,0.034330985915492995,0.034330985915492995,0.034330985915492995,0.034330985915492995,본전이탈,0.034330985915492995,0.034330985915492995,-0.08345070422535217,-0.08345070422535217,-0.08345070422535217,-0.14436619718309862,-0.010563380281690127
1997-09-01,003600,003600,A,실행,,False,95,159,-0.050000000000000044,-0.050000000000000044,손절/트레일,-0.050000000000000044,-0.050000000000000044,-0.050000000000000044,-0.050000000000000044,손절/트레일,-0.050000000000000044,-0.050000000000000044,-0.050000000000000044,-0.050000000000000044,-0.050000000000000044,-0.48697916666666663,-0.109375
2018-10-26,011690,와이투솔루션,A,실행,,False,66,125,-0.05137481910274966,-0.05137481910274966,손절/트레일,-0.05137481910274966,-0.05137481910274966,-0.05137481910274966,-0.05137481910274966,손절/트레일,-0.05137481910274966,-0.05137481910274966,-0.05137481910274966,-0.05137481910274966,-0.05137481910274966,0.16931982633863973,0.18958031837916067
2023-10-19,000100,유한양행,A,실행,,False,71,131,-0.053558631921824085,-0.053558631921824085,손절/트레일,-0.053558631921824085,-0.053558631921824085,-0.053558631921824085,-0.053558631921824085,손절/트레일,-0.053558631921824085,-0.053558631921824085,-0.053558631921824085,-0.053558631921824085,-0.053558631921824085,0.1791530944625408,-0.03583061889250816
2020-10-27,005690,파미셀,A,관찰만,,False,65,127,0.07716049382716039,0.14154320987654312,2단트레일,0.14154320987654312,0.14154320987654312,0.14154320987654312,0.038580246913580196,본전이탈,0.038580246913580196,0.038580246913580196,-0.08110956790123458,-0.08110956790123458,-0.08110956790123458,0.021604938271605034,-0.11111111111111116
2020-10-19,005690,파미셀,A,관찰만,,False,71,133,0.07532051282051277,0.10599358974358974,2단트레일,0.10599358974358974,0.10599358974358974,0.10599358974358974,0.03766025641025639,본전이탈,0.03766025641025639,0.03766025641025639,-0.05791920405982909,-0.05791920405982909,-0.05791920405982909,0.0608974358974359,-0.07692307692307687
2018-10-29,005690,파미셀,A,실행,,False,65,124,-0.050000000000000044,-0.050000000000000044,손절/트레일,-0.050000000000000044,-0.050000000000000044,-0.050000000000000044,-0.050000000000000044,손절/트레일,-0.050000000000000044,-0.050000000000000044,-0.050000000000000044,-0.050000000000000044,-0.050000000000000044,0.018018018018018056,0.5945945945945945
2020-10-16,005690,파미셀,A,관찰만,,False,72,134,0.08647798742138368,0.10084905660377363,2단트레일,0.10084905660377363,0.10084905660377363,0.10084905660377363,0.04323899371069184,본전이탈,0.04323899371069184,0.04323899371069184,-0.07740212264150947,-0.07740212264150947,-0.07740212264150947,0.04088050314465419,-0.09433962264150941
2011-09-23,005950,이수화학,A,실행,배당2%+,True,88,150,-0.051010638297872224,-0.051010638297872224,손절/트레일,-0.051010638297872224,-0.051010638297872224,-0.051010638297872224,-0.051010638297872224,손절/트레일,-0.051010638297872224,-0.051010638297872224,-0.051010638297872224,-0.051010638297872224,-0.051010638297872224,0.06382978723404253,0.08936170212765959
1999-10-05,004020,현대제철,A,실행,,False,80,140,0.07109374999999996,0.119234375,2단트레일,0.119234375,0.119234375,0.119234375,0.03554687499999998,본전이탈,0.03554687499999998,0.03554687499999998,-0.050000000000000044,-0.050000000000000044,-0.050000000000000044,-0.509375,-0.2109375
2022-09-26,000230,일동홀딩스,A,실행,,False,86,148,0.0714285714285714,0.13871670702179173,2단트레일,0.13871670702179173,0.13871670702179173,0.13871670702179173,0.0357142857142857,본전이탈,0.0357142857142857,0.0357142857142857,-0.06840193704600483,-0.06840193704600483,-0.06840193704600483,-0.3864406779661017,-0.22179176755447938
2011-09-26,007570,일양약품,A,실행,,False,87,149,0.1255656108597285,0.06278280542986425,2단트레일,0.06278280542986425,0.06278280542986425,0.06278280542986425,0.06278280542986425,본전이탈,0.06278280542986425,0.06278280542986425,0.3959276018099547,0.10407239819004532,0.3959276018099547,0.10407239819004532,0.3959276018099547
2014-10-21,007570,일양약품,A,주의,,False,70,131,0.06883365200764824,0.03441682600382412,2단트레일,0.03441682600382412,0.03441682600382412,0.03441682600382412,0.03441682600382412,본전이탈,0.03441682600382412,0.03441682600382412,-0.053087954110898616,-0.053087954110898616,-0.053087954110898616,0.2466539196940727,0.07839388145315485
2014-09-04,002620,제일파마홀딩스,A,관찰만,,False,98,159,-0.09766497461928936,-0.09766497461928936,손절/트레일,-0.09766497461928936,-0.09766497461928936,-0.09766497461928936,-0.09766497461928936,손절/트레일,-0.09766497461928936,-0.09766497461928936,-0.10304568527918778,-0.10304568527918778,-0.10304568527918778,0.7157360406091371,0.07868020304568524
2014-09-03,002620,제일파마홀딩스,A,관찰만,,False,99,160,-0.050000000000000044,-0.050000000000000044,손절/트레일,-0.050000000000000044,-0.050000000000000044,-0.050000000000000044,-0.050000000000000044,손절/트레일,-0.050000000000000044,-0.050000000000000044,-0.050000000000000044,-0.050000000000000044,-0.050000000000000044,0.6815920398009949,0.05721393034825861
2022-10-11,018470,조일알미늄,A,실행,,False,77,139,0.07964601769911495,0.040176991150442376,2단트레일,0.040176991150442376,0.040176991150442376,0.040176991150442376,0.03982300884955747,본전이탈,0.03982300884955747,0.03982300884955747,-0.05210176991150439,-0.05210176991150439,-0.05210176991150439,0.331858407079646,-0.04646017699115046
2000-09-18,000010,000010,A,실행,,False,88,149,-0.05329289428076256,-0.05329289428076256,손절/트레일,-0.05329289428076256,-0.05329289428076256,-0.05329289428076256,-0.05329289428076256,손절/트레일,-0.05329289428076256,-0.05329289428076256,-0.05329289428076256,-0.05329289428076256,-0.05329289428076256,-0.22703639514731366,-0.06932409012131713
2000-09-19,000010,000010,A,실행,,False,87,148,0.10357142857142865,0.17721428571428577,2단트레일,0.17721428571428577,0.17721428571428577,0.17721428571428577,0.051785714285714324,본전이탈,0.051785714285714324,0.051785714285714324,-0.10089285714285712,-0.10089285714285712,-0.10089285714285712,-0.20357142857142863,-0.04107142857142854
2023-10-23,001060,JW중외제약,A,주의,,False,69,129,-0.05737827715355803,-0.05737827715355803,손절/트레일,-0.05737827715355803,-0.05737827715355803,-0.05737827715355803,-0.05737827715355803,손절/트레일,-0.05737827715355803,-0.05737827715355803,-0.059369538077403305,-0.059369538077403305,-0.059369538077403305,0.15917602996254687,0.14794007490636707
2016-10-31,001060,JW중외제약,A,관찰만,,False,63,125,-0.068504403794038,-0.068504403794038,손절/트레일,-0.068504403794038,-0.068504403794038,-0.068504403794038,-0.068504403794038,손절/트레일,-0.068504403794038,-0.068504403794038,-0.068504403794038,-0.068504403794038,-0.068504403794038,-0.11890243902439024,-0.11280487804878048
2011-09-26,006380,카프로,A,실행,,False,87,149,-0.024032921810699603,-0.024032921810699603,손절/트레일,-0.024032921810699603,-0.024032921810699603,-0.024032921810699603,-0.024032921810699603,손절/트레일,-0.024032921810699603,-0.024032921810699603,-0.07150205761316875,-0.07150205761316875,-0.07150205761316875,-0.191358024691358,0.04526748971193406
2024-09-24,007460,에이프로젠,A,주의,,False,83,145,-0.06557377049180346,-0.06557377049180346,손절/트레일,-0.06557377049180346,-0.06557377049180346,-0.06557377049180346,-0.06557377049180346,손절/트레일,-0.06557377049180346,-0.06557377049180346,-0.06557377049180346,-0.06557377049180346,-0.06557377049180346,-0.4295081967213116,-0.35983606557377057
1998-10-28,003240,태광산업,A,실행,,False,62,121,-0.021333333333333315,-0.021333333333333315,손절/트레일,-0.021333333333333315,-0.021333333333333315,-0.021333333333333315,-0.021333333333333315,손절/트레일,-0.021333333333333315,-0.021333333333333315,-0.07878787878787874,-0.07878787878787874,-0.07878787878787874,0.13636363636363646,-0.11363636363636365
2011-09-26,009410,태영건설,A,실행,저PBR·저PER,True,87,149,0.0949152542372882,0.0474576271186441,2단트레일,0.0474576271186441,0.0474576271186441,0.0474576271186441,0.0474576271186441,본전이탈,0.0474576271186441,0.0474576271186441,-0.05191878531073446,-0.05191878531073446,-0.05191878531073446,-0.15423728813559312,-0.027118644067796516
2015-10-13,002790,아모레퍼시픽홀딩스,B,주의,,False,75,135,-0.0718941054291593,-0.0718941054291593,손절/트레일,-0.0718941054291593,-0.0718941054291593,-0.0718941054291593,-0.0718941054291593,손절/트레일,-0.0718941054291593,-0.0718941054291593,-0.0718941054291593,-0.0718941054291593,-0.0718941054291593,0.053291536050156685,-0.06896551724137934
2015-09-07,002790,아모레퍼시픽홀딩스,B,실행,,False,98,158,-0.08416062214881226,-0.08416062214881226,손절/트레일,-0.08416062214881226,-0.08416062214881226,-0.08416062214881226,-0.08416062214881226,손절/트레일,-0.08416062214881226,-0.08416062214881226,-0.08416062214881226,-0.08416062214881226,-0.08416062214881226,0.07692307692307687,-0.04807692307692313
2009-10-01,010060,OCI홀딩스,B,관찰만,,False,82,145,-0.08721257485029943,-0.08721257485029943,손절/트레일,-0.08721257485029943,-0.08721257485029943,-0.08721257485029943,-0.08721257485029943,손절/트레일,-0.08721257485029943,-0.08721257485029943,-0.08721257485029943,-0.08721257485029943,-0.08721257485029943,-0.15568862275449102,-0.3053892215568862
2009-10-05,010060,OCI홀딩스,A,실행,,False,81,144,0.07019438444924408,0.03509719222462204,2단트레일,0.03509719222462204,0.03509719222462204,0.03509719222462204,0.03509719222462204,본전이탈,0.03509719222462204,0.03509719222462204,-0.050000000000000044,-0.050000000000000044,-0.050000000000000044,-0.08639308855291572,-0.24838012958963285
2022-09-19,010060,OCI홀딩스,A,실행,저PER,True,91,151,-0.0545023696682464,-0.0545023696682464,손절/트레일,-0.0545023696682464,-0.0545023696682464,-0.0545023696682464,-0.0545023696682464,손절/트레일,-0.0545023696682464,-0.0545023696682464,-0.0545023696682464,-0.0545023696682464,-0.0545023696682464,0.13554502369668242,-0.14881516587677723
1999-10-05,005810,풍산홀딩스,A,실행,,False,80,140,0.07471264367816088,0.10126436781609194,2단트레일,0.10126436781609194,0.10126436781609194,0.10126436781609194,0.03735632183908044,본전이탈,0.03735632183908044,0.03735632183908044,-0.05922109885179849,-0.05922109885179849,-0.05922109885179849,-0.4057471264367817,-0.18505747126436778
1999-10-18,005810,풍산홀딩스,A,실행,,False,71,131,-0.06375299520766797,-0.06375299520766797,손절/트레일,-0.06375299520766797,-0.06375299520766797,-0.06375299520766797,-0.06375299520766797,손절/트레일,-0.06375299520766797,-0.06375299520766797,-0.06375299520766797,-0.06375299520766797,-0.06375299520766797,-0.4494142705005325,-0.24494142705005328
1999-10-19,008270,008270,A,실행,,False,70,130,0.06818181818181834,0.03409090909090917,2단트레일,0.03409090909090917,0.03409090909090917,0.03409090909090917,0.03409090909090917,본전이탈,0.03409090909090917,0.03409090909090917,-0.07125409090909085,-0.07125409090909085,-0.07125409090909085,-0.4696969696969697,-0.3219696969696969
1999-10-18,008270,008270,A,실행,,False,71,131,-0.06823529411764717,-0.06823529411764717,손절/트레일,-0.06823529411764717,-0.06823529411764717,-0.06823529411764717,-0.06823529411764717,손절/트레일,-0.06823529411764717,-0.06823529411764717,-0.09857014705882361,-0.09857014705882361,-0.09857014705882361,-0.4852941176470589,-0.34191176470588236
1999-10-05,017670,SK텔레콤,B,실행,,False,80,138,0.44014401440144013,0.5632403240324033,2단트레일,0.5632403240324033,0.5632403240324033,0.5632403240324033,1.4212421242124214,달력보유,1.0125356906551581,1.4212421242124214,2.4023402340234026,1.5849273669088761,2.4023402340234026,1.5849273669088761,2.4023402340234026
1999-10-05,005830,DB손해보험,A,실행,,False,80,140,0.07960893854748607,0.15064245810055876,2단트레일,0.15064245810055876,0.15064245810055876,0.15064245810055876,0.03980446927374304,본전이탈,0.03980446927374304,0.03980446927374304,-0.06061452513966481,-0.06061452513966481,-0.06061452513966481,-0.45251396648044695,0.1005586592178771
2000-09-19,009720,009720,A,실행,,False,87,148,-0.05929549902152642,-0.05929549902152642,손절/트레일,-0.05929549902152642,-0.05929549902152642,-0.05929549902152642,-0.05929549902152642,손절/트레일,-0.05929549902152642,-0.05929549902152642,-0.05929549902152642,-0.05929549902152642,-0.05929549902152642,0.5772994129158513,0.42465753424657526
1998-09-14,015760,한국전력,A,실행,,False,92,152,0.10404624277456653,0.0594219653179191,2단트레일,0.0594219653179191,0.0594219653179191,0.0594219653179191,0.052023121387283267,본전이탈,0.052023121387283267,0.052023121387283267,0.869942196531792,0.976878612716763,0.869942196531792,0.976878612716763,0.869942196531792
1999-10-05,015760,한국전력,B,실행,,False,80,140,-0.09380279898218835,-0.09380279898218835,손절/트레일,-0.09380279898218835,-0.09380279898218835,-0.09380279898218835,-0.09380279898218835,손절/트레일,-0.09380279898218835,-0.09380279898218835,-0.09380279898218835,-0.09380279898218835,-0.09380279898218835,-0.17302798982188294,-0.11704834605597969
1999-10-01,000240,한국앤컴퍼니,A,실행,,False,82,142,0.07160493827160486,0.07792592592592584,2단트레일,0.07792592592592584,0.07792592592592584,0.07792592592592584,0.03580246913580243,본전이탈,0.03580246913580243,0.03580246913580243,-0.10395061728395061,-0.10395061728395061,-0.10395061728395061,-0.4444444444444444,-0.2518518518518519
2010-10-29,004150,한솔홀딩스,A,관찰만,저PBR·배당2%+,True,65,125,-0.050000000000000044,-0.050000000000000044,손절/트레일,-0.050000000000000044,-0.050000000000000044,-0.050000000000000044,-0.050000000000000044,손절/트레일,-0.050000000000000044,-0.050000000000000044,-0.050000000000000044,-0.050000000000000044,-0.050000000000000044,-0.26428571428571423,-0.14464285714285718
2011-09-26,009420,한올바이오파마,A,실행,,False,87,149,0.13779527559055116,0.07068241469816272,2단트레일,0.07068241469816272,0.07068241469816272,0.07068241469816272,0.06889763779527558,본전이탈,0.06889763779527558,0.06889763779527558,-0.05249343832021003,-0.05249343832021003,-0.05249343832021003,0.1417322834645669,0.3648293963254594
2008-10-16,002320,한진,A,실행,,False,71,135,-0.06499999999999995,-0.06499999999999995,손절/트레일,-0.06499999999999995,-0.06499999999999995,-0.06499999999999995,-0.06499999999999995,손절/트레일,-0.06499999999999995,-0.06499999999999995,-0.07833806818181821,-0.07833806818181821,-0.07833806818181821,-0.09232954545454541,0.008522727272727293
1999-10-04,003480,한진중공업홀딩스,A,실행,,False,81,141,-0.08377777777777784,-0.08377777777777784,손절/트레일,-0.08377777777777784,-0.08377777777777784,-0.08377777777777784,-0.08377777777777784,손절/트레일,-0.08377777777777784,-0.08377777777777784,-0.08377777777777784,-0.08377777777777784,-0.08377777777777784,-0.4607407407407408,-0.3659259259259259
2007-10-22,008560,008560,A,실행,배당2%+,True,69,129,0.0767326732673268,0.05896039603960401,2단트레일,0.05896039603960401,0.05896039603960401,0.05896039603960401,0.0383663366336634,본전이탈,0.0383663366336634,0.0383663366336634,-0.07351485148514858,-0.07351485148514858,-0.07351485148514858,-0.21485148514851482,-0.14851485148514842
2009-10-06,000700,유수홀딩스,A,실행,저PBR·저PER·배당2%+,True,59,122,0.07479224376731297,0.037396121883656486,2단트레일,0.037396121883656486,0.037396121883656486,0.037396121883656486,0.037396121883656486,본전이탈,0.037396121883656486,0.037396121883656486,-0.06578947368421062,-0.06578947368421062,-0.06578947368421062,0.3550158290462999,0.0444202611792639
1999-10-04,000700,유수홀딩스,A,실행,,False,81,141,-0.09665714567984007,-0.09665714567984007,손절/트레일,-0.09665714567984007,-0.09665714567984007,-0.09665714567984007,-0.09665714567984007,손절/트레일,-0.09665714567984007,-0.09665714567984007,-0.09665714567984007,-0.09665714567984007,-0.09665714567984007,-0.5372035858877966,-0.3639097744360903
2018-10-11,000720,현대건설,A,실행,,False,77,136,-0.055287569573283846,-0.055287569573283846,손절/트레일,-0.055287569573283846,-0.055287569573283846,-0.055287569573283846,-0.055287569573283846,손절/트레일,-0.055287569573283846,-0.055287569573283846,-0.055287569573283846,-0.055287569573283846,-0.055287569573283846,-0.025974025974025983,0.15398886827458247
1999-09-02,000720,현대건설,A,실행,,False,101,160,-0.05283950617283961,-0.05283950617283961,손절/트레일,-0.05283950617283961,-0.05283950617283961,-0.05283950617283961,-0.05283950617283961,손절/트레일,-0.05283950617283961,-0.05283950617283961,-0.05959595959595965,-0.05959595959595965,-0.05959595959595965,-0.5454545454545454,-0.39955106621773284
2018-10-12,000720,현대건설,B,실행,,False,76,135,-0.055599640933572725,-0.055599640933572725,손절/트레일,-0.055599640933572725,-0.055599640933572725,-0.055599640933572725,-0.055599640933572725,손절/트레일,-0.055599640933572725,-0.055599640933572725,-0.055599640933572725,-0.055599640933572725,-0.055599640933572725,-0.0574506283662477,0.11669658886894085
2002-09-09,011200,HMM,A,실행,저PBR,True,97,159,0.07620817843866168,0.040260223048327104,2단트레일,0.040260223048327104,0.040260223048327104,0.040260223048327104,0.03810408921933084,본전이탈,0.03810408921933084,0.03810408921933084,-0.0552973977695167,-0.0552973977695167,-0.0552973977695167,-0.29182156133828996,-0.3605947955390335
2021-09-30,011200,HMM,B,주의,,False,83,143,-0.07231157270029676,-0.07231157270029676,손절/트레일,-0.07231157270029676,-0.07231157270029676,-0.07231157270029676,-0.07231157270029676,손절/트레일,-0.07231157270029676,-0.07231157270029676,-0.07231157270029676,-0.07231157270029676,-0.07231157270029676,-0.1572700296735905,-0.35014836795252224
1997-10-07,011200,HMM,A,실행,,False,73,137,-0.05102517985611521,-0.05102517985611521,손절/트레일,-0.05102517985611521,-0.05102517985611521,-0.05102517985611521,-0.05102517985611521,손절/트레일,-0.05102517985611521,-0.05102517985611521,-0.05102517985611521,-0.05102517985611521,-0.05102517985611521,-0.21942446043165464,-0.1079136690647482
2021-10-01,011200,HMM,B,주의,,False,82,142,-0.04677672955974843,-0.04677672955974843,손절/트레일,-0.04677672955974843,-0.04677672955974843,-0.04677672955974843,-0.04677672955974843,손절/트레일,-0.04677672955974843,-0.04677672955974843,-0.04677672955974843,-0.04677672955974843,-0.04677672955974843,-0.10691823899371067,-0.3113207547169812
2018-10-29,006390,006390,A,실행,,False,65,124,0.09097525473071322,0.12446870451237257,2단트레일,0.12446870451237257,0.12446870451237257,0.12446870451237257,0.3038573508005822,달력보유,0.10662299854439594,0.3038573508005822,0.5167394468704511,0.12227074235807867,0.5167394468704511,0.12227074235807867,0.5167394468704511
2001-09-13,005380,현대차,A,실행,,False,94,152,-0.08040000000000003,-0.08040000000000003,손절/트레일,-0.08040000000000003,-0.08040000000000003,-0.08040000000000003,-0.08040000000000003,손절/트레일,-0.08040000000000003,-0.08040000000000003,-0.08040000000000003,-0.08040000000000003,-0.08040000000000003,1.56,0.6133333333333333
2001-09-12,005380,현대차,A,실행,,False,95,153,-0.050000000000000044,-0.050000000000000044,손절/트레일,-0.050000000000000044,-0.050000000000000044,-0.050000000000000044,-0.050000000000000044,손절/트레일,-0.050000000000000044,-0.050000000000000044,-0.050000000000000044,-0.050000000000000044,-0.050000000000000044,1.5531914893617023,0.6090425531914894
2008-09-02,011760,현대코퍼레이션,A,실행,,False,101,165,0.07572115384615374,0.03786057692307687,2단트레일,0.03786057692307687,0.03786057692307687,0.03786057692307687,0.03786057692307687,본전이탈,0.03786057692307687,0.03786057692307687,-0.0933894230769231,-0.0933894230769231,-0.0933894230769231,-0.09855769230769229,-0.2235576923076923
2018-10-11,011760,현대코퍼레이션,A,실행,,False,77,136,-0.007094339622641499,-0.007094339622641499,손절/트레일,-0.007094339622641499,-0.007094339622641499,-0.007094339622641499,-0.007094339622641499,손절/트레일,-0.007094339622641499,-0.007094339622641499,-0.09301886792452829,-0.09301886792452829,-0.09301886792452829,-0.11509433962264148,0.1924528301886792
2003-10-23,003450,003450,A,주의,저PBR,True,65,127,0.06915739268680454,0.03457869634340227,2단트레일,0.03457869634340227,0.03457869634340227,0.03457869634340227,0.03457869634340227,본전이탈,0.03457869634340227,0.03457869634340227,-0.06422231054584004,-0.06422231054584004,-0.06422231054584004,-0.13672496025437197,0.06836248012718604
1999-09-02,003450,003450,A,실행,,False,101,161,0.1283783783783783,0.09734234234234229,2단트레일,0.09734234234234229,0.09734234234234229,0.09734234234234229,0.06418918918918914,본전이탈,0.06418918918918914,0.06418918918918914,-0.08801818879462131,-0.08801818879462131,-0.08801818879462131,-0.627927927927928,0.13063063063063063
2011-09-23,011170,롯데케미칼,A,실행,,False,88,150,-0.05398307291666682,-0.05398307291666682,손절/트레일,-0.05398307291666682,-0.05398307291666682,-0.05398307291666682,-0.05398307291666682,손절/트레일,-0.05398307291666682,-0.05398307291666682,-0.05398307291666682,-0.05398307291666682,-0.05398307291666682,-0.15000000000000002,0.14531249999999996
2002-09-26,011170,롯데케미칼,A,실행,,False,85,148,-0.05996467391304361,-0.05996467391304361,손절/트레일,-0.05996467391304361,-0.05996467391304361,-0.05996467391304361,-0.05996467391304361,손절/트레일,-0.05996467391304361,-0.05996467391304361,-0.05996467391304361,-0.05996467391304361,-0.05996467391304361,0.6603260869565217,0.48913043478260865
2018-10-04,008770,호텔신라,A,실행,,False,81,140,-0.0710443037974684,-0.0710443037974684,손절/트레일,-0.0710443037974684,-0.0710443037974684,-0.0710443037974684,-0.0710443037974684,손절/트레일,-0.0710443037974684,-0.0710443037974684,-0.0710443037974684,-0.0710443037974684,-0.0710443037974684,0.21308016877637126,-0.19198312236286919
2021-10-05,003280,흥아해운,A,주의,,False,81,141,-0.07992125984251963,-0.07992125984251963,손절/트레일,-0.07992125984251963,-0.07992125984251963,-0.07992125984251963,-0.07992125984251963,손절/트레일,-0.07992125984251963,-0.07992125984251963,-0.07992125984251963,-0.07992125984251963,-0.07992125984251963,-0.07401574803149602,-0.3401574803149606
2021-10-19,003280,흥아해운,A,주의,,False,72,132,0.10723514211886309,0.06410852713178294,2단트레일,0.06410852713178294,0.06410852713178294,0.06410852713178294,0.053617571059431546,본전이탈,0.053617571059431546,0.053617571059431546,-0.060259857489856405,-0.060259857489856405,-0.060259857489856405,-0.24031007751937983,-0.45865633074935397
2021-10-01,003280,흥아해운,A,주의,,False,82,142,-0.0663143989431968,-0.0663143989431968,손절/트레일,-0.0663143989431968,-0.0663143989431968,-0.0663143989431968,-0.0663143989431968,손절/트레일,-0.0663143989431968,-0.0663143989431968,-0.0663143989431968,-0.0663143989431968,-0.0663143989431968,-0.22324966974900928,-0.44649933949801845
2018-10-11,007630,007630,A,실행,,False,77,135,-0.050000000000000155,-0.050000000000000155,손절/트레일,-0.050000000000000155,-0.050000000000000155,-0.050000000000000155,-0.050000000000000155,손절/트레일,-0.050000000000000155,-0.050000000000000155,-0.050000000000000155,-0.050000000000000155,-0.050000000000000155,-0.7862660944206008,-0.6128755364806868
2002-09-24,012750,에스원,A,실행,,False,87,150,0.08047493403693928,0.04023746701846964,2단트레일,0.04023746701846964,0.04023746701846964,0.04023746701846964,0.04023746701846964,본전이탈,0.04023746701846964,0.04023746701846964,-0.050000000000000044,-0.050000000000000044,-0.050000000000000044,0.19261213720316617,0.14511873350923477
2002-09-23,012750,에스원,A,실행,,False,88,151,-0.054749999999999965,-0.054749999999999965,손절/트레일,-0.054749999999999965,-0.054749999999999965,-0.054749999999999965,-0.054749999999999965,손절/트레일,-0.054749999999999965,-0.054749999999999965,-0.054749999999999965,-0.054749999999999965,-0.054749999999999965,0.1299999999999999,0.08499999999999996
2016-10-14,018880,한온시스템,B,관찰만,저PBR,True,74,136,-0.08401986275733009,-0.08401986275733009,손절/트레일,-0.08401986275733009,-0.08401986275733009,-0.08401986275733009,-0.08401986275733009,손절/트레일,-0.08401986275733009,-0.08401986275733009,-0.08401986275733009,-0.08401986275733009,-0.08401986275733009,-0.2611353711790393,-0.20611353711790392
2015-10-27,012630,HDC,A,주의,,False,65,125,-0.10731204943357364,-0.10731204943357364,손절/트레일,-0.10731204943357364,-0.10731204943357364,-0.10731204943357364,-0.10731204943357364,손절/트레일,-0.10731204943357364,-0.10731204943357364,-0.1077239958805355,-0.1077239958805355,-0.1077239958805355,0.040164778578784865,-0.07312049433573631
1999-09-30,030210,다올투자증권,A,실행,,False,83,143,0.1399999999999999,0.08165714285714276,2단트레일,0.08165714285714276,0.08165714285714276,0.08165714285714276,0.06999999999999995,본전이탈,0.06999999999999995,0.06999999999999995,0.8857142857142857,0.4928571428571429,0.8857142857142857,0.4928571428571429,0.8857142857142857
1999-10-19,030210,다올투자증권,A,실행,,False,70,130,0.07160493827160486,0.0513086419753086,2단트레일,0.0513086419753086,0.0513086419753086,0.0513086419753086,0.03580246913580243,본전이탈,0.03580246913580243,0.03580246913580243,0.6296296296296295,0.2901234567901234,0.6296296296296295,0.2901234567901234,0.6296296296296295
1998-10-26,000660,SK하이닉스,A,실행,,False,64,124,-0.05640449438202255,-0.05640449438202255,손절/트레일,-0.05640449438202255,-0.05640449438202255,-0.05640449438202255,-0.05640449438202255,손절/트레일,-0.05640449438202255,-0.05640449438202255,-0.05640449438202255,-0.05640449438202255,-0.05640449438202255,0.0898876404494382,0.09662921348314613
2006-10-20,000660,SK하이닉스,B,주의,,False,70,131,0.0041551246537396835,-0.09435318559556793,손절/트레일,-0.09435318559556793,-0.09435318559556793,-0.09435318559556793,-0.09435318559556793,손절/트레일,-0.09435318559556793,-0.09435318559556793,-0.09435318559556793,-0.09435318559556793,-0.09435318559556793,-0.11218836565096957,-0.13434903047091418
2014-10-07,000660,SK하이닉스,B,주의,,False,79,140,-0.0889161073825504,-0.0889161073825504,손절/트레일,-0.0889161073825504,-0.0889161073825504,-0.0889161073825504,-0.0889161073825504,손절/트레일,-0.0889161073825504,-0.0889161073825504,-0.0889161073825504,-0.0889161073825504,-0.0889161073825504,0.032438478747203625,0.06599552572706946
2006-10-10,000660,SK하이닉스,B,주의,,False,78,139,0.042796005706134066,-0.06722253922967192,손절/트레일,-0.06722253922967192,-0.06722253922967192,-0.06722253922967192,-0.06722253922967192,손절/트레일,-0.06722253922967192,-0.06722253922967192,-0.06722253922967192,-0.06722253922967192,-0.06722253922967192,-0.08559201141226824,-0.108416547788873
2011-09-14,011790,SKC,A,실행,,False,95,157,-0.050000000000000044,-0.050000000000000044,손절/트레일,-0.050000000000000044,-0.050000000000000044,-0.050000000000000044,-0.050000000000000044,손절/트레일,-0.050000000000000044,-0.050000000000000044,-0.050000000000000044,-0.050000000000000044,-0.050000000000000044,-0.12416107382550334,0.08053691275167796
2011-09-26,023590,다우기술,A,실행,저PER,True,87,149,0.102439024390244,0.14951219512195124,2단트레일,0.14951219512195124,0.14951219512195124,0.14951219512195124,0.3804878048780488,달력보유,0.24024390243902438,0.24024390243902438,0.6585365853658536,0.37804878048780477,0.37804878048780477,0.37804878048780477,0.6585365853658536
2020-10-15,026890,스틱인베스트먼트,A,주의,,False,73,135,-0.0892201834862385,-0.0892201834862385,손절/트레일,-0.0892201834862385,-0.0892201834862385,-0.0892201834862385,-0.0892201834862385,손절/트레일,-0.0892201834862385,-0.0892201834862385,-0.0892201834862385,-0.0892201834862385,-0.0892201834862385,0.2844036697247707,0.004587155963302836
2020-10-16,026890,스틱인베스트먼트,A,관찰만,,False,72,134,-0.07638888888888884,-0.07638888888888884,손절/트레일,-0.07638888888888884,-0.07638888888888884,-0.07638888888888884,-0.07638888888888884,손절/트레일,-0.07638888888888884,-0.07638888888888884,-0.07638888888888884,-0.07638888888888884,-0.07638888888888884,0.2962962962962963,0.01388888888888884
2011-09-20,006650,대한유화,A,실행,,False,91,153,-0.03803921568627455,-0.03803921568627455,손절/트레일,-0.03803921568627455,-0.03803921568627455,-0.03803921568627455,-0.03803921568627455,손절/트레일,-0.03803921568627455,-0.03803921568627455,-0.050000000000000044,-0.050000000000000044,-0.050000000000000044,-0.16470588235294115,0.009803921568627416
2023-10-05,009540,HD한국조선해양,B,주의,,False,80,140,-0.09159029126213591,-0.09159029126213591,손절/트레일,-0.09159029126213591,-0.09159029126213591,-0.09159029126213591,-0.09159029126213591,손절/트레일,-0.09159029126213591,-0.09159029126213591,-0.09159029126213591,-0.09159029126213591,-0.09159029126213591,0.2766990291262137,0.10194174757281549
2018-10-11,036460,한국가스공사,B,실행,저PBR,True,77,136,-0.10166293103448287,-0.10166293103448287,손절/트레일,-0.10166293103448287,-0.10166293103448287,-0.10166293103448287,-0.10166293103448287,손절/트레일,-0.10166293103448287,-0.10166293103448287,-0.10166293103448287,-0.10166293103448287,-0.10166293103448287,-0.20431034482758625,-0.0672413793103448
2018-10-12,036460,한국가스공사,B,실행,저PBR,True,76,135,-0.09227264808362379,-0.09227264808362379,손절/트레일,-0.09227264808362379,-0.09227264808362379,-0.09227264808362379,-0.09227264808362379,손절/트레일,-0.09227264808362379,-0.09227264808362379,-0.09227264808362379,-0.09227264808362379,-0.09227264808362379,-0.19599303135888502,-0.057491289198606244
2023-09-25,042660,한화오션,B,주의,,False,84,144,-0.09576006441223839,-0.09576006441223839,손절/트레일,-0.09576006441223839,-0.09576006441223839,-0.09576006441223839,-0.09576006441223839,손절/트레일,-0.09576006441223839,-0.09576006441223839,-0.09576006441223839,-0.09576006441223839,-0.09576006441223839,0.03220611916264082,-0.2930756843800322
2024-09-05,042660,한화오션,B,주의,,False,93,155,-0.09406230529595017,-0.09406230529595017,손절/트레일,-0.09406230529595017,-0.09406230529595017,-0.09406230529595017,-0.09406230529595017,손절/트레일,-0.09406230529595017,-0.09406230529595017,-0.09406230529595017,-0.09406230529595017,-0.09406230529595017,1.4454828660436139,0.7819314641744548
2002-09-24,012990,012990,A,실행,배당2%+,True,87,150,-0.07827586206896553,-0.07827586206896553,손절/트레일,-0.07827586206896553,-0.07827586206896553,-0.07827586206896553,-0.07827586206896553,손절/트레일,-0.07827586206896553,-0.07827586206896553,-0.090948275862069,-0.090948275862069,-0.090948275862069,0.4913793103448276,0.34913793103448265
2011-09-26,058650,세아홀딩스,A,실행,저PBR·저PER,True,87,149,0.09282700421940926,0.04641350210970463,2단트레일,0.04641350210970463,0.04641350210970463,0.04641350210970463,0.04641350210970463,본전이탈,0.04641350210970463,0.04641350210970463,-0.08206751054852324,-0.08206751054852324,-0.08206751054852324,0.00843881856540074,0.14767932489451474
2018-10-24,033180,033180,A,실행,,False,68,127,-0.053974895397489564,-0.053974895397489564,손절/트레일,-0.053974895397489564,-0.053974895397489564,-0.053974895397489564,-0.053974895397489564,손절/트레일,-0.053974895397489564,-0.053974895397489564,-0.053974895397489564,-0.053974895397489564,-0.053974895397489564,-0.2669456066945607,-0.004184100418409997
2021-10-27,009240,한샘,A,실행,,False,66,126,-0.05467980295566499,-0.05467980295566499,손절/트레일,-0.05467980295566499,-0.05467980295566499,-0.05467980295566499,-0.05467980295566499,손절/트레일,-0.05467980295566499,-0.05467980295566499,-0.05467980295566499,-0.05467980295566499,-0.05467980295566499,-0.22561576354679802,-0.2876847290640394
2024-10-31,007660,이수페타시스,A,주의,,False,59,121,-0.0721840659340659,-0.0721840659340659,손절/트레일,-0.0721840659340659,-0.0721840659340659,-0.0721840659340659,-0.0721840659340659,손절/트레일,-0.0721840659340659,-0.0721840659340659,-0.0721840659340659,-0.0721840659340659,-0.0721840659340659,-0.125,0.06318681318681318
2014-10-24,024110,기업은행,B,주의,저PBR·배당2%+,True,67,128,-0.034602649006622466,-0.034602649006622466,손절/트레일,-0.034602649006622466,-0.034602649006622466,-0.034602649006622466,-0.034602649006622466,손절/트레일,-0.034602649006622466,-0.034602649006622466,-0.09488079470198685,-0.09488079470198685,-0.09488079470198685,-0.019867549668874163,-0.14238410596026485
2009-10-06,034220,LG디스플레이,B,실행,,False,80,143,-0.09396267496111976,-0.09396267496111976,손절/트레일,-0.09396267496111976,-0.09396267496111976,-0.09396267496111976,-0.09396267496111976,손절/트레일,-0.09396267496111976,-0.09396267496111976,-0.09396267496111976,-0.09396267496111976,-0.09396267496111976,0.489891135303266,0.17884914463452573
2016-09-13,034220,LG디스플레이,B,관찰만,,False,93,155,-0.03405017921146958,0.10254480286738354,2단트레일,0.12903225806451613,0.10254480286738354,0.12903225806451613,0.12903225806451613,달력보유,0.07974910394265233,0.12903225806451613,0.09856630824372759,0.053763440860215006,0.09856630824372759,0.053763440860215006,0.09856630824372759
2024-10-21,042700,한미반도체,A,실행,,False,67,129,-0.0699827586206897,-0.0699827586206897,손절/트레일,-0.0699827586206897,-0.0699827586206897,-0.0699827586206897,-0.0699827586206897,손절/트레일,-0.0699827586206897,-0.0699827586206897,-0.0699827586206897,-0.0699827586206897,-0.0699827586206897,-0.2502463054187192,0.11527093596059124
2015-09-04,090430,아모레퍼시픽,B,실행,,False,99,159,-0.03453158579219051,-0.03453158579219051,손절/트레일,-0.03453158579219051,-0.03453158579219051,-0.03453158579219051,-0.03453158579219051,손절/트레일,-0.03453158579219051,-0.03453158579219051,-0.03453158579219051,-0.03453158579219051,-0.03453158579219051,0.2274096385542168,0.2213855421686748
2015-10-13,090430,아모레퍼시픽,B,주의,,False,75,135,0.19386331938633194,0.12714086471408648,2단트레일,0.12714086471408648,0.12714086471408648,0.12714086471408648,0.16248256624825663,달력보유,0.09693165969316597,0.16248256624825663,0.13110181311018132,0.1366806136680614,0.13110181311018132,0.1366806136680614,0.13110181311018132
2020-09-01,096770,SK이노베이션,B,주의,저PBR·배당2%+,True,101,163,-0.05841750841750837,-0.05841750841750837,손절/트레일,-0.05841750841750837,-0.05841750841750837,-0.05841750841750837,-0.05841750841750837,손절/트레일,-0.05841750841750837,-0.05841750841750837,-0.09789999999999999,-0.09789999999999999,-0.09789999999999999,0.8215488215488216,0.8855218855218856
2020-09-23,096770,SK이노베이션,B,관찰만,저PBR·배당2%+,True,85,147,-0.10107871621621622,-0.10107871621621622,손절/트레일,-0.10107871621621622,-0.10107871621621622,-0.10107871621621622,-0.10107871621621622,손절/트레일,-0.10107871621621622,-0.10107871621621622,-0.10107871621621622,-0.10107871621621622,-0.10107871621621622,0.8277027027027026,0.8918918918918919
2016-10-28,096760,JW홀딩스,A,관찰만,,False,64,126,-0.06862745098039214,-0.06862745098039214,손절/트레일,-0.06862745098039214,-0.06862745098039214,-0.06862745098039214,-0.06862745098039214,손절/트레일,-0.06862745098039214,-0.06862745098039214,-0.06862745098039214,-0.06862745098039214,-0.06862745098039214,-0.23333333333333328,-0.24901960784313726
2016-10-31,096760,JW홀딩스,A,관찰만,,False,63,125,-0.06524573721163496,-0.06524573721163496,손절/트레일,-0.06524573721163496,-0.06524573721163496,-0.06524573721163496,-0.06524573721163496,손절/트레일,-0.06524573721163496,-0.06524573721163496,-0.06524573721163496,-0.06524573721163496,-0.06524573721163496,-0.21564694082246738,-0.23169508525576732
2018-10-11,033270,유나이티드제약,A,실행,,False,77,136,-0.050000000000000044,-0.050000000000000044,손절/트레일,-0.050000000000000044,-0.050000000000000044,-0.050000000000000044,-0.050000000000000044,손절/트레일,-0.050000000000000044,-0.050000000000000044,-0.050000000000000044,-0.050000000000000044,-0.050000000000000044,0.001908396946564972,-0.10687022900763354
2016-09-12,020560,아시아나항공,A,관찰만,,False,94,156,-0.01739130434782621,-0.056869565217391393,손절/트레일,-0.056869565217391393,-0.056869565217391393,-0.056869565217391393,-0.056869565217391393,손절/트레일,-0.056869565217391393,-0.056869565217391393,-0.06239130434782625,-0.06239130434782625,-0.06239130434782625,-0.020652173913043637,-0.08913043478260874
2016-09-13,020560,아시아나항공,A,관찰만,,False,93,155,0.07971014492753614,0.03985507246376807,2단트레일,0.03985507246376807,0.03985507246376807,0.03985507246376807,0.03985507246376807,본전이탈,0.03985507246376807,0.03985507246376807,-0.06164994425864001,-0.06164994425864001,-0.06164994425864001,0.004459308807134965,-0.06577480490523968
2013-10-04,032640,LG유플러스,B,관찰만,,False,79,142,-0.007045454545454577,-0.007045454545454577,손절/트레일,-0.007045454545454577,-0.007045454545454577,-0.007045454545454577,-0.007045454545454577,손절/트레일,-0.007045454545454577,-0.007045454545454577,-0.0745318181818182,-0.0745318181818182,-0.0745318181818182,-0.07727272727272727,-0.004545454545454519
2024-09-04,011070,LG이노텍,A,실행,,False,94,156,-0.06959538567493118,-0.06959538567493118,손절/트레일,-0.06959538567493118,-0.06959538567493118,-0.06959538567493118,-0.06959538567493118,손절/트레일,-0.06959538567493118,-0.06959538567493118,-0.06959538567493118,-0.06959538567493118,-0.06959538567493118,-0.4231404958677686,-0.38553719008264464
2014-10-24,011070,LG이노텍,A,주의,,False,67,128,0.07692307692307687,0.038461538461538436,2단트레일,0.038461538461538436,0.038461538461538436,0.038461538461538436,0.038461538461538436,본전이탈,0.038461538461538436,0.038461538461538436,-0.08197115384615383,-0.08197115384615383,-0.08197115384615383,-0.038461538461538436,-0.05865384615384617
2023-09-19,035420,NAVER,B,관찰만,,False,88,148,-0.09580091116173128,-0.09580091116173128,손절/트레일,-0.09580091116173128,-0.09580091116173128,-0.09580091116173128,-0.09580091116173128,손절/트레일,-0.09580091116173128,-0.09580091116173128,-0.09580091116173128,-0.09580091116173128,-0.09580091116173128,-0.1599088838268793,-0.08656036446469251
2011-09-15,120110,코오롱인더,A,실행,,False,94,156,-0.050000000000000044,-0.050000000000000044,손절/트레일,-0.050000000000000044,-0.050000000000000044,-0.050000000000000044,-0.050000000000000044,손절/트레일,-0.050000000000000044,-0.050000000000000044,-0.050000000000000044,-0.050000000000000044,-0.050000000000000044,-0.17739816031537448,-0.05519053876478319
2011-09-14,120110,코오롱인더,A,실행,,False,95,157,-0.06624022346368719,-0.06624022346368719,손절/트레일,-0.06624022346368719,-0.06624022346368719,-0.06624022346368719,-0.06624022346368719,손절/트레일,-0.06624022346368719,-0.06624022346368719,-0.06624022346368719,-0.06624022346368719,-0.06624022346368719,-0.30055865921787706,-0.19664804469273744
2011-09-26,033920,무학,A,실행,,False,87,149,0.07164634146341453,0.035823170731707266,2단트레일,0.035823170731707266,0.035823170731707266,0.035823170731707266,0.035823170731707266,본전이탈,0.035823170731707266,0.035823170731707266,-0.05868902439024393,-0.05868902439024393,-0.05868902439024393,0.19410569105691056,0.20934959349593485
2022-09-19,117580,대성에너지,A,실행,,False,91,153,0.07205240174672478,0.03602620087336239,2단트레일,0.03602620087336239,0.03602620087336239,0.03602620087336239,0.03602620087336239,본전이탈,0.03602620087336239,0.03602620087336239,-0.05691757641921402,-0.05691757641921402,-0.05691757641921402,-0.26462882096069873,-0.05676855895196509
2022-09-26,117580,대성에너지,A,실행,,False,86,148,0.07476635514018692,0.09252336448598131,2단트레일,0.09252336448598131,0.09252336448598131,0.09252336448598131,0.03738317757009346,본전이탈,0.03738317757009346,0.03738317757009346,-0.050000000000000044,-0.050000000000000044,-0.050000000000000044,-0.2130841121495327,0.009345794392523255
2015-09-30,047810,한국항공우주,B,실행,,False,83,143,0.1729749631811488,0.1729749631811488,손절/트레일,0.1729749631811488,0.1729749631811488,0.1729749631811488,0.1729749631811488,손절/트레일,0.1729749631811488,0.1729749631811488,-0.05721428571428566,-0.05721428571428566,-0.05721428571428566,-0.0014727540500736325,0.042709867452135564
2014-10-14,078520,에이블씨엔씨,A,주의,,False,75,136,-0.08028880866425991,-0.08028880866425991,손절/트레일,-0.08028880866425991,-0.08028880866425991,-0.08028880866425991,-0.08028880866425991,손절/트레일,-0.08028880866425991,-0.08028880866425991,-0.08601083032490975,-0.08601083032490975,-0.08601083032490975,0.1480144404332131,-0.20397111913357402
2015-09-11,078520,에이블씨엔씨,A,실행,,False,94,154,0.08708414872798431,0.050704500978473566,2단트레일,0.050704500978473566,0.050704500978473566,0.050704500978473566,0.043542074363992156,본전이탈,0.043542074363992156,0.043542074363992156,-0.05371819960861057,-0.05371819960861057,-0.05371819960861057,0.27788649706457935,-0.07436399217221135
2022-09-26,161000,애경케미칼,A,실행,저PBR·저PER·배당2%+,True,86,148,0.0692307692307692,0.0346153846153846,2단트레일,0.0346153846153846,0.0346153846153846,0.0346153846153846,0.0346153846153846,본전이탈,0.0346153846153846,0.0346153846153846,-0.0538974358974359,-0.0538974358974359,-0.0538974358974359,0.5538461538461539,-0.10871794871794871
2023-09-18,180640,한진칼,A,관찰만,저PER,True,89,149,0.11837455830388688,0.05918727915194344,2단트레일,0.05918727915194344,0.05918727915194344,0.05918727915194344,0.05918727915194344,본전이탈,0.05918727915194344,0.05918727915194344,0.7196702002355713,0.408716136631331,0.408716136631331,0.408716136631331,0.7196702002355713
2018-10-11,183190,아세아시멘트,A,실행,저PBR,True,77,136,-0.05495652173913046,-0.05495652173913046,손절/트레일,-0.05495652173913046,-0.05495652173913046,-0.05495652173913046,-0.05495652173913046,손절/트레일,-0.05495652173913046,-0.05495652173913046,-0.05826086956521748,-0.05826086956521748,-0.05826086956521748,-0.11739130434782608,0.10869565217391308
2021-10-05,112610,씨에스윈드,A,주의,,False,81,141,0.07132352941176467,0.03566176470588234,2단트레일,0.03566176470588234,0.03566176470588234,0.03566176470588234,0.03566176470588234,본전이탈,0.03566176470588234,0.03566176470588234,-0.06536764705882347,-0.06536764705882347,-0.06536764705882347,-0.12058823529411766,-0.30294117647058827
2018-10-25,227840,현대코퍼레이션홀딩스,A,실행,,False,67,126,-0.07065217391304346,-0.07065217391304346,손절/트레일,-0.07065217391304346,-0.07065217391304346,-0.07065217391304346,-0.07065217391304346,손절/트레일,-0.07065217391304346,-0.07065217391304346,-0.07065217391304346,-0.07065217391304346,-0.07065217391304346,-0.22282608695652173,-0.021739130434782594
2018-10-24,227840,현대코퍼레이션홀딩스,A,실행,,False,68,127,-0.061444300518134765,-0.061444300518134765,손절/트레일,-0.061444300518134765,-0.061444300518134765,-0.061444300518134765,-0.061444300518134765,손절/트레일,-0.061444300518134765,-0.061444300518134765,-0.061444300518134765,-0.061444300518134765,-0.061444300518134765,-0.2590673575129534,-0.06735751295336789
2023-10-20,241560,두산밥캣,A,주의,저PER·배당2%+,True,70,130,-0.058918439716312165,-0.058918439716312165,손절/트레일,-0.058918439716312165,-0.058918439716312165,-0.058918439716312165,-0.058918439716312165,손절/트레일,-0.058918439716312165,-0.058918439716312165,-0.058918439716312165,-0.058918439716312165,-0.058918439716312165,0.16909294512877948,0.1399776035834266
2020-10-30,267270,HD건설기계,A,주의,저PBR,True,62,124,0.06854838709677424,0.19072580645161297,2단트레일,0.19072580645161297,0.19072580645161297,0.19072580645161297,0.217741935483871,달력보유,0.6572580645161291,0.6572580645161291,0.36693548387096775,1.245967741935484,1.245967741935484,1.245967741935484,0.36693548387096775
2024-09-30,267250,HD현대,B,실행,저PBR·배당2%+,True,79,141,0.02875816993464042,0.06284967320261436,2단트레일,0.09869281045751632,0.06284967320261436,0.06284967320261436,0.09869281045751632,달력보유,0.05555555555555558,0.05555555555555558,0.08627450980392148,-0.07539346405228764,-0.07539346405228764,0.02875816993464042,0.08627450980392148
2021-09-14,035720,카카오,B,관찰만,,False,92,152,-0.08222168386518669,-0.08222168386518669,손절/트레일,-0.08222168386518669,-0.08222168386518669,-0.08222168386518669,-0.08222168386518669,손절/트레일,-0.08222168386518669,-0.08222168386518669,-0.08222168386518669,-0.08222168386518669,-0.08222168386518669,-0.275,-0.3145161290322581
2018-10-02,271980,제일약품,A,주의,,False,82,141,-0.05966569767441865,-0.05966569767441865,손절/트레일,-0.05966569767441865,-0.05966569767441865,-0.05966569767441865,-0.05966569767441865,손절/트레일,-0.05966569767441865,-0.05966569767441865,-0.05966569767441865,-0.05966569767441865,-0.05966569767441865,-0.17441860465116277,-0.12790697674418605
2023-10-31,307950,현대오토에버,A,실행,,False,63,123,0.091923076923077,0.21137692307692313,2단트레일,0.21137692307692313,0.21137692307692313,0.21137692307692313,0.1151923076923077,달력보유,0.1382692307692308,0.1151923076923077,0.1384615384615384,0.18461538461538463,0.1384615384615384,0.18461538461538463,0.1384615384615384
2021-10-12,003670,포스코퓨처엠,B,주의,,False,77,137,-0.0763096774193548,-0.0763096774193548,손절/트레일,-0.0763096774193548,-0.0763096774193548,-0.0763096774193548,-0.0763096774193548,손절/트레일,-0.0763096774193548,-0.0763096774193548,-0.0763096774193548,-0.0763096774193548,-0.0763096774193548,-0.1225806451612903,-0.2870967741935484
2022-09-23,353200,대덕전자,A,실행,,False,87,149,-0.050000000000000044,-0.050000000000000044,손절/트레일,-0.050000000000000044,-0.050000000000000044,-0.050000000000000044,-0.050000000000000044,손절/트레일,-0.050000000000000044,-0.050000000000000044,-0.050000000000000044,-0.050000000000000044,-0.050000000000000044,-0.07905982905982911,-0.0854700854700855
2023-09-08,361610,SK아이이테크놀로지,B,관찰만,,False,95,155,-0.08184280532043542,-0.08184280532043542,손절/트레일,-0.08184280532043542,-0.08184280532043542,-0.08184280532043542,-0.08184280532043542,손절/트레일,-0.08184280532043542,-0.08184280532043542,-0.08184280532043542,-0.08184280532043542,-0.08184280532043542,-0.2853688029020556,-0.10278113663845223
2024-10-02,402340,SK스퀘어,B,실행,저PBR,True,78,140,0.05652173913043468,0.05652173913043468,손절/트레일,0.05652173913043468,0.05652173913043468,0.05652173913043468,0.05652173913043468,손절/트레일,0.05652173913043468,0.05652173913043468,-0.06597186700767266,-0.06597186700767266,-0.06597186700767266,0.13682864450127874,0.20332480818414322
2023-10-27,403550,쏘카,A,실행,,False,65,125,-0.06585290482076633,-0.06585290482076633,손절/트레일,-0.06585290482076633,-0.06585290482076633,-0.06585290482076633,-0.06585290482076633,손절/트레일,-0.06585290482076633,-0.06585290482076633,-0.06585290482076633,-0.06585290482076633,-0.06585290482076633,0.27935723114956734,0.016687268232385755
2024-09-09,457190,이수스페셜티케미컬,A,실행,,False,91,153,0.11036036036036045,0.12301801801801804,2단트레일,0.12301801801801804,0.12301801801801804,0.12301801801801804,0.05518018018018023,본전이탈,0.05518018018018023,0.05518018018018023,-0.050000000000000044,-0.050000000000000044,-0.050000000000000044,-0.030405405405405372,-0.2601351351351351
2024-09-04,090460,비에이치,A,실행,,False,94,156,-0.059876237623762374,-0.059876237623762374,손절/트레일,-0.059876237623762374,-0.059876237623762374,-0.059876237623762374,-0.059876237623762374,손절/트레일,-0.059876237623762374,-0.059876237623762374,-0.059876237623762374,-0.059876237623762374,-0.059876237623762374,-0.3891089108910891,-0.24702970297029703
2022-09-05,007390,네이처셀,A,실행,,False,99,161,-0.0670076726342711,-0.0670076726342711,손절/트레일,-0.0670076726342711,-0.0670076726342711,-0.0670076726342711,-0.0670076726342711,손절/트레일,-0.0670076726342711,-0.0670076726342711,-0.0670076726342711,-0.0670076726342711,-0.0670076726342711,-0.4629156010230179,-0.30741687979539645
2022-09-06,007390,네이처셀,A,실행,,False,98,160,-0.05025333333333337,-0.05025333333333337,손절/트레일,-0.05025333333333337,-0.05025333333333337,-0.05025333333333337,-0.05025333333333337,손절/트레일,-0.05025333333333337,-0.05025333333333337,-0.05025333333333337,-0.05025333333333337,-0.05025333333333337,-0.43999999999999995,-0.2778666666666667
2021-10-06,025950,동신건설,A,실행,,False,80,140,0.105510752688172,0.06313172043010751,2단트레일,0.06313172043010751,0.06313172043010751,0.06313172043010751,0.052755376344086,본전이탈,0.052755376344086,0.052755376344086,-0.08268817204301071,-0.08268817204301071,-0.08268817204301071,-0.18682795698924726,-0.206989247311828
2016-09-09,006910,보성파워텍,A,관찰만,,False,95,157,-0.050000000000000044,-0.050000000000000044,손절/트레일,-0.050000000000000044,-0.050000000000000044,-0.050000000000000044,-0.050000000000000044,손절/트레일,-0.050000000000000044,-0.050000000000000044,-0.050000000000000044,-0.050000000000000044,-0.050000000000000044,-0.5648854961832062,-0.33053435114503815
2016-09-12,006910,보성파워텍,A,관찰만,,False,94,156,-0.05772307692307688,-0.05772307692307688,손절/트레일,-0.05772307692307688,-0.05772307692307688,-0.05772307692307688,-0.05772307692307688,손절/트레일,-0.05772307692307688,-0.05772307692307688,-0.11723076923076925,-0.11723076923076925,-0.11723076923076925,-0.5615384615384615,-0.3253846153846154
2011-09-26,015750,성우하이텍,A,실행,저PER,True,87,149,0.07887323943661961,0.08974647887323928,2단트레일,0.08974647887323928,0.08974647887323928,0.08974647887323928,0.03943661971830981,본전이탈,0.03943661971830981,0.03943661971830981,-0.05535211267605644,-0.05535211267605644,-0.05535211267605644,-0.2816901408450705,-0.23943661971830998
2025-10-30,025980,아난티,A,주의,,False,63,123,-0.08908917197452237,-0.08908917197452237,손절/트레일,-0.08908917197452237,-0.08908917197452237,-0.08908917197452237,-0.08908917197452237,손절/트레일,-0.08908917197452237,-0.08908917197452237,-0.08908917197452237,-0.08908917197452237,-0.08908917197452237,-0.10063694267515921,0.07133757961783438
2025-10-31,025980,아난티,A,주의,,False,62,122,-0.05492866407263297,-0.05492866407263297,손절/트레일,-0.05492866407263297,-0.05492866407263297,-0.05492866407263297,-0.05492866407263297,손절/트레일,-0.05492866407263297,-0.05492866407263297,-0.05492866407263297,-0.05492866407263297,-0.05492866407263297,-0.08430609597924776,0.09079118028534361
1997-10-20,009540,HD한국조선해양,A,실행,,False,64,128,-0.050000000000000044,-0.050000000000000044,손절/트레일,-0.050000000000000044,-0.050000000000000044,-0.050000000000000044,-0.050000000000000044,손절/트레일,-0.050000000000000044,-0.050000000000000044,-0.050000000000000044,-0.050000000000000044,-0.050000000000000044,0.7269076305220883,0.5261044176706828
2022-09-15,028300,HLB,B,실행,,False,93,155,-0.07929788484136313,-0.07929788484136313,손절/트레일,-0.07929788484136313,-0.07929788484136313,-0.07929788484136313,-0.07929788484136313,손절/트레일,-0.07929788484136313,-0.07929788484136313,-0.07929788484136313,-0.07929788484136313,-0.07929788484136313,-0.16921269095182134,-0.28554641598119856
2024-10-10,028300,HLB,B,실행,,False,74,136,-0.05805392156862743,-0.05805392156862743,손절/트레일,-0.05805392156862743,-0.05805392156862743,-0.05805392156862743,-0.05805392156862743,손절/트레일,-0.05805392156862743,-0.05805392156862743,-0.05805392156862743,-0.05805392156862743,-0.05805392156862743,-0.3026960784313726,-0.014705882352941124
2024-10-14,028300,HLB,A,실행,,False,72,134,-0.06397058823529411,-0.06397058823529411,손절/트레일,-0.06397058823529411,-0.06397058823529411,-0.06397058823529411,-0.06397058823529411,손절/트레일,-0.06397058823529411,-0.06397058823529411,-0.06397058823529411,-0.06397058823529411,-0.06397058823529411,-0.16323529411764703,0.1823529411764706
2020-09-23,028300,HLB,A,관찰만,,False,85,147,-0.05189834599556831,-0.05189834599556831,손절/트레일,-0.05189834599556831,-0.05189834599556831,-0.05189834599556831,-0.05189834599556831,손절/트레일,-0.05189834599556831,-0.05189834599556831,-0.05189834599556831,-0.05189834599556831,-0.05189834599556831,-0.38553641903725655,-0.14529914529914534
2017-10-23,030520,한컴,A,관찰만,,False,69,129,0.08842443729903526,0.13559485530546622,2단트레일,0.1712218649517684,0.13559485530546622,0.1712218649517684,0.1712218649517684,달력보유,0.04421221864951763,0.1712218649517684,0.2540192926045015,0.019292604501607746,0.2540192926045015,0.019292604501607746,0.2540192926045015
2024-09-05,031980,피에스케이홀딩스,A,주의,,False,93,155,-0.07547016460905365,-0.07547016460905365,손절/트레일,-0.07547016460905365,-0.07547016460905365,-0.07547016460905365,-0.07547016460905365,손절/트레일,-0.07547016460905365,-0.07547016460905365,-0.07547016460905365,-0.07547016460905365,-0.07547016460905365,-0.15061728395061724,0.33333333333333326
2001-09-12,028080,휴맥스홀딩스,A,실행,,False,95,153,0.08073654390934837,0.040368271954674184,2단트레일,0.040368271954674184,0.040368271954674184,0.040368271954674184,0.040368271954674184,본전이탈,0.040368271954674184,0.040368271954674184,-0.08606232294617544,-0.08606232294617544,-0.08606232294617544,1.6260623229461757,1.1529745042492916
2014-10-13,024660,024660,A,주의,,False,76,137,0.09508547008547019,0.047542735042735096,2단트레일,0.047542735042735096,0.047542735042735096,0.047542735042735096,0.047542735042735096,본전이탈,0.047542735042735096,0.047542735042735096,-0.05304487179487183,-0.05304487179487183,-0.05304487179487183,0.08760683760683752,0.06730769230769229
2024-09-05,033100,제룡전기,A,주의,,False,93,155,0.08040468583599569,0.13905218317358892,2단트레일,0.13905218317358892,0.13905218317358892,0.13905218317358892,0.040202342917997846,본전이탈,0.040202342917997846,0.040202342917997846,-0.08035143769968056,-0.08035143769968056,-0.08035143769968056,-0.33652822151224704,0.1821086261980831
2011-09-26,009520,포스코엠텍,A,실행,,False,87,147,0.09467918622848193,0.04733959311424096,2단트레일,0.04733959311424096,0.04733959311424096,0.04733959311424096,0.04733959311424096,본전이탈,0.04733959311424096,0.04733959311424096,0.11580594679186218,0.17527386541471057,0.11580594679186218,0.17527386541471057,0.11580594679186218
2014-09-03,034810,해성산업,A,관찰만,,False,99,160,-0.050000000000000044,-0.050000000000000044,손절/트레일,-0.050000000000000044,-0.050000000000000044,-0.050000000000000044,-0.050000000000000044,손절/트레일,-0.050000000000000044,-0.050000000000000044,-0.050000000000000044,-0.050000000000000044,-0.050000000000000044,-0.4804270462633452,-0.592526690391459
2001-09-13,035720,카카오,A,실행,,False,94,152,-0.08350970017636683,-0.08350970017636683,손절/트레일,-0.08350970017636683,-0.08350970017636683,-0.08350970017636683,-0.08350970017636683,손절/트레일,-0.08350970017636683,-0.08350970017636683,-0.08350970017636683,-0.08350970017636683,-0.08350970017636683,0.11992945326278659,0.13756613756613767
2002-09-24,035760,CJ ENM,A,실행,,False,87,150,-0.05533838478915665,-0.05533838478915665,손절/트레일,-0.05533838478915665,-0.05533838478915665,-0.05533838478915665,-0.05533838478915665,손절/트레일,-0.05533838478915665,-0.05533838478915665,-0.05533838478915665,-0.05533838478915665,-0.05533838478915665,-0.16415662650602403,-0.28463855421686746
2002-09-26,035760,CJ ENM,A,실행,,False,85,148,-0.08106712564543894,-0.08106712564543894,손절/트레일,-0.08106712564543894,-0.08106712564543894,-0.08106712564543894,-0.08106712564543894,손절/트레일,-0.08106712564543894,-0.08106712564543894,-0.08106712564543894,-0.08106712564543894,-0.08106712564543894,-0.044750430292599064,-0.18244406196213425
2002-09-25,035760,CJ ENM,A,실행,,False,86,149,-0.050000000000000044,-0.050000000000000044,손절/트레일,-0.050000000000000044,-0.050000000000000044,-0.050000000000000044,-0.050000000000000044,손절/트레일,-0.050000000000000044,-0.050000000000000044,-0.050000000000000044,-0.050000000000000044,-0.050000000000000044,-0.05128205128205132,-0.18803418803418803
2021-10-06,035810,이지홀딩스,A,실행,저PBR·저PER,True,80,140,-0.04200000000000004,-0.04200000000000004,손절/트레일,-0.04200000000000004,-0.04200000000000004,-0.04200000000000004,-0.04200000000000004,손절/트레일,-0.04200000000000004,-0.04200000000000004,-0.05539772727272729,-0.05539772727272729,-0.05539772727272729,0.17045454545454541,-0.19090909090909092
2021-10-06,036200,유니셈,A,실행,,False,80,140,0.06950672645739919,0.06551569506726462,2단트레일,0.06551569506726462,0.06551569506726462,0.06551569506726462,0.12443946188340815,달력보유,0.034753363228699596,0.12443946188340815,0.17937219730941711,-0.050000000000000044,0.17937219730941711,-0.013452914798206317,0.17937219730941711
2008-10-06,036490,036490,A,실행,,False,79,143,-0.07559880239520955,-0.07559880239520955,손절/트레일,-0.07559880239520955,-0.07559880239520955,-0.07559880239520955,-0.07559880239520955,손절/트레일,-0.07559880239520955,-0.07559880239520955,-0.07559880239520955,-0.07559880239520955,-0.07559880239520955,0.2185628742514969,-0.1107784431137725
2006-10-09,037150,037150,A,주의,,False,79,140,0.09045226130653261,0.10351758793969845,2단트레일,0.10351758793969845,0.10351758793969845,0.10351758793969845,0.045226130653266305,본전이탈,0.045226130653266305,0.045226130653266305,-0.09535175879396984,-0.09535175879396984,-0.09535175879396984,0.08040201005025116,0.002512562814070307
2012-09-24,037370,EG,A,관찰만,,False,87,148,-0.05139612558450246,-0.05139612558450246,손절/트레일,-0.05139612558450246,-0.05139612558450246,-0.05139612558450246,-0.05139612558450246,손절/트레일,-0.05139612558450246,-0.05139612558450246,-0.05139612558450246,-0.05139612558450246,-0.05139612558450246,-0.4398797595190381,-0.23246492985971945
2011-09-26,036830,솔브레인홀딩스,A,실행,,False,87,149,0.0742647058823529,0.08907352941176472,2단트레일,0.08907352941176472,0.08907352941176472,0.08907352941176472,0.12389705882352942,달력보유,0.03713235294117645,0.12389705882352942,0.17352941176470593,-0.0737500000000001,0.17352941176470593,-0.08676470588235297,0.17352941176470593
2011-09-23,039530,039530,A,실행,,False,88,150,-0.05661559888579393,-0.05661559888579393,손절/트레일,-0.05661559888579393,-0.05661559888579393,-0.05661559888579393,-0.05661559888579393,손절/트레일,-0.05661559888579393,-0.05661559888579393,-0.05661559888579393,-0.05661559888579393,-0.05661559888579393,-0.7653203342618384,-0.6511142061281338
2013-10-17,036420,콘텐트리중앙,A,관찰만,,False,71,134,0.06862745098039236,0.03825836216839695,2단트레일,0.03825836216839695,0.03825836216839695,0.03825836216839695,0.03431372549019618,본전이탈,0.03431372549019618,0.03431372549019618,-0.062053056516724325,-0.062053056516724325,-0.062053056516724325,-0.08304498269896188,-0.24221453287197225
2001-09-12,036570,NC,A,실행,,False,95,153,-0.050000000000000044,-0.050000000000000044,손절/트레일,-0.050000000000000044,-0.050000000000000044,-0.050000000000000044,-0.050000000000000044,손절/트레일,-0.050000000000000044,-0.050000000000000044,-0.050000000000000044,-0.050000000000000044,-0.050000000000000044,1.4456521739130435,1.2065217391304346
2011-09-26,041140,041140,A,실행,,False,87,149,0.09497816593886466,0.059061135371179074,2단트레일,0.059061135371179074,0.059061135371179074,0.059061135371179074,0.04748908296943233,본전이탈,0.04748908296943233,0.04748908296943233,-0.05311135371179043,-0.05311135371179043,-0.05311135371179043,-0.1026200873362445,-0.028384279475982543
2010-10-29,043890,043890,A,관찰만,저PER,True,65,125,0.09557109557109555,0.04778554778554778,2단트레일,0.04778554778554778,0.04778554778554778,0.04778554778554778,0.04778554778554778,본전이탈,0.04778554778554778,0.04778554778554778,-0.08391802641802648,-0.08391802641802648,-0.08391802641802648,0.21212121212121215,-0.07692307692307687
2006-10-10,022100,포스코DX,A,주의,,False,78,139,-0.08275862068965523,-0.08275862068965523,손절/트레일,-0.08275862068965523,-0.08275862068965523,-0.08275862068965523,-0.08275862068965523,손절/트레일,-0.08275862068965523,-0.08275862068965523,-0.08275862068965523,-0.08275862068965523,-0.08275862068965523,0.04482758620689653,-0.017241379310344862
2006-10-10,039130,하나투어,A,주의,,False,78,139,0.09722222222222232,0.1312037037037037,2단트레일,0.1312037037037037,0.1312037037037037,0.1312037037037037,0.19212962962962965,달력보유,0.19027777777777788,0.19212962962962965,0.287037037037037,0.28333333333333344,0.287037037037037,0.28333333333333344,0.287037037037037
2012-10-19,016170,016170,A,주의,,False,70,131,-0.05103260869565218,-0.05103260869565218,손절/트레일,-0.05103260869565218,-0.05103260869565218,-0.05103260869565218,-0.05103260869565218,손절/트레일,-0.05103260869565218,-0.05103260869565218,-0.05103260869565218,-0.05103260869565218,-0.05103260869565218,0.10507246376811596,-0.036231884057971064
2025-10-30,045390,대아티아이,A,주의,,False,63,123,-0.0738355342136855,-0.0738355342136855,손절/트레일,-0.0738355342136855,-0.0738355342136855,-0.0738355342136855,-0.0738355342136855,손절/트레일,-0.0738355342136855,-0.0738355342136855,-0.0738355342136855,-0.0738355342136855,-0.0738355342136855,0.09243697478991586,0.015606242496998712
2018-10-29,045390,대아티아이,A,실행,,False,65,124,0.10384615384615392,0.13492307692307692,2단트레일,0.13492307692307692,0.13492307692307692,0.13492307692307692,0.36442307692307696,달력보유,0.1365384615384616,0.36442307692307696,0.625,0.1692307692307693,0.625,0.1692307692307693,0.625
2015-10-22,052790,액토즈소프트,A,주의,,False,68,128,0.07202216066481992,0.03601108033240996,2단트레일,0.03601108033240996,0.03601108033240996,0.03601108033240996,0.03601108033240996,본전이탈,0.03601108033240996,0.03601108033240996,-0.050000000000000044,-0.050000000000000044,-0.050000000000000044,-0.3642659279778393,-0.22576177285318555
2012-09-21,053800,안랩,A,관찰만,,False,88,149,-0.06239061456245831,-0.06239061456245831,손절/트레일,-0.06239061456245831,-0.06239061456245831,-0.06239061456245831,-0.06239061456245831,손절/트레일,-0.06239061456245831,-0.06239061456245831,-0.06239061456245831,-0.06239061456245831,-0.06239061456245831,-0.4168336673346693,-0.4719438877755511
2007-10-15,053110,053110,A,주의,,False,74,134,-0.050000000000000155,-0.050000000000000155,손절/트레일,-0.050000000000000155,-0.050000000000000155,-0.050000000000000155,-0.050000000000000155,손절/트레일,-0.050000000000000155,-0.050000000000000155,-0.050000000000000155,-0.050000000000000155,-0.050000000000000155,-0.5466237942122185,-0.6205787781350482
2007-10-16,053110,053110,A,주의,,False,73,133,-0.07200000000000017,-0.07200000000000017,손절/트레일,-0.07200000000000017,-0.07200000000000017,-0.07200000000000017,-0.07200000000000017,손절/트레일,-0.07200000000000017,-0.07200000000000017,-0.08627272727272739,-0.08627272727272739,-0.08627272727272739,-0.4872727272727273,-0.5709090909090909
2021-09-01,052400,코나아이,A,관찰만,,False,101,161,0.09393939393939399,0.07163636363636361,2단트레일,0.07163636363636361,0.07163636363636361,0.07163636363636361,0.046969696969696995,본전이탈,0.046969696969696995,0.046969696969696995,-0.09030303030303033,-0.09030303030303033,-0.09030303030303033,-0.27121212121212124,-0.1515151515151515
2011-09-26,041960,코미팜,A,실행,,False,87,149,0.10883620689655182,0.05937500000000007,2단트레일,0.05937500000000007,0.05937500000000007,0.05937500000000007,0.05441810344827591,본전이탈,0.05441810344827591,0.05441810344827591,-0.07695439573845142,-0.07695439573845142,-0.07695439573845142,0.022629310344827624,0.032327586206896575
2011-09-23,054620,APS,A,실행,,False,88,150,-0.05934968354430381,-0.05934968354430381,손절/트레일,-0.05934968354430381,-0.05934968354430381,-0.05934968354430381,-0.05934968354430381,손절/트레일,-0.05934968354430381,-0.05934968354430381,-0.05934968354430381,-0.05934968354430381,-0.05934968354430381,-0.05063291139240511,0.07172995780590719
2011-09-26,054620,APS,A,실행,,False,87,149,0.10232558139534875,0.06688372093023243,2단트레일,0.06688372093023243,0.06688372093023243,0.06688372093023243,0.051162790697674376,본전이탈,0.051162790697674376,0.051162790697674376,0.1813953488372093,0.046511627906976605,0.1813953488372093,0.046511627906976605,0.1813953488372093
2006-10-24,057330,057330,A,주의,,False,68,127,0.11341853035143767,0.11900958466453682,2단트레일,0.11900958466453682,0.11900958466453682,0.11900958466453682,0.05670926517571884,본전이탈,0.05670926517571884,0.05670926517571884,-0.08642172523961666,-0.08642172523961666,-0.08642172523961666,-0.47284345047923326,-0.04472843450479236
2007-10-08,047080,한빛소프트,A,주의,,False,79,139,0.11974789915966388,0.06457983193277317,2단트레일,0.06457983193277317,0.06457983193277317,0.06457983193277317,0.05987394957983194,본전이탈,0.05987394957983194,0.05987394957983194,-0.06516806722689072,-0.06516806722689072,-0.06516806722689072,-0.6205882352941177,-0.48151260504201676
2011-09-26,013990,아가방컴퍼니,A,실행,,False,87,149,0.17144906743185073,0.21510760401721662,2단트레일,0.21510760401721662,0.21510760401721662,0.21510760401721662,0.6940459110473458,달력보유,0.5147058823529411,0.6940459110473458,1.2166427546628409,0.8579626972740315,1.2166427546628409,0.8579626972740315,1.2166427546628409
2022-09-06,054210,이랜텍,A,실행,,False,98,160,-0.06618750000000007,-0.06618750000000007,손절/트레일,-0.06618750000000007,-0.06618750000000007,-0.06618750000000007,-0.06618750000000007,손절/트레일,-0.06618750000000007,-0.06618750000000007,-0.06618750000000007,-0.06618750000000007,-0.06618750000000007,-0.14802631578947367,-0.004605263157894779
2021-10-06,049180,셀루메드,A,실행,,False,80,140,0.09226932668329169,0.09311720698254367,2단트레일,0.09311720698254367,0.09311720698254367,0.09311720698254367,0.04613466334164584,본전이탈,0.04613466334164584,0.04613466334164584,-0.051184538653366585,-0.051184538653366585,-0.051184538653366585,-0.2955112219451371,-0.28428927680798
2018-10-29,048410,현대바이오,A,실행,,False,65,124,0.06930693069306937,0.042178217821782216,2단트레일,0.042178217821782216,0.042178217821782216,0.042178217821782216,0.034653465346534684,본전이탈,0.034653465346534684,0.034653465346534684,-0.06567656765676577,-0.06567656765676577,-0.06567656765676577,1.7392739273927393,-0.044554455445544594
2025-09-01,048410,현대바이오,A,관찰만,,False,101,161,0.08216783216783208,0.04108391608391604,2단트레일,0.04108391608391604,0.04108391608391604,0.04108391608391604,0.04108391608391604,본전이탈,0.04108391608391604,0.04108391608391604,-0.0699300699300699,-0.0699300699300699,-0.0699300699300699,1.3426573426573425,0.9667832167832169
2021-10-06,047820,초록뱀미디어,A,실행,,False,80,140,0.08547008547008561,0.19333333333333347,2단트레일,0.19333333333333347,0.19333333333333347,0.19333333333333347,0.042735042735042805,본전이탈,0.042735042735042805,0.042735042735042805,-0.06217948717948718,-0.06217948717948718,-0.06217948717948718,0.0705128205128207,0.002136752136752129
2009-09-21,066970,엘앤에프,A,관찰만,,False,90,153,-0.06590370370370369,-0.06590370370370369,손절/트레일,-0.06590370370370369,-0.06590370370370369,-0.06590370370370369,-0.06590370370370369,손절/트레일,-0.06590370370370369,-0.06590370370370369,-0.06590370370370369,-0.06590370370370369,-0.06590370370370369,-0.3674074074074074,-0.4222222222222223
2016-09-13,067080,대화제약,A,관찰만,,False,93,155,-0.0882783882783883,-0.0882783882783883,손절/트레일,-0.0882783882783883,-0.0882783882783883,-0.0882783882783883,-0.0882783882783883,손절/트레일,-0.0882783882783883,-0.0882783882783883,-0.0882783882783883,-0.0882783882783883,-0.0882783882783883,-0.49572649572649574,-0.4993894993894994
2011-09-26,069080,웹젠,A,실행,,False,87,149,0.08333333333333326,0.04879487179487174,2단트레일,0.04879487179487174,0.04879487179487174,0.04879487179487174,0.04166666666666663,본전이탈,0.04166666666666663,0.04166666666666663,-0.09750000000000003,-0.09750000000000003,-0.09750000000000003,0.47435897435897445,0.5705128205128205
2021-09-06,064760,티씨케이,A,관찰만,,False,98,158,-0.05140740740740746,-0.05140740740740746,손절/트레일,-0.05140740740740746,-0.05140740740740746,-0.05140740740740746,-0.05140740740740746,손절/트레일,-0.05140740740740746,-0.05140740740740746,-0.05140740740740746,-0.05140740740740746,-0.05140740740740746,0.0503703703703704,-0.05629629629629629
2012-09-26,066270,066270,A,주의,,False,85,146,0.09777777777777774,0.04888888888888887,2단트레일,0.04888888888888887,0.04888888888888887,0.04888888888888887,0.04888888888888887,본전이탈,0.04888888888888887,0.04888888888888887,-0.08377777777777773,-0.08377777777777773,-0.08377777777777773,-0.27555555555555555,-0.33599999999999997
2011-09-26,066270,066270,A,실행,,False,87,149,0.1468750000000001,0.10968750000000005,2단트레일,0.10968750000000005,0.10968750000000005,0.10968750000000005,0.07343750000000004,본전이탈,0.07343750000000004,0.07343750000000004,-0.07681770833333335,-0.07681770833333335,-0.07681770833333335,-0.504375,-0.078125
2012-10-16,066270,066270,A,주의,,False,73,134,-0.06241206030150759,-0.06241206030150759,손절/트레일,-0.06241206030150759,-0.06241206030150759,-0.06241206030150759,-0.06241206030150759,손절/트레일,-0.06241206030150759,-0.06241206030150759,-0.06241206030150759,-0.06241206030150759,-0.06241206030150759,-0.18090452261306533,-0.24924623115577893
2018-10-29,067160,SOOP,A,실행,,False,65,124,0.06833910034602075,0.21548442906574394,2단트레일,0.21548442906574394,0.21548442906574394,0.21548442906574394,0.2504325259515571,달력보유,0.6397058823529411,0.2504325259515571,0.4325259515570934,1.2110726643598615,0.4325259515570934,1.2110726643598615,0.4325259515570934
2018-10-24,078600,대주전자재료,A,실행,,False,68,127,-0.05012803234501351,-0.05012803234501351,손절/트레일,-0.05012803234501351,-0.05012803234501351,-0.05012803234501351,-0.05012803234501351,손절/트레일,-0.05012803234501351,-0.05012803234501351,-0.05012803234501351,-0.05012803234501351,-0.05012803234501351,-0.12398921832884102,0.05660377358490565
2024-10-16,078600,대주전자재료,A,실행,,False,70,132,-0.059786200194363426,-0.059786200194363426,손절/트레일,-0.059786200194363426,-0.059786200194363426,-0.059786200194363426,-0.059786200194363426,손절/트레일,-0.059786200194363426,-0.059786200194363426,-0.059786200194363426,-0.059786200194363426,-0.059786200194363426,-0.19727891156462585,-0.0038872691933916625
2011-10-17,068270,셀트리온,B,실행,,False,73,135,-0.08282409638554211,-0.08282409638554211,손절/트레일,-0.08282409638554211,-0.08282409638554211,-0.08282409638554211,-0.08282409638554211,손절/트레일,-0.08282409638554211,-0.08282409638554211,-0.08282409638554211,-0.08282409638554211,-0.08282409638554211,-0.23253012048192778,-0.09518072289156632
2008-10-07,068270,셀트리온,A,실행,,False,78,142,0.10787401574803157,0.1255905511811024,2단트레일,0.1255905511811024,0.1255905511811024,0.1255905511811024,0.053937007874015785,본전이탈,0.053937007874015785,0.053937007874015785,-0.15771653543307085,-0.15771653543307085,-0.15771653543307085,1.4330708661417324,0.7637795275590553
2011-09-26,068270,셀트리온,B,실행,,False,87,149,0.018085106382978777,0.018085106382978777,손절/트레일,0.018085106382978777,0.018085106382978777,0.018085106382978777,0.018085106382978777,손절/트레일,0.018085106382978777,0.018085106382978777,-0.07588986232790995,-0.07588986232790995,-0.07588986232790995,-0.20275344180225285,-0.06007509386733423
2008-10-27,068270,셀트리온,A,실행,,False,64,128,-0.05774074074074087,-0.05774074074074087,손절/트레일,-0.05774074074074087,-0.05774074074074087,-0.05774074074074087,-0.05774074074074087,손절/트레일,-0.05774074074074087,-0.05774074074074087,-0.05774074074074087,-0.05774074074074087,-0.05774074074074087,1.4523809523809526,0.7777777777777779
2008-10-06,068270,셀트리온,A,실행,,False,79,143,-0.07231196500503545,-0.07231196500503545,손절/트레일,-0.07231196500503545,-0.07231196500503545,-0.07231196500503545,-0.07231196500503545,손절/트레일,-0.07231196500503545,-0.07231196500503545,-0.07231196500503545,-0.07231196500503545,-0.07231196500503545,1.333836858006042,0.6918429003021147
2015-09-04,078160,메디포스트,A,실행,,False,99,159,0.08510638297872353,0.136436170212766,2단트레일,0.136436170212766,0.136436170212766,0.136436170212766,0.16555851063829796,달력보유,0.10904255319148948,0.16555851063829796,0.2460106382978724,0.13297872340425543,0.2460106382978724,0.13297872340425543,0.2460106382978724
2022-09-27,080420,모다이노칩,A,실행,,False,85,147,-0.0867478510028653,-0.0867478510028653,손절/트레일,-0.0867478510028653,-0.0867478510028653,-0.0867478510028653,-0.0867478510028653,손절/트레일,-0.0867478510028653,-0.0867478510028653,-0.0867478510028653,-0.0867478510028653,-0.0867478510028653,-0.0902578796561605,-0.045845272206303744
2011-09-26,068760,셀트리온제약,A,실행,,False,87,149,0.09583333333333344,0.17491666666666672,2단트레일,0.17491666666666672,0.17491666666666672,0.17491666666666672,0.12430555555555556,달력보유,0.04791666666666672,0.12430555555555556,0.15277777777777768,-0.07112210648148154,0.15277777777777768,-0.033333333333333326,0.15277777777777768
2023-10-27,054950,제이브이엠,A,실행,,False,65,125,0.11983471074380159,0.07809917355371898,2단트레일,0.07809917355371898,0.07809917355371898,0.07809917355371898,0.15082644628099173,달력보유,0.1776859504132231,0.15082644628099173,0.18181818181818188,0.23553719008264462,0.18181818181818188,0.23553719008264462,0.18181818181818188
2015-09-07,085370,085370,A,실행,,False,98,158,0.08852005532503471,0.11997233748271097,2단트레일,0.11997233748271097,0.11997233748271097,0.11997233748271097,0.31189488243430163,달력보유,0.12655601659751037,0.31189488243430163,0.5352697095435686,0.16459197786998603,0.5352697095435686,0.16459197786998603,0.5352697095435686
2021-10-06,084110,휴온스글로벌,A,실행,,False,80,140,-0.06797808764940239,-0.06797808764940239,손절/트레일,-0.06797808764940239,-0.06797808764940239,-0.06797808764940239,-0.06797808764940239,손절/트레일,-0.06797808764940239,-0.06797808764940239,-0.06797808764940239,-0.06797808764940239,-0.06797808764940239,-0.4332669322709163,-0.36254980079681276
2021-10-07,084110,휴온스글로벌,A,주의,,False,79,139,-0.06750252780586452,-0.06750252780586452,손절/트레일,-0.06750252780586452,-0.06750252780586452,-0.06750252780586452,-0.06750252780586452,손절/트레일,-0.06750252780586452,-0.06750252780586452,-0.08457237950792051,-0.08457237950792051,-0.08457237950792051,-0.4246713852376137,-0.352881698685541
2024-10-24,039200,오스코텍,A,실행,,False,64,126,-0.07017432646592714,-0.07017432646592714,손절/트레일,-0.07017432646592714,-0.07017432646592714,-0.07017432646592714,-0.07017432646592714,손절/트레일,-0.07017432646592714,-0.07017432646592714,-0.07017432646592714,-0.07017432646592714,-0.07017432646592714,-0.12678288431061802,-0.15372424722662437
2024-10-25,039200,오스코텍,A,실행,,False,63,125,-0.058275261324041816,-0.058275261324041816,손절/트레일,-0.058275261324041816,-0.058275261324041816,-0.058275261324041816,-0.058275261324041816,손절/트레일,-0.058275261324041816,-0.058275261324041816,-0.058275261324041816,-0.058275261324041816,-0.058275261324041816,-0.04006968641114983,-0.06968641114982577
2023-10-19,039200,오스코텍,A,실행,,False,71,131,-0.02269230769230768,-0.02269230769230768,손절/트레일,-0.02269230769230768,-0.02269230769230768,-0.02269230769230768,-0.02269230769230768,손절/트레일,-0.02269230769230768,-0.02269230769230768,-0.06141826923076921,-0.06141826923076921,-0.06141826923076921,0.4735576923076923,-0.08173076923076927
2023-09-15,095660,네오위즈,A,관찰만,,False,90,150,-0.0644137931034483,-0.0644137931034483,손절/트레일,-0.0644137931034483,-0.0644137931034483,-0.0644137931034483,-0.0644137931034483,손절/트레일,-0.0644137931034483,-0.0644137931034483,-0.0644137931034483,-0.0644137931034483,-0.0644137931034483,-0.3986206896551724,-0.29655172413793107
2021-09-28,095660,네오위즈,A,주의,,False,85,145,-0.05788381742738591,-0.05788381742738591,손절/트레일,-0.05788381742738591,-0.05788381742738591,-0.05788381742738591,-0.05788381742738591,손절/트레일,-0.05788381742738591,-0.05788381742738591,-0.05788381742738591,-0.05788381742738591,-0.05788381742738591,-0.12448132780082988,0.06431535269709543
2021-09-27,095660,네오위즈,A,주의,,False,86,146,-0.0821181875792143,-0.0821181875792143,손절/트레일,-0.0821181875792143,-0.0821181875792143,-0.0821181875792143,-0.0821181875792143,손절/트레일,-0.0821181875792143,-0.0821181875792143,-0.0821181875792143,-0.0821181875792143,-0.0821181875792143,-0.19771863117870725,-0.024714828897338448
2023-10-27,086520,에코프로,B,실행,,False,65,114,-0.06818897637795274,-0.06818897637795274,손절/트레일,-0.06818897637795274,-0.06818897637795274,-0.06818897637795274,-0.06818897637795274,손절/트레일,-0.06818897637795274,-0.06818897637795274,-0.06818897637795274,-0.06818897637795274,-0.06818897637795274,-0.20013693940431354,-0.20944881889763778
2022-09-15,067630,HLB생명과학,A,실행,,False,93,155,-0.05664169787765305,-0.05664169787765305,손절/트레일,-0.05664169787765305,-0.05664169787765305,-0.05664169787765305,-0.05664169787765305,손절/트레일,-0.05664169787765305,-0.05664169787765305,-0.05664169787765305,-0.05664169787765305,-0.05664169787765305,-0.19850187265917607,-0.16928838951310865
2017-10-13,086900,메디톡스,A,관찰만,,False,75,135,-0.05694698354661787,-0.05694698354661787,손절/트레일,-0.05694698354661787,-0.05694698354661787,-0.05694698354661787,-0.05694698354661787,손절/트레일,-0.05694698354661787,-0.05694698354661787,-0.05694698354661787,-0.05694698354661787,-0.05694698354661787,0.5941499085923219,0.3893967093235833
2021-10-06,086890,이수앱지스,A,실행,,False,80,140,0.10227272727272729,0.051136363636363646,2단트레일,0.051136363636363646,0.051136363636363646,0.051136363636363646,0.051136363636363646,본전이탈,0.051136363636363646,0.051136363636363646,-0.06295454545454549,-0.06295454545454549,-0.06295454545454549,-0.2672727272727272,-0.3954545454545455
2021-10-12,101490,에스앤에스텍,A,주의,,False,77,137,0.07882165605095537,0.07890127388535029,2단트레일,0.07890127388535029,0.07890127388535029,0.07890127388535029,0.039410828025477684,본전이탈,0.039410828025477684,0.039410828025477684,-0.0015923566878981443,-0.05151273885350316,-0.0015923566878981443,-0.11146496815286622,-0.0015923566878981443
2011-09-23,108230,톱텍,A,실행,,False,88,150,-0.05290519877675848,-0.05290519877675848,손절/트레일,-0.05290519877675848,-0.05290519877675848,-0.05290519877675848,-0.05290519877675848,손절/트레일,-0.05290519877675848,-0.05290519877675848,-0.05290519877675848,-0.05290519877675848,-0.05290519877675848,-0.07033639143730896,-0.033639143730886834
2022-10-12,115450,HLB테라퓨틱스,A,실행,,False,76,138,-0.05365384615384605,-0.05365384615384605,손절/트레일,-0.05365384615384605,-0.05365384615384605,-0.05365384615384605,-0.05365384615384605,손절/트레일,-0.05365384615384605,-0.05365384615384605,-0.05365384615384605,-0.05365384615384605,-0.05365384615384605,-0.2759935336117473,-0.09076923076923071
2022-10-13,115450,HLB테라퓨틱스,A,실행,,False,75,137,-0.053893442622950816,-0.053893442622950816,손절/트레일,-0.053893442622950816,-0.053893442622950816,-0.053893442622950816,-0.053893442622950816,손절/트레일,-0.053893442622950816,-0.053893442622950816,-0.053893442622950816,-0.053893442622950816,-0.053893442622950816,-0.2285176997502225,-0.031147540983606614
2024-10-14,115450,HLB테라퓨틱스,A,실행,,False,72,134,0.06867779204107838,0.11102695763799741,2단트레일,0.11102695763799741,0.11102695763799741,0.11102695763799741,0.2666880616174583,달력보유,0.03433889602053919,0.2666880616174583,0.4646983311938382,-0.06489075203252037,0.4646983311938382,-0.03080872913992294,0.4646983311938382
2013-10-16,130960,130960,A,관찰만,,False,72,135,-0.08303523035230354,-0.08303523035230354,손절/트레일,-0.08303523035230354,-0.08303523035230354,-0.08303523035230354,-0.08303523035230354,손절/트레일,-0.08303523035230354,-0.08303523035230354,-0.08385501355013547,-0.08385501355013547,-0.08385501355013547,0.36585365853658547,-0.08265582655826553
2023-10-26,121600,나노신소재,A,실행,,False,66,126,0.07186411149825789,0.08363240418118467,2단트레일,0.08363240418118467,0.08363240418118467,0.08363240418118467,0.035932055749128944,본전이탈,0.035932055749128944,0.035932055749128944,-0.05331010452961671,-0.05331010452961671,-0.05331010452961671,0.022648083623693305,-0.16724738675958184
2021-10-05,138610,나이벡,A,주의,,False,81,141,-0.07389053254437872,-0.07389053254437872,손절/트레일,-0.07389053254437872,-0.07389053254437872,-0.07389053254437872,-0.07389053254437872,손절/트레일,-0.07389053254437872,-0.07389053254437872,-0.07389053254437872,-0.07389053254437872,-0.07389053254437872,-0.32396449704142016,-0.35355029585798814
2014-10-13,122870,와이지엔터테인먼트,A,주의,,False,76,137,0.07269700332963369,0.036348501664816846,2단트레일,0.036348501664816846,0.036348501664816846,0.036348501664816846,0.036348501664816846,본전이탈,0.036348501664816846,0.036348501664816846,-0.05723306583120513,-0.05723306583120513,-0.05723306583120513,0.04328523862375144,0.05438401775804658
2023-09-22,122870,와이지엔터테인먼트,A,주의,,False,85,145,-0.07897213855421692,-0.07897213855421692,손절/트레일,-0.07897213855421692,-0.07897213855421692,-0.07897213855421692,-0.07897213855421692,손절/트레일,-0.07897213855421692,-0.07897213855421692,-0.07897213855421692,-0.07897213855421692,-0.07897213855421692,-0.3614457831325302,-0.3313253012048193
2020-09-01,140410,메지온,A,주의,,False,101,163,-0.059347954949614756,-0.059347954949614756,손절/트레일,-0.059347954949614756,-0.059347954949614756,-0.059347954949614756,-0.059347954949614756,손절/트레일,-0.059347954949614756,-0.059347954949614756,-0.059347954949614756,-0.059347954949614756,-0.059347954949614756,-0.10491997628927097,-0.20450503852993485
2016-10-13,141000,비아트론,A,관찰만,,False,75,137,-0.058920187793427226,-0.058920187793427226,손절/트레일,-0.058920187793427226,-0.058920187793427226,-0.058920187793427226,-0.058920187793427226,손절/트레일,-0.058920187793427226,-0.058920187793427226,-0.058920187793427226,-0.058920187793427226,-0.058920187793427226,-0.032863849765258246,0.05868544600938974
2023-10-26,137400,피엔티,A,실행,,False,66,126,-0.05373280943025538,-0.05373280943025538,손절/트레일,-0.05373280943025538,-0.05373280943025538,-0.05373280943025538,-0.05373280943025538,손절/트레일,-0.05373280943025538,-0.05373280943025538,-0.05373280943025538,-0.05373280943025538,-0.05373280943025538,-0.20923379174852652,-0.287819253438114
2017-10-16,141080,리가켐바이오,A,관찰만,,False,74,134,-0.06415562913907291,-0.06415562913907291,손절/트레일,-0.06415562913907291,-0.06415562913907291,-0.06415562913907291,-0.06415562913907291,손절/트레일,-0.06415562913907291,-0.06415562913907291,-0.06415562913907291,-0.06415562913907291,-0.06415562913907291,0.9536423841059603,1.0364238410596025
2016-10-25,141080,리가켐바이오,A,관찰만,,False,67,129,0.07000000000000006,0.03500000000000003,2단트레일,0.03500000000000003,0.03500000000000003,0.03500000000000003,0.03500000000000003,본전이탈,0.03500000000000003,0.03500000000000003,0.0216666666666665,-0.06583333333333341,0.0216666666666665,-0.03500000000000003,0.0216666666666665
2017-09-06,141080,리가켐바이오,A,주의,,False,96,156,0.07099697885196354,0.03549848942598177,2단트레일,0.03549848942598177,0.03549848942598177,0.03549848942598177,0.03549848942598177,본전이탈,0.03549848942598177,0.03549848942598177,-0.055644511581067424,-0.055644511581067424,-0.055644511581067424,0.7824773413897281,0.8580060422960725
2023-10-16,950130,엑세스바이오,A,주의,,False,74,134,-0.06753549695740357,-0.06753549695740357,손절/트레일,-0.06753549695740357,-0.06753549695740357,-0.06753549695740357,-0.06753549695740357,손절/트레일,-0.06753549695740357,-0.06753549695740357,-0.06753549695740357,-0.06753549695740357,-0.06753549695740357,-0.3397565922920892,-0.1835699797160243
2023-09-25,151860,KG에코솔루션,A,주의,저PBR·저PER,True,83,143,-0.050000000000000044,-0.050000000000000044,손절/트레일,-0.050000000000000044,-0.050000000000000044,-0.050000000000000044,-0.050000000000000044,손절/트레일,-0.050000000000000044,-0.050000000000000044,-0.050000000000000044,-0.050000000000000044,-0.050000000000000044,-0.2545155993431856,-0.12068965517241381
2015-09-07,092040,아미코젠,A,실행,,False,98,158,-0.06098778735632193,-0.06098778735632193,손절/트레일,-0.06098778735632193,-0.06098778735632193,-0.06098778735632193,-0.06098778735632193,손절/트레일,-0.06098778735632193,-0.06098778735632193,-0.06098778735632193,-0.06098778735632193,-0.06098778735632193,-0.08764367816091945,0.024425287356321768
2021-10-06,205470,휴마시스,A,실행,,False,80,140,0.08799999999999986,0.24447999999999992,2단트레일,0.24447999999999992,0.24447999999999992,0.24447999999999992,0.6799999999999998,달력보유,0.04399999999999993,0.6799999999999998,1.2719999999999998,-0.004000000000000115,1.2719999999999998,-0.004000000000000115,1.2719999999999998
2021-10-06,200670,휴메딕스,A,실행,,False,80,140,0.07962328767123283,0.03981164383561642,2단트레일,0.03981164383561642,0.03981164383561642,0.03981164383561642,0.03981164383561642,본전이탈,0.03981164383561642,0.03981164383561642,-0.06626712328767126,-0.06626712328767126,-0.06626712328767126,-0.273972602739726,-0.31506849315068497
2017-09-21,213420,덕산네오룩스,A,관찰만,,False,85,145,0.09193954659949632,0.04803526448362727,2단트레일,0.04803526448362727,0.04803526448362727,0.04803526448362727,0.04596977329974816,본전이탈,0.04596977329974816,0.04596977329974816,0.0,-0.05482538021242822,0.0,-0.23677581863979846,0.0
2023-09-19,217270,넵튠,A,관찰만,,False,88,148,-0.06286458333333333,-0.06286458333333333,손절/트레일,-0.06286458333333333,-0.06286458333333333,-0.06286458333333333,-0.06286458333333333,손절/트레일,-0.06286458333333333,-0.06286458333333333,-0.06286458333333333,-0.06286458333333333,-0.06286458333333333,-0.36458333333333337,-0.303125
2022-09-19,220260,켐트로스,A,실행,,False,91,153,-0.0711213592233011,-0.0711213592233011,손절/트레일,-0.0711213592233011,-0.0711213592233011,-0.0711213592233011,-0.0711213592233011,손절/트레일,-0.0711213592233011,-0.0711213592233011,-0.0711213592233011,-0.0711213592233011,-0.0711213592233011,-0.05339805825242716,-0.22330097087378642
2017-09-25,192080,더블유게임즈,A,관찰만,,False,83,143,0.0714285714285714,0.043883299798792685,2단트레일,0.043883299798792685,0.043883299798792685,0.043883299798792685,0.0357142857142857,본전이탈,0.0357142857142857,0.0357142857142857,0.23541247484909467,0.2575452716297786,0.23541247484909467,0.2575452716297786,0.23541247484909467
2021-10-13,185490,아이진,A,주의,,False,76,136,0.16170212765957448,0.1013617021276596,2단트레일,0.1013617021276596,0.1013617021276596,0.1013617021276596,0.08085106382978724,본전이탈,0.08085106382978724,0.08085106382978724,-0.050000000000000044,-0.050000000000000044,-0.050000000000000044,-0.6434042553191489,-0.4085106382978724
2018-10-29,127160,127160,A,실행,,False,65,123,-0.058114278376990236,-0.058114278376990236,손절/트레일,-0.058114278376990236,-0.058114278376990236,-0.058114278376990236,-0.058114278376990236,손절/트레일,-0.058114278376990236,-0.058114278376990236,-0.058114278376990236,-0.058114278376990236,-0.058114278376990236,-0.5562403697996918,-0.04776579352850541
2021-10-06,047920,HLB제약,A,실행,,False,80,140,0.0710382513661203,0.04644808743169404,2단트레일,0.04644808743169404,0.04644808743169404,0.04644808743169404,0.03551912568306015,본전이탈,0.03551912568306015,0.03551912568306015,-0.09282786885245897,-0.09282786885245897,-0.09282786885245897,-0.4901639344262295,-0.39617486338797814
2024-10-14,047920,HLB제약,A,실행,,False,72,134,-0.07635036496350367,-0.07635036496350367,손절/트레일,-0.07635036496350367,-0.07635036496350367,-0.07635036496350367,-0.07635036496350367,손절/트레일,-0.07635036496350367,-0.07635036496350367,-0.07635036496350367,-0.07635036496350367,-0.07635036496350367,-0.02676399026763987,0.26520681265206814
2021-10-13,047920,HLB제약,A,주의,,False,76,136,0.06948228882833796,0.037084468664850156,2단트레일,0.037084468664850156,0.037084468664850156,0.037084468664850156,0.03474114441416898,본전이탈,0.03474114441416898,0.03474114441416898,-0.09529972752043592,-0.09529972752043592,-0.09529972752043592,-0.4915531335149864,-0.3978201634877384
2021-10-29,065660,안트로젠,A,주의,,False,64,123,0.07363013698630128,0.03681506849315064,2단트레일,0.03681506849315064,0.03681506849315064,0.03681506849315064,0.03681506849315064,본전이탈,0.03681506849315064,0.03681506849315064,-0.05976027397260275,-0.05976027397260275,-0.05976027397260275,-0.5821917808219178,-0.550513698630137
2025-09-17,220100,퓨쳐켐,A,관찰만,,False,89,149,0.07331863285556772,0.03665931642778386,2단트레일,0.03665931642778386,0.03665931642778386,0.03665931642778386,0.03665931642778386,본전이탈,0.03665931642778386,0.03665931642778386,0.3699007717750826,0.011025358324145529,0.3699007717750826,0.011025358324145529,0.3699007717750826
2018-10-08,215600,신라젠,A,실행,,False,79,138,0.07837181044957475,0.039185905224787376,2단트레일,0.039185905224787376,0.039185905224787376,0.039185905224787376,0.039185905224787376,본전이탈,0.039185905224787376,0.039185905224787376,-0.06500607533414338,-0.06500607533414338,-0.06500607533414338,-0.20534629404617255,-0.08383961117861483
2020-10-15,091990,091990,B,주의,,False,73,135,0.3026166097838452,0.28202502844141064,2단트레일,0.28202502844141064,0.28202502844141064,0.28202502844141064,0.46871444823663244,달력보유,0.2895335608646188,0.46871444823663244,0.6348122866894197,0.2764505119453924,0.6348122866894197,0.2764505119453924,0.6348122866894197
2023-10-30,270520,앱튼,A,실행,,False,64,124,-0.06039062500000014,-0.06039062500000014,손절/트레일,-0.06039062500000014,-0.06039062500000014,-0.06039062500000014,-0.06039062500000014,손절/트레일,-0.06039062500000014,-0.06039062500000014,-0.06039062500000014,-0.06039062500000014,-0.06039062500000014,-0.27995294197305165,-0.36809364208815776
2021-10-05,299660,셀리드,A,주의,,False,81,141,0.10286103542234337,0.051430517711171686,2단트레일,0.051430517711171686,0.051430517711171686,0.051430517711171686,0.051430517711171686,본전이탈,0.051430517711171686,0.051430517711171686,-0.13801089918256126,-0.13801089918256126,-0.13801089918256126,-0.6682561307901907,-0.49182561307901906
2021-10-06,299660,셀리드,A,실행,,False,80,140,0.11521739130434772,0.08560869565217388,2단트레일,0.08560869565217388,0.08560869565217388,0.08560869565217388,0.05760869565217386,본전이탈,0.05760869565217386,0.05760869565217386,-0.05534661835748789,-0.05534661835748789,-0.05534661835748789,-0.6471014492753624,-0.45942028985507244
2021-10-13,299660,셀리드,A,주의,,False,76,136,0.07730496453900715,0.03981560283687946,2단트레일,0.03981560283687946,0.03981560283687946,0.03981560283687946,0.038652482269503574,본전이탈,0.038652482269503574,0.038652482269503574,-0.06458687943262409,-0.06458687943262409,-0.06458687943262409,-0.6546099290780142,-0.47092198581560285
2023-10-26,247540,에코프로비엠,A,실행,,False,66,126,-0.055711422845691416,-0.055711422845691416,손절/트레일,-0.055711422845691416,-0.055711422845691416,-0.055711422845691416,-0.055711422845691416,손절/트레일,-0.055711422845691416,-0.055711422845691416,-0.055711422845691416,-0.055711422845691416,-0.055711422845691416,0.19488977955911824,0.06963927855711427
2023-10-16,247540,에코프로비엠,B,주의,,False,74,134,-0.06232000000000004,-0.06232000000000004,손절/트레일,-0.06232000000000004,-0.06232000000000004,-0.06232000000000004,-0.06232000000000004,손절/트레일,-0.06232000000000004,-0.06232000000000004,-0.06232000000000004,-0.06232000000000004,-0.06232000000000004,-0.016494845360824795,-0.1195876288659794
2022-09-02,297090,씨에스베어링,A,실행,,False,100,162,-0.07178082191780821,-0.07178082191780821,손절/트레일,-0.07178082191780821,-0.07178082191780821,-0.07178082191780821,-0.07178082191780821,손절/트레일,-0.07178082191780821,-0.07178082191780821,-0.11073059360730597,-0.11073059360730597,-0.11073059360730597,0.008219178082191858,-0.21187214611872152
2023-10-05,297090,씨에스베어링,A,주의,,False,80,140,0.07243460764587528,0.04084507042253527,2단트레일,0.04084507042253527,0.04084507042253527,0.04084507042253527,0.03621730382293764,본전이탈,0.03621730382293764,0.03621730382293764,-0.06815895372233405,-0.06815895372233405,-0.06815895372233405,-0.1810865191146881,-0.07847082494969815
2021-09-28,297890,HB솔루션,A,주의,,False,85,145,-0.0621483375959081,-0.0621483375959081,손절/트레일,-0.0621483375959081,-0.0621483375959081,-0.0621483375959081,-0.0621483375959081,손절/트레일,-0.0621483375959081,-0.0621483375959081,-0.0621483375959081,-0.0621483375959081,-0.0621483375959081,-0.007672634271099765,0.0
2022-09-26,101360,에코앤드림,A,실행,,False,86,148,0.08333333333333326,0.04166666666666663,2단트레일,0.04166666666666663,0.04166666666666663,0.04166666666666663,0.04166666666666663,본전이탈,0.04166666666666663,0.04166666666666663,-0.050000000000000044,-0.050000000000000044,-0.050000000000000044,0.39655172413793105,-0.003831417624521105
2021-10-06,032300,한국파마,A,실행,,False,80,140,0.09498956158663874,0.08486430062630479,2단트레일,0.08486430062630479,0.08486430062630479,0.08486430062630479,0.04749478079331937,본전이탈,0.04749478079331937,0.04749478079331937,-0.08412513048016701,-0.08412513048016701,-0.08412513048016701,-0.3089770354906054,-0.24425887265135704
2022-09-15,323990,박셀바이오,A,실행,,False,93,155,-0.05809371671991481,-0.05809371671991481,손절/트레일,-0.05809371671991481,-0.05809371671991481,-0.05809371671991481,-0.05809371671991481,손절/트레일,-0.05809371671991481,-0.05809371671991481,-0.05809371671991481,-0.05809371671991481,-0.05809371671991481,-0.1480298189563365,-0.25239616613418525
2023-09-14,323990,박셀바이오,A,관찰만,,False,91,151,-0.0697916666666667,-0.0697916666666667,손절/트레일,-0.0697916666666667,-0.0697916666666667,-0.0697916666666667,-0.0697916666666667,손절/트레일,-0.0697916666666667,-0.0697916666666667,-0.0697916666666667,-0.0697916666666667,-0.0697916666666667,-0.5447222222222222,-0.47277777777777774
2023-09-22,126340,비나텍,A,주의,,False,85,145,-0.059169884169884224,-0.059169884169884224,손절/트레일,-0.059169884169884224,-0.059169884169884224,-0.059169884169884224,-0.059169884169884224,손절/트레일,-0.059169884169884224,-0.059169884169884224,-0.059169884169884224,-0.059169884169884224,-0.059169884169884224,-0.08880308880308885,-0.06370656370656369
2023-10-26,299030,하나기술,A,실행,,False,66,126,-0.05917241379310345,-0.05917241379310345,손절/트레일,-0.05917241379310345,-0.05917241379310345,-0.05917241379310345,-0.05917241379310345,손절/트레일,-0.05917241379310345,-0.05917241379310345,-0.05917241379310345,-0.05917241379310345,-0.05917241379310345,-0.1737931034482758,-0.2731034482758621
2025-10-16,260970,에스앤디,A,주의,,False,73,133,-0.09490951676528603,-0.09490951676528603,손절/트레일,-0.09490951676528603,-0.09490951676528603,-0.09490951676528603,-0.09490951676528603,손절/트레일,-0.09490951676528603,-0.09490951676528603,-0.09490951676528603,-0.09490951676528603,-0.09490951676528603,-0.3467455621301775,-0.17041420118343198
2025-10-17,260970,에스앤디,A,주의,,False,72,132,-0.05475594493116398,-0.05475594493116398,손절/트레일,-0.05475594493116398,-0.05475594493116398,-0.05475594493116398,-0.05475594493116398,손절/트레일,-0.05475594493116398,-0.05475594493116398,-0.05475594493116398,-0.05475594493116398,-0.05475594493116398,-0.30913642052565704,-0.12265331664580725
2024-09-05,348370,엔켐,A,주의,,False,92,154,-0.050000000000000044,-0.050000000000000044,손절/트레일,-0.050000000000000044,-0.050000000000000044,-0.050000000000000044,-0.050000000000000044,손절/트레일,-0.050000000000000044,-0.050000000000000044,-0.050000000000000044,-0.050000000000000044,-0.050000000000000044,-0.5594444444444444,-0.2777777777777778
2024-09-06,348370,엔켐,A,실행,,False,91,153,0.08549848942598182,0.09839879154078546,2단트레일,0.09839879154078546,0.09839879154078546,0.09839879154078546,0.04274924471299091,본전이탈,0.04274924471299091,0.04274924471299091,-0.06258056394763345,-0.06258056394763345,-0.06258056394763345,-0.5208459214501511,-0.21450151057401812
2024-09-05,199800,툴젠,A,주의,,False,93,155,-0.053844401041666656,-0.053844401041666656,손절/트레일,-0.053844401041666656,-0.053844401041666656,-0.053844401041666656,-0.053844401041666656,손절/트레일,-0.053844401041666656,-0.053844401041666656,-0.053844401041666656,-0.053844401041666656,-0.053844401041666656,-0.3939144736842105,-0.3577302631578947
2024-09-06,199800,툴젠,A,실행,,False,92,154,-0.053676470588235325,-0.053676470588235325,손절/트레일,-0.053676470588235325,-0.053676470588235325,-0.053676470588235325,-0.053676470588235325,손절/트레일,-0.053676470588235325,-0.053676470588235325,-0.07619485294117645,-0.07619485294117645,-0.07619485294117645,-0.3226102941176471,-0.2821691176470589
2023-10-16,310210,보로노이,A,주의,,False,74,134,-0.060376213592233,-0.060376213592233,손절/트레일,-0.060376213592233,-0.060376213592233,-0.060376213592233,-0.060376213592233,손절/트레일,-0.060376213592233,-0.060376213592233,-0.060376213592233,-0.060376213592233,-0.060376213592233,-0.2293689320388349,-0.16626213592233008
2023-09-13,402030,코난테크놀로지,A,관찰만,,False,92,152,0.09503546099290783,0.10921985815602842,2단트레일,0.10921985815602842,0.10921985815602842,0.10921985815602842,0.047517730496453914,본전이탈,0.047517730496453914,0.047517730496453914,-0.10395404846335687,-0.10395404846335687,-0.10395404846335687,-0.36638075080761934,-0.1802550963573576
2023-09-25,402030,코난테크놀로지,A,주의,,False,84,144,0.07553956834532372,0.05690647482014388,2단트레일,0.05690647482014388,0.05690647482014388,0.05690647482014388,0.03776978417266186,본전이탈,0.03776978417266186,0.03776978417266186,-0.06884337529976026,-0.06884337529976026,-0.06884337529976026,-0.3572639270782326,-0.16846020565746356
