date,code,name,등급,국면,월,체인,밸류여부,성장군,카드%,ex_how
1997-01-30,003620,KG모빌리티,정식A,실행,1,비체인,False,,-5.7734412470024,손절
1997-03-20,004010,004010,정식A,실행,3,,False,,-5.89411764705881,손절
1997-03-21,004010,004010,정식A,실행,3,,False,,-5.0,손절
1997-03-24,012750,에스원,정식A,실행,3,비체인,False,,6.96517412935322,목표
1997-09-01,003600,003600,정식A,실행,9,,False,,-5.0,손절
1997-09-23,011650,011650,정식A,실행,9,,False,,7.4850299401197695,목표
1997-10-07,011200,HMM,정식A,실행,10,비체인,False,,-5.10251798561152,손절
1997-10-08,005935,삼성전자우,정식A,실행,10,비체인,False,,-5.00000000000001,손절
1997-10-16,010140,삼성중공업,정식A,실행,10,비체인,False,,-5.0,손절
1997-10-16,005060,005060,S2-α,실행,10,,False,,-6.409411764705871,트레일
1997-10-16,003550,LG,S2-α,실행,10,비체인,False,,-5.67393162393162,손절
1997-10-17,002610,002610,정식A,실행,10,,False,,-8.07931034482759,손절
1997-10-20,009540,HD한국조선해양,정식A,실행,10,비체인,False,,-5.0,손절
1997-10-20,002610,002610,정식A,실행,10,,False,,8.01526717557252,목표
1997-10-27,006800,미래에셋증권,정식A,실행,10,비체인,False,,-5.84821428571428,손절
1997-10-27,005490,POSCO홀딩스,S2-α,실행,10,비체인,False,,-5.59128630705394,손절
1997-10-28,002000,002000,S2-α,실행,10,,False,,-5.0,손절
1997-10-31,007610,선도전기,S2-α,실행,10,비체인,False,,7.34824281150159,목표
1997-11-21,000570,000570,S2-α,실행,11,,False,,-5.0,손절
1997-11-25,003480,한진중공업홀딩스,S2-α,실행,11,비체인,False,,-10.50847457627119,트레일
1997-12-09,005490,POSCO홀딩스,정식A,실행,12,비체인,False,,10.69114470842331,목표
1997-12-09,002000,002000,S2-α,실행,12,,False,,-5.18627450980393,손절
1997-12-09,009290,광동제약,S2-α,실행,12,비체인,False,,-9.52870734908136,손절
1997-12-12,017670,SK텔레콤,정식A,실행,12,비체인,False,,9.03686087990487,목표
1998-01-21,027460,027460,정식A,실행,1,,False,,-5.0,손절
1998-01-22,029890,029890,정식A,실행,1,,False,,-5.0,손절
1998-01-22,005940,NH투자증권,S2-α,실행,1,비체인,False,,-7.6606529209622005,손절
1998-01-22,005380,현대차,정식A,실행,1,비체인,False,,8.85826771653541,목표
1998-01-22,003550,LG,S2-α,실행,1,비체인,False,,8.60655737704918,목표
1998-01-22,006400,삼성SDI,정식A,실행,1,체인,False,,8.94160583941605,목표
1998-01-22,006800,미래에셋증권,정식A,실행,1,비체인,False,,-5.86363636363637,손절
1998-02-05,029890,029890,정식A,실행,2,,False,,7.065217391304341,목표
1998-02-05,009150,삼성전기,정식A,실행,2,체인,False,,6.9767441860465,목표
1998-02-11,005060,005060,S2-α,실행,2,,False,,-5.614642451759351,손절
1998-02-11,003810,003810,정식A,실행,2,,False,,-5.48141891891892,손절
1998-02-11,018880,한온시스템,S2-α,실행,2,체인,False,,-6.29886224333435,손절
1998-02-11,007410,007410,정식A,실행,2,,False,,-5.8189655172413906,손절
1998-02-12,018880,한온시스템,S2-α,실행,2,체인,False,,-5.0,손절
1998-02-13,000810,삼성화재,정식A,실행,2,비체인,False,,9.015151515151508,목표
1998-02-17,002000,002000,정식A,실행,2,,False,,7.3394495412844,목표
1998-03-05,023130,023130,정식A,실행,3,,False,,-5.0,손절
1998-03-06,007410,007410,정식A,실행,3,,False,,-6.13333333333333,트레일
1998-03-06,010140,삼성중공업,정식A,실행,3,비체인,False,,12.03007518796992,목표
1998-03-06,011170,롯데케미칼,정식A,실행,3,비체인,False,,9.130434782608681,목표
1998-03-06,015760,한국전력,정식A,실행,3,비체인,False,,7.2164948453608195,목표
1998-03-09,005380,현대차,정식A,실행,3,비체인,False,,8.7719298245614,목표
1998-03-09,005100,005100,S2-α,실행,3,,False,,7.43243243243243,목표
1998-03-18,010140,삼성중공업,정식A,실행,3,비체인,False,,-5.967760083088121,손절
1998-04-02,017390,서울가스,S2-α,실행,4,비체인,False,,-5.46676300578035,손절
1998-04-02,005930,삼성전자,정식A,실행,4,체인,False,,-5.0,손절
1998-04-03,005930,삼성전자,정식A,실행,4,체인,False,,7.666666666666639,목표
1998-04-03,006400,삼성SDI,정식A,실행,4,체인,False,,8.52059925093633,목표
1998-04-03,002610,002610,정식A,실행,4,,False,,-5.0,손절
1998-04-03,009150,삼성전기,정식A,실행,4,체인,False,,12.870159453302959,목표
1998-04-03,029530,신도리코,정식A,실행,4,비체인,False,,8.70967741935484,목표
1998-05-06,009150,삼성전기,정식A,실행,5,체인,False,,-7.59999999999999,트레일
1998-05-06,000810,삼성화재,정식A,실행,5,비체인,False,,8.088235294117641,목표
1998-05-06,005930,삼성전자,정식A,실행,5,체인,False,,-5.24846153846154,손절
1998-05-07,007610,선도전기,정식A,실행,5,비체인,False,,-5.0,손절
1998-05-26,008060,대덕,S2-α,실행,5,비체인,False,,-5.38000000000001,손절
1998-05-26,017670,SK텔레콤,정식A,실행,5,비체인,False,,7.69230769230768,목표
1998-07-02,000660,SK하이닉스,정식A,실행,7,체인,False,,-5.7262396694215,손절
1998-07-13,011200,HMM,정식A,실행,7,비체인,False,,10.09174311926606,목표
1998-07-27,008060,대덕,S2-α,실행,7,비체인,False,,-5.1724137931034395,트레일
1998-08-18,011200,HMM,정식A,실행,8,비체인,False,,8.53658536585366,목표
1998-09-07,001680,대상,S2-α,실행,9,비체인,False,,-5.4726368159204,손절
1998-09-10,005440,현대지에프홀딩스,S2-α,실행,9,비체인,False,,-6.31336405529955,손절
1998-09-14,015760,한국전력,정식A,실행,9,비체인,False,,10.40462427745665,목표
1998-10-26,000660,SK하이닉스,정식A,실행,10,체인,False,,-5.640449438202251,손절
1998-10-27,026870,026870,S2-α,실행,10,,False,,8.113207547169822,목표
1998-10-28,003240,태광산업,정식A,실행,10,비체인,False,,-2.13333333333333,트레일
1998-11-05,005440,현대지에프홀딩스,정식A,실행,11,비체인,False,,-7.11111111111111,손절
1998-11-10,008060,대덕,S2-α,실행,11,비체인,False,,6.9767441860465,목표
1998-11-11,000810,삼성화재,정식A,실행,11,비체인,False,,8.73015873015874,목표
1998-11-11,011160,011160,S2-α,실행,11,,False,,7.52212389380531,목표
1998-12-16,004940,004940,S2-α,실행,12,,False,,12.5,목표
1998-12-16,002860,002860,정식A,실행,12,,False,,-9.4303574070694,손절
1998-12-16,015580,015580,정식A,실행,12,,False,,11.35714285714286,목표
1998-12-16,000110,000110,정식A,실행,12,,False,,-5.0,손절
1998-12-17,003810,003810,정식A,실행,12,,False,,11.84782608695653,목표
1998-12-17,000830,000830,정식A,실행,12,,False,,12.40000000000001,목표
1998-12-18,008810,008810,정식A,실행,12,,False,,1.2,트레일
1999-01-21,003480,한진중공업홀딩스,정식A,실행,1,비체인,False,,10.34482758620689,목표
1999-01-21,023130,023130,정식A,실행,1,,False,,-7.27902550307612,손절
1999-01-21,008670,008670,정식A,실행,1,,False,,-5.9747588842544195,손절
1999-01-21,029890,029890,정식A,실행,1,,False,,-6.16803278688524,손절
1999-01-21,011160,011160,S2-α,실행,1,,False,,-7.850000000000009,손절
1999-01-21,005770,005770,S2-α,실행,1,,False,,-6.15501519756839,손절
1999-01-21,018360,018360,S2-α,실행,1,,False,,-7.156505997474739,손절
1999-01-21,008810,008810,정식A,실행,1,,False,,-5.0,손절
1999-01-22,005770,005770,S2-α,실행,1,,False,,-7.52251638190767,손절
1999-01-22,018360,018360,정식A,실행,1,,False,,9.009009009009,목표
1999-01-22,011160,011160,S2-α,실행,1,,False,,-9.53271028037382,트레일
1999-01-22,007360,007360,정식A,실행,1,,False,,-5.0,손절
1999-01-25,008060,대덕,S2-α,실행,1,비체인,False,,-8.67027027027026,트레일
1999-01-25,005380,현대차,정식A,실행,1,비체인,False,,7.7027027027027,목표
1999-01-25,000830,000830,S2-α,실행,1,,False,,7.421875,목표
1999-01-26,008060,대덕,S2-α,실행,1,비체인,False,,9.011627906976729,목표
1999-02-09,007410,007410,정식A,실행,2,,False,,8.20754716981131,목표
1999-02-09,008600,윌비스,S2-α,실행,2,비체인,False,,13.664596273291929,목표
1999-02-24,000010,000010,S2-α,실행,2,,False,,-5.0,손절
1999-02-25,008600,윌비스,S2-α,실행,2,비체인,False,,9.4642857142857,목표
1999-03-18,024110,기업은행,정식A,실행,3,비체인,False,,-5.44289044289044,손절
1999-04-29,000030,000030,정식A,실행,4,,False,,11.44278606965174,목표
1999-05-12,007410,007410,정식A,실행,5,,False,,7.21757322175731,목표
1999-05-13,004460,004460,S2-α,실행,5,,False,,-5.00000000000001,손절
1999-05-14,000280,000280,S2-α,실행,5,,False,,-6.06621773288441,손절
1999-05-17,005440,현대지에프홀딩스,정식A,실행,5,비체인,False,,-5.0,손절
1999-05-17,004280,004280,정식A,실행,5,,False,,-7.7708333333333295,손절
1999-05-24,008810,008810,정식A,실행,5,,False,,-6.30707465277778,손절
1999-05-25,008810,008810,정식A,실행,5,,False,,13.59154929577464,목표
1999-05-28,008990,008990,S2-α,실행,5,,False,,-4.76712328767123,트레일
1999-06-15,011160,011160,S2-α,실행,6,,False,,7.015985790408511,목표
1999-07-21,007410,007410,정식A,실행,7,,False,,-4.9895178197064896,트레일
1999-07-21,000030,000030,정식A,실행,7,,False,,-9.8010752688172,손절
1999-07-26,010520,010520,정식A,실행,7,,False,,11.249999999999979,목표
1999-07-26,003620,KG모빌리티,S2-α,실행,7,비체인,False,,-5.0,손절
1999-07-26,006610,006610,S2-α,실행,7,,False,,13.23529411764705,목표
1999-07-26,009050,009050,정식A,실행,7,,False,,9.65909090909091,목표
1999-07-26,008980,008980,정식A,실행,7,,False,,13.485113835376538,목표
1999-07-26,000720,현대건설,정식A,실행,7,비체인,False,,7.3856975381008105,목표
1999-07-26,000010,000010,S2-α,실행,7,,False,,10.87719298245613,목표
1999-07-26,007360,007360,정식A,실행,7,,False,,-5.0,손절
1999-07-26,016420,016420,S2-α,실행,7,,False,,12.87878787878789,목표
1999-07-26,005770,005770,S2-α,실행,7,,False,,10.64516129032258,목표
1999-07-26,001200,유진투자증권,정식A,실행,7,비체인,False,,8.50515463917527,목표
1999-07-26,003530,한화투자증권,S2-α,실행,7,비체인,False,,12.53246753246752,목표
1999-07-26,008670,008670,정식A,실행,7,,False,,10.8416547788873,목표
1999-07-26,004020,현대제철,정식A,실행,7,비체인,False,,14.51127819548872,목표
1999-07-27,003620,KG모빌리티,S2-α,실행,7,비체인,False,,12.28448275862068,목표
1999-08-02,007360,007360,정식A,실행,8,,False,,7.79816513761468,목표
1999-08-02,016830,016830,정식A,실행,8,,False,,7.458563535911609,목표
1999-08-16,001200,유진투자증권,정식A,실행,8,비체인,False,,-5.0,손절
1999-08-17,008560,008560,S2-α,실행,8,,False,,-7.79411764705882,손절
1999-08-17,001200,유진투자증권,정식A,실행,8,비체인,False,,7.96019900497513,목표
1999-08-17,004710,한솔테크닉스,S2-α,실행,8,체인,False,,-6.2269992933554,손절
1999-08-17,016420,016420,S2-α,실행,8,,False,,-5.0,손절
1999-08-18,004710,한솔테크닉스,S2-α,실행,8,체인,False,,10.36036036036036,목표
1999-08-27,004390,004390,S2-α,실행,8,,False,,-5.0,손절
1999-08-27,016830,016830,정식A,실행,8,,False,,-4.26373626373626,트레일
1999-09-02,000720,현대건설,정식A,실행,9,비체인,False,,-5.28395061728396,트레일
1999-09-02,006800,미래에셋증권,정식A,실행,9,비체인,False,,6.9553805774278095,목표
1999-09-02,000280,000280,정식A,실행,9,,False,,7.73361976369495,목표
1999-09-02,028050,삼성E&A,S2-α,실행,9,비체인,False,,7.35294117647058,목표
1999-09-02,003450,003450,정식A,실행,9,,False,,12.837837837837828,목표
1999-09-02,016360,삼성증권,정식A,실행,9,비체인,False,,8.02005012531328,목표
1999-09-03,028050,삼성E&A,S2-α,실행,9,비체인,False,,7.65306122448978,목표
1999-09-16,003540,대신증권,S2-α,실행,9,비체인,False,,6.83229813664596,목표
1999-09-27,000120,CJ대한통운,정식A,실행,9,비체인,False,,8.4507042253521,목표
1999-09-30,001680,대상,정식A,실행,9,비체인,False,,-5.0,손절
1999-09-30,002550,002550,정식A,실행,9,,False,,-5.0,손절
1999-09-30,030210,다올투자증권,정식A,실행,9,비체인,False,,13.99999999999999,목표
1999-09-30,010130,고려아연,정식A,실행,9,비체인,False,,-6.21138649425287,손절
1999-10-01,000240,한국앤컴퍼니,정식A,실행,10,비체인,False,,7.16049382716048,목표
1999-10-01,002550,002550,정식A,실행,10,,False,,12.81818181818181,목표
1999-10-01,001120,LX인터내셔널,정식A,실행,10,비체인,False,,-8.57777777777778,트레일
1999-10-01,010130,고려아연,정식A,실행,10,비체인,False,,-5.66918238993711,손절
1999-10-01,025860,남해화학,정식A,실행,10,비체인,False,,-5.60706073960529,손절
1999-10-01,006360,GS건설,정식A,실행,10,비체인,False,,10.6951871657754,목표
1999-10-01,006120,SK디스커버리,S2-α,실행,10,비체인,False,,-9.65686274509803,손절
1999-10-04,001120,LX인터내셔널,정식A,실행,10,비체인,False,,-5.0,손절
1999-10-04,003480,한진중공업홀딩스,정식A,실행,10,비체인,False,,-8.37777777777778,손절
1999-10-04,000700,유수홀딩스,정식A,실행,10,비체인,False,,-9.665714567984,손절
1999-10-05,004020,현대제철,정식A,실행,10,비체인,False,,7.10937499999999,목표
1999-10-05,005440,현대지에프홀딩스,정식A,실행,10,비체인,False,,7.25190839694656,목표
1999-10-05,003490,대한항공,정식A,실행,10,비체인,False,,-5.0,손절
1999-10-05,005830,DB손해보험,정식A,실행,10,비체인,False,,7.9608938547486,목표
1999-10-05,001440,대한전선,S2-α,실행,10,비체인,False,,-7.15552491830066,손절
1999-10-05,000830,000830,정식A,실행,10,,False,,10.17241379310345,목표
1999-10-05,005810,풍산홀딩스,정식A,실행,10,비체인,False,,7.47126436781608,목표
1999-10-05,010140,삼성중공업,정식A,실행,10,비체인,False,,7.5068870523415905,목표
1999-10-14,000270,기아,정식A,실행,10,비체인,False,,-9.64174601467693,손절
1999-10-18,005810,풍산홀딩스,정식A,실행,10,비체인,False,,-6.375299520766791,손절
1999-10-18,008270,008270,정식A,실행,10,,False,,-6.82352941176471,트레일
1999-10-19,030210,다올투자증권,정식A,실행,10,비체인,False,,7.16049382716048,목표
1999-10-19,008270,008270,정식A,실행,10,,False,,6.81818181818183,목표
1999-10-26,003545,대신증권우,S2-α,실행,10,비체인,False,,-6.57021276595745,트레일
1999-10-26,003540,대신증권,정식A,실행,10,비체인,False,,-6.1907275310431,손절
1999-10-26,003470,유안타증권,S2-α,실행,10,비체인,False,,7.303370786516861,목표
1999-11-05,009050,009050,정식A,실행,11,,False,,7.3255813953488405,목표
1999-11-08,000270,기아,정식A,실행,11,비체인,False,,-5.59896275842537,손절
1999-11-08,005385,현대차우,S2-α,실행,11,비체인,False,,7.773109243697469,목표
1999-11-08,004390,004390,S2-α,실행,11,,False,,7.35551663747811,목표
1999-11-18,003470,유안타증권,S2-α,실행,11,비체인,False,,-8.54901960784313,트레일
1999-11-18,008670,008670,정식A,실행,11,,False,,-7.001952144649801,손절
1999-11-25,006800,미래에셋증권,정식A,실행,11,비체인,False,,-5.99296293472181,손절
1999-11-25,000150,두산,정식A,실행,11,체인,False,,-5.0,손절
1999-11-26,009410,태영건설,정식A,실행,11,비체인,False,,7.195121951219511,목표
1999-11-26,002550,002550,정식A,실행,11,,False,,-8.26212355598073,손절
1999-11-26,005830,DB손해보험,정식A,실행,11,비체인,False,,7.6470588235294,목표
1999-11-26,016360,삼성증권,정식A,실행,11,비체인,False,,-6.26106194690265,손절
1999-11-26,003450,003450,정식A,실행,11,,False,,7.466918714555749,목표
1999-11-26,011170,롯데케미칼,정식A,실행,11,비체인,False,,7.772020725388599,목표
1999-11-29,012330,현대모비스,정식A,실행,11,비체인,False,,7.88712011577423,목표
1999-11-29,012450,한화에어로스페이스,정식A,실행,11,비체인,False,,8.499475341028349,목표
1999-11-29,000210,DL,정식A,실행,11,비체인,False,,7.49999999999999,목표
1999-11-29,001440,대한전선,S2-α,실행,11,비체인,False,,7.6086956521739,목표
1999-12-02,001370,001370,S2-α,실행,12,,False,,-5.1315789473684195,손절
1999-12-03,008270,008270,정식A,실행,12,,False,,10.05398110661268,목표
1999-12-15,006120,SK디스커버리,S2-α,실행,12,비체인,False,,-7.42196531791907,트레일
1999-12-16,004150,한솔홀딩스,정식A,실행,12,비체인,False,,-4.66666666666667,트레일
1999-12-16,006120,SK디스커버리,S2-α,실행,12,비체인,False,,-7.72256097560976,손절
1999-12-17,033880,033880,정식A,실행,12,,False,,-5.0,손절
1999-12-17,006120,SK디스커버리,S2-α,실행,12,비체인,False,,6.9078947368421,목표
1999-12-20,033880,033880,정식A,실행,12,,False,,7.14285714285714,목표
1999-12-21,003545,대신증권우,정식A,실행,12,비체인,False,,-5.0,손절
1999-12-21,001830,001830,정식A,실행,12,,False,,-5.57083985283048,손절
1999-12-21,012330,현대모비스,정식A,실행,12,비체인,False,,-8.81892024583848,손절
1999-12-21,005945,NH투자증권우,정식A,실행,12,비체인,False,,-5.61919642857142,손절
1999-12-21,001370,001370,S2-α,실행,12,,False,,-6.8571428571428505,트레일
1999-12-22,012330,현대모비스,정식A,실행,12,비체인,False,,11.023622047244091,목표
1999-12-22,001830,001830,정식A,실행,12,,False,,-8.67924528301885,트레일
1999-12-22,001980,001980,S2-α,실행,12,,False,,9.18367346938775,목표
1999-12-22,001370,001370,S2-α,실행,12,,False,,-5.63888397072711,손절
1999-12-23,001370,001370,S2-α,실행,12,,False,,-8.6412213740458,트레일
2000-01-05,000880,한화,정식A,실행,1,비체인,False,,-7.83582089552238,손절
2000-01-05,004130,004130,S2-α,실행,1,,False,,-5.0,손절
2000-01-06,001440,대한전선,S2-α,실행,1,비체인,False,,7.53968253968253,목표
2000-01-06,000880,한화,정식A,실행,1,비체인,False,,8.15831987075927,목표
2000-01-06,004130,004130,S2-α,실행,1,,False,,-5.47029702970297,손절
2000-01-06,018360,018360,정식A,실행,1,,False,,10.40145985401459,목표
2000-01-06,000660,SK하이닉스,정식A,실행,1,체인,False,,8.78995433789955,목표
2000-01-06,033880,033880,정식A,실행,1,,False,,-8.65384615384615,손절
2000-01-07,007630,007630,S2-α,실행,1,,False,,6.99999999999998,목표
2000-01-07,033880,033880,정식A,실행,1,,False,,7.26405090137858,목표
2000-01-13,032930,032930,S2-α,실행,1,,False,,-7.5655864197530995,손절
2000-01-13,009720,009720,정식A,실행,1,,False,,8.170731707317081,목표
2000-01-14,025770,한국정보통신,S2-α,실행,1,비체인,False,,11.96660482374767,목표
2000-01-14,032930,032930,S2-α,실행,1,,False,,10.13289036544851,목표
2000-01-19,002615,002615,정식A,실행,1,,False,,-7.310810810810819,손절
2000-01-19,017300,017300,정식A,실행,1,,False,,6.923076923076921,목표
2000-01-20,000140,하이트진로홀딩스,정식A,실행,1,비체인,False,,7.4044585987261105,목표
2000-01-20,025770,한국정보통신,정식A,실행,1,비체인,False,,-5.31875045429481,손절
2000-01-20,032930,032930,S2-α,실행,1,,False,,8.27586206896553,목표
2000-01-20,008060,대덕,정식A,실행,1,비체인,False,,6.8181818181818095,목표
2000-01-20,031820,아이티센씨티에스,정식A,실행,1,비체인,False,,10.0,목표
2000-01-20,002615,002615,정식A,실행,1,,False,,-8.30609323882224,손절
2000-01-20,017300,017300,정식A,실행,1,,False,,7.0281124497992105,목표
2000-01-20,027350,027350,정식A,실행,1,,False,,-5.0672916666666605,손절
2000-01-24,027350,027350,정식A,실행,1,,False,,7.416267942583719,목표
2000-01-26,001040,CJ,S2-α,실행,1,비체인,False,,7.03125,목표
2000-02-14,002610,002610,정식A,실행,2,,False,,-5.65245901639342,트레일
2000-02-14,004990,롯데지주,S2-α,실행,2,비체인,False,,7.44274809160305,목표
2000-02-14,017300,017300,정식A,실행,2,,False,,-5.66901408450705,손절
2000-02-15,001040,CJ,정식A,실행,2,비체인,False,,8.695652173913029,목표
2000-02-22,012450,한화에어로스페이스,정식A,실행,2,비체인,False,,6.91056910569105,목표
2000-02-28,003550,LG,정식A,실행,2,비체인,False,,-5.59748427672958,손절
2000-02-28,003600,003600,정식A,실행,2,,False,,9.59183673469388,목표
2000-02-28,005935,삼성전자우,정식A,실행,2,비체인,False,,11.76470588235292,목표
2000-02-29,003550,LG,정식A,실행,2,비체인,False,,8.43071786310516,목표
2000-02-29,030200,KT,S2-α,실행,2,비체인,False,,7.068062827225139,목표
2000-02-29,005935,삼성전자우,정식A,실행,2,비체인,False,,8.25242718446601,목표
2000-03-08,019490,엑시큐어하이트론,S2-α,실행,3,비체인,False,,9.69325153374232,목표
2000-03-09,005890,005890,정식A,실행,3,,False,,-5.9405940594059405,손절
2000-03-10,005890,005890,정식A,실행,3,,False,,-6.74846625766871,손절
2000-03-13,005935,삼성전자우,정식A,실행,3,비체인,False,,7.67716535433069,목표
2000-03-15,031820,아이티센씨티에스,S2-α,실행,3,비체인,False,,-9.309200000000011,손절
2000-03-16,025560,미래산업,정식A,실행,3,체인,False,,8.098591549295769,목표
2000-03-16,031820,아이티센씨티에스,정식A,실행,3,비체인,False,,-5.87826086956522,트레일
2000-03-16,018360,018360,정식A,실행,3,,False,,12.080536912751679,목표
2000-03-17,018360,018360,정식A,실행,3,,False,,8.78378378378377,목표
2000-03-17,007630,007630,S2-α,실행,3,,False,,-7.02127659574467,손절
2000-03-17,008270,008270,정식A,실행,3,,False,,-7.7027027027027,손절
2000-03-17,012750,에스원,정식A,실행,3,비체인,False,,-6.758113541666661,손절
2000-03-20,033320,제이씨현시스템,S2-α,실행,3,비체인,False,,-5.0,손절
2000-03-21,033320,제이씨현시스템,S2-α,실행,3,비체인,False,,14.52830188679246,목표
2000-03-21,002320,한진,S2-α,실행,3,비체인,False,,-5.0,손절
2000-03-22,000120,CJ대한통운,S2-α,실행,3,비체인,False,,-5.20607375271149,손절
2000-03-23,000120,CJ대한통운,S2-α,실행,3,비체인,False,,7.2976054732041,목표
2000-03-27,017300,017300,정식A,실행,3,,False,,-6.58862876254179,손절
2000-03-28,017300,017300,정식A,실행,3,,False,,-5.969387755102059,손절
2000-03-29,005945,NH투자증권우,S2-α,실행,3,비체인,False,,-5.81896551724138,손절
2000-03-29,019490,엑시큐어하이트론,S2-α,실행,3,비체인,False,,-8.17391304347825,트레일
2000-03-29,003540,대신증권,정식A,실행,3,비체인,False,,-6.39296187683284,손절
2000-03-30,009180,한솔로지스틱스,정식A,실행,3,비체인,False,,-5.33024333719581,손절
2000-03-30,018360,018360,정식A,실행,3,,False,,-4.99999999999999,손절
2000-03-30,019490,엑시큐어하이트론,S2-α,실행,3,비체인,False,,-5.8104433760684,손절
2000-03-30,033320,제이씨현시스템,S2-α,실행,3,비체인,False,,-6.5780730897009905,손절
2000-03-30,023590,다우기술,S2-α,실행,3,비체인,False,,-7.754385964912281,트레일
2000-03-30,003545,대신증권우,정식A,실행,3,비체인,False,,-9.214158950617291,손절
2000-03-31,009050,009050,S2-α,실행,3,,False,,-9.99999999999999,손절
2000-04-03,030210,다올투자증권,S2-α,실행,4,비체인,False,,-10.206,손절
2000-04-03,016600,큐캐피탈,정식A,실행,4,비체인,False,,-5.0,손절
2000-04-03,004000,롯데정밀화학,정식A,실행,4,비체인,False,,10.98265895953756,목표
2000-04-03,009050,009050,S2-α,실행,4,,False,,-5.0,손절
2000-04-03,005250,녹십자홀딩스,S2-α,실행,4,비체인,False,,8.82352941176471,목표
2000-04-03,014900,014900,정식A,실행,4,,False,,-4.99999999999999,손절
2000-04-04,009180,한솔로지스틱스,정식A,실행,4,비체인,False,,10.63829787234043,목표
2000-04-04,015940,015940,정식A,실행,4,,False,,18.87871853546909,목표
2000-04-04,033030,033030,정식A,실행,4,,False,,12.592592592592599,목표
2000-04-04,016600,큐캐피탈,정식A,실행,4,비체인,False,,14.404432132964,목표
2000-04-04,008600,윌비스,S2-α,실행,4,비체인,False,,14.18439716312056,목표
2000-04-04,032420,032420,정식A,실행,4,,False,,14.010989010989,목표
2000-04-04,019550,SBI인베스트먼트,정식A,실행,4,비체인,False,,13.30357142857143,목표
2000-04-04,014900,014900,정식A,실행,4,,False,,8.88429752066115,목표
2000-04-04,030210,다올투자증권,정식A,실행,4,비체인,False,,-4.10256410256409,트레일
2000-04-04,023590,다우기술,정식A,실행,4,비체인,False,,10.0,목표
2000-04-04,033320,제이씨현시스템,S2-α,실행,4,비체인,False,,6.87022900763358,목표
2000-04-06,030210,다올투자증권,정식A,실행,4,비체인,False,,6.8181818181818095,목표
2000-04-06,019550,SBI인베스트먼트,정식A,실행,4,비체인,False,,8.487084870848701,목표
2000-04-06,025930,025930,정식A,실행,4,,False,,16.964285714285722,목표
2000-04-06,015940,015940,정식A,실행,4,,False,,8.4090909090909,목표
2000-04-12,009180,한솔로지스틱스,정식A,실행,4,비체인,False,,-5.93661971830986,손절
2000-04-12,033320,제이씨현시스템,S2-α,실행,4,비체인,False,,-12.0,트레일
2000-04-12,027350,027350,정식A,실행,4,,False,,-7.05127388535032,손절
2000-04-14,031390,031390,S2-α,실행,4,,False,,-6.29094064113787,손절
2000-04-14,015940,015940,정식A,실행,4,,False,,-5.640615172955981,손절
2000-04-17,019550,SBI인베스트먼트,정식A,실행,4,비체인,False,,-5.0,손절
2000-04-17,025930,025930,정식A,실행,4,,False,,-5.0,손절
2000-04-17,031390,031390,정식A,실행,4,,False,,-7.1072796680094505,손절
2000-04-17,032420,032420,정식A,실행,4,,False,,-6.07476068609641,손절
2000-04-17,008600,윌비스,S2-α,실행,4,비체인,False,,11.76470588235292,목표
2000-04-17,015940,015940,정식A,실행,4,,False,,-0.78670360110802,트레일
2000-04-17,032930,032930,S2-α,실행,4,,False,,-5.8367291936179395,손절
2000-04-17,031970,031970,S2-α,실행,4,,False,,-10.79098357395698,손절
2000-04-17,005250,녹십자홀딩스,S2-α,실행,4,비체인,False,,11.98704103671706,목표
2000-04-17,033130,디지틀조선,정식A,실행,4,비체인,False,,-5.0,손절
2000-04-17,011650,011650,정식A,실행,4,,False,,-3.0204081632653,트레일
2000-04-17,005935,삼성전자우,정식A,실행,4,비체인,False,,12.962962962962951,목표
2000-04-17,027350,027350,정식A,실행,4,,False,,-5.0,손절
2000-04-17,020180,대신정보통신,S2-α,실행,4,비체인,False,,11.07723577235773,목표
2000-04-17,033030,033030,정식A,실행,4,,False,,-5.0,손절
2000-04-17,016600,큐캐피탈,정식A,실행,4,비체인,False,,-5.0,손절
2000-04-18,031970,031970,S2-α,실행,4,,False,,-4.32214765100671,트레일
2000-04-18,011650,011650,정식A,실행,4,,False,,9.64730290456432,목표
2000-04-18,019550,SBI인베스트먼트,정식A,실행,4,비체인,False,,-5.7862595419847205,트레일
2000-04-18,026260,026260,S2-α,실행,4,,False,,-5.82456140350877,트레일
2000-04-18,032580,피델릭스,정식A,실행,4,체인,False,,-4.77294685990338,트레일
2000-04-18,031390,031390,정식A,실행,4,,False,,8.669354838709669,목표
2000-04-18,032420,032420,정식A,실행,4,,False,,-3.7142857142857104,트레일
2000-04-18,025770,한국정보통신,정식A,실행,4,비체인,False,,-6.87853107344632,손절
2000-04-18,030000,제일기획,S2-α,실행,4,비체인,False,,8.95522388059699,목표
2000-04-18,033130,디지틀조선,정식A,실행,4,비체인,False,,-6.270700636942669,손절
2000-04-18,032930,032930,S2-α,실행,4,,False,,14.1812865497076,목표
2000-04-18,018000,유니슨,정식A,실행,4,체인,False,,-5.0,손절
2000-04-19,033130,디지틀조선,정식A,실행,4,비체인,False,,-5.679558011049711,트레일
2000-04-20,001740,SK네트웍스,정식A,실행,4,비체인,False,,7.27272727272727,목표
2000-04-25,012460,012460,정식A,실행,4,,False,,-5.45744156626504,손절
2000-04-26,025770,한국정보통신,정식A,실행,4,비체인,False,,-5.68840579710144,손절
2000-04-26,012460,012460,정식A,실행,4,,False,,-7.39898989898991,손절
2000-04-27,031970,031970,S2-α,실행,4,,False,,-5.097424009527289,손절
2000-04-27,032620,GC메디아이,정식A,실행,4,비체인,False,,6.91823899371069,목표
2000-04-27,025770,한국정보통신,정식A,실행,4,비체인,False,,-5.0,손절
2000-04-27,012460,012460,정식A,실행,4,,False,,9.45558739255014,목표
2000-05-15,027350,027350,정식A,실행,5,,False,,8.395522388059689,목표
2000-05-15,026260,026260,S2-α,실행,5,,False,,-5.0,손절
2000-05-15,030520,한컴,정식A,실행,5,비체인,False,,-5.626788148797339,손절
2000-05-15,033240,자화전자,정식A,실행,5,체인,False,,9.31174089068826,목표
2000-05-16,032620,GC메디아이,S2-α,실행,5,비체인,False,,-8.97783150434384,손절
2000-05-16,030520,한컴,정식A,실행,5,비체인,False,,-11.76375404530746,손절
2000-05-17,000140,하이트진로홀딩스,S2-α,실행,5,비체인,False,,-7.999827823691461,손절
2000-05-17,033130,디지틀조선,S2-α,실행,5,비체인,False,,-5.0,손절
2000-05-18,005680,삼영전자,S2-α,실행,5,체인,False,,-7.962365591397839,손절
2000-05-18,018000,유니슨,S2-α,실행,5,체인,False,,-5.0,손절
2000-05-23,005935,삼성전자우,정식A,실행,5,비체인,False,,-6.3970588235294095,손절
2000-05-24,009150,삼성전기,정식A,실행,5,체인,False,,-5.71969696969697,손절
2000-05-24,005935,삼성전자우,정식A,실행,5,비체인,False,,-7.13043478260868,트레일
2000-05-29,028080,휴맥스홀딩스,S2-α,실행,5,비체인,False,,7.11805555555555,목표
2000-06-12,000010,000010,정식A,실행,6,,False,,-10.81081081081081,트레일
2000-06-16,001830,001830,정식A,실행,6,,False,,7.116788321167861,목표
2000-06-26,030210,다올투자증권,정식A,실행,6,비체인,False,,8.18965517241379,목표
2000-07-07,024110,기업은행,정식A,실행,7,비체인,False,,11.192660550458712,목표
2000-07-10,000310,000310,정식A,실행,7,,False,,-7.72186046511629,손절
2000-07-14,030210,다올투자증권,정식A,실행,7,비체인,False,,-5.844444444444441,손절
2000-07-18,030210,다올투자증권,정식A,실행,7,비체인,False,,-9.03301886792452,손절
2000-07-28,005930,삼성전자,S2-α,실행,7,체인,False,,7.1553228621291405,목표
2000-07-28,017670,SK텔레콤,정식A,실행,7,비체인,False,,-5.96517587919276,손절
2000-07-31,017670,SK텔레콤,정식A,실행,7,비체인,False,,-5.62692111616829,손절
2000-08-03,010520,010520,정식A,실행,8,,False,,-5.0,손절
2000-08-04,009050,009050,정식A,실행,8,,False,,7.69784172661871,목표
2000-08-07,000010,000010,정식A,실행,8,,False,,-5.63651591289782,손절
2000-08-08,010120,LS ELECTRIC,정식A,실행,8,비체인,False,,9.21875,목표
2000-08-18,020860,020860,정식A,실행,8,,False,,-6.91397849462364,트레일
2000-08-23,020860,020860,정식A,실행,8,,False,,-5.89252525252526,손절
2000-08-24,020860,020860,정식A,실행,8,,False,,-5.74219382321619,손절
2000-08-31,005930,삼성전자,정식A,실행,8,체인,False,,-6.45018281535649,손절
2000-09-05,007690,국도화학,S2-α,실행,9,비체인,False,,13.593749999999998,목표
2000-09-08,009050,009050,정식A,실행,9,,False,,-7.765410958904099,손절
2000-09-18,000100,유한양행,S2-α,실행,9,비체인,False,,-5.34079768270944,손절
2000-09-18,000010,000010,정식A,실행,9,,False,,-5.329289428076249,손절
2000-09-19,033240,자화전자,S2-α,실행,9,체인,False,,-5.664000000000001,트레일
2000-09-19,000010,000010,정식A,실행,9,,False,,10.357142857142861,목표
2000-09-19,009720,009720,정식A,실행,9,,False,,-5.92954990215264,손절
2000-09-19,000100,유한양행,S2-α,실행,9,비체인,False,,7.9608938547486,목표
2000-09-22,000270,기아,정식A,실행,9,비체인,False,,-7.386934673366829,손절
2000-11-23,000140,하이트진로홀딩스,정식A,실행,11,비체인,False,,8.108108108108091,목표
2000-11-30,010520,010520,S2-α,실행,11,,False,,-6.438494188285129,손절
2000-12-01,010520,010520,S2-α,실행,12,,False,,7.8125,목표
2000-12-26,010520,010520,S2-α,실행,12,,False,,-7.806640625,손절
2001-01-03,010950,S-Oil,정식A,실행,1,비체인,False,,-4.85470085470085,트레일
2001-01-03,003480,한진중공업홀딩스,S2-α,실행,1,비체인,False,,-5.53589315525876,트레일
2001-01-11,000140,하이트진로홀딩스,정식A,실행,1,비체인,False,,-5.0,손절
2001-01-11,004020,현대제철,정식A,실행,1,비체인,False,,8.360655737704919,목표
2001-01-17,028080,휴맥스홀딩스,S2-α,실행,1,비체인,False,,9.016393442622949,목표
2001-01-29,011170,롯데케미칼,S2-α,실행,1,비체인,False,,-6.9295774647887205,트레일
2001-02-05,003490,대한항공,정식A,실행,2,비체인,False,,8.02213001383125,목표
2001-02-05,000210,DL,정식A,실행,2,비체인,False,,7.29166666666667,목표
2001-02-22,035610,솔본,정식A,실행,2,비체인,False,,-5.32701421800947,트레일
2001-03-05,005890,005890,정식A,실행,3,,False,,-8.10975609756097,트레일
2001-03-05,009830,한화솔루션,정식A,실행,3,비체인,False,,7.85123966942149,목표
2001-03-05,003540,대신증권,S2-α,실행,3,비체인,False,,9.64912280701755,목표
2001-03-05,001510,SK증권,정식A,실행,3,비체인,False,,-6.04225470430108,손절
2001-03-12,023130,023130,S2-α,실행,3,,False,,-9.86383442265795,손절
2001-03-13,003540,대신증권,정식A,실행,3,비체인,False,,10.37735849056604,목표
2001-03-13,003470,유안타증권,S2-α,실행,3,비체인,False,,14.19354838709676,목표
2001-03-13,023130,023130,정식A,실행,3,,False,,-6.63793103448275,손절
2001-03-13,001200,유진투자증권,S2-α,실행,3,비체인,False,,8.26833073322932,목표
2001-03-13,015580,015580,정식A,실행,3,,False,,-5.65765765765765,트레일
2001-03-30,006400,삼성SDI,정식A,실행,3,체인,False,,7.68518518518519,목표
2001-04-13,009540,HD한국조선해양,정식A,실행,4,비체인,False,,10.65022421524664,목표
2001-04-16,009540,HD한국조선해양,정식A,실행,4,비체인,False,,8.61297539149887,목표
2001-06-28,003240,태광산업,S2-α,실행,6,비체인,False,,-4.71337579617834,트레일
2001-07-09,006800,미래에셋증권,정식A,실행,7,비체인,False,,7.20496894409938,목표
2001-07-09,012700,리드코프,S2-α,실행,7,비체인,False,,9.95717344753748,목표
2001-07-09,003450,003450,정식A,실행,7,,False,,9.128878281622919,목표
2001-07-11,009720,009720,정식A,실행,7,,False,,0.04610951008645,트레일
2001-07-18,010120,LS ELECTRIC,정식A,실행,7,비체인,False,,-7.15471014492754,손절
2001-07-18,005830,DB손해보험,S2-α,실행,7,비체인,False,,-4.96852300242129,트레일
2001-07-19,010120,LS ELECTRIC,정식A,실행,7,비체인,False,,-5.63474387527839,손절
2001-07-23,009720,009720,정식A,실행,7,,False,,6.8733153638814,목표
2001-07-26,010520,010520,정식A,실행,7,,False,,6.86728395061728,목표
2001-08-24,003450,003450,정식A,실행,8,,False,,-8.59903381642511,트레일
2001-09-03,005940,NH투자증권,정식A,실행,9,비체인,False,,-7.213844252163169,트레일
2001-09-03,006800,미래에셋증권,정식A,실행,9,비체인,False,,7.69230769230768,목표
2001-09-12,010120,LS ELECTRIC,S2-α,실행,9,비체인,False,,-5.0,손절
2001-09-12,027460,027460,정식A,실행,9,,False,,9.0566037735849,목표
2001-09-12,036570,NC,정식A,실행,9,비체인,False,,-5.0,손절
2001-09-12,005280,005280,S2-α,실행,9,,False,,12.53369272237197,목표
2001-09-12,031150,031150,S2-α,실행,9,,False,,8.86178861788618,목표
2001-09-12,005270,005270,S2-α,실행,9,,False,,-3.1747851002865297,트레일
2001-09-12,028080,휴맥스홀딩스,정식A,실행,9,비체인,False,,8.07365439093483,목표
2001-09-12,023130,023130,정식A,실행,9,,False,,7.49999999999999,목표
2001-09-12,005380,현대차,정식A,실행,9,비체인,False,,-5.0,손절
2001-09-13,005380,현대차,정식A,실행,9,비체인,False,,-8.04,손절
2001-09-13,000270,기아,정식A,실행,9,비체인,False,,-5.75999999999999,손절
2001-09-13,006260,LS,정식A,실행,9,비체인,False,,-6.03260869565217,손절
2001-09-13,035720,카카오,정식A,실행,9,비체인,False,,-8.35097001763668,손절
2001-09-13,000700,유수홀딩스,S2-α,실행,9,비체인,False,,-6.58333333333333,손절
2001-09-13,010120,LS ELECTRIC,S2-α,실행,9,비체인,False,,-5.95717884130982,손절
2001-09-17,005440,현대지에프홀딩스,정식A,실행,9,비체인,False,,11.38613861386137,목표
2001-09-17,008270,008270,S2-α,실행,9,,False,,12.5,목표
2001-12-17,009830,한화솔루션,정식A,실행,12,비체인,False,,9.798270893371749,목표
2001-12-17,032380,032380,S2-α,실행,12,,False,,-5.0,손절
2001-12-18,014900,014900,S2-α,실행,12,,False,,8.41666666666667,목표
2001-12-18,001510,SK증권,정식A,실행,12,비체인,False,,9.03755868544602,목표
2001-12-18,003470,유안타증권,S2-α,실행,12,비체인,False,,8.51063829787233,목표
2001-12-18,008670,008670,정식A,실행,12,,False,,8.50202429149797,목표
2002-01-16,000660,SK하이닉스,정식A,실행,1,체인,False,,-8.453738317756999,손절
2002-04-25,008270,008270,정식A,실행,4,,False,,-5.0,손절
2002-04-29,002610,002610,정식A,실행,4,,True,,-5.66742719924707,손절
2002-04-30,001830,001830,정식A,실행,4,,True,,9.43025540275048,목표
2002-05-15,015940,015940,정식A,실행,5,,False,,-5.0,손절
2002-05-29,008770,호텔신라,정식A,실행,5,비체인,False,,-6.2360594795539,손절
2002-05-30,009410,태영건설,정식A,실행,5,비체인,True,,7.14285714285714,목표
2002-05-31,005890,005890,정식A,실행,5,,True,,-5.0,손절
2002-05-31,009270,신원,S2-α,실행,5,비체인,False,,-7.2977099236641,트레일
2002-06-17,028080,휴맥스홀딩스,정식A,실행,6,비체인,False,,-5.00000000000001,손절
2002-06-17,034020,두산에너빌리티,정식A,실행,6,체인,True,,-6.09826589595375,손절
2002-06-18,028080,휴맥스홀딩스,정식A,실행,6,비체인,False,,-7.159090909090899,손절
2002-06-19,036570,NC,정식A,실행,6,비체인,False,,-5.33101045296167,손절
2002-06-19,002790,아모레퍼시픽홀딩스,정식A,실행,6,비체인,False,,7.84313725490195,목표
2002-06-20,014900,014900,S2-α,실행,6,,False,,-6.68710359408034,손절
2002-06-20,036570,NC,정식A,실행,6,비체인,False,,-7.66197183098591,트레일
2002-06-25,004150,한솔홀딩스,S2-α,실행,6,비체인,True,,-6.24851778656126,손절
2002-06-25,009150,삼성전기,정식A,실행,6,체인,False,,-11.72627737226277,손절
2002-06-25,004130,004130,S2-α,실행,6,,False,,-5.86363636363636,손절
2002-06-25,002550,002550,S2-α,실행,6,,False,,-5.0,손절
2002-06-25,003920,남양유업,S2-α,실행,6,비체인,True,,-5.0,손절
2002-06-25,025930,025930,S2-α,실행,6,,False,,-7.54619289340102,손절
2002-06-26,010140,삼성중공업,정식A,실행,6,비체인,True,,7.586618876941451,목표
2002-06-26,003690,코리안리,정식A,실행,6,비체인,True,,11.04651162790695,목표
2002-06-26,003540,대신증권,정식A,실행,6,비체인,True,,10.73529411764706,목표
2002-06-26,001450,현대해상,정식A,실행,6,비체인,False,,12.091503267973849,목표
2002-06-26,024110,기업은행,정식A,실행,6,비체인,False,,7.5352112676056295,목표
2002-06-26,025930,025930,S2-α,실행,6,,False,,11.91860465116279,목표
2002-06-26,000700,유수홀딩스,정식A,실행,6,비체인,True,,7.000000000000001,목표
2002-06-26,001120,LX인터내셔널,정식A,실행,6,비체인,True,,8.51449275362319,목표
2002-06-26,009150,삼성전기,정식A,실행,6,체인,False,,10.48387096774192,목표
2002-06-27,001450,현대해상,정식A,실행,6,비체인,False,,7.784911717496,목표
2002-06-27,005385,현대차우,정식A,실행,6,비체인,True,,12.39130434782609,목표
2002-06-27,034120,SBS,정식A,실행,6,비체인,False,,8.0,목표
2002-06-27,003540,대신증권,정식A,실행,6,비체인,True,,9.375,목표
2002-07-11,001830,001830,정식A,실행,7,,True,,7.18336483931947,목표
2002-07-11,018880,한온시스템,정식A,실행,7,체인,False,,-5.91283084004602,손절
2002-07-22,014900,014900,정식A,실행,7,,True,,9.26829268292683,목표
2002-07-22,005940,NH투자증권,정식A,실행,7,비체인,False,,7.090909090909079,목표
2002-07-29,000700,유수홀딩스,정식A,실행,7,비체인,True,,-5.68965517241379,손절
2002-07-30,009840,009840,S2-α,실행,7,,False,,-5.00000000000001,손절
2002-07-31,009840,009840,정식A,실행,7,,False,,-1.5646017699115,트레일
2002-08-05,003600,003600,정식A,실행,8,,True,,9.15032679738563,목표
2002-08-05,043650,국순당,S2-α,실행,8,비체인,False,,-7.22676837725382,손절
2002-08-06,005440,현대지에프홀딩스,정식A,실행,8,비체인,True,,7.04918032786883,목표
2002-08-06,028150,028150,정식A,실행,8,,False,,7.487922705314019,목표
2002-08-07,002790,아모레퍼시픽홀딩스,정식A,실행,8,비체인,False,,7.6271186440677905,목표
2002-09-03,014900,014900,정식A,실행,9,,False,,-7.49539569657183,손절
2002-09-09,003410,003410,S2-α,실행,9,,False,,12.921348314606739,목표
2002-09-09,003545,대신증권우,S2-α,실행,9,비체인,True,,7.40740740740741,목표
2002-09-09,011200,HMM,정식A,실행,9,비체인,True,,7.62081784386616,목표
2002-09-23,012750,에스원,정식A,실행,9,비체인,False,,-5.47499999999999,손절
2002-09-24,035760,CJ ENM,정식A,실행,9,비체인,False,,-5.53383847891566,손절
2002-09-24,012750,에스원,정식A,실행,9,비체인,False,,8.04749340369392,목표
2002-09-24,012990,012990,정식A,실행,9,,True,,-7.82758620689655,트레일
2002-09-25,035760,CJ ENM,정식A,실행,9,비체인,False,,-5.0,손절
2002-09-26,011170,롯데케미칼,정식A,실행,9,비체인,False,,-5.9964673913043605,손절
2002-09-26,035760,CJ ENM,정식A,실행,9,비체인,False,,-8.10671256454389,손절
2002-10-09,005300,롯데칠성,정식A,실행,10,비체인,False,,-5.0,손절
2002-10-09,006400,삼성SDI,정식A,실행,10,체인,True,,-5.26874115983027,손절
2002-10-10,001800,오리온홀딩스,S2-α,실행,10,비체인,False,,-5.9516074450084595,손절
2002-10-10,004550,004550,S2-α,실행,10,,True,,6.923076923076921,목표
2002-10-10,000070,삼양홀딩스,S2-α,실행,10,비체인,True,,7.39795918367345,목표
2002-10-11,021240,코웨이,S2-α,실행,10,비체인,False,,10.25641025641026,목표
2002-10-11,001800,오리온홀딩스,S2-α,실행,10,비체인,False,,10.55555555555554,목표
2002-10-22,006400,삼성SDI,정식A,실행,10,체인,True,,10.01371742112482,목표
2002-11-29,003550,LG,정식A,실행,11,비체인,True,,-9.60946745562131,손절
2002-12-16,002380,KCC,정식A,실행,12,비체인,True,,-5.26147994467497,손절
2002-12-23,004010,004010,정식A,실행,12,,False,,-5.53370786516853,손절
2002-12-24,003620,KG모빌리티,정식A,실행,12,비체인,False,,-9.08777969018933,손절
2002-12-27,001230,동국홀딩스,정식A,실행,12,비체인,True,,-5.59748427672955,손절
2002-12-27,004150,한솔홀딩스,S2-α,실행,12,비체인,True,,-5.32590051457976,손절
2002-12-30,012990,012990,정식A,실행,12,,True,,7.72058823529411,목표
2003-01-13,017810,풀무원,S2-α,실행,1,비체인,False,,9.04334828101645,목표
2003-01-27,025930,025930,정식A,실행,1,,False,,8.84615384615383,목표
2003-02-26,001800,오리온홀딩스,정식A,실행,2,비체인,False,,-5.91346153846155,손절
2003-04-03,003570,SNT다이내믹스,S2-α,실행,4,비체인,False,,-5.0,손절
2003-04-25,047040,대우건설,정식A,실행,4,비체인,True,,6.99115044247786,목표
2003-04-25,000720,현대건설,정식A,실행,4,비체인,False,,12.04545454545453,목표
2003-05-19,009830,한화솔루션,정식A,실행,5,비체인,True,,7.4370709382151,목표
2003-06-24,055550,신한지주,정식A,실행,6,비체인,True,,7.20164609053497,목표
2003-06-27,005890,005890,정식A,실행,6,,True,,6.349206349206341,만기
2003-07-16,028080,휴맥스홀딩스,S2-α,실행,7,비체인,False,,-8.2077922077922,손절
2003-07-21,014900,014900,정식A,실행,7,,False,,-7.5626316713482895,손절
2003-09-30,043790,043790,S2-α,실행,9,,False,,7.67676767676768,목표
2003-11-24,068870,068870,정식A,실행,11,,False,,7.911392405063281,목표
2003-11-24,035610,솔본,S2-α,실행,11,비체인,False,,6.917688266199649,목표
2004-03-25,009830,한화솔루션,정식A,실행,3,비체인,False,,14.037433155080208,목표
2004-04-29,011170,롯데케미칼,정식A,실행,4,비체인,False,,-7.27845528455285,손절
2004-04-29,065130,탑엔지니어링,S2-α,실행,4,체인,False,,-4.18421052631579,트레일
2004-04-30,011170,롯데케미칼,정식A,실행,4,비체인,True,,-8.47826086956521,손절
2004-05-06,000210,DL,S2-α,실행,5,비체인,True,,-7.79775280898876,트레일
2004-05-07,001740,SK네트웍스,정식A,실행,5,비체인,False,,10.66433566433566,목표
2004-05-10,012750,에스원,S2-α,실행,5,비체인,False,,8.370044052863431,목표
2004-05-10,004940,004940,정식A,실행,5,,False,,-4.580392156862749,트레일
2004-05-10,000150,두산,S2-α,실행,5,체인,True,,-5.0,손절
2004-05-11,000150,두산,S2-α,실행,5,체인,True,,-5.31128640776699,손절
2004-05-11,042670,042670,정식A,실행,5,,False,,-1.6111111111111,트레일
2004-05-11,051370,인터플렉스,S2-α,실행,5,체인,False,,6.840077071290949,목표
2004-05-11,049520,유아이엘,S2-α,실행,5,체인,False,,6.83563748079878,목표
2004-05-11,039870,039870,S2-α,실행,5,,False,,9.63375796178342,목표
2004-05-11,001230,동국홀딩스,정식A,실행,5,비체인,True,,7.31364275668073,목표
2004-05-11,000700,유수홀딩스,정식A,실행,5,비체인,True,,-6.30584192439863,손절
2004-05-14,035720,카카오,정식A,실행,5,비체인,False,,-5.37999999999999,손절
2004-05-14,053000,053000,S2-α,실행,5,,False,,8.059701492537311,목표
2004-05-14,000210,DL,정식A,실행,5,비체인,True,,7.003257328990229,목표
2004-05-17,012330,현대모비스,정식A,실행,5,비체인,True,,7.449494949494929,목표
2004-05-17,036930,주성엔지니어링,정식A,실행,5,체인,False,,11.413673232908451,목표
2004-05-17,004020,현대제철,정식A,실행,5,비체인,True,,-6.03636363636364,손절
2004-05-17,035420,NAVER,정식A,실행,5,비체인,False,,11.55256723716382,목표
2004-05-17,005830,DB손해보험,정식A,실행,5,비체인,True,,11.17788461538462,목표
2004-05-17,055550,신한지주,정식A,실행,5,비체인,True,,9.722222222222229,목표
2004-05-17,002550,002550,S2-α,실행,5,,True,,7.87671232876712,목표
2004-05-17,051370,인터플렉스,정식A,실행,5,체인,False,,9.47046843177188,목표
2004-05-17,011200,HMM,정식A,실행,5,비체인,False,,-5.0,손절
2004-05-17,066570,LG전자,정식A,실행,5,체인,False,,8.736059479553889,목표
2004-05-17,000240,한국앤컴퍼니,정식A,실행,5,비체인,False,,10.040431266846351,목표
2004-05-17,005280,005280,S2-α,실행,5,,True,,7.10702341137123,목표
2004-05-18,011200,HMM,정식A,실행,5,비체인,False,,8.0188679245283,목표
2004-05-18,004020,현대제철,정식A,실행,5,비체인,True,,8.181818181818171,목표
2004-05-27,042670,042670,정식A,실행,5,,False,,-5.3774834437086,손절
2004-06-14,010120,LS ELECTRIC,S2-α,실행,6,비체인,False,,-4.82962962962961,트레일
2004-06-14,011200,HMM,정식A,실행,6,비체인,False,,8.0,목표
2004-06-14,036930,주성엔지니어링,정식A,실행,6,체인,False,,11.11111111111111,목표
2004-06-21,001740,SK네트웍스,정식A,실행,6,비체인,False,,-7.89333333333333,트레일
2004-07-12,001740,SK네트웍스,정식A,실행,7,비체인,False,,-7.19453924914675,트레일
2004-07-13,003960,사조대림,S2-α,실행,7,비체인,False,,-6.377777777777769,트레일
2004-07-14,003960,사조대림,S2-α,실행,7,비체인,False,,13.208955223880588,목표
2004-07-19,003960,사조대림,S2-α,실행,7,비체인,False,,-3.78268251273344,트레일
2004-07-30,000660,SK하이닉스,정식A,실행,7,체인,False,,-6.530555555555551,손절
2004-08-03,000120,CJ대한통운,S2-α,실행,8,비체인,True,,-6.18310185185185,손절
2004-10-14,010130,고려아연,정식A,실행,10,비체인,True,,-6.02591792656587,손절
2004-11-16,067250,067250,정식A,실행,11,,True,,7.94701986754966,목표
2005-03-30,003410,003410,S2-α,실행,3,,True,,-8.66206896551723,트레일
2005-04-18,003545,대신증권우,S2-α,실행,4,비체인,True,,8.2437275985663,목표
2005-04-25,022100,포스코DX,S2-α,실행,4,비체인,False,,13.733905579399131,목표
2005-04-26,022100,포스코DX,S2-α,실행,4,비체인,False,,-5.50965665236052,손절
2005-04-28,019680,대교,S2-α,실행,4,비체인,False,,6.9672131147541005,목표
2005-08-29,016100,리더스코스메틱,S2-α,실행,8,비체인,False,,-5.75797872340426,손절
2005-08-29,011160,011160,정식A,실행,8,,False,,8.98268398268398,목표
2005-08-29,002990,금호건설,S2-α,실행,8,비체인,True,,7.49999999999999,목표
2005-08-29,030210,다올투자증권,S2-α,실행,8,비체인,True,,6.85328185328184,목표
2005-08-30,016100,리더스코스메틱,S2-α,실행,8,비체인,False,,7.387862796833761,목표
2006-01-20,003560,003560,정식A,실행,1,,False,,-5.14393939393941,손절
2006-01-20,002020,코오롱,S2-α,실행,1,비체인,True,,7.56097560975608,목표
2006-01-20,003410,003410,정식A,실행,1,,True,,-5.29528927311667,손절
2006-01-20,046890,서울반도체,정식A,실행,1,체인,False,,10.611205432937181,목표
2006-01-20,003570,SNT다이내믹스,S2-α,실행,1,비체인,False,,-4.99999999999999,손절
2006-01-23,047310,파워로직스,S2-α,실행,1,비체인,False,,9.76095617529879,목표
2006-01-23,003520,영진약품,정식A,실행,1,비체인,False,,-5.0,손절
2006-01-23,003560,003560,정식A,실행,1,,False,,14.34634974533106,목표
2006-01-23,045970,코아시아,S2-α,실행,1,체인,False,,9.61538461538462,목표
2006-01-23,010770,평화홀딩스,S2-α,실행,1,비체인,False,,7.13178294573644,목표
2006-01-23,023960,에쓰씨엔지니어링,S2-α,실행,1,비체인,False,,-5.0,손절
2006-01-23,060720,KH바텍,S2-α,실행,1,체인,False,,11.24497991967869,목표
2006-01-23,014820,동원시스템즈,정식A,실행,1,비체인,False,,15.86402266288951,목표
2006-01-23,003620,KG모빌리티,정식A,실행,1,비체인,False,,7.719546742209619,목표
2006-01-23,025460,025460,S2-α,실행,1,,False,,-4.99999999999999,손절
2006-01-23,001510,SK증권,정식A,실행,1,비체인,False,,12.77056277056276,목표
2006-01-23,009290,광동제약,S2-α,실행,1,비체인,False,,9.28917609046848,목표
2006-01-23,024660,024660,S2-α,실행,1,,False,,12.837837837837851,목표
2006-01-23,003410,003410,정식A,실행,1,,True,,-5.66101694915254,트레일
2006-01-23,077970,STX엔진,정식A,실행,1,체인,False,,9.469696969696969,목표
2006-01-23,057030,YBM넷,S2-α,실행,1,비체인,False,,11.49253731343282,목표
2006-01-23,078000,텔코웨어,S2-α,실행,1,비체인,False,,11.00000000000001,목표
2006-01-23,001630,종근당홀딩스,정식A,실행,1,비체인,False,,13.238095238095221,목표
2006-01-23,002020,코오롱,S2-α,실행,1,비체인,True,,9.788359788359791,목표
2006-01-23,010820,퍼스텍,S2-α,실행,1,비체인,False,,-7.20198675496688,손절
2006-01-24,010820,퍼스텍,S2-α,실행,1,비체인,False,,7.09570957095708,목표
2006-01-24,025460,025460,S2-α,실행,1,,False,,14.324324324324312,목표
2006-01-24,023960,에쓰씨엔지니어링,S2-α,실행,1,비체인,False,,7.72495755517828,목표
2006-02-03,005960,동부건설,정식A,실행,2,비체인,True,,-5.88785046728972,손절
2006-02-03,004200,004200,정식A,실행,2,,False,,6.8738229755179,목표
2006-02-06,005960,동부건설,정식A,실행,2,비체인,True,,9.70394736842104,목표
2006-02-15,069080,웹젠,정식A,실행,2,비체인,False,,12.66149870801034,목표
2006-02-16,010770,평화홀딩스,S2-α,실행,2,비체인,False,,7.2033898305084705,목표
2006-02-16,069080,웹젠,정식A,실행,2,비체인,False,,8.03571428571428,목표
2006-03-07,034940,조아제약,S2-α,실행,3,비체인,False,,7.14285714285714,목표
2006-03-23,047080,한빛소프트,S2-α,실행,3,비체인,False,,7.80487804878049,목표
2006-05-16,011760,현대코퍼레이션,정식A,실행,5,비체인,False,,-5.78443845731677,손절
2006-05-16,021240,코웨이,S2-α,실행,5,비체인,False,,-4.97560975609756,트레일
2006-05-18,003560,003560,정식A,실행,5,,False,,-5.92085889570551,손절
2006-05-22,005880,대한해운,S2-α,실행,5,비체인,True,,-6.00937499999999,손절
2006-05-25,004720,팜젠사이언스,S2-α,실행,5,비체인,False,,9.75609756097561,목표
2006-06-01,016420,016420,정식A,실행,6,,False,,-7.3014880952381,손절
2006-06-05,023410,유진기업,정식A,실행,6,비체인,False,,-5.0,손절
2006-06-07,023410,유진기업,정식A,실행,6,비체인,False,,7.736063708759939,목표
2006-06-07,022100,포스코DX,정식A,실행,6,비체인,False,,-7.36842105263158,트레일
2006-06-08,002990,금호건설,정식A,실행,6,비체인,False,,-6.6193181818181905,손절
2006-06-08,001520,동양,S2-α,실행,6,비체인,False,,10.26365348399247,목표
2006-06-08,006360,GS건설,S2-α,실행,6,비체인,True,,7.10382513661203,목표
2006-06-08,016800,퍼시스,S2-α,실행,6,비체인,False,,-5.0,손절
2006-06-08,000670,영풍,정식A,실행,6,비체인,True,,-5.0,손절
2006-06-09,000670,영풍,정식A,실행,6,비체인,True,,8.86075949367088,목표
2006-06-09,035080,그래디언트,S2-α,실행,6,비체인,False,,7.18954248366012,목표
2006-06-09,064960,SNT모티브,S2-α,실행,6,비체인,False,,-7.59562841530054,손절
2006-06-13,004710,한솔테크닉스,S2-α,실행,6,체인,False,,-5.0,손절
2006-06-14,046890,서울반도체,S2-α,실행,6,체인,False,,9.33734939759034,목표
2006-06-14,004710,한솔테크닉스,S2-α,실행,6,체인,False,,8.853288364249561,목표
2006-06-21,000720,현대건설,정식A,실행,6,비체인,False,,7.480818414322241,목표
2006-06-21,007800,007800,S2-α,실행,6,,True,,-7.89964157706092,트레일
2006-06-27,011780,금호석유화학,정식A,실행,6,비체인,True,,8.41121495327101,목표
2006-07-18,035080,그래디언트,정식A,실행,7,비체인,False,,-5.0,손절
2006-07-18,011200,HMM,정식A,실행,7,비체인,True,,8.56643356643356,목표
2006-07-19,004010,004010,정식A,실행,7,,False,,8.17610062893081,목표
2007-08-02,000270,기아,정식A,실행,8,비체인,False,,6.88259109311741,목표
2007-08-10,033640,네패스,S2-α,실행,8,체인,False,,-5.79166666666666,손절
2007-08-13,031980,피에스케이홀딩스,S2-α,실행,8,체인,False,,-7.761933790709211,손절
2007-08-14,031980,피에스케이홀딩스,정식A,실행,8,체인,False,,-6.17676804626533,손절
2007-08-14,062730,062730,S2-α,실행,8,,False,,-5.32147321428571,손절
2007-08-16,031980,피에스케이홀딩스,정식A,실행,8,체인,False,,12.32227488151658,목표
2007-08-16,005940,NH투자증권,정식A,실행,8,비체인,True,,9.46547884187083,목표
2007-08-16,035720,카카오,정식A,실행,8,비체인,False,,8.347978910369068,목표
2007-08-16,035950,035950,정식A,실행,8,,False,,-5.0,손절
2007-08-16,017960,한국카본,정식A,실행,8,비체인,False,,-6.24814814814816,손절
2007-08-16,062730,062730,S2-α,실행,8,,False,,-6.5702479338843105,손절
2007-08-16,036710,심텍홀딩스,정식A,실행,8,비체인,False,,10.71428571428572,목표
2007-08-16,003540,대신증권,정식A,실행,8,비체인,True,,11.33333333333332,목표
2007-08-16,021240,코웨이,S2-α,실행,8,비체인,False,,8.87755102040817,목표
2007-08-16,036830,솔브레인홀딩스,정식A,실행,8,비체인,False,,-5.0,손절
2007-08-16,000060,000060,정식A,실행,8,,False,,11.0583446404342,목표
2007-08-16,011160,011160,정식A,실행,8,,False,,-5.0,손절
2007-08-16,005810,풍산홀딩스,정식A,실행,8,비체인,True,,-5.0,손절
2007-08-16,033500,동성화인텍,정식A,실행,8,비체인,False,,-5.0,손절
2007-08-16,010520,010520,정식A,실행,8,,False,,9.22330097087378,목표
2007-08-16,003545,대신증권우,정식A,실행,8,비체인,True,,9.16955017301037,목표
2007-08-16,004150,한솔홀딩스,S2-α,실행,8,비체인,False,,-6.62168396770472,손절
2007-08-16,000720,현대건설,S2-α,실행,8,비체인,False,,10.68037974683544,목표
2007-08-16,006805,미래에셋증권우,S2-α,실행,8,비체인,True,,11.62790697674418,목표
2007-08-16,015750,성우하이텍,S2-α,실행,8,비체인,False,,11.01108033240998,목표
2007-08-16,007690,국도화학,S2-α,실행,8,비체인,True,,12.316176470588221,목표
2007-08-16,004560,현대비앤지스틸,S2-α,실행,8,비체인,True,,8.60655737704918,목표
2007-08-16,014790,HL D&I,S2-α,실행,8,비체인,False,,-5.0,손절
2007-08-16,032350,롯데관광개발,S2-α,실행,8,비체인,False,,-5.17351598173515,손절
2007-08-16,039230,039230,S2-α,실행,8,,False,,14.71449487554905,목표
2007-08-16,047080,한빛소프트,정식A,실행,8,비체인,False,,-9.1137614678899,손절
2007-08-17,003640,003640,정식A,실행,8,,True,,8.47826086956522,목표
2007-08-17,054950,제이브이엠,S2-α,실행,8,체인,False,,7.014157014157011,목표
2007-08-17,000060,000060,정식A,실행,8,,False,,8.908839779005511,목표
2007-08-17,002460,HS화성,S2-α,실행,8,비체인,True,,8.33333333333332,목표
2007-08-17,003540,대신증권,S2-α,실행,8,비체인,True,,7.73584905660378,목표
2007-08-17,011160,011160,정식A,실행,8,,False,,9.221311475409829,목표
2007-08-17,032350,롯데관광개발,S2-α,실행,8,비체인,False,,9.17874396135267,목표
2007-08-17,019260,019260,S2-α,실행,8,,False,,9.47368421052632,목표
2007-08-17,007690,국도화학,S2-α,실행,8,비체인,True,,11.32437619961612,목표
2007-08-17,003545,대신증권우,정식A,실행,8,비체인,True,,7.47330960854093,목표
2007-08-17,012630,HDC,S2-α,실행,8,비체인,False,,11.27450980392157,목표
2007-08-17,019550,SBI인베스트먼트,S2-α,실행,8,비체인,False,,9.44584382871536,목표
2007-08-17,014790,HL D&I,S2-α,실행,8,비체인,False,,10.27397260273972,목표
2007-08-17,003300,한일홀딩스,S2-α,실행,8,비체인,False,,7.44336569579289,목표
2007-08-17,001430,세아베스틸지주,정식A,실행,8,비체인,True,,8.75331564986736,목표
2007-08-17,004150,한솔홀딩스,정식A,실행,8,비체인,False,,13.01115241635688,목표
2007-08-17,015750,성우하이텍,S2-α,실행,8,비체인,False,,7.876712328767139,목표
2007-08-17,002000,002000,정식A,실행,8,,False,,8.55457227138642,목표
2007-08-17,016610,DB증권,S2-α,실행,8,비체인,False,,11.829652996845411,목표
2007-08-17,000720,현대건설,S2-α,실행,8,비체인,False,,9.983766233766241,목표
2007-08-17,036460,한국가스공사,S2-α,실행,8,비체인,False,,7.81584582441112,목표
2007-08-17,001230,동국홀딩스,S2-α,실행,8,비체인,True,,12.00000000000001,목표
2007-08-17,033500,동성화인텍,정식A,실행,8,비체인,False,,11.52542372881355,목표
2007-08-17,003410,003410,정식A,실행,8,,False,,6.88976377952754,목표
2007-08-17,001120,LX인터내셔널,S2-α,실행,8,비체인,False,,8.79120879120878,목표
2007-08-17,039230,039230,S2-α,실행,8,,False,,9.398496240601489,목표
2007-08-17,023590,다우기술,S2-α,실행,8,비체인,False,,11.08597285067873,목표
2007-08-17,007200,007200,S2-α,실행,8,,True,,-0.48,트레일
2007-08-17,000815,삼성화재우,S2-α,실행,8,비체인,False,,7.27146814404431,목표
2007-08-17,010520,010520,정식A,실행,8,,False,,8.41584158415842,목표
2007-08-17,012650,012650,S2-α,실행,8,,False,,11.271676300578031,목표
2007-08-17,082850,우리바이오,S2-α,실행,8,비체인,False,,12.5,목표
2007-08-17,004200,004200,정식A,실행,8,,True,,15.30172413793102,목표
2007-08-17,035950,035950,정식A,실행,8,,False,,-6.06742808005003,손절
2007-08-17,001310,001310,S2-α,실행,8,,True,,10.73446327683615,목표
2007-08-17,017960,한국카본,정식A,실행,8,비체인,False,,13.527180783817961,목표
2007-08-17,003070,코오롱글로벌,S2-α,실행,8,비체인,True,,11.78451178451178,목표
2007-08-17,005680,삼영전자,S2-α,실행,8,체인,True,,8.53365384615385,목표
2007-08-17,042670,042670,S2-α,실행,8,,False,,9.6622889305816,목표
2007-08-20,035950,035950,정식A,실행,8,,False,,11.55913978494622,목표
2007-08-28,035950,035950,정식A,실행,8,,False,,-7.34391534391534,트레일
2007-09-19,050050,050050,S2-α,실행,9,,False,,10.9984399375975,목표
2007-10-22,008560,008560,정식A,실행,10,,True,,7.67326732673268,목표
2007-10-22,003450,003450,S2-α,실행,10,,False,,10.20408163265305,목표
2007-10-23,034120,SBS,S2-α,실행,10,비체인,False,,7.874762808349151,목표
2007-11-12,009200,무림페이퍼,S2-α,실행,11,비체인,True,,11.77884615384616,목표
2007-11-12,016610,DB증권,정식A,실행,11,비체인,False,,7.3076923076922995,목표
2007-11-13,050050,050050,S2-α,실행,11,,False,,-6.33400974025972,손절
2007-11-13,088960,088960,정식A,실행,11,,False,,-9.39287956769872,손절
2007-11-21,008320,008320,S2-α,실행,11,,False,,-6.719457013574651,손절
2007-11-21,005960,동부건설,정식A,실행,11,비체인,False,,-6.333535598705501,손절
2007-11-21,012090,012090,정식A,실행,11,,False,,-5.298309178743961,손절
2007-11-22,001200,유진투자증권,정식A,실행,11,비체인,False,,-6.68867607526884,손절
2007-11-22,012090,012090,정식A,실행,11,,False,,-6.90954773869346,손절
2007-11-22,011170,롯데케미칼,정식A,실행,11,비체인,False,,-5.0,손절
2007-11-22,002550,002550,정식A,실행,11,,False,,6.85096153846154,목표
2007-11-22,062730,062730,S2-α,실행,11,,False,,9.18727915194346,목표
2007-11-22,009440,KC그린홀딩스,S2-α,실행,11,비체인,False,,-5.915199573894521,손절
2007-11-22,001040,CJ,정식A,실행,11,비체인,False,,6.884057971014499,목표
2007-11-22,014940,오리엔탈정공,S2-α,실행,11,체인,False,,-8.857441860465109,손절
2007-11-22,000670,영풍,정식A,실행,11,비체인,False,,6.82062298603651,목표
2007-11-22,000215,DL우,정식A,실행,11,비체인,False,,-6.762725779967161,손절
2007-11-23,011170,롯데케미칼,정식A,실행,11,비체인,False,,13.697857948139799,목표
2007-11-23,014940,오리엔탈정공,정식A,실행,11,체인,False,,11.13861386138612,목표
2007-11-23,001200,유진투자증권,정식A,실행,11,비체인,False,,8.01749271137026,목표
2007-11-23,011790,SKC,정식A,실행,11,비체인,False,,11.18143459915612,목표
2007-11-23,004000,롯데정밀화학,정식A,실행,11,비체인,False,,10.09615384615385,목표
2007-11-23,036930,주성엔지니어링,정식A,실행,11,체인,False,,8.00604229607251,목표
2007-11-23,007570,일양약품,정식A,실행,11,비체인,False,,8.214285714285701,목표
2007-11-23,000800,000800,정식A,실행,11,,False,,7.14285714285716,목표
2007-12-10,008000,008000,정식A,실행,12,,False,,-5.01061452513966,손절
2007-12-10,000800,000800,S2-α,실행,12,,False,,-6.42370572207083,손절
2007-12-11,008000,008000,정식A,실행,12,,False,,-7.87383313885649,손절
2007-12-12,005160,동국산업,정식A,실행,12,비체인,False,,-6.49139280125196,트레일
2007-12-12,060150,인선이엔티,S2-α,실행,12,비체인,False,,15.209471766848809,목표
2007-12-20,060150,인선이엔티,S2-α,실행,12,비체인,False,,7.19769673704415,목표
2007-12-21,016880,웅진,S2-α,실행,12,비체인,False,,7.951482479784359,목표
2008-01-07,013120,동원개발,S2-α,실행,1,비체인,True,,-8.504640371229689,손절
2008-01-11,010130,고려아연,정식A,실행,1,비체인,True,,-6.11764705882352,손절
2008-01-14,071660,071660,정식A,실행,1,,False,,6.87382297551788,목표
2008-01-14,000470,000470,S2-α,실행,1,,False,,-5.0,손절
2008-01-14,046320,046320,S2-α,실행,1,,False,,-5.45893719806762,손절
2008-01-14,005880,대한해운,S2-α,실행,1,비체인,False,,-6.28378378378379,손절
2008-01-14,005960,동부건설,정식A,실행,1,비체인,True,,-7.220779220779221,손절
2008-01-14,042660,한화오션,정식A,실행,1,비체인,False,,-7.095588235294111,손절
2008-01-15,000470,000470,S2-α,실행,1,,False,,-7.3986928104575,트레일
2008-01-15,028050,삼성E&A,정식A,실행,1,비체인,False,,7.1969696969697,목표
2008-01-15,046320,046320,S2-α,실행,1,,False,,-5.00000000000001,손절
2008-01-15,049690,049690,정식A,실행,1,,False,,-9.50431034482757,손절
2008-01-15,010620,010620,정식A,실행,1,,False,,-6.46799116997793,손절
2008-01-15,077970,STX엔진,정식A,실행,1,체인,False,,-6.4841813437703895,손절
2008-01-16,002990,금호건설,정식A,실행,1,비체인,False,,-7.791485507246381,손절
2008-01-16,053660,053660,정식A,실행,1,,False,,-5.22352941176472,손절
2008-01-16,067250,067250,정식A,실행,1,,False,,-6.18552083333333,손절
2008-01-16,032500,케이엠더블유,S2-α,실행,1,체인,False,,9.469696969696969,목표
2008-01-16,004980,성신양회,정식A,실행,1,비체인,True,,-5.0,손절
2008-01-16,049690,049690,정식A,실행,1,,False,,-2.19746835443036,트레일
2008-01-16,069260,TKG휴켐스,정식A,실행,1,비체인,False,,9.15119363395224,목표
2008-01-16,001260,남광토건,S2-α,실행,1,비체인,False,,7.000000000000001,목표
2008-01-16,089480,089480,정식A,실행,1,,False,,-7.83908045977013,손절
2008-01-16,086280,현대글로비스,정식A,실행,1,비체인,False,,-7.356791666666671,손절
2008-01-16,011810,STX,정식A,실행,1,비체인,False,,-7.40298507462685,트레일
2008-01-16,046890,서울반도체,정식A,실행,1,체인,False,,-5.45130641330166,손절
2008-01-21,002020,코오롱,정식A,실행,1,비체인,False,,-5.36398467432951,손절
2008-01-22,001440,대한전선,정식A,실행,1,비체인,False,,13.85869565217392,목표
2008-01-22,016360,삼성증권,정식A,실행,1,비체인,False,,-7.00436681222707,트레일
2008-01-22,066270,066270,S2-α,실행,1,,False,,12.5,목표
2008-01-22,000880,한화,정식A,실행,1,비체인,False,,7.97101449275361,목표
2008-01-22,001290,상상인증권,S2-α,실행,1,비체인,False,,-5.07522209347239,손절
2008-01-22,000155,두산우,정식A,실행,1,비체인,False,,6.923076923076921,목표
2008-01-22,012630,HDC,정식A,실행,1,비체인,False,,8.47076461769116,목표
2008-01-22,022100,포스코DX,정식A,실행,1,비체인,False,,8.80681818181818,목표
2008-01-22,011810,STX,정식A,실행,1,비체인,False,,12.56931608133087,목표
2008-01-22,009410,태영건설,정식A,실행,1,비체인,False,,-5.68198712570664,손절
2008-01-22,000720,현대건설,S2-α,실행,1,비체인,False,,-5.8074369189907005,손절
2008-01-22,003470,유안타증권,S2-α,실행,1,비체인,False,,9.07692307692307,목표
2008-01-22,023410,유진기업,정식A,실행,1,비체인,True,,8.653846153846139,목표
2008-01-22,089480,089480,정식A,실행,1,,False,,-5.0,손절
2008-01-22,030610,교보증권,정식A,실행,1,비체인,False,,16.43835616438356,목표
2008-01-22,034830,한국토지신탁,정식A,실행,1,비체인,False,,7.38993710691824,목표
2008-01-22,034020,두산에너빌리티,정식A,실행,1,체인,False,,10.48780487804879,목표
2008-01-22,006360,GS건설,정식A,실행,1,비체인,False,,-4.5823754789272,트레일
2008-01-22,025900,동화기업,정식A,실행,1,비체인,False,,-6.46153846153845,손절
2008-01-22,012090,012090,정식A,실행,1,,False,,10.46511627906976,목표
2008-01-22,000150,두산,정식A,실행,1,체인,False,,9.6551724137931,목표
2008-01-22,014820,동원시스템즈,정식A,실행,1,비체인,True,,6.94444444444444,목표
2008-01-22,016880,웅진,정식A,실행,1,비체인,False,,7.3487031700288,목표
2008-01-22,003530,한화투자증권,정식A,실행,1,비체인,False,,-7.2051282051282,트레일
2008-01-22,000210,DL,정식A,실행,1,비체인,False,,10.64638783269962,목표
2008-01-22,000470,000470,S2-α,실행,1,,False,,10.0760456273764,목표
2008-01-22,001750,한양증권,S2-α,실행,1,비체인,True,,-2.33526011560694,트레일
2008-01-22,084730,팅크웨어,정식A,실행,1,체인,False,,9.482758620689651,목표
2008-01-23,032290,032290,S2-α,실행,1,,False,,7.16723549488054,목표
2008-01-23,034020,두산에너빌리티,정식A,실행,1,체인,False,,7.49999999999999,목표
2008-01-23,066270,066270,정식A,실행,1,,False,,10.763209393346381,목표
2008-01-23,000215,DL우,정식A,실행,1,비체인,False,,-4.6290598290598295,트레일
2008-01-23,084730,팅크웨어,정식A,실행,1,체인,False,,9.96376811594204,목표
2008-01-23,025900,동화기업,정식A,실행,1,비체인,False,,7.82051282051281,목표
2008-01-23,057880,057880,S2-α,실행,1,,False,,7.184750733137819,목표
2008-01-23,001750,한양증권,S2-α,실행,1,비체인,True,,8.26086956521738,목표
2008-01-28,005830,DB손해보험,정식A,실행,1,비체인,False,,-5.76819407008086,손절
2008-01-28,001450,현대해상,정식A,실행,1,비체인,False,,7.35694822888284,목표
2008-01-29,000370,한화손해보험,정식A,실행,1,비체인,False,,-5.9751322751322595,손절
2008-01-29,023590,다우기술,정식A,실행,1,비체인,False,,8.55119825708061,목표
2008-01-29,000880,한화,정식A,실행,1,비체인,False,,-6.52,손절
2008-01-29,011810,STX,정식A,실행,1,비체인,False,,-5.6921675774134695,손절
2008-01-29,008320,008320,S2-α,실행,1,,False,,-7.17033213644523,손절
2008-01-29,014620,성광벤드,정식A,실행,1,비체인,False,,-7.58024691358024,손절
2008-01-30,001440,대한전선,정식A,실행,1,비체인,False,,7.776261937244181,목표
2008-01-30,012090,012090,정식A,실행,1,,False,,7.587548638132289,목표
2008-01-30,005880,대한해운,정식A,실행,1,비체인,False,,12.083333333333309,목표
2008-01-30,009540,HD한국조선해양,정식A,실행,1,비체인,False,,9.26573426573427,목표
2008-01-30,000150,두산,정식A,실행,1,체인,False,,-5.0,손절
2008-01-30,037620,037620,S2-α,실행,1,,False,,10.85972850678733,목표
2008-01-31,034020,두산에너빌리티,정식A,실행,1,체인,False,,8.08903365906623,목표
2008-01-31,006260,LS,정식A,실행,1,비체인,False,,8.17039106145252,목표
2008-01-31,000215,DL우,S2-α,실행,1,비체인,True,,7.065217391304341,목표
2008-01-31,000150,두산,정식A,실행,1,체인,False,,8.33333333333332,목표
2008-02-20,025850,025850,S2-α,실행,2,,False,,8.01369863013699,목표
2008-03-04,049690,049690,정식A,실행,3,,False,,-5.778321943811711,손절
2008-03-05,049690,049690,정식A,실행,3,,False,,-5.99246212121213,손절
2008-03-10,012090,012090,정식A,실행,3,,False,,7.49999999999999,목표
2008-03-10,003480,한진중공업홀딩스,정식A,실행,3,비체인,False,,8.187599364069941,목표
2008-03-10,030610,교보증권,정식A,실행,3,비체인,False,,6.8241469816272895,목표
2008-03-10,002780,진흥기업,정식A,실행,3,비체인,False,,9.61070559610706,목표
2008-03-11,000155,두산우,정식A,실행,3,비체인,False,,-5.3308687615526695,트레일
2008-03-13,064420,064420,정식A,실행,3,,False,,-6.1733630952380905,손절
2008-03-13,003490,대한항공,정식A,실행,3,비체인,False,,-7.1897163120567305,손절
2008-03-25,034120,SBS,S2-α,실행,3,비체인,False,,-5.70895522388059,손절
2008-04-14,000150,두산,정식A,실행,4,체인,False,,7.357357357357359,목표
2008-04-16,011400,011400,정식A,실행,4,,False,,7.81021897810219,목표
2008-06-13,012650,012650,정식A,실행,6,,False,,7.14285714285714,목표
2008-06-13,005880,대한해운,정식A,실행,6,비체인,True,,10.29850746268656,목표
2008-06-13,093370,후성,정식A,실행,6,비체인,False,,-5.743119266055039,트레일
2008-06-13,011810,STX,정식A,실행,6,비체인,False,,-5.58944746376811,손절
2008-06-16,005880,대한해운,정식A,실행,6,비체인,True,,7.396449704142009,목표
2008-06-25,000990,DB하이텍,정식A,실행,6,체인,True,,-5.0,손절
2008-06-25,000610,000610,정식A,실행,6,,False,,8.29493087557604,목표
2008-06-26,006380,카프로,정식A,실행,6,비체인,False,,-5.0,손절
2008-06-27,012650,012650,정식A,실행,6,,False,,-7.310810810810819,손절
2008-07-01,000400,롯데손해보험,정식A,실행,7,비체인,False,,-5.42986425339366,손절
2008-07-02,001500,현대차증권,S2-α,실행,7,비체인,False,,-6.90954773869346,손절
2008-07-02,004360,세방,S2-α,실행,7,비체인,False,,-5.37589928057553,손절
2008-07-02,011930,신성이엔지,S2-α,실행,7,체인,False,,-5.29523809523809,트레일
2008-07-03,053660,053660,정식A,실행,7,,False,,7.31707317073169,목표
2008-07-03,014820,동원시스템즈,정식A,실행,7,비체인,True,,-7.541850220264309,트레일
2008-07-04,061460,061460,S2-α,실행,7,,False,,-7.72412831241283,손절
2008-07-07,072870,메가스터디,정식A,실행,7,비체인,False,,-5.0,손절
2008-07-07,061460,061460,S2-α,실행,7,,False,,-10.36956521739129,손절
2008-07-07,025860,남해화학,S2-α,실행,7,비체인,False,,-5.47499999999999,손절
2008-07-08,045890,045890,정식A,실행,7,,False,,7.531055900621101,목표
2008-07-15,016990,016990,정식A,실행,7,,False,,-5.46197646804836,손절
2008-08-05,084010,대한제강,정식A,실행,8,비체인,False,,-6.9897810218978105,트레일
2008-08-05,053660,053660,정식A,실행,8,,False,,7.25190839694658,목표
2008-08-13,036890,진성티이씨,S2-α,실행,8,체인,False,,7.317073170731709,목표
2008-08-18,034830,한국토지신탁,S2-α,실행,8,비체인,False,,7.1678321678321595,목표
2008-09-01,010780,아이에스동서,정식A,실행,9,비체인,False,,-4.99999999999999,손절
2008-09-02,015750,성우하이텍,S2-α,실행,9,비체인,False,,7.73809523809523,목표
2008-09-02,036030,케이티알파,S2-α,실행,9,비체인,False,,-6.94444444444444,손절
2008-09-02,008320,008320,정식A,실행,9,,False,,-5.17798594847775,손절
2008-09-02,011760,현대코퍼레이션,정식A,실행,9,비체인,False,,7.57211538461537,목표
2008-09-02,004490,세방전지,S2-α,실행,9,체인,False,,18.9516129032258,목표
2008-09-16,010780,아이에스동서,정식A,실행,9,비체인,False,,0.10000000000001,트레일
2008-09-17,001260,남광토건,정식A,실행,9,비체인,False,,-5.67195121951223,손절
2008-10-06,036490,036490,정식A,실행,10,,False,,-7.5598802395209495,손절
2008-10-06,068270,셀트리온,정식A,실행,10,비체인,False,,-7.23119650050354,손절
2008-10-07,068270,셀트리온,정식A,실행,10,비체인,False,,10.78740157480315,목표
2008-10-08,003640,003640,S2-α,실행,10,,False,,-7.065217391304341,손절
2008-10-16,000270,기아,정식A,실행,10,비체인,False,,-5.0,손절
2008-10-16,002320,한진,정식A,실행,10,비체인,False,,-6.49999999999999,트레일
2008-10-17,004490,세방전지,S2-α,실행,10,체인,False,,-4.1935483870967705,트레일
2008-10-22,001430,세아베스틸지주,S2-α,실행,10,비체인,False,,-6.07371007371007,손절
2008-10-23,001430,세아베스틸지주,정식A,실행,10,비체인,False,,-10.70496083550913,손절
2008-10-24,015940,015940,정식A,실행,10,,False,,-12.0,트레일
2008-10-27,068270,셀트리온,정식A,실행,10,비체인,False,,-5.77407407407408,손절
2008-11-19,000670,영풍,정식A,실행,11,비체인,False,,-8.645348837209319,손절
2008-12-01,004970,신라교역,S2-α,실행,12,비체인,False,,-6.305163398692799,손절
2008-12-02,004970,신라교역,S2-α,실행,12,비체인,False,,7.14285714285714,목표
2008-12-03,003240,태광산업,정식A,실행,12,비체인,False,,7.332677165354321,목표
2009-01-13,002780,진흥기업,S2-α,실행,1,비체인,False,,-6.67515923566879,트레일
2009-02-26,006120,SK디스커버리,정식A,실행,2,비체인,False,,7.45614035087718,목표
2009-02-26,035080,그래디언트,S2-α,실행,2,비체인,False,,-5.96257796257795,트레일
2009-03-20,011760,현대코퍼레이션,정식A,실행,3,비체인,False,,7.000000000000001,목표
2009-03-30,022100,포스코DX,정식A,실행,3,비체인,False,,7.47126436781608,목표
2009-04-17,001740,SK네트웍스,정식A,실행,4,비체인,True,,7.69230769230768,목표
2009-04-17,025900,동화기업,S2-α,실행,4,비체인,True,,-6.60472972972973,손절
2009-04-27,004550,004550,S2-α,실행,4,,True,,-8.47509293680298,손절
2009-04-28,049690,049690,S2-α,실행,4,,False,,7.459677419354819,목표
2009-04-28,004550,004550,S2-α,실행,4,,True,,10.45081967213115,목표
2009-05-22,000660,SK하이닉스,정식A,실행,5,체인,True,,-5.0,손절
2009-05-26,008320,008320,정식A,실행,5,,False,,-6.37903225806451,손절
2009-05-27,041140,041140,S2-α,실행,5,,False,,-6.13333333333333,트레일
2009-06-04,086790,하나금융지주,정식A,실행,6,비체인,True,,7.2796934865900305,목표
2009-06-04,011780,금호석유화학,S2-α,실행,6,비체인,True,,-5.0,손절
2009-06-15,004550,004550,정식A,실행,6,,True,,-7.943303571428579,손절
2009-06-18,022100,포스코DX,정식A,실행,6,비체인,False,,-5.60253699788583,손절
2009-06-26,071660,071660,S2-α,실행,6,,False,,-5.23661270236612,손절
2009-06-29,053660,053660,정식A,실행,6,,False,,-8.469135802469129,트레일
2009-06-29,012630,HDC,정식A,실행,6,비체인,False,,7.52487562189054,목표
2009-06-29,023160,태광,정식A,실행,6,비체인,False,,7.523510971786821,목표
2009-06-29,089230,THE E&M,S2-α,실행,6,비체인,False,,-5.8938775510204096,트레일
2009-06-30,089480,089480,정식A,실행,6,,False,,8.14606741573034,목표
2009-06-30,053660,053660,정식A,실행,6,,False,,8.652246256239609,목표
2009-07-09,066970,엘앤에프,정식A,실행,7,체인,False,,-8.853923205342241,손절
2009-07-10,066970,엘앤에프,정식A,실행,7,체인,False,,-0.06509945750452001,트레일
2009-07-13,000060,000060,정식A,실행,7,,True,,-6.20253164556962,손절
2009-07-13,005160,동국산업,정식A,실행,7,비체인,False,,7.37359550561798,목표
2009-07-13,001740,SK네트웍스,S2-α,실행,7,비체인,False,,7.28744939271255,목표
2009-07-13,085310,엔케이,S2-α,실행,7,비체인,False,,8.53658536585366,목표
2009-07-14,001740,SK네트웍스,정식A,실행,7,비체인,False,,7.87234042553191,목표
2009-07-14,077970,STX엔진,정식A,실행,7,체인,False,,8.37053571428572,목표
2009-07-14,006260,LS,정식A,실행,7,비체인,False,,7.3006134969325105,목표
2009-07-24,016380,KG스틸,S2-α,실행,7,비체인,True,,9.13091309130913,목표
2009-10-05,010060,OCI홀딩스,정식A,실행,10,비체인,False,,7.0194384449244005,목표
2009-10-06,000700,유수홀딩스,정식A,실행,10,비체인,True,,7.47922437673129,목표
2009-11-17,003190,003190,정식A,실행,11,,False,,8.715596330275211,목표
2009-11-17,056700,신화인터텍,S2-α,실행,11,비체인,False,,18.88888888888888,목표
2009-11-27,000830,000830,정식A,실행,11,,False,,8.227848101265819,목표
2009-11-27,000720,현대건설,정식A,실행,11,비체인,False,,6.89655172413792,목표
2010-01-29,035080,그래디언트,정식A,실행,1,비체인,False,,11.40089418777943,목표
2010-02-05,046890,서울반도체,S2-α,실행,2,체인,False,,7.19273743016759,목표
2010-02-08,000700,유수홀딩스,S2-α,실행,2,비체인,True,,8.922558922558931,목표
2010-02-08,035080,그래디언트,정식A,실행,2,비체인,False,,7.0189274447949295,목표
2010-02-08,089240,089240,정식A,실행,2,,False,,7.59429153924566,목표
2010-02-19,035080,그래디언트,정식A,실행,2,비체인,False,,7.6086956521739,목표
2010-05-17,010620,010620,정식A,실행,5,,False,,-5.0,손절
2010-05-17,000680,LS네트웍스,정식A,실행,5,비체인,False,,7.41839762611276,목표
2010-05-19,082850,우리바이오,S2-α,실행,5,비체인,False,,-10.96847826086957,손절
2010-05-24,082850,우리바이오,정식A,실행,5,비체인,False,,-5.71518193224592,손절
2010-06-03,025850,025850,S2-α,실행,6,,True,,-6.955403087478559,손절
2011-02-23,000720,현대건설,정식A,실행,2,비체인,False,,7.05128205128204,목표
2011-03-14,060280,큐렉소,S2-α,실행,3,비체인,False,,-5.61981020166073,손절
2011-03-14,011810,STX,정식A,실행,3,비체인,False,,-7.39312977099236,손절
2011-03-15,020560,아시아나항공,정식A,실행,3,비체인,True,,7.241379310344829,목표
2011-03-15,078160,메디포스트,S2-α,실행,3,비체인,False,,7.9338842975206605,목표
2011-03-15,091690,091690,S2-α,실행,3,,False,,6.99404761904762,목표
2011-03-15,041510,에스엠,S2-α,실행,3,비체인,False,,12.42774566473987,목표
2011-03-17,034810,해성산업,S2-α,실행,3,비체인,False,,-7.46486486486486,손절
2011-03-18,038500,삼표시멘트,S2-α,실행,3,비체인,True,,-8.66213151927437,손절
2011-05-23,067290,JW신약,S2-α,실행,5,비체인,False,,6.98035160289556,목표
2011-05-24,009420,한올바이오파마,정식A,실행,5,비체인,False,,-5.48658114992722,손절
2011-05-25,009420,한올바이오파마,정식A,실행,5,비체인,False,,6.9767441860465,목표
2011-06-07,010060,OCI홀딩스,S2-α,실행,6,비체인,False,,7.6126674786845205,목표
2011-06-13,036710,심텍홀딩스,정식A,실행,6,비체인,True,,-6.58333333333333,손절
2011-06-13,052420,오성첨단소재,정식A,실행,6,비체인,False,,12.17008797653957,목표
2011-06-13,096640,096640,정식A,실행,6,,False,,7.2033898305084705,목표
2011-06-14,073110,엘엠에스,S2-α,실행,6,체인,False,,-8.117647058823529,트레일
2011-06-14,067310,하나마이크론,S2-α,실행,6,체인,False,,-7.776923076923071,손절
2011-08-04,014790,HL D&I,S2-α,실행,8,비체인,True,,-5.0,손절
2011-08-04,001520,동양,정식A,실행,8,비체인,False,,-5.0,손절
2011-08-05,089470,HDC현대EP,S2-α,실행,8,비체인,False,,-6.0311387900355795,손절
2011-08-05,013570,디와이,정식A,실행,8,비체인,False,,-5.8752314814814905,손절
2011-08-05,042660,한화오션,정식A,실행,8,비체인,False,,-7.49589490968801,손절
2011-08-05,001230,동국홀딩스,정식A,실행,8,비체인,False,,-8.0735294117647,손절
2011-08-05,036710,심텍홀딩스,정식A,실행,8,비체인,True,,-8.799999999999999,손절
2011-08-05,093370,후성,S2-α,실행,8,비체인,False,,-9.95151515151515,손절
2011-08-05,096770,SK이노베이션,S2-α,실행,8,비체인,False,,-7.5675675675675595,손절
2011-08-05,067290,JW신약,S2-α,실행,8,비체인,False,,-8.10137457044674,손절
2011-08-05,006840,AK홀딩스,S2-α,실행,8,비체인,True,,-9.17391304347827,손절
2011-08-05,009830,한화솔루션,정식A,실행,8,비체인,False,,-9.2964824120603,손절
2011-08-05,078930,GS,S2-α,실행,8,비체인,False,,-9.90322580645161,손절
2011-08-05,000430,대원강업,S2-α,실행,8,비체인,False,,-7.6488657844990495,손절
2011-08-05,007860,서연,정식A,실행,8,비체인,True,,-7.372486772486759,손절
2011-08-05,052420,오성첨단소재,정식A,실행,8,비체인,False,,-5.82608695652175,손절
2011-08-05,014790,HL D&I,정식A,실행,8,비체인,True,,-6.2875,손절
2011-08-05,036540,SFA반도체,정식A,실행,8,체인,False,,-9.01226158038147,손절
2011-08-05,064420,064420,정식A,실행,8,,False,,-6.9944950645406205,손절
2011-08-05,074430,아미노로직스,S2-α,실행,8,비체인,False,,-8.70932754880694,손절
2011-08-08,001230,동국홀딩스,정식A,실행,8,비체인,False,,-9.68750000000001,손절
2011-08-08,108230,톱텍,S2-α,실행,8,체인,False,,-9.1081081081081,손절
2011-08-08,009160,SIMPAC,S2-α,실행,8,비체인,False,,-8.928510273972599,손절
2011-08-08,092200,디아이씨,S2-α,실행,8,비체인,False,,-7.343543046357611,손절
2011-08-08,093370,후성,정식A,실행,8,비체인,False,,-6.32393756921372,손절
2011-08-08,089470,HDC현대EP,S2-α,실행,8,비체인,False,,-6.91397058823529,손절
2011-08-08,033530,SJG세종,정식A,실행,8,비체인,False,,-5.79697986577181,손절
2011-08-08,073110,엘엠에스,S2-α,실행,8,체인,False,,-10.97142857142857,손절
2011-08-08,056190,SFA,S2-α,실행,8,체인,False,,-9.29378531073445,손절
2011-08-08,000430,대원강업,정식A,실행,8,비체인,False,,8.67850098619329,목표
2011-08-08,007690,국도화학,S2-α,실행,8,비체인,False,,-12.65866209262436,손절
2011-08-08,037370,EG,S2-α,실행,8,비체인,False,,-6.3516975308642,손절
2011-08-08,071200,인피니트헬스케어,S2-α,실행,8,비체인,False,,-7.30035714285715,손절
2011-08-08,006840,AK홀딩스,정식A,실행,8,비체인,True,,-9.50641025641025,손절
2011-08-08,015750,성우하이텍,정식A,실행,8,비체인,True,,-11.41891891891893,손절
2011-08-08,067290,JW신약,S2-α,실행,8,비체인,False,,-14.43140794223827,손절
2011-08-08,009830,한화솔루션,정식A,실행,8,비체인,False,,-8.07349081364829,트레일
2011-08-08,000120,CJ대한통운,정식A,실행,8,비체인,True,,-8.04562268803945,손절
2011-08-08,014790,HL D&I,정식A,실행,8,비체인,True,,-11.57060518731988,손절
2011-08-08,010690,화신,정식A,실행,8,비체인,False,,-9.08602150537634,손절
2011-08-08,007660,이수페타시스,S2-α,실행,8,체인,False,,-5.3383892276422795,손절
2011-08-08,004560,현대비앤지스틸,S2-α,실행,8,비체인,False,,-10.952160493827149,손절
2011-08-09,007690,국도화학,S2-α,실행,8,비체인,False,,6.859205776173289,목표
2011-08-09,069080,웹젠,S2-α,실행,8,비체인,False,,15.229885057471272,목표
2011-08-09,025540,한국단자,S2-α,실행,8,비체인,False,,7.55395683453237,목표
2011-08-09,092200,디아이씨,S2-α,실행,8,비체인,False,,14.40677966101695,목표
2011-08-09,007660,이수페타시스,S2-α,실행,8,체인,False,,7.644110275689229,목표
2011-08-09,056190,SFA,S2-α,실행,8,체인,False,,8.0392156862745,목표
2011-08-09,066270,066270,정식A,실행,8,,False,,10.66433566433566,목표
2011-08-09,067000,조이시티,S2-α,실행,8,비체인,False,,-4.0,트레일
2011-08-09,016250,SGC E&C,S2-α,실행,8,비체인,False,,-5.0,손절
2011-08-09,108230,톱텍,정식A,실행,8,체인,False,,9.42857142857143,목표
2011-08-09,101060,101060,정식A,실행,8,,False,,6.931608133086881,목표
2011-08-09,036420,콘텐트리중앙,S2-α,실행,8,비체인,False,,9.92366412213741,목표
2011-08-09,003240,태광산업,S2-α,실행,8,비체인,True,,6.875449964002881,목표
2011-08-09,003690,코리안리,S2-α,실행,8,비체인,True,,7.08333333333333,목표
2011-08-09,000480,CR홀딩스,S2-α,실행,8,비체인,True,,7.563025210084021,목표
2011-08-09,009420,한올바이오파마,정식A,실행,8,비체인,False,,9.41320293398533,목표
2011-08-10,003600,003600,정식A,실행,8,,False,,7.54716981132075,목표
2011-08-17,001630,종근당홀딩스,정식A,실행,8,비체인,False,,-7.81620553359684,손절
2011-08-19,005850,에스엘,정식A,실행,8,비체인,False,,-5.0,손절
2011-08-19,011790,SKC,S2-α,실행,8,비체인,False,,10.823754789272021,목표
2011-08-19,015590,DKME,S2-α,실행,8,체인,False,,7.424242424242419,목표
2011-08-19,007690,국도화학,정식A,실행,8,비체인,False,,7.684630738522941,목표
2011-08-19,004430,송원산업,정식A,실행,8,비체인,False,,-5.0,손절
2011-08-19,001120,LX인터내셔널,정식A,실행,8,비체인,False,,10.92342342342342,목표
2011-08-19,067290,JW신약,S2-α,실행,8,비체인,False,,8.33333333333332,목표
2011-08-19,005950,이수화학,정식A,실행,8,비체인,False,,10.2127659574468,목표
2011-08-19,015750,성우하이텍,정식A,실행,8,비체인,True,,-5.0,손절
2011-08-19,004560,현대비앤지스틸,정식A,실행,8,비체인,False,,9.16666666666665,목표
2011-08-19,000800,000800,S2-α,실행,8,,True,,-4.94339622641509,트레일
2011-08-19,073110,엘엠에스,S2-α,실행,8,체인,False,,7.49999999999999,목표
2011-08-19,108230,톱텍,S2-α,실행,8,체인,False,,-5.0,손절
2011-08-22,006840,AK홀딩스,정식A,실행,8,비체인,True,,7.6361221779548405,목표
2011-08-22,006650,대한유화,정식A,실행,8,비체인,False,,16.250000000000007,목표
2011-08-22,000270,기아,정식A,실행,8,비체인,False,,7.288135593220341,목표
2011-08-22,000800,000800,S2-α,실행,8,,True,,8.29268292682927,목표
2011-08-22,000210,DL,정식A,실행,8,비체인,False,,8.779011099899089,목표
2011-08-22,000240,한국앤컴퍼니,S2-α,실행,8,비체인,False,,7.464788732394349,목표
2011-08-22,000120,CJ대한통운,정식A,실행,8,비체인,True,,9.14918414918415,목표
2011-08-22,011780,금호석유화학,정식A,실행,8,비체인,False,,10.28938906752412,목표
2011-08-22,013570,디와이,정식A,실행,8,비체인,False,,12.74131274131273,목표
2011-08-22,028150,028150,정식A,실행,8,,True,,-5.33777777777777,손절
2011-08-22,004560,현대비앤지스틸,정식A,실행,8,비체인,False,,9.05923344947734,목표
2011-08-22,039130,하나투어,정식A,실행,8,비체인,False,,7.29783037475344,목표
2011-08-22,009420,한올바이오파마,S2-α,실행,8,비체인,False,,13.463819691577699,목표
2011-08-22,005950,이수화학,정식A,실행,8,비체인,False,,11.19909502262443,목표
2011-08-22,060980,HL홀딩스,정식A,실행,8,비체인,False,,13.56209150326797,목표
2011-08-22,066270,066270,정식A,실행,8,,False,,7.87037037037037,목표
2011-08-22,030530,원익홀딩스,정식A,실행,8,비체인,False,,7.87037037037037,목표
2011-08-22,009160,SIMPAC,S2-α,실행,8,비체인,False,,7.079646017699121,목표
2011-08-22,011170,롯데케미칼,정식A,실행,8,비체인,False,,13.7271214642263,목표
2011-08-22,000430,대원강업,정식A,실행,8,비체인,False,,7.8125,목표
2011-08-22,011790,SKC,S2-α,실행,8,비체인,False,,8.04924242424243,목표
2011-09-05,010950,S-Oil,정식A,실행,9,비체인,True,,8.05687203791469,목표
2011-09-06,003600,003600,정식A,실행,9,,False,,6.866197183098589,목표
2011-09-06,004430,송원산업,정식A,실행,9,비체인,False,,-6.20401678657074,손절
2011-09-14,011790,SKC,정식A,실행,9,비체인,False,,-5.0,손절
2011-09-14,120110,코오롱인더,정식A,실행,9,비체인,False,,-6.624022346368711,손절
2011-09-15,016450,한세예스24홀딩스,S2-α,실행,9,비체인,False,,-5.85585585585585,트레일
2011-09-15,120110,코오롱인더,정식A,실행,9,비체인,False,,-5.0,손절
2011-09-20,010780,아이에스동서,정식A,실행,9,비체인,True,,-5.0,손절
2011-09-20,006650,대한유화,정식A,실행,9,비체인,False,,-3.80392156862745,트레일
2011-09-23,005950,이수화학,정식A,실행,9,비체인,True,,-5.10106382978722,손절
2011-09-23,108230,톱텍,정식A,실행,9,체인,False,,-5.29051987767584,손절
2011-09-23,039530,039530,정식A,실행,9,,False,,-5.66155988857939,손절
2011-09-23,011170,롯데케미칼,정식A,실행,9,비체인,False,,-5.39830729166668,손절
2011-09-23,041020,폴라리스오피스,S2-α,실행,9,비체인,False,,-6.96168365420913,손절
2011-09-23,016450,한세예스24홀딩스,S2-α,실행,9,비체인,False,,-5.50802139037434,손절
2011-09-23,054620,APS,정식A,실행,9,비체인,False,,-5.93496835443038,손절
2011-09-23,010950,S-Oil,정식A,실행,9,비체인,True,,-8.10747663551402,손절
2011-09-23,006380,카프로,S2-α,실행,9,비체인,False,,-5.0,손절
2011-09-23,004010,004010,정식A,실행,9,,False,,-5.0,손절
2011-09-23,001120,LX인터내셔널,정식A,실행,9,비체인,True,,-9.96590909090908,손절
2011-09-23,004380,삼익THK,S2-α,실행,9,체인,True,,-5.35396634615386,손절
2011-09-23,004560,현대비앤지스틸,S2-α,실행,9,비체인,False,,-5.0,손절
2011-09-26,013990,아가방컴퍼니,정식A,실행,9,비체인,False,,17.14490674318507,목표
2011-09-26,009520,포스코엠텍,정식A,실행,9,비체인,False,,9.46791862284819,목표
2011-09-26,023590,다우기술,정식A,실행,9,비체인,True,,10.2439024390244,목표
2011-09-26,004380,삼익THK,S2-α,실행,9,체인,True,,-3.6723163841807898,트레일
2011-09-26,056190,SFA,S2-α,실행,9,체인,False,,7.90960451977402,목표
2011-09-26,058650,세아홀딩스,정식A,실행,9,비체인,True,,9.28270042194092,목표
2011-09-26,009410,태영건설,정식A,실행,9,비체인,True,,9.49152542372882,목표
2011-09-26,067290,JW신약,S2-α,실행,9,비체인,False,,13.11926605504587,목표
2011-09-26,009420,한올바이오파마,정식A,실행,9,비체인,False,,13.77952755905511,목표
2011-09-26,006120,SK디스커버리,정식A,실행,9,비체인,True,,8.77742946708464,목표
2011-09-26,041960,코미팜,정식A,실행,9,비체인,False,,10.88362068965518,목표
2011-09-26,071200,인피니트헬스케어,S2-α,실행,9,비체인,False,,15.94110115236875,목표
2011-09-26,007160,사조산업,S2-α,실행,9,비체인,True,,7.391304347826081,목표
2011-09-26,006380,카프로,정식A,실행,9,비체인,False,,-2.40329218106996,트레일
2011-09-26,068760,셀트리온제약,정식A,실행,9,비체인,False,,9.58333333333334,목표
2011-09-26,007660,이수페타시스,S2-α,실행,9,체인,False,,8.70588235294118,목표
2011-09-26,041020,폴라리스오피스,S2-α,실행,9,비체인,False,,10.11904761904762,목표
2011-09-26,002270,002270,정식A,실행,9,,False,,-5.11518622722401,손절
2011-09-26,069080,웹젠,정식A,실행,9,비체인,False,,8.33333333333332,목표
2011-09-26,014830,유니드,S2-α,실행,9,비체인,True,,7.14285714285714,목표
2011-09-26,028050,삼성E&A,S2-α,실행,9,비체인,False,,7.125603864734301,목표
2011-09-26,000480,CR홀딩스,S2-α,실행,9,비체인,True,,8.49387040280209,목표
2011-09-26,003030,세아제강지주,정식A,실행,9,비체인,True,,-6.2250608272506005,손절
2011-09-26,052260,현대바이오랜드,S2-α,실행,9,비체인,False,,8.604651162790699,목표
2011-09-26,000070,삼양홀딩스,정식A,실행,9,비체인,True,,14.021887824897389,목표
2011-09-26,049770,049770,S2-α,실행,9,,True,,8.65921787709498,목표
2011-09-26,041140,041140,정식A,실행,9,,False,,9.49781659388646,목표
2011-09-26,066270,066270,정식A,실행,9,,False,,14.687500000000009,목표
2011-09-26,007570,일양약품,정식A,실행,9,비체인,False,,12.55656108597285,목표
2011-09-26,005690,파미셀,S2-α,실행,9,체인,False,,-5.015873015873,트레일
2011-09-26,036830,솔브레인홀딩스,정식A,실행,9,비체인,False,,7.42647058823529,목표
2011-09-26,098460,고영,S2-α,실행,9,체인,False,,11.483253588516739,목표
2011-09-26,015750,성우하이텍,정식A,실행,9,비체인,True,,7.8873239436619595,목표
2011-09-26,100700,세운메디칼,S2-α,실행,9,비체인,False,,18.45238095238095,목표
2011-09-26,033920,무학,정식A,실행,9,비체인,True,,7.1646341463414505,목표
2011-09-26,054620,APS,정식A,실행,9,비체인,False,,10.23255813953487,목표
2011-10-04,011780,금호석유화학,정식A,실행,10,비체인,True,,6.89149560117301,목표
2011-10-05,028050,삼성E&A,S2-α,실행,10,비체인,False,,8.25,목표
2011-10-05,011780,금호석유화학,정식A,실행,10,비체인,True,,7.6086956521739,목표
2011-10-05,071200,인피니트헬스케어,S2-α,실행,10,비체인,False,,7.973856209150321,목표
2011-10-06,005850,에스엘,정식A,실행,10,비체인,False,,10.0,목표
2011-10-06,018880,한온시스템,S2-α,실행,10,체인,True,,9.77443609022556,목표
2011-10-06,015750,성우하이텍,S2-α,실행,10,비체인,True,,8.04749340369392,목표
2011-10-07,005690,파미셀,S2-α,실행,10,체인,False,,9.26380368098158,목표
2011-10-21,068270,셀트리온,S2-α,실행,10,비체인,False,,8.64022662889518,목표
2011-10-27,015750,성우하이텍,S2-α,실행,10,비체인,True,,-5.05263157894736,트레일
2011-11-03,003030,세아제강지주,정식A,실행,11,비체인,True,,-3.86554621848739,트레일
2011-11-18,095660,네오위즈,S2-α,실행,11,비체인,False,,-6.529516994633271,손절
2011-11-21,039530,039530,정식A,실행,11,,False,,-5.79603706624607,손절
2011-11-24,007570,일양약품,정식A,실행,11,비체인,False,,-2.63117870722433,트레일
2011-11-25,007570,일양약품,정식A,실행,11,비체인,False,,12.550607287449388,목표
2012-01-16,039530,039530,정식A,실행,1,,False,,7.49999999999999,목표
2012-05-16,071200,인피니트헬스케어,S2-α,실행,5,비체인,False,,-5.45238095238095,손절
2012-05-18,005900,005900,정식A,실행,5,,False,,7.000000000000001,목표
2012-05-21,000430,대원강업,정식A,실행,5,비체인,False,,9.5617529880478,목표
2012-05-29,002620,제일파마홀딩스,S2-α,실행,5,비체인,False,,9.35251798561151,목표
2012-06-04,101060,101060,정식A,실행,6,,False,,7.589285714285721,목표
2012-06-22,023410,유진기업,S2-α,실행,6,비체인,True,,-7.005277044854879,손절
2012-07-02,039530,039530,정식A,실행,7,,False,,-5.00000000000001,손절
2012-07-03,039530,039530,정식A,실행,7,,False,,-5.0,손절
2012-07-17,038500,삼표시멘트,정식A,실행,7,비체인,True,,7.3394495412844,목표
2012-07-27,038500,삼표시멘트,S2-α,실행,7,비체인,True,,-2.59829059829059,트레일
2012-08-21,002620,제일파마홀딩스,S2-α,실행,8,비체인,False,,-7.68810289389068,손절
2013-06-25,049550,잉크테크,정식A,실행,6,비체인,False,,12.42774566473987,목표
2013-06-25,033240,자화전자,S2-α,실행,6,체인,False,,9.00243309002433,목표
2013-06-25,123260,123260,정식A,실행,6,,False,,8.64285714285715,목표
2013-06-25,141000,비아트론,S2-α,실행,6,체인,False,,9.29054054054054,목표
2013-06-25,049070,인탑스,S2-α,실행,6,체인,True,,7.7951002227171395,목표
2013-06-25,090460,비에이치,S2-α,실행,6,체인,False,,7.8141499472017095,목표
2013-06-25,054620,APS,S2-α,실행,6,비체인,False,,8.78378378378379,목표
2013-06-25,012510,012510,정식A,실행,6,비체인,False,,9.4170403587444,목표
2013-06-25,064550,바이오니아,S2-α,실행,6,비체인,False,,15.80882352941177,목표
2013-06-25,060590,씨티씨바이오,정식A,실행,6,비체인,False,,10.77981651376147,목표
2013-06-25,036420,콘텐트리중앙,정식A,실행,6,비체인,False,,7.14285714285714,목표
2013-06-25,065510,휴비츠,S2-α,실행,6,비체인,False,,9.52380952380953,목표
2013-06-25,091700,파트론,정식A,실행,6,체인,False,,10.18237082066868,목표
2013-06-25,000990,DB하이텍,정식A,실행,6,체인,False,,6.98587127158556,목표
2013-06-25,033270,유나이티드제약,S2-α,실행,6,비체인,False,,11.92660550458715,목표
2013-06-25,043150,바텍,S2-α,실행,6,비체인,False,,12.70491803278688,목표
2013-06-25,084370,유진테크,S2-α,실행,6,체인,False,,7.4866310160427805,목표
2013-06-25,082210,옵트론텍,정식A,실행,6,체인,False,,8.97435897435896,목표
2013-06-26,030210,다올투자증권,S2-α,실행,6,비체인,True,,-6.1038525963149,트레일
2013-07-08,033240,자화전자,정식A,실행,7,체인,False,,9.358288770053461,목표
2013-07-08,004710,한솔테크닉스,정식A,실행,7,체인,False,,-5.66214005235602,손절
2013-07-08,091120,이엠텍,S2-α,실행,7,체인,False,,6.985294117647051,목표
2015-08-21,086390,유니테스트,S2-α,실행,8,체인,False,,-6.20436594202897,손절
2015-08-21,028300,HLB,S2-α,실행,8,비체인,False,,9.45945945945945,목표
2015-08-21,141080,리가켐바이오,S2-α,실행,8,비체인,False,,7.31981981981981,목표
2015-08-21,031390,031390,정식A,실행,8,,False,,9.02872777017784,목표
2015-08-21,035600,KG이니시스,정식A,실행,8,비체인,False,,6.986301369863019,목표
2015-08-21,029460,케이씨,정식A,실행,8,체인,False,,7.97872340425531,목표
2015-08-21,066270,066270,정식A,실행,8,,False,,-5.22891566265061,손절
2015-08-21,048410,현대바이오,S2-α,실행,8,비체인,False,,9.65909090909091,목표
2015-08-21,007700,F&F홀딩스,S2-α,실행,8,비체인,False,,6.969696969696949,목표
2015-08-21,047560,이스트소프트,S2-α,실행,8,비체인,False,,-7.46764705882353,손절
2015-08-21,015710,코콤,S2-α,실행,8,체인,False,,8.70646766169154,목표
2015-08-21,017800,현대엘리베이터,정식A,실행,8,체인,False,,7.646048109965629,목표
2015-08-24,001540,안국약품,S2-α,실행,8,비체인,False,,10.8433734939759,목표
2015-08-24,097520,엠씨넥스,정식A,실행,8,비체인,False,,9.10290237467017,목표
2015-08-24,047560,이스트소프트,S2-α,실행,8,비체인,False,,10.0,목표
2015-08-24,006220,제주은행,S2-α,실행,8,비체인,False,,7.10526315789474,목표
2015-08-24,035510,신세계 I&C,정식A,실행,8,비체인,False,,8.46153846153845,목표
2015-08-24,048410,현대바이오,S2-α,실행,8,비체인,False,,10.4,목표
2015-08-24,094480,갤럭시아머니트리,S2-α,실행,8,비체인,False,,9.18367346938775,목표
2015-08-24,095700,제넥신,S2-α,실행,8,비체인,False,,9.43627450980393,목표
2015-08-24,066700,테라젠이텍스,S2-α,실행,8,비체인,False,,7.1969696969697,목표
2015-09-04,043610,KT지니뮤직,S2-α,실행,9,비체인,False,,-5.85627158894646,손절
2015-09-04,078160,메디포스트,정식A,실행,9,비체인,False,,8.51063829787235,목표
2015-09-04,052790,액토즈소프트,S2-α,실행,9,비체인,False,,6.9693094629156,목표
2015-09-04,092040,아미코젠,S2-α,실행,9,비체인,False,,-8.59405594405595,손절
2015-09-07,000070,삼양홀딩스,S2-α,실행,9,비체인,False,,9.44444444444443,목표
2015-09-07,085370,085370,정식A,실행,9,,False,,8.852005532503469,목표
2015-09-07,092040,아미코젠,정식A,실행,9,비체인,False,,-6.09877873563219,손절
2015-09-07,091090,091090,S2-α,실행,9,,False,,15.963431786216589,목표
2015-09-07,092730,네오팜,S2-α,실행,9,비체인,False,,8.96907216494846,목표
2015-09-11,078520,에이블씨엔씨,정식A,실행,9,비체인,False,,8.70841487279843,목표
2015-09-24,014940,오리엔탈정공,S2-α,실행,9,체인,False,,9.25925925925925,목표
2015-09-24,086390,유니테스트,S2-α,실행,9,체인,False,,7.177033492822971,목표
2015-10-08,084690,대상홀딩스,S2-α,실행,10,비체인,False,,-7.829383886255919,트레일
2016-01-12,036490,036490,정식A,실행,1,,False,,9.72644376899696,목표
2016-01-21,064090,인크레더블버즈,S2-α,실행,1,비체인,False,,7.570715474209661,목표
2016-01-27,064090,인크레더블버즈,S2-α,실행,1,비체인,False,,-7.12915129151292,트레일
2016-02-04,027410,BGF,S2-α,실행,2,비체인,False,,-4.20571428571427,트레일
2016-02-11,083790,CG인바이츠,S2-α,실행,2,비체인,False,,-11.96254071661238,손절
2016-02-11,036420,콘텐트리중앙,정식A,실행,2,비체인,False,,-5.20652173913044,손절
2016-02-12,096760,JW홀딩스,정식A,실행,2,비체인,False,,7.89124668435012,목표
2016-02-12,007540,샘표,S2-α,실행,2,비체인,False,,7.377049180327861,목표
2016-02-12,102940,코오롱생명과학,정식A,실행,2,비체인,False,,11.41732283464567,목표
2016-02-12,068760,셀트리온제약,정식A,실행,2,비체인,False,,9.20138888888888,목표
2016-02-12,009420,한올바이오파마,정식A,실행,2,비체인,False,,10.90047393364928,목표
2016-02-12,014820,동원시스템즈,정식A,실행,2,비체인,False,,8.06916426512969,목표
2016-02-12,095700,제넥신,정식A,실행,2,비체인,False,,11.761006289308181,목표
2016-02-12,143240,사람인,S2-α,실행,2,비체인,False,,-9.654178674351579,손절
2016-02-12,036420,콘텐트리중앙,정식A,실행,2,비체인,False,,6.9301260022909705,목표
2016-02-12,170900,동아에스티,S2-α,실행,2,비체인,False,,7.70676691729324,목표
2016-02-12,067290,JW신약,정식A,실행,2,비체인,False,,10.09485094850948,목표
2016-02-12,004060,SG세계물산,S2-α,실행,2,비체인,False,,7.87037037037037,목표
2016-02-12,085310,엔케이,S2-α,실행,2,비체인,False,,6.89655172413792,목표
2016-02-12,045100,한양이엔지,S2-α,실행,2,비체인,False,,7.381193124368041,목표
2016-02-12,001780,알루코,정식A,실행,2,비체인,False,,6.825396825396821,목표
2016-02-12,053030,바이넥스,정식A,실행,2,비체인,False,,6.882022471910119,목표
2016-02-12,085370,085370,정식A,실행,2,,False,,8.43179377013962,목표
2016-02-12,141080,리가켐바이오,S2-α,실행,2,비체인,False,,17.40976645435243,목표
2016-02-12,069620,대웅제약,정식A,실행,2,비체인,False,,8.36820083682008,목표
2016-02-12,039030,이오테크닉스,정식A,실행,2,체인,False,,12.264150943396231,목표
2016-02-12,048530,인트론바이오,S2-α,실행,2,비체인,False,,9.090909090909099,목표
2016-02-12,200780,비씨월드제약,S2-α,실행,2,비체인,False,,8.372827804107411,목표
2016-02-12,001630,종근당홀딩스,정식A,실행,2,비체인,False,,8.88429752066115,목표
2016-02-12,005750,대림바스,S2-α,실행,2,비체인,False,,7.71812080536913,목표
2016-02-12,192820,코스맥스,정식A,실행,2,비체인,False,,-8.92063492063491,손절
2016-02-12,102460,이연제약,정식A,실행,2,비체인,False,,9.62145110410095,목표
2016-02-12,086900,메디톡스,정식A,실행,2,비체인,False,,12.17073170731708,목표
2016-02-12,083790,CG인바이츠,정식A,실행,2,비체인,False,,7.73195876288659,목표
2016-02-12,002020,코오롱,정식A,실행,2,비체인,False,,9.75609756097561,목표
2016-02-12,084990,헬릭스미스,정식A,실행,2,비체인,False,,-3.6789115646258503,트레일
2016-02-12,005250,녹십자홀딩스,정식A,실행,2,비체인,False,,9.09090909090908,목표
2016-02-12,000020,동화약품,S2-α,실행,2,비체인,False,,11.67315175097276,목표
2016-02-12,041920,메디아나,S2-α,실행,2,비체인,False,,18.12652068126521,목표
2016-02-12,000070,삼양홀딩스,정식A,실행,2,비체인,False,,10.33898305084746,목표
2016-02-12,011000,진원생명과학,S2-α,실행,2,비체인,False,,8.75486381322956,목표
2016-02-12,063170,서울옥션,S2-α,실행,2,비체인,False,,8.552631578947361,목표
2016-02-12,900100,파이온엑스,S2-α,실행,2,비체인,False,,11.73076923076923,목표
2016-02-12,007570,일양약품,정식A,실행,2,비체인,False,,9.6938775510204,목표
2016-02-12,006280,녹십자,정식A,실행,2,비체인,False,,9.206798866855511,목표
2016-02-12,036200,유니셈,S2-α,실행,2,체인,False,,10.48034934497816,목표
2016-02-12,000990,DB하이텍,정식A,실행,2,체인,False,,6.862745098039209,목표
2016-02-12,001060,JW중외제약,정식A,실행,2,비체인,False,,8.82352941176469,목표
2016-02-12,000230,일동홀딩스,정식A,실행,2,비체인,False,,9.87124463519313,목표
2016-02-15,161890,한국콜마,정식A,실행,2,비체인,False,,-9.69277108433734,손절
2016-02-15,141080,리가켐바이오,S2-α,실행,2,비체인,False,,8.82352941176469,목표
2016-02-18,051500,CJ프레시웨이,정식A,실행,2,비체인,False,,-5.63333333333333,손절
2016-02-24,097520,엠씨넥스,S2-α,실행,2,비체인,False,,7.15725806451612,목표
2016-07-08,003560,003560,S2-α,실행,7,,False,,-11.31206014075496,손절
2018-03-05,097520,엠씨넥스,S2-α,실행,3,비체인,False,,-5.92233009708739,손절
2018-03-23,038060,루멘스,S2-α,실행,3,체인,False,,-5.25641025641026,손절
2018-03-23,016380,KG스틸,S2-α,실행,3,비체인,False,,7.17592592592593,목표
2018-07-02,083640,인콘,S2-α,실행,7,비체인,False,,10.43956043956042,목표
2018-07-02,074610,이엔플러스,S2-α,실행,7,체인,False,,-6.92437307098766,손절
2018-07-03,074610,이엔플러스,S2-α,실행,7,체인,False,,7.58293838862558,목표
2018-07-03,036000,예림당,S2-α,실행,7,비체인,False,,-6.59649122807017,트레일
2018-07-03,052690,한전기술,정식A,실행,7,비체인,False,,9.2841163310962,목표
2018-07-03,012610,경인양행,S2-α,실행,7,비체인,False,,-8.53723404255318,손절
2018-07-09,077970,STX엔진,S2-α,실행,7,체인,False,,-4.113207547169799,트레일
2018-07-19,035760,CJ ENM,정식A,실행,7,비체인,False,,9.71739130434783,목표
2018-07-19,036420,콘텐트리중앙,S2-α,실행,7,비체인,False,,-7.596463022508031,손절
2018-07-23,039200,오스코텍,정식A,실행,7,비체인,False,,-6.59649122807017,트레일
2018-07-23,008970,KBI동양철관,S2-α,실행,7,비체인,False,,7.7034883720930205,목표
2018-07-23,054780,키이스트,S2-α,실행,7,비체인,False,,6.91964285714286,목표
2018-07-23,196170,알테오젠,정식A,실행,7,비체인,False,,-5.0,손절
2018-07-23,097780,에코볼트,S2-α,실행,7,비체인,False,,7.72058823529413,목표
2018-07-23,035510,신세계 I&C,S2-α,실행,7,비체인,False,,-5.88605769230771,손절
2018-07-24,095700,제넥신,정식A,실행,7,비체인,False,,8.47457627118644,목표
2018-07-25,079970,투비소프트,S2-α,실행,7,비체인,False,,7.25609756097562,목표
2018-08-13,166090,하나머티리얼즈,정식A,실행,8,체인,False,,6.87679083094556,목표
2018-08-13,251630,브이원텍,S2-α,실행,8,체인,False,,7.17741935483871,목표
2018-08-13,095660,네오위즈,S2-α,실행,8,비체인,False,,-6.756060606060609,손절
2018-08-13,196170,알테오젠,정식A,실행,8,비체인,False,,6.9277108433734895,목표
2018-08-14,197210,197210,S2-α,실행,8,,False,,-5.0,손절
2018-08-16,197210,197210,S2-α,실행,8,,False,,5.73134328358209,트레일
2018-10-04,003350,한국화장품제조,S2-α,실행,10,비체인,False,,-5.0,손절
2018-10-04,008770,호텔신라,정식A,실행,10,비체인,False,,-7.10443037974684,손절
2018-10-04,004170,신세계,정식A,실행,10,비체인,False,,-6.2520593080724804,손절
2018-10-04,083660,CSA 코스믹,S2-α,실행,10,비체인,False,,-6.13636363636364,손절
2018-10-05,083660,CSA 코스믹,S2-α,실행,10,비체인,False,,-6.32631144155307,손절
2018-10-05,003350,한국화장품제조,S2-α,실행,10,비체인,False,,-6.15853658536584,손절
2018-10-08,215600,신라젠,정식A,실행,10,비체인,False,,7.83718104495747,목표
2018-10-10,014790,HL D&I,S2-α,실행,10,비체인,True,,-5.20452099031216,손절
2018-10-10,002100,경농,S2-α,실행,10,비체인,True,,9.86316989737743,목표
2018-10-11,033270,유나이티드제약,정식A,실행,10,비체인,False,,-5.0,손절
2018-10-11,208640,썸에이지,S2-α,실행,10,비체인,False,,7.87610619469025,목표
2018-10-11,002630,오리엔트바이오,S2-α,실행,10,비체인,False,,-5.71428571428572,트레일
2018-10-11,035890,서희건설,S2-α,실행,10,비체인,False,,8.82352941176469,목표
2018-10-11,138360,앤로보틱스,S2-α,실행,10,체인,False,,11.574074074074069,목표
2018-10-11,007630,007630,정식A,실행,10,,False,,-5.00000000000001,손절
2018-10-11,002100,경농,S2-α,실행,10,비체인,True,,7.736063708759939,목표
2018-10-11,011760,현대코퍼레이션,정식A,실행,10,비체인,False,,-0.70943396226414,트레일
2018-10-11,218410,RFHIC,S2-α,실행,10,체인,False,,8.294392523364479,목표
2018-10-11,042370,비츠로테크,S2-α,실행,10,비체인,True,,10.2,목표
2018-10-11,064550,바이오니아,S2-α,실행,10,비체인,False,,-6.74594594594594,손절
2018-10-11,000720,현대건설,정식A,실행,10,비체인,False,,-5.52875695732838,손절
2018-10-11,002150,도화엔지니어링,S2-α,실행,10,비체인,True,,12.12121212121211,목표
2018-10-11,028100,동아지질,S2-α,실행,10,비체인,False,,-5.23076923076922,트레일
2018-10-11,003410,003410,정식A,실행,10,,True,,-6.55999999999999,트레일
2018-10-11,068400,068400,S2-α,실행,10,,False,,7.39299610894941,목표
2018-10-11,012610,경인양행,S2-α,실행,10,비체인,False,,7.16981132075471,목표
2018-10-11,183190,아세아시멘트,정식A,실행,10,비체인,True,,-5.495652173913039,트레일
2018-10-11,064350,현대로템,S2-α,실행,10,비체인,False,,-1.0434782608695599,트레일
2018-10-12,042370,비츠로테크,S2-α,실행,10,비체인,True,,7.62599469496021,목표
2018-10-16,090350,노루페인트,S2-α,실행,10,비체인,True,,-7.05353535353536,손절
2018-10-23,008970,KBI동양철관,S2-α,실행,10,비체인,False,,-6.636684782608699,손절
2018-10-24,083640,인콘,S2-α,실행,10,비체인,False,,-6.79729729729731,손절
2018-10-24,227840,현대코퍼레이션홀딩스,정식A,실행,10,비체인,False,,-6.14443005181347,손절
2018-10-24,078600,대주전자재료,정식A,실행,10,체인,False,,-5.01280323450135,손절
2018-10-24,131390,131390,S2-α,실행,10,,False,,-6.19747899159663,손절
2018-10-24,033180,033180,정식A,실행,10,,False,,-5.39748953974895,손절
2018-10-24,102210,102210,S2-α,실행,10,,False,,-6.641468682505421,손절
2018-10-24,090370,메타랩스,S2-α,실행,10,비체인,False,,-6.917512371726869,손절
2018-10-24,166480,코아스템켐온,S2-α,실행,10,비체인,False,,-5.73929961089494,손절
2018-10-24,263720,디앤씨미디어,S2-α,실행,10,비체인,False,,-6.63670411985019,손절
2018-10-25,012510,012510,정식A,실행,10,비체인,False,,6.8807339449541205,목표
2018-10-25,061970,LB세미콘,S2-α,실행,10,체인,False,,-6.11995701058202,손절
2018-10-25,003580,HLB글로벌,S2-α,실행,10,비체인,False,,-9.35338345864661,트레일
2018-10-25,054780,키이스트,S2-α,실행,10,비체인,False,,-8.01342281879193,트레일
2018-10-25,007700,F&F홀딩스,정식A,실행,10,비체인,False,,-8.60344827586206,손절
2018-10-25,227840,현대코퍼레이션홀딩스,정식A,실행,10,비체인,False,,-7.065217391304341,손절
2018-10-26,011690,와이투솔루션,정식A,실행,10,체인,False,,-5.1374819102749605,손절
2018-10-26,000520,삼일제약,S2-α,실행,10,비체인,False,,-8.2033536585366,손절
2018-10-29,006490,프리티,정식A,실행,10,비체인,False,,-6.00706713780918,손절
2018-10-29,067160,SOOP,정식A,실행,10,비체인,False,,6.83391003460207,목표
2018-10-29,005690,파미셀,정식A,실행,10,체인,False,,-5.0,손절
2018-10-29,264450,유비쿼스,S2-α,실행,10,체인,False,,7.2953736654804295,목표
2018-10-29,006390,006390,정식A,실행,10,,False,,9.09752547307132,목표
2018-10-29,035510,신세계 I&C,S2-α,실행,10,비체인,False,,-6.18257261410789,손절
2018-10-29,127160,127160,정식A,실행,10,,False,,-5.8114278376990205,손절
2018-10-29,054780,키이스트,S2-α,실행,10,비체인,False,,10.81632653061224,목표
2018-10-29,004980,성신양회,정식A,실행,10,비체인,False,,7.391304347826081,목표
2018-10-29,045390,대아티아이,정식A,실행,10,비체인,False,,10.384615384615389,목표
2018-10-29,002100,경농,S2-α,실행,10,비체인,True,,-6.26442873969376,손절
2018-10-29,000520,삼일제약,S2-α,실행,10,비체인,False,,12.06896551724137,목표
2018-10-29,048410,현대바이오,정식A,실행,10,비체인,False,,6.93069306930693,목표
2018-11-12,031390,031390,정식A,실행,11,,False,,7.225433526011569,목표
2018-11-12,028300,HLB,정식A,실행,11,비체인,False,,10.872313527180811,목표
2018-11-16,002310,아세아제지,정식A,실행,11,비체인,True,,8.34710743801652,목표
2018-11-16,052400,코나아이,S2-α,실행,11,비체인,False,,-5.8016877637131,손절
2018-11-16,243840,신흥에스이씨,S2-α,실행,11,체인,False,,-5.0958904109589,트레일
2018-11-23,020150,롯데에너지머티리얼즈,정식A,실행,11,체인,False,,-7.2039072039072005,손절
2018-12-17,000250,삼천당제약,정식A,실행,12,비체인,False,,-6.4032476319350495,트레일
2018-12-28,004800,효성,정식A,실행,12,비체인,True,,-5.2849999999999895,손절
2019-01-04,002390,한독,정식A,실행,1,비체인,False,,7.589285714285721,목표
2019-01-11,033180,033180,정식A,실행,1,,False,,-8.08175403225807,손절
2019-03-04,064350,현대로템,정식A,실행,3,비체인,False,,-5.1975051975051905,손절
2019-03-04,000720,현대건설,정식A,실행,3,비체인,False,,-5.34990791896868,손절
2019-03-04,017800,현대엘리베이터,정식A,실행,3,체인,False,,-7.001108647450111,손절
2019-03-04,038500,삼표시멘트,정식A,실행,3,비체인,True,,-8.212560386473431,손절
2019-03-04,007720,소노스퀘어,S2-α,실행,3,비체인,False,,-5.0,손절
2019-03-04,011760,현대코퍼레이션,정식A,실행,3,비체인,True,,-6.28626692456479,손절
2019-03-04,045390,대아티아이,정식A,실행,3,비체인,False,,-10.9290780141844,손절
2019-03-04,004980,성신양회,S2-α,실행,3,비체인,True,,-1.84615384615384,트레일
2019-03-04,070960,모나용평,S2-α,실행,3,비체인,False,,-8.3894472361809,손절
2019-03-04,006390,006390,정식A,실행,3,,False,,-7.57894736842105,트레일
2019-03-07,007110,일신석재,S2-α,실행,3,비체인,False,,-5.85152838427948,트레일
2019-03-07,011690,와이투솔루션,정식A,실행,3,체인,False,,-8.63990740740741,손절
2019-03-08,011690,와이투솔루션,정식A,실행,3,체인,False,,-0.94358974358974,트레일
2019-03-12,122870,와이지엔터테인먼트,정식A,실행,3,비체인,False,,-6.23955431754874,트레일
2019-03-12,067390,아스트,S2-α,실행,3,비체인,False,,-6.07547169811321,손절
2019-03-25,141080,리가켐바이오,S2-α,실행,3,비체인,False,,7.79727095516569,목표
2019-03-29,041960,코미팜,정식A,실행,3,비체인,False,,-6.44880174291938,손절
2019-04-08,016380,KG스틸,S2-α,실행,4,비체인,False,,-5.0,손절
2019-04-25,238090,앤디포스,S2-α,실행,4,비체인,False,,7.3999999999999995,목표
2019-05-09,213420,덕산네오룩스,정식A,실행,5,체인,False,성장,-5.0,손절
2019-05-13,003090,대웅,S2-α,실행,5,비체인,False,,-6.22950819672131,트레일
2019-05-13,217270,넵튠,S2-α,실행,5,비체인,True,,-6.6450216450216395,손절
2019-05-14,217270,넵튠,S2-α,실행,5,비체인,True,,-6.76744186046511,손절
2019-05-15,225570,넥슨게임즈,S2-α,실행,5,비체인,False,,14.338235294117641,목표
2019-05-17,002310,아세아제지,S2-α,실행,5,비체인,False,성장,-7.33850129198966,트레일
2019-05-17,138690,138690,S2-α,실행,5,,False,성장,-7.98351990049751,손절
2019-05-17,281820,케이씨텍,정식A,실행,5,체인,False,,-5.99650349650349,손절
2019-05-20,218410,RFHIC,S2-α,실행,5,체인,False,,-7.7701252236136,손절
2019-05-21,218410,RFHIC,S2-α,실행,5,체인,False,,-7.44547134935305,트레일
2019-05-24,112040,위메이드,정식A,실행,5,비체인,False,,-8.13936781609195,손절
2019-05-27,112040,위메이드,정식A,실행,5,비체인,False,,-7.98823529411764,트레일
2019-05-27,089600,KT나스미디어,S2-α,실행,5,비체인,False,,-6.87790697674418,손절
2019-05-28,023590,다우기술,정식A,실행,5,비체인,False,성장,10.3960396039604,목표
2019-05-28,016380,KG스틸,S2-α,실행,5,비체인,False,비성장,-7.3693853427896,손절
2019-05-29,016380,KG스틸,S2-α,실행,5,비체인,False,비성장,13.694267515923569,목표
2019-05-30,009240,한샘,정식A,실행,5,비체인,False,비성장,-6.80642144638403,손절
2019-06-07,041960,코미팜,정식A,실행,6,비체인,False,비성장,-5.4671617161716295,손절
2019-06-17,192400,쿠쿠홀딩스,S2-α,실행,6,비체인,True,비성장,-7.056208053691281,손절
2019-06-18,002210,동성제약,정식A,실행,6,비체인,False,비성장,7.12560386473428,목표
2019-06-24,002320,한진,정식A,실행,6,비체인,True,비성장,7.214285714285699,목표
2019-07-08,078150,HB테크놀러지,S2-α,실행,7,체인,False,성장,-7.443729903536971,손절
2019-07-08,095610,테스,정식A,실행,7,체인,True,성장,9.26573426573427,목표
2019-07-09,070960,모나용평,정식A,실행,7,비체인,False,,7.07282913165265,목표
2019-07-09,003070,코오롱글로벌,S2-α,실행,7,비체인,True,비성장,-6.85209713024281,트레일
2019-07-09,039440,에스티아이,S2-α,실행,7,체인,False,성장,11.20331950207469,목표
2019-07-09,002100,경농,S2-α,실행,7,비체인,False,비성장,8.13559322033898,목표
2019-07-09,000990,DB하이텍,정식A,실행,7,체인,True,비성장,8.39694656488549,목표
2019-07-18,039560,다산네트웍스,정식A,실행,7,체인,False,성장,-5.82717678100265,손절
2019-07-18,237880,클리오,정식A,실행,7,비체인,False,,7.428571428571421,목표
2019-07-26,263920,휴엠앤씨,S2-α,실행,7,비체인,False,,-7.85,손절
2019-07-29,074610,이엔플러스,S2-α,실행,7,체인,False,성장,-5.0,손절
2019-07-29,002150,도화엔지니어링,정식A,실행,7,비체인,False,,-5.0,손절
2019-07-30,074610,이엔플러스,S2-α,실행,7,체인,False,성장,-9.29300291545189,손절
2019-08-05,123860,아나패스,S2-α,실행,8,체인,False,비성장,-7.01271186440678,손절
2019-08-06,218410,RFHIC,정식A,실행,8,체인,False,,7.3999999999999995,목표
2019-08-06,007110,일신석재,S2-α,실행,8,비체인,False,성장,8.459869848156181,목표
2019-08-06,081000,일진다이아,정식A,실행,8,비체인,False,비성장,9.86964618249535,목표
2019-08-06,047310,파워로직스,정식A,실행,8,비체인,False,성장,7.47126436781608,목표
2019-08-06,023900,풍국주정,S2-α,실행,8,비체인,False,비성장,9.009009009009,목표
2019-08-06,178320,서진시스템,S2-α,실행,8,비체인,False,,7.98122065727697,목표
2019-08-06,230240,에치에프알,S2-α,실행,8,체인,False,,7.02005730659025,목표
2019-08-06,237880,클리오,정식A,실행,8,비체인,False,,6.91823899371069,목표
2019-08-06,123860,아나패스,S2-α,실행,8,체인,False,비성장,12.1590909090909,목표
2019-08-06,095610,테스,정식A,실행,8,체인,True,성장,7.61245674740485,목표
2019-08-12,200130,콜마비앤에이치,정식A,실행,8,비체인,False,성장,-6.17283950617284,손절
2019-08-16,159580,제로투세븐,S2-α,실행,8,비체인,False,비성장,-5.78260869565216,트레일
2019-08-19,001630,종근당홀딩스,S2-α,실행,8,비체인,False,성장,8.91148325358852,목표
2019-08-19,025540,한국단자,정식A,실행,8,비체인,False,비성장,-8.95833333333333,손절
2019-09-10,238090,앤디포스,S2-α,실행,9,비체인,False,,-5.15181644391029,손절
2019-10-07,225570,넥슨게임즈,S2-α,실행,10,비체인,False,,7.71144278606965,목표
2019-10-07,002100,경농,정식A,실행,10,비체인,False,비성장,-6.433962264150931,손절
2019-10-07,009270,신원,S2-α,실행,10,비체인,False,비성장,-4.2919708029197,트레일
2019-10-08,009270,신원,S2-α,실행,10,비체인,False,비성장,-5.44230769230769,트레일
2020-01-30,007570,일양약품,정식A,실행,1,비체인,False,성장,-6.75925925925925,손절
2020-01-30,011210,현대위아,정식A,실행,1,비체인,True,비성장,-5.6770833333333295,손절
2020-01-30,003060,에이프로젠바이오로직스,정식A,실행,1,비체인,False,비성장,-9.16689655172412,손절
2020-01-31,003060,에이프로젠바이오로직스,정식A,실행,1,비체인,False,비성장,-5.87748091603054,손절
2020-01-31,011210,현대위아,정식A,실행,1,비체인,True,비성장,-5.0,손절
2020-02-03,059090,미코,S2-α,실행,2,체인,False,성장,10.726950354609931,목표
2020-02-03,007460,에이프로젠,정식A,실행,2,비체인,False,비성장,7.41869918699187,목표
2020-02-03,003060,에이프로젠바이오로직스,정식A,실행,2,비체인,False,비성장,7.76892430278883,목표
2020-02-24,179900,유티아이,S2-α,실행,2,체인,False,,-5.593749999999989,손절
2020-02-24,206640,바디텍메드,정식A,실행,2,비체인,False,성장,7.906976744186051,목표
2020-02-24,060570,드림어스컴퍼니,정식A,실행,2,비체인,False,성장,-6.03751857355127,손절
2020-02-27,054780,키이스트,S2-α,실행,2,비체인,False,비성장,-10.054,손절
2020-02-28,232140,와이씨,S2-α,실행,2,체인,True,,8.23615160349853,목표
2020-02-28,044340,위닉스,정식A,실행,2,비체인,False,성장,-5.65943600867678,손절
2020-02-28,039440,에스티아이,S2-α,실행,2,체인,False,성장,7.92682926829269,목표
2020-02-28,189300,인텔리안테크,S2-α,실행,2,체인,False,,11.92109777015437,목표
2020-02-28,051370,인터플렉스,S2-α,실행,2,체인,False,비성장,8.196721311475411,목표
2020-02-28,046890,서울반도체,정식A,실행,2,체인,False,비성장,7.023411371237449,목표
2020-02-28,088800,에이스테크,S2-α,실행,2,체인,False,비성장,7.470511140235909,목표
2020-02-28,078070,유비쿼스홀딩스,정식A,실행,2,비체인,False,비성장,7.5809199318569,목표
2020-02-28,265520,AP시스템,정식A,실행,2,체인,False,,7.20973782771534,목표
2020-03-02,108230,톱텍,정식A,실행,3,체인,False,성장,-0.96463022508038,트레일
2020-03-04,041960,코미팜,정식A,실행,3,비체인,False,비성장,7.82967032967032,목표
2020-03-09,122870,와이지엔터테인먼트,정식A,실행,3,비체인,False,성장,-6.51394422310757,손절
2020-03-09,232140,와이씨,S2-α,실행,3,체인,True,,-4.83881064162754,트레일
2020-03-11,048530,인트론바이오,정식A,실행,3,비체인,False,성장,-7.32653061224489,손절
2020-03-12,140410,메지온,정식A,실행,3,비체인,False,,-6.14000000000001,손절
2020-03-12,095660,네오위즈,정식A,실행,3,비체인,False,비성장,-8.58435582822085,손절
2020-03-12,089030,테크윙,S2-α,실행,3,체인,False,성장,-7.192667322834639,손절
2020-03-12,034120,SBS,정식A,실행,3,비체인,True,,-8.17548746518106,손절
2020-03-12,214450,파마리서치,정식A,실행,3,비체인,False,성장,-6.01604278074866,손절
2020-03-12,086390,유니테스트,S2-α,실행,3,체인,True,성장,-7.95719844357977,손절
2020-03-12,026890,스틱인베스트먼트,정식A,실행,3,비체인,False,비성장,-9.72373617693522,손절
2020-03-12,068240,다원시스,정식A,실행,3,비체인,False,성장,-6.00352112676055,손절
2020-03-12,074600,원익QnC,정식A,실행,3,비체인,False,성장,-6.78735177865612,손절
2020-03-12,039200,오스코텍,정식A,실행,3,비체인,False,비성장,-8.212560386473431,손절
2020-03-12,050110,캠시스,S2-α,실행,3,체인,False,성장,-8.007448789571681,손절
2020-03-12,003000,부광약품,정식A,실행,3,비체인,True,성장,-6.10858386075949,손절
2020-03-12,036030,케이티알파,S2-α,실행,3,비체인,False,성장,-7.49999999999999,손절
2020-03-12,166090,하나머티리얼즈,정식A,실행,3,체인,False,,-8.554421768707481,손절
2020-03-12,084680,이월드,정식A,실행,3,비체인,False,성장,-7.89812302125734,손절
2020-03-12,039030,이오테크닉스,정식A,실행,3,체인,False,비성장,-15.103591160220988,손절
2020-03-12,183300,코미코,S2-α,실행,3,체인,False,,-6.61583789537713,손절
2020-03-12,089010,켐트로닉스,S2-α,실행,3,비체인,False,비성장,-6.54471544715447,손절
2020-03-12,040910,아이씨디,S2-α,실행,3,체인,False,성장,-10.509999999999991,손절
2020-03-12,001820,삼화콘덴서,정식A,실행,3,체인,False,성장,-6.12375745526838,손절
2020-03-13,214450,파마리서치,정식A,실행,3,비체인,False,성장,-9.62836879432623,트레일
2020-03-13,240810,원익IPS,정식A,실행,3,체인,False,,-5.8566037735849,트레일
2020-03-13,050890,쏠리드,S2-α,실행,3,체인,False,비성장,-8.70216962524654,트레일
2020-03-13,232140,와이씨,S2-α,실행,3,체인,True,,-8.44117647058823,트레일
2020-03-13,195870,해성디에스,S2-α,실행,3,체인,False,,-10.7106227106227,트레일
2020-03-13,008350,남선알미늄,정식A,실행,3,비체인,False,비성장,8.16176470588234,목표
2020-03-13,236200,슈프리마,S2-α,실행,3,체인,False,,-9.7921146953405,트레일
2020-03-13,095610,테스,정식A,실행,3,체인,False,성장,-6.77002583979328,트레일
2020-03-13,089030,테크윙,S2-α,실행,3,체인,False,성장,-5.20171673819742,트레일
2020-03-13,007810,코리아써키트,S2-α,실행,3,체인,False,비성장,-8.964970059880251,손절
2020-03-13,084680,이월드,정식A,실행,3,비체인,False,성장,-5.94011976047904,트레일
2020-03-13,032500,케이엠더블유,정식A,실행,3,체인,False,성장,-6.51270207852193,트레일
2020-03-13,131390,131390,S2-α,실행,3,,False,성장,-14.870129870129862,손절
2020-03-13,003060,에이프로젠바이오로직스,정식A,실행,3,비체인,False,비성장,-5.417322834645661,트레일
2020-03-13,285130,SK케미칼,정식A,실행,3,비체인,False,,7.04761904761905,목표
2020-03-13,001820,삼화콘덴서,정식A,실행,3,체인,False,성장,-7.59999999999999,트레일
2020-03-13,074600,원익QnC,정식A,실행,3,비체인,False,성장,-7.96666666666666,트레일
2020-03-13,237880,클리오,정식A,실행,3,비체인,False,,-5.7994579945799405,트레일
2020-03-13,050110,캠시스,S2-α,실행,3,체인,False,성장,-5.22664015904573,손절
2020-03-13,176440,176440,S2-α,실행,3,,False,,-7.13567839195979,트레일
2020-03-13,268600,268600,정식A,실행,3,,False,,-11.170624640184219,손절
2020-03-13,035600,KG이니시스,정식A,실행,3,비체인,False,성장,-8.32154340836013,트레일
2020-03-13,095660,네오위즈,정식A,실행,3,비체인,False,비성장,-5.25333333333333,트레일
2020-03-13,052400,코나아이,S2-α,실행,3,비체인,False,비성장,-6.25429553264604,트레일
2020-03-13,089010,켐트로닉스,S2-α,실행,3,비체인,False,비성장,-7.71681415929204,트레일
2020-03-13,102710,이엔에프테크놀로지,S2-α,실행,3,비체인,False,성장,-5.1533180778032,트레일
2020-03-13,078130,국일제지,정식A,실행,3,비체인,False,비성장,-6.17421602787455,트레일
2020-03-13,111710,남화산업,S2-α,실행,3,비체인,False,,-5.77777777777778,트레일
2020-03-16,111710,남화산업,S2-α,실행,3,비체인,False,,-5.0,손절
2020-03-16,011790,SKC,정식A,실행,3,비체인,False,비성장,-5.0,손절
2020-03-16,176440,176440,S2-α,실행,3,,False,,-6.21173469387754,손절
2020-03-16,035600,KG이니시스,정식A,실행,3,비체인,False,성장,-5.0,손절
2020-03-16,161580,필옵틱스,S2-α,실행,3,체인,False,,-9.29230769230768,트레일
2020-03-16,097520,엠씨넥스,정식A,실행,3,비체인,False,성장,-5.22828096118299,손절
2020-03-16,040910,아이씨디,S2-α,실행,3,체인,False,성장,-5.0,손절
2020-03-16,263720,디앤씨미디어,S2-α,실행,3,비체인,False,,-7.448275862068959,트레일
2020-03-16,026890,스틱인베스트먼트,정식A,실행,3,비체인,False,비성장,-5.0,손절
2020-03-16,206640,바디텍메드,S2-α,실행,3,비체인,False,성장,11.21951219512196,목표
2020-03-16,078130,국일제지,정식A,실행,3,비체인,False,비성장,-6.21089440504334,손절
2020-03-16,082270,젬백스,S2-α,실행,3,체인,False,비성장,10.0,목표
2020-03-16,222800,심텍,S2-α,실행,3,체인,False,성장,8.29411764705883,목표
2020-03-16,237690,에스티팜,정식A,실행,3,비체인,False,,15.82969432314409,목표
2020-03-16,008350,남선알미늄,정식A,실행,3,비체인,False,비성장,-5.0,손절
2020-03-16,268600,268600,정식A,실행,3,,False,,-6.26666666666668,손절
2020-03-16,000990,DB하이텍,정식A,실행,3,체인,False,비성장,-5.676781002638521,손절
2020-03-16,007810,코리아써키트,S2-α,실행,3,체인,False,비성장,-5.0,손절
2020-03-17,000250,삼천당제약,정식A,실행,3,비체인,False,비성장,-10.97076023391813,트레일
2020-03-19,213420,덕산네오룩스,정식A,실행,3,체인,False,성장,22.584541062801918,목표
2020-03-19,086450,동국제약,정식A,실행,3,비체인,False,성장,8.81913303437966,목표
2020-03-19,082270,젬백스,정식A,실행,3,체인,False,비성장,-8.8974358974359,손절
2020-03-19,028300,HLB,정식A,실행,3,비체인,False,비성장,6.8688118811881,목표
2020-03-19,060720,KH바텍,정식A,실행,3,체인,False,비성장,18.359375,목표
2020-03-19,006280,녹십자,정식A,실행,3,비체인,False,비성장,7.65765765765766,목표
2020-03-19,207940,삼성바이오로직스,정식A,실행,3,비체인,False,,7.035519125683069,목표
2020-03-19,097520,엠씨넥스,정식A,실행,3,비체인,False,성장,-5.07234042553191,트레일
2020-03-19,131970,두산테스나,정식A,실행,3,체인,False,성장,-3.77391304347826,트레일
2020-03-19,006405,삼성SDI우,S2-α,실행,3,비체인,False,,14.69408224674022,목표
2020-03-19,091990,091990,정식A,실행,3,,False,,7.6048951048951,목표
2020-03-19,003800,에이스침대,정식A,실행,3,비체인,True,비성장,8.125,목표
2020-04-02,068270,셀트리온,정식A,실행,4,비체인,False,성장,8.7179487179487,목표
2020-04-02,174900,앱클론,정식A,실행,4,비체인,False,,9.79567307692306,목표
2020-04-03,101530,해태제과식품,S2-α,실행,4,비체인,True,,-7.79411764705881,손절
2020-04-03,005180,빙그레,정식A,실행,4,비체인,True,비성장,9.73282442748091,목표
2020-04-08,009460,한창제지,S2-α,실행,4,비체인,False,비성장,-5.0,손절
2020-04-09,009460,한창제지,S2-α,실행,4,비체인,False,비성장,-9.79797979797981,손절
2020-04-10,016250,SGC E&C,S2-α,실행,4,비체인,True,성장,-5.2026887690355395,손절
2020-04-13,016250,SGC E&C,S2-α,실행,4,비체인,True,성장,7.475994513031551,목표
2020-04-13,200230,텔콘RF제약,정식A,실행,4,비체인,False,성장,6.9200779727095405,목표
2020-04-21,003060,에이프로젠바이오로직스,정식A,실행,4,비체인,False,비성장,12.404580152671759,목표
2020-04-21,082270,젬백스,S2-α,실행,4,체인,False,비성장,7.218683651804669,목표
2020-04-27,016380,KG스틸,정식A,실행,4,비체인,False,비성장,10.20408163265305,목표
2020-04-28,016380,KG스틸,정식A,실행,4,비체인,False,비성장,12.666666666666671,목표
2020-05-12,025980,아난티,정식A,실행,5,비체인,False,비성장,-5.77358490566037,트레일
2020-05-27,138250,138250,S2-α,실행,5,,True,비성장,6.95564516129032,목표
2020-05-29,001520,동양,정식A,실행,5,비체인,True,비성장,-5.89020979020977,손절
2020-06-12,035810,이지홀딩스,S2-α,실행,6,비체인,True,비성장,-8.48276378896881,손절
2020-06-15,042660,한화오션,정식A,실행,6,비체인,True,비성장,7.69230769230768,목표
2020-06-15,039560,다산네트웍스,S2-α,실행,6,체인,False,성장,8.51370851370851,목표
2020-06-15,074600,원익QnC,정식A,실행,6,비체인,False,성장,7.949790794979079,목표
2020-06-15,041190,우리기술투자,S2-α,실행,6,비체인,False,,9.876543209876539,목표
2020-06-15,097520,엠씨넥스,정식A,실행,6,비체인,True,성장,7.401032702237529,목표
2020-06-15,082270,젬백스,정식A,실행,6,체인,False,비성장,7.66423357664234,목표
2020-06-15,078160,메디포스트,정식A,실행,6,비체인,False,성장,8.833922261484089,목표
2020-06-15,066970,엘앤에프,정식A,실행,6,체인,False,비성장,9.33806146572104,목표
2020-06-15,079980,휴비스,S2-α,실행,6,비체인,True,비성장,6.8576388888888795,목표
2020-06-15,006650,대한유화,정식A,실행,6,비체인,True,성장,7.042253521126749,목표
2020-06-15,035810,이지홀딩스,S2-α,실행,6,비체인,True,비성장,12.244897959183659,목표
2020-06-15,042670,042670,정식A,실행,6,,True,성장,6.94444444444444,목표
2020-06-15,900140,엘브이엠씨홀딩스,S2-α,실행,6,비체인,False,,7.71683673469387,목표
2020-06-15,095610,테스,정식A,실행,6,체인,False,비성장,7.487309644670059,목표
2020-06-15,003220,대원제약,정식A,실행,6,비체인,False,성장,7.357357357357359,목표
2020-06-15,005420,코스모화학,S2-α,실행,6,비체인,False,성장,7.86082474226803,목표
2020-06-15,007810,코리아써키트,S2-α,실행,6,체인,True,비성장,7.35455543358947,목표
2020-06-15,232140,와이씨,S2-α,실행,6,체인,False,,7.41666666666667,목표
2020-06-15,115450,HLB테라퓨틱스,정식A,실행,6,비체인,False,성장,7.6559546313799505,목표
2020-06-15,030530,원익홀딩스,정식A,실행,6,비체인,True,성장,8.11298076923077,목표
2020-06-15,112040,위메이드,정식A,실행,6,비체인,False,,7.27739726027396,목표
2020-06-15,230240,에치에프알,S2-α,실행,6,체인,False,,8.73544093178035,목표
2020-06-15,222800,심텍,정식A,실행,6,체인,False,성장,8.5427135678392,목표
2020-06-15,001230,동국홀딩스,정식A,실행,6,비체인,True,비성장,14.72602739726025,목표
2020-06-15,243840,신흥에스이씨,S2-α,실행,6,체인,False,,6.986301369863,목표
2020-06-15,200670,휴메딕스,S2-α,실행,6,비체인,True,성장,8.024691358024679,목표
2020-06-15,010170,대한광통신,S2-α,실행,6,비체인,False,성장,7.4746008708272695,목표
2020-06-15,010140,삼성중공업,정식A,실행,6,비체인,True,비성장,7.27272727272727,목표
2020-06-16,950180,950180,정식A,실행,6,,False,,-7.65527950310559,손절
2020-06-26,298050,HS효성첨단소재,S2-α,실행,6,비체인,False,,10.044642857142861,목표
2020-06-29,234080,JW생명과학,S2-α,실행,6,비체인,True,성장,-5.0,손절
2020-08-20,161390,한국타이어앤테크놀로지,정식A,실행,8,비체인,True,비성장,8.117443868739201,목표
2020-08-20,037070,파세코,S2-α,실행,8,비체인,False,성장,-6.62008733624454,트레일
2021-01-29,097780,에코볼트,정식A,실행,1,비체인,False,비성장,9.83333333333333,목표
2021-01-29,026890,스틱인베스트먼트,정식A,실행,1,비체인,False,비성장,7.99086757990867,목표
2021-01-29,308170,씨티알모빌리티,S2-α,실행,1,비체인,False,,7.6086956521739,목표
2021-01-29,100130,동국S&C,S2-α,실행,1,비체인,False,비성장,6.899224806201549,목표
2021-02-24,082800,비보존 제약,S2-α,실행,2,비체인,False,비성장,-4.99999999999999,손절
2021-02-24,054780,키이스트,S2-α,실행,2,비체인,False,비성장,7.11743772241992,목표
2021-02-24,200670,휴메딕스,S2-α,실행,2,비체인,True,성장,11.11111111111111,목표
2021-03-08,065660,안트로젠,정식A,실행,3,비체인,False,비성장,-5.37848605577688,손절
2021-03-09,175250,아이큐어,정식A,실행,3,비체인,False,,-6.45673603504929,손절
2021-03-09,111710,남화산업,S2-α,실행,3,비체인,False,,-5.87155963302752,손절
2021-03-09,185750,종근당,정식A,실행,3,비체인,False,성장,9.06249999999999,목표
2021-03-09,288330,파라택시스코리아,S2-α,실행,3,체인,False,,6.90298507462685,목표
2021-03-10,220100,퓨쳐켐,S2-α,실행,3,비체인,False,성장,7.49999999999999,목표
2021-03-10,049950,미래컴퍼니,정식A,실행,3,체인,False,비성장,8.137715179968701,목표
2021-03-11,217600,217600,S2-α,실행,3,,False,,6.94444444444444,목표
2021-03-19,185750,종근당,정식A,실행,3,비체인,False,성장,-6.25,손절
2021-03-19,28513K,SK케미칼우,S2-α,실행,3,비체인,False,,-7.099188988095221,손절
2021-03-19,214390,경보제약,S2-α,실행,3,비체인,False,비성장,15.18218623481781,목표
2021-03-22,28513K,SK케미칼우,S2-α,실행,3,비체인,False,,-5.3639846743295,손절
2021-03-23,078590,휴림에이텍,정식A,실행,3,비체인,False,성장,7.776349614395881,목표
2021-03-24,053800,안랩,정식A,실행,3,비체인,False,비성장,10.22544283413848,목표
2021-03-24,002630,오리엔트바이오,S2-α,실행,3,비체인,False,비성장,-5.32591240875913,손절
2021-10-06,084110,휴온스글로벌,정식A,실행,10,비체인,False,성장,-6.79780876494023,손절
2021-10-06,205470,휴마시스,정식A,실행,10,비체인,False,성장,8.79999999999998,목표
2021-10-06,047920,HLB제약,정식A,실행,10,비체인,False,성장,7.10382513661203,목표
2021-10-06,004720,팜젠사이언스,S2-α,실행,10,비체인,False,성장,9.46601941747573,목표
2021-10-06,053290,NE능률,S2-α,실행,10,비체인,False,성장,7.17391304347825,목표
2021-10-06,047820,초록뱀미디어,정식A,실행,10,비체인,False,비성장,8.54700854700856,목표
2021-10-06,025950,동신건설,정식A,실행,10,비체인,False,비성장,10.5510752688172,목표
2021-10-06,002900,TYM,정식A,실행,10,체인,False,성장,11.58854166666667,목표
2021-10-06,200670,휴메딕스,정식A,실행,10,비체인,False,성장,7.962328767123281,목표
2021-10-06,036200,유니셈,정식A,실행,10,체인,False,비성장,6.9506726457399095,목표
2021-10-06,035810,이지홀딩스,정식A,실행,10,비체인,True,비성장,-4.2,트레일
2021-10-06,033830,티비씨,S2-α,실행,10,비체인,False,비성장,17.281879194630857,목표
2021-10-06,299660,셀리드,정식A,실행,10,비체인,False,,11.52173913043477,목표
2021-10-06,032300,한국파마,정식A,실행,10,비체인,False,,9.49895615866387,목표
2021-10-06,049180,셀루메드,정식A,실행,10,비체인,False,성장,9.22693266832916,목표
2021-10-06,086890,이수앱지스,정식A,실행,10,비체인,False,성장,10.22727272727272,목표
2021-10-27,009240,한샘,정식A,실행,10,비체인,False,비성장,-5.46798029556649,손절
2021-11-30,035080,그래디언트,정식A,실행,11,비체인,False,비성장,7.39219712525667,목표
2021-11-30,010690,화신,S2-α,실행,11,비체인,False,비성장,7.93333333333332,목표
2021-11-30,032820,우리기술,S2-α,실행,11,비체인,False,성장,7.23270440251573,목표
2021-11-30,034020,두산에너빌리티,정식A,실행,11,체인,False,비성장,10.65789473684211,목표
2021-12-01,014160,대영포장,S2-α,실행,12,비체인,False,비성장,6.99588477366255,목표
2021-12-02,096530,씨젠,정식A,실행,12,비체인,True,성장,7.08898944193061,목표
2021-12-07,060570,드림어스컴퍼니,S2-α,실행,12,비체인,False,성장,7.3905109489051,목표
2021-12-07,041140,041140,정식A,실행,12,,False,비성장,8.0223880597015,목표
2021-12-14,007390,네이처셀,정식A,실행,12,비체인,False,비성장,-5.98855667627282,손절
2022-01-17,145720,덴티움,정식A,실행,1,비체인,False,성장,-5.84300341296928,트레일
2022-01-17,226330,신테카바이오,S2-α,실행,1,비체인,False,,7.87781350482315,목표
2022-01-24,003580,HLB글로벌,정식A,실행,1,비체인,False,성장,-6.4319406392694,손절
2022-01-24,086520,에코프로,정식A,실행,1,비체인,False,성장,-6.294457274826799,손절
2022-01-25,058630,엠게임,S2-α,실행,1,비체인,False,,-5.0,손절
2022-01-25,003580,HLB글로벌,정식A,실행,1,비체인,False,성장,-6.11111111111111,손절
2022-01-25,226330,신테카바이오,S2-α,실행,1,비체인,False,,-5.98561151079136,트레일
2022-01-25,089890,코세스,S2-α,실행,1,체인,False,성장,-6.19066666666667,손절
2022-01-25,063170,서울옥션,S2-α,실행,1,비체인,False,비성장,-4.26373626373626,트레일
2022-01-25,026150,특수건설,S2-α,실행,1,비체인,False,성장,-6.38349514563106,손절
2022-01-25,020120,키다리스튜디오,정식A,실행,1,비체인,False,성장,-5.0,손절
2022-01-25,048550,SM C&C,정식A,실행,1,비체인,False,성장,-5.92233009708738,손절
2022-01-25,011500,한농화성,S2-α,실행,1,비체인,False,비성장,-6.58333333333333,손절
2022-01-25,241690,유니테크노,S2-α,실행,1,비체인,False,비성장,-5.00998928104577,손절
2022-01-25,086980,쇼박스,정식A,실행,1,비체인,False,비성장,-5.6195652173913,손절
2022-01-26,100130,동국S&C,정식A,실행,1,비체인,False,비성장,7.5354609929078,목표
2022-01-27,000680,LS네트웍스,S2-α,실행,1,비체인,True,비성장,7.70925110132159,목표
2022-01-27,247540,에코프로비엠,정식A,실행,1,체인,False,,-8.932842686292549,손절
2022-01-27,080420,모다이노칩,S2-α,실행,1,비체인,False,성장,11.11111111111111,목표
2022-01-28,095660,네오위즈,정식A,실행,1,비체인,False,성장,7.30994152046784,목표
2022-02-07,057880,057880,S2-α,실행,2,,False,성장,-6.642651296829969,손절
2022-02-10,336370,솔루스첨단소재,정식A,실행,2,체인,False,,-6.2500000000000195,손절
2022-02-11,003220,대원제약,정식A,실행,2,비체인,False,비성장,8.38235294117646,목표
2022-02-11,336370,솔루스첨단소재,정식A,실행,2,체인,False,,7.179487179487171,목표
2022-02-14,004980,성신양회,정식A,실행,2,비체인,False,비성장,-6.14919354838709,손절
2022-02-14,003220,대원제약,정식A,실행,2,비체인,False,비성장,7.70392749244712,목표
2022-02-14,256840,한국비엔씨,정식A,실행,2,비체인,False,,-5.43308823529411,손절
2022-02-15,253840,수젠텍,S2-α,실행,2,비체인,False,,7.4931880108991695,목표
2022-02-15,256840,한국비엔씨,정식A,실행,2,비체인,False,,7.7399380804953495,목표
2022-02-15,123420,위메이드플레이,S2-α,실행,2,비체인,False,,8.16733067729083,목표
2022-02-15,301300,바이브컴퍼니,S2-α,실행,2,비체인,False,,-6.433090024330899,트레일
2022-02-22,142760,모아라이프플러스,S2-α,실행,2,비체인,False,성장,-7.0005291005291,손절
2022-02-22,053290,NE능률,S2-α,실행,2,비체인,False,성장,-5.35580524344568,손절
2022-02-22,057880,057880,S2-α,실행,2,,False,성장,7.9819277108433795,목표
2022-02-22,253840,수젠텍,S2-α,실행,2,비체인,False,,-6.9164265129682905,손절
2022-02-23,253840,수젠텍,S2-α,실행,2,비체인,False,,-5.0,손절
2022-02-28,018670,SK가스,정식A,실행,2,비체인,True,비성장,-5.48963585434174,손절
2022-03-07,048410,현대바이오,정식A,실행,3,비체인,False,비성장,-5.1537216828479,손절
2022-03-25,104620,노랑풍선,S2-α,실행,3,비체인,False,,8.302583025830259,목표
2022-04-07,008350,남선알미늄,정식A,실행,4,비체인,False,비성장,10.92124814264488,목표
2022-04-07,214330,금호에이치티,정식A,실행,4,비체인,False,성장,-5.0,손절
2022-04-08,074610,이엔플러스,S2-α,실행,4,체인,False,비성장,-2.2222222222222197,트레일
2022-04-08,035600,KG이니시스,S2-α,실행,4,비체인,False,비성장,-5.9769932145886395,손절
2022-04-11,103590,일진전기,S2-α,실행,4,비체인,True,비성장,8.2155477031802,목표
2022-04-12,006040,동원산업,정식A,실행,4,비체인,True,성장,7.73420479302831,목표
2022-04-13,112040,위메이드,정식A,실행,4,비체인,False,비성장,7.11764705882354,목표
2022-04-19,182400,엔케이젠바이오텍코리아,S2-α,실행,4,비체인,False,성장,7.45721271393642,목표
2022-04-22,014200,014200,S2-α,실행,4,,False,성장,-7.1428571428571495,손절
2022-04-26,060240,060240,S2-α,실행,4,비체인,False,비성장,-9.58696209016394,손절
2022-04-28,248170,샘표식품,S2-α,실행,4,비체인,True,비성장,-3.17325227963526,트레일
2022-04-28,136490,선진,S2-α,실행,4,비체인,True,성장,-8.392857142857139,손절
2022-04-29,048260,048260,정식A,실행,4,,False,성장,-7.541333333333331,트레일
2022-05-06,353810,이지바이오,S2-α,실행,5,비체인,True,,-6.65217391304348,손절
2022-05-12,013360,일성건설,S2-α,실행,5,비체인,False,비성장,-5.0,손절
2022-05-18,264450,유비쿼스,S2-α,실행,5,체인,False,성장,-5.44186046511627,손절
2022-05-23,290650,엘앤씨바이오,정식A,실행,5,비체인,False,성장,7.67634854771783,목표
2022-05-24,047920,HLB제약,S2-α,실행,5,비체인,False,성장,7.32484076433122,목표
2022-05-24,036580,팜스코,S2-α,실행,5,비체인,False,성장,-5.42664670658682,손절
2022-06-03,085370,085370,S2-α,실행,6,,False,성장,-5.20552884615385,손절
2022-06-08,047920,HLB제약,정식A,실행,6,비체인,False,성장,9.375,목표
2022-06-08,067630,HLB생명과학,정식A,실행,6,비체인,False,비성장,7.1705426356589,목표
2022-06-08,028300,HLB,정식A,실행,6,비체인,False,성장,6.96452036793693,목표
2022-06-13,230240,에치에프알,정식A,실행,6,체인,False,성장,-5.17790262172285,손절
2022-06-13,047920,HLB제약,정식A,실행,6,비체인,False,성장,-5.664335664335661,손절
2022-06-13,299900,위지윅스튜디오,정식A,실행,6,비체인,False,,-5.0,손절
2022-06-13,189300,인텔리안테크,S2-α,실행,6,체인,False,비성장,-6.4275956284153,손절
2022-06-13,032820,우리기술,정식A,실행,6,비체인,False,성장,-5.0,손절
2022-06-14,361390,제노코,S2-α,실행,6,체인,False,,-8.83333333333333,손절
2022-06-14,214260,라파스,정식A,실행,6,비체인,False,,-5.998272357723581,손절
2022-06-14,189300,인텔리안테크,S2-α,실행,6,체인,False,비성장,-9.79106628242074,손절
2022-06-14,225570,넥슨게임즈,정식A,실행,6,비체인,False,,-7.357407407407419,손절
2022-06-15,006740,블루산업개발,S2-α,실행,6,비체인,False,비성장,-8.76147278548558,손절
2022-06-15,115450,HLB테라퓨틱스,정식A,실행,6,비체인,False,비성장,-8.46153846153845,손절
2022-06-15,065450,빅텍,S2-α,실행,6,체인,False,성장,-5.49307958477508,손절
2022-06-15,353810,이지바이오,S2-α,실행,6,비체인,False,,7.602339181286539,목표
2022-06-15,225570,넥슨게임즈,정식A,실행,6,비체인,False,,-8.20923076923076,트레일
2022-06-16,225570,넥슨게임즈,정식A,실행,6,비체인,False,,-6.2063492063492,손절
2022-06-16,006740,블루산업개발,S2-α,실행,6,비체인,False,비성장,-6.38181818181818,손절
2022-06-17,078160,메디포스트,정식A,실행,6,비체인,False,비성장,-8.56807511737088,손절
2022-06-17,211270,AP위성,S2-α,실행,6,체인,False,비성장,11.91335740072201,목표
2022-06-17,063170,서울옥션,정식A,실행,6,비체인,False,비성장,-6.06981981981982,손절
2022-06-21,074430,아미노로직스,S2-α,실행,6,비체인,False,비성장,-8.316037735849049,손절
2022-06-22,005420,코스모화학,정식A,실행,6,비체인,False,비성장,-5.97194719471947,손절
2022-06-23,042600,새로닉스,정식A,실행,6,체인,False,성장,7.26817042606515,목표
2022-06-23,003030,세아제강지주,S2-α,실행,6,비체인,True,성장,6.82730923694778,목표
2022-06-23,249420,일동제약,정식A,실행,6,비체인,False,비성장,16.014234875444842,목표
2022-06-23,117580,대성에너지,정식A,실행,6,비체인,False,비성장,8.64485981308411,목표
2022-06-23,002460,HS화성,정식A,실행,6,비체인,True,비성장,7.412790697674421,목표
2022-06-23,041590,플래스크,S2-α,실행,6,비체인,False,비성장,9.14179104477612,목표
2022-06-23,001790,대한제당,정식A,실행,6,비체인,True,비성장,6.9984447900466495,목표
2022-06-23,010820,퍼스텍,S2-α,실행,6,비체인,False,비성장,-2.15022091310751,트레일
2022-06-23,106240,파인테크닉스,S2-α,실행,6,비체인,False,성장,9.24170616113744,목표
2022-06-23,027710,팜스토리,S2-α,실행,6,비체인,False,비성장,7.29865771812081,목표
2022-06-23,000230,일동홀딩스,정식A,실행,6,비체인,False,성장,-0.38578680203044996,트레일
2022-06-23,041510,에스엠,정식A,실행,6,비체인,False,비성장,7.1663920922569995,목표
2022-06-23,118990,모트렉스,정식A,실행,6,비체인,False,성장,-7.11111111111111,트레일
2022-06-23,005420,코스모화학,정식A,실행,6,비체인,False,비성장,13.89891696750902,목표
2022-06-23,001250,GS글로벌,정식A,실행,6,비체인,False,비성장,9.89208633093525,목표
2022-06-23,017550,수산세보틱스,S2-α,실행,6,체인,False,성장,7.38831615120274,목표
2022-06-23,018310,삼목에스폼,정식A,실행,6,비체인,False,비성장,8.19209039548023,목표
2022-06-23,095500,미래나노텍,S2-α,실행,6,비체인,False,성장,9.74137931034482,목표
2022-06-24,142280,녹십자엠에스,S2-α,실행,6,비체인,False,비성장,-10.56242707117852,트레일
2022-06-29,084990,헬릭스미스,정식A,실행,6,비체인,False,비성장,-5.2235294117647,손절
2022-06-29,016380,KG스틸,정식A,실행,6,비체인,False,성장,-5.95706845238095,손절
2022-06-30,016380,KG스틸,정식A,실행,6,비체인,True,성장,-5.87857142857143,손절
2022-06-30,151860,KG에코솔루션,정식A,실행,6,비체인,False,성장,-9.90571821821821,손절
2022-06-30,137400,피엔티,정식A,실행,6,체인,False,성장,-5.21664766248575,손절
2022-06-30,058610,에스피지,S2-α,실행,6,비체인,False,성장,8.10810810810811,목표
2022-07-01,001570,금양,S2-α,실행,7,비체인,False,비성장,6.86900958466454,목표
2022-07-01,151860,KG에코솔루션,정식A,실행,7,비체인,False,성장,-6.53721682847896,손절
2022-07-01,137400,피엔티,정식A,실행,7,체인,False,성장,-7.04790419161677,손절
2022-07-01,066970,엘앤에프,S2-α,실행,7,체인,False,성장,7.178841309823659,목표
2022-07-01,005070,코스모신소재,S2-α,실행,7,비체인,False,비성장,8.65490628445424,목표
2022-07-01,222080,SFA넥셀,정식A,실행,7,체인,False,성장,-5.0,손절
2022-07-04,019550,SBI인베스트먼트,S2-α,실행,7,비체인,False,,-5.0,손절
2022-07-04,222080,SFA넥셀,정식A,실행,7,체인,False,성장,8.703703703703699,목표
2022-07-05,101730,위메이드맥스,정식A,실행,7,비체인,False,,-5.5093833780160795,손절
2022-07-07,006260,LS,정식A,실행,7,비체인,True,비성장,-6.76579925650557,트레일
2022-07-12,051500,CJ프레시웨이,S2-α,실행,7,비체인,False,비성장,7.32064421669107,목표
2022-07-27,086980,쇼박스,S2-α,실행,7,비체인,False,비성장,-5.71563088512241,손절
2022-07-29,253840,수젠텍,S2-α,실행,7,비체인,True,,6.8493150684931505,목표
2022-08-22,225570,넥슨게임즈,정식A,실행,8,비체인,False,,9.97409326424869,목표
2022-08-22,101730,위메이드맥스,정식A,실행,8,비체인,False,,-5.4726368159203895,손절
2022-08-26,225570,넥슨게임즈,정식A,실행,8,비체인,False,,-6.642651296829969,손절
2022-09-01,001440,대한전선,정식A,실행,9,비체인,False,비성장,-5.00000000000001,손절
2022-09-02,297090,씨에스베어링,정식A,실행,9,체인,False,,-7.1780821917808195,트레일
2022-09-05,007390,네이처셀,정식A,실행,9,비체인,False,비성장,-6.70076726342711,손절
2022-09-06,054210,이랜텍,정식A,실행,9,체인,False,성장,-6.6187499999999995,손절
2022-09-06,007390,네이처셀,정식A,실행,9,비체인,False,비성장,-5.0253333333333305,손절
2022-09-14,006110,삼아알미늄,S2-α,실행,9,비체인,False,성장,-6.16326530612244,손절
2022-09-15,006110,삼아알미늄,S2-α,실행,9,비체인,False,성장,-7.32653061224489,손절
2022-09-15,323990,박셀바이오,정식A,실행,9,비체인,False,,-5.80937167199148,손절
2022-09-15,067630,HLB생명과학,정식A,실행,9,비체인,False,비성장,-5.6641697877652994,손절
2022-09-19,117580,대성에너지,정식A,실행,9,비체인,False,비성장,7.20524017467247,목표
2022-09-19,220260,켐트로스,정식A,실행,9,비체인,False,비성장,-7.1121359223301095,손절
2022-09-19,010060,OCI홀딩스,정식A,실행,9,비체인,True,비성장,-5.45023696682464,손절
2022-09-19,340930,성원에너텍,S2-α,실행,9,체인,False,,-7.13684210526314,트레일
2022-09-20,011500,한농화성,S2-α,실행,9,비체인,False,비성장,9.21052631578946,목표
2022-09-22,174900,앱클론,S2-α,실행,9,비체인,False,비성장,7.40181268882176,목표
2022-09-22,149950,아바텍,S2-α,실행,9,체인,False,비성장,-5.79166666666666,손절
2022-09-23,353200,대덕전자,정식A,실행,9,체인,False,,-5.0,손절
2022-09-23,149950,아바텍,S2-α,실행,9,체인,False,비성장,-7.10443037974684,손절
2022-09-23,270660,에브리봇,S2-α,실행,9,비체인,False,,7.951482479784359,목표
2022-09-26,117580,대성에너지,정식A,실행,9,비체인,False,비성장,7.47663551401869,목표
2022-09-26,340930,성원에너텍,S2-α,실행,9,체인,False,,-6.1377245508982,손절
2022-09-26,091580,상신이디피,S2-α,실행,9,체인,False,성장,-5.63758389261744,손절
2022-09-26,053050,지에스이,S2-α,실행,9,비체인,False,비성장,7.65407554671968,목표
2022-09-26,105840,우진,S2-α,실행,9,체인,False,비성장,-5.0,손절
2022-09-26,000230,일동홀딩스,정식A,실행,9,비체인,False,성장,7.14285714285714,목표
2022-09-26,001250,GS글로벌,정식A,실행,9,비체인,False,비성장,-5.0,손절
2022-09-26,101360,에코앤드림,정식A,실행,9,체인,False,,8.33333333333332,목표
2022-09-26,161000,애경케미칼,정식A,실행,9,비체인,True,성장,6.923076923076921,목표
2022-09-27,080420,모다이노칩,정식A,실행,9,비체인,False,비성장,-8.674785100286531,손절
2022-09-28,270660,에브리봇,S2-α,실행,9,비체인,False,,-5.0,손절
2022-09-29,108490,로보티즈,S2-α,실행,9,체인,False,비성장,7.93103448275862,목표
2022-09-30,174900,앱클론,S2-α,실행,9,비체인,False,비성장,-5.641891891891889,손절
2022-10-04,174900,앱클론,S2-α,실행,10,비체인,False,비성장,-7.26962457337884,손절
2022-10-11,018470,조일알미늄,정식A,실행,10,비체인,False,성장,7.96460176991149,목표
2022-10-12,115450,HLB테라퓨틱스,정식A,실행,10,비체인,False,비성장,-5.3653846153846,손절
2022-10-13,115450,HLB테라퓨틱스,정식A,실행,10,비체인,False,비성장,-5.38934426229508,손절
2022-10-18,095340,ISC,S2-α,실행,10,비체인,False,비성장,7.15460526315789,목표
2022-11-09,214370,케어젠,정식A,실행,11,비체인,True,비성장,7.5295275590551105,목표
2022-11-16,005850,에스엘,정식A,실행,11,비체인,False,성장,-6.52406417112299,손절
2022-11-17,016790,현대사료,정식A,실행,11,비체인,False,비성장,-6.51757188498403,손절
2022-11-18,003070,코오롱글로벌,정식A,실행,11,비체인,True,성장,10.443864229765019,목표
2022-12-01,241560,두산밥캣,정식A,실행,12,체인,True,성장,-5.18142361111111,손절
2022-12-13,182360,큐브엔터,S2-α,실행,12,비체인,False,성장,6.9672131147541005,목표
2022-12-22,340930,성원에너텍,S2-α,실행,12,체인,False,,-5.18269230769232,손절
2022-12-23,149950,아바텍,정식A,실행,12,체인,False,비성장,7.23270440251573,목표
2022-12-28,205470,휴마시스,정식A,실행,12,비체인,True,성장,-5.62500000000001,손절
2022-12-29,001120,LX인터내셔널,정식A,실행,12,비체인,True,성장,-5.69955817378498,손절
2022-12-29,024110,기업은행,정식A,실행,12,비체인,True,,7.0264765784114,목표
2022-12-29,001430,세아베스틸지주,정식A,실행,12,비체인,True,비성장,-6.74846625766871,손절
2023-01-04,079550,LIG디펜스앤에어로스페이스,정식A,실행,1,비체인,False,비성장,6.98717948717948,목표
2023-01-18,115450,HLB테라퓨틱스,정식A,실행,1,비체인,False,비성장,7.51072961373391,목표
2023-01-30,052020,에스티큐브,정식A,실행,1,비체인,False,비성장,11.806656101426299,목표
2023-02-06,003530,한화투자증권,정식A,실행,2,비체인,True,,-6.34645669291338,손절
2023-02-15,301300,바이브컴퍼니,S2-α,실행,2,비체인,False,,7.11678832116788,목표
2023-02-22,290670,대보마그네틱,정식A,실행,2,비체인,False,성장,7.65306122448978,목표
2023-03-09,074610,이엔플러스,S2-α,실행,3,체인,False,성장,7.55148741418765,목표
2023-03-10,001390,KG케미칼,정식A,실행,3,비체인,True,성장,8.85416666666665,목표
2023-03-10,000990,DB하이텍,정식A,실행,3,체인,True,성장,6.928034371643391,목표
2023-03-10,257720,실리콘투,S2-α,실행,3,비체인,False,,-5.60031595576618,손절
2023-03-10,048550,SM C&C,정식A,실행,3,비체인,False,비성장,-9.2011637572735,손절
2023-03-13,182360,큐브엔터,S2-α,실행,3,비체인,False,성장,7.53968253968253,목표
2023-03-13,048550,SM C&C,정식A,실행,3,비체인,False,비성장,-6.14958448753462,트레일
2023-03-13,034120,SBS,정식A,실행,3,비체인,True,비성장,6.93196405648266,목표
2023-03-13,065660,안트로젠,S2-α,실행,3,비체인,False,성장,7.39247311827957,목표
2023-03-14,012510,012510,정식A,실행,3,비체인,False,성장,-6.140000000000001,손절
2023-03-14,182360,큐브엔터,S2-α,실행,3,비체인,False,성장,6.89461883408071,목표
2023-03-14,174900,앱클론,S2-α,실행,3,비체인,False,비성장,7.62331838565022,목표
2023-03-14,246710,티앤알바이오팹,S2-α,실행,3,비체인,False,성장,7.31448763250883,목표
2023-03-14,314130,지놈앤컴퍼니,S2-α,실행,3,비체인,False,,7.61494252873562,목표
2023-03-14,348150,고바이오랩,S2-α,실행,3,비체인,False,,9.75103734439835,목표
2023-03-14,034120,SBS,정식A,실행,3,비체인,True,비성장,7.07350901525658,목표
2023-03-15,012510,012510,정식A,실행,3,비체인,False,성장,-5.94382022471909,트레일
2023-03-16,052020,에스티큐브,정식A,실행,3,비체인,False,비성장,-6.65217391304348,손절
2023-03-24,016790,현대사료,정식A,실행,3,비체인,False,비성장,-8.79544168907385,손절
2023-03-24,248070,솔루엠,정식A,실행,3,체인,False,,7.14285714285714,목표
2023-10-18,397030,에이프릴바이오,S2-α,실행,10,비체인,False,,-5.42222222222223,손절
2023-10-19,039200,오스코텍,정식A,실행,10,비체인,False,비성장,-2.26923076923076,트레일
2023-10-19,000100,유한양행,정식A,실행,10,비체인,False,비성장,-5.3558631921824,손절
2023-10-19,010600,010600,S2-α,실행,10,,False,성장,-10.76616915422886,손절
2023-10-19,131400,이브이첨단소재,S2-α,실행,10,체인,False,비성장,-8.01219512195121,손절
2023-10-26,006740,블루산업개발,S2-α,실행,10,비체인,False,비성장,-5.0,손절
2023-10-26,299030,하나기술,정식A,실행,10,체인,False,,-5.91724137931034,손절
2023-10-26,003070,코오롱글로벌,S2-α,실행,10,비체인,True,비성장,-7.1095988538681905,손절
2023-10-26,086520,에코프로,S2-α,실행,10,비체인,False,성장,-4.63123993558776,트레일
2023-10-26,247540,에코프로비엠,정식A,실행,10,체인,False,성장,-5.57114228456914,손절
2023-10-26,121600,나노신소재,정식A,실행,10,비체인,False,성장,7.186411149825781,목표
2023-10-26,009520,포스코엠텍,S2-α,실행,10,비체인,False,비성장,7.34265734265733,목표
2023-10-26,900250,크리스탈신소재,S2-α,실행,10,비체인,False,,9.55188679245284,목표
2023-10-26,220100,퓨쳐켐,S2-α,실행,10,비체인,False,성장,-7.001108647450111,손절
2023-10-26,137400,피엔티,정식A,실행,10,체인,False,비성장,-5.37328094302553,손절
2023-10-27,023410,유진기업,S2-α,실행,10,비체인,True,비성장,7.492581602373891,목표
2023-10-27,403550,쏘카,정식A,실행,10,비체인,False,,-6.585290482076631,손절
2023-10-27,003070,코오롱글로벌,S2-α,실행,10,비체인,True,비성장,-6.421091997008229,손절
2023-10-27,220100,퓨쳐켐,S2-α,실행,10,비체인,False,성장,-6.285231116121751,손절
2023-10-27,054950,제이브이엠,정식A,실행,10,체인,False,비성장,11.98347107438015,목표
2023-10-30,270520,앱튼,정식A,실행,10,비체인,False,,-6.03906250000001,손절
2023-10-31,307950,현대오토에버,정식A,실행,10,비체인,False,성장,9.1923076923077,목표
2023-11-01,114190,강원에너지,정식A,실행,11,비체인,False,성장,7.35468564650059,목표
2023-11-01,270520,앱튼,정식A,실행,11,비체인,False,,9.097127222982209,목표
2023-11-07,123860,아나패스,S2-α,실행,11,체인,False,비성장,-5.97260273972602,트레일
2023-11-08,281740,레이크머티리얼즈,정식A,실행,11,비체인,False,,-5.0,손절
2023-11-08,117580,대성에너지,S2-α,실행,11,비체인,True,비성장,-5.55555555555555,손절
2023-11-08,003670,포스코퓨처엠,정식A,실행,11,체인,False,성장,-7.15069444444446,손절
2023-11-08,383310,에코프로에이치엔,정식A,실행,11,비체인,False,,-6.15326251896813,손절
2023-11-08,042600,새로닉스,정식A,실행,11,체인,True,비성장,-5.84821428571428,손절
2023-11-08,005420,코스모화학,정식A,실행,11,비체인,False,성장,-5.2602739726027306,손절
2023-11-08,079810,APS이노베이션,정식A,실행,11,비체인,False,성장,-5.2981682348841295,손절
2023-11-08,017890,한국알콜,S2-α,실행,11,비체인,True,성장,7.95159896283492,목표
2023-11-09,083310,엘오티베큠,S2-α,실행,11,체인,False,성장,-1.89795918367347,트레일
2023-11-10,042000,카페24,S2-α,실행,11,비체인,False,,7.4917218543046395,목표
2023-11-10,263750,펄어비스,정식A,실행,11,비체인,False,,-7.29047072330654,손절
2023-11-13,161890,한국콜마,정식A,실행,11,비체인,False,비성장,9.192348565356,목표
2023-11-13,352480,씨앤씨인터내셔널,S2-α,실행,11,비체인,False,,11.14649681528663,목표
2023-11-14,052400,코나아이,S2-α,실행,11,비체인,True,성장,8.45290081097942,목표
2023-11-21,003690,코리안리,정식A,실행,11,비체인,True,,-5.58246977547496,손절
2024-08-02,950140,잉글우드랩,S2-α,실행,8,비체인,False,,-11.899410029498519,손절
2024-08-02,068760,셀트리온제약,정식A,실행,8,비체인,False,성장,-5.56682577565632,손절
2024-08-02,049770,049770,정식A,실행,8,,True,비성장,-8.03274215552524,손절
2024-08-05,007660,이수페타시스,정식A,실행,8,체인,False,비성장,16.315789473684212,목표
2024-08-05,031330,에스에이엠티,정식A,실행,8,비체인,True,성장,6.84039087947883,목표
2024-08-05,036830,솔브레인홀딩스,정식A,실행,8,비체인,False,,11.33032694475761,목표
2024-08-05,319660,피에스케이,정식A,실행,8,체인,False,비성장,11.1003861003861,목표
2024-08-05,041190,우리기술투자,정식A,실행,8,비체인,True,,13.517665130568348,목표
2024-08-05,000500,가온전선,정식A,실행,8,비체인,False,성장,17.28395061728396,목표
2024-08-05,001040,CJ,S2-α,실행,8,비체인,True,비성장,11.09601449275361,목표
2024-08-05,003530,한화투자증권,정식A,실행,8,비체인,True,,11.74496644295302,목표
2024-08-05,007460,에이프로젠,정식A,실행,8,비체인,False,비성장,8.656716417910431,목표
2024-08-05,006260,LS,정식A,실행,8,비체인,True,성장,10.13039117352057,목표
2024-08-05,114810,한솔아이원스,정식A,실행,8,체인,False,비성장,9.6234309623431,목표
2024-08-05,036810,에프에스티,정식A,실행,8,체인,False,비성장,16.631578947368418,목표
2024-08-05,000540,흥국화재,S2-α,실행,8,비체인,True,,8.53658536585366,목표
2024-08-05,000520,삼일제약,S2-α,실행,8,비체인,False,성장,12.163742690058479,목표
2024-08-05,335890,335890,정식A,실행,8,,False,성장,13.1350681536555,목표
2024-08-05,009470,삼화전기,S2-α,실행,8,체인,False,비성장,18.63013698630136,목표
2024-08-05,000390,SP삼화,S2-α,실행,8,비체인,True,비성장,11.580594679186209,목표
2024-08-05,043370,피에이치에이,S2-α,실행,8,비체인,True,비성장,10.550458715596319,목표
2024-08-05,001200,유진투자증권,정식A,실행,8,비체인,True,,12.8188775510204,목표
2024-08-05,014820,동원시스템즈,정식A,실행,8,비체인,False,비성장,12.63157894736841,목표
2024-08-05,004980,성신양회,S2-α,실행,8,비체인,True,성장,7.52212389380531,목표
2024-08-05,004490,세방전지,정식A,실행,8,체인,False,비성장,9.39119170984454,목표
2024-08-05,071050,한국금융지주,정식A,실행,8,비체인,True,,7.29984301412873,목표
2024-08-05,035150,백산,S2-α,실행,8,비체인,True,비성장,7.118644067796601,목표
2024-08-05,038500,삼표시멘트,정식A,실행,8,비체인,True,성장,10.44142614601018,목표
2024-08-05,002380,KCC,S2-α,실행,8,비체인,True,비성장,9.35251798561151,목표
2024-08-05,166480,코아스템켐온,정식A,실행,8,비체인,False,비성장,7.72921108742004,목표
2024-08-05,340570,티앤엘,S2-α,실행,8,비체인,False,성장,8.97196261682242,목표
2024-08-05,001120,LX인터내셔널,정식A,실행,8,비체인,True,비성장,7.992565055762089,목표
2024-08-05,017810,풀무원,정식A,실행,8,비체인,False,비성장,8.221476510067099,목표
2024-08-05,397030,에이프릴바이오,S2-α,실행,8,비체인,False,,10.57877813504823,목표
2024-08-05,077970,STX엔진,S2-α,실행,8,체인,False,비성장,8.80204528853176,목표
2024-08-05,950140,잉글우드랩,정식A,실행,8,비체인,False,,12.70053475935828,목표
2024-08-05,000660,SK하이닉스,정식A,실행,8,체인,False,비성장,11.91543882126842,목표
2024-08-05,079430,현대리바트,S2-α,실행,8,비체인,True,비성장,10.50679851668727,목표
2024-08-05,101530,해태제과식품,S2-α,실행,8,비체인,True,비성장,11.700336700336699,목표
2024-08-05,138610,나이벡,S2-α,실행,8,비체인,False,성장,7.9038795599305,목표
2024-08-05,237880,클리오,정식A,실행,8,비체인,False,성장,6.960000000000011,목표
2024-08-05,192820,코스맥스,정식A,실행,8,비체인,False,비성장,-4.00615858352578,트레일
2024-08-05,263750,펄어비스,정식A,실행,8,비체인,False,,7.019867549668871,목표
2024-08-05,011760,현대코퍼레이션,S2-α,실행,8,비체인,True,성장,7.04787234042554,목표
2024-08-05,267270,HD건설기계,정식A,실행,8,체인,True,성장,7.8336557059961205,목표
2024-08-05,145990,삼양사,정식A,실행,8,비체인,True,비성장,7.358053302433371,목표
2024-08-05,183300,코미코,정식A,실행,8,체인,False,성장,10.308441558441551,목표
2024-08-05,178320,서진시스템,정식A,실행,8,비체인,False,성장,9.78021978021979,목표
2024-08-05,052690,한전기술,정식A,실행,8,비체인,False,비성장,9.63665086887834,목표
2024-08-05,039490,키움증권,S2-α,실행,8,비체인,False,,7.29957805907173,목표
2024-08-05,108670,LX하우시스,정식A,실행,8,비체인,True,비성장,-5.13011152416357,트레일
2024-08-05,161580,필옵틱스,정식A,실행,8,체인,True,성장,14.537755822159479,목표
2024-08-05,103140,풍산,정식A,실행,8,비체인,True,성장,8.90688259109311,목표
2024-08-05,011070,LG이노텍,정식A,실행,8,체인,False,성장,8.9655172413793,목표
2024-08-05,256840,한국비엔씨,정식A,실행,8,비체인,False,성장,12.6937984496124,목표
2024-08-05,017960,한국카본,정식A,실행,8,비체인,False,비성장,8.504672897196249,목표
2024-08-05,171090,선익시스템,정식A,실행,8,체인,False,비성장,15.537555228276858,목표
2024-08-05,281820,케이씨텍,정식A,실행,8,체인,False,비성장,12.14177978883861,목표
2024-08-05,031980,피에스케이홀딩스,정식A,실행,8,체인,False,성장,14.01468788249693,목표
2024-08-05,005935,삼성전자우,정식A,실행,8,비체인,True,,7.75401069518717,목표
2024-08-05,009420,한올바이오파마,정식A,실행,8,비체인,False,성장,7.16612377850163,목표
2024-08-05,018310,삼목에스폼,정식A,실행,8,비체인,True,성장,11.078717201166171,목표
2024-08-05,314930,바이오다인,정식A,실행,8,비체인,False,비성장,13.484486873508361,목표
2024-08-05,009450,경동나비엔,정식A,실행,8,비체인,False,비성장,7.35009671179884,목표
2024-08-05,334970,프레스티지바이오로직스,정식A,실행,8,비체인,False,,7.35930735930736,목표
2024-08-05,140860,파크시스템스,S2-α,실행,8,체인,False,성장,6.924577373211969,목표
2024-08-05,280360,롯데웰푸드,S2-α,실행,8,비체인,True,성장,8.41750841750841,목표
2024-08-05,014830,유니드,정식A,실행,8,비체인,True,비성장,7.13375796178343,목표
2024-08-05,011790,SKC,정식A,실행,8,비체인,False,비성장,11.17440841367221,목표
2024-08-05,042700,한미반도체,정식A,실행,8,체인,False,비성장,12.03703703703704,목표
2024-08-05,402340,SK스퀘어,S2-α,실행,8,비체인,True,,9.16193181818181,목표
2024-08-05,084680,이월드,S2-α,실행,8,비체인,False,비성장,9.704251386321621,목표
2024-08-05,298040,효성중공업,정식A,실행,8,비체인,False,비성장,13.09523809523809,목표
2024-08-05,237690,에스티팜,정식A,실행,8,비체인,False,성장,9.56873315363882,목표
2024-08-05,137400,피엔티,정식A,실행,8,체인,False,비성장,8.028455284552841,목표
2024-08-05,460850,동국씨엠,S2-α,실행,8,비체인,True,,7.19640179910046,목표
2024-08-05,005930,삼성전자,S2-α,실행,8,체인,False,비성장,8.19327731092436,목표
2024-08-05,099320,쎄트렉아이,정식A,실행,8,비체인,False,비성장,9.25414364640884,목표
2024-08-05,049770,049770,정식A,실행,8,,True,비성장,-5.92477876106194,손절
2024-08-05,253590,네오셈,정식A,실행,8,체인,False,성장,0.25779625779625,트레일
2024-08-05,000400,롯데손해보험,정식A,실행,8,비체인,True,,7.12890625,목표
2024-08-05,024720,콜마홀딩스,S2-α,실행,8,비체인,True,비성장,9.03448275862068,목표
2024-08-05,042660,한화오션,정식A,실행,8,비체인,False,비성장,10.48237476808906,목표
2024-08-05,078150,HB테크놀러지,정식A,실행,8,체인,True,비성장,-0.77298311444652,트레일
2024-08-05,084110,휴온스글로벌,정식A,실행,8,비체인,True,비성장,8.07962529274004,목표
2024-08-05,009150,삼성전기,정식A,실행,8,체인,False,비성장,-5.31403762662807,트레일
2024-08-05,000150,두산,정식A,실행,8,체인,False,비성장,15.339578454332559,목표
2024-08-05,348370,엔켐,정식A,실행,8,비체인,False,,-4.4089456869009505,트레일
2024-08-05,084370,유진테크,정식A,실행,8,체인,False,비성장,10.6958762886598,목표
2024-08-05,034020,두산에너빌리티,정식A,실행,8,체인,False,비성장,8.98486759142496,목표
2024-08-05,000270,기아,S2-α,실행,8,비체인,True,성장,8.20353063343717,목표
2024-08-05,078020,LS증권,S2-α,실행,8,비체인,True,,6.92041522491349,목표
2024-08-05,001440,대한전선,정식A,실행,8,비체인,False,성장,10.44905008635579,목표
2024-08-05,051360,토비스,S2-α,실행,8,비체인,False,성장,8.85780885780886,목표
2024-08-05,078600,대주전자재료,S2-α,실행,8,체인,False,비성장,8.16226783968718,목표
2024-08-05,003090,대웅,정식A,실행,8,비체인,True,,7.550158394931359,목표
2024-08-05,000210,DL,정식A,실행,8,비체인,True,성장,-8.02103049421661,트레일
2024-08-05,006620,동구바이오제약,S2-α,실행,8,비체인,False,성장,10.957792207792199,목표
2024-08-05,069620,대웅제약,정식A,실행,8,비체인,False,비성장,7.8125,목표
2024-08-05,388720,유일로보틱스,정식A,실행,8,체인,False,,7.69230769230768,목표
2024-08-05,086890,이수앱지스,S2-α,실행,8,비체인,False,성장,8.53448275862069,목표
2024-08-05,194480,데브시스터즈,정식A,실행,8,비체인,False,,8.99532710280373,목표
2024-08-06,084370,유진테크,정식A,실행,8,체인,False,비성장,7.49354005167959,목표
2024-08-06,009240,한샘,정식A,실행,8,비체인,True,비성장,6.92883895131086,목표
2024-08-08,090435,아모레퍼시픽우,정식A,실행,8,비체인,False,,14.92329149232913,목표
2024-08-09,005430,한국공항,S2-α,실행,8,비체인,True,성장,-5.14045698924731,손절
2024-08-12,005430,한국공항,S2-α,실행,8,비체인,True,성장,-5.68345323741007,손절
2024-08-14,006620,동구바이오제약,S2-α,실행,8,비체인,False,성장,-5.0,손절
2024-08-16,003280,흥아해운,정식A,실행,8,비체인,False,성장,-5.2,손절
2024-08-19,026890,스틱인베스트먼트,정식A,실행,8,비체인,True,,-6.13333333333333,트레일
2024-08-19,005180,빙그레,정식A,실행,8,비체인,True,비성장,-6.89165446559296,손절
2024-08-20,290690,아리바이오홀딩스,정식A,실행,8,비체인,False,비성장,-5.36018957345971,손절
2024-08-21,950130,엑세스바이오,S2-α,실행,8,비체인,False,,-9.43626882966396,손절
2024-08-22,137310,에스디바이오센서,S2-α,실행,8,비체인,True,,-11.808202154101071,손절
2024-08-22,950130,엑세스바이오,S2-α,실행,8,비체인,False,,-5.009182946682951,손절
2024-08-23,950130,엑세스바이오,S2-α,실행,8,비체인,False,,-5.635026737967911,손절
2024-08-26,011000,진원생명과학,S2-α,실행,8,비체인,False,비성장,-6.410423452768731,트레일
2024-08-26,205470,휴마시스,S2-α,실행,8,비체인,True,비성장,-3.88029925187032,트레일
2024-08-26,249420,일동제약,정식A,실행,8,비체인,False,비성장,-7.29981378026071,손절
2024-08-27,263750,펄어비스,정식A,실행,8,비체인,False,,-5.67090395480226,손절
2024-09-04,090460,비에이치,정식A,실행,9,체인,True,성장,-5.98762376237623,손절
2024-09-04,011070,LG이노텍,정식A,실행,9,체인,False,성장,-6.9595385674931105,손절
2024-09-06,199800,툴젠,정식A,실행,9,비체인,False,성장,-5.36764705882353,트레일
2024-09-06,293780,압타바이오,S2-α,실행,9,비체인,False,,7.15090090090089,목표
2024-09-06,348370,엔켐,정식A,실행,9,비체인,False,,8.54984894259818,목표
2024-09-09,293780,압타바이오,S2-α,실행,9,비체인,False,,7.236842105263159,목표
2024-09-09,011500,한농화성,S2-α,실행,9,비체인,False,비성장,11.158192090395481,목표
2024-09-09,457190,이수스페셜티케미컬,정식A,실행,9,비체인,False,,11.03603603603604,목표
2024-09-11,048870,시너지이노베이션,S2-α,실행,9,비체인,False,비성장,7.04584040747029,목표
2024-10-02,900290,GRT,S2-α,실행,10,비체인,False,,11.52623211446741,목표
2024-10-04,900290,GRT,S2-α,실행,10,비체인,False,,8.92575039494469,목표
2024-10-04,322510,제이엘케이,S2-α,실행,10,비체인,False,비성장,7.08955223880596,목표
2024-10-14,028300,HLB,정식A,실행,10,비체인,False,비성장,-6.3970588235294095,손절
2024-10-14,115450,HLB테라퓨틱스,정식A,실행,10,비체인,False,비성장,6.86777920410783,목표
2024-10-14,047920,HLB제약,정식A,실행,10,비체인,False,성장,-7.63503649635036,손절
2024-10-15,091810,트리니티항공,S2-α,실행,10,비체인,True,성장,9.0986394557823,목표
2024-10-16,009470,삼화전기,S2-α,실행,10,체인,False,비성장,-7.6950354609929,손절
2024-10-16,027970,한국제지,S2-α,실행,10,비체인,True,성장,-5.87155963302752,손절
2024-10-16,078600,대주전자재료,정식A,실행,10,체인,False,비성장,-5.97862001943634,손절
2024-10-21,042700,한미반도체,정식A,실행,10,체인,False,비성장,-6.9982758620689705,손절
2024-10-24,039200,오스코텍,정식A,실행,10,비체인,False,비성장,-7.0174326465927095,손절
2024-10-25,039200,오스코텍,정식A,실행,10,비체인,False,비성장,-5.82752613240418,손절
2024-11-01,008930,한미사이언스,정식A,실행,11,비체인,False,,-1.80413793103447,트레일
2024-11-01,007660,이수페타시스,정식A,실행,11,체인,False,비성장,-5.949999999999999,손절
2024-11-11,161890,한국콜마,S2-α,실행,11,비체인,False,성장,-6.30895655270655,손절
2024-11-12,192820,코스맥스,정식A,실행,11,비체인,False,비성장,-5.2938901778809,손절
2024-11-12,304100,솔트룩스,S2-α,실행,11,비체인,False,,-5.9405940594059405,손절
2024-11-12,241710,코스메카코리아,정식A,실행,11,비체인,False,비성장,-6.3970588235294095,손절
2024-11-12,033100,제룡전기,정식A,실행,11,비체인,False,성장,-5.0,손절
2024-11-13,358570,지아이이노베이션,정식A,실행,11,비체인,False,,-5.0,손절
2024-11-13,000250,삼천당제약,정식A,실행,11,비체인,False,비성장,-5.45586975149957,손절
2024-11-13,078160,메디포스트,S2-α,실행,11,비체인,False,비성장,7.219973009446699,목표
2024-11-13,397030,에이프릴바이오,S2-α,실행,11,비체인,False,,-5.26775956284153,트레일
2024-11-13,010120,LS ELECTRIC,정식A,실행,11,비체인,False,성장,-7.20452937013447,트레일
2024-11-13,094480,갤럭시아머니트리,정식A,실행,11,비체인,False,성장,-8.88194444444444,손절
2024-11-13,033100,제룡전기,정식A,실행,11,비체인,False,성장,-5.955307262569829,손절
2024-11-13,000500,가온전선,S2-α,실행,11,비체인,False,성장,10.07407407407408,목표
2024-11-13,229640,LS에코에너지,정식A,실행,11,비체인,False,비성장,10.51502145922747,목표
2024-11-14,094480,갤럭시아머니트리,정식A,실행,11,비체인,False,성장,7.04573547589617,목표
2024-11-14,000250,삼천당제약,정식A,실행,11,비체인,False,비성장,-3.6383763837638403,트레일
2024-11-14,317330,덕산테코피아,정식A,실행,11,비체인,False,비성장,-5.151273885350309,손절
2024-11-14,288330,파라택시스코리아,S2-α,실행,11,체인,False,,-6.4016393442623,손절
2024-11-14,402340,SK스퀘어,S2-α,실행,11,비체인,True,,7.15197956577267,목표
2024-11-15,257720,실리콘투,정식A,실행,11,비체인,False,,-9.23351158645275,손절
2024-11-19,089030,테크윙,정식A,실행,11,체인,False,비성장,7.8125,목표
2024-11-21,396270,넥스트칩,S2-α,실행,11,체인,False,,9.50540958268932,목표
2024-11-21,000500,가온전선,S2-α,실행,11,비체인,False,성장,7.3107049608354995,목표
2024-11-22,328130,루닛,정식A,실행,11,비체인,False,,8.63636363636364,목표
2024-11-26,003570,SNT다이내믹스,S2-α,실행,11,비체인,True,성장,-5.63491271820448,손절
2024-11-28,402340,SK스퀘어,정식A,실행,11,비체인,True,,7.16216216216216,목표
2024-12-02,000520,삼일제약,S2-α,실행,12,비체인,False,성장,8.856088560885599,목표
2024-12-05,041190,우리기술투자,S2-α,실행,12,비체인,True,,-6.9250288350634195,트레일
2024-12-05,126720,수산인더스트리,정식A,실행,12,비체인,True,,-5.90249999999999,손절
2024-12-05,027360,아주IB투자,정식A,실행,12,비체인,False,,-8.5123611111111,손절
2024-12-05,032820,우리기술,정식A,실행,12,비체인,False,비성장,-6.10945127266387,손절
2024-12-06,094480,갤럭시아머니트리,정식A,실행,12,비체인,False,성장,-6.19949494949495,손절
2024-12-06,370090,퓨런티어,S2-α,실행,12,체인,False,,8.425720620842569,목표
2024-12-06,027360,아주IB투자,정식A,실행,12,비체인,False,,7.952286282306149,목표
2024-12-06,036570,NC,정식A,실행,12,비체인,False,,-5.85536159600997,트레일
2024-12-06,041190,우리기술투자,정식A,실행,12,비체인,True,,-5.0,손절
2024-12-06,321820,아티스트컴퍼니,S2-α,실행,12,비체인,False,비성장,-6.984700760362999,손절
2024-12-09,220100,퓨쳐켐,정식A,실행,12,비체인,False,비성장,10.38286826735885,목표
2024-12-09,027360,아주IB투자,정식A,실행,12,비체인,False,,7.93991416309012,목표
2024-12-09,097230,HJ중공업,정식A,실행,12,비체인,False,비성장,7.531055900621101,목표
2024-12-09,032820,우리기술,정식A,실행,12,비체인,False,비성장,7.729468599033799,목표
2024-12-09,037270,YG PLUS,정식A,실행,12,비체인,False,성장,-0.92791612057667,트레일
2024-12-09,370090,퓨런티어,S2-α,실행,12,체인,False,,8.70588235294118,목표
2024-12-09,305090,마이크로디지탈,S2-α,실행,12,비체인,False,성장,8.260447035957231,목표
2024-12-09,036560,KZ정밀,S2-α,실행,12,체인,True,성장,9.64843749999999,목표
2024-12-09,003530,한화투자증권,정식A,실행,12,비체인,True,,9.6234309623431,목표
2024-12-09,077970,STX엔진,정식A,실행,12,체인,False,비성장,7.14285714285714,목표
2024-12-09,314930,바이오다인,정식A,실행,12,비체인,False,비성장,9.18367346938775,목표
2024-12-09,000520,삼일제약,S2-α,실행,12,비체인,False,성장,8.56610800744879,목표
2024-12-09,216080,제테마,정식A,실행,12,비체인,False,성장,-4.2304320601127205,트레일
2024-12-09,334970,프레스티지바이오로직스,정식A,실행,12,비체인,False,,12.675296655879182,목표
2024-12-09,099320,쎄트렉아이,정식A,실행,12,비체인,False,비성장,7.713498622589519,목표
2024-12-09,112040,위메이드,정식A,실행,12,비체인,False,성장,-5.35984848484848,손절
2024-12-09,053030,바이넥스,정식A,실행,12,비체인,False,비성장,8.61372812920591,목표
2024-12-11,089030,테크윙,정식A,실행,12,체인,False,비성장,7.4044585987261105,목표
2024-12-17,377300,카카오페이,정식A,실행,12,비체인,False,,-5.16156462585034,손절
2024-12-19,048870,시너지이노베이션,S2-α,실행,12,비체인,False,비성장,-5.7024029574861395,손절
2024-12-20,094480,갤럭시아머니트리,정식A,실행,12,비체인,False,성장,8.54304635761589,목표
2024-12-20,402030,코난테크놀로지,S2-α,실행,12,비체인,False,,-5.71608040201004,손절
2024-12-20,226950,올릭스,정식A,실행,12,비체인,False,,9.49060036385689,목표
2024-12-27,034120,SBS,S2-α,실행,12,비체인,True,비성장,10.02304147465438,목표
2024-12-27,047560,이스트소프트,S2-α,실행,12,비체인,False,,7.00218818380744,목표
2024-12-27,012030,DB,S2-α,실행,12,비체인,True,성장,-8.684410646387839,손절
2024-12-30,139480,이마트,정식A,실행,12,비체인,True,비성장,9.542586750788649,목표
2024-12-30,104700,한국철강,정식A,실행,12,비체인,True,비성장,-7.49403341288782,손절
2024-12-30,071320,지역난방공사,정식A,실행,12,비체인,True,성장,9.96376811594204,목표
2024-12-30,094170,동운아나텍,정식A,실행,12,체인,False,성장,10.58921623123958,목표
2025-01-07,178320,서진시스템,정식A,실행,1,비체인,False,성장,-4.71337579617834,트레일
2025-01-08,226950,올릭스,정식A,실행,1,비체인,False,,-5.88327868852459,트레일
2025-02-03,089030,테크윙,정식A,실행,2,체인,False,비성장,9.42376950780312,목표
2025-02-03,003160,디아이,정식A,실행,2,체인,False,비성장,9.66277561608301,목표
2025-02-03,007660,이수페타시스,정식A,실행,2,체인,False,비성장,9.70802919708029,목표
2025-02-03,042700,한미반도체,정식A,실행,2,체인,False,비성장,6.88679245283019,목표
2025-02-03,095340,ISC,정식A,실행,2,비체인,False,비성장,10.24793388429752,목표
2025-02-03,031980,피에스케이홀딩스,정식A,실행,2,체인,False,성장,8.979591836734691,목표
2025-02-03,033100,제룡전기,정식A,실행,2,비체인,False,성장,-6.2653688524590105,손절
2025-02-03,008730,율촌화학,정식A,실행,2,비체인,False,비성장,12.213740458015259,목표
2025-02-03,036930,주성엔지니어링,S2-α,실행,2,체인,False,성장,6.8846815834767705,목표
2025-02-03,006260,LS,정식A,실행,2,비체인,True,성장,7.901907356948221,목표
2025-02-03,025980,아난티,정식A,실행,2,비체인,True,성장,7.431192660550449,목표
2025-02-03,000680,LS네트웍스,S2-α,실행,2,비체인,True,비성장,10.07246376811594,목표
2025-02-03,348210,넥스틴,정식A,실행,2,체인,False,성장,8.10313075506445,목표
2025-02-03,204270,제이앤티씨,정식A,실행,2,체인,False,비성장,10.0874935666495,목표
2025-02-03,322310,오로스테크놀로지,S2-α,실행,2,체인,False,성장,8.172097759674129,목표
2025-02-03,083450,GST,정식A,실행,2,체인,True,성장,8.14439140811456,목표
2025-02-04,204270,제이앤티씨,정식A,실행,2,체인,False,비성장,7.875264270613109,목표
2025-02-04,370090,퓨런티어,S2-α,실행,2,체인,False,,6.8181818181818095,목표
2025-02-04,031980,피에스케이홀딩스,정식A,실행,2,체인,False,성장,8.18965517241379,목표
2025-02-04,008730,율촌화학,정식A,실행,2,비체인,False,비성장,8.84615384615383,목표
2025-02-10,137310,에스디바이오센서,정식A,실행,2,비체인,True,,8.23917137476459,목표
2025-02-28,007660,이수페타시스,정식A,실행,2,체인,False,비성장,-5.0609783089862805,손절
2025-03-04,011500,한농화성,정식A,실행,3,비체인,False,비성장,10.0,목표
2025-03-04,281740,레이크머티리얼즈,정식A,실행,3,비체인,False,성장,-6.2132701421800896,트레일
2025-03-18,012510,012510,정식A,실행,3,비체인,False,비성장,-7.30502599653379,손절
2025-03-26,304360,에스바이오메딕스,S2-α,실행,3,비체인,False,,-7.0611439842209,손절
2025-03-27,267260,HD현대일렉트릭,정식A,실행,3,비체인,False,성장,-8.09583333333334,손절
2025-03-28,424960,스마트레이더시스템,S2-α,실행,3,체인,False,,-5.96759259259259,손절
2025-03-28,402030,코난테크놀로지,S2-α,실행,3,비체인,False,,-5.0,손절
2025-03-31,080220,제주반도체,정식A,실행,3,체인,False,비성장,7.3083067092651595,목표
2025-03-31,402030,코난테크놀로지,S2-α,실행,3,비체인,False,,-5.23514851485148,손절
2025-03-31,304100,솔트룩스,S2-α,실행,3,비체인,False,,7.35294117647058,목표
2025-04-07,117730,티로보틱스,S2-α,실행,4,체인,False,비성장,9.77068793619142,목표
2025-04-07,000990,DB하이텍,정식A,실행,4,체인,True,비성장,7.67195767195767,목표
2025-04-07,067080,대화제약,S2-α,실행,4,비체인,False,비성장,9.108527131782939,목표
2025-04-07,000150,두산,S2-α,실행,4,체인,False,비성장,13.46555323590814,목표
2025-04-07,095610,테스,정식A,실행,4,체인,True,비성장,9.225195094760311,목표
2025-04-08,323280,태성,정식A,실행,4,체인,False,,17.352259559675538,목표
2025-04-09,000250,삼천당제약,정식A,실행,4,비체인,False,비성장,10.99726775956284,목표
2025-04-16,220100,퓨쳐켐,정식A,실행,4,비체인,False,비성장,-5.63139059304703,손절
2025-04-22,053800,안랩,정식A,실행,4,비체인,False,비성장,6.956521739130429,목표
2025-04-28,195940,HK이노엔,정식A,실행,4,비체인,False,,9.41676792223571,목표
2025-05-07,130660,한전산업,정식A,실행,5,비체인,True,비성장,7.2076155938349995,목표
2025-05-08,001790,대한제당,정식A,실행,5,비체인,True,비성장,-8.6516747703944,손절
2025-05-08,084690,대상홀딩스,정식A,실행,5,비체인,True,비성장,7.2580645161290205,목표
2025-05-09,001790,대한제당,정식A,실행,5,비체인,True,비성장,-5.84879725085911,손절
2025-05-12,023160,태광,정식A,실행,5,비체인,False,성장,9.16666666666665,목표
2025-11-07,122870,와이지엔터테인먼트,정식A,실행,11,비체인,False,비성장,-7.11111111111111,손절
2025-11-07,011790,SKC,정식A,실행,11,비체인,False,비성장,6.8981064021641005,목표
2025-11-19,419530,SAMG엔터,정식A,실행,11,비체인,False,,-4.0,트레일
2025-11-20,036570,NC,정식A,실행,11,비체인,False,,10.026737967914439,목표
2025-11-24,336370,솔루스첨단소재,정식A,실행,11,체인,False,성장,8.080194410692581,목표
2025-11-24,214450,파마리서치,정식A,실행,11,비체인,False,성장,7.05741626794258,목표
2025-11-24,007390,네이처셀,정식A,실행,11,비체인,False,성장,-5.1597533632287,손절
2025-11-27,099320,쎄트렉아이,정식A,실행,11,비체인,False,성장,7.289527720739231,목표
2025-12-02,204620,글로벌텍스프리,정식A,실행,12,비체인,False,성장,-7.911877394636011,손절
2025-12-18,290690,아리바이오홀딩스,S2-α,실행,12,비체인,False,비성장,13.76988984088127,목표
2026-02-02,101730,위메이드맥스,정식A,실행,2,비체인,False,,-6.22317596566524,손절
2026-02-02,028300,HLB,정식A,실행,2,비체인,False,비성장,-6.4022140221402095,손절
2026-02-02,047920,HLB제약,정식A,실행,2,비체인,False,성장,-5.81947011706716,손절
2026-02-02,051915,LG화학우,정식A,실행,2,비체인,False,,8.02139037433156,목표
2026-02-02,372170,윤성에프앤씨,S2-α,실행,2,체인,True,,-6.17647058823529,트레일
2026-02-02,214450,파마리서치,정식A,실행,2,비체인,False,성장,-4.81420118343195,트레일
2026-02-02,194480,데브시스터즈,정식A,실행,2,비체인,False,,7.9608938547486,목표
2026-02-02,079550,LIG디펜스앤에어로스페이스,정식A,실행,2,비체인,False,성장,-8.026431718061671,트레일
2026-02-02,069080,웹젠,S2-α,실행,2,비체인,True,,-8.30153435623749,트레일
2026-02-02,051910,LG화학,정식A,실행,2,비체인,True,비성장,7.841483979763909,목표
2026-02-06,336570,원텍,정식A,실행,2,비체인,False,,-7.311028500619569,트레일
2026-02-06,077970,STX엔진,정식A,실행,2,체인,False,성장,6.8181818181818095,목표
2026-02-06,087010,펩트론,정식A,실행,2,비체인,False,비성장,8.181818181818171,목표
2026-02-06,011170,롯데케미칼,정식A,실행,2,비체인,True,비성장,8.57338820301782,목표
2026-03-03,002790,아모레퍼시픽홀딩스,정식A,실행,3,비체인,False,비성장,-5.46666666666666,손절
2026-03-03,204270,제이앤티씨,정식A,실행,3,체인,False,성장,-5.0,손절
2026-03-03,008930,한미사이언스,정식A,실행,3,비체인,False,,-5.82200247218788,손절
2026-03-03,102120,어보브반도체,S2-α,실행,3,체인,False,성장,-5.0,손절
2026-03-03,000320,노루홀딩스,S2-α,실행,3,비체인,True,비성장,-7.588798370672089,손절
2026-03-04,018880,한온시스템,정식A,실행,3,체인,False,성장,13.04347826086955,목표
2026-03-04,264850,이랜시스,S2-α,실행,3,체인,False,비성장,16.72268907563026,목표
2026-03-04,285490,노바텍,S2-α,실행,3,비체인,True,비성장,12.86764705882352,목표
2026-03-04,190510,나무가,정식A,실행,3,체인,True,비성장,14.857142857142849,목표
2026-03-04,001450,현대해상,S2-α,실행,3,비체인,True,,8.818493150684919,목표
2026-03-04,008830,대동기어,S2-α,실행,3,체인,False,비성장,17.07650273224044,목표
2026-03-04,299030,하나기술,S2-α,실행,3,체인,False,비성장,16.631578947368418,목표
2026-03-04,105630,한세실업,정식A,실행,3,비체인,True,비성장,-5.34092758340113,트레일
2026-03-04,108670,LX하우시스,S2-α,실행,3,비체인,True,비성장,6.8996415770609305,목표
2026-03-04,060980,HL홀딩스,정식A,실행,3,비체인,True,비성장,10.87223587223586,목표
2026-03-04,022100,포스코DX,S2-α,실행,3,비체인,False,성장,18.11091854419411,목표
2026-03-04,011170,롯데케미칼,정식A,실행,3,비체인,True,비성장,-3.4206128133704703,트레일
2026-03-04,034230,파라다이스,정식A,실행,3,비체인,False,성장,11.956521739130439,목표
2026-03-04,183300,코미코,S2-α,실행,3,체인,False,성장,12.12290502793296,목표
2026-03-04,487570,HS효성,S2-α,실행,3,비체인,True,,-3.23308270676692,트레일
2026-03-04,017800,현대엘리베이터,S2-α,실행,3,체인,True,성장,10.47794117647058,목표
2026-03-04,475150,SK이터닉스,정식A,실행,3,비체인,False,,16.82134570765661,목표
2026-03-04,066970,엘앤에프,S2-α,실행,3,체인,False,성장,17.43562231759656,목표
2026-03-04,136490,선진,S2-α,실행,3,비체인,True,,9.45558739255014,목표
2026-03-04,161580,필옵틱스,정식A,실행,3,체인,False,성장,17.091836734693867,목표
2026-03-04,452430,사피엔반도체,S2-α,실행,3,체인,False,,12.660550458715589,목표
2026-03-04,079900,전진건설로봇,정식A,실행,3,체인,True,,13.9274279615795,목표
2026-03-04,322310,오로스테크놀로지,S2-α,실행,3,체인,False,성장,10.50955414012739,목표
2026-03-04,265520,AP시스템,정식A,실행,3,체인,True,비성장,9.58549222797926,목표
2026-03-04,441270,파인엠텍,정식A,실행,3,체인,False,,-1.54235145385588,트레일
2026-03-04,455900,엔젤로보틱스,정식A,실행,3,체인,False,,17.28515625,목표
2026-03-04,071970,HD현대마린엔진,정식A,실행,3,체인,False,성장,10.540915395284319,목표
2026-03-04,123890,한국자산신탁,정식A,실행,3,비체인,True,,7.08812260536397,목표
2026-03-04,140860,파크시스템스,S2-α,실행,3,체인,False,성장,10.60924369747899,목표
2026-03-04,192650,드림텍,정식A,실행,3,체인,True,비성장,10.108024691358029,목표
2026-03-04,180640,한진칼,정식A,실행,3,비체인,False,비성장,1.70619469026549,트레일
2026-03-04,211270,AP위성,S2-α,실행,3,체인,False,성장,12.189781021897799,목표
2026-03-04,036570,NC,정식A,실행,3,비체인,False,,9.04907975460123,목표
2026-03-04,072710,농심홀딩스,정식A,실행,3,비체인,True,비성장,7.451649601820249,목표
2026-03-04,286940,롯데이노베이트,정식A,실행,3,비체인,True,비성장,9.52380952380953,목표
2026-03-04,034220,LG디스플레이,정식A,실행,3,체인,False,비성장,-0.87999999999999,트레일
2026-03-04,243840,신흥에스이씨,S2-α,실행,3,체인,False,비성장,13.446215139442241,목표
2026-03-04,200880,서연이화,정식A,실행,3,비체인,True,성장,15.833333333333341,목표
2026-03-04,081000,일진다이아,S2-α,실행,3,비체인,True,비성장,10.05372217958557,목표
2026-03-04,298050,HS효성첨단소재,정식A,실행,3,비체인,True,비성장,14.26011264720941,목표
2026-03-04,018260,삼성에스디에스,S2-α,실행,3,비체인,False,비성장,-4.05633802816901,트레일
2026-03-04,093370,후성,정식A,실행,3,비체인,False,비성장,14.03508771929824,목표
2026-03-04,079160,CJ CGV,정식A,실행,3,비체인,False,,-5.83092783505154,트레일
2026-03-04,068270,셀트리온,S2-α,실행,3,비체인,False,성장,-3.4853090172239103,트레일
2026-03-04,285130,SK케미칼,정식A,실행,3,비체인,True,비성장,-0.91970802919707,트레일
2026-03-04,073240,금호타이어,S2-α,실행,3,비체인,True,성장,11.33567662565904,목표
2026-03-04,241710,코스메카코리아,S2-α,실행,3,비체인,False,성장,9.67514124293784,목표
2026-03-04,084680,이월드,S2-α,실행,3,비체인,False,비성장,7.529493407356,목표
2026-03-04,389020,자람테크놀로지,S2-α,실행,3,체인,False,,13.201094391244862,목표
2026-03-04,075580,세진중공업,정식A,실행,3,비체인,False,성장,16.6554054054054,목표
2026-03-04,035510,신세계 I&C,S2-α,실행,3,비체인,False,비성장,8.70880968392737,목표
2026-03-04,194370,제이에스코퍼레이션,S2-α,실행,3,비체인,True,비성장,10.53811659192824,목표
2026-03-04,090435,아모레퍼시픽우,정식A,실행,3,비체인,True,,9.47187141216991,목표
2026-03-04,032350,롯데관광개발,S2-α,실행,3,비체인,False,성장,-3.6124275934702403,트레일
2026-03-04,090430,아모레퍼시픽,정식A,실행,3,비체인,False,비성장,10.36682615629984,목표
2026-03-04,254490,미래반도체,S2-α,실행,3,비체인,False,,14.00370141887723,목표
2026-03-04,058430,포스코스틸리온,S2-α,실행,3,비체인,True,비성장,8.93958076448826,목표
2026-03-04,009240,한샘,정식A,실행,3,비체인,True,비성장,-2.8780487804878003,트레일
2026-03-04,144960,뉴파워프라즈마,S2-α,실행,3,체인,False,성장,10.90452261306533,목표
2026-03-04,472850,폰드그룹,S2-α,실행,3,비체인,True,,9.82658959537572,목표
2026-03-04,090460,비에이치,정식A,실행,3,체인,True,성장,13.912756113681429,목표
2026-03-04,138040,메리츠금융지주,S2-α,실행,3,비체인,False,,-5.42805100182149,트레일
2026-03-04,405100,큐알티,S2-α,실행,3,체인,True,,12.27336122733613,목표
2026-03-04,025540,한국단자,정식A,실행,3,비체인,True,성장,10.044642857142861,목표
2026-03-04,217730,강스템바이오텍,S2-α,실행,3,비체인,False,비성장,10.197910940076959,목표
2026-03-04,029530,신도리코,S2-α,실행,3,비체인,True,비성장,8.08678500986193,목표
2026-03-04,139480,이마트,정식A,실행,3,비체인,True,비성장,9.18827508455468,목표
2026-03-04,457550,우진엔텍,S2-α,실행,3,체인,False,,17.674418604651148,목표
2026-03-04,272290,이녹스첨단소재,S2-α,실행,3,체인,False,비성장,12.746858168761218,목표
2026-03-04,126720,수산인더스트리,정식A,실행,3,비체인,True,,9.97854077253219,목표
2026-03-04,373220,LG에너지솔루션,정식A,실행,3,체인,False,성장,11.4388489208633,목표
2026-03-04,031430,신세계인터내셔날,정식A,실행,3,비체인,True,비성장,8.0349344978166,목표
2026-03-04,450080,에코프로머티,정식A,실행,3,체인,False,,15.009041591320079,목표
2026-03-04,377300,카카오페이,정식A,실행,3,비체인,False,,13.95793499043978,목표
2026-03-04,215600,신라젠,정식A,실행,3,비체인,False,,8.957654723127039,목표
2026-03-04,078520,에이블씨엔씨,S2-α,실행,3,비체인,False,비성장,10.09414225941423,목표
2026-03-04,323410,카카오뱅크,정식A,실행,3,비체인,False,,11.14864864864864,목표
2026-03-04,007070,GS리테일,정식A,실행,3,비체인,True,비성장,8.94962486602357,목표
2026-03-04,383800,LX홀딩스,정식A,실행,3,비체인,True,,8.269230769230761,목표
2026-03-04,051910,LG화학,정식A,실행,3,비체인,False,비성장,-2.97068403908794,트레일
2026-03-04,375500,DL이앤씨,정식A,실행,3,비체인,True,비성장,11.344537815126051,목표
2026-03-04,009900,명신산업,정식A,실행,3,비체인,True,성장,16.3953488372093,목표
2026-03-04,425040,티이엠씨,S2-α,실행,3,비체인,False,,11.30490956072352,목표
2026-03-04,255220,SG,정식A,실행,3,비체인,False,성장,10.95334685598377,목표
2026-03-04,051915,LG화학우,정식A,실행,3,비체인,False,,0.16453135536076,트레일
2026-03-04,156100,엘앤케이바이오,S2-α,실행,3,비체인,False,성장,11.965811965811959,목표
2026-03-04,042660,한화오션,S2-α,실행,3,비체인,False,성장,15.069124423963128,목표
2026-03-04,000157,두산2우B,S2-α,실행,3,비체인,False,,19.14634146341463,목표
2026-03-04,298830,슈어소프트테크,S2-α,실행,3,비체인,False,,16.904761904761912,목표
2026-03-04,251370,와이엠티,S2-α,실행,3,비체인,False,비성장,12.544964028776981,목표
2026-03-04,003555,LG우,S2-α,실행,3,비체인,True,,-6.2441860465116195,트레일
2026-03-04,121600,나노신소재,정식A,실행,3,비체인,False,성장,16.85393258426966,목표
2026-03-04,000670,영풍,S2-α,실행,3,비체인,True,비성장,-3.8487712665406395,트레일
2026-03-04,059090,미코,정식A,실행,3,체인,False,성장,13.66906474820144,목표
2026-03-04,007690,국도화학,정식A,실행,3,비체인,True,비성장,8.029197080291969,목표
2026-03-04,005690,파미셀,정식A,실행,3,체인,False,비성장,14.24050632911393,목표
2026-03-04,083310,엘오티베큠,S2-α,실행,3,체인,False,비성장,11.62065894924309,목표
2026-03-04,005950,이수화학,S2-α,실행,3,비체인,False,비성장,15.85195530726257,목표
2026-03-04,004020,현대제철,S2-α,실행,3,비체인,True,비성장,18.88888888888888,목표
2026-03-04,043370,피에이치에이,S2-α,실행,3,비체인,True,비성장,8.984375,목표
2026-03-04,003120,일성아이에스,정식A,실행,3,비체인,True,성장,8.13953488372092,목표
2026-03-04,003200,일신방직,S2-α,실행,3,비체인,True,비성장,9.56306677658698,목표
2026-03-04,213420,덕산네오룩스,정식A,실행,3,체인,False,비성장,11.39705882352941,목표
2026-03-04,137400,피엔티,정식A,실행,3,체인,False,성장,15.82430806257522,목표
2026-03-04,004000,롯데정밀화학,정식A,실행,3,비체인,True,비성장,10.90584028605483,목표
2026-03-04,093320,케이아이엔엑스,정식A,실행,3,비체인,False,성장,9.81963927855711,목표
2026-03-04,079940,가비아,S2-α,실행,3,비체인,False,성장,9.51492537313432,목표
2026-03-04,007160,사조산업,정식A,실행,3,비체인,True,비성장,11.500974658869389,목표
2026-03-04,044490,태웅,정식A,실행,3,비체인,False,비성장,15.377532228360948,목표
2026-03-04,079370,제우스,정식A,실행,3,체인,False,비성장,9.933333333333321,목표
2026-03-04,006220,제주은행,정식A,실행,3,비체인,False,,13.719999999999999,목표
2026-03-04,068760,셀트리온제약,정식A,실행,3,비체인,False,비성장,12.21837088388215,목표
2026-03-04,060370,LS마린솔루션,정식A,실행,3,비체인,False,성장,16.73306772908367,목표
2026-03-04,330860,네패스아크,S2-α,실행,3,체인,False,비성장,14.070512820512809,목표
2026-03-04,160190,하이젠알앤엠,S2-α,실행,3,비체인,False,,18.58846918489065,목표
2026-03-04,000520,삼일제약,S2-α,실행,3,비체인,False,성장,8.35073068893528,목표
2026-03-04,064260,다날,정식A,실행,3,비체인,False,,15.83850931677017,목표
2026-03-04,078600,대주전자재료,정식A,실행,3,체인,False,비성장,14.800514800514799,목표
2026-03-04,004690,삼천리,정식A,실행,3,비체인,True,성장,7.765151515151509,목표
2026-03-04,382900,범한퓨얼셀,S2-α,실행,3,비체인,False,,15.676229508196709,목표
2026-03-04,047310,파워로직스,S2-α,실행,3,비체인,False,비성장,13.59875904860392,목표
2026-03-04,009470,삼화전기,S2-α,실행,3,체인,False,비성장,16.71619613670134,목표
2026-03-04,138610,나이벡,정식A,실행,3,비체인,False,성장,10.81593927893738,목표
2026-03-04,006280,녹십자,정식A,실행,3,비체인,False,비성장,10.95890410958904,목표
2026-03-04,294570,쿠콘,정식A,실행,3,비체인,False,비성장,11.600719424460431,목표
2026-03-04,004700,조광피혁,정식A,실행,3,비체인,True,비성장,13.184079601990039,목표
2026-03-04,006120,SK디스커버리,S2-α,실행,3,비체인,True,성장,9.32539682539681,목표
2026-03-04,475400,씨메스로보틱스,정식A,실행,3,체인,False,,16.97080291970802,목표
2026-03-04,035600,KG이니시스,정식A,실행,3,비체인,True,성장,7.65765765765766,목표
2026-03-04,126600,BGF에코머티리얼즈,S2-α,실행,3,비체인,True,성장,9.33333333333332,목표
2026-03-04,050890,쏠리드,정식A,실행,3,체인,False,성장,10.07142857142857,목표
2026-03-04,322510,제이엘케이,S2-α,실행,3,비체인,False,비성장,15.05546751188589,목표
2026-03-04,121440,골프존홀딩스,S2-α,실행,3,비체인,True,비성장,7.15800636267232,목표
2026-03-04,389650,넥스트바이오메디컬,정식A,실행,3,비체인,False,,12.39737274220031,목표
2026-03-04,006110,삼아알미늄,정식A,실행,3,비체인,False,비성장,13.056680161943321,목표
2026-03-04,000540,흥국화재,S2-α,실행,3,비체인,True,,11.47540983606556,목표
2026-03-04,006360,GS건설,정식A,실행,3,비체인,True,성장,9.73333333333332,목표
2026-03-04,007700,F&F홀딩스,정식A,실행,3,비체인,True,성장,10.83380601247872,목표
2026-03-04,300080,플리토,S2-α,실행,3,비체인,False,,10.95825426944971,목표
2026-03-04,016590,신대양제지,S2-α,실행,3,비체인,True,비성장,11.37286758732738,목표
2026-03-04,043150,바텍,정식A,실행,3,비체인,True,비성장,-4.56888888888888,트레일
2026-03-04,371950,풍원정밀,정식A,실행,3,체인,False,비성장,11.966583124477841,트레일
2026-03-04,001340,PKC,정식A,실행,3,비체인,False,비성장,9.294320137693619,목표
2026-03-04,001390,KG케미칼,정식A,실행,3,비체인,True,성장,9.51859956236322,목표
2026-03-04,003490,대한항공,정식A,실행,3,비체인,True,성장,10.56034482758621,목표
2026-03-04,035760,CJ ENM,정식A,실행,3,비체인,True,성장,9.60591133004926,목표
2026-03-04,033160,엠케이전자,S2-α,실행,3,체인,True,비성장,10.96224116930573,목표
2026-03-04,000240,한국앤컴퍼니,S2-α,실행,3,비체인,True,성장,0.10677618069814,트레일
2026-03-04,000320,노루홀딩스,정식A,실행,3,비체인,True,비성장,13.4433962264151,목표
2026-03-04,009520,포스코엠텍,정식A,실행,3,비체인,False,비성장,14.364461738002579,목표
2026-03-04,114190,강원에너지,정식A,실행,3,비체인,False,성장,18.95338610378187,목표
2026-03-04,383310,에코프로에이치엔,S2-α,실행,3,비체인,False,,15.66265060240963,목표
2026-03-04,033340,좋은사람들,S2-α,실행,3,비체인,False,비성장,12.05357142857141,목표
2026-03-04,332570,PS일렉트로닉스,S2-α,실행,3,체인,False,성장,12.14689265536723,목표
2026-03-04,000400,롯데손해보험,정식A,실행,3,비체인,False,,9.95828988529718,목표
2026-03-04,000430,대원강업,S2-α,실행,3,비체인,True,성장,8.54304635761589,목표
2026-03-04,011780,금호석유화학,정식A,실행,3,비체인,True,비성장,-5.55095277547639,손절
2026-03-04,003090,대웅,정식A,실행,3,비체인,False,,11.11111111111111,목표
2026-03-04,107640,한중엔시에스,S2-α,실행,3,비체인,False,성장,20.13630731102849,목표
2026-03-04,008930,한미사이언스,정식A,실행,3,비체인,False,,12.46418338108883,목표
2026-03-04,023160,태광,S2-α,실행,3,비체인,False,성장,9.8936170212766,목표
2026-03-04,000210,DL,정식A,실행,3,비체인,True,성장,14.383561643835598,목표
2026-03-04,126700,하이비젼시스템,S2-α,실행,3,체인,True,비성장,10.30070377479206,목표
2026-03-04,011785,금호석유화학우,S2-α,실행,3,비체인,True,,-5.80236486486486,손절
2026-03-04,007860,서연,S2-α,실행,3,비체인,True,성장,13.46368715083798,목표
2026-03-04,015750,성우하이텍,S2-α,실행,3,비체인,True,비성장,14.91228070175438,목표
2026-03-04,393890,더블유씨피,정식A,실행,3,체인,True,,13.711734693877538,목표
2026-03-04,061970,LB세미콘,S2-α,실행,3,체인,False,비성장,12.421972534332081,목표
2026-03-04,399720,가온칩스,정식A,실행,3,체인,False,,15.909090909090908,목표
2026-03-04,036200,유니셈,정식A,실행,3,체인,False,비성장,13.62048894062864,목표
2026-03-04,100120,뷰웍스,S2-α,실행,3,비체인,True,비성장,7.888888888888871,목표
2026-03-04,005300,롯데칠성,정식A,실행,3,비체인,True,성장,7.4793388429752,목표
2026-03-04,086390,유니테스트,S2-α,실행,3,체인,False,비성장,14.01960784313725,목표
2026-03-04,084110,휴온스글로벌,S2-α,실행,3,비체인,False,성장,9.62264150943397,목표
2026-03-04,119850,지엔씨에너지,정식A,실행,3,비체인,False,성장,12.60032102728732,목표
2026-03-04,089010,켐트로닉스,정식A,실행,3,비체인,False,비성장,16.5,목표
2026-03-04,002900,TYM,정식A,실행,3,체인,True,비성장,11.76470588235294,목표
2026-03-04,045390,대아티아이,정식A,실행,3,비체인,False,비성장,9.04522613065326,목표
2026-03-04,112290,와이씨켐,S2-α,실행,3,비체인,False,,12.558685446009399,목표
2026-03-04,005430,한국공항,S2-α,실행,3,비체인,True,성장,9.714795008912649,목표
2026-03-04,086450,동국제약,정식A,실행,3,비체인,False,성장,7.88876276958001,목표
2026-03-04,042370,비츠로테크,S2-α,실행,3,비체인,False,성장,10.76388888888888,목표
2026-03-04,450950,아스테라시스,정식A,실행,3,비체인,False,,7.45614035087718,목표
2026-03-04,042420,네오위즈홀딩스,S2-α,실행,3,비체인,True,성장,9.15178571428572,목표
2026-03-04,199800,툴젠,정식A,실행,3,비체인,False,비성장,8.29383886255923,목표
2026-03-04,464080,에스오에스랩,S2-α,실행,3,체인,False,,4.7977207977208005,트레일
2026-03-04,002790,아모레퍼시픽홀딩스,정식A,실행,3,비체인,False,비성장,11.47058823529412,목표
2026-03-04,036830,솔브레인홀딩스,S2-α,실행,3,비체인,False,비성장,13.43963553530751,목표
2026-03-04,005490,POSCO홀딩스,정식A,실행,3,비체인,True,비성장,14.23017107309487,목표
2026-03-04,036620,감성코퍼레이션,정식A,실행,3,비체인,False,성장,8.33333333333332,목표
2026-03-04,087010,펩트론,정식A,실행,3,비체인,False,비성장,14.77272727272727,목표
2026-03-04,064820,케이프,정식A,실행,3,비체인,True,비성장,16.6305525460455,목표
2026-03-04,388050,지투파워,S2-α,실행,3,비체인,False,,12.665929203539811,목표
2026-03-05,011170,롯데케미칼,정식A,실행,3,비체인,True,비성장,7.739726027397251,목표
2026-03-09,005710,대원산업,S2-α,실행,3,비체인,True,비성장,7.84313725490195,목표
2026-03-16,033790,피노,정식A,실행,3,체인,False,성장,7.92682926829269,목표
2026-03-17,045390,대아티아이,정식A,실행,3,비체인,False,비성장,-5.34172661870503,손절
2026-03-17,119830,아이텍,S2-α,실행,3,체인,False,비성장,-7.503649635036489,트레일
2026-03-17,033340,좋은사람들,S2-α,실행,3,비체인,False,비성장,-5.29081632653062,손절
2026-03-18,012320,경동인베스트,S2-α,실행,3,비체인,True,비성장,-11.23977272727272,손절
2026-03-19,161580,필옵틱스,정식A,실행,3,체인,False,성장,-5.59226932668329,손절
2026-03-19,012320,경동인베스트,S2-α,실행,3,비체인,True,비성장,-7.01309523809523,손절
2026-03-24,352820,하이브,정식A,실행,3,비체인,False,성장,-5.589021615472141,손절
2026-03-24,377300,카카오페이,정식A,실행,3,비체인,False,,-6.96043985776129,손절
2026-03-26,460930,현대힘스,정식A,실행,3,비체인,False,,-5.29351184346035,손절
2026-03-27,462350,이노스페이스,정식A,실행,3,비체인,False,,-7.487179487179479,트레일
2026-03-30,071320,지역난방공사,정식A,실행,3,비체인,True,성장,-6.25994694960212,손절
2026-03-30,084850,아이티엠반도체,S2-α,실행,3,체인,False,비성장,8.26737027264732,목표
2026-03-31,394280,오픈엣지테크놀로지,S2-α,실행,3,비체인,False,,10.92669432918396,목표
2026-03-31,084850,아이티엠반도체,S2-α,실행,3,체인,False,비성장,7.67807585568918,목표
2026-03-31,499790,GS피앤엘,정식A,실행,3,비체인,False,,6.87203791469195,목표
2026-03-31,005690,파미셀,S2-α,실행,3,체인,False,비성장,7.98492117888964,목표
2026-03-31,371950,풍원정밀,S2-α,실행,3,체인,False,비성장,7.428571428571421,목표
2026-03-31,304360,에스바이오메딕스,S2-α,실행,3,비체인,False,,-9.3560975609756,손절
2026-03-31,112290,와이씨켐,S2-α,실행,3,비체인,False,,6.860465116279061,목표
2026-03-31,007570,일양약품,S2-α,실행,3,비체인,False,비성장,7.85013380909902,목표
2026-03-31,089030,테크윙,정식A,실행,3,체인,False,비성장,7.39514348785872,목표
2026-03-31,348210,넥스틴,정식A,실행,3,체인,False,성장,8.4,목표
2026-03-31,032350,롯데관광개발,정식A,실행,3,비체인,False,성장,-5.27377521613833,손절
2026-03-31,000157,두산2우B,정식A,실행,3,비체인,False,,9.18635170603674,목표
2026-03-31,089890,코세스,S2-α,실행,3,체인,False,비성장,8.95601483836778,목표
2026-04-01,304360,에스바이오메딕스,정식A,실행,4,비체인,False,,-5.055474452554741,손절
2026-04-02,084110,휴온스글로벌,S2-α,실행,4,비체인,False,성장,-8.23529411764706,트레일
2026-04-02,018470,조일알미늄,S2-α,실행,4,비체인,False,비성장,7.423269093504629,목표
2026-04-02,304360,에스바이오메딕스,정식A,실행,4,비체인,False,,7.51503006012024,목표
2026-04-03,389650,넥스트바이오메디컬,정식A,실행,4,비체인,False,,-8.38503672745695,손절
2026-04-06,123330,제닉,S2-α,실행,4,비체인,False,비성장,8.48375451263538,목표
2026-04-07,466100,클로봇,S2-α,실행,4,비체인,False,,13.035495716034259,목표
2026-04-10,445680,큐리옥스바이오시스템즈,정식A,실행,4,비체인,False,,6.931359353970399,목표
2026-04-13,004380,삼익THK,S2-α,실행,4,체인,False,비성장,7.014218009478671,목표
2026-05-15,389020,자람테크놀로지,정식A,실행,5,체인,False,,-10.13122203579418,손절
2026-05-15,089030,테크윙,S2-α,실행,5,체인,False,비성장,6.8452380952380905,목표
2026-05-15,464080,에스오에스랩,S2-α,실행,5,체인,False,,-9.33934649421375,손절
2026-05-15,092200,디아이씨,S2-α,실행,5,비체인,False,비성장,-6.722454672245471,손절
2026-05-18,464080,에스오에스랩,S2-α,실행,5,체인,False,,-5.83482250300843,손절
2026-05-18,475830,오름테라퓨틱,정식A,실행,5,비체인,False,,-9.82613077679449,손절
2026-05-18,092200,디아이씨,S2-α,실행,5,비체인,False,비성장,-11.33333333333332,손절
2026-05-18,009470,삼화전기,정식A,실행,5,체인,False,비성장,-5.60450318159568,손절
2026-05-18,348210,넥스틴,정식A,실행,5,체인,False,비성장,-5.30262096774193,손절
2026-05-18,377300,카카오페이,정식A,실행,5,비체인,False,,-7.41853360488798,손절
2026-05-18,114190,강원에너지,정식A,실행,5,비체인,False,성장,-6.19976889613921,손절
2026-05-18,006730,서부T&D,정식A,실행,5,비체인,False,성장,-5.023265306122441,손절
2026-05-18,190510,나무가,S2-α,실행,5,체인,True,비성장,-7.88537234042553,손절
2026-05-18,039440,에스티아이,S2-α,실행,5,체인,False,비성장,-7.17426086956523,손절
2026-05-18,237690,에스티팜,S2-α,실행,5,비체인,False,성장,7.0456365092073705,목표
2026-05-18,042520,한스바이오메드,정식A,실행,5,비체인,False,성장,8.36820083682008,목표
2026-05-18,056190,SFA,정식A,실행,5,체인,False,비성장,7.076350093109871,목표
2026-05-18,213420,덕산네오룩스,정식A,실행,5,체인,False,성장,-7.121951219512191,트레일
2026-05-18,086390,유니테스트,S2-α,실행,5,체인,False,비성장,-9.42927823050058,손절
2026-05-18,051370,인터플렉스,S2-α,실행,5,체인,True,비성장,6.8739054290718,목표
2026-05-18,108320,LX세미콘,정식A,실행,5,체인,True,비성장,-5.6180926916221,손절
2026-05-18,389020,자람테크놀로지,정식A,실행,5,체인,False,,-5.40002450980393,손절
2026-05-19,035510,신세계 I&C,S2-α,실행,5,비체인,False,비성장,-6.1469545717592595,손절
2026-05-19,403550,쏘카,S2-α,실행,5,비체인,False,,6.83506686478454,목표
2026-05-19,382900,범한퓨얼셀,정식A,실행,5,비체인,False,,-6.785714285714279,손절
2026-05-19,078160,메디포스트,정식A,실행,5,비체인,False,비성장,-6.81369321922317,손절
2026-05-19,039200,오스코텍,정식A,실행,5,비체인,False,성장,7.5609756097561,목표
2026-05-19,204620,글로벌텍스프리,정식A,실행,5,비체인,False,성장,-5.117876838235301,손절
2026-05-19,190510,나무가,S2-α,실행,5,체인,True,비성장,-5.53642010163749,손절
2026-05-19,475830,오름테라퓨틱,정식A,실행,5,비체인,False,,10.41335453100158,목표
2026-05-19,141080,리가켐바이오,정식A,실행,5,비체인,False,성장,-10.309381237524951,손절
2026-05-19,464080,에스오에스랩,S2-α,실행,5,체인,False,,-5.60557768924302,손절
2026-05-20,022100,포스코DX,정식A,실행,5,비체인,False,비성장,6.99831365935919,목표
2026-05-20,199430,케이엔알시스템,S2-α,실행,5,체인,False,,8.1140350877193,목표
2026-05-20,474170,루미르,S2-α,실행,5,비체인,False,,9.18196994991653,목표
2026-05-20,031440,신세계푸드,S2-α,실행,5,비체인,False,비성장,7.303370786516861,목표
2026-05-20,211270,AP위성,S2-α,실행,5,체인,False,비성장,9.31533903884134,목표
2026-05-20,317330,덕산테코피아,정식A,실행,5,비체인,False,비성장,8.16831683168317,목표
2026-05-20,455900,엔젤로보틱스,정식A,실행,5,체인,False,,7.53968253968253,목표
2026-05-20,064400,LG씨엔에스,S2-α,실행,5,비체인,True,,7.09269662921348,목표
2026-05-20,035510,신세계 I&C,S2-α,실행,5,비체인,False,비성장,-6.12321095208463,손절
2026-05-20,388720,유일로보틱스,정식A,실행,5,체인,False,,7.16723549488054,목표
2026-05-20,117730,티로보틱스,정식A,실행,5,체인,False,비성장,6.888499708114421,목표
2026-06-05,119830,아이텍,S2-α,실행,6,체인,False,비성장,-5.49332344213649,손절
2026-06-05,388720,유일로보틱스,정식A,실행,6,체인,False,,-11.05945945945946,손절
2026-06-05,052020,에스티큐브,정식A,실행,6,비체인,False,비성장,-8.29479768786126,손절
2026-06-05,022100,포스코DX,정식A,실행,6,비체인,False,비성장,-6.37321632420091,손절
2026-06-08,056080,유진로봇,정식A,실행,6,체인,False,비성장,6.962025316455681,목표
2026-06-08,052020,에스티큐브,정식A,실행,6,비체인,False,비성장,7.77891504605936,목표
2026-06-08,119830,아이텍,S2-α,실행,6,체인,False,비성장,7.235772357723561,목표
2026-06-08,041920,메디아나,S2-α,실행,6,비체인,False,비성장,9.90415335463259,목표
2026-06-08,078350,한양디지텍,S2-α,실행,6,체인,False,성장,-1.43231441048035,트레일
2026-06-08,376270,HEM파마,정식A,실행,6,비체인,False,성장,8.42230130486358,목표
2026-06-08,388720,유일로보틱스,정식A,실행,6,체인,False,,-7.014134275618369,손절
2026-06-08,061970,LB세미콘,정식A,실행,6,체인,False,비성장,12.45398773006134,목표
2026-06-08,042370,비츠로테크,정식A,실행,6,비체인,False,성장,7.81399808245446,목표
2026-06-08,002380,KCC,S2-α,실행,6,비체인,True,비성장,9.323770491803279,목표
2026-06-08,137400,피엔티,정식A,실행,6,체인,False,성장,6.90104166666667,목표
2026-06-08,010130,고려아연,정식A,실행,6,비체인,False,성장,7.26718885987816,목표
2026-06-08,001430,세아베스틸지주,정식A,실행,6,비체인,True,비성장,7.19101123595504,목표
2026-06-08,083650,비에이치아이,정식A,실행,6,체인,False,성장,8.94648829431439,목표
2026-06-08,357780,솔브레인,정식A,실행,6,비체인,False,비성장,9.33641975308641,목표
2026-06-08,089010,켐트로닉스,정식A,실행,6,비체인,False,비성장,13.05555555555555,목표
2026-06-08,086520,에코프로,정식A,실행,6,비체인,False,비성장,11.21673003802281,목표
2026-06-08,290690,아리바이오홀딩스,S2-α,실행,6,비체인,False,비성장,7.042253521126749,목표
2026-06-08,042600,새로닉스,S2-α,실행,6,체인,False,비성장,-6.13333333333333,트레일
2026-06-08,383310,에코프로에이치엔,정식A,실행,6,비체인,False,,7.66355140186916,목표
2026-06-08,482630,삼양엔씨켐,정식A,실행,6,비체인,False,,9.59787556904401,목표
2026-06-08,099320,쎄트렉아이,정식A,실행,6,비체인,False,성장,7.656826568265671,목표
2026-06-08,098120,마이크로컨텍솔,S2-α,실행,6,체인,False,성장,9.10931174089069,목표
2026-06-08,004020,현대제철,정식A,실행,6,비체인,True,비성장,-6.711711711711709,손절
2026-06-08,102940,코오롱생명과학,정식A,실행,6,비체인,False,비성장,7.94183445190157,목표
2026-06-08,039440,에스티아이,정식A,실행,6,체인,False,비성장,9.65794768611669,목표
2026-06-08,100120,뷰웍스,S2-α,실행,6,비체인,True,비성장,7.23270440251573,목표
2026-06-08,200710,에이디테크놀로지,정식A,실행,6,체인,False,비성장,8.72641509433962,목표
2026-06-08,323280,태성,정식A,실행,6,체인,False,비성장,9.873949579831939,목표
2026-06-08,060370,LS마린솔루션,정식A,실행,6,비체인,False,성장,7.0915619389587,목표
2026-06-08,310210,보로노이,정식A,실행,6,비체인,False,,12.016574585635361,목표
2026-06-08,048410,현대바이오,정식A,실행,6,비체인,False,비성장,-5.75056433408578,손절
2026-06-08,466100,클로봇,정식A,실행,6,비체인,False,,-6.01333333333333,손절
2026-06-08,104830,원익머트리얼즈,S2-α,실행,6,비체인,False,비성장,8.92143808255658,목표
2026-06-08,036830,솔브레인홀딩스,정식A,실행,6,비체인,True,비성장,9.191176470588221,목표
2026-06-08,009830,한화솔루션,정식A,실행,6,비체인,True,비성장,7.41007194244605,목표
2026-06-08,418420,라온텍,S2-α,실행,6,체인,False,,12.3046875,목표
2026-06-08,314130,지놈앤컴퍼니,S2-α,실행,6,비체인,False,성장,10.57791537667698,목표
2026-06-08,214370,케어젠,정식A,실행,6,비체인,False,비성장,11.950146627565971,목표
2026-06-08,286940,롯데이노베이트,정식A,실행,6,비체인,True,비성장,-6.81498240321769,손절
2026-06-08,489790,한화비전,S2-α,실행,6,체인,False,,11.437403400309119,목표
2026-06-08,451760,컨텍,S2-α,실행,6,비체인,False,,7.75401069518717,목표
2026-06-08,007660,이수페타시스,정식A,실행,6,체인,False,성장,-1.0104068117313099,트레일
2026-06-08,003670,포스코퓨처엠,정식A,실행,6,체인,False,비성장,9.00372935535429,목표
2026-06-08,058650,세아홀딩스,S2-α,실행,6,비체인,True,비성장,-7.43589743589743,손절
2026-06-08,281740,레이크머티리얼즈,정식A,실행,6,비체인,False,비성장,8.87258172114742,목표
2026-06-08,475150,SK이터닉스,S2-α,실행,6,비체인,False,,7.54276827371696,목표
2026-06-08,003160,디아이,정식A,실행,6,체인,False,성장,9.46808510638297,목표
2026-06-08,115180,큐리언트,정식A,실행,6,비체인,False,비성장,8.45665961945032,목표
2026-06-08,011930,신성이엔지,정식A,실행,6,체인,False,비성장,8.93042575285565,목표
2026-06-08,178920,PI첨단소재,정식A,실행,6,비체인,False,비성장,7.4626865671641704,목표
2026-06-08,140860,파크시스템스,S2-α,실행,6,체인,False,성장,-5.19191919191919,손절
2026-06-08,402490,그린리소스,S2-α,실행,6,체인,False,,11.60886319845857,목표
2026-06-08,457190,이수스페셜티케미컬,S2-α,실행,6,비체인,False,,7.46460746460746,목표
2026-06-08,253590,네오셈,정식A,실행,6,체인,False,비성장,10.70826306913996,목표
2026-06-08,034020,두산에너빌리티,정식A,실행,6,체인,False,비성장,7.8088578088578,목표
2026-06-08,425420,티에프이,정식A,실행,6,체인,False,,8.29411764705883,목표
2026-06-08,417200,LS머트리얼즈,S2-α,실행,6,체인,False,,10.75436408977557,목표
2026-06-08,000157,두산2우B,정식A,실행,6,비체인,False,,-7.6199095022624395,트레일
2026-06-08,117730,티로보틱스,정식A,실행,6,체인,False,비성장,7.17488789237668,목표
2026-06-08,00088K,한화3우B,정식A,실행,6,비체인,True,,8.71212121212121,목표
2026-06-08,030530,원익홀딩스,정식A,실행,6,비체인,False,비성장,11.05990783410137,목표
2026-06-08,036200,유니셈,정식A,실행,6,체인,False,비성장,11.748329621380831,목표
2026-06-08,247540,에코프로비엠,정식A,실행,6,체인,False,비성장,11.80338134001253,목표
2026-06-08,265520,AP시스템,정식A,실행,6,체인,False,비성장,8.81642512077294,목표
2026-06-08,397030,에이프릴바이오,정식A,실행,6,비체인,False,,-8.475609756097551,손절
2026-06-08,033100,제룡전기,S2-α,실행,6,비체인,False,성장,8.80503144654087,목표
2026-06-08,105840,우진,정식A,실행,6,체인,False,성장,8.15018315018314,목표
2026-06-08,204320,HL만도,S2-α,실행,6,비체인,False,성장,7.14285714285714,목표
2026-06-08,107640,한중엔시에스,정식A,실행,6,비체인,False,성장,8.29113924050632,목표
2026-06-08,222080,SFA넥셀,정식A,실행,6,체인,False,성장,9.16069600818834,목표
2026-06-08,445680,큐리옥스바이오시스템즈,정식A,실행,6,비체인,False,,-5.08768459915612,손절
2026-06-08,226950,올릭스,정식A,실행,6,비체인,False,,-1.8627450980392202,트레일
2026-06-08,161580,필옵틱스,정식A,실행,6,체인,False,비성장,-4.64751958224542,트레일
2026-06-08,078520,에이블씨엔씨,정식A,실행,6,비체인,False,비성장,7.5609756097561,목표
2026-06-08,272290,이녹스첨단소재,정식A,실행,6,체인,False,비성장,7.1705426356589,목표
2026-06-08,012030,DB,정식A,실행,6,비체인,False,성장,7.80162412993039,목표
2026-06-08,014680,한솔케미칼,정식A,실행,6,비체인,False,비성장,10.0,목표
2026-06-09,042520,한스바이오메드,정식A,실행,6,비체인,False,성장,9.02489626556015,목표
2026-06-09,466100,클로봇,정식A,실행,6,비체인,False,,-7.886740331491709,손절
2026-06-09,397030,에이프릴바이오,정식A,실행,6,비체인,False,,10.55488540410132,목표
2026-06-09,445680,큐리옥스바이오시스템즈,정식A,실행,6,비체인,False,,-7.29434763181413,손절
2026-06-09,048410,현대바이오,정식A,실행,6,비체인,False,비성장,-5.10807736063708,손절
2026-06-10,035420,NAVER,정식A,실행,6,비체인,False,,11.45374449339207,목표
2026-06-10,445680,큐리옥스바이오시스템즈,정식A,실행,6,비체인,False,,-8.15751445086705,손절
2026-06-11,035420,NAVER,정식A,실행,6,비체인,False,,7.366071428571409,목표
2026-06-11,001080,만호제강,S2-α,실행,6,비체인,False,비성장,8.29207920792078,목표
2026-06-23,007390,네이처셀,S2-α,실행,6,비체인,False,비성장,-6.7410358565737,트레일
2026-06-23,092870,엑시콘,정식A,실행,6,체인,False,비성장,-5.68181069958847,손절
2026-06-23,082740,한화엔진,S2-α,실행,6,체인,False,성장,-5.69252336448597,손절
2026-06-23,332570,PS일렉트로닉스,정식A,실행,6,체인,False,성장,-5.97103918228278,손절
2026-06-23,011210,현대위아,정식A,실행,6,비체인,True,비성장,-5.74921135646687,손절
2026-06-23,000430,대원강업,S2-α,실행,6,비체인,True,성장,-5.0,손절
2026-06-23,448900,한국피아이엠,정식A,실행,6,비체인,False,,-5.75931683587142,손절
2026-06-23,006800,미래에셋증권,S2-α,실행,6,비체인,False,,7.829181494661911,목표
2026-06-23,126340,비나텍,S2-α,실행,6,체인,False,비성장,-2.1697099892588603,트레일
2026-06-23,012860,모베이스전자,S2-α,실행,6,비체인,False,비성장,-6.5320388349514396,트레일
2026-06-23,336370,솔루스첨단소재,정식A,실행,6,체인,False,성장,-8.34861553432413,손절
2026-06-23,009540,HD한국조선해양,S2-α,실행,6,비체인,True,성장,-5.0,손절
2026-06-23,417200,LS머트리얼즈,정식A,실행,6,체인,False,,-5.66094717064544,손절
2026-06-23,100790,미래에셋벤처투자,정식A,실행,6,비체인,False,,-7.665024630541869,트레일
2026-06-23,006405,삼성SDI우,S2-α,실행,6,비체인,False,,8.29326923076922,목표
2026-06-23,051910,LG화학,정식A,실행,6,비체인,False,비성장,-5.32590051457976,손절
2026-06-23,376270,HEM파마,정식A,실행,6,비체인,False,성장,11.44578313253013,목표
2026-06-23,018880,한온시스템,정식A,실행,6,체인,False,성장,-5.6373417721519,손절
2026-06-23,389500,에스비비테크,정식A,실행,6,체인,False,,-5.783274440518261,손절
2026-06-23,000370,한화손해보험,정식A,실행,6,비체인,True,,-5.0,손절
2026-06-23,097230,HJ중공업,정식A,실행,6,비체인,False,비성장,6.88775510204082,목표
2026-06-23,003670,포스코퓨처엠,정식A,실행,6,체인,False,비성장,-5.49450549450549,손절
2026-06-23,437730,삼현,정식A,실행,6,비체인,False,,7.86369593709044,목표
2026-06-23,049070,인탑스,정식A,실행,6,체인,True,비성장,11.47291539866097,목표
2026-06-23,232680,라온로보틱스,S2-α,실행,6,체인,False,비성장,-5.0898770104068,손절
2026-06-23,126730,코칩,S2-α,실행,6,체인,False,,-8.70329977628636,손절
2026-06-23,086280,현대글로비스,정식A,실행,6,비체인,True,비성장,-5.0,손절
2026-06-23,090710,휴림로봇,S2-α,실행,6,체인,False,성장,-5.0,손절
2026-06-23,005385,현대차우,정식A,실행,6,비체인,True,,-5.0,손절
2026-06-23,00680K,미래에셋증권2우B,정식A,실행,6,비체인,False,,8.18601076095311,목표
2026-06-23,295310,에이치브이엠,정식A,실행,6,비체인,False,,-8.464621212121221,손절
2026-06-23,036570,NC,정식A,실행,6,비체인,False,,7.349896480331259,목표
2026-06-23,452280,한선엔지니어링,S2-α,실행,6,비체인,False,,-7.39785344189489,손절
2026-06-24,448900,한국피아이엠,정식A,실행,6,비체인,False,,-5.46461858432035,손절
2026-06-24,254490,미래반도체,정식A,실행,6,비체인,False,비성장,-5.96078431372548,트레일
2026-06-24,126730,코칩,S2-α,실행,6,체인,False,,-5.1435266549502,트레일
2026-06-24,125020,티씨머티리얼즈,S2-α,실행,6,비체인,False,,-3.9250936329588004,트레일
2026-06-24,200710,에이디테크놀로지,정식A,실행,6,체인,False,비성장,-6.84949832775919,트레일
2026-06-24,033240,자화전자,정식A,실행,6,체인,False,성장,-5.51820715962442,손절
2026-06-24,336370,솔루스첨단소재,정식A,실행,6,체인,False,성장,-6.21156804198335,손절
2026-06-24,230240,에치에프알,정식A,실행,6,체인,False,비성장,-5.6359102244389,트레일
2026-06-24,027360,아주IB투자,정식A,실행,6,비체인,False,,-7.5374500000000095,손절
2026-06-24,094820,일진파워,S2-α,실행,6,비체인,True,성장,-7.09046454767726,손절
2026-06-24,090460,비에이치,S2-α,실행,6,체인,True,비성장,-9.26222222222222,트레일
2026-06-24,030530,원익홀딩스,정식A,실행,6,비체인,False,비성장,-5.65668202764977,손절
2026-06-24,036200,유니셈,정식A,실행,6,체인,False,비성장,-6.912205567451821,트레일
2026-06-24,110990,디아이티,정식A,실행,6,체인,False,비성장,-7.05408271474019,트레일
2026-06-24,092870,엑시콘,정식A,실행,6,체인,False,비성장,-5.25925123762377,손절
2026-06-24,357780,솔브레인,정식A,실행,6,비체인,False,비성장,7.03703703703704,목표
2026-06-24,104830,원익머트리얼즈,S2-α,실행,6,비체인,False,비성장,8.113207547169822,목표
2026-06-24,061970,LB세미콘,정식A,실행,6,체인,False,비성장,-7.31596828992072,트레일
2026-06-24,046120,오르비텍,S2-α,실행,6,비체인,False,비성장,-8.74785591766723,손절
2026-06-24,039440,에스티아이,정식A,실행,6,체인,False,비성장,-5.95419847328244,트레일
2026-06-24,323280,태성,정식A,실행,6,체인,False,비성장,-9.00107991360691,손절
2026-06-24,003160,디아이,정식A,실행,6,체인,False,성장,8.80503144654087,목표
2026-06-26,357880,SKAI,S2-α,실행,6,비체인,False,,9.15354330708662,목표
2026-06-26,149950,아바텍,S2-α,실행,6,체인,False,비성장,12.144955925563169,목표
2026-06-26,078600,대주전자재료,정식A,실행,6,체인,False,성장,7.28100113765641,목표
2026-06-26,090710,휴림로봇,정식A,실행,6,체인,False,성장,8.42318059299191,목표
2026-06-26,093320,케이아이엔엑스,정식A,실행,6,비체인,False,성장,7.65407554671968,목표
2026-06-26,382800,지앤비에스 에코,S2-α,실행,6,체인,False,,6.828193832599109,목표
2026-06-26,365270,큐라클,S2-α,실행,6,비체인,False,,8.83765609990394,목표
2026-06-26,126340,비나텍,정식A,실행,6,체인,False,비성장,10.34912718204488,목표
2026-06-26,032500,케이엠더블유,정식A,실행,6,체인,False,비성장,7.69230769230768,목표
2026-06-26,006110,삼아알미늄,S2-α,실행,6,비체인,False,비성장,6.92612137203165,목표
2026-06-26,010950,S-Oil,정식A,실행,6,비체인,False,비성장,7.564377682403429,목표
2026-06-26,456010,아이씨티케이,정식A,실행,6,체인,False,,8.50422195416165,목표
2026-06-26,126730,코칩,S2-α,실행,6,체인,False,,8.45890410958905,목표
2026-06-26,347850,디앤디파마텍,S2-α,실행,6,비체인,False,,9.20205920205921,목표
2026-06-26,004310,현대약품,S2-α,실행,6,비체인,False,성장,-1.6727272727272697,트레일
2026-06-26,010690,화신,정식A,실행,6,비체인,True,비성장,10.19900497512438,목표
2026-06-26,120110,코오롱인더,정식A,실행,6,비체인,True,비성장,8.37742504409171,목표
2026-06-26,229640,LS에코에너지,정식A,실행,6,비체인,False,,7.00836820083681,목표
2026-06-26,425040,티이엠씨,S2-α,실행,6,비체인,False,,8.09523809523808,목표
2026-06-26,041920,메디아나,정식A,실행,6,비체인,False,비성장,8.93358278765201,목표
2026-06-26,092790,넥스틸,정식A,실행,6,비체인,True,,-6.45213193885759,손절
2026-06-26,033100,제룡전기,정식A,실행,6,비체인,False,성장,7.18599033816425,목표
2026-06-26,066970,엘앤에프,정식A,실행,6,체인,False,비성장,7.48230535894842,목표
2026-06-26,368770,파이버프로,S2-α,실행,6,체인,False,성장,7.14285714285714,목표
2026-06-26,094170,동운아나텍,S2-α,실행,6,체인,False,성장,7.42904841402336,목표
2026-07-01,086520,에코프로,정식A,실행,7,비체인,False,비성장,-6.3279569892473,손절
2026-07-02,357780,솔브레인,정식A,실행,7,비체인,False,비성장,10.214168039538709,목표
2026-07-02,108490,로보티즈,정식A,실행,7,체인,False,성장,-6.56415198237885,손절
2026-07-02,200470,에이팩트,정식A,실행,7,체인,False,성장,-5.76779100529102,손절
2026-07-03,168360,펨트론,정식A,실행,7,체인,False,비성장,-5.30176971326163,손절
2026-07-03,023410,유진기업,S2-α,실행,7,비체인,True,비성장,11.76470588235294,목표
2026-07-03,089030,테크윙,정식A,실행,7,체인,False,비성장,-10.86695278969956,트레일
2026-07-03,425040,티이엠씨,S2-α,실행,7,비체인,False,,-5.6522341813437595,손절
2026-07-03,092870,엑시콘,S2-α,실행,7,체인,False,비성장,-9.4229934924078,트레일
2026-07-03,126340,비나텍,정식A,실행,7,체인,False,비성장,-12.0,트레일
2026-07-03,003160,디아이,정식A,실행,7,체인,False,성장,-11.821862348178131,트레일
2026-07-03,007660,이수페타시스,정식A,실행,7,체인,False,성장,-8.68725401150469,손절
2026-07-03,200470,에이팩트,정식A,실행,7,체인,False,성장,-5.0631313131313105,손절
2026-07-03,482630,삼양엔씨켐,정식A,실행,7,비체인,False,,-7.55066430066431,손절
2026-07-03,290690,아리바이오홀딩스,S2-α,실행,7,비체인,False,비성장,-5.4565217391304195,손절
2026-07-03,033790,피노,정식A,실행,7,체인,False,성장,-12.0,트레일
2026-07-03,014680,한솔케미칼,S2-α,실행,7,비체인,False,비성장,-8.61904761904761,손절
2026-07-06,226950,올릭스,정식A,실행,7,비체인,False,,8.074074074074069,목표
2026-07-06,033790,피노,정식A,실행,7,체인,False,성장,-9.796416938110749,손절
2026-07-06,290690,아리바이오홀딩스,S2-α,실행,7,비체인,False,비성장,-5.67375886524822,손절
2026-07-06,007660,이수페타시스,정식A,실행,7,체인,False,성장,-5.28134254689042,손절
2026-07-06,347850,디앤디파마텍,정식A,실행,7,비체인,False,,7.11462450592885,목표
2026-07-07,043260,성호전자,정식A,실행,7,체인,False,성장,-6.909793814432979,손절
2026-07-07,403870,HPSP,정식A,실행,7,체인,False,,-6.94578313253012,손절
2026-07-07,077360,덕산하이메탈,정식A,실행,7,체인,False,성장,-5.334362745098041,손절
2026-07-07,089890,코세스,S2-α,실행,7,체인,False,비성장,9.7378277153558,목표
2026-07-08,033100,제룡전기,정식A,실행,7,비체인,True,성장,8.18713450292398,목표
2026-07-08,039030,이오테크닉스,정식A,실행,7,체인,False,비성장,7.6086956521739,목표
2026-07-08,032820,우리기술,정식A,실행,7,비체인,False,성장,9.37818552497451,목표
2026-07-08,166090,하나머티리얼즈,정식A,실행,7,체인,False,비성장,7.27650727650728,목표
2026-07-08,006910,보성파워텍,정식A,실행,7,비체인,False,성장,8.24,목표
2026-07-08,403870,HPSP,정식A,실행,7,체인,False,,8.169934640522861,목표
2026-07-08,005290,동진쎄미켐,정식A,실행,7,비체인,False,비성장,7.50293083235638,목표
2026-07-08,001440,대한전선,정식A,실행,7,비체인,False,성장,7.180851063829791,목표
2026-07-08,001720,신영증권,정식A,실행,7,비체인,True,,-6.04870129870129,손절
2026-07-08,003200,일신방직,S2-α,실행,7,비체인,True,비성장,-7.6243093922651894,손절
2026-07-08,000880,한화,정식A,실행,7,비체인,True,성장,-6.252676659528909,트레일
2026-07-08,000720,현대건설,정식A,실행,7,비체인,False,성장,7.1002979145978005,목표
2026-07-08,042700,한미반도체,정식A,실행,7,체인,False,성장,6.85240963855422,목표
2026-07-08,103590,일진전기,정식A,실행,7,비체인,False,성장,7.08598726114648,목표
2026-07-08,082740,한화엔진,정식A,실행,7,체인,False,성장,-5.8491620111731795,손절
2026-07-08,195870,해성디에스,정식A,실행,7,체인,False,비성장,9.2479674796748,목표
2026-07-08,229640,LS에코에너지,정식A,실행,7,비체인,False,,8.14220183486238,목표
2026-07-08,043260,성호전자,정식A,실행,7,체인,False,성장,6.848582129481,목표
2026-07-08,267260,HD현대일렉트릭,정식A,실행,7,비체인,False,성장,7.06388206388206,목표
2026-07-08,108490,로보티즈,정식A,실행,7,체인,False,성장,7.99897119341563,목표
2026-07-08,336260,두산퓨얼셀,정식A,실행,7,비체인,False,성장,11.31301289566237,목표
2026-07-08,356680,엑스게이트,S2-α,실행,7,비체인,False,성장,8.18847209515096,목표
2026-07-08,033640,네패스,정식A,실행,7,체인,False,비성장,6.860651361452209,목표
2026-07-08,218410,RFHIC,정식A,실행,7,체인,False,성장,-5.38461538461538,손절
2026-07-08,091580,상신이디피,S2-α,실행,7,체인,False,비성장,7.07931801334322,목표
2026-07-08,183300,코미코,S2-α,실행,7,체인,False,성장,8.43373493975903,목표
2026-07-08,098460,고영,정식A,실행,7,체인,False,비성장,6.89999999999999,목표
2026-07-08,052710,아모텍,S2-α,실행,7,체인,False,성장,10.0375234521576,목표
2026-07-08,058610,에스피지,정식A,실행,7,비체인,False,비성장,7.326283987915411,목표
2026-07-09,452280,한선엔지니어링,S2-α,실행,7,비체인,False,,7.988980716253439,목표
2026-07-09,021240,코웨이,S2-α,실행,7,비체인,True,성장,6.94117647058822,목표
2026-07-09,290650,엘앤씨바이오,S2-α,실행,7,비체인,False,성장,7.30659025787965,목표
2026-07-09,217730,강스템바이오텍,S2-α,실행,7,비체인,False,비성장,7.08245243128964,목표
2026-07-13,012750,에스원,정식A,실행,7,비체인,True,비성장,-0.697350069735,만기
2026-07-13,007390,네이처셀,정식A,실행,7,비체인,False,비성장,10.363247863247869,목표
2026-07-14,218410,RFHIC,정식A,실행,7,체인,False,성장,8.2122905027933,목표
2026-07-14,090360,로보스타,정식A,실행,7,체인,False,비성장,6.9047619047619,목표
2026-07-14,368770,파이버프로,정식A,실행,7,체인,False,성장,-6.10878661087865,트레일
2026-07-14,089890,코세스,S2-α,실행,7,체인,False,비성장,-8.59668508287292,트레일
2026-07-14,098460,고영,정식A,실행,7,체인,False,비성장,7.029702970297031,목표
2026-07-14,178320,서진시스템,정식A,실행,7,비체인,False,성장,-1.49602122015914,트레일
2026-07-14,200710,에이디테크놀로지,정식A,실행,7,체인,False,비성장,-5.5972927241962696,트레일
2026-07-14,043260,성호전자,정식A,실행,7,체인,False,성장,10.12486427795873,목표
2026-07-14,052710,아모텍,S2-α,실행,7,체인,False,성장,7.33249051833122,목표
2026-07-14,347850,디앤디파마텍,정식A,실행,7,비체인,False,,8.86871508379887,목표
2026-07-14,138080,오이솔루션,S2-α,실행,7,체인,False,비성장,8.05626598465474,목표
2026-07-14,009160,SIMPAC,정식A,실행,7,비체인,True,성장,-5.79487179487179,트레일
2026-07-14,005090,SGC에너지,정식A,실행,7,비체인,True,비성장,10.34482758620689,목표
2026-07-14,009420,한올바이오파마,S2-α,실행,7,비체인,False,성장,7.057654075546719,목표
2026-07-14,458870,씨어스,정식A,실행,7,비체인,False,,-8.22857142857143,트레일
2026-07-14,950160,코오롱티슈진,정식A,실행,7,비체인,False,,-2.70507544581618,트레일
2026-07-15,298000,효성화학,S2-α,실행,7,비체인,True,비성장,-6.12521150592216,손절
2026-07-15,180640,한진칼,정식A,실행,7,비체인,False,성장,-7.20142602495543,손절
2026-07-20,307950,현대오토에버,정식A,실행,7,비체인,False,성장,7.33512786002692,목표
2026-07-20,098460,고영,정식A,실행,7,체인,False,비성장,7.60649087221094,목표
2026-07-20,356680,엑스게이트,정식A,실행,7,비체인,False,성장,-6.02517704216074,손절
2026-07-20,347850,디앤디파마텍,정식A,실행,7,비체인,False,,-6.92068429237947,손절
2026-07-20,327260,RF머트리얼즈,정식A,실행,7,체인,False,성장,9.7491448118586,목표
2026-07-20,001440,대한전선,정식A,실행,7,비체인,False,성장,8.6105675146771,목표
2026-07-20,319400,현대무벡스,정식A,실행,7,체인,False,성장,7.81671159029648,목표
2026-07-20,195870,해성디에스,정식A,실행,7,체인,False,비성장,8.04924242424243,목표
2026-07-20,000150,두산,S2-α,실행,7,체인,False,비성장,7.5960679177837305,목표
2026-07-20,006260,LS,정식A,실행,7,비체인,False,성장,7.43879472693032,목표
2026-07-20,131970,두산테스나,S2-α,실행,7,체인,False,비성장,-5.66749379652605,트레일
2026-07-20,000990,DB하이텍,S2-α,실행,7,체인,False,비성장,9.21568627450979,목표
2026-07-20,080580,오킨스전자,S2-α,실행,7,체인,False,성장,-5.9262745098039105,트레일
2026-07-20,077360,덕산하이메탈,정식A,실행,7,체인,False,성장,8.612716763005789,목표
2026-07-20,007390,네이처셀,정식A,실행,7,비체인,False,비성장,7.488986784140959,목표
2026-07-20,178320,서진시스템,정식A,실행,7,비체인,False,성장,-6.4275956284153,손절
2026-07-20,033640,네패스,정식A,실행,7,체인,False,비성장,8.21545157780196,목표
2026-07-20,032820,우리기술,정식A,실행,7,비체인,False,성장,9.1510474090408,목표
2026-07-20,078350,한양디지텍,정식A,실행,7,체인,False,성장,7.773109243697469,목표
2026-07-20,183300,코미코,S2-α,실행,7,체인,False,성장,8.86736214605066,목표
2026-07-20,043260,성호전자,정식A,실행,7,체인,False,성장,10.57866184448463,목표
2026-07-20,241770,메카로,S2-α,실행,7,체인,False,성장,-5.12645590682195,손절
2026-07-20,074600,원익QnC,정식A,실행,7,비체인,False,성장,-6.66508152173913,손절
2026-07-20,039030,이오테크닉스,정식A,실행,7,체인,False,비성장,-5.61514195583596,트레일
2026-07-20,403870,HPSP,정식A,실행,7,체인,False,,-5.58072257383966,손절
2026-07-20,336260,두산퓨얼셀,정식A,실행,7,비체인,False,성장,9.10256410256409,목표
2026-07-20,089890,코세스,정식A,실행,7,체인,False,비성장,-9.978165938864619,손절
2026-07-20,095340,ISC,정식A,실행,7,비체인,False,성장,8.44395280235987,목표
2026-07-21,226950,올릭스,정식A,실행,7,비체인,False,,-4.18315018315018,트레일
2026-07-21,336260,두산퓨얼셀,정식A,실행,7,비체인,False,성장,8.0078125,목표
2026-07-22,376900,로킷헬스케어,정식A,실행,7,비체인,False,,-4.19571865443425,트레일
2026-07-24,004710,한솔테크닉스,S2-α,실행,7,체인,False,비성장,-5.64450474898236,손절
2026-07-24,069540,빛과전자,S2-α,실행,7,체인,False,비성장,-7.69230769230768,트레일
2026-07-24,122640,예스티,정식A,실행,7,체인,False,비성장,-5.69375478927203,손절
2026-07-27,356860,티엘비,정식A,실행,7,체인,False,비성장,-5.95607605138275,손절
2026-07-27,089890,코세스,정식A,실행,7,체인,False,비성장,-9.51403887688985,손절
2026-07-27,004710,한솔테크닉스,정식A,실행,7,체인,False,비성장,-6.01876675603216,손절
2026-07-27,069540,빛과전자,S2-α,실행,7,체인,False,비성장,-11.38770301624131,손절
2026-07-27,089030,테크윙,정식A,실행,7,체인,False,비성장,-5.95959595959596,손절
2026-07-27,000270,기아,정식A,실행,7,비체인,True,성장,-7.33128834355828,손절
2026-07-27,456040,OCI,정식A,실행,7,비체인,True,,-6.18421052631579,손절
2026-07-27,229640,LS에코에너지,정식A,실행,7,비체인,False,,-6.69832402234636,손절
2026-07-28,006360,GS건설,정식A,실행,7,비체인,True,비성장,-11.431437908496731,손절
2026-07-28,267250,HD현대,정식A,실행,7,비체인,True,비성장,-5.7322713257965,손절
2026-07-28,010060,OCI홀딩스,S2-α,실행,7,비체인,False,비성장,-6.8485094850948505,손절
2026-07-28,005090,SGC에너지,S2-α,실행,7,비체인,True,비성장,-6.25846925972396,트레일
2026-07-28,096770,SK이노베이션,정식A,실행,7,비체인,True,비성장,-5.05900621118012,손절
2026-07-28,298000,효성화학,S2-α,실행,7,비체인,True,비성장,7.8333333333333295,목표
2026-07-28,012630,HDC,정식A,실행,7,비체인,True,성장,-5.56857855361595,손절
2026-07-28,119850,지엔씨에너지,정식A,실행,7,비체인,False,성장,-10.4921875,손절
2026-07-29,067310,하나마이크론,정식A,실행,7,체인,False,성장,11.44465290806753,만기
2026-07-29,166090,하나머티리얼즈,정식A,실행,7,체인,False,비성장,11.71617161716171,목표
2026-07-29,033160,엠케이전자,정식A,실행,7,체인,False,성장,12.58169934640522,목표
2026-07-29,327260,RF머트리얼즈,S2-α,실행,7,체인,False,성장,-5.45962174778084,손절
2026-07-29,053610,프로텍,정식A,실행,7,체인,False,비성장,14.99498495486459,목표
2026-07-29,069540,빛과전자,S2-α,실행,7,체인,False,비성장,5.62429696287964,만기
2026-07-29,009420,한올바이오파마,정식A,실행,7,비체인,False,성장,-8.417266187050359,손절
2026-07-29,170920,엘티씨,정식A,실행,7,비체인,False,성장,-5.90185810810811,손절
2026-07-29,000150,두산,정식A,실행,7,체인,False,비성장,-6.83533533533533,손절
2026-07-29,010060,OCI홀딩스,정식A,실행,7,비체인,False,비성장,10.55261610817166,목표
2026-07-29,005090,SGC에너지,정식A,실행,7,비체인,True,비성장,7.22733245729303,목표
2026-07-29,006260,LS,정식A,실행,7,비체인,False,성장,9.65092402464065,만기
2026-07-29,006400,삼성SDI,정식A,실행,7,체인,False,비성장,9.20329670329669,목표
2026-07-29,006360,GS건설,정식A,실행,7,비체인,True,비성장,5.630630630630621,만기
2026-07-29,001740,SK네트웍스,S2-α,실행,7,비체인,True,비성장,9.16666666666665,목표
2026-07-29,016360,삼성증권,정식A,실행,7,비체인,True,,7.679180887372,목표
2026-07-29,092190,서울바이오시스,S2-α,실행,7,체인,False,성장,13.408820023837889,목표
2026-07-29,005380,현대차,정식A,실행,7,비체인,True,성장,7.001414427157,목표
2026-07-29,083450,GST,정식A,실행,7,체인,False,비성장,11.1961057023644,목표
2026-07-29,181710,NHN,정식A,실행,7,비체인,True,,9.76154992548434,목표
2026-07-29,417840,저스템,S2-α,실행,7,체인,False,,17.81002638522426,목표
2026-07-29,028260,삼성물산,정식A,실행,7,비체인,False,비성장,9.45709281961471,목표
2026-07-29,02826K,삼성물산우B,S2-α,실행,7,비체인,False,,7.48587570621468,목표
2026-07-29,008060,대덕,정식A,실행,7,비체인,True,비성장,10.31543052003409,목표
2026-07-29,101160,월덱스,S2-α,실행,7,체인,False,비성장,8.317399617590809,목표
2026-07-29,064850,에프앤가이드,S2-α,실행,7,비체인,False,,13.36499321573947,목표
2026-07-29,267270,HD건설기계,정식A,실행,7,체인,False,비성장,6.88926458157226,목표
2026-07-29,098460,고영,정식A,실행,7,체인,False,비성장,10.76923076923077,목표
2026-07-29,375500,DL이앤씨,정식A,실행,7,비체인,True,비성장,10.97328244274808,목표
2026-07-29,000500,가온전선,정식A,실행,7,비체인,False,성장,-12.916666666666659,손절
2026-07-29,085910,네오티스,S2-α,실행,7,비체인,False,비성장,8.6284853051997,목표
2026-07-29,322000,HD현대에너지솔루션,정식A,실행,7,체인,False,비성장,12.663316582914568,만기
2026-07-29,307950,현대오토에버,정식A,실행,7,비체인,False,성장,8.28402366863905,목표
2026-07-29,240810,원익IPS,정식A,실행,7,체인,False,비성장,-5.61182892628205,손절
2026-07-29,031980,피에스케이홀딩스,정식A,실행,7,체인,False,성장,17.90499390986601,목표
2026-07-29,139130,iM금융지주,S2-α,실행,7,비체인,True,,7.53816793893129,목표
2026-07-29,138930,BNK금융지주,정식A,실행,7,비체인,True,,1.40374331550801,만기
2026-07-29,011560,세보엠이씨,S2-α,실행,7,비체인,True,비성장,10.43956043956044,목표
2026-07-29,017900,광전자,정식A,실행,7,체인,False,비성장,12.99999999999999,목표
2026-07-29,160980,싸이맥스,정식A,실행,7,체인,False,비성장,22.97297297297298,목표
2026-07-29,004800,효성,정식A,실행,7,비체인,True,비성장,12.132352941176471,목표
2026-07-29,084370,유진테크,정식A,실행,7,체인,False,비성장,-5.9143422865013795,손절
2026-07-29,010170,대한광통신,정식A,실행,7,비체인,False,비성장,-5.32006711409396,손절
2026-07-29,440110,파두,S2-α,실행,7,체인,False,,14.51292246520874,목표
2026-07-29,252990,샘씨엔에스,정식A,실행,7,체인,False,성장,-5.74622356495468,손절
2026-07-29,066575,LG전자우,정식A,실행,7,비체인,False,,8.58490566037735,목표
2026-07-29,071050,한국금융지주,정식A,실행,7,비체인,True,,7.901907356948221,목표
2026-07-29,064290,인텍플러스,S2-α,실행,7,체인,False,비성장,-6.93638297872339,손절
2026-07-29,222800,심텍,정식A,실행,7,체인,False,비성장,-8.92371234207968,손절
2026-07-29,049070,인탑스,정식A,실행,7,체인,True,비성장,6.1925199264255095,만기
2026-07-29,082920,비츠로셀,정식A,실행,7,체인,False,성장,5.3639846743295,만기
2026-07-29,047040,대우건설,정식A,실행,7,비체인,False,비성장,6.32279534109816,만기
2026-07-29,045100,한양이엔지,정식A,실행,7,비체인,True,비성장,10.0187265917603,목표
2026-07-30,053610,프로텍,정식A,실행,7,체인,False,비성장,9.336099585062229,목표
2026-07-30,011560,세보엠이씨,S2-α,실행,7,비체인,True,비성장,7.39577384351799,목표
2026-07-30,252990,샘씨엔에스,정식A,실행,7,체인,False,성장,11.797133406835721,목표
2026-07-30,281820,케이씨텍,정식A,실행,7,체인,False,비성장,8.9511754068716,목표
2026-07-30,353200,대덕전자,정식A,실행,7,체인,False,비성장,12.10884353741497,목표
2026-07-30,417840,저스템,S2-α,실행,7,체인,False,,8.93351800554016,목표
2026-07-30,082920,비츠로셀,정식A,실행,7,체인,False,성장,9.919028340080981,목표
2026-07-30,011070,LG이노텍,정식A,실행,7,체인,False,비성장,11.19047619047619,목표
2026-07-30,222800,심텍,정식A,실행,7,체인,False,비성장,10.49679487179486,목표
2026-07-30,064290,인텍플러스,정식A,실행,7,체인,False,비성장,12.01372997711669,목표
2026-07-30,069960,현대백화점,정식A,실행,7,비체인,False,비성장,7.284172661870509,목표
2026-07-30,047040,대우건설,정식A,실행,7,비체인,False,비성장,10.06261180679786,목표
2026-07-30,010170,대한광통신,정식A,실행,7,비체인,False,비성장,9.09090909090908,목표
2026-07-30,290550,디케이티,정식A,실행,7,체인,False,비성장,15.19258202567761,목표
2026-07-30,017900,광전자,정식A,실행,7,체인,False,비성장,8.447488584474879,목표
2026-07-30,127120,제이에스링크,정식A,실행,7,비체인,False,비성장,2.8419182948490302,만기
2026-07-30,031980,피에스케이홀딩스,정식A,실행,7,체인,False,성장,11.892247043364,목표
2026-07-30,327260,RF머트리얼즈,S2-α,실행,7,체인,False,성장,11.326291079812199,목표
2026-07-30,092190,서울바이오시스,S2-α,실행,7,체인,False,성장,7.42092457420924,목표
2026-07-30,170920,엘티씨,정식A,실행,7,비체인,False,성장,13.238095238095248,목표
2026-07-30,010120,LS ELECTRIC,정식A,실행,7,비체인,False,성장,9.09090909090908,목표
2026-07-30,006360,GS건설,정식A,실행,7,비체인,True,비성장,6.91964285714286,목표
2026-07-30,332570,PS일렉트로닉스,정식A,실행,7,체인,False,성장,8.359133126934989,목표
2026-07-30,001820,삼화콘덴서,정식A,실행,7,체인,False,비성장,8.40480274442538,목표
2026-07-30,440110,파두,정식A,실행,7,체인,False,,8.161157024793381,목표
