출발일,code,name,유형,등급,국면,시장낙폭,당시종가,2일누적,핵심선,카드수익,청산,경과일,40일수익,시총
2026-07-30,082920,비츠로셀,A,B,실행,-37.8,24700.0,-16.6,주60주,9.9,목표,1,,1387387996200
2026-07-30,440110,파두,A,B,실행,-37.8,48400.0,-14.0,월10,8.2,목표,1,,3251582612300
2026-07-30,252990,샘씨엔에스,A,B,실행,-37.8,9070.0,-19.1,일240,11.8,목표,1,,768380263640
2026-07-30,332570,PS일렉트로닉스,A,A,실행,-37.8,6460.0,-14.3,일240,8.4,목표,1,,338658831750
2026-07-30,053610,프로텍,A,A,실행,-37.8,48200.0,-15.7,주60주,9.3,목표,1,,583200000000
2026-07-30,290550,디케이티,A,A,실행,-37.8,14020.0,-23.3,일240,15.2,목표,1,,420025830000
2026-07-30,010120,LS ELECTRIC,A,B,실행,-37.8,148500.0,-15.4,일240,9.1,목표,1,,30000000000000
2026-07-30,006360,GS건설,A,C,실행,-37.8,22400.0,-12.2,주60주,6.9,목표,1,,2490421359000
2026-07-30,001820,삼화콘덴서,A,C,실행,-37.8,58300.0,-14.4,일240,8.4,목표,1,,857587500000
2026-07-30,069960,현대백화점,A,C,실행,-37.8,111200.0,-12.7,월10,7.3,목표,1,,2956549435200
2026-07-30,170920,엘티씨,A,C,실행,-37.8,26250.0,-20.9,주60주,13.2,목표,1,,425734277800
2026-07-30,011070,LG이노텍,A,B,실행,-37.8,420000.0,-18.3,일240,11.2,목표,1,,14531603698000
2026-07-30,222800,심텍,A,C,실행,-37.8,62400.0,-17.4,주60주,10.5,목표,1,,3457920831300
2026-07-30,281820,케이씨텍,A,C,실행,-37.8,55300.0,-15.2,월10,9.0,목표,1,,1514597566500
2026-07-30,064290,인텍플러스,A,B,실행,-37.8,21850.0,-19.4,일240,12.0,목표,1,,401780433600
2026-07-30,127120,제이에스링크,A,B,실행,-37.8,28150.0,-12.6,일240,2.8,진행중,1,,1157266841400
2026-07-30,017900,광전자,A,A,실행,-37.8,4380.0,-14.5,일240,8.4,목표,1,,328541136210
2026-07-30,031980,피에스케이홀딩스,A,C,실행,-37.8,76100.0,-19.2,일240,11.9,목표,1,,2404207042500
2026-07-30,353200,대덕전자,A,B,실행,-37.8,73500.0,-19.5,일240,12.1,목표,1,,5406211595000
2026-07-30,047040,대우건설,A,B,실행,-37.8,11180.0,-16.8,일240,10.1,목표,1,,6237577944840
2026-07-30,010170,대한광통신,A,C,실행,-37.8,7150.0,-15.4,월10,9.1,목표,1,,1514430328400
2026-07-29,066575,LG전자우,A,A,실행,-37.9,53000.0,-14.7,주60주,8.6,목표,2,,1066958667900
2026-07-29,322000,HD현대에너지솔루션,A,B,실행,-37.9,99500.0,-26.2,일240,12.7,진행중,2,,1509760000000
2026-07-29,240810,원익IPS,A,A,실행,-37.9,83200.0,-21.5,주60주,-5.6,손절,1,,5202893506000
2026-07-29,016360,삼성증권,A,B,실행,-37.9,87900.0,-13.3,주60주,7.7,목표,1,,9055020000000
2026-07-29,005380,현대차,A,C,실행,-37.9,353500.0,-12.3,주60주,7.0,목표,2,,82517379698000
2026-07-29,011070,LG이노텍,B,C,실행,-37.9,458000.0,-25.4,월10,12.2,진행중,2,,14531603698000
2026-07-29,004800,효성,A,C,실행,-37.9,122400.0,-19.5,주60주,12.1,목표,2,,2546215904700
2026-07-29,307950,현대오토에버,A,B,실행,-37.9,338000.0,-14.2,주60주,8.3,목표,2,,10805048908000
2026-07-29,166090,하나머티리얼즈,A,C,실행,-37.9,45450.0,-19.0,주60주,11.7,목표,2,,1109527511400
2026-07-29,082920,비츠로셀,A,B,실행,-37.9,26100.0,-14.7,일240,5.4,진행중,2,,1387387996200
2026-07-29,010120,LS ELECTRIC,B,A,실행,-37.9,163800.0,-18.1,월10,-5.2,손절,1,,30000000000000
2026-07-29,098460,고영,A,C,실행,-37.9,22750.0,-17.7,주60주,10.8,목표,2,,1885846489450
2026-07-29,010060,OCI홀딩스,A,A,실행,-37.9,170100.0,-17.4,일240,10.6,목표,1,,3846067792000
2026-07-29,049070,인탑스,A,C,실행,-37.9,16310.0,-14.2,주60주,6.2,진행중,2,,312827533000
2026-07-29,018260,삼성에스디에스,B,C,실행,-37.9,197300.0,-9.3,월10,4.4,진행중,2,,16829671500000
2026-07-29,353200,대덕전자,B,A,실행,-37.9,80900.0,-26.1,월10,19.7,진행중,2,,5406211595000
2026-07-29,053610,프로텍,A,A,실행,-37.9,49850.0,-23.1,일240,15.0,목표,2,,583200000000
2026-07-29,267270,HD건설기계,A,A,실행,-37.9,118300.0,-12.1,일240,6.9,목표,1,,6450287336200
2026-07-29,031980,피에스케이홀딩스,A,A,실행,-37.9,82100.0,-26.4,월10,17.9,목표,2,,2404207042500
2026-07-29,008060,대덕,A,B,실행,-37.9,11730.0,-17.1,주60주,10.3,목표,2,,442712436700
2026-07-29,006260,LS,A,C,실행,-37.9,243500.0,-20.2,주60주,9.7,진행중,2,,9516000000000
2026-07-29,252990,샘씨엔에스,A,A,실행,-37.9,9930.0,-22.2,월10,-5.7,손절,1,,768380263640
2026-07-29,067310,하나마이크론,A,C,실행,-37.9,26650.0,-24.3,주60주,11.4,진행중,2,,2340478588800
2026-07-29,009420,한올바이오파마,A,C,실행,-37.9,41700.0,-12.2,주60주,-8.4,손절,1,,2481430305000
2026-07-29,181710,NHN,A,B,실행,-37.9,33550.0,-16.3,일240,9.8,목표,2,,1313400873900
2026-07-29,170920,엘티씨,A,A,실행,-37.9,29600.0,-26.6,월10,-5.9,손절,1,,425734277800
2026-07-29,000150,두산,A,A,실행,-37.9,999000.0,-16.5,주60주,-6.8,손절,1,,19384020495000
2026-07-29,010170,대한광통신,A,A,실행,-37.9,7450.0,-23.5,월10,-5.3,손절,1,,1514430328400
2026-07-29,017900,광전자,A,A,실행,-37.9,4500.0,-20.6,일240,13.0,목표,2,,328541136210
2026-07-29,006360,GS건설,A,C,실행,-37.9,22200.0,-23.7,주60주,5.6,진행중,2,,2490421359000
2026-07-29,375500,DL이앤씨,A,C,실행,-37.9,52400.0,-18.0,주60주,11.0,목표,2,,2472522509700
2026-07-29,138930,BNK금융지주,A,C,실행,-37.9,14960.0,-17.4,주60주,1.4,진행중,2,,5623125837960
2026-07-29,028260,삼성물산,A,A,실행,-37.9,285500.0,-15.9,일240,9.5,목표,1,,55055893749500
2026-07-29,000500,가온전선,A,C,실행,-37.9,122400.0,-33.0,주60주,-12.9,손절,1,,5437391038200
2026-07-29,083450,GST,A,A,실행,-37.9,35950.0,-18.3,월10,11.2,목표,2,,810920000000
2026-07-29,222800,심텍,A,A,실행,-37.9,68600.0,-25.7,일240,-8.9,손절,1,,3457920831300
2026-07-29,006400,삼성SDI,A,A,실행,-37.9,364000.0,-15.5,일240,9.2,목표,2,,34732363430000
2026-07-29,033160,엠케이전자,A,C,실행,-37.9,12240.0,-20.1,주60주,12.6,목표,2,,370659219120
2026-07-29,047040,대우건설,A,A,실행,-37.9,12020.0,-20.8,월10,6.3,진행중,2,,6237577944840
2026-07-29,045100,한양이엔지,A,A,실행,-37.9,26700.0,-16.7,월10,10.0,목표,2,,560875000000
2026-07-29,005090,SGC에너지,A,A,실행,-37.9,38050.0,-12.6,월10,7.2,목표,2,,627526452150
2026-07-29,160980,싸이맥스,A,A,실행,-37.9,22200.0,-31.5,일240,23.0,목표,2,,353945473200
2026-07-29,084370,유진테크,A,A,실행,-37.9,96800.0,-13.8,주60주,-5.9,손절,1,,2573471516600
2026-07-29,071050,한국금융지주,A,C,실행,-37.9,183500.0,-13.6,주60주,7.9,목표,2,,11841773300000
2026-07-28,012630,HDC,A,C,실행,-33.9,20050.0,-12.8,일240,-5.6,손절,1,,1290421173600
2026-07-28,006360,GS건설,A,C,실행,-33.9,25500.0,-15.7,일240,-11.4,손절,1,,2490421359000
2026-07-28,267250,HD현대,A,C,실행,-33.9,194600.0,-12.5,주60주,-5.7,손절,1,,16628044392500
2026-07-28,119850,지엔씨에너지,A,B,실행,-33.9,32000.0,-29.4,월10,-10.5,손절,1,,615189196600
2026-07-28,096770,SK이노베이션,A,A,실행,-33.9,112700.0,-13.4,주60주,-5.1,손절,1,,19728460359600
2026-07-27,006400,삼성SDI,B,A,실행,-25.9,431000.0,-7.7,월10,-4.8,손절,1,,34732363430000
2026-07-27,089890,코세스,A,B,실행,-25.9,23150.0,-14.7,주60주,-9.5,손절,1,,383941870300
2026-07-27,000270,기아,A,B,실행,-25.9,130400.0,-13.0,주60주,-7.3,손절,2,,50909854939200
2026-07-27,356860,티엘비,A,A,실행,-25.9,29100.0,-12.3,일240,-6.0,손절,1,,346453833000
2026-07-27,089030,테크윙,A,C,실행,-25.9,44550.0,-12.3,주60주,-6.0,손절,1,,1650739884750
2026-07-27,229640,LS에코에너지,A,B,실행,-25.9,44750.0,-15.1,주60주,-6.7,손절,1,,1370463335250
2026-07-27,004710,한솔테크닉스,A,A,실행,-25.9,7460.0,-14.5,월10,-6.0,손절,1,,303096196820
2026-07-27,456040,OCI,A,C,실행,-25.9,72200.0,-18.2,주60주,-6.2,손절,1,,646370139000
2026-07-27,012330,현대모비스,B,C,실행,-25.9,463500.0,-11.5,월10,2.7,진행중,4,,42054552220500
2026-07-27,000150,두산,B,C,실행,-25.9,1197000.0,-6.2,월10,-8.0,손절,1,,19384020495000
2026-07-24,122640,예스티,A,A,실행,-26.6,21750.0,-14.5,주60주,-5.7,손절,2,,469817704500
2026-07-22,376900,로킷헬스케어,A,B,실행,-25.4,49050.0,-20.1,주60주,-4.2,트레일,2,,582568056300
2026-07-21,226950,올릭스,A,C,실행,-26.0,109200.0,-20.1,주60주,-4.2,트레일,5,,2591116582500
2026-07-21,042700,한미반도체,B,A,실행,-26.0,224000.0,-7.6,월10,-5.5,손절,2,,19586657100000
2026-07-21,006400,삼성SDI,B,B,실행,-26.0,416500.0,-4.1,월10,-4.7,트레일,5,,35457633200000
2026-07-21,336260,두산퓨얼셀,A,B,실행,-26.0,38400.0,-13.8,주60주,8.0,목표,1,,2934118924800
2026-07-20,043260,성호전자,A,B,실행,-28.5,16590.0,-17.5,주60주,10.6,목표,2,,1355990861700
2026-07-20,001440,대한전선,A,C,실행,-28.5,25550.0,-14.7,주60주,8.6,목표,2,,5546590466800
2026-07-20,006260,LS,A,A,실행,-28.5,265500.0,-13.0,일240,7.4,목표,2,,9469200000000
2026-07-20,356680,엑스게이트,A,A,실행,-28.5,10120.0,-13.8,일240,-6.0,손절,1,,310553192960
2026-07-20,403870,HPSP,A,A,실행,-28.5,39500.0,-15.4,일240,-5.6,손절,4,,3448370000000
2026-07-20,074600,원익QnC,A,B,실행,-28.5,27600.0,-13.6,일240,-6.7,손절,1,,795212000000
2026-07-20,336260,두산퓨얼셀,A,B,실행,-28.5,39000.0,-15.4,주60주,9.1,목표,2,,2934118924800
2026-07-20,195870,해성디에스,A,B,실행,-28.5,52800.0,-13.9,일240,8.0,목표,2,,994500000000
2026-07-20,028260,삼성물산,B,C,실행,-28.5,317500.0,-13.5,월10,-0.1,트레일,6,,58542496741000
2026-07-20,098460,고영,A,B,실행,-28.5,24650.0,-13.2,주60주,7.6,목표,1,,1763078906050
2026-07-20,095340,ISC,A,C,실행,-28.5,135600.0,-14.4,일240,8.4,목표,2,,3253748403000
2026-07-20,039030,이오테크닉스,A,B,실행,-28.5,317000.0,-17.7,주60주,-5.6,트레일,4,,4428878225000
2026-07-20,178320,서진시스템,A,B,실행,-28.5,36600.0,-12.8,일240,-6.4,손절,1,,2498291427250
2026-07-20,033640,네패스,A,B,실행,-28.5,18380.0,-14.1,주60주,8.2,목표,2,,479631401600
2026-07-20,347850,디앤디파마텍,A,C,실행,-28.5,64300.0,-15.4,주60주,-6.9,손절,2,,3529495893000
2026-07-20,007390,네이처셀,A,A,실행,-28.5,22700.0,-13.0,월10,7.5,목표,1,,1507780310400
2026-07-20,078350,한양디지텍,A,C,실행,-28.5,19040.0,-13.5,주60주,7.8,목표,2,,337663061300
2026-07-20,319400,현대무벡스,A,B,실행,-28.5,18550.0,-13.5,주60주,7.8,목표,1,,2377878432650
2026-07-20,032820,우리기술,A,C,실행,-28.5,9070.0,-15.5,주60주,9.2,목표,2,,1834459438340
2026-07-20,042700,한미반도체,B,A,실행,-28.5,222000.0,-17.6,월10,-4.6,손절,3,,19586657100000
2026-07-20,327260,RF머트리얼즈,A,A,실행,-28.5,43850.0,-16.3,월10,9.7,목표,2,,444809425750
2026-07-20,089890,코세스,A,B,실행,-28.5,22900.0,-13.3,주60주,-10.0,손절,1,,466866680300
2026-07-20,307950,현대오토에버,A,C,실행,-28.5,371500.0,-12.8,일240,7.3,목표,2,,12011704116000
2026-07-20,077360,덕산하이메탈,A,A,실행,-28.5,8650.0,-14.7,주60주,8.6,목표,1,,409387388020
2026-07-15,180640,한진칼,A,B,실행,-20.1,112200.0,-14.7,월10,-7.2,손절,3,,8785915916400
2026-07-14,218410,RFHIC,A,C,실행,-24.8,44750.0,-14.1,주60주,8.2,목표,1,,1251994790300
2026-07-14,005090,SGC에너지,A,A,실행,-24.8,36250.0,-17.1,월10,10.3,목표,1,,536027187600
2026-07-14,006260,LS,B,A,실행,-24.8,292500.0,-11.1,월10,-7.5,손절,3,,9469200000000
2026-07-14,200710,에이디테크놀로지,A,C,실행,-24.8,29550.0,-16.6,주60주,-5.6,트레일,2,,397129206500
2026-07-14,043260,성호전자,A,C,실행,-24.8,18420.0,-16.8,일240,10.1,목표,1,,1355990861700
2026-07-14,090360,로보스타,A,A,실행,-24.8,63000.0,-12.1,주60주,6.9,목표,1,,648375000000
2026-07-14,178320,서진시스템,A,A,실행,-24.8,37700.0,-20.4,일240,-1.5,트레일,3,,2498291427250
2026-07-14,368770,파이버프로,A,A,실행,-24.8,11950.0,-12.1,주60주,-6.1,트레일,3,,410677812500
2026-07-14,458870,씨어스,A,C,실행,-24.8,31500.0,-12.5,일240,-8.2,트레일,3,,1254068433000
2026-07-14,000150,두산,B,C,실행,-24.8,1217000.0,-11.9,월10,-3.0,트레일,3,,20047967730000
2026-07-14,098460,고영,A,A,실행,-24.8,25250.0,-12.3,일240,7.0,목표,1,,1763078906050
2026-07-14,009160,SIMPAC,A,C,실행,-24.8,4680.0,-14.0,월10,-5.8,트레일,3,,328162259360
2026-07-14,307950,현대오토에버,B,B,실행,-24.8,407500.0,-9.8,월10,-7.8,트레일,3,,12011704116000
2026-07-14,950160,코오롱티슈진,A,A,실행,-24.8,72900.0,-19.0,주60주,-2.7,트레일,2,,6508714256000
2026-07-14,298040,효성중공업,B,A,실행,-24.8,2677000.0,-8.4,월10,-5.5,손절,3,,24859244968000
2026-07-14,347850,디앤디파마텍,A,B,실행,-24.8,71600.0,-15.1,일240,8.9,목표,1,,3529495893000
2026-07-13,012750,에스원,A,C,실행,-25.3,71700.0,-12.6,주60주,-0.7,진행중,13,,2724541062600
2026-07-13,007390,네이처셀,A,B,실행,-25.3,23400.0,-17.2,주60주,10.4,목표,1,,1507780310400
2026-07-09,062040,산일전기,B,A,실행,-20.0,179600.0,-7.1,월10,-6.0,손절,2,,7301880225000
2026-07-09,000150,두산,B,C,실행,-20.0,1203000.0,-8.9,월10,2.1,트레일,2,,24080232645000
2026-07-09,005380,현대차,B,A,실행,-20.0,445500.0,-7.1,월10,-3.5,손절,3,,101355094170000
2026-07-09,950160,코오롱티슈진,B,A,실행,-20.0,87300.0,-7.5,월10,-3.2,손절,1,,7945902900000
2026-07-09,307950,현대오토에버,B,C,실행,-20.0,433000.0,-10.1,월10,-4.7,트레일,3,,14534710460000
2026-07-09,047810,한국항공우주,B,A,실행,-20.0,150000.0,-6.4,월10,-6.7,손절,3,,14270355664800
2026-07-09,240810,원익IPS,B,C,실행,-20.0,104900.0,-6.9,월10,13.5,트레일,3,,8251003758100
2026-07-09,298040,효성중공업,B,C,실행,-20.0,2770000.0,-4.5,월10,-8.3,트레일,3,,32057796024000
2026-07-08,103590,일진전기,A,C,실행,-20.5,62800.0,-12.4,주60주,7.1,목표,2,,3638395257000
2026-07-08,006910,보성파워텍,A,C,실행,-20.5,6250.0,-14.1,주60주,8.2,목표,1,,358156416960
2026-07-08,042700,한미반도체,A,C,실행,-20.5,199200.0,-12.1,일240,6.9,목표,1,,24447579300000
2026-07-08,240810,원익IPS,B,C,실행,-20.5,102700.0,-17.5,월10,16.0,트레일,4,,8251003758100
2026-07-08,000720,현대건설,A,B,실행,-20.5,100700.0,-12.4,일240,7.1,목표,2,,12716828363000
2026-07-08,108490,로보티즈,A,C,실행,-20.5,194400.0,-13.8,주60주,8.0,목표,1,,3811867280000
2026-07-08,218410,RFHIC,A,C,실행,-20.5,49400.0,-14.7,일240,-5.4,손절,1,,1678177534400
2026-07-08,062040,산일전기,B,B,실행,-20.5,178200.0,-13.9,월10,-5.2,손절,3,,7301880225000
2026-07-08,229640,LS에코에너지,A,B,실행,-20.5,43600.0,-14.0,주60주,8.1,목표,3,,1607806147500
2026-07-08,166090,하나머티리얼즈,A,B,실행,-20.5,48100.0,-12.7,주60주,7.3,목표,1,,1249948996800
2026-07-08,403870,HPSP,A,B,실행,-20.5,38250.0,-14.0,일240,8.2,목표,1,,4444200000000
2026-07-08,195870,해성디에스,A,B,실행,-20.5,49200.0,-15.6,주60주,9.2,목표,1,,1198500000000
2026-07-08,043260,성호전자,A,B,실행,-20.5,18690.0,-12.0,일240,6.8,목표,1,,2102861701950
2026-07-08,098460,고영,A,B,실행,-20.5,25000.0,-12.1,일240,6.9,목표,2,,2179124605350
2026-07-08,032820,우리기술,A,C,실행,-20.5,9810.0,-15.8,일240,9.4,목표,1,,2093583269200
2026-07-08,336260,두산퓨얼셀,A,C,실행,-20.5,42650.0,-18.5,일240,11.3,목표,2,,3667648656000
2026-07-08,001720,신영증권,A,B,실행,-20.5,154000.0,-13.3,주60주,-6.0,손절,7,,2659992000000
2026-07-08,005380,현대차,B,C,실행,-20.5,462500.0,-7.9,월10,-7.1,손절,4,,101355094170000
2026-07-08,033640,네패스,A,C,실행,-20.5,18730.0,-12.1,주60주,6.9,목표,1,,592621491400
2026-07-08,298040,효성중공업,B,C,실행,-20.5,2689000.0,-13.7,월10,-5.5,트레일,4,,32057796024000
2026-07-08,039030,이오테크닉스,A,B,실행,-20.5,345000.0,-13.2,일240,7.6,목표,2,,5864105800000
2026-07-08,082740,한화엔진,A,C,실행,-20.5,44750.0,-15.4,주60주,-5.8,손절,1,,4255804242000
2026-07-08,267260,HD현대일렉트릭,A,C,실행,-20.5,814000.0,-12.4,일240,7.1,목표,2,,35037815220000
2026-07-08,058610,에스피지,A,C,실행,-20.5,66200.0,-12.8,주60주,7.3,목표,1,,1780842008000
2026-07-08,001440,대한전선,A,B,실행,-20.5,28200.0,-12.6,일240,7.2,목표,2,,6644149004400
2026-07-08,005290,동진쎄미켐,A,A,실행,-20.5,42650.0,-13.0,주60주,7.5,목표,2,,2971558345800
2026-07-08,000880,한화,A,C,실행,-20.5,93400.0,-15.5,주60주,-6.3,트레일,4,,7029639524300
2026-07-08,033100,제룡전기,A,B,실행,-20.5,42750.0,-14.1,주60주,8.2,목표,2,,822395340800
2026-07-07,006400,삼성SDI,B,C,실행,-16.0,445000.0,-4.8,월10,-7.8,손절,1,,39245153110000
2026-07-07,077360,덕산하이메탈,A,A,실행,-16.0,8500.0,-20.9,주60주,-5.3,손절,1,,492991471700
2026-07-07,043260,성호전자,A,B,실행,-16.0,19400.0,-12.2,월10,-6.9,손절,1,,2102861701950
2026-07-07,403870,HPSP,A,B,실행,-16.0,41500.0,-14.4,월10,-6.9,손절,1,,4444200000000
2026-07-06,033790,피노,A,B,실행,-11.7,6140.0,-13.3,주60주,-9.8,손절,2,,600750805270
2026-07-06,007660,이수페타시스,A,C,실행,-11.7,101300.0,-15.4,일240,-5.3,손절,2,,8471423872600
2026-07-06,226950,올릭스,A,C,실행,-11.7,135000.0,-13.9,일240,8.1,목표,1,,3162178354800
2026-07-06,347850,디앤디파마텍,A,C,실행,-11.7,75900.0,-12.5,일240,7.1,목표,1,,3886211612500
2026-07-06,018260,삼성에스디에스,B,C,실행,-11.7,193300.0,-4.1,월10,-0.6,트레일,16,,14763684240000
2026-07-03,267260,HD현대일렉트릭,B,A,실행,-11.3,945000.0,-6.6,월10,-7.1,손절,2,,35037815220000
2026-07-03,042700,한미반도체,B,A,실행,-11.3,232500.0,-5.7,월10,-8.9,손절,2,,24447579300000
2026-07-03,000720,현대건설,B,A,실행,-11.3,115300.0,-3.1,월10,-7.9,손절,2,,12716828363000
2026-07-03,482630,삼양엔씨켐,A,A,실행,-11.3,15390.0,-13.7,월10,-7.6,손절,2,,381950486000
2026-07-03,001440,대한전선,B,A,실행,-11.3,32900.0,-10.6,월10,-7.8,손절,2,,6644149004400
2026-07-03,089030,테크윙,A,B,실행,-11.3,46600.0,-20.2,주60주,-10.9,트레일,2,,1986075372000
2026-07-03,168360,펨트론,A,A,실행,-11.3,18600.0,-12.3,일240,-5.3,손절,1,,424764591860
2026-07-03,033790,피노,A,A,실행,-11.3,6400.0,-12.4,일240,-12.0,트레일,2,,600750805270
2026-07-03,200470,에이팩트,A,A,실행,-11.3,6270.0,-18.6,일240,-5.1,손절,1,,345251057950
2026-07-03,003160,디아이,A,A,실행,-11.3,24700.0,-13.9,일240,-11.8,트레일,3,,727310000000
2026-07-03,007660,이수페타시스,A,C,실행,-11.3,110100.0,-17.2,일240,-8.7,손절,2,,8471423872600
2026-07-03,126340,비나텍,A,A,실행,-11.3,84400.0,-21.6,일240,-12.0,트레일,3,,595256320600
2026-07-02,200470,에이팩트,A,B,실행,-16.1,6300.0,-22.7,일240,-5.8,손절,1,,345251057950
2026-07-02,357780,솔브레인,A,A,실행,-16.1,303500.0,-17.0,주60주,10.2,목표,7,,2843065873000
2026-07-02,039030,이오테크닉스,B,C,실행,-16.1,384500.0,-19.2,월10,-9.7,손절,4,,5864105800000
2026-07-02,042700,한미반도체,B,A,실행,-16.1,219500.0,-14.4,월10,-3.5,손절,1,,24447579300000
2026-07-02,108490,로보티즈,A,B,실행,-16.1,227000.0,-12.7,일240,-6.6,손절,1,,3811867280000
2026-07-01,950160,코오롱티슈진,B,C,실행,-8.9,93000.0,-4.5,월10,-9.2,손절,2,,7945902900000
2026-07-01,086520,에코프로,A,B,실행,-8.9,93000.0,-21.2,주60주,-6.3,손절,1,,14473737803200
2026-07-01,161390,한국타이어앤테크놀로지,B,C,실행,-8.9,62800.0,-3.5,월10,21.0,목표,15,,7667866771100
2026-06-29,058470,리노공업,B,C,실행,-7.9,85300.0,-3.8,월10,-8.1,손절,3,,7423034190000
2026-06-26,092790,넥스틸,A,A,실행,-7.7,12430.0,-13.5,월10,-6.5,손절,4,,382489420000
2026-06-26,033100,제룡전기,A,C,실행,-7.7,41400.0,-12.6,주60주,7.2,목표,1,,947682131000
2026-06-26,066970,엘앤에프,A,C,실행,-7.7,98900.0,-13.0,주60주,7.5,목표,1,,6808658462100
2026-06-26,093320,케이아이엔엑스,A,B,실행,-7.7,100600.0,-13.3,주60주,7.7,목표,2,,560224000000
2026-06-26,010950,S-Oil,A,A,실행,-7.7,93200.0,-13.1,월10,7.6,목표,1,,12091391860800
2026-06-26,456010,아이씨티케이,A,B,실행,-7.7,16580.0,-14.5,일240,8.5,목표,1,,471466583100
2026-06-26,032500,케이엠더블유,A,B,실행,-7.7,18070.0,-13.3,주60주,7.7,목표,1,,1407093228350
2026-06-26,041920,메디아나,A,C,실행,-7.7,10690.0,-15.2,주60주,8.9,목표,1,,322865151280
2026-06-26,078600,대주전자재료,A,B,실행,-7.7,87900.0,-12.7,주60주,7.3,목표,1,,2384910350800
2026-06-26,120110,코오롱인더,A,B,실행,-7.7,56700.0,-14.4,월10,8.4,목표,1,,2150125097600
2026-06-26,010690,화신,A,A,실행,-7.7,10050.0,-16.9,월10,10.2,목표,1,,395648245300
2026-06-26,229640,LS에코에너지,A,A,실행,-7.7,47800.0,-12.3,월10,7.0,목표,1,,2116179138900
2026-06-26,126340,비나텍,A,A,실행,-7.7,80200.0,-17.1,주60주,10.3,목표,3,,1064385672000
2026-06-26,090710,휴림로봇,A,A,실행,-7.7,7420.0,-14.4,주60주,8.4,목표,1,,1247133136680
2026-06-24,323280,태성,A,B,실행,-7.1,46300.0,-13.0,일240,-9.0,손절,1,,1749826254000
2026-06-24,030530,원익홀딩스,A,B,실행,-7.1,21700.0,-12.1,주60주,-5.7,손절,2,,2097011184150
2026-06-24,254490,미래반도체,A,C,실행,-7.1,20400.0,-15.4,일240,-6.0,트레일,2,,378275600000
2026-06-24,357780,솔브레인,A,B,실행,-7.1,337500.0,-12.3,월10,7.0,목표,4,,2975301495000
2026-06-24,036200,유니셈,A,A,실행,-7.1,9340.0,-13.0,주60주,-6.9,트레일,2,,335466599620
2026-06-24,092870,엑시콘,A,A,실행,-7.1,20200.0,-12.9,일240,-5.3,손절,2,,381083272400
2026-06-24,448900,한국피아이엠,A,A,실행,-7.1,59100.0,-15.9,일240,-5.5,손절,1,,620202059700
2026-06-24,058470,리노공업,B,C,실행,-7.1,85200.0,-7.8,월10,-8.0,손절,6,,7423034190000
2026-06-24,033240,자화전자,A,A,실행,-7.1,28400.0,-12.1,일240,-5.5,손절,2,,856658154300
2026-06-24,200710,에이디테크놀로지,A,C,실행,-7.1,29900.0,-13.2,주60주,-6.8,트레일,2,,533095477200
2026-06-24,336370,솔루스첨단소재,A,B,실행,-7.1,9210.0,-12.9,일240,-6.2,손절,2,,820840751360
2026-06-24,230240,에치에프알,A,A,실행,-7.1,20050.0,-12.8,일240,-5.6,트레일,2,,423891650000
2026-06-24,027360,아주IB투자,A,A,실행,-7.1,5000.0,-17.2,주60주,-7.5,손절,2,,1464647958540
2026-06-24,003160,디아이,A,B,실행,-7.1,23850.0,-15.0,주60주,8.8,목표,4,,788155000000
2026-06-24,039440,에스티아이,A,B,실행,-7.1,26200.0,-12.5,주60주,-6.0,트레일,2,,445052248900
2026-06-24,061970,LB세미콘,A,B,실행,-7.1,4415.0,-15.9,주60주,-7.3,트레일,2,,317714042820
2026-06-24,110990,디아이티,A,C,실행,-7.1,18860.0,-16.9,월10,-7.1,트레일,2,,402570000000
2026-06-23,097230,HJ중공업,A,C,실행,-10.0,19600.0,-12.1,주60주,6.9,목표,1,,1855569319200
2026-06-23,448900,한국피아이엠,A,B,실행,-10.0,59100.0,-21.7,일240,-5.8,손절,2,,620202059700
2026-06-23,295310,에이치브이엠,A,C,실행,-10.0,55000.0,-16.4,주60주,-8.5,손절,2,,1320596551800
2026-06-23,00680K,미래에셋증권2우B,A,C,실행,-10.0,13010.0,-14.1,주60주,8.2,목표,2,,2130765000000
2026-06-23,389500,에스비비테크,A,B,실행,-10.0,42450.0,-14.8,일240,-5.8,손절,3,,511754649600
2026-06-23,049070,인탑스,A,C,실행,-10.0,16430.0,-18.7,주60주,11.5,목표,1,,322844000000
2026-06-23,036570,NC,A,C,실행,-10.0,241500.0,-12.8,월10,7.3,목표,4,,6236994369000
2026-06-23,000370,한화손해보험,A,B,실행,-10.0,5920.0,-12.3,주60주,-5.0,손절,3,,737789942800
2026-06-23,011210,현대위아,A,C,실행,-10.0,63400.0,-13.0,주60주,-5.7,손절,3,,2474752553000
2026-06-23,437730,삼현,A,B,실행,-10.0,38150.0,-13.6,일240,7.9,목표,1,,1620256673700
2026-06-23,332570,PS일렉트로닉스,A,C,실행,-10.0,5870.0,-13.0,일240,-6.0,손절,3,,549327980880
2026-06-23,417200,LS머트리얼즈,A,A,실행,-10.0,15080.0,-12.3,일240,-5.7,손절,3,,1444384269650
2026-06-23,086280,현대글로비스,A,B,실행,-10.0,186900.0,-16.0,주60주,-5.0,손절,3,,18187500000000
2026-06-23,336370,솔루스첨단소재,A,C,실행,-10.0,9420.0,-14.0,일240,-8.3,손절,3,,820840751360
2026-06-23,100790,미래에셋벤처투자,A,C,실행,-10.0,20300.0,-14.3,일240,-7.7,트레일,3,,2603107066000
2026-06-23,376270,HEM파마,A,B,실행,-10.0,41500.0,-18.6,주60주,11.4,목표,2,,356557756500
2026-06-23,051910,LG화학,A,C,실행,-10.0,291500.0,-13.8,주60주,-5.3,손절,3,,25907389881000
2026-06-23,092870,엑시콘,A,B,실행,-10.0,20250.0,-15.4,일240,-5.7,손절,3,,381083272400
2026-06-23,018880,한온시스템,A,B,실행,-10.0,3950.0,-12.5,월10,-5.6,손절,3,,5777858167760
2026-06-23,003670,포스코퓨처엠,A,C,실행,-10.0,172900.0,-13.3,주60주,-5.5,손절,3,,21836297010000
2026-06-23,005385,현대차우,A,B,실행,-10.0,213000.0,-12.3,일240,-5.0,손절,12,,6395423040000
2026-06-22,295310,에이치브이엠,A,B,주의,0.0,60400.0,-18.3,월10,-6.6,손절,1,,1320596551800
2026-06-22,354320,알멕,A,A,주의,0.0,41850.0,-18.7,일240,-6.4,손절,1,,467849089200
2026-06-22,052690,한전기술,A,A,주의,0.0,115300.0,-15.7,주60주,-5.1,손절,1,,5132946000000
2026-06-22,348340,뉴로메카,A,C,주의,0.0,40600.0,-18.6,주60주,-6.3,손절,1,,658902648300
2026-06-22,002020,코오롱,A,C,주의,0.0,47950.0,-12.8,주60주,-7.3,트레일,4,,743482368000
2026-06-22,044490,태웅,A,C,주의,0.0,32650.0,-18.0,주60주,-5.9,손절,1,,733270513650
2026-06-22,277810,레인보우로보틱스,B,C,주의,0.0,573000.0,-6.8,월10,-8.6,손절,1,,13618700316000
2026-06-22,347700,스피어,A,A,주의,0.0,22150.0,-18.4,주60주,-6.7,손절,1,,1979217179750
2026-06-19,066970,엘앤에프,B,A,주의,-0.1,128600.0,-8.5,월10,-6.3,손절,2,,6808658462100
2026-06-19,397030,에이프릴바이오,A,C,주의,-0.1,37800.0,-18.7,주60주,-8.0,손절,1,,1493802098800
2026-06-19,00088K,한화3우B,A,C,주의,-0.1,38850.0,-12.8,주60주,-6.6,손절,2,,923651391600
2026-06-19,011790,SKC,A,C,주의,-0.1,119600.0,-16.0,월10,-10.4,트레일,2,,5275053911400
2026-06-19,124500,아이티센글로벌,A,A,주의,-0.1,31200.0,-14.2,주60주,-5.8,손절,1,,1017518508950
2026-06-19,298020,효성티앤씨,A,B,주의,-0.1,293500.0,-16.9,주60주,-6.9,손절,2,,1573112407000
2026-06-19,115180,큐리언트,A,B,주의,-0.1,22800.0,-14.9,주60주,-9.2,손절,2,,1031482890550
2026-06-19,023160,태광,A,B,주의,-0.1,29150.0,-14.0,월10,-7.3,손절,2,,814818123000
2026-06-19,445090,에이직랜드,A,C,주의,-0.1,27350.0,-13.4,월10,-7.4,손절,2,,326677174200
2026-06-19,086520,에코프로,B,A,주의,-0.1,116000.0,-5.5,월10,-4.7,손절,2,,18872885128000
2026-06-19,079900,전진건설로봇,A,C,주의,-0.1,49450.0,-15.5,주60주,-9.7,손절,2,,878471209000
2026-06-19,011210,현대위아,A,B,주의,-0.1,72900.0,-12.4,월10,-7.9,손절,2,,2474752553000
2026-06-18,001430,세아베스틸지주,A,B,주의,0.0,43200.0,-12.7,주60주,-5.5,손절,1,,1918623366500
2026-06-18,112610,씨에스윈드,A,C,주의,0.0,44600.0,-21.5,주60주,-5.1,손절,1,,2003141642500
2026-06-18,047050,포스코인터내셔널,A,B,주의,0.0,56300.0,-13.8,주60주,-5.2,손절,2,,11223873874400
2026-06-18,092200,디아이씨,A,C,주의,0.0,6930.0,-12.4,주60주,-5.0,손절,1,,329775065120
2026-06-18,012750,에스원,A,C,주의,0.0,71200.0,-12.7,주60주,-5.0,손절,6,,2599143775200
2026-06-18,267250,HD현대,B,C,주의,0.0,238500.0,-12.3,월10,-9.1,손절,3,,21920581087500
2026-06-17,247540,에코프로비엠,B,B,주의,0.0,180000.0,-3.5,월10,-5.2,손절,1,,21229204178000
2026-06-17,092200,디아이씨,A,A,주의,0.0,7620.0,-14.9,일240,-5.2,손절,1,,329775065120
2026-06-16,304360,에스바이오메딕스,A,B,주의,-0.9,26550.0,-15.6,주60주,-7.9,손절,2,,375269378400
2026-06-16,124500,아이티센글로벌,A,B,주의,-0.9,35200.0,-19.5,월10,-7.8,트레일,3,,1017518508950
2026-06-16,092200,디아이씨,A,C,주의,-0.9,7910.0,-20.4,일240,-8.5,손절,2,,329775065120
2026-06-16,083650,비에이치아이,A,B,주의,-0.9,68000.0,-15.6,월10,-4.5,트레일,3,,2255844937500
2026-06-11,035420,NAVER,A,C,실행,-11.8,224000.0,-12.8,주60주,7.4,목표,1,,36708463584000
2026-06-10,035420,NAVER,A,B,실행,-12.2,227000.0,-18.6,주60주,11.5,목표,2,,36708463584000
2026-06-10,445680,큐리옥스바이오시스템즈,A,C,실행,-12.2,69200.0,-12.4,주60주,-8.2,손절,1,,1555174252000
2026-06-09,005387,현대차2우B,B,C,실행,-8.0,247500.0,-4.8,월10,-9.4,손절,10,,9510188960000
2026-06-09,329180,HD현대중공업,B,C,실행,-8.0,612000.0,-7.8,월10,2.5,트레일,10,,73053012600000
2026-06-09,466100,클로봇,A,C,실행,-8.0,36200.0,-16.2,주60주,-7.9,손절,1,,1120206516000
2026-06-09,042520,한스바이오메드,A,C,실행,-8.0,24100.0,-15.3,주60주,9.0,목표,3,,415005779700
2026-06-09,066970,엘앤에프,B,A,실행,-8.0,129600.0,-7.4,월10,-7.0,손절,2,,6808658462100
2026-06-09,007660,이수페타시스,B,A,실행,-8.0,115800.0,-4.2,월10,-4.7,손절,1,,9484471094800
2026-06-09,048410,현대바이오,A,C,실행,-8.0,8790.0,-13.5,월10,-5.1,손절,1,,1116569468040
2026-06-09,397030,에이프릴바이오,A,A,실행,-8.0,41450.0,-17.4,일240,10.6,목표,6,,1493802098800
2026-06-09,445680,큐리옥스바이오시스템즈,A,B,실행,-8.0,74600.0,-16.1,주60주,-7.3,손절,1,,1555174252000
2026-06-09,267250,HD현대,B,C,실행,-8.0,241000.0,-11.2,월10,-0.4,트레일,7,,21920581087500
2026-06-08,036200,유니셈,A,B,실행,-15.0,8980.0,-19.0,주60주,11.7,목표,1,,335466599620
2026-06-08,102940,코오롱생명과학,A,B,실행,-15.0,44700.0,-13.7,일240,7.9,목표,1,,649948438950
2026-06-08,083650,비에이치아이,A,A,실행,-15.0,59800.0,-15.2,주60주,8.9,목표,4,,2255844937500
2026-06-08,466100,클로봇,A,C,실행,-15.0,37500.0,-19.3,주60주,-6.0,손절,1,,1120206516000
2026-06-08,058470,리노공업,B,C,실행,-15.0,85100.0,-14.6,월10,9.4,트레일,8,,7423034190000
2026-06-08,056080,유진로봇,A,B,실행,-15.0,18170.0,-12.2,일240,7.0,목표,1,,770874723600
2026-06-08,267260,HD현대일렉트릭,B,A,실행,-15.0,889000.0,-11.0,월10,16.0,트레일,11,,37957633155000
2026-06-08,178920,PI첨단소재,A,C,실행,-15.0,20100.0,-13.0,일240,7.5,목표,1,,734158050000
2026-06-08,011930,신성이엔지,A,B,실행,-15.0,19260.0,-15.2,주60주,8.9,목표,1,,494035560000
2026-06-08,272290,이녹스첨단소재,A,C,실행,-15.0,25800.0,-12.5,주60주,7.2,목표,1,,604106522700
2026-06-08,007660,이수페타시스,A,C,실행,-15.0,105700.0,-20.9,일240,-1.0,트레일,3,,9484471094800
2026-06-08,107640,한중엔시에스,A,C,실행,-15.0,39500.0,-14.2,주60주,8.3,목표,2,,478629148800
2026-06-08,034020,두산에너빌리티,A,B,실행,-15.0,85800.0,-13.5,일240,7.8,목표,1,,67643257017600
2026-06-08,004020,현대제철,A,B,실행,-15.0,33300.0,-12.5,주60주,-6.7,손절,3,,5357848267750
2026-06-08,376270,HEM파마,A,A,실행,-15.0,42150.0,-14.4,주60주,8.4,목표,4,,356557756500
2026-06-08,445680,큐리옥스바이오시스템즈,A,A,실행,-15.0,79000.0,-19.6,일240,-5.1,손절,1,,1555174252000
2026-06-08,036830,솔브레인홀딩스,A,C,실행,-15.0,40800.0,-15.5,주60주,9.2,목표,2,,1019047855700
2026-06-08,200710,에이디테크놀로지,A,A,실행,-15.0,31800.0,-14.9,일240,8.7,목표,1,,533095477200
2026-06-08,089010,켐트로닉스,A,C,실행,-15.0,27000.0,-20.7,주60주,13.1,목표,4,,598689963900
2026-06-08,137400,피엔티,A,C,실행,-15.0,38400.0,-12.1,주60주,6.9,목표,4,,1100434315600
2026-06-08,357780,솔브레인,A,C,실행,-15.0,324000.0,-15.7,일240,9.3,목표,2,,2975301495000
2026-06-08,214370,케어젠,A,C,실행,-15.0,68200.0,-19.3,주60주,12.0,목표,1,,4748406000000
2026-06-08,000157,두산2우B,A,B,실행,-15.0,442000.0,-13.8,일240,-7.6,트레일,3,,477775330000
2026-06-08,010130,고려아연,A,B,실행,-15.0,1149000.0,-12.7,주60주,7.3,목표,4,,28658586437000
2026-06-08,003160,디아이,A,B,실행,-15.0,23500.0,-15.9,일240,9.5,목표,1,,788155000000
2026-06-08,383310,에코프로에이치엔,A,C,실행,-15.0,26750.0,-13.3,주60주,7.7,목표,1,,669100330800
2026-06-08,030530,원익홀딩스,A,A,실행,-15.0,21700.0,-18.1,주60주,11.1,목표,1,,2097011184150
2026-06-08,001430,세아베스틸지주,A,A,실행,-15.0,44500.0,-12.6,주60주,7.2,목표,3,,1918623366500
2026-06-08,014680,한솔케미칼,A,B,실행,-15.0,230000.0,-16.7,일240,10.0,목표,1,,3069952650000
2026-06-08,310210,보로노이,A,C,실행,-15.0,181000.0,-19.4,주60주,12.0,목표,2,,5281423077000
2026-06-08,012030,DB,A,B,실행,-15.0,1724.0,-13.5,월10,7.8,목표,1,,419447650305
2026-06-08,323280,태성,A,C,실행,-15.0,47600.0,-16.5,일240,9.9,목표,1,,1749826254000
2026-06-08,086520,에코프로,A,C,실행,-15.0,105200.0,-18.3,일240,11.2,목표,4,,18872885128000
2026-06-08,099320,쎄트렉아이,A,C,실행,-15.0,108400.0,-13.3,월10,7.7,목표,1,,1464185868600
2026-06-08,105840,우진,A,C,실행,-15.0,16380.0,-14.0,주60주,8.2,목표,1,,405973167000
2026-06-08,009830,한화솔루션,A,A,실행,-15.0,34750.0,-12.9,주60주,7.4,목표,2,,7193702631600
2026-06-08,397030,에이프릴바이오,A,B,실행,-15.0,41000.0,-25.0,일240,-8.5,손절,1,,1493802098800
2026-06-08,482630,삼양엔씨켐,A,B,실행,-15.0,13180.0,-16.1,주60주,9.6,목표,1,,344959292800
2026-06-08,061970,LB세미콘,A,C,실행,-15.0,4075.0,-19.9,주60주,12.5,목표,3,,317714042820
2026-06-08,00088K,한화3우B,A,B,실행,-15.0,39600.0,-14.8,주60주,8.7,목표,6,,923651391600
2026-06-08,281740,레이크머티리얼즈,A,C,실행,-15.0,14990.0,-15.1,주60주,8.9,목표,4,,1208784777720
2026-06-08,039440,에스티아이,A,C,실행,-15.0,24850.0,-16.2,주60주,9.7,목표,1,,445052248900
2026-06-08,115180,큐리언트,A,B,실행,-15.0,23650.0,-14.5,주60주,8.5,목표,2,,1031482890550
2026-06-08,226950,올릭스,A,C,실행,-15.0,122400.0,-24.5,일240,-1.9,트레일,2,,3554632083300
2026-06-08,388720,유일로보틱스,A,B,실행,-15.0,84900.0,-14.8,주60주,-7.0,손절,9,,999058056000
2026-06-08,222080,SFA넥셀,A,C,실행,-15.0,9770.0,-15.5,일240,9.2,목표,2,,938028536640
2026-06-08,042370,비츠로테크,A,B,실행,-15.0,10430.0,-13.5,월10,7.8,목표,1,,336932321500
2026-06-08,286940,롯데이노베이트,A,C,실행,-15.0,19890.0,-12.4,주60주,-6.8,손절,10,,339654289150
2026-06-08,265520,AP시스템,A,B,실행,-15.0,20700.0,-15.0,월10,8.8,목표,1,,374765442900
2026-06-08,060370,LS마린솔루션,A,B,실행,-15.0,27850.0,-12.4,주60주,7.1,목표,2,,1713434411200
2026-06-08,052020,에스티큐브,A,A,실행,-15.0,9770.0,-13.5,일240,7.8,목표,1,,991876215690
2026-06-08,247540,에코프로비엠,A,A,실행,-15.0,159700.0,-19.1,일240,11.8,목표,4,,21229204178000
2026-06-08,425420,티에프이,A,B,실행,-15.0,42500.0,-14.2,일240,8.3,목표,1,,574143916500
2026-06-08,117730,티로보틱스,A,B,실행,-15.0,15610.0,-12.5,주60주,7.2,목표,2,,412586606470
2026-06-08,005385,현대차우,B,C,실행,-15.0,237500.0,-11.4,월10,-6.8,손절,11,,6395423040000
2026-06-08,161580,필옵틱스,A,C,실행,-15.0,38300.0,-14.8,주60주,-4.6,트레일,3,,1013877182750
2026-06-08,066970,엘앤에프,B,A,실행,-15.0,124600.0,-17.0,월10,-3.3,손절,1,,6808658462100
2026-06-08,048410,현대바이오,A,C,실행,-15.0,8860.0,-19.0,월10,-5.8,손절,2,,1116569468040
2026-06-08,253590,네오셈,A,B,실행,-15.0,11860.0,-17.6,주60주,10.7,목표,1,,619432595680
2026-06-08,003670,포스코퓨처엠,A,B,실행,-15.0,187700.0,-15.3,일240,9.0,목표,4,,21836297010000
2026-06-08,078520,에이블씨엔씨,A,B,실행,-15.0,10250.0,-13.1,주60주,7.6,목표,4,,320494463520
2026-06-05,388720,유일로보틱스,A,A,실행,-7.3,92500.0,-15.0,월10,-11.1,손절,3,,999058056000
2026-06-05,022100,포스코DX,A,B,실행,-7.3,29200.0,-17.3,일240,-6.4,손절,1,,4933526956050
2026-06-05,052020,에스티큐브,A,C,실행,-7.3,10380.0,-20.6,월10,-8.3,손절,1,,991876215690
2026-06-04,455900,엔젤로보틱스,A,B,주의,-1.8,27200.0,-13.9,주60주,-7.6,손절,2,-25.9,396317422900
2026-06-04,003670,포스코퓨처엠,B,C,주의,-1.8,221500.0,-4.1,월10,-9.5,손절,2,-37.8,21836297010000
2026-06-04,082740,한화엔진,B,C,주의,-1.8,57300.0,-7.3,월10,-10.1,손절,2,-31.8,5357306516400
2026-06-02,001340,PKC,A,B,주의,0.0,6120.0,-12.3,주60주,-7.2,손절,3,-30.1,313913271040
2026-06-02,310210,보로노이,B,B,주의,0.0,233000.0,-18.8,월10,-3.0,손절,1,-57.0,5281423077000
2026-06-02,003670,포스코퓨처엠,B,C,주의,0.0,222500.0,-9.4,월10,-9.9,손절,3,-41.7,21836297010000
2026-06-02,086280,현대글로비스,B,C,주의,0.0,221500.0,-8.7,월10,-8.4,손절,2,-12.6,18187500000000
2026-06-02,161000,애경케미칼,A,A,주의,0.0,11300.0,-12.1,월10,-6.8,손절,3,-32.5,625135910650
2026-06-02,047810,한국항공우주,B,C,주의,0.0,147000.0,-12.7,월10,-8.2,손절,2,-18.1,16405060508100
2026-06-01,001340,PKC,A,B,주의,0.0,6440.0,-16.1,월10,-7.0,손절,1,-33.1,313913271040
2026-06-01,204270,제이앤티씨,A,B,주의,0.0,19140.0,-13.8,주60주,-5.5,손절,1,-38.3,1223495055900
2026-06-01,243070,휴온스,A,B,주의,0.0,27550.0,-15.5,월10,-5.5,손절,3,-17.6,352202151000
2026-06-01,174900,앱클론,A,B,주의,0.0,34600.0,-13.0,일240,-6.4,손절,4,-51.4,749202443950
2026-06-01,403550,쏘카,A,B,주의,0.0,12390.0,-12.4,월10,-5.9,손절,3,-21.9,434498363460
2026-05-29,199800,툴젠,A,C,주의,0.0,48100.0,-27.3,주60주,1.7,트레일,4,-19.3,432785954900
2026-05-29,086390,유니테스트,A,B,주의,0.0,15350.0,-13.8,일240,-5.3,손절,1,-51.0,324408834100
2026-05-28,056190,SFA,A,A,주의,-0.5,27400.0,-15.6,월10,-7.6,손절,6,-24.5,1127535064000
2026-05-28,399720,가온칩스,A,A,주의,-0.5,54900.0,-13.1,일240,7.6,목표,1,-7.3,816669568000
2026-05-28,458870,씨어스,A,C,주의,-0.5,31500.0,-13.8,월10,-7.3,손절,1,-13.2,1813546611000
2026-05-28,086390,유니테스트,A,A,주의,-0.5,16530.0,-12.4,월10,-5.9,손절,1,-47.7,388022553360
2026-05-28,051370,인터플렉스,A,A,주의,-0.5,10970.0,-12.4,월10,-7.0,손절,1,-39.3,313521223680
2026-05-28,389020,자람테크놀로지,A,C,주의,-0.5,39500.0,-12.4,월10,-6.1,트레일,2,-50.4,346524776000
2026-05-28,101490,에스앤에스텍,A,A,주의,-0.5,68200.0,-12.0,월10,-6.2,손절,1,-40.0,2148422315300
2026-05-28,213420,덕산네오룩스,A,B,주의,-0.5,40050.0,-14.5,주60주,-9.3,손절,3,-24.3,1253974539500
2026-05-28,010130,고려아연,B,A,주의,-0.5,1365000.0,-5.5,월10,-6.6,손절,5,-24.6,32958418051000
2026-05-28,226590,엠디바이스,A,A,주의,-0.5,18570.0,-14.2,월10,-5.2,손절,1,-39.1,303508883200
2026-05-28,336370,솔루스첨단소재,A,A,주의,-0.5,9300.0,-14.8,일240,8.7,목표,1,-24.8,919145032960
2026-05-27,336370,솔루스첨단소재,A,C,주의,0.0,9500.0,-17.1,일240,10.3,목표,2,-25.8,919145032960
2026-05-22,214370,케어젠,B,C,주의,-1.7,89100.0,-4.4,월10,-7.4,손절,5,-38.2,5666932500000
2026-05-20,247540,에코프로비엠,B,C,실행,-9.7,176700.0,-7.2,월10,13.3,트레일,8,-41.1,20153069404000
2026-05-20,022100,포스코DX,A,A,실행,-9.7,29650.0,-12.3,월10,7.0,목표,1,-40.9,5306012042100
2026-05-20,388720,유일로보틱스,A,A,실행,-9.7,87900.0,-12.5,일240,7.2,목표,1,-34.6,1238219359500
2026-05-20,455900,엔젤로보틱스,A,C,실행,-9.7,25200.0,-13.1,주60주,7.5,목표,1,-39.9,462750425850
2026-05-20,117730,티로보틱스,A,C,실행,-9.7,17130.0,-12.1,월10,6.9,목표,1,-35.8,512067576100
2026-05-20,086280,현대글로비스,B,C,실행,-9.7,210500.0,-8.5,월10,1.0,트레일,9,-11.4,17025000000000
2026-05-20,317330,덕산테코피아,A,C,실행,-9.7,20200.0,-14.0,월10,8.2,목표,2,-52.4,491438016000
2026-05-19,000250,삼천당제약,B,C,실행,-8.9,365500.0,-5.8,월10,-5.3,손절,1,-49.6,9746579616000
2026-05-19,475830,오름테라퓨틱,A,A,실행,-8.9,62900.0,-17.2,일240,10.4,목표,3,-27.8,1897475265000
2026-05-19,382900,범한퓨얼셀,A,B,실행,-8.9,26600.0,-14.1,일240,-6.8,손절,1,-39.4,308825250000
2026-05-19,078160,메디포스트,A,B,실행,-8.9,15190.0,-16.1,주60주,-6.8,손절,1,-42.3,1093808423700
2026-05-19,039200,오스코텍,A,B,실행,-8.9,41000.0,-13.1,주60주,7.6,목표,5,-26.5,1989425152000
2026-05-19,086280,현대글로비스,B,C,실행,-8.9,214000.0,-11.6,월10,-0.7,트레일,10,-11.9,17025000000000
2026-05-19,204620,글로벌텍스프리,A,A,실행,-8.9,5440.0,-12.8,주60주,-5.1,손절,1,-13.9,418888646800
2026-05-19,141080,리가켐바이오,A,B,실행,-8.9,150300.0,-21.5,주60주,-10.3,손절,1,-31.0,6789361261200
2026-05-18,214370,케어젠,B,B,실행,-5.8,85700.0,-15.8,월10,-3.7,손절,9,-25.3,5666932500000
2026-05-18,475830,오름테라퓨틱,A,A,실행,-5.8,67800.0,-15.2,일240,-9.8,손절,1,-28.6,1897475265000
2026-05-18,000250,삼천당제약,B,B,실행,-5.8,373500.0,-7.8,월10,-9.6,손절,2,-48.7,9746579616000
2026-05-18,042520,한스바이오메드,A,B,실행,-5.8,23900.0,-14.3,일240,8.4,목표,1,4.2,419284189800
2026-05-18,114190,강원에너지,A,A,실행,-5.8,12260.0,-13.1,주60주,-6.2,손절,2,-28.5,400466172540
2026-05-18,056190,SFA,A,A,실행,-5.8,26850.0,-12.4,월10,7.1,목표,3,-18.4,1127535064000
2026-05-18,006730,서부T&D,A,A,실행,-5.8,12250.0,-12.6,월10,-5.0,손절,2,-16.5,971956037310
2026-05-18,213420,덕산네오룩스,A,A,실행,-5.8,45100.0,-13.3,월10,-7.1,트레일,7,-29.8,1253974539500
2026-05-18,034220,LG디스플레이,B,C,실행,-5.8,13390.0,-12.7,월10,-9.1,손절,2,-19.9,6130000000000
2026-05-18,377300,카카오페이,A,C,실행,-5.8,49100.0,-15.1,주60주,-7.4,손절,2,-17.4,7533166941900
2026-05-18,009470,삼화전기,A,A,실행,-5.8,34050.0,-12.6,주60주,-5.6,손절,2,-28.2,320770270000
2026-05-18,389020,자람테크놀로지,A,A,실행,-5.8,42500.0,-14.7,일240,-5.4,손절,1,-47.2,346524776000
2026-05-18,108320,LX세미콘,A,A,실행,-5.8,56100.0,-12.2,주60주,-5.6,손절,1,-27.3,1018145180000
2026-05-18,348210,넥스틴,A,A,실행,-5.8,62000.0,-16.2,주60주,-5.3,손절,2,-34.7,730247248500
2026-05-15,389020,자람테크놀로지,A,C,실행,-6.1,44700.0,-14.7,일240,-10.1,손절,1,-52.8,346524776000
2026-05-14,078160,메디포스트,A,C,주의,0.0,17610.0,-32.4,월10,-5.2,트레일,2,-52.0,1093808423700
2026-05-13,373220,LG에너지솔루션,B,C,주의,0.0,430000.0,-8.1,월10,-7.1,트레일,3,-24.2,107757000000000
2026-05-13,377300,카카오페이,A,C,주의,0.0,51100.0,-14.0,주60주,8.1,목표,1,-24.0,7533166941900
2026-05-12,475400,씨메스로보틱스,A,A,주의,-2.3,31850.0,-15.2,월10,-5.5,트레일,4,-49.2,378545196400
2026-05-12,045390,대아티아이,A,C,주의,-2.3,4150.0,-13.2,월10,-9.0,손절,3,-38.8,320653865350
2026-05-12,098070,한텍,A,B,주의,-2.3,38550.0,-12.1,주60주,-7.0,손절,4,-42.5,526029969300
2026-05-08,064350,현대로템,B,C,주의,0.0,223000.0,-14.9,월10,-8.4,손절,5,-16.4,29304705670500
2026-05-07,389470,인벤티지랩,A,C,주의,0.0,55700.0,-12.0,일240,-5.5,손절,2,-32.6,816554872500
2026-05-07,049630,재영솔루텍,A,C,주의,0.0,12420.0,-16.4,일240,9.8,목표,2,-44.1,399789655200
2026-05-04,128940,한미약품,B,B,주의,0.0,445000.0,-7.9,월10,-5.5,손절,4,-2.0,5893055860000
2026-05-04,000250,삼천당제약,B,C,주의,0.0,409500.0,-7.6,월10,-7.0,트레일,8,-50.2,9746579616000
2026-05-04,141080,리가켐바이오,B,C,주의,0.0,181500.0,-6.7,월10,-0.7,트레일,9,-21.3,6789361261200
2026-04-30,141080,리가켐바이오,B,C,주의,-1.4,183400.0,-9.9,월10,-1.7,트레일,10,-18.2,6789361261200
2026-04-23,000250,삼천당제약,B,C,주의,0.0,380000.0,-20.1,월10,2.8,트레일,8,-37.2,19446244288000
2026-04-21,019170,신풍제약,A,A,주의,0.0,11880.0,-15.7,주60주,-5.3,손절,2,-29.4,548394646500
2026-04-20,018260,삼성에스디에스,B,C,주의,-1.4,179800.0,-5.9,월10,9.5,목표,17,17.9,11614407780000
2026-04-14,051910,LG화학,B,C,실행,-5.4,341500.0,-4.1,월10,24.2,목표,13,5.6,21107110557000
2026-04-10,445680,큐리옥스바이오시스템즈,A,C,실행,-7.1,74300.0,-12.2,일240,6.9,목표,1,-6.6,1735951066200
2026-04-10,042660,한화오션,B,C,실행,-7.1,123400.0,-3.4,월10,-5.3,트레일,23,-15.3,36830889958800
2026-04-07,042660,한화오션,B,C,실행,-12.9,120900.0,-5.5,월10,-3.3,트레일,26,-14.7,36830889958800
2026-04-03,389650,넥스트바이오메디컬,A,C,실행,-14.7,65800.0,-12.1,일240,-8.4,손절,2,-36.4,602985621000
2026-04-03,001040,CJ,B,C,실행,-14.7,190700.0,-5.1,월10,4.5,트레일,25,-7.2,5514452622000
2026-04-03,007660,이수페타시스,B,C,실행,-14.7,102600.0,-5.6,월10,29.1,목표,11,30.3,7194103462000
2026-04-03,141080,리가켐바이오,B,C,실행,-14.7,175000.0,-14.8,월10,3.0,트레일,21,-16.8,7029184896000
2026-04-02,304360,에스바이오메딕스,A,C,실행,-17.0,24950.0,-13.1,주60주,7.5,목표,1,14.6,355453173600
2026-04-01,304360,에스바이오메딕스,A,A,실행,-13.1,27400.0,-15.7,월10,-5.1,손절,1,4.2,355453173600
2026-03-31,001040,CJ,B,C,실행,-19.9,189000.0,-8.5,월10,5.5,트레일,28,-14.4,5514452622000
2026-03-31,348210,넥스틴,A,B,실행,-19.9,62500.0,-14.4,월10,8.4,목표,1,7.8,654812812500
2026-03-31,499790,GS피앤엘,A,A,실행,-19.9,42200.0,-12.1,일240,6.9,목표,8,3.1,836861490200
2026-03-31,000157,두산2우B,A,C,실행,-19.9,381000.0,-15.5,일240,9.2,목표,1,40.4,340247478000
2026-03-31,089030,테크윙,A,B,실행,-19.9,45300.0,-12.9,월10,7.4,목표,1,10.0,1678530118500
2026-03-31,032350,롯데관광개발,A,C,실행,-19.9,17350.0,-12.6,일240,-5.3,손절,2,10.1,1381085573900
2026-03-31,010140,삼성중공업,B,B,실행,-19.9,24450.0,-6.0,월10,30.9,목표,16,14.3,21516000000000
2026-03-31,007660,이수페타시스,B,A,실행,-19.9,98000.0,-11.3,월10,35.2,목표,14,31.8,7194103462000
2026-03-31,454910,두산로보틱스,B,A,실행,-19.9,79500.0,-6.4,월10,29.1,트레일,25,34.0,5153188410000
2026-03-30,071320,지역난방공사,A,C,실행,-16.3,75400.0,-16.4,주60주,-6.3,손절,6,-6.5,1079138940800
2026-03-27,462350,이노스페이스,A,C,실행,-13.8,15600.0,-12.4,월10,-7.5,트레일,4,3.4,376037046300
2026-03-26,460930,현대힘스,A,B,실행,-13.4,19420.0,-13.3,주60주,-5.3,손절,1,-8.6,693523404630
2026-03-26,087010,펩트론,B,C,실행,-13.4,290000.0,-11.3,월10,-7.1,손절,11,-6.7,6645444750000
2026-03-24,003550,LG,B,C,실행,-11.9,87500.0,-8.4,월10,23.2,목표,31,40.6,16609664704500
2026-03-24,015760,한국전력,B,C,실행,-11.9,46750.0,-4.9,월10,-8.8,손절,3,-15.7,37554898504500
2026-03-24,352820,하이브,A,A,실행,-11.9,293000.0,-14.8,주60주,-5.6,손절,7,-21.2,16677800437500
2026-03-24,377300,카카오페이,A,B,실행,-11.9,53900.0,-16.2,일240,-7.0,손절,3,-11.3,9041619963000
2026-03-24,004020,현대제철,B,C,실행,-11.9,35250.0,-5.9,월10,21.0,트레일,37,11.2,6205229002500
2026-03-20,329180,HD현대중공업,B,C,실행,-8.3,559000.0,-5.3,월10,-10.1,손절,1,7.0,63291618675000
2026-03-19,161580,필옵틱스,A,B,실행,-8.6,40100.0,-13.1,월10,-5.6,손절,3,24.4,1230984492200
2026-03-17,045390,대아티아이,A,B,실행,-10.6,4170.0,-12.4,주60주,-5.3,손절,9,-1.8,331224871900
2026-03-17,004020,현대제철,B,C,실행,-10.6,35550.0,-3.9,월10,29.3,만기,40,29.3,6205229002500
2026-03-16,161390,한국타이어앤테크놀로지,B,C,실행,-12.0,54000.0,-6.2,월10,5.5,트레일,39,9.4,9030492530100
2026-03-16,033790,피노,A,A,실행,-12.0,4920.0,-13.7,주60주,7.9,목표,2,211.8,407543552790
2026-03-16,450080,에코프로머티,B,C,실행,-12.0,61900.0,-9.4,주60주,27.5,목표,25,9.5,5073174412600
2026-03-10,377300,카카오페이,B,C,실행,-12.3,59200.0,-3.9,월10,-6.0,손절,10,-2.4,9041619963000
2026-03-05,011170,롯데케미칼,A,C,실행,-11.5,73000.0,-13.4,월10,7.7,목표,9,56.0,4102162682100
2026-03-05,329180,HD현대중공업,B,C,실행,-11.5,559000.0,-5.3,월10,-7.1,트레일,12,22.5,63291618675000
2026-03-05,377300,카카오페이,B,A,실행,-11.5,59300.0,-5.0,월10,-6.2,손절,13,-6.1,9041619963000
2026-03-05,450080,에코프로머티,B,C,실행,-11.5,63200.0,-6.8,주60주,-2.6,트레일,7,27.1,5073174412600
2026-03-05,001040,CJ,B,C,실행,-11.5,184000.0,-11.1,월10,-7.7,손절,2,22.0,6375174063000
2026-03-05,051910,LG화학,B,C,실행,-11.5,324500.0,-10.1,월10,-7.4,손절,2,22.3,29472303202500
2026-03-05,042660,한화오션,B,C,실행,-11.5,122100.0,-9.8,월10,-1.7,트레일,12,7.9,43265571232800
2026-03-05,009540,HD한국조선해양,B,A,실행,-11.5,407000.0,-7.8,월10,-4.3,손절,2,13.4,31847902200000
2026-03-04,007160,사조산업,A,B,실행,-19.2,51300.0,-18.7,일240,11.5,목표,12,3.9,315500000000
2026-03-04,089010,켐트로닉스,A,C,실행,-19.2,25000.0,-24.8,주60주,16.5,목표,1,61.2,543282489750
2026-03-04,003490,대한항공,A,A,실행,-19.2,23200.0,-17.4,주60주,10.6,목표,10,8.2,10347000574100
2026-03-04,044490,태웅,A,B,실행,-19.2,27150.0,-23.5,일240,15.4,목표,1,99.3,710262025500
2026-03-04,008930,한미사이언스,A,C,실행,-19.2,34900.0,-20.0,주60주,12.5,목표,1,8.9,2981871580000
2026-03-04,035760,CJ ENM,A,C,실행,-19.2,60900.0,-16.1,주60주,9.6,목표,1,-9.0,1592056580400
2026-03-04,003120,일성아이에스,A,A,실행,-19.2,21500.0,-14.0,일240,8.1,목표,5,7.4,332500000000
2026-03-04,285130,SK케미칼,A,C,실행,-19.2,54800.0,-20.3,주60주,-0.9,트레일,16,13.9,1190155100800
2026-03-04,036620,감성코퍼레이션,A,B,실행,-19.2,5160.0,-14.3,주60주,8.3,목표,1,31.0,544832701420
2026-03-04,000320,노루홀딩스,A,A,실행,-19.2,21200.0,-21.2,주60주,13.4,목표,5,6.4,357531961900
2026-03-04,059090,미코,A,C,실행,-19.2,12510.0,-21.5,주60주,13.7,목표,1,72.3,532329273540
2026-03-04,004700,조광피혁,A,B,실행,-19.2,60300.0,-20.9,주60주,13.2,목표,6,15.4,506664315600
2026-03-04,060370,LS마린솔루션,A,A,실행,-19.2,25100.0,-25.1,일240,16.7,목표,6,50.6,1750001609000
2026-03-04,005690,파미셀,A,A,실행,-19.2,12640.0,-22.2,주60주,14.2,목표,1,56.4,974675495360
2026-03-04,192650,드림텍,A,B,실행,-19.2,6480.0,-16.8,일240,10.1,목표,5,5.7,537309010210
2026-03-04,006220,제주은행,A,B,실행,-19.2,12500.0,-21.5,일240,13.7,목표,1,3.0,602131013010
2026-03-04,200880,서연이화,A,A,실행,-19.2,12600.0,-24.1,일240,15.8,목표,5,15.6,448401769830
2026-03-04,072710,농심홀딩스,A,B,실행,-19.2,87900.0,-13.0,월10,7.5,목표,5,11.3,468416790000
2026-03-04,139480,이마트,A,C,실행,-19.2,88700.0,-15.5,일240,9.2,목표,5,21.9,2897560995000
2026-03-04,001040,CJ,B,C,실행,-19.2,187600.0,-14.1,월10,-9.5,손절,3,21.3,6375174063000
2026-03-04,000400,롯데손해보험,A,A,실행,-19.2,1918.0,-16.6,월10,10.0,목표,1,12.6,713773536000
2026-03-04,006110,삼아알미늄,A,B,실행,-19.2,24700.0,-20.7,월10,13.1,목표,1,193.9,471095623250
2026-03-04,006360,GS건설,A,B,실행,-19.2,18750.0,-16.3,주60주,9.7,목표,5,122.4,1917025376000
2026-03-04,004000,롯데정밀화학,A,B,실행,-19.2,41950.0,-17.9,주60주,10.9,목표,3,69.7,1318380000000
2026-03-04,064820,케이프,A,A,실행,-19.2,9230.0,-25.0,일240,16.6,목표,5,76.2,380091254400
2026-03-04,005490,POSCO홀딩스,A,C,실행,-19.2,321500.0,-22.2,월10,14.2,목표,26,45.9,33425309176000
2026-03-04,086450,동국제약,A,B,실행,-19.2,17620.0,-13.6,일240,7.9,목표,1,39.6,922700568000
2026-03-04,036200,유니셈,A,C,실행,-19.2,8590.0,-21.4,월10,13.6,목표,1,38.2,335159957390
2026-03-04,068760,셀트리온제약,A,B,실행,-19.2,57700.0,-19.6,월10,12.2,목표,1,0.0,3136496983600
2026-03-04,045390,대아티아이,A,C,실행,-19.2,3980.0,-15.3,주60주,9.0,목표,1,18.8,331224871900
2026-03-04,001340,PKC,A,B,실행,-19.2,5810.0,-15.7,월10,9.3,목표,1,29.4,309487824230
2026-03-04,005300,롯데칠성,A,A,실행,-19.2,121000.0,-13.0,일240,7.5,목표,1,2.1,1290692764400
2026-03-04,015760,한국전력,B,C,실행,-19.2,45550.0,-22.1,월10,-5.6,트레일,17,-2.3,37554898504500
2026-03-04,079370,제우스,A,B,실행,-19.2,15000.0,-16.6,월10,9.9,목표,1,9.7,557685480200
2026-03-04,043150,바텍,A,C,실행,-19.2,22500.0,-17.7,월10,-4.6,트레일,21,4.0,406263901600
2026-03-04,009520,포스코엠텍,A,B,실행,-19.2,15420.0,-22.3,월10,14.4,목표,1,37.2,826607654550
2026-03-04,002900,TYM,A,B,실행,-19.2,5950.0,-19.0,월10,11.8,목표,1,33.6,304290000000
2026-03-04,036570,NC,A,A,실행,-19.2,195600.0,-15.3,일240,9.0,목표,2,41.9,4976669082000
2026-03-04,050890,쏠리드,A,B,실행,-19.2,7000.0,-16.8,일240,10.1,목표,1,129.6,510962450940
2026-03-04,007070,GS리테일,A,B,실행,-19.2,18660.0,-15.2,월10,8.9,목표,10,26.2,1839363130000
2026-03-04,002790,아모레퍼시픽홀딩스,A,C,실행,-19.2,25500.0,-18.7,주60주,11.5,목표,12,12.7,2491013943000
2026-03-04,018880,한온시스템,A,A,실행,-19.2,3680.0,-20.7,주60주,13.0,목표,1,18.3,4761858241280
2026-03-04,009240,한샘,A,C,실행,-19.2,41000.0,-17.4,일240,-2.9,트레일,21,8.4,1168459525200
2026-03-04,003670,포스코퓨처엠,B,C,실행,-19.2,185200.0,-25.0,월10,37.1,목표,34,40.9,21969716340000
2026-03-04,011170,롯데케미칼,A,B,실행,-19.2,71800.0,-25.1,월10,-3.4,트레일,3,64.3,4102162682100
2026-03-04,006280,녹십자,A,A,실행,-19.2,138700.0,-18.0,주60주,11.0,목표,1,0.4,1976193575800
2026-03-04,123890,한국자산신탁,A,C,실행,-19.2,2610.0,-12.4,월10,7.1,목표,1,5.0,364674299480
2026-03-04,031430,신세계인터내셔날,A,A,실행,-19.2,11450.0,-13.8,월10,8.0,목표,1,33.8,469708470000
2026-03-04,004690,삼천리,A,B,실행,-19.2,132000.0,-13.4,월10,7.8,목표,2,12.0,618391312500
2026-03-04,075580,세진중공업,A,B,실행,-19.2,14800.0,-25.0,일240,16.7,목표,5,43.2,1121639766880
2026-03-04,007700,F&F홀딩스,A,B,실행,-19.2,17630.0,-17.8,일240,10.8,목표,12,10.2,839003172150
2026-03-04,298050,HS효성첨단소재,A,B,실행,-19.2,195300.0,-22.2,주60주,14.3,목표,5,42.1,1124466948000
2026-03-04,025540,한국단자,A,A,실행,-19.2,67200.0,-16.7,주60주,10.0,목표,5,33.8,816280500000
2026-03-04,064260,다날,A,C,실행,-19.2,6440.0,-24.1,주60주,15.8,목표,1,17.9,639202056480
2026-03-04,180640,한진칼,A,B,실행,-19.2,113000.0,-27.7,일240,1.7,트레일,8,0.3,10434944207700
2026-03-04,035600,KG이니시스,A,A,실행,-19.2,9990.0,-13.3,주60주,7.7,목표,29,14.6,317427079680
2026-03-04,078600,대주전자재료,A,B,실행,-19.2,77700.0,-22.8,주60주,14.8,목표,1,114.4,1558895715100
2026-03-04,450950,아스테라시스,A,C,실행,-19.2,11400.0,-13.0,일240,7.5,목표,1,0.6,492921455200
2026-03-04,093320,케이아이엔엑스,A,B,실행,-19.2,99800.0,-16.4,월10,9.8,목표,1,5.6,582672000000
2026-03-04,138610,나이벡,A,C,실행,-19.2,26350.0,-17.8,주60주,10.8,목표,1,2.3,364277223200
2026-03-04,121600,나노신소재,A,C,실행,-19.2,53400.0,-25.2,월10,16.9,목표,1,65.5,871879037400
2026-03-04,265520,AP시스템,A,B,실행,-19.2,19300.0,-16.1,월10,9.6,목표,1,35.8,346168883000
2026-03-04,060980,HL홀딩스,A,A,실행,-19.2,40700.0,-17.9,주60주,10.9,목표,5,8.7,456527785350
2026-03-04,199800,툴젠,A,B,실행,-19.2,42200.0,-14.2,주60주,8.3,목표,1,111.1,442496386800
2026-03-04,161580,필옵틱스,A,A,실행,-19.2,39200.0,-25.5,일240,17.1,목표,1,25.9,1230984492200
2026-03-04,034230,파라다이스,A,A,실행,-19.2,16100.0,-19.3,주60주,12.0,목표,9,0.2,1843490902050
2026-03-04,475150,SK이터닉스,A,B,실행,-19.2,21550.0,-25.2,월10,16.8,목표,2,173.8,972116409600
2026-03-04,105630,한세실업,A,C,실행,-19.2,12290.0,-14.0,주60주,-5.3,트레일,18,-3.5,571600000000
2026-03-04,255220,SG,A,B,실행,-19.2,2465.0,-18.0,월10,11.0,목표,1,4.9,320492802895
2026-03-04,375500,DL이앤씨,A,C,실행,-19.2,41650.0,-18.5,주60주,11.3,목표,4,142.7,1977244135300
2026-03-04,450080,에코프로머티,A,A,실행,-19.2,55300.0,-23.1,월10,15.0,목표,1,51.4,5073174412600
2026-03-04,352820,하이브,B,C,실행,-19.2,327000.0,-15.6,월10,-2.4,트레일,13,-22.8,16677800437500
2026-03-04,071970,HD현대마린엔진,A,C,실행,-19.2,72100.0,-17.4,일240,10.5,목표,1,52.1,2961346513500
2026-03-04,011780,금호석유화학,A,B,실행,-19.2,120700.0,-21.3,월10,-5.6,손절,3,24.4,3993269222800
2026-03-04,454910,두산로보틱스,B,C,실행,-19.2,80600.0,-24.3,월10,-0.1,트레일,18,26.8,6903327870000
2026-03-04,007660,이수페타시스,B,C,실행,-19.2,98800.0,-22.6,월10,2.6,트레일,3,47.8,9367016344400
2026-03-04,009900,명신산업,A,B,실행,-19.2,8600.0,-24.7,일240,16.4,목표,5,64.9,599208918860
2026-03-04,090460,비에이치,A,C,실행,-19.2,15130.0,-21.8,주60주,13.9,목표,5,133.3,651981144920
2026-03-04,126720,수산인더스트리,A,B,실행,-19.2,23300.0,-16.6,월10,10.0,목표,2,47.6,399293700000
2026-03-04,000210,DL,A,B,실행,-19.2,40150.0,-22.3,일240,14.4,목표,5,91.3,1083419202800
2026-03-04,010140,삼성중공업,B,A,실행,-19.2,23500.0,-18.8,월10,13.8,트레일,13,40.4,25476000000000
2026-03-04,007690,국도화학,A,A,실행,-19.2,34250.0,-13.8,주60주,8.0,목표,5,29.5,368118072000
2026-03-04,294570,쿠콘,A,C,실행,-19.2,27800.0,-18.8,주60주,11.6,목표,1,9.4,345641821000
2026-03-04,034220,LG디스플레이,A,A,실행,-19.2,11000.0,-23.3,일240,-0.9,트레일,18,13.0,7170000000000
2026-03-04,119850,지엔씨에너지,A,A,실행,-19.2,31150.0,-20.1,일240,12.6,목표,1,15.4,641507451000
2026-03-04,286940,롯데이노베이트,A,C,실행,-19.2,19950.0,-16.0,주60주,9.5,목표,2,16.8,359322466250
2026-03-04,213420,덕산네오룩스,A,C,실행,-19.2,34000.0,-18.6,주60주,11.4,목표,1,54.7,1036701723250
2026-03-04,003090,대웅,A,B,실행,-19.2,22050.0,-18.2,주60주,11.1,목표,5,2.9,1566926361000
2026-03-04,051915,LG화학우,A,B,실행,-19.2,148300.0,-26.2,일240,0.2,트레일,3,30.8,1545448800000
2026-03-04,090430,아모레퍼시픽,A,B,실행,-19.2,125400.0,-17.2,주60주,10.4,목표,10,12.8,8855803712600
2026-03-04,377300,카카오페이,A,B,실행,-19.2,52300.0,-21.8,일240,14.0,목표,1,8.2,9041619963000
2026-03-04,137400,피엔티,A,C,실행,-19.2,41550.0,-24.0,월10,15.8,목표,1,38.6,1295882821600
2026-03-04,093370,후성,A,B,실행,-19.2,6270.0,-21.9,일240,14.0,목표,1,123.4,861260299900
2026-03-04,371950,풍원정밀,A,C,실행,-19.2,11970.0,-35.5,일240,12.0,트레일,3,-10.9,420616890880
2026-03-04,079160,CJ CGV,A,C,실행,-19.2,4850.0,-12.5,일240,-5.8,트레일,17,0.7,917326268860
2026-03-04,090435,아모레퍼시픽우,A,A,실행,-19.2,43550.0,-15.9,일240,9.5,목표,1,13.0,546895594000
2026-03-04,441270,파인엠텍,A,B,실행,-19.2,7910.0,-19.5,주60주,-1.5,트레일,3,31.9,404287168530
2026-03-04,079900,전진건설로봇,A,C,실행,-19.2,46850.0,-21.8,일240,13.9,목표,1,40.9,874093445500
2026-03-04,051910,LG화학,A,B,실행,-19.2,307000.0,-26.5,월10,-3.0,트레일,3,32.7,29472303202500
2026-03-04,323410,카카오뱅크,A,C,실행,-19.2,22200.0,-18.2,주60주,11.1,목표,4,10.6,12951675014550
2026-03-04,455900,엔젤로보틱스,A,C,실행,-19.2,25600.0,-25.7,일240,17.3,목표,2,18.6,524261925850
2026-03-04,383800,LX홀딩스,A,A,실행,-19.2,7800.0,-14.2,주60주,8.3,목표,5,19.1,693391472100
2026-03-04,389650,넥스트바이오메디컬,A,B,실행,-19.2,60900.0,-19.9,일240,12.4,목표,2,-2.5,623495336000
2026-03-04,215600,신라젠,A,A,실행,-19.2,3070.0,-15.2,주60주,9.0,목표,1,16.6,500030006320
2026-03-04,475400,씨메스로보틱스,A,C,실행,-19.2,27400.0,-25.3,일240,17.0,목표,2,20.1,431447475400
2026-03-04,001390,KG케미칼,A,B,실행,-19.2,4570.0,-16.0,주60주,9.5,목표,1,39.2,365747683200
2026-03-04,393890,더블유씨피,A,A,실행,-19.2,7840.0,-21.5,월10,13.7,목표,1,163.4,338093008560
2026-03-04,062040,산일전기,B,C,실행,-19.2,128000.0,-23.2,월10,18.3,트레일,17,72.7,5091884840000
2026-03-04,114190,강원에너지,A,B,실행,-19.2,11370.0,-27.5,일240,19.0,목표,2,42.1,409609235840
2026-03-04,087010,펩트론,A,B,실행,-19.2,220000.0,-22.8,주60주,14.8,목표,1,22.7,6645444750000
2026-03-04,399720,가온칩스,A,A,실행,-19.2,52800.0,-24.1,월10,15.9,목표,1,35.8,807389232000
2026-03-04,190510,나무가,A,B,실행,-19.2,17500.0,-22.9,월10,14.9,목표,5,8.5,319736695900
2026-03-04,373220,LG에너지솔루션,A,C,실행,-19.2,347500.0,-18.6,주60주,11.4,목표,10,36.1,99918000000000
2026-03-03,204270,제이앤티씨,A,B,실행,-8.2,19250.0,-18.4,일240,-5.0,손절,1,2.1,1284235945200
2026-03-03,034220,LG디스플레이,B,C,실행,-8.2,12860.0,-18.9,월10,-9.6,손절,1,-0.9,7170000000000
2026-03-03,032640,LG유플러스,B,C,실행,-8.2,16110.0,-9.5,월10,-10.0,손절,1,2.2,7109360991700
2026-03-03,008930,한미사이언스,A,B,실행,-8.2,40450.0,-13.9,월10,-5.8,손절,1,-4.8,2981871580000
2026-03-03,002790,아모레퍼시픽홀딩스,A,B,실행,-8.2,28500.0,-12.0,월10,-5.5,손절,1,3.7,2491013943000
2026-02-24,082270,젬백스,A,B,주의,0.0,39700.0,-15.0,주60주,8.8,목표,2,-41.4,1837390746450
2026-02-11,064350,현대로템,B,C,주의,-0.3,202500.0,-4.7,월10,15.6,목표,9,4.4,25157298536500
2026-02-09,009540,HD한국조선해양,B,A,주의,-1.4,390000.0,-4.6,월10,18.7,목표,7,1.0,29264683466000
2026-02-06,032640,LG유플러스,B,C,실행,-5.2,15510.0,-4.4,월10,9.0,목표,4,4.4,6877253680000
2026-02-06,077970,STX엔진,A,A,실행,-5.2,30800.0,-12.0,월10,6.8,목표,2,9.1,1361019335700
2026-02-06,336570,원텍,A,C,실행,-5.2,8070.0,-13.2,주60주,-7.3,트레일,13,-12.1,919482127340
2026-02-06,009540,HD한국조선해양,B,C,실행,-5.2,395500.0,-6.8,월10,17.1,목표,8,-1.1,29264683466000
2026-02-06,064350,현대로템,B,A,실행,-5.2,202500.0,-11.4,월10,15.6,목표,12,0.2,25157298536500
2026-02-06,087010,펩트론,A,C,실행,-5.2,247500.0,-14.1,월10,8.2,목표,1,10.7,7123450425000
2026-02-06,011170,롯데케미칼,A,C,실행,-5.2,72900.0,-14.6,일240,8.6,목표,3,32.6,3567469944600
2026-02-03,036570,NC,B,C,주의,0.0,213500.0,-9.0,월10,-0.5,트레일,17,-0.2,5052073159000
2026-02-02,194480,데브시스터즈,A,C,실행,-5.3,35800.0,-13.7,주60주,8.0,목표,5,-32.4,466365817500
2026-02-02,214450,파마리서치,A,C,실행,-5.3,422500.0,-20.9,주60주,-4.8,트레일,3,-31.2,4919498328000
2026-02-02,051915,LG화학우,A,C,실행,-5.3,149600.0,-13.8,월10,8.0,목표,8,0.3,1223288080000
2026-02-02,051910,LG화학,A,B,실행,-5.3,296500.0,-13.6,월10,7.8,목표,3,2.7,21918922501500
2026-02-02,079550,LIG디펜스앤에어로스페이스,A,C,실행,-5.3,454000.0,-13.5,일240,-8.0,트레일,4,89.4,10593000000000
2026-02-02,047920,HLB제약,A,B,실행,-5.3,16230.0,-15.3,월10,-5.8,손절,4,1.2,544469309600
2026-02-02,028300,HLB,A,B,실행,-5.3,54200.0,-17.0,주60주,-6.4,손절,4,-5.7,7385035960500
2026-02-02,101730,위메이드맥스,A,B,실행,-5.3,6990.0,-13.7,월10,-6.2,손절,4,-32.4,650313499360
2026-01-30,047920,HLB제약,A,B,관찰만,0.0,16600.0,-17.0,월10,-8.2,손절,5,-3.4,544469309600
2026-01-21,089030,테크윙,A,C,관찰만,0.0,39150.0,-19.3,일240,-6.2,손절,2,36.1,1697056941000
2026-01-13,087010,펩트론,B,B,주의,0.0,249000.0,-6.4,월10,-4.8,손절,1,27.1,5922606900000
2026-01-08,035720,카카오,B,C,주의,0.0,57800.0,-9.4,월10,-5.1,트레일,35,-11.9,26589670319900
2026-01-08,180640,한진칼,B,C,주의,0.0,114700.0,-3.5,월10,1.7,트레일,14,5.1,8278522596000
2025-12-18,087010,펩트론,B,C,실행,-5.4,239500.0,-9.6,월10,-4.7,트레일,16,15.0,7927899000000
2025-12-16,000880,한화,B,C,실행,-5.3,78800.0,-7.1,월10,38.2,목표,18,49.5,5951723559000
2025-12-15,314930,바이오다인,A,B,주의,-3.1,14120.0,-13.4,월10,-5.0,손절,3,0.9,441401647490
2025-12-11,012450,한화에어로스페이스,B,C,주의,-2.6,904000.0,-5.8,월10,24.7,목표,18,26.8,43932017652000
2025-12-03,204620,글로벌텍스프리,A,C,주의,-4.4,4830.0,-18.0,주60주,11.0,목표,13,-3.6,438567979200
2025-12-02,003230,삼양식품,B,C,실행,-5.4,1332000.0,-7.8,월10,-8.8,손절,10,-11.4,10885206675000
2025-12-02,204620,글로벌텍스프리,A,B,실행,-5.4,5220.0,-16.3,일240,-7.9,손절,1,-10.4,438567979200
2025-12-02,064350,현대로템,B,A,실행,-5.4,169500.0,-3.5,월10,36.0,만기,40,36.0,19176300880100
2025-11-27,099320,쎄트렉아이,A,B,실행,-5.6,48700.0,-12.7,주60주,7.3,목표,11,192.0,660362063400
2025-11-24,214450,파마리서치,A,C,실행,-8.9,418000.0,-12.4,일240,7.1,목표,3,9.1,5620799568000
2025-11-24,012450,한화에어로스페이스,B,C,실행,-8.9,855000.0,-6.7,월10,31.8,목표,31,50.8,50480569579000
2025-11-24,007390,네이처셀,A,A,실행,-8.9,22300.0,-17.1,주60주,-5.2,손절,1,-9.9,1591545883200
2025-11-24,336370,솔루스첨단소재,A,C,실행,-8.9,8230.0,-13.9,월10,8.1,목표,2,-4.4,644595217920
2025-11-20,036570,NC,A,A,실행,-5.1,187000.0,-16.7,일240,10.0,목표,2,25.1,4750456851000
2025-11-19,419530,SAMG엔터,A,A,실행,-6.9,41250.0,-16.7,주60주,-4.0,트레일,10,-9.5,554867355000
2025-11-12,352820,하이브,B,C,주의,-1.7,291000.0,-4.7,월10,20.6,목표,35,14.1,14355425502000
2025-11-12,214450,파마리서치,A,A,주의,-1.7,434500.0,-12.3,일240,7.0,목표,1,3.9,5620799568000
2025-11-11,052020,에스티큐브,A,C,주의,-2.7,7640.0,-14.5,월10,8.5,목표,28,18.3,580577305140
2025-11-10,122870,와이지엔터테인먼트,A,B,주의,-3.5,67100.0,-15.6,주60주,-6.1,손절,3,1.6,1710230983500
2025-11-07,011790,SKC,A,B,실행,-6.4,110900.0,-12.1,월10,6.9,목표,1,-4.3,4835781654600
2025-11-07,122870,와이지엔터테인먼트,A,B,실행,-6.4,72000.0,-14.1,일240,-7.1,손절,1,-10.7,1710230983500
2025-11-06,009830,한화솔루션,A,B,주의,-4.6,27600.0,-18.3,월10,-0.2,만기,40,-0.2,5259911601600
2025-10-31,025980,아난티,A,B,주의,0.0,7710.0,-12.2,월10,-5.5,손절,4,0.3,730133422560
2025-10-30,025980,아난티,A,C,주의,0.0,7850.0,-24.2,월10,-8.9,손절,5,-6.1,853257851320
2025-10-30,045390,대아티아이,A,B,주의,0.0,4165.0,-17.4,월10,-7.4,손절,4,-9.4,316777829615
2025-10-17,260970,에스앤디,A,B,주의,0.0,79900.0,-12.9,일240,-5.5,손절,5,-11.0,322252795600
2025-10-16,260970,에스앤디,A,C,주의,0.0,84500.0,-13.7,일240,-9.5,손절,6,-20.8,322252795600
2025-09-17,220100,퓨쳐켐,A,B,관찰만,-1.0,18140.0,-12.8,월10,7.3,목표,19,68.7,410879061450
2025-09-01,048410,현대바이오,A,B,관찰만,-3.4,5720.0,-14.1,월10,8.2,목표,1,-9.4,583929036800
2025-08-21,107640,한중엔시에스,A,B,주의,-3.5,30900.0,-12.1,일240,6.9,목표,4,47.7,316122315400
2025-08-19,099430,바이오플러스,A,C,주의,-3.2,6110.0,-12.6,주60주,7.2,목표,19,3.9,419262636870
2025-08-19,084110,휴온스글로벌,A,C,주의,-3.2,42950.0,-13.3,월10,7.7,목표,2,37.4,551597193000
2025-08-18,161390,한국타이어앤테크놀로지,A,B,주의,-2.4,39000.0,-14.1,월10,8.2,목표,38,9.9,5506246817050
2025-08-12,000210,DL,A,B,주의,-2.0,39650.0,-13.8,일240,-6.5,손절,5,-7.1,1058272142000
2025-08-11,042000,카페24,A,C,주의,-1.5,39100.0,-13.7,주60주,-5.9,손절,6,-1.4,1050157238200
2025-08-07,007390,네이처셀,A,A,주의,-0.8,19520.0,-44.7,주60주,6.2,트레일,4,5.3,2435645116800
2025-08-04,277810,레인보우로보틱스,B,C,주의,-3.3,261500.0,-5.6,월10,22.9,목표,33,18.2,5373760666000
2025-08-04,204620,글로벌텍스프리,A,C,주의,-3.3,4355.0,-39.3,주60주,1.4,트레일,11,36.2,504634309400
2025-08-01,022100,포스코DX,A,B,주의,-4.1,22650.0,-12.9,월10,7.4,목표,6,-6.4,3641231759550
2025-08-01,096770,SK이노베이션,A,C,주의,-4.1,102000.0,-13.0,주60주,7.5,목표,3,-0.4,16296652330400
2025-07-31,185750,종근당,A,B,관찰만,-0.3,84600.0,-12.3,월10,-5.2,손절,13,-5.7,1167715188000
2025-06-26,012510,012510,A,C,주의,-0.9,64200.0,-16.2,일240,9.7,목표,4,3.9,1692321068800
2025-06-26,101730,위메이드맥스,A,B,주의,-0.9,8240.0,-13.5,월10,-5.4,트레일,4,-12.4,556497983360
2025-06-25,003280,흥아해운,A,A,관찰만,0.0,1795.0,-19.5,월10,12.1,목표,5,-6.9,379871340420
2025-06-25,112040,위메이드,A,C,관찰만,0.0,37650.0,-12.4,주60주,-8.7,손절,3,-22.0,886055406300
2025-06-25,101730,위메이드맥스,A,B,관찰만,0.0,8660.0,-12.8,일240,-5.3,손절,1,-15.7,556497983360
2025-06-20,003280,흥아해운,A,B,관찰만,0.0,1931.0,-15.7,일240,9.3,목표,1,-11.7,379871340420
2025-06-17,381970,케이카,A,C,주의,0.0,13890.0,-13.1,주60주,7.6,목표,3,9.4,727067481570
2025-06-05,256840,한국비엔씨,A,B,관찰만,-2.7,5120.0,-13.1,주60주,7.5,목표,2,-3.8,382327412740
2025-05-27,448280,에코아이,A,B,주의,-8.8,9200.0,-21.2,월10,13.4,목표,3,50.1,311620706650
2025-05-26,448280,에코아이,A,B,주의,-8.5,9730.0,-20.2,주60주,-5.3,손절,1,40.7,311620706650
2025-05-16,044490,태웅,A,A,주의,-9.1,13830.0,-18.3,월10,11.2,목표,5,142.6,300911010240
2025-05-16,017810,풀무원,A,A,주의,-9.1,12930.0,-14.0,주60주,-6.5,손절,18,-2.4,559228351140
2025-05-12,023160,태광,A,A,실행,-9.8,18000.0,-15.5,월10,9.2,목표,10,12.2,557825000000
2025-05-09,001790,대한제당,A,A,실행,-10.9,2910.0,-13.0,월10,-5.8,손절,1,10.7,305416854900
2025-05-08,084690,대상홀딩스,A,C,실행,-10.8,9300.0,-12.7,월10,7.3,목표,16,14.8,386387780460
2025-05-08,001790,대한제당,A,C,실행,-10.8,3085.0,-13.8,주60주,-8.7,손절,2,2.4,305416854900
2025-05-07,130660,한전산업,A,B,실행,-11.0,11030.0,-12.6,주60주,7.2,목표,7,19.2,411412000000
2025-04-28,196170,알테오젠,B,C,실행,-11.8,357000.0,-8.1,월10,-9.7,손절,9,4.2,18981502768000
2025-04-28,195940,HK이노엔,A,B,실행,-11.8,41150.0,-15.8,월10,9.4,목표,25,4.0,985880206800
2025-04-22,053800,안랩,A,C,실행,-14.0,69000.0,-12.2,주60주,7.0,목표,1,1.9,828924697000
2025-04-16,220100,퓨쳐켐,A,B,실행,-15.4,19560.0,-12.1,일240,-5.6,손절,8,-19.2,469670793750
2025-04-09,000250,삼천당제약,A,B,실행,-20.7,146400.0,-18.0,일240,11.0,목표,2,12.0,3870482880000
2025-04-08,323280,태성,A,C,실행,-19.3,17260.0,-25.8,주60주,17.4,목표,2,39.0,753408067500
2025-04-07,095610,테스,A,C,실행,-19.5,17940.0,-15.6,월10,9.2,목표,5,33.2,428970504200
2025-04-07,000990,DB하이텍,A,C,실행,-19.5,37800.0,-13.3,월10,7.7,목표,4,16.5,1898039637000
2025-04-01,259960,크래프톤,B,C,실행,-12.8,340000.0,-5.3,월10,14.7,목표,14,8.5,16026245890500
2025-03-31,080220,제주반도체,A,C,실행,-14.2,12520.0,-12.8,월10,7.3,목표,2,6.6,431224269160
2025-03-27,267260,HD현대일렉트릭,A,C,실행,-9.8,304000.0,-12.4,주60주,-8.1,손절,5,29.1,11733342442500
2025-03-24,000100,유한양행,B,C,주의,-9.0,119600.0,-8.8,월10,-6.5,손절,5,-12.2,9777484901600
2025-03-21,304100,솔트룩스,A,A,주의,-8.6,22000.0,-13.2,주60주,7.6,목표,4,42.3,302051143200
2025-03-18,012510,012510,A,B,실행,-9.6,57700.0,-13.0,주60주,-7.3,손절,14,-0.9,2141986272000
2025-03-12,010120,LS ELECTRIC,B,C,실행,-10.9,197900.0,-7.5,월10,-5.1,트레일,10,16.2,7200000000000
2025-03-10,000100,유한양행,B,C,주의,-11.1,120500.0,-3.4,월10,-2.8,트레일,14,-8.9,9777484901600
2025-03-10,086280,현대글로비스,B,C,주의,-11.1,127300.0,-4.4,월10,-8.9,손절,14,-16.7,9757500000000
2025-03-07,328130,루닛,A,B,주의,-11.3,51400.0,-14.2,월10,8.3,목표,5,1.2,1774508688000
2025-03-07,281740,레이크머티리얼즈,A,C,주의,-11.3,14850.0,-12.0,월10,-6.1,손절,2,-13.5,1232447775000
2025-03-07,000100,유한양행,B,C,주의,-11.3,118900.0,-8.4,월10,-1.5,트레일,15,-7.7,9777484901600
2025-03-06,241590,화승엔터프라이즈,A,B,주의,-10.9,8800.0,-12.8,월10,-6.9,손절,6,-11.2,607710438280
2025-03-04,011500,한농화성,A,A,실행,-12.5,17000.0,-16.7,일240,10.0,목표,1,-10.4,304453207740
2025-03-04,281740,레이크머티리얼즈,A,B,실행,-12.5,16880.0,-14.2,일240,-6.2,트레일,2,-21.8,1232447775000
2025-02-28,007660,이수페타시스,A,A,실행,-12.4,37650.0,-12.0,주60주,-5.1,손절,1,-12.2,2381227675350
2025-02-27,003160,디아이,A,C,주의,-9.3,14040.0,-13.6,주60주,-5.2,손절,1,5.4,481666000000
2025-02-25,267260,HD현대일렉트릭,B,C,주의,-9.0,348500.0,-7.1,월10,-8.9,손절,3,-14.6,14779325350000
2025-02-24,008730,율촌화학,A,B,주의,-8.5,29100.0,-14.4,일240,-8.1,손절,10,-8.8,758880000000
2025-02-19,091810,트리니티항공,A,C,주의,-7.6,2745.0,-19.5,일240,-5.7,손절,7,-25.1,839978006400
2025-02-14,067160,SOOP,A,B,주의,-10.4,107500.0,-13.0,일240,-5.5,손절,9,-24.5,923029790100
2025-02-13,259960,크래프톤,A,C,주의,-10.7,317000.0,-15.5,월10,9.1,목표,14,18.9,17438393336000
2025-02-12,114840,아이패밀리에스씨,A,C,주의,-11.9,21950.0,-19.3,주60주,12.0,목표,2,-12.8,424151822400
2025-02-10,137310,에스디바이오센서,A,B,실행,-12.8,10620.0,-14.1,주60주,8.2,목표,10,-18.3,1399125447720
2025-02-04,204270,제이앤티씨,A,B,실행,-14.2,18920.0,-13.6,주60주,7.9,목표,2,-20.2,1266881405400
2025-02-04,008730,율촌화학,A,C,실행,-14.2,26000.0,-15.0,월10,8.8,목표,3,-7.7,758880000000
2025-02-04,031980,피에스케이홀딩스,A,B,실행,-14.2,46400.0,-14.1,주60주,8.2,목표,2,-17.8,1164369330000
2025-02-03,025980,아난티,A,B,실행,-15.1,5450.0,-12.9,월10,7.4,목표,4,5.1,522913920200
2025-02-03,083450,GST,A,C,실행,-15.1,16760.0,-14.0,주60주,8.1,목표,4,10.1,331002800000
2025-02-03,006260,LS,A,B,실행,-15.1,110100.0,-13.6,주60주,7.9,목표,7,-5.4,3822140000000
2025-02-03,031980,피에스케이홀딩스,A,A,실행,-15.1,49000.0,-15.2,월10,9.0,목표,7,-23.7,1164369330000
2025-02-03,348210,넥스틴,A,C,실행,-15.1,54300.0,-13.9,월10,8.1,목표,3,9.2,602337600000
2025-02-03,095340,ISC,A,C,실행,-15.1,60500.0,-17.0,월10,10.2,목표,2,-12.9,1420202886000
2025-02-03,033100,제룡전기,A,C,실행,-15.1,48800.0,-20.0,주60주,-6.3,손절,1,-34.0,891463699500
2025-02-03,003160,디아이,A,B,실행,-15.1,15420.0,-16.2,일240,9.7,목표,10,-9.3,481666000000
2025-02-03,089030,테크윙,A,C,실행,-15.1,41650.0,-15.9,월10,9.4,목표,14,-20.2,1697723165250
2025-02-03,008730,율촌화학,A,C,실행,-15.1,26200.0,-19.6,월10,12.2,목표,4,-4.6,758880000000
2025-02-03,007660,이수페타시스,A,C,실행,-15.1,34250.0,-16.3,주60주,9.7,목표,2,5.8,2447636415300
2025-02-03,204270,제이앤티씨,A,A,실행,-15.1,19430.0,-16.8,일240,10.1,목표,3,-21.6,1266881405400
2025-02-03,042700,한미반도체,A,B,실행,-15.1,106000.0,-12.1,주60주,6.9,목표,3,-34.2,10936734118800
2025-02-03,011790,SKC,B,C,실행,-15.1,143500.0,-11.8,월10,-2.5,트레일,15,-25.2,5941535956200
2025-01-08,226950,올릭스,A,C,실행,-12.8,15250.0,-19.6,주60주,-5.9,트레일,7,203.9,355531375980
2025-01-07,178320,서진시스템,A,C,실행,-13.8,23550.0,-15.7,주60주,-4.7,트레일,35,-11.9,1510257564900
2024-12-30,094170,동운아나텍,A,C,실행,-17.0,17990.0,-17.5,월10,10.6,목표,3,14.8,343019071920
2024-12-30,071320,지역난방공사,A,A,실행,-17.0,41400.0,-16.6,주60주,10.0,목표,34,22.2,479360001600
2024-12-30,104700,한국철강,A,B,실행,-17.0,8380.0,-14.8,주60주,-7.5,손절,11,-3.6,355731000000
2024-12-30,139480,이마트,A,B,실행,-17.0,63400.0,-16.0,월10,9.5,목표,26,26.7,1767326924600
2024-12-23,196170,알테오젠,B,C,실행,-15.5,277000.0,-3.3,월10,42.1,만기,40,42.1,14929271840000
2024-12-20,226950,올릭스,A,A,실행,-16.9,16490.0,-16.0,일240,9.5,목표,2,216.6,362002683000
2024-12-20,196170,알테오젠,B,C,실행,-16.9,277000.0,-6.7,월10,42.1,만기,40,42.1,14929271840000
2024-12-20,094480,갤럭시아머니트리,A,C,실행,-16.9,7550.0,-14.6,월10,8.5,목표,7,-0.7,333453623000
2024-12-17,377300,카카오페이,A,B,실행,-15.0,29400.0,-12.1,월10,-5.2,손절,2,9.0,3331908335250
2024-12-17,086280,현대글로비스,B,C,실행,-15.0,114900.0,-3.2,월10,10.9,목표,9,13.5,9225000000000
2024-12-11,089030,테크윙,A,B,실행,-15.5,31400.0,-12.9,주60주,7.4,목표,2,34.1,1311112939500
2024-12-10,000810,삼성화재,B,C,실행,-16.4,364000.0,-3.8,월10,-1.5,만기,40,-1.5,18594623522500
2024-12-09,027360,아주IB투자,A,C,실행,-18.4,2330.0,-13.7,주60주,7.9,목표,1,2.1,339856590860
2024-12-09,314930,바이오다인,A,B,실행,-18.4,14700.0,-15.5,월10,9.2,목표,1,-5.8,509859084390
2024-12-09,334970,프레스티지바이오로직스,A,C,실행,-18.4,4635.0,-20.2,주60주,12.7,목표,5,4.3,412636005210
2024-12-09,220100,퓨쳐켐,A,C,실행,-18.4,15410.0,-17.2,일240,10.4,목표,1,45.0,356065717050
2024-12-09,216080,제테마,A,B,실행,-18.4,15970.0,-20.3,일240,-4.2,트레일,6,-17.0,348720127910
2024-12-09,032820,우리기술,A,C,실행,-18.4,1656.0,-13.4,주60주,7.7,목표,3,20.2,353461381800
2024-12-09,000810,삼성화재,B,C,실행,-18.4,365000.0,-6.9,월10,2.3,만기,40,2.3,18594623522500
2024-12-09,097230,HJ중공업,A,B,실행,-18.4,3220.0,-13.1,월10,7.5,목표,1,123.0,379314349955
2024-12-09,077970,STX엔진,A,A,실행,-18.4,15750.0,-12.5,일240,7.1,목표,2,63.5,440620511600
2024-12-09,053030,바이넥스,A,B,실행,-18.4,14860.0,-14.7,주60주,8.6,목표,1,35.9,565436452400
2024-12-09,003530,한화투자증권,A,B,실행,-18.4,3585.0,-16.1,일240,9.6,목표,5,-3.9,758426384625
2024-12-09,037270,YG PLUS,A,B,실행,-18.4,3815.0,-21.0,일240,-0.9,트레일,9,12.1,307632638500
2024-12-09,112040,위메이드,A,C,실행,-18.4,39600.0,-14.7,월10,-5.4,손절,8,4.0,1544655976500
2024-12-09,099320,쎄트렉아이,A,C,실행,-18.4,36300.0,-13.4,주60주,7.7,목표,2,41.3,479665976400
2024-12-09,012450,한화에어로스페이스,B,C,실행,-18.4,279000.0,-9.4,월10,52.3,목표,37,86.4,14244112812500
2024-12-06,094480,갤럭시아머니트리,A,A,실행,-16.0,7920.0,-12.2,주60주,-6.2,손절,1,-4.9,333453623000
2024-12-06,027360,아주IB투자,A,B,실행,-16.0,2515.0,-13.7,주60주,8.0,목표,4,-8.9,339856590860
2024-12-06,105560,KB금융,B,C,실행,-16.0,85300.0,-10.6,월10,-1.3,만기,40,-1.3,37857434292600
2024-12-06,036570,NC,A,B,실행,-16.0,200500.0,-16.6,일240,-5.9,트레일,15,-10.0,5214080225000
2024-12-06,064350,현대로템,B,C,실행,-16.0,47250.0,-7.9,월10,-6.8,손절,2,66.8,5522600025800
2024-12-06,041190,우리기술투자,A,B,실행,-16.0,8240.0,-13.3,월10,-5.0,손절,1,-17.4,737520000000
2024-12-05,027360,아주IB투자,A,C,실행,-15.5,2700.0,-15.5,일240,-8.5,손절,1,-15.6,339856590860
2024-12-05,032820,우리기술,A,A,실행,-15.5,1912.0,-13.9,일240,-6.1,손절,1,2.8,353461381800
2024-12-05,032830,삼성생명,B,C,실행,-15.5,101500.0,-6.9,월10,-9.7,손절,17,-11.5,21420000000000
2024-12-05,105560,KB금융,B,C,실행,-15.5,85800.0,-15.2,월10,-1.0,만기,40,-1.0,37857434292600
2024-12-05,064350,현대로템,B,C,실행,-15.5,47800.0,-10.8,월10,-7.9,손절,3,64.6,5522600025800
2024-12-05,126720,수산인더스트리,A,C,실행,-15.5,20000.0,-14.2,주60주,-5.9,손절,1,2.0,313577700000
2024-11-28,402340,SK스퀘어,A,B,실행,-13.4,74000.0,-12.5,일240,7.2,목표,5,18.4,11426796608000
2024-11-22,328130,루닛,A,A,실행,-13.5,55000.0,-14.7,일240,8.6,목표,1,20.2,1147707792000
2024-11-19,089030,테크윙,A,B,실행,-14.5,33600.0,-13.5,일240,7.8,목표,1,43.6,1665972567000
2024-11-15,257720,실리콘투,A,C,실행,-16.4,28050.0,-23.2,월10,-9.2,손절,5,10.5,2325357538800
2024-11-14,317330,덕산테코피아,A,C,실행,-16.3,31400.0,-13.6,주60주,-5.2,손절,1,9.1,774014875200
2024-11-14,000250,삼천당제약,A,B,실행,-16.3,108400.0,-16.4,주60주,-3.6,트레일,8,50.8,3173795961600
2024-11-14,094480,갤럭시아머니트리,A,B,실행,-16.3,8090.0,-12.4,일240,7.0,목표,3,-2.6,333845921380
2024-11-13,000250,삼천당제약,A,B,실행,-16.4,116700.0,-12.8,일240,-5.5,손절,1,39.4,3173795961600
2024-11-13,229640,LS에코에너지,A,B,실행,-16.4,23300.0,-17.4,주60주,10.5,목표,15,55.4,837590440650
2024-11-13,033100,제룡전기,A,C,실행,-16.4,44750.0,-18.0,주60주,-6.0,손절,12,14.0,849701436100
2024-11-13,259960,크래프톤,B,C,실행,-16.4,294000.0,-7.4,월10,13.4,만기,40,13.4,15854938065000
2024-11-13,358570,지아이이노베이션,A,C,실행,-16.4,11430.0,-15.1,주60주,-5.0,손절,2,-18.6,631430341080
2024-11-13,094480,갤럭시아머니트리,A,C,실행,-16.4,8550.0,-12.8,일240,-8.9,손절,2,-8.7,333845921380
2024-11-13,010120,LS ELECTRIC,A,C,실행,-16.4,141300.0,-14.3,일240,-7.2,트레일,6,27.1,4389000000000
2024-11-12,192820,코스맥스,A,C,실행,-14.1,129300.0,-16.1,주60주,-5.3,손절,2,14.0,1712640908100
2024-11-12,033100,제룡전기,A,B,실행,-14.1,46200.0,-23.6,주60주,-5.0,손절,2,5.7,849701436100
2024-11-12,241710,코스메카코리아,A,B,실행,-14.1,61200.0,-23.9,월10,-6.4,손절,2,-17.3,850128000000
2024-11-07,001340,PKC,A,B,주의,-11.3,8980.0,-12.1,월10,-5.6,손절,4,-11.6,428970786850
2024-11-07,101360,에코앤드림,A,C,주의,-11.3,35650.0,-12.2,주60주,-6.3,손절,2,-31.3,688322611800
2024-11-07,078600,대주전자재료,A,C,주의,-11.3,91600.0,-13.8,주60주,-7.7,손절,5,-11.4,1675000162600
2024-11-06,031980,피에스케이홀딩스,A,B,주의,-11.3,42850.0,-12.1,주60주,-6.7,손절,3,9.2,1095369666000
2024-11-06,007160,사조산업,A,C,주의,-11.3,44000.0,-34.1,주60주,-6.1,손절,1,-20.5,337000000000
2024-11-05,031980,피에스케이홀딩스,A,A,주의,-10.9,42200.0,-16.4,주60주,-5.2,손절,4,2.8,1095369666000
2024-11-01,402340,SK스퀘어,B,C,실행,-12.1,83900.0,-6.4,월10,-2.1,트레일,9,-5.5,11426796608000
2024-11-01,007660,이수페타시스,A,C,실행,-12.1,35000.0,-13.3,주60주,-5.9,손절,2,-21.9,2302169651600
2024-11-01,008930,한미사이언스,A,A,실행,-12.1,36250.0,-30.4,월10,-1.8,트레일,7,-18.8,3265696512500
2024-10-31,007660,이수페타시스,A,B,주의,-11.6,36400.0,-13.9,주60주,-7.2,손절,2,-23.4,2302169651600
2024-10-25,039200,오스코텍,A,B,실행,-10.7,28700.0,-14.8,주60주,-5.8,손절,8,-16.9,1327072907200
2024-10-24,039200,오스코텍,A,B,실행,-10.7,31550.0,-17.2,월10,-7.0,손절,1,-22.8,1327072907200
2024-10-21,042700,한미반도체,A,B,실행,-9.9,101500.0,-12.7,주60주,-7.0,손절,6,-17.4,10504410562200
2024-10-16,078600,대주전자재료,A,B,실행,-9.7,102900.0,-12.2,월10,-6.0,손절,15,-19.0,1733826416000
2024-10-14,047920,HLB제약,A,B,실행,-9.3,20550.0,-14.6,주60주,-7.6,손절,9,0.5,829979843400
2024-10-14,115450,HLB테라퓨틱스,A,B,실행,-9.3,7790.0,-12.1,일240,6.9,목표,1,28.8,763733561490
2024-10-14,028300,HLB,A,C,실행,-9.3,68000.0,-16.7,일240,-6.4,손절,9,6.0,11237604125200
2024-10-10,028300,HLB,B,A,실행,-10.1,81600.0,-4.0,월10,-5.8,손절,1,-10.4,11237604125200
2024-10-02,402340,SK스퀘어,B,C,실행,-11.4,78200.0,-8.2,월10,5.7,트레일,20,-6.0,10887796768000
2024-09-30,267250,HD현대,B,C,실행,-10.3,76500.0,-7.6,월10,2.9,만기,40,2.9,6042971002500
2024-09-24,007460,에이프로젠,A,A,주의,-9.0,1220.0,-12.8,일240,-6.6,손절,1,-6.1,457600829760
2024-09-09,457190,이수스페셜티케미컬,A,C,실행,-12.3,44400.0,-18.1,월10,11.0,목표,5,-3.6,1604059668000
2024-09-06,199800,툴젠,A,C,실행,-12.0,54400.0,-16.2,주60주,-5.4,트레일,12,0.0,665149503600
2024-09-06,348370,엔켐,A,B,실행,-12.0,165500.0,-14.6,주60주,8.5,목표,4,-8.0,3980695754500
2024-09-05,199800,툴젠,A,A,주의,-10.9,60800.0,-24.5,일240,-5.4,손절,1,-7.4,665149503600
2024-09-05,031980,피에스케이홀딩스,A,B,주의,-10.9,40500.0,-14.9,주60주,-7.5,손절,2,2.7,1140650695500
2024-09-05,042660,한화오션,B,C,주의,-10.9,32100.0,-5.6,주60주,-9.4,손절,4,12.8,10586582762700
2024-09-05,033100,제룡전기,A,B,주의,-10.9,46950.0,-13.9,월10,8.0,목표,3,28.9,901101144900
2024-09-05,348370,엔켐,A,B,주의,-10.9,180000.0,-12.8,일240,-5.0,손절,1,-15.8,3980695754500
2024-09-04,011070,LG이노텍,A,B,실행,-10.7,242000.0,-13.6,주60주,-7.0,손절,4,-28.1,6579455746000
2024-09-04,090460,비에이치,A,B,실행,-10.7,20200.0,-15.3,일240,-6.0,손절,3,-20.5,821975439150
2024-08-27,263750,펄어비스,A,C,실행,-7.0,35400.0,-15.8,월10,-5.7,손절,6,9.5,2724109052000
2024-08-26,249420,일동제약,A,A,실행,-6.7,16110.0,-12.4,주60주,-7.3,손절,4,-15.3,390910638930
2024-08-20,290690,아리바이오홀딩스,A,C,실행,-6.7,10550.0,-12.7,일240,-5.4,손절,4,-11.5,492482748540
2024-08-19,026890,스틱인베스트먼트,A,C,실행,-7.5,8400.0,-13.2,월10,-6.1,트레일,15,-2.6,416781750000
2024-08-19,005180,빙그레,A,B,실행,-7.5,68300.0,-13.0,월10,-6.9,손절,8,-7.8,884641441800
2024-08-16,003280,흥아해운,A,B,실행,-6.7,2375.0,-12.7,주60주,-5.2,손절,2,-15.4,580626131085
2024-08-16,032830,삼성생명,B,C,실행,-6.7,88800.0,-5.5,월10,12.2,목표,12,14.6,19300000000000
2024-08-08,090435,아모레퍼시픽우,A,C,실행,-11.6,35850.0,-23.0,주60주,14.9,목표,32,-1.8,547951377000
2024-08-06,084370,유진테크,A,C,실행,-12.8,38700.0,-13.0,주60주,7.5,목표,1,-3.9,1049554723600
2024-08-06,009240,한샘,A,B,실행,-12.8,53400.0,-12.2,일240,6.9,목표,13,-3.6,1492051035200
2024-08-06,042700,한미반도체,B,A,실행,-12.8,107600.0,-6.8,월10,-4.9,손절,1,2.9,12725564780800
2024-08-06,138040,메리츠금융지주,B,C,실행,-12.8,75800.0,-5.5,월10,14.4,목표,7,31.9,16096777621600
2024-08-05,014820,동원시스템즈,A,A,실행,-15.6,38000.0,-20.2,월10,12.6,목표,7,33.2,1249524254200
2024-08-05,237880,클리오,A,A,실행,-15.6,31250.0,-12.2,일240,7.0,목표,1,-11.0,627075949100
2024-08-05,011790,SKC,A,A,실행,-15.6,114100.0,-18.3,월10,11.2,목표,7,34.8,5161449017400
2024-08-05,005935,삼성전자우,A,C,실행,-15.6,56100.0,-13.4,주60주,7.8,목표,2,-11.1,53405346830000
2024-08-05,145990,삼양사,A,C,실행,-15.6,43150.0,-12.8,주60주,7.4,목표,4,15.8,510515725500
2024-08-05,009150,삼성전기,A,C,실행,-15.6,138200.0,-13.4,일240,-5.3,트레일,23,-6.1,11921113881600
2024-08-05,003530,한화투자증권,A,C,실행,-15.6,2980.0,-19.0,주60주,11.7,목표,1,10.6,807772372875
2024-08-05,099320,쎄트렉아이,A,A,실행,-15.6,36200.0,-15.6,주60주,9.3,목표,4,3.2,466524442800
2024-08-05,038500,삼표시멘트,A,C,실행,-15.6,2945.0,-17.3,월10,10.4,목표,4,2.9,387959120070
2024-08-05,001200,유진투자증권,A,C,실행,-15.6,3920.0,-20.4,주60주,12.8,목표,2,7.4,456725160870
2024-08-05,071050,한국금융지주,A,B,실행,-15.6,63700.0,-12.7,월10,7.3,목표,2,12.7,4079142614400
2024-08-05,018310,삼목에스폼,A,C,실행,-15.6,17150.0,-18.1,주60주,11.1,목표,2,49.9,308700000000
2024-08-05,314930,바이오다인,A,A,실행,-15.6,12570.0,-21.2,일240,13.5,목표,2,75.0,462236519590
2024-08-05,334970,프레스티지바이오로직스,A,A,실행,-15.6,4620.0,-12.8,주60주,7.4,목표,2,29.2,336413035430
2024-08-05,000210,DL,A,B,실행,-15.6,47550.0,-20.4,주60주,-8.0,트레일,2,-7.6,1177720680800
2024-08-05,042700,한미반도체,A,B,실행,-15.6,102600.0,-19.4,월10,12.0,목표,5,4.7,12725564780800
2024-08-05,014830,유니드,A,A,실행,-15.6,78500.0,-12.5,일240,7.1,목표,6,0.4,583367120000
2024-08-05,319660,피에스케이,A,A,실행,-15.6,25900.0,-18.2,월10,11.1,목표,4,-11.2,908106483900
2024-08-05,281820,케이씨텍,A,A,실행,-15.6,33150.0,-19.5,일240,12.1,목표,2,5.1,905391530400
2024-08-05,017810,풀무원,A,A,실행,-15.6,11920.0,-14.1,월10,8.2,목표,4,-12.2,532162766320
2024-08-05,003090,대웅,A,B,실행,-15.6,18940.0,-13.1,월10,7.6,목표,1,28.8,1250052570000
2024-08-05,001440,대한전선,A,C,실행,-15.6,11580.0,-17.3,월10,10.4,목표,1,7.9,2571108267000
2024-08-05,036810,에프에스티,A,C,실행,-15.6,23750.0,-25.0,주60주,16.6,목표,2,-11.8,648352312200
2024-08-05,138040,메리츠금융지주,B,C,실행,-15.6,74500.0,-9.9,월10,16.4,목표,8,32.9,16096777621600
2024-08-05,017960,한국카본,A,C,실행,-15.6,10700.0,-14.5,월10,8.5,목표,2,2.2,638993044120
2024-08-05,011070,LG이노텍,A,C,실행,-15.6,217500.0,-15.2,월10,9.0,목표,2,-6.2,6058779392000
2024-08-05,103140,풍산,A,A,실행,-15.6,49400.0,-15.1,월10,8.9,목표,5,34.0,1636617835200
2024-08-05,031980,피에스케이홀딩스,A,A,실행,-15.6,40850.0,-21.9,일240,14.0,목표,5,16.6,1153588132500
2024-08-05,036830,솔브레인홀딩스,A,C,실행,-15.6,44350.0,-18.5,주60주,11.3,목표,1,33.7,1146733863200
2024-08-05,031330,에스에이엠티,A,A,실행,-15.6,3070.0,-12.0,월10,6.8,목표,2,6.0,353482561845
2024-08-05,041190,우리기술투자,A,C,실행,-15.6,6510.0,-21.3,일240,13.5,목표,2,8.3,708960000000
2024-08-05,007660,이수페타시스,A,C,실행,-15.6,33250.0,-24.6,주60주,16.3,목표,4,11.1,2855575817850
2024-08-05,348370,엔켐,A,A,실행,-15.6,156500.0,-15.0,주60주,-4.4,트레일,3,30.4,3621713298000
2024-08-05,078150,HB테크놀러지,A,C,실행,-15.6,2665.0,-20.7,월10,-0.8,트레일,12,-3.0,314770534820
2024-08-05,007460,에이프로젠,A,A,실행,-15.6,1340.0,-14.8,주60주,8.7,목표,2,-13.8,445496219856
2024-08-05,009420,한올바이오파마,A,C,실행,-15.6,30700.0,-12.5,주60주,7.2,목표,2,26.4,1849318585200
2024-08-05,237690,에스티팜,A,C,실행,-15.6,74200.0,-16.1,월10,9.6,목표,1,44.9,1755613527200
2024-08-05,084110,휴온스글로벌,A,C,실행,-15.6,21350.0,-13.9,주60주,8.1,목표,2,52.2,314906225400
2024-08-05,298040,효성중공업,A,A,실행,-15.6,252000.0,-20.8,일240,13.1,목표,2,44.2,2899934428000
2024-08-05,388720,유일로보틱스,A,C,실행,-15.6,23400.0,-13.3,주60주,7.7,목표,4,64.5,309815389700
2024-08-05,166480,코아스템켐온,A,A,실행,-15.6,9380.0,-13.4,월10,7.7,목표,2,49.3,351384319440
2024-08-05,000660,SK하이닉스,A,A,실행,-15.6,156100.0,-19.2,일240,11.9,목표,5,14.0,141669260229000
2024-08-05,114810,한솔아이원스,A,C,실행,-15.6,9560.0,-16.1,주60주,9.6,목표,7,-16.3,328687734460
2024-08-05,335890,335890,A,C,실행,-15.6,8070.0,-20.8,주60주,13.1,목표,1,5.7,595290883750
2024-08-05,256840,한국비엔씨,A,A,실행,-15.6,5160.0,-20.2,월10,12.7,목표,2,9.9,444826501650
2024-08-05,000400,롯데손해보험,A,B,실행,-15.6,2560.0,-12.5,주60주,7.1,목표,2,-12.7,876700104000
2024-08-05,183300,코미코,A,C,실행,-15.6,61600.0,-17.1,주60주,10.3,목표,6,-5.8,784551300000
2024-08-05,161580,필옵틱스,A,C,실행,-15.6,14170.0,-22.5,주60주,14.5,목표,4,45.4,409806649200
2024-08-05,000150,두산,A,A,실행,-15.6,128100.0,-23.5,일240,15.3,목표,5,33.0,2891671125000
2024-08-05,049770,049770,A,A,실행,-15.6,33900.0,-12.5,주60주,-5.9,손절,23,-5.0,803662573000
2024-08-05,052690,한전기술,A,C,실행,-15.6,63300.0,-16.2,일240,9.6,목표,3,4.6,2908542000000
2024-08-05,084370,유진테크,A,C,실행,-15.6,38800.0,-17.6,주60주,10.7,목표,4,-1.7,1049554723600
2024-08-05,950140,잉글우드랩,A,A,실행,-15.6,14960.0,-20.3,일240,12.7,목표,5,-15.2,397158641340
2024-08-05,137400,피엔티,A,B,실행,-15.6,49200.0,-13.8,월10,8.0,목표,1,25.6,1291623878400
2024-08-05,009450,경동나비엔,A,A,실행,-15.6,51700.0,-12.8,월10,7.4,목표,1,37.1,836237180800
2024-08-05,171090,선익시스템,A,B,실행,-15.6,33950.0,-23.7,주60주,15.5,목표,2,51.1,415854939000
2024-08-05,006260,LS,A,C,실행,-15.6,99700.0,-16.8,주60주,10.1,목표,5,24.3,3725540000000
2024-08-05,001120,LX인터내셔널,A,C,실행,-15.6,26900.0,-13.8,월10,8.0,목표,4,8.6,1191870000000
2024-08-05,263750,펄어비스,A,B,실행,-15.6,37750.0,-12.3,월10,7.0,목표,1,3.2,2724109052000
2024-08-05,178320,서진시스템,A,A,실행,-15.6,22750.0,-16.4,월10,9.8,목표,3,31.9,1517607994500
2024-08-05,253590,네오셈,A,A,실행,-15.6,9620.0,-25.7,월10,0.3,트레일,15,17.8,580389039720
2024-08-05,000500,가온전선,A,A,실행,-15.6,32400.0,-25.7,월10,17.3,목표,1,17.9,308665834700
2024-08-05,004490,세방전지,A,B,실행,-15.6,77200.0,-15.8,월10,9.4,목표,2,1.0,1289400000000
2024-08-05,034020,두산에너빌리티,A,C,실행,-15.6,15860.0,-15.2,일240,9.0,목표,1,15.8,12061766379180
2024-08-05,069620,대웅제약,A,A,실행,-15.6,112000.0,-13.5,월10,7.8,목표,2,27.9,1443687245000
2024-08-05,108670,LX하우시스,A,C,실행,-15.6,40350.0,-15.8,월10,-5.1,트레일,24,5.9,420583723000
2024-08-05,042660,한화오션,A,B,실행,-15.6,26950.0,-17.3,월10,10.5,목표,2,14.5,9360929186700
2024-08-05,267270,HD건설기계,A,C,실행,-15.6,51700.0,-13.5,월10,7.8,목표,2,3.7,1121402212000
2024-08-05,194480,데브시스터즈,A,C,실행,-15.6,42800.0,-15.2,주60주,9.0,목표,1,-8.8,589256289000
2024-08-05,192820,코스맥스,A,A,실행,-15.6,129900.0,-15.6,주60주,-4.0,트레일,2,6.8,1758038944100
2024-08-02,068760,셀트리온제약,A,C,실행,-7.4,83800.0,-16.5,주60주,-5.6,손절,1,-17.2,4176303961200
2024-08-02,049770,049770,A,C,실행,-7.4,36650.0,-12.0,월10,-8.0,손절,1,-12.0,803662573000
2024-08-01,067160,SOOP,A,B,관찰만,-3.9,98700.0,-17.1,일240,-7.5,손절,2,1.7,1189708384500
2024-07-31,067160,SOOP,A,B,관찰만,-4.2,103500.0,-17.7,월10,-5.6,손절,1,-4.3,1189708384500
2024-07-26,011070,LG이노텍,B,C,주의,-5.5,259000.0,-5.6,주60주,-9.5,손절,6,-11.4,6437453104000
2024-07-26,039030,이오테크닉스,A,B,주의,-5.5,171200.0,-12.0,주60주,-5.2,손절,2,-6.4,2302523895000
2024-07-26,290690,아리바이오홀딩스,A,B,주의,-5.5,10650.0,-12.7,일240,7.3,목표,1,-21.0,309388464000
2024-07-25,389020,자람테크놀로지,A,C,주의,-6.2,46100.0,-12.0,주60주,-5.4,손절,1,-23.9,454913382000
2024-07-25,138580,138580,A,B,주의,-6.2,12950.0,-12.4,주60주,7.1,목표,3,22.4,316914090150
2024-07-23,027360,아주IB투자,A,B,관찰만,-4.0,2555.0,-14.0,월10,-5.0,손절,2,-22.0,371907123450
2024-07-19,294090,이오플로우,A,C,관찰만,-3.3,12300.0,-18.4,일240,-6.2,손절,4,-42.3,385683591160
2024-07-16,101360,에코앤드림,A,C,관찰만,-0.9,41100.0,-12.8,월10,-9.7,손절,6,-18.2,605984470700
2024-07-04,035760,CJ ENM,A,B,관찰만,0.0,69100.0,-16.8,일240,10.1,목표,4,5.1,1846434766800
2024-07-04,090430,아모레퍼시픽,B,C,관찰만,0.0,148700.0,-6.1,월10,7.2,트레일,22,-16.3,9785838580700
2024-07-03,083650,비에이치아이,A,B,관찰만,-0.5,8240.0,-15.8,주60주,9.4,목표,3,-3.9,303873762500
2024-07-03,131290,티에스이,A,A,관찰만,-0.5,52100.0,-12.1,일240,6.9,목표,1,-5.0,664791882900
2024-07-03,090430,아모레퍼시픽,B,C,관찰만,-0.5,151500.0,-9.3,월10,5.3,트레일,23,-18.4,9785838580700
2024-07-01,000400,롯데손해보험,A,C,관찰만,-0.1,2705.0,-29.1,일240,-4.0,트레일,18,0.2,904630372800
2024-06-27,028300,HLB,B,C,관찰만,-0.8,63900.0,-12.2,월10,30.5,트레일,11,34.3,8007736276800
2024-06-21,294090,이오플로우,A,C,관찰만,-0.8,14020.0,-13.2,일240,-7.2,손절,1,-3.4,376558585060
2024-06-18,114190,강원에너지,A,A,관찰만,0.0,18810.0,-13.1,일240,-8.6,손절,6,-36.2,374865595300
2024-06-14,310210,보로노이,A,C,관찰만,0.0,42450.0,-13.1,일240,-6.5,손절,1,79.5,737879337500
2024-06-04,094360,칩스앤미디어,A,B,관찰만,-3.4,23000.0,-12.0,일240,-6.2,손절,9,-23.2,544524692600
2024-05-31,028300,HLB,B,A,관찰만,-4.4,61200.0,-7.4,월10,-5.3,손절,1,26.1,8007736276800
2024-05-29,004800,효성,A,C,관찰만,-2.9,59700.0,-14.6,일240,-5.2,손절,13,-18.2,1270582807500
2024-05-24,180640,한진칼,A,C,관찰만,-2.5,58100.0,-13.8,월10,8.0,목표,5,18.9,3992384284200
2024-05-20,028300,HLB,A,C,주의,-0.5,47000.0,-50.9,주60주,7.5,트레일,4,75.5,14548336476800
2024-05-10,094360,칩스앤미디어,A,C,주의,-1.1,19510.0,-14.8,주60주,8.7,목표,3,18.4,458108728000
2024-05-08,161390,한국타이어앤테크놀로지,A,A,주의,-0.4,44050.0,-16.4,일240,-1.2,만기,40,-1.2,7321016577900
2024-05-07,161390,한국타이어앤테크놀로지,A,A,주의,-0.8,43750.0,-20.0,일240,0.0,만기,40,0.0,7321016577900
2024-05-02,101360,에코앤드림,A,B,주의,-2.7,35900.0,-23.0,일240,15.0,목표,12,48.7,506896272750
2024-04-23,287410,287410,A,B,관찰만,-4.9,10120.0,-15.8,주60주,-5.6,트레일,2,27.1,610037278040
2024-04-22,095340,ISC,A,B,관찰만,-4.6,81100.0,-12.1,월10,-6.8,손절,6,-19.9,2077311684000
2024-04-22,059090,미코,A,A,관찰만,-4.6,10170.0,-12.3,월10,7.0,목표,5,86.5,442772308500
2024-04-22,064290,인텍플러스,A,B,관찰만,-4.6,29900.0,-14.4,주60주,-6.3,트레일,12,-27.4,483991167400
2024-04-16,336370,솔루스첨단소재,A,C,주의,-5.3,17400.0,-12.6,주60주,7.2,목표,2,-5.7,1185970940160
2024-04-15,032500,케이엠더블유,A,B,관찰만,-3.1,14160.0,-12.5,일240,7.1,목표,9,4.8,676158593340
2024-04-15,112040,위메이드,A,A,관찰만,-3.1,48400.0,-12.8,주60주,-5.3,손절,3,-17.4,2040658155200
2024-04-03,360070,탑머티리얼,A,B,관찰만,-1.8,61800.0,-12.2,주60주,-7.0,손절,3,-16.3,552948644100
2024-04-03,007390,네이처셀,A,A,관찰만,-1.8,8250.0,-12.7,일240,7.3,목표,2,36.6,607568267320
2024-04-03,001570,금양,B,C,관찰만,-1.8,114400.0,-3.2,월10,-8.7,손절,6,-28.3,6710584277200
2024-04-03,237690,에스티팜,A,C,관찰만,-1.8,78700.0,-12.7,주60주,7.2,목표,7,22.4,1670219220000
2024-04-03,019170,신풍제약,A,B,관찰만,-1.8,14250.0,-12.6,월10,-6.2,손절,3,-10.9,821797194900
2024-04-03,000100,유한양행,B,C,관찰만,-1.8,72500.0,-8.5,월10,8.3,만기,40,8.3,6152035208800
2024-04-01,008930,한미사이언스,A,A,관찰만,-0.3,37250.0,-16.0,일240,-4.7,트레일,6,-15.3,2679350802000
2024-03-29,008730,율촌화학,A,B,관찰만,-0.4,35350.0,-12.3,주60주,-6.1,손절,6,-4.1,876680000000
2024-03-28,009540,HD한국조선해양,B,C,관찰만,-0.4,120200.0,-3.8,월10,7.3,목표,18,11.7,7919511680400
2024-03-28,235980,메드팩토,A,A,관찰만,-0.4,13130.0,-18.3,월10,-7.7,손절,3,-28.9,490949760900
2024-03-27,235980,메드팩토,A,A,관찰만,-0.1,13800.0,-18.5,일240,-5.7,손절,1,-33.6,490949760900
2024-03-19,001470,삼부토건,A,C,관찰만,-2.3,2325.0,-13.6,주60주,-5.6,손절,3,-31.3,493286098410
2024-03-15,006220,제주은행,A,B,관찰만,-1.9,12400.0,-14.2,일240,8.3,목표,2,4.7,388436877660
2024-03-15,101730,위메이드맥스,A,B,관찰만,-1.9,12780.0,-12.5,주60주,7.1,목표,1,-19.3,393550351440
2024-03-05,326030,SK바이오팜,B,C,관찰만,-1.2,91000.0,-6.1,월10,-7.8,트레일,28,-3.0,7588553925000
2024-02-28,087010,펩트론,A,B,관찰만,-1.0,23250.0,-21.3,일240,13.5,목표,5,21.3,498138499950
2024-02-21,006220,제주은행,A,B,관찰만,-1.0,13140.0,-13.8,주60주,-6.0,손절,2,13.5,411569594940
2024-02-08,136480,하림,A,A,주의,-1.9,3140.0,-16.0,일240,-5.1,손절,16,-4.9,378637587630
2024-02-07,136480,하림,A,A,주의,-2.3,3135.0,-18.8,일240,-4.1,만기,40,-4.1,378637587630
2024-02-06,328130,루닛,A,C,주의,-3.5,56000.0,-13.3,주60주,7.7,목표,6,1.4,1759449580100
2024-02-06,314930,바이오다인,A,A,주의,-3.5,43900.0,-12.1,주60주,6.9,목표,3,-13.4,303570324500
2024-02-06,099190,아이센스,A,B,주의,-3.5,21700.0,-13.9,주60주,-5.2,손절,1,-6.7,665942206600
2024-02-05,084370,유진테크,A,C,주의,-2.9,32600.0,-17.6,주60주,10.7,목표,6,42.6,967056972400
2024-02-02,289220,자이언트스텝,A,C,주의,-2.0,12920.0,-14.1,월10,-5.1,손절,2,-23.1,332711044800
2024-02-01,192650,드림텍,A,A,관찰만,-4.8,11080.0,-12.1,일240,6.9,목표,3,-5.4,801498925150
2024-02-01,900140,엘브이엠씨홀딩스,A,A,관찰만,-4.8,2420.0,-23.4,일240,-5.8,손절,1,30.4,407522476125
2024-01-31,297890,HB솔루션,A,C,주의,-6.5,4300.0,-17.9,주60주,-6.5,트레일,6,20.0,314391567400
2024-01-30,299900,위지윅스튜디오,A,C,주의,-6.4,3210.0,-18.2,월10,-5.1,손절,1,-22.6,648275270360
2024-01-30,307950,현대오토에버,A,A,주의,-6.4,148800.0,-16.5,일240,-4.3,트레일,31,-3.2,5800172193000
2024-01-30,297890,HB솔루션,A,B,주의,-6.4,4725.0,-32.8,월10,-5.3,손절,1,12.2,366293549730
2024-01-30,082740,한화엔진,A,C,주의,-6.4,8380.0,-12.3,주60주,7.0,목표,19,17.2,700415701260
2024-01-23,247540,에코프로비엠,A,B,주의,-7.2,239500.0,-14.0,주60주,-6.2,손절,2,15.7,28166787072000
2024-01-22,247540,에코프로비엠,A,C,주의,-7.7,248000.0,-14.2,주60주,-8.6,트레일,3,11.3,28166787072000
2024-01-15,310210,보로노이,A,B,주의,-5.4,44100.0,-15.4,주60주,-6.2,손절,4,-11.9,939535578000
2024-01-10,247540,에코프로비엠,B,C,관찰만,-4.8,293500.0,-7.0,월10,-9.2,트레일,8,-16.5,28166787072000
2024-01-09,034120,SBS,A,B,관찰만,-4.1,29250.0,-14.8,월10,-5.8,손절,1,-17.4,542623711500
2024-01-08,034120,SBS,A,B,관찰만,-3.8,31100.0,-12.3,일240,-5.3,손절,1,-22.3,542623711500
2024-01-04,009540,HD한국조선해양,B,C,관찰만,-3.1,112000.0,-5.5,월10,8.4,목표,22,-1.6,8556469724400
2024-01-03,001570,금양,B,C,관찰만,-2.3,104000.0,-4.8,월10,-8.6,손절,10,-3.5,6339064040400
2024-01-03,097230,HJ중공업,A,A,관찰만,-2.3,3915.0,-12.0,주60주,-5.8,손절,9,-10.5,370570550450
2023-12-28,003120,일성아이에스,A,A,관찰만,-0.4,23650.0,-13.2,월10,-5.6,손절,1,-2.1,314545000000
2023-12-26,259960,크래프톤,A,B,관찰만,-2.4,181200.0,-12.5,주60주,7.1,목표,2,20.0,10301264259000
2023-12-26,194480,데브시스터즈,A,C,관찰만,-2.4,46800.0,-13.5,월10,7.8,목표,2,-13.0,587321840000
2023-12-22,299900,위지윅스튜디오,A,B,관찰만,-2.5,3700.0,-12.1,일240,-6.0,손절,6,-21.5,497752252440
2023-12-15,299900,위지윅스튜디오,A,A,관찰만,-3.9,3585.0,-21.6,월10,13.7,목표,3,-16.9,497752252440
2023-12-07,009540,HD한국조선해양,B,C,주의,-6.6,109500.0,-3.9,월10,10.0,만기,40,10.0,7905357057200
2023-12-05,101490,에스앤에스텍,A,B,주의,-6.5,44150.0,-13.6,일240,7.9,목표,6,-5.0,1085443218200
2023-11-23,086520,에코프로,B,A,실행,-5.7,703000.0,-3.0,월10,-4.3,손절,7,-27.7,16509154160000
2023-11-21,003690,코리안리,A,B,실행,-5.9,7720.0,-15.0,주60주,-5.6,손절,16,-9.8,1249099468930
2023-11-17,086520,에코프로,B,B,실행,-7.4,679000.0,-8.2,월10,-5.6,손절,13,-12.4,16509154160000
2023-11-13,161890,한국콜마,A,B,실행,-9.9,47050.0,-15.5,월10,9.2,목표,18,15.8,1226431248000
2023-11-13,086520,에코프로,B,B,실행,-9.9,688000.0,-5.6,월10,-2.5,트레일,4,-5.7,16509154160000
2023-11-10,263750,펄어비스,A,C,실행,-9.7,43550.0,-16.1,주60주,-7.3,손절,1,-14.4,3164206858750
2023-11-09,247540,에코프로비엠,B,A,실행,-9.0,248500.0,-12.7,월10,-4.4,손절,1,22.3,19188623692800
2023-11-09,086520,에코프로,B,A,실행,-9.0,729000.0,-15.1,월10,-7.7,손절,6,-13.0,16509154160000
2023-11-08,383310,에코프로에이치엔,A,B,실행,-9.2,65900.0,-16.9,일240,-6.2,손절,2,2.1,881564083200
2023-11-08,042600,새로닉스,A,C,실행,-9.2,28000.0,-13.8,주60주,-5.8,손절,2,17.3,309346992600
2023-11-08,247540,에코프로비엠,B,C,실행,-9.2,255500.0,-14.5,월10,-7.1,손절,2,23.5,19188623692800
2023-11-08,281740,레이크머티리얼즈,A,B,실행,-9.2,11850.0,-16.3,일240,-5.0,손절,2,59.2,741440581440
2023-11-08,003670,포스코퓨처엠,A,B,실행,-9.2,300000.0,-14.2,주60주,-7.2,손절,2,10.2,18320051530000
2023-11-08,079810,APS이노베이션,A,A,실행,-9.2,19130.0,-12.6,일240,-5.3,손절,2,-25.2,364485500640
2023-11-08,005490,POSCO홀딩스,B,C,실행,-9.2,456500.0,-12.5,월10,2.8,만기,40,2.8,34801061145000
2023-11-08,005420,코스모화학,A,C,실행,-9.2,36500.0,-13.6,주60주,-5.3,손절,2,3.7,1094007125000
2023-11-01,270520,앱튼,A,C,실행,-13.7,7310.0,-15.4,주60주,9.1,목표,3,-10.4,329923797400
2023-11-01,114190,강원에너지,A,B,실행,-13.7,16860.0,-12.8,주60주,7.4,목표,2,6.2,475439291600
2023-10-31,307950,현대오토에버,A,A,실행,-14.6,130000.0,-15.5,주60주,9.2,목표,3,62.7,3565117660000
2023-10-30,270520,앱튼,A,A,실행,-13.4,8640.0,-13.1,월10,-6.0,손절,1,-19.8,429736186740
2023-10-27,086520,에코프로,B,B,실행,-13.7,635000.0,-8.0,월10,-6.8,손절,3,5.2,23991528868000
2023-10-27,403550,쏘카,A,C,실행,-13.7,16180.0,-16.6,일240,-6.6,손절,1,-6.2,397393917240
2023-10-27,054950,제이브이엠,A,B,실행,-13.7,24200.0,-19.3,월10,12.0,목표,3,8.5,337307986800
2023-10-26,299030,하나기술,A,C,실행,-13.8,72500.0,-13.4,주60주,-5.9,손절,3,-3.3,902706279000
2023-10-26,121600,나노신소재,A,C,실행,-13.8,114800.0,-12.6,주60주,7.2,목표,1,10.0,1629423652000
2023-10-26,247540,에코프로비엠,A,B,실행,-13.8,199600.0,-14.5,주60주,-5.6,손절,4,53.3,24743740032000
2023-10-26,137400,피엔티,A,C,실행,-13.8,50900.0,-14.2,주60주,-5.4,손절,4,0.4,1400857796800
2023-10-23,001060,JW중외제약,A,A,주의,-11.6,26700.0,-13.0,일240,-5.7,트레일,5,35.4,874581878800
2023-10-20,241560,두산밥캣,A,A,주의,-11.0,44650.0,-12.5,주60주,-5.9,손절,6,5.9,5112707466000
2023-10-20,016380,KG스틸,A,C,주의,-11.0,8000.0,-16.8,월10,-5.2,손절,2,4.6,790070286300
2023-10-19,039200,오스코텍,A,C,실행,-9.4,20800.0,-19.7,주60주,-2.3,트레일,3,-1.2,1109131573600
2023-10-19,000100,유한양행,A,A,실행,-9.4,61400.0,-17.6,월10,-5.4,손절,3,4.6,5809210200600
2023-10-16,310210,보로노이,A,B,주의,-8.7,41200.0,-15.5,주60주,-6.0,손절,2,-4.9,764179044600
2023-10-16,950130,엑세스바이오,A,B,주의,-8.7,9860.0,-13.4,월10,-6.8,손절,3,0.4,439054721430
2023-10-16,247540,에코프로비엠,B,A,주의,-8.7,242500.0,-4.5,월10,-6.2,손절,4,31.5,24743740032000
2023-10-06,000150,두산,A,C,주의,-9.7,88100.0,-22.7,주60주,-5.5,손절,5,1.2,1872150505500
2023-10-05,009540,HD한국조선해양,B,C,주의,-9.9,103000.0,-7.2,월10,-9.2,손절,16,8.1,7855815876000
2023-10-05,297090,씨에스베어링,A,C,주의,-9.9,9940.0,-12.7,주60주,7.2,목표,3,-4.7,310332600000
2023-09-25,402030,코난테크놀로지,A,B,주의,-6.4,69500.0,-13.1,일240,7.6,목표,1,-8.3,433417877200
2023-09-25,042660,한화오션,B,C,주의,-6.4,31050.0,-12.3,월10,-9.6,손절,9,-24.8,8317094851650
2023-09-25,151860,KG에코솔루션,A,C,주의,-6.4,12180.0,-16.7,주60주,-5.0,손절,4,-6.4,556920000000
2023-09-22,122870,와이지엔터테인먼트,A,A,주의,-6.0,66400.0,-16.8,월10,-7.9,손절,4,-16.7,1522199868500
2023-09-22,126340,비나텍,A,B,주의,-6.0,51800.0,-16.0,주60주,-5.9,손절,2,-9.7,319767174700
2023-09-19,217270,넵튠,A,B,관찰만,-4.0,9600.0,-15.6,월10,-6.3,손절,3,-18.8,468324764960
2023-09-19,035420,NAVER,B,C,관찰만,-4.0,219500.0,-4.4,주60주,-9.6,손절,6,-6.8,35188528732500
2023-09-18,180640,한진칼,A,A,관찰만,-3.5,42450.0,-19.1,일240,11.8,목표,18,24.6,2967583301550
2023-09-15,095660,네오위즈,A,C,관찰만,-2.5,36250.0,-14.5,주60주,-6.4,손절,1,-24.1,776688594750
2023-09-14,323990,박셀바이오,A,C,관찰만,-3.5,36000.0,-16.3,월10,-7.0,손절,3,-41.2,639366000000
2023-09-13,402030,코난테크놀로지,A,C,관찰만,-5.0,70500.0,-16.0,일240,9.5,목표,6,-5.1,433417877200
2023-09-08,361610,SK아이이테크놀로지,B,C,관찰만,-4.5,82700.0,-3.8,월10,-8.2,손절,10,-21.8,6438172557600
2023-08-31,007460,에이프로젠,A,B,관찰만,-4.2,1938.0,-14.4,일240,-6.0,손절,2,-52.6,494393269068
2023-08-24,263750,펄어비스,A,B,관찰만,-4.9,45650.0,-15.5,월10,9.1,목표,11,7.3,3597879880000
2023-08-21,074610,이엔플러스,A,C,주의,-5.9,6020.0,-13.1,주60주,7.6,목표,1,-22.6,508349551600
2023-08-21,217820,원익피앤이,A,B,주의,-5.9,8600.0,-14.9,주60주,8.8,목표,1,-20.0,356193750010
2023-08-18,217820,원익피앤이,A,A,주의,-6.1,8820.0,-38.9,월10,-0.9,트레일,4,-19.0,356193750010
2023-08-17,145720,덴티움,A,A,주의,-5.5,123400.0,-12.1,월10,-5.0,손절,6,-21.2,1590590871000
2023-08-17,010690,화신,A,C,주의,-5.5,12880.0,-15.8,월10,-6.7,트레일,15,-16.1,633805441500
2023-08-16,088390,이녹스,A,B,주의,-5.3,28750.0,-13.7,일240,7.9,목표,1,-15.3,338828968400
2023-08-16,068760,셀트리온제약,A,C,주의,-5.3,78300.0,-15.0,주60주,-7.9,손절,3,-20.1,3513333201600
2023-08-16,073640,테라사이언스,A,B,주의,-5.3,2675.0,-40.1,주60주,-5.0,손절,1,-13.3,388900581000
2023-08-09,217820,원익피앤이,A,B,관찰만,-2.3,8510.0,-12.7,주60주,7.3,목표,2,-19.2,356193750010
2023-08-08,101670,하이드로리튬,A,B,관찰만,-3.5,25450.0,-12.5,일240,-7.1,손절,3,-49.9,606350479650
2023-08-07,048410,현대바이오,A,C,관찰만,-3.2,23150.0,-17.0,월10,10.3,목표,2,21.6,989142023800
2023-08-07,225570,넥슨게임즈,A,A,관찰만,-3.2,17700.0,-19.9,월10,-7.0,손절,8,-15.5,1413974805000
2023-08-04,217820,원익피앤이,A,A,관찰만,-2.4,8820.0,-26.5,월10,18.0,목표,1,-23.7,356193750010
2023-08-04,068240,다원시스,A,C,관찰만,-2.4,14110.0,-13.3,월10,7.7,목표,7,14.9,481058655480
2023-07-27,101670,하이드로리튬,A,A,관찰만,-1.4,25650.0,-13.6,월10,-11.3,손절,2,-46.2,671117197550
2023-07-27,066970,엘앤에프,A,B,관찰만,-1.4,239000.0,-14.0,월10,8.2,목표,2,-24.4,8806265568000
2023-07-27,101360,에코앤드림,A,C,관찰만,-1.4,34300.0,-17.3,월10,-3.9,트레일,5,-10.1,508550857650
2023-07-26,091810,트리니티항공,A,B,관찰만,-1.8,2520.0,-15.7,주60주,9.3,목표,11,-9.5,653511398505
2023-07-26,402030,코난테크놀로지,A,C,관찰만,-1.8,56200.0,-21.8,일240,14.0,목표,2,42.3,386838236400
2023-07-26,101670,하이드로리튬,A,C,관찰만,-1.8,25500.0,-17.9,월10,10.9,목표,1,-44.7,671117197550
2023-07-19,003920,남양유업,A,C,관찰만,-1.2,421000.0,-14.1,주60주,-5.9,손절,5,9.5,385200000000
2023-07-18,182400,엔케이젠바이오텍코리아,A,A,관찰만,-1.3,13620.0,-16.1,일240,-4.5,트레일,7,8.0,574156285850
2023-07-13,006220,제주은행,A,B,관찰만,-1.9,11830.0,-12.9,주60주,-7.6,손절,2,-26.7,441770642500
2023-07-07,014680,한솔케미칼,A,B,관찰만,-4.3,206500.0,-12.5,일240,7.1,목표,4,-17.4,2720446800000
2023-07-06,036810,에프에스티,A,B,관찰만,-3.2,18770.0,-21.3,일240,13.5,목표,7,20.9,474298000200
2023-06-26,008730,율촌화학,A,C,관찰만,-2.2,30700.0,-15.7,주60주,9.3,목표,13,3.3,882880000000
2023-06-08,052020,에스티큐브,A,B,관찰만,-2.2,16820.0,-12.1,일240,-8.4,트레일,5,-19.5,974162446050
2023-05-22,010580,에스엠벡셀,A,B,관찰만,-4.8,2720.0,-15.7,일240,-7.8,손절,6,-5.9,308167375200
2023-05-10,033640,네패스,A,C,주의,-7.1,17800.0,-12.7,월10,7.3,목표,7,9.0,463489960200
2023-04-28,003620,KG모빌리티,A,A,주의,-7.2,13820.0,-19.2,주60주,-6.3,트레일,2,-47.3,2583732251680
2023-04-27,322000,HD현대에너지솔루션,A,B,주의,-7.4,45900.0,-14.7,주60주,-5.0,손절,1,-17.0,593600000000
2023-04-26,011930,신성이엔지,A,C,주의,-8.1,2050.0,-12.4,일240,7.1,목표,14,1.7,377319660783
2023-04-26,003380,하림지주,A,B,주의,-8.1,9420.0,-17.5,일240,-5.1,손절,1,-17.5,1795450104630
2023-04-25,003380,하림지주,A,A,주의,-8.8,9920.0,-39.2,주60주,-7.7,손절,2,-21.2,1795450104630
2023-04-25,323990,박셀바이오,A,B,주의,-8.8,42550.0,-14.5,월10,-5.4,손절,3,-14.7,592935850000
2023-04-25,004360,세방,A,C,주의,-8.8,21150.0,-50.9,주60주,-5.0,손절,1,-40.9,888199740000
2023-04-24,030960,양지사,A,C,주의,-7.5,21100.0,-21.9,주60주,-1.2,트레일,2,-6.4,341972000000
2023-04-24,323990,박셀바이오,A,B,주의,-7.5,45500.0,-17.1,일240,-6.9,손절,1,-21.1,592935850000
2023-04-21,225570,넥슨게임즈,A,B,주의,-6.7,18130.0,-18.1,주60주,11.1,목표,7,37.3,1216580239000
2023-04-20,235980,메드팩토,A,B,주의,-6.1,23900.0,-13.4,일240,-5.4,손절,3,-18.8,404960150950
2023-04-19,145020,휴젤,A,C,주의,-5.6,114900.0,-12.4,월10,-6.8,손절,29,-11.2,1584099694500
2023-04-13,092220,KEC,A,B,주의,-6.1,2420.0,-16.4,월10,-5.8,손절,7,-9.7,402441531980
2023-03-24,016790,현대사료,A,C,실행,-12.5,24500.0,-12.3,일240,-8.8,손절,1,27.1,836079503120
2023-03-24,248070,솔루엠,A,A,실행,-12.5,21350.0,-12.5,주60주,7.1,목표,7,14.1,1107622954650
2023-03-16,052020,에스티큐브,A,B,실행,-13.8,14950.0,-12.3,월10,-6.7,손절,5,31.8,778970342500
2023-03-15,012510,012510,A,A,실행,-13.8,35600.0,-22.3,일240,-5.9,트레일,4,-8.8,1045167769600
2023-03-14,012510,012510,A,B,실행,-14.9,35000.0,-27.8,월10,-6.1,손절,1,-6.4,1045167769600
2023-03-14,034120,SBS,A,C,실행,-14.9,36050.0,-12.4,월10,7.1,목표,1,-6.2,798550462500
2023-03-13,048550,SM C&C,A,B,실행,-12.6,3610.0,-15.1,월10,-6.1,트레일,3,-19.1,439875552000
2023-03-13,034120,SBS,A,B,실행,-12.6,38950.0,-12.2,일240,6.9,목표,3,-14.4,798550462500
2023-03-10,000990,DB하이텍,A,A,실행,-13.2,46550.0,-12.2,월10,6.9,목표,7,27.8,2011256036400
2023-03-10,048550,SM C&C,A,C,실행,-13.2,4010.0,-15.1,주60주,-9.2,손절,1,-26.9,439875552000
2023-03-10,001390,KG케미칼,A,C,실행,-13.2,28800.0,-15.0,주60주,8.9,목표,4,24.7,336252828000
2023-03-06,080580,오킨스전자,A,B,주의,-10.7,19570.0,-13.2,월10,-5.0,손절,2,-8.0,358005784500
2023-02-22,290670,대보마그네틱,A,B,실행,-12.4,58800.0,-13.3,월10,7.7,목표,6,23.3,521894150000
2023-02-13,145020,휴젤,A,C,주의,-11.5,133200.0,-18.5,주60주,-5.5,트레일,19,0.3,1747587700500
2023-02-06,003530,한화투자증권,A,B,실행,-12.0,3175.0,-15.1,월10,-6.3,손절,18,-12.8,717662307375
2023-01-30,052020,에스티큐브,A,B,실행,-14.4,12620.0,-19.1,일240,11.8,목표,3,17.5,626425816450
2023-01-18,115450,HLB테라퓨틱스,A,A,실행,-20.3,11650.0,-13.1,월10,7.5,목표,9,-6.6,356256364800
2023-01-04,079550,LIG디펜스앤에어로스페이스,A,B,실행,-25.3,78000.0,-12.3,주60주,7.0,목표,7,-3.2,2028400000000
2022-12-29,001430,세아베스틸지주,A,C,실행,-26.0,16300.0,-13.8,월10,-6.7,손절,2,38.0,584552539700
2022-12-29,024110,기업은행,A,C,실행,-26.0,9820.0,-12.3,월10,7.0,목표,11,5.7,7830722033580
2022-12-29,001120,LX인터내셔널,A,B,실행,-26.0,33950.0,-18.7,주60주,-5.7,손절,2,-7.7,1315902000000
2022-12-28,205470,휴마시스,A,C,실행,-24.5,15200.0,-12.6,월10,-5.6,손절,1,-5.5,547651910250
2022-12-26,009830,한화솔루션,B,C,실행,-23.3,45450.0,-4.1,월10,-10.2,손절,7,-9.5,9812586896100
2022-12-23,149950,아바텍,A,C,실행,-23.4,15900.0,-12.6,월10,7.2,목표,2,-4.5,301224750000
2022-12-01,241560,두산밥캣,A,A,실행,-18.1,36000.0,-12.9,일240,-5.2,손절,2,-3.5,3563857851300
2022-11-18,003070,코오롱글로벌,A,B,실행,-19.3,19150.0,-17.3,일240,10.4,목표,2,-14.7,337819869200
2022-11-17,016790,현대사료,A,C,실행,-19.4,15650.0,-18.1,주60주,-6.5,손절,2,-7.3,690699778650
2022-11-16,005850,에스엘,A,C,실행,-18.2,28050.0,-14.6,일240,-6.5,손절,14,-7.1,1428291990000
2022-11-09,214370,케어젠,A,B,실행,-20.0,101600.0,-13.1,월10,7.5,목표,3,27.5,1023807900000
2022-10-13,115450,HLB테라퓨틱스,A,B,실행,-29.1,12200.0,-16.4,월10,-5.4,손절,2,-12.7,446526756750
2022-10-12,115450,HLB테라퓨틱스,A,A,실행,-27.8,13000.0,-15.3,주60주,-5.4,손절,1,-16.9,446526756750
2022-10-11,018470,조일알미늄,A,B,실행,-28.1,2260.0,-13.7,주60주,8.0,목표,2,-4.4,305771082030
2022-09-27,080420,모다이노칩,A,C,실행,-29.2,3490.0,-12.6,월10,-8.7,손절,1,-2.0,308522677140
2022-09-26,117580,대성에너지,A,B,실행,-29.6,10700.0,-13.0,주60주,7.5,목표,2,2.8,396000000000
2022-09-26,101360,에코앤드림,A,B,실행,-29.6,26100.0,-14.3,월10,8.3,목표,7,5.9,309611490000
2022-09-26,161000,애경케미칼,A,B,실행,-29.6,9750.0,-12.2,월10,6.9,목표,6,-2.4,496216831800
2022-09-26,001250,GS글로벌,A,C,실행,-29.6,2765.0,-12.5,주60주,-5.0,손절,2,-1.4,302073576240
2022-09-26,000230,일동홀딩스,A,B,실행,-29.6,20650.0,-12.5,주60주,7.1,목표,1,74.8,349097100000
2022-09-23,353200,대덕전자,A,C,실행,-27.4,23400.0,-13.7,주60주,-5.0,손절,1,1.5,1465211826250
2022-09-19,010060,OCI홀딩스,A,C,실행,-25.5,105500.0,-12.4,월10,-5.5,손절,3,0.5,2802301092500
2022-09-19,220260,켐트로스,A,B,실행,-25.5,10300.0,-14.9,월10,-7.1,손절,4,-13.8,316043853300
2022-09-19,117580,대성에너지,A,B,실행,-25.5,11450.0,-12.6,일240,7.2,목표,3,0.0,396000000000
2022-09-15,067630,HLB생명과학,A,A,실행,-25.0,13350.0,-17.8,주60주,-5.7,손절,5,-9.7,1423712376750
2022-09-15,028300,HLB,B,C,실행,-25.0,42550.0,-16.1,주60주,-7.9,손절,18,-8.2,5270341613300
2022-09-15,323990,박셀바이오,A,B,실행,-25.0,46950.0,-13.7,월10,-5.8,손절,2,-12.5,1083877600000
2022-09-06,054210,이랜텍,A,A,실행,-24.9,15200.0,-12.9,주60주,-6.6,손절,4,-20.4,448918977500
2022-09-06,007390,네이처셀,A,B,실행,-24.9,18750.0,-21.4,월10,-5.0,손절,1,-5.3,1656752776200
2022-09-05,007390,네이처셀,A,B,실행,-25.0,19550.0,-24.5,주60주,-6.7,손절,2,-7.9,1656752776200
2022-09-02,297090,씨에스베어링,A,B,실행,-24.9,10950.0,-12.0,월10,-7.2,트레일,5,-31.2,336150000000
2022-09-01,001440,대한전선,A,C,실행,-24.7,1740.0,-12.6,월10,-5.0,손절,4,-3.2,2333386891875
2022-08-26,225570,넥슨게임즈,A,C,실행,-22.6,17350.0,-18.7,주60주,-6.6,손절,1,-17.0,1482582492600
2022-08-22,101730,위메이드맥스,A,C,실행,-23.2,20100.0,-14.8,주60주,-5.5,손절,5,-17.7,582667610000
2022-08-22,225570,넥슨게임즈,A,B,실행,-23.2,19300.0,-16.6,일240,10.0,목표,2,-23.1,1482582492600
2022-07-07,006260,LS,A,C,실행,-29.4,53800.0,-13.4,월10,-6.8,트레일,4,19.5,2047920000000
2022-07-05,101730,위메이드맥스,A,C,실행,-29.1,18650.0,-12.4,주60주,-5.5,손절,4,7.5,639269606400
2022-07-04,222080,SFA넥셀,A,C,실행,-30.4,13500.0,-14.8,주60주,8.7,목표,19,7.8,973784153100
2022-07-01,151860,KG에코솔루션,A,B,실행,-30.2,15450.0,-12.5,주60주,-6.5,손절,3,-2.9,599400000000
2022-07-01,222080,SFA넥셀,A,C,실행,-30.2,13750.0,-18.6,주60주,-5.0,손절,3,4.4,973784153100
2022-07-01,137400,피엔티,A,B,실행,-30.2,41750.0,-13.5,일240,-7.0,손절,8,18.1,997201532300
2022-07-01,011070,LG이노텍,B,C,실행,-30.2,341000.0,-4.3,월10,-4.3,만기,40,-4.3,8105984147500
2022-06-30,016380,KG스틸,A,B,실행,-29.4,13300.0,-16.6,월10,-5.9,손절,4,1.5,1330118330100
2022-06-30,151860,KG에코솔루션,A,C,실행,-29.4,16650.0,-19.0,일240,-9.9,손절,2,-3.0,599400000000
2022-06-30,137400,피엔티,A,B,실행,-29.4,43850.0,-14.2,월10,-5.2,손절,1,15.4,997201532300
2022-06-29,016380,KG스틸,A,B,실행,-28.1,14000.0,-19.3,일240,-6.0,손절,2,-5.7,1715152583550
2022-06-29,084990,헬릭스미스,A,C,실행,-28.1,21250.0,-18.1,월10,-5.2,손절,2,-22.1,838587503500
2022-06-23,117580,대성에너지,A,C,실행,-30.0,10700.0,-14.7,월10,8.6,목표,1,36.9,393250000000
2022-06-23,001790,대한제당,A,B,실행,-30.0,3215.0,-12.3,월10,7.0,목표,2,-2.6,420676960200
2022-06-23,001250,GS글로벌,A,B,실행,-30.0,2780.0,-16.5,월10,9.9,목표,1,32.0,303311582700
2022-06-23,000230,일동홀딩스,A,C,실행,-30.0,19700.0,-28.2,월10,-0.4,트레일,6,50.8,369292800000
2022-06-23,042600,새로닉스,A,C,실행,-30.0,19950.0,-12.7,주60주,7.3,목표,2,15.8,345375357200
2022-06-23,018310,삼목에스폼,A,B,실행,-30.0,17700.0,-14.1,주60주,8.2,목표,2,15.3,386610000000
2022-06-23,118990,모트렉스,A,A,실행,-30.0,11700.0,-20.4,주60주,-7.1,트레일,6,6.8,302105001000
2022-06-23,249420,일동제약,A,B,실행,-30.0,28100.0,-24.3,주60주,16.0,목표,1,33.1,1117696984500
2022-06-23,002460,HS화성,A,B,실행,-30.0,17200.0,-12.9,일240,7.4,목표,4,-4.4,302554440000
2022-06-23,041510,에스엠,A,C,실행,-30.0,60700.0,-12.5,주60주,7.2,목표,1,13.0,1652946369500
2022-06-23,011070,LG이노텍,B,C,실행,-30.0,331000.0,-8.9,월10,2.3,만기,40,2.3,9111836195000
2022-06-23,005420,코스모화학,A,C,실행,-30.0,13850.0,-21.8,주60주,13.9,목표,2,47.3,484766731800
2022-06-22,005420,코스모화학,A,B,실행,-29.1,15150.0,-18.5,주60주,-6.0,손절,1,40.9,484766731800
2022-06-17,063170,서울옥션,A,B,실행,-26.1,22200.0,-14.1,주60주,-6.1,손절,4,4.7,434580828150
2022-06-17,078160,메디포스트,A,C,실행,-26.1,21300.0,-16.5,월10,-8.6,손절,1,-0.5,404978430600
2022-06-16,225570,넥슨게임즈,A,C,실행,-25.8,15750.0,-12.5,주60주,-6.2,손절,4,40.3,1594060873250
2022-06-15,115450,HLB테라퓨틱스,A,B,실행,-26.0,12350.0,-14.8,일240,-8.5,손절,2,-3.6,352521123750
2022-06-15,225570,넥슨게임즈,A,C,실행,-26.0,16250.0,-14.0,주60주,-8.2,트레일,5,34.8,1594060873250
2022-06-14,214260,라파스,A,A,실행,-24.6,41000.0,-12.7,주60주,-6.0,손절,1,0.4,381751528800
2022-06-14,225570,넥슨게임즈,A,B,실행,-24.6,18000.0,-24.4,일240,-7.4,손절,1,21.9,1594060873250
2022-06-13,047920,HLB제약,A,C,실행,-24.2,14300.0,-14.6,월10,-5.7,손절,2,5.6,422751101300
2022-06-13,230240,에치에프알,A,B,실행,-24.2,26700.0,-18.5,주60주,-5.2,손절,5,20.2,444463406700
2022-06-13,299900,위지윅스튜디오,A,C,실행,-24.2,24500.0,-16.8,주60주,-5.0,손절,1,4.9,1388797182500
2022-06-13,032820,우리기술,A,B,실행,-24.2,2170.0,-12.1,일240,-5.0,손절,1,-4.8,346166850015
2022-06-08,028300,HLB,A,B,실행,-20.5,38050.0,-12.2,주60주,7.0,목표,1,16.0,4853588376000
2022-06-08,067630,HLB생명과학,A,B,실행,-20.5,12900.0,-12.5,일240,7.2,목표,1,3.9,1494544967650
2022-06-08,047920,HLB제약,A,B,실행,-20.5,14400.0,-15.8,월10,9.4,목표,1,0.0,422751101300
2022-05-23,290650,엘앤씨바이오,A,A,실행,-19.9,36150.0,-13.3,일240,7.7,목표,1,-10.5,908529884550
2022-05-12,000060,000060,B,C,실행,-22.8,37050.0,-9.9,월10,-5.0,트레일,19,-12.1,5349718750000
2022-05-11,000060,000060,B,C,실행,-21.6,36800.0,-13.4,월10,-4.4,트레일,20,-11.5,5349718750000
2022-04-29,048260,048260,A,A,실행,-18.5,112500.0,-21.2,일240,-7.5,트레일,5,-9.2,1607143162500
2022-04-19,263750,펄어비스,B,C,실행,-17.7,102400.0,-4.5,월10,-6.5,손절,2,-45.7,6589039250000
2022-04-13,112040,위메이드,A,C,실행,-17.8,85000.0,-12.5,주60주,7.1,목표,1,-6.1,3474852903000
2022-04-12,006040,동원산업,A,B,실행,-19.3,229500.0,-13.4,월10,7.7,목표,3,1.5,926765532000
2022-04-07,214330,금호에이치티,A,C,실행,-18.4,1960.0,-25.9,월10,-5.0,손절,1,-33.2,343991718000
2022-04-07,008350,남선알미늄,A,A,실행,-18.4,3365.0,-17.9,주60주,10.9,목표,1,-20.4,475973668800
2022-03-29,263750,펄어비스,B,C,실행,-17.1,100600.0,-4.5,월10,-7.1,트레일,17,-37.2,6297664650000
2022-03-15,066970,엘앤에프,B,C,실행,-20.7,168500.0,-9.9,월10,34.3,목표,12,33.5,6788001480000
2022-03-14,263750,펄어비스,B,C,실행,-20.0,98000.0,-6.2,월10,-3.8,트레일,28,-37.6,6297664650000
2022-03-07,048410,현대바이오,A,A,실행,-19.8,30900.0,-15.3,월10,-5.2,손절,1,-7.1,1239592081000
2022-02-28,018670,SK가스,A,B,실행,-18.3,119000.0,-12.5,주60주,-5.5,손절,5,-2.1,1098399036000
2022-02-15,256840,한국비엔씨,A,C,실행,-19.0,16150.0,-13.4,주60주,7.7,목표,1,-26.0,1095047265000
2022-02-14,004980,성신양회,A,A,실행,-18.2,12400.0,-13.0,월10,-6.1,손절,4,12.5,383676542450
2022-02-14,003220,대원제약,A,B,실행,-18.2,16550.0,-13.4,월10,7.7,목표,1,11.5,307759933500
2022-02-14,256840,한국비엔씨,A,B,실행,-18.2,17000.0,-16.7,주60주,-5.4,손절,1,-28.8,1095047265000
2022-02-11,003220,대원제약,A,A,실행,-16.9,17000.0,-14.4,주60주,8.4,목표,2,5.6,307759933500
2022-02-11,336370,솔루스첨단소재,A,C,실행,-16.9,58500.0,-12.6,주60주,7.2,목표,4,20.7,2067867640800
2022-02-10,336370,솔루스첨단소재,A,C,실행,-16.1,60800.0,-13.0,주60주,-6.3,손절,2,17.1,2067867640800
2022-01-28,263750,펄어비스,B,C,실행,-19.4,94200.0,-4.8,월10,7.5,만기,40,7.5,6238065300000
2022-01-28,095660,네오위즈,A,B,실행,-19.4,25650.0,-12.8,주60주,7.3,목표,3,-2.5,565164892350
2022-01-27,247540,에코프로비엠,A,A,실행,-20.9,326100.0,-19.7,월10,-8.9,손절,1,22.0,10977268572800
2022-01-26,100130,동국S&C,A,C,실행,-18.0,5640.0,-13.1,월10,7.5,목표,1,3.2,305715050000
2022-01-25,020120,키다리스튜디오,A,B,실행,-17.7,14400.0,-23.2,주60주,-5.0,손절,2,-1.7,530087428800
2022-01-25,086980,쇼박스,A,C,실행,-17.7,4600.0,-13.7,주60주,-5.6,손절,2,21.3,379356000000
2022-01-25,048550,SM C&C,A,C,실행,-17.7,3090.0,-12.6,주60주,-5.9,손절,3,59.4,428389798200
2022-01-25,003580,HLB글로벌,A,C,실행,-17.7,17100.0,-13.4,일240,-6.1,손절,2,-18.4,917035246600
2022-01-24,086520,에코프로,A,B,실행,-15.5,86600.0,-15.5,월10,-6.3,손절,2,3.6,2817141460000
2022-01-24,003580,HLB글로벌,A,A,실행,-15.5,18250.0,-14.1,일240,-6.4,손절,1,-22.7,917035246600
2022-01-17,145720,덴티움,A,C,실행,-12.6,58600.0,-12.8,주60주,-5.8,트레일,6,23.7,772604334000
2022-01-14,145720,덴티움,A,C,주의,-11.6,60600.0,-14.6,주60주,-6.3,손절,7,22.3,772604334000
2022-01-13,214260,라파스,A,A,주의,-10.4,37400.0,-13.3,주60주,-6.2,손절,2,-14.2,382881232800
2022-01-07,293490,카카오게임즈,A,B,주의,-10.6,74300.0,-14.0,월10,-7.7,손절,5,0.7,7044410737000
2022-01-06,293490,카카오게임즈,A,B,주의,-11.6,74100.0,-17.9,월10,-7.4,손절,6,0.3,7044410737000
2022-01-06,217270,넵튠,A,A,주의,-11.6,25250.0,-13.4,일240,-6.3,손절,3,-22.4,889104216000
2022-01-06,214150,클래시스,A,C,주의,-11.6,16600.0,-12.6,주60주,7.2,목표,3,16.3,1216677043200
2022-01-05,352820,하이브,B,C,주의,-10.6,314000.0,-10.4,월10,-8.3,손절,4,-12.7,14432332063000
2021-12-30,011785,금호석유화학우,A,C,주의,-9.9,107000.0,-14.7,월10,-5.4,손절,4,-20.8,323513002000
2021-12-30,067000,조이시티,A,C,주의,-9.9,10250.0,-32.3,주60주,-7.5,손절,3,-10.1,466853459750
2021-12-29,089980,상아프론테크,A,C,주의,-9.4,51600.0,-12.7,주60주,-6.1,손절,7,-16.5,903380590500
2021-12-28,003580,HLB글로벌,A,B,주의,-8.6,17150.0,-19.3,일240,12.0,목표,1,-1.5,818180529650
2021-12-28,089980,상아프론테크,A,C,주의,-8.6,51500.0,-15.6,주60주,-7.4,손절,8,-20.2,903380590500
2021-12-20,196170,알테오젠,A,C,주의,-10.4,74100.0,-12.7,월10,7.3,목표,7,-28.9,2903553975000
2021-12-14,007390,네이처셀,A,A,실행,-9.6,17350.0,-12.4,일240,-6.0,손절,3,-11.5,1108500661200
2021-12-07,041140,041140,A,B,실행,-9.5,13400.0,-13.8,주60주,8.0,목표,1,43.7,535905828300
2021-12-02,096530,씨젠,A,C,실행,-10.9,66300.0,-12.4,월10,7.1,목표,2,-17.9,3953507745800
2021-11-30,034020,두산에너빌리티,A,B,실행,-14.1,19000.0,-17.6,월10,10.7,목표,5,-5.8,9869575764000
2021-11-30,035080,그래디언트,A,C,실행,-14.1,4870.0,-12.9,주60주,7.4,목표,2,-9.0,395391223810
2021-11-29,080580,오킨스전자,A,C,주의,-12.0,22350.0,-12.7,주60주,-5.9,트레일,16,-3.4,406623854000
2021-11-23,217270,넵튠,A,C,주의,-9.3,26200.0,-20.8,일240,-0.9,트레일,6,-18.1,684292709100
2021-11-19,249420,일동제약,A,C,주의,-10.1,14950.0,-14.8,월10,8.7,목표,4,101.3,334436154250
2021-11-18,115450,HLB테라퓨틱스,A,C,주의,-10.8,15300.0,-14.0,일240,-7.8,손절,8,-10.1,442889110650
2021-11-17,073240,금호타이어,A,C,주의,-10.4,4590.0,-13.7,주60주,-6.2,손절,1,-2.6,1536842535450
2021-11-17,002240,고려제강,A,B,주의,-10.4,20750.0,-14.3,주60주,-7.3,손절,8,3.6,631350000000
2021-11-12,001440,대한전선,A,C,주의,-10.2,1820.0,-16.5,주60주,9.9,목표,1,-6.0,1931346635295
2021-11-12,241820,피씨엘,A,C,주의,-10.2,41850.0,-13.0,주60주,-6.7,손절,7,-3.1,465625671550
2021-11-11,009520,포스코엠텍,A,B,주의,-11.5,7830.0,-13.6,월10,-5.2,손절,11,2.8,334807332120
2021-11-10,007860,서연,A,B,주의,-11.3,13650.0,-12.2,주60주,-7.5,손절,13,-13.6,367459558600
2021-11-09,007860,서연,A,B,주의,-10.4,14550.0,-16.1,일240,-7.2,손절,2,-20.6,367459558600
2021-11-09,003580,HLB글로벌,A,C,주의,-10.4,15600.0,-17.7,일240,10.7,목표,4,49.7,775442984500
2021-11-09,092220,KEC,A,C,주의,-10.4,2720.0,-19.6,일240,12.2,목표,4,45.4,431815678000
2021-11-08,299660,셀리드,A,B,주의,-10.4,70800.0,-13.7,주60주,-6.1,손절,2,-29.7,694807108800
2021-11-04,002900,TYM,A,A,주의,-9.7,1800.0,-12.8,주60주,-6.3,손절,16,-1.9,304184519730
2021-11-02,241840,에이스토리,A,B,주의,-8.8,32250.0,-14.0,주60주,-6.9,손절,4,-15.7,357441000000
2021-11-02,053800,안랩,A,A,주의,-8.8,71700.0,-12.6,주60주,7.2,목표,4,11.9,821136110000
2021-10-29,065660,안트로젠,A,C,주의,-10.1,58400.0,-12.8,주60주,7.4,목표,2,-2.4,550235748000
2021-10-27,009240,한샘,A,C,실행,-8.5,101500.0,-12.9,주60주,-5.5,손절,4,-2.9,2824071360000
2021-10-19,003280,흥아해운,A,B,주의,-8.4,3870.0,-17.7,일240,10.7,목표,1,-29.5,978021364520
2021-10-13,185490,아이진,A,A,주의,-10.9,23500.0,-24.4,주60주,16.2,목표,2,-22.3,786708102500
2021-10-13,047920,HLB제약,A,C,주의,-10.9,18350.0,-12.2,월10,6.9,목표,1,-22.1,478457369400
2021-10-13,299660,셀리드,A,A,주의,-10.9,70500.0,-13.4,주60주,7.7,목표,1,-29.9,861210492000
2021-10-12,101490,에스앤에스텍,A,C,주의,-11.8,31400.0,-13.6,월10,7.9,목표,4,16.4,735784632100
2021-10-12,003670,포스코퓨처엠,B,C,주의,-11.8,155000.0,-5.2,월10,-7.6,손절,14,-5.5,13710989940000
2021-10-07,084110,휴온스글로벌,A,C,주의,-10.5,49450.0,-13.7,일240,-6.8,트레일,19,-18.2,738659744600
2021-10-07,003490,대한항공,B,C,주의,-10.5,31850.0,-4.9,월10,-9.7,손절,33,-10.5,11721561802500
2021-10-06,035810,이지홀딩스,A,C,실행,-12.0,4400.0,-15.2,주60주,-4.2,트레일,24,-11.9,326380683450
2021-10-06,049180,셀루메드,A,B,실행,-12.0,8020.0,-15.6,월10,9.2,목표,4,-24.6,385771917020
2021-10-06,036200,유니셈,A,B,실행,-12.0,11150.0,-12.2,주60주,7.0,목표,1,26.9,403234532450
2021-10-06,025950,동신건설,A,C,실행,-12.0,37200.0,-17.4,주60주,10.6,목표,2,-11.7,372960000000
2021-10-06,047820,초록뱀미디어,A,B,실행,-12.0,2340.0,-14.6,일240,8.5,목표,6,36.8,466182975400
2021-10-06,084110,휴온스글로벌,A,C,실행,-12.0,50200.0,-18.2,월10,-6.8,손절,20,-19.7,738659744600
2021-10-06,002900,TYM,A,C,실행,-12.0,1920.0,-18.8,월10,11.6,목표,6,-12.5,333620795840
2021-10-06,032300,한국파마,A,C,실행,-12.0,47900.0,-16.0,일240,9.5,목표,1,3.1,642404688900
2021-10-06,200670,휴메딕스,A,A,실행,-12.0,29200.0,-13.7,일240,8.0,목표,5,-18.7,339519155700
2021-10-06,205470,휴마시스,A,A,실행,-12.0,12500.0,-15.0,일240,8.8,목표,1,44.0,513357225000
2021-10-06,086890,이수앱지스,A,C,실행,-12.0,11000.0,-17.0,주60주,10.2,목표,2,-10.9,447966018000
2021-10-06,047920,HLB제약,A,A,실행,-12.0,18300.0,-12.4,월10,7.1,목표,1,-23.0,478457369400
2021-10-06,299660,셀리드,A,B,실행,-12.0,69000.0,-18.7,주60주,11.5,목표,2,-23.6,861210492000
2021-10-05,138610,나이벡,A,B,주의,-10.4,33800.0,-13.2,주60주,-7.4,손절,17,-27.2,385721032050
2021-10-05,112610,씨에스윈드,A,C,주의,-10.4,68000.0,-12.5,주60주,7.1,목표,7,-15.9,3276718013100
2021-10-05,299660,셀리드,A,A,주의,-10.4,73400.0,-17.1,일240,10.3,목표,3,-29.7,861210492000
2021-10-05,003280,흥아해운,A,C,주의,-10.4,3175.0,-22.4,월10,-8.0,손절,1,-18.0,978021364520
2021-10-01,011200,HMM,B,B,주의,-8.7,31800.0,-13.6,월10,-4.7,손절,1,-25.8,13661726811900
2021-10-01,003280,흥아해운,A,B,주의,-8.7,3785.0,-16.3,일240,-6.6,손절,1,-31.3,978021364520
2021-09-30,011200,HMM,B,C,주의,-7.2,33700.0,-11.7,월10,-7.2,손절,1,-26.6,13661726811900
2021-09-28,297890,HB솔루션,A,A,주의,-6.3,19550.0,-14.6,월10,-6.2,손절,1,0.0,389304565650
2021-09-28,095660,네오위즈,A,B,주의,-6.3,24100.0,-15.1,월10,-5.8,손절,3,11.6,640079536950
2021-09-27,095660,네오위즈,A,C,주의,-5.2,26300.0,-12.2,주60주,-8.2,손절,1,2.7,640079536950
2021-09-17,006400,삼성SDI,B,C,관찰만,-5.0,725000.0,-3.3,월10,4.4,만기,40,4.4,54530272290000
2021-09-14,035720,카카오,B,C,관찰만,-4.7,124000.0,-4.6,월10,-8.2,손절,11,2.8,68929606700000
2021-09-07,001470,삼부토건,A,C,관찰만,-3.6,2815.0,-14.2,주60주,-7.5,손절,3,-30.0,409888176640
2021-09-06,064760,티씨케이,A,C,관찰만,-3.1,135000.0,-20.6,주60주,-5.1,손절,3,-7.4,1982415000000
2021-09-06,007700,F&F홀딩스,A,B,관찰만,-3.1,39300.0,-13.4,일240,-6.5,손절,8,16.2,340497740000
2021-09-01,052400,코나아이,A,C,관찰만,-3.0,33000.0,-15.8,주60주,9.4,목표,2,1.7,532121835600
2021-08-30,033310,엠투엔,A,C,관찰만,-4.9,15700.0,-13.0,주60주,-8.2,손절,2,-29.0,435632234200
2021-08-23,007690,국도화학,A,B,주의,-6.5,65800.0,-22.5,월10,14.5,목표,8,7.8,551427458400
2021-08-20,122450,KX,A,C,주의,-7.4,9680.0,-12.0,주60주,6.8,목표,1,-6.5,512296393200
2021-08-20,043610,KT지니뮤직,A,B,주의,-7.4,5240.0,-12.1,일240,6.9,목표,1,11.1,362640333120
2021-08-19,053280,예스24,A,B,주의,-6.3,14000.0,-13.8,월10,-5.0,손절,1,-28.9,375000000000
2021-08-18,081660,미스토홀딩스,A,A,관찰만,-4.4,46250.0,-15.9,일240,-5.4,손절,7,-20.8,3171265988400
2021-08-17,121600,나노신소재,A,C,관찰만,-4.9,33900.0,-13.1,일240,7.5,목표,2,41.7,400303487700
2021-07-22,170900,동아에스티,A,B,관찰만,-1.7,83900.0,-15.4,월10,-5.0,손절,17,-8.2,726172648000
2021-07-19,003850,보령,A,A,관찰만,-1.9,19200.0,-16.9,주60주,-6.0,손절,4,-11.5,1230032000000
2021-07-16,084990,헬릭스미스,A,B,관찰만,-0.9,28100.0,-15.5,월10,-5.8,손절,20,-11.6,1086223133800
2021-07-16,131370,알서포트,A,C,관찰만,-0.9,10450.0,-14.0,월10,-5.7,트레일,7,-22.8,505504617670
2021-07-08,003090,대웅,A,C,관찰만,-1.6,38500.0,-13.1,월10,-7.9,트레일,13,-5.3,2718137565000
2021-06-01,006400,삼성SDI,B,C,관찰만,-0.8,616000.0,-3.7,월10,15.6,목표,22,23.4,42290185950000
2021-05-31,086520,에코프로,A,B,관찰만,-1.4,48950.0,-34.6,일240,-7.6,손절,7,45.0,915432893650
2021-05-27,049950,미래컴퍼니,A,B,관찰만,-2.6,33100.0,-12.1,주60주,-5.4,손절,31,-3.2,316095166800
2021-05-21,139670,키네마스터,A,C,관찰만,-2.9,21300.0,-23.9,주60주,-6.8,손절,1,31.2,731500578000
2021-05-20,139670,키네마스터,A,B,관찰만,-2.7,22450.0,-43.9,주60주,-8.9,트레일,2,26.1,731500578000
2021-05-18,156100,엘앤케이바이오,A,A,관찰만,-2.3,23450.0,-30.1,일240,-5.3,손절,1,-14.1,592628877750
2021-05-14,225570,넥슨게임즈,A,A,관찰만,-3.0,10450.0,-19.0,주60주,11.7,목표,21,18.2,377947667700
2021-05-13,253840,수젠텍,A,C,관찰만,-3.9,25650.0,-13.8,주60주,-5.2,손절,2,2.1,500910136500
2021-05-13,000210,DL,A,B,관찰만,-3.9,82800.0,-18.0,주60주,-5.9,손절,28,-6.6,1460743385200
2021-05-07,010140,삼성중공업,A,B,관찰만,-0.7,6010.0,-16.1,주60주,9.6,목표,16,16.1,4725000000000
2021-05-06,010140,삼성중공업,A,A,관찰만,-1.3,6000.0,-19.0,주60주,11.7,목표,17,16.5,4725000000000
2021-05-04,336260,두산퓨얼셀,A,B,관찰만,-2.3,39250.0,-13.0,주60주,7.5,목표,3,27.9,2953767042600
2021-05-04,253840,수젠텍,A,A,관찰만,-2.3,27350.0,-16.5,일240,9.9,목표,3,-15.4,500910136500
2021-05-04,206640,바디텍메드,A,C,관찰만,-2.3,21300.0,-13.1,주60주,7.5,목표,1,8.9,575420720000
2021-05-04,243070,휴온스,A,C,관찰만,-2.3,64100.0,-15.2,월10,9.0,목표,3,-2.0,820991127600
2021-05-04,109820,진매트릭스,A,C,관찰만,-2.3,14750.0,-21.5,주60주,-9.2,손절,3,-13.6,383400432000
2021-05-04,034020,두산에너빌리티,B,C,관찰만,-2.3,12650.0,-9.3,월10,15.8,목표,12,96.4,5893615320750
2021-05-03,109820,진매트릭스,A,A,관찰만,-2.9,15650.0,-25.8,주60주,-6.2,손절,1,-17.9,383400432000
2021-05-03,206640,바디텍메드,A,C,관찰만,-2.9,21800.0,-17.7,주60주,-5.0,손절,1,4.4,575420720000
2021-05-03,003090,대웅,A,B,관찰만,-2.9,33400.0,-12.5,일240,-6.1,손절,1,40.0,2110553874000
2021-04-29,095700,제넥신,A,B,관찰만,-1.4,104000.0,-14.0,주60주,-5.2,손절,2,-14.2,2365684362000
2021-04-28,019170,신풍제약,A,C,관찰만,-1.2,80000.0,-15.3,주60주,-5.0,손절,1,14.1,4509022649000
2021-04-28,192820,코스맥스,A,C,관찰만,-1.2,111500.0,-16.8,일240,10.1,목표,2,12.1,1226040098000
2021-04-27,019170,신풍제약,A,C,관찰만,-0.2,80500.0,-19.4,주60주,-5.5,손절,2,-0.7,4509022649000
2021-04-26,065660,안트로젠,A,A,관찰만,-0.1,57200.0,-13.3,월10,-5.1,손절,4,14.0,446037842700
2021-03-31,069260,TKG휴켐스,A,C,관찰만,-4.6,21800.0,-15.2,월10,0.0,만기,40,0.0,891153218400
2021-03-24,053800,안랩,A,C,실행,-6.6,62100.0,-17.0,주60주,10.2,목표,7,8.4,879216469000
2021-03-23,078590,휴림에이텍,A,C,실행,-6.4,3890.0,-13.5,주60주,7.8,목표,1,-26.1,345601156430
2021-03-19,185750,종근당,A,B,실행,-5.3,152000.0,-22.1,일240,-6.2,손절,3,-15.1,1953862929000
2021-03-10,049950,미래컴퍼니,A,B,실행,-7.8,31950.0,-14.0,주60주,8.1,목표,27,18.5,331983548200
2021-03-09,068760,셀트리온제약,B,C,실행,-7.3,147900.0,-6.3,월10,-6.5,손절,36,-12.0,5504205109800
2021-03-09,185750,종근당,A,B,실행,-7.3,160000.0,-15.3,월10,9.1,목표,6,-20.3,1953862929000
2021-03-09,175250,아이큐어,A,B,실행,-7.3,45650.0,-17.6,일240,-6.5,손절,2,-2.7,396348172500
2021-03-09,091990,091990,B,C,실행,-7.3,120700.0,-6.6,월10,1.4,트레일,33,-8.7,19087575435200
2021-03-08,065660,안트로젠,A,B,실행,-6.6,50200.0,-12.4,주60주,-5.4,손절,23,-1.2,556524280800
2021-02-23,065680,우주일렉트로,A,B,주의,-4.3,27000.0,-12.6,일240,-7.2,손절,2,8.9,396872089000
2021-02-22,065680,우주일렉트로,A,B,주의,-4.0,28300.0,-13.1,월10,-5.0,손절,1,3.0,396872089000
2021-02-22,096530,씨젠,A,B,주의,-4.0,153900.0,-15.3,주60주,-5.2,손절,1,35.9,4328613300000
2021-02-16,078590,휴림에이텍,A,C,주의,-1.4,3980.0,-16.6,주60주,9.9,목표,1,-50.4,401495648700
2021-02-10,060250,NHN KCP,A,B,주의,-3.4,52000.0,-13.0,주60주,-6.9,트레일,8,-1.3,1348420769100
2021-02-01,900140,엘브이엠씨홀딩스,A,B,주의,-4.8,3865.0,-12.8,월10,7.3,목표,3,0.5,361855446810
2021-01-29,097780,에코볼트,A,B,실행,-7.3,1500.0,-16.4,일240,9.8,목표,13,-2.3,391718403000
2021-01-29,026890,스틱인베스트먼트,A,A,실행,-7.3,10950.0,-13.8,주60주,8.0,목표,2,16.0,456376016250
2021-01-18,010950,S-Oil,B,C,주의,-4.4,72300.0,-6.9,주60주,-8.1,손절,10,13.3,7790729206400
2021-01-15,025320,시노펙스,A,C,주의,-2.1,4065.0,-12.8,월10,7.3,목표,7,-7.3,308719067970
2021-01-12,096530,씨젠,B,B,주의,-0.8,180600.0,-3.2,월10,-3.5,손절,4,-27.9,5063165860000
2021-01-11,196170,알테오젠,B,C,주의,-0.1,156000.0,-6.6,월10,-7.5,손절,5,-10.1,5046497130000
2021-01-05,096530,씨젠,B,B,관찰만,0.0,184000.0,-4.7,월10,-5.3,손절,9,-33.2,5063165860000
2021-01-04,096530,씨젠,B,B,관찰만,0.0,183800.0,-7.8,월10,-3.5,손절,10,-31.2,5063165860000
2020-12-21,003620,KG모빌리티,A,A,관찰만,0.0,2770.0,-23.3,주60주,-5.4,손절,1,-46.2,579131607730
2020-11-24,001630,종근당홀딩스,A,C,주의,0.0,104000.0,-20.3,주60주,12.7,목표,9,13.5,486958489200
2020-11-23,086900,메디톡스,A,B,주의,0.0,215000.0,-14.5,일240,8.5,목표,16,-39.5,1104632575200
2020-11-17,082270,젬백스,A,A,주의,-0.2,24000.0,-13.4,월10,7.7,목표,3,5.4,847382305600
2020-11-17,253840,수젠텍,A,B,주의,-0.2,24400.0,-17.1,일240,10.3,목표,2,-28.7,514388341300
2020-11-11,036570,NC,B,C,주의,0.0,801000.0,-5.1,월10,13.0,목표,33,22.1,17036321072000
2020-11-06,045390,대아티아이,A,B,주의,-1.1,5850.0,-13.2,월10,-6.9,트레일,33,7.2,408409736280
2020-10-30,267270,HD건설기계,A,B,주의,-7.2,24800.0,-12.1,주60주,6.9,목표,2,29.4,488579666400
2020-10-27,005690,파미셀,A,C,관찰만,-4.6,16200.0,-13.4,일240,7.7,목표,3,12.3,1082259047500
2020-10-19,005690,파미셀,A,A,관찰만,-4.0,15600.0,-13.1,일240,7.5,목표,2,34.9,1082259047500
2020-10-16,026890,스틱인베스트먼트,A,B,관찰만,-4.2,10800.0,-20.6,월10,-7.6,손절,6,-14.0,664766891250
2020-10-16,005690,파미셀,A,B,관찰만,-4.2,15900.0,-14.7,일240,8.6,목표,5,29.9,1082259047500
2020-10-15,026890,스틱인베스트먼트,A,B,주의,-3.4,10900.0,-23.0,월10,-8.9,손절,7,-15.4,664766891250
2020-10-15,091990,091990,B,C,주의,-3.4,87900.0,-3.9,월10,30.3,목표,29,78.5,13309318849400
2020-09-23,028300,HLB,A,A,관찰만,-4.5,105300.0,-12.5,일240,-5.2,손절,1,-10.2,4570431432000
2020-09-23,016380,KG스틸,A,B,관찰만,-4.5,10000.0,-17.4,일240,-5.2,손절,1,-10.0,1200106764000
2020-09-23,096770,SK이노베이션,B,C,관찰만,-4.5,148000.0,-6.0,주60주,-10.1,손절,19,8.1,13407506780000
2020-09-01,096770,SK이노베이션,B,C,주의,-3.6,148500.0,-5.4,주60주,-5.8,트레일,17,-17.5,13407506780000
2020-09-01,140410,메지온,A,A,주의,-3.6,168700.0,-25.0,월10,-5.9,손절,9,6.1,1481753030400
2020-08-28,151910,151910,A,A,주의,-3.4,4130.0,-13.4,일240,-6.1,손절,5,-16.6,578152599830
2020-08-28,200230,텔콘RF제약,A,A,주의,-3.4,5650.0,-13.3,일240,-5.9,트레일,9,11.5,470429374820
2020-08-20,161390,한국타이어앤테크놀로지,A,B,실행,-6.7,28950.0,-14.0,주60주,8.1,목표,3,15.9,3226945547450
2020-08-19,036830,솔브레인홀딩스,A,B,관찰만,-3.2,48750.0,-15.8,일240,-5.0,손절,1,-10.5,1668494188900
2020-08-18,028300,HLB,A,C,관찰만,-3.7,85500.0,-16.4,주60주,9.8,목표,1,4.4,4401936264000
2020-08-18,036830,솔브레인홀딩스,A,C,관찰만,-3.7,51700.0,-15.9,월10,-8.3,손절,2,-16.8,1668494188900
2020-08-18,067630,HLB생명과학,A,C,관찰만,-3.7,17050.0,-18.2,주60주,11.1,목표,10,40.8,786076565100
2020-08-18,032830,삼성생명,A,B,관찰만,-3.7,59100.0,-17.8,일240,10.8,목표,10,2.4,9510000000000
2020-08-10,069620,대웅제약,A,A,관찰만,0.0,118500.0,-12.2,월10,-5.2,손절,5,-8.9,1274523250000
2020-06-16,950180,950180,A,B,실행,-5.7,16100.0,-28.0,월10,-7.7,손절,4,-21.4,354891330000
2020-06-15,006650,대한유화,A,C,실행,-10.4,106500.0,-12.3,월10,7.0,목표,1,11.7,845000000000
2020-06-15,042670,042670,A,C,실행,-10.4,5760.0,-12.2,주60주,6.9,목표,1,36.3,1082438650800
2020-06-15,095610,테스,A,B,실행,-10.4,19700.0,-13.0,주60주,7.5,목표,2,28.9,445773496300
2020-06-15,030530,원익홀딩스,A,C,실행,-10.4,4160.0,-14.0,주60주,8.1,목표,1,13.8,337143787065
2020-06-15,066970,엘앤에프,A,C,실행,-10.4,21150.0,-15.7,월10,9.3,목표,2,115.1,584306004400
2020-06-15,003220,대원제약,A,C,실행,-10.4,16650.0,-12.8,주60주,7.4,목표,2,29.4,309727125900
2020-06-15,112040,위메이드,A,B,실행,-10.4,29200.0,-12.7,일240,7.3,목표,1,34.2,525840000000
2020-06-15,097520,엠씨넥스,A,B,실행,-10.4,29050.0,-12.9,월10,7.4,목표,3,26.5,571631424000
2020-06-15,001230,동국홀딩스,A,B,실행,-10.4,5840.0,-22.8,주60주,14.7,목표,2,7.9,407020623305
2020-06-15,222800,심텍,A,B,실행,-10.4,9950.0,-14.6,월10,8.5,목표,1,103.5,361544523050
2020-06-15,010140,삼성중공업,A,C,실행,-10.4,6050.0,-12.7,월10,7.3,목표,2,-9.9,3033450000000
2020-06-15,078160,메디포스트,A,C,실행,-10.4,28300.0,-15.0,월10,8.8,목표,2,1.2,440423144400
2020-06-15,074600,원익QnC,A,C,실행,-10.4,11950.0,-13.7,주60주,7.9,목표,2,22.6,369346400000
2020-06-15,082270,젬백스,A,C,실행,-10.4,20550.0,-13.3,주60주,7.7,목표,1,15.3,891233848100
2020-06-15,042660,한화오션,A,B,실행,-10.4,23400.0,-13.3,월10,7.7,목표,2,0.9,2337085393600
2020-06-15,115450,HLB테라퓨틱스,A,B,실행,-10.4,26450.0,-13.3,주60주,7.7,목표,2,3.4,653101738300
2020-05-29,001520,동양,A,B,실행,-10.5,1430.0,-12.0,일240,-5.9,손절,9,-16.1,341318210090
2020-05-12,025980,아난티,A,C,실행,-15.2,10600.0,-13.8,월10,-5.8,트레일,20,-2.4,846450040000
2020-04-28,016380,KG스틸,A,C,실행,-14.7,11250.0,-20.2,월10,12.7,목표,3,8.9,680060499600
2020-04-27,016380,KG스틸,A,C,실행,-15.2,12250.0,-16.9,일240,10.2,목표,4,0.4,680060499600
2020-04-21,003060,에이프로젠바이오로직스,A,A,실행,-17.1,1310.0,-19.9,일240,12.4,목표,3,47.7,404777699400
2020-04-13,200230,텔콘RF제약,A,C,실행,-19.5,5130.0,-12.2,월10,6.9,목표,1,-6.5,544920208920
2020-04-03,005180,빙그레,A,C,실행,-23.9,52400.0,-16.3,월10,9.7,목표,14,26.5,474829816200
2020-04-02,068270,셀트리온,A,A,실행,-23.9,195000.0,-14.8,주60주,8.7,목표,1,16.7,29391375751000
2020-04-02,174900,앱클론,A,A,실행,-23.9,41600.0,-16.4,주60주,9.8,목표,3,27.6,357006000000
2020-03-19,060720,KH바텍,A,C,실행,-35.7,12800.0,-26.9,주60주,18.4,목표,1,71.5,466141371300
2020-03-19,207940,삼성바이오로직스,A,A,실행,-35.7,366000.0,-12.3,월10,7.0,목표,1,63.9,30667477500000
2020-03-19,003800,에이스침대,A,C,실행,-35.7,32000.0,-14.0,주60주,8.1,목표,1,49.8,476315500000
2020-03-19,006280,녹십자,A,C,실행,-35.7,111000.0,-13.3,월10,7.7,목표,6,34.2,1326422063000
2020-03-19,091990,091990,A,A,실행,-35.7,57200.0,-13.2,일240,7.6,목표,1,60.0,9327752056800
2020-03-19,131970,두산테스나,A,A,실행,-35.7,46000.0,-17.4,일240,-3.8,트레일,2,51.7,434975000000
2020-03-19,086450,동국제약,A,B,실행,-35.7,66900.0,-15.0,주60주,8.8,목표,1,51.0,743371200000
2020-03-19,213420,덕산네오룩스,A,B,실행,-35.7,20700.0,-31.1,주60주,22.6,목표,1,64.7,793530896600
2020-03-19,028300,HLB,A,B,실행,-35.7,80800.0,-12.1,주60주,6.9,목표,1,25.1,4158015256500
2020-03-19,097520,엠씨넥스,A,C,실행,-35.7,23500.0,-14.9,주60주,-5.1,트레일,2,44.3,582349513200
2020-03-19,082270,젬백스,A,C,실행,-35.7,19500.0,-18.6,주60주,-8.9,손절,1,29.2,1077989357500
2020-03-17,000250,삼천당제약,A,B,실행,-26.2,34200.0,-15.9,월10,-11.0,트레일,2,8.6,873179613500
2020-03-16,026890,스틱인베스트먼트,A,C,실행,-24.4,5300.0,-16.3,월10,-5.0,손절,1,85.5,400944043500
2020-03-16,237690,에스티팜,A,C,실행,-24.4,22900.0,-24.0,주60주,15.8,목표,1,59.2,539158400000
2020-03-16,000990,DB하이텍,A,B,실행,-24.4,18950.0,-14.4,월10,-5.7,손절,1,50.9,1056686394400
2020-03-16,011790,SKC,A,C,실행,-24.4,39750.0,-13.3,주60주,-5.0,손절,1,28.3,1929276127000
2020-03-16,097520,엠씨넥스,A,B,실행,-24.4,27050.0,-15.3,월10,-5.2,손절,1,10.7,582349513200
2020-03-16,035600,KG이니시스,A,C,실행,-24.4,14750.0,-12.7,주60주,-5.0,손절,1,73.6,555298236600
2020-03-16,268600,268600,A,B,실행,-24.4,51000.0,-17.1,월10,-6.3,손절,1,64.5,588072046400
2020-03-16,008350,남선알미늄,A,C,실행,-24.4,3265.0,-13.5,주60주,-5.0,손절,1,62.3,414824273850
2020-03-16,078130,국일제지,A,B,실행,-24.4,4230.0,-13.8,주60주,-6.2,손절,1,42.8,607767541395
2020-03-13,035600,KG이니시스,A,A,실행,-21.9,15550.0,-12.9,일240,-8.3,트레일,2,65.9,555298236600
2020-03-13,237880,클리오,A,C,실행,-21.9,18450.0,-14.4,주60주,-5.8,트레일,2,18.2,390261585000
2020-03-13,001820,삼화콘덴서,A,C,실행,-21.9,46000.0,-15.4,월10,-7.6,트레일,2,7.4,607068000000
2020-03-13,008350,남선알미늄,A,B,실행,-21.9,3400.0,-14.0,주60주,8.2,목표,1,47.6,414824273850
2020-03-13,285130,SK케미칼,A,C,실행,-21.9,52500.0,-12.4,월10,7.0,목표,1,80.6,675130270000
2020-03-13,032500,케이엠더블유,A,B,실행,-21.9,43300.0,-12.5,주60주,-6.5,트레일,2,31.9,1937285957950
2020-03-13,095660,네오위즈,A,B,실행,-21.9,15000.0,-15.5,주60주,-5.3,트레일,2,56.3,365980633600
2020-03-13,268600,268600,A,A,실행,-21.9,57900.0,-14.0,일240,-11.2,손절,1,44.2,588072046400
2020-03-13,074600,원익QnC,A,C,실행,-21.9,12000.0,-12.4,월10,-8.0,트레일,2,2.5,369346400000
2020-03-13,078130,국일제지,A,A,실행,-21.9,4305.0,-16.9,주60주,-6.2,트레일,2,42.4,607767541395
2020-03-13,003060,에이프로젠바이오로직스,A,A,실행,-21.9,1270.0,-14.5,월10,-5.4,트레일,2,66.1,370945533480
2020-03-13,084680,이월드,A,C,실행,-21.9,3340.0,-16.8,주60주,-5.9,트레일,2,23.4,367470181820
2020-03-13,240810,원익IPS,A,C,실행,-21.9,26500.0,-13.5,주60주,-5.9,트레일,2,21.7,1528963516150
2020-03-13,214450,파마리서치,A,C,실행,-21.9,35250.0,-13.0,월10,-9.6,트레일,2,32.2,388895704500
2020-03-13,095610,테스,A,A,실행,-21.9,19350.0,-14.4,월10,-6.8,트레일,2,3.6,419086391200
2020-03-12,095660,네오위즈,A,C,실행,-19.1,16300.0,-13.3,월10,-8.6,손절,1,34.0,365980633600
2020-03-12,074600,원익QnC,A,A,실행,-19.1,12650.0,-13.9,월10,-6.8,손절,1,0.8,369346400000
2020-03-12,084680,이월드,A,C,실행,-19.1,3685.0,-15.7,주60주,-7.9,손절,1,12.2,367470181820
2020-03-12,214450,파마리서치,A,B,실행,-19.1,37400.0,-14.9,월10,-6.0,손절,1,31.0,388895704500
2020-03-12,034120,SBS,A,C,실행,-19.1,17950.0,-13.3,월10,-8.2,손절,1,-2.8,394255771200
2020-03-12,039030,이오테크닉스,A,C,실행,-19.1,72400.0,-19.9,주60주,-15.1,손절,1,12.6,1089048220000
2020-03-12,039200,오스코텍,A,B,실행,-19.1,20700.0,-15.5,월10,-8.2,손절,1,22.9,591306297750
2020-03-12,001820,삼화콘덴서,A,A,실행,-19.1,50300.0,-13.3,월10,-6.1,손절,1,0.6,607068000000
2020-03-12,068240,다원시스,A,C,실행,-19.1,14200.0,-12.1,월10,-6.0,손절,1,18.7,430914928000
2020-03-12,140410,메지온,A,C,실행,-19.1,125000.0,-12.5,주60주,-6.1,손절,1,46.8,1217092089600
2020-03-12,003000,부광약품,A,A,실행,-19.1,15800.0,-16.4,일240,-6.1,손절,1,66.1,775469896500
2020-03-12,166090,하나머티리얼즈,A,C,실행,-19.1,14700.0,-12.5,월10,-8.6,손절,1,13.6,314042784000
2020-03-12,026890,스틱인베스트먼트,A,C,실행,-19.1,6330.0,-12.7,주60주,-9.7,손절,1,61.1,400944043500
2020-03-11,048530,인트론바이오,A,C,실행,-15.8,12250.0,-12.5,월10,-7.3,손절,1,11.8,324116046000
2020-03-09,122870,와이지엔터테인먼트,A,C,실행,-13.8,25100.0,-13.7,월10,-6.5,손절,3,21.9,551575412700
2020-03-04,041960,코미팜,A,A,실행,-9.2,18200.0,-13.5,주60주,7.8,목표,2,9.6,1268898843750
2020-03-02,108230,톱텍,A,A,실행,-11.7,9330.0,-21.3,월10,-1.0,트레일,6,106.9,370726638750
2020-02-28,078070,유비쿼스홀딩스,A,C,실행,-12.4,29350.0,-13.2,월10,7.6,목표,1,13.8,548746031800
2020-02-28,265520,AP시스템,A,C,실행,-12.4,26700.0,-12.6,월10,7.2,목표,1,-3.4,386622060900
2020-02-28,046890,서울반도체,A,C,실행,-12.4,14950.0,-12.3,월10,7.0,목표,2,-12.4,871665730000
2020-02-28,044340,위닉스,A,A,실행,-12.4,23050.0,-12.4,월10,-5.7,손절,6,-20.2,411982446250
2020-02-24,206640,바디텍메드,A,C,실행,-8.3,10750.0,-13.7,주60주,7.9,목표,2,85.1,326212733800
2020-02-24,091990,091990,B,C,실행,-8.3,62700.0,-6.1,주60주,12.3,목표,10,29.3,8232684345600
2020-02-24,060570,드림어스컴퍼니,A,B,실행,-8.3,6730.0,-15.5,일240,-6.0,손절,1,-25.8,315572150850
2020-02-06,230360,230360,A,B,주의,-1.7,30600.0,-21.9,일240,-9.6,트레일,8,-14.5,655247001650
2020-02-03,003060,에이프로젠바이오로직스,A,C,실행,-6.5,1255.0,-13.4,월10,7.8,목표,2,27.1,316572409680
2020-02-03,007460,에이프로젠,A,C,실행,-6.5,2460.0,-12.9,월10,7.4,목표,3,-22.4,401223909960
2020-01-31,003060,에이프로젠바이오로직스,A,B,실행,-6.5,1310.0,-14.7,월10,-5.9,손절,1,16.4,316572409680
2020-01-31,011210,현대위아,A,C,실행,-6.5,42850.0,-12.5,주60주,-5.0,손절,1,-40.4,1165309306550
2020-01-30,007570,일양약품,A,B,실행,-5.3,24300.0,-12.4,일240,-6.8,손절,3,30.5,430381723200
2020-01-30,011210,현대위아,A,A,실행,-5.3,45600.0,-14.1,주60주,-5.7,손절,1,-44.5,1365193166600
2020-01-30,003060,에이프로젠바이오로직스,A,C,실행,-5.3,1450.0,-12.9,월10,-9.2,손절,1,-9.0,327447034440
2020-01-29,018290,브이티,A,C,주의,-3.6,9840.0,-12.9,월10,-7.0,트레일,22,-15.1,345162339000
2020-01-28,031430,신세계인터내셔날,A,C,관찰만,-4.0,209000.0,-18.0,주60주,-6.1,트레일,18,-10.3,1567230000000
2020-01-28,008770,호텔신라,A,A,관찰만,-4.0,87000.0,-13.9,주60주,8.0,목표,7,-25.5,3563729386800
2020-01-08,086820,바이오솔루션,A,C,관찰만,-4.3,35250.0,-13.8,월10,-5.6,트레일,6,-25.8,347136883200
2020-01-06,067160,SOOP,A,C,관찰만,-4.2,55400.0,-15.7,주60주,9.3,목표,19,7.9,791989446300
2019-12-04,011160,011160,A,C,주의,-8.0,1290.0,-12.8,월10,7.4,목표,1,4.7,526185890450
2019-12-03,011160,011160,A,B,주의,-7.3,1320.0,-17.2,월10,-5.0,트레일,5,1.9,526185890450
2019-11-29,006120,SK디스커버리,A,A,주의,-7.1,26450.0,-18.7,주60주,-5.6,손절,4,-11.9,503551264750
2019-11-28,200230,텔콘RF제약,A,A,주의,-5.8,7260.0,-12.0,주60주,-5.4,손절,5,-30.4,549369014720
2019-10-07,000270,기아,B,C,실행,-14.2,42850.0,-3.3,월10,0.4,만기,40,0.4,18484568623200
2019-10-07,002100,경농,A,C,실행,-14.2,13250.0,-15.3,주60주,-6.4,손절,32,-12.1,335137537500
2019-08-19,025540,한국단자,A,C,실행,-17.6,49200.0,-19.6,주60주,-9.0,손절,5,-0.5,692597500000
2019-08-12,200130,콜마비앤에이치,A,B,실행,-17.5,24300.0,-12.4,일240,-6.2,손절,2,8.2,827219624000
2019-08-06,047310,파워로직스,A,B,실행,-18.6,8700.0,-13.0,월10,7.5,목표,1,12.4,351094016400
2019-08-06,237880,클리오,A,C,실행,-18.6,15900.0,-12.2,월10,6.9,목표,1,16.0,318996426000
2019-08-06,218410,RFHIC,A,C,실행,-18.6,25000.0,-12.9,주60주,7.4,목표,2,60.8,693909899200
2019-08-06,081000,일진다이아,A,C,실행,-18.6,26850.0,-16.5,주60주,9.9,목표,2,11.4,347925528750
2019-08-06,095610,테스,A,C,실행,-18.6,14450.0,-13.2,월10,7.6,목표,2,37.0,322222083800
2019-07-29,002150,도화엔지니어링,A,C,실행,-13.8,8750.0,-13.8,주60주,-5.0,손절,5,26.9,375978000000
2019-07-18,039560,다산네트웍스,A,A,실행,-12.3,7580.0,-19.3,월10,-5.8,손절,3,28.0,321996821400
2019-07-18,237880,클리오,A,B,실행,-12.3,17500.0,-12.9,일240,7.4,목표,5,15.4,375838874250
2019-07-09,070960,모나용평,A,B,실행,-12.9,7140.0,-12.4,일240,7.1,목표,2,-8.5,376883997390
2019-07-09,000990,DB하이텍,A,B,실행,-12.9,13100.0,-14.4,월10,8.4,목표,4,16.8,654879173000
2019-07-08,095610,테스,A,C,실행,-12.4,14300.0,-15.6,월10,9.3,목표,3,5.2,326175729000
2019-07-05,038540,상상인,A,C,주의,-10.4,18400.0,-18.2,월10,11.1,목표,6,-33.7,1041892668850
2019-06-24,002320,한진,A,C,실행,-12.3,35000.0,-12.6,주60주,7.2,목표,2,-16.9,556222771200
2019-06-18,002210,동성제약,A,B,실행,-15.1,20700.0,-12.5,주60주,7.1,목표,2,-23.4,443728233000
2019-06-07,041960,코미팜,A,A,실행,-16.4,25250.0,-12.6,주60주,-5.5,손절,1,-24.8,1257233534450
2019-05-30,009240,한샘,A,A,실행,-17.8,80200.0,-12.2,월10,-6.8,손절,7,-15.5,2423994584000
2019-05-28,023590,다우기술,A,C,실행,-17.4,20200.0,-17.2,월10,10.4,목표,15,3.2,993795566550
2019-05-27,112040,위메이드,A,C,실행,-17.5,34000.0,-14.6,월10,-8.0,트레일,26,-14.9,806400000000
2019-05-24,112040,위메이드,A,C,실행,-17.5,34800.0,-17.7,월10,-8.1,손절,25,-19.5,806400000000
2019-05-17,281820,케이씨텍,A,B,실행,-17.1,14300.0,-18.1,월10,-6.0,손절,4,14.0,394802866000
2019-05-09,213420,덕산네오룩스,A,C,실행,-16.4,15100.0,-14.0,일240,-5.0,손절,8,13.9,411771705800
2019-05-07,035250,강원랜드,B,C,실행,-13.5,33100.0,-3.1,월10,-8.9,만기,40,-8.9,7273977000000
2019-03-29,041960,코미팜,A,C,실행,-14.9,22950.0,-12.9,월10,-6.4,손절,16,-5.2,1332725617350
2019-03-12,122870,와이지엔터테인먼트,A,B,실행,-14.2,35900.0,-17.0,주60주,-6.2,트레일,7,-6.1,764709063450
2019-03-08,011690,와이투솔루션,A,C,실행,-15.0,7800.0,-22.0,월10,-0.9,트레일,7,0.3,551479823000
2019-03-07,011690,와이투솔루션,A,C,실행,-13.9,9000.0,-13.5,일240,-8.6,손절,1,-9.6,551479823000
2019-03-04,017800,현대엘리베이터,A,C,실행,-12.9,90200.0,-22.9,주60주,-7.0,손절,3,-4.7,2588182749800
2019-03-04,006390,006390,A,C,실행,-12.9,41800.0,-18.2,주60주,-7.6,트레일,17,-6.3,739889717600
2019-03-04,038500,삼표시멘트,A,C,실행,-12.9,4140.0,-13.4,주60주,-8.2,손절,4,-10.6,461099058035
2019-03-04,045390,대아티아이,A,B,실행,-12.9,7050.0,-24.4,일240,-10.9,손절,4,-13.3,520117625820
2019-03-04,064350,현대로템,A,C,실행,-12.9,24050.0,-18.5,주60주,-5.2,손절,3,-9.4,2201500000000
2019-03-04,011760,현대코퍼레이션,A,C,실행,-12.9,25850.0,-17.0,주60주,-6.3,손절,5,-9.7,357182082000
2019-03-04,000720,현대건설,A,B,실행,-12.9,54300.0,-12.7,주60주,-5.3,손절,4,-2.2,6369549758000
2019-01-11,033180,033180,A,C,실행,-20.1,12400.0,-13.3,주60주,-8.1,손절,6,1.6,656688119000
2019-01-04,002390,한독,A,C,실행,-22.6,28000.0,-13.2,월10,7.6,목표,2,7.9,422540463100
2018-12-28,004800,효성,A,B,실행,-21.4,50000.0,-16.0,일240,-5.3,손절,2,53.8,689757550000
2018-12-17,000250,삼천당제약,A,B,실행,-20.3,36950.0,-12.1,주60주,-6.4,트레일,13,30.7,909654204950
2018-11-23,020150,롯데에너지머티리얼즈,A,B,실행,-20.8,40950.0,-13.9,주60주,-7.2,손절,3,-6.3,2095737450750
2018-11-16,002310,아세아제지,A,B,실행,-19.5,30250.0,-14.3,일240,8.3,목표,4,4.5,322881897100
2018-11-12,031390,031390,A,B,실행,-19.9,51900.0,-12.6,월10,7.2,목표,2,-8.5,614036797500
2018-11-12,028300,HLB,A,B,실행,-19.9,79100.0,-17.9,일240,10.9,목표,8,-6.1,3386254850000
2018-10-29,005690,파미셀,A,C,실행,-23.2,11100.0,-15.9,주60주,-5.0,손절,1,-0.9,992320622500
2018-10-29,127160,127160,A,B,실행,-23.2,3245.0,-35.1,주60주,-5.8,손절,1,3.2,309096242700
2018-10-29,004980,성신양회,A,B,실행,-23.2,8050.0,-12.9,주60주,7.4,목표,1,46.6,307308569600
2018-10-29,006390,006390,A,B,실행,-23.2,34350.0,-15.4,주60주,9.1,목표,1,24.9,965292134400
2018-10-29,048410,현대바이오,A,B,실행,-23.2,6060.0,-12.2,월10,6.9,목표,3,-13.7,311502677600
2018-10-29,045390,대아티아이,A,C,실행,-23.2,5200.0,-17.2,일240,10.4,목표,1,65.4,604787937000
2018-10-29,006490,프리티,A,C,실행,-23.2,5660.0,-13.1,주60주,-6.0,손절,1,-17.1,833530980560
2018-10-29,067160,SOOP,A,C,실행,-23.2,28900.0,-12.0,주60주,6.8,목표,1,38.9,411512658600
2018-10-26,011690,와이투솔루션,A,C,실행,-22.0,6910.0,-14.3,주60주,-5.1,손절,1,-8.0,517750771520
2018-10-25,007700,F&F홀딩스,A,A,실행,-20.6,58000.0,-19.3,일240,-8.6,손절,1,-29.1,1298220000000
2018-10-25,012510,012510,A,C,실행,-20.6,43600.0,-12.1,주60주,6.9,목표,2,16.1,1813001970000
2018-10-25,227840,현대코퍼레이션홀딩스,A,C,실행,-20.6,18400.0,-29.2,주60주,-7.1,손절,1,-12.8,334000681200
2018-10-24,227840,현대코퍼레이션홀딩스,A,A,실행,-19.3,19300.0,-29.4,주60주,-6.1,손절,1,-17.4,334000681200
2018-10-24,078600,대주전자재료,A,B,실행,-19.3,18550.0,-12.3,주60주,-5.0,손절,2,-15.1,391427952500
2018-10-24,033180,033180,A,C,실행,-19.3,11950.0,-14.3,월10,-5.4,손절,1,-1.3,941970662500
2018-10-12,036460,한국가스공사,B,C,실행,-16.8,57400.0,-4.7,월10,-9.2,손절,9,-11.5,5603399100000
2018-10-12,000720,현대건설,B,A,실행,-16.8,55700.0,-3.5,월10,-5.6,손절,6,2.2,7516514137500
2018-10-11,036460,한국가스공사,B,C,실행,-18.0,58000.0,-7.1,월10,-10.2,손절,10,-13.4,5603399100000
2018-10-11,000720,현대건설,A,B,실행,-18.0,53900.0,-16.4,월10,-5.5,손절,8,2.6,7516514137500
2018-10-11,011760,현대코퍼레이션,A,A,실행,-18.0,26500.0,-21.2,월10,-0.7,트레일,7,10.9,439201671200
2018-10-11,183190,아세아시멘트,A,C,실행,-18.0,115000.0,-15.1,주60주,-5.5,트레일,9,-6.1,560996496000
2018-10-11,003410,003410,A,B,실행,-18.0,5500.0,-12.1,월10,-6.6,트레일,9,8.7,3249894387750
2018-10-11,007630,007630,A,A,실행,-18.0,11650.0,-15.9,주60주,-5.0,손절,1,-44.3,463452237250
2018-10-11,033270,유나이티드제약,A,C,실행,-18.0,26200.0,-14.0,주60주,-5.0,손절,9,-7.4,489461124400
2018-10-08,215600,신라젠,A,C,실행,-13.3,82300.0,-13.6,일240,7.8,목표,3,-5.0,7141584179200
2018-10-04,008770,호텔신라,A,B,실행,-12.5,94800.0,-12.2,일240,-7.1,손절,3,-9.0,4258421128500
2018-10-04,004170,신세계,A,B,실행,-12.5,303500.0,-16.5,주60주,-6.3,손절,4,-4.1,3568878112500
2018-10-02,271980,제일약품,A,B,주의,-11.1,51600.0,-13.0,월10,-6.0,손절,5,-1.6,871998909600
2018-08-28,049950,미래컴퍼니,A,C,주의,-11.4,114600.0,-13.2,월10,-8.6,손절,7,-49.7,1045197366000
2018-08-13,196170,알테오젠,A,C,실행,-13.5,24900.0,-12.2,월10,6.9,목표,3,27.1,367917993000
2018-08-13,166090,하나머티리얼즈,A,B,실행,-13.5,17450.0,-12.1,주60주,6.9,목표,1,-13.5,417849559500
2018-07-26,030790,030790,A,C,주의,-11.9,2470.0,-16.3,주60주,9.7,목표,1,25.7,394326369360
2018-07-24,095700,제넥신,A,A,실행,-12.2,76700.0,-14.5,일240,8.5,목표,6,38.9,1900085720400
2018-07-23,039200,오스코텍,A,B,실행,-12.7,17100.0,-12.3,일240,-6.6,트레일,2,62.0,550465897400
2018-07-23,196170,알테오젠,A,B,실행,-12.7,22800.0,-18.9,일240,-5.0,손절,2,67.5,390675807000
2018-07-20,035760,CJ ENM,A,A,주의,-11.9,223100.0,-14.1,월10,8.2,목표,5,8.6,1685763760800
2018-07-19,035760,CJ ENM,A,B,실행,-12.2,230000.0,-16.3,월10,9.7,목표,16,7.0,1685763760800
2018-07-17,112040,위메이드,A,C,주의,-11.6,40050.0,-19.7,주60주,-4.4,트레일,10,-27.1,798000000000
2018-07-11,051900,LG생활건강,B,C,실행,-12.2,1300000.0,-3.1,월10,-8.5,트레일,23,-4.9,21803003012000
2018-07-10,025980,아난티,A,C,주의,-11.7,7050.0,-13.0,일240,7.4,목표,4,9.1,680793967050
2018-07-03,052690,한전기술,A,C,실행,-12.5,22350.0,-15.7,주60주,9.3,목표,14,-4.7,1012830000000
2018-06-28,123420,위메이드플레이,A,C,주의,-10.9,25300.0,-14.8,주60주,-5.8,손절,5,-4.9,387578601000
2018-06-27,004870,티웨이홀딩스,A,A,주의,-9.9,4625.0,-18.0,월10,-7.4,손절,3,-21.0,464074894560
2018-06-27,168330,내츄럴엔도텍,A,B,주의,-9.9,23050.0,-12.5,월10,7.2,목표,3,-11.5,316615776000
2018-06-19,141080,리가켐바이오,A,C,주의,-9.9,41050.0,-12.0,주60주,6.8,목표,1,-19.1,495606477600
2018-06-19,084110,휴온스글로벌,A,B,주의,-9.9,53600.0,-13.3,일240,7.6,목표,1,1.1,659632556600
2018-06-19,203690,203690,A,B,주의,-9.9,7290.0,-16.2,월10,-6.2,트레일,8,7.3,418355812740
2018-06-19,067290,JW신약,A,C,주의,-9.9,7880.0,-13.1,주60주,-5.0,손절,9,0.1,365390132800
2018-06-19,013030,하이록코리아,A,C,주의,-9.9,25700.0,-13.5,월10,7.8,목표,2,-10.5,409077621600
2018-06-18,018260,삼성에스디에스,A,C,주의,-8.5,195500.0,-14.4,주60주,8.4,목표,29,16.1,16326715800000
2018-06-15,007390,네이처셀,A,C,주의,-7.5,17050.0,-13.0,주60주,-6.4,손절,2,-68.0,1561623770500
2018-06-14,007390,네이처셀,A,B,주의,-6.7,17200.0,-38.6,주60주,-4.3,트레일,3,-67.0,1561623770500
2018-06-05,207940,삼성바이오로직스,B,C,주의,-5.6,421000.0,-6.8,월10,-7.5,손절,8,-10.2,28781775000000
2018-05-25,025980,아난티,A,C,주의,-5.3,7930.0,-22.6,주60주,14.6,목표,1,-9.3,620699699100
2018-05-08,215600,신라젠,A,B,주의,-5.7,65700.0,-20.1,일240,12.6,목표,3,11.4,5835365375300
2018-05-08,039130,하나투어,A,B,주의,-5.7,105000.0,-12.5,월10,-7.7,손절,15,-27.7,1382326015000
2018-05-08,087010,펩트론,A,C,주의,-5.7,51500.0,-21.1,주60주,13.4,목표,12,-1.0,514821969600
2018-05-08,086890,이수앱지스,A,C,주의,-5.7,10100.0,-13.3,월10,7.7,목표,1,-17.8,313950181850
2018-05-08,141080,리가켐바이오,A,B,주의,-5.7,41050.0,-13.7,주60주,7.9,목표,1,-3.9,624803038000
2018-05-04,141080,리가켐바이오,A,A,주의,-5.3,43100.0,-24.3,일240,16.0,목표,14,-11.3,624803038000
2018-05-04,051600,한전KPS,A,B,주의,-5.3,42000.0,-17.6,월10,-5.3,손절,2,-22.1,2281500000000
2018-05-04,087010,펩트론,A,B,주의,-5.3,53300.0,-23.4,주60주,0.9,트레일,27,-7.7,514821969600
2018-05-04,215600,신라젠,B,B,주의,-5.3,75300.0,-12.2,월10,-3.3,손절,1,-1.1,5835365375300
2018-05-02,207940,삼성바이오로직스,B,C,관찰만,-3.6,404000.0,-20.2,월10,-7.5,손절,2,6.2,32288520000000
2018-04-25,108230,톱텍,A,B,주의,-5.7,27750.0,-18.4,주60주,-5.3,손절,3,-11.5,1094981169950
2018-04-13,003560,003560,A,A,주의,-5.5,2215.0,-17.0,일240,-7.0,트레일,19,-6.3,420945141300
2018-04-06,073240,금호타이어,A,B,주의,-6.5,6590.0,-15.3,주60주,-5.9,손절,2,-3.9,729138424170
2018-03-26,085660,차바이오텍,A,C,주의,-6.2,19700.0,-41.8,일240,0.7,트레일,4,1.8,1684067899750
2018-02-07,201490,미투온,A,B,주의,-7.8,8840.0,-15.4,일240,9.1,목표,7,-5.0,322480808000
2018-02-06,064240,홈캐스트,A,A,주의,-5.6,12350.0,-12.7,주60주,-5.3,손절,1,-6.5,452703546650
2018-02-06,115960,115960,A,A,주의,-5.6,30600.0,-12.8,주60주,-10.6,트레일,6,11.8,396736000000
2018-02-05,051910,LG화학,B,C,관찰만,-4.1,390000.0,-6.8,월10,-1.7,만기,40,-1.7,30495892176000
2018-02-02,009150,삼성전기,B,C,관찰만,-2.8,101000.0,-5.2,월10,-7.3,손절,5,2.0,7954878624000
2018-02-01,000070,삼양홀딩스,A,C,관찰만,-1.1,121500.0,-16.5,주60주,-10.8,손절,8,-16.9,1040558926500
2018-01-23,011930,신성이엔지,A,A,관찰만,-0.8,1980.0,-12.4,월10,-7.9,손절,9,-13.6,331282960395
2018-01-23,213420,덕산네오룩스,A,B,관찰만,-0.8,20650.0,-12.1,주60주,-9.1,손절,10,-21.5,590646295200
2018-01-18,108230,톱텍,A,C,관찰만,-1.6,29000.0,-17.0,월10,-7.9,손절,12,8.6,1028236024500
2018-01-11,000660,SK하이닉스,B,C,관찰만,-2.7,72600.0,-5.6,월10,20.8,목표,40,24.0,55692180922500
2018-01-11,023590,다우기술,A,B,관찰만,-2.7,20400.0,-12.3,월10,7.0,목표,2,14.2,863682377250
2017-12-21,102940,코오롱생명과학,A,C,주의,-5.0,126700.0,-15.2,주60주,9.0,목표,2,-26.1,1048019553000
2017-12-19,006800,미래에셋증권,A,C,관찰만,-3.1,9020.0,-13.3,주60주,7.6,목표,12,7.0,6829743182000
2017-12-18,006800,미래에셋증권,A,C,관찰만,-3.0,9000.0,-17.4,주60주,10.6,목표,16,9.2,6829743182000
2017-12-14,082740,한화엔진,A,A,관찰만,-3.5,4045.0,-14.3,월10,-5.6,손절,5,-4.6,346110000000
2017-12-13,194510,194510,A,C,관찰만,-3.0,10700.0,-13.4,주60주,7.7,목표,3,-5.6,302874425000
2017-11-09,080420,모다이노칩,A,C,관찰만,-0.3,10150.0,-14.7,월10,8.6,목표,11,-2.3,488294934750
2017-11-07,005880,대한해운,A,B,관찰만,-0.5,26500.0,-15.6,일240,-5.2,손절,7,-1.3,799968006000
2017-11-06,005880,대한해운,A,B,관찰만,-0.3,26700.0,-18.2,일240,-7.6,트레일,8,-3.0,799968006000
2017-11-01,002790,아모레퍼시픽홀딩스,B,C,관찰만,0.0,144000.0,-6.2,주60주,9.4,목표,5,-2.1,11832748830000
2017-10-23,030520,한컴,A,C,관찰만,0.0,15550.0,-15.0,월10,8.8,목표,17,14.8,401630471400
2017-10-16,141080,리가켐바이오,A,C,관찰만,0.0,30200.0,-13.8,월10,-6.4,손절,3,19.4,337958228650
2017-10-13,086900,메디톡스,A,C,관찰만,-0.0,437600.0,-13.6,주60주,-5.7,손절,9,1.9,2797156557500
2017-09-25,192080,더블유게임즈,A,C,관찰만,-2.9,49700.0,-12.5,월10,7.1,목표,2,11.1,932798035200
2017-09-21,213420,덕산네오룩스,A,B,관찰만,-1.8,19850.0,-15.5,월10,9.2,목표,5,30.0,600250300000
2017-09-06,141080,리가켐바이오,A,A,주의,-5.4,33100.0,-12.4,일240,7.1,목표,6,-2.6,354383297200
2017-08-14,004170,신세계,A,A,관찰만,-4.8,198000.0,-12.2,주60주,-5.1,손절,13,5.3,2343153078000
2017-08-14,181710,NHN,A,A,관찰만,-4.8,61800.0,-16.3,주60주,9.7,목표,18,9.4,1500637417500
2017-08-04,005960,동부건설,A,B,관찰만,-2.3,12450.0,-14.4,월10,8.4,목표,5,-0.8,319722033950
2017-08-01,023530,롯데쇼핑,B,C,관찰만,-1.2,264500.0,-8.0,월10,-9.9,손절,23,-6.8,8282104596000
2017-07-27,001510,SK증권,A,C,관찰만,-0.3,1270.0,-14.8,일240,-5.8,트레일,26,-8.3,518589817020
2017-07-19,006390,006390,A,C,관찰만,0.0,26300.0,-17.3,월10,10.5,목표,1,-7.6,303329646400
2017-07-18,068240,다원시스,A,B,관찰만,0.0,13750.0,-14.1,일240,-6.8,손절,2,-22.2,423985127900
2017-07-13,102940,코오롱생명과학,A,A,관찰만,0.0,137100.0,-21.6,월10,-5.7,손절,6,-5.9,1249708138000
2017-07-12,009540,HD한국조선해양,B,C,관찰만,-0.2,164000.0,-4.4,월10,-4.1,트레일,26,-15.9,10001447689000
2017-07-11,200230,텔콘RF제약,A,C,관찰만,0.0,5900.0,-14.2,일240,8.3,목표,1,-32.5,410744163900
2017-06-16,069620,대웅제약,A,B,관찰만,-0.8,86800.0,-13.2,주60주,-6.0,트레일,20,10.9,1122739117500
2017-05-25,071970,HD현대마린엔진,A,C,관찰만,0.0,14700.0,-29.9,월10,-8.4,손절,1,-21.1,1363993910300
2017-05-15,192820,코스맥스,A,B,관찰만,-0.2,130000.0,-18.0,월10,-5.4,손절,14,-20.8,1427030278000
2017-05-04,063080,컴투스홀딩스,A,B,관찰만,0.0,62500.0,-16.6,일240,-8.8,손절,5,-3.2,493979880800
2017-05-02,005740,크라운해태홀딩스,A,C,관찰만,0.0,30850.0,-13.0,월10,-6.4,트레일,8,-21.6,308790975000
2017-04-18,005740,크라운해태홀딩스,A,B,관찰만,-1.4,33700.0,-16.0,월10,-9.5,손절,4,-23.0,489209968000
2017-02-08,009450,경동나비엔,A,B,관찰만,-1.1,44550.0,-12.3,주60주,-9.5,손절,8,-25.8,612133455500
2017-02-06,065160,065160,A,C,관찰만,-0.5,6250.0,-13.4,월10,7.8,목표,3,-6.1,390765936120
2017-01-26,002620,제일파마홀딩스,A,C,관찰만,-0.2,74200.0,-17.2,주60주,-8.2,손절,1,-12.0,1198395000000
2016-12-29,002780,진흥기업,A,A,관찰만,-2.0,2090.0,-12.7,주60주,-6.0,손절,1,1.0,318854975010
2016-11-21,073240,금호타이어,A,B,관찰만,-5.0,8880.0,-12.5,일240,-6.0,손절,5,-1.1,1619429869500
2016-11-18,073240,금호타이어,A,C,관찰만,-4.6,9320.0,-12.1,월10,-8.2,손절,2,-1.3,1619429869500
2016-11-10,010060,OCI홀딩스,A,C,관찰만,-3.2,83700.0,-17.5,주60주,-5.2,손절,10,-4.1,2158368075500
2016-11-10,020150,롯데에너지머티리얼즈,A,C,관찰만,-3.2,12900.0,-16.0,주60주,-7.6,손절,8,0.8,631120000000
2016-11-09,020150,롯데에너지머티리얼즈,A,A,주의,-5.3,14050.0,-14.3,주60주,-7.0,손절,1,-7.5,631120000000
2016-11-02,012450,한화에어로스페이스,A,A,관찰만,-4.3,48500.0,-24.0,월10,15.8,목표,9,-11.3,3389694000000
2016-10-31,001060,JW중외제약,A,B,관찰만,-2.9,49200.0,-13.7,주60주,-6.9,손절,2,1.6,922139659200
2016-10-31,096760,JW홀딩스,A,C,관찰만,-2.9,9970.0,-21.5,주60주,-6.5,손절,2,-15.0,592634805820
2016-10-28,096760,JW홀딩스,A,C,관찰만,-2.4,10200.0,-25.3,주60주,-6.9,손절,3,-16.1,980789799000
2016-10-25,141080,리가켐바이오,A,C,관찰만,-1.5,30000.0,-12.3,주60주,7.0,목표,2,17.0,397744840350
2016-10-14,018880,한온시스템,B,C,관찰만,-2.2,11450.0,-4.6,월10,-8.4,손절,12,-14.4,6619120000000
2016-10-13,141000,비아트론,A,C,관찰만,-2.6,21300.0,-16.6,주60주,-5.9,손절,3,11.0,338606144500
2016-09-13,020560,아시아나항공,A,C,관찰만,-3.3,4485.0,-13.8,월10,8.0,목표,8,2.6,1047694330050
2016-09-13,067080,대화제약,A,C,관찰만,-3.3,40950.0,-12.4,월10,-8.8,손절,10,-29.1,729910208700
2016-09-13,034220,LG디스플레이,B,C,관찰만,-3.3,27900.0,-4.9,월10,-3.4,만기,40,-3.4,10752361785000
2016-09-12,006910,보성파워텍,A,A,관찰만,-3.6,6500.0,-30.5,일240,-5.8,트레일,4,-31.3,518158324700
2016-09-12,020560,아시아나항공,A,B,관찰만,-3.6,4600.0,-14.5,월10,-1.7,만기,40,-1.7,1047694330050
2016-09-09,006910,보성파워텍,A,B,관찰만,-1.4,6550.0,-50.8,일240,-5.0,손절,1,-31.4,518158324700
2016-08-03,161390,한국타이어앤테크놀로지,B,C,관찰만,-2.8,53000.0,-6.4,월10,7.4,목표,23,12.3,6714028739800
2016-07-21,900100,파이온엑스,A,C,관찰만,-3.6,6220.0,-13.2,주60주,-8.2,트레일,7,-13.5,306814916040
2016-07-20,900100,파이온엑스,A,C,관찰만,-3.5,6280.0,-20.5,주60주,-5.5,손절,5,-14.2,306814916040
2016-07-19,018880,한온시스템,B,C,관찰만,-3.4,10350.0,-5.0,월10,15.9,만기,40,15.9,5604900000000
2016-06-24,141000,비아트론,A,B,주의,-8.6,20350.0,-15.6,일240,-5.5,손절,1,31.2,323005735800
2016-06-10,005490,POSCO홀딩스,B,C,관찰만,-4.3,216500.0,-3.6,주60주,-9.8,손절,10,2.3,18134861680000
2016-06-02,034020,두산에너빌리티,A,A,주의,-6.1,21300.0,-12.2,일240,6.9,목표,4,23.0,2574337708000
2016-05-09,042670,042670,A,C,주의,-8.3,6400.0,-14.8,월10,-8.4,트레일,11,13.7,1624375108620
2016-04-12,051900,LG생활건강,B,C,주의,-8.8,979000.0,-3.9,월10,6.0,목표,8,7.9,14759196165000
2016-02-18,051500,CJ프레시웨이,A,C,실행,-12.2,60000.0,-15.1,주60주,-5.6,손절,3,-8.5,939042452600
2016-02-15,161890,한국콜마,A,B,실행,-14.3,83000.0,-13.9,주60주,-9.7,손절,2,-3.0,2141665326500
2016-02-12,000230,일동홀딩스,A,C,실행,-15.6,23300.0,-16.5,주60주,9.9,목표,17,18.9,715693255750
2016-02-12,192820,코스맥스,A,C,실행,-15.6,157500.0,-13.0,주60주,-8.9,손절,2,-14.6,1682908183000
2016-02-12,001780,알루코,A,B,실행,-15.6,6300.0,-12.0,주60주,6.8,목표,6,4.8,474606456720
2016-02-12,053030,바이넥스,A,A,실행,-15.6,17800.0,-12.1,일240,6.9,목표,2,11.2,576356810400
2016-02-12,102940,코오롱생명과학,A,C,실행,-15.6,165100.0,-18.6,일240,11.4,목표,2,7.8,1461959465000
2016-02-12,039030,이오테크닉스,A,C,실행,-15.6,106000.0,-19.7,월10,12.3,목표,8,10.4,1532601187400
2016-02-12,007570,일양약품,A,B,실행,-15.6,49000.0,-16.2,일240,9.7,목표,26,3.5,1167518819200
2016-02-12,005250,녹십자홀딩스,A,C,실행,-15.6,39600.0,-15.4,월10,9.1,목표,6,-7.3,2257354080000
2016-02-12,096760,JW홀딩스,A,B,실행,-15.6,7540.0,-13.6,일240,7.9,목표,2,18.0,522602865650
2016-02-12,095700,제넥신,A,C,실행,-15.6,79500.0,-19.0,주60주,11.8,목표,2,55.4,850538402900
2016-02-12,002020,코오롱,A,C,실행,-15.6,57400.0,-16.3,주60주,9.8,목표,2,9.8,890115453000
2016-02-12,000990,DB하이텍,A,A,실행,-15.6,12750.0,-12.1,일240,6.9,목표,7,38.4,610057690000
2016-02-12,001060,JW중외제약,A,C,실행,-15.6,33150.0,-15.0,일240,8.8,목표,12,12.4,775946786400
2016-02-12,069620,대웅제약,A,C,실행,-15.6,71700.0,-14.3,주60주,8.4,목표,5,43.7,984858875000
2016-02-12,008930,한미사이언스,B,C,실행,-15.6,133000.0,-15.8,월10,9.4,만기,40,9.4,9122433358500
2016-02-12,068760,셀트리온제약,A,C,실행,-15.6,14400.0,-15.5,주60주,9.2,목표,31,80.2,352503106800
2016-02-12,084990,헬릭스미스,A,A,실행,-15.6,147000.0,-19.1,일240,-3.7,트레일,11,2.7,2735930897900
2016-02-12,085370,085370,A,A,실행,-15.6,46550.0,-14.4,일240,8.4,목표,6,-4.2,583717975500
2016-02-12,001630,종근당홀딩스,A,A,실행,-15.6,96800.0,-15.1,월10,8.9,목표,2,0.1,514943090000
2016-02-12,086900,메디톡스,A,C,실행,-15.6,410000.0,-19.6,주60주,12.2,목표,9,13.0,2903499415500
2016-02-12,083790,CG인바이츠,A,A,실행,-15.6,14550.0,-13.4,월10,7.7,목표,13,-1.0,447333137800
2016-02-12,102460,이연제약,A,B,실행,-15.6,31700.0,-16.1,주60주,9.6,목표,1,-2.2,510195000000
2016-02-12,006280,녹십자,A,C,실행,-15.6,176500.0,-15.6,주60주,9.2,목표,6,1.1,2500919132000
2016-02-12,014820,동원시스템즈,A,B,실행,-15.6,69400.0,-13.9,주60주,8.1,목표,5,12.1,1921548409200
2016-02-12,000070,삼양홀딩스,A,A,실행,-15.6,147500.0,-17.1,주60주,10.3,목표,7,9.2,1498747425000
2016-02-12,009420,한올바이오파마,A,B,실행,-15.6,10550.0,-17.9,일240,10.9,목표,4,56.9,693142468200
2016-02-12,036420,콘텐트리중앙,A,B,실행,-15.6,4365.0,-12.2,주60주,6.9,목표,2,0.0,631942160280
2016-02-12,067290,JW신약,A,A,실행,-15.6,7380.0,-16.8,주60주,10.1,목표,2,36.2,344376529560
2016-02-11,036420,콘텐트리중앙,A,B,실행,-14.3,4600.0,-12.2,일240,-5.2,손절,1,-5.0,631942160280
2016-02-05,027410,BGF,B,A,실행,-11.8,185500.0,-15.3,월10,-7.5,손절,2,3.2,5326402260000
2016-02-03,001040,CJ,B,C,실행,-13.0,281500.0,-3.4,월10,-9.7,손절,3,-30.4,8565321912000
2016-01-12,036490,036490,A,B,실행,-13.0,98700.0,-16.3,주60주,9.7,목표,9,18.4,1227749137200
2015-12-29,047810,한국항공우주,B,C,주의,-9.5,79700.0,-5.1,월10,-9.1,손절,4,-10.8,8178161477300
2015-12-16,053800,안랩,A,B,주의,-9.4,47050.0,-13.5,월10,7.8,목표,3,26.0,457633173500
2015-12-15,010950,S-Oil,B,C,주의,-11.1,71600.0,-4.5,월10,8.4,목표,3,6.8,8353643166400
2015-12-11,053030,바이넥스,A,C,주의,-10.3,14700.0,-13.3,주60주,-5.6,손절,1,23.1,587032512000
2015-12-09,068270,셀트리온,B,C,주의,-10.4,80500.0,-4.1,월10,16.4,목표,18,40.6,9668106065700
2015-12-08,047810,한국항공우주,B,C,주의,-10.3,79500.0,-5.0,월10,-8.4,트레일,18,-11.2,8178161477300
2015-12-02,900050,900050,A,C,주의,-7.6,4200.0,-14.2,주60주,8.3,목표,2,-27.7,471679111255
2015-11-16,027410,BGF,A,C,주의,-10.6,143500.0,-13.6,월10,7.8,목표,6,35.9,4211573880000
2015-11-16,002390,한독,A,C,주의,-10.6,25450.0,-13.1,주60주,7.6,목표,8,17.9,314222296000
2015-11-10,041140,041140,A,B,주의,-8.1,13850.0,-12.1,월10,-6.3,트레일,7,-19.5,495226508000
2015-11-10,052400,코나아이,A,C,주의,-8.1,34050.0,-12.8,주60주,7.3,목표,14,-6.5,570241674700
2015-11-10,000990,DB하이텍,A,B,주의,-8.1,9930.0,-12.5,주60주,7.2,목표,1,46.5,539069158800
2015-11-09,007210,벽산,A,A,주의,-6.8,8300.0,-13.1,월10,7.5,목표,6,-1.6,647206400000
2015-11-09,000990,DB하이텍,A,C,주의,-6.8,10200.0,-15.0,일240,8.8,목표,3,44.1,539069158800
2015-11-02,004000,롯데정밀화학,A,B,주의,-6.4,36100.0,-13.6,주60주,-6.1,손절,7,-1.9,968790000000
2015-11-02,002790,아모레퍼시픽홀딩스,B,A,주의,-6.4,161000.0,-3.6,월10,-4.0,손절,6,-6.5,12846347780000
2015-10-30,002350,넥센타이어,A,C,주의,-6.6,13200.0,-12.6,주60주,-6.0,트레일,23,-6.1,1272689576400
2015-10-27,012630,HDC,A,C,주의,-5.9,48550.0,-14.7,주60주,-10.7,트레일,8,-17.0,4108437810000
2015-10-22,052790,액토즈소프트,A,A,주의,-6.9,36100.0,-12.6,일240,7.2,목표,10,-15.8,447560201000
2015-10-13,090430,아모레퍼시픽,B,C,주의,-7.1,358500.0,-6.2,월10,19.4,목표,36,12.4,22506518650000
2015-10-13,002790,아모레퍼시픽홀딩스,B,C,주의,-7.1,159500.0,-3.9,월10,-7.2,손절,25,-5.6,13005929740000
2015-09-30,047810,한국항공우주,B,B,실행,-9.7,67900.0,-15.9,월10,17.3,트레일,39,25.8,6618559765300
2015-09-11,078520,에이블씨엔씨,A,B,실행,-10.7,25550.0,-14.8,일240,8.7,목표,4,-17.0,410306710600
2015-09-07,002790,아모레퍼시픽홀딩스,B,C,실행,-13.4,156000.0,-5.2,월10,-8.4,손절,1,5.8,13724048560000
2015-09-07,085370,085370,A,B,실행,-13.4,36150.0,-15.0,일240,8.9,목표,2,24.2,465258136300
2015-09-07,092040,아미코젠,A,A,실행,-13.4,69600.0,-15.1,월10,-6.1,손절,1,-2.6,752508260000
2015-09-04,078160,메디포스트,A,A,실행,-13.2,75200.0,-14.5,주60주,8.5,목표,5,28.6,661963754400
2015-09-04,090430,아모레퍼시픽,B,B,실행,-13.2,332000.0,-8.3,월10,-3.5,손절,2,20.5,22126538465000
2015-08-24,097520,엠씨넥스,A,A,실행,-15.8,18950.0,-15.4,월10,9.1,목표,1,60.4,310438521000
2015-08-24,035510,신세계 I&C,A,B,실행,-15.8,130000.0,-14.5,월10,8.5,목표,4,-5.4,304440000000
2015-08-21,031390,031390,A,C,실행,-13.7,36550.0,-15.3,주60주,9.0,목표,2,39.0,542691569600
2015-08-21,029460,케이씨,A,A,실행,-13.7,9400.0,-13.8,월10,8.0,목표,2,13.3,404059946400
2015-08-21,035600,KG이니시스,A,C,실행,-13.7,18250.0,-12.3,주60주,7.0,목표,3,-7.1,592735806300
2015-08-21,066270,066270,A,A,실행,-13.7,7470.0,-13.1,월10,-5.2,손절,1,6.2,421247041000
2015-08-21,017800,현대엘리베이터,A,B,실행,-13.7,58200.0,-13.3,주60주,7.6,목표,1,-17.3,1564711286100
2015-08-20,090430,아모레퍼시픽,B,C,주의,-11.9,340000.0,-6.1,월10,-2.0,트레일,11,8.1,24026439390000
2015-08-20,035600,KG이니시스,A,C,주의,-11.9,19900.0,-14.6,일240,-5.7,손절,1,-13.1,592735806300
2015-08-20,031390,031390,A,B,주의,-11.9,39500.0,-12.2,일240,-5.0,손절,1,28.4,542691569600
2015-08-20,016100,리더스코스메틱,A,C,주의,-11.9,51500.0,-13.9,주60주,8.1,목표,4,-36.3,1327524258000
2015-08-20,065150,대산F&B,A,C,주의,-11.9,3500.0,-13.3,월10,-5.0,손절,1,26.4,304243652355
2015-08-19,000970,한국주철관,A,A,주의,-10.8,11300.0,-13.7,일240,-5.1,손절,2,13.3,336307375000
2015-08-19,069080,웹젠,A,A,주의,-10.8,29350.0,-12.4,월10,-7.1,손절,2,9.5,1140541553200
2015-08-19,054780,키이스트,A,C,주의,-10.8,3420.0,-17.0,주60주,-7.9,손절,2,21.6,335141226630
2015-08-19,007160,사조산업,A,A,주의,-10.8,66000.0,-30.6,일240,-5.3,트레일,3,13.6,502500000000
2015-08-19,019210,와이지-원,A,C,주의,-10.8,11450.0,-13.9,월10,8.1,목표,6,0.0,306168682500
2015-08-19,000320,노루홀딩스,A,A,주의,-10.8,27350.0,-16.4,월10,-6.2,손절,2,3.7,431594579700
2015-08-19,046440,KG파이낸셜,A,A,주의,-10.8,16050.0,-17.9,일240,-7.7,손절,2,-4.0,401975775750
2015-08-19,067000,조이시티,A,B,주의,-10.8,23550.0,-12.1,주60주,-6.4,손절,2,19.5,316409716700
2015-08-19,092040,아미코젠,A,C,주의,-10.8,67800.0,-14.2,월10,8.3,목표,2,7.4,806258850000
2015-08-19,013990,아가방컴퍼니,A,B,주의,-10.8,9240.0,-15.2,일240,-6.6,손절,2,27.2,368550000000
2015-08-19,003470,유안타증권,A,B,주의,-10.8,4285.0,-12.0,주60주,-6.3,손절,2,5.4,1089692795100
2015-08-19,052260,현대바이오랜드,A,C,주의,-10.8,24550.0,-14.2,주60주,-6.9,손절,2,-3.9,493500000000
2015-08-18,054780,키이스트,A,A,주의,-10.0,3690.0,-13.9,주60주,-5.6,손절,1,12.3,335141226630
2015-08-12,020560,아시아나항공,A,C,주의,-9.1,5810.0,-13.0,주60주,-7.0,손절,3,-11.9,1160853121750
2015-08-12,078520,에이블씨엔씨,A,C,주의,-9.1,24650.0,-15.3,월10,9.0,목표,1,11.2,305279395600
2015-08-11,071320,지역난방공사,A,C,주의,-8.6,60500.0,-16.3,일240,-6.6,손절,8,6.3,852195558400
2015-07-30,083790,CG인바이츠,A,C,주의,-7.1,14050.0,-14.3,주60주,-4.8,트레일,9,-4.6,441008704500
2015-07-29,002250,002250,A,B,주의,-6.2,19000.0,-12.8,일240,7.4,목표,6,7.9,373524543000
2015-07-28,002250,002250,A,A,주의,-6.2,19700.0,-14.0,월10,-6.3,손절,2,2.0,373524543000
2015-07-28,041960,코미팜,A,B,주의,-6.2,14350.0,-39.7,일240,11.3,트레일,2,56.4,1398514519100
2015-07-27,000210,DL,A,A,주의,-6.2,71200.0,-13.9,월10,-5.6,손절,9,0.4,2853600000000
2015-07-27,002620,제일파마홀딩스,A,C,주의,-6.2,25750.0,-15.8,주60주,-5.0,손절,3,-17.7,616275000000
2015-07-24,010060,OCI홀딩스,A,C,주의,-5.9,99500.0,-20.4,일240,-5.4,손절,6,-19.4,2146443390000
2015-07-24,000210,DL,A,B,주의,-5.9,72500.0,-15.5,일240,-5.3,손절,6,-2.9,2853600000000
2015-07-20,000830,000830,A,C,관찰만,-4.6,60000.0,-13.4,월10,-5.6,손절,6,,10341615976800
2015-07-13,004170,신세계,A,A,주의,-5.1,207500.0,-19.1,주60주,11.8,목표,16,10.1,2638508508000
2015-07-08,051910,LG화학,A,B,주의,-7.2,236500.0,-13.1,일240,7.5,목표,2,-4.0,18456501350000
2015-06-24,101060,101060,A,C,관찰만,-4.0,4095.0,-13.4,주60주,-5.5,손절,3,-14.5,692486140500
2015-06-24,034120,SBS,A,A,관찰만,-4.0,32050.0,-13.4,주60주,7.7,목표,14,6.4,748355862000
2015-06-22,036420,콘텐트리중앙,A,C,주의,-5.4,3850.0,-13.5,주60주,-9.0,손절,6,47.8,302363575425
2015-06-16,140410,메지온,A,B,주의,-6.7,31450.0,-13.2,월10,7.6,목표,2,6.8,308889900000
2015-06-12,051900,LG생활건강,B,C,주의,-5.6,721000.0,-3.9,월10,-4.9,트레일,17,23.2,12619503176000
2015-06-02,900050,900050,A,B,관찰만,-4.4,3180.0,-15.1,주60주,8.9,목표,8,22.0,352377168990
2015-06-01,900050,900050,A,A,관찰만,-3.3,3420.0,-12.5,월10,-5.8,손절,1,17.8,352377168990
2015-05-26,078340,컴투스,A,C,관찰만,-1.4,125000.0,-12.0,주60주,6.8,목표,3,12.9,1825701026000
2015-05-19,091700,파트론,A,C,관찰만,-2.4,10250.0,-13.1,월10,-5.9,손절,6,-18.6,611967433000
2015-05-06,082270,젬백스,A,C,관찰만,-3.2,18100.0,-13.2,주60주,7.6,목표,4,134.3,579534235950
2015-05-04,039030,이오테크닉스,A,C,관찰만,-1.9,101000.0,-14.3,일240,-7.9,손절,2,-4.1,1358358298200
2015-04-24,168330,내츄럴엔도텍,A,B,관찰만,-0.6,53300.0,-27.7,일240,-6.8,손절,1,-72.0,1380464164800
2015-03-30,032350,롯데관광개발,A,C,관찰만,-2.5,16100.0,-17.6,일240,10.7,목표,2,8.1,365512435200
2015-03-05,011170,롯데케미칼,B,C,관찰만,-4.0,187500.0,-3.1,주60주,6.1,목표,3,33.9,6529467319500
2015-03-03,028670,팬오션,A,C,관찰만,-3.9,3150.0,-13.2,월10,-7.1,손절,1,-3.0,826925038830
2015-02-10,035720,카카오,B,C,주의,-7.0,140500.0,-3.6,월10,-7.9,트레일,11,-23.1,8878314550800
2015-02-02,000810,삼성화재,B,C,주의,-6.2,299000.0,-5.8,월10,-9.8,손절,11,-13.7,13975576915000
2014-12-17,900120,씨엑스아이,A,B,주의,-8.8,3765.0,-17.0,주60주,10.2,목표,6,4.9,314668678650
2014-12-11,035720,카카오,B,C,주의,-8.0,124000.0,-7.7,월10,9.7,트레일,40,13.3,8297801342100
2014-12-11,011170,롯데케미칼,A,C,주의,-8.0,157500.0,-12.3,월10,7.0,목표,5,15.6,6032473744000
2014-11-18,000660,SK하이닉스,B,C,주의,-5.6,46400.0,-5.7,월10,6.4,목표,15,2.3,34543712219250
2014-11-17,067280,멀티캠퍼스,A,B,주의,-6.7,63000.0,-18.0,월10,-6.8,트레일,10,-21.4,427913443800
2014-11-17,017810,풀무원,A,B,주의,-6.7,106000.0,-14.2,일240,8.3,목표,3,-1.9,548509680000
2014-11-07,097950,CJ제일제당,B,C,주의,-6.9,353000.0,-9.1,월10,-9.3,손절,21,-9.3,5129188048000
2014-11-04,015750,성우하이텍,A,B,주의,-7.1,13500.0,-12.3,주60주,7.0,목표,2,-11.1,924000000000
2014-10-24,011070,LG이노텍,A,B,주의,-7.5,104000.0,-13.3,주60주,7.7,목표,3,-6.5,2721717305000
2014-10-24,024110,기업은행,B,C,주의,-7.5,15100.0,-5.6,월10,-3.5,트레일,33,-3.3,8812616467050
2014-10-21,007570,일양약품,A,A,주의,-8.0,26150.0,-12.1,주60주,6.9,목표,3,-7.8,485856200400
2014-10-14,078520,에이블씨엔씨,A,B,주의,-7.4,27700.0,-15.8,월10,-8.0,트레일,2,-21.8,377493358400
2014-10-13,024660,024660,A,B,주의,-7.5,4680.0,-16.0,주60주,9.5,목표,6,-0.2,499280264000
2014-10-13,122870,와이지엔터테인먼트,A,A,주의,-7.5,45050.0,-12.7,일240,7.3,목표,5,3.1,773407224000
2014-10-07,000660,SK하이닉스,B,C,주의,-5.3,44700.0,-5.1,월10,-8.9,손절,3,7.5,33840700998500
2014-10-02,004560,현대비앤지스틸,A,A,주의,-5.1,18800.0,-14.7,일240,-6.1,손절,2,-10.1,332487782550
2014-09-04,002620,제일파마홀딩스,A,A,관찰만,-1.3,19700.0,-16.5,월10,-9.8,트레일,3,3.0,438075000000
2014-09-03,034810,해성산업,A,B,관찰만,-1.5,56200.0,-27.7,주60주,-5.0,손절,1,-61.1,809784000000
2014-09-03,002620,제일파마홀딩스,A,B,관찰만,-1.5,20100.0,-27.6,월10,-5.0,손절,1,9.5,438075000000
2014-08-01,008930,한미사이언스,A,C,관찰만,-0.5,13900.0,-14.7,월10,8.6,목표,32,15.5,758314208100
2014-07-31,008930,한미사이언스,A,C,관찰만,-0.3,13900.0,-23.6,월10,-5.0,손절,5,12.6,758314208100
2014-06-05,038060,루멘스,A,B,관찰만,-3.1,10400.0,-12.6,주60주,-5.9,손절,4,-20.4,557394051200
2014-05-09,035420,NAVER,B,C,주의,-5.0,691000.0,-5.5,월10,20.3,만기,40,20.3,24326457102000
2014-05-08,002380,KCC,B,C,주의,-5.3,501000.0,-4.2,월10,14.6,목표,6,23.8,5407280000000
2014-03-13,010130,고려아연,B,C,주의,-6.1,346000.0,-3.1,주60주,-0.6,만기,40,-0.6,6434670000000
2014-03-03,139480,이마트,B,C,관찰만,-4.6,254500.0,-3.8,월10,-6.3,만기,40,-6.3,7080458026000
2013-10-17,036420,콘텐트리중앙,A,B,관찰만,-0.0,4335.0,-12.1,주60주,6.9,목표,2,-4.8,306218572825
2013-10-16,130960,130960,A,C,관찰만,-0.3,36900.0,-13.2,월10,-8.3,트레일,18,-14.5,1492802219400
2013-10-04,032640,LG유플러스,B,C,관찰만,-1.7,11000.0,-4.3,월10,-0.7,트레일,31,-5.5,5042861219550
2013-09-30,002990,금호건설,A,A,관찰만,-1.7,15600.0,-20.8,월10,-6.4,손절,3,-27.2,379949481600
2013-08-27,011200,HMM,A,A,주의,-7.2,18900.0,-14.1,일240,-5.5,손절,1,-20.4,2483798986900
2013-08-26,011200,HMM,A,A,주의,-7.1,19100.0,-16.0,일240,-6.4,손절,2,-18.1,2483798986900
2013-08-22,084370,유진테크,A,C,주의,-9.0,16400.0,-15.2,주60주,9.0,목표,23,7.6,465200470350
2013-08-21,058650,세아홀딩스,A,C,주의,-8.1,99800.0,-12.5,월10,7.1,목표,39,-0.7,460000000000
2013-08-06,005880,대한해운,A,C,주의,-6.1,49600.0,-16.5,일240,-8.1,손절,3,-20.9,641627952500
2013-08-06,082640,동양생명,A,C,주의,-6.1,9950.0,-15.0,주60주,8.8,목표,15,3.0,1226325246000
2013-08-05,004430,송원산업,A,C,주의,-5.7,11400.0,-14.9,주60주,-6.7,손절,12,-5.3,314400000000
2013-07-08,004710,한솔테크닉스,A,A,실행,-10.5,19100.0,-14.7,일240,-5.7,손절,2,-0.3,382223004000
2013-07-08,033240,자화전자,A,B,실행,-10.5,18700.0,-15.8,일240,9.4,목표,3,8.6,398275000000
2013-07-03,000660,SK하이닉스,B,C,실행,-10.2,28750.0,-8.9,월10,-8.7,손절,26,-4.5,21667540783200
2013-06-25,060590,씨티씨바이오,A,C,실행,-12.3,21800.0,-17.7,주60주,10.8,목표,2,10.3,568930592450
2013-06-25,036420,콘텐트리중앙,A,A,실행,-12.3,4235.0,-12.5,일240,7.1,목표,2,9.2,314733741695
2013-06-25,000990,DB하이텍,A,C,실행,-12.3,6370.0,-12.3,월10,7.0,목표,2,3.5,376682893680
2013-06-25,049550,잉크테크,A,B,실행,-12.3,25950.0,-19.9,일240,12.4,목표,2,7.5,315340444300
2013-06-25,123260,123260,A,B,실행,-12.3,35000.0,-14.7,월10,8.6,목표,2,8.3,323899456500
2013-06-25,082210,옵트론텍,A,B,실행,-12.3,11700.0,-15.2,주60주,9.0,목표,2,4.3,332784342000
2013-06-25,012510,012510,A,B,실행,-12.3,11150.0,-15.8,주60주,9.4,목표,2,3.6,440639595000
2013-06-25,091700,파트론,A,B,실행,-12.3,16450.0,-16.9,월10,10.2,목표,2,0.0,1353910250000
2013-06-20,002530,002530,A,A,주의,-8.9,22500.0,-16.5,월10,-6.1,손절,1,-65.2,371194377800
2013-06-11,002530,002530,A,A,주의,-5.4,29600.0,-24.3,일240,-0.4,트레일,2,-71.9,371194377800
2013-06-11,001260,남광토건,A,C,주의,-5.4,39300.0,-27.6,월10,-3.7,트레일,2,-28.2,348689747700
2013-06-07,101060,101060,A,C,주의,-5.3,5280.0,-12.0,주60주,-5.7,손절,9,-2.8,825387521000
2013-06-05,002990,금호건설,A,C,관찰만,-3.5,17600.0,-17.6,월10,-11.8,손절,1,-19.0,454234476400
2013-05-03,001800,오리온홀딩스,B,C,관찰만,-3.2,1115000.0,-4.3,월10,-9.8,손절,33,-10.4,6954255470000
2013-04-15,078520,에이블씨엔씨,A,C,주의,-5.4,66100.0,-12.6,주60주,-6.9,손절,4,-37.9,889192012000
2013-04-08,078340,컴투스,A,B,주의,-6.4,48300.0,-15.7,일240,9.3,목표,4,-9.6,520476093600
2013-04-08,078520,에이블씨엔씨,A,B,주의,-6.4,69700.0,-13.2,주60주,7.6,목표,3,-40.7,889192012000
2013-04-01,028670,팬오션,A,C,관찰만,-2.6,3970.0,-12.7,월10,-5.5,손절,1,-20.7,907835618970
2013-02-18,039530,039530,A,C,관찰만,-3.3,4750.0,-15.9,일240,9.5,목표,1,4.2,335266537500
2013-01-24,001800,오리온홀딩스,B,C,관찰만,-4.1,1020000.0,-4.9,월10,-8.3,손절,12,5.5,6557612110000
2013-01-14,096640,096640,A,C,관찰만,-2.1,20400.0,-17.6,월10,-7.3,손절,9,1.2,482787074550
2013-01-11,096640,096640,A,B,관찰만,-2.6,21050.0,-18.4,월10,-5.0,손절,1,-1.7,482787074550
2012-12-21,063080,컴투스홀딩스,A,A,관찰만,-3.4,90400.0,-14.0,월10,8.1,목표,1,2.7,678327189800
2012-12-20,063080,컴투스홀딩스,A,A,관찰만,-2.4,90300.0,-16.8,월10,10.1,목표,4,4.1,678327189800
2012-12-20,078340,컴투스,A,B,관찰만,-2.4,40850.0,-16.5,일240,9.9,목표,2,10.2,592091990200
2012-12-07,052790,액토즈소프트,A,C,관찰만,-4.5,28050.0,-21.6,월10,-1.3,트레일,8,71.1,359111600600
2012-11-15,053320,053320,A,B,주의,-8.7,1265.0,-12.2,월10,6.9,목표,4,10.7,303830687160
2012-11-15,041510,에스엠,A,B,주의,-8.7,50100.0,-27.6,주60주,-5.0,손절,1,-7.6,1262374015200
2012-11-06,001250,GS글로벌,A,B,주의,-5.9,12000.0,-13.7,주60주,-6.6,손절,6,-4.6,310965943200
2012-11-05,038500,삼표시멘트,A,C,주의,-6.9,2340.0,-19.3,일240,-4.9,트레일,2,14.3,370003245180
2012-11-01,078020,LS증권,A,B,주의,-7.4,7480.0,-16.0,주60주,-5.3,손절,2,21.7,323849520000
2012-11-01,083650,비에이치아이,A,C,주의,-7.4,22750.0,-13.0,주60주,7.5,목표,3,18.7,323730000000
2012-10-19,016170,016170,A,A,주의,-5.1,13800.0,-12.4,월10,-5.1,손절,5,-11.2,407196450500
2012-10-16,066270,066270,A,C,주의,-5.3,9950.0,-13.9,월10,-6.2,손절,3,-18.1,481906755300
2012-10-11,005930,삼성전자,B,C,주의,-5.7,1304000.0,-5.0,월10,6.6,목표,29,11.5,198264907602000
2012-09-26,066270,066270,A,B,주의,-3.4,11250.0,-16.4,일240,9.8,목표,3,-32.0,391603507460
2012-09-24,037370,EG,A,A,관찰만,-2.2,49900.0,-13.2,주60주,-5.1,손절,3,-26.3,446250000000
2012-09-21,053800,안랩,A,B,관찰만,-2.3,99800.0,-20.1,주60주,-6.2,손절,1,-53.9,1236711092500
2012-08-20,001800,오리온홀딩스,B,C,실행,-5.0,830000.0,-5.9,월10,19.5,목표,30,19.4,5351583627000
2012-07-17,038500,삼표시멘트,A,A,실행,-16.2,2180.0,-12.8,일240,7.3,목표,1,-7.3,363612860980
2012-07-11,035420,NAVER,B,C,실행,-16.2,253500.0,-3.8,월10,7.1,목표,7,5.5,12031926000000
2012-07-03,039530,039530,A,C,실행,-14.3,5580.0,-27.6,월10,-5.0,손절,1,11.1,413584800660
2012-07-02,039530,039530,A,C,실행,-15.1,6560.0,-22.4,일240,-5.0,손절,1,-0.9,413584800660
2012-06-04,101060,101060,A,C,실행,-18.2,3360.0,-13.2,주60주,7.6,목표,2,39.9,541398255300
2012-05-21,000430,대원강업,A,C,실행,-17.5,5020.0,-16.1,월10,9.6,목표,6,8.2,389980000000
2012-05-18,005900,005900,A,C,실행,-18.3,25000.0,-12.3,월10,7.0,목표,4,-14.0,361878452250
2012-05-17,009150,삼성전기,B,C,실행,-15.4,98000.0,-7.1,주60주,6.1,만기,40,6.1,8178959712000
2012-05-17,006400,삼성SDI,B,C,실행,-15.4,158500.0,-5.1,주60주,-8.5,손절,34,-9.8,7426009583000
2012-05-10,022100,포스코DX,A,C,주의,-10.8,7640.0,-13.5,주60주,-7.4,손절,2,-7.3,1103129568450
2012-05-09,005900,005900,A,C,주의,-10.6,31650.0,-12.9,일240,-6.7,손절,1,-29.9,361878452250
2012-05-07,035420,NAVER,B,C,주의,-11.1,244000.0,-4.3,월10,-8.6,손절,8,5.5,12320692224000
2012-05-03,005900,005900,A,B,주의,-10.5,34050.0,-15.4,일240,9.1,목표,2,-36.3,361878452250
2012-05-02,005900,005900,A,A,주의,-10.3,35200.0,-18.1,일240,-7.5,손절,1,-38.1,361878452250
2012-04-27,067000,조이시티,A,B,주의,-11.4,29450.0,-15.5,주60주,9.2,목표,6,30.9,394554958000
2012-04-26,069080,웹젠,A,C,주의,-11.9,11500.0,-17.6,월10,10.7,목표,4,-9.1,455174871250
2012-04-23,000660,SK하이닉스,B,C,주의,-11.5,27800.0,-3.5,주60주,-9.0,손절,15,-11.7,20300214051000
2012-04-18,000660,SK하이닉스,B,C,주의,-10.1,28050.0,-4.1,주60주,-9.8,손절,18,-15.9,20300214051000
2012-04-10,000660,SK하이닉스,B,C,주의,-10.5,27750.0,-5.1,주60주,-8.8,손절,23,-16.9,20300214051000
2012-03-26,053000,053000,B,C,주의,-9.4,13150.0,-4.4,주60주,6.1,목표,7,-19.0,9873687915000
2012-03-22,117930,117930,A,C,주의,-9.1,15200.0,-12.1,월10,6.9,목표,3,-23.0,2156250000000
2012-03-07,013990,아가방컴퍼니,A,A,주의,-11.1,12150.0,-13.2,월10,-8.9,손절,3,6.6,406000000000
2012-03-07,078160,메디포스트,A,B,주의,-11.1,91100.0,-13.5,주60주,7.8,목표,2,19.8,744552698900
2012-03-06,013990,아가방컴퍼니,A,B,주의,-10.3,12200.0,-16.4,월10,-6.9,손절,4,4.9,406000000000
2012-02-17,034020,두산에너빌리티,B,C,주의,-9.2,69400.0,-9.3,주60주,-9.7,손절,24,-16.4,7144434022500
2012-02-02,001130,대한제분,A,B,주의,-11.0,156000.0,-12.4,월10,-5.9,손절,38,-2.9,300820000000
2012-01-16,039530,039530,A,C,실행,-16.6,9000.0,-13.0,주60주,7.5,목표,1,-71.0,460790329140
2011-11-25,007570,일양약품,A,A,실행,-20.3,24700.0,-20.1,주60주,12.6,목표,6,33.4,602658998500
2011-11-24,007570,일양약품,A,C,실행,-19.5,26300.0,-19.7,주60주,-2.6,트레일,17,20.5,602658998500
2011-11-21,039530,039530,A,B,실행,-18.3,9510.0,-12.4,일240,-5.8,손절,1,-3.9,563247783000
2011-11-10,000240,한국앤컴퍼니,B,C,실행,-18.7,41900.0,-10.2,월10,3.9,만기,40,3.9,6818108819200
2011-11-03,003030,세아제강지주,A,B,실행,-16.1,71400.0,-19.0,주60주,-3.9,트레일,5,-7.3,498600000000
2011-10-17,068270,셀트리온,B,C,실행,-16.3,41500.0,-8.2,월10,-8.3,손절,4,-7.5,5144485637650
2011-10-06,005850,에스엘,A,B,실행,-23.3,21250.0,-16.7,주60주,10.0,목표,2,17.6,805989142000
2011-10-05,011780,금호석유화학,A,A,실행,-25.2,161000.0,-13.2,일240,7.6,목표,1,10.6,4716234918500
2011-10-04,011780,금호석유화학,A,A,실행,-23.5,170500.0,-12.1,월10,6.9,목표,3,-2.9,4716234918500
2011-09-26,009420,한올바이오파마,A,B,실행,-25.9,7620.0,-21.6,주60주,13.8,목표,2,19.9,357552000000
2011-09-26,036830,솔브레인홀딩스,A,C,실행,-25.9,34000.0,-12.9,주60주,7.4,목표,2,30.3,633009182800
2011-09-26,069080,웹젠,A,B,실행,-25.9,7800.0,-14.3,월10,8.3,목표,1,49.4,331036270000
2011-09-26,068760,셀트리온제약,A,B,실행,-25.9,18000.0,-16.1,일240,9.6,목표,2,36.4,302365365000
2011-09-26,009520,포스코엠텍,A,A,실행,-25.9,63900.0,-15.9,주60주,9.5,목표,12,19.9,354356400000
2011-09-26,068270,셀트리온,B,C,실행,-25.9,39950.0,-7.7,월10,1.8,트레일,13,-5.6,5418314431500
2011-09-26,002270,002270,A,B,실행,-25.9,311000.0,-12.3,일240,-5.1,손절,5,24.3,455845966000
2011-09-26,003030,세아제강지주,A,A,실행,-25.9,68500.0,-13.9,주60주,-6.2,손절,5,-0.4,517200000000
2011-09-26,023590,다우기술,A,C,실행,-25.9,8200.0,-17.0,주60주,10.2,목표,2,39.6,450909500850
2011-09-26,066270,066270,A,B,실행,-25.9,16000.0,-22.7,주60주,14.7,목표,2,2.8,789067861400
2011-09-26,013990,아가방컴퍼니,A,C,실행,-25.9,6970.0,-25.5,일240,17.1,목표,2,47.8,385000000000
2011-09-26,033920,무학,A,B,실행,-25.9,9840.0,-12.5,월10,7.2,목표,2,13.8,342073921050
2011-09-26,058650,세아홀딩스,A,C,실행,-25.9,118500.0,-15.7,주60주,9.3,목표,3,-3.8,592000000000
2011-09-26,041960,코미팜,A,B,실행,-25.9,9280.0,-17.9,월10,10.9,목표,2,-4.4,577500000000
2011-09-26,015750,성우하이텍,A,B,실행,-25.9,17750.0,-13.6,주60주,7.9,목표,1,-0.8,782000000000
2011-09-26,009410,태영건설,A,A,실행,-25.9,5900.0,-16.0,주60주,9.5,목표,16,-2.7,532508000000
2011-09-26,007570,일양약품,A,C,실행,-25.9,22100.0,-20.1,월10,12.6,목표,2,48.2,531809392000
2011-09-26,006120,SK디스커버리,A,C,실행,-25.9,63800.0,-14.9,주60주,8.8,목표,12,5.6,1700792635200
2011-09-26,000070,삼양홀딩스,A,C,실행,-25.9,73100.0,-21.9,주60주,14.0,목표,2,7.3,1106997729500
2011-09-26,041140,041140,A,C,실행,-25.9,9160.0,-16.0,주60주,9.5,목표,1,23.9,444663076950
2011-09-26,054620,APS,A,B,실행,-25.9,10750.0,-17.0,주60주,10.2,목표,2,39.1,309083588100
2011-09-26,006380,카프로,A,C,실행,-25.9,24300.0,-22.1,주60주,-2.4,트레일,5,4.3,1344000000000
2011-09-23,011170,롯데케미칼,A,A,실행,-23.8,320000.0,-12.8,주60주,-5.4,손절,1,1.6,11374020000000
2011-09-23,039530,039530,A,C,실행,-23.8,7180.0,-12.5,주60주,-5.7,손절,1,32.5,536426460000
2011-09-23,004010,004010,A,B,실행,-23.8,17100.0,-13.4,일240,-5.0,손절,1,-9.9,1576589392400
2011-09-23,001120,LX인터내셔널,A,A,실행,-23.8,44000.0,-12.7,일240,-10.0,손절,1,15.9,2131800000000
2011-09-23,108230,톱텍,A,B,실행,-23.8,16350.0,-14.8,주60주,-5.3,손절,1,26.9,324141714000
2011-09-23,010950,S-Oil,A,B,실행,-23.8,107000.0,-12.3,주60주,-8.1,손절,1,1.9,13735100624000
2011-09-23,005950,이수화학,A,B,실행,-23.8,23500.0,-13.6,월10,-5.1,손절,1,20.4,376875683100
2011-09-23,054620,APS,A,A,실행,-23.8,11850.0,-12.9,일240,-5.9,손절,1,23.2,309083588100
2011-09-20,010780,아이에스동서,A,C,실행,-17.5,13500.0,-18.2,주60주,-5.0,손절,1,-22.2,444283439400
2011-09-20,006650,대한유화,A,C,실행,-17.5,102000.0,-16.7,주60주,-3.8,트레일,3,-21.1,838500000000
2011-09-15,120110,코오롱인더,A,C,실행,-20.4,76100.0,-21.6,주60주,-5.0,손절,1,-14.6,2803017224500
2011-09-14,011790,SKC,A,C,실행,-21.5,44700.0,-13.9,주60주,-5.0,손절,1,-17.1,2078744616200
2011-09-14,120110,코오롱인더,A,B,실행,-21.5,89500.0,-12.7,월10,-6.6,손절,1,-29.6,2803017224500
2011-09-06,003600,003600,A,B,실행,-20.7,142000.0,-12.1,주60주,6.9,목표,1,4.2,7725218074000
2011-09-06,004430,송원산업,A,A,실행,-20.7,13900.0,-12.0,주60주,-6.2,손절,4,-14.7,391200000000
2011-09-05,010950,S-Oil,A,A,실행,-19.9,105500.0,-13.9,주60주,8.1,목표,3,10.0,13735100624000
2011-08-25,011780,금호석유화학,B,C,실행,-20.8,168500.0,-4.0,월10,-4.4,트레일,8,10.7,5517104999000
2011-08-22,028150,028150,A,C,실행,-23.3,112500.0,-13.8,주60주,-5.3,손절,1,1.8,921375000000
2011-08-22,006840,AK홀딩스,A,B,실행,-23.3,37650.0,-13.2,주60주,7.6,목표,1,-19.3,313200000000
2011-08-22,060980,HL홀딩스,A,B,실행,-23.3,153000.0,-21.3,주60주,13.6,목표,1,24.8,3797625880500
2011-08-22,005950,이수화학,A,B,실행,-23.3,22100.0,-18.3,주60주,11.2,목표,1,6.1,424829399050
2011-08-22,000120,CJ대한통운,A,C,실행,-23.3,85800.0,-15.5,주60주,9.1,목표,8,-12.6,2304046744000
2011-08-22,000430,대원강업,A,B,실행,-23.3,4800.0,-13.5,일240,7.8,목표,2,7.3,419120000000
2011-08-22,039130,하나투어,A,C,실행,-23.3,50700.0,-12.7,주60주,7.3,목표,1,-21.1,569193065000
2011-08-22,066270,066270,A,C,실행,-23.3,16200.0,-13.6,주60주,7.9,목표,2,17.3,721867027050
2011-08-22,000210,DL,A,C,실행,-23.3,99100.0,-14.9,주60주,8.8,목표,2,-19.3,4384800000000
2011-08-22,000270,기아,A,B,실행,-23.3,59000.0,-12.7,일240,7.3,목표,1,20.8,30892961692800
2011-08-22,013570,디와이,A,B,실행,-23.3,12950.0,-20.3,주60주,12.7,목표,2,1.5,598474321200
2011-08-22,011170,롯데케미칼,A,B,실행,-23.3,300500.0,-21.5,주60주,13.7,목표,5,-6.2,13763520000000
2011-08-22,006650,대한유화,A,B,실행,-23.3,100000.0,-24.5,주60주,16.3,목표,4,-16.1,1095250000000
2011-08-22,011780,금호석유화학,A,B,실행,-23.3,155500.0,-17.1,월10,10.3,목표,1,19.6,5517104999000
2011-08-22,004560,현대비앤지스틸,A,B,실행,-23.3,14350.0,-15.3,주60주,9.1,목표,2,-10.8,318916852650
2011-08-22,030530,원익홀딩스,A,C,실행,-23.3,7560.0,-13.6,주60주,7.9,목표,2,0.5,595654361000
2011-08-19,001120,LX인터내셔널,A,B,실행,-21.7,44400.0,-17.9,월10,10.9,목표,2,16.0,2403120000000
2011-08-19,015750,성우하이텍,A,B,실행,-21.7,17000.0,-18.3,주60주,-5.0,손절,1,28.2,924000000000
2011-08-19,007690,국도화학,A,C,실행,-21.7,50100.0,-13.3,주60주,7.7,목표,3,-14.7,407905243200
2011-08-19,005850,에스엘,A,C,실행,-21.7,19200.0,-19.0,주60주,-5.0,손절,1,41.1,916050684500
2011-08-19,004430,송원산업,A,B,실행,-21.7,14700.0,-13.5,월10,-5.0,손절,4,-9.5,440400000000
2011-08-19,004560,현대비앤지스틸,A,B,실행,-21.7,15000.0,-15.5,일240,9.2,목표,6,-10.0,318916852650
2011-08-19,005950,이수화학,A,B,실행,-21.7,23500.0,-17.0,월10,10.2,목표,6,6.0,424829399050
2011-08-17,001630,종근당홀딩스,A,A,실행,-15.1,25300.0,-12.5,월10,-7.8,손절,2,-13.6,422820000000
2011-08-10,003600,003600,A,C,실행,-19.0,132500.0,-13.1,주60주,7.5,목표,4,7.5,8523568878000
2011-08-09,101060,101060,A,A,실행,-19.2,2705.0,-12.2,월10,6.9,목표,1,79.1,454662617500
2011-08-09,066270,066270,A,A,실행,-19.2,14300.0,-17.6,월10,10.7,목표,2,22.7,721867027050
2011-08-09,108230,톱텍,A,A,실행,-19.2,17500.0,-15.9,일240,9.4,목표,1,-18.0,396173206000
2011-08-09,009420,한올바이오파마,A,A,실행,-19.2,8180.0,-15.8,월10,9.4,목표,1,-3.4,405807000000
2011-08-08,015750,성우하이텍,A,A,실행,-16.1,18500.0,-12.1,월10,-11.4,손절,1,8.6,924000000000
2011-08-08,009830,한화솔루션,A,A,실행,-16.1,38100.0,-13.8,일240,-8.1,트레일,7,-32.7,6523183261500
2011-08-08,014790,HL D&I,A,C,실행,-16.1,17350.0,-15.2,주60주,-11.6,손절,1,-26.8,483000000000
2011-08-08,006840,AK홀딩스,A,A,실행,-16.1,39000.0,-18.8,일240,-9.5,손절,1,-30.9,313200000000
2011-08-08,093370,후성,A,A,실행,-16.1,6020.0,-13.9,일240,-6.3,손절,1,18.3,681136342590
2011-08-08,001230,동국홀딩스,A,C,실행,-16.1,30400.0,-15.8,주60주,-9.7,손절,1,-26.3,2451333098500
2011-08-08,000120,CJ대한통운,A,C,실행,-16.1,81100.0,-15.2,주60주,-8.0,손절,1,-19.1,2304046744000
2011-08-08,010950,S-Oil,B,A,실행,-16.1,129500.0,-8.5,월10,-9.2,손절,1,-23.6,16774836008000
2011-08-08,010690,화신,A,C,실행,-16.1,13950.0,-19.6,주60주,-9.1,손절,1,9.0,642535544000
2011-08-08,000430,대원강업,A,A,실행,-16.1,5070.0,-14.8,월10,8.7,목표,3,-11.2,419120000000
2011-08-08,033530,SJG세종,A,A,실행,-16.1,14900.0,-14.6,주60주,-5.8,손절,1,-13.1,400085878500
2011-08-05,052420,오성첨단소재,A,B,실행,-12.8,17250.0,-18.6,일240,-5.8,손절,1,-47.6,514774860250
2011-08-05,064420,064420,A,A,실행,-12.8,21950.0,-12.9,일240,-7.0,손절,1,-44.6,2522364108300
2011-08-05,036710,심텍홀딩스,A,C,실행,-12.8,12500.0,-13.8,주60주,-8.8,손절,1,-13.6,408196671300
2011-08-05,010950,S-Oil,B,C,실행,-12.8,130500.0,-15.5,월10,-9.9,손절,1,-30.3,16774836008000
2011-08-05,001230,동국홀딩스,A,B,실행,-12.8,34000.0,-14.2,일240,-8.1,손절,1,-39.6,2451333098500
2011-08-05,013570,디와이,A,A,실행,-12.8,14400.0,-17.2,일240,-5.9,손절,1,-21.5,598474321200
2011-08-05,007860,서연,A,A,실행,-12.8,9450.0,-12.1,월10,-7.4,손절,1,-14.8,474961028650
2011-08-05,014790,HL D&I,A,A,실행,-12.8,19000.0,-14.6,주60주,-6.3,손절,1,-38.2,483000000000
2011-08-05,036540,SFA반도체,A,B,실행,-12.8,7340.0,-12.2,주60주,-9.0,손절,1,-5.9,364592028720
2011-08-05,009830,한화솔루션,A,A,실행,-12.8,39800.0,-17.1,월10,-9.3,손절,1,-42.7,6523183261500
2011-08-05,042660,한화오션,A,C,실행,-12.8,30450.0,-15.9,주60주,-7.5,손절,1,-29.1,7177153425000
2011-08-04,001520,동양,A,C,실행,-9.4,2000.0,-14.0,월10,-5.0,손절,1,-51.6,386265033200
2011-08-04,028050,삼성E&A,B,C,실행,-9.4,229000.0,-7.8,월10,-9.3,손절,2,-12.7,10400000000000
2011-08-03,012330,현대모비스,B,C,실행,-7.3,345000.0,-9.7,월10,-9.9,손절,3,-4.6,36990667940000
2011-08-03,003600,003600,B,C,실행,-7.3,172000.0,-7.3,월10,-9.3,손절,2,-29.4,8523568878000
2011-07-21,042660,한화오션,B,C,관찰만,-3.8,38300.0,-5.5,월10,-6.7,손절,10,-34.5,8660431799500
2011-07-13,009540,HD한국조선해양,B,C,주의,-4.5,467500.0,-3.3,월10,-8.1,손절,6,-32.6,33706000000000
2011-06-27,096770,SK이노베이션,B,C,주의,-7.1,196500.0,-4.8,월10,-1.8,트레일,29,-25.2,21544476412000
2011-06-21,010060,OCI홀딩스,B,C,실행,-8.1,434000.0,-3.1,월10,-9.1,손절,17,-27.9,11398795970000
2011-06-17,023530,롯데쇼핑,B,C,실행,-8.8,489000.0,-6.9,월10,-9.7,손절,37,-4.9,14521687000000
2011-06-13,052420,오성첨단소재,A,B,실행,-8.1,17050.0,-19.6,월10,12.2,목표,2,-12.0,656121843000
2011-06-13,036710,심텍홀딩스,A,C,실행,-8.1,12000.0,-14.3,주60주,-6.6,손절,4,-6.2,396532513650
2011-06-13,096640,096640,A,C,실행,-8.1,29500.0,-12.6,주60주,7.2,목표,8,-18.0,685440040800
2011-06-10,009540,HD한국조선해양,B,C,실행,-8.2,444000.0,-4.7,월10,-7.1,손절,7,-20.6,38380000000000
2011-06-10,024110,기업은행,B,C,실행,-8.2,18600.0,-7.5,월10,-5.9,트레일,24,-8.3,10374027170000
2011-06-09,009540,HD한국조선해양,B,C,실행,-7.1,450000.0,-8.8,월10,-8.4,손절,8,-16.9,38380000000000
2011-06-03,010060,OCI홀딩스,B,C,실행,-5.2,428500.0,-13.1,월10,-7.9,손절,28,-0.4,11398795970000
2011-05-25,009420,한올바이오파마,A,B,실행,-8.7,6450.0,-12.2,주60주,7.0,목표,1,47.1,335126950000
2011-05-24,009420,한올바이오파마,A,A,실행,-7.5,6870.0,-12.9,일240,-5.5,손절,1,36.8,335126950000
2011-05-16,086790,하나금융지주,A,C,주의,-5.6,36500.0,-18.0,주60주,11.0,목표,9,1.5,11034459240200
2011-05-09,011810,STX,A,C,관찰만,-4.0,23050.0,-13.3,주60주,-7.9,손절,9,-4.6,1333435326600
2011-03-16,001300,001300,B,C,실행,-7.5,109500.0,-3.1,월10,16.9,목표,25,11.4,6000000000000
2011-03-15,020560,아시아나항공,A,B,실행,-9.1,8700.0,-12.7,일240,7.2,목표,4,12.6,1824969026400
2011-03-14,011810,STX,A,A,실행,-6.8,26200.0,-13.7,월10,-7.4,손절,1,-10.3,1445803472100
2011-02-23,000720,현대건설,A,C,실행,-7.3,70200.0,-12.4,일240,7.1,목표,2,12.0,9676815978500
2011-02-15,060720,KH바텍,A,B,관찰만,-5.0,18550.0,-12.9,월10,-6.0,손절,1,9.4,336000000000
2011-02-09,012330,현대모비스,B,C,관찰만,-3.3,251000.0,-6.0,월10,26.7,목표,33,32.1,25163388585500
2011-01-17,085660,차바이오텍,A,B,관찰만,-0.4,10150.0,-16.1,주60주,9.6,목표,9,-3.4,469907926660
2011-01-13,090430,아모레퍼시픽,B,C,관찰만,-0.3,1089000.0,-6.8,월10,-10.1,손절,16,-8.2,6658422011000
2010-12-16,012510,012510,A,B,관찰만,-0.4,17400.0,-15.9,주60주,-7.6,손절,7,-26.1,614224890000
2010-11-29,002990,금호건설,A,B,관찰만,-3.7,17800.0,-12.1,월10,6.9,목표,1,-10.1,2136514125540
2010-11-17,000720,현대건설,A,C,관찰만,-3.6,59200.0,-19.0,월10,11.7,목표,11,44.9,8385089104500
2010-11-17,011200,HMM,A,C,관찰만,-3.6,34700.0,-23.1,월10,-0.1,트레일,8,6.5,5289660852750
2010-11-16,014620,성광벤드,A,B,관찰만,-3.5,22750.0,-14.2,월10,8.2,목표,3,9.9,739310000000
2010-11-15,085660,차바이오텍,A,C,관찰만,-2.7,11600.0,-12.8,월10,-9.7,트레일,3,-20.8,790348572300
2010-11-15,014620,성광벤드,A,B,관찰만,-2.7,23550.0,-15.1,월10,-4.3,트레일,15,4.9,739310000000
2010-11-12,100130,동국S&C,A,C,관찰만,-2.8,8380.0,-12.2,월10,-6.5,손절,3,-1.9,518287010000
2010-11-12,083650,비에이치아이,A,A,관찰만,-2.8,24800.0,-12.4,주60주,-5.4,손절,1,-12.1,376704000000
2010-11-10,900050,900050,A,C,관찰만,0.0,8800.0,-16.2,월10,-6.6,트레일,2,9.3,903265712550
2010-11-04,008040,사조동아원,A,B,관찰만,0.0,3870.0,-27.7,주60주,-5.0,손절,1,-18.5,340402605780
2010-10-29,043890,043890,A,C,관찰만,-1.9,21450.0,-16.0,주60주,9.6,목표,1,-5.6,301034705400
2010-10-29,004150,한솔홀딩스,A,C,관찰만,-1.9,11200.0,-18.2,주60주,-5.0,손절,10,-1.8,488594064000
2010-10-20,002990,금호건설,A,C,관찰만,-1.8,4200.0,-14.1,월10,8.2,목표,1,-12.6,1608581980830
2010-09-02,012510,012510,A,C,관찰만,-0.8,16050.0,-12.8,월10,7.3,목표,2,30.2,545977680000
2010-08-06,009150,삼성전기,B,C,관찰만,-0.4,126500.0,-8.0,월10,-9.3,손절,17,-5.9,10195689504000
2010-05-24,082850,우리바이오,A,C,실행,-8.4,7970.0,-13.4,월10,-5.7,손절,1,-1.6,373485430230
2010-05-17,010620,010620,A,B,실행,-5.7,119000.0,-13.1,월10,-5.0,손절,3,33.6,3150000000000
2010-05-17,000680,LS네트웍스,A,C,실행,-5.7,6740.0,-12.9,주60주,7.4,목표,2,-0.6,686687280630
2010-05-04,003000,부광약품,A,C,관찰만,-1.9,14700.0,-19.2,월10,-6.0,손절,6,-6.8,492223095000
2010-03-23,089240,089240,A,B,관찰만,-2.3,10000.0,-13.8,일240,-5.0,손절,1,,475515206100
2010-03-15,005380,현대차,B,C,관찰만,-4.2,107500.0,-4.0,월10,13.5,목표,13,21.4,25331795085000
2010-03-15,069260,TKG휴켐스,A,C,관찰만,-4.2,25450.0,-12.4,주60주,7.1,목표,2,-2.4,594017002800
2010-02-19,035080,그래디언트,A,B,실행,-7.4,5980.0,-13.2,주60주,7.6,목표,10,-6.2,407680094030
2010-02-08,089240,089240,A,C,실행,-9.8,9810.0,-13.2,일240,7.6,목표,14,,499758856300
2010-02-08,004020,현대제철,B,C,실행,-9.8,78000.0,-8.8,월10,15.0,만기,40,15.0,7241792490700
2010-02-08,035080,그래디언트,A,B,실행,-9.8,6340.0,-12.3,일240,7.0,목표,6,-4.9,407680094030
2010-02-01,006400,삼성SDI,B,C,실행,-6.7,134000.0,-5.3,월10,6.0,만기,40,6.0,6195934376000
2010-01-29,035080,그래디언트,A,C,실행,-6.9,6710.0,-18.6,일240,11.4,목표,2,-6.1,407680094030
2010-01-26,085660,차바이오텍,A,A,관찰만,-4.9,11100.0,-12.3,일240,-5.4,손절,2,8.1,416438512500
2010-01-25,006360,GS건설,B,C,관찰만,-3.0,94700.0,-7.2,월10,-9.7,손절,5,4.6,5533500000000
2010-01-15,023530,롯데쇼핑,B,C,관찰만,-1.0,306500.0,-4.1,월10,9.1,만기,40,9.1,10049007404000
2009-12-30,020560,아시아나항공,A,C,관찰만,-2.1,3645.0,-12.2,월10,6.9,목표,1,4.0,638510771835
2009-11-30,096770,SK이노베이션,B,C,실행,-9.5,109000.0,-4.0,월10,-1.7,트레일,38,-0.5,10078746476000
2009-11-27,000830,000830,A,B,실행,-11.3,43450.0,-14.1,주60주,8.2,목표,3,37.4,7685913988800
2009-11-27,000720,현대건설,A,C,실행,-11.3,63800.0,-12.1,일240,6.9,목표,11,0.8,7418605195200
2009-11-17,003190,003190,A,A,실행,-7.7,4905.0,-14.8,주60주,8.7,목표,2,28.2,428555620680
2009-10-06,034220,LG디스플레이,B,C,실행,-7.0,32150.0,-4.3,월10,-9.4,손절,17,5.8,12129952230000
2009-10-06,000700,유수홀딩스,A,C,실행,-7.0,18050.0,-13.0,월10,7.5,목표,2,-8.2,1815968503350
2009-10-05,010060,OCI홀딩스,A,B,실행,-6.5,231500.0,-12.3,주60주,7.0,목표,8,-14.3,5520134664000
2009-10-01,010060,OCI홀딩스,B,C,관찰만,-4.3,250500.0,-8.1,주60주,-8.7,손절,2,-20.4,5520134664000
2009-09-25,004800,효성,A,A,관찰만,-1.6,70200.0,-16.8,월10,-6.4,손절,6,15.2,3171106186500
2009-09-21,066970,엘앤에프,A,B,관찰만,-0.2,33750.0,-13.6,월10,-6.6,손절,3,-43.7,420906000000
2009-08-19,011200,HMM,A,C,관찰만,-2.9,27000.0,-13.5,월10,7.8,목표,2,3.1,3539747891400
2009-08-18,096770,SK이노베이션,B,C,관찰만,-2.6,96000.0,-6.8,주60주,24.5,목표,16,18.2,9616418656000
2009-08-18,053660,053660,A,C,관찰만,-2.6,27550.0,-20.4,월10,-7.0,트레일,9,-13.8,422677500000
2009-08-18,044490,태웅,A,C,관찰만,-2.6,82100.0,-12.5,일240,-6.0,손절,16,-6.0,1458394876000
2009-08-17,085310,엔케이,A,B,관찰만,-2.8,15450.0,-18.7,주60주,-7.8,손절,4,-3.9,311323680000
2009-07-14,006260,LS,A,B,실행,-14.8,81500.0,-12.7,주60주,7.3,목표,4,5.3,3033240000000
2009-07-14,004940,004940,B,C,실행,-14.8,9980.0,-4.0,주60주,12.2,목표,11,10.2,6397475713920
2009-07-14,001740,SK네트웍스,A,C,실행,-14.8,11750.0,-13.6,일240,7.9,목표,4,8.9,3584202770500
2009-07-14,024110,기업은행,B,C,실행,-14.8,11500.0,-3.8,주60주,7.4,목표,2,21.7,5952600707850
2009-07-14,077970,STX엔진,A,B,실행,-14.8,22400.0,-14.3,일240,8.4,목표,2,1.6,781443699250
2009-07-13,005160,동국산업,A,C,실행,-15.3,7120.0,-12.9,주60주,7.4,목표,3,8.1,412500000000
2009-07-13,000060,000060,A,C,실행,-15.3,5530.0,-14.3,일240,-6.2,손절,1,47.7,779940000000
2009-07-13,000660,SK하이닉스,B,C,실행,-15.3,14200.0,-8.4,주60주,19.0,목표,6,47.5,8048327496300
2009-07-10,066970,엘앤에프,A,A,실행,-12.1,27650.0,-21.4,일240,-0.1,트레일,8,66.7,338778000000
2009-07-09,066970,엘앤에프,A,C,실행,-12.0,29950.0,-18.3,월10,-8.9,손절,1,52.9,338778000000
2009-07-02,096770,SK이노베이션,B,C,실행,-13.2,97500.0,-4.9,주60주,-3.2,트레일,33,6.2,9477720310000
2009-06-30,089480,089480,A,C,실행,-17.0,35600.0,-14.0,주60주,8.1,목표,5,-31.0,613005015200
2009-06-30,053660,053660,A,B,실행,-17.0,30050.0,-14.8,월10,8.7,목표,2,-9.5,437227500000
2009-06-29,053660,053660,A,B,실행,-17.6,32400.0,-13.4,일240,-8.5,트레일,7,-15.4,692580000000
2009-06-29,023160,태광,A,B,실행,-17.6,31900.0,-13.1,주60주,7.5,목표,6,-6.7,872513920000
2009-06-29,012630,HDC,A,B,실행,-17.6,40200.0,-13.1,주60주,7.5,목표,2,6.7,3075674544000
2009-06-18,022100,포스코DX,A,B,실행,-22.5,4730.0,-17.6,월10,-5.6,손절,3,5.7,499095792000
2009-06-15,004550,004550,A,A,실행,-20.4,11200.0,-15.8,월10,-7.9,손절,4,-2.7,354960000000
2009-06-09,005380,현대차,B,C,실행,-24.2,68000.0,-5.7,주60주,11.2,목표,13,37.4,15265159994700
2009-06-04,086790,하나금융지주,A,B,실행,-24.8,26100.0,-12.7,일240,7.3,목표,5,32.4,6334362630700
2009-05-26,008320,008320,A,C,실행,-25.9,3100.0,-19.1,월10,-6.4,손절,1,-10.0,305970853400
2009-05-22,000660,SK하이닉스,A,B,실행,-24.2,12650.0,-12.8,월10,-5.0,손절,1,23.3,7482543120000
2009-04-17,001740,SK네트웍스,A,B,실행,-29.6,11050.0,-13.3,월10,7.7,목표,2,35.7,1909954832280
2009-03-30,022100,포스코DX,A,B,실행,-36.6,5220.0,-13.0,월10,7.5,목표,2,15.7,324167610000
2009-03-20,011760,현대코퍼레이션,A,C,실행,-38.0,17500.0,-12.3,일240,7.0,목표,4,-0.3,389655044900
2009-02-26,006120,SK디스커버리,A,C,실행,-44.2,34200.0,-13.0,월10,7.5,목표,4,61.7,708663598000
2008-12-03,003240,태광산업,A,B,실행,-47.6,1016000.0,-12.8,주60주,7.3,목표,3,-15.4,1278183200000
2008-11-19,000670,영풍,A,B,실행,-48.5,430000.0,-12.2,월10,-8.6,손절,1,27.9,483535500000
2008-10-27,068270,셀트리온,A,A,실행,-54.2,6300.0,-14.3,주60주,-5.8,손절,1,57.0,889973068350
2008-10-24,015940,015940,A,C,실행,-54.5,18500.0,-15.9,월10,-12.0,트레일,2,7.6,1740701455900
2008-10-23,001430,세아베스틸지주,A,B,실행,-49.2,19150.0,-16.0,일240,-10.7,손절,1,-7.3,943173729700
2008-10-16,002320,한진,A,C,실행,-41.2,35200.0,-13.1,월10,-6.5,트레일,4,-8.9,514910208000
2008-10-16,000270,기아,A,B,실행,-41.2,11300.0,-17.5,일240,-5.0,손절,1,-34.6,5086926165750
2008-10-07,068270,셀트리온,A,A,실행,-33.8,6350.0,-17.7,일240,10.8,목표,1,2.7,889973068350
2008-10-06,068270,셀트리온,A,B,실행,-34.2,6620.0,-17.2,일240,-7.2,손절,1,0.2,889973068350
2008-10-06,036490,036490,A,C,실행,-34.2,66800.0,-12.3,주60주,-7.6,손절,2,-30.4,714321253500
2008-09-17,001260,남광토건,A,A,실행,-31.0,41000.0,-15.1,월10,-5.7,손절,1,-71.2,1379400000000
2008-09-16,010780,아이에스동서,A,C,실행,-32.8,16000.0,-22.3,일240,0.1,트레일,2,-61.7,335340373800
2008-09-02,008320,008320,A,B,실행,-31.9,4270.0,-27.6,월10,-5.2,손절,1,-58.3,478397080900
2008-09-02,011760,현대코퍼레이션,A,C,실행,-31.9,20800.0,-13.2,월10,7.6,목표,4,-61.6,534798757900
2008-09-01,010780,아이에스동서,A,B,실행,-31.5,16750.0,-18.3,일240,-5.0,손절,1,-70.7,335340373800
2008-08-06,010060,OCI홀딩스,B,A,실행,-23.5,339500.0,-5.0,월10,-4.3,손절,4,-14.6,7851555175500
2008-08-05,084010,대한제강,A,A,실행,-25.6,68500.0,-16.5,일240,-7.0,트레일,9,-9.8,394582860500
2008-08-05,053660,053660,A,C,실행,-25.6,39300.0,-12.7,일240,7.3,목표,2,-24.8,661200000000
2008-08-04,010060,OCI홀딩스,B,C,실행,-25.3,357500.0,-4.8,월10,-9.1,손절,6,-14.4,7851555175500
2008-07-15,016990,016990,A,B,실행,-26.9,38600.0,-12.8,일240,-5.5,손절,1,-6.7,528039876000
2008-07-08,045890,045890,A,C,실행,-25.7,32200.0,-13.1,주60주,7.5,목표,1,-14.1,330480295600
2008-07-07,072870,메가스터디,A,C,실행,-23.5,260000.0,-13.3,주60주,-5.0,손절,1,-17.7,2100028910400
2008-07-03,014820,동원시스템즈,A,C,실행,-22.2,2270.0,-15.9,주60주,-7.5,트레일,3,-20.7,308726835200
2008-07-03,053660,053660,A,A,실행,-22.2,41000.0,-12.8,주60주,7.3,목표,6,2.0,669750000000
2008-07-03,010060,OCI홀딩스,B,B,실행,-22.2,311500.0,-13.4,월10,-4.7,손절,1,-4.5,7381089153000
2008-07-01,000400,롯데손해보험,A,C,실행,-19.3,11050.0,-12.6,주60주,-5.4,손절,1,-27.3,496190000000
2008-06-30,066570,LG전자,B,C,실행,-18.9,118500.0,-4.4,월10,-8.9,손절,8,-12.2,17140765959000
2008-06-27,012650,012650,A,C,실행,-18.4,18500.0,-14.7,월10,-7.3,손절,4,-31.9,550743298000
2008-06-26,006380,카프로,A,B,실행,-16.8,9180.0,-13.4,일240,-5.0,손절,1,0.0,488000000000
2008-06-25,000610,000610,A,A,실행,-16.8,10850.0,-14.2,월10,8.3,목표,1,-34.7,410986640900
2008-06-25,000990,DB하이텍,A,B,실행,-16.8,10750.0,-13.3,월10,-5.0,손절,5,-9.9,315427625920
2008-06-16,005880,대한해운,A,B,실행,-14.7,169000.0,-12.9,주60주,7.4,목표,2,-4.4,2350923132000
2008-06-13,012650,012650,A,C,실행,-15.4,18900.0,-12.5,월10,7.1,목표,3,-17.2,550743298000
2008-06-13,011810,STX,A,B,실행,-15.4,73600.0,-12.9,주60주,-5.6,손절,1,-36.0,2625813148000
2008-06-13,093370,후성,A,C,실행,-15.4,4360.0,-18.5,주60주,-5.7,트레일,2,-4.4,318362896505
2008-06-13,005880,대한해운,A,B,실행,-15.4,167500.0,-17.1,주60주,10.3,목표,3,-2.1,2350923132000
2008-06-11,000150,두산,B,C,실행,-13.7,202500.0,-3.6,월10,-9.1,손절,4,-21.7,5237712704000
2008-06-04,003550,LG,B,C,실행,-11.2,75600.0,-3.6,월10,-9.5,손절,13,-13.5,13890849045500
2008-05-14,027970,한국제지,A,C,주의,-10.7,13950.0,-14.9,월10,-7.0,손절,2,-33.9,306683527500
2008-05-07,035420,NAVER,A,B,주의,-10.2,205000.0,-13.6,주60주,-6.7,손절,21,-20.2,11174513172000
2008-04-25,000370,한화손해보험,A,A,주의,-11.6,20300.0,-16.3,일240,-6.0,손절,1,-29.3,502874526000
2008-04-16,011400,011400,A,A,실행,-14.8,3425.0,-13.5,월10,7.8,목표,1,-10.9,354180640000
2008-04-14,000150,두산,A,B,실행,-15.4,166500.0,-12.8,일240,7.4,목표,2,17.7,4634021372000
2008-04-04,035420,NAVER,B,C,실행,-14.4,229000.0,-6.1,월10,-9.0,손절,9,-13.3,11057765008900
2008-04-02,034020,두산에너빌리티,B,C,실행,-15.6,125500.0,-5.3,월10,-9.8,손절,6,-8.0,13878434250000
2008-03-17,037620,037620,B,C,실행,-23.8,124000.0,-5.3,월10,10.7,트레일,30,6.9,5507743944000
2008-03-14,034020,두산에너빌리티,B,C,실행,-22.5,121000.0,-5.5,월10,-3.4,트레일,18,-12.8,14611634550000
2008-03-13,003490,대한항공,A,C,실행,-21.8,56400.0,-12.6,주60주,-7.2,손절,1,-9.6,5203548921300
2008-03-13,064420,064420,A,A,실행,-21.8,7840.0,-12.1,주60주,-6.2,손절,2,2.6,929292039900
2008-03-11,000155,두산우,A,B,실행,-20.5,54100.0,-14.7,주60주,-5.3,트레일,5,-9.0,300948013200
2008-03-10,012090,012090,A,B,실행,-21.3,12000.0,-13.0,주60주,7.5,목표,2,-15.0,531061815200
2008-03-10,002780,진흥기업,A,B,실행,-21.3,2055.0,-16.1,월10,9.6,목표,1,0.5,367459769810
2008-03-10,000720,현대건설,B,C,실행,-21.3,84500.0,-5.8,월10,-8.7,손절,5,2.5,9569138520200
2008-03-10,003480,한진중공업홀딩스,A,B,실행,-21.3,31450.0,-14.1,주60주,8.2,목표,2,4.6,1009919570400
2008-03-10,034020,두산에너빌리티,B,C,실행,-21.3,122000.0,-9.6,월10,-6.6,트레일,5,-9.0,14611634550000
2008-03-10,030610,교보증권,A,B,실행,-21.3,19050.0,-12.0,일240,6.8,목표,1,-3.9,822600000000
2008-03-05,049690,049690,A,A,실행,-18.8,22000.0,-14.7,주60주,-6.0,손절,2,-24.8,442226808800
2008-03-04,049690,049690,A,B,실행,-18.8,21950.0,-17.5,주60주,-5.8,손절,1,-26.7,442226808800
2008-02-12,066570,LG전자,B,C,실행,-20.4,88700.0,-4.9,월10,27.4,목표,17,49.9,13018303260000
2008-01-31,006260,LS,A,B,실행,-21.3,71600.0,-14.0,주60주,8.2,목표,2,22.9,2305520000000
2008-01-31,000150,두산,A,C,실행,-21.3,129000.0,-14.3,주60주,8.3,목표,2,41.1,3127592616000
2008-01-31,034020,두산에너빌리티,A,C,실행,-21.3,92100.0,-13.9,주60주,8.1,목표,1,39.0,9646821090000
2008-01-30,001440,대한전선,A,C,실행,-23.0,36650.0,-13.5,주60주,7.8,목표,3,45.7,2403939118000
2008-01-30,005880,대한해운,A,C,실행,-23.0,120000.0,-19.5,주60주,12.1,목표,1,55.0,1901481945000
2008-01-30,012090,012090,A,B,실행,-23.0,12850.0,-13.2,월10,7.6,목표,4,-9.7,395446780100
2008-01-30,009540,HD한국조선해양,A,C,실행,-23.0,286000.0,-15.6,주60주,9.3,목표,1,29.5,33630000000000
2008-01-30,000150,두산,A,C,실행,-23.0,128000.0,-18.5,주60주,-5.0,손절,1,49.2,4399941876000
2008-01-29,011810,STX,A,C,실행,-20.7,54900.0,-14.2,주60주,-5.7,손절,1,26.0,2884939445500
2008-01-29,000370,한화손해보험,A,A,실행,-20.7,18900.0,-12.5,월10,-6.0,손절,1,-11.4,851838969800
2008-01-29,023590,다우기술,A,C,실행,-20.7,9180.0,-14.6,주60주,8.6,목표,4,-7.0,400000000000
2008-01-29,034020,두산에너빌리티,B,C,실행,-20.7,107000.0,-5.7,월10,-6.3,손절,1,26.6,13197605400000
2008-01-29,014620,성광벤드,A,B,실행,-20.7,20250.0,-17.7,주60주,-7.6,손절,1,31.9,786500000000
2008-01-29,004020,현대제철,B,C,실행,-20.7,68500.0,-5.3,월10,-8.6,손절,2,0.6,6706935601000
2008-01-29,000880,한화,A,C,실행,-20.7,50000.0,-15.7,주60주,-6.5,손절,2,4.6,5307078438000
2008-01-28,001450,현대해상,A,B,실행,-21.2,18350.0,-12.8,월10,7.4,목표,1,20.4,2279700000000
2008-01-28,005830,DB손해보험,A,A,실행,-21.2,37100.0,-15.4,일240,-5.8,손절,2,5.0,3872760000000
2008-01-23,000215,DL우,A,B,실행,-21.1,58500.0,-14.8,주60주,-4.6,트레일,6,-6.7,306280000000
2008-01-23,025900,동화기업,A,B,실행,-21.1,19500.0,-13.5,주60주,7.8,목표,1,35.1,590393857900
2008-01-23,084730,팅크웨어,A,B,실행,-21.1,27600.0,-16.6,주60주,10.0,목표,1,26.6,311494700000
2008-01-23,066270,066270,A,B,실행,-21.1,25550.0,-17.7,월10,10.8,목표,3,-39.3,1405376245000
2008-01-23,034020,두산에너빌리티,A,C,실행,-21.1,100000.0,-13.0,월10,7.5,목표,1,26.0,13197605400000
2008-01-22,009410,태영건설,A,A,실행,-22.1,10250.0,-14.2,일240,-5.7,손절,6,-21.5,870960000000
2008-01-22,034020,두산에너빌리티,A,B,실행,-22.1,102500.0,-17.3,월10,10.5,목표,3,21.5,13197605400000
2008-01-22,012630,HDC,A,C,실행,-22.1,66700.0,-14.5,주60주,8.5,목표,1,-10.0,6897652470000
2008-01-22,003490,대한항공,B,A,실행,-22.1,66300.0,-10.3,월10,-0.6,트레일,28,-12.2,5527421260800
2008-01-22,000210,DL,A,A,실행,-22.1,131500.0,-17.6,주60주,10.6,목표,3,-9.1,6229200000000
2008-01-22,016360,삼성증권,A,C,실행,-22.1,68700.0,-13.6,주60주,-7.0,트레일,6,-0.7,6068632982000
2008-01-22,000880,한화,A,A,실행,-22.1,55200.0,-13.7,주60주,8.0,목표,3,-7.8,5307078438000
2008-01-22,022100,포스코DX,A,B,실행,-22.1,8800.0,-15.0,일240,8.8,목표,1,7.6,909300340000
2008-01-22,010060,OCI홀딩스,B,C,실행,-22.1,198500.0,-14.6,월10,9.0,트레일,6,70.3,5010395234000
2008-01-22,000150,두산,A,B,실행,-22.1,145000.0,-16.2,일240,9.7,목표,3,10.7,4399941876000
2008-01-22,011810,STX,A,C,실행,-22.1,54100.0,-20.1,주60주,12.6,목표,1,8.3,2884939445500
2008-01-22,034830,한국토지신탁,A,A,실행,-22.1,1590.0,-12.9,월10,7.4,목표,3,5.7,377471398850
2008-01-22,006360,GS건설,A,A,실행,-22.1,130500.0,-16.1,일240,-4.6,트레일,5,-2.7,7956000000000
2008-01-22,003530,한화투자증권,A,C,실행,-22.1,15600.0,-13.8,주60주,-7.2,트레일,4,-28.5,855444407900
2008-01-22,012090,012090,A,B,실행,-22.1,12900.0,-17.3,월10,10.5,목표,1,-14.0,395446780100
2008-01-22,025900,동화기업,A,B,실행,-22.1,19500.0,-20.2,주60주,-6.5,손절,1,34.4,590393857900
2008-01-22,084730,팅크웨어,A,C,실행,-22.1,29000.0,-15.9,일240,9.5,목표,3,22.4,311494700000
2008-01-22,023410,유진기업,A,C,실행,-22.1,10400.0,-14.8,주60주,8.7,목표,3,-4.7,533854427700
2008-01-22,030610,교보증권,A,B,실행,-22.1,18250.0,-24.7,일240,16.4,목표,3,12.3,745200000000
2008-01-22,001440,대한전선,A,C,실행,-22.1,36800.0,-21.7,주60주,13.9,목표,3,33.7,2403939118000
2008-01-22,000155,두산우,A,A,실행,-22.1,52000.0,-12.2,주60주,6.9,목표,3,0.0,317036429000
2008-01-22,089480,089480,A,C,실행,-22.1,37550.0,-14.6,주60주,-5.0,손절,6,10.0,878181342000
2008-01-22,016880,웅진,A,A,실행,-22.1,17350.0,-12.8,일240,7.3,목표,1,21.9,1034302815700
2008-01-22,014820,동원시스템즈,A,C,실행,-22.1,2160.0,-12.2,주60주,6.9,목표,3,2.1,328625244500
2008-01-21,002020,코오롱,A,C,실행,-18.5,26100.0,-16.2,주60주,-5.4,손절,1,-4.8,604836893000
2008-01-18,000210,DL,B,C,실행,-16.0,159500.0,-3.3,월10,-8.9,손절,1,-28.8,6229200000000
2008-01-17,035420,NAVER,B,C,실행,-16.5,208000.0,-10.0,월10,-3.8,트레일,9,-7.5,10818523013900
2008-01-16,046890,서울반도체,A,B,실행,-17.4,21050.0,-12.5,주60주,-5.5,손절,1,-15.0,1260197120000
2008-01-16,086280,현대글로비스,A,B,실행,-17.4,50000.0,-15.3,일240,-7.4,손절,4,-1.2,2381250000000
2008-01-16,049690,049690,A,B,실행,-17.4,19750.0,-23.9,주60주,-2.2,트레일,4,-17.5,495427026400
2008-01-16,067250,067250,A,A,실행,-17.4,40000.0,-12.1,주60주,-6.2,손절,2,-23.5,3600000000000
2008-01-16,069260,TKG휴켐스,A,C,실행,-17.4,18850.0,-15.5,월10,9.2,목표,20,14.1,403463161400
2008-01-16,004020,현대제철,B,C,실행,-17.4,68300.0,-13.0,월10,-8.3,손절,4,-4.4,6706935601000
2008-01-16,053660,053660,A,B,실행,-17.4,34000.0,-20.9,주60주,-5.2,손절,4,-15.3,572850000000
2008-01-16,004980,성신양회,A,B,실행,-17.4,16100.0,-14.1,주60주,-5.0,손절,1,-40.2,310112955000
2008-01-16,011810,STX,A,B,실행,-17.4,67000.0,-12.4,일240,-7.4,트레일,3,-16.9,2884939445500
2008-01-16,002990,금호건설,A,C,실행,-17.4,46000.0,-12.9,주60주,-7.8,손절,1,-19.6,2299259649200
2008-01-16,089480,089480,A,B,실행,-17.4,43500.0,-14.7,월10,-7.8,손절,4,2.3,878181342000
2008-01-15,028050,삼성E&A,A,C,실행,-15.4,79200.0,-12.6,주60주,7.2,목표,2,3.7,3752000000000
2008-01-15,009540,HD한국조선해양,B,A,실행,-15.4,367500.0,-10.3,월10,-3.6,손절,1,-8.8,33630000000000
2008-01-15,077970,STX엔진,A,A,실행,-15.4,51100.0,-15.5,주60주,-6.5,손절,1,-23.3,1849655728500
2008-01-15,000880,한화,B,C,실행,-15.4,63900.0,-8.1,월10,-7.2,손절,4,-27.2,5307078438000
2008-01-15,010620,010620,A,B,실행,-15.4,226500.0,-13.2,주60주,-6.5,손절,4,-4.4,5770000000000
2008-01-15,049690,049690,A,A,실행,-15.4,23200.0,-15.3,월10,-9.5,손절,1,-26.5,495427026400
2008-01-14,000830,000830,B,C,실행,-14.5,60000.0,-9.9,월10,-6.3,손절,6,2.3,11247679008000
2008-01-14,042660,한화오션,A,C,실행,-14.5,40800.0,-12.2,주60주,-7.1,손절,4,-26.0,9875763112800
2008-01-14,005960,동부건설,A,C,실행,-14.5,19250.0,-15.2,주60주,-7.2,손절,1,-15.3,517520693750
2008-01-14,009540,HD한국조선해양,B,C,실행,-14.5,382500.0,-10.0,월10,-7.4,손절,2,-9.0,33630000000000
2008-01-14,071660,071660,A,C,실행,-14.5,26550.0,-12.1,주60주,6.9,목표,3,-22.0,709065000000
2008-01-11,010130,고려아연,A,C,실행,-13.7,127500.0,-13.9,주60주,-6.1,손절,4,2.4,2462535000000
2008-01-11,078930,GS,B,C,실행,-13.7,53600.0,-7.3,월10,-8.1,손절,2,-23.0,5398383461800
2008-01-11,035250,강원랜드,B,C,실행,-13.7,23650.0,-4.3,월10,-9.5,손절,5,-13.3,5262936300000
2008-01-09,006800,미래에셋증권,B,A,실행,-10.7,27600.0,-12.4,월10,-7.9,손절,2,-21.0,5817087264600
2008-01-08,016360,삼성증권,B,C,실행,-11.6,83500.0,-3.2,월10,-8.7,손절,5,-25.7,6068632982000
2008-01-08,005490,POSCO홀딩스,B,B,실행,-11.6,540000.0,-4.3,월10,-5.4,손절,8,-5.7,50132430125000
2008-01-04,003600,003600,B,A,실행,-9.7,189000.0,-4.1,월10,-4.8,손절,1,-13.5,9298438776000
2008-01-03,010620,010620,B,B,실행,-10.3,272000.0,-5.7,월10,-5.9,손절,6,-2.6,5770000000000
2008-01-03,011200,HMM,B,B,실행,-10.3,40650.0,-5.5,월10,-4.6,손절,2,-6.2,5722148847000
2007-12-21,011200,HMM,B,A,실행,-9.0,39800.0,-4.1,월10,-5.0,트레일,12,1.1,5529192664950
2007-12-18,003600,003600,B,C,실행,-9.8,189000.0,-6.9,월10,-8.7,손절,18,-11.1,10096789580000
2007-12-12,005160,동국산업,A,A,실행,-6.7,6390.0,-21.2,일240,-6.5,트레일,3,-16.0,358800000000
2007-12-11,010620,010620,B,C,실행,-6.8,281500.0,-3.6,월10,-10.1,손절,20,-13.3,6390000000000
2007-12-11,008000,008000,A,A,실행,-6.8,8570.0,-18.4,일240,-7.9,손절,3,-39.9,465668458200
2007-12-10,010620,010620,B,C,실행,-7.7,274500.0,-10.4,월10,-7.8,손절,21,-14.8,6390000000000
2007-12-10,008000,008000,A,B,실행,-7.7,8950.0,-18.6,월10,-5.0,손절,1,-44.0,465668458200
2007-11-23,011790,SKC,A,C,실행,-14.1,23700.0,-18.3,주60주,11.2,목표,1,-7.2,1412387457000
2007-11-23,004000,롯데정밀화학,A,A,실행,-14.1,41600.0,-16.8,월10,10.1,목표,3,12.7,1741500000000
2007-11-23,010620,010620,B,C,실행,-14.1,257000.0,-7.9,월10,9.5,트레일,11,-9.5,7890000000000
2007-11-23,000800,000800,A,A,실행,-14.1,35000.0,-12.5,월10,7.1,목표,1,-2.9,820100348800
2007-11-23,007570,일양약품,A,B,실행,-14.1,42000.0,-14.1,주60주,8.2,목표,1,20.2,991407577800
2007-11-23,001200,유진투자증권,A,B,실행,-14.1,1715.0,-13.8,주60주,8.0,목표,1,2.0,1369393801600
2007-11-23,011170,롯데케미칼,A,C,실행,-14.1,88700.0,-21.5,주60주,13.7,목표,2,-2.3,4332960000000
2007-11-23,036930,주성엔지니어링,A,A,실행,-14.1,16550.0,-13.8,월10,8.0,목표,1,2.7,762232323000
2007-11-23,014940,오리엔탈정공,A,B,실행,-14.1,10100.0,-18.2,월10,11.1,목표,1,-10.5,345672204450
2007-11-22,000215,DL우,A,B,실행,-12.9,60900.0,-13.6,월10,-6.8,손절,1,-3.9,330600000000
2007-11-22,012090,012090,A,C,실행,-12.9,9950.0,-13.9,주60주,-6.9,손절,1,40.2,484291651400
2007-11-22,002550,002550,A,A,실행,-12.9,20800.0,-12.1,월10,6.9,목표,2,-9.4,1650000000000
2007-11-22,000210,DL,B,C,실행,-12.9,138500.0,-9.5,월10,-7.9,손절,1,-1.8,6803400000000
2007-11-22,011170,롯데케미칼,A,B,실행,-12.9,99700.0,-16.6,일240,-5.0,손절,1,-18.8,4332960000000
2007-11-22,001040,CJ,A,C,실행,-12.9,69000.0,-12.1,월10,6.9,목표,3,15.9,1916244630400
2007-11-22,000670,영풍,A,B,실행,-12.9,465500.0,-12.0,월10,6.8,목표,3,-15.6,1191799880000
2007-11-22,001200,유진투자증권,A,A,실행,-12.9,1860.0,-12.9,일240,-6.7,손절,1,-9.1,1369393801600
2007-11-21,005960,동부건설,A,B,실행,-12.5,20600.0,-14.0,일240,-6.3,손절,2,-29.1,621024832500
2007-11-21,012090,012090,A,A,실행,-12.5,10350.0,-13.8,주60주,-5.3,손절,1,24.6,484291651400
2007-11-20,090430,아모레퍼시픽,B,A,실행,-9.3,710000.0,-6.2,월10,-4.3,트레일,3,-9.9,5009892593000
2007-11-15,042670,042670,B,C,실행,-5.7,32800.0,-8.4,월10,-9.9,손절,6,-14.2,6356349115200
2007-11-13,088960,088960,A,C,실행,-6.4,14050.0,-26.1,주60주,-9.4,손절,1,-58.0,858595225600
2007-11-12,016610,DB증권,A,A,실행,-6.8,13000.0,-12.8,일240,7.3,목표,2,-1.5,338376059350
2007-10-25,001120,LX인터내셔널,A,C,주의,-4.0,24750.0,-12.5,주60주,7.2,목표,2,-9.1,1122102000000
2007-10-22,008560,008560,A,B,실행,-7.5,10100.0,-13.3,일240,7.7,목표,4,-9.0,416562315300
2007-10-17,016380,KG스틸,A,B,주의,-3.6,13550.0,-18.1,일240,11.1,목표,2,26.6,542913909400
2007-10-16,053110,053110,A,C,주의,-2.6,2750.0,-24.8,주60주,-7.2,트레일,3,-12.7,542619067030
2007-10-15,053110,053110,A,B,주의,-1.1,3110.0,-27.7,일240,-5.0,손절,1,-20.3,542619067030
2007-10-08,047080,한빛소프트,A,B,주의,-0.1,11900.0,-19.3,월10,12.0,목표,1,-41.2,327405142400
2007-10-05,004980,성신양회,A,C,주의,-0.9,15100.0,-13.2,주60주,-7.5,손절,4,-4.0,332127146250
2007-08-29,003600,003600,B,B,실행,-8.9,141500.0,-7.2,월10,47.0,목표,26,79.9,6493953006000
2007-08-28,003600,003600,B,C,실행,-8.7,146500.0,-7.6,월10,42.0,목표,27,82.3,6493953006000
2007-08-28,035950,035950,A,C,실행,-8.7,9450.0,-12.1,주60주,-7.3,트레일,9,-25.9,311290972300
2007-08-20,035950,035950,A,C,실행,-13.6,9300.0,-18.8,주60주,11.6,목표,1,-23.7,311290972300
2007-08-17,003600,003600,B,C,실행,-18.3,148500.0,-9.2,월10,-5.3,트레일,8,61.6,6493953006000
2007-08-17,000060,000060,A,A,실행,-18.3,7240.0,-15.1,일240,8.9,목표,1,63.0,866580000000
2007-08-17,002000,002000,A,C,실행,-18.3,33900.0,-14.6,주60주,8.6,목표,3,7.5,482311731000
2007-08-17,003545,대신증권우,A,C,실행,-18.3,14050.0,-13.0,주60주,7.5,목표,1,4.3,505700000000
2007-08-17,010520,010520,A,B,실행,-18.3,10100.0,-14.4,주60주,8.4,목표,1,10.9,1090720000000
2007-08-17,003410,003410,A,B,실행,-18.3,12700.0,-12.1,주60주,6.9,목표,3,25.2,1202033019600
2007-08-17,004150,한솔홀딩스,A,C,실행,-18.3,13450.0,-20.6,주60주,13.0,목표,2,36.1,783059236500
2007-08-17,033500,동성화인텍,A,C,실행,-18.3,14750.0,-18.7,주60주,11.5,목표,4,28.1,316500000000
2007-08-17,035950,035950,A,B,실행,-18.3,9750.0,-27.5,주60주,-6.1,손절,1,-33.8,311290972300
2007-08-17,017960,한국카본,A,C,실행,-18.3,7910.0,-21.3,주60주,13.5,목표,4,1.3,300900000000
2007-08-17,003640,003640,A,C,실행,-18.3,23000.0,-14.5,주60주,8.5,목표,2,11.5,303183000000
2007-08-17,004200,004200,A,B,실행,-18.3,23200.0,-23.4,일240,15.3,목표,2,19.8,368400000000
2007-08-17,011160,011160,A,C,실행,-18.3,12200.0,-15.6,주60주,9.2,목표,1,26.2,1353112150500
2007-08-17,001430,세아베스틸지주,A,A,실행,-18.3,18850.0,-14.9,월10,8.8,목표,1,-0.3,898346080950
2007-08-16,005940,NH투자증권,A,A,실행,-15.6,22450.0,-15.9,월10,9.5,목표,2,16.7,4041672821500
2007-08-16,042670,042670,B,C,실행,-15.6,27050.0,-20.0,월10,13.8,트레일,20,53.8,6221823208000
2007-08-16,033500,동성화인텍,A,B,실행,-15.6,15450.0,-18.9,주60주,-5.0,손절,1,18.4,316500000000
2007-08-16,005810,풍산홀딩스,A,C,실행,-15.6,22200.0,-17.5,주60주,-5.0,손절,1,24.5,993600000000
2007-08-16,000060,000060,A,B,실행,-15.6,7370.0,-18.1,일240,11.1,목표,2,39.8,866580000000
2007-08-16,003545,대신증권우,A,B,실행,-15.6,14450.0,-15.5,주60주,9.2,목표,2,0.3,505700000000
2007-08-16,003540,대신증권,A,C,실행,-15.6,26250.0,-18.5,월10,11.3,목표,2,9.3,1904002500000
2007-08-16,035720,카카오,A,C,실행,-15.6,56900.0,-14.3,주60주,8.3,목표,4,31.8,899024934600
2007-08-16,031980,피에스케이홀딩스,A,C,실행,-15.6,10550.0,-19.8,주60주,12.3,목표,1,-2.8,328293534500
2007-08-16,036830,솔브레인홀딩스,A,B,실행,-15.6,21050.0,-20.3,주60주,-5.0,손절,1,-7.8,416376109800
2007-08-16,047080,한빛소프트,A,C,실행,-15.6,10900.0,-17.4,월10,-9.1,손절,1,-5.5,303711349200
2007-08-16,010520,010520,A,B,실행,-15.6,10300.0,-15.6,주60주,9.2,목표,3,3.4,1090720000000
2007-08-16,035950,035950,A,B,실행,-15.6,11450.0,-18.8,월10,-5.0,손절,1,-47.3,311290972300
2007-08-16,011160,011160,A,B,실행,-15.6,12300.0,-18.0,주60주,-5.0,손절,1,27.6,1353112150500
2007-08-16,036710,심텍홀딩스,A,C,실행,-15.6,9800.0,-17.6,월10,10.7,목표,2,-5.1,368560000000
2007-08-16,017960,한국카본,A,B,실행,-15.6,8550.0,-19.3,주60주,-6.2,손절,1,-8.5,300900000000
2007-08-14,031980,피에스케이홀딩스,A,B,실행,-9.3,12350.0,-18.2,일240,-6.2,손절,1,-17.8,328293534500
2007-08-02,000270,기아,A,C,실행,-7.5,12350.0,-12.1,월10,6.9,목표,4,-3.6,4878587892750
2007-06-22,065810,065810,A,B,주의,-2.0,8650.0,-27.3,주60주,-5.0,손절,1,-87.4,374006610500
2007-06-21,065810,065810,A,C,관찰만,-0.8,10150.0,-27.5,일240,-8.3,손절,1,-89.1,374006610500
2007-04-23,001740,SK네트웍스,B,A,관찰만,0.0,34200.0,-10.5,월10,-6.3,손절,3,-25.7,7061584212000
2007-04-20,001740,SK네트웍스,B,C,관찰만,-0.1,34200.0,-13.3,월10,-6.3,손절,4,-26.5,7061584212000
2007-04-05,056200,056200,A,B,관찰만,-0.1,8110.0,-12.5,월10,7.2,목표,7,-3.9,317974931550
2007-03-21,032710,032710,A,C,주의,-1.8,52900.0,-18.1,주60주,-5.0,손절,1,-11.0,7797976866600
2007-01-26,001740,SK네트웍스,B,C,주의,-6.4,30450.0,-3.3,월10,-9.1,손절,25,-0.3,9095122350000
2007-01-22,001740,SK네트웍스,B,A,주의,-6.9,29000.0,-7.3,월10,-1.8,트레일,28,-1.9,9095122350000
2007-01-11,001740,SK네트웍스,B,C,주의,-6.8,29750.0,-5.6,월10,-4.3,트레일,35,-3.5,9095122350000
2007-01-10,001740,SK네트웍스,B,C,주의,-7.4,30200.0,-7.1,월10,-5.7,트레일,36,-5.6,9095122350000
2006-12-13,001740,SK네트웍스,B,C,주의,-5.6,27200.0,-6.0,월10,28.7,목표,6,11.9,7171262940000
2006-11-14,007640,007640,A,C,관찰만,-3.9,7570.0,-17.7,주60주,-5.0,손절,1,-53.2,530015703000
2006-10-24,057330,057330,A,C,주의,-6.7,15650.0,-18.5,주60주,11.3,목표,2,-1.9,422997018100
2006-10-20,000660,SK하이닉스,B,C,주의,-6.9,36100.0,-3.3,월10,0.4,만기,40,0.4,17121520189700
2006-10-10,039130,하나투어,A,C,주의,-9.3,54000.0,-16.3,주60주,9.7,목표,20,12.8,701542913500
2006-10-10,000660,SK하이닉스,B,C,주의,-9.3,35050.0,-4.0,월10,4.3,만기,40,4.3,17121520189700
2006-10-10,022100,포스코DX,A,C,주의,-9.3,5800.0,-13.4,주60주,-8.3,손절,1,30.2,538240560000
2006-10-09,037150,037150,A,C,주의,-9.9,19900.0,-15.3,주60주,9.0,목표,4,21.9,531137622600
2006-08-02,060000,060000,B,C,실행,-11.6,79300.0,-4.9,월10,-7.0,손절,35,-5.2,28054018274400
2006-07-19,004010,004010,A,B,실행,-15.8,15900.0,-14.1,주60주,8.2,목표,7,7.5,1052145400300
2006-07-18,011200,HMM,A,C,실행,-15.8,14300.0,-14.6,월10,8.6,목표,7,21.0,1875932767800
2006-07-18,035080,그래디언트,A,B,실행,-15.8,7830.0,-12.6,주60주,-5.0,손절,1,-13.9,429464357910
2006-06-27,011780,금호석유화학,A,C,실행,-14.8,21400.0,-14.4,주60주,8.4,목표,3,6.8,719511850100
2006-06-21,000720,현대건설,A,B,실행,-16.2,39100.0,-13.0,주60주,7.5,목표,6,21.4,5098565461600
2006-06-09,000670,영풍,A,A,실행,-15.6,158000.0,-15.1,월10,8.9,목표,3,40.5,382223300000
2006-06-08,000670,영풍,A,B,실행,-16.5,160000.0,-17.9,월10,-5.0,손절,1,43.8,382223300000
2006-06-08,002990,금호건설,A,C,실행,-16.5,17600.0,-13.3,주60주,-6.6,손절,3,-11.6,891674015900
2006-06-07,022100,포스코DX,A,C,실행,-13.5,5700.0,-17.3,일240,-7.4,트레일,5,-21.3,599404260000
2006-06-07,023410,유진기업,A,B,실행,-13.5,8790.0,-13.4,주60주,7.7,목표,2,-27.9,320939810100
2006-06-05,023410,유진기업,A,B,실행,-11.1,9000.0,-14.7,주60주,-5.0,손절,1,-28.6,320939810100
2006-06-02,053000,053000,B,C,실행,-10.6,18650.0,-4.4,월10,-6.0,손절,2,2.1,15717299130000
2006-06-01,016420,016420,A,B,실행,-11.6,11200.0,-23.8,주60주,-7.3,손절,2,-14.6,312049733100
2006-05-18,003560,003560,A,A,실행,-6.8,8150.0,-14.6,월10,-5.9,손절,4,-7.4,347390542290
2006-05-16,011760,현대코퍼레이션,A,A,실행,-5.6,26200.0,-14.1,월10,-5.8,손절,2,-20.6,675476510500
2006-05-15,069080,웹젠,A,B,주의,-3.5,21100.0,-13.3,주60주,7.7,목표,5,-26.1,312601100000
2006-04-26,057330,057330,A,C,관찰만,-0.0,9610.0,-17.9,일240,10.9,목표,1,123.7,337696514450
2006-02-23,004800,효성,A,A,주의,-4.3,13500.0,-15.1,월10,8.9,목표,3,43.3,600400412250
2006-02-16,069080,웹젠,A,C,실행,-7.6,19600.0,-13.8,월10,8.0,목표,26,28.3,341759500000
2006-02-15,069080,웹젠,A,C,실행,-8.3,19350.0,-20.2,월10,12.7,목표,29,29.5,341759500000
2006-02-08,000270,기아,B,C,실행,-7.8,19750.0,-6.0,월10,4.6,만기,40,4.6,7812685237500
2006-02-06,005960,동부건설,A,C,실행,-5.6,15200.0,-16.3,주60주,9.7,목표,12,13.8,434717382750
2006-02-03,004200,004200,A,B,실행,-6.2,26550.0,-12.1,일240,6.9,목표,8,20.5,384000000000
2006-02-03,005960,동부건설,A,B,실행,-6.2,16050.0,-16.0,주60주,-5.9,손절,1,9.7,434717382750
2006-02-02,028150,028150,A,B,주의,-3.3,94500.0,-12.7,일240,-5.2,손절,2,-2.6,710062500000
2006-01-23,077970,STX엔진,A,C,실행,-8.7,13200.0,-15.9,주60주,9.5,목표,4,12.5,454527803050
2006-01-23,001510,SK증권,A,B,실행,-8.7,1155.0,-20.3,주60주,12.8,목표,1,14.7,497782200905
2006-01-23,003620,KG모빌리티,A,C,실행,-8.7,7060.0,-13.4,주60주,7.7,목표,2,-7.6,982141560600
2006-01-23,014820,동원시스템즈,A,A,실행,-8.7,1765.0,-24.1,주60주,15.9,목표,4,2.8,313218256000
2006-01-23,003410,003410,A,B,실행,-8.7,11800.0,-15.1,주60주,-5.7,트레일,11,39.8,1060178191200
2006-01-23,003520,영진약품,A,C,실행,-8.7,3145.0,-23.7,주60주,-5.0,손절,1,1.1,418883962580
2006-01-23,003560,003560,A,C,실행,-8.7,5890.0,-22.3,일240,14.3,목표,1,46.5,341819633860
2006-01-23,001630,종근당홀딩스,A,A,실행,-8.7,26250.0,-20.9,월10,13.2,목표,1,51.2,451165125000
2006-01-20,003410,003410,A,B,실행,-6.8,12600.0,-12.5,일240,-5.3,손절,1,36.9,1060178191200
2006-01-20,003560,003560,A,A,실행,-6.8,6600.0,-16.1,월10,-5.1,손절,1,36.4,341819633860
2006-01-20,046890,서울반도체,A,C,실행,-6.8,29450.0,-17.5,일240,10.6,목표,3,12.1,451429700000
2005-12-20,033030,033030,A,C,관찰만,0.0,7350.0,-14.5,월10,8.5,목표,1,1.2,306601867530
2005-12-19,033030,033030,A,C,관찰만,0.0,7310.0,-27.6,월10,-3.6,트레일,3,1.2,306601867530
2005-12-19,041960,코미팜,A,C,관찰만,0.0,38050.0,-15.8,주60주,9.4,목표,2,-25.6,476273045500
2005-08-29,011160,011160,A,C,실행,-5.9,4620.0,-15.2,일240,9.0,목표,3,53.7,670602608930
2005-08-03,036930,주성엔지니어링,A,B,관찰만,-0.2,11150.0,-18.0,주60주,-5.0,손절,1,-12.0,447264174000
2005-04-07,002000,002000,A,C,주의,-3.3,59700.0,-13.6,주60주,7.9,목표,1,-2.8,818468392000
2005-04-06,002000,002000,A,C,주의,-3.4,58800.0,-27.6,주60주,19.0,목표,3,1.9,818468392000
2004-11-23,000660,SK하이닉스,B,C,실행,-8.1,11600.0,-4.5,월10,-9.2,손절,4,13.4,5649793589900
2004-11-16,067250,067250,A,C,실행,-6.4,15100.0,-13.7,일240,7.9,목표,11,9.3,383768204400
2004-11-09,000660,SK하이닉스,B,C,실행,-9.8,11450.0,-5.0,월10,-5.0,트레일,13,3.5,5649793589900
2004-10-14,010130,고려아연,A,A,실행,-9.6,23150.0,-13.1,일240,-6.0,손절,4,23.5,402874500000
2004-07-30,000660,SK하이닉스,A,A,실행,-21.4,9000.0,-12.6,주60주,-6.5,손절,2,15.6,4003790733000
2004-07-12,001740,SK네트웍스,A,C,실행,-20.3,14650.0,-14.3,월10,-7.2,트레일,10,-4.4,4996043355600
2004-06-21,001740,SK네트웍스,A,A,실행,-20.0,15000.0,-13.5,월10,-7.9,트레일,2,-7.7,6751409940000
2004-06-14,011200,HMM,A,B,실행,-21.1,7750.0,-13.8,일240,8.0,목표,5,26.8,809124847650
2004-06-14,036930,주성엔지니어링,A,B,실행,-21.1,8100.0,-18.2,일240,11.1,목표,10,-4.0,311135933800
2004-06-11,002860,002860,B,C,실행,-19.7,23100.0,-7.0,월10,-6.5,손절,8,0.0,5097366372000
2004-05-27,042670,042670,A,B,실행,-14.3,7550.0,-12.4,주60주,-5.4,손절,5,8.3,1513296029840
2004-05-18,011200,HMM,A,B,실행,-20.7,6360.0,-13.8,주60주,8.0,목표,1,37.6,758618965440
2004-05-18,004020,현대제철,A,C,실행,-20.7,8250.0,-14.1,주60주,8.2,목표,1,13.8,1127436276600
2004-05-17,012330,현대모비스,A,C,실행,-22.1,39600.0,-13.0,주60주,7.4,목표,2,25.9,4284085024800
2004-05-17,005830,DB손해보험,A,B,실행,-22.1,4160.0,-18.3,월10,11.2,목표,2,7.7,438960000000
2004-05-17,000240,한국앤컴퍼니,A,B,실행,-22.1,7420.0,-16.7,주60주,10.0,목표,1,27.4,1429808124080
2004-05-17,004020,현대제철,A,C,실행,-22.1,8250.0,-20.7,주60주,-6.0,손절,1,14.9,1127436276600
2004-05-17,011200,HMM,A,C,실행,-22.1,6280.0,-18.0,주60주,-5.0,손절,1,43.3,758618965440
2004-05-17,066570,LG전자,A,C,실행,-22.1,53800.0,-14.9,주60주,8.7,목표,2,0.2,9939965925600
2004-05-17,005935,삼성전자우,B,C,실행,-22.1,280000.0,-12.2,월10,-2.4,트레일,19,3.6,7482270348000
2004-05-17,051370,인터플렉스,A,B,실행,-22.1,24550.0,-15.9,일240,9.5,목표,2,11.4,369615000000
2004-05-17,055550,신한지주,A,C,실행,-22.1,16200.0,-16.3,주60주,9.7,목표,2,1.9,6020506585000
2004-05-17,036930,주성엔지니어링,A,C,실행,-22.1,8630.0,-18.6,월10,11.4,목표,1,7.0,410013200000
2004-05-17,035420,NAVER,A,B,실행,-22.1,81800.0,-18.8,월10,11.6,목표,2,28.2,1578870683600
2004-05-14,035720,카카오,A,C,실행,-17.9,50000.0,-12.6,월10,-5.4,손절,1,-3.6,751323345000
2004-05-14,000210,DL,A,A,실행,-17.9,30700.0,-12.3,주60주,7.0,목표,2,18.6,1560880000000
2004-05-11,042670,042670,A,C,실행,-15.5,7200.0,-21.1,주60주,-1.6,트레일,3,9.6,1513296029840
2004-05-11,000700,유수홀딩스,A,C,실행,-15.5,14550.0,-12.1,주60주,-6.3,손절,3,11.3,1183283409000
2004-05-11,055550,신한지주,B,C,실행,-15.5,19600.0,-6.2,월10,-9.6,손절,4,-14.5,6020506585000
2004-05-11,001230,동국홀딩스,A,B,실행,-15.5,7110.0,-12.8,일240,7.3,목표,2,24.5,676754767700
2004-05-10,004940,004940,A,B,실행,-15.5,5100.0,-17.5,주60주,-4.6,트레일,4,10.4,3972626048160
2004-05-07,001740,SK네트웍스,A,B,실행,-10.4,14300.0,-17.6,월10,10.7,목표,1,0.0,5569913200500
2004-05-07,053000,053000,B,C,실행,-10.4,7890.0,-8.3,월10,-9.7,손절,1,-7.5,6405670556600
2004-04-30,011170,롯데케미칼,A,B,실행,-7.8,43700.0,-12.9,주60주,-8.5,손절,1,-13.5,1392282000000
2004-04-29,011170,롯데케미칼,A,B,실행,-6.5,45100.0,-14.9,주60주,-7.3,손절,2,-18.4,1481490000000
2004-03-26,010130,고려아연,A,C,주의,-4.8,22800.0,-13.6,주60주,7.9,목표,4,-22.4,551004000000
2004-03-25,009830,한화솔루션,A,C,실행,-6.0,7480.0,-21.9,주60주,14.0,목표,5,-23.9,1136113443600
2004-03-15,060000,060000,B,C,실행,-6.1,45000.0,-3.8,월10,-6.5,트레일,35,-10.9,16516214595600
2004-02-05,009720,009720,A,C,관찰만,-3.2,61100.0,-13.2,주60주,7.6,목표,3,-1.8,553026187500
2004-01-27,042100,042100,A,A,관찰만,-0.7,2445.0,-17.1,주60주,10.3,목표,9,6.5,569966000000
2004-01-16,042420,네오위즈홀딩스,A,B,관찰만,-0.3,42500.0,-21.6,주60주,-5.0,손절,4,-10.1,380125820000
2003-12-17,003550,LG,A,C,주의,-2.7,7930.0,-14.7,주60주,8.6,목표,2,32.4,2365360055190
2003-11-24,068870,068870,A,A,실행,-7.3,31600.0,-13.7,일240,7.9,목표,5,17.7,513654382500
2003-11-13,003410,003410,A,A,주의,0.0,1605.0,-14.2,주60주,8.3,목표,3,-2.8,334173157570
2003-11-12,003410,003410,A,C,주의,-1.1,1640.0,-18.0,주60주,11.0,목표,5,-4.9,334173157570
2003-10-23,003450,003450,A,B,주의,-3.3,6290.0,-12.2,주60주,6.9,목표,3,-2.1,641025747180
2003-09-08,038400,038400,A,C,관찰만,-0.8,8760.0,-12.4,월10,7.1,목표,1,-20.1,530370000000
2003-08-07,005380,현대차,B,C,실행,-5.6,33000.0,-7.0,주60주,10.3,목표,6,2.7,7711922310400
2003-07-25,014900,014900,A,A,주의,-6.2,6320.0,-13.8,월10,8.0,목표,5,-15.5,322768171080
2003-07-21,014900,014900,A,A,실행,-11.5,7120.0,-13.0,일240,-7.6,손절,3,-14.7,322768171080
2003-06-27,005890,005890,A,B,실행,-15.6,6300.0,-13.6,일240,6.3,진행중,4,,420261231320
2003-06-24,055550,신한지주,A,C,실행,-18.0,12150.0,-12.6,월10,7.2,목표,7,30.0,3581423781250
2003-06-24,066570,LG전자,B,C,실행,-18.0,46400.0,-4.1,주60주,6.9,목표,2,29.3,5661033964650
2003-05-19,009830,한화솔루션,A,B,실행,-31.8,4370.0,-12.9,주60주,7.4,목표,2,33.9,374718118240
2003-04-25,047040,대우건설,A,A,실행,-38.8,2825.0,-12.3,일240,7.0,목표,2,22.3,469080144925
2003-04-25,000720,현대건설,A,B,실행,-38.8,2200.0,-19.4,일240,12.0,목표,2,8.6,810136934680
2003-02-26,001800,오리온홀딩스,A,C,실행,-37.0,52000.0,-12.6,주60주,-5.9,손절,5,2.9,305686483200
2003-01-27,025930,025930,A,A,실행,-36.7,13000.0,-15.0,일240,8.8,목표,5,-10.8,353475722600
2002-12-30,012990,012990,A,A,실행,-33.1,13600.0,-13.4,주60주,7.7,목표,3,19.9,614720000000
2002-12-27,001230,동국홀딩스,A,C,실행,-29.9,4770.0,-13.3,주60주,-5.6,손절,1,-9.4,395937150000
2002-12-24,003620,KG모빌리티,A,A,실행,-27.7,5810.0,-13.3,월10,-9.1,손절,3,-2.6,765610182960
2002-12-23,004010,004010,A,C,실행,-26.3,8900.0,-12.3,주60주,-5.5,손절,1,1.2,554412220220
2002-12-16,002380,KCC,A,A,실행,-26.2,120500.0,-15.7,주60주,-5.3,손절,8,-14.1,1350055320000
2002-11-29,003550,LG,A,A,실행,-22.7,8450.0,-13.3,일240,-9.6,손절,18,-17.3,720725072600
2002-10-22,006400,삼성SDI,A,C,실행,-31.8,72900.0,-16.7,주60주,10.0,목표,4,7.3,3821194985400
2002-10-09,005300,롯데칠성,A,B,실행,-33.9,608000.0,-12.0,일240,-5.0,손절,1,7.1,890786160000
2002-10-09,006400,삼성SDI,A,C,실행,-33.9,70700.0,-12.2,주60주,-5.3,손절,1,16.7,3821194985400
2002-09-26,035760,CJ ENM,A,B,실행,-29.4,58100.0,-12.5,주60주,-8.1,손절,7,-3.4,763382454600
2002-09-26,011170,롯데케미칼,A,A,실행,-29.4,18400.0,-13.4,주60주,-6.0,손절,2,23.4,812430000000
2002-09-25,035760,CJ ENM,A,B,실행,-29.8,58500.0,-22.0,주60주,-5.0,손절,3,-4.3,763382454600
2002-09-24,012750,에스원,A,B,실행,-28.3,18950.0,-13.9,주60주,8.0,목표,3,9.0,919580107600
2002-09-24,012990,012990,A,C,실행,-28.3,11600.0,-14.7,주60주,-7.8,트레일,11,28.0,700600000000
2002-09-24,035760,CJ ENM,A,A,실행,-28.3,66400.0,-17.0,일240,-5.5,손절,1,-17.2,763382454600
2002-09-23,012750,에스원,A,B,실행,-27.5,20000.0,-12.3,일240,-5.5,손절,2,2.0,919580107600
2002-09-09,011200,HMM,A,C,실행,-25.6,2690.0,-13.2,주60주,7.6,목표,6,-21.4,327772868220
2002-09-03,014900,014900,A,A,실행,-21.0,9140.0,-16.9,주60주,-7.5,손절,3,-11.7,511504202000
2002-08-07,002790,아모레퍼시픽홀딩스,A,B,실행,-27.5,118000.0,-13.2,일240,7.6,목표,3,2.1,1096603200000
2002-08-06,028150,028150,A,A,실행,-28.1,103500.0,-13.0,일240,7.5,목표,3,-19.9,836718750000
2002-08-06,005440,현대지에프홀딩스,A,A,실행,-28.1,30500.0,-12.4,일240,7.0,목표,3,-24.4,1025257161000
2002-08-05,003600,003600,A,C,실행,-27.9,15300.0,-15.5,주60주,9.2,목표,8,-17.3,2348442207000
2002-07-31,009840,009840,A,A,실행,-23.4,2825.0,-21.1,월10,-1.6,트레일,3,-46.0,441561749300
2002-07-29,000700,유수홀딩스,A,A,실행,-25.3,5510.0,-13.5,월10,-5.7,손절,5,-8.0,376315495500
2002-07-22,014900,014900,A,C,실행,-23.1,8200.0,-15.6,주60주,9.3,목표,1,4.9,364965198700
2002-07-22,005940,NH투자증권,A,A,실행,-23.1,13750.0,-12.4,주60주,7.1,목표,3,19.6,1626189760000
2002-07-11,001830,001830,A,A,실행,-18.4,5290.0,-12.6,주60주,7.2,목표,1,-21.2,511295109760
2002-07-11,018880,한온시스템,A,B,실행,-18.4,43450.0,-14.0,주60주,-5.9,손절,5,-3.5,575436400000
2002-06-27,003540,대신증권,A,C,실행,-24.2,16800.0,-15.8,주60주,9.4,목표,1,16.1,1102572640000
2002-06-27,005385,현대차우,A,B,실행,-24.2,11500.0,-19.9,주60주,12.4,목표,1,30.9,439424685000
2002-06-27,001450,현대해상,A,A,실행,-24.2,31150.0,-13.5,월10,7.8,목표,1,13.0,400512000000
2002-06-27,034120,SBS,A,A,실행,-24.2,40000.0,-13.8,일240,8.0,목표,4,8.2,1238568057500
2002-06-26,000700,유수홀딩스,A,B,실행,-25.1,5000.0,-12.3,주60주,7.0,목표,3,10.0,438676349040
2002-06-26,003690,코리안리,A,C,실행,-25.1,25800.0,-18.1,주60주,11.0,목표,1,17.4,394275189000
2002-06-26,001120,LX인터내셔널,A,A,실행,-25.1,4140.0,-14.6,주60주,8.5,목표,2,34.3,394400000000
2002-06-26,024110,기업은행,A,B,실행,-25.1,7100.0,-13.1,일240,7.5,목표,4,7.0,2553422967000
2002-06-26,009150,삼성전기,A,B,실행,-25.1,49600.0,-17.3,주60주,10.5,목표,1,10.5,5340599264000
2002-06-26,010140,삼성중공업,A,C,실행,-25.1,4185.0,-13.2,월10,7.6,목표,6,5.0,997336933920
2002-06-26,003540,대신증권,A,C,실행,-25.1,17000.0,-17.7,주60주,10.7,목표,2,17.1,1102572640000
2002-06-26,001450,현대해상,A,B,실행,-25.1,30600.0,-19.5,일240,12.1,목표,2,16.2,400512000000
2002-06-25,009150,삼성전기,A,C,실행,-19.4,54800.0,-14.9,월10,-11.7,손절,1,4.4,5340599264000
2002-06-20,036570,NC,A,C,실행,-17.1,142000.0,-12.1,주60주,-7.7,트레일,4,-8.5,800347500000
2002-06-19,036570,NC,A,C,실행,-17.2,143500.0,-14.6,주60주,-5.3,손절,1,-8.0,800347500000
2002-06-19,002790,아모레퍼시픽홀딩스,A,B,실행,-17.2,102000.0,-13.6,주60주,7.8,목표,1,27.5,1105104000000
2002-06-18,028080,휴맥스홀딩스,A,B,실행,-13.7,30800.0,-17.3,주60주,-7.2,손절,1,-26.8,1095002417250
2002-06-17,034020,두산에너빌리티,A,C,실행,-13.7,8650.0,-14.4,월10,-6.1,손절,2,-24.9,831516000000
2002-06-17,028080,휴맥스홀딩스,A,A,실행,-13.7,32800.0,-22.5,일240,-5.0,손절,1,-31.1,1095002417250
2002-05-31,005890,005890,A,C,실행,-15.1,8020.0,-13.0,주60주,-5.0,손절,1,-12.2,538417743640
2002-05-31,017670,SK텔레콤,B,C,실행,-15.1,270500.0,-6.7,월10,-9.0,손절,32,-16.8,24115797235000
2002-05-30,009410,태영건설,A,A,실행,-13.0,35000.0,-12.5,월10,7.1,목표,6,-10.3,325464000000
2002-05-29,008770,호텔신라,A,B,실행,-10.9,8070.0,-12.8,주60주,-6.2,손절,3,-16.1,431729331000
2002-05-15,015940,015940,A,C,실행,-8.0,23700.0,-12.2,월10,-5.0,손절,4,-22.2,632095200000
2002-04-30,001830,001830,A,A,실행,-10.2,5090.0,-15.9,주60주,9.4,목표,4,-10.2,569473109120
2002-04-29,002610,002610,A,B,실행,-10.6,66900.0,-27.7,주60주,-5.7,손절,1,-48.2,6980313150000
2002-04-26,002610,002610,B,B,실행,-7.2,78700.0,-27.5,월10,-5.4,손절,1,-54.0,6980313150000
2002-04-25,008270,008270,A,C,실행,-6.9,2950.0,-15.5,주60주,-5.0,손절,2,-36.3,530528655200
2002-04-23,009720,009720,A,B,주의,-1.3,80000.0,-17.1,일240,-6.6,손절,3,-5.9,904218000000
2002-04-12,003620,KG모빌리티,A,B,주의,-4.7,1110.0,-27.5,주60주,-5.3,손절,1,-43.8,1171947326125
2002-03-08,030200,KT,B,C,주의,-2.1,59000.0,-3.1,주60주,7.1,목표,8,-4.2,18201240119700
2002-02-15,000660,SK하이닉스,A,C,주의,-1.6,2015.0,-20.4,월10,-5.0,손절,1,-32.3,2467465118240
2002-01-16,000660,SK하이닉스,A,C,실행,-5.4,2675.0,-15.5,일240,-8.5,손절,1,-42.2,2447239994320
2001-12-18,008670,008670,A,C,실행,-8.6,4940.0,-14.5,일240,8.5,목표,2,13.4,1009945736140
2001-12-18,001510,SK증권,A,B,실행,-8.6,2130.0,-15.3,주60주,9.0,목표,6,13.6,805094685065
2001-12-17,009830,한화솔루션,A,C,실행,-8.0,3470.0,-16.4,월10,9.8,목표,8,77.8,403619249700
2001-09-17,005440,현대지에프홀딩스,A,A,실행,-31.0,10100.0,-18.5,주60주,11.4,목표,1,68.8,420412000000
2001-09-13,005380,현대차,A,A,실행,-27.9,18750.0,-15.2,월10,-8.0,손절,1,25.3,4666589352600
2001-09-13,000270,기아,A,C,실행,-27.9,7500.0,-14.3,주60주,-5.8,손절,1,26.7,3319370316600
2001-09-13,035720,카카오,A,C,실행,-27.9,28350.0,-12.6,월10,-8.4,손절,1,11.1,398728037500
2001-09-13,006260,LS,A,C,실행,-27.9,13800.0,-13.5,월10,-6.0,손절,1,3.3,534520000000
2001-09-12,036570,NC,A,B,실행,-31.3,92000.0,-14.4,월10,-5.0,손절,2,31.5,496023750000
2001-09-12,027460,027460,A,B,실행,-31.3,26500.0,-15.3,주60주,9.1,목표,1,,3407114175600
2001-09-12,023130,023130,A,A,실행,-31.3,16000.0,-13.0,일240,7.5,목표,1,,5221686647600
2001-09-12,005380,현대차,A,B,실행,-31.3,18800.0,-17.9,월10,-5.0,손절,2,19.7,4666589352600
2001-09-12,028080,휴맥스홀딩스,A,C,실행,-31.3,17650.0,-13.9,월10,8.1,목표,1,35.4,501942004200
2001-09-03,006800,미래에셋증권,A,C,실행,-26.6,7800.0,-13.3,일240,7.7,목표,1,-4.5,1233562445090
2001-09-03,005940,NH투자증권,A,B,실행,-26.6,8090.0,-12.1,월10,-7.2,트레일,7,7.5,1010644346250
2001-08-24,003450,003450,A,A,실행,-24.2,8280.0,-17.6,주60주,-8.6,트레일,5,-11.2,961538620770
2001-07-26,010520,010520,A,C,실행,-37.4,3240.0,-12.1,주60주,6.9,목표,12,-14.5,350157600000
2001-07-23,009720,009720,A,B,실행,-38.4,74200.0,-12.1,일240,6.9,목표,9,-29.9,823484250000
2001-07-19,010120,LS ELECTRIC,A,A,실행,-35.9,2245.0,-14.3,주60주,-5.6,손절,1,-18.3,385636118350
2001-07-18,010120,LS ELECTRIC,A,B,실행,-36.5,2300.0,-16.4,주60주,-7.2,손절,2,-13.7,385636118350
2001-07-11,009720,009720,A,B,실행,-35.0,69400.0,-27.7,주60주,0.0,트레일,2,-8.8,823484250000
2001-07-09,003450,003450,A,B,실행,-34.2,8380.0,-15.4,주60주,9.1,목표,3,-3.3,1093388398200
2001-07-09,006800,미래에셋증권,A,B,실행,-34.2,8050.0,-12.6,월10,7.2,목표,4,2.4,1437354989210
2001-04-16,009540,HD한국조선해양,A,A,실행,-44.0,22350.0,-14.7,일240,8.6,목표,6,28.9,2128000000000
2001-04-13,009540,HD한국조선해양,A,B,실행,-43.2,22300.0,-17.6,일240,10.7,목표,8,21.5,2128000000000
2001-03-30,006400,삼성SDI,A,C,실행,-42.4,54000.0,-13.3,일240,7.7,목표,4,19.4,2505153798000
2001-03-13,023130,023130,A,A,실행,-42.4,14500.0,-14.7,주60주,-6.6,손절,6,5.9,5423002775300
2001-03-13,003540,대신증권,A,C,실행,-42.4,10600.0,-17.2,주60주,10.4,목표,1,39.2,663495040000
2001-03-13,015580,015580,A,C,실행,-42.4,11100.0,-13.3,일240,-5.7,트레일,8,6.8,3723653208000
2001-03-05,005890,005890,A,B,실행,-38.3,6560.0,-16.4,월10,-8.1,트레일,5,-7.2,527004898700
2001-03-05,009830,한화솔루션,A,C,실행,-38.3,3630.0,-13.6,일240,7.9,목표,1,-3.6,418568110800
2001-03-05,001510,SK증권,A,A,실행,-38.3,2480.0,-12.8,일240,-6.0,손절,5,-3.8,762793351495
2001-02-22,035610,솔본,A,C,실행,-40.2,21100.0,-13.9,월10,-5.3,트레일,4,-9.0,700890243300
2001-02-05,000210,DL,A,A,실행,-40.7,5760.0,-12.7,일240,7.3,목표,3,-6.9,355593434000
2001-02-05,003490,대한항공,A,C,실행,-40.7,7230.0,-13.8,월10,8.0,목표,8,-21.4,539869099000
2001-01-11,000140,하이트진로홀딩스,A,C,실행,-47.0,36800.0,-13.6,주60주,-5.0,손절,4,17.4,439137504000
2001-01-11,004020,현대제철,A,C,실행,-47.0,3050.0,-14.3,월10,8.4,목표,1,29.5,486286268000
2001-01-03,010950,S-Oil,A,A,실행,-50.8,23400.0,-14.9,일240,-4.9,트레일,2,11.8,1548013390000
2000-11-23,000140,하이트진로홀딩스,A,C,실행,-51.4,37000.0,-14.0,일240,8.1,목표,3,3.0,617742251000
2000-09-22,000270,기아,A,C,실행,-47.8,5970.0,-19.9,월10,-7.4,손절,13,33.8,3033817888500
2000-09-19,000010,000010,A,C,실행,-46.1,2800.0,-17.2,월10,10.4,목표,1,6.8,2237562388925
2000-09-19,009720,009720,A,A,실행,-46.1,51100.0,-21.4,주60주,-5.9,손절,1,51.3,690273562500
2000-09-18,000010,000010,A,C,실행,-45.5,2885.0,-24.6,월10,-5.3,손절,1,-1.9,2237562388925
2000-09-08,009050,009050,A,C,실행,-38.3,2920.0,-14.1,월10,-7.8,손절,1,19.9,450804814040
2000-08-31,005930,삼성전자,A,A,실행,-35.0,273500.0,-12.1,주60주,-6.5,손절,3,-40.4,41352691563500
2000-08-24,020860,020860,A,A,실행,-32.1,62600.0,-12.1,주60주,-5.7,손절,1,-46.4,479108398500
2000-08-23,020860,020860,A,B,실행,-32.0,62700.0,-18.9,주60주,-5.9,손절,1,-52.2,479108398500
2000-08-18,020860,020860,A,C,실행,-31.2,74400.0,-22.1,일240,-6.9,트레일,3,-61.5,479108398500
2000-08-08,010120,LS ELECTRIC,A,C,실행,-37.1,3200.0,-15.6,월10,9.2,목표,2,-38.0,460170830300
2000-08-07,000010,000010,A,C,실행,-36.2,2985.0,-12.2,월10,-5.6,손절,1,20.3,2261330122950
2000-08-04,009050,009050,A,A,실행,-33.0,3475.0,-13.3,주60주,7.7,목표,3,-19.4,526155474600
2000-08-03,010520,010520,A,B,실행,-31.8,3725.0,-27.7,월10,-5.0,손절,1,-36.5,449883200000
2000-07-31,017670,SK텔레콤,A,A,실행,-33.3,278000.0,-13.1,주60주,-5.6,손절,5,-2.2,24784442260000
2000-07-28,017670,SK텔레콤,A,B,실행,-34.6,279000.0,-17.7,주60주,-6.0,손절,1,-9.1,32540724550000
2000-07-18,030210,다올투자증권,A,C,실행,-23.3,10600.0,-13.1,월10,-9.0,손절,1,-42.0,723769104000
2000-07-14,030210,다올투자증권,A,B,실행,-21.8,11250.0,-12.1,월10,-5.8,손절,1,-36.1,723769104000
2000-07-10,000310,000310,A,B,실행,-19.6,10750.0,-16.0,월10,-7.7,손절,1,-38.6,1756295913600
2000-07-07,024110,기업은행,A,C,실행,-20.5,5450.0,-18.3,월10,11.2,목표,2,-33.9,1968002373600
2000-06-26,030210,다올투자증권,A,A,실행,-25.3,11600.0,-14.1,월10,8.2,목표,2,-28.4,481909595080
2000-06-16,001830,001830,A,B,실행,-28.3,13700.0,-12.5,주60주,7.1,목표,2,-25.5,1396710036500
2000-06-12,000010,000010,A,B,실행,-20.1,3700.0,-14.4,월10,-10.8,트레일,2,-23.9,1768998489575
2000-05-24,009150,삼성전기,A,C,실행,-36.3,66000.0,-14.3,일240,-5.7,손절,2,-13.5,5634710111000
2000-05-24,005935,삼성전자우,A,B,실행,-36.3,126500.0,-13.1,주60주,-7.1,트레일,3,19.8,3560120623000
2000-05-23,005935,삼성전자우,A,C,실행,-35.8,136000.0,-15.0,일240,-6.4,손절,1,9.6,3560120623000
2000-05-16,030520,한컴,A,C,실행,-29.5,15450.0,-16.5,주60주,-11.8,손절,1,3.2,956813219600
2000-05-15,033240,자화전자,A,C,실행,-31.2,12350.0,-15.7,월10,9.3,목표,1,6.1,326106000000
2000-05-15,027350,027350,A,B,실행,-31.2,13400.0,-14.4,주60주,8.4,목표,1,-22.0,413815959900
2000-05-15,030520,한컴,A,B,실행,-31.2,16300.0,-17.7,주60주,-5.6,손절,1,-12.6,956813219600
2000-04-27,032620,GC메디아이,A,C,실행,-34.7,15900.0,-12.2,일240,6.9,목표,2,-18.2,317772000000
2000-04-27,012460,012460,A,C,실행,-34.7,17450.0,-15.9,주60주,9.5,목표,2,-31.2,486200000000
2000-04-27,009150,삼성전기,B,C,실행,-34.7,72100.0,-4.2,월10,-0.7,트레일,16,-4.4,5756338561200
2000-04-27,025770,한국정보통신,A,C,실행,-34.7,60800.0,-18.7,주60주,-5.0,손절,1,9.4,1226500000000
2000-04-26,012460,012460,A,C,실행,-32.7,19800.0,-15.7,일240,-7.4,손절,1,-36.6,486200000000
2000-04-26,025770,한국정보통신,A,C,실행,-32.7,69000.0,-18.7,일240,-5.7,손절,1,-2.6,1226500000000
2000-04-25,012460,012460,A,B,실행,-30.4,20750.0,-22.3,일240,-5.5,손절,1,-40.2,486200000000
2000-04-20,001740,SK네트웍스,A,C,실행,-28.1,11000.0,-12.7,주60주,7.3,목표,1,5.9,710176160250
2000-04-19,033130,디지틀조선,A,B,실행,-28.7,90500.0,-14.6,주60주,-5.7,트레일,4,-15.6,416248200000
2000-04-18,018000,유니슨,A,C,실행,-29.4,13950.0,-22.3,월10,-5.0,손절,1,-38.4,420025000000
2000-04-18,025770,한국정보통신,A,B,실행,-29.4,70800.0,-20.9,일240,-6.9,손절,1,-18.1,1226500000000
2000-04-18,011650,011650,A,B,실행,-29.4,96400.0,-16.2,주60주,9.6,목표,3,-31.6,4295100000000
2000-04-18,032420,032420,A,C,실행,-29.4,15400.0,-18.3,주60주,-3.7,트레일,2,-27.3,365670200000
2000-04-18,032580,피델릭스,A,A,실행,-29.4,10350.0,-19.1,월10,-4.8,트레일,2,-41.1,301753096800
2000-04-18,031390,031390,A,B,실행,-29.4,2480.0,-14.8,주60주,8.7,목표,1,-13.7,339709902000
2000-04-18,033130,디지틀조선,A,B,실행,-29.4,94200.0,-21.5,주60주,-6.3,손절,1,-17.3,416248200000
2000-04-18,019550,SBI인베스트먼트,A,B,실행,-29.4,5240.0,-14.1,월10,-5.8,트레일,2,-37.2,567200000000
2000-04-17,025930,025930,A,C,실행,-33.2,14650.0,-18.2,주60주,-5.0,손절,1,-42.0,423791978200
2000-04-17,033030,033030,A,B,실행,-33.2,12050.0,-21.2,주60주,-5.0,손절,1,-22.3,876096000000
2000-04-17,019550,SBI인베스트먼트,A,B,실행,-33.2,5370.0,-18.1,일240,-5.0,손절,1,-40.6,567200000000
2000-04-17,005935,삼성전자우,A,B,실행,-33.2,135000.0,-20.6,일240,13.0,목표,1,12.6,4061882590000
2000-04-17,009150,삼성전기,B,C,실행,-33.2,70900.0,-18.3,월10,0.9,트레일,24,-4.1,5756338561200
2000-04-17,031390,031390,A,B,실행,-33.2,2570.0,-22.1,주60주,-7.1,손절,1,-18.3,339709902000
2000-04-17,033130,디지틀조선,A,B,실행,-33.2,106000.0,-20.0,일240,-5.0,손절,1,-27.7,416248200000
2000-04-17,011650,011650,A,B,실행,-33.2,98000.0,-24.0,주60주,-3.0,트레일,7,-32.7,4295100000000
2000-04-17,015940,015940,A,C,실행,-33.2,180500.0,-25.4,주60주,-0.8,트레일,2,-12.5,7206843000000
2000-04-17,032420,032420,A,B,실행,-33.2,16600.0,-19.4,주60주,-6.1,손절,1,-28.6,365670200000
2000-04-17,017670,SK텔레콤,B,C,실행,-33.2,2635000.0,-24.7,월10,2.4,트레일,6,32.8,30008790000000
2000-04-17,016600,큐캐피탈,A,C,실행,-33.2,3440.0,-20.7,주60주,-5.0,손절,1,-30.8,353400000000
2000-04-17,027350,027350,A,C,실행,-33.2,12550.0,-20.1,주60주,-5.0,손절,1,-20.7,432034272600
2000-04-14,015940,015940,A,A,실행,-24.4,212000.0,-16.5,일240,-5.6,손절,1,-27.4,7206843000000
2000-04-12,009180,한솔로지스틱스,A,C,실행,-21.0,7100.0,-13.9,주60주,-5.9,손절,1,-30.6,408059138250
2000-04-12,015940,015940,B,B,실행,-21.0,242000.0,-12.6,월10,-5.2,손절,1,-28.1,7206843000000
2000-04-12,027350,027350,A,A,실행,-21.0,15700.0,-13.5,월10,-7.1,손절,1,-34.1,432034272600
2000-04-06,019550,SBI인베스트먼트,A,B,실행,-24.0,5420.0,-14.5,월10,8.5,목표,1,-26.4,567200000000
2000-04-06,015940,015940,A,C,실행,-24.0,220000.0,-14.4,일240,8.4,목표,1,-15.9,7206843000000
2000-04-06,030210,다올투자증권,A,C,실행,-24.0,11000.0,-12.0,주60주,6.8,목표,1,-10.5,835350174200
2000-04-06,025930,025930,A,B,실행,-24.0,16800.0,-25.3,일240,17.0,목표,2,-47.9,423791978200
2000-04-04,019550,SBI인베스트먼트,A,C,실행,-21.6,5600.0,-21.0,월10,13.3,목표,3,-22.7,567200000000
2000-04-04,023590,다우기술,A,A,실행,-21.6,19000.0,-16.7,주60주,10.0,목표,2,-32.6,752400000000
2000-04-04,016600,큐캐피탈,A,B,실행,-21.6,3610.0,-22.4,주60주,14.4,목표,2,-15.5,353400000000
2000-04-04,014900,014900,A,C,실행,-21.6,72600.0,-15.1,주60주,8.9,목표,3,-21.7,1333304955000
2000-04-04,015940,015940,A,C,실행,-21.6,218500.0,-27.4,일240,18.9,목표,3,-6.6,7206843000000
2000-04-04,033030,033030,A,B,실행,-21.6,13500.0,-20.1,일240,12.6,목표,2,-25.6,876096000000
2000-04-04,032420,032420,A,B,실행,-21.6,18200.0,-21.9,일240,14.0,목표,3,-17.3,365670200000
2000-04-04,030210,다올투자증권,A,A,실행,-21.6,11700.0,-15.5,월10,-4.1,트레일,4,-15.0,835350174200
2000-04-04,009180,한솔로지스틱스,A,C,실행,-21.6,7050.0,-17.5,주60주,10.6,목표,3,-15.7,408059138250
2000-04-03,014900,014900,A,C,실행,-20.1,72700.0,-22.7,주60주,-5.0,손절,1,-21.8,1333304955000
2000-04-03,016600,큐캐피탈,A,B,실행,-20.1,4100.0,-18.0,일240,-5.0,손절,1,-28.2,353400000000
2000-04-03,004000,롯데정밀화학,A,C,실행,-20.1,17300.0,-18.0,주60주,11.0,목표,4,-11.0,516000000000
2000-03-30,009180,한솔로지스틱스,A,B,실행,-16.0,8630.0,-12.7,월10,-5.3,손절,2,-49.0,475353101400
2000-03-30,018360,018360,A,C,실행,-16.0,14000.0,-12.5,주60주,-5.0,손절,3,-34.3,464145863600
2000-03-30,003545,대신증권우,A,C,실행,-16.0,10800.0,-19.4,일240,-9.2,손절,1,-60.2,308100000000
2000-03-29,003540,대신증권,A,A,실행,-14.2,17050.0,-12.6,주60주,-6.4,손절,1,-51.0,839126080000
2000-03-28,017300,017300,A,B,실행,-15.8,14700.0,-14.8,일240,-6.0,손절,1,-66.1,811600268400
2000-03-27,017300,017300,A,B,실행,-16.3,14950.0,-17.2,일240,-6.6,손절,2,-69.2,811600268400
2000-03-17,018360,018360,A,A,실행,-19.2,14800.0,-14.9,월10,8.8,목표,3,-48.0,464145863600
2000-03-17,012750,에스원,A,B,실행,-19.2,20000.0,-14.9,일240,-6.8,손절,2,-28.7,817600000000
2000-03-17,008270,008270,A,B,실행,-19.2,7030.0,-14.3,일240,-7.7,손절,1,-70.1,581486803750
2000-03-16,031820,아이티센씨티에스,A,B,실행,-20.6,11500.0,-14.2,일240,-5.9,트레일,3,-60.4,346512113500
2000-03-16,018360,018360,A,A,실행,-20.6,14900.0,-19.5,월10,12.1,목표,4,-48.4,464145863600
2000-03-16,025560,미래산업,A,A,실행,-20.6,7100.0,-13.9,월10,8.1,목표,1,-50.8,1015795625000
2000-03-13,005935,삼성전자우,A,C,실행,-19.3,127000.0,-13.3,월10,7.7,목표,5,26.4,2461022981000
2000-03-10,005890,005890,A,C,실행,-15.8,24450.0,-13.5,주60주,-6.7,손절,2,-38.0,624924808200
2000-03-09,005890,005890,A,C,실행,-16.5,25250.0,-13.4,주60주,-5.9,손절,2,-39.7,624924808200
2000-02-29,005935,삼성전자우,A,B,실행,-21.8,103000.0,-14.2,주60주,8.3,목표,1,44.7,2461022981000
2000-02-29,003550,LG,A,A,실행,-21.8,29950.0,-14.4,주60주,8.4,목표,1,-14.9,2923531333300
2000-02-28,005935,삼성전자우,A,B,실행,-22.7,102000.0,-19.0,주60주,11.8,목표,2,36.3,3942415455000
2000-02-28,003550,LG,A,C,실행,-22.7,31800.0,-12.4,일240,-5.6,손절,1,-22.3,3904549360000
2000-02-28,003600,003600,A,C,실행,-22.7,24500.0,-16.1,주60주,9.6,목표,2,-20.0,3256448978400
2000-02-28,030200,KT,B,C,실행,-22.7,97800.0,-14.2,월10,3.9,트레일,9,-22.5,39337157034000
2000-02-22,012450,한화에어로스페이스,A,C,실행,-19.7,12300.0,-12.1,월10,6.9,목표,1,-36.8,1064475000000
2000-02-15,001040,CJ,A,C,실행,-16.9,69000.0,-14.8,주60주,8.7,목표,2,-13.8,1846831769200
2000-02-14,002610,002610,A,C,실행,-14.0,30500.0,-14.6,주60주,-5.7,트레일,5,8.2,3820864909600
2000-02-14,017300,017300,A,A,실행,-14.0,14200.0,-14.7,월10,-5.7,손절,2,-24.6,668818739700
2000-01-24,027350,027350,A,C,실행,-12.5,10450.0,-12.9,주60주,7.4,목표,3,67.9,477880774200
2000-01-20,025770,한국정보통신,A,A,실행,-10.7,49500.0,-17.8,일240,-5.3,손절,1,172.7,910955000000
2000-01-20,000140,하이트진로홀딩스,A,A,실행,-10.7,31400.0,-12.9,주60주,7.4,목표,6,-10.8,411483383100
2000-01-20,031820,아이티센씨티에스,A,A,실행,-10.7,10000.0,-16.7,주60주,10.0,목표,1,14.0,371799997800
2000-01-20,002615,002615,A,A,실행,-10.7,17500.0,-16.1,주60주,-8.3,손절,2,-15.4,488846003200
2000-01-20,008060,대덕,A,C,실행,-10.7,11000.0,-12.0,주60주,6.8,목표,4,20.0,604592275500
2000-01-20,017300,017300,A,B,실행,-10.7,12450.0,-12.3,일240,7.0,목표,1,31.7,651284166000
2000-01-20,002610,002610,B,A,실행,-10.7,39500.0,-6.4,월10,-7.3,손절,2,-29.5,5044400302000
2000-01-20,027350,027350,A,A,실행,-10.7,12000.0,-13.0,일240,-5.1,손절,1,33.3,477880774200
2000-01-19,002615,002615,A,C,실행,-11.4,18500.0,-14.9,일240,-7.3,손절,1,-21.6,488846003200
2000-01-19,017300,017300,A,B,실행,-11.4,13000.0,-12.2,일240,6.9,목표,4,28.5,651284166000
2000-01-13,009720,009720,A,C,실행,-10.2,41000.0,-14.0,일240,8.2,목표,1,-19.0,387522000000
2000-01-07,033880,033880,A,B,실행,-10.4,9430.0,-12.7,주60주,7.3,목표,1,-14.8,308153494000
2000-01-06,033880,033880,A,C,실행,-9.3,10400.0,-13.3,일240,-8.7,손절,1,-24.2,308153494000
2000-01-06,000880,한화,A,B,실행,-9.3,6190.0,-14.0,주60주,8.2,목표,3,-16.0,558258003000
2000-01-06,018360,018360,A,C,실행,-9.3,13700.0,-17.2,주60주,10.4,목표,3,29.6,462704022850
2000-01-06,000660,SK하이닉스,A,C,실행,-9.3,21900.0,-15.0,주60주,8.8,목표,6,1.4,8409330029600
2000-01-05,000880,한화,A,B,실행,-6.9,6700.0,-15.2,일240,-7.8,손절,1,-27.5,558258003000
1999-12-28,033880,033880,A,A,주의,0.0,11000.0,-20.9,일240,-6.7,손절,1,-35.1,308153494000
1999-12-28,012750,에스원,A,A,주의,0.0,19600.0,-15.9,일240,9.4,목표,1,14.3,715400000000
1999-12-28,000210,DL,A,C,주의,0.0,13050.0,-13.6,일240,-9.0,손절,1,-54.0,662835247650
1999-12-28,012450,한화에어로스페이스,A,A,주의,0.0,10800.0,-15.6,일240,9.3,목표,1,8.3,923400000000
1999-12-27,004000,롯데정밀화학,A,A,주의,-2.2,17900.0,-14.8,일240,8.7,목표,2,39.7,406350000000
1999-12-22,012330,현대모비스,A,C,실행,-5.8,6350.0,-18.1,주60주,11.0,목표,1,-26.0,313124530920
1999-12-22,001830,001830,A,C,실행,-5.8,10600.0,-13.5,주60주,-8.7,트레일,3,-19.8,859929542100
1999-12-21,012330,현대모비스,A,C,실행,-6.7,6890.0,-18.0,주60주,-8.8,손절,1,-39.8,313124530920
1999-12-21,005945,NH투자증권우,A,B,실행,-6.7,11200.0,-13.2,월10,-5.6,손절,1,6.2,365625811200
1999-12-21,001830,001830,A,B,실행,-6.7,11200.0,-14.5,주60주,-5.6,손절,1,-26.3,859929542100
1999-12-21,003545,대신증권우,A,A,실행,-6.7,9200.0,-13.2,월10,-5.0,손절,1,21.7,328900000000
1999-12-20,033880,033880,A,B,실행,-5.9,10500.0,-12.5,일240,7.1,목표,1,-27.0,367803774000
1999-12-20,033630,033630,B,C,실행,-5.9,17550.0,-5.6,월10,-8.3,손절,4,-4.3,5100000000000
1999-12-17,033880,033880,A,B,실행,-7.7,10600.0,-17.2,일240,-5.0,손절,1,-24.6,367803774000
1999-12-16,004150,한솔홀딩스,A,C,실행,-7.7,14400.0,-14.8,주60주,-4.7,트레일,5,-39.9,554555640000
1999-12-08,008270,008270,A,B,주의,-3.9,6870.0,-14.7,월10,8.6,목표,1,-19.2,842469070000
1999-12-08,001830,001830,A,B,주의,-3.9,11900.0,-13.5,일240,7.8,목표,2,-19.3,859929542100
1999-12-07,005830,DB손해보험,A,C,주의,-2.7,3600.0,-13.9,주60주,8.1,목표,1,3.9,316476000000
1999-12-03,008270,008270,A,C,실행,-6.0,7410.0,-16.7,일240,10.1,목표,1,-25.4,842469070000
1999-11-29,012330,현대모비스,A,B,실행,-6.2,6910.0,-13.6,일240,7.9,목표,2,-12.7,351331552000
1999-11-29,000210,DL,A,B,실행,-6.2,12000.0,-13.0,주60주,7.5,목표,1,-29.1,766958792300
1999-11-29,012450,한화에어로스페이스,A,A,실행,-6.2,9530.0,-14.5,주60주,8.5,목표,1,24.9,914850000000
1999-11-26,002550,002550,A,C,실행,-7.7,6280.0,-12.8,주60주,-8.3,손절,7,-25.9,409200000000
1999-11-26,005830,DB손해보험,A,A,실행,-7.7,4250.0,-13.3,월10,7.6,목표,2,-12.2,325680000000
1999-11-26,016360,삼성증권,A,B,실행,-7.7,45200.0,-23.5,일240,-6.3,손절,1,-16.0,2213076390000
1999-11-26,009410,태영건설,A,C,실행,-7.7,41000.0,-12.6,주60주,7.2,목표,1,-11.0,353732000000
1999-11-26,011170,롯데케미칼,A,B,실행,-7.7,19300.0,-13.5,주60주,7.8,목표,2,-9.8,739152000000
1999-11-26,003450,003450,A,C,실행,-7.7,26450.0,-13.0,주60주,7.5,목표,2,-8.1,2095998058000
1999-11-25,006800,미래에셋증권,A,B,실행,-5.4,19700.0,-12.6,주60주,-6.0,손절,1,-48.0,1648441412000
1999-11-25,000150,두산,A,C,실행,-5.4,33500.0,-13.2,주60주,-5.0,손절,1,-34.8,466112862000
1999-11-18,008670,008670,A,A,실행,-5.6,9000.0,-12.6,일240,-7.0,손절,4,-51.6,1019851223100
1999-11-16,000150,두산,A,B,주의,-2.0,35000.0,-13.6,주60주,7.9,목표,3,-28.9,466112862000
1999-11-08,000270,기아,A,B,실행,-11.7,11000.0,-12.0,주60주,-5.6,손절,4,-40.9,4515207240000
1999-11-05,009050,009050,A,C,실행,-11.2,4300.0,-12.8,주60주,7.3,목표,2,-26.2,329466596800
1999-10-26,003540,대신증권,A,A,실행,-22.5,16100.0,-17.4,일240,-6.2,손절,2,-5.6,510753600000
1999-10-19,008270,008270,A,B,실행,-21.1,6600.0,-12.0,월10,6.8,목표,1,15.9,550998960000
1999-10-19,030210,다올투자증권,A,C,실행,-21.1,8100.0,-12.5,일240,7.2,목표,2,74.7,422198644000
1999-10-18,008270,008270,A,C,실행,-19.6,6800.0,-12.8,월10,-6.8,트레일,5,5.9,550998960000
1999-10-18,005810,풍산홀딩스,A,B,실행,-19.6,9390.0,-12.2,월10,-6.4,손절,5,-0.4,340300000000
1999-10-14,000270,기아,A,C,실행,-15.8,11950.0,-16.4,일240,-9.6,손절,7,-49.7,4327073605000
1999-10-05,004020,현대제철,A,B,실행,-23.0,6400.0,-12.4,주60주,7.1,목표,1,3.6,590400000000
1999-10-05,010140,삼성중공업,A,B,실행,-23.0,7260.0,-13.1,주60주,7.5,목표,1,5.0,1962352763500
1999-10-05,017670,SK텔레콤,B,C,실행,-23.0,1111000.0,-4.6,월10,44.0,목표,25,141.1,9372947625000
1999-10-05,003490,대한항공,A,B,실행,-23.0,12850.0,-24.9,주60주,-5.0,손절,1,23.3,1096191600000
1999-10-05,015760,한국전력,B,C,실행,-23.0,39300.0,-3.9,월10,-9.4,손절,14,17.0,25505539560000
1999-10-05,000830,000830,A,C,실행,-23.0,14500.0,-16.9,월10,10.2,목표,1,66.2,2766752398400
1999-10-05,005810,풍산홀딩스,A,A,실행,-23.0,8700.0,-13.0,일240,7.5,목표,2,-5.7,340300000000
1999-10-05,005830,DB손해보험,A,B,실행,-23.0,3580.0,-13.7,일240,8.0,목표,1,24.9,320016000000
1999-10-05,005440,현대지에프홀딩스,A,B,실행,-23.0,13100.0,-12.7,월10,7.3,목표,1,-0.8,338855880000
1999-10-04,003480,한진중공업홀딩스,A,C,실행,-20.4,6750.0,-13.5,주60주,-8.4,손절,1,-6.7,496057130400
1999-10-04,001120,LX인터내셔널,A,B,실행,-20.4,6850.0,-13.3,일240,-5.0,손절,1,1.8,395000000000
1999-10-04,000700,유수홀딩스,A,C,실행,-20.4,12350.0,-21.1,주60주,-9.7,손절,1,-30.7,390771908150
1999-10-01,010130,고려아연,A,A,실행,-18.3,26500.0,-16.4,주60주,-5.7,손절,3,-13.2,547230000000
1999-10-01,001120,LX인터내셔널,A,A,실행,-18.3,7200.0,-12.3,월10,-8.6,트레일,2,-7.6,395000000000
1999-10-01,025860,남해화학,A,A,실행,-18.3,30700.0,-13.5,월10,-5.6,손절,2,17.4,303750647700
1999-10-01,006360,GS건설,A,B,실행,-18.3,9350.0,-17.6,일240,10.7,목표,3,-11.8,399952200000
1999-10-01,000240,한국앤컴퍼니,A,A,실행,-18.3,4050.0,-12.5,월10,7.2,목표,4,1.7,622299233630
1999-10-01,002550,002550,A,A,실행,-18.3,5500.0,-20.4,주60주,12.8,목표,4,14.2,372000000000
1999-09-30,001680,대상,A,B,실행,-18.7,5400.0,-15.0,주60주,-5.0,손절,1,-29.6,412733491200
1999-09-30,002550,002550,A,B,실행,-18.7,6200.0,-15.5,월10,-5.0,손절,1,9.0,372000000000
1999-09-30,030210,다올투자증권,A,C,실행,-18.7,7000.0,-21.9,일240,14.0,목표,2,135.0,422198644000
1999-09-30,010130,고려아연,A,B,실행,-18.7,29000.0,-12.1,일240,-6.2,손절,1,-16.9,547230000000
1999-09-27,000120,CJ대한통운,A,C,실행,-12.1,7100.0,-14.5,주60주,8.5,목표,1,85.2,302560000000
1999-09-02,000280,000280,A,A,실행,-12.5,9310.0,-13.4,월10,7.7,목표,5,-34.7,322111172500
1999-09-02,003450,003450,A,C,실행,-12.5,22200.0,-20.4,주60주,12.8,목표,5,8.3,2787657125400
1999-09-02,006800,미래에셋증권,A,B,실행,-12.5,19050.0,-12.2,일240,7.0,목표,1,-7.3,1342504069900
1999-09-02,000720,현대건설,A,A,실행,-12.5,8910.0,-15.1,일240,-5.3,트레일,11,-18.6,2415004420500
1999-09-02,016360,삼성증권,A,B,실행,-12.5,39900.0,-13.8,일240,8.0,목표,1,16.5,2439653258500
1999-08-27,016830,016830,A,A,실행,-6.6,9100.0,-16.5,주60주,-4.3,트레일,19,-5.5,966900973500
1999-08-17,001200,유진투자증권,A,B,실행,-15.0,10050.0,-13.7,일240,8.0,목표,1,15.4,361138354340
1999-08-17,015760,한국전력,B,C,실행,-15.0,35450.0,-3.3,월10,16.8,트레일,27,11.1,27275006272800
1999-08-16,015760,한국전력,B,C,실행,-11.7,35200.0,-8.8,월10,17.6,트레일,28,8.0,27275006272800
1999-08-16,001200,유진투자증권,A,B,실행,-11.7,10800.0,-14.6,월10,-5.0,손절,1,-2.8,361138354340
1999-08-02,007360,007360,A,B,실행,-6.6,10900.0,-13.5,주60주,7.8,목표,2,-13.3,1310941842000
1999-08-02,016830,016830,A,B,실행,-6.6,9050.0,-13.0,일240,7.5,목표,2,-8.2,966900973500
1999-07-26,001200,유진투자증권,A,A,실행,-15.1,9700.0,-14.5,일240,8.5,목표,2,7.7,357851958800
1999-07-26,010520,010520,A,C,실행,-15.1,3800.0,-18.4,주60주,11.2,목표,2,-17.0,320450000000
1999-07-26,004020,현대제철,A,C,실행,-15.1,6650.0,-22.5,일240,14.5,목표,3,24.4,323400000000
1999-07-26,000720,현대건설,A,A,실행,-15.1,8530.0,-12.9,일240,7.4,목표,2,1.4,1822321811200
1999-07-26,008980,008980,A,B,실행,-15.1,5710.0,-21.2,주60주,13.5,목표,2,-14.0,327876428100
1999-07-26,008670,008670,A,B,실행,-15.1,7010.0,-17.8,주60주,10.8,목표,2,-7.4,998895376050
1999-07-26,009050,009050,A,A,실행,-15.1,4400.0,-16.2,일240,9.7,목표,2,-5.9,311029630120
1999-07-26,007360,007360,A,A,실행,-15.1,11950.0,-27.6,월10,-5.0,손절,1,-12.1,1872774060000
1999-07-22,000030,000030,A,B,주의,-5.0,9100.0,-12.1,일240,-12.0,트레일,2,-49.5,6242365784760
1999-07-22,011160,011160,A,A,주의,-5.0,5650.0,-12.1,주60주,-6.1,손절,1,-34.2,457320701090
1999-07-21,007410,007410,A,C,실행,-6.1,4770.0,-22.7,주60주,-5.0,트레일,2,-50.2,480562536900
1999-07-21,000030,000030,A,B,실행,-6.1,9300.0,-18.1,일240,-9.8,손절,2,-48.6,6242365784760
1999-05-25,008810,008810,A,C,실행,-14.2,3550.0,-21.4,주60주,13.6,목표,3,12.7,544920000000
1999-05-24,008810,008810,A,B,실행,-14.6,3840.0,-21.6,주60주,-6.3,손절,1,4.7,544920000000
1999-05-17,004280,004280,A,C,실행,-11.8,4800.0,-12.2,월10,-7.8,손절,8,,644147429700
1999-05-17,005440,현대지에프홀딩스,A,B,실행,-11.8,13000.0,-13.0,월10,-5.0,손절,1,61.5,346896528000
1999-05-12,007410,007410,A,A,실행,-5.0,4780.0,-12.6,월10,7.2,목표,1,13.0,431663191040
1999-04-29,000030,000030,A,C,실행,-5.2,10050.0,-18.6,일240,11.4,목표,5,0.0,8268034152000
1999-04-26,029890,029890,A,A,주의,0.0,11700.0,-14.0,일240,-8.2,트레일,6,-21.8,1940983000000
1999-04-23,029890,029890,A,C,주의,-2.5,12400.0,-12.7,주60주,-6.5,손절,1,-30.2,1940983000000
1999-04-19,000030,000030,B,C,주의,0.0,12800.0,-7.9,주60주,-8.3,손절,7,-29.7,8268034152000
1999-03-18,024110,기업은행,A,C,실행,-9.7,4290.0,-18.1,월10,-5.4,손절,1,42.2,1094810700000
1999-02-09,007410,007410,A,B,실행,-18.3,5300.0,-14.1,일240,8.2,목표,3,-9.1,545480633990
1999-01-25,005380,현대차,A,B,실행,-15.8,18500.0,-13.3,월10,7.7,목표,2,2.7,1072801581000
1999-01-22,018360,018360,A,C,실행,-14.1,11100.0,-15.3,주60주,9.0,목표,5,5.0,375934972000
1999-01-22,007360,007360,A,B,실행,-14.1,9800.0,-17.6,주60주,-5.0,손절,2,39.3,930015800000
1999-01-21,003480,한진중공업홀딩스,A,C,실행,-9.2,6090.0,-17.1,주60주,10.3,목표,3,1.0,336004258400
1999-01-21,023130,023130,A,B,실행,-9.2,8200.0,-12.7,일240,-7.3,손절,2,57.3,1829889544230
1999-01-21,008670,008670,A,A,실행,-9.2,7070.0,-15.3,주60주,-6.0,손절,1,23.2,303497999500
1999-01-21,029890,029890,A,B,실행,-9.2,12200.0,-12.2,월10,-6.2,손절,1,2.0,933444000000
1999-01-21,008810,008810,A,B,실행,-9.2,4010.0,-14.1,주60주,-5.0,손절,1,-11.2,470820000000
1999-01-18,000030,000030,A,B,주의,-2.9,10000.0,-13.0,월10,-6.9,손절,3,24.0,2286636528000
1998-12-23,003810,003810,A,B,주의,-4.5,4680.0,-14.4,일240,8.4,목표,6,-31.7,369031968900
1998-12-23,008810,008810,A,A,주의,-4.5,4210.0,-14.9,주60주,-8.0,트레일,2,-20.2,507300000000
1998-12-23,000830,000830,A,A,주의,-4.5,6150.0,-12.3,일240,7.0,목표,2,-2.6,427398630200
1998-12-18,008810,008810,A,A,실행,-9.5,4300.0,-25.0,주60주,1.2,트레일,2,-26.0,507300000000
1998-12-17,003810,003810,A,C,실행,-8.8,4600.0,-19.2,월10,11.8,목표,2,-32.0,369031968900
1998-12-17,000830,000830,A,A,실행,-8.8,6250.0,-19.9,일240,12.4,목표,3,-10.2,427398630200
1998-12-16,002860,002860,A,C,실행,-5.8,5350.0,-27.7,월10,-9.4,손절,1,-51.5,1920000000000
1998-12-16,000110,000110,A,C,실행,-5.8,5160.0,-27.7,월10,-5.0,손절,1,-57.8,1814400000000
1998-12-16,015580,015580,A,A,실행,-5.8,7000.0,-18.5,월10,11.4,목표,1,0.7,711480000000
1998-12-14,017670,SK텔레콤,A,C,주의,-2.6,536000.0,-12.1,주60주,6.9,목표,1,8.2,3619097895000
1998-12-14,000110,000110,A,C,주의,-2.6,7140.0,-19.3,일240,-5.0,손절,1,-66.8,1814400000000
1998-12-14,002610,002610,A,C,주의,-2.6,14200.0,-13.9,월10,8.1,목표,6,-10.6,1059971675100
1998-11-11,000810,삼성화재,A,B,실행,-30.2,315000.0,-14.9,일240,8.7,목표,4,29.5,867755130000
1998-11-05,005440,현대지에프홀딩스,A,C,실행,-27.2,11250.0,-19.4,일240,-7.1,손절,2,-14.6,328678695150
1998-10-28,003240,태광산업,A,C,실행,-36.6,330000.0,-21.1,월10,-2.1,트레일,3,2.5,428102300000
1998-10-26,000660,SK하이닉스,A,C,실행,-35.0,22250.0,-12.7,일240,-5.6,손절,1,19.8,1907012263200
1998-09-14,015760,한국전력,A,B,실행,-45.3,17300.0,-17.2,일240,10.4,목표,8,34.7,10930992591000
1998-08-18,011200,HMM,A,C,실행,-53.1,10250.0,-14.6,월10,8.5,목표,1,15.1,403263243000
1998-07-13,011200,HMM,A,B,실행,-57.1,10900.0,-16.8,월10,10.1,목표,2,3.7,317462553000
1998-07-02,000660,SK하이닉스,A,B,실행,-58.0,24200.0,-22.4,월10,-5.7,손절,1,16.9,1747204243200
1998-05-26,017670,SK텔레콤,A,C,실행,-59.2,442000.0,-13.3,주60주,7.7,목표,7,4.1,3478171296000
1998-05-07,007610,선도전기,A,B,실행,-51.5,16850.0,-14.5,주60주,-5.0,손절,1,-40.1,376945108000
1998-05-06,005930,삼성전자,A,A,실행,-51.9,65000.0,-12.2,월10,-5.2,손절,9,-28.2,7168526224000
1998-05-06,000810,삼성화재,A,B,실행,-51.9,340000.0,-13.9,월10,8.1,목표,1,-22.1,1038676595000
1998-05-06,009150,삼성전기,A,C,실행,-51.9,24000.0,-14.3,일240,-7.6,트레일,3,-16.2,741830740000
1998-04-03,029530,신도리코,A,B,실행,-45.2,46500.0,-14.8,월10,8.7,목표,1,-7.5,549472560000
1998-04-03,006400,삼성SDI,A,B,실행,-45.2,53400.0,-14.6,주60주,8.5,목표,1,-13.7,1761186570000
1998-04-03,009150,삼성전기,A,B,실행,-45.2,21950.0,-20.5,일240,12.9,목표,1,-22.6,778922277000
1998-04-03,002610,002610,A,C,실행,-45.2,14450.0,-22.3,주60주,-5.0,손절,1,-27.5,1639308420600
1998-04-03,005930,삼성전자,A,C,실행,-45.2,60000.0,-13.3,주60주,7.7,목표,1,-25.0,7071654248000
1998-04-02,005930,삼성전자,A,B,실행,-42.7,63100.0,-13.6,주60주,-5.0,손절,1,-22.5,7071654248000
1998-03-18,010140,삼성중공업,A,A,실행,-34.6,10600.0,-13.1,월10,-6.0,손절,4,-19.8,805128837900
1998-03-09,005380,현대차,A,C,실행,-35.9,22800.0,-14.9,주60주,8.8,목표,1,-22.1,1211953633000
1998-03-06,010140,삼성중공업,A,C,실행,-34.0,9310.0,-19.4,주60주,12.0,목표,2,-2.8,805128837900
1998-03-06,015760,한국전력,A,C,실행,-34.0,19400.0,-12.6,월10,7.2,목표,3,-10.3,13695151637000
1998-03-06,011170,롯데케미칼,A,B,실행,-34.0,11500.0,-15.4,일240,9.1,목표,1,-14.8,375948000000
1998-03-06,007410,007410,A,B,실행,-34.0,6000.0,-15.5,주60주,-6.1,트레일,16,-23.3,521575380900
1998-03-05,023130,023130,A,C,실행,-32.4,11800.0,-15.1,월10,-5.0,손절,1,-28.4,1088258454400
1998-02-17,002000,002000,A,B,실행,-40.5,21800.0,-12.8,월10,7.3,목표,2,-11.9,335341324000
1998-02-13,000810,삼성화재,A,C,실행,-36.1,330000.0,-15.3,주60주,9.0,목표,3,33.3,932701961000
1998-02-11,007410,007410,A,C,실행,-34.3,5800.0,-12.3,주60주,-5.8,손절,1,-6.9,607572977400
1998-02-11,003810,003810,A,C,실행,-34.3,5920.0,-12.4,월10,-5.5,손절,1,-18.9,781818118200
1998-02-05,029890,029890,A,C,실행,-33.4,27600.0,-12.4,주60주,7.1,목표,1,-45.7,1992276000000
1998-02-05,009150,삼성전기,A,C,실행,-33.4,21500.0,-12.2,월10,7.0,목표,1,15.8,596113987500
1998-01-22,006400,삼성SDI,A,C,실행,-38.9,54800.0,-15.2,주60주,8.9,목표,2,35.0,867045696000
1998-01-22,005380,현대차,A,C,실행,-38.9,25400.0,-15.1,일240,8.9,목표,2,-9.4,750448110500
1998-01-22,029890,029890,A,C,실행,-38.9,27100.0,-15.0,주60주,-5.0,손절,1,-29.9,1149390000000
1998-01-22,006800,미래에셋증권,A,C,실행,-38.9,11000.0,-12.0,월10,-5.9,손절,1,-29.7,411939434400
1998-01-21,027460,027460,A,C,실행,-36.1,12700.0,-12.4,월10,-5.0,손절,1,-30.0,622645200000
1997-12-12,017670,SK텔레콤,A,B,실행,-55.7,420500.0,-15.3,월10,9.0,목표,3,25.8,1983593700000
1997-12-09,005490,POSCO홀딩스,A,C,실행,-51.0,46300.0,-17.6,주60주,10.7,목표,2,37.4,4263142174000
1997-10-27,006800,미래에셋증권,A,C,실행,-33.0,11200.0,-14.5,월10,-5.8,손절,1,-30.5,680810083200
1997-10-20,002610,002610,A,C,실행,-28.6,13100.0,-13.8,일240,8.0,목표,3,1.5,1544897988000
1997-10-20,009540,HD한국조선해양,A,C,실행,-28.6,24900.0,-12.9,일240,-5.0,손절,1,-16.1,1424609868000
1997-10-17,002610,002610,A,A,실행,-26.1,14500.0,-12.1,월10,-8.1,손절,1,-20.7,1544897988000
1997-10-16,010140,삼성중공업,A,C,실행,-26.9,8430.0,-15.3,월10,-5.0,손절,1,-44.8,775582825500
1997-10-08,005935,삼성전자우,A,B,실행,-23.0,29000.0,-12.4,월10,-5.0,손절,1,-48.6,778925720200
1997-10-07,011200,HMM,A,A,실행,-20.5,13900.0,-12.0,주60주,-5.1,손절,7,-37.7,469040000000
1997-09-23,011650,011650,A,B,실행,-17.4,83500.0,-13.0,월10,7.5,목표,1,-33.5,1472500000000
1997-09-01,003600,003600,A,B,실행,-16.0,19200.0,-13.9,주60주,-5.0,손절,1,-32.3,1507349656800
1997-06-19,000720,현대건설,A,B,주의,-8.5,23300.0,-13.1,일240,-7.0,손절,4,-10.3,1128260620800
1997-03-24,012750,에스원,A,B,실행,-36.0,201000.0,-12.2,월10,7.0,목표,2,3.0,481682400000
1997-03-21,004010,004010,A,B,실행,-35.9,15700.0,-14.7,일240,-5.0,손절,1,-56.1,449574625500
1997-03-20,004010,004010,A,B,실행,-34.3,17000.0,-14.6,월10,-5.9,손절,1,-55.9,449574625500
1997-01-30,003620,KG모빌리티,A,B,실행,-31.4,6950.0,-15.2,일240,-5.8,손절,1,-11.5,402741612020
