code,fiscal_year,op_income,depr,amort,cfo,capex,st_debt,lt_debt,bond,cash,EBITDA,net_debt,FCF
005930,2020,35993876000000.0,,,65287009000000.0,37592034000000.0,16553429000000.0,1999716000000.0,948137000000.0,29382578000000.0,35993876000000.0,-9881296000000.0,27694975000000.0
005930,2021,51633856000000.0,,,65105448000000.0,47122106000000.0,13687793000000.0,2866156000000.0,894749000000.0,39031415000000.0,51633856000000.0,-21582717000000.0,17983342000000.0
005930,2022,55654077000000.0,,,62181346000000.0,49430428000000.0,-8339149000000.0,3560672000000.0,1508465000000.0,49680710000000.0,55654077000000.0,-52950722000000.0,12750918000000.0
005930,2023,15487100000000.0,,,44137427000000.0,57611292000000.0,7114601000000.0,3724850000000.0,1219579000000.0,69080893000000.0,15487100000000.0,-57021863000000.0,-13473865000000.0
005930,2024,32725961000000.0,,,72982621000000.0,51406355000000.0,13172504000000.0,3935860000000.0,1364508000000.0,69080893000000.0,32725961000000.0,-50608021000000.0,21576266000000.0
005930,2025,43601051000000.0,,,85315148000000.0,47522179000000.0,17574980000000.0,6479517000000.0,2852971000000.0,57856378000000.0,43601051000000.0,-30948910000000.0,37792969000000.0
000660,2020,5012624000000.0,,,12314571000000.0,10068662000000.0,,,,2975989000000.0,5012624000000.0,,2245909000000.0
000660,2021,12410340000000.0,,,19797648000000.0,12486635000000.0,,,,5057982000000.0,12410340000000.0,,7311013000000.0
000660,2022,6809417000000.0,,,14780517000000.0,19010261000000.0,,,,5057982000000.0,6809417000000.0,,-4229744000000.0
000660,2023,-7730313000000.0,,,4278191000000.0,8325138000000.0,,,,7587329000000.0,-7730313000000.0,,-4046947000000.0
000660,2024,23467319000000.0,,,29795885000000.0,15945534000000.0,,,,11205117000000.0,23467319000000.0,,13850351000000.0
000660,2025,47206319000000.0,,,53373126000000.0,27518924000000.0,,,,14923766000000.0,47206319000000.0,,25854202000000.0
402340,2023,-2339698000000.0,88428000000.0,,265749000000.0,237254000000.0,46894000000.0,659000000.0,30701000000.0,1270893000000.0,-2251270000000.0,-1192639000000.0,28495000000.0
402340,2024,3912583000000.0,95033000000.0,,189954000000.0,39003000000.0,31247000000.0,296000000.0,0.0,1368298000000.0,4007616000000.0,-1336755000000.0,150951000000.0
402340,2025,8833276000000.0,74572000000.0,,387202000000.0,23145000000.0,15493000000.0,571000000.0,0.0,1368298000000.0,8907848000000.0,-1352234000000.0,364057000000.0
009150,2020,829130678277.0,,,,756667711711.0,1001788923295.0,1233208708882.0,,1485454092038.0,829130678277.0,749543540139.0,
009150,2021,1486872833804.0,,,,844237017708.0,553411118644.0,700629520893.0,,1485454092038.0,1486872833804.0,-231413452501.0,
009150,2022,1182835924271.0,,,,1296527887059.0,873717315493.0,472331712889.0,,1677067099648.0,1182835924271.0,-331018071266.0,
009150,2023,639423737120.0,,,,1209777658919.0,1961689648394.0,282200897428.0,,1677067099648.0,639423737120.0,566823446174.0,
009150,2024,735005856995.0,,,,775986403809.0,3228530987463.0,257056813032.0,,2013326031516.0,735005856995.0,1472261768979.0,
009150,2025,913331178557.0,,,,1192112995578.0,3597794142655.0,188444338601.0,,2701205916236.0,913331178557.0,1085032565020.0,
005380,2020,2394671000000.0,,,-409807000000.0,4687842000000.0,13780670000000.0,35536741000000.0,48795361000000.0,9862136000000.0,2394671000000.0,88250636000000.0,-5097649000000.0
005380,2021,6678949000000.0,,,-1176416000000.0,4304334000000.0,13087836000000.0,40688506000000.0,63458809000000.0,12795554000000.0,6678949000000.0,104439597000000.0,-5480750000000.0
005380,2022,9819769000000.0,,,10627311000000.0,4014969000000.0,11366480000000.0,30089495000000.0,62960060000000.0,20864879000000.0,9819769000000.0,83551156000000.0,6612342000000.0
005380,2023,15126901000000.0,,,-2518760000000.0,7070758000000.0,9035548000000.0,49089498000000.0,73033493000000.0,20864879000000.0,15126901000000.0,110293660000000.0,-9589518000000.0
005380,2024,14239592000000.0,,,-5661641000000.0,8061333000000.0,9327139000000.0,61763960000000.0,96134463000000.0,19166619000000.0,14239592000000.0,148058943000000.0,-13722974000000.0
005380,2025,11467851000000.0,,,-5991270000000.0,8366764000000.0,10388351000000.0,72751316000000.0,106900459000000.0,19014944000000.0,11467851000000.0,171025182000000.0,-14358034000000.0
373220,2020,5738000000.0,,,395360000000.0,-260313000000.0,,,,2200000000000.0,5738000000.0,,135047000000.0
373220,2021,768470000000.0,,,978585000000.0,-3462890000000.0,,,,1493145000000.0,768470000000.0,,-2484305000000.0
373220,2022,1213719000000.0,,,-579807000000.0,-6209926000000.0,,,,5937967000000.0,1213719000000.0,,-6789733000000.0
373220,2023,2163234000000.0,,,4444179000000.0,9923051000000.0,,,,5937967000000.0,2163234000000.0,,-5478872000000.0
373220,2024,575387000000.0,,,5111700000000.0,12399017000000.0,,,,5068783000000.0,575387000000.0,,-7287317000000.0
373220,2025,1346120000000.0,,,4432277000000.0,10833917000000.0,,,,3898711000000.0,1346120000000.0,,-6401640000000.0
207940,2020,292786554082.0,,,202090026541.0,139664805056.0,150000000000.0,499952000000.0,571450898845.0,125100653179.0,292786554082.0,1096302245666.0,62425221485.0
207940,2021,537309408072.0,,,454596217269.0,406253514919.0,50000000000.0,149920000000.0,1114683996094.0,47410383773.0,537309408072.0,1267193612321.0,48342702350.0
207940,2022,983627394377.0,,,953047810086.0,956839702456.0,593750000000.0,440355000000.0,1138800019346.0,890819570657.0,983627394377.0,1282085448689.0,-3791892370.0
207940,2023,1113680009715.0,,,1666228521442.0,995070661693.0,758500000000.0,514718000000.0,1387905014266.0,890819570657.0,1113680009715.0,1770303443609.0,671157859749.0
207940,2024,1320052380133.0,,,1659255402663.0,1303573257829.0,684500000000.0,353682000000.0,1012756707992.0,391221617203.0,1320052380133.0,1659717090789.0,355682144834.0
207940,2025,2069221266630.0,,,2247807426551.0,1391740885639.0,130000000000.0,120000000000.0,599011716516.0,391221617203.0,2069221266630.0,457790099313.0,856066540912.0
032830,2023,2398377000000.0,,0.0,,32602000000.0,,,26692379000000.0,8862080000000.0,2398377000000.0,17830299000000.0,
032830,2024,2499751000000.0,,,,24855000000.0,,,20468340000000.0,5494179000000.0,2499751000000.0,14974161000000.0,
032830,2025,2580469000000.0,,,,36441000000.0,,,33292780000000.0,4537833000000.0,2580469000000.0,28754947000000.0,
105560,2023,9581728000000.0,865927000000.0,0.0,,350138000000.0,,,83777490000000.0,26534798000000.0,10447655000000.0,57242692000000.0,
105560,2024,10089547000000.0,916295000000.0,,,337178000000.0,,,86031647000000.0,25826588000000.0,11005842000000.0,60205059000000.0,
105560,2025,10880589000000.0,914686000000.0,,,333440000000.0,,,93229857000000.0,29020564000000.0,11795275000000.0,64209293000000.0,
028260,2020,857079813534.0,,,1267896575704.0,-284854637837.0,1419563122531.0,1018689682502.0,1018689682502.0,2704409055099.0,857079813534.0,752533432436.0,983041937867.0
028260,2021,1195982736408.0,,,1195731728299.0,-536970264533.0,1210341304533.0,1414543906947.0,1414543906947.0,2402466493357.0,1195982736408.0,1636962625070.0,658761463766.0
028260,2022,2528524413589.0,,,2618286420045.0,-1105651372002.0,2129418498315.0,2057970678374.0,2057970678374.0,4200424490443.0,2528524413589.0,2044935364620.0,1512635048043.0
028260,2023,2870173816853.0,,,2798653381137.0,1228735158067.0,1376714754735.0,1635327654170.0,1635327654170.0,4200424490443.0,2870173816853.0,446945572632.0,1569918223070.0
028260,2024,2983396694918.0,,,3306879187574.0,1628126163713.0,822061962764.0,1741990159918.0,1741990159918.0,3622371844804.0,2983396694918.0,683670437796.0,1678753023861.0
028260,2025,3292747495925.0,,,3023741373868.0,1736393846854.0,981336899188.0,1611322967337.0,1611322967337.0,3622371844804.0,3292747495925.0,581610989058.0,1287347527014.0
329180,2020,32509061000.0,,,,226249451000.0,,,,1314823009000.0,32509061000.0,,
329180,2021,-800262777000.0,,,,243969800000.0,,,,2137391421000.0,-800262777000.0,,
329180,2022,-289151153000.0,,,,-484478175000.0,,,,2137391421000.0,-289151153000.0,,
329180,2023,178639965000.0,,,168837181000.0,478211790000.0,,,,928043107000.0,178639965000.0,,-309374609000.0
329180,2024,705223483000.0,,,,463463027000.0,,,,1257867151000.0,705223483000.0,,
329180,2025,2037510103000.0,,,,511943688000.0,,,,1869917695000.0,2037510103000.0,,
000270,2020,2066457000000.0,,,5423896000000.0,1661898000000.0,4479452000000.0,2175728000000.0,2722994000000.0,10160697000000.0,2066457000000.0,-782523000000.0,3761998000000.0
000270,2021,5065685000000.0,,,7359670000000.0,1319523000000.0,3107772000000.0,1631282000000.0,3296975000000.0,11533710000000.0,5065685000000.0,-3497681000000.0,6040147000000.0
000270,2022,7233120000000.0,,,9333186000000.0,1494602000000.0,1659498000000.0,945174000000.0,3099207000000.0,11553972000000.0,7233120000000.0,-5850093000000.0,7838584000000.0
000270,2023,11607873000000.0,,,11296526000000.0,2335160000000.0,128765000000.0,200000000000.0,2502261000000.0,14353142000000.0,11607873000000.0,-11522116000000.0,8961366000000.0
000270,2024,12667139000000.0,,,12564368000000.0,3485121000000.0,220859000000.0,0.0,2175573000000.0,14353142000000.0,12667139000000.0,-11956710000000.0,9079247000000.0
000270,2025,9078148000000.0,,,9054140000000.0,3764508000000.0,211292000000.0,0.0,978970000000.0,13998106000000.0,9078148000000.0,-12807844000000.0,5289632000000.0
012450,2020,243947058546.0,,,434749594569.0,189391880011.0,1833751118380.0,1647896217836.0,205652328500.0,1330706432193.0,243947058546.0,2356593232523.0,245357714558.0
012450,2021,383046885903.0,,,990006043035.0,166102879971.0,1503028743609.0,1848716999666.0,1848716999666.0,2528070087946.0,383046885903.0,2672392654995.0,823903163064.0
012450,2022,377215126599.0,,,1524327091276.0,196739344483.0,1752235922106.0,1712424845617.0,1712424845617.0,3043178646369.0,377215126599.0,2133906966971.0,1327587746793.0
012450,2023,976918345793.0,,,1390220003982.0,453364797879.0,2596755842734.0,338780957812.0,2538079878982.0,3069829737554.0,976918345793.0,2403786941974.0,936855206103.0
012450,2024,2511266560208.0,,,1392972633695.0,578204897971.0,8462532799585.0,513246733600.0,6117727028303.0,2967733422929.0,2511266560208.0,12125773138559.0,814767735724.0
012450,2025,3089320181000.0,,,4049804576000.0,1710503200000.0,8486521229000.0,1588098648000.0,6982167457000.0,7713355500000.0,3089320181000.0,9343431834000.0,2339301376000.0
055550,2023,6100850000000.0,1185006000000.0,,,261444000000.0,,,81561725000000.0,30416884000000.0,7285856000000.0,51144841000000.0,
055550,2024,6458670000000.0,1280382000000.0,,,263836000000.0,,,93765854000000.0,35247543000000.0,7739052000000.0,58518311000000.0,
055550,2025,7023357000000.0,1295085000000.0,,,258659000000.0,,,92991422000000.0,35295123000000.0,8318442000000.0,57696299000000.0,
034020,2020,-622554709114.0,,,295223700800.0,262954987025.0,5368579020551.0,1183035254754.0,1800160199498.0,2336795020568.0,-622554709114.0,6014979454235.0,32268713775.0
034020,2021,877882794101.0,,,1027716202327.0,284708398491.0,3908482953731.0,1516918542299.0,848257259234.0,2336795020568.0,877882794101.0,3936863734696.0,743007803836.0
034020,2022,1106120868237.0,,,625077721382.0,348704095585.0,-2368288469195.0,2566375645776.0,398972247300.0,1908603989132.0,1106120868237.0,-1311544565251.0,276373625797.0
034020,2023,1467318338124.0,,,2070633291076.0,395596062651.0,1186577312455.0,1457749360531.0,509198261250.0,2620186984799.0,1467318338124.0,533337949437.0,1675037228425.0
034020,2024,1017600000000.0,,,242204000000.0,461497000000.0,2141257000000.0,2434534000000.0,906758000000.0,2898298000000.0,1017600000000.0,2584251000000.0,-219293000000.0
034020,2025,762712000000.0,,,751801000000.0,403095000000.0,1883572000000.0,2336139000000.0,499127000000.0,3080997000000.0,762712000000.0,1637841000000.0,348706000000.0
034730,2020,-164471000000.0,,,9694611000000.0,9238751000000.0,6201430000000.0,36843510000000.0,36843510000000.0,10096940000000.0,-164471000000.0,69791510000000.0,455860000000.0
034730,2021,4935539000000.0,,,6125170000000.0,8749665000000.0,7657381000000.0,42620141000000.0,42620141000000.0,12317555000000.0,4935539000000.0,80580108000000.0,-2624495000000.0
034730,2022,8004710000000.0,,,7677749000000.0,14000065000000.0,17457297000000.0,45641745000000.0,45641745000000.0,21393853000000.0,8004710000000.0,87346934000000.0,-6322316000000.0
034730,2023,5056378000000.0,,,11353882000000.0,18915215000000.0,17388374000000.0,48570229000000.0,48570229000000.0,22683670000000.0,5056378000000.0,91845162000000.0,-7561333000000.0
034730,2024,2355290000000.0,,,8110330000000.0,15673489000000.0,20002596000000.0,48073129000000.0,48073129000000.0,24647042000000.0,2355290000000.0,91501812000000.0,-7563159000000.0
034730,2025,1818476000000.0,,,6098798000000.0,9586382000000.0,11714166000000.0,45546013000000.0,45546013000000.0,25214132000000.0,1818476000000.0,77592060000000.0,-3487584000000.0
012330,2020,1830292000000.0,,,2476737000000.0,1095909000000.0,3993029000000.0,1135522000000.0,,4202436000000.0,1830292000000.0,926115000000.0,1380828000000.0
012330,2021,2040112000000.0,,,2608809000000.0,921842000000.0,5156043000000.0,1587545000000.0,1587545000000.0,4202436000000.0,2040112000000.0,4128697000000.0,1686967000000.0
012330,2022,2026531000000.0,,,2154062000000.0,1134395000000.0,6413413000000.0,1462049000000.0,1462049000000.0,4155989000000.0,2026531000000.0,5181522000000.0,1019667000000.0
012330,2023,2295284000000.0,,,5342631000000.0,1801887000000.0,4929952000000.0,692062000000.0,692062000000.0,5079414000000.0,2295284000000.0,1234662000000.0,3540744000000.0
012330,2024,3073456000000.0,,,4252694000000.0,2204080000000.0,1575691000000.0,1362920000000.0,1927485000000.0,5079414000000.0,3073456000000.0,-213318000000.0,2048614000000.0
012330,2025,3357456000000.0,,,4472515000000.0,1347770000000.0,664404000000.0,437672000000.0,1818510000000.0,4922378000000.0,3357456000000.0,-2001792000000.0,3124745000000.0
068270,2020,718577359816.0,,,350746671970.0,-87008156984.0,,,,684293887404.0,718577359816.0,,263738514986.0
068270,2021,756857107226.0,,,911159432327.0,-63379331965.0,,,,1188325852061.0,756857107226.0,,847780100362.0
068270,2022,647198174586.0,,,863531984.0,-111168804221.0,,,,1188325852061.0,647198174586.0,,-110305272237.0
068270,2023,651481422157.0,,,537158606192.0,210046189698.0,,,,564611719562.0,651481422157.0,,327112416494.0
068270,2024,492015534847.0,,,901870301325.0,135058628780.0,,,,996430679072.0,492015534847.0,,766811672545.0
068270,2025,1168471345595.0,,,646050776661.0,108223875636.0,,,,1119206211717.0,1168471345595.0,,537826901025.0
086790,2023,12234617000000.0,1219747000000.0,,-9622341000000.0,2177689000000.0,,,58702329000000.0,39728616000000.0,13454364000000.0,18973713000000.0,-11800030000000.0
086790,2024,12449309000000.0,1480620000000.0,,-2451814000000.0,2000280000000.0,,,64879611000000.0,32766660000000.0,13929929000000.0,32112951000000.0,-4452094000000.0
086790,2025,13341546000000.0,1645594000000.0,,-1962471000000.0,1648700000000.0,,,72812888000000.0,36565097000000.0,14987140000000.0,36247791000000.0,-3611171000000.0
006400,2020,671335358424.0,,,1948820240507.0,1728269788047.0,2427504179850.0,1484319604943.0,100000000000.0,1545974321801.0,671335358424.0,2465849462992.0,220550452460.0
006400,2021,1067575600497.0,,,2176027358565.0,2254718265711.0,2510216802997.0,2107760803273.0,370000000000.0,2325692348376.0,1067575600497.0,2662285257894.0,-78690907146.0
006400,2022,1808013013202.0,,,2641096163726.0,2808898170363.0,2851183213651.0,2297040000000.0,,2614271849898.0,1808013013202.0,2533951363753.0,-167802006637.0
006400,2023,1633368964768.0,,,2103521513959.0,4048246715878.0,4049049428878.0,2849524920000.0,220000000000.0,2614271849898.0,1633368964768.0,4504302498980.0,-1944725201919.0
006400,2024,363304463263.0,,,-137613377776.0,6271319040013.0,6523146517718.0,5063743785691.0,0.0,2138348001000.0,363304463263.0,9448542302409.0,-6408932417789.0
006400,2025,289964965354.0,,,792385760879.0,3066850926743.0,10926413532982.0,5493341323030.0,0.0,2138348001000.0,289964965354.0,14281406855012.0,-2274465165864.0
035420,2020,1215342457273.0,,,1447212217640.0,759403180962.0,2116540667363.0,886562480808.0,789055599548.0,3845667763547.0,1215342457273.0,-53509015828.0,687809036678.0
035420,2021,14996377524381.0,,,1379905728836.0,753942606877.0,529251392248.0,1598040294214.0,9403866052933.0,3845667763547.0,14996377524381.0,7685489975848.0,625963121959.0
035420,2022,1304664410543.0,,,1453390444990.0,700733545914.0,1381399298786.0,328034313380.0,1704518276546.0,2781395543827.0,1304664410543.0,632556344885.0,752656899076.0
035420,2023,1488820269608.0,,,2002233273518.0,640623697250.0,333041315118.0,993600442662.0,1655718953449.0,3576456533329.0,1488820269608.0,-594095822100.0,1361609576268.0
035420,2024,1979263438827.0,,,2589874337746.0,553997155009.0,135389909719.0,863059968000.0,2007288715797.0,4195524637851.0,1979263438827.0,-1189786044335.0,2035877182737.0
035420,2025,2208138388720.0,,,3095806604677.0,1234693161100.0,132159574017.0,874112668001.0,1597174210005.0,5984018799741.0,2208138388720.0,-3380572347718.0,1861113443577.0
010120,2020,133713579421.0,62315814407.0,17472419910.0,288900985879.0,74193500453.0,95223174428.0,459037447221.0,,683234939608.0,213501813738.0,-128974317959.0,214707485426.0
010120,2021,155131916609.0,61786436577.0,20143742842.0,101544478367.0,55835899971.0,73898648826.0,443529391060.0,,701596943478.0,237062096028.0,-184168903592.0,45708578396.0
010120,2022,187524016869.0,62570803472.0,22212157347.0,-145446470458.0,114877661307.0,324894883025.0,350253780311.0,,701596943478.0,272306977688.0,-26448280142.0,-260324131765.0
010120,2023,324877723039.0,67304537486.0,23432545034.0,214646330873.0,112891744498.0,522647856341.0,514243485708.0,,583925062424.0,415614805559.0,452966279625.0,101754586375.0
010120,2024,389717122317.0,77024987253.0,11923304566.0,230146922129.0,145243521908.0,515049436447.0,569352169191.0,,660104319206.0,478665414136.0,424297286432.0,84903400221.0
010120,2025,426407143017.0,89679900834.0,26718810029.0,299948385888.0,200850433496.0,483171772528.0,773010797653.0,,762716704001.0,542805853880.0,493465866180.0,99097952392.0
267260,2020,72699092216.0,,,,56811145006.0,380871072156.0,92000000000.0,175000000000.0,524256768315.0,72699092216.0,123614303841.0,
267260,2021,9736360055.0,,,,27704772766.0,272967666041.0,92000000000.0,145000000000.0,524256768315.0,9736360055.0,-14289102274.0,
267260,2022,133040987326.0,,,,33264790773.0,298137017647.0,54240000000.0,30000000000.0,354808620188.0,133040987326.0,27568397459.0,
267260,2023,315218290721.0,,,-22438778035.0,75377519040.0,473572233244.0,80240000000.0,194000000000.0,176097890089.0,315218290721.0,571714343155.0,-97816297075.0
267260,2024,668970713547.0,,,1033722426199.0,121640871886.0,,,,569771637520.0,668970713547.0,,912081554313.0
267260,2025,995313437790.0,,,959572657325.0,233500152700.0,,,,950781542257.0,995313437790.0,,726072504625.0
000810,2023,2357283417485.0,,,-562090731359.0,54266413675.0,,,,859034311218.0,2357283417485.0,,-616357145034.0
000810,2024,2649596688033.0,,,3127018161730.0,59807154184.0,,,,1543023515165.0,2649596688033.0,,3067211007546.0
000810,2025,2659143002144.0,,,3413166155628.0,46175024427.0,,,,2019803576966.0,2659143002144.0,,3366991131201.0
066570,2020,3194987000000.0,,,4628576000000.0,2281865000000.0,,,,5896309000000.0,3194987000000.0,,2346711000000.0
066570,2021,3863774000000.0,,,2677382000000.0,2648065000000.0,1895600000000.0,8035953000000.0,,6051516000000.0,3863774000000.0,3880037000000.0,29317000000.0
066570,2022,3550972000000.0,,,3107839000000.0,3116817000000.0,2287518000000.0,8757669000000.0,,6322360000000.0,3550972000000.0,4722827000000.0,-8978000000.0
066570,2023,3549074000000.0,,,5913596000000.0,3269884000000.0,,,,8487563000000.0,3549074000000.0,,2643712000000.0
066570,2024,3419675000000.0,,,3842661000000.0,2356437000000.0,,,,8487563000000.0,3419675000000.0,,1486224000000.0
066570,2025,2478392000000.0,,,4280500000000.0,2615348000000.0,,,,8769841000000.0,2478392000000.0,,1665152000000.0
042660,2020,153437091215.0,,,-458467494666.0,,1011890605838.0,985996415260.0,320714301987.0,2012238821503.0,153437091215.0,306362501582.0,-458467494666.0
042660,2021,-1754651375507.0,,,485786909235.0,,1137945729669.0,1091052601325.0,238442634884.0,1778939684909.0,-1754651375507.0,688501280969.0,485786909235.0
042660,2022,-1613564533698.0,,,-1065432625974.0,,1283430939908.0,1182144225010.0,185279094600.0,1778939684909.0,-1613564533698.0,871914574609.0,-1065432625974.0
042660,2023,,,,-1939155311922.0,130660673631.0,1414070034213.0,1664742451152.0,61836121800.0,1799307748627.0,,1341340858538.0,-2069815985553.0
042660,2024,237876379317.0,,,-2904574465563.0,373640224794.0,2530475445001.0,2028126039778.0,3237744026040.0,1799307748627.0,237876379317.0,5997037762192.0,-3278214690357.0
042660,2025,1167590137928.0,,,1314671582302.0,709619704392.0,1270000000000.0,2346290396312.0,3300054551450.0,778471159631.0,1167590137928.0,6137873788131.0,605051877910.0
009540,2020,74367134000.0,,,,378436876000.0,,,,3703409917000.0,74367134000.0,,
009540,2021,-1384815777000.0,,,,382988973000.0,,,,4567468098000.0,-1384815777000.0,,
009540,2022,-355560593000.0,,,,666891005000.0,,,,4567468098000.0,-355560593000.0,,
009540,2023,282260719000.0,,,,821953097000.0,,,,3018390965000.0,282260719000.0,,
009540,2024,1434090492000.0,,,,890989039000.0,,,,3717318959000.0,1434090492000.0,,
009540,2025,3904489578000.0,,,,946834728000.0,,,,3742015549000.0,3904489578000.0,,
298040,2020,44074735485.0,,,386562290399.0,89184797290.0,4920526054336.0,575801483802.0,64200000000.0,52293891327.0,44074735485.0,5508233646811.0,297377493109.0
298040,2021,120066031213.0,,,110584865944.0,41086736239.0,2957197339708.0,631281238867.0,-130000000000.0,81009178762.0,120066031213.0,3377469399813.0,69498129705.0
298040,2022,143248629974.0,,,-67110735046.0,94059062066.0,4841244061266.0,659765182735.0,-125000000000.0,212739996074.0,143248629974.0,5163269247927.0,-161169797112.0
298040,2023,257836947601.0,,,454662926622.0,32277364388.0,3554159313537.0,903104096251.0,0.0,277804610275.0,257836947601.0,4179458799513.0,422385562234.0
298040,2024,362479487133.0,,,412091967128.0,83956108784.0,6480214893115.0,563140401002.0,128000000000.0,277804611436.0,362479487133.0,6893550682681.0,328135858344.0
298040,2025,746968417289.0,,,493009624019.0,162909245075.0,5972391714394.0,464450013386.0,70246248493.0,249076858015.0,746968417289.0,6258011118258.0,330100378944.0
005490,2020,2403035192908.0,3156181416807.0,465558192131.0,8685737215643.0,3154412400623.0,8677529327377.0,11820077693464.0,4410386844166.0,4754643963053.0,6024774801846.0,20153349901954.0,5531324815020.0
005490,2021,9238089232877.0,3135345873790.0,444099897543.0,6259365289022.0,3068590965937.0,8830066912208.0,12911148863378.0,4358955273475.0,4775166458482.0,12817535004210.0,21325004590579.0,3190774323085.0
005490,2022,4850053015766.0,3204744166100.0,488834630340.0,6186764805543.0,4927586254768.0,11915993975888.0,12389668141243.0,4553746150046.0,8053107795977.0,8543631812206.0,20806300471200.0,1259178550775.0
005490,2023,3531422506439.0,3346460153078.0,498192527542.0,6167694886590.0,6733288526505.0,-2524077286746.0,15011162372070.0,7817216770954.0,8053281932295.0,7376075187059.0,12251019923983.0,-565593639915.0
005490,2024,2173573272904.0,3530770321270.0,453689338306.0,6663654759669.0,7669699522275.0,217759093586.0,14881619840290.0,7532911133938.0,6767897520450.0,6158032932480.0,15864392547364.0,-1006044762606.0
005490,2025,1827063210829.0,3693287446560.0,465934606199.0,4571910292218.0,5665150778832.0,-2158540750879.0,16374578210992.0,5393339657237.0,7049800440769.0,5986285263588.0,12559576676581.0,-1093240486614.0
015760,2020,4086275000000.0,11377553000000.0,170466000000.0,13208473000000.0,13281294000000.0,345338000000.0,10170107000000.0,10170107000000.0,2029584000000.0,15634294000000.0,18655968000000.0,-72821000000.0
015760,2021,-5860143000000.0,11772111000000.0,166161000000.0,4473186000000.0,12668534000000.0,1621440000000.0,17392311000000.0,17392311000000.0,2635238000000.0,6078129000000.0,33770824000000.0,-8195348000000.0
015760,2022,-32655153000000.0,12305252000000.0,156160000000.0,-23477500000000.0,12346878000000.0,5852426000000.0,43594078000000.0,43594078000000.0,3234780000000.0,-20193741000000.0,89805802000000.0,-35824378000000.0
015760,2023,-4541648000000.0,12869089000000.0,163174000000.0,1522162000000.0,13908373000000.0,1946992000000.0,21714092000000.0,21714092000000.0,4342887000000.0,8490615000000.0,41032289000000.0,-12386211000000.0
015760,2024,8364710000000.0,13833788000000.0,163567000000.0,15876116000000.0,14216037000000.0,-1536401000000.0,24687409000000.0,2795823000000.0,4342887000000.0,22362065000000.0,21603944000000.0,1660079000000.0
015760,2025,13490557000000.0,13630181000000.0,158610000000.0,20880154000000.0,15834139000000.0,948196000000.0,1769770000000.0,26541349000000.0,2382979000000.0,27279348000000.0,26876336000000.0,5046015000000.0
316140,2023,3499029000000.0,993176000000.0,,,164696000000.0,,,41239245000000.0,34219148000000.0,4492205000000.0,7020097000000.0,
316140,2024,4255190000000.0,1163799000000.0,,,221856000000.0,,,48207103000000.0,30556618000000.0,5418989000000.0,17650485000000.0,
316140,2025,3674808000000.0,1250606000000.0,,13642391000000.0,325952000000.0,,,55583392000000.0,38499679000000.0,4925414000000.0,17083713000000.0,13316439000000.0
010130,2020,897387769203.0,,,456522986973.0,662144567510.0,115420078569.0,4719649600.0,,689518057370.0,897387769203.0,-569378329201.0,-205621580537.0
010130,2021,1096146343693.0,,,606883888565.0,463828370657.0,295537449491.0,126084743272.0,7475460087.0,466465326011.0,1096146343693.0,-37367673161.0,143055517908.0
010130,2022,919171130822.0,,,784694563029.0,372971049177.0,791579162799.0,205532274287.0,9077543496.0,780981792302.0,919171130822.0,225207188280.0,411723513852.0
010130,2023,659935424598.0,,,820863992249.0,418611480986.0,619182196821.0,165138015834.0,9804184531.0,780981792302.0,659935424598.0,13142604884.0,402252511263.0
010130,2024,723472208523.0,,,515812554313.0,1113256029679.0,3319850915303.0,1442168148369.0,996799310427.0,893806431755.0,723472208523.0,4865011942344.0,-597443475366.0
010130,2025,1231926775791.0,,,-628210721953.0,889578561811.0,3822368394859.0,3988658854245.0,1600000000000.0,3451069963536.0,1231926775791.0,5959957285568.0,-1517789283764.0
096770,2020,-2869838412000.0,,,2850843672000.0,3763137383000.0,1530278833000.0,10630423397000.0,10630423397000.0,2940661256000.0,-2869838412000.0,19850464371000.0,-912293711000.0
096770,2021,1754170704000.0,,,-482982766000.0,3187735577000.0,864051500000.0,13411825137000.0,13411825137000.0,3423827161000.0,1754170704000.0,24263874613000.0,-3670718343000.0
096770,2022,3917340789000.0,,,406557024000.0,6776585583000.0,7558575696000.0,13403701628000.0,13403701628000.0,9479086529000.0,3917340789000.0,24886892423000.0,-6370028559000.0
096770,2023,1903886320000.0,,,5367895813000.0,11238125586000.0,8184945879000.0,17714684258000.0,17714684258000.0,13074425609000.0,1903886320000.0,30539888786000.0,-5870229773000.0
096770,2024,315488338000.0,,,2232521961000.0,10027893990000.0,12051198301000.0,27032202701000.0,27032202701000.0,15865084196000.0,315488338000.0,50250519507000.0,-7795372029000.0
096770,2025,448683859000.0,,,2283052527000.0,5367187285000.0,7201712771000.0,22764517807000.0,22764517807000.0,16091551855000.0,448683859000.0,36639196530000.0,-3084134758000.0
017670,2020,1349324000000.0,3991083000000.0,,5821876000000.0,3557800000000.0,109998000000.0,1979261000000.0,7690169000000.0,1369653000000.0,5340407000000.0,8409775000000.0,2264076000000.0
017670,2021,1387162000000.0,3672555000000.0,,5031279000000.0,2915851000000.0,50823000000.0,1430324000000.0,7037424000000.0,1369653000000.0,5059717000000.0,7148918000000.0,2115428000000.0
017670,2022,1612070000000.0,3621325000000.0,,5159317000000.0,2908287000000.0,142998000000.0,1967586000000.0,6524095000000.0,1882291000000.0,5233395000000.0,6752388000000.0,2251030000000.0
017670,2023,1753204000000.0,3614766000000.0,,4947205000000.0,2973882000000.0,142998000000.0,1621844000000.0,7106299000000.0,1882291000000.0,5367970000000.0,6988850000000.0,1973323000000.0
017670,2024,1823409000000.0,3560374000000.0,,5087285000000.0,2487360000000.0,100000000000.0,2460109000000.0,6363646000000.0,2023721000000.0,5383783000000.0,6900034000000.0,2599925000000.0
017670,2025,1073215000000.0,3467134000000.0,,3923847000000.0,2206567000000.0,130000000000.0,1122584000000.0,7294445000000.0,2023721000000.0,4540349000000.0,6523308000000.0,1717280000000.0
006800,2023,521036811624.0,,,-4077641709374.0,23882949362.0,,,6976335983305.0,2847879554739.0,521036811624.0,4128456428566.0,-4101524658736.0
006800,2024,1188076348199.0,,,-10250278932212.0,26885650156.0,,,7744289163786.0,1932472666709.0,1188076348199.0,5811816497077.0,-10277164582368.0
006800,2025,1915104000000.0,,,-6860961000000.0,44782000000.0,,,9756730000000.0,1932473000000.0,1915104000000.0,7824257000000.0,-6905743000000.0
138040,2023,2933502360678.0,71646159802.0,15138609412.0,,43347997296.0,,,,3655406354088.0,3020287129892.0,,
138040,2024,3188889251285.0,69000058227.0,14914652046.0,,72049160888.0,,,,2376896632672.0,3272803961558.0,,
138040,2025,2872733957980.0,74103148038.0,15152344420.0,,24082943724.0,,,8420299485272.0,3153298680186.0,2961989450438.0,5267000805086.0,
011200,2020,980781000000.0,,,1408546000000.0,1829701000000.0,,677245000000.0,384712000000.0,1140700000000.0,980781000000.0,-78743000000.0,-421155000000.0
011200,2021,7377522000000.0,,,7505033000000.0,1708884000000.0,,247908000000.0,3069456000000.0,1724952000000.0,7377522000000.0,1592412000000.0,5796149000000.0
011200,2022,9951555000000.0,,,11318868000000.0,442903000000.0,,200529000000.0,148406000000.0,4980161000000.0,9951555000000.0,-4631226000000.0,10875965000000.0
011200,2023,584770000000.0,,,1979706000000.0,2037125000000.0,,170683000000.0,-1000000000000.0,4980161000000.0,584770000000.0,-5809478000000.0,-57419000000.0
011200,2024,3512847000000.0,,,4874617000000.0,2536974000000.0,,88516000000.0,-960000000000.0,3249802000000.0,3512847000000.0,-4121286000000.0,2337643000000.0
011200,2025,1461202000000.0,,,3305131000000.0,1593575000000.0,,126027000000.0,720000000000.0,1760767000000.0,1461202000000.0,-914740000000.0,1711556000000.0
010140,2020,-1054144023100.0,,,-243903394205.0,97848890042.0,2682461279140.0,1938954000000.0,248489570000.0,987151865443.0,-1054144023100.0,3882752983697.0,-341752284247.0
010140,2021,-1311956174022.0,,,845026468770.0,39403152575.0,2878917332892.0,676670000000.0,194607970000.0,987151865443.0,-1311956174022.0,2763043437449.0,805623316195.0
010140,2022,-854420950816.0,,,-1693020710821.0,62409994388.0,1840140885571.0,1017163000000.0,119521361868.0,919191704413.0,-854420950816.0,2057633543026.0,-1755430705209.0
010140,2023,233344768042.0,,,-516466559463.0,153419928920.0,2174225164724.0,734030000000.0,224547710000.0,919191704413.0,233344768042.0,2213611170311.0,-669886488383.0
010140,2024,502698683088.0,,,654519940133.0,173394962279.0,3480894831864.0,486718645729.0,74907007998.0,955961848816.0,502698683088.0,3086558636775.0,481124977854.0
010140,2025,862210880029.0,,,1562848761939.0,216254721699.0,2711501669556.0,194287630250.0,300000000000.0,955961848816.0,862210880029.0,2249827450990.0,1346594040240.0
000150,2020,-754770124688.0,,,126536367869.0,-566816138018.0,6295837988399.0,-1790644033442.0,-2523173999655.0,2707378621227.0,-754770124688.0,-725358665925.0,-440279770149.0
000150,2021,945931226947.0,,,743214641209.0,-400117334155.0,4725060883659.0,-1717072787173.0,1139453849847.0,2707378621227.0,945931226947.0,1440063325106.0,343097307054.0
000150,2022,1126028726422.0,,,533183466969.0,-700009377312.0,2793627513230.0,3341660494018.0,-1169171339783.0,2235104602083.0,1126028726422.0,2731012065382.0,-166825910343.0
000150,2023,1436262204451.0,,,1908708279056.0,583899771832.0,1717485526824.0,2308651666459.0,729676095890.0,3539166947066.0,1436262204451.0,1216646342107.0,1324808507224.0
000150,2024,1003759000000.0,,,307830000000.0,710433000000.0,3081139000000.0,3313751000000.0,1089111000000.0,3704064000000.0,1003759000000.0,3779937000000.0,-402603000000.0
000150,2025,1062715000000.0,,,981908000000.0,570134000000.0,3985915000000.0,3006459000000.0,799347000000.0,4927903000000.0,1062715000000.0,2863818000000.0,411774000000.0
042700,2020,66649466315.0,5714618954.0,418257974.0,37483996929.0,7441744690.0,20000000000.0,,0.0,81154267884.0,72782343243.0,-61154267884.0,30042252239.0
042700,2021,122419465500.0,6101121932.0,372075224.0,52279090690.0,25283707204.0,5000000000.0,,0.0,81154267884.0,128892662656.0,-76154267884.0,26995383486.0
042700,2022,111859422080.0,8391371700.0,361252471.0,109501808221.0,9090926920.0,11166991039.0,,,90895691895.0,120612046251.0,-79728700856.0,100410881301.0
042700,2023,34571410992.0,8334344265.0,314304809.0,44990807438.0,27531410354.0,0.0,,,179732421459.0,43220060066.0,,17459397084.0
042700,2024,255391604854.0,9540438282.0,231569353.0,141363819580.0,53537061092.0,,,,179732421459.0,265163612489.0,,87826758488.0
042700,2025,251390142142.0,11306046567.0,248146401.0,228626759780.0,74621166719.0,25000000000.0,,,276235377529.0,262944335110.0,-251235377529.0,154005593061.0
033780,2020,1481051152257.0,,,1261664798427.0,216059141375.0,17308208182.0,53492407968.0,,1253611491485.0,1481051152257.0,-1182810875335.0,1045605657052.0
033780,2021,1338383479632.0,,,1419821288927.0,224443071178.0,75432490744.0,53195098748.0,,1253611491485.0,1338383479632.0,-1124983901993.0,1195378217749.0
033780,2022,1267649967727.0,,,887886606991.0,241382214460.0,72629448270.0,78807990962.0,,1401018438794.0,1267649967727.0,-1249580999562.0,646504392531.0
033780,2023,1167336000000.0,,,1265993000000.0,472769000000.0,61576000000.0,469813000000.0,469813000000.0,1401018000000.0,1167336000000.0,-399816000000.0,793224000000.0
033780,2024,1205970000000.0,,,822275000000.0,767537000000.0,287975000000.0,213968000000.0,808039000000.0,1135968000000.0,1205970000000.0,174014000000.0,54738000000.0
033780,2025,1343666000000.0,,,582875000000.0,639535000000.0,332978000000.0,106405000000.0,907350000000.0,1135968000000.0,1343666000000.0,210765000000.0,-56660000000.0
051910,2020,1798159000000.0,,,5840832000000.0,-5535791000000.0,,,,3274250000000.0,1798159000000.0,,305041000000.0
051910,2021,5025466000000.0,,,5509816000000.0,-5773593000000.0,,,,3760834000000.0,5025466000000.0,,-263777000000.0
051910,2022,2995698000000.0,,,569880000000.0,-8406288000000.0,,,,8497882000000.0,2995698000000.0,,-7836408000000.0
051910,2023,2529196000000.0,,,7536462000000.0,-12959891000000.0,,,,9084899000000.0,2529196000000.0,,-5423429000000.0
051910,2024,-1534185000000.0,,,7012339000000.0,-14614863000000.0,,,,9084899000000.0,-1534185000000.0,,-7602524000000.0
051910,2025,-1796423000000.0,,,8233859000000.0,13660731000000.0,,,,9899926000000.0,-1796423000000.0,,-5426872000000.0
267250,2020,-597108836000.0,,,,2210805269000.0,,,,2038500825000.0,-597108836000.0,,
267250,2021,1085411576000.0,,,,2152956027000.0,,,,2137064211000.0,1085411576000.0,,
267250,2022,3387008264000.0,,,,1965906295000.0,,124864089000.0,,3994767866000.0,3387008264000.0,-3869903777000.0,
267250,2023,2031563587000.0,,,3934871003000.0,2093828683000.0,,525886787000.0,,4400502623000.0,2031563587000.0,-3874615836000.0,1841042320000.0
267250,2024,2983162778000.0,,,7511489661000.0,1724578061000.0,,,,5667059887000.0,2983162778000.0,,5786911600000.0
267250,2025,6099636253000.0,,,7384884225000.0,2159076727000.0,,,,6367475266000.0,6099636253000.0,,5225807498000.0
064350,2020,,,,56422151000.0,30547713000.0,992126187000.0,,354518778000.0,382485797000.0,,964159168000.0,25874438000.0
064350,2021,,,,-62713815000.0,44150988000.0,799392940000.0,148992780000.0,412319728000.0,338727778000.0,,1021977670000.0,-106864803000.0
064350,2022,,,,716229388000.0,32470963000.0,658147296000.0,260440400000.0,187602292000.0,506008248000.0,,600181740000.0,683758425000.0
064350,2023,,,,734191933000.0,54676482000.0,209844646000.0,131540000000.0,114733559000.0,506008248000.0,,-49890043000.0,679515451000.0
064350,2024,,,,142463409000.0,80999247000.0,60392677000.0,2600000000.0,0.0,472258339000.0,,-409265662000.0,61464162000.0
064350,2025,,,,904313494000.0,129245658000.0,49136977000.0,11028600000.0,49746488000.0,908414081000.0,,-798502016000.0,775067836000.0
024110,2023,9666658000000.0,,,,192407000000.0,,,212487409000000.0,26711282000000.0,9666658000000.0,185776127000000.0,
024110,2024,9195025000000.0,,,,322866000000.0,,,220871487000000.0,26711282000000.0,9195025000000.0,194160205000000.0,
024110,2025,9667768000000.0,,,,186051000000.0,,,221798669000000.0,22143108000000.0,9667768000000.0,199655561000000.0,
010950,2020,-1099146000000.0,,,1630972000000.0,547100000000.0,,,,737439000000.0,-1099146000000.0,,1083872000000.0
010950,2021,2140942000000.0,,,1477165000000.0,271967000000.0,,,,1945526000000.0,2140942000000.0,,1205198000000.0
010950,2022,3405166000000.0,,,1278921000000.0,598755000000.0,,,,1945526000000.0,3405166000000.0,,680166000000.0
010950,2023,1354582000000.0,,,2525709000000.0,2185625000000.0,,,,1963279000000.0,1354582000000.0,,340084000000.0
010950,2024,422177000000.0,,,1467583000000.0,-3041864000000.0,861182000000.0,591520000000.0,997355000000.0,1963279000000.0,422177000000.0,486778000000.0,-1574281000000.0
010950,2025,235631000000.0,,,3942304000000.0,3906036000000.0,1084808000000.0,243460000000.0,1336617000000.0,1945837000000.0,235631000000.0,719048000000.0,36268000000.0
079550,2020,63741639085.0,,,192104829697.0,31930815620.0,158414706613.0,491122090543.0,199370580000.0,51002306722.0,63741639085.0,797905070434.0,160174014077.0
079550,2021,97201006836.0,,,135245427200.0,32239683280.0,220891895379.0,318005281493.0,120000000000.0,74538166121.0,97201006836.0,584359010751.0,103005743920.0
079550,2022,179111737872.0,,,456521222995.0,45882241774.0,234803363810.0,94738559796.0,170000000000.0,252910914352.0,179111737872.0,246631009254.0,410638981221.0
079550,2023,186378438940.0,,,467285196126.0,59411480889.0,106894829095.0,19757390000.0,200000000000.0,445436760872.0,186378438940.0,-118784541777.0,407873715237.0
079550,2024,229779392271.0,,,951948218386.0,496962990115.0,51290475460.0,188002167810.0,203420867752.0,546947952484.0,229779392271.0,-104234441462.0,454985228271.0
079550,2025,319442306790.0,,,-584305263675.0,169779461301.0,407253324000.0,255120157592.0,603656788627.0,546947952484.0,319442306790.0,719082317735.0,-754084724976.0
018260,2020,871618076210.0,,,979402851889.0,235469100397.0,899728640.0,,10000000.0,1199285828821.0,871618076210.0,-1198376100181.0,743933751492.0
018260,2021,808097771607.0,,,980238874630.0,286572609573.0,464000000.0,,10000000.0,1199285828821.0,808097771607.0,-1198811828821.0,693666265057.0
018260,2022,916074023314.0,,,1289793206812.0,591916912490.0,464000000.0,,,1392134431709.0,916074023314.0,-1391670431709.0,697876294322.0
018260,2023,808230946594.0,,,1460826705639.0,450709905312.0,2000000000.0,10000000000.0,0.0,1787694554183.0,808230946594.0,-1775694554183.0,1010116800327.0
018260,2024,911096907001.0,,,1238044504932.0,474720621150.0,0.0,0.0,,1787694554183.0,911096907001.0,,763323883782.0
018260,2025,957102744609.0,,,1203327812666.0,315345758063.0,0.0,0.0,,1668766407204.0,957102744609.0,,887982054603.0
196170,2020,103718349.0,,,1676575983.0,5118842707.0,3100000000.0,687500000.0,,38922455345.0,103718349.0,-35134955345.0,-3442266724.0
196170,2021,-12795830212.0,,,-9419517066.0,13585166384.0,2300000000.0,937500000.0,,38922455345.0,-12795830212.0,-35684955345.0,-23004683450.0
196170,2022,-29373680278.0,,,-17874625308.0,6423379588.0,3134000000.0,687500000.0,,45828916763.0,-29373680278.0,-42007416763.0,-24298004896.0
196170,2023,-9736838487.0,,,-7765575368.0,1219312216.0,3134000000.0,687500000.0,1710000000.0,45828916763.0,-9736838487.0,-40297416763.0,-8984887584.0
196170,2024,25403990856.0,,,53044297258.0,2718373772.0,5000000000.0,5000000000.0,1413952632.0,30199528819.0,25403990856.0,-18785576187.0,50325923486.0
196170,2025,106900077097.0,,,124127150186.0,23006600667.0,5000000000.0,4027752000.0,1600360970.0,66380706542.0,106900077097.0,-55752593572.0,101120549519.0
035720,2020,450519574781.0,,,971096476573.0,183146811228.0,188419590659.0,409800632340.0,266093774394.0,2894316591908.0,450519574781.0,-2030002594515.0,787949665345.0
035720,2021,587884339202.0,,,1306571526446.0,216218815371.0,1258827734921.0,553054383302.0,17989678914.0,5325700019566.0,587884339202.0,-3495828222429.0,1090352711075.0
035720,2022,569355650551.0,,,678376491408.0,452915990820.0,1560734345357.0,1176180814414.0,0.0,5325700019566.0,569355650551.0,-2588784859795.0,225460500588.0
035720,2023,460857845673.0,,,1341098333644.0,575149905184.0,1629451893411.0,845628441375.0,,5389190634441.0,460857845673.0,-2914110299655.0,765948428460.0
035720,2024,460212161525.0,,,1250459006332.0,379616319229.0,1886868311440.0,327869949985.0,,6145133028198.0,460212161525.0,-3930394766773.0,870842687103.0
035720,2025,732036535379.0,,,1404762595727.0,479169184734.0,1144217904147.0,990548440314.0,,6373784263399.0,732036535379.0,-4239017918938.0,925593410993.0
086280,2020,662150585636.0,,,,123409773989.0,1312950740284.0,642177210266.0,299052429232.0,1401146644297.0,662150585636.0,853033735485.0,
086280,2021,1126245705403.0,,,,307966747066.0,1116846295678.0,710408138216.0,299241919950.0,1645326172902.0,1126245705403.0,481170180942.0,
086280,2022,1798516596130.0,,,1558795160495.0,340509375968.0,1175952907115.0,659224582711.0,299417561018.0,2059783220532.0,1798516596130.0,74811830312.0,1218285784527.0
086280,2023,1554032510087.0,,,2242261540033.0,316287413445.0,1174196992793.0,559425528154.0,299645998183.0,2290825257508.0,1554032510087.0,-257556738378.0,1925974126588.0
086280,2024,1752867442226.0,,,2122406804062.0,939043408562.0,1299660275573.0,583777977440.0,189971620421.0,3276544918383.0,1752867442226.0,-1203135044949.0,1183363395500.0
086280,2025,2073007545910.0,,,2500761317215.0,592742647045.0,800732226936.0,359283483852.0,409088428096.0,3276544918383.0,2073007545910.0,-1707440779499.0,1908018670170.0
047810,2020,139524243361.0,,,732407852813.0,252953936508.0,1403184818183.0,77823074696.0,568793758022.0,661887560788.0,139524243361.0,1387914090113.0,479453916305.0
047810,2021,58259436460.0,,,439964696155.0,83927504236.0,350000000000.0,105565322939.0,998446196803.0,886586722282.0,58259436460.0,567424797460.0,356037191919.0
047810,2022,141617667318.0,,,1492635299719.0,68990966590.0,18900000000.0,78359214837.0,499789443308.0,2023716102131.0,141617667318.0,-1426667443986.0,1423644333129.0
047810,2023,247510483155.0,,,-700407274159.0,77875235056.0,6000000000.0,58494503972.0,500266640000.0,2023716102131.0,247510483155.0,-1458954958159.0,-778282509215.0
047810,2024,240718310400.0,,,-728182360450.0,161281037390.0,1058590080000.0,43462002449.0,549289349481.0,658119624499.0,240718310400.0,993221807431.0,-889463397840.0
047810,2025,269190196660.0,,,-903316343552.0,128568507493.0,2152769920000.0,63884406725.0,1266374236834.0,114716160403.0,269190196660.0,3368312403156.0,-1031884851045.0
003550,2020,1754223000000.0,152091000000.0,21736000000.0,739096000000.0,-55975000000.0,49665000000.0,927438000000.0,409527000000.0,1492690000000.0,1928050000000.0,-106060000000.0,683121000000.0
003550,2021,2460104000000.0,146688000000.0,28740000000.0,1019525000000.0,-58113000000.0,41453000000.0,521038000000.0,-250000000000.0,1492690000000.0,2635532000000.0,-1180199000000.0,961412000000.0
003550,2022,2045618000000.0,149506000000.0,29025000000.0,641024000000.0,-160323000000.0,298959000000.0,371439000000.0,-220000000000.0,1238971000000.0,2224149000000.0,-788573000000.0,480701000000.0
003550,2023,1618368000000.0,155170000000.0,32696000000.0,882694000000.0,111431000000.0,313348000000.0,548750000000.0,400000000000.0,1050726000000.0,1806234000000.0,211372000000.0,771263000000.0
003550,2024,1007098000000.0,164168000000.0,29734000000.0,1361451000000.0,101706000000.0,27437000000.0,389693000000.0,,1379821000000.0,1201000000000.0,-962691000000.0,1259745000000.0
003550,2025,912174000000.0,204435000000.0,26756000000.0,1015114000000.0,151375000000.0,21278000000.0,229948000000.0,160000000000.0,1511450000000.0,1143365000000.0,-1100224000000.0,863739000000.0
011070,2020,681019009060.0,,,950268413751.0,766661801631.0,,,,694606987268.0,681019009060.0,,183606612120.0
011070,2021,1264223240881.0,,,1177629168876.0,1010404949703.0,,,,565874458592.0,1264223240881.0,,167224219173.0
011070,2022,1271751532028.0,,,1514999766762.0,1716908645159.0,,,,577908207202.0,1271751532028.0,,-201908878397.0
011070,2023,830824000000.0,,,2104064000000.0,1799237000000.0,,,,1389646000000.0,830824000000.0,,304827000000.0
011070,2024,706043000000.0,,,1110059000000.0,879043000000.0,,,,1389646000000.0,706043000000.0,,231016000000.0
011070,2025,665007000000.0,,,1331402000000.0,610988000000.0,,,,1406403000000.0,665007000000.0,,720414000000.0
030200,2020,1184107000000.0,,,4739827000000.0,,,,,2634624000000.0,1184107000000.0,,4739827000000.0
030200,2021,1671824000000.0,,,5561834000000.0,,,,,3019592000000.0,1671824000000.0,,5561834000000.0
030200,2022,1690088000000.0,,,3597065000000.0,,,,,2449062000000.0,1690088000000.0,,3597065000000.0
030200,2023,1649774000000.0,,,5503289000000.0,,,,,2879554000000.0,1649774000000.0,,5503289000000.0
030200,2024,809471000000.0,,,5065796000000.0,,,,,3716680000000.0,809471000000.0,,5065796000000.0
030200,2025,2469133000000.0,,,4941733000000.0,,,,,3506971000000.0,2469133000000.0,,4941733000000.0
278470,2020,14469696877.0,3274375974.0,393850574.0,12777511272.0,,10000000000.0,0.0,,29618192919.0,18137923425.0,-19618192919.0,12777511272.0
278470,2021,14273152154.0,4863676473.0,340057933.0,4585024805.0,,16500000000.0,,,33798982850.0,19476886560.0,-17298982850.0,4585024805.0
278470,2022,39228479397.0,6611789049.0,372523191.0,31630786168.0,,21500000000.0,,,57253261626.0,46212791637.0,-35753261626.0,31630786168.0
278470,2023,104193724865.0,8741095662.0,443696199.0,107840961394.0,,14083186080.0,41431000.0,3000000000.0,125334572532.0,113378516726.0,-108209955452.0,107840961394.0
278470,2024,122705544449.0,,15318803941.0,79124161730.0,,7500000000.0,,2572180483.0,125334572532.0,138024348390.0,-115262392049.0,79124161730.0
278470,2025,365520628934.0,7570992353.0,21554738702.0,341046397295.0,,0.0,0.0,3204379726.0,154350192148.0,394646359989.0,-151145812422.0,341046397295.0
272210,2020,92863410171.0,,,174791239735.0,45626428899.0,428466260000.0,30000000000.0,59903325544.0,564017008354.0,92863410171.0,-45647422810.0,129164810836.0
272210,2021,112049712222.0,,,316513819517.0,80120540541.0,203000000000.0,30000000000.0,29986117906.0,1636831207731.0,112049712222.0,-1373845089825.0,236393278976.0
272210,2022,-80760193717.0,,,268585088688.0,48297338516.0,278362881767.0,0.0,80000000000.0,1636831207731.0,-80760193717.0,-1278468325964.0,220287750172.0
272210,2023,356051094197.0,,,83363237049.0,132316330494.0,794564970072.0,0.0,162334768328.0,1228217655059.0,356051094197.0,-271317916659.0,-48953093445.0
272210,2024,477154389067.0,,,132623693858.0,239805649946.0,1608342509713.0,140000000.0,249276736308.0,476088816048.0,477154389067.0,1381670429973.0,-107181956088.0
272210,2025,200720060615.0,,,78736816771.0,298946996842.0,2442754616438.0,228646000000.0,1073225846983.0,325483658125.0,200720060615.0,3419142805296.0,-220210180071.0
003670,2020,60269659752.0,,,38284489711.0,242605084858.0,,,567712540515.0,121680352793.0,60269659752.0,446032187722.0,-204320595147.0
003670,2021,121675892582.0,,,103036995180.0,551927645613.0,57190054035.0,765032666587.0,765032666587.0,121680352793.0,121675892582.0,1465575034416.0,-448890650433.0
003670,2022,165871669943.0,,,-60953571038.0,659146835191.0,202826829068.0,926410899757.0,926410899757.0,281380444158.0,165871669943.0,1774268184424.0,-720100406229.0
003670,2023,35882185999.0,,,-444846366048.0,1352298459926.0,352139820122.0,2218104479318.0,2218104479318.0,389579199482.0,35882185999.0,4398769579276.0,-1797144825974.0
003670,2024,721245866.0,,,670850270370.0,2041609019528.0,185198071069.0,2938017081189.0,2938017081189.0,644216800470.0,721245866.0,5417015432977.0,-1370758749158.0
003670,2025,32827283494.0,,,-33577422254.0,1498908768505.0,127463250125.0,881083322710.0,2858435600681.0,644216800470.0,32827283494.0,3222765373046.0,-1532486190759.0
071050,2023,820404542965.0,,,-7286638461012.0,21293001833.0,,,2671029950556.0,3720031431833.0,820404542965.0,-1049001481277.0,-7307931462845.0
071050,2024,1199724124887.0,,,-7773511990534.0,40453375210.0,,,3502959031427.0,3720031431833.0,1199724124887.0,-217072400406.0,-7813965365744.0
071050,2025,2345329000000.0,,,,15666000000.0,,,3158757000000.0,3286045000000.0,2345329000000.0,-127288000000.0,
000720,2020,548972000000.0,,,1729721000000.0,-73375000000.0,492371000000.0,266197000000.0,1536017000000.0,3186842000000.0,548972000000.0,-892257000000.0,1656346000000.0
000720,2021,753504000000.0,,,1009401000000.0,-97600000000.0,-359679000000.0,163871000000.0,1446183000000.0,3186842000000.0,753504000000.0,-1936467000000.0,911801000000.0
000720,2022,574902000000.0,,,-143474000000.0,-148404000000.0,-121621000000.0,193531000000.0,1017694000000.0,3973897000000.0,574902000000.0,-2884293000000.0,-291878000000.0
000720,2023,785430000000.0,,,-714716000000.0,222144000000.0,305974000000.0,563609000000.0,1207220000000.0,4205665000000.0,785430000000.0,-2128862000000.0,-936860000000.0
000720,2024,-1263420000000.0,,,-118800000000.0,178853000000.0,744668000000.0,598212000000.0,928047000000.0,5130372000000.0,-1263420000000.0,-2859445000000.0,-297653000000.0
000720,2025,653006000000.0,,,-748259000000.0,107202000000.0,1194728000000.0,579678000000.0,1147227000000.0,5130372000000.0,653006000000.0,-2208739000000.0,-855461000000.0
259960,2021,639639249890.0,,,713908175923.0,61268950938.0,445245.0,1526000000.0,0.0,3019311209614.0,639639249890.0,-3017784764369.0,652639224985.0
259960,2022,751606569542.0,,,512702525133.0,26583973971.0,7000000000.0,553617000.0,,3019311209614.0,751606569542.0,-3011757592614.0,486118551162.0
259960,2023,768045608970.0,,,662346237987.0,34365898294.0,7000000000.0,0.0,,721048785947.0,768045608970.0,-714048785947.0,627980339693.0
259960,2024,1306089757323.0,,,907928823450.0,20271799834.0,7000000000.0,0.0,,721048785947.0,1306089757323.0,-714048785947.0,887657023616.0
259960,2025,1054380980188.0,,,1045103395353.0,77174413938.0,253882981026.0,,253882981026.0,596725775511.0,1054380980188.0,-88959813459.0,967928981415.0
005830,2023,2234997557489.0,,,,33184701255.0,,,,1217373162482.0,2234997557489.0,,
005830,2024,2424925603957.0,,,,49547396701.0,,,,1217373162482.0,2424925603957.0,,
005830,2025,2383950000000.0,,,,75432000000.0,,,,1713419000000.0,2383950000000.0,,
005940,2023,725757000000.0,,,-1154046000000.0,41213000000.0,,,6734000000000.0,2175480000000.0,725757000000.0,4558520000000.0,-1195259000000.0
005940,2024,901069000000.0,,,-4196698000000.0,32136000000.0,,,4190000000000.0,2175480000000.0,901069000000.0,2014520000000.0,-4228834000000.0
005940,2025,1420580000000.0,,,-5421616000000.0,11252000000.0,,,4707188000000.0,2630830000000.0,1420580000000.0,2076358000000.0,-5432868000000.0
086520,2020,82365114852.0,,,159124566581.0,-205009861457.0,-450635896423.0,134725000000.0,80000000000.0,136464984002.0,82365114852.0,-372375880425.0,-45885294876.0
086520,2021,535332518763.0,,,-140631424578.0,-444526000287.0,,243593966237.0,150000000000.0,291816009381.0,535332518763.0,101777956856.0,-585157424865.0
086520,2022,613226487106.0,,,-518555082789.0,675606658646.0,1633094228906.0,431800000000.0,63786443231.0,356369658059.0,613226487106.0,1772311014078.0,-1194161741435.0
086520,2023,298172334242.0,,,80899715838.0,1077496762028.0,3483427304487.0,-114523320000.0,439915933203.0,1115975802114.0,298172334242.0,2692844115576.0,-996597046190.0
086520,2024,-293038698088.0,,,488829329203.0,1581710525538.0,3242226607198.0,790236086489.0,289472418400.0,1115975802114.0,-293038698088.0,3205959309973.0,-1092881196335.0
086520,2025,213763514884.0,,,339076295162.0,786474151211.0,1717873990670.0,757812932446.0,222000000000.0,1186767418765.0,213763514884.0,1510919504351.0,-447397856049.0
247540,2020,54769281487.0,,,125031118212.0,-98391752695.0,193800000000.0,124260000000.0,0.0,59234178586.0,54769281487.0,258825821414.0,26639365517.0
247540,2021,115031248500.0,,,-100889335917.0,-235963628001.0,436126024429.0,193475532949.0,81740140000.0,104647514160.0,115031248500.0,606694183218.0,-336852963918.0
247540,2022,380676718075.0,,,-241250246729.0,-455327648383.0,763233719498.0,373900000000.0,,320363496754.0,380676718075.0,816770222744.0,-696577895112.0
247540,2023,156029935394.0,,,20620682315.0,756168491423.0,2203983835074.0,592426522838.0,439915933203.0,512656569606.0,156029935394.0,2723669721509.0,-735547809108.0
247540,2024,-34109364109.0,,,670144487342.0,1023789607558.0,2225542220528.0,1025038778246.0,152472418400.0,512656569606.0,-34109364109.0,2890396847568.0,-353645120216.0
247540,2025,143309899725.0,,,214707183992.0,418130148124.0,1300463478930.0,908362087372.0,62000000000.0,518548123832.0,143309899725.0,1752277442470.0,-203422964132.0
323410,2023,478485000000.0,39654000000.0,6578000000.0,2890812000000.0,22242000000.0,,,,2733222000000.0,524717000000.0,,2868570000000.0
323410,2024,606880000000.0,47062000000.0,7037000000.0,841356000000.0,26845000000.0,,,,2733222000000.0,660979000000.0,,814511000000.0
323410,2025,649371000000.0,53836000000.0,7921000000.0,6005765000000.0,60912000000.0,,,,2091153000000.0,711128000000.0,,5944853000000.0
307950,2020,86813994800.0,,,115616622185.0,16623484469.0,2369918924.0,652938520.0,,95109207516.0,86813994800.0,-92086350072.0,98993137716.0
307950,2021,96106277138.0,,,219887129680.0,24804615426.0,1555848853.0,309664550.0,79802295501.0,140294947136.0,96106277138.0,-58627138232.0,195082514254.0
307950,2022,142362193871.0,,,201278094628.0,50113110497.0,488787824.0,,49898391520.0,559531531699.0,142362193871.0,-509144352355.0,151164984131.0
307950,2023,181413573000.0,,,208891592000.0,25461960000.0,360955000.0,,49941602000.0,559531532000.0,181413573000.0,-509228975000.0,183429632000.0
307950,2024,224434118000.0,,,255982289000.0,85117368000.0,,,49986086000.0,482644959000.0,224434118000.0,-432658873000.0,170864921000.0
307950,2025,255302187000.0,,,423608443000.0,169490711000.0,0.0,,50433883000.0,382498198000.0,255302187000.0,-332064315000.0,254117732000.0
047050,2020,474478289000.0,83767951000.0,209615785000.0,1118609455000.0,73248454000.0,796037935000.0,379347256000.0,1107419955000.0,679304336000.0,767862025000.0,1603500810000.0,1045361001000.0
047050,2021,585385807000.0,91226517000.0,206807453000.0,-509688025000.0,182876685000.0,1894385381000.0,537907952000.0,1143577708000.0,679304336000.0,883419777000.0,2896566705000.0,-692564710000.0
047050,2022,902507009000.0,104375318000.0,251252733000.0,1233286799000.0,262749926000.0,1998369619000.0,792556467000.0,1363593350000.0,1297706346000.0,1258135060000.0,2856813090000.0,970536873000.0
047050,2023,1163112035000.0,,,1076435727000.0,462382290000.0,1830502324000.0,1214915427000.0,1864114095000.0,1297706346000.0,1163112035000.0,3611825500000.0,614053437000.0
047050,2024,1116921237000.0,,,876881370000.0,754426658000.0,2068253823000.0,1140646157000.0,1567097440000.0,1136862750000.0,1116921237000.0,3639134670000.0,122454712000.0
047050,2025,1165316105000.0,,,1941539030000.0,674614248000.0,2325933168000.0,1371168690000.0,1781038778000.0,1173306368000.0,1165316105000.0,4304834268000.0,1266924782000.0
0126Z0,2025,,3041965862.0,64822471883.0,-103744989650.0,6332725524.0,397000000000.0,95000000000.0,,131300001422.0,,360699998578.0,-110077715174.0
006260,2020,419168000000.0,,,701304000000.0,281798000000.0,1709928000000.0,2383092000000.0,,1564305000000.0,419168000000.0,2528715000000.0,419506000000.0
006260,2021,583656000000.0,,,-133177000000.0,303318000000.0,2048723000000.0,2307079000000.0,,1564305000000.0,583656000000.0,2791497000000.0,-436495000000.0
006260,2022,670941000000.0,,,467114000000.0,483731000000.0,4753334000000.0,2267398000000.0,,1671312000000.0,670941000000.0,5349420000000.0,-16617000000.0
006260,2023,899674000000.0,,,361391000000.0,593043000000.0,15750340000000.0,2202138000000.0,,1701163000000.0,899674000000.0,16251315000000.0,-231652000000.0
006260,2024,1072943000000.0,,,858072000000.0,886285000000.0,19010601000000.0,2401144000000.0,,1701163000000.0,1072943000000.0,19710582000000.0,-28213000000.0
006260,2025,1052554000000.0,,,206330000000.0,1147762000000.0,22694855000000.0,2796384000000.0,2796384000000.0,2086611000000.0,1052554000000.0,26201012000000.0,-941432000000.0
443060,2024,271729951500.0,,,246532013786.0,9637814927.0,,,,298466072590.0,271729951500.0,,236894198859.0
443060,2025,350141338776.0,,,324127754474.0,17161529714.0,,,,377924043510.0,350141338776.0,,306966224760.0
003490,2020,-822678920802.0,1938061951566.0,31057449914.0,1376703698885.0,,1900886974080.0,1770832756646.0,1244413950919.0,1314565984342.0,1146440480678.0,3601567697303.0,1376703698885.0
003490,2021,1417968632826.0,1662980024813.0,32384511124.0,3514195624777.0,,985568229520.0,919204139597.0,1058231364539.0,1314565984342.0,3113333168763.0,1648437749314.0,3514195624777.0
003490,2022,2830586753727.0,1605773539822.0,43962543948.0,5572422138746.0,,906051099795.0,1623850108793.0,1830528490723.0,1185375122156.0,4480322837497.0,3175054577155.0,5572422138746.0
003490,2023,1790089190805.0,1665900353351.0,56996018844.0,4092464601394.0,,1021407680000.0,1993861014921.0,1842836667502.0,1056900546947.0,3512985563000.0,3801204815476.0,4092464601394.0
003490,2024,2110200077994.0,1737223223952.0,58806701481.0,4558915095322.0,2894099745681.0,2517021740000.0,1819300917987.0,1463107639009.0,2215624563052.0,3906230003427.0,3583805733944.0,1664815349641.0
003490,2025,1113589428051.0,2737739724778.0,117424139669.0,4075191178550.0,4289140065128.0,2027009390000.0,3277465790737.0,2623259302544.0,2215624563052.0,3968753292498.0,5712109920229.0,-213948886578.0
028050,2020,361182672371.0,,,44368719200.0,23440156016.0,232552740071.0,,,747991437420.0,361182672371.0,-515438697349.0,20928563184.0
028050,2021,503288807347.0,,,739825439031.0,29754045970.0,40848588032.0,,,1138310713309.0,503288807347.0,-1097462125277.0,710071393061.0
028050,2022,702942994188.0,,,576706460947.0,20705728905.0,231871003332.0,,,1412070576945.0,702942994188.0,-1180199573613.0,556000732042.0
028050,2023,993128866188.0,,,-459792198902.0,27984854107.0,119330640031.0,,,1412070576945.0,993128866188.0,-1292739936914.0,-487777053009.0
028050,2024,971611686017.0,,,1635836692152.0,42954114369.0,-19093213760.0,,103600000000.0,2595674599832.0,971611686017.0,-2511167813592.0,1592882577783.0
028050,2025,792078846892.0,,,254433358974.0,53492598716.0,0.0,,,2595674599832.0,792078846892.0,,200940760258.0
352820,2020,145515649000.0,,,116677031000.0,39482073000.0,,200116550000.0,,380243932000.0,145515649000.0,-180127382000.0,77194958000.0
352820,2021,190247657000.0,,,177258248000.0,54027336000.0,150000000000.0,589731250000.0,399999380000.0,677679348000.0,190247657000.0,462051282000.0,123230912000.0
352820,2022,236907930000.0,,,347125164000.0,17060347000.0,,365206250000.0,345227001000.0,677679348000.0,236907930000.0,32753903000.0,330064817000.0
352820,2023,295643307000.0,,,310627196000.0,22739911000.0,100000000000.0,100000000000.0,358690105000.0,531623878000.0,295643307000.0,27066227000.0,287887285000.0
352820,2024,184045287000.0,,,151599247000.0,32877737000.0,0.0,386000000000.0,400000000000.0,412039917000.0,184045287000.0,373960083000.0,118721510000.0
352820,2025,49318276000.0,,,107483561000.0,31362065000.0,0.0,681881500000.0,214379446000.0,534914956000.0,49318276000.0,361345990000.0,76121496000.0
016360,2023,741117973834.0,,,,11796856982.0,,,2590364399835.0,2848656381375.0,741117973834.0,-258291981540.0,
016360,2024,1205750469446.0,,,,16292914566.0,,,2575789115918.0,2960654635950.0,1205750469446.0,-384865520032.0,
078930,2020,920569000000.0,,,1738192000000.0,598494000000.0,,,,742809000000.0,920569000000.0,,1139698000000.0
078930,2021,2640272000000.0,,,1013946000000.0,768424000000.0,,,,1204959000000.0,2640272000000.0,,245522000000.0
078930,2022,5005127000000.0,,,2735369000000.0,865115000000.0,,,6662017000000.0,2331204000000.0,5005127000000.0,4330813000000.0,1870254000000.0
078930,2023,3721802000000.0,,,3020769000000.0,1074483000000.0,,,5915164000000.0,2331204000000.0,3721802000000.0,3583960000000.0,1946286000000.0
078930,2024,3060163000000.0,,,2426192000000.0,1271137000000.0,,,5674289000000.0,2222015000000.0,3060163000000.0,3452274000000.0,1155055000000.0
078930,2025,2936061000000.0,,,2193338000000.0,1882856000000.0,,,5769853000000.0,1914654000000.0,2936061000000.0,3855199000000.0,310482000000.0
161390,2020,628270555481.0,,,1290850800312.0,312176509835.0,-248557483177.0,177004500000.0,421765591549.0,1060864709315.0,628270555481.0,-710652100943.0,978674290477.0
161390,2021,642192906442.0,,,841528140376.0,327532065388.0,-23245627797.0,127388956000.0,34023860.0,1062042415822.0,642192906442.0,-957865063759.0,513996074988.0
161390,2022,705818089039.0,,,504570700349.0,294810753901.0,26553596386.0,2865376000.0,,1139442351244.0,705818089039.0,-1110023378858.0,209759946448.0
161390,2023,1327945320791.0,,,1973172494524.0,420124506546.0,137293906521.0,130541000000.0,651090000000.0,2243874564540.0,1327945320791.0,-1324949658019.0,1553047987978.0
161390,2024,1762260288101.0,,,1886111357762.0,1033135598205.0,563451136397.0,296858335.0,,2243874564540.0,1762260288101.0,-1680126569808.0,852975759557.0
161390,2025,1841075890332.0,,,1608024241978.0,2107661242477.0,-658852321471.0,1573332000000.0,626527500000.0,2603079747970.0,1841075890332.0,-1062072569441.0,-499637000499.0
003230,2020,95337903716.0,,,80883024292.0,65843576175.0,43611585992.0,26080000000.0,,104037102528.0,95337903716.0,-34345516536.0,15039448117.0
003230,2021,65363413971.0,,,58357507370.0,139701002721.0,49103507480.0,154177663344.0,74834280000.0,114492230597.0,65363413971.0,163623220227.0,-81343495351.0
003230,2022,90375676138.0,,,47787143112.0,86894413646.0,46771296005.0,225392863550.0,,114492230597.0,90375676138.0,157671928958.0,-39107270534.0
003230,2023,147514090779.0,,,168099691095.0,44996342023.0,,140667580000.0,,218684811276.0,147514090779.0,-78017231276.0,123103349072.0
003230,2024,344569150443.0,,,357904674484.0,228450369489.0,77565680925.0,210595812588.0,99740628400.0,334820783660.0,344569150443.0,53081338253.0,129454304995.0
003230,2025,524188406060.0,,,309287213625.0,448988219606.0,92341086958.0,296883771998.0,0.0,334820783660.0,524188406060.0,54404075296.0,-139701005981.0
277810,2020,-1348800253.0,,,-1092213504.0,474112173.0,500000000.0,300000000.0,,3523755689.0,-1348800253.0,-2723755689.0,-1566325677.0
277810,2021,-1030713533.0,,,-2570734182.0,575608329.0,500000000.0,0.0,18000000000.0,50159409979.0,-1030713533.0,-31659409979.0,-3146342511.0
277810,2022,1300876285.0,,,1170329441.0,831430094.0,0.0,0.0,7020150483.0,50159409979.0,1300876285.0,-43139259496.0,338899347.0
277810,2023,-44589778382.0,,,-468450603.0,3226546873.0,0.0,,11513826824.0,90252787870.0,-44589778382.0,-78738961046.0,-3694997476.0
277810,2024,-2978979764.0,,,-1913480067.0,11659354938.0,,,0.0,90252787870.0,-2978979764.0,-90252787870.0,-13572835005.0
277810,2025,-2480266118.0,,,-9285606999.0,17608673072.0,,,0.0,68487444152.0,-2480266118.0,-68487444152.0,-26894280071.0
039490,2023,564659042175.0,34442536537.0,6455077765.0,-2147455863609.0,9701895194.0,,,1385078617200.0,1588864178854.0,605556656477.0,-203785561654.0,-2157157758803.0
039490,2024,1098240303737.0,39052225096.0,14011652835.0,-4971288994546.0,21550734910.0,,,2550889722909.0,1721766401695.0,1151304181668.0,829123321214.0,-4992839729456.0
039490,2025,1488239956012.0,45070093463.0,19258280162.0,-6399934098932.0,65425833281.0,,,2476760510000.0,2300464387751.0,1552568329637.0,176296122249.0,-6465359932213.0
180640,2020,-221140549162.0,114550391916.0,2599571495.0,-186865577417.0,1205561554.0,254000000000.0,274375000000.0,299920905863.0,141184713328.0,-103990585751.0,687111192535.0,-188071138971.0
180640,2021,-195175723509.0,96072442388.0,2540258865.0,-46269187206.0,2583486279.0,209000000000.0,190840938000.0,305051695068.0,124778303572.0,-96563022256.0,580114329496.0,-48852673485.0
180640,2022,405889213608.0,49361207018.0,1878478718.0,-3563195478.0,5183646285.0,115000000000.0,200000000000.0,205580336352.0,151540682150.0,457128899344.0,369039654202.0,-8746841763.0
180640,2023,388329013825.0,16357136299.0,1226070233.0,135467612663.0,1503968903.0,59000000000.0,230000000000.0,240354788721.0,151540682150.0,405912220357.0,377814106571.0,133963643760.0
180640,2024,512176366000.0,13165441000.0,1644746000.0,64059909000.0,2244354000.0,94000000000.0,200000000000.0,282256541000.0,416871045000.0,526986553000.0,159385496000.0,61815555000.0
180640,2025,-7523512000.0,11382604000.0,1918379000.0,122225750000.0,1629058000.0,0.0,200000000000.0,328435500000.0,416871045000.0,5777471000.0,111564455000.0,120596692000.0
090430,2020,143009119307.0,,,554358724380.0,183021787650.0,154160189044.0,0.0,,793728286323.0,143009119307.0,-639568097279.0,371336936730.0
090430,2021,343357809050.0,,,691434410702.0,91182844178.0,199124082671.0,,,793728286323.0,343357809050.0,-594604203652.0,600251566524.0
090430,2022,214233255761.0,,,151023730340.0,99289990911.0,223413563558.0,,,537693630647.0,214233255761.0,-314280067089.0,51733739429.0
090430,2023,108171257062.0,,,348227953524.0,134495910156.0,244108853364.0,,,506379386493.0,108171257062.0,-262270533129.0,213732043368.0
090430,2024,220481343913.0,,,334509652791.0,80964717542.0,306194906069.0,,,506379386493.0,220481343913.0,-200184480424.0,253544935249.0
090430,2025,335826547063.0,,,583839768058.0,64585887231.0,256253631834.0,,,524558265446.0,335826547063.0,-268304633612.0,519253880827.0
000880,2020,1582045000000.0,,,3442933000000.0,1248223000000.0,,,11986069000000.0,5533112000000.0,1582045000000.0,6452957000000.0,2194710000000.0
000880,2021,2927888000000.0,,,7228121000000.0,1216319000000.0,,,12629654000000.0,6895946000000.0,2927888000000.0,5733708000000.0,6011802000000.0
000880,2022,2516091000000.0,,,1873139000000.0,1538174000000.0,,,15145162000000.0,9215699000000.0,2516091000000.0,5929463000000.0,334965000000.0
000880,2023,2411920000000.0,,,3793385000000.0,4280385000000.0,,,15897225000000.0,9596195000000.0,2411920000000.0,6301030000000.0,-487000000000.0
000880,2024,2416109000000.0,,,6880953000000.0,5594887000000.0,,,29422451000000.0,8844332000000.0,2416109000000.0,20578119000000.0,1286066000000.0
000880,2025,4146883000000.0,,,8320196000000.0,5683806000000.0,,,36745455000000.0,14684582000000.0,4146883000000.0,22060873000000.0,2636390000000.0
036930,2020,-25033172721.0,13468955836.0,1343457157.0,1572486285.0,,80000000000.0,77182393957.0,,18536394225.0,-10220759728.0,138645999732.0,1572486285.0
036930,2021,102611062636.0,13326067315.0,1167928422.0,110703979209.0,,40000000000.0,45000000000.0,,119203187016.0,117105058373.0,-34203187016.0,110703979209.0
036930,2022,123884000542.0,15320589454.0,1156378445.0,100995569624.0,,,45000000000.0,,120982181388.0,140360968441.0,-75982181388.0,100995569624.0
036930,2023,28937462812.0,17401520930.0,1238686802.0,886629703.0,,,,,120982181388.0,47577670544.0,,886629703.0
036930,2024,97196211588.0,16247136755.0,1353968818.0,224672730163.0,,,,45000000000.0,250695295992.0,114797317161.0,-205695295992.0,224672730163.0
036930,2025,31257811742.0,16840951744.0,1374697247.0,-30678160138.0,,,,45000000000.0,250695295992.0,49473460733.0,-205695295992.0,-30678160138.0
021240,2020,606438716580.0,,,562839088058.0,325205007516.0,700138037545.0,9350000000.0,,115815623716.0,606438716580.0,593672413829.0,237634080542.0
021240,2021,640219263049.0,,,331286871722.0,275569914829.0,386830000000.0,37359000000.0,419002941409.0,115815623716.0,640219263049.0,727376317693.0,55716956893.0
021240,2022,677378551681.0,,,164458234709.0,269678575408.0,305262442500.0,100463500000.0,728785034215.0,115935470233.0,677378551681.0,1018575506482.0,-105220340699.0
021240,2023,731255078054.0,,,448949188599.0,255848338267.0,342597012500.0,139453626668.0,459434253417.0,260275917324.0,731255078054.0,681208975261.0,193100850332.0
021240,2024,795373861343.0,,,330339058184.0,237403790178.0,465010676375.0,130479217775.0,499276251602.0,260275917324.0,795373861343.0,834490228428.0,92935268006.0
021240,2025,878651769382.0,,,35544145039.0,223928885986.0,910394928000.0,95177250001.0,878526850054.0,182190550994.0,878651769382.0,1701908477061.0,-188384740947.0
007660,2020,1963548854.0,,,-22195222594.0,11440783573.0,109121042303.0,9390083388.0,,27027236794.0,1963548854.0,91483888897.0,-33636006167.0
007660,2021,46875580199.0,,,3972190584.0,16020810489.0,97112506724.0,10268010000.0,10000000000.0,44364623195.0,46875580199.0,73015893529.0,-12048619905.0
007660,2022,116618143622.0,,,29760255326.0,39697069188.0,80057520679.0,20000000000.0,,45645080142.0,116618143622.0,54412440537.0,-9936813862.0
007660,2023,62169058401.0,,,52473189957.0,,47453453677.0,43000000000.0,,47962800869.0,62169058401.0,42490652808.0,52473189957.0
007660,2024,101878836049.0,,,84900910242.0,59946716962.0,62561342348.0,26000000000.0,10000000000.0,80356130093.0,101878836049.0,18205212255.0,24954193280.0
007660,2025,204724531402.0,,,168752524669.0,153463175981.0,56879583873.0,49000000000.0,0.0,162780032068.0,204724531402.0,-56900448195.0,15289348688.0
267270,2020,91569558000.0,,,274750857000.0,98100950000.0,,,,713416728000.0,91569558000.0,,176649907000.0
267270,2021,160708836000.0,,,-195980948000.0,64500441000.0,,,,713416729000.0,160708836000.0,,-260481389000.0
267270,2022,170610025000.0,,,254987434000.0,60350397000.0,,,,446278565000.0,170610025000.0,,194637037000.0
267270,2023,257228437000.0,,,318172004000.0,115999886000.0,,,,427663865000.0,257228437000.0,,202172118000.0
267270,2024,190421614000.0,,,260614186000.0,173336720000.0,,,,427663865000.0,190421614000.0,,87277466000.0
267270,2025,170883006000.0,,,166035785000.0,,3000563899000.0,,,337873166000.0,170883006000.0,2662690733000.0,166035785000.0
326030,2020,-247413613854.0,,,-210726008607.0,11022688925.0,-100000000000.0,,,59333238619.0,-247413613854.0,-159333238619.0,-221748697532.0
326030,2021,94958200240.0,,,-92871732615.0,4315773697.0,,,,225922278257.0,94958200240.0,,-97187506312.0
326030,2022,-139430877684.0,,,-159920061630.0,4911075357.0,,143721850000.0,,225922278257.0,-139430877684.0,-82200428257.0,-164831136987.0
326030,2023,-37522197049.0,,,-94201249075.0,2385199691.0,,94484300000.0,,239700042448.0,-37522197049.0,-145215742448.0,-96586448766.0
326030,2024,96339659521.0,,,94899993001.0,1395344479.0,100000000000.0,100715000000.0,,322806911402.0,96339659521.0,-122091911402.0,93504648522.0
326030,2025,203938471064.0,,,176333532013.0,6891568938.0,50006936113.0,100715000000.0,,322806911402.0,203938471064.0,-172084975289.0,169441963075.0
047040,2020,558257521374.0,,,408383333985.0,-11678951947.0,,,,806485051553.0,558257521374.0,,396704382038.0
047040,2021,738313485108.0,,,1746844560887.0,-49562119593.0,,,,1061037854032.0,738313485108.0,,1697282441294.0
047040,2022,760006514642.0,,,-423144221731.0,-69095736850.0,,,,1423086551766.0,760006514642.0,,-492239958581.0
047040,2023,662517552616.0,,,-832826386466.0,70336718363.0,2085520643159.0,706248615956.0,248264500000.0,1423086551766.0,662517552616.0,1616947207349.0,-903163104829.0
047040,2024,403125613881.0,,,-1283524472445.0,37571694873.0,3941950901992.0,2470110415901.0,2470110415901.0,1161789491504.0,403125613881.0,7720382242290.0,-1321096167318.0
047040,2025,-815431279791.0,,,462905032703.0,100294505123.0,3266665027676.0,2778636202103.0,2778636202103.0,1828879779729.0,-815431279791.0,6995057652153.0,362610527580.0
032640,2020,886151000000.0,2364697000000.0,344439000000.0,2548551000000.0,2703443000000.0,100785000000.0,4670426000000.0,4670426000000.0,726179000000.0,3595287000000.0,8715458000000.0,-154892000000.0
032640,2021,979014000000.0,2441136000000.0,370036000000.0,3404503000000.0,2251202000000.0,222547000000.0,4285472000000.0,4285472000000.0,770318000000.0,3790186000000.0,8023173000000.0,1153301000000.0
032640,2022,1081260000000.0,2451181000000.0,356186000000.0,3504980000000.0,2288358000000.0,98916000000.0,4607965000000.0,4607965000000.0,834608000000.0,3888627000000.0,8480238000000.0,1216622000000.0
032640,2023,998031000000.0,2571236000000.0,437184000000.0,2974990000000.0,2535699000000.0,230000000000.0,4045560000000.0,4045560000000.0,834608000000.0,4006451000000.0,7486512000000.0,439291000000.0
032640,2024,863130000000.0,2663765000000.0,483638000000.0,3335301000000.0,1914986000000.0,201668000000.0,4489429000000.0,4489429000000.0,896209000000.0,4010533000000.0,8284317000000.0,1420315000000.0
032640,2025,892131000000.0,2697048000000.0,487207000000.0,2963757000000.0,1611423000000.0,129102000000.0,4468255000000.0,4468255000000.0,896209000000.0,4076386000000.0,8169403000000.0,1352334000000.0
064400,2023,464048383000.0,,,143562189000.0,-44014256000.0,-300689478000.0,548750355000.0,400000000000.0,728348712000.0,464048383000.0,-80287835000.0,99547933000.0
064400,2024,512864077000.0,,,715386862000.0,-30601220000.0,27436835000.0,389692629000.0,0.0,1076592133000.0,512864077000.0,-659462669000.0,684785642000.0
064400,2025,551828295000.0,,,418168400000.0,44416116000.0,21277640000.0,229947713000.0,160000000000.0,1140987852000.0,551828295000.0,-729762499000.0,373752284000.0
241560,2020,393864007000.0,,,565341719000.0,117506027000.0,,696000246000.0,321057563000.0,782203263000.0,393864007000.0,234854546000.0,447835692000.0
241560,2021,595338266000.0,,,460039949000.0,213720095000.0,21205828000.0,1366274989000.0,351141776000.0,951759865000.0,595338266000.0,786862728000.0,246319854000.0
241560,2022,1071606774000.0,,,704002169000.0,172454173000.0,53940756000.0,1182257358000.0,391359982000.0,1017431697000.0,1071606774000.0,610126399000.0,531547996000.0
241560,2023,1064722975.0,,,992643275.0,-132124812.0,48453514.0,850192156.0,,1085800576.0,1064722975.0,-187154906.0,860518463.0
241560,2024,638867000.0,,,533144000.0,201163000.0,85290000.0,1055181000.0,49635000.0,1263123000.0,638867000.0,-73017000.0,331981000.0
241560,2025,482437000.0,,,822394000.0,168382000.0,54294000.0,848552000.0,49785000.0,1389744000.0,482437000.0,-437113000.0,654012000.0
000100,2020,84255098219.0,50987764068.0,4785714905.0,28830248876.0,51452945318.0,48500000000.0,46774999974.0,,353490296919.0,140028577192.0,-258215296945.0,-22622696442.0
000100,2021,48596120264.0,43013185444.0,5505699123.0,99000468381.0,46150996270.0,69000000000.0,28124999982.0,,353490296919.0,97115004831.0,-256365296937.0,52849472111.0
000100,2022,36028967211.0,36450108930.0,4471315447.0,99528971405.0,58295289340.0,64120000000.0,-1500000000.0,364186158.0,293036245029.0,76950391588.0,-230052058871.0,41233682065.0
000100,2023,56759795062.0,37000555158.0,6212827249.0,144128102312.0,161479680076.0,128227000000.0,60233761713.0,192931679.0,299257957184.0,99973177469.0,-110604263792.0,-17351577764.0
000100,2024,54880319609.0,43736465121.0,17995453669.0,54601585042.0,117078952653.0,168002600000.0,105245970000.0,16066213805.0,306475668968.0,116612238399.0,-17160885163.0,-62477367611.0
000100,2025,104374493823.0,49663449704.0,17346223741.0,106227395422.0,99601135225.0,199841800000.0,71116500000.0,18567251255.0,348564938250.0,171384167268.0,-59039386995.0,6626260197.0
377300,2021,,,,156658928688.0,18350631525.0,3000041724.0,0.0,,1140415007273.0,,-1137414965549.0,138308297163.0
377300,2022,-45518620546.0,,,-56865817768.0,30426546827.0,0.0,0.0,,1463508670011.0,-45518620546.0,,-87292364595.0
377300,2023,-56589696679.0,,,253114330926.0,11348390588.0,0.0,,,1463508670011.0,-56589696679.0,,241765940338.0
377300,2024,,,,127031956693.0,8792719652.0,,,,1564242229556.0,,,118239237041.0
377300,2025,50366676830.0,,,118619005514.0,15328577797.0,38914909706.0,,,1631491473258.0,50366676830.0,-1592576563552.0,103290427717.0
029780,2023,810006981367.0,26652689460.0,87920097380.0,,12073372326.0,,,26692378652980.0,1197632300508.0,924579768207.0,25494746352472.0,
029780,2024,885421436897.0,28303306772.0,89697294035.0,,6219999073.0,,,20468340212313.0,1197632300508.0,1003422037704.0,19270707911805.0,
029780,2025,853695000000.0,98770000000.0,29401000000.0,,12055000000.0,,,33292780000000.0,814369000000.0,981866000000.0,32478411000000.0,
000500,2020,12650885274.0,7947544792.0,,10024913810.0,7644497092.0,63880254835.0,46292000000.0,19995103774.0,10129005968.0,20598430066.0,120038352641.0,2380416718.0
000500,2021,16571777888.0,8069297171.0,,-11282515897.0,9376266241.0,385680767448.0,82423088000.0,29914727168.0,26713367880.0,24641075059.0,471305214736.0,-20658782138.0
000500,2022,28462568691.0,8388157768.0,,25464636189.0,6659144610.0,461077174931.0,66205140000.0,29953892264.0,55693314415.0,36850726459.0,501542892780.0,18805491579.0
000500,2023,43720038993.0,8311008090.0,,19382899758.0,10211714061.0,397215026004.0,47077400000.0,29993927147.0,71011595564.0,52031047083.0,403274757587.0,9171185697.0
000500,2024,45011778000.0,10355559000.0,,39267666000.0,10692281000.0,419856178000.0,52594138000.0,30000000000.0,71011596000.0,55367337000.0,431438720000.0,28575385000.0
000500,2025,79191591000.0,22855386000.0,,41739624000.0,24466101000.0,484477126000.0,52719198000.0,89795929000.0,197448756000.0,102046977000.0,429543497000.0,17273523000.0
138930,2023,801174464908.0,115085853096.0,90296366949.0,,115182504015.0,,,13035410243817.0,5894731642850.0,1006556684953.0,7140678600967.0,
138930,2024,875919821432.0,120728884954.0,92898136818.0,,82945547444.0,,,14121864931956.0,5452153161397.0,1089546843204.0,8669711770559.0,
138930,2025,902681388425.0,123837003140.0,84224322436.0,,93519070119.0,,,16445000245415.0,6374633733510.0,1110742714001.0,10070366511905.0,
001440,2020,56644901000.0,,,16661768000.0,6629261000.0,529454636000.0,0.0,,198784545000.0,56644901000.0,330670091000.0,10032507000.0
001440,2021,39462123000.0,,,-19314404000.0,7374015000.0,691004530000.0,249000000000.0,,147921442000.0,39462123000.0,792083088000.0,-26688419000.0
001440,2022,48173734000.0,,,-46604678000.0,13335122000.0,833034539000.0,210000000000.0,,217217061000.0,48173734000.0,825817478000.0,-59939800000.0
001440,2023,79823888000.0,,,30717002000.0,126017035000.0,493419504000.0,225000000000.0,,289331472000.0,79823888000.0,429088032000.0,-95300033000.0
001440,2024,115169757000.0,,,6751598000.0,128960244000.0,329106622000.0,5000000000.0,210000000000.0,333476916000.0,115169757000.0,210629706000.0,-122208646000.0
001440,2025,128613046536.0,,,-171279828165.0,155166163954.0,795271544051.0,89850000.0,459544840696.0,438856642626.0,128613046536.0,816049592121.0,-326445992119.0
353200,2020,2681155696.0,,,82856729827.0,97063325212.0,9080570944.0,,,30126447811.0,2681155696.0,-21045876867.0,-14206595385.0
353200,2021,72467127013.0,,,203808775837.0,129523838987.0,198299185491.0,,,76665885310.0,72467127013.0,121633300181.0,74284936850.0
353200,2022,232523019093.0,,,293618998810.0,204811862512.0,1000000000.0,28000000000.0,,122363723877.0,232523019093.0,-93363723877.0,88807136298.0
353200,2023,23732043885.0,,,180749115327.0,117049022382.0,1000000000.0,12917678000.0,,122363723877.0,23732043885.0,-108446045877.0,63700092945.0
353200,2024,23762727122.0,,,97822445823.0,59595440720.0,2308000000.0,6836173000.0,,76565618165.0,23762727122.0,-67421445165.0,38227005103.0
353200,2025,49061483387.0,,,71551720318.0,64877213066.0,34184000000.0,6836349000.0,,38156613986.0,49061483387.0,2863735014.0,6674507252.0
062040,2024,109231906505.0,,,15525217197.0,-89769083024.0,18456440835.0,67745340000.0,,61992693383.0,109231906505.0,24209087452.0,-74243865827.0
062040,2025,178634181593.0,,,115453741409.0,15254063586.0,1000000000.0,0.0,,108606384509.0,178634181593.0,-107606384509.0,100199677823.0
058470,2020,77881753690.0,,,99804058912.0,21737455254.0,,,,99439220422.0,77881753690.0,,78066603658.0
058470,2021,117104353242.0,,,130580737722.0,45110244006.0,,,,99439220422.0,117104353242.0,,85470493716.0
058470,2022,136634729982.0,,,108593008315.0,18249507304.0,,,,77211544736.0,136634729982.0,,90343501011.0
058470,2023,114378400291.0,,,110391022028.0,68500491718.0,,,,34165877177.0,114378400291.0,,41890530310.0
058470,2024,124201343872.0,,,110106597065.0,11640547813.0,,,,54759251381.0,124201343872.0,,98466049252.0
058470,2025,176997188289.0,,,179468846374.0,59954233830.0,,,,85202812409.0,176997188289.0,,119514612544.0
271560,2020,376122012796.0,125174624441.0,9395505215.0,460996136975.0,151810726936.0,266977036746.0,229674752578.0,-120000000000.0,367425437800.0,510692142452.0,9226351524.0,309185410039.0
271560,2021,372909907402.0,134464790914.0,10986031134.0,404732644670.0,142258511178.0,22543281285.0,159956352732.0,,550409184001.0,518360729450.0,-367909549984.0,262474133492.0
271560,2022,466654503027.0,144312379549.0,12666238438.0,546192637197.0,85331321925.0,276718983304.0,160000000000.0,,609723063482.0,623633121014.0,-173004080178.0,460861315272.0
271560,2023,492391149504.0,140281522727.0,13296761399.0,436961973545.0,166473271258.0,454379034720.0,,70000000000.0,609723063482.0,645969433630.0,-85344028762.0,270488702287.0
271560,2024,543587778241.0,144518960453.0,3168520015.0,651588436551.0,106937398828.0,11557003091.0,,1148616411.0,451277283648.0,691275258709.0,-438571664146.0,544651037723.0
271560,2025,558258027192.0,146875397092.0,2660896575.0,537328134910.0,122555594615.0,2088466831.0,,0.0,451277283648.0,707794320859.0,-449188816817.0,414772540295.0
009830,2020,594183118076.0,,,1069541687095.0,883786181487.0,,2716648021647.0,,1199836790880.0,594183118076.0,1516811230767.0,185755505608.0
009830,2021,738347655292.0,,,990890683781.0,812670935548.0,,3263692515386.0,,1651530298231.0,738347655292.0,1612162217155.0,178219748233.0
009830,2022,966247380110.0,,,115716723309.0,902923087644.0,,4205362605876.0,,2616168297098.0,966247380110.0,1589194308778.0,-787206364335.0
009830,2023,604528962904.0,,,517954151584.0,2390483416478.0,,5561746253983.0,,2616168297098.0,604528962904.0,2945577956885.0,-1872529264894.0
009830,2024,-300237959946.0,,,638486498245.0,3397574333556.0,,6422869155312.0,,2184380593410.0,-300237959946.0,4238488561902.0,-2759087835311.0
009830,2025,-364759000000.0,,,-655006000000.0,2010493000000.0,,7852018000000.0,,2470461000000.0,-364759000000.0,5381557000000.0,-2665499000000.0
128940,2020,48976342021.0,53659899219.0,7679165818.0,151534949938.0,41815495353.0,238100000000.0,179342480000.0,209619440698.0,146157369325.0,110315407058.0,480904551373.0,109719454585.0
128940,2021,125415874751.0,78235915411.0,10850423901.0,201923207364.0,19949004207.0,255900000000.0,180771120000.0,113900000000.0,209224626255.0,214502214063.0,341346493745.0,181974203157.0
128940,2022,158090311455.0,84355113076.0,12486894119.0,162268943067.0,29320264730.0,369100000000.0,142399760000.0,100000000000.0,209224626255.0,254932318650.0,402275133745.0,132948678337.0
128940,2023,220691065020.0,86022038175.0,12431941490.0,216537615372.0,27352054117.0,336100000000.0,82028400000.0,74979400044.0,147328655366.0,319145044685.0,345779144678.0,189185561255.0
128940,2024,216186188006.0,85538423673.0,11792676571.0,193486724954.0,39261057103.0,431830000000.0,85862440000.0,75000000000.0,192277535603.0,313517288250.0,400414904397.0,154225667851.0
128940,2025,257799090185.0,86200353541.0,12608631084.0,173072329954.0,43024532778.0,319500000000.0,91812500000.0,0.0,192277535603.0,356608074810.0,219034964397.0,130047797176.0
175330,2023,799978000000.0,,,,376042000000.0,,,10616595000000.0,1859669000000.0,799978000000.0,8756926000000.0,
175330,2024,906079000000.0,,,,74755000000.0,,,12212687000000.0,1777596000000.0,906079000000.0,10435091000000.0,
175330,2025,952314000000.0,,,,49774000000.0,,,14183144000000.0,2303084000000.0,952314000000.0,11880060000000.0,
240810,2020,140597242597.0,30303188744.0,6863056858.0,225055329125.0,58334152529.0,15000000000.0,,,135099998502.0,177763488199.0,-120099998502.0,166721176596.0
240810,2021,164128988758.0,29609077870.0,6981634839.0,137290457928.0,97465364012.0,,,,135099998502.0,200719701467.0,,39825093916.0
240810,2022,97554876588.0,32383871814.0,6823626906.0,28026783322.0,70027267638.0,,,,98372651160.0,136762375308.0,,-42000484316.0
240810,2023,,36072874690.0,6698193032.0,-12315183037.0,59514153913.0,50500000000.0,,,98372651160.0,,-47872651160.0,-71829336950.0
240810,2024,,37223945291.0,2612301328.0,78280504451.0,21432773671.0,170000000000.0,,,135051183728.0,,34948816272.0,56847730780.0
240810,2025,,33984131461.0,3190200343.0,156607028356.0,25661159526.0,200000000000.0,,,135051183728.0,,64948816272.0,130945868830.0
036570,2020,824793705694.0,64762595509.0,1041417205.0,707646022942.0,64436265402.0,11750611500.0,,249607246046.0,303443276788.0,890597718408.0,-42085419242.0,643209757540.0
036570,2021,375213171049.0,92450472213.0,1263680377.0,391086720594.0,286560829373.0,,60000000000.0,409120074161.0,255942400609.0,468927323639.0,213177673552.0,104525891221.0
036570,2022,559006120606.0,103988012276.0,1941406458.0,736014155699.0,249705689575.0,4917200000.0,409384374218.0,409384374218.0,285573838469.0,664935539340.0,538112109967.0,486308466124.0
036570,2023,137283512800.0,110132137907.0,1751348537.0,139905154853.0,117405612659.0,239954388772.0,169690531545.0,239954388772.0,365199572306.0,249166999244.0,284399736783.0,22499542194.0
036570,2024,-109215374026.0,105868954069.0,3308019893.0,107041218268.0,84187207659.0,,,240000000000.0,1260473495762.0,-38400064.0,-1020473495762.0,22854010609.0
036570,2025,16078426029.0,90910794605.0,4676672893.0,161967521188.0,103460096418.0,,,129966386012.0,1260473495762.0,111665893527.0,-1130507109750.0,58507424770.0
034220,2020,-70636000000.0,4134843000000.0,,2286948000000.0,2603545000000.0,2506420000000.0,2329013000000.0,49949000000.0,4218099000000.0,4064207000000.0,667283000000.0,-316597000000.0
034220,2021,2230608000000.0,4500701000000.0,,5753446000000.0,3141430000000.0,2573757000000.0,1298346000000.0,498027000000.0,4218099000000.0,6731309000000.0,152031000000.0,2612016000000.0
034220,2022,-2085047000000.0,4557457000000.0,,3011020000000.0,5079279000000.0,4487824000000.0,4165508000000.0,443230000000.0,3541597000000.0,2472410000000.0,5554965000000.0,-2068259000000.0
034220,2023,-2510164000000.0,4213742000000.0,,1682748000000.0,3482754000000.0,7446111000000.0,4765524000000.0,469266000000.0,2257522000000.0,1703578000000.0,10423379000000.0,-1800006000000.0
034220,2024,,,,2411761000000.0,2129735000000.0,6285819000000.0,3638904000000.0,370000000000.0,2257522000000.0,,8037201000000.0,282026000000.0
034220,2025,516977000000.0,,,2352083000000.0,1347937000000.0,4502811000000.0,5808062000000.0,612000000000.0,2021640000000.0,516977000000.0,8901233000000.0,1004146000000.0
004170,2020,88483188736.0,,,552374855466.0,476802419359.0,4839964004577.0,1814153092777.0,794108245933.0,388719002263.0,88483188736.0,7059506341024.0,75572436107.0
004170,2021,517400647833.0,,,1104485593489.0,584439419585.0,4376918482559.0,2372972783512.0,1021971131922.0,577787922195.0,517400647833.0,7194074475798.0,520046173904.0
004170,2022,645448993543.0,,,903136486956.0,381413274280.0,3626733249370.0,1720698870072.0,512750000000.0,937972867859.0,645448993543.0,4922209251583.0,521723212676.0
004170,2023,639780613579.0,,,791433048452.0,600553581665.0,6373935963994.0,1891589473487.0,966284933880.0,937972867859.0,639780613579.0,8293837503502.0,190879466787.0
004170,2024,477024306786.0,,,775837615719.0,895393492723.0,7428151935894.0,2213089222761.0,1132417451882.0,802458635593.0,477024306786.0,9971199974944.0,-119555877004.0
004170,2025,479961762138.0,,,990582722093.0,490851138416.0,5936056218341.0,2404267280398.0,1115569446837.0,845128179533.0,479961762138.0,8610764766043.0,499731583677.0
010060,2020,-251131589000.0,,,-118507430000.0,73296198000.0,325613711000.0,288958821000.0,79604180000.0,487552585000.0,-251131589000.0,206624127000.0,-191803628000.0
010060,2021,652127413000.0,,,377690582000.0,94475544000.0,406642547000.0,311069837000.0,96642540000.0,698696135000.0,652127413000.0,115658789000.0,283215038000.0
010060,2022,976672782000.0,,,566649863000.0,230235804000.0,705170093000.0,143317470000.0,,1245993946000.0,976672782000.0,-397506383000.0,336414059000.0
010060,2023,531217297000.0,,,674201886000.0,151778543000.0,289725358000.0,300000000000.0,59710079000.0,1245993946000.0,531217297000.0,-596558509000.0,522423343000.0
010060,2024,101527729000.0,,,116386068000.0,356640776000.0,933639227000.0,89907429000.0,150000000000.0,1213823579000.0,101527729000.0,-40276923000.0,-240254708000.0
010060,2025,-57627064000.0,,,553878733000.0,370844519000.0,637879995000.0,209275314000.0,150000000000.0,1143262782000.0,-57627064000.0,-146107473000.0,183034214000.0
000990,2020,239335181312.0,,,309982629774.0,157744371526.0,59657045212.0,100000000000.0,,84776806585.0,239335181312.0,74880238627.0,152238258248.0
000990,2021,399106778303.0,,,393129114790.0,133612138042.0,56652418325.0,96499920000.0,,183017846365.0,399106778303.0,-29865508040.0,259516976748.0
000990,2022,768746685740.0,,,730063433619.0,179939556916.0,53648679620.0,68499960000.0,,183017846365.0,768746685740.0,-60869206745.0,550123876703.0
000990,2023,265437456373.0,,,224258155766.0,329311056539.0,57405543566.0,46833320000.0,,253329763803.0,265437456373.0,-149090900237.0,-105052900773.0
000990,2024,190838683363.0,,,382634373825.0,126689883424.0,90486731143.0,27000000000.0,,297054100758.0,190838683363.0,-179567369615.0,255944490401.0
000990,2025,277294561174.0,,,356967025481.0,146129867916.0,231678525383.0,102572732928.0,125504236180.0,323054472680.0,277294561174.0,136701021811.0,210837157565.0
454910,2023,,,,-27198834906.0,3123738619.0,25000000000.0,,,305423576953.0,,-280423576953.0,-30322573525.0
454910,2024,,,,-43770453661.0,3298734340.0,0.0,,,305423576953.0,,,-47069188001.0
454910,2025,-59472307590.0,,,-17322515546.0,13137762569.0,2353644792.0,,,265535614827.0,-59472307590.0,-263181970035.0,-30460278115.0
028300,2020,-61311788462.0,,,-56513635182.0,972230523.0,63695320000.0,7016662000.0,47229215545.0,220677816166.0,-61311788462.0,-102736618621.0,-57485865705.0
028300,2021,-101018424284.0,,,-54765398832.0,2186629000.0,6002001201.0,0.0,0.0,220677816166.0,-101018424284.0,-214675814965.0,-56952027832.0
028300,2022,-74664893059.0,,,-61816035433.0,11734486221.0,6168332000.0,1423518981.0,23000000000.0,195695147868.0,-74664893059.0,-165103296887.0,-73550521654.0
028300,2023,-125024740610.0,,,-111631653903.0,5869563964.0,21474804218.0,290000000.0,19541950300.0,195695147868.0,-125024740610.0,-154388393350.0,-117501217867.0
028300,2024,-118516152929.0,,,-114312509443.0,19968949065.0,,,92729923720.0,108888419177.0,-118516152929.0,-16158495457.0,-134281458508.0
028300,2025,-104217336541.0,,,-92588030393.0,16946773717.0,,,50000000000.0,93047819826.0,-104217336541.0,-43047819826.0,-109534804110.0
319660,2020,31552799554.0,,,22381744331.0,10567516131.0,,242325888.0,15000000000.0,45862316339.0,31552799554.0,-30619990451.0,11814228200.0
319660,2021,94084940603.0,,,114603470770.0,8658250423.0,3293484970.0,13443180962.0,0.0,66073865022.0,94084940603.0,-49337199090.0,105945220347.0
319660,2022,91842998729.0,,,46284494056.0,12904503550.0,0.0,12000000000.0,0.0,66073865022.0,91842998729.0,-54073865022.0,33379990506.0
319660,2023,54118591422.0,,,50281470015.0,25981919786.0,,,,64918554700.0,54118591422.0,,24299550229.0
319660,2024,83924423263.0,,,67241427193.0,27192602203.0,,,,94775120383.0,83924423263.0,,40048824990.0
319660,2025,88494057075.0,,,61731136881.0,18531513572.0,,,,119421667338.0,88494057075.0,,43199623309.0
082740,2020,20020539457.0,,,83800097942.0,2856192049.0,201000000000.0,,85000000000.0,45288033698.0,20020539457.0,240711966302.0,80943905893.0
082740,2021,-39778154646.0,,,-45756449983.0,9153783243.0,127850090917.0,84120000000.0,48098780187.0,54072266173.0,-39778154646.0,205996604931.0,-54910233226.0
082740,2022,-40272392255.0,,,-21112695156.0,9018325746.0,125000000000.0,57055748000.0,,54559248122.0,-40272392255.0,127496499878.0,-30131020902.0
082740,2023,8728565174.0,,,70152111710.0,31064243996.0,153000000000.0,57055748000.0,39898500000.0,102831937306.0,8728565174.0,147122310694.0,39087867714.0
082740,2024,71531721192.0,,,90375704938.0,51003779564.0,151000000000.0,17319685000.0,43947006810.0,133001192448.0,71531721192.0,79265499362.0,39371925374.0
082740,2025,130066296100.0,,,330318677509.0,33289810489.0,80000000000.0,10000000000.0,43008748436.0,276708027934.0,130066296100.0,-143699279498.0,297028867020.0
011790,2020,190788258583.0,164879216058.0,30372843396.0,337112812601.0,,3224876676808.0,1479794594887.0,1479794594887.0,428586447897.0,386040318037.0,5755879418685.0,337112812601.0
011790,2021,464743373689.0,177336863049.0,30906664718.0,282512631068.0,,2558888098067.0,1854408240372.0,1854408240372.0,722154796935.0,672986901456.0,5545549781876.0,282512631068.0
011790,2022,220255942998.0,208577544290.0,43267644598.0,-147158687779.0,,2818370927663.0,1954921445650.0,1954921445650.0,1098442056091.0,472101131886.0,5629771762872.0,-147158687779.0
011790,2023,-216300854733.0,,,-234741996756.0,,2567102832006.0,1983765748642.0,174724997170.0,1098442056091.0,-216300854733.0,3627151521727.0,-234741996756.0
011790,2024,123165366343.0,,,-199714849316.0,667540827204.0,1939120906263.0,1758424837350.0,149487336529.0,531046016471.0,123165366343.0,3315987063671.0,-867255676520.0
298380,2020,-59647069177.0,,2063926826.0,-47294848554.0,,,,,91146337192.0,-57583142351.0,,-47294848554.0
298380,2021,-52305340534.0,,2158312195.0,-40605186980.0,,,,,40658308607.0,-50147028339.0,,-40605186980.0
298380,2022,907999453.0,,2324825785.0,72131523498.0,,,,,25135624884.0,3232825238.0,,72131523498.0
298380,2023,-2617101131.0,,2589778844.0,-28361974590.0,,,,,28064217234.0,-27322287.0,,-28361974590.0
298380,2024,-59377417080.0,,2409938602.0,-69402667056.0,,,,,56288982505.0,-56967478478.0,,-69402667056.0
298380,2025,-40389935899.0,,3449154510.0,-41253077040.0,122300000.0,,,,111981944913.0,-36940781389.0,,-41375377040.0
088350,2023,1057044424910.0,,0.0,,36983113340.0,,,,3670919427827.0,1057044424910.0,,
088350,2024,1096965243506.0,,,,205573258635.0,,,13162378974759.0,3670919427827.0,1096965243506.0,9491459546932.0,
088350,2025,1147250000000.0,,,,188100000000.0,,,,3103115000000.0,1147250000000.0,,
111770,2020,259688519331.0,,,346090092799.0,89997983317.0,217631446303.0,110109552420.0,50000000000.0,664877345170.0,259688519331.0,-287136346447.0,256092109482.0
111770,2021,442515129012.0,,,287353748746.0,129177364989.0,-121583704591.0,82460705850.0,49915972384.0,664877345170.0,442515129012.0,-654084371527.0,158176383757.0
111770,2022,823027257046.0,,,458800227068.0,145626076400.0,224549801840.0,133243897850.0,40000000000.0,735944764488.0,823027257046.0,-338151064798.0,313174150668.0
111770,2023,637146368834.0,,,525111272743.0,171597170562.0,399176532327.0,77487641820.0,10000000000.0,896394078489.0,637146368834.0,-409729904342.0,353514102181.0
111770,2024,315580583310.0,,,623729052618.0,116824849924.0,381833355424.0,257771492751.0,0.0,896394078489.0,315580583310.0,-256789230314.0,506904202694.0
111770,2025,514438778298.0,,,374875504121.0,223162674298.0,76448105310.0,190959894360.0,0.0,1090560747187.0,514438778298.0,-823152747517.0,151712829823.0
001040,2020,1390340166000.0,,,3032814780000.0,1234167049000.0,3092611322000.0,3065207901000.0,4073690987000.0,2603100147000.0,1390340166000.0,7628410063000.0,1798647731000.0
001040,2021,1881800099000.0,,,3353190728000.0,1458111863000.0,3205342324000.0,2467662370000.0,4431537007000.0,3193864799000.0,1881800099000.0,6910676902000.0,1895078865000.0
001040,2022,2154201790000.0,,,4044985960000.0,1916741996000.0,5714650512000.0,2672097792000.0,4633388278000.0,4021275506000.0,2154201790000.0,8998861076000.0,2128243964000.0
001040,2023,2039057889000.0,,,5016996681000.0,1478930522000.0,3937378915000.0,2502878954000.0,4783631898000.0,4021275506000.0,2039057889000.0,7202614261000.0,3538066159000.0
001040,2024,2547483645000.0,,,4830828591000.0,1344839176000.0,4922806612000.0,1410881013000.0,4320605171000.0,3646474585000.0,2547483645000.0,7007818211000.0,3485989415000.0
001040,2025,2527738458000.0,,,4987380240000.0,2335628897000.0,9556576177000.0,1878057026000.0,4445686870000.0,3185783573000.0,2527738458000.0,12694536500000.0,2651751343000.0
052690,2020,29571387151.0,15947447408.0,8435228252.0,16825529592.0,4197881470.0,,,,69303590544.0,53954062811.0,,12627648122.0
052690,2021,10127722672.0,16273413049.0,8621089856.0,-15763329175.0,1626577321.0,,,,39077073089.0,35022225577.0,,-17389906496.0
052690,2022,13940025562.0,15313253450.0,7777178333.0,6758107760.0,1376542609.0,,,10000000.0,45324253241.0,37030457345.0,-45314253241.0,5381565151.0
052690,2023,28562398334.0,15548235974.0,6232458264.0,40817030278.0,2846609882.0,,,,52159068352.0,50343092572.0,,37970420396.0
052690,2024,54806059056.0,15719492184.0,6533309729.0,48950324037.0,4556748314.0,,,0.0,52159068352.0,77058860969.0,-52159068352.0,44393575723.0
052690,2025,35452646024.0,15874302198.0,7134897391.0,29316127878.0,4574307794.0,,,,46521428441.0,58461845613.0,,24741820084.0
051900,2020,1220864731311.0,233925508629.0,28295853267.0,1004842472035.0,505743484068.0,194202086120.0,22801783421.0,100000000000.0,647104059171.0,1483086093207.0,-330100189630.0,499098987967.0
051900,2021,1289630423605.0,240917419595.0,34129748348.0,984481666368.0,321874697496.0,256676145850.0,17341601617.0,29999983840.0,734520611733.0,1564677591548.0,-430502880426.0,662606968872.0
051900,2022,711122934369.0,246887613016.0,41092465637.0,497299483100.0,157045694758.0,364155453328.0,14783780077.0,30000000000.0,734520611733.0,999103013022.0,-325581378328.0,340253788342.0
051900,2023,486981224742.0,232093988438.0,37773195056.0,659061627244.0,152418338718.0,147503411090.0,12504919540.0,0.0,910348037982.0,756848408236.0,-750339707352.0,506643288526.0
051900,2024,459045912180.0,221266864790.0,34341000860.0,527630110092.0,131143052779.0,241330029491.0,7790336487.0,0.0,1253469878367.0,714653777830.0,-1004349512389.0,396487057313.0
051900,2025,170688596929.0,201397274650.0,38598440376.0,446433049589.0,78879194632.0,261948732454.0,1993443590.0,,1253469878367.0,410684311955.0,-989527702323.0,367553854957.0
214450,2020,33425871945.0,,,32391668890.0,34784983269.0,15000000000.0,773091200.0,,26715006349.0,33425871945.0,-10941915149.0,-2393314379.0
214450,2021,52488896037.0,,,65297140554.0,20644934216.0,15800000000.0,698406450.0,25000000000.0,41674472731.0,52488896037.0,-176066281.0,44652206338.0
214450,2022,65916151831.0,,,59403807966.0,17213456322.0,15550000000.0,516520000.0,22062905690.0,72931463620.0,65916151831.0,-34802037930.0,42190351644.0
214450,2023,92257786628.0,,,64945249419.0,12062682282.0,15150000000.0,193281060.0,1500730352.0,72931463620.0,92257786628.0,-56087452208.0,52882567137.0
214450,2024,126050757121.0,,,138121879153.0,36414698107.0,250000000.0,1217019682.0,10000000000.0,165348015702.0,126050757121.0,-153880996020.0,101707181046.0
004020,2020,73032437891.0,,,2014160118424.0,-1033556415637.0,-3868617049966.0,5207872617624.0,4694382814719.0,917233010613.0,73032437891.0,5116405371764.0,980603702787.0
004020,2021,2447503013134.0,,,2002894272429.0,-904496020991.0,-2521373206448.0,4670585055678.0,4471788428135.0,1380923938134.0,2447503013134.0,5240076339231.0,1098398251438.0
004020,2022,1616457125289.0,,,2179616640426.0,-1020997882794.0,3620166003201.0,3590923192202.0,3796449987674.0,1698640645955.0,1616457125289.0,9308898537122.0,1158618757632.0
004020,2023,798325068073.0,,,1948393342394.0,823992843115.0,5324110406449.0,1569154729419.0,3207469680509.0,1698640645955.0,798325068073.0,8402094170422.0,1124400499279.0
004020,2024,159492008580.0,,,1777143870407.0,1672318495047.0,7616732138418.0,3383365889535.0,2775407917700.0,1385746851111.0,159492008580.0,12389759094542.0,104825375360.0
004020,2025,219235156230.0,,,2053257208793.0,1492664770515.0,6657357327765.0,3242408246667.0,2573889678436.0,1342926134232.0,219235156230.0,11130729118636.0,560592438278.0
039030,2020,38485391168.0,,,50952285710.0,9803641661.0,11871921600.0,,,96802642146.0,38485391168.0,-84930720546.0,41148644049.0
039030,2021,78136358339.0,,,1562854076.0,5190909383.0,11805490600.0,515159054.0,,96802642146.0,78136358339.0,-84481992492.0,-3628055307.0
039030,2022,92798680886.0,,,92745130018.0,3763326656.0,11824008000.0,454004997.0,,159217919022.0,92798680886.0,-146939906025.0,88981803362.0
039030,2023,28334755251.0,,,31583430990.0,4999568208.0,4951832400.0,461155548.0,,200056020158.0,28334755251.0,-194643032210.0,26583862782.0
039030,2024,46659813877.0,,,55361110767.0,63708398226.0,9000000000.0,0.0,,222229676138.0,46659813877.0,-213229676138.0,-8347287459.0
039030,2025,80753274993.0,,,100287776582.0,3906067446.0,7000000000.0,0.0,,236305275966.0,80753274993.0,-229305275966.0,96381709136.0
018880,2020,,,,795571245781.0,402043028836.0,976371757134.0,701290983381.0,1596219767148.0,1325366463435.0,,1948516044228.0,393528216945.0
018880,2021,,,,636307449660.0,387670072620.0,1081880456724.0,100000000000.0,1706019243286.0,1403762531188.0,,1484137168822.0,248637377040.0
018880,2022,,,,378310083775.0,385075162996.0,1515069975633.0,210246961075.0,1546584313028.0,1429141081044.0,,1842760168692.0,-6765079221.0
018880,2023,277278601609.0,,,517356071307.0,481176426933.0,2082252208163.0,287551642740.0,1413188555360.0,1429141081044.0,277278601609.0,2353851325219.0,36179644374.0
018880,2024,-349280481118.0,,,569253858880.0,385616422665.0,2978729813739.0,372724994927.0,1958676111598.0,1346499808114.0,-349280481118.0,3963631112150.0,183637436215.0
018880,2025,270371633168.0,,,112337412418.0,293086557785.0,3723993048964.0,970000000000.0,1008001502872.0,1346499808114.0,270371633168.0,4355494743722.0,-180749145367.0
002380,2020,133845504026.0,359278397820.0,35624860527.0,679854398097.0,237251731033.0,972445145838.0,1976222403887.0,718668794178.0,492511997839.0,528748762373.0,3174824346064.0,442602667064.0
002380,2021,388769767968.0,346749844985.0,37516766975.0,424043437081.0,254402378022.0,842904954141.0,2388006265122.0,1168017831632.0,541200616648.0,773036379928.0,3857728434247.0,169641059059.0
002380,2022,467661528938.0,362623045355.0,43377772888.0,384566370763.0,384741564804.0,514339273963.0,2888547003417.0,798493507745.0,776747673687.0,873662347181.0,3424632111438.0,-175194041.0
002380,2023,312530203929.0,364948047550.0,46594590760.0,788266331197.0,379009357955.0,1217352890343.0,2261570424089.0,748637262344.0,1045142107132.0,724072842239.0,3182418469644.0,409256973242.0
002380,2024,471118235184.0,364887715803.0,48314823390.0,596801288316.0,257719840837.0,910081138384.0,2499421725661.0,1307469089709.0,1045142107132.0,884320774377.0,3671829846622.0,339081447479.0
023530,2020,346084471821.0,,,1489939445522.0,811110177905.0,1480144708219.0,955750079037.0,6234702914892.0,1913235610358.0,346084471821.0,6757362091790.0,678829267617.0
023530,2021,207602693266.0,,,1828098311634.0,869381852445.0,1527796229227.0,1568996030695.0,6388234343658.0,2398788978689.0,207602693266.0,7086237624891.0,958716459189.0
023530,2022,386225594610.0,,,1627838230821.0,556073539459.0,1261768415151.0,1081670680000.0,4894848443231.0,2398788978689.0,386225594610.0,4839498559693.0,1071764691362.0
023530,2023,508404731640.0,,,1639812977926.0,-816045561520.0,2408860313617.0,1797374783059.0,5145975765763.0,1800809705742.0,508404731640.0,7551401156697.0,823767416406.0
023530,2024,473113964780.0,,,1587898651997.0,905977976086.0,2957124083179.0,1857047136825.0,6006882589961.0,1589717984770.0,473113964780.0,9231335825195.0,681920675911.0
023530,2025,547037221095.0,,,1723750652721.0,651764091594.0,3940419530192.0,1627118762122.0,5251213635717.0,1554846752455.0,547037221095.0,9263905175576.0,1071986561127.0
141080,2020,-29761761146.0,,,-15994736720.0,3614465214.0,,3612000000.0,0.0,66888373396.0,-29761761146.0,-63276373396.0,-19609201934.0
141080,2021,-27706660419.0,,,-43089063772.0,18308981395.0,,9147000000.0,0.0,139940197122.0,-27706660419.0,-130793197122.0,-61398045167.0
141080,2022,-50375099038.0,,,-10227655898.0,4164323206.0,2700000000.0,9147000000.0,,139940197122.0,-50375099038.0,-128093197122.0,-14391979104.0
141080,2023,-80822342649.0,,,-62235789517.0,1319487970.0,11847000000.0,-9147000000.0,,117964960603.0,-80822342649.0,-115264960603.0,-63555277487.0
141080,2024,-20913487724.0,,,78476380652.0,2627734836.0,11847000000.0,0.0,,128912155244.0,-20913487724.0,-117065155244.0,75848645816.0
141080,2025,,,,-124532936677.0,3049519644.0,0.0,0.0,,128912155244.0,,,-127582456321.0
000250,2020,5522905191.0,6210656063.0,474674735.0,3249732702.0,8678827270.0,27487703789.0,20000000000.0,,60272737097.0,12208235989.0,-12785033308.0,-5429094568.0
000250,2021,-15293087301.0,6340173632.0,400380162.0,-7706965272.0,14881797661.0,6066403871.0,20000000000.0,30000000000.0,58935489415.0,-8552533507.0,-2869085544.0,-22588762933.0
000250,2022,12224651499.0,7224957119.0,425913531.0,13278998700.0,16531416924.0,8144751527.0,40000000000.0,27822248695.0,49113287318.0,19875522149.0,26853712904.0,-3252418224.0
000250,2023,9559814333.0,7989571667.0,440862168.0,23428068368.0,6765880596.0,35224400820.0,20000000000.0,0.0,40427235975.0,17990248168.0,14797164845.0,16662187772.0
000250,2024,2641971274.0,8394029674.0,635066378.0,21770705374.0,17022405665.0,17550919918.0,17000000000.0,0.0,105584562702.0,11671067326.0,-71033642784.0,4748299709.0
000250,2025,8466512950.0,9085019424.0,1908400342.0,9793496690.0,46146079346.0,8589121243.0,0.0,29541900000.0,105584562702.0,19459932716.0,-67453541459.0,-36352582656.0
001450,2023,788215580227.0,,,,25180921793.0,,,944857879216.0,1175076403366.0,788215580227.0,-230218524150.0,
001450,2024,1244069529604.0,,,,75180456376.0,,,2546753477916.0,1447967064247.0,1244069529604.0,1098786413669.0,
001450,2025,1260994493599.0,,,,21574688422.0,,,,1509674177483.0,1260994493599.0,,
066970,2020,1470005055.0,12329612454.0,1480706228.0,45268961748.0,54121655778.0,284219901063.0,90532665547.0,4716472612.0,21225332229.0,15280323737.0,358243706993.0,-8852694030.0
066970,2021,44252213145.0,18977335908.0,1487927055.0,-138078706855.0,179350392678.0,238690637972.0,155960150000.0,108990063452.0,271776317720.0,64717476108.0,231864533704.0,-317429099533.0
066970,2022,266321029961.0,29690748543.0,1452049944.0,-864287525947.0,287498457092.0,406139885260.0,412054664455.0,64557131717.0,271776317720.0,297463828448.0,610975363712.0,-1151785983039.0
066970,2023,-222296651919.0,44243606032.0,2255739499.0,-374648857820.0,482016761989.0,717892000000.0,466216873340.0,657705135910.0,241265504599.0,-175797306388.0,1600548504651.0,-856665619809.0
066970,2024,-558685355192.0,60475856853.0,2898690997.0,280519186689.0,207877648429.0,813020000000.0,502113160000.0,388395240030.0,279521440477.0,-495310807342.0,1424006959553.0,72641538260.0
066970,2025,-156849943423.0,82023190270.0,3273805974.0,-29205374598.0,137353241925.0,781033333338.0,378884860000.0,404015905230.0,382883140911.0,-71552947179.0,1181050957657.0,-166558616523.0
222800,2020,89740402529.0,73945543549.0,1733258970.0,215472899059.0,86017641215.0,164037066246.0,37937094930.0,49110683700.0,17097430541.0,165419205048.0,233987414335.0,129455257844.0
222800,2021,174319010782.0,77905645308.0,944855485.0,114588130171.0,76610210163.0,150911997506.0,49135030272.0,76000000000.0,17097430541.0,253169511575.0,258949597237.0,37977920008.0
222800,2022,352354248115.0,81183067668.0,778815567.0,435472860488.0,158947043538.0,53794600000.0,38071176464.0,31737716029.0,119810060113.0,434316131350.0,3793432380.0,276525816950.0
222800,2023,-88124119458.0,79917626281.0,735102509.0,-93400713811.0,139284265188.0,465270360000.0,112942200000.0,50695920000.0,119810060113.0,-7471390668.0,509098419887.0,-232684978999.0
222800,2024,-46969220820.0,,,-161257696543.0,103331075576.0,731330261983.0,90455701949.0,100000000000.0,127768593553.0,-46969220820.0,794017370379.0,-264588772119.0
440110,2023,-58569439226.0,,,-42164830339.0,10577037212.0,25000000000.0,9500000000.0,0.0,95393266016.0,-58569439226.0,-60893266016.0,-52741867551.0
440110,2024,-95048300908.0,,,-108840321560.0,-6041333867.0,-20000000000.0,0.0,0.0,95393266016.0,-95048300908.0,-115393266016.0,-114881655427.0
440110,2025,,,,-3703541869.0,-4061919991.0,11500000000.0,0.0,11990000000.0,40803548861.0,,-17313548861.0,-7765461860.0
036460,2020,898855103216.0,1636714620894.0,,3251022956819.0,912057859660.0,,,2339334000000.0,331760711447.0,2535569724110.0,2007573288553.0,2338965097159.0
036460,2021,1239699333407.0,1722329284772.0,,-2070539824957.0,1156241027286.0,,,2004000000000.0,564523174196.0,2962028618179.0,1439476825804.0,-3226780852243.0
036460,2022,2463421952045.0,1751358366410.0,,-14580918441830.0,1178507549251.0,,,2348098549900.0,813274677818.0,4214780318455.0,1534823872082.0,-15759425991081.0
036460,2023,1553418857598.0,1887118243680.0,,5885553657430.0,1331092555346.0,,,6626452264633.0,813274677818.0,3440537101278.0,5813177586815.0,4554461102084.0
036460,2024,3003363000000.0,1863642000000.0,118994000000.0,3629763000000.0,1666148000000.0,,,4103711000000.0,933211000000.0,4985999000000.0,3170500000000.0,1963615000000.0
036460,2025,2101151000000.0,1803124000000.0,120809000000.0,6539315000000.0,1987747000000.0,,,5627004000000.0,1152802000000.0,4025084000000.0,4474202000000.0,4551568000000.0
011780,2020,742159982879.0,,,771534306405.0,175439664648.0,374819751626.0,485337668122.0,23678046912.0,418223093806.0,742159982879.0,465612372854.0,596094641757.0
011780,2021,2406835526956.0,,,2127031389404.0,353775840485.0,714274825130.0,243472391390.0,0.0,622937474397.0,2406835526956.0,334809742123.0,1773255548919.0
011780,2022,1147745512728.0,,,513532762319.0,427688850315.0,483707864622.0,328360747160.0,0.0,622937474397.0,1147745512728.0,189131137385.0,85843912004.0
011780,2023,358961881960.0,,,630703779509.0,589818134462.0,44097649193.0,199820000000.0,,567301480378.0,358961881960.0,-323383831185.0,40885645047.0
011780,2024,272804307588.0,,,322334793729.0,436189485536.0,-13133834503.0,131045000000.0,99557326800.0,452439485955.0,272804307588.0,-234970993658.0,-113854691807.0
011780,2025,271828509546.0,,,715308386329.0,194402300702.0,-58804172815.0,54986780000.0,99545568400.0,650436032913.0,271828509546.0,-554707857328.0,520906085627.0
035250,2020,-431583873583.0,405286254952.0,642517569.0,-655676332159.0,58963253068.0,,,,66052962790.0,-25655101062.0,,-714639585227.0
035250,2021,-52695285784.0,78636670189.0,741848380.0,210874268539.0,42936378212.0,2700000000.0,2450000000.0,,206399109422.0,26683232785.0,-201249109422.0,167937890327.0
035250,2022,217565214200.0,77340118859.0,855760471.0,420172245612.0,29444119671.0,0.0,0.0,,206399109422.0,295761093530.0,,390728125941.0
035250,2023,282263014860.0,79507233224.0,978182977.0,337848836029.0,70846617448.0,0.0,3050000000.0,,166186546142.0,362748431061.0,-163136546142.0,267002218581.0
035250,2024,285790454716.0,77582716300.0,892165554.0,487048778217.0,107494733192.0,,500000000.0,,244499636973.0,364265336570.0,-243999636973.0,379554045025.0
035250,2025,235311359166.0,83696079927.0,690473105.0,294467847955.0,115904370917.0,,0.0,,244499636973.0,319697912198.0,,178563477038.0
214370,2020,31977802907.0,,,30775990492.0,21080265113.0,617663695.0,,,21690263596.0,31977802907.0,-21072599901.0,9695725379.0
214370,2021,28204290924.0,,,51922402494.0,3888402845.0,102443000.0,,,22249157221.0,28204290924.0,-22146714221.0,48033999649.0
214370,2022,33625928175.0,,,-27680623280.0,1544439046.0,,,,22249157221.0,33625928175.0,,-29225062326.0
214370,2023,40377972813.0,,,28602567224.0,8155461834.0,,,,31527525960.0,40377972813.0,,20447105390.0
214370,2024,34249787129.0,,,13486611789.0,65867099927.0,,,,31527525960.0,34249787129.0,,-52380488138.0
214370,2025,20399783833.0,,,18589458609.0,3860314345.0,,,,8858967118.0,20399783833.0,,14729144264.0
103590,2020,13776691618.0,156690973754.0,1026592272.0,57664627757.0,6199496230.0,398616743656.0,139299808868.0,0.0,40565758935.0,171494257644.0,497350793589.0,51465131527.0
103590,2021,20402669112.0,,,9620953048.0,15890104444.0,292155673130.0,79982567684.0,26793600000.0,40565758935.0,20402669112.0,358366081879.0,-6269151396.0
103590,2022,31490877242.0,,,50573216276.0,24960402830.0,572875224388.0,106873600000.0,30000000000.0,39456657378.0,31490877242.0,670292167010.0,25612813446.0
103590,2023,60756520579.0,,,49223343515.0,23899823345.0,824006734748.0,100986130000.0,0.0,56717295702.0,60756520579.0,868275569046.0,25323520170.0
103590,2024,79742010000.0,,,105677318000.0,69490206000.0,538851694000.0,18000000000.0,77922773000.0,140017884000.0,79742010000.0,494756583000.0,36187112000.0
103590,2025,151226606000.0,,,86862549000.0,24564642000.0,294972922000.0,26000000000.0,72349000000.0,140017884000.0,151226606000.0,253304038000.0,62297907000.0
251270,2020,272046487017.0,,,372261914839.0,210446018783.0,1336801000000.0,161916861710.0,159481308467.0,1574831709792.0,272046487017.0,83367460385.0,161815896056.0
251270,2021,151024628649.0,,,137464407630.0,86357795045.0,1679182320257.0,539330015722.0,159664563282.0,1353724443229.0,151024628649.0,1024452456032.0,51106612585.0
251270,2022,-108688598689.0,,,-408393774419.0,38656419848.0,2022741756371.0,455516406592.0,159850646658.0,1353724443229.0,-108688598689.0,1284384366392.0,-447050194267.0
251270,2023,-68468184309.0,,,-98114733894.0,36162240588.0,2008922541843.0,371638035964.0,-160000000000.0,502997969607.0,-68468184309.0,1717562608200.0,-134276974482.0
251270,2024,215627215188.0,,,287708442387.0,17265014217.0,1212154719973.0,597864836820.0,399160075550.0,577864115437.0,215627215188.0,1631315516906.0,270443428170.0
251270,2025,,,,337793565982.0,47294479759.0,784044836541.0,213700000000.0,249927356471.0,688942929318.0,,558729263694.0,290499086223.0
483650,2024,59844712688.0,,,15809001299.0,-834611130.0,,,,54002975233.0,59844712688.0,,14974390169.0
483650,2025,101469415203.0,,,68482449044.0,-301490748.0,,,,100992795264.0,101469415203.0,,68180958296.0
031210,2025,375701743924.0,,,387231449456.0,14075143706.0,,,,173384495828.0,375701743924.0,,373156305750.0
403870,2022,85174462019.0,,,82104669106.0,9425707733.0,,,,130015123268.0,85174462019.0,,72678961373.0
403870,2023,95206074427.0,,,90318133969.0,24669654491.0,,,,130015123268.0,95206074427.0,,65648479478.0
403870,2024,93945693775.0,,,97936697981.0,43112610428.0,,,,61287398968.0,93945693775.0,,54824087553.0
403870,2025,89902342748.0,,,100205138390.0,2329823754.0,,,,93941091316.0,89902342748.0,,97875314636.0
097950,2020,1359551440000.0,,,2001752173000.0,968452618000.0,1647881072000.0,2412810326000.0,2877693591000.0,1212229101000.0,1359551440000.0,5726155888000.0,1033299555000.0
097950,2021,1524429392000.0,,,1686409257000.0,1342839001000.0,1455599563000.0,1966024758000.0,2945165000000.0,1212229101000.0,1524429392000.0,5154560220000.0,343570256000.0
097950,2022,1664708210000.0,,,1627293112000.0,1442983885000.0,2842769156000.0,1772536200000.0,3528605829000.0,1797257804000.0,1664708210000.0,6346653381000.0,184309227000.0
097950,2023,1291582413000.0,,,2444759803000.0,1124228810000.0,2471827919000.0,1445603057000.0,3475599306000.0,1853610633000.0,1291582413000.0,5539419649000.0,1320530993000.0
097950,2024,1553017638000.0,,,2255253477000.0,1000900488000.0,3090894377000.0,1596236857000.0,3157088401000.0,1853610633000.0,1553017638000.0,5990609002000.0,1254352989000.0
097950,2025,1233604641000.0,,,2481608395000.0,1630528597000.0,2760318571000.0,1676887878000.0,3155759559000.0,1301783187000.0,1233604641000.0,6291182821000.0,851079798000.0
022100,2020,26087467478.0,,,65554811247.0,3443821224.0,982554997.0,76603000.0,,137287016483.0,26087467478.0,-136227858486.0,62110990023.0
022100,2021,-19477262841.0,,,-51913027153.0,1659215812.0,711452839.0,76603000.0,,137287016483.0,-19477262841.0,-136498960644.0,-53572242965.0
022100,2022,64668494002.0,,,-3942810359.0,4015908089.0,405179940.0,76603000.0,,32014522081.0,64668494002.0,-31532739141.0,-7958718448.0
022100,2023,110563784581.0,,,21821037018.0,10786582175.0,387356940.0,76603000.0,,60162678094.0,110563784581.0,-59698718154.0,11034454843.0
022100,2024,108991969223.0,,,97799461517.0,12693470204.0,,,76603000.0,129180234831.0,108991969223.0,-129103631831.0,85105991313.0
022100,2025,60388586087.0,,,145951092070.0,5451717497.0,0.0,76603000.0,,246949912811.0,60388586087.0,-246873309811.0,140499374573.0
383220,2021,322683779494.0,,,291504267270.0,11964458589.0,889985670000.0,,,129104898880.0,322683779494.0,760880771120.0,279539808681.0
383220,2022,524882680312.0,,,344071664610.0,17924057340.0,325930930000.0,295000000.0,,101981078829.0,524882680312.0,224244851171.0,326147607270.0
383220,2023,551835228989.0,,,477023578174.0,23232509595.0,352620650000.0,295000000.0,,219989971000.0,551835228989.0,132925679000.0,453791068579.0
383220,2024,450737459737.0,,,398841092866.0,434640658577.0,341936000000.0,225000000.0,,219989971000.0,450737459737.0,122171029000.0,-35799565711.0
383220,2025,468574150329.0,,,355205411881.0,23985231684.0,499818594638.0,0.0,,325383761882.0,468574150329.0,174434832756.0,331220180197.0
214150,2020,40608569011.0,2003229692.0,80169996.0,38125167917.0,791886102.0,100000000.0,,,64383495928.0,42691968699.0,-64283495928.0,37333281815.0
214150,2021,51712720398.0,2350218806.0,107550911.0,36367042257.0,32627973312.0,,35000000000.0,,64383495928.0,54170490115.0,-29383495928.0,3739068945.0
214150,2022,68876207458.0,3213442385.0,162963417.0,54754505368.0,27481361335.0,37200000000.0,69000000000.0,,42788254096.0,72252613260.0,63411745904.0,27273144033.0
214150,2023,89622382063.0,3703489589.0,251924168.0,,4474211858.0,2400000000.0,62000000000.0,,26004485440.0,93577795820.0,38395514560.0,
214150,2024,122442594301.0,4833929498.0,2184619813.0,,4074794425.0,76716824623.0,,2096529158.0,22745070820.0,129461143612.0,56068282961.0,
214150,2025,170600874067.0,6483726950.0,7984638413.0,163935787746.0,12868774989.0,21324811600.0,62775000000.0,2414647935.0,37521303951.0,185069239430.0,48993155584.0,151067012757.0
139130,2023,534254826716.0,139776965153.0,,1950012025290.0,29224300592.0,,,8242523074905.0,4006474436832.0,674031791869.0,4236048638073.0,1920787724698.0
139130,2024,263433380414.0,141478017560.0,,2902171475294.0,21572219197.0,,,7827242837224.0,4006474436832.0,404911397974.0,3820768400392.0,2880599256097.0
139130,2025,583241000000.0,128229000000.0,,,31764000000.0,,,9824584000000.0,3430782000000.0,711470000000.0,6393802000000.0,
145020,2020,78059792591.0,,,74302498142.0,16977118551.0,455920000.0,,90064785456.0,62358097717.0,78059792591.0,28162607739.0,57325379591.0
145020,2021,97159823859.0,,,85940034914.0,23879428768.0,,,93850878001.0,294141280002.0,97159823859.0,-200290402001.0,62060606146.0
145020,2022,101378493271.0,,,80626442310.0,32823126350.0,,,97796128165.0,294141280002.0,101378493271.0,-196345151837.0,47803315960.0
145020,2023,117781785955.0,,,117705306304.0,23717286954.0,,,88848123736.0,131785607834.0,117781785955.0,-42937484098.0,93988019350.0
145020,2024,166229170618.0,,,149050888807.0,12354091263.0,,,68297563615.0,130138968641.0,166229170618.0,-61841405026.0,136696797544.0
145020,2025,200851332915.0,,,150058740523.0,13394590817.0,,,25704853366.0,209698099582.0,200851332915.0,-183993246216.0,136664149706.0
095340,2020,18078107189.0,8079427658.0,756996072.0,24756782540.0,11982512879.0,0.0,1213278185.0,29834567189.0,37125953228.0,26914530919.0,-6078107854.0,12774269661.0
095340,2021,37517372870.0,8145393465.0,1242401278.0,39254158334.0,14155323827.0,,1168288753.0,22006639393.0,51108660081.0,46905167613.0,-27933731935.0,25098834507.0
095340,2022,55881597782.0,11459256956.0,1520710337.0,65415841493.0,19537648663.0,5500000000.0,2823609478.0,25333979167.0,53687149914.0,68861565075.0,-20029561269.0,45878192830.0
095340,2023,10736706776.0,6543259189.0,1631537317.0,22378623635.0,14523673745.0,19785288000.0,3184434896.0,20000000000.0,267986763649.0,18911503282.0,-225017040753.0,7854949890.0
095340,2024,44784268057.0,,,50672432870.0,11378896511.0,17960896000.0,5000000000.0,20000000000.0,267986763649.0,44784268057.0,-225025867649.0,39293536359.0
095340,2025,60053887115.0,,,41712020998.0,5671292473.0,0.0,0.0,20000000000.0,79871448500.0,60053887115.0,-59871448500.0,36040728525.0
028670,2020,225212000000.0,,,470485000000.0,289536000000.0,,,,255314000000.0,225212000000.0,,180949000000.0
028670,2021,572946000000.0,,,767687000000.0,333650000000.0,,,,521592000000.0,572946000000.0,,434037000000.0
028670,2022,789618000000.0,,,1410763000000.0,344680000000.0,,,,744629000000.0,789618000000.0,,1066083000000.0
028670,2023,385854000000.0,,,750792000000.0,313364000000.0,,,,952781000000.0,385854000000.0,,437428000000.0
028670,2024,471180000000.0,,,676168000000.0,384968000000.0,,,,952781000000.0,471180000000.0,,291200000000.0
028670,2025,491948000000.0,,,702652000000.0,221569000000.0,,,,865844000000.0,491948000000.0,,481083000000.0
108490,2020,-1764338548.0,1611004505.0,239641442.0,-568299332.0,2341804637.0,,0.0,11000000000.0,9680096498.0,86307399.0,1319903502.0,-2910103969.0
108490,2021,-928967630.0,1812608299.0,247092910.0,1368950649.0,1404719558.0,,,7422611161.0,15367548829.0,1130733579.0,-7944937668.0,-35768909.0
108490,2022,-2160534050.0,1964196811.0,233157937.0,12484341622.0,3619527521.0,10000000000.0,,25000000000.0,25671630817.0,36820698.0,9328369183.0,8864814101.0
108490,2023,-5298796747.0,2326099136.0,214622931.0,-4747588883.0,2240565951.0,,,9332622547.0,25671630817.0,-2758074680.0,-16339008270.0,-6988154834.0
108490,2024,-2973503944.0,2310813175.0,197356348.0,5356067157.0,4262855000.0,7500000000.0,,9868617500.0,11692461419.0,-465334421.0,5676156081.0,1093212157.0
108490,2025,3346038655.0,2393817655.0,118919329.0,7075291568.0,2194355547.0,0.0,,3542015733.0,31037776879.0,5858775639.0,-27495761146.0,4880936021.0
336260,2020,26033942195.0,,,-76031949379.0,-12808318186.0,0.0,,98896648477.0,133309579192.0,26033942195.0,-34412930715.0,-88840267565.0
336260,2021,17990181631.0,,,-140056687402.0,34930233428.0,10000000000.0,,99000000000.0,132365584385.0,17990181631.0,-23365584385.0,-174986920830.0
336260,2022,7221936175.0,,,-257660943052.0,73811029033.0,64000000000.0,30000000000.0,97215537168.0,31856872344.0,7221936175.0,159358664824.0,-331471972085.0
336260,2023,1641793974.0,,,7772755535.0,113937849445.0,124000000000.0,70000000000.0,106340949260.0,50173401453.0,1641793974.0,250167547807.0,-106165093910.0
336260,2024,-1729039707.0,,,101055360914.0,68254708183.0,100000000000.0,60000000000.0,157361157092.0,137561652237.0,-1729039707.0,179799504855.0,32800652731.0
336260,2025,-105673394536.0,,,-56507117413.0,34268630106.0,76000000000.0,56666640000.0,158234342335.0,137561652237.0,-105673394536.0,153339330098.0,-90775747519.0
012750,2020,204462688212.0,,,346419033180.0,140534142019.0,,,,213172898180.0,204462688212.0,,205884891161.0
012750,2021,179664944147.0,,,333298813818.0,155666213906.0,,,,218899850568.0,179664944147.0,,177632599912.0
012750,2022,204138904290.0,,,277448190365.0,136950831717.0,,,,238856121359.0,204138904290.0,,140497358648.0
012750,2023,212609320684.0,,,368354305337.0,155418019610.0,,,,241861776471.0,212609320684.0,,212936285727.0
012750,2024,209247073877.0,,,376613925478.0,155690345792.0,,,,241861776471.0,209247073877.0,,220923579686.0
012750,2025,234566491629.0,,,368598850300.0,190088549836.0,,,,217937111676.0,234566491629.0,,178510300464.0
069960,2020,135863991000.0,,,259368187000.0,514813958000.0,505000000000.0,200000000000.0,351866848000.0,53662801000.0,135863991000.0,1003204047000.0,-255445771000.0
069960,2021,264365188000.0,,,500164435000.0,263249514000.0,-389000000000.0,120000000000.0,650104529000.0,46627837000.0,264365188000.0,334476692000.0,236914921000.0
069960,2022,320928734000.0,,,489391894000.0,258331005000.0,1037037073000.0,168123849000.0,626994114000.0,195003256000.0,320928734000.0,1637151780000.0,231060889000.0
069960,2023,303469763000.0,,,757776058000.0,356832730000.0,923977409000.0,111707574000.0,828403559000.0,195003256000.0,303469763000.0,1669085286000.0,400943328000.0
069960,2024,284042489000.0,,,733909144000.0,474662532000.0,558707868000.0,211126198000.0,519163043000.0,164051282000.0,284042489000.0,1124945827000.0,259246612000.0
069960,2025,377947571000.0,,,986166052000.0,579293577000.0,925684884000.0,166951993000.0,510000000000.0,279878097000.0,377947571000.0,1322758780000.0,406872475000.0
475150,2024,37637399717.0,,,66793689934.0,12642759677.0,77000000000.0,92016828977.0,150000000000.0,117105997028.0,37637399717.0,201910831949.0,54150930257.0
475150,2025,52998214327.0,,,-25246577658.0,13835108836.0,98570500000.0,187062198791.0,113761814515.0,88494004913.0,52998214327.0,310900508393.0,-39081686494.0
347850,2024,-25016868135.0,,,-21804887999.0,-395752488.0,,,0.0,30013624766.0,-25016868135.0,-30013624766.0,-22200640487.0
347850,2025,-33992611604.0,,,-21138952801.0,-64410576.0,-925121399.0,,19650000000.0,32883741893.0,-33992611604.0,-14158863292.0,-21203363377.0
017800,2020,150017406805.0,,,,110209243512.0,,,346827636116.0,437195784663.0,150017406805.0,-90368148547.0,
017800,2021,129001779541.0,,,,214770206122.0,,,424764308159.0,437195784663.0,129001779541.0,-12431476504.0,
017800,2022,43016096622.0,,,,96749670444.0,,,398847547049.0,361877198553.0,43016096622.0,36970348496.0,
017800,2023,,,,49432567000.0,57385767000.0,,,779394559000.0,387608846000.0,,391785713000.0,-7953200000.0
017800,2024,225738463277.0,,,256446417749.0,59342184605.0,,,743445848251.0,452159539141.0,225738463277.0,291286309110.0,197104233144.0
017800,2025,209221822358.0,,,255573551179.0,42890827192.0,,,580791173885.0,546026985679.0,209221822358.0,34764188206.0,212682723987.0
302440,2020,37710447240.0,,,120223790625.0,9734815623.0,,21760000000.0,80473018458.0,24972320525.0,37710447240.0,77260697933.0,110488975002.0
302440,2021,474219856324.0,,,536593687781.0,42763209540.0,11671373163.0,22684000000.0,47977691552.0,98028261476.0,474219856324.0,-15695196761.0,493830478241.0
302440,2022,115013617843.0,,,-124958284380.0,72235836024.0,48741669883.0,,48000000000.0,225287448498.0,115013617843.0,-128545778615.0,-197194120404.0
302440,2023,-11987764772.0,,,29346360897.0,43017243309.0,45424994272.0,0.0,39129000000.0,225287448498.0,-11987764772.0,-140733454226.0,-13670882412.0
302440,2024,-138431298006.0,,,-128019868867.0,164413439522.0,0.0,192056903929.0,383331233929.0,312701506497.0,-138431298006.0,262686631361.0,-292433308389.0
302440,2025,-123501682766.0,,,102507138558.0,183090850076.0,0.0,50049363344.0,464738087855.0,312701506497.0,-123501682766.0,202085944702.0,-80583711518.0
087010,2020,-17605941700.0,,,-13550207785.0,3098063350.0,,6049000000.0,,67968916993.0,-17605941700.0,-61919916993.0,-16648271135.0
087010,2021,-15658525764.0,,,-10614800228.0,698596916.0,,3000000000.0,-26883141649.0,67968916993.0,-15658525764.0,-91852058642.0,-11313397144.0
087010,2022,-15226653745.0,,,-11719975876.0,1524839495.0,3000000000.0,6049000000.0,,5039504460.0,-15226653745.0,4009495540.0,-13244815371.0
087010,2023,-15883908215.0,,,-10973481431.0,731086084.0,,4500000000.0,,5039504460.0,-15883908215.0,-539504460.0,-11704567515.0
087010,2024,-16527819080.0,,,-12766431259.0,1008298455.0,990000000.0,8059000000.0,,4264394274.0,-16527819080.0,4784605726.0,-13774729714.0
087010,2025,-21257383888.0,,,-20586335436.0,2493654336.0,3490000000.0,,24177490000.0,4377757821.0,-21257383888.0,23289732179.0,-23079989772.0
009970,2020,340765358047.0,,,446746314305.0,95354071902.0,220065713897.0,110109552420.0,50000000000.0,964590475751.0,340765358047.0,-584415209434.0,351392242403.0
009970,2021,570492659317.0,,,404879753943.0,140145522404.0,-121993871925.0,85547647319.0,49915972384.0,964590475751.0,570492659317.0,-951120727973.0,264734231539.0
009970,2022,1002198707249.0,,,519228688003.0,149889283840.0,225446775196.0,136390463654.0,40000000000.0,1000869586527.0,1002198707249.0,-599032347677.0,369339404163.0
009970,2023,872582133502.0,,,701813745240.0,190452941721.0,400421228237.0,80864722332.0,10000000000.0,1183867828814.0,872582133502.0,-692581878245.0,511360803519.0
009970,2024,517045450910.0,,,781001481488.0,136919491859.0,381473211424.0,261227823589.0,0.0,1273001203017.0,517045450910.0,-630300168004.0,644081989629.0
009970,2025,735474578287.0,,,540737658622.0,249651242823.0,78827842676.0,190959894360.0,0.0,1464189666693.0,735474578287.0,-1194401929657.0,291086415799.0
095610,2020,31679674235.0,,,24772274256.0,11345471847.0,,0.0,,58650624955.0,31679674235.0,,13426802409.0
095610,2021,62184554759.0,,,76534760051.0,12624034694.0,4000000000.0,,,63086820110.0,62184554759.0,-59086820110.0,63910725357.0
095610,2022,55898658621.0,,,15440038685.0,5931979415.0,0.0,,,63086820110.0,55898658621.0,,9508059270.0
095610,2023,-5861866998.0,,,28623468169.0,17430467117.0,0.0,,,33677490809.0,-5861866998.0,,11193001052.0
095610,2024,38473734786.0,,,30510621174.0,-54772571657.0,6000000000.0,10000000000.0,,20904046251.0,38473734786.0,-4904046251.0,-24261950483.0
004800,2020,138793355652.0,,,278194216102.0,-60628083132.0,1191272117444.0,594221884538.0,594221884538.0,222014612609.0,138793355652.0,2157701273911.0,217566132970.0
004800,2021,640562745995.0,,,-71291486305.0,-99258099738.0,837517264008.0,837517264008.0,270436383160.0,222014612609.0,640562745995.0,1723456298567.0,-170549586043.0
004800,2022,64887143335.0,,,168209187483.0,-65865217490.0,1085634295495.0,1085634295495.0,159693398534.0,181959761970.0,64887143335.0,2149002227554.0,102343969993.0
004800,2023,94366525424.0,,,398841163285.0,44820335145.0,3191747202133.0,965626537623.0,484382776530.0,147661908119.0,94366525424.0,4494094608167.0,354020828140.0
004800,2024,315651883865.0,,,464802029998.0,49269954936.0,1875629294131.0,780229869486.0,190407520320.0,147661908119.0,315651883865.0,2698604775818.0,415532075062.0
004800,2025,530771535584.0,,,421093178280.0,158920799942.0,2046717370473.0,737502340837.0,549600000000.0,300343505265.0,530771535584.0,3033476206045.0,262172378338.0
011170,2020,356911281146.0,741031417674.0,89857438104.0,1310811944115.0,802215480064.0,1291610771676.0,533939381354.0,2007847677933.0,1522332787708.0,1187800136924.0,2311065043255.0,508596464051.0
011170,2021,1535640888894.0,712937199820.0,88572033316.0,1486216752868.0,773329760392.0,2265570953969.0,293383198787.0,1793244736918.0,1602899582367.0,2337150122030.0,2749299307307.0,712886992476.0
011170,2022,-762606983916.0,804554966409.0,99496767953.0,-167465442693.0,2592603038305.0,4438990357826.0,376199131589.0,3880280969090.0,2809675585268.0,141444750446.0,5885794873237.0,-2760068480998.0
011170,2023,-347702499473.0,,,789529232365.0,3640021561404.0,,,5707730353753.0,2809675585268.0,-347702499473.0,2898054768485.0,-2850492329039.0
011170,2024,,,,1542393674686.0,2238079630804.0,,,5274174786455.0,2701527699211.0,,2572647087244.0,-695685956118.0
011170,2025,130.0,,,488927763234.0,1621295035577.0,,,4957055835186.0,2111786094945.0,130.0,2845269740241.0,-1132367272343.0
026960,2020,45114689622.0,,,84004855459.0,2688481135.0,1637855790.0,,,23032528461.0,45114689622.0,-21394672671.0,81316374324.0
026960,2021,38374679515.0,,,84765950306.0,1813472034.0,4625620527.0,,,22093630814.0,38374679515.0,-17468010287.0,82952478272.0
026960,2022,39175078067.0,,,86159438842.0,2968164775.0,9470136681.0,,,20756866697.0,39175078067.0,-11286730016.0,83191274067.0
026960,2023,43752486840.0,,,118090904703.0,3019179672.0,3953461493.0,,,35097497319.0,43752486840.0,-31144035826.0,115071725031.0
026960,2024,44476967156.0,,,113240689853.0,1217414270.0,5244573067.0,,,35097497319.0,44476967156.0,-29852924252.0,112023275583.0
026960,2025,45337393517.0,,,106243502438.0,2135889694.0,5078575356.0,,,38923278454.0,45337393517.0,-33844703098.0,104107612744.0
006360,2020,750397845885.0,,,553879345019.0,127651177850.0,,,16384681783.0,2118919172303.0,750397845885.0,-2102534490520.0,426228167169.0
006360,2021,646485539335.0,,,1107469329126.0,134918754356.0,,,150109096157.0,2718389661828.0,646485539335.0,-2568280565671.0,972550574770.0
006360,2022,554834830515.0,,,-7296047422.0,295511627795.0,,,,2718389661828.0,554834830515.0,,-302807675217.0
006360,2023,-387945401071.0,,,469798620792.0,476147147758.0,,,,2244924955931.0,-387945401071.0,,-6348526966.0
006360,2024,285954335787.0,,,267812354593.0,416204778001.0,,,,2244924955931.0,285954335787.0,,-148392423408.0
006360,2025,437809000000.0,,,591530000000.0,225985000000.0,,,,3015810000000.0,437809000000.0,,365545000000.0
279570,2023,16464000000.0,,,-513757000000.0,9690000000.0,,,,708016000000.0,16464000000.0,,-523447000000.0
279570,2024,132967000000.0,,,1849676000000.0,10980000000.0,,,,1015331000000.0,132967000000.0,,1838696000000.0
279570,2025,117085000000.0,,,616672000000.0,20499000000.0,,,,1413504000000.0,117085000000.0,,596173000000.0
005850,2020,93164163734.0,,,162813163148.0,164459488970.0,,,,133112131334.0,93164163734.0,,-1646325822.0
005850,2021,110540923374.0,,,191550226358.0,157671010500.0,,,,313569653926.0,110540923374.0,,33879215858.0
005850,2022,197915409993.0,,,171906728050.0,160309803233.0,,,,313569653926.0,197915409993.0,,11596924817.0
005850,2023,386185752873.0,,,432365891249.0,160928801963.0,,,,313793458705.0,386185752873.0,,271437089286.0
005850,2024,395164287548.0,148961324449.0,10611590556.0,481955175326.0,238112954032.0,,,,348293960993.0,554737202553.0,,243842221294.0
005850,2025,407099444958.0,146679373004.0,11903601005.0,508540930109.0,188402033816.0,,,,477732627030.0,565682418967.0,,320138896293.0
084370,2020,22286444623.0,,,17329279267.0,15905972298.0,,2740184576.0,,22886137643.0,22286444623.0,-20145953067.0,1423306969.0
084370,2021,73911986136.0,,,72457608239.0,14713619411.0,,11855000.0,,30008118913.0,73911986136.0,-29996263913.0,57743988828.0
084370,2022,53640954367.0,,,38949017461.0,7431321191.0,,12673000.0,,45886183005.0,53640954367.0,-45873510005.0,31517696270.0
084370,2023,24325728964.0,,,47693888794.0,11767134802.0,,0.0,,45886183005.0,24325728964.0,,35926753992.0
084370,2024,61177012897.0,,,61502669541.0,9115931685.0,,0.0,,43582951058.0,61177012897.0,,52386737856.0
084370,2025,51671713116.0,,,66476818240.0,13388716620.0,,,,54924701691.0,51671713116.0,,53088101620.0
014680,2020,151933828832.0,37002817111.0,1112427865.0,165042142694.0,85217707596.0,43043044577.0,43245047400.0,129722943864.0,98150172409.0,190049073808.0,117860863432.0,79824435098.0
014680,2021,197684583161.0,41473208255.0,1224438353.0,143216285623.0,122111064508.0,57912799634.0,53500000000.0,145063887649.0,98150172409.0,240382229769.0,158326514874.0,21105221115.0
014680,2022,185990108464.0,47987499058.0,1232921515.0,173619763063.0,111526119294.0,33228350776.0,84600000000.0,146239282338.0,99069597710.0,235210529037.0,164998035404.0,62093643769.0
014680,2023,124144351473.0,51567047159.0,1479086013.0,144112563274.0,158818138370.0,29792067753.0,80507777404.0,76729734571.0,99069597710.0,177190484645.0,87959982018.0,-14705575096.0
014680,2024,128825376120.0,49394804771.0,1656222439.0,162357290592.0,108408870132.0,104568176001.0,41268917906.0,78010200000.0,83682420420.0,179876403330.0,140164873487.0,53948420460.0
014680,2025,156233146521.0,51986712667.0,2046101765.0,200397744222.0,83529466177.0,73907855326.0,85158610613.0,99758961435.0,112551479633.0,210265960953.0,146273947741.0,116868278045.0
178320,2020,4906027906.0,33416143893.0,211402980.0,-36058302986.0,110470888360.0,,,110000000000.0,26242207456.0,38533574779.0,83757792544.0,-146529191346.0
178320,2021,57999788641.0,48198298796.0,322970125.0,-5332713442.0,120280686416.0,,,128000000000.0,24094289546.0,106521057562.0,103905710454.0,-125613399858.0
178320,2022,44398388581.0,63876433944.0,471307976.0,24176884350.0,162998737133.0,,5922869886.0,,24094289546.0,108746130501.0,-18171419660.0,-138821852783.0
178320,2023,48998367201.0,77515306564.0,803833184.0,42575134956.0,162623453581.0,553541140819.0,91578970142.0,30000000000.0,18820691703.0,127317506949.0,656299419258.0,-120048318625.0
178320,2024,108700662517.0,92254102457.0,1266181142.0,-113461112534.0,177062278472.0,840718684193.0,98819318713.0,398524606279.0,41112736180.0,202220946116.0,1296949873005.0,-290523391006.0
178320,2025,1145784823.0,104806823827.0,1997358797.0,,292650814802.0,1283697912923.0,,66400000000.0,41112736180.0,107949967447.0,1308985176743.0,
003690,2023,363673397057.0,,,,2834823930.0,,,,510175242911.0,363673397057.0,,
003690,2024,405432507241.0,,,,1821139043.0,,,,510175242911.0,405432507241.0,,
003690,2025,470938604768.0,,,,13265217861.0,,,,399416075590.0,470938604768.0,,
375500,2021,957257982914.0,,,580428921799.0,2914721343.0,2931300000000.0,164322628575.0,810330082097.0,2044760806307.0,957257982914.0,1861191904365.0,577514200456.0
375500,2022,496965230080.0,,,151964571116.0,3757730744.0,2517831300000.0,100393120801.0,836782251836.0,2044760806307.0,496965230080.0,1410245866330.0,148206840372.0
375500,2023,330659390232.0,,,231329443719.0,2949859611.0,1753594550000.0,168027150000.0,30000000000.0,2004092329460.0,330659390232.0,-52470629460.0,228379584108.0
375500,2024,270944859542.0,,,187869609709.0,3297862195.0,1830922275000.0,168878000000.0,846829074665.0,2004092329460.0,270944859542.0,842537020205.0,184571747514.0
375500,2025,386953267819.0,,,232139885997.0,8847475749.0,2644986753750.0,61597394570.0,444336959874.0,1864415355649.0,386953267819.0,1286505752545.0,223292410248.0
237690,2020,-18816956610.0,,,-20934773251.0,16989240920.0,,125646390972.0,110000000000.0,38625057700.0,-18816956610.0,197021333272.0,-37924014171.0
237690,2021,5577586579.0,,,7269872745.0,51792326234.0,0.0,15000000000.0,82951030930.0,39203238292.0,5577586579.0,58747792638.0,-44522453489.0
237690,2022,17851415161.0,,,7030980847.0,60478656365.0,20000000000.0,16706600000.0,0.0,50201065697.0,17851415161.0,-13494465697.0,-53447675518.0
237690,2023,33511661589.0,,,1298383439.0,43244230235.0,25877921500.0,8333360000.0,151355538650.0,50201065697.0,33511661589.0,135365754453.0,-41945846796.0
237690,2024,27692533192.0,,,109451358165.0,82805749366.0,30000000000.0,43255117970.0,111345991550.0,63405167785.0,27692533192.0,121195941735.0,26645608799.0
237690,2025,54932543750.0,,,13989325017.0,47071524296.0,31042096562.0,45490570433.0,41412450577.0,63405167785.0,54932543750.0,54539949787.0,-33082199279.0
450080,2022,38988203638.0,,,-80046014849.0,140721306392.0,654690107216.0,-45145940000.0,,918415060.0,38988203638.0,608625752156.0,-220767321241.0
450080,2023,8772772409.0,,,116275651241.0,129705779741.0,921627795918.0,-22520730000.0,,377351279740.0,8772772409.0,521755786178.0,-13430128500.0
450080,2024,-64719926202.0,,,-134608837408.0,333649938999.0,526800000000.0,41666640000.0,,377351279740.0,-64719926202.0,191115360260.0,-468258776407.0
450080,2025,-65369476119.0,,,94409083213.0,300702888369.0,228000000000.0,16166640000.0,,85971164580.0,-65369476119.0,158195475420.0,-206293805156.0
009420,2020,5935188193.0,,,929290569.0,197669700.0,,,,6120056033.0,5935188193.0,,731620869.0
009420,2021,10099118837.0,,,839871903.0,124219875.0,,,,12794273522.0,10099118837.0,,715652028.0
009420,2022,1505787596.0,,,25204350565.0,625717316.0,,,,16840782324.0,1505787596.0,,24578633249.0
009420,2023,2211359603.0,,,29642920058.0,1697899918.0,,,,33722513722.0,2211359603.0,,27945020140.0
009420,2024,230474890.0,,,9360058092.0,635242000.0,,,,33722513722.0,230474890.0,,8724816092.0
009420,2025,-915814382.0,,,-2340357567.0,947996233.0,15894000000.0,15000000000.0,,24743015950.0,-915814382.0,6150984050.0,-3288353800.0
080220,2020,6573870892.0,,,12296339157.0,4469224197.0,20233350000.0,7000000000.0,4001742266.0,24249325134.0,6573870892.0,6985767132.0,7827114960.0
080220,2021,20058390951.0,,,7283157207.0,3324936960.0,17833350000.0,5583310000.0,,24249325134.0,20058390951.0,-832665134.0,3958220247.0
080220,2022,28216098130.0,,,-2177606726.0,867195216.0,16500000000.0,2000000000.0,,17081889786.0,28216098130.0,1418110214.0,-3044801942.0
080220,2023,17838425308.0,,,2510859925.0,1865308613.0,19500000000.0,,,13102766232.0,17838425308.0,6397233768.0,645551312.0
080220,2024,19537971310.0,,,-9682087226.0,2591267073.0,28500000000.0,,22000000000.0,13102766232.0,19537971310.0,37397233768.0,-12273354299.0
080220,2025,39507984361.0,,,25554903161.0,2524757610.0,42000000000.0,,52000000000.0,77229831529.0,39507984361.0,16770168471.0,23030145551.0
000240,2020,156524444435.0,,,129934674878.0,31371213198.0,94494224078.0,25846694047.0,,125681348671.0,156524444435.0,-5340430546.0,98563461680.0
000240,2021,228305200484.0,,,36106114503.0,17258843723.0,123323750490.0,24330669218.0,,125681348671.0,228305200484.0,21973071037.0,18847270780.0
000240,2022,245248895826.0,,,31527519552.0,42993043757.0,164215526184.0,113374142.0,,90685988336.0,245248895826.0,73642911990.0,-11465524205.0
000240,2023,256563452628.0,,,41824733333.0,31924722127.0,158075764624.0,19386019246.0,,196740517703.0,256563452628.0,-19278733833.0,9900011206.0
000240,2024,418268299588.0,,,133275453289.0,20774395582.0,38695762394.0,17760117074.0,,196740517703.0,418268299588.0,-140284638235.0,112501057707.0
000240,2025,411626236474.0,,,235742608281.0,26767918650.0,219279088652.0,15178888600.0,,179387827359.0,411626236474.0,55070149893.0,208974689631.0
008930,2020,32502305256.0,6207930835.0,2616004170.0,13817514742.0,,45000000000.0,5000000000.0,,16747178724.0,41326240261.0,33252821276.0,13817514742.0
008930,2021,58852290702.0,5256542749.0,2039485163.0,13689812095.0,,50000000000.0,5000000000.0,,16591042500.0,66148318614.0,38408957500.0,13689812095.0
008930,2022,67626014492.0,3453551833.0,2024895261.0,9451693037.0,,191250000000.0,5819351125.0,,21420647432.0,73104461586.0,175648703693.0,9451693037.0
008930,2023,124468680998.0,5524914011.0,3207466200.0,35158260380.0,,200850000000.0,10197480000.0,,27578958569.0,133201061209.0,183468521431.0,35158260380.0
008930,2024,98867912225.0,5424868058.0,4285741624.0,82986394448.0,,202450000000.0,12777080000.0,,85228453221.0,108578521907.0,129998626779.0,82986394448.0
008930,2025,138727168534.0,5184035388.0,4296986577.0,47658093135.0,,199600000000.0,13717272000.0,,127389343692.0,148208190499.0,85927928308.0,47658093135.0
161890,2020,121679126846.0,35388555279.0,12878976925.0,121463641010.0,119175483820.0,351030331346.0,717643862854.0,60000000000.0,377170647411.0,169946659050.0,751503546789.0,2288157190.0
161890,2021,84267552991.0,33994918806.0,11773401451.0,-3122843666.0,40123684139.0,578480359388.0,274588651667.0,199471039043.0,377170647411.0,130035873248.0,675369402687.0,-43246527805.0
161890,2022,73280441382.0,47191401539.0,13849738899.0,90811567586.0,37782899018.0,,,299508237198.0,220073383228.0,134321581820.0,79434853970.0,53028668568.0
161890,2023,136143339992.0,56051990462.0,21076243511.0,112241475356.0,106834440100.0,,131544904259.0,239870176037.0,220073383228.0,213271573965.0,151341697068.0,5407035256.0
161890,2024,193850424348.0,,,215382940702.0,247173428426.0,941273332182.0,70000000000.0,249432398967.0,170839479489.0,193850424348.0,1089866251660.0,-31790487724.0
161890,2025,239594740448.0,,,291432572833.0,163952926635.0,744082072506.0,51500000000.0,244608079313.0,225316644282.0,239594740448.0,814873507537.0,127479646198.0
018670,2020,190186855735.0,,,228478576964.0,78560611584.0,,,817562172131.0,135728393431.0,190186855735.0,681833778700.0,149917965380.0
018670,2021,105462364518.0,,,-389011631664.0,190648105691.0,,,1066657697161.0,162690548829.0,105462364518.0,903967148332.0,-579659737355.0
018670,2022,390470990382.0,,,140057194054.0,508752221624.0,,,1216661474646.0,404791629643.0,390470990382.0,811869845003.0,-368695027570.0
018670,2023,303595468730.0,,,617223352654.0,570732878088.0,,,1267232286362.0,493752033069.0,303595468730.0,773480253293.0,46490474566.0
018670,2024,287176575159.0,,,373331313851.0,351111447286.0,,,908317941094.0,584522915235.0,287176575159.0,323795025859.0,22219866565.0
018670,2025,442831411929.0,,,672579940927.0,296690188587.0,,,997749382584.0,625880321992.0,442831411929.0,371869060592.0,375889752340.0
081660,2020,341077884281.0,,,445004105903.0,39291565178.0,355990470781.0,507116631655.0,63679000000.0,470647552525.0,341077884281.0,456138549911.0,405712540725.0
081660,2021,492851154169.0,,,524557784342.0,50164962875.0,,,421067869136.0,699203590783.0,492851154169.0,-278135721647.0,474392821467.0
081660,2022,435072372234.0,,,-138674509037.0,85414716132.0,,,766903581257.0,699203590783.0,435072372234.0,67699990474.0,-224089225169.0
081660,2023,303493542620.0,,,577829552587.0,159630674016.0,,,864302559075.0,585613513344.0,303493542620.0,278689045731.0,418198878571.0
081660,2024,360803535166.0,,,494044505382.0,146295258314.0,,,1105173283759.0,683177037487.0,360803535166.0,421996246272.0,347749247068.0
081660,2025,474780974997.0,,,567404562642.0,239385773322.0,,,1327742941158.0,683177037487.0,474780974997.0,644565903671.0,328018789320.0
310210,2022,-17863480687.0,,,-16334713054.0,545823096.0,2100000000.0,0.0,15385986790.0,18203376347.0,-17863480687.0,-717389557.0,-16880536150.0
310210,2023,-31335510474.0,,,-28848807106.0,1079743337.0,0.0,0.0,11047084259.0,12856148116.0,-31335510474.0,-1809063857.0,-29928550443.0
310210,2024,-36339049690.0,,,-29051772146.0,1123855762.0,0.0,,17155.0,12856148116.0,-36339049690.0,-12856130961.0,-30175627908.0
310210,2025,-54384535976.0,,,-72094552780.0,1649565321.0,,,50000000000.0,35736727801.0,-54384535976.0,14263272199.0,-73744118101.0
001720,2024,170377256793.0,,,,3355893790.0,,,77913694794.0,303513411584.0,170377256793.0,-225599716790.0,
001720,2025,136145617008.0,,,,1666415454.0,,,119974178083.0,346332892702.0,136145617008.0,-226358714619.0,
004990,2020,156248961998.0,,,382566304165.0,-387609884302.0,-4753209964182.0,512710434237.0,2943824563908.0,899511659969.0,156248961998.0,-2196186626006.0,-5043580137.0
004990,2021,216401073913.0,,,600465199924.0,-458827981893.0,-2585211709352.0,529611256101.0,4148861382366.0,1394468916612.0,216401073913.0,698792012503.0,141637218031.0
004990,2022,489830602915.0,,,904140865036.0,-756385732646.0,4700576212541.0,-668917503458.0,4535514259771.0,1403904657641.0,489830602915.0,7163268311213.0,147755132390.0
004990,2023,493689284141.0,,,1237508311627.0,774316651903.0,4557468338299.0,534460486521.0,1417185670108.0,1579854555114.0,493689284141.0,4929259939814.0,463191659724.0
004990,2024,340468760521.0,,,1052917063415.0,1308029853503.0,7008502834917.0,1387864860767.0,4930981144260.0,1579854555114.0,340468760521.0,11747494284830.0,-255112790088.0
004990,2025,239439333968.0,,,1156131183818.0,1310322358751.0,6944500658931.0,4939982254445.0,4939982254445.0,1391651448995.0,239439333968.0,15432813718826.0,-154191174933.0
257720,2021,8758923145.0,,,,-3229731591.0,-5000000000.0,3557210043.0,,16087635297.0,8758923145.0,-17530425254.0,
257720,2022,14239439136.0,,,,-22755869851.0,23499238659.0,3686190682.0,,21188944927.0,14239439136.0,5996484414.0,
257720,2023,47809343470.0,,,,-18287688379.0,55000000000.0,3637154039.0,,21188944927.0,47809343470.0,37448209112.0,
257720,2024,137575012281.0,,,60126008213.0,75760088555.0,145100000000.0,3847530142.0,,86017437082.0,137575012281.0,62930093060.0,-15634080342.0
226950,2020,-16241420668.0,939625846.0,201119244.0,-3759218608.0,84563832.0,,57596509.0,29050000000.0,11328809276.0,-15100675578.0,17778787233.0,-3843782440.0
226950,2021,-25423672146.0,1394526255.0,235191456.0,-19053575334.0,,,20000000000.0,16405317226.0,34336736236.0,-23793954435.0,2068580990.0,-19053575334.0
226950,2022,-22375609579.0,1786864247.0,287671499.0,-30682858180.0,,,20000000000.0,19230313036.0,34336736236.0,-20301073833.0,4893576800.0,-30682858180.0
226950,2023,-18185342175.0,2327337998.0,314609122.0,-21168432072.0,,,20000000000.0,29050000000.0,11982762223.0,-15543395055.0,37067237777.0,-21168432072.0
226950,2024,-30918594163.0,2296811716.0,329367641.0,-28044990535.0,,,21428400000.0,18702133933.0,11982762223.0,-28292414806.0,28147771710.0,-28044990535.0
226950,2025,-29972430134.0,2129865882.0,323765908.0,-15899886728.0,,1320000000.0,17857000000.0,31240442671.0,6358594526.0,-27518798344.0,44058848145.0,-15899886728.0
071970,2020,2319414956.0,,,15239525401.0,1538500441.0,67966102492.0,,100652585083.0,58390001507.0,2319414956.0,110228686068.0,13701024960.0
071970,2021,-10897076267.0,,,14917623541.0,2784136426.0,78390036843.0,,64970000000.0,61113803514.0,-10897076267.0,82246233329.0,12133487115.0
071970,2022,15097567665.0,,,-20431159379.0,9508197959.0,80976875305.0,,48370000000.0,61113803514.0,15097567665.0,68233071791.0,-29939357338.0
071970,2023,31432871179.0,,,36374056448.0,5385436056.0,85375575182.0,,15600000000.0,33895601428.0,31432871179.0,67079973754.0,30988620392.0
071970,2024,75916677254.0,,,101436571997.0,7810123036.0,89956569348.0,,,59756968580.0,75916677254.0,30199600768.0,93626448961.0
071970,2025,165101642055.0,,,,13092683668.0,0.0,,0.0,94276230277.0,165101642055.0,-94276230277.0,
031980,2020,-2464095518.0,,,9833579602.0,5036174236.0,5332366592.0,,9894780000.0,34965203920.0,-2464095518.0,-19738057328.0,4797405366.0
031980,2021,22626646738.0,,,28477069630.0,5658908731.0,5000000000.0,10150000000.0,0.0,53405058190.0,22626646738.0,-38255058190.0,22818160899.0
031980,2022,16902902739.0,,,19108647640.0,10860106793.0,5000000000.0,12000000000.0,0.0,53405058190.0,16902902739.0,-36405058190.0,8248540847.0
031980,2023,26970755131.0,,,32458332894.0,17819340924.0,,13000000000.0,0.0,87574515588.0,26970755131.0,-74574515588.0,14638991970.0
031980,2024,88482980891.0,,,66625215940.0,0.0,,13222072010.0,13222072010.0,121476311283.0,88482980891.0,-95032167263.0,66625215940.0
031980,2025,73400914769.0,,,81417272271.0,1501257665.0,,10979267182.0,,182779167734.0,73400914769.0,-171799900552.0,79916014606.0
007340,2020,71407907937.0,,,105541543367.0,20321824231.0,293105485668.0,16824875000.0,,167573560609.0,71407907937.0,142356800059.0,85219719136.0
007340,2021,93790030179.0,,,40896236584.0,35348646855.0,875678851660.0,8141882157.0,199423359542.0,571605248687.0,93790030179.0,511638844672.0,5547589729.0
007340,2022,421528485860.0,,,152952367507.0,55551836514.0,1177226673630.0,1872331502881.0,134765978295.0,571605248687.0,421528485860.0,2612718906119.0,97400530993.0
007340,2023,490389697147.0,,,356302607155.0,89990129720.0,625873301769.0,1634874105986.0,117899340261.0,509347063692.0,490389697147.0,1869299684324.0,266312477435.0
007340,2024,522916807000.0,,,197148752000.0,127192017000.0,1036093706000.0,2007388418000.0,118000000000.0,442144983000.0,522916807000.0,2719337141000.0,69956735000.0
007340,2025,527907609000.0,,,259273221000.0,167627855000.0,1049869607000.0,721867050000.0,45000000000.0,387784364000.0,527907609000.0,1428952293000.0,91645366000.0
139480,2020,237151679441.0,,,,519798518972.0,1199235847185.0,2109544551296.0,,1113268736193.0,237151679441.0,2195511662288.0,
139480,2021,316790902379.0,,,,968704811714.0,2566131979504.0,4117338304751.0,,1113268736193.0,316790902379.0,5570201548062.0,
139480,2022,135651681895.0,,,,1154096556414.0,2662626894411.0,4684580736121.0,,1269147152210.0,135651681895.0,6078060478322.0,
139480,2023,-46935431343.0,,,1135132806779.0,765731072623.0,3133972204002.0,4740463578108.0,,1771232861623.0,-46935431343.0,6103202920487.0,369401734156.0
139480,2024,47098144142.0,,,1459819142428.0,650720594766.0,3165830559470.0,5650356062902.0,,1775057447752.0,47098144142.0,7041129174620.0,809098547662.0
139480,2025,322541170250.0,,,1318939140965.0,722674163941.0,3111389126654.0,5485558368112.0,,1775057447752.0,322541170250.0,6821890047014.0,596264977024.0
005440,2020,78571680000.0,,,167417758000.0,110224871000.0,152457179000.0,1522826000.0,,76291026000.0,78571680000.0,77688979000.0,57192887000.0
005440,2021,58615990000.0,,,15377286000.0,70761807000.0,265462280000.0,1963261000.0,,76291026000.0,58615990000.0,191134515000.0,-55384521000.0
005440,2022,60030394000.0,,,8141962000.0,74296049000.0,471241437000.0,37415000.0,,59408166000.0,60030394000.0,411870686000.0,-66154087000.0
005440,2023,1069291196000.0,,,44930402000.0,34098255000.0,1108278075000.0,,,76551992000.0,1069291196000.0,1031726083000.0,10832147000.0
005440,2024,797543570000.0,,,360238697000.0,92755924000.0,2428580814000.0,50006250000.0,,255707095000.0,797543570000.0,2222879969000.0,267482773000.0
005440,2025,529940347000.0,,,404603485000.0,147603916000.0,3043934858000.0,219549409000.0,219549409000.0,257146334000.0,529940347000.0,3225887342000.0,256999569000.0
131290,2020,42710293612.0,,,59958185826.0,38891028150.0,26263059996.0,6518443352.0,,33605790931.0,42710293612.0,-824287583.0,21067157676.0
131290,2021,54644719033.0,,,46217811423.0,36108297436.0,29206933352.0,7302930000.0,,33605790931.0,54644719033.0,2904072421.0,10109513987.0
131290,2022,56626172882.0,,,54820649604.0,49586512776.0,25951650000.0,8352985263.0,,52403111518.0,56626172882.0,-18098476255.0,5234136828.0
131290,2023,-2380122294.0,,,2599977797.0,48778536736.0,,9399950000.0,,52403111518.0,-2380122294.0,-43003161518.0,-46178558939.0
131290,2024,39898852512.0,,,29736113109.0,26954274561.0,,625000000.0,37025000000.0,45021519161.0,39898852512.0,-7371519161.0,2781838548.0
131290,2025,49172057097.0,,,48569539234.0,47145605208.0,,,,75817114809.0,49172057097.0,,1423934026.0
004370,2020,160297491725.0,,,231491673657.0,-176798048805.0,3313086305.0,68269577500.0,,321541825344.0,160297491725.0,-249959161539.0,54693624852.0
004370,2021,106139720895.0,,,162684342404.0,-195076612541.0,,82215490675.0,,321541825344.0,106139720895.0,-239326334669.0,-32392270137.0
004370,2022,112172856716.0,,,159650440148.0,-92861152156.0,,20354830698.0,,157475655585.0,112172856716.0,-137120824887.0,66789287992.0
004370,2023,212064743455.0,,,327223955699.0,108011202694.0,21629136460.0,14269146595.0,,142899537581.0,212064743455.0,-107001254526.0,219212753005.0
004370,2024,163073931930.0,,,272544275630.0,122873686381.0,27272821197.0,15567268704.0,138458768500.0,142899537581.0,163073931930.0,38399320820.0,149670589249.0
004370,2025,183933032197.0,,,268700833743.0,67592589702.0,27652497602.0,14446152688.0,111526007631.0,253539960716.0,183933032197.0,-99915302795.0,201108244041.0
067310,2020,51011649582.0,,,82784287819.0,108656145961.0,161643602911.0,197584366173.0,3408594970.0,53779287480.0,51011649582.0,308857276574.0,-25871858142.0
067310,2021,104720345406.0,,,149226058931.0,178616465651.0,129055178100.0,136123423129.0,69864003178.0,123077706042.0,104720345406.0,211964898365.0,-29390406720.0
067310,2022,103548271876.0,,,129955135752.0,326406771740.0,238842417653.0,298052890107.0,119248958163.0,123077706042.0,103548271876.0,533066559881.0,-196451635988.0
067310,2023,57904676214.0,,,83115094568.0,307561643698.0,292300675995.0,502339718539.0,119743384756.0,106682628169.0,57904676214.0,807701151121.0,-224446549130.0
067310,2024,106792878899.0,,,40971029889.0,144766610811.0,247871903160.0,552234462101.0,139120592359.0,155039334781.0,106792878899.0,784187622839.0,-103795580922.0
067310,2025,127689329155.0,,,174918894576.0,142911917976.0,282083074730.0,434926123973.0,76898707532.0,155039334781.0,127689329155.0,638868571454.0,32006976600.0
030000,2020,204917149866.0,,,219474826502.0,12462944891.0,14071391589.0,75674070.0,,408101219973.0,204917149866.0,-393954154314.0,207011881611.0
030000,2021,248179540772.0,,,249513810057.0,13910544140.0,12757601552.0,78685122.0,,504309067712.0,248179540772.0,-491472781038.0,235603265917.0
030000,2022,311412761580.0,,,184163142560.0,18715369241.0,13956749252.0,0.0,,541109537570.0,311412761580.0,-527152788318.0,165447773319.0
030000,2023,307522766415.0,,,266698725632.0,21802813595.0,22068519679.0,0.0,,607166631394.0,307522766415.0,-585098111715.0,244895912037.0
030000,2024,320720587990.0,,,346397436401.0,26371189324.0,4189500000.0,,,705204567995.0,320720587990.0,-701015067995.0,320026247077.0
030000,2025,336889964137.0,,,212279534936.0,30061204374.0,4043255307.0,2869800000.0,,705204567995.0,336889964137.0,-698291512688.0,182218330562.0
007070,2020,252567215539.0,,,805979740330.0,301656200574.0,972054000000.0,700035041243.0,700035041243.0,57748168658.0,252567215539.0,2314375913828.0,504323539756.0
007070,2021,208469084873.0,,,714852180204.0,379709470959.0,303550000000.0,673886560739.0,673886560739.0,91361921043.0,208469084873.0,1559961200435.0,335142709245.0
007070,2022,245131973064.0,,,712510440356.0,360293137326.0,384934000000.0,705840419794.0,705840419794.0,390477299341.0,245131973064.0,1406137540247.0,352217303030.0
007070,2023,393955339623.0,,,894054386337.0,385808018263.0,835781000000.0,431367231270.0,639550006005.0,431765530031.0,393955339623.0,1474932707244.0,508246368074.0
007070,2024,239104876913.0,,,660183401064.0,439181920409.0,,503675570003.0,503675570003.0,93288757377.0,239104876913.0,914062382629.0,221001480655.0
007070,2025,292119604403.0,,,938584394003.0,230371477298.0,,299436415590.0,320732309034.0,294440001357.0,292119604403.0,325728723267.0,708212916705.0
085620,2023,169121164894.0,34558554682.0,13707968137.0,,2895720042.0,,,299320998560.0,1240190271130.0,217387687713.0,-940869272570.0,
085620,2024,122130494168.0,34251227295.0,14361403790.0,,3526126630.0,,,299429951306.0,1240190271130.0,170743125253.0,-940760319824.0,
489790,2024,-120362075.0,,,56847904527.0,24880834715.0,48598294848.0,41748000000.0,228375274413.0,275827519093.0,-120362075.0,42894050168.0,31967069812.0
489790,2025,162267204336.0,,,5676061731.0,107398017899.0,268627707337.0,30000000000.0,395589145602.0,248756754664.0,162267204336.0,445460098275.0,-101721956168.0
319400,2020,-37832040.0,,,243666147.0,,,,3130949496.0,121905264.0,-37832040.0,3009044232.0,243666147.0
319400,2021,15407257360.0,,,6725303868.0,-2975442991.0,,,21208447078.0,19425188889.0,15407257360.0,1783258189.0,3749860877.0
319400,2022,12155021726.0,,,-25991963166.0,-1053674808.0,,,18323122567.0,28294456940.0,12155021726.0,-9971334373.0,-27045637974.0
319400,2023,4143334694.0,,,-9935983695.0,-787657809.0,,,4541293848.0,28294456940.0,4143334694.0,-23753163092.0,-10723641504.0
319400,2024,24571079650.0,,,55105691502.0,-5104973933.0,,,0.0,58552819282.0,24571079650.0,-58552819282.0,50000717569.0
319400,2025,18212543309.0,,,-1431766908.0,2681823097.0,,,0.0,58552819282.0,18212543309.0,-58552819282.0,-4113590005.0
282330,2020,162204243583.0,,,507341460255.0,173016544910.0,8453238750.0,13912033880.0,,28047949946.0,162204243583.0,-5682677316.0,334324915345.0
282330,2021,199441703668.0,,,538147659919.0,162127336805.0,6090000000.0,14520000000.0,,54442437355.0,199441703668.0,-33832437355.0,376020323114.0
282330,2022,252407573570.0,,,630424675866.0,222581325427.0,12290000000.0,1092033880.0,,268595922005.0,252407573570.0,-255213888125.0,407843350439.0
282330,2023,253187753623.0,,,647081048143.0,206160444626.0,10690000000.0,0.0,,302293600934.0,253187753623.0,-291603600934.0,440920603517.0
282330,2024,251641247239.0,,,768788316472.0,219039004334.0,3200000000.0,0.0,,324778558632.0,251641247239.0,-321578558632.0,549749312138.0
282330,2025,253947326677.0,,,770785519532.0,241431392019.0,0.0,,,414042445266.0,253947326677.0,,529354127513.0
051600,2020,135401954143.0,40235825620.0,2781603172.0,74556838047.0,49535134517.0,,,,35422241726.0,178419382935.0,,25021703530.0
051600,2021,123989281498.0,42086876330.0,2431417311.0,133292560696.0,30102496611.0,,,,74036155850.0,168507575139.0,,103190064085.0
051600,2022,130553250828.0,45203439386.0,2401561950.0,81342892673.0,37900889465.0,,,,122574292284.0,178158252164.0,,43442003208.0
051600,2023,199376381248.0,49642197900.0,2254313660.0,-38101052159.0,41228991285.0,,,,122574292284.0,251272892808.0,,-79330043444.0
051600,2024,209498645768.0,61977529073.0,2291961486.0,540465814512.0,49568617741.0,,,,99727365847.0,273768136327.0,,490897196771.0
051600,2025,140101841084.0,62743810219.0,2357601145.0,135731103199.0,61806035794.0,,,,145552915316.0,205203252448.0,,73925067405.0
005290,2020,126257657451.0,44437708361.0,1571808745.0,130241209519.0,59944436444.0,279360093914.0,90764259928.0,,201286539579.0,172267174557.0,168837814263.0,70296773075.0
005290,2021,131814933901.0,47289191301.0,1511010874.0,76098753709.0,98848468049.0,285880903118.0,138179785614.0,,231211989608.0,180615136076.0,192848699124.0,-22749714340.0
005290,2022,216308703354.0,48162569784.0,1767535333.0,190056242655.0,92935559922.0,336916905291.0,112691007498.0,,280458844748.0,266238808471.0,169149068041.0,97120682733.0
005290,2023,176174316058.0,53461153959.0,1768505903.0,114685604318.0,282834143234.0,368410825863.0,234570880150.0,,280458844748.0,231403975920.0,322522861265.0,-168148538916.0
005290,2024,208225729660.0,62672569859.0,1910249997.0,226861923132.0,171878113317.0,568309749228.0,247369219949.0,,417387384045.0,272808549516.0,398291585132.0,54983809815.0
357780,2020,103956835667.0,,,138419927306.0,16789026413.0,,,,184120569491.0,103956835667.0,,121630900893.0
357780,2021,188840618249.0,,,131901304526.0,62166255070.0,,,,184120569491.0,188840618249.0,,69735049456.0
357780,2022,207050667237.0,,,190815190274.0,94037419254.0,,,,168689083947.0,207050667237.0,,96777771020.0
357780,2023,133488376256.0,,,221045860074.0,129366660990.0,,,,167741412164.0,133488376256.0,,91679199084.0
357780,2024,167948756594.0,,,262345359082.0,95501812163.0,,,,241614508223.0,167948756594.0,,166843546919.0
357780,2025,133642405522.0,,,146921893948.0,119808954457.0,1560306430.0,99650539681.0,99650539681.0,247656558659.0,133642405522.0,-46795172867.0,27112939491.0
204320,2020,88701330636.0,,,430018641488.0,177585566123.0,108500795596.0,552162559500.0,548515072426.0,561431986751.0,88701330636.0,647746440771.0,252433075365.0
204320,2021,232312044666.0,,,412687944955.0,207285888236.0,127183139299.0,584040434790.0,827980949580.0,852255588536.0,232312044666.0,686948935133.0,205402056719.0
204320,2022,248102024875.0,,,-13328882668.0,312313835496.0,169425568564.0,693429276560.0,688865163855.0,852255588536.0,248102024875.0,699464420443.0,-325642718164.0
204320,2023,279276996280.0,,,429387081698.0,337519132083.0,172581118105.0,739340081998.0,469851380790.0,614874983929.0,279276996280.0,766897596964.0,91867949615.0
204320,2024,358760766831.0,,,434658342629.0,309501838075.0,803121953199.0,803121953199.0,648496045799.0,614874983929.0,358760766831.0,1639864968268.0,125156504554.0
204320,2025,357120974882.0,,,720937744650.0,343848197672.0,659326263869.0,659326263869.0,598514168796.0,799652317531.0,357120974882.0,1117514379003.0,377089546978.0
263750,2020,157293742558.0,13106118326.0,8806833539.0,157434023396.0,26658219938.0,0.0,20000000000.0,,202123560995.0,179206694423.0,-182123560995.0,130775803458.0
263750,2021,42982271923.0,15182553703.0,9166832549.0,64436408118.0,47398975928.0,35000000000.0,34400000000.0,146715972984.0,243870688201.0,67331658175.0,-27754715217.0,17037432190.0
263750,2022,,16098528076.0,9547785493.0,47554086985.0,93948950965.0,,,146824807151.0,243870688201.0,,-97045881050.0,-46394863980.0
263750,2023,,16810890449.0,9105356120.0,32415277445.0,9136824281.0,,,146936492429.0,235673154568.0,,-88736662139.0,23278453164.0
263750,2024,,15839267059.0,9291307515.0,-5388079092.0,3041021122.0,,,147000000000.0,235673154568.0,,-88673154568.0,-8429100214.0
263750,2025,,14530856379.0,9559765899.0,23933800287.0,2558154081.0,,,0.0,142826606745.0,,-142826606745.0,21375646206.0
064760,2020,80266434396.0,,,65884382110.0,22621585238.0,,,,39102305547.0,80266434396.0,,43262796872.0
064760,2021,103400361685.0,,,78650104268.0,13578370128.0,,,,53718532398.0,103400361685.0,,65071734140.0
064760,2022,127026641350.0,,,87311102557.0,-35525133026.0,,,,53718532398.0,127026641350.0,,51785969531.0
064760,2023,66702958305.0,,,20979642673.0,-47434204412.0,,,,44664321980.0,66702958305.0,,-26454561739.0
064760,2024,80747924196.0,,,74417172514.0,-7565682486.0,,,,33858787333.0,80747924196.0,,66851490028.0
064760,2025,83887319363.0,,,54111434312.0,4496721586.0,,,,41816101299.0,83887319363.0,,49614712726.0
192820,2020,66641426851.0,43628549360.0,2191519106.0,41459691393.0,58959015330.0,419863711028.0,59098126856.0,35000000000.0,102513996071.0,112461495317.0,411447841813.0,-17499323937.0
192820,2021,122599910142.0,48542894250.0,3258710823.0,100045547951.0,40752140272.0,345704084144.0,73752426471.0,16724980000.0,102513996071.0,174401515215.0,333667494544.0,59293407679.0
192820,2022,53100853848.0,54914102485.0,3894494065.0,102531468485.0,84165798249.0,336844762617.0,303607243244.0,20000000000.0,169406924905.0,111909450398.0,491045080956.0,18365670236.0
192820,2023,115685779856.0,55655166411.0,3778484590.0,231020761952.0,86283324363.0,410682739912.0,39254756125.0,-35000000000.0,257087246641.0,175119430857.0,157850249396.0,144737437589.0
192820,2024,175395279105.0,63542212144.0,5264846125.0,72966186220.0,164916321050.0,353612854117.0,73971563797.0,38270087341.0,257087246641.0,244202337374.0,208767258614.0,-91950134830.0
192820,2025,195791661624.0,69037291285.0,5113549725.0,86704661578.0,186962756440.0,476045663320.0,70539346636.0,20000000000.0,256411937856.0,269942502634.0,310173072100.0,-100258094862.0
089970,2020,29621977771.0,,,13011642923.0,1489122174.0,,,,57253702865.0,29621977771.0,,11522520749.0
089970,2021,54019004804.0,,,54058105115.0,2429442478.0,,,,86333323532.0,54019004804.0,,51628662637.0
089970,2022,30932088487.0,,,-8211542547.0,938255635.0,,,,86333323532.0,30932088487.0,,-9149798182.0
089970,2023,-10962872787.0,,,-15589313567.0,1663135997.0,,,,68173563347.0,-10962872787.0,,-17252449564.0
089970,2024,-8599624774.0,,,22168074796.0,6113489386.0,,,,91960823410.0,-8599624774.0,,16054585410.0
089970,2025,24673087730.0,,,18311472375.0,8168017671.0,,,,130518951604.0,24673087730.0,,10143454704.0
103140,2020,121208786517.0,95053032322.0,2871920726.0,,50023985415.0,3466367130736.0,150117292244.0,183542788226.0,79367268328.0,219133739565.0,3720659942878.0,
103140,2021,314125035707.0,92709609804.0,2535479885.0,,90991267558.0,4029559479704.0,159215756794.0,183543938862.0,126248332899.0,409370125396.0,4246070842461.0,
103140,2022,231619553412.0,90231698259.0,2549610314.0,,116967224483.0,5321361963003.0,129627602975.0,249393440908.0,154823314955.0,324400861985.0,5545559691931.0,
103140,2023,228636480718.0,87553635448.0,545006932.0,,136060271877.0,3554179272253.0,77648724002.0,149745633843.0,407883024572.0,316735123098.0,3373690605526.0,
103140,2024,323768893078.0,86209478860.0,620696285.0,,195943580558.0,2535678130198.0,90406488524.0,149617853445.0,345191574366.0,410599068223.0,2430510897801.0,
439260,2025,294102888541.0,,,161974080833.0,8792776564.0,572727799498.0,,21000000000.0,314302067627.0,294102888541.0,279425731871.0,153181304269.0
002790,2020,150661048495.0,,,666039868910.0,194994200560.0,131605478453.0,0.0,,1417441261223.0,150661048495.0,-1285835782770.0,471045668350.0
002790,2021,356171273550.0,,,762592707154.0,99364939117.0,53866492045.0,,,1190926310607.0,356171273550.0,-1137059818562.0,663227768037.0
002790,2022,271900712401.0,,,183450194815.0,120101817974.0,240913563558.0,,,870595030191.0,271900712401.0,-629681466633.0,63348376841.0
002790,2023,152001477210.0,,,389472705896.0,188275432558.0,277108853364.0,,,650066004916.0,152001477210.0,-372957151552.0,201197273338.0
002790,2024,249277525878.0,,,385422056568.0,88101643675.0,326194906069.0,,,628997674836.0,249277525878.0,-302802768767.0,297320412893.0
002790,2025,367999917421.0,,,629668209209.0,76814037729.0,256253631834.0,,,596631422270.0,367999917421.0,-340377790436.0,552854171480.0
008770,2020,,143490313071.0,18680504809.0,-51667226763.0,47761734453.0,946139162269.0,,848398391443.0,508299588289.0,,1286237965423.0,-99428961216.0
008770,2021,,44484160835.0,16267049196.0,42341284484.0,22072212188.0,1456843286468.0,,549089320153.0,242874407594.0,,1763058199027.0,20269072296.0
008770,2022,78346330937.0,68502114538.0,13857820101.0,220460436820.0,53937991712.0,450000000000.0,,638820423366.0,534097781762.0,160706265576.0,554722641604.0,166522445108.0
008770,2023,,42849195246.0,71707913375.0,242525445849.0,54746578417.0,215012774675.0,,748823246809.0,534097781762.0,,429738239722.0,187778867432.0
008770,2024,,43429951787.0,78324675974.0,68743231242.0,73955803519.0,245200555167.0,,854227493521.0,411692316605.0,,687735732083.0,-5212572277.0
008770,2025,,50741448215.0,82775731928.0,103620502742.0,53563220274.0,34522468409.0,,739494888568.0,370379064991.0,,403638291986.0,50057282468.0
322000,2020,8780655344.0,,,,24817468562.0,73840108748.0,17000000000.0,,112115607989.0,8780655344.0,-21275499241.0,
322000,2021,9494797191.0,,,,27455099205.0,221713650017.0,11000000000.0,,128290979469.0,9494797191.0,104422670548.0,
322000,2022,90165877747.0,,,,13332246464.0,80141424856.0,10000000000.0,,128290979469.0,90165877747.0,-38149554613.0,
322000,2023,17542859732.0,,,,8418678975.0,52101613130.0,-5666850000.0,,104929856978.0,17542859732.0,-58495093848.0,
322000,2024,3502725251.0,,,,11670758253.0,23909388310.0,15999930000.0,,140390287712.0,3502725251.0,-100480969402.0,
322000,2025,41222890455.0,,,,12304011908.0,0.0,6392000000.0,,140390287712.0,41222890455.0,-133998287712.0,
112610,2020,97574461877.0,,,23987795324.0,110202263172.0,146130062719.0,63108446048.0,39550544997.0,91779175968.0,97574461877.0,157009877796.0,-86214467848.0
112610,2021,100965948942.0,,,-105391088714.0,92305512982.0,252417692304.0,206243646020.0,19032866990.0,261808747470.0,100965948942.0,215885457844.0,-197696601696.0
112610,2022,42121940314.0,,,150825432173.0,98388083068.0,235882981216.0,173607328635.0,8500000000.0,261808747470.0,42121940314.0,156181562381.0,52437349105.0
112610,2023,104666101614.0,,,110835749804.0,192328017193.0,384086640434.0,303249871103.0,5353994690.0,207120648764.0,104666101614.0,485569857463.0,-81492267389.0
112610,2024,255481950329.0,,,49066517562.0,199659464322.0,530150778891.0,655709362590.0,44552416100.0,359179652727.0,255481950329.0,871232904854.0,-150592946760.0
112610,2025,320323178301.0,,,527705949520.0,92576962005.0,474200228695.0,567088496341.0,0.0,478878903508.0,320323178301.0,562409821528.0,435128987515.0
462870,2024,152676273166.0,,,114147196598.0,2655295505.0,,,,289250436994.0,152676273166.0,,111491901093.0
462870,2025,181417657557.0,,,157169089142.0,2557644014.0,,,,289250436994.0,181417657557.0,,154611445128.0
068760,2020,23629562504.0,,,36246250500.0,41977728373.0,134750000000.0,57264015633.0,,25747837109.0,23629562504.0,166266178524.0,-5731477873.0
068760,2021,47797892085.0,,,93151163753.0,11051112034.0,141095781533.0,38999833641.0,,80186076114.0,47797892085.0,99909539060.0,82100051719.0
068760,2022,38169582298.0,,,-4045950275.0,3897417451.0,138571713170.0,21666574245.0,,80186076114.0,38169582298.0,80052211301.0,-7943367726.0
068760,2023,36070715954.0,,,8756670843.0,4957276433.0,153815734824.0,17333259396.0,,31390934489.0,36070715954.0,139758059731.0,3799394410.0
068760,2024,37222949682.0,,,56588067889.0,4942147740.0,154884091656.0,17333259396.0,,45479669646.0,37222949682.0,126737681406.0,51645920149.0
068760,2025,56091784420.0,,,86430331164.0,16163944383.0,142000000000.0,4333314849.0,,49871871397.0,56091784420.0,96461443452.0,70266386781.0
000120,2020,325337561292.0,,,572347643891.0,312262670939.0,,,279222060000.0,387621293497.0,325337561292.0,-108399233497.0,260084972952.0
000120,2021,343880765667.0,,,344143274398.0,212420211787.0,,,360000000000.0,387621293497.0,343880765667.0,-27621293497.0,131723062611.0
000120,2022,411786887242.0,,,622939080023.0,254895828200.0,,,210000000000.0,582914148949.0,411786887242.0,-372914148949.0,368043251823.0
000120,2023,480234863157.0,,,836599672323.0,257110896386.0,,,490000000000.0,582914148949.0,480234863157.0,-92914148949.0,579488775937.0
000120,2024,530663067133.0,,,606203425256.0,193263182268.0,,,121395923241.0,290135224989.0,530663067133.0,-168739301748.0,412940242988.0
000120,2025,508080820628.0,,,902359906502.0,573954606905.0,2220564611714.0,219823912927.0,398820948400.0,307146405592.0,508080820628.0,2532063067449.0,328405299597.0
073240,2020,-4470777645.0,,,224259262950.0,90753214381.0,366401634012.0,1278070143260.0,,155745273082.0,-4470777645.0,1488726504190.0,133506048569.0
073240,2021,-41517840259.0,,,80409575997.0,204511241257.0,1104499383650.0,1180382545676.0,,300956520520.0,-41517840259.0,1983925408806.0,-124101665260.0
073240,2022,23135670517.0,,,-180048994405.0,373200262860.0,2024753786479.0,860809623398.0,,173210443269.0,23135670517.0,2712352966608.0,-553249257265.0
073240,2023,411010498490.0,,,505161120982.0,192117672603.0,2237848948228.0,273935140000.0,,258508607099.0,411010498490.0,2253275481129.0,313043448379.0
073240,2024,588591711860.0,,,519916196680.0,247500778597.0,2079750239017.0,783437917857.0,,258508607099.0,588591711860.0,2604679549775.0,272415418083.0
073240,2025,575859298284.0,,,915296220859.0,312383783854.0,2871617212067.0,437792774788.0,199539696618.0,574762190002.0,575859298284.0,2934187493471.0,602912437005.0
098460,2020,15842903269.0,,,37796429425.0,,,1161951974.0,,44068122801.0,15842903269.0,-42906170827.0,37796429425.0
098460,2021,41351274821.0,,,42480322829.0,2157485253.0,,6133000000.0,,67496298609.0,41351274821.0,-61363298609.0,40322837576.0
098460,2022,44258682098.0,,,29302033637.0,16902866928.0,,6133000000.0,,67496298609.0,44258682098.0,-61363298609.0,12399166709.0
098460,2023,20372226090.0,,,29540204383.0,7079386517.0,,6133000000.0,,49880850744.0,20372226090.0,-43747850744.0,22460817866.0
098460,2024,3322352718.0,,,36395606644.0,3449687610.0,,0.0,,53545477532.0,3322352718.0,,32945919034.0
098460,2025,17342338477.0,,,18090229309.0,4727054515.0,,0.0,,53545477532.0,17342338477.0,,13363174794.0
140860,2020,14980848495.0,,,12474649605.0,14567454545.0,7165100000.0,10000000000.0,20000000000.0,35257884832.0,14980848495.0,1907215168.0,-2092804940.0
140860,2021,17580876116.0,,,10790189960.0,2527998834.0,,10000000000.0,28117691047.0,39969247172.0,17580876116.0,-1851556125.0,8262191126.0
140860,2022,32648280440.0,,,27577839233.0,3857757853.0,10237623032.0,662088000.0,3538048720.0,45148748621.0,32648280440.0,-30710988869.0,23720081380.0
140860,2023,27560237095.0,,,31304063628.0,12225630613.0,20582102818.0,470774700.0,,70946860854.0,27560237095.0,-49893983336.0,19078433015.0
140860,2024,38529871391.0,,,34715731945.0,28174222031.0,769040594.0,15801012100.0,20101880682.0,93438772816.0,38529871391.0,-56766839440.0,6541509914.0
140860,2025,42191026195.0,,,24479318934.0,53736105124.0,10170523103.0,42275197042.0,42275197042.0,93438772816.0,42191026195.0,1282144371.0,-29256786190.0
457190,2023,,,,11966714378.0,-6212173157.0,15300000000.0,,,14500000000.0,,800000000.0,5754541221.0
457190,2024,14206083843.0,,,10592504715.0,-28872660275.0,-53876048356.0,8000000000.0,,30003565154.0,14206083843.0,-75879613510.0,-18280155560.0
457190,2025,1615256000.0,,,4641384000.0,49102355000.0,65557780000.0,20000000000.0,35000000000.0,30003565000.0,1615256000.0,90554215000.0,-44460971000.0
032820,2020,2705385476.0,,,789650076.0,1849558545.0,14144099200.0,1247780000.0,17100000000.0,17025861874.0,2705385476.0,15466017326.0,-1059908469.0
032820,2021,7245494022.0,,,8832852384.0,616599677.0,14399679158.0,11187480000.0,17958809573.0,27942204755.0,7245494022.0,15603763976.0,8216252707.0
032820,2022,4801125334.0,,,1568239421.0,8625555090.0,14897641800.0,10002590000.0,17560000000.0,27942204755.0,4801125334.0,14518027045.0,-7057315669.0
032820,2023,6678853804.0,,,3712002546.0,29006704925.0,16288628243.0,21791680000.0,10000000000.0,13715295703.0,6678853804.0,34365012540.0,-25294702379.0
032820,2024,553922286.0,,,3943637732.0,39812369826.0,12468831850.0,46700816222.0,46700816222.0,12555532267.0,553922286.0,93314932027.0,-35868732094.0
023590,2020,1030435361357.0,35926666662.0,,-1334999877348.0,26862645109.0,11236630836076.0,660452509883.0,-8064459394.0,1171288133803.0,1066362028019.0,10717730752762.0,-1361862522457.0
023590,2021,1257233834443.0,29514328104.0,8919566235.0,-3480396426778.0,36333571072.0,13674528927304.0,1766661440478.0,1104366909267.0,1324230799910.0,1295667728782.0,15221326477139.0,-3516729997850.0
023590,2022,718687487393.0,38233417067.0,8562879057.0,-2018477733657.0,58861671345.0,16836104502554.0,1334053171692.0,921389460000.0,1496407628053.0,765483783517.0,17595139506193.0,-2077339405002.0
023590,2023,639880017159.0,44820476050.0,5413707902.0,-2049758439316.0,79736875608.0,316796011327.0,30168955240.0,1375078617200.0,1842163320488.0,690114201111.0,-120119736721.0,-2129495314924.0
023590,2024,1174681942719.0,53907592344.0,6588598186.0,,47563445206.0,22959032637576.0,2545482831883.0,2550889722909.0,2035112004523.0,1235178133249.0,26020293187845.0,
023590,2025,1559283728269.0,60811974469.0,7705645964.0,,110098480720.0,32119392614335.0,3801573203925.0,2476760510000.0,2592685257435.0,1627801348702.0,35805041070825.0,
089030,2020,37910274782.0,,,25099582656.0,20345688754.0,64496647000.0,54577750000.0,32535233488.0,29730891062.0,37910274782.0,121878739426.0,4753893902.0
089030,2021,36219406193.0,,,2406698360.0,55031045614.0,83103317466.0,124445230000.0,34719000000.0,29730891062.0,36219406193.0,212536656404.0,-52624347254.0
089030,2022,57672910686.0,,,68170988306.0,9594369663.0,57050000000.0,83416307000.0,0.0,23330438006.0,57672910686.0,117135868994.0,58576618643.0
089030,2023,3160487054.0,,,20371517264.0,44069515328.0,25873214948.0,120237750000.0,0.0,23330438006.0,3160487054.0,122780526942.0,-23697998064.0
089030,2024,23411077264.0,,,32722277624.0,52217702300.0,29789815732.0,87725520000.0,95717877000.0,25482851154.0,23411077264.0,187750361578.0,-19495424676.0
089030,2025,15837572847.0,,,-16089053787.0,27349177047.0,85500000000.0,183684167000.0,93266654300.0,42167522083.0,15837572847.0,320283299217.0,-43438230834.0
140410,2020,-13872839045.0,,,-7376695737.0,-774249512.0,3841485318.0,,23498902652.0,35854072222.0,-13872839045.0,-8513684252.0,-8150945249.0
140410,2021,-16797556309.0,,,-15071356686.0,-357814736.0,-3786177007.0,,,35854072222.0,-16797556309.0,-39640249229.0,-15429171422.0
140410,2022,-36297830143.0,,,-12074641587.0,-767556065.0,4831872375.0,,,29399067075.0,-36297830143.0,-24567194700.0,-12842197652.0
140410,2023,-14488566140.0,,,-11023300733.0,-529292329.0,-3776013604.0,,-4000000000.0,40246152632.0,-14488566140.0,-48022166236.0,-11552593062.0
140410,2024,-14299550646.0,,,-18489351825.0,-590489039.0,-1379666610.0,,-6710000000.0,40246152632.0,-14299550646.0,-48335819242.0,-19079840864.0
140410,2025,-16768533041.0,,,-16588063312.0,-137391703.0,,,23000000000.0,25573850001.0,-16768533041.0,-2573850001.0,-16725455015.0
395400,2021,15203345237.0,,,12627014103.0,,0.0,1045415162700.0,,20189921807.0,15203345237.0,1025225240893.0,12627014103.0
395400,2022,21299681709.0,,,12746447133.0,,394387850466.0,1231178232827.0,653867780000.0,37188731118.0,21299681709.0,2242245132175.0,12746447133.0
395400,2023,35808941724.0,,,122505005287.0,,352400000000.0,1209933204437.0,880000000000.0,92802982186.0,35808941724.0,2349530222251.0,122505005287.0
395400,2024,35412431276.0,,,15277073528.0,,,1527373260709.0,621687665540.0,53574663869.0,35412431276.0,2095486262380.0,15277073528.0
395400,2025,64534748213.0,,,4931950608.0,,,1463214408564.0,548405668235.0,94199963783.0,64534748213.0,1917420113016.0,4931950608.0
120110,2020,201933323585.0,232953722598.0,11270932313.0,499610771741.0,199124279635.0,1371300295862.0,-489330906364.0,1371300295862.0,160836162464.0,446157978496.0,2092433522896.0,300486492106.0
120110,2021,252713195422.0,226141192895.0,9421880297.0,255657508937.0,183389380034.0,1303137422221.0,656731629808.0,1303137422221.0,240547796311.0,488276268614.0,3022458677939.0,72268128903.0
120110,2022,242496098882.0,226733477722.0,8340809258.0,30378522256.0,286687308492.0,1746812732803.0,508972016983.0,1746812732803.0,240547796311.0,477570385862.0,3762049686278.0,-256308786236.0
120110,2023,157625474066.0,241028280541.0,8561362879.0,401540433869.0,313968959594.0,1586717063016.0,533930330185.0,1586717063016.0,203992024024.0,407215117486.0,3503372432193.0,87571474275.0
120110,2024,158723468850.0,252410471745.0,8345377376.0,290586107098.0,255994017322.0,1572810367609.0,917441325114.0,1572810367609.0,252358773744.0,419479317971.0,3810703286588.0,34592089776.0
120110,2025,108896018558.0,252557027363.0,7011132370.0,355039451553.0,160471591460.0,1502712536405.0,1060198918782.0,1502712536405.0,263843934948.0,368464178291.0,3801780056644.0,194567860093.0
060370,2020,-4141603459.0,,,-1636965249.0,,13300000000.0,3473400000.0,,19899192973.0,-4141603459.0,-3125792973.0,-1636965249.0
060370,2021,-5132157799.0,,,10253094807.0,,0.0,0.0,,56696996551.0,-5132157799.0,,10253094807.0
060370,2022,-6606262413.0,,,1704867512.0,,,,,70081029540.0,-6606262413.0,,1704867512.0
060370,2023,13086945968.0,,,17048010423.0,,,,,70081029540.0,13086945968.0,,17048010423.0
060370,2024,12392667090.0,,,-6621031336.0,,2055037273.0,,,78467105878.0,12392667090.0,-76412068605.0,-6621031336.0
060370,2025,7009301321.0,,,19934400037.0,76490866918.0,9948074875.0,,37373123190.0,78467105878.0,7009301321.0,-31145907813.0,-56556466881.0
041510,2020,6495064093.0,,,45398545730.0,8114976646.0,18946105622.0,444628163.0,11863644204.0,297514305362.0,6495064093.0,-266259927373.0,37283569084.0
041510,2021,67520136401.0,,,122557828394.0,22157349140.0,37223380998.0,,926240675.0,331288517569.0,67520136401.0,-293138895896.0,100400479254.0
041510,2022,91007611263.0,,,114937054179.0,24053801752.0,1909787471.0,49860000.0,9974703760.0,331288517569.0,91007611263.0,-319354166338.0,90883252427.0
041510,2023,113463014394.0,,,112995229635.0,19148841944.0,39658487410.0,16620000.0,4598694720.0,317520426414.0,113463014394.0,-273246624284.0,93846387691.0
041510,2024,87296655446.0,,,,24188234750.0,40406004410.0,0.0,14500000000.0,358354939410.0,87296655446.0,-303448935000.0,
041510,2025,183033876467.0,,,,8852603253.0,40206778000.0,0.0,8586803402.0,364611980599.0,183033876467.0,-315818399197.0,
035900,2020,44136482815.0,3653132733.0,417899365.0,22060358410.0,3656810111.0,,,,38658746138.0,48207514913.0,,18403548299.0
035900,2021,57903761113.0,4134400560.0,556385309.0,45832695228.0,442865467.0,,,,49138232915.0,62594546982.0,,45389829761.0
035900,2022,96631539970.0,4324161942.0,1720534478.0,87648404245.0,1323864808.0,,,,139647280323.0,102676236390.0,,86324539437.0
035900,2023,169443909949.0,5732826694.0,5322272697.0,151239365837.0,12298461488.0,,,,217189672861.0,180499009340.0,,138940904349.0
035900,2024,128262269240.0,8962313249.0,5701914873.0,89293013736.0,87316520219.0,,,,217189672861.0,142926497362.0,,1976493517.0
035900,2025,155246094076.0,11137847943.0,10111108615.0,124332829487.0,6244695028.0,,,,294471835825.0,176495050634.0,,118088134459.0
058610,2020,18080435171.0,6139256345.0,29207646.0,14763425788.0,5163645156.0,47959943706.0,10000000000.0,9068501802.0,15229101949.0,24248899162.0,51799343559.0,9599780632.0
058610,2021,23536436082.0,6046181635.0,7104202.0,-15628773967.0,5090805607.0,77666624926.0,10000000000.0,10272754786.0,18182417175.0,29589721919.0,79756962537.0,-20719579574.0
058610,2022,25478930710.0,7225932454.0,5920175.0,22297351939.0,5940696040.0,72242424279.0,10000000000.0,0.0,21692717154.0,32710783339.0,60549707125.0,16356655899.0
058610,2023,15969877847.0,6817904337.0,0.0,34926408559.0,5270209637.0,39291901661.0,0.0,0.0,32206836747.0,22787782184.0,7085064914.0,29656198922.0
058610,2024,12335226942.0,6843338846.0,0.0,11302814082.0,7146859916.0,19508640150.0,10000000000.0,58787639050.0,32206836747.0,19178565788.0,56089442453.0,4155954166.0
058610,2025,17939051891.0,7367153696.0,21688499.0,28370862455.0,4820705869.0,54058574990.0,10000000000.0,,42023986997.0,25327894086.0,22034587993.0,23550156586.0
020150,2020,50870000000.0,,,49479000000.0,116557000000.0,7277000000.0,2187000000.0,48415000000.0,332995000000.0,50870000000.0,-275116000000.0,-67078000000.0
020150,2021,69925557744.0,,,29896398554.0,,487890771.0,747470000.0,400016442079.0,234580121275.0,69925557744.0,166671681575.0,29896398554.0
020150,2022,84772900155.0,,,28859414346.0,,59631561889.0,483190000.0,136272618272.0,234580121275.0,84772900155.0,-38192751114.0,28859414346.0
020150,2023,11805382266.0,,,-89764835787.0,,305886260093.0,7448387507.0,150000000000.0,551987465038.0,11805382266.0,-88652817438.0,-89764835787.0
020150,2024,-64444649841.0,,,87004015917.0,96122484240.0,258297770616.0,106825517758.0,52215572392.0,551987465038.0,-64444649841.0,-134648604272.0,-9118468323.0
020150,2025,,,,-11053371492.0,63021652512.0,212486436059.0,62854026889.0,0.0,418622510032.0,,-143282047084.0,-74075024004.0
007390,2020,-6410732429.0,1369462897.0,190029202.0,-5412080219.0,-2715967266.0,4190000000.0,-996000000.0,10000000000.0,41497497194.0,-4851240330.0,-28303497194.0,-8128047485.0
007390,2021,-9497790495.0,1659636718.0,188763755.0,-10149934962.0,-383531768.0,-4190000000.0,-23000000.0,27712263893.0,41497497194.0,-7649390022.0,-17998233301.0,-10533466730.0
007390,2022,-9502488683.0,1142671851.0,189544537.0,-14865600356.0,-3793150485.0,,,30000000000.0,32550782855.0,-8170272295.0,-2550782855.0,-18658750841.0
007390,2023,-11438082942.0,1560849903.0,189720979.0,-2128245197.0,-6124318372.0,,,-30000000000.0,31255994676.0,-9687512060.0,-61255994676.0,-8252563569.0
007390,2024,1226158108.0,,,1512985553.0,3103472343.0,,,,29891504073.0,1226158108.0,,-1590486790.0
007390,2025,-3646243657.0,,,156736518.0,16543013229.0,5000000000.0,,,28370705743.0,-3646243657.0,-23370705743.0,-16386276711.0
006040,2020,306496418205.0,83389402633.0,41108135788.0,,70831547260.0,248541466176.0,194638396680.0,279353507855.0,171210225334.0,430993956626.0,551323145377.0,
006040,2021,260726838588.0,82536353763.0,43977255996.0,,61376440681.0,213871875766.0,137500000000.0,389163994484.0,171210225334.0,387240448347.0,569325644916.0,
006040,2022,494432749962.0,220471388490.0,59982583276.0,,238323309283.0,1025501269526.0,517850117318.0,718840185621.0,540891026726.0,774886721728.0,1721300545739.0,
006040,2023,464733626626.0,217170979943.0,15549340753.0,661473440210.0,577226122146.0,954363129821.0,459654337544.0,816642667100.0,637868932124.0,697453947322.0,1592791202341.0,84247318064.0
006040,2024,501319940394.0,238859854727.0,15255220802.0,421254990860.0,320877798810.0,1289050893857.0,375767240000.0,815104490624.0,637868932124.0,755435015923.0,1842053692357.0,100377192050.0
006040,2025,516134102432.0,241972033098.0,15952329655.0,466018928197.0,367372683366.0,869187931428.0,270384481216.0,693791862511.0,462412200801.0,774058465185.0,1370952074354.0,98646244831.0
001800,2020,308628634832.0,126617813721.0,101119078592.0,420303273309.0,164327946969.0,452505736541.0,229674752578.0,120000000000.0,386729245179.0,536365527145.0,415451243940.0,255975326340.0
001800,2021,315697398867.0,132823081595.0,91520774001.0,446496362728.0,142700607393.0,532761398466.0,159956352732.0,,568772628319.0,540041254463.0,123945122879.0,303795755335.0
001800,2022,399824809538.0,141553177828.0,119674806180.0,530055129168.0,86079120268.0,521718983304.0,160000000000.0,,630770041350.0,661052793546.0,50948941954.0,443976008900.0
001800,2023,405463095002.0,138252385864.0,114477500893.0,451802067767.0,178074876746.0,813379034720.0,-70000000000.0,,630770041350.0,658192981759.0,112608993370.0,273727191021.0
001800,2024,506240029274.0,144153636960.0,101092864796.0,676298319370.0,121934227618.0,505392088228.0,0.0,150148616411.0,535398625640.0,751486531030.0,120142078999.0,554364091752.0
001800,2025,487728621983.0,148974205686.0,101384073388.0,514071834748.0,158806362579.0,484176302569.0,0.0,189500000000.0,535398625640.0,738086901057.0,138277676929.0,355265472169.0
010170,2020,-22660495864.0,8346820825.0,610243783.0,-12307189889.0,9186332495.0,53442415363.0,26000000000.0,6842010000.0,56835637794.0,-13703431256.0,29448787569.0,-21493522384.0
010170,2021,-27474553119.0,8993570969.0,617504097.0,-9769319323.0,3996878764.0,67801687000.0,14000000000.0,12435063000.0,48794255256.0,-17863478053.0,45442494744.0,-13766198087.0
010170,2022,3461490495.0,6287905952.0,69592791.0,-31772758162.0,9583117383.0,92262327626.0,,5399044609.0,48794255256.0,9818989238.0,48867116979.0,-41355875545.0
010170,2023,-23223251446.0,7392444914.0,69125924.0,6008434718.0,7989417143.0,80168759864.0,19000000000.0,22872907760.0,16077374479.0,-15761680608.0,105964293145.0,-1980982425.0
010170,2024,-29704722792.0,7504150938.0,113118434.0,-23996964424.0,4534920924.0,109957066666.0,,88295591491.0,16077374479.0,-22087453420.0,182175283678.0,-28531885348.0
010170,2025,-21410712591.0,5754621627.0,7715185.0,-12219829801.0,840933995.0,146162293581.0,3000000000.0,9500000000.0,9778103653.0,-15648375779.0,148884189928.0,-13060763796.0
001740,2020,123949000000.0,,,-149851000000.0,211053000000.0,951202000000.0,-832863000000.0,1580939000000.0,861330000000.0,123949000000.0,837948000000.0,-360904000000.0
001740,2021,121978000000.0,,,461461000000.0,228771000000.0,935363000000.0,180153000000.0,1940197000000.0,1372990000000.0,121978000000.0,1682723000000.0,232690000000.0
001740,2022,154211000000.0,,,-317353000000.0,138029000000.0,924929000000.0,454936000000.0,2477386000000.0,1372990000000.0,154211000000.0,2484261000000.0,-455382000000.0
001740,2023,237283000000.0,,,127469000000.0,102260000000.0,746507000000.0,433770000000.0,2252594000000.0,355941000000.0,237283000000.0,3076930000000.0,25209000000.0
001740,2024,113915000000.0,,,276387000000.0,129252000000.0,443919000000.0,240056000000.0,880677000000.0,443956000000.0,113915000000.0,1120696000000.0,147135000000.0
001740,2025,86293000000.0,,,222288000000.0,78135000000.0,-294971000000.0,0.0,969340000000.0,448415000000.0,86293000000.0,225954000000.0,144153000000.0
011210,2020,71957000000.0,,,189148000000.0,251631000000.0,210646000000.0,981326000000.0,1047375000000.0,554947000000.0,71957000000.0,1684400000000.0,-62483000000.0
011210,2021,102725000000.0,,,290279000000.0,151582000000.0,132740000000.0,975737000000.0,748094000000.0,435063000000.0,102725000000.0,1421508000000.0,138697000000.0
011210,2022,212115000000.0,,,423981000000.0,113150000000.0,224667000000.0,926655000000.0,299158000000.0,674426000000.0,212115000000.0,776054000000.0,310831000000.0
011210,2023,229216000000.0,,,468142000000.0,131904000000.0,215895000000.0,834983000000.0,99765000000.0,674426000000.0,229216000000.0,476217000000.0,336238000000.0
011210,2024,218810000000.0,,,591988000000.0,241035000000.0,319713000000.0,423131000000.0,49932000000.0,758404000000.0,218810000000.0,34372000000.0,350953000000.0
011210,2025,204413000000.0,,,404129000000.0,211785000000.0,152967000000.0,380599000000.0,349043000000.0,1116473000000.0,204413000000.0,-233864000000.0,192344000000.0
001120,2020,159835470836.0,,,254785906848.0,44192802930.0,106803953905.0,506566523889.0,359306593794.0,689987899873.0,159835470836.0,282689171715.0,210593103918.0
001120,2021,656217086586.0,,,175589706020.0,71789805251.0,415970654721.0,343585717674.0,269462218098.0,841882704808.0,656217086586.0,187135885685.0,103799900769.0
001120,2022,965543470335.0,,,1222885514751.0,133307196708.0,281801594396.0,874901891756.0,468997633492.0,1550674815272.0,965543470335.0,75026304372.0,1089578318043.0
001120,2023,433109594096.0,,,538338845529.0,97302403476.0,130851842086.0,1092432516853.0,668695176486.0,1550674815272.0,433109594096.0,341304720153.0,441036442053.0
001120,2024,489185373375.0,,,723748680744.0,106577028268.0,323576944856.0,971071174542.0,519203849487.0,1217957460879.0,489185373375.0,595894508006.0,617171652476.0
001120,2025,292193349331.0,,,694419646446.0,583942106469.0,75609204547.0,1140210512311.0,898382375363.0,1423478736828.0,292193349331.0,690723355393.0,110477539977.0
290650,2020,7324167328.0,,,7419054671.0,3016331882.0,,1000000000.0,10000000000.0,22266110937.0,7324167328.0,-11266110937.0,4402722789.0
290650,2021,13169947368.0,,,10906636019.0,10250945023.0,,874440000.0,6000000000.0,22266110937.0,13169947368.0,-15391670937.0,655690996.0
290650,2022,9483841990.0,,,-6075796008.0,37531191283.0,17949024656.0,707880000.0,60000000000.0,17381915497.0,9483841990.0,61274989159.0,-43606987291.0
290650,2023,7748005680.0,,,-12132875375.0,24502960053.0,9641075076.0,541320000.0,63813565195.0,14949457663.0,7748005680.0,59046502608.0,-36635835428.0
290650,2024,2542071249.0,,,-8566586943.0,4715475756.0,31600000000.0,20064760000.0,66367248000.0,18286628164.0,2542071249.0,99745379836.0,-13282062699.0
290650,2025,4415713583.0,,,12564732969.0,15810033915.0,18500000000.0,15190690000.0,63000000000.0,30887981159.0,4415713583.0,65802708841.0,-3245300946.0
281820,2020,56138474759.0,11857622022.0,939611594.0,72155985786.0,11836432179.0,,,,47385540718.0,68935708375.0,,60319553607.0
281820,2021,52101772598.0,13520177401.0,1006789634.0,41084412719.0,23355929726.0,,,,45611235041.0,66628739633.0,,17728482993.0
281820,2022,60336560528.0,14508550258.0,848519981.0,55463848484.0,13854710613.0,,,,45611235041.0,75693630767.0,,41609137871.0
281820,2023,32703769328.0,14332568813.0,852897744.0,26586463049.0,12914522361.0,,,,54244852724.0,47889235885.0,,13671940688.0
281820,2024,49783492468.0,15492370558.0,796124804.0,99914197521.0,10143694553.0,,,,82237959409.0,66071987830.0,,89770502968.0
281820,2025,59965538593.0,15988739586.0,927664774.0,60157388920.0,27532447916.0,,,,82237959409.0,76881942953.0,,32624941004.0
069620,2020,16979724383.0,29521139474.0,8389513030.0,,26486239341.0,57052620048.0,91560619699.0,90000000000.0,72299249872.0,54890376887.0,166313989875.0,
069620,2021,88902176601.0,29027823908.0,8926789839.0,,29087907815.0,56109217341.0,91975282778.0,199877826445.0,75907306381.0,126856790348.0,272055020183.0,
069620,2022,95797148532.0,27878176438.0,8878417071.0,118214603334.0,65161231449.0,141741535848.0,115182800000.0,200000000000.0,102951259956.0,132553742041.0,353973075892.0,53053371885.0
069620,2023,122591949287.0,28963748347.0,11213494224.0,136008810720.0,109337876123.0,113742200000.0,91956651785.0,89942602779.0,111506188293.0,162769191858.0,184135266271.0,26670934597.0
069620,2024,147942198476.0,,,51492294010.0,155145000677.0,206495492942.0,130052430579.0,195000000000.0,111506188293.0,147942198476.0,420041735228.0,-103652706667.0
069620,2025,196782415375.0,,,149205466388.0,191534126732.0,513468072942.0,307139903137.0,243420664556.0,168941641596.0,196782415375.0,895086999039.0,-42328660344.0
131970,2020,30560315153.0,,,69783721085.0,198139333623.0,22000000000.0,59375000000.0,47546707326.0,103159828421.0,30560315153.0,25761878905.0,-128355612538.0
131970,2021,54062137444.0,,,134137562084.0,113315095908.0,24000000000.0,71875000000.0,47546707326.0,40442953812.0,54062137444.0,102978753514.0,20822466176.0
131970,2022,67169269292.0,,,168220044687.0,256652331224.0,62091405000.0,152975000000.0,47546707327.0,44878880727.0,67169269292.0,217734231600.0,-88432286537.0
131970,2023,60778799323.0,,,210546521706.0,171848251993.0,90577700000.0,193375000000.0,,78967797460.0,60778799323.0,204984902540.0,38698269713.0
131970,2024,37923282000.0,,,219237154000.0,183232460000.0,99375386000.0,40000000000.0,24973437000.0,78967797000.0,37923282000.0,85381026000.0,36004694000.0
131970,2025,-940826000.0,,,147218334000.0,22780544000.0,27201633000.0,47000000000.0,25000000000.0,109546970000.0,-940826000.0,-10345337000.0,124437790000.0
089860,2021,245494852201.0,,,38638072378.0,5865907456.0,2015500000000.0,2058335428121.0,2058335428121.0,146904353891.0,245494852201.0,5985266502351.0,32772164922.0
089860,2022,308394412876.0,,,-419201789072.0,4790761949.0,1996482722376.0,2697044711937.0,2697044711937.0,429808735021.0,308394412876.0,6960763411229.0,-423992551021.0
089860,2023,305192202982.0,,,498315759799.0,4581907737.0,988281458300.0,2526102173669.0,2526102173669.0,517269404776.0,305192202982.0,5523216400862.0,493733852062.0
089860,2024,284811996731.0,,,325518284130.0,5562016464.0,359378943677.0,1973086446524.0,2106491810541.0,517269404776.0,284811996731.0,3921687795966.0,319956267666.0
089860,2025,312502750438.0,,,-512641924934.0,3178690035.0,872603445000.0,2273532601043.0,2273532601043.0,450610357971.0,312502750438.0,4969058289115.0,-515820614969.0
097230,2020,78346000000.0,,,264454000000.0,-4160000000.0,0.0,507066000000.0,28882000000.0,213893000000.0,78346000000.0,322055000000.0,260294000000.0
097230,2021,-139844000000.0,,,-110633000000.0,4907000000.0,0.0,501064000000.0,28455000000.0,213893000000.0,-139844000000.0,315626000000.0,-115540000000.0
097230,2022,6625000000.0,,,84575000000.0,64275000000.0,,551007000000.0,29421000000.0,118309000000.0,6625000000.0,462119000000.0,20300000000.0
097230,2023,-108787000000.0,,,154788000000.0,9481000000.0,,25785000000.0,0.0,350257000000.0,-108787000000.0,-324472000000.0,145307000000.0
097230,2024,7252000000.0,,,-86365000000.0,5394000000.0,544290000000.0,25000000000.0,25589000000.0,350257000000.0,7252000000.0,244622000000.0,-91759000000.0
097230,2025,67074000000.0,,,6330000000.0,10661000000.0,397696000000.0,43798000000.0,22500000000.0,332206000000.0,67074000000.0,131788000000.0,-4331000000.0
006280,2020,50252525869.0,,,35973500914.0,82875541737.0,,,20000000000.0,232288414078.0,50252525869.0,-212288414078.0,-46902040823.0
006280,2021,73661620779.0,,,125978948878.0,102321206487.0,,,,232288414078.0,73661620779.0,,23657742391.0
006280,2022,81263665843.0,,,119154310889.0,57996103116.0,,,30000000000.0,186060276974.0,81263665843.0,-156060276974.0,61158207773.0
006280,2023,34436169536.0,,,-5472809765.0,79087050007.0,,,,105365807601.0,34436169536.0,,-84559859772.0
006280,2024,32107347889.0,,,-53460079255.0,31991845153.0,,,0.0,49706128323.0,32107347889.0,-49706128323.0,-85451924408.0
006280,2025,69149857151.0,,,99462778248.0,72362076109.0,,,20000000000.0,49372311054.0,69149857151.0,-29372311054.0,27100702139.0
420770,2023,35013634833.0,,,13148870871.0,4414722532.0,,,,30592812182.0,35013634833.0,,8734148339.0
420770,2024,-1786928658.0,,,2986703835.0,31872322425.0,,20000000000.0,20000000000.0,30592812182.0,-1786928658.0,9407187818.0,-28885618590.0
420770,2025,12100818200.0,,,25653570139.0,4632671533.0,,20000000000.0,20000000000.0,39782117977.0,12100818200.0,217882023.0,21020898606.0
096530,2020,676189736451.0,,,383157253783.0,174028594755.0,46228895048.0,44449003657.0,,308126218773.0,676189736451.0,-217448320068.0,209128659028.0
096530,2021,666658312398.0,,,334024477480.0,61656958125.0,39500000000.0,43141951557.0,,432132025887.0,666658312398.0,-349490074330.0,272367519355.0
096530,2022,196492262649.0,,,319008873805.0,63263162407.0,39500000000.0,40994297356.0,,521348354708.0,196492262649.0,-440854057352.0,255745711398.0
096530,2023,-30053478765.0,,,94932061457.0,25153768970.0,35000000000.0,40865951272.0,,521348354708.0,-30053478765.0,-445482403436.0,69778292487.0
096530,2024,-16479248127.0,,,85390804877.0,39993640556.0,35000000000.0,40761857531.0,,259696958381.0,-16479248127.0,-183935100850.0,45397164321.0
096530,2025,34549810779.0,,,149333824192.0,37356395832.0,35000000000.0,41073887576.0,,259696958381.0,34549810779.0,-183623070805.0,111977428360.0
229640,2020,16082164575.0,,,-13703004076.0,4298567111.0,304263160335.0,11470000000.0,,22475797383.0,16082164575.0,293257362952.0,-18001571187.0
229640,2021,28199819675.0,,,-32480409189.0,1874583674.0,378973153278.0,10000000000.0,,11062629107.0,28199819675.0,377910524171.0,-34354992863.0
229640,2022,27451816095.0,,,8160195391.0,9174652946.0,412062616554.0,10000000000.0,,24790489331.0,27451816095.0,397272127223.0,-1014457555.0
229640,2023,29489190951.0,,,37585967695.0,3452189089.0,473772257561.0,-10000000000.0,,24790489331.0,29489190951.0,438981768230.0,34133778606.0
229640,2024,44768330622.0,,,18522125220.0,1769620884.0,600903064738.0,0.0,,31221911936.0,44768330622.0,569681152802.0,16752504336.0
229640,2025,66778106845.0,,,72484666167.0,2052031754.0,478032602314.0,,,42324432077.0,66778106845.0,435708170237.0,70432634413.0
020560,2020,-482090147054.0,,,-405485383017.0,336406697018.0,2614000000000.0,243325880000.0,496017173504.0,508191160297.0,-482090147054.0,2845151893207.0,-741892080035.0
020560,2021,-594380650270.0,,,1008216924639.0,374899771186.0,2583000000000.0,241573056764.0,326710547792.0,720540591948.0,-594380650270.0,2430743012608.0,633317153453.0
020560,2022,598763774896.0,,,1857222017933.0,398125920409.0,2577000000000.0,246985510168.0,208397995830.0,720540591948.0,598763774896.0,2311842914050.0,1459096097524.0
020560,2023,619928673329.0,,,1541196232475.0,607632744057.0,1800000000000.0,240285510168.0,30000000000.0,586949610660.0,619928673329.0,1483335899508.0,933563488418.0
020560,2024,275690391993.0,,,1458348831299.0,713040232368.0,1380000000000.0,6761627250.0,300000000000.0,778368375221.0,275690391993.0,908393252029.0,745308598931.0
020560,2025,-345190261173.0,,,136976282201.0,705912908558.0,1780000000000.0,450000000000.0,189144017923.0,788037020136.0,-345190261173.0,1631106997787.0,-568936626357.0
082920,2020,18157419132.0,8763064199.0,971225658.0,24445449911.0,,434073104.0,125000000.0,19840000000.0,37866839849.0,27891708989.0,-17467766745.0,24445449911.0
082920,2021,17422339204.0,9465071889.0,918413424.0,25156496971.0,,529663973.0,,18249818868.0,37866839849.0,27805824517.0,-19087357008.0,25156496971.0
082920,2022,28825464743.0,,,26499147888.0,4981568777.0,534783720.0,,18547696600.0,46550174557.0,28825464743.0,-27467694237.0,21517579111.0
082920,2023,37690323911.0,,,38803959577.0,9988954861.0,434473042.0,,17806086568.0,46550174557.0,37690323911.0,-28309614947.0,28815004716.0
082920,2024,51910636695.0,,,59770374275.0,4071951759.0,240234750.0,,5023856548.0,35565396775.0,51910636695.0,-30301305477.0,55698422516.0
082920,2025,69267801066.0,,,63585597685.0,11396983419.0,1945621762.0,,0.0,27993082655.0,69267801066.0,-26047460893.0,52188614266.0
298020,2020,266559583344.0,,,564818284458.0,53633752518.0,4378333066803.0,298034653844.0,,122242066836.0,266559583344.0,4554125653811.0,511184531940.0
298020,2021,1423650756975.0,,,643292383075.0,382969956403.0,3336746241057.0,333882939863.0,,143763042277.0,1423650756975.0,3526866138643.0,260322426672.0
298020,2022,123593507716.0,,,293383061248.0,414425960494.0,4838012040698.0,409770538469.0,,143763042277.0,123593507716.0,5104019536890.0,-121042899246.0
298020,2023,213392972311.0,,,601975948198.0,261452350553.0,5577356046497.0,405063966777.0,,103107214743.0,213392972311.0,5879312798531.0,340523597645.0
298020,2024,270728036762.0,,,654888206941.0,235593337741.0,5185259267271.0,388314639178.0,,100628602687.0,270728036762.0,5472945303762.0,419294869200.0
298020,2025,251502878527.0,,,456129589664.0,443023452039.0,7310470000611.0,989685550321.0,,98108789418.0,251502878527.0,8202046761514.0,13106137625.0
083650,2020,11266365360.0,,,3501812527.0,314348610.0,127908264400.0,42038200000.0,,22006194065.0,11266365360.0,147940270335.0,3187463917.0
083650,2021,-34587106118.0,,,-17568809782.0,1044601404.0,123120043424.0,42345325000.0,,22006194065.0,-34587106118.0,143459174359.0,-18613411186.0
083650,2022,-19117755790.0,,,15242141340.0,1516828966.0,148359011881.0,40606997500.0,20000000000.0,23603234432.0,-19117755790.0,185362774949.0,13725312374.0
083650,2023,15086698166.0,,,43715223925.0,4207309461.0,159880781169.0,3991995000.0,,23603234432.0,15086698166.0,140269541737.0,39507914464.0
083650,2024,21927258374.0,,,39963225786.0,4469542683.0,184674306469.0,44053000000.0,124568814324.0,17607751787.0,21927258374.0,335688369006.0,35493683103.0
083650,2025,75496618005.0,,,112298107754.0,15636630449.0,268683648508.0,800000000.0,0.0,59951352513.0,75496618005.0,209532295995.0,96661477305.0
012630,2020,544670794788.0,,,-474239487222.0,65917289193.0,1602430617608.0,554552312951.0,587994663772.0,812773889079.0,544670794788.0,1932203705252.0,-540156776415.0
012630,2021,368697035249.0,,,-8772539265.0,2001254283.0,1860908881716.0,1763865357245.0,618111159919.0,812773889079.0,368697035249.0,3430111509801.0,-10773793548.0
012630,2022,158535478442.0,,,-1413595133970.0,449144000503.0,2561715908479.0,982069037892.0,688770849416.0,792767154417.0,158535478442.0,3439788641370.0,-1862739134473.0
012630,2023,312643257338.0,,,244287077986.0,345356240885.0,1214378586586.0,940560733219.0,577788385459.0,792767154417.0,312643257338.0,1939960550847.0,-101069162899.0
012630,2024,344698678103.0,,,508956314618.0,322449461592.0,2772782903170.0,1324635459652.0,1324635459652.0,1094119164790.0,344698678103.0,4327934657684.0,186506853026.0
012630,2025,648868134224.0,,,467347129186.0,172959334725.0,1476794207016.0,1371020188031.0,624433623795.0,1331012843115.0,648868134224.0,2141235175727.0,294387794461.0
007810,2020,,28301957362.0,104728116.0,18845438888.0,26292300403.0,45012561829.0,13104319070.0,,89533260950.0,,-31416380051.0,-7446861515.0
007810,2021,,35796734490.0,382473098.0,66837179704.0,50440755687.0,65016006810.0,36539340000.0,,89533260950.0,,12022085860.0,16396424017.0
007810,2022,,53666530055.0,332651618.0,152598652403.0,253284952762.0,40011043416.0,174231910000.0,,71522634066.0,,142720319350.0,-100686300359.0
007810,2023,-32101224771.0,94354709924.0,51184242.0,53041203586.0,77967381867.0,28915540734.0,205907531622.0,,89526523552.0,62304669395.0,145296548804.0,-24926178281.0
007810,2024,-33153617896.0,111854462289.0,37962426.0,99531409662.0,49791696190.0,54502835453.0,24828947741.0,,136879192953.0,78738806819.0,-57547409759.0,49739713472.0
007810,2025,53816253084.0,65225764953.0,32565458.0,39137875548.0,77111402014.0,87111070999.0,153230904241.0,,136879192953.0,119074583495.0,103462782287.0,-37973526466.0
0009K0,2025,20768575294.0,,,17860180437.0,353685246.0,,,,106407975728.0,20768575294.0,,17506495191.0
294870,2020,585721101017.0,,,-258907141040.0,4600357226.0,1525885000000.0,270000000000.0,587994663772.0,526623633730.0,585721101017.0,1857256030042.0,-263507498266.0
294870,2021,273435124620.0,,,30449503915.0,17131603175.0,1215585000000.0,104459415316.0,488542642389.0,526623633730.0,273435124620.0,1281963423975.0,13317900740.0
294870,2022,116379700606.0,,,-1735144768653.0,82068250831.0,1651800000000.0,585431000000.0,319086609477.0,564304695784.0,116379700606.0,1992012913693.0,-1817213019484.0
294870,2023,195313165155.0,,,640164749834.0,64999373903.0,1136700000000.0,467500000000.0,249359062012.0,564304695784.0,195313165155.0,1289254366228.0,575165375931.0
294870,2024,184636983859.0,,,314398841679.0,34426225744.0,2467059000000.0,580000000000.0,199529588043.0,824527529073.0,184636983859.0,2422061058970.0,279972615935.0
294870,2025,248613789437.0,,,2808096213.0,117724681819.0,1088675000000.0,459188733307.0,1381886354000.0,884034771732.0,248613789437.0,2045715315575.0,-114916585606.0
192080,2020,194184071689.0,,,201817518948.0,494030692.0,75000000000.0,,233572744313.0,60025673271.0,194184071689.0,248547071042.0,201323488256.0
192080,2021,190364411040.0,,,189499036494.0,596551799.0,48849315076.0,,49833945669.0,183881959264.0,190364411040.0,-85198698519.0,188902484695.0
192080,2022,183857429569.0,,,118824453359.0,1144032149.0,50000000000.0,,29956447883.0,302722786822.0,183857429569.0,-222766338939.0,117680421210.0
192080,2023,213292020378.0,,,95878847603.0,632456295.0,,,30000000000.0,302722786822.0,213292020378.0,-272722786822.0,95246391308.0
192080,2024,248734053740.0,,,274743815797.0,1713003302.0,,,20000000000.0,545550269676.0,248734053740.0,-525550269676.0,273030812495.0
007310,2020,198445222459.0,,,91965913851.0,109299447804.0,498799745633.0,155364055682.0,,122149521734.0,198445222459.0,532014279581.0,-17333533953.0
007310,2021,166575352719.0,,,149781780023.0,101878982533.0,410851941803.0,203465309254.0,,222279510992.0,166575352719.0,392037740065.0,47902797490.0
007310,2022,185656436842.0,,,93291314126.0,94863187128.0,762817772030.0,234076005918.0,,241038293666.0,185656436842.0,755855484282.0,-1571873002.0
007310,2023,254893843560.0,,,410835663970.0,124057942805.0,811884812303.0,349741006197.0,,324550590210.0,254893843560.0,837075228290.0,286777721165.0
007310,2024,222014509063.0,,,361114671353.0,184072979709.0,755627722200.0,199675725387.0,,330729499629.0,222014509063.0,624573947958.0,177041691644.0
007310,2025,177251297728.0,,,218874761016.0,182904057891.0,899405233939.0,243476663982.0,,412685029869.0,177251297728.0,730196868052.0,35970703125.0
950160,2020,-35215717.0,803635.0,76089.0,-32308157.0,700597.0,5000000.0,,,39312835.0,-34335993.0,-34312835.0,-33008754.0
950160,2021,-40984035.0,754145.0,76633.0,-34969616.0,478876.0,,,,32739992.0,-40153257.0,,-35448492.0
950160,2022,-12618990.0,663669.0,76003.0,-20724975.0,53038.0,,,,32796306.0,-11879318.0,,-20778013.0
950160,2023,-15707145.0,571584.0,87132.0,-18468576.0,199615.0,,,,32796306.0,-15048429.0,,-18668191.0
950160,2024,-16127329.0,332112.0,29292.0,-14994152.0,94767.0,,,17465292.0,21275420.0,-15765925.0,-3810128.0,-15088919.0
950160,2025,-15695998.0,270017.0,20885.0,-16884915.0,841069.0,,,126571253.0,47210417.0,-15405096.0,79360836.0,-17725984.0
030530,2020,86703656424.0,26085822460.0,4655840332.0,110544902223.0,82184069830.0,253269911246.0,98796000000.0,74099428496.0,88269004002.0,117445319216.0,337896335740.0,28360832393.0
030530,2021,91683503842.0,,,81011416965.0,63335233907.0,185306488148.0,54176010016.0,10880000000.0,132753745996.0,91683503842.0,117608752168.0,17676183058.0
030530,2022,104998891405.0,,,-3673855336.0,84197381199.0,296044623067.0,-73954369811.0,420000000.0,132753745996.0,104998891405.0,89756507260.0,-87871236535.0
030530,2023,45774773657.0,,,132219033011.0,39496387239.0,209656770371.0,162000000000.0,,76627111970.0,45774773657.0,295029658401.0,92722645772.0
030530,2024,30614449862.0,,,101571501571.0,83192769777.0,312353639236.0,120000000000.0,0.0,74012202690.0,30614449862.0,358341436546.0,18378731794.0
030530,2025,-418124396.0,,,118085965498.0,85962417863.0,370834127921.0,69460369663.0,,100930526344.0,-418124396.0,339363971240.0,32123547635.0
183300,2020,35580989385.0,,,52096734949.0,27807318087.0,1186938885.0,0.0,2000000000.0,78020526323.0,35580989385.0,-74833587438.0,24289416862.0
183300,2021,58833840737.0,,,65334009496.0,54072570119.0,1882889495.0,0.0,0.0,86433143358.0,58833840737.0,-84550253863.0,11261439377.0
183300,2022,55397524906.0,,,78653491845.0,29007973002.0,31099600000.0,,0.0,86433143358.0,55397524906.0,-55333543358.0,49645518843.0
183300,2023,33028446745.0,,,65166242206.0,32876785043.0,43250270000.0,90000000000.0,,126459834911.0,33028446745.0,6790435089.0,32289457163.0
183300,2024,112461653836.0,,,115629051097.0,153372481050.0,129144285200.0,112714880000.0,30000000000.0,158376721520.0,112461653836.0,113482443680.0,-37743429953.0
183300,2025,110992280574.0,,,38221369716.0,217670719233.0,192679909879.0,290319882681.0,19264286010.0,158376721520.0,110992280574.0,343887357050.0,-179449349517.0
001430,2020,-245389150281.0,179027229224.0,2356623754.0,385737835559.0,47019965975.0,312488654678.0,255865656000.0,110000000000.0,75697904262.0,-64005297303.0,602656406416.0,338717869584.0
001430,2021,238429625560.0,112023017276.0,2955018071.0,83083139983.0,58725266755.0,791407099742.0,167338805000.0,90000000000.0,75697904262.0,353407660907.0,973048000480.0,24357873228.0
001430,2022,127856465832.0,107440161917.0,2805973440.0,32901932284.0,103147592459.0,1022121368543.0,69383480240.0,236475410480.0,136897186911.0,238102601189.0,1191083072352.0,-70245660175.0
001430,2023,196690160681.0,103064229171.0,2237150032.0,229768401458.0,119273320873.0,418941903560.0,201202491236.0,120316505894.0,136897186911.0,301991539884.0,603563713779.0,110495080585.0
001430,2024,52332166350.0,113058351292.0,3909880956.0,318005330699.0,167282382438.0,526057893340.0,174856560000.0,552360621161.0,263554899330.0,169300398598.0,989720175171.0,150722948261.0
001430,2025,98411992401.0,118221487073.0,8095049294.0,113476256502.0,188882764334.0,721758359822.0,314807321563.0,443702077149.0,263554899330.0,224728528768.0,1216712859204.0,-75406507832.0
043260,2020,2839232141.0,,,579522885.0,7341756347.0,61520103688.0,5800000000.0,38316168.0,2909066216.0,2839232141.0,64449353640.0,-6762233462.0
043260,2021,1230300206.0,,,-11656893260.0,12563308341.0,85906233835.0,16139768993.0,0.0,5162489078.0,1230300206.0,96883513750.0,-24220201601.0
043260,2022,2045667031.0,,,39413519770.0,14715379284.0,52703764115.0,42549130438.0,0.0,36753095982.0,2045667031.0,58499798571.0,24698140486.0
043260,2023,25857169613.0,,,4542419694.0,6143319337.0,37159343046.0,15471928033.0,10000000000.0,47585265593.0,25857169613.0,15046005486.0,-1600899643.0
043260,2024,6311648229.0,,,25180275767.0,36289657870.0,46476394895.0,32184026700.0,109938778253.0,47585265593.0,6311648229.0,141013934255.0,-11109382103.0
043260,2025,7551422708.0,,,20087039309.0,4537629021.0,168601403106.0,15137100700.0,168601403106.0,36916097651.0,7551422708.0,315423809261.0,15549410288.0
003540,2023,161317426000.0,38619215000.0,,,11611326000.0,,,2840591086000.0,1599596927000.0,199936641000.0,1240994159000.0,
003540,2024,83593035000.0,38045826000.0,,,-14939417000.0,,,3799445786000.0,1564366567000.0,121638861000.0,2235079219000.0,
003540,2025,301402464000.0,50867931000.0,,,28896942000.0,,,6087979133000.0,2715719430000.0,352270395000.0,3372259703000.0,
017960,2020,75727689500.0,,,69432784322.0,-1809861141.0,7330000000.0,17112540000.0,,65809490579.0,75727689500.0,-41366950579.0,67622923181.0
017960,2021,32732355547.0,,,25507209159.0,-993944349.0,7098000000.0,15948570000.0,,65809490579.0,32732355547.0,-42762920579.0,24513264810.0
017960,2022,24798059067.0,,,-7798849185.0,-2160037714.0,44318000000.0,15953495200.0,,53576755408.0,24798059067.0,6694739792.0,-9958886899.0
017960,2023,16465724514.0,,,56519869189.0,-2227348643.0,95940061721.0,21104800000.0,10000000000.0,66697909049.0,16465724514.0,60346952672.0,54292520546.0
017960,2024,45446301892.0,,,150534191281.0,1874606649.0,124261498877.0,16225356500.0,47232301871.0,66697909049.0,45446301892.0,121021248199.0,148659584632.0
017960,2025,130950531954.0,,,131542994323.0,199550497.0,68059375742.0,8605950000.0,81871440000.0,57866929673.0,130950531954.0,100669836069.0,131343443826.0
004000,2020,139232923700.0,,,253112488585.0,177383329699.0,2007360000.0,,80000000000.0,10560868271.0,139232923700.0,71446491729.0,75729158886.0
004000,2021,244513587616.0,,,308521791730.0,111827207419.0,1342340000.0,,,228812533767.0,244513587616.0,-227470193767.0,196694584311.0
004000,2022,404310707357.0,,,637910729053.0,144454784531.0,1351200000.0,,,577991129172.0,404310707357.0,-576639929172.0,493455944522.0
004000,2023,154778355081.0,,,224132608910.0,99978561185.0,713295000.0,,,577991129172.0,154778355081.0,-577277834172.0,124154047725.0
004000,2024,50372565787.0,,,160035617060.0,198117006467.0,4102122905.0,,,460888466727.0,50372565787.0,-456786343822.0,-38081389407.0
004000,2025,74361152818.0,,,300890349404.0,271573859718.0,842860000.0,,,298477570283.0,74361152818.0,-297634710283.0,29316489686.0
218410,2020,-2996706640.0,22631075095.0,730689758.0,-24172595586.0,26388965776.0,37701300000.0,19248410000.0,38800000000.0,109604700468.0,20365058213.0,-13854990468.0,-50561561362.0
218410,2021,4363911122.0,,,22097622804.0,9781806452.0,15780000000.0,18737010000.0,32541942575.0,33681407353.0,4363911122.0,33377545222.0,12315816352.0
218410,2022,802971835.0,,,3968742424.0,23479810280.0,27547300000.0,3290680000.0,38156276281.0,85438279950.0,802971835.0,-16444023669.0,-19511067856.0
218410,2023,303024279.0,,,15959063595.0,42544778901.0,29780000000.0,3290680000.0,28398965993.0,85438279950.0,303024279.0,-23968633957.0,-26585715306.0
218410,2024,1529788265.0,,,32421992405.0,22018639648.0,27780000000.0,16600000000.0,29650000000.0,110774176940.0,1529788265.0,-36744176940.0,10403352757.0
082640,2023,334329279110.0,,,,6333404045.0,,,,961674860600.0,334329279110.0,,
082640,2024,368058158055.0,,,,8841776008.0,,,,961674860600.0,368058158055.0,,
082640,2025,198812000000.0,,,,4895000000.0,,,1210212000000.0,269108000000.0,198812000000.0,941104000000.0,
181710,2020,102193457994.0,,29975314858.0,141296327841.0,45693034474.0,182264120989.0,43194114351.0,,534565227367.0,132168772852.0,-309106992027.0,95603293367.0
181710,2021,97869201232.0,,36826697035.0,226363126341.0,72974364133.0,145733335426.0,40999045361.0,,596402620636.0,134695898267.0,-409670239849.0,153388762208.0
181710,2022,39053530657.0,,42436271181.0,25879607329.0,130200838518.0,113082253690.0,71739247983.0,,630550920363.0,81489801838.0,-445729418690.0,-104321231189.0
181710,2023,55598405513.0,,54595256922.0,165311652383.0,317917384608.0,598027463674.0,222268469247.0,,771671803089.0,110193662435.0,48624129832.0,-152605732225.0
181710,2024,-192599078282.0,61970090448.0,18471968718.0,47032770723.0,48019370170.0,398380428224.0,17200000000.0,175685019749.0,771671803089.0,-112157019116.0,-180406355116.0,-986599447.0
181710,2025,132434145572.0,63905042964.0,17493684601.0,373978033332.0,60967003612.0,290960738150.0,27532369175.0,153350302604.0,1563677274768.0,213832873137.0,-1091833864839.0,313011029720.0
039200,2020,-2046709557.0,770508437.0,180353314.0,-17881396374.0,,1100000000.0,1259442400.0,18100.0,49234522421.0,-1095847806.0,-46875061921.0,-17881396374.0
039200,2021,-28589754575.0,1276003176.0,144640798.0,-8761867982.0,,7144420000.0,563220000.0,,10581667547.0,-27169110601.0,-2874027547.0,-8761867982.0
039200,2022,-28638371344.0,1544368134.0,111464217.0,-26420974927.0,,9294980000.0,375480000.0,,10581667547.0,-26982538993.0,-911207547.0,-26420974927.0
039200,2023,-32655289595.0,1705393281.0,103942561.0,-22047670114.0,,5482722000.0,375480000.0,,7951488609.0,-30845953753.0,-2093286609.0,-22047670114.0
039200,2024,-2733857885.0,1769878112.0,119732909.0,-26033707918.0,,2727960000.0,187740000.0,12275820000.0,13106075270.0,-844246864.0,2085444730.0,-26033707918.0
039200,2025,52081332705.0,1481516793.0,141389361.0,8302368829.0,,,,9485219913.0,15192017092.0,53704238859.0,-5706797179.0,8302368829.0
078600,2020,9021433663.0,,,10103631570.0,11642864013.0,52948094515.0,38455176626.0,,18819723334.0,9021433663.0,72583547807.0,-1539232443.0
078600,2021,17596082568.0,,,7542102891.0,25282718676.0,,4104483340.0,79999921188.0,34262742362.0,17596082568.0,49841662166.0,-17740615785.0
078600,2022,11970916445.0,,,21656892928.0,31744570242.0,,,74436502653.0,66805291570.0,11970916445.0,7631211083.0,-10087677314.0
078600,2023,6208941102.0,,,4808495155.0,105157725263.0,,,79999921188.0,66805291570.0,6208941102.0,13194629618.0,-100349230108.0
078600,2024,29353571296.0,,,23879378778.0,100771105317.0,153656208924.0,51463333345.0,102203385553.0,82058402880.0,29353571296.0,225264524942.0,-76891726539.0
078600,2025,20686125141.0,,,10948730100.0,23384824711.0,175574260916.0,48799520657.0,108484493684.0,87095348554.0,20686125141.0,245762926703.0,-12436094611.0
003570,2020,13625430204.0,,,52533434664.0,949619028.0,0.0,,,56830356790.0,13625430204.0,,51583815636.0
003570,2021,20587466954.0,,,1598438949.0,1985893327.0,0.0,,,42953022264.0,20587466954.0,,-387454378.0
003570,2022,25764818854.0,,,19209350641.0,2959375676.0,,,,15838928851.0,25764818854.0,,16249974965.0
003570,2023,49529807111.0,,,108924475855.0,3092488285.0,,,,60154336652.0,49529807111.0,,105831987570.0
003570,2024,123890545712.0,,,-10025232083.0,21457518236.0,,,,94529035586.0,123890545712.0,,-31482750319.0
003570,2025,85457001419.0,,,-59125830346.0,22890679432.0,,,109944380000.0,94529035586.0,85457001419.0,15415344414.0,-82016509778.0
005070,2020,12437917352.0,,,-1878940666.0,28054330318.0,74839545155.0,18483180000.0,9409736194.0,30556843266.0,12437917352.0,72175618083.0,-29933270984.0
005070,2021,21792842464.0,,,26043953080.0,41048351289.0,67148227570.0,30000000000.0,15000000000.0,22447612822.0,21792842464.0,89700614748.0,-15004398209.0
005070,2022,32475176321.0,,,544779357.0,20217424874.0,116727941604.0,33333280000.0,,34053765022.0,32475176321.0,116007456582.0,-19672645517.0
005070,2023,32324547766.0,,,-28882803276.0,102129505052.0,152217284233.0,18133240000.0,,60397391931.0,32324547766.0,109953132302.0,-131012308328.0
005070,2024,25002358115.0,,,9073737738.0,187964759829.0,276261603818.0,12133400000.0,,60397391931.0,25002358115.0,227997611887.0,-178891022091.0
005070,2025,2378317974.0,,,138233443406.0,45847352800.0,214371712000.0,12133280000.0,,34975008569.0,2378317974.0,191529983431.0,92386090606.0
361610,2021,89175689000.0,,,109401204000.0,600995484000.0,-7143040000.0,465551342000.0,,235653986000.0,89175689000.0,222754316000.0,-491594280000.0
361610,2022,-52295439000.0,,,20565303000.0,754419795000.0,25217951000.0,868078762000.0,,462679884000.0,-52295439000.0,430616829000.0,-733854492000.0
361610,2023,32027920000.0,,,125297935000.0,498964295000.0,105982442000.0,940239726000.0,,538288578000.0,32027920000.0,507933590000.0,-373666360000.0
361610,2024,-313335471000.0,,,-87239413000.0,313527789000.0,129123494000.0,691356047000.0,324111387000.0,538288578000.0,-313335471000.0,606302350000.0,-400767202000.0
361610,2025,-246364302000.0,,,-33358864000.0,121451109000.0,169179804000.0,708365121000.0,388875418000.0,408979015000.0,-246364302000.0,857441328000.0,-154809973000.0
100090,2020,29049486060.0,,,-57535800978.0,3149435923.0,134464962529.0,108710771200.0,38996457760.0,12419397923.0,29049486060.0,269752793566.0,-60685236901.0
100090,2021,26431994695.0,,,137645036812.0,35413425204.0,202221002463.0,44906498610.0,31355222149.0,96472373333.0,26431994695.0,182010349889.0,102231611608.0
100090,2022,71940779701.0,,,68590235479.0,116129246471.0,66086793610.0,7843032000.0,166702581334.0,96472373333.0,71940779701.0,144160033611.0,-47539010992.0
100090,2023,75604296314.0,,,-138203118639.0,110825184979.0,,32866632000.0,34721462458.0,86209562699.0,75604296314.0,-18621468241.0,-249028303618.0
100090,2024,41797283162.0,,,135367332623.0,151403295923.0,107670400000.0,65304232000.0,38360724147.0,70888490576.0,41797283162.0,140446865571.0,-16035963300.0
100090,2025,59509493978.0,,,-39768234445.0,58655129356.0,108676232000.0,98628000000.0,33014688.0,70888490576.0,59509493978.0,136448756112.0,-98423363801.0
127120,2020,-8058790289.0,2017847211.0,119452825.0,849384017.0,1098119047.0,0.0,249960000.0,13094184217.0,36945103061.0,-5921490253.0,-23600958844.0,-248735030.0
127120,2021,-5152362148.0,1657880170.0,32142243.0,-6428611731.0,4019990363.0,-1050000000.0,249960000.0,0.0,36945103061.0,-3462339735.0,-37745143061.0,-10448602094.0
127120,2022,-5147247988.0,1872082579.0,20129114.0,910272786.0,4931573079.0,0.0,5000000000.0,0.0,10732721858.0,-3255036295.0,-5732721858.0,-4021300293.0
127120,2023,-4342056425.0,1504672230.0,22689783.0,-5029568114.0,2876021283.0,1000000000.0,,,10732721858.0,-2814694412.0,-9732721858.0,-7905589397.0
127120,2024,-9111567866.0,,,-6780800894.0,16716345941.0,1000000000.0,,17000000000.0,6568253610.0,-9111567866.0,11431746390.0,-23497146835.0
127120,2025,-12486699717.0,,,-9386631119.0,44048504978.0,9300000000.0,5000000000.0,37504736503.0,40430705647.0,-12486699717.0,11374030856.0,-53435136097.0
030610,2023,70278210960.0,,,,10747749760.0,,,263000000000.0,199321952363.0,70278210960.0,63678047637.0,
030610,2024,113926120400.0,,,,9142380601.0,,,433000000000.0,125680958112.0,113926120400.0,307319041888.0,
030610,2025,190443426000.0,,,-896988206000.0,11397071000.0,,,112226376000.0,125680958000.0,190443426000.0,-13454582000.0,-908385277000.0
003380,2020,354033884928.0,,,670282130407.0,672132705830.0,,,174313562500.0,722888205176.0,354033884928.0,-548574642676.0,-1850575423.0
003380,2021,744588607216.0,,,734673211140.0,625431992691.0,,,260481459994.0,1068174210442.0,744588607216.0,-807692750448.0,109241218449.0
003380,2022,941306774707.0,,,1244815935240.0,561724905902.0,,,269065323000.0,1261107033203.0,941306774707.0,-992041710203.0,683091029338.0
003380,2023,567544768592.0,,,900670962295.0,571722787625.0,,,85000000000.0,1261107033203.0,567544768592.0,-1176107033203.0,328948174670.0
003380,2024,765480000000.0,,,878774000000.0,618301000000.0,,,281755000000.0,1285932000000.0,765480000000.0,-1004177000000.0,260473000000.0
003380,2025,887427000000.0,,,1141068000000.0,426773000000.0,,,149497000000.0,1459340000000.0,887427000000.0,-1309843000000.0,714295000000.0
195940,2021,50322840434.0,,,26795888949.0,24076049084.0,107000000000.0,0.0,249444408253.0,87436705687.0,50322840434.0,269007702566.0,2719839865.0
195940,2022,52525669263.0,,,58588654555.0,20326347493.0,162805029014.0,40000000000.0,150000000000.0,110637251526.0,52525669263.0,242167777488.0,38262307062.0
195940,2023,65929937883.0,,,83019566461.0,35805780166.0,,20000000000.0,100000000000.0,110637251526.0,65929937883.0,9362748474.0,47213786295.0
195940,2024,88224439067.0,,,105883123731.0,116765180324.0,250000000000.0,0.0,150000000000.0,107745393974.0,88224439067.0,292254606026.0,-10882056593.0
195940,2025,110876599063.0,,,162009691839.0,74517765901.0,310000000000.0,45000000000.0,98861481186.0,91406200858.0,110876599063.0,362455280328.0,87491925938.0
093370,2020,2806756006.0,,,40602732043.0,40216017019.0,39290148553.0,139374086146.0,,49803234982.0,2806756006.0,128860999717.0,386715024.0
093370,2021,58138943581.0,,,83446715705.0,58672661888.0,31355401470.0,72381250000.0,105000000000.0,49803234982.0,58138943581.0,158933416488.0,24774053817.0
093370,2022,105370138192.0,,,94332855439.0,117617101351.0,66312739412.0,121771250000.0,93428276868.0,78961316459.0,105370138192.0,202550949821.0,-23284245912.0
093370,2023,-46105756733.0,,,-5840974605.0,105094173238.0,73944862250.0,168592692306.0,101952454315.0,78961316459.0,-46105756733.0,265528692412.0,-110935147843.0
093370,2024,-9575604806.0,,,75637734093.0,80473980033.0,98495588557.0,146200000000.0,146200000000.0,54898711139.0,-9575604806.0,335996877418.0,-4836245940.0
093370,2025,25349847519.0,,,39575579438.0,39148175849.0,95387151720.0,115413580000.0,102000000000.0,67697035372.0,25349847519.0,245103696348.0,427403589.0
166090,2020,53099390715.0,,,70924590092.0,15116282715.0,34800000000.0,73930555570.0,,46183201270.0,53099390715.0,62547354300.0,55808307377.0
166090,2021,82270294505.0,,,96579842008.0,31192451066.0,44000000000.0,51964100000.0,,46373995758.0,82270294505.0,49590104242.0,65387390942.0
166090,2022,93739279403.0,,,82582765480.0,92465007341.0,47000000000.0,63360700000.0,,46373995758.0,93739279403.0,63986704242.0,-9882241861.0
166090,2023,41282810386.0,,,44195639577.0,120647416529.0,93000000000.0,104259600000.0,,31604972079.0,41282810386.0,165654627921.0,-76451776952.0
166090,2024,43411736320.0,,,75683902591.0,42164008707.0,71951900000.0,18486000000.0,87988900000.0,36086469654.0,43411736320.0,142340330346.0,33519893884.0
166090,2025,50081056398.0,,,68543052519.0,20022518828.0,41451900000.0,0.0,64287100000.0,39497059469.0,50081056398.0,66241940531.0,48520533691.0
006340,2020,4270862584.0,,,8150191585.0,2366768963.0,24902201448.0,3000000000.0,3029380517.0,2317181951.0,4270862584.0,28614400014.0,5783422622.0
006340,2021,2295663054.0,,,-9431376822.0,1981872372.0,34497919766.0,3000000000.0,5000000000.0,1875929827.0,2295663054.0,40621989939.0,-11413249194.0
006340,2022,1346085446.0,,,31845264766.0,3149099082.0,27608459838.0,2600000000.0,2811361716.0,4594233630.0,1346085446.0,28425587924.0,28696165684.0
006340,2023,13130113478.0,,,-5886837596.0,1662796086.0,,0.0,3382350773.0,12853289842.0,13130113478.0,-9470939069.0,-7549633682.0
006340,2024,14338544095.0,,,4005645413.0,1213295586.0,,0.0,10000000000.0,12853289942.0,14338544095.0,-2853289942.0,2792349827.0
006340,2025,9351244955.0,,,-30136980330.0,5296961394.0,,,3698847293.0,16750908338.0,9351244955.0,-13052061045.0,-35433941724.0
000080,2020,198478557062.0,132921218326.0,10242527515.0,382792589955.0,151241623803.0,523896261599.0,442928615381.0,154254619469.0,264505615391.0,341642302903.0,856573881058.0,231550966152.0
000080,2021,174111104900.0,118210819688.0,10498684426.0,622266085979.0,134270295956.0,549274468554.0,390758331455.0,123477760000.0,469820712334.0,302820609014.0,593689847675.0,487995790023.0
000080,2022,190571249139.0,130120037749.0,10650979032.0,-74014170105.0,158811744357.0,498562220902.0,397566704567.0,,469820712334.0,331342265920.0,426308213135.0,-232825914462.0
000080,2023,123919983380.0,121211724655.0,10803327148.0,164419298234.0,157120772101.0,,,,281718287794.0,255935035183.0,,7298526133.0
000080,2024,208141871425.0,120220020010.0,10259495935.0,294626072541.0,297828154541.0,,,,272487716214.0,338621387370.0,,-3202082000.0
000080,2025,172338670998.0,121585234212.0,8235825335.0,232588233956.0,145265426384.0,,,,259177129748.0,302159730545.0,,87322807572.0
000210,2020,119049765679.0,,,1366185205572.0,30696183067.0,986496934396.0,635222059801.0,2043386563713.0,2559152679308.0,119049765679.0,1105952878602.0,1335489022505.0
000210,2021,193162085397.0,,,300778140679.0,13573462951.0,934280674957.0,851000000000.0,2002971335163.0,1756187977008.0,193162085397.0,2032064033112.0,287204677728.0
000210,2022,287459456441.0,,,227911058323.0,15822927439.0,1061989537245.0,2763369196192.0,4172338301654.0,1756187977008.0,287459456441.0,6241509058083.0,212088130884.0
000210,2023,150696391721.0,,,325036281406.0,607384031944.0,2006419150906.0,533093552921.0,3611838414200.0,904068490660.0,150696391721.0,5247282627367.0,-282347750538.0
000210,2024,412518392958.0,,,557104486660.0,377421586565.0,1541213572125.0,1740236501045.0,4258769110164.0,884275048589.0,412518392958.0,6655944134745.0,179682900095.0
000210,2025,298546039560.0,,,514913486084.0,231182056963.0,1449330741752.0,553663414472.0,4026838230267.0,1148320161495.0,298546039560.0,4881512224996.0,283731429121.0
458870,2024,-8681501062.0,,,-11100513095.0,396284928.0,4930000000.0,,,10801030237.0,-8681501062.0,-5871030237.0,-11496798023.0
458870,2025,16327166470.0,,,2086101326.0,1475601350.0,1580000000.0,,,11095579715.0,16327166470.0,-9515579715.0,610499976.0
300720,2020,132795563215.0,,,148198594718.0,39344972202.0,66000000000.0,261734423951.0,261734423951.0,109900633542.0,132795563215.0,479568214360.0,108853622516.0
300720,2021,120397431466.0,,,105443536555.0,59281808094.0,39308940616.0,243064926236.0,243064926236.0,38302389264.0,120397431466.0,487136403824.0,46161728461.0
300720,2022,117984446512.0,,,-923101943.0,110698315812.0,94000000000.0,246424121302.0,246424121302.0,124660309629.0,117984446512.0,462187932975.0,-111621417755.0
300720,2023,246515704341.0,,,,206520771170.0,66717000000.0,273246835000.0,184707986270.0,195623239952.0,246515704341.0,329048581318.0,
300720,2024,271389512685.0,,,244721371887.0,173076828878.0,92969500000.0,268599598000.0,144866481786.0,227182406463.0,271389512685.0,279253173323.0,71644543009.0
300720,2025,132739217663.0,,,160579864291.0,154404460690.0,307400575000.0,317971815000.0,124988276259.0,227182406463.0,132739217663.0,523178259796.0,6175403601.0
330590,2020,24151381577.0,,,35649989851.0,,0.0,0.0,643935359269.0,24276868853.0,24151381577.0,619658490416.0,35649989851.0
330590,2021,32765811019.0,,,53793667746.0,,0.0,0.0,646204532923.0,7397904272.0,32765811019.0,638806628651.0,53793667746.0
330590,2022,34108114105.0,,,54159435741.0,,278954231600.0,478000000000.0,1047261676583.0,21476137035.0,34108114105.0,1782739771148.0,54159435741.0
330590,2023,36133570225.0,,,55182826745.0,,280000000000.0,308726883807.0,668846616088.0,7571009099.0,36133570225.0,1250002490796.0,55182826745.0
330590,2024,42006230943.0,,,86324302250.0,,0.0,417719859250.0,905254299943.0,13266817358.0,42006230943.0,1309707341835.0,86324302250.0
330590,2025,46254900872.0,,,64017736779.0,,,130000000000.0,703746157814.0,12577978163.0,46254900872.0,821168179651.0,64017736779.0
077970,2020,,,,57388000000.0,9144000000.0,263482000000.0,899000000.0,,113320000000.0,,151061000000.0,48244000000.0
077970,2021,,,,18199000000.0,12006000000.0,258774000000.0,,,113320000000.0,,145454000000.0,6193000000.0
077970,2022,,,,26578000000.0,12191000000.0,237830000000.0,,,104687000000.0,,133143000000.0,14387000000.0
077970,2023,18868000000.0,,,-13277000000.0,8687000000.0,259304000000.0,,,88277000000.0,18868000000.0,171027000000.0,-21964000000.0
077970,2024,42236835042.0,,,36712198026.0,9171714612.0,312315662520.0,,,131440923187.0,42236835042.0,180874739333.0,27540483414.0
077970,2025,69592939476.0,,,72871045623.0,9912998123.0,311529618572.0,2083333338.0,-94350660733.0,164134327680.0,69592939476.0,55127963497.0,62958047500.0
437730,2023,9796377029.0,,,11539591715.0,4347503286.0,2000000000.0,1623310000.0,,6014860641.0,9796377029.0,-2391550641.0,7192088429.0
437730,2024,5516949984.0,,,6916810900.0,6521178022.0,1900000000.0,3069760000.0,,10184209386.0,5516949984.0,-5214449386.0,395632878.0
437730,2025,805333955.0,,,95012485.0,53033769530.0,2950000000.0,7614520000.0,48500000000.0,20800190558.0,805333955.0,38264329442.0,-52938757045.0
031330,2020,36546506645.0,,,13029620352.0,1705769777.0,21000000000.0,,,6486859270.0,36546506645.0,14513140730.0,11323850575.0
031330,2021,84470411777.0,,,183837727246.0,2607171210.0,480241138214.0,,,19270855962.0,84470411777.0,460970282252.0,181230556036.0
031330,2022,78764500521.0,,,29747249814.0,33993274411.0,648533374613.0,,,24429721596.0,78764500521.0,624103653017.0,-4246024597.0
031330,2023,53542641950.0,,,140755701722.0,4973096974.0,819912492976.0,-4997200.0,,50287730717.0,53542641950.0,769619765059.0,135782604748.0
031330,2024,67370165204.0,,,-139099723573.0,240045827.0,1346409335276.0,,,50813493406.0,67370165204.0,1295595841870.0,-139339769400.0
003240,2020,53540948314.0,59126209195.0,2325245228.0,166938832164.0,127343617536.0,89357341443.0,,,465859671362.0,114992402737.0,-376502329919.0,39595214628.0
003240,2021,355272574329.0,51503595583.0,4032433966.0,292360001061.0,87794179175.0,90252879032.0,,,356850770691.0,410808603878.0,-266597891659.0,204565821886.0
003240,2022,-122074282364.0,54189968249.0,3449823618.0,-146338268320.0,60881492142.0,74555764416.0,,,477539991213.0,-64434490497.0,-402984226797.0,-207219760462.0
003240,2023,,54848720500.0,3481342460.0,106938290041.0,-70343640110.0,75569292612.0,,,477539991213.0,,-401970698601.0,36594649931.0
003240,2024,,36889151967.0,3599019586.0,228718701026.0,-75098651778.0,85408441452.0,,,390360223002.0,,-304951781550.0,153620049248.0
475830,2024,-8335353372.0,,,-11281573867.0,,0.0,0.0,,19699820842.0,-8335353372.0,,-11281573867.0
475830,2025,-51759177005.0,,,-35988691708.0,,,0.0,,4065001613.0,-51759177005.0,,-35988691708.0
003090,2020,98055318016.0,36641654608.0,9998034789.0,145365812639.0,31625046986.0,57052620048.0,92618119699.0,199640495920.0,196872300031.0,144695007413.0,152438935636.0,113740765653.0
003090,2021,182627158402.0,35837703352.0,10560776061.0,133175353198.0,68235661607.0,56109217341.0,94535282778.0,199877826445.0,196872300031.0,229025637815.0,153650026533.0,64939691591.0
003090,2022,207334242877.0,36236180041.0,7736083376.0,149081680746.0,68013759504.0,141741535848.0,119060000000.0,200000000000.0,190435290050.0,251306506294.0,270366245798.0,81067921242.0
003090,2023,195606282852.0,36576278757.0,11245155360.0,205654597633.0,181443241368.0,118742200000.0,91956651785.0,89942602779.0,190435290050.0,243427716969.0,110206164514.0,24211356265.0
003090,2024,281913080239.0,,,162384530560.0,262588680557.0,239055492942.0,130076602174.0,195000000000.0,191520798132.0,281913080239.0,372611296984.0,-100204149997.0
003090,2025,261793894978.0,,,257576922910.0,294794537571.0,543468072942.0,307155872067.0,243420664556.0,255917494906.0,261793894978.0,838127114659.0,-37217614661.0
323280,2022,2313546898.0,828320058.0,258429582.0,-2325719016.0,2494633271.0,13847680100.0,,,6023189291.0,3400296538.0,7824490809.0,-4820352287.0
323280,2023,-685706946.0,830269580.0,197294245.0,7883989852.0,2811677832.0,7000000000.0,,,9979131029.0,341856879.0,-2979131029.0,5072312020.0
323280,2024,6037657086.0,1175579224.0,295037423.0,4486848260.0,18536834552.0,4300000000.0,15500000000.0,,11043034044.0,7508273733.0,8756965956.0,-14049986292.0
323280,2025,-2506348104.0,1433596909.0,144473000.0,-9748725998.0,37517754965.0,4200000000.0,,,49118598846.0,-928278195.0,-44918598846.0,-47266480963.0
009450,2020,67099322639.0,,,57625119748.0,38662445691.0,32664489188.0,6032969464.0,,37229751480.0,67099322639.0,1467707172.0,18962674057.0
009450,2021,64295519089.0,,,80668518587.0,59406602476.0,41319602119.0,9867994288.0,,44395549478.0,64295519089.0,6792046929.0,21261916111.0
009450,2022,59770841498.0,,,9346017991.0,53807155906.0,60987221699.0,40000000000.0,,77689474620.0,59770841498.0,23297747079.0,-44461137915.0
009450,2023,105910537855.0,,,197363180983.0,58752559952.0,-57686349926.0,80230528331.0,,82771721319.0,105910537855.0,-60227542914.0,138610621031.0
009450,2024,132576050452.0,,,52521650820.0,94349453602.0,626159700000.0,7322905092.0,,100004827455.0,132576050452.0,533477777637.0,-41827802782.0
009450,2025,143376893533.0,,,71173203156.0,153510527940.0,1034252431336.0,64233267176.0,,148688970518.0,143376893533.0,949796727994.0,-82337324784.0
185750,2020,123935878850.0,,,104323716842.0,-32639479549.0,,,,123659075009.0,123935878850.0,,71684237293.0
185750,2021,94758694014.0,,,12903868104.0,-48242869670.0,,,,131812684181.0,94758694014.0,,-35339001566.0
185750,2022,109906061531.0,,,67734467554.0,-44898486770.0,,,,131812684181.0,109906061531.0,,22835980784.0
185750,2023,246599279042.0,,,318159906411.0,-41217822402.0,,,,219646348416.0,246599279042.0,,276942084009.0
185750,2024,99461546115.0,,,64289067648.0,38474001129.0,66495617904.0,,,228469945655.0,99461546115.0,-161974327751.0,25815066519.0
280360,2020,112550163341.0,110595975964.0,12919452149.0,207297585037.0,83946985413.0,8996023396.0,93922654047.0,449491188504.0,312094694566.0,236065591454.0,240315171381.0,123350599624.0
280360,2021,108471110781.0,105567480317.0,12693000274.0,212747090228.0,142942408458.0,8009373719.0,70175783835.0,318192714804.0,312094694566.0,226731591372.0,84283177792.0,69804681770.0
280360,2022,112384711475.0,,,93735750670.0,127065130256.0,104647000556.0,143165000000.0,635887646672.0,318391757096.0,112384711475.0,565307890132.0,-33329379586.0
280360,2023,177018020646.0,,,453013849172.0,324595509459.0,40009521949.0,68056347499.0,763362107135.0,499142596427.0,177018020646.0,372285380156.0,128418339713.0
280360,2024,157101345659.0,,,285574403122.0,315786790557.0,40924831526.0,80000000000.0,716019936128.0,499142596427.0,157101345659.0,337802171227.0,-30212387435.0
280360,2025,109519157887.0,,,231103311582.0,346461395870.0,32638123212.0,213056000000.0,718978882385.0,466129374273.0,109519157887.0,498543631324.0,-115358084288.0
034230,2020,-86150819625.0,,,-155825957476.0,8705193992.0,149132977885.0,913907295916.0,231559004348.0,221626613908.0,-86150819625.0,1072972664241.0,-164531151468.0
034230,2021,-55245896594.0,,,-35129167750.0,14420180085.0,141911076923.0,774238602801.0,200000000000.0,142335876230.0,-55245896594.0,973813803494.0,-49549347835.0
034230,2022,10412544286.0,,,63757608877.0,17099756874.0,111291950000.0,165340000000.0,190341030532.0,487396039733.0,10412544286.0,-20423059201.0,46657852003.0
034230,2023,145770072264.0,,,287641360617.0,62125957322.0,136275100000.0,884414000000.0,184552948137.0,688899183541.0,145770072264.0,516342864596.0,225515403295.0
034230,2024,136055145217.0,,,195930160003.0,49750327708.0,168520000000.0,643442708458.0,111350000000.0,688899183541.0,136055145217.0,234413524917.0,146179832295.0
034230,2025,155816230766.0,,,223864661526.0,88762345974.0,137240950000.0,535251141063.0,99747437091.0,577696235491.0,155816230766.0,194543292663.0,135102315552.0
005300,2020,97230309774.0,,,303423501670.0,129312308711.0,-9785110315.0,125000000000.0,1121149196455.0,199410280331.0,97230309774.0,1036953805809.0,174111192959.0
005300,2021,182218380367.0,,,321100571985.0,202409357586.0,-11307798322.0,-56429242874.0,988024922673.0,384577796934.0,182218380367.0,535710084543.0,118691214399.0
005300,2022,222858437341.0,,,268333994992.0,152198052788.0,90894624818.0,28213867939.0,935795130309.0,384577796934.0,222858437341.0,670325826132.0,116135942204.0
005300,2023,210669752581.0,,,267741067315.0,204769017776.0,424322064658.0,91624564505.0,369075165200.0,345003532508.0,210669752581.0,540018261855.0,62972049539.0
005300,2024,184926837143.0,,,325220018975.0,285023527164.0,497940309953.0,54221748504.0,980119344211.0,247537132464.0,184926837143.0,1284744270204.0,40196491811.0
005300,2025,167159917902.0,,,353618655562.0,205648867593.0,542193275000.0,53558570155.0,985090413511.0,213358325740.0,167159917902.0,1367483932926.0,147969787969.0
032350,2020,-82068543116.0,,,-114489713027.0,552521176687.0,237149232327.0,663030323556.0,58750212416.0,58185475344.0,-82068543116.0,900744292955.0,-667010889714.0
032350,2021,-131250266093.0,,,-50901377865.0,87533412144.0,90480000000.0,674935344179.0,170760235040.0,60686608940.0,-131250266093.0,875488970279.0,-138434790009.0
032350,2022,-118719752733.0,,,-62856715016.0,13622075461.0,734006909444.0,0.0,108646951182.0,60686608940.0,-118719752733.0,781967251686.0,-76478790477.0
032350,2023,-60605788472.0,,,-13077423824.0,9111015171.0,760586470056.0,0.0,175046950424.0,33639841994.0,-60605788472.0,901993578486.0,-22188438995.0
032350,2024,39006615340.0,,,121689939443.0,7342623589.0,800233204045.0,740826597502.0,239189266908.0,44328189032.0,39006615340.0,1735920879423.0,114347315854.0
032350,2025,143328051761.0,,,100093644817.0,9864293137.0,1928000000.0,883042360853.0,131000505872.0,62128238823.0,143328051761.0,953842627902.0,90229351680.0
192400,2020,102342513053.0,,,91815942763.0,2252072746.0,225762002.0,-159681117.0,,25429896804.0,102342513053.0,-25363815919.0,89563870017.0
192400,2021,106992031867.0,,,85661972127.0,25735528898.0,263381350.0,37819300.0,,39740937531.0,106992031867.0,-39439736881.0,59926443229.0
192400,2022,87879677725.0,,,30776739814.0,9267039917.0,546810359.0,550936748.0,,127505846750.0,87879677725.0,-126408099643.0,21509699897.0
192400,2023,86632975985.0,,,100448294897.0,25014511143.0,,169036421.0,,127505846750.0,86632975985.0,-127336810329.0,75433783754.0
192400,2024,103233744707.0,,,78326677910.0,21901538391.0,,,,185010787982.0,103233744707.0,,56425139519.0
192400,2025,114008891071.0,,,56886422765.0,16027091383.0,,,90265715100.0,399835501111.0,114008891071.0,-309569786011.0,40859331382.0
491000,2025,-22642203092.0,,,-34739913530.0,7233465788.0,4000000000.0,,3000000000.0,16815307985.0,-22642203092.0,-9815307985.0,-41973379318.0
006120,2020,516153481972.0,,,163406194224.0,84500095190.0,,,956976607958.0,145271939107.0,516153481972.0,811704668851.0,78906099034.0
006120,2021,364742064220.0,,,-455062141002.0,203347929975.0,,,1206258714774.0,189162274322.0,364742064220.0,1017096440452.0,-658410070977.0
006120,2022,539051827627.0,,,82330270613.0,614358590097.0,,,1572498107706.0,837830673986.0,539051827627.0,734667433720.0,-532028319484.0
006120,2023,351039813599.0,,,600645793687.0,952275981086.0,,,1748963799314.0,1015984405638.0,351039813599.0,732979393676.0,-351630187399.0
006120,2024,172557836004.0,,,115391782358.0,805862653507.0,,,1302407780659.0,1381255762103.0,172557836004.0,-78847981444.0,-690470871149.0
006120,2025,361353559282.0,,,660830683509.0,753522006691.0,,,1633413030869.0,1381255762103.0,361353559282.0,252157268766.0,-92691323182.0
003530,2023,31451827275.0,,,-1102410353871.0,3873261011.0,138276174569.0,,690328881541.0,236328866671.0,31451827275.0,592276189439.0,-1106283614882.0
003530,2024,3966004857.0,,,-912258245762.0,4631879228.0,-447531479774.0,,610020306440.0,263602630163.0,3966004857.0,-101113803497.0,-916890124990.0
003530,2025,147701000000.0,,,-728445000000.0,6370000000.0,106103000000.0,,519650000000.0,263603000000.0,147701000000.0,362150000000.0,-734815000000.0
009240,2020,93106900590.0,,,193138068776.0,15999129613.0,66702486931.0,3000000000.0,,144506704186.0,93106900590.0,-74804217255.0,177138939163.0
009240,2021,69264260432.0,,,28444236201.0,28929059314.0,-42255377783.0,28000000000.0,,117670461895.0,69264260432.0,-131925839678.0,-484823113.0
009240,2022,-21690245389.0,,,-21278605775.0,24563048542.0,432029238577.0,25000000000.0,,117670461895.0,-21690245389.0,339358776682.0,-45841654317.0
009240,2023,1946608852.0,,,80390183205.0,27152527573.0,356916652492.0,30000000000.0,,81947249619.0,1946608852.0,304969402873.0,53237655632.0
009240,2024,31229315756.0,,,48892466562.0,10415483393.0,139396304050.0,40000000000.0,,81947249619.0,31229315756.0,97449054431.0,38476983169.0
009240,2025,18491334862.0,,,69368697267.0,14900272156.0,96981921492.0,0.0,,98241927402.0,18491334862.0,-1260005910.0,54468425111.0
347700,2020,,818233885.0,44256444.0,-1267716322.0,,200000000.0,,3000000000.0,5506068176.0,,-2306068176.0,-1267716322.0
347700,2021,,,,-5067399210.0,653167859.0,200000000.0,,14500000000.0,24137672129.0,,-9437672129.0,-5720567069.0
347700,2022,,,,-5119863506.0,182333207.0,100000000.0,,5300475140.0,24137672129.0,,-18737196989.0,-5302196713.0
347700,2023,,,,-10274360318.0,282184480.0,100000000.0,,-8100000000.0,7570652559.0,,-15570652559.0,-10556544798.0
347700,2024,-13616615083.0,,,-5786417513.0,520360315.0,2310000000.0,,14892000000.0,19343249395.0,-13616615083.0,-2141249395.0,-6306777828.0
347700,2025,9052274666.0,,,-14666603366.0,-44069827.0,1611649420.0,,28691115904.0,4166536785.0,9052274666.0,26136228539.0,-14710673193.0
451800,2023,12384035227.0,,,7452847723.0,,109986028702.0,217183451201.0,,13224298463.0,12384035227.0,313945181440.0,7452847723.0
451800,2024,19077960887.0,,,11165261706.0,,0.0,748644773346.0,450000000000.0,51473966176.0,19077960887.0,1147170807170.0,11165261706.0
451800,2025,30013936514.0,6338257929.0,,18585596749.0,,,653136339291.0,110000000000.0,33760791758.0,36352194443.0,729375547533.0,18585596749.0
030190,2020,62718416760.0,19885994484.0,5710562880.0,74770068574.0,3341415364.0,,,,113391274815.0,88314974124.0,,71428653210.0
030190,2021,72604608652.0,20238540453.0,5651717916.0,79722471690.0,6016660520.0,731540900.0,,,113391274815.0,98494867021.0,-112659733915.0,73705811170.0
030190,2022,71616495095.0,21963869499.0,7147294465.0,71786780205.0,5712539496.0,1000080000.0,1999920000.0,,99024845929.0,100727659059.0,-96024845929.0,66074240709.0
030190,2023,65329237352.0,23071801516.0,7847128186.0,74404964377.0,7592160922.0,1000080000.0,999960000.0,,79253012567.0,96248167054.0,-77252972567.0,66812803455.0
030190,2024,86788428829.0,27335721647.0,11195875676.0,85161942120.0,7363373692.0,27734000000.0,5000000000.0,,115560172804.0,125320026152.0,-82826172804.0,77798568428.0
030190,2025,104389438156.0,30718916327.0,13428611326.0,120877944271.0,5431459464.0,14322000000.0,2000000000.0,,115560172804.0,148536965809.0,-99238172804.0,115446484807.0
241710,2020,9902599067.0,,,11909538986.0,14223686790.0,50805443142.0,30981031360.0,15773981793.0,31435595677.0,9902599067.0,66124860618.0,-2314147804.0
241710,2021,20101690521.0,,,7888284241.0,8979436347.0,60749255564.0,47567039935.0,20000000000.0,31435595677.0,20101690521.0,96880699822.0,-1091152106.0
241710,2022,10367437149.0,,,16695203782.0,11580051601.0,65954703341.0,34741959407.0,,30097011635.0,10367437149.0,70599651113.0,5115152181.0
241710,2023,49154075509.0,,,41968578005.0,18568527636.0,56782359621.0,27774161815.0,,32941025083.0,49154075509.0,51615496353.0,23400050369.0
241710,2024,60362466466.0,,,69476576639.0,48673561200.0,78306890166.0,25806359950.0,25806359950.0,53811475862.0,60362466466.0,76108134204.0,20803015439.0
241710,2025,83536907225.0,,,55035089611.0,61376951561.0,131690603832.0,29565810529.0,,68851763088.0,83536907225.0,92404651273.0,-6341861950.0
099320,2020,13659101910.0,1787461141.0,9213013645.0,13518393829.0,4078146258.0,1000000000.0,,,21186692215.0,24659576696.0,-20186692215.0,9440247571.0
099320,2021,1269234022.0,2133581052.0,9545531393.0,-3745222113.0,4180185243.0,1000000000.0,,50000000000.0,114632908133.0,12948346467.0,-63632908133.0,-7925407356.0
099320,2022,-7728225536.0,2426012070.0,3537240596.0,24143605932.0,19553601540.0,800000000.0,,48955279370.0,114632908133.0,-1764972870.0,-64877628763.0,4590004392.0
099320,2023,-4353750903.0,2567364588.0,3994276110.0,28555034060.0,46240834494.0,,,55068172200.0,102776984967.0,2207889795.0,-47708812767.0,-17685800434.0
099320,2024,-3072159411.0,3587339332.0,4102911687.0,68326063940.0,14866684533.0,3300000000.0,,,125267445540.0,4618091608.0,-121967445540.0,53459379407.0
099320,2025,10179660644.0,3882515431.0,2923171742.0,-74017199715.0,22959389589.0,11000000000.0,,,125267445540.0,16985347817.0,-114267445540.0,-96976589304.0
003470,2023,129124926000.0,30716618000.0,4708002000.0,,11887654000.0,,,299762410000.0,694397308000.0,164549546000.0,-394634898000.0,
003470,2024,94753156000.0,33761059000.0,5645762000.0,,21693428000.0,,,309665460000.0,771819772000.0,134159977000.0,-462154312000.0,
003470,2025,99379167000.0,34629583000.0,6717442000.0,,7220437000.0,,,359503233000.0,812775997000.0,140726192000.0,-453272764000.0,
195870,2020,43519674567.0,,,44378902199.0,36750128676.0,183023693429.0,30000000000.0,,23393855956.0,43519674567.0,189629837473.0,7628773523.0
195870,2021,86329952850.0,,,57112624480.0,27581082799.0,270654335717.0,22596080000.0,,29263310495.0,86329952850.0,263987105222.0,29531541681.0
195870,2022,204416060360.0,,,196854231788.0,78112469826.0,370988273763.0,12589010847.0,,76297795717.0,204416060360.0,307279488893.0,118741761962.0
195870,2023,102511938741.0,,,143107280404.0,93912472086.0,173578565533.0,37375761886.0,,139794120429.0,102511938741.0,71160206990.0,49194808318.0
195870,2024,56869813937.0,,,60622308704.0,148738146448.0,313463716326.0,31075737074.0,,139794120429.0,56869813937.0,204745332971.0,-88115837744.0
195870,2025,46491092436.0,,,66962774761.0,116486627551.0,319955660129.0,106425748000.0,,108305296825.0,46491092436.0,318076111304.0,-49523852790.0
001820,2020,27097501736.0,,,32120191346.0,6837852515.0,12465674690.0,0.0,,35841005511.0,27097501736.0,-23375330821.0,25282338831.0
001820,2021,33168936415.0,,,35530787370.0,19489725828.0,11183391428.0,0.0,,44197981442.0,33168936415.0,-33014590014.0,16041061542.0
001820,2022,30515172659.0,,,48495991156.0,24239020002.0,6315993767.0,,,57271878724.0,30515172659.0,-50955884957.0,24256971154.0
001820,2023,23693227777.0,,,34346343902.0,25290300319.0,33657541827.0,,,57271878724.0,23693227777.0,-23614336897.0,9056043583.0
001820,2024,17842307493.0,,,39262657051.0,10962789357.0,6614594845.0,,,36789325102.0,17842307493.0,-30174730257.0,28299867694.0
001820,2025,12866483343.0,,,25939329033.0,16689715735.0,0.0,,,42197627507.0,12866483343.0,,9249613298.0
036540,2020,34282018123.0,,,83342226673.0,25225322834.0,,128200000000.0,,62386379334.0,34282018123.0,65813620666.0,58116903839.0
036540,2021,66496309132.0,,,101554057612.0,24209344647.0,7495336194.0,91000000000.0,,68856111203.0,66496309132.0,29639224991.0,77344712965.0
036540,2022,62881247628.0,,,94908137157.0,53765866968.0,2721600000.0,68800000000.0,,68856111203.0,62881247628.0,2665488797.0,41142270189.0
036540,2023,-16710120338.0,,,36015764547.0,26841596671.0,,61600000000.0,,78764171268.0,-16710120338.0,-17164171268.0,9174167876.0
036540,2024,12039107062.0,,,53080396079.0,36515203499.0,,61600000000.0,,95466242417.0,12039107062.0,-33866242417.0,16565192580.0
036540,2025,-19626671175.0,,,5456325212.0,21686006810.0,,0.0,,95466242417.0,-19626671175.0,,-16229681598.0
085660,2020,-34178922879.0,22288302361.0,3153257780.0,46867052537.0,126227132055.0,16271300000.0,141906780067.0,55703477868.0,121164381328.0,-8737362738.0,92717176607.0,-79360079518.0
085660,2021,7712977339.0,24525121721.0,3337343751.0,22229780701.0,112598301767.0,16951200000.0,205193515133.0,51182848652.0,122520588340.0,35575442811.0,150806975445.0,-90368521066.0
085660,2022,-47076070730.0,28462897113.0,4056868660.0,-20630514157.0,120355003286.0,15165900000.0,294472234839.0,26022356874.0,122520588340.0,-14556304957.0,213139903373.0,-140985517443.0
085660,2023,-9567468724.0,34337245088.0,3461830842.0,11511386561.0,70364519049.0,22113800000.0,268242634127.0,-23448767123.0,66602751769.0,28231607206.0,200304915235.0,-58853132488.0
085660,2024,-59684136456.0,41709534402.0,3299456912.0,-49546238746.0,93946977454.0,144952895360.0,295320431208.0,119939400000.0,235407126424.0,-14675145142.0,324805600144.0,-143493216200.0
085660,2025,-48774819348.0,54102638443.0,2190537163.0,-72522501543.0,146985057030.0,100060794261.0,49699538098.0,352815885268.0,237558379314.0,7518356258.0,265017838313.0,-219507558573.0
086450,2020,84733110401.0,,,59108278938.0,39606719026.0,9981357916.0,52114817157.0,,70260218526.0,84733110401.0,-8164043453.0,19501559912.0
086450,2021,63219302357.0,,,44653916596.0,51005841922.0,30687211875.0,22500000000.0,,85443962479.0,63219302357.0,-32256750604.0,-6351925326.0
086450,2022,72653921441.0,,,40909001891.0,47171506347.0,57835817464.0,35000000000.0,,85443962479.0,72653921441.0,7391854985.0,-6262504456.0
086450,2023,66873304070.0,,,41792950678.0,33936698572.0,32358325588.0,520930000.0,,73693490999.0,66873304070.0,-40814235411.0,7856252106.0
086450,2024,80419595222.0,,,76090779747.0,26567864450.0,45998528906.0,22900000000.0,,60552271435.0,80419595222.0,8346257471.0,49522915297.0
101490,2020,11036484319.0,7772213746.0,857613766.0,6796353279.0,18129778429.0,51124039195.0,5947500000.0,,30430577973.0,19666311831.0,26640961222.0,-11333425150.0
101490,2021,12610883776.0,8132972049.0,890853851.0,12643708559.0,14102896982.0,29924724270.0,0.0,,51851405699.0,21634709676.0,-21926681429.0,-1459188423.0
101490,2022,17464205801.0,9428916345.0,697940753.0,24922484577.0,31948608124.0,30910935262.0,0.0,,51851405699.0,27591062899.0,-20940470437.0,-7026123547.0
101490,2023,25854851119.0,11857501350.0,557048811.0,25557706196.0,21107977043.0,33158885967.0,0.0,,59043408723.0,38269401280.0,-25884522756.0,4449729153.0
101490,2024,30313647619.0,12881842062.0,552097261.0,36048329089.0,19789678112.0,44547778542.0,0.0,,75586629831.0,43747586942.0,-31038851289.0,16258650977.0
101490,2025,58476110023.0,14368450488.0,478738931.0,46882046173.0,63387681905.0,,,35758000893.0,80010035302.0,73323299442.0,-44252034409.0,-16505635732.0
293490,2020,66520928091.0,,,82289021056.0,27783009732.0,12401200000.0,,10685907813.0,567229500772.0,66520928091.0,-544142392959.0,54506011324.0
293490,2021,111917451153.0,,,227785573351.0,10994538284.0,4730406119.0,5503111111.0,496562746656.0,808676016756.0,111917451153.0,-301879752870.0,216791035067.0
293490,2022,175817282307.0,,,133825405055.0,23571661646.0,43336277015.0,610821000000.0,460918223270.0,808676016755.0,175817282307.0,306399483530.0,110253743409.0
293490,2023,74516883006.0,,,124621125287.0,27581710085.0,24635459456.0,649500471393.0,461666526371.0,653717833414.0,74516883006.0,482084623806.0,97039415202.0
293490,2024,-112898326904.0,,,27387990781.0,12532036281.0,781183180119.0,147000000000.0,452354250000.0,653717833414.0,-112898326904.0,726819596705.0,14855954500.0
293490,2025,-39590701112.0,,,-44267477380.0,8156535841.0,305479052047.0,645144400000.0,11000000000.0,629601189633.0,-39590701112.0,332022262414.0,-52424013221.0
252990,2021,13627082000.0,,,16484267309.0,20606467320.0,0.0,0.0,54992902760.0,10166331956.0,13627082000.0,44826570804.0,-4122200011.0
252990,2022,14898936338.0,,,16967563313.0,14091430161.0,0.0,22000000000.0,48008517510.0,17110123691.0,14898936338.0,52898393819.0,2876133152.0
252990,2023,-2912391718.0,,,292792705.0,75346849907.0,8200000000.0,27000000000.0,49700748593.0,17110123691.0,-2912391718.0,67790624902.0,-75054057202.0
252990,2024,5200613544.0,,,5618810690.0,22494990580.0,0.0,52566280000.0,42484346305.0,15341430036.0,5200613544.0,79709196269.0,-16876179890.0
252990,2025,14666259843.0,,,19243268598.0,8732325750.0,16000000000.0,44479160000.0,9687580243.0,8794442061.0,14666259843.0,61372298182.0,10510942848.0
365550,2020,-713932977.0,,,-321225489.0,,,,,358278355762.0,-713932977.0,,-321225489.0
365550,2021,14730254206.0,7682730245.0,,18224952654.0,,28143530519.0,668141585260.0,,26893775417.0,22412984451.0,669391340362.0,18224952654.0
365550,2022,22549345292.0,13777532946.0,,25953899027.0,,,1062285032142.0,,33920832610.0,36326878238.0,1028364199532.0,25953899027.0
365550,2023,24194866648.0,14848510377.0,,36504668381.0,,,912070325107.0,,50608114769.0,39043377025.0,861462210338.0,36504668381.0
365550,2024,26551539946.0,15808074214.0,,7707205696.0,130000000.0,21100000000.0,1342855835145.0,1342855835145.0,66858601849.0,42359614160.0,2639953068441.0,7577205696.0
365550,2025,25859163408.0,16743206434.0,,8836054309.0,,26499399652.0,1430191286763.0,,171445697130.0,42602369842.0,1285244989285.0,8836054309.0
036530,2020,127086172680.0,,,261292398515.0,2802793378.0,,,,375881408791.0,127086172680.0,,258489605137.0
036530,2021,125567101979.0,,,90010419576.0,5156061783.0,,,,364820274640.0,125567101979.0,,84854357793.0
036530,2022,144692982304.0,,,160521048187.0,8899412307.0,,,,351143133821.0,144692982304.0,,151621635880.0
036530,2023,178996899903.0,,,210564789255.0,6024789538.0,,,,334196791029.0,178996899903.0,,204539999717.0
036530,2024,231159021166.0,,,131691059172.0,10419778100.0,,,,390598554401.0,231159021166.0,,121271281072.0
036530,2025,300655857307.0,,,120111474930.0,10530087298.0,,,199898540000.0,390598554401.0,300655857307.0,-190700014401.0,109581387632.0
079160,2020,-388660290864.0,187865914401.0,118663905466.0,-268443869621.0,97816176873.0,548740808505.0,116372000289.0,450223745156.0,680937654661.0,-82130470997.0,434398899289.0,-366260046494.0
079160,2021,-241445734017.0,172181900053.0,108466874135.0,-171876627587.0,44237659341.0,490519732487.0,107202320514.0,396965017134.0,680937654661.0,39203040171.0,313749415474.0,-216114286928.0
079160,2022,-76765794985.0,174873872693.0,105067975387.0,107641702022.0,55168382045.0,489212902355.0,90305275670.0,376574301029.0,394983808180.0,203176053095.0,561108670874.0,52473319977.0
079160,2023,-115311622135.0,,,180112447168.0,85212279558.0,326144302557.0,17413670000.0,377500982457.0,394983808180.0,-115311622135.0,326075146834.0,94900167610.0
079160,2024,75933768898.0,,,190770411042.0,40891947348.0,564125659339.0,158697855925.0,261477394124.0,231599086432.0,75933768898.0,752701822956.0,149878463694.0
079160,2025,-145126362243.0,,,214869995007.0,86965877391.0,670163751777.0,145846300000.0,262000000000.0,510729493797.0,-145126362243.0,567280557980.0,127904117616.0
417200,2023,13568106930.0,,,6851285941.0,18292868692.0,36114716243.0,2100000000.0,,119598396626.0,13568106930.0,-81383680383.0,-11441582751.0
417200,2024,6197093266.0,,,-10920191323.0,48659760310.0,62706400991.0,4000000000.0,,119598396626.0,6197093266.0,-52891995635.0,-59579951633.0
204270,2020,74903660644.0,,,93930933746.0,60956810724.0,57772160000.0,43307487185.0,,198490787074.0,74903660644.0,-97411139889.0,32974123022.0
204270,2021,-30743056761.0,,,25260597953.0,149677268615.0,73407672500.0,53322302605.0,,198490787074.0,-30743056761.0,-71760811969.0,-124416670662.0
204270,2022,-44329077466.0,,,12936129593.0,43024517415.0,71040073500.0,37083446733.0,5000000000.0,102598854003.0,-44329077466.0,10524666230.0,-30088387822.0
204270,2023,28538516087.0,,,-16008061847.0,39925694714.0,137852538466.0,30264144058.0,5000000000.0,62411909119.0,28538516087.0,110704773405.0,-55933756561.0
204270,2024,-46091032142.0,,,38737542968.0,31233932010.0,192352723865.0,-33530198424.0,9804438232.0,45739315380.0,-46091032142.0,122887648293.0,7503610958.0
204270,2025,-77996088398.0,,,-2325592026.0,35022710386.0,83332595923.0,16545168768.0,130964012918.0,45739315380.0,-77996088398.0,185102462229.0,-37348302412.0
038500,2020,61678605723.0,55560718896.0,2256283913.0,92788355609.0,52222433932.0,174077388060.0,273969638423.0,15000000000.0,65339119902.0,119495608532.0,397707906581.0,40565921677.0
038500,2021,52671399557.0,60587610358.0,2257181365.0,32722226100.0,87177420114.0,311190203999.0,214329171654.0,60347009365.0,57689287197.0,115516191280.0,528177097821.0,-54455194014.0
038500,2022,71098446532.0,65529224761.0,1907537346.0,80929477366.0,45260495967.0,212389165694.0,273778189145.0,89884203156.0,49803946659.0,138535208639.0,526247611336.0,35668981399.0
038500,2023,84701114941.0,70374379987.0,1592323422.0,120166710610.0,40296050783.0,140497918484.0,219619317353.0,49979069562.0,81715586502.0,156667818350.0,328380718897.0,79870659827.0
038500,2024,103930124574.0,74387356337.0,1448362327.0,126119025406.0,45426930412.0,106971599309.0,250619706080.0,50000000000.0,100862919451.0,179765843238.0,306728385938.0,80692094994.0
038500,2025,76583468141.0,77315176136.0,1364272222.0,93852723445.0,45278017842.0,93182376187.0,205837130632.0,40000000000.0,100862919451.0,155262916499.0,238156587368.0,48574705603.0
090710,2020,-8908435486.0,,,-11040435525.0,6023545054.0,3060000000.0,5250543129.0,41710000000.0,28030800739.0,-8908435486.0,21989742390.0,-17063980579.0
090710,2021,-3744447160.0,,,-4201722928.0,425366451.0,3060000000.0,4736350000.0,,28030800739.0,-3744447160.0,-20234450739.0,-4627089379.0
090710,2022,-12529977936.0,,,-4398773575.0,1242427688.0,3060000000.0,399760000.0,10000000000.0,24403407840.0,-12529977936.0,-10943647840.0,-5641201263.0
090710,2023,-1862126821.0,,,7640535420.0,1909979863.0,2754000000.0,,9981535896.0,25041045945.0,-1862126821.0,-12305510049.0,5730555557.0
090710,2024,-12963944511.0,,,-30812177542.0,2913983566.0,22170000000.0,0.0,65000000000.0,45898978356.0,-12963944511.0,41271021644.0,-33726161108.0
090710,2025,-30079139806.0,,,-23016768947.0,639490366.0,21350000000.0,,19898733598.0,45898978356.0,-30079139806.0,-4650244758.0,-23656259313.0
388210,2025,51781944189.0,,,36194413360.0,664225725.0,17299000000.0,13901694650.0,0.0,92982433095.0,51781944189.0,-61781738445.0,35530187635.0
281740,2020,4654365755.0,,,4640984626.0,8468885545.0,22778827226.0,11700716740.0,,8640317803.0,4654365755.0,25839226163.0,-3827900919.0
281740,2021,20687310492.0,,,18722838135.0,40060325902.0,28210000000.0,35201470000.0,,15163828675.0,20687310492.0,48247641325.0,-21337487767.0
281740,2022,35391255844.0,,,16996193209.0,43736185728.0,53520000000.0,45556470000.0,,23531209482.0,35391255844.0,75545260518.0,-26739992519.0
281740,2023,29526390623.0,,,14773140379.0,61462710452.0,79452000000.0,81157671000.0,,35806593309.0,29526390623.0,124803077691.0,-46689570073.0
281740,2024,22166082728.0,,,896169257.0,44233429281.0,123380000000.0,101497847622.0,101497847622.0,35806593309.0,22166082728.0,290569101935.0,-43337260024.0
281740,2025,13271105491.0,,,15478483153.0,13575074556.0,114920000000.0,90035420000.0,,20647038915.0,13271105491.0,184308381085.0,1903408597.0
071320,2020,132852566267.0,242796868408.0,8953080514.0,381899765893.0,426072196976.0,280000000000.0,790000000000.0,-410000000000.0,29604321282.0,384602515189.0,630395678718.0,-44172431083.0
071320,2021,39686157248.0,255589576074.0,9818258483.0,417634376077.0,515733157621.0,360288013825.0,0.0,440000000000.0,29604321282.0,305093991805.0,770683692543.0,-98098781544.0
071320,2022,-403893693760.0,276259264325.0,9616628609.0,14612768938.0,521080711035.0,640000000000.0,2950000000.0,840000000000.0,39040920463.0,-118017800826.0,1443909079537.0,-506467942097.0
071320,2023,314719522031.0,303535793473.0,9995648240.0,-141804994822.0,640443774497.0,1657154757843.0,3250000000.0,770000000000.0,39040920463.0,628250963744.0,2391363837380.0,-782248769319.0
071320,2024,327942028598.0,325579836267.0,9868232482.0,416719329112.0,649140981755.0,553727151859.0,0.0,930000000000.0,14122778000.0,663390097347.0,1469604373859.0,-232421652643.0
071320,2025,529624000000.0,358644000000.0,9034000000.0,677348000000.0,333056000000.0,563727000000.0,2350000000.0,510000000000.0,13136000000.0,897302000000.0,1062941000000.0,344292000000.0
214320,2020,111506787321.0,,,105064524224.0,6856945696.0,2277744000.0,8365600000.0,10000000.0,406310612440.0,111506787321.0,-395657268440.0,98207578528.0
214320,2021,135732279008.0,,,155155221168.0,6598597699.0,,2337780000.0,,480990588109.0,135732279008.0,-478652808109.0,148556623469.0
214320,2022,136891845495.0,,,149151464044.0,11170027444.0,,224910000.0,,553681029740.0,136891845495.0,-553456119740.0,137981436600.0
214320,2023,150018225572.0,,,83247701915.0,-28253498882.0,3702780000.0,438530000.0,,553681029740.0,150018225572.0,-549539719740.0,54994203033.0
214320,2024,155663117200.0,,,182230972340.0,206204616217.0,103523240000.0,142970000.0,,529267186438.0,155663117200.0,-425600976438.0,-23973643877.0
214320,2025,162799995269.0,,,281196807331.0,17542064044.0,103388270000.0,34700000.0,,679474268140.0,162799995269.0,-576051298140.0,263654743287.0
065350,2020,14824184421.0,,,6371208181.0,14412131430.0,220851313183.0,25482826916.0,0.0,31802658656.0,14824184421.0,214531481443.0,-8040923249.0
065350,2021,43947732045.0,,,16968651949.0,30281236683.0,311050861900.0,27111077743.0,,33488221100.0,43947732045.0,304673718543.0,-13312584734.0
065350,2022,32055395246.0,,,-2906141277.0,47589534555.0,376067395576.0,41249787331.0,1798390000.0,33488221100.0,32055395246.0,385627351807.0,-50495675832.0
065350,2023,29867445100.0,,,36100183130.0,33334473699.0,222729023029.0,18973324569.0,233320000.0,41281716539.0,29867445100.0,200653951059.0,2765709431.0
065350,2024,27176239810.0,,,922444591.0,31445722491.0,302950230732.0,232578659211.0,233320000.0,41281716539.0,27176239810.0,494480493404.0,-30523277900.0
065350,2025,27689928290.0,,,14375832620.0,94458199667.0,392729104177.0,83345330899.0,224907588836.0,70602467437.0,27689928290.0,630379556475.0,-80082367047.0
499790,2024,-38200717.0,,,-4624941598.0,13698910902.0,,,140000000000.0,11368212424.0,-38200717.0,128631787576.0,-18323852500.0
499790,2025,78022623652.0,,,119618149534.0,224937087540.0,,,309790887813.0,8340921189.0,78022623652.0,301449966624.0,-105318938006.0
476830,2023,-15522148625.0,,,-14367571076.0,467690443.0,,,,11662214810.0,-15522148625.0,,-14835261519.0
476830,2024,-12861965312.0,,,-11237017639.0,308724111.0,,,,11902194518.0,-12861965312.0,,-11545741750.0
476830,2025,-14597361438.0,,,-10851693259.0,-49433238.0,,,,17619039593.0,-14597361438.0,,-10901126497.0
014620,2020,1114669396.0,,,558869148.0,13888184823.0,182967623.0,20000000000.0,,32821447124.0,1114669396.0,-12638479501.0,-13329315675.0
014620,2021,-8050626341.0,,,7793557402.0,3269882562.0,0.0,0.0,,34787894737.0,-8050626341.0,,4523674840.0
014620,2022,26760618158.0,,,21424673135.0,958804913.0,5000000000.0,0.0,,74586007896.0,26760618158.0,-69586007896.0,20465868222.0
014620,2023,44833439099.0,,,35546523756.0,2665024705.0,2124994751.0,,,75546489784.0,44833439099.0,-73421495033.0,32881499051.0
014620,2024,41988089482.0,,,28505363666.0,2943852903.0,2000485876.0,,,75546489784.0,41988089482.0,-73546003908.0,25561510763.0
014620,2025,41955658561.0,,,37880016780.0,4471685300.0,2000000000.0,,,63589455658.0,41955658561.0,-61589455658.0,33408331480.0
119850,2020,6831095569.0,,,17286039533.0,2747932368.0,8838407699.0,677400000.0,11601852021.0,29145773731.0,6831095569.0,-8028114011.0,14538107165.0
119850,2021,5561584408.0,,,13943848465.0,2921199970.0,17839856225.0,,1660257914.0,40086966603.0,5561584408.0,-20586852464.0,11022648495.0
119850,2022,23267397789.0,,,-30656036510.0,7327345683.0,17660173349.0,,1002586194.0,40086966603.0,23267397789.0,-21424207060.0,-37983382193.0
119850,2023,11704975205.0,,,58389167030.0,2308253001.0,,,1040000000.0,30513946852.0,11704975205.0,-29473946852.0,56080914029.0
119850,2024,38864565846.0,,,12994219841.0,1613195672.0,21545026413.0,,,46700202436.0,38864565846.0,-25155176023.0,11381024169.0
232140,2020,24843098268.0,,,16650941929.0,3044410326.0,6000000000.0,9093830000.0,38929275807.0,84682152224.0,24843098268.0,-30659046417.0,13606531603.0
232140,2021,54621634142.0,,,50525949459.0,76413084296.0,,6208200000.0,54992902760.0,84682152224.0,54621634142.0,-23481049464.0,-25887134837.0
232140,2022,36409046432.0,,,30020435086.0,17650884038.0,,27472240000.0,,68742607175.0,36409046432.0,-41270367175.0,12369551048.0
232140,2023,8571578913.0,,,24081727880.0,83273367653.0,,30549780000.0,,24002238437.0,8571578913.0,6547541563.0,-59191639773.0
232140,2024,10599506307.0,,,-23552771223.0,26761270283.0,,52566280000.0,52566280000.0,21111628362.0,10599506307.0,84020931638.0,-50314041506.0
232140,2025,16989848287.0,,,41192786217.0,16006710569.0,36000000000.0,52479160000.0,9687580243.0,98230426967.0,16989848287.0,-63686724.0,25186075648.0
122870,2020,13553800825.0,,,25765086273.0,32103030696.0,9278561153.0,3922701232.0,,51845567445.0,13553800825.0,-38644305060.0,-6337944423.0
122870,2021,50561443511.0,,,36865797260.0,32319338462.0,4501000000.0,10302400000.0,,51845567445.0,50561443511.0,-37042167445.0,4546458798.0
122870,2022,46639449138.0,,,55087918734.0,-8848076230.0,451139453.0,-1186931391.0,,80205457490.0,46639449138.0,-80941249428.0,46239842504.0
122870,2023,86932081062.0,,,93596369913.0,-11561151788.0,0.0,-416862434.0,,96860476702.0,86932081062.0,-97277339136.0,82035218125.0
122870,2024,-20558087283.0,,,48805135.0,7125849420.0,89168005.0,305147832.0,,96860476702.0,-20558087283.0,-96466160865.0,-7077044285.0
122870,2025,71341515441.0,,,90908918011.0,6038908047.0,0.0,847020789.0,,168219905571.0,71341515441.0,-167372884782.0,84870009964.0
137310,2021,1364040578912.0,,,1234945051189.0,97314137117.0,1765039478.0,8547475.0,,881593309784.0,1364040578912.0,-879819722831.0,1137630914072.0
137310,2022,1146624395447.0,,,890233362780.0,297113459700.0,81695293065.0,1850227797.0,,1872943923987.0,1146624395447.0,-1789398403125.0,593119903080.0
137310,2023,-248084569658.0,,,-242318512835.0,142565917833.0,255617107094.0,655280000000.0,180202740244.0,1872943923987.0,-248084569658.0,-781844076649.0,-384884430668.0
137310,2024,-54057345753.0,,,156526984934.0,78783229759.0,133468183046.0,337539386129.0,248760285752.0,482383087107.0,-54057345753.0,237384767820.0,77743755175.0
137310,2025,-80945179807.0,,,357516150744.0,57085572335.0,3059483686.0,346845142013.0,303634389199.0,366780003956.0,-80945179807.0,286759010942.0,300430578409.0
083450,2020,18150174131.0,2479724020.0,1034521504.0,19591165996.0,1846891710.0,3330000000.0,1500000000.0,,35991784780.0,21664419655.0,-31161784780.0,17744274286.0
083450,2021,46406987615.0,2598130624.0,802125758.0,25550968576.0,11647048332.0,3525000000.0,3275000000.0,,42435872331.0,49807243997.0,-35635872331.0,13903920244.0
083450,2022,56941198199.0,2628236497.0,755186712.0,31483896813.0,6429133077.0,3300000000.0,2975000000.0,,42484792538.0,60324621408.0,-36209792538.0,25054763736.0
083450,2023,42538138186.0,2885660178.0,795854248.0,47445747808.0,20488476236.0,5300000000.0,2980710000.0,,48615765870.0,46219652612.0,-40335055870.0,26957271572.0
083450,2024,59081495358.0,3561011158.0,872456542.0,54407810220.0,18932407792.0,10160405000.0,4554695000.0,,55108837274.0,63514963058.0,-40393737274.0,35475402428.0
083450,2025,59172305188.0,,,41591693861.0,12756209017.0,12160405000.0,75000000.0,,71888920281.0,59172305188.0,-59653515281.0,28835484844.0
004490,2020,86348974704.0,,,185196945647.0,,449593255168.0,5635690000.0,,136596997686.0,86348974704.0,318631947482.0,185196945647.0
004490,2021,99704951541.0,,,11592198208.0,,510642483383.0,25200650000.0,,136596997686.0,99704951541.0,399246135697.0,11592198208.0
004490,2022,81090384601.0,,,61278304850.0,,585661125636.0,51229930892.0,,129867461659.0,81090384601.0,507023594869.0,61278304850.0
004490,2023,129915669248.0,,,183377841431.0,,428573247531.0,64916772792.0,,150621326563.0,129915669248.0,342868693760.0,183377841431.0
004490,2024,179667570936.0,,,152702192560.0,,483946782272.0,5083227208.0,155502907181.0,162670104805.0,179667570936.0,481862811856.0,152702192560.0
004490,2025,153763577366.0,,,157270980611.0,,439446430375.0,33000000000.0,148228623014.0,227178088991.0,153763577366.0,393496964398.0,157270980611.0
213420,2020,40112481933.0,,,42493743847.0,23112452553.0,1000000000.0,,,50590834314.0,40112481933.0,-49590834314.0,19381291294.0
213420,2021,50975561267.0,,,44484661032.0,11029195702.0,1000000000.0,,44991618290.0,133623796577.0,50975561267.0,-87632178287.0,33455465330.0
213420,2022,44866531676.0,,,48943399368.0,14488651626.0,1000000000.0,,17994917908.0,133623796577.0,44866531676.0,-114628878669.0,34454747742.0
213420,2023,32919649532.0,,,49954659612.0,15989737507.0,3000000000.0,,18723221992.0,132735420842.0,32919649532.0,-111012198850.0,33964922105.0
213420,2024,52471548274.0,,,58827571748.0,15380498866.0,3000000000.0,2500000000.0,19481002557.0,71262488271.0,52471548274.0,-46281485714.0,43447072882.0
213420,2025,60742428308.0,,,60554543363.0,12202970495.0,1000000000.0,61717285352.0,,126289412183.0,60742428308.0,-63572126831.0,48351572868.0
056190,2020,167333325185.0,,,335073925202.0,29483038910.0,,,,422533933457.0,167333325185.0,,305590886292.0
056190,2021,188938460989.0,,,56290381807.0,38526730933.0,,,,277023476516.0,188938460989.0,,17763650874.0
056190,2022,160920342192.0,,,175210233107.0,69446489713.0,,,,180176359353.0,160920342192.0,,105763743394.0
056190,2023,85475264988.0,,,-76667438862.0,46202594318.0,,,12050720700.0,262778950464.0,85475264988.0,-250728229764.0,-122870033180.0
056190,2024,-48399084010.0,,,402645291068.0,94616428631.0,,,13500028759.0,338792230521.0,-48399084010.0,-325292201762.0,308028862437.0
033100,2020,3778977730.0,,,6848306973.0,523954777.0,507705645.0,500770000.0,,16861134837.0,3778977730.0,-15852659192.0,6324352196.0
033100,2021,117080075.0,,,7461200303.0,254405376.0,,,,9379935852.0,117080075.0,,7206794927.0
033100,2022,15983347808.0,,,-17020269052.0,587060955.0,0.0,0.0,,14598510929.0,15983347808.0,,-17607330007.0
033100,2023,70151892797.0,,,39533019224.0,2030852125.0,,,,22155547645.0,70151892797.0,,37502167099.0
033100,2024,97845022385.0,,,95691869431.0,2232045876.0,,,,23373881590.0,97845022385.0,,93459823555.0
100790,2023,31925038386.0,974755907.0,,15709477318.0,-22423630.0,,,,53800019705.0,32899794293.0,,15687053688.0
100790,2024,15704108860.0,926664473.0,,129251964259.0,-32642671.0,,,,90828786068.0,16630773333.0,,129219321588.0
100790,2025,35116207413.0,-949463917.0,,48814681618.0,44591400.0,,,,90828786068.0,34166743496.0,,48770090218.0
285130,2020,106282993816.0,,,247009579324.0,1532379847.0,177780844282.0,-104401400000.0,460480569890.0,183975936156.0,106282993816.0,349884078016.0,245477199477.0
285130,2021,555185910439.0,,,,138187398984.0,79550000000.0,32059000000.0,256063406698.0,255615367155.0,555185910439.0,112057039543.0,
285130,2022,230480673367.0,,,-186535765437.0,288262111887.0,436109819164.0,48000000000.0,160000000000.0,400028232546.0,230480673367.0,244081586618.0,-474797877324.0
285130,2023,83302487079.0,,,146064486206.0,375846263423.0,290424994272.0,472518336723.0,199140850000.0,407117941795.0,83302487079.0,554966239200.0,-229781777217.0
285130,2024,-45175568334.0,,,-89345889786.0,422095376066.0,187365410342.0,358405605511.0,983815254545.0,542302081443.0,-45175568334.0,987284188955.0,-511441265852.0
285130,2025,-207363696.0,,,235905765880.0,385109646249.0,219545550382.0,819478380583.0,1195636616781.0,567555999965.0,-207363696.0,1667104547781.0,-149203880369.0
000400,2023,396291202576.0,40288493687.0,0.0,,21054489701.0,,,,1314073501201.0,436579696263.0,,
000400,2024,31061268927.0,36840878181.0,,,14102899188.0,,,428168120000.0,1314073501201.0,67902147108.0,-885905381201.0,
000400,2025,64736000000.0,36931000000.0,,,13259000000.0,,,,885823000000.0,101667000000.0,,
005090,2020,7017229307.0,,,-23599764736.0,37591970531.0,809359874662.0,50000000000.0,809359874662.0,174682440219.0,7017229307.0,1494037309105.0,-61191735267.0
005090,2021,152238223395.0,,,116999418623.0,129633130017.0,616952845979.0,625982325457.0,625982325457.0,201029551402.0,152238223395.0,1667887945491.0,-12633711394.0
005090,2022,209400218379.0,,,345698031549.0,58454097893.0,862019000296.0,465770523058.0,862019000296.0,282973307975.0,209400218379.0,1906835215675.0,287243933656.0
005090,2023,106822963776.0,,,-33307479295.0,128846033982.0,1006121381588.0,373321040181.0,1006121381588.0,282973307975.0,106822963776.0,2102590495382.0,-162153513277.0
005090,2024,189611637907.0,,,94068520395.0,44608610231.0,1026790339845.0,820249052601.0,1026790339845.0,317746418357.0,189611637907.0,2556083313934.0,49459910164.0
005090,2025,95820325177.0,,,-32741369149.0,35044092534.0,1318871651363.0,604962015332.0,1318871651363.0,317746418357.0,95820325177.0,2924958899701.0,-67785461683.0
003850,2020,39986310801.0,,,44740976180.0,18270866230.0,49399576621.0,30000000000.0,77807658457.0,25526944766.0,39986310801.0,131680290312.0,26470109950.0
003850,2021,41448228314.0,,,60167363912.0,16133269040.0,32081830616.0,34000000000.0,77884553350.0,150708195972.0,41448228314.0,-6741812006.0,44034094872.0
003850,2022,56602877310.0,,,27814064610.0,20276190805.0,34853228741.0,14999840032.0,77963428234.0,150708195972.0,56602877310.0,-22891698965.0,7537873805.0
003850,2023,68267020613.0,,,42223902696.0,14982436730.0,11422536802.0,80000000000.0,78000000000.0,16460520013.0,68267020613.0,152962016789.0,27241465966.0
003850,2024,70472227261.0,,,80557153488.0,12825120831.0,,,0.0,187177312448.0,70472227261.0,-187177312448.0,67732032657.0
003850,2025,65066733505.0,,,133176935951.0,22238978849.0,,,199543414150.0,227612718634.0,65066733505.0,-28069304484.0,110937957102.0
032190,2020,1055322547887.0,,,-1323000739293.0,30960905903.0,11392989505266.0,710312180250.0,41890980606.0,1294569126545.0,1055322547887.0,10850623539577.0,-1353961645196.0
032190,2021,1315452190595.0,,,-3421598421532.0,32592437500.0,13859687908484.0,1816790778681.0,1104366909267.0,1462731193215.0,1315452190595.0,15318114403217.0,-3454190859032.0
032190,2022,776695601049.0,,,-1936429597975.0,68475008495.0,16990000729961.0,1404094231338.0,921389460000.0,1640410523289.0,776695601049.0,17675073898010.0,-2004904606470.0
032190,2023,667942798550.0,59810331607.0,,-2035425914358.0,83544400656.0,,80102170532.0,1375078617200.0,1968661875057.0,727753130157.0,-513481087325.0,-2118970315014.0
032190,2024,1205869585426.0,75334883839.0,,-4860733452404.0,52075945875.0,23156677057313.0,2575393021920.0,2550889722909.0,2185887516151.0,1281204469265.0,26097072285991.0,-4912809398279.0
032190,2025,1599880586198.0,76720615418.0,,-6533460947223.0,118331743269.0,32263292614335.0,3881424895853.0,2476760510000.0,2733751140623.0,1676601201616.0,35887726879565.0,-6651792690492.0
388720,2021,3195919041.0,,,1825427696.0,7152558811.0,599992978.0,7000000000.0,,4602006818.0,3195919041.0,2997986160.0,-5327131115.0
388720,2022,-3063639691.0,,,-3241868369.0,3214902365.0,,7000000000.0,,4602006818.0,-3063639691.0,2397993182.0,-6456770734.0
388720,2023,-7008150424.0,,,-1852431100.0,10030195972.0,165649000.0,7000000000.0,33000000000.0,21400424334.0,-7008150424.0,18765224666.0,-11882627072.0
388720,2024,395024451.0,,,245578492.0,35931314265.0,-726141000.0,7000000000.0,33320061883.0,21400424334.0,395024451.0,18193496549.0,-35685735773.0
388720,2025,-12620478623.0,,,-11268085832.0,7566636646.0,1818384870.0,0.0,18009876576.0,21084343268.0,-12620478623.0,-1256081822.0,-18834722478.0
093320,2020,17782412229.0,16595637020.0,133275608.0,27303933732.0,1902265380.0,,11042932240.0,,30737473515.0,34511324857.0,-19694541275.0,25401668352.0
093320,2021,19734224882.0,17630650149.0,132040861.0,23813637546.0,2741444819.0,,10647990000.0,,30737473515.0,37496915892.0,-20089483515.0,21072192727.0
093320,2022,25865716233.0,18187385317.0,322123534.0,34565527695.0,2138078528.0,,9070510000.0,,33214897489.0,44375225084.0,-24144387489.0,32427449167.0
093320,2023,26565751313.0,20273717566.0,342312667.0,36056982232.0,2175150000.0,500000000.0,27493030000.0,,33214897489.0,47181781546.0,-5221867489.0,33881832232.0
093320,2024,23732260884.0,22953915800.0,426007948.0,26251026262.0,50344525674.0,500000000.0,60715550000.0,60715550000.0,31027471994.0,47112184632.0,90903628006.0,-24093499412.0
376900,2023,-7377752929.0,791570677.0,475852250.0,-3916136804.0,148645289.0,4903488831.0,4903488831.0,6123022098.0,3556347829.0,-6110330002.0,12373651931.0,-4064782093.0
376900,2024,,673738777.0,314058277.0,-5002222891.0,20449218.0,8150000000.0,6653505241.0,7570104742.0,3009292853.0,,19364317130.0,-5022672109.0
376900,2025,452884781.0,483023862.0,317007931.0,-17229700776.0,163339403.0,9216745210.0,3983879200.0,30000000000.0,31054504702.0,1252916574.0,12146119708.0,-17393040179.0
064960,2020,89382362691.0,,,139336357460.0,24841650224.0,0.0,,,295492414188.0,89382362691.0,,114494707236.0
064960,2021,91595252246.0,,,59647721979.0,30563346554.0,,,,251177028949.0,91595252246.0,,29084375425.0
064960,2022,111925067671.0,,,108541712300.0,31612253553.0,,,,242837499168.0,111925067671.0,,76929458747.0
064960,2023,116628673833.0,,,96544956174.0,27201560430.0,,,,203744227670.0,116628673833.0,,69343395744.0
064960,2024,98128121434.0,,,130073380804.0,48988684973.0,,,,223156398575.0,98128121434.0,,81084695831.0
064960,2025,102552954912.0,,,73771249147.0,83987994738.0,,,,233364727179.0,102552954912.0,,-10216745591.0
137400,2020,55300226026.0,,,27033357447.0,12246825879.0,24210424000.0,32450000000.0,1186971669.0,14679090449.0,55300226026.0,43168305220.0,14786531568.0
137400,2021,54408331244.0,,,41926421558.0,24679094927.0,22449100000.0,34975200000.0,,30854036425.0,54408331244.0,26570263575.0,17247326631.0
137400,2022,77765165313.0,,,35207974800.0,57154147517.0,27419360000.0,44975200000.0,,30854036425.0,77765165313.0,41540523575.0,-21946172717.0
137400,2023,76924220008.0,,,-39929922239.0,125738856875.0,69240300000.0,42407482168.0,,24624158527.0,76924220008.0,87023623641.0,-165668779114.0
137400,2024,163228782523.0,,,39716133106.0,73486338006.0,93338999522.0,45892075000.0,,35310256818.0,163228782523.0,103920817704.0,-33770204900.0
137400,2025,95648148084.0,,,4447459020.0,127695843866.0,118697154998.0,129387058000.0,18753698450.0,48614784915.0,95648148084.0,218223126533.0,-123248384846.0
075580,2020,1852009329.0,,,15714611310.0,7987642493.0,200823293834.0,43011002000.0,14640000000.0,22753867232.0,1852009329.0,235720428602.0,7726968817.0
075580,2021,17188829667.0,,,-4555965015.0,4300443165.0,164602553349.0,96067000000.0,2149644131.0,37668743120.0,17188829667.0,225150454360.0,-8856408180.0
075580,2022,24899662472.0,,,19531704421.0,35364856424.0,121453259106.0,76500000000.0,0.0,47137190435.0,24899662472.0,150816068671.0,-15833152003.0
075580,2023,33554734501.0,,,69065767561.0,43137924827.0,100350000000.0,40100000000.0,-15000000000.0,50751657164.0,33554734501.0,74698342836.0,25927842734.0
075580,2024,35979489245.0,,,31651176493.0,20172253821.0,161270000000.0,59600000000.0,0.0,79542416662.0,35979489245.0,141327583338.0,11478922672.0
075580,2025,73388632210.0,,,57557625878.0,9498085969.0,212700000000.0,108485000000.0,,79542416662.0,73388632210.0,241642583338.0,48059539909.0
298050,2020,34208423167.0,,,312387826215.0,160998620161.0,3751239664526.0,376233315916.0,218163181788.0,47127699231.0,34208423167.0,4298508462999.0,151389206054.0
298050,2021,437309926236.0,,,234660490131.0,148160520446.0,4116675663285.0,380038988194.0,322083534112.0,47127699231.0,437309926236.0,4771670486360.0,86499969685.0
298050,2022,315070313327.0,,,350446363720.0,227622589726.0,5209258216624.0,487012327353.0,252914530216.0,33590312637.0,315070313327.0,5915594761556.0,122823773994.0
298050,2023,172374384077.0,,,352902903753.0,352822725897.0,5045223178124.0,513297534615.0,328054515288.0,23868859988.0,172374384077.0,5862706368039.0,80177856.0
298050,2024,219722228984.0,,,328885886968.0,351538700723.0,5122878228455.0,557911677827.0,269143143248.0,20339105501.0,219722228984.0,5929593944029.0,-22652813755.0
298050,2025,157433130038.0,,,210097417108.0,222203867978.0,4906888592479.0,544071316979.0,248101726800.0,31544586945.0,157433130038.0,5667517049313.0,-12106450870.0
328130,2022,-50650984769.0,,,-53018974102.0,2805924920.0,1670000000.0,,,15740566274.0,-50650984769.0,-14070566274.0,-55824899022.0
328130,2023,-42216718386.0,,,-36473330744.0,-1382156960.0,5940000000.0,,,31654786154.0,-42216718386.0,-25714786154.0,-37855487704.0
328130,2024,-67672567880.0,,,-65696290063.0,-5278116606.0,,,171500000000.0,52369332882.0,-67672567880.0,119130667118.0,-70974406669.0
328130,2025,-83103910311.0,,,-55175238016.0,638569749.0,30879012137.0,,74459326891.0,52369332882.0,-83103910311.0,52969006146.0,-55813807765.0
000370,2023,306524364199.0,,0.0,,21462848946.0,,,478000000000.0,379524701921.0,306524364199.0,98475298079.0,
000370,2024,435735704686.0,,,,128411113792.0,,,348966380000.0,379524701921.0,435735704686.0,-30558321921.0,
000370,2025,429592532000.0,,,,24917873000.0,,,0.0,297181012000.0,429592532000.0,-297181012000.0,
456040,2023,57451316000.0,,,106301831000.0,52542315000.0,146616410000.0,40000000000.0,,300920602000.0,57451316000.0,-114304192000.0,53759516000.0
456040,2024,110492797000.0,,,163884877000.0,70489584000.0,401966829000.0,0.0,150000000000.0,285778749000.0,110492797000.0,266188080000.0,93395293000.0
456040,2025,440425000.0,,,56057631000.0,81546671000.0,284547969000.0,40000000000.0,150000000000.0,285778749000.0,440425000.0,188769220000.0,-25489040000.0
248070,2020,56431988363.0,20553741722.0,4428698952.0,42040476523.0,48656905506.0,103151287388.0,19000000000.0,17656873125.0,67290324040.0,81414429037.0,72517836473.0,-6616428983.0
248070,2021,26516420146.0,21449960982.0,5364967475.0,-178873116805.0,57780534501.0,239386206909.0,34061186553.0,17815941185.0,67290324040.0,53331348603.0,223973010607.0,-236653651306.0
248070,2022,75604636414.0,31498044118.0,4552081743.0,40931193478.0,45181818061.0,274030063759.0,57131661025.0,,106902772370.0,111654762275.0,224258952414.0,-4250624583.0
248070,2023,154515562835.0,33256434950.0,4317501383.0,336920883171.0,123933109187.0,279628369496.0,54763453016.0,,131852482695.0,192089499168.0,202539339817.0,212987773984.0
248070,2024,69087394974.0,,,-5325048656.0,123657958970.0,302534624102.0,37811616664.0,,131852482695.0,69087394974.0,208493758071.0,-128983007626.0
248070,2025,46500186977.0,,,54635510959.0,96865126453.0,300399642588.0,110374930000.0,,156771767997.0,46500186977.0,254002804591.0,-42229615494.0
019210,2020,-15829096049.0,,,74540899283.0,51636976652.0,222584447316.0,123639484388.0,67947903586.0,70598457797.0,-15829096049.0,343573377493.0,22903922631.0
019210,2021,42992374863.0,,,90899546033.0,39085354473.0,221816922958.0,47907851892.0,68000000000.0,70598457797.0,42992374863.0,267126317053.0,51814191560.0
019210,2022,72644206360.0,,,13113499574.0,45597687739.0,274032237045.0,60465592549.0,51939406647.0,43517363079.0,72644206360.0,342919873162.0,-32484188165.0
019210,2023,54685648371.0,,,40215062741.0,57260859430.0,291272615596.0,76899102234.0,67869627613.0,43517363079.0,54685648371.0,392523982364.0,-17045796689.0
019210,2024,55815895657.0,,,50850708655.0,37464988497.0,346432297127.0,60693739449.0,49925693285.0,38612462318.0,55815895657.0,418439267543.0,13385720158.0
019210,2025,66528357756.0,,,38308790587.0,55754463413.0,378056500143.0,50455180000.0,106819336711.0,56384863371.0,66528357756.0,478946153483.0,-17445672826.0
074600,2020,41221881860.0,,,99001306388.0,36516943280.0,46328222206.0,190963853989.0,,50588602338.0,41221881860.0,186703473857.0,62484363108.0
074600,2021,86750053571.0,,,104928576538.0,57030063273.0,50197424566.0,204960098905.0,,68082612443.0,86750053571.0,187074911028.0,47898513265.0
074600,2022,115127050949.0,,,64569270043.0,89900704471.0,93217466362.0,460483997384.0,,74886361406.0,115127050949.0,478815102340.0,-25331434428.0
074600,2023,82983414760.0,,,79922979065.0,180385229814.0,,481484703458.0,,74886361406.0,82983414760.0,406598342052.0,-100462250749.0
074600,2024,90611957858.0,,,79871945367.0,123337142599.0,222783366933.0,510773450931.0,,58545799824.0,90611957858.0,675011018040.0,-43465197232.0
074600,2025,59610200277.0,,,84849481802.0,84400532359.0,193450864716.0,547670908897.0,,60554080902.0,59610200277.0,680567692711.0,448949443.0
002960,2020,30986415678.0,,,42498268234.0,3913445073.0,,,,25270313572.0,30986415678.0,,38584823161.0
002960,2021,38045978839.0,,,24681581773.0,1851874263.0,,,,27744110524.0,38045978839.0,,22829707510.0
002960,2022,35071601445.0,,,15393720975.0,2593489357.0,,,,27744110524.0,35071601445.0,,12800231618.0
002960,2023,42296587917.0,,,43288467195.0,3221512407.0,,,,49145713523.0,42296587917.0,,40066954788.0
002960,2024,45955067339.0,,,33646757503.0,,,,,49145713523.0,45955067339.0,,33646757503.0
002960,2025,52781327678.0,,,51307771674.0,12172572834.0,,,,44311123990.0,52781327678.0,,39135198840.0
002350,2020,39424863808.0,,,179088479809.0,117425163477.0,,,149602660000.0,260097881449.0,39424863808.0,-110495221449.0,61663316332.0
002350,2021,4634237831.0,,,265157559677.0,115217602300.0,,,,322330915303.0,4634237831.0,,149939957377.0
002350,2022,-54253533449.0,,,-99406724771.0,272202869457.0,,,,322330915303.0,-54253533449.0,,-371609594228.0
002350,2023,186991098059.0,,,241859929651.0,323422175192.0,,,191846745968.0,258369647432.0,186991098059.0,-66522901464.0,-81562245541.0
002350,2024,172136969776.0,,,259331943233.0,205157990274.0,,,197494536800.0,237635347839.0,172136969776.0,-40140811039.0,54173952959.0
002350,2025,170297371324.0,,,351365344177.0,222681406502.0,,,250017110294.0,159639383872.0,170297371324.0,90377726422.0,128683937675.0
445680,2023,-10557074113.0,528934189.0,1084500698.0,-8164182261.0,211529745.0,,,,17909050983.0,-8943639226.0,,-8375712006.0
445680,2024,-13377807751.0,578524006.0,1137819168.0,-9698164657.0,257879427.0,,,19997636079.0,24187624890.0,-11661464577.0,-4189988811.0,-9956044084.0
445680,2025,-12314428922.0,552832474.0,1213398098.0,-11109195641.0,136101014.0,,,28123473729.0,24187624890.0,-10548198350.0,3935848839.0,-11245296655.0
115180,2020,-21024930152.0,19072368.0,456673398.0,-19848812787.0,10674455.0,,,,4639357565.0,-20549184386.0,,-19859487242.0
115180,2021,-24242893650.0,21742241.0,497233377.0,-24372230234.0,146637475.0,920000000.0,,,18470777662.0,-23723918032.0,-17550777662.0,-24518867709.0
115180,2022,-27474716001.0,42546221.0,401792007.0,-25003479127.0,12847691.0,,,,20603221034.0,-27030377773.0,,-25016326818.0
115180,2023,-23213207544.0,41462775.0,498129925.0,-21969918538.0,0.0,0.0,,,34951750929.0,-22673614844.0,,-21969918538.0
115180,2024,-27477790640.0,34777375.0,545029738.0,-23316289762.0,19334957.0,,,,34951750929.0,-26897983527.0,,-23335624719.0
115180,2025,-29764167099.0,31152162.0,580957060.0,-28673478096.0,59891871.0,,,12796447883.0,21036458453.0,-29152057877.0,-8240010570.0,-28733369967.0
035760,2020,272067865192.0,,,566412764825.0,110931533454.0,2631301934261.0,140604000000.0,431871038827.0,269792454423.0,272067865192.0,2933984518665.0,455481231371.0
035760,2021,296876105378.0,,,782218621248.0,173706680293.0,978838142930.0,262943229976.0,699216134551.0,1287375693855.0,296876105378.0,653621813602.0,608511940955.0
035760,2022,137375904912.0,,,1650761469423.0,199459747898.0,3551150449799.0,516034704634.0,728898181728.0,1287375693855.0,137375904912.0,3508707642306.0,1451301721525.0
035760,2023,-14600377588.0,,,1296047106262.0,100097945073.0,2029257309000.0,1038626957717.0,769519897759.0,1133713181886.0,-14600377588.0,2703690982590.0,1195949161189.0
035760,2024,104478244497.0,,,1402576859379.0,63376410782.0,1521200000000.0,553600318751.0,744314521747.0,1032592197719.0,104478244497.0,1786522642779.0,1339200448597.0
035760,2025,132887741945.0,,,1166374650640.0,29366610481.0,2880969122600.0,288883611856.0,908590542910.0,973227664804.0,132887741945.0,3105215612562.0,1137008040159.0
093050,2020,77067170451.0,61232581601.0,24946301142.0,305614753149.0,53339098341.0,,,,329708948041.0,163246053194.0,,252275654808.0
093050,2021,158865864141.0,54259492484.0,23580133896.0,310840897674.0,80171661718.0,,,,400536283041.0,236705490521.0,,230669235956.0
093050,2022,185160686386.0,55119302416.0,24809039804.0,160923026134.0,151083765125.0,,,,400536283041.0,265089028606.0,,9839261009.0
093050,2023,57379138443.0,61826149547.0,26682047900.0,92566721858.0,210246619021.0,,,,305154516530.0,145887335890.0,,-117679897163.0
093050,2024,126139587434.0,63905662712.0,23876410899.0,157695001305.0,165513440864.0,,,,168108285346.0,213921661045.0,,-7818439559.0
093050,2025,168111068247.0,64407046210.0,21033809591.0,270228216579.0,192132847400.0,,,,213065452502.0,253551924048.0,,78095369179.0
189300,2020,3248069243.0,,,11694897084.0,14323362478.0,36485898177.0,14314720000.0,6146028000.0,24796759201.0,3248069243.0,32149886976.0,-2628465394.0
189300,2021,2230007517.0,,,-9731417374.0,27699739806.0,61996033526.0,17767024950.0,,22538502149.0,2230007517.0,57224556327.0,-37431157180.0
189300,2022,15342554581.0,,,-26082275337.0,37658622601.0,104396945825.0,37779517202.0,,24414571347.0,15342554581.0,117761891680.0,-63740897938.0
189300,2023,10725550527.0,,,29818281841.0,16629431333.0,136823697335.0,48511443536.0,,55948737642.0,10725550527.0,129386403229.0,13188850508.0
189300,2024,-19443692778.0,,,3956964481.0,10054147275.0,72742525665.0,54051680000.0,54051680000.0,55948737642.0,-19443692778.0,124897148023.0,-6097182794.0
189300,2025,11953671226.0,,,-18239219642.0,12537300106.0,68050163470.0,40518508468.0,20000000000.0,32845847951.0,11953671226.0,95722823987.0,-30776519748.0
000670,2020,46683478556.0,,,253009737584.0,106241221539.0,624426710253.0,15288606618.0,,204493288016.0,46683478556.0,435222028855.0,146768516045.0
000670,2021,-26784314362.0,,,38078793120.0,143191859877.0,758307908100.0,36539340000.0,,204493288016.0,-26784314362.0,590353960084.0,-105113066757.0
000670,2022,68871997441.0,,,326318565208.0,319205241254.0,884214324752.0,174231910000.0,,147719133871.0,68871997441.0,910727100881.0,7113323954.0
000670,2023,-169812608768.0,,,313102618672.0,150261509278.0,557393688056.0,70000000000.0,,267016479680.0,-169812608768.0,360377208376.0,162841109394.0
000670,2024,-160701935806.0,,,-2843845363.0,105952849391.0,916414151420.0,80000000000.0,,267016479680.0,-160701935806.0,729397671740.0,-108796694754.0
000670,2025,-259688708486.0,,,47079049295.0,157813396781.0,808348223860.0,59037572000.0,,210760801204.0,-259688708486.0,656624994656.0,-110734347486.0
017940,2020,39530859081.0,118384401933.0,2777551866.0,175086208080.0,78384073830.0,2098887704547.0,22321942944.0,493788845218.0,153944384819.0,160692812880.0,2461054107890.0,96702134250.0
017940,2021,5575314498.0,108841209314.0,3726386427.0,51299645517.0,23047041586.0,2659493024626.0,411052878727.0,607114495908.0,153944384819.0,118142910239.0,3523716014442.0,28252603931.0
017940,2022,278730692433.0,109477939617.0,4186216149.0,21479810002.0,24108183073.0,4070180598837.0,407931274694.0,443071648323.0,104481999005.0,392394848199.0,4816701522849.0,-2628373071.0
017940,2023,93175065859.0,131222816104.0,5322830390.0,383350170750.0,27161638290.0,472923990472.0,18315000000.0,217480163270.0,181784017226.0,229720712353.0,526935136516.0,356188532460.0
017940,2024,217605533069.0,,,-793940664979.0,54822850817.0,5499472203493.0,712741703550.0,887925511365.0,282973416687.0,217605533069.0,6817166001721.0,-848763515796.0
017940,2025,324063026338.0,,,377806668074.0,97289620931.0,5167109866827.0,724293437022.0,677471709096.0,282973416687.0,324063026338.0,6285901596258.0,280517047143.0
006650,2020,170161246174.0,,,303203770314.0,87626469288.0,7000000000.0,48000000000.0,,249780040343.0,170161246174.0,-194780040343.0,215577301026.0
006650,2021,179414039346.0,,,309011528516.0,119667910910.0,15640000000.0,38400000000.0,,249780040343.0,179414039346.0,-195740040343.0,189343617606.0
006650,2022,-214640345650.0,,,-47969301700.0,347423910263.0,28787992863.0,39996800000.0,,241371122487.0,-214640345650.0,-172586329624.0,-395393211963.0
006650,2023,-62321327716.0,,,85542475449.0,112978595260.0,,,,39334807217.0,-62321327716.0,,-27436119811.0
006650,2024,-59892625042.0,,,133110723897.0,58688001109.0,,,,109071144396.0,-59892625042.0,,74422722788.0
006650,2025,52668902480.0,,,202790622580.0,77149138245.0,,,,151455436829.0,52668902480.0,,125641484335.0
006730,2020,-22674450439.0,18499197666.0,452194606.0,-9604569795.0,,161714646982.0,671577034801.0,,15771214099.0,-3723058167.0,817520467684.0,-9604569795.0
006730,2021,-5333099753.0,15112481395.0,489831949.0,8259563103.0,,132700000000.0,663292554840.0,,40124621163.0,10269213591.0,755867933677.0,8259563103.0
006730,2022,19185280991.0,15850450515.0,397971764.0,38689781586.0,,94000000000.0,563711361899.0,,40124621163.0,35433703270.0,617586740736.0,38689781586.0
006730,2023,37223707165.0,16060983978.0,314370110.0,49339381799.0,,26081800000.0,588803933030.0,19835937760.0,42228075537.0,53599061253.0,592493595253.0,49339381799.0
006730,2024,47986173901.0,16252518718.0,108580723.0,62886037142.0,,,878937061701.0,173008800000.0,97080597491.0,64347273342.0,954865264210.0,62886037142.0
006730,2025,116282172818.0,17038388769.0,871962417.0,106128379142.0,,9000000000.0,905129931834.0,177008800000.0,101942784570.0,134192524004.0,989195947264.0,106128379142.0
032500,2020,32661999038.0,,,120286171588.0,23369029093.0,49099513800.0,4788760679.0,44000033436.0,129756455386.0,32661999038.0,-31868147471.0,96917142495.0
032500,2021,-27882426750.0,,,47580632932.0,9526247507.0,36036483130.0,3863795408.0,22991079633.0,151943216464.0,-27882426750.0,-89051858293.0,38054385425.0
032500,2022,-44987885991.0,,,-6858034094.0,19898535713.0,36981462043.0,8560805440.0,23000000000.0,151943216464.0,-44987885991.0,-83400948981.0,-26756569807.0
032500,2023,-62858228046.0,,,-33444715148.0,20437063717.0,56519861191.0,9138159408.0,5000000000.0,107044603293.0,-62858228046.0,-36386582694.0,-53881778865.0
032500,2024,-45481033116.0,,,-27040508914.0,16514791102.0,50875091104.0,6570878208.0,16418330529.0,77196067855.0,-45481033116.0,-3331768014.0,-43555300016.0
032500,2025,-23765618321.0,,,-17041108351.0,5813125465.0,57468443866.0,3976595352.0,15159212537.0,45918260558.0,-23765618321.0,30685991197.0,-22854233816.0
041830,2020,19096757174.0,,,28500349902.0,1686363233.0,,,,16980847296.0,19096757174.0,,26813986669.0
041830,2021,35851757987.0,,,30350938961.0,11291748178.0,,,,18562427170.0,35851757987.0,,19059190783.0
041830,2022,40704069762.0,,,30418862594.0,5379750270.0,,,,21557844564.0,40704069762.0,,25039112324.0
041830,2023,38348312615.0,,,38686124129.0,7450761690.0,,,,22285959417.0,38348312615.0,,31235362439.0
041830,2024,36738754637.0,,,28575640376.0,6260574317.0,,,,31048596601.0,36738754637.0,,22315066059.0
041830,2025,36752659433.0,,,35777960281.0,6913134935.0,652800000.0,,,52371957702.0,36752659433.0,-51719157702.0,28864825346.0
025540,2020,78967747809.0,,,108196142975.0,49032793792.0,13012505904.0,8229440000.0,,87213779757.0,78967747809.0,-65971833853.0,59163349183.0
025540,2021,76226359858.0,,,29583541039.0,89188431127.0,19644185605.0,33298990000.0,,87213779757.0,76226359858.0,-34270604152.0,-59604890088.0
025540,2022,64257366734.0,,,52161490292.0,124655702290.0,68471599633.0,23255831934.0,,83341101001.0,64257366734.0,8386330566.0,-72494211998.0
025540,2023,111745138186.0,,,136272802975.0,100794359031.0,121443188735.0,17744686000.0,,97939210760.0,111745138186.0,41248663975.0,35478443944.0
025540,2024,171313335000.0,,,199373475000.0,97537750000.0,114986603000.0,14847000000.0,,169251745000.0,171313335000.0,-39418142000.0,101835725000.0
025540,2025,139253322000.0,,,219176860000.0,58057942000.0,71462020000.0,12796391000.0,,197326553000.0,139253322000.0,-113068142000.0,161118918000.0
079940,2020,28545231683.0,19669710463.0,558873394.0,50082909292.0,5165483437.0,5500000000.0,17520682420.0,,51902961714.0,48773815540.0,-28882279294.0,44917425855.0
079940,2021,33094800987.0,,,40918497641.0,14260098483.0,11100000000.0,26124827700.0,,51902961714.0,33094800987.0,-14678134014.0,26658399158.0
079940,2022,41205974132.0,,,70189934358.0,34333368968.0,11100000000.0,42437147700.0,,54876907893.0,41205974132.0,-1339760193.0,35856565390.0
079940,2023,42602627160.0,,,58194841828.0,69126965251.0,8350000000.0,73762240000.0,,78479753955.0,42602627160.0,3632486045.0,-10932123423.0
079940,2024,35109842052.0,,,68246488698.0,210426002886.0,20200980158.0,137618600000.0,11783610000.0,78479753955.0,35109842052.0,91123436203.0,-142179514188.0
293940,2020,13350362969.0,3902636975.0,,8760595991.0,,119200000000.0,838329466578.0,,11875191398.0,17252999944.0,945654275180.0,8760595991.0
293940,2021,22073213032.0,5608030945.0,,20215711466.0,,127600000000.0,1340574440109.0,,38299329326.0,27681243977.0,1429875110783.0,20215711466.0
293940,2022,26456220966.0,6547767938.0,,16728137397.0,,120500000000.0,986990563339.0,,49462117424.0,33003988904.0,1058028445915.0,16728137397.0
293940,2023,61034017901.0,6360644405.0,,6830665516.0,,-74000000000.0,1053121416225.0,,110765359580.0,67394662306.0,868356056645.0,6830665516.0
293940,2024,33777395713.0,6572613189.0,,11428618241.0,,71500000000.0,1150561916743.0,,102037838124.0,40350008902.0,1120024078619.0,11428618241.0
293940,2025,51085925770.0,8291214266.0,,22440241530.0,,72000000000.0,1142157989321.0,918412686107.0,98997740432.0,59377140036.0,2033572934996.0,22440241530.0
005690,2020,7233378525.0,,,8978054533.0,559190307.0,,3000000000.0,,20938947506.0,7233378525.0,-17938947506.0,8418864226.0
005690,2021,7610616568.0,,,-5222199635.0,4303696127.0,,,21885896760.0,26211422208.0,7610616568.0,-4325525448.0,-9525895762.0
005690,2022,8873366509.0,,,7914448210.0,18948532176.0,,,16680482547.0,26211422208.0,8873366509.0,-9530939661.0,-11034083966.0
005690,2023,1295996455.0,,,12940357785.0,6496343145.0,,,-18395454545.0,14358779865.0,1295996455.0,-32754234410.0,6444014640.0
005690,2024,4655636703.0,,,3498232895.0,4278211481.0,,,-2904545455.0,13724086519.0,4655636703.0,-16628631974.0,-779978586.0
005690,2025,34304034471.0,,,41054698193.0,7453097928.0,6000000000.0,8000000000.0,,28852559418.0,34304034471.0,-14852559418.0,33601600265.0
036830,2020,16575356469.0,,,70870288619.0,94818093876.0,,,,346352700901.0,16575356469.0,,-23947805257.0
036830,2021,54441548055.0,,,4489619111.0,22584533386.0,146290923175.0,107604078401.0,,153787656308.0,54441548055.0,100107345268.0,-18094914275.0
036830,2022,73497317893.0,,,-5340130074.0,43579349396.0,,,678134102.0,153787656308.0,73497317893.0,-153109522206.0,-48919479470.0
036830,2023,120961316226.0,,,99474195816.0,131562730520.0,,,,124004387705.0,120961316226.0,,-32088534704.0
036830,2024,85313447432.0,,,85127742515.0,89216350066.0,,1000000000.0,8799300274.0,130790014699.0,85313447432.0,-120990714425.0,-4088607551.0
036830,2025,445245906229.0,,,46552322856.0,33300415698.0,,2200000000.0,204824724708.0,217639195435.0,445245906229.0,-10614470727.0,13251907158.0
001570,2020,6006943032.0,,,-507536449.0,5003069315.0,47121782413.0,1000000000.0,33659430000.0,29324015259.0,6006943032.0,52457197154.0,-5510605764.0
001570,2021,12135981942.0,,,-39808115503.0,22472659340.0,57435836198.0,9950000000.0,32907300000.0,36098364982.0,12135981942.0,64194771216.0,-62280774843.0
001570,2022,-33310343621.0,,,45999421322.0,62649889035.0,47651639800.0,11739540000.0,37101410630.0,36098364982.0,-33310343621.0,60394225448.0,-16650467713.0
001570,2023,-60356260825.0,,,14930707843.0,187989566383.0,266142350310.0,19231124000.0,25977869385.0,56301939608.0,-60356260825.0,255049404087.0,-173058858540.0
001570,2024,-186089905780.0,,,-20344818738.0,446219304284.0,279657449186.0,28393540000.0,26000000000.0,56301939608.0,-186089905780.0,277749049578.0,-466564123022.0
001570,2025,-69041847124.0,,,-43201410312.0,13661620314.0,176017962990.0,73580755342.0,17890390030.0,19955152951.0,-69041847124.0,247533955411.0,-56863030626.0
108320,2020,94226639156.0,,,82955981196.0,17272943553.0,,,,109686194681.0,94226639156.0,,65683037643.0
108320,2021,369621952134.0,,,421502665587.0,31025024629.0,,,,135613700789.0,369621952134.0,,390477640958.0
108320,2022,310623962750.0,,,-81731299021.0,59871816458.0,,,,188365134297.0,310623962750.0,,-141603115479.0
108320,2023,129035656339.0,,,102405033951.0,32926692756.0,,,,188365134297.0,129035656339.0,,69478341195.0
108320,2024,167076803816.0,,,168867504547.0,23079612443.0,,,,238812527045.0,167076803816.0,,145787892104.0
108320,2025,108856055553.0,,,137086532839.0,19613805325.0,,,,238812527045.0,108856055553.0,,117472727514.0
023160,2020,-3113244031.0,,,48126102857.0,18464535893.0,10000000000.0,,,54833455518.0,-3113244031.0,-44833455518.0,29661566964.0
023160,2021,13530787202.0,,,41256481575.0,13898169463.0,10000000000.0,,,54833455518.0,13530787202.0,-44833455518.0,27358312112.0
023160,2022,45350048019.0,,,46306029901.0,7146032188.0,-1199877381.0,5000000000.0,,47228299479.0,45350048019.0,-43428176860.0,39159997713.0
023160,2023,57724095747.0,,,54335483554.0,20208786191.0,1797300000.0,,,47228299479.0,57724095747.0,-45430999479.0,34126697363.0
023160,2024,39872964654.0,,,59235037820.0,13291726906.0,0.0,110810161.0,,32062219620.0,39872964654.0,-31951409459.0,45943310914.0
023160,2025,38734846446.0,,,19365684614.0,14350163094.0,0.0,0.0,,35596044294.0,38734846446.0,,5015521520.0
069260,2020,95247595160.0,29724685064.0,57611017.0,90693584321.0,20813307891.0,115317103602.0,,35790876000.0,28839800631.0,125029891241.0,122268178971.0,69880276430.0
069260,2021,93395046788.0,28505079288.0,66550400.0,83804209157.0,24932600156.0,46090483018.0,12000000000.0,0.0,28839800631.0,121966676476.0,29250682387.0,58871609001.0
069260,2022,117135007140.0,25535610463.0,391417284.0,44370414983.0,91506313194.0,171682070890.0,15000000000.0,50000000000.0,36640150943.0,143062034887.0,200041919947.0,-47135898211.0
069260,2023,121230241143.0,23101606414.0,152689864.0,221565665757.0,114138438406.0,312805668792.0,15000000000.0,0.0,69585866989.0,144484537421.0,258219801803.0,107427227351.0
069260,2024,80802440875.0,44210593861.0,696067381.0,79256942726.0,32361650187.0,113831296531.0,17691980000.0,0.0,69585866989.0,125709102117.0,61937409542.0,46895292539.0
102710,2020,68167276315.0,,,74018479528.0,85639768395.0,66240900000.0,23253884077.0,,47303097870.0,68167276315.0,42191686207.0,-11621288867.0
102710,2021,26004269421.0,,,14741468172.0,65313661208.0,91642500000.0,35622250000.0,,47303097871.0,26004269421.0,79961652129.0,-50572193036.0
102710,2022,64645433271.0,,,60877072895.0,52646072899.0,83908294310.0,57281211295.0,,59803719695.0,64645433271.0,81385785910.0,8230999996.0
102710,2023,24700466058.0,,,51774962251.0,107019078007.0,60466061167.0,47693635000.0,,59803719695.0,24700466058.0,48355976472.0,-55244115756.0
102710,2024,59332428655.0,,,107853954002.0,86610317730.0,66995720000.0,24031026594.0,178908153714.0,46376680953.0,59332428655.0,223558219355.0,21243636272.0
006380,2020,,,,,18316327862.0,15000000000.0,14000000000.0,,78055497126.0,,-49055497126.0,
006380,2021,3603080373.0,,,,8777284866.0,20000000000.0,43693958362.0,43693958362.0,44638166899.0,3603080373.0,62749749825.0,
006380,2022,-122282523566.0,,,,5175997187.0,10000000000.0,64977285900.0,64977285900.0,44638166899.0,-122282523566.0,95316404901.0,
006380,2023,-39471837760.0,,,,442566967.0,8300000000.0,0.0,0.0,19639940056.0,-39471837760.0,-11339940056.0,
006380,2024,-32385863735.0,,,,1101000000.0,8767488085.0,102705052578.0,102705052578.0,25669135668.0,-32385863735.0,188508457573.0,
006380,2025,-29078038223.0,,,-28030501575.0,24497116319.0,15000000000.0,103351649235.0,103351649235.0,25669135668.0,-29078038223.0,196034162802.0,-52527617894.0
253450,2020,49117055975.0,2045964119.0,113315887879.0,5210495083.0,7185501286.0,,,0.0,59833972851.0,164478907973.0,-59833972851.0,-1975006203.0
253450,2021,52576803933.0,2666312049.0,95267291021.0,-8375258954.0,2329360863.0,50000000000.0,,,64613454283.0,150510407003.0,-14613454283.0,-10704619817.0
253450,2022,65219473466.0,2182020023.0,149969281817.0,-62911673466.0,4485783780.0,250000000000.0,800000000.0,,123683665358.0,217370775306.0,127116334642.0,-67397457246.0
253450,2023,55871055692.0,,,44744697167.0,2862412910.0,170000000000.0,0.0,,158381170621.0,55871055692.0,11618829379.0,41882284257.0
253450,2024,36393818100.0,,,179617417522.0,1134803427.0,220000000000.0,0.0,,178151285208.0,36393818100.0,41848714792.0,178482614095.0
253450,2025,30359009641.0,,,-9806949401.0,1041704819.0,47500000000.0,,,178151285208.0,30359009641.0,-130651285208.0,-10848654220.0
005180,2020,39847416288.0,,,71577349691.0,48408660293.0,5806505307.0,,,82183109180.0,39847416288.0,-76376603873.0,23168689398.0
005180,2021,26243919355.0,,,55501380380.0,56991119425.0,5151037308.0,,,95850338594.0,26243919355.0,-90699301286.0,-1489739045.0
005180,2022,39407655268.0,,,-11243839111.0,28008793757.0,9915754357.0,,,95850338594.0,39407655268.0,-85934584237.0,-39252632868.0
005180,2023,112245218200.0,,,156722356395.0,84687122119.0,5000000000.0,11370000000.0,,147882423983.0,112245218200.0,-131512423983.0,72035234276.0
005180,2024,131275792188.0,,,147135049498.0,88551105765.0,55000000000.0,7000000000.0,,175248227981.0,131275792188.0,-113248227981.0,58583943733.0
005180,2025,88357009701.0,,,114316008931.0,51141932046.0,67879039983.0,4370000000.0,69803993517.0,175248227981.0,88357009701.0,-33195194481.0,63174076885.0
001680,2020,174391508086.0,,,121067525176.0,,675641854023.0,-70009258000.0,389179193827.0,506539343103.0,174391508086.0,488272446747.0,121067525176.0
001680,2021,153245195127.0,,,58662398322.0,,677450865451.0,53058569090.0,409039595672.0,586321630823.0,153245195127.0,553227399390.0,58662398322.0
001680,2022,139998990821.0,,,-90934880148.0,,976946927626.0,179229499647.0,528825447517.0,586321630823.0,139998990821.0,1098680243967.0,-90934880148.0
001680,2023,123716647215.0,,,374839864101.0,180359829968.0,643068981146.0,166459357515.0,588865532640.0,742445231766.0,123716647215.0,655948639535.0,194480034133.0
001680,2024,176941145485.0,,,187744112171.0,,518848750456.0,244698401651.0,469199319131.0,742445231766.0,176941145485.0,490301239472.0,187744112171.0
001680,2025,169282317428.0,,,188141306085.0,,536914281532.0,185693797609.0,469150563107.0,672768795469.0,169282317428.0,518989846779.0,188141306085.0
161580,2020,1794118956.0,,,41507582826.0,32830682454.0,40600000000.0,32500000000.0,25217123289.0,80035674775.0,1794118956.0,18281448514.0,8676900372.0
161580,2021,-10525310027.0,,,-67705504482.0,22547158324.0,19000000000.0,30125000000.0,17790876147.0,80035674775.0,-10525310027.0,-13119798628.0,-90252662806.0
161580,2022,18085152488.0,,,-28725534420.0,7880958288.0,66000000000.0,14875000000.0,16671024180.0,30040039670.0,18085152488.0,67505984510.0,-36606492708.0
161580,2023,10265296884.0,,,111093907453.0,28797983153.0,50100000000.0,10673200000.0,13177084174.0,147658542931.0,10265296884.0,-73708258757.0,82295924300.0
161580,2024,13796035047.0,,,-39394562544.0,11500649037.0,54000000000.0,6000000000.0,453896436.0,147658542931.0,13796035047.0,-87204646495.0,-50895211581.0
161580,2025,-34892060535.0,,,9523880996.0,13547785414.0,69000000000.0,20097350000.0,,113873986608.0,-34892060535.0,-24776636608.0,-4023904418.0
094170,2020,2323651138.0,,,-9255389764.0,261773486.0,11680000000.0,4000000000.0,13000000000.0,13269033881.0,2323651138.0,15410966119.0,-9517163250.0
094170,2021,-15794804610.0,,,-9445619834.0,962987347.0,11598095127.0,2000000000.0,8862621482.0,13269033881.0,-15794804610.0,9191682728.0,-10408607181.0
094170,2022,-6259568862.0,,,575636963.0,833490809.0,8282749228.0,1766520000.0,8200000000.0,9996703305.0,-6259568862.0,8252565923.0,-257853846.0
094170,2023,25107570805.0,,,23573018605.0,1088112802.0,6782749228.0,3316600010.0,5999544580.0,20595205041.0,25107570805.0,-4496311223.0,22484905803.0
094170,2024,17468001192.0,,,,1135599577.0,5500000000.0,1550000018.0,900234589.0,46954770745.0,17468001192.0,-39004536138.0,
094170,2025,2418553415.0,,,,894479578.0,9000000000.0,9000000000.0,98107146.0,46954770745.0,2418553415.0,-28856663599.0,
317450,2025,92498324556.0,,,81561053982.0,30038765734.0,,,,32896877262.0,92498324556.0,,51522288248.0
383800,2021,147184000000.0,1235000000.0,,-22742000000.0,,,,,172814000000.0,148419000000.0,,-22742000000.0
383800,2022,158908000000.0,5518000000.0,,71830000000.0,,,,,135711000000.0,164426000000.0,,71830000000.0
383800,2023,73176000000.0,3876000000.0,,88474000000.0,,,,,185550000000.0,77052000000.0,,88474000000.0
383800,2024,156017000000.0,3252000000.0,,35184000000.0,,,,,274739000000.0,159269000000.0,,35184000000.0
383800,2025,133398000000.0,3467000000.0,,76180000000.0,,100000000000.0,40000000000.0,159544000000.0,274739000000.0,136865000000.0,24805000000.0,76180000000.0
005880,2020,145937798507.0,,,259098856857.0,387256299562.0,466980933324.0,1659574673566.0,241000000000.0,99674433352.0,145937798507.0,2267881173538.0,-128157442705.0
005880,2021,203921089342.0,,,319723281927.0,165059988644.0,219413447508.0,1704717976341.0,323200000000.0,100643600764.0,203921089342.0,2146687823085.0,154663293283.0
005880,2022,267671830651.0,,,392283807646.0,546172261931.0,393774476720.0,1768811532347.0,4600000000.0,100643600764.0,267671830651.0,2066542408303.0,-153888454285.0
005880,2023,249957270562.0,,,419304310607.0,433523867646.0,372763931413.0,1641575587119.0,38000000000.0,109773639676.0,249957270562.0,1942565878856.0,-14219557039.0
005880,2024,328635127660.0,,,567224210240.0,48504995858.0,269608825330.0,1437614133225.0,100000000000.0,259800586297.0,328635127660.0,1547422372258.0,518719214382.0
005880,2025,207164410184.0,,,442588577067.0,148830911681.0,,1266002444865.0,60000000000.0,350600017987.0,207164410184.0,975402426878.0,293757665386.0
453340,2023,64841641000.0,,,101571267000.0,40774777000.0,32580000000.0,,,37012097000.0,64841641000.0,-4432097000.0,60796490000.0
453340,2024,96676372000.0,,,131889456000.0,26600889000.0,244500000000.0,,,57734614000.0,96676372000.0,186765386000.0,105288567000.0
453340,2025,106794924000.0,,,82423220000.0,30967418000.0,492464768000.0,,,57734613000.0,106794924000.0,434730155000.0,51455802000.0
466100,2024,-7490868842.0,,,-7518329810.0,507660254.0,,,,9342032435.0,-7490868842.0,,-8025990064.0
466100,2025,-3180595266.0,,,-2901172959.0,295964332.0,,,,13177362003.0,-3180595266.0,,-3197137291.0
053800,2020,19977448622.0,,,37458198833.0,5152389971.0,1000000000.0,200000000.0,,24436824975.0,19977448622.0,-23236824975.0,32305808862.0
053800,2021,22930036754.0,,,31852133885.0,5113316822.0,1329994612.0,200000000.0,,35323347061.0,22930036754.0,-33793352449.0,26738817063.0
053800,2022,26987237453.0,,,33519259545.0,3962023641.0,0.0,0.0,,36692072311.0,26987237453.0,,29557235904.0
053800,2023,26422531585.0,,,39098867969.0,6574279312.0,0.0,0.0,,36692072311.0,26422531585.0,,32524588657.0
053800,2024,27682476881.0,,,31357699784.0,4869041878.0,250000000.0,850000000.0,,54536635648.0,27682476881.0,-53436635648.0,26488657906.0
053800,2025,33276653034.0,,,64201454965.0,3257328876.0,210000000.0,0.0,,67126196416.0,33276653034.0,-66916196416.0,60944126089.0
268280,2020,49208180724.0,103453460803.0,228608921.0,70382676860.0,20554187463.0,539514672.0,8264000000.0,,79922337321.0,152890250448.0,-71118822649.0,49828489397.0
268280,2021,95032118064.0,115943547665.0,228833042.0,32444505602.0,45605110419.0,24442457768.0,7183260000.0,,79922337321.0,211204498771.0,-48296619553.0,-13160604817.0
268280,2022,80853449953.0,130348448107.0,228804204.0,39429185319.0,50584638241.0,36407870130.0,0.0,,60537949145.0,211430702264.0,-24130079015.0,-11155452922.0
268280,2023,22527162446.0,151991504267.0,68001204.0,109213530735.0,25347451404.0,32072118002.0,0.0,,99334809610.0,174586667917.0,-67262691608.0,83866079331.0
268280,2024,58767118333.0,172266577268.0,1604204.0,53958881515.0,19697850564.0,34817792548.0,0.0,,99334809610.0,231035299805.0,-64517017062.0,34261030951.0
268280,2025,65482438995.0,190912492099.0,968619.0,76518495728.0,45120323985.0,34836825379.0,0.0,,68625722759.0,256395899713.0,-33788897380.0,31398171743.0
048410,2020,-8259902290.0,,,7501969098.0,204154246.0,6400000000.0,1000000000.0,32000000000.0,19215105650.0,-8259902290.0,20184894350.0,7297814852.0
048410,2021,-9770057431.0,,,-538477007.0,521836358.0,6400000000.0,111080000.0,26859809694.0,19215105650.0,-9770057431.0,14155784044.0,-1060313365.0
048410,2022,-26354165991.0,,,-16543513766.0,839864909.0,5900000000.0,0.0,8924568891.0,9188836064.0,-26354165991.0,5635732827.0,-17383378675.0
048410,2023,-9785148630.0,,,-6008318920.0,461195000.0,5400000000.0,0.0,0.0,2732424702.0,-9785148630.0,2667575298.0,-6469513920.0
048410,2024,790972784.0,,,2257053807.0,55284639.0,5000000000.0,,20832375965.0,3656601916.0,790972784.0,22175774049.0,2201769168.0
048410,2025,-22108401895.0,,,-17049918860.0,416136404.0,5000000000.0,,18972225000.0,22337858879.0,-22108401895.0,1634366121.0,-17466055264.0
002840,2020,51848333045.0,101354632506.0,0.0,55108787536.0,42700062581.0,142443564615.0,,,22220931227.0,153202965551.0,120222633388.0,12408724955.0
002840,2021,57743051692.0,120554870544.0,2306640.0,55077945883.0,28837381716.0,2096466094.0,,,22220931227.0,178300228876.0,-20124465133.0,26240564167.0
002840,2022,77015585495.0,142740096977.0,2767968.0,70782804489.0,41409240324.0,104273848005.0,,,25264164884.0,219758450440.0,79009683121.0,29373564165.0
002840,2023,67238827320.0,166785152636.0,5587598.0,97568598819.0,59907968454.0,1103848005.0,,,37421709122.0,234029567554.0,-36317861117.0,37660630365.0
002840,2024,59945950557.0,194013655917.0,5243617.0,79544950176.0,49564993522.0,699188098.0,,,37421709122.0,253964850091.0,-36722521024.0,29979956654.0
002840,2025,43607590772.0,,,68590111022.0,49119677627.0,4116467333.0,,,35326511502.0,43607590772.0,-31210044169.0,19470433395.0
090360,2020,-11961704925.0,,,-3432000192.0,,509999487.0,749900000.0,,24869751780.0,-11961704925.0,-23609852293.0,-3432000192.0
090360,2021,2546102723.0,,,-5099257833.0,,762808255.0,149980000.0,,18917623643.0,2546102723.0,-18004835388.0,-5099257833.0
090360,2022,3281878090.0,,,701368476.0,,1841630400.0,,,18917623643.0,3281878090.0,-17075993243.0,701368476.0
090360,2023,1135968686.0,,,7324098853.0,,1342627887.0,,,23404128308.0,1135968686.0,-22061500421.0,7324098853.0
090360,2024,148546186.0,,,8863556695.0,101640000.0,82283514.0,,,31936901501.0,148546186.0,-31854617987.0,8761916695.0
090360,2025,-5660781243.0,,,55687262.0,-328402000.0,-6019160.0,,,31936901501.0,-5660781243.0,-31942920661.0,-272714738.0
171090,2020,3677986506.0,,,13077767807.0,5386718733.0,4900000000.0,456000000.0,,15619816492.0,3677986506.0,-10263816492.0,7691049074.0
171090,2021,-7116042001.0,,,-10788745824.0,2592140948.0,1456000000.0,0.0,,6951189405.0,-7116042001.0,-5495189405.0,-13380886772.0
171090,2022,4434988604.0,,,-12380459622.0,1745729356.0,26873047170.0,0.0,,29471050158.0,4434988604.0,-2598002988.0,-14126188978.0
171090,2023,-4057386187.0,,,5575203307.0,1676461068.0,4556000000.0,,,32418652206.0,-4057386187.0,-27862652206.0,3898742239.0
171090,2024,7906583113.0,,,-33998696567.0,15222788662.0,36550000000.0,,42000000000.0,56852013679.0,7906583113.0,21697986321.0,-49221485229.0
171090,2025,111525548096.0,,,97303264538.0,25393715795.0,37350000000.0,25200000000.0,24391590637.0,149747229475.0,111525548096.0,-62805638838.0,71909548743.0
114090,2020,-88810804534.0,15227262861.0,23127409528.0,-138976154809.0,6210844318.0,,500000000.0,,132159484448.0,-50456132145.0,-131659484448.0,-145186999127.0
114090,2021,-145828746668.0,13169852886.0,22762404407.0,-128217468871.0,1238866495.0,,166666656.0,,101886370642.0,-109896489375.0,-101719703986.0,-129456335366.0
114090,2022,-13917278200.0,10180200028.0,22408741819.0,45767552750.0,18514850954.0,,166666656.0,,170982650226.0,18671663647.0,-170815983570.0,27252701796.0
114090,2023,51017881015.0,8808985777.0,21406957331.0,84863263725.0,15496310353.0,,27777776.0,,185666101766.0,81233824123.0,-185638323990.0,69366953372.0
114090,2024,38324545939.0,8801241686.0,22811643638.0,71742121189.0,5247670508.0,,,,185666101766.0,69937431263.0,,66494450681.0
114090,2025,52644453601.0,23493197490.0,281390656.0,104661991247.0,8504938981.0,,0.0,,213092869283.0,76419041747.0,,96157052266.0
052400,2020,19014695497.0,,,419728700112.0,2697531573.0,36020000000.0,,,533687102917.0,19014695497.0,-497667102917.0,417031168539.0
052400,2021,48150048696.0,,,350421521987.0,3295984667.0,34575374810.0,,,884653758149.0,48150048696.0,-850078383339.0,347125537320.0
052400,2022,48834313273.0,,,-684680357492.0,8761931705.0,21500000000.0,,,884653758149.0,48834313273.0,-863153758149.0,-693442289197.0
052400,2023,33683780235.0,,,19984018146.0,29925437516.0,37419163489.0,,,155180024417.0,33683780235.0,-117760860928.0,-9941419370.0
052400,2024,33414413652.0,,,32930416590.0,18768291711.0,41569639430.0,528333344.0,,149834695923.0,33414413652.0,-107736723149.0,14162124879.0
052400,2025,88899374736.0,,,152370530738.0,23327274944.0,39569006603.0,260000000.0,,241128404564.0,88899374736.0,-201299397961.0,129043255794.0
397030,2022,-11474306802.0,,,-6703936212.0,,,,,24377414830.0,-11474306802.0,,-6703936212.0
397030,2023,-13387937231.0,,,-10058622567.0,,,,14847792160.0,7284498362.0,-13387937231.0,7563293798.0,-10058622567.0
397030,2024,16869084717.0,,,21959666671.0,,,,10010368782.0,6587174032.0,16869084717.0,3423194750.0,21959666671.0
397030,2025,-7263930208.0,,,-3342358419.0,,,,12071943331.0,7073421210.0,-7263930208.0,4998522121.0,-3342358419.0
014820,2020,97672315873.0,49268339673.0,5239937208.0,133565498162.0,120471907831.0,99000000000.0,80000000000.0,129747980090.0,55452109846.0,152180592754.0,253295870244.0,13093590331.0
014820,2021,89997435703.0,61268165912.0,5263505866.0,85301677323.0,76150117140.0,185502804547.0,147166300000.0,129596711440.0,74033300755.0,156529107481.0,388232515232.0,9151560183.0
014820,2022,91839427774.0,70422527373.0,5868948119.0,214671434652.0,97652948797.0,221796425700.0,145336500000.0,129719974902.0,74033300755.0,168130903266.0,422819599847.0,117018485855.0
014820,2023,80851256459.0,70517854833.0,6053395312.0,214451606942.0,141974944752.0,159000000000.0,136447000000.0,129644134726.0,77908425701.0,157422506604.0,347182709025.0,72476662190.0
014820,2024,91904557765.0,81296935381.0,5962823252.0,155548187296.0,75724704798.0,150000000000.0,60000000000.0,224503357515.0,132235277138.0,179164316398.0,302268080377.0,79823482498.0
014820,2025,66155675299.0,83375976788.0,5579328789.0,138668647854.0,68670876412.0,120000000000.0,60000000000.0,149895273868.0,158748112816.0,155110980876.0,171147161052.0,69997771442.0
225570,2020,25510968159.0,,,22655236729.0,426490832.0,,,0.0,18909488405.0,25510968159.0,-18909488405.0,22228745897.0
225570,2021,-3973508109.0,,,28763199832.0,902752883.0,,,,58719357453.0,-3973508109.0,,27860446949.0
225570,2022,5155194997.0,,,29069014601.0,930596101.0,,,,114891700915.0,5155194997.0,,28138418500.0
225570,2023,12013961586.0,,,36860173894.0,3771002713.0,,,,114891700915.0,12013961586.0,,33089171181.0
225570,2024,38733545039.0,,,66513737351.0,6311994716.0,,,,111473593624.0,38733545039.0,,60201742635.0
225570,2025,-60239594834.0,,,-42651279687.0,3491479914.0,,,,59728177598.0,-60239594834.0,,-46142759601.0
053610,2020,15395009805.0,2144689884.0,259615996.0,11029272345.0,252476099.0,4933936800.0,0.0,,71317717232.0,17799315685.0,-66383780432.0,10776796246.0
053610,2021,50332600007.0,2129068668.0,214463885.0,19814934159.0,3949512182.0,4636080000.0,,,54529883567.0,52676132560.0,-49893803567.0,15865421977.0
053610,2022,60067389685.0,2178392502.0,209749638.0,46846584183.0,4055336057.0,9100809224.0,1501437.0,,60569876502.0,62455531825.0,-51467565841.0,42791248126.0
053610,2023,17432961864.0,6787355780.0,808515657.0,25923735944.0,7922698893.0,16010778696.0,4500000000.0,,81854834916.0,25028833301.0,-61344056220.0,18001037051.0
053610,2024,13443340756.0,7811131048.0,820724719.0,19066041089.0,5589715068.0,13443344077.0,6762000000.0,,81854834916.0,22075196523.0,-61649490839.0,13476326021.0
010780,2020,209023343475.0,,,-114413870561.0,19759503268.0,308734251009.0,938384775934.0,124000000000.0,384177226205.0,209023343475.0,986941800738.0,-134173373829.0
010780,2021,310765130275.0,,,224248467500.0,36460564542.0,315920642149.0,576643170464.0,170000000000.0,384177226205.0,310765130275.0,678386586408.0,187787902958.0
010780,2022,345076330100.0,,,428524831189.0,76876956080.0,616235746410.0,655924221116.0,145000000000.0,411849345699.0,345076330100.0,1005310621827.0,351647875109.0
010780,2023,340521475822.0,,,128463314969.0,68187708255.0,389512249375.0,687426519936.0,252495742467.0,641080181424.0,340521475822.0,688354330354.0,60275606714.0
010780,2024,169672413030.0,,,-130876724692.0,52005718321.0,540350268541.0,541335055136.0,214100000000.0,641080181424.0,169672413030.0,654705142253.0,-182882443013.0
003620,2020,-449388656761.0,,,53314136786.0,70973764289.0,314999837538.0,39999999979.0,,185963321335.0,-449388656761.0,169036516182.0,-17659627503.0
003620,2021,-261260796567.0,,,14922105563.0,95996079957.0,314998020934.0,39999999979.0,,185963321335.0,-261260796567.0,169034699578.0,-81073974394.0
003620,2022,-111950027111.0,,,-251298975606.0,90378828927.0,,,,104961805694.0,-111950027111.0,,-341677804533.0
003620,2023,12547597407.0,,,11109662443.0,110076994930.0,45258031822.0,,150500000000.0,104961805694.0,12547597407.0,90796226128.0,-98967332487.0
003620,2024,1432909587.0,,,131816311701.0,222640824325.0,139821246026.0,,126831352379.0,92581362349.0,1432909587.0,174071236056.0,-90824512624.0
003620,2025,36155571131.0,,,117292411520.0,160747394605.0,300203278319.0,140000000000.0,133913073710.0,92581362349.0,36155571131.0,481534989680.0,-43454983085.0
460930,2023,14463678384.0,,,17041349001.0,14135794113.0,113743589738.0,35507692272.0,,6483606643.0,14463678384.0,142767675367.0,2905554888.0
460930,2024,21548671011.0,,,31377781030.0,11064278017.0,18533333321.0,29930769204.0,29930769204.0,36765381329.0,21548671011.0,41629490400.0,20313503013.0
460930,2025,28763604615.0,,,37017783442.0,11418393242.0,10626923068.0,6600000000.0,19410346136.0,36765381329.0,28763604615.0,-128112125.0,25599390200.0
490470,2025,-53394038561.0,,,-8880636884.0,2153792776.0,10000000000.0,377774000.0,10266664000.0,79394698558.0,-53394038561.0,-58750260558.0,-11034429660.0
000640,2020,50609922157.0,,,84572091360.0,51927692220.0,146185779852.0,25500000000.0,51846680000.0,88771246408.0,50609922157.0,134761213444.0,32644399140.0
000640,2021,61564188030.0,,,131087231089.0,70062555585.0,116788000000.0,113600000000.0,,99634591419.0,61564188030.0,130753408581.0,61024675504.0
000640,2022,37854827137.0,,,75874278319.0,56522924374.0,152513500000.0,52708522357.0,83122450860.0,99634591419.0,37854827137.0,188709881798.0,19351353945.0
000640,2023,76881723048.0,,,158697909566.0,150104951725.0,268100000000.0,112285701108.0,52000000000.0,119858545650.0,76881723048.0,312527155458.0,8592957841.0
000640,2024,82094664924.0,,,82994953702.0,49564670319.0,277956523289.0,138437300000.0,0.0,119858545650.0,82094664924.0,296535277639.0,33430283383.0
000640,2025,97772974663.0,,,227391724773.0,49261493062.0,416871623341.0,99000000000.0,,122563865444.0,97772974663.0,393307757897.0,178130231711.0
001060,2020,-1322981932.0,,,63054366969.0,12387154179.0,142087497618.0,-7250000000.0,70000000000.0,41864251555.0,-1322981932.0,162973246063.0,50667212790.0
001060,2021,31199849285.0,,,18123982168.0,7466850373.0,75322816790.0,4295700000.0,56000000000.0,33366477194.0,31199849285.0,102252039596.0,10657131795.0
001060,2022,62960870729.0,,,56764438565.0,9919427330.0,147004403170.0,,30000000000.0,33897925036.0,62960870729.0,143106478134.0,46845011235.0
001060,2023,100303770111.0,,,87157236381.0,27285983164.0,227875627380.0,34666320000.0,115200000000.0,33897925036.0,100303770111.0,343844022344.0,59871253217.0
001060,2024,82488136816.0,,,79391872387.0,8313026881.0,146304535079.0,30000000000.0,25500000000.0,15908868301.0,82488136816.0,185895666778.0,71078845506.0
001060,2025,94460987932.0,,,96396462541.0,11771958671.0,67497773273.0,0.0,13000000000.0,39232537858.0,94460987932.0,41265235415.0,84624503870.0
100840,2020,23125971231.0,,,70341150830.0,1663736200.0,,,,67800801700.0,23125971231.0,,68677414630.0
100840,2021,13280960143.0,,,29859821491.0,1426199950.0,,,,88663371439.0,13280960143.0,,28433621541.0
100840,2022,3561445020.0,,,28910380084.0,1970298832.0,,50000000000.0,,97715163814.0,3561445020.0,-47715163814.0,26940081252.0
100840,2023,20777120986.0,,,3280031940.0,1731464005.0,,30000000000.0,,97715163814.0,20777120986.0,-67715163814.0,1548567935.0
100840,2024,22239479490.0,,,11405846779.0,4804801197.0,,20000000000.0,,70430089123.0,22239479490.0,-50430089123.0,6601045582.0
100840,2025,111313927765.0,,,102991073815.0,6526676175.0,,0.0,,89771225887.0,111313927765.0,,96464397640.0
003160,2020,5521898717.0,,,10844584607.0,12599691278.0,29499668000.0,20578646370.0,,35751580778.0,5521898717.0,14326733592.0,-1755106671.0
003160,2021,16476140212.0,,,-8022787418.0,4387166554.0,26280480000.0,18585168451.0,,35751580778.0,16476140212.0,9114067673.0,-12409953972.0
003160,2022,11153444246.0,,,16725798388.0,5528314191.0,29200000000.0,27465555562.0,,36156203985.0,11153444246.0,20509351577.0,11197484197.0
003160,2023,6139629128.0,,,14884067925.0,2876577502.0,39500000000.0,23929841281.0,,47312346616.0,6139629128.0,16117494665.0,12007490423.0
003160,2024,3081395875.0,,,-14926104193.0,7104312321.0,34387296000.0,22127125203.0,19989680000.0,47312346616.0,3081395875.0,29191754587.0,-22030416514.0
003160,2025,36508298757.0,,,49033956684.0,35762367849.0,,30654250400.0,64450637016.0,107118966351.0,36508298757.0,-12014078935.0,13271588835.0
050890,2020,-16928395682.0,5302337122.0,1639762394.0,-5779529704.0,2324639544.0,51511060415.0,15000000000.0,10298829011.0,58939476764.0,-9986296166.0,17870412662.0,-8104169248.0
050890,2021,25222744031.0,4691577602.0,2045283842.0,-34009296816.0,11706694249.0,69754528605.0,6890000000.0,715397348.0,58939476764.0,31959605475.0,18420449189.0,-45715991065.0
050890,2022,29841317960.0,5506229008.0,4310073779.0,15117566371.0,3062771024.0,84865683280.0,5690000000.0,1200000000.0,72108524964.0,39657620747.0,19647158316.0,12054795347.0
050890,2023,40881471295.0,5859528892.0,4263351152.0,54821123399.0,4620411934.0,78676602848.0,25600000000.0,0.0,72108524964.0,51004351339.0,32168077884.0,50200711465.0
050890,2024,46231742841.0,6087168886.0,2849166216.0,56907888035.0,6576551566.0,99104010728.0,22000000000.0,,100623827076.0,55168077943.0,20480183652.0,50331336469.0
050890,2025,33282673656.0,7010733973.0,969398624.0,22837487502.0,6576042560.0,99023500000.0,0.0,0.0,100623827076.0,41262806253.0,-1600327076.0,16261444942.0
001270,2023,69108709126.0,,,,764038625.0,,,10444920678348.0,198540252790.0,69108709126.0,10246380425558.0,
001270,2024,36674404410.0,,,,1697266910.0,,,11781000000000.0,174382310647.0,36674404410.0,11606617689353.0,
001270,2025,56777193314.0,,,,1353587400.0,,,13151100000000.0,204775556548.0,56777193314.0,12946324443452.0,
037460,2020,48076868860.0,,,17110882268.0,3677345653.0,83661173679.0,30200000000.0,21323204862.0,65448927374.0,48076868860.0,69735451167.0,13433536615.0
037460,2021,93143552951.0,,,195828525274.0,4349322220.0,524654936937.0,30250000000.0,21575974490.0,76485252625.0,93143552951.0,499995658802.0,191479203054.0
037460,2022,88492683439.0,,,29505883302.0,34426401203.0,715595065729.0,8240000000.0,0.0,76485252625.0,88492683439.0,647349813104.0,-4920517901.0
037460,2023,78343445249.0,,,184508891719.0,13847034934.0,880031574803.0,2910000000.0,0.0,137112208976.0,78343445249.0,745829365827.0,170661856785.0
037460,2024,115613198250.0,,,-109951615123.0,11859389343.0,1413158586227.0,30300000000.0,,158761716754.0,115613198250.0,1284696869473.0,-121811004466.0
037460,2025,162447915281.0,,,-140763325922.0,17452728208.0,2669043704637.0,3700000000.0,,159266738331.0,162447915281.0,2513476966306.0,-158216054130.0
251970,2020,27394231939.0,,,974617807.0,20651499696.0,15375328119.0,7510550000.0,0.0,14659892632.0,27394231939.0,8225985487.0,-19676881889.0
251970,2021,26100525245.0,,,24057382919.0,27247123820.0,18488134777.0,7510550000.0,0.0,17526377292.0,26100525245.0,8472307485.0,-3189740901.0
251970,2022,26480434041.0,,,29420911113.0,8255233898.0,16448091419.0,3742200000.0,,25947826767.0,26480434041.0,-5757535348.0,21165677215.0
251970,2023,35288650804.0,,,38515831176.0,28121772398.0,17939554669.0,3183950000.0,,26334386481.0,35288650804.0,-5210881812.0,10394058778.0
251970,2024,48396996504.0,,,58185434767.0,48871501067.0,21402328093.0,7105400000.0,7105400000.0,32426727082.0,48396996504.0,3186401011.0,9313933700.0
251970,2025,,,,61175929674.0,47667969444.0,29278370740.0,18066150000.0,,43866593506.0,,3477927234.0,13507960230.0
067160,2020,50413528348.0,,,72316360603.0,19303213744.0,1900000000.0,8100000000.0,0.0,66012081825.0,50413528348.0,-56012081825.0,53013146859.0
067160,2021,88822009755.0,,,133463743907.0,9416777710.0,1900000000.0,8100000000.0,0.0,75103091970.0,88822009755.0,-65103091970.0,124046966197.0
067160,2022,82418820782.0,,,100910110641.0,14570693544.0,1100000000.0,8100000000.0,,76594653138.0,82418820782.0,-67394653138.0,86339417097.0
067160,2023,90309374651.0,,,119711252945.0,8755665669.0,1539288745.0,4435534000.0,,136289810003.0,90309374651.0,-130314987258.0,110955587276.0
067160,2024,113506476450.0,,,157459816632.0,13255865290.0,2456095040.0,4098240000.0,,224032646581.0,113506476450.0,-217478311541.0,144203951342.0
007700,2020,122578985908.0,,,154603146149.0,19898918133.0,64608207868.0,,,75357478819.0,122578985908.0,-10749270951.0,134704228016.0
007700,2021,1851316426052.0,,,279947856820.0,10976912439.0,489854037868.0,0.0,,126184257630.0,1851316426052.0,363669780238.0,268970944381.0
007700,2022,486231560356.0,,,332603290838.0,19320984721.0,325930930000.0,295000000.0,,146749261414.0,486231560356.0,179476668586.0,313282306117.0
007700,2023,514391689043.0,,,467892675315.0,24666454042.0,352621261000.0,295000000.0,,278014355542.0,514391689043.0,74901905458.0,443226221273.0
007700,2024,446206786408.0,,,402151665279.0,435302550157.0,343811050000.0,225000000.0,,278014355542.0,446206786408.0,66021694458.0,-33150884878.0
007700,2025,508229963654.0,,,361624481606.0,24011248184.0,499818594638.0,0.0,,396945725149.0,508229963654.0,102872869489.0,337613233422.0
090460,2020,34045702993.0,32149133736.0,272847235.0,20239508952.0,56706849498.0,124987511440.0,7095077920.0,10281381462.0,64024633880.0,66467683964.0,78339336942.0,-36467340546.0
090460,2021,71085420062.0,34729100923.0,201960401.0,33141443920.0,41241393421.0,170604124034.0,5485838250.0,10080719344.0,98145643736.0,106016481386.0,88025037892.0,-8099949501.0
090460,2022,131267542314.0,42171992818.0,1888216671.0,197377693683.0,66494498074.0,172304604003.0,277986000.0,0.0,98145643736.0,175327751803.0,74436946267.0,130883195609.0
090460,2023,84792055684.0,,,90466411730.0,64791134167.0,97563173668.0,833958000.0,0.0,138587141332.0,84792055684.0,-40190009664.0,25675277563.0
090460,2024,87053422982.0,,,186535434732.0,77317326351.0,72660409808.0,84920000000.0,157830261156.0,227460082700.0,87053422982.0,87950588264.0,109218108381.0
090460,2025,53978420775.0,,,159158062222.0,107983225841.0,,105047376639.0,144270465224.0,287959792602.0,53978420775.0,-38641950739.0,51174836381.0
044490,2020,1294023287.0,30396871518.0,154612664.0,40422603805.0,8829899946.0,44695000000.0,190000000000.0,,45481847501.0,31845507469.0,189213152499.0,31592703859.0
044490,2021,5077214615.0,18861601570.0,,27844189179.0,3693041688.0,40000000000.0,150000000000.0,,45481847501.0,23938816185.0,144518152499.0,24151147491.0
044490,2022,2928441656.0,19325298091.0,,9177549409.0,4592909411.0,19420286428.0,140000000000.0,,36098349561.0,22253739747.0,123321936867.0,4584639998.0
044490,2023,39527227608.0,19800581040.0,,19939121257.0,8523393073.0,32580000000.0,104000000000.0,,36098349561.0,59327808648.0,100481650439.0,11415728184.0
044490,2024,22816156423.0,19651185434.0,,66693005456.0,23421767623.0,25000000000.0,65000000000.0,,26035588379.0,42467341857.0,63964411621.0,43271237833.0
044490,2025,5022271541.0,19487335620.0,,27815069635.0,23118355321.0,78000000000.0,10000000000.0,,22675929573.0,24509607161.0,65324070427.0,4696714314.0
003300,2020,157057559689.0,,,250723614636.0,70088050724.0,84219051985.0,513019728053.0,513019728053.0,234105902981.0,157057559689.0,876152605110.0,180635563912.0
003300,2021,130788787439.0,,,140160075242.0,69101802508.0,68021816019.0,423583875539.0,423583875539.0,122424889174.0,130788787439.0,792764677923.0,71058272734.0
003300,2022,132506014100.0,,,225994488.0,125424229075.0,178840934922.0,293265533175.0,293265533175.0,298347729332.0,132506014100.0,467024271940.0,-125198234587.0
003300,2023,262027026206.0,,,271586663405.0,219421698583.0,188425120196.0,468824111270.0,468824111270.0,298347729332.0,262027026206.0,827725613404.0,52164964822.0
003300,2024,279313951093.0,,,200085523721.0,187670115552.0,207316230465.0,424261829786.0,424261829786.0,273952816837.0,279313951093.0,781887073200.0,12415408169.0
003300,2025,123224218366.0,,,206363646331.0,169809521810.0,582861057963.0,339870826176.0,339870826176.0,265407962752.0,123224218366.0,997194747563.0,36554124521.0
222080,2020,13910777480.0,579917995.0,101300893.0,40709262303.0,13699755016.0,16500000000.0,,29997795520.0,74379428999.0,14591996368.0,-27881633479.0,27009507287.0
222080,2021,16353054298.0,729823597.0,48874569.0,-30783989926.0,35244555477.0,5000000000.0,27540000000.0,71416659580.0,74379428999.0,17131752464.0,29577230581.0,-66028545403.0
222080,2022,7811543178.0,949088729.0,90399794.0,55206583744.0,16078800481.0,5000000000.0,22032000000.0,20268148174.0,103671331736.0,8851031701.0,-56371183562.0,39127783263.0
222080,2023,38942742837.0,1529784586.0,826764012.0,-71592784347.0,12441801742.0,30000000000.0,24786000000.0,17024592425.0,103671331736.0,41299291435.0,-31860739311.0,-84034586089.0
222080,2024,59345580400.0,2564687719.0,2073918255.0,29436933502.0,35408351533.0,45000000000.0,,13500028759.0,131205335523.0,63984186374.0,-72705306764.0,-5971418031.0
222080,2025,33510401320.0,6235502756.0,1654634076.0,101397690254.0,3146423979.0,,,3777521137.0,209198215167.0,41400538152.0,-205420694030.0,98251266275.0
045100,2020,53346881717.0,9460452914.0,563038827.0,74423456858.0,13287623390.0,56460000000.0,,,132395706212.0,63370373458.0,-75935706212.0,61135833468.0
045100,2021,55086701161.0,11282447009.0,585882079.0,-5021025394.0,15354736681.0,3020000000.0,,,132395706212.0,66955030249.0,-129375706212.0,-20375762075.0
045100,2022,75253663052.0,11548093032.0,603913144.0,80766897090.0,32590606223.0,80000000.0,,,117720421084.0,87405669228.0,-117640421084.0,48176290867.0
045100,2023,85109617536.0,11196305731.0,453238359.0,148648860710.0,24248922107.0,,,,201780675605.0,96759161626.0,,124399938603.0
045100,2024,86192413135.0,13122059449.0,384713055.0,97072911622.0,46206263875.0,,,,271641480349.0,99699185639.0,,50866647747.0
045100,2025,53710576617.0,15575102022.0,435569826.0,2350443562.0,47705162425.0,,34000000000.0,24000000000.0,271641480349.0,69721248465.0,-213641480349.0,-45354718863.0
178920,2020,60009434293.0,19741876402.0,1195968221.0,80937950639.0,,24333622416.0,22666600000.0,,75842266612.0,80947278916.0,-28842044196.0,80937950639.0
178920,2021,75857968702.0,20575237679.0,1946086035.0,88555529985.0,32698512517.0,27514317988.0,17333320000.0,,90464359133.0,98379292416.0,-45616721145.0,55857017468.0
178920,2022,52135089760.0,22104711576.0,2346916847.0,17437173940.0,107792826604.0,20182175439.0,73000000000.0,,90464359133.0,76586718183.0,2717816306.0,-90355652664.0
178920,2023,-3937893712.0,26084844151.0,1808545748.0,60012501100.0,52190085705.0,53359127308.0,100050000000.0,,56412206022.0,23955496187.0,96996921286.0,7822415395.0
178920,2024,34931839001.0,28693219272.0,2297508913.0,55132152886.0,13223678694.0,37000000000.0,96125000000.0,,82814739915.0,65922567186.0,50310260085.0,41908474192.0
178920,2025,43038925899.0,29716945965.0,2260419772.0,78271937085.0,3934348300.0,24415463871.0,50200000000.0,,82814739915.0,75016291636.0,-8199276044.0,74337588785.0
112040,2020,-12838601170.0,,,-14884985405.0,873914919.0,,,,42196706547.0,-12838601170.0,,-15758900324.0
112040,2021,97350931326.0,,,94395580798.0,1399645777.0,,,,273726165333.0,97350931326.0,,92995935021.0
112040,2022,-84938285329.0,,,-37019525545.0,4002756389.0,-15999996000.0,123600000000.0,65124974645.0,273726165333.0,-84938285329.0,-101001186688.0,-41022281934.0
112040,2023,-110440776864.0,,,-10289938210.0,6980208455.0,-15022139186.0,-62778342.0,19941321571.0,314809390192.0,-110440776864.0,-309952986149.0,-17270146665.0
112040,2024,7062218897.0,,,-80206752362.0,1513567045.0,,,61553094050.0,314809390192.0,7062218897.0,-253256296142.0,-81720319407.0
112040,2025,10678082423.0,,,64255777601.0,6668390687.0,,,93084055722.0,296472812229.0,10678082423.0,-203388756507.0,57587386914.0
383310,2021,13876915140.0,,,4372030730.0,3663175069.0,2000000000.0,,,26058139082.0,13876915140.0,-24058139082.0,708855661.0
383310,2022,41420546422.0,,,12840688274.0,18705952760.0,,,,9539125990.0,41420546422.0,,-5865264486.0
383310,2023,41780811675.0,,,5440163154.0,19851175963.0,32046000000.0,25000000000.0,,22486793467.0,41780811675.0,34559206533.0,-14411012809.0
383310,2024,24226100708.0,,,58242139624.0,79939945821.0,58000000000.0,54000000000.0,,105596615356.0,24226100708.0,6403384644.0,-21697806197.0
383310,2025,11709586777.0,,,-4869001747.0,35445639285.0,61000000000.0,47500000000.0,,153375117206.0,11709586777.0,-44875117206.0,-40314641032.0
033240,2020,-19315591022.0,,,-25486650795.0,20699442054.0,47736874100.0,15000000000.0,,68068064641.0,-19315591022.0,-5331190541.0,-46186092849.0
033240,2021,16315874373.0,,,38923402729.0,61301932292.0,30698883615.0,,49650000000.0,39912617564.0,16315874373.0,40436266051.0,-22378529563.0
033240,2022,-11740371040.0,,,29559731106.0,96883947859.0,51466335510.0,25279045789.0,12180392350.0,52257741100.0,-11740371040.0,36668032549.0,-67324216753.0
033240,2023,-16355712201.0,,,-58640069294.0,146744985957.0,212299850693.0,89890424863.0,55189503220.0,56116501067.0,-16355712201.0,301263277709.0,-205385055251.0
033240,2024,44961233047.0,,,,66492799986.0,172331245616.0,1700000000.0,40572033675.0,59422291311.0,44961233047.0,155180987980.0,
033240,2025,41997195908.0,,,,118302225663.0,,2729000000.0,0.0,59422291311.0,41997195908.0,-56693291311.0,
086900,2020,-37069534839.0,15208572315.0,3388902793.0,27926685785.0,41143559553.0,102268029093.0,37000000000.0,30000000000.0,43993402714.0,-18472059731.0,125274626379.0,-13216873768.0
086900,2021,34491517174.0,13615100227.0,3456753737.0,19965517783.0,17513581736.0,38589762385.0,72892285.0,29994520647.0,71777113872.0,51563371138.0,-3119938555.0,2451936047.0
086900,2022,46664445394.0,12215167971.0,1959166063.0,26199414180.0,9895369300.0,38000000000.0,-12049920000.0,0.0,71777113872.0,60838779428.0,-45827033872.0,16304044880.0
086900,2023,17322328805.0,11819672319.0,2619529933.0,13521518663.0,7659592872.0,43905257679.0,-5012480000.0,32451340512.0,33246222938.0,31761531057.0,38097895253.0,5861925791.0
086900,2024,20348723000.0,,,36556164000.0,8725950000.0,59306450000.0,20000000000.0,0.0,46168491000.0,20348723000.0,33137959000.0,27830214000.0
086900,2025,17004372389.0,,,61409930215.0,15660765015.0,54620000000.0,18000000000.0,2000000000.0,48894962765.0,17004372389.0,25725037235.0,45749165200.0
041960,2020,-2174864688.0,,,25200456.0,1655702756.0,18390000000.0,2518710000.0,12653004358.0,18878550060.0,-2174864688.0,14683164298.0,-1630502300.0
041960,2021,-5290699078.0,,,-1255928964.0,813434500.0,19500000000.0,4587660000.0,13000000000.0,15048306148.0,-5290699078.0,22039353852.0,-2069363464.0
041960,2022,-3803782875.0,,,-1807819840.0,847710021.0,21500000000.0,3056610000.0,9610145240.0,11991587327.0,-3803782875.0,22175167913.0,-2655529861.0
041960,2023,-6273087670.0,,,-2799881663.0,636783723.0,21100000000.0,4325560000.0,15631424397.0,14819530564.0,-6273087670.0,26237453833.0,-3436665386.0
041960,2024,6192933611.0,,,8846988627.0,1045268384.0,21300000000.0,8896100000.0,12418962344.0,14819530564.0,6192933611.0,27795531780.0,7801720243.0
041960,2025,1960455812.0,,,-621803980.0,3086725895.0,21300000000.0,6810320000.0,12000000000.0,27887540154.0,1960455812.0,12222779846.0,-3708529875.0
006110,2020,7380512541.0,7616686837.0,1122454863.0,11375683521.0,12750803968.0,84318836433.0,58112188118.0,,3797220692.0,16119654241.0,138633803859.0,-1375120447.0
006110,2021,15447143092.0,9161665726.0,1185072686.0,15829600786.0,8618183698.0,92993705452.0,57620835778.0,,4462178525.0,25793881504.0,146152362705.0,7211417088.0
006110,2022,22571051710.0,9275354811.0,571606348.0,-13031681108.0,24097394843.0,165666357797.0,82735708845.0,,4462178525.0,32418012869.0,243939888117.0,-37129075951.0
006110,2023,3770590732.0,9318629181.0,2030705213.0,13798864707.0,76595124267.0,145017930020.0,59508513449.0,10000000000.0,60673606509.0,15119925126.0,153852836960.0,-62796259560.0
006110,2024,-9590561021.0,13554504975.0,3082029269.0,5185925733.0,53538539048.0,67541873338.0,65829390835.0,64274274704.0,60673606509.0,7045973223.0,136971932368.0,-48352613315.0
006110,2025,-17647393573.0,13377704005.0,60881144.0,-4973559699.0,80739434291.0,91626917676.0,102253587436.0,102253587436.0,11200966373.0,-4208808424.0,284933126175.0,-85712993990.0
016380,2020,110778751212.0,,,130038502401.0,65077996464.0,191356974193.0,576350705078.0,110234721036.0,63386346237.0,110778751212.0,814556054070.0,64960505937.0
016380,2021,296911904979.0,,,-47200511321.0,68933461744.0,429561900506.0,578549814974.0,112887970455.0,67869577760.0,296911904979.0,1053130108175.0,-116133973065.0
016380,2022,340351530549.0,,,545736680421.0,31721613137.0,312903876994.0,579433777792.0,115666453249.0,73834542366.0,340351530549.0,934169565669.0,514015067284.0
016380,2023,280410835368.0,,,373772548225.0,44629509793.0,213145444148.0,536629419463.0,118232171843.0,110314482843.0,280410835368.0,757692552611.0,329143038432.0
016380,2024,206016382810.0,,,249276959085.0,69161462046.0,244208444988.0,550012550611.0,121270296234.0,145447181145.0,206016382810.0,770044110688.0,180115497039.0
016380,2025,150747044427.0,,,184037037098.0,61946394974.0,448713701095.0,554565326768.0,124451820181.0,145447181145.0,150747044427.0,982283666899.0,122090642124.0
456160,2024,-10763507974.0,1769234225.0,64335378.0,-7968178406.0,577268910.0,1266000000.0,4065423451.0,7824832081.0,11645762164.0,-8929938371.0,1510493368.0,-8545447316.0
456160,2025,-12202308190.0,1516058964.0,84539122.0,-13921212279.0,311896469.0,1266000000.0,3929776711.0,,10016895064.0,-10601710104.0,-4821118353.0,-14233108748.0
033500,2020,31975546018.0,,,62267928160.0,7428929800.0,60182515716.0,13264000000.0,32865410659.0,23692777205.0,31975546018.0,82619149170.0,54838998360.0
033500,2021,30179089426.0,,,-5617245137.0,4993295579.0,74476730406.0,13528300000.0,12362700000.0,23692777205.0,30179089426.0,76674953201.0,-10610540716.0
033500,2022,15277453449.0,,,9728740563.0,4725132258.0,119109050272.0,1778250000.0,10689528329.0,27146069286.0,15277453449.0,104430759315.0,5003608305.0
033500,2023,37339851391.0,,,64724856446.0,-130177422.0,143740562609.0,0.0,11541619171.0,27146069286.0,37339851391.0,128136112494.0,64594679024.0
033500,2024,,,,67578275983.0,23244075444.0,36060789599.0,0.0,12316500000.0,57391988416.0,,-9014698817.0,44334200539.0
033500,2025,,9714278376.0,154039229.0,84702106506.0,15638870860.0,17350000000.0,,11168086783.0,80845872158.0,,-52327785375.0,69063235646.0
046890,2020,59655030864.0,,,89794563698.0,,,,,44448987452.0,59655030864.0,,89794563698.0
046890,2021,63212273964.0,,,98426554382.0,,,,,86004905754.0,63212273964.0,,98426554382.0
046890,2022,-33437894990.0,,,155677766845.0,,,,,86004905754.0,-33437894990.0,,155677766845.0
046890,2023,-49351836734.0,,,120677731335.0,,,,,102637713916.0,-49351836734.0,,120677731335.0
046890,2024,796674308.0,,,59636226644.0,,113802813293.0,,,102637713916.0,796674308.0,11165099377.0,59636226644.0
046890,2025,-31515946872.0,,,87878642911.0,,85690044564.0,52972809407.0,52972809407.0,77456089039.0,-31515946872.0,114179574339.0,87878642911.0
052020,2020,-15845459425.0,1380628368.0,28051912.0,-10292297264.0,17538669.0,,230620712.0,3514604500.0,28237469556.0,-14436779145.0,-24492244344.0,-10309835933.0
052020,2021,-21529904686.0,1107023292.0,19917146.0,-17148432225.0,16317608.0,,0.0,2515297436.0,28237469556.0,-20402964248.0,-25722172120.0,-17164749833.0
052020,2022,-18910659422.0,1170122420.0,14823468.0,-16084610114.0,187605235.0,,0.0,400000000.0,21862313422.0,-17725713534.0,-21462313422.0,-16272215349.0
052020,2023,-26040976824.0,1051507340.0,7599005.0,-24738000129.0,31315876.0,,,0.0,21862313422.0,-24981870479.0,-21862313422.0,-24769316005.0
052020,2024,-22615554990.0,1201950485.0,9534040.0,-23896720409.0,20699137.0,,,0.0,34668032153.0,-21404070465.0,-34668032153.0,-23917419546.0
052020,2025,-23472593414.0,1903862902.0,8153950.0,-19775092435.0,901064797.0,,,,34668032153.0,-21560576562.0,,-20676157232.0
009410,2020,372766273695.0,,,950765121135.0,136517276114.0,,,2578633957522.0,505636585955.0,372766273695.0,2072997371567.0,814247845021.0
009410,2021,174547312597.0,,,556996312150.0,32903147085.0,,,1812658703020.0,574685030201.0,174547312597.0,1237973672819.0,524093165065.0
009410,2022,91547554846.0,,,-144532290586.0,107896949018.0,,,1619804187140.0,574685030201.0,91547554846.0,1045119156939.0,-252429239604.0
009410,2023,-404531815195.0,,,-302290575812.0,6390366586.0,,,2532646243112.0,329349268044.0,-404531815195.0,2203296975068.0,-308680942398.0
009410,2024,20642182140.0,,,61614346825.0,1667367522.0,,,788057368478.0,344674696792.0,20642182140.0,443382671686.0,59946979303.0
009410,2025,52789167779.0,,,115087827658.0,4142656165.0,,,831656352263.0,383478032241.0,52789167779.0,448178320022.0,110945171493.0
121600,2020,1463818298.0,2420668952.0,160699698.0,8742437700.0,12807720621.0,3000000000.0,3000000000.0,,14125353618.0,4045186948.0,-8125353618.0,-4065282921.0
121600,2021,5721638898.0,2961510521.0,276676412.0,10600692726.0,4319989061.0,8927500000.0,3000000000.0,,17851933727.0,8959825831.0,-5924433727.0,6280703665.0
121600,2022,16822813569.0,3282351108.0,155444207.0,19419372961.0,16795798918.0,3000000000.0,0.0,,31572221638.0,20260608884.0,-28572221638.0,2623574043.0
121600,2023,11892080207.0,756433363.0,171447471.0,9307059393.0,38954325907.0,,0.0,100000000000.0,52544092090.0,12819961041.0,47455907910.0,-29647266514.0
121600,2024,2987662289.0,7023186078.0,321149059.0,24521619455.0,50006912419.0,0.0,,77947494766.0,52544092090.0,10331997426.0,25403402676.0,-25485292964.0
121600,2025,4681087390.0,10693862039.0,455990846.0,16753922734.0,11546260558.0,,,83343523668.0,55326376541.0,15830940275.0,28017147127.0,5207662176.0
060250,2020,39771947852.0,,,59272103399.0,3056701196.0,,,0.0,171772508588.0,39771947852.0,-171772508588.0,56215402203.0
060250,2021,43162129841.0,,,68315120547.0,2085480503.0,5000000000.0,,0.0,192388139210.0,43162129841.0,-187388139210.0,66229640044.0
060250,2022,44208183594.0,,,41376250765.0,4911695875.0,55000000000.0,,,211354133835.0,44208183594.0,-156354133835.0,36464554890.0
060250,2023,41958924937.0,,,63445951814.0,786346304.0,,,,254856080927.0,41958924937.0,,62659605510.0
060250,2024,43781831372.0,,,-61189884982.0,1933532463.0,,,,254856080927.0,43781831372.0,,-63123417445.0
448730,2023,5611737396.0,,,2185794224.0,,,345256152115.0,,31425910054.0,5611737396.0,313830242061.0,2185794224.0
448730,2024,5934214718.0,,,5220583980.0,,349100000000.0,428287328206.0,0.0,39265072087.0,5934214718.0,738122256119.0,5220583980.0
448730,2025,7403212797.0,,,4568844646.0,,,429174009696.0,,32152152927.0,7403212797.0,397021856769.0,4568844646.0
001530,2020,26370789955.0,,,34505038804.0,13127738745.0,288385211956.0,38619262814.0,,33735065850.0,26370789955.0,293269408920.0,21377300059.0
001530,2021,48592979653.0,,,24848897859.0,17227012916.0,339096635001.0,16309031618.0,,52178563184.0,48592979653.0,303227103435.0,7621884943.0
001530,2022,44754402506.0,,,38954775040.0,33102684782.0,592941201544.0,31906592455.0,23710000000.0,52178563184.0,44754402506.0,596379230815.0,5852090258.0
001530,2023,6304538045.0,,,38438794072.0,45699758511.0,417595703669.0,7478124789.0,0.0,47621391004.0,6304538045.0,377452437454.0,-7260964439.0
001530,2024,7810548526.0,,,38587377915.0,32386031132.0,,,25788000000.0,47621391004.0,7810548526.0,-21833391004.0,6201346783.0
001530,2025,-1544756113.0,,,3943698490.0,63489275117.0,,,0.0,46380089468.0,-1544756113.0,-46380089468.0,-59545576627.0
005810,2020,9409005842.0,13632778986.0,101859513.0,-9505578665.0,35317519434.0,111012372240.0,33496850000.0,,34798439082.0,23143644341.0,109710783158.0,-44823098099.0
005810,2021,96828238680.0,11738810873.0,147980650.0,-12568612354.0,52296502529.0,115200000000.0,10034880000.0,,37727631316.0,108715030203.0,87507248684.0,-64865114883.0
005810,2022,80160431979.0,12468421279.0,309301312.0,3474290201.0,8051924435.0,63794683210.0,6878040000.0,,37727631316.0,92938154570.0,32945091894.0,-4577634234.0
005810,2023,67837648307.0,12535189486.0,377583129.0,32657389431.0,24253109894.0,68180440419.0,3229560000.0,,35558050707.0,80750420922.0,35851949712.0,8404279537.0
005810,2024,104749837969.0,13482872655.0,437219953.0,17075002655.0,10519502959.0,62780191548.0,2125000000.0,,35573579959.0,118669930577.0,29331611589.0,6555499696.0
005810,2025,66801089250.0,13872489335.0,426083478.0,,6368950422.0,101370292602.0,1100000000.0,,44932474956.0,81099662063.0,57537817646.0,
058650,2020,13075575150.0,212241938743.0,10732157229.0,,60344921237.0,1372502320995.0,298560478000.0,110000000000.0,270611646570.0,236049671122.0,1510451152425.0,
058650,2021,308204380275.0,138738215584.0,7910768750.0,,101002569206.0,2005542151262.0,196175920356.0,142595390000.0,270611646567.0,454853364609.0,2073701815051.0,
058650,2022,196126337931.0,127105567363.0,6731659961.0,,136346075536.0,2593091518480.0,148916452232.0,236475410480.0,246601872201.0,329963565255.0,2731881508991.0,
058650,2023,200772104770.0,121128022251.0,7385202494.0,,140232589649.0,1814984977985.0,201202491236.0,132007810894.0,263996350558.0,329285329515.0,1884198929557.0,
058650,2024,99186065812.0,130140835215.0,5367647507.0,265245997033.0,202391463805.0,1350979135739.0,212088560000.0,188000000000.0,458439872412.0,234694548534.0,1292627823327.0,62854533228.0
058650,2025,175467417940.0,139167267897.0,8832018806.0,106339159979.0,262543047348.0,1870404828009.0,341741461563.0,835097175003.0,458439872412.0,323466704643.0,2588803592163.0,-156203887369.0
476060,2024,-4797790778.0,,,-7840898678.0,141275900.0,,,,42999509830.0,-4797790778.0,,-7982174578.0
476060,2025,12619100519.0,,,11395049104.0,302903855.0,,,,47045956297.0,12619100519.0,,11092145249.0
336370,2020,30385573962.0,,,-30759347913.0,171932178915.0,58738986631.0,153251508514.0,,305601604636.0,30385573962.0,-93611109491.0,-202691526828.0
336370,2021,2040182326.0,,,-41974380199.0,232035801281.0,140160092743.0,123460692393.0,,305601604636.0,2040182326.0,-41980819500.0,-274010181480.0
336370,2022,-45208869606.0,,,-100411438566.0,339646457250.0,172988185569.0,126856731241.0,,162773470979.0,-45208869606.0,137071445831.0,-440057895816.0
336370,2023,125867418059.0,,,17495147902.0,244583578926.0,,53620509442.0,,162773470979.0,125867418059.0,-109152961537.0,-227088431024.0
336370,2024,-54418745322.0,,,-189961651828.0,257610732440.0,335274065724.0,289242317884.0,4941052606.0,155064993174.0,-54418745322.0,474392443040.0,-447572384268.0
336370,2025,-138394465215.0,,,-18143517375.0,233540778767.0,352566771834.0,439253263278.0,9968712118.0,52052829615.0,-138394465215.0,749735917615.0,-251684296142.0
001510,2023,13097857611.0,19021932350.0,6951080622.0,,2057652104.0,,,7000000000.0,235561865963.0,39070870583.0,-228561865963.0,
001510,2024,-107876388585.0,18487635210.0,6281927676.0,,4972122184.0,,,25000000000.0,226990185141.0,-83106825699.0,-201990185141.0,
001510,2025,7785938575.0,17117885521.0,5350047604.0,,4489231645.0,,,7000000000.0,226990185141.0,30253871700.0,-219990185141.0,
001500,2023,65170508123.0,10555535878.0,5935000835.0,,12413983943.0,603900000000.0,,119863980000.0,930864120107.0,81661044836.0,-207100140107.0,
001500,2024,54691000000.0,12769000000.0,7024000000.0,,17198000000.0,-346290000000.0,,199388000000.0,849706000000.0,74484000000.0,-996608000000.0,
001500,2025,72252000000.0,15316000000.0,9164000000.0,-153613000000.0,7375000000.0,296143000000.0,,80000000000.0,772534000000.0,96732000000.0,-396391000000.0,-160988000000.0
059090,2020,43325596622.0,,,53411656767.0,49361451975.0,52053282389.0,80304379560.0,25000000000.0,150449398934.0,43325596622.0,6908263015.0,4050204792.0
059090,2021,69667993298.0,,,79762640958.0,118045165148.0,91848696614.0,84757854115.0,12500000000.0,180517871638.0,69667993298.0,8588679091.0,-38282524190.0
059090,2022,64273149352.0,,,80429298447.0,51723483609.0,113711385000.0,63871240000.0,29000000000.0,180517871638.0,64273149352.0,26064753362.0,28705814838.0
059090,2023,21111259627.0,,,41646262032.0,47638252669.0,130138650000.0,140439880000.0,19467399924.0,170532361522.0,21111259627.0,119513568402.0,-5991990637.0
059090,2024,94633945006.0,,,120460924494.0,202229964939.0,229434484926.0,161918430345.0,34776012096.0,224894256663.0,94633945006.0,201234670704.0,-81769040445.0
059090,2025,101004245476.0,,,24830688331.0,315582185187.0,427919198302.0,561124313714.0,40353135683.0,308049235584.0,101004245476.0,721347412115.0,-290751496856.0
160190,2024,-369253550.0,,,-2632697872.0,1176627076.0,0.0,5000000000.0,16000000000.0,17712437758.0,-369253550.0,3287562242.0,-3809324948.0
160190,2025,-8908556551.0,,,-9685015063.0,5254612814.0,2000000000.0,12150000000.0,,22701744036.0,-8908556551.0,-8551744036.0,-14939627877.0
124500,2020,14562145227.0,,,17531423875.0,7450233133.0,,,18754923707.0,91225250435.0,14562145227.0,-72470326728.0,10081190742.0
124500,2021,31538468377.0,,,3555927517.0,7575615860.0,,,41431950535.0,91225250435.0,31538468377.0,-49793299900.0,-4019688343.0
124500,2022,31183106015.0,,,123335388545.0,15186030480.0,,,,182973818237.0,31183106015.0,,108149358065.0
124500,2023,30518767988.0,,,-29332425315.0,5987892408.0,,323624000.0,3818334132.0,182973818237.0,30518767988.0,-178831860105.0,-35320317723.0
124500,2024,58564721273.0,,,26443155041.0,72339796809.0,,,10000000000.0,175554526676.0,58564721273.0,-165554526676.0,-45896641768.0
124500,2025,279925759631.0,,,238152396670.0,27840221403.0,,,12148840.0,397224405642.0,279925759631.0,-397212256802.0,210312175267.0
358570,2022,-67952023588.0,,,-62550424556.0,,,,,2345782249.0,-67952023588.0,,-62550424556.0
358570,2023,-53304560672.0,,,-41174491011.0,566210800.0,,,,8543302531.0,-53304560672.0,,-41740701811.0
358570,2024,-48259851257.0,,,-43426716012.0,24741191.0,,,10000000000.0,8543302531.0,-48259851257.0,1456697469.0,-43451457203.0
358570,2025,-40654989301.0,,,-32302679359.0,7375314767.0,,,5810186151.0,39659957808.0,-40654989301.0,-33849771657.0,-39677994126.0
284740,2020,135835951356.0,,,66235483074.0,9154072494.0,59216573005.0,66647981.0,,41625264552.0,135835951356.0,17657956434.0,57081410580.0
284740,2021,178635561823.0,,,40590934775.0,1707390109.0,43500000000.0,45919199141.0,,108442742524.0,178635561823.0,-19023543383.0,38883544666.0
284740,2022,119943993497.0,,,27605118786.0,3101097084.0,,16769228082.0,,108442742524.0,119943993497.0,-91673514442.0,24504021702.0
284740,2023,144873008354.0,,,64066336251.0,18895617863.0,,783246000.0,,106345916569.0,144873008354.0,-105562670569.0,45170718388.0
284740,2024,164815752780.0,,,37648911853.0,7122390769.0,3520970585.0,82747005586.0,,176614948652.0,164815752780.0,-90346972481.0,30526521084.0
284740,2025,169362970577.0,,,8710300042.0,9618780539.0,3552519542.0,45747069934.0,,176614948652.0,169362970577.0,-127315359176.0,-908480497.0
376300,2021,13240793052.0,,,8080002432.0,,,,6495156013.0,26825043614.0,13240793052.0,-20329887601.0,8080002432.0
376300,2022,16285613589.0,,,21004053364.0,145158095.0,,,,84108438276.0,16285613589.0,,20858895269.0
376300,2023,28625832888.0,,,12780586219.0,3322483405.0,,,,84108438276.0,28625832888.0,,9458102814.0
376300,2024,25413420152.0,,,23735067238.0,270126741.0,,,,84120698070.0,25413420152.0,,23464940497.0
376300,2025,31391662643.0,,,35476240470.0,567887818.0,,,,127699499351.0,31391662643.0,,34908352652.0
211050,2021,21133565506.0,8661051124.0,,-549495926.0,1284228032.0,18050000000.0,0.0,0.0,4591123617.0,29794616630.0,13458876383.0,-1833723958.0
211050,2022,27392045468.0,,,-895486030.0,833266446.0,19800000000.0,0.0,,4591123617.0,27392045468.0,15208876383.0,-1728752476.0
211050,2023,46576295874.0,,,8696586961.0,459070423.0,47318093688.0,49317713596.0,,3751691287.0,46576295874.0,92884115997.0,8237516538.0
211050,2024,86266641000.0,,,75597973000.0,1168781000.0,12413496000.0,29784256000.0,,1531395000.0,86266641000.0,40666357000.0,74429192000.0
211050,2025,94843958000.0,,,56174712000.0,977538000.0,31528770000.0,10550000000.0,,42636817000.0,94843958000.0,-558047000.0,55197174000.0
399720,2022,3899765486.0,,,5920392540.0,6080546064.0,,3591000000.0,,10993740746.0,3899765486.0,-7402740746.0,-160153524.0
399720,2023,4351646460.0,,,5666350939.0,6774968693.0,,4061770656.0,,10993740746.0,4351646460.0,-6931970090.0,-1108617754.0
399720,2024,3524912928.0,,,10803918403.0,9505482504.0,,4195849864.0,,18715231760.0,3524912928.0,-14519381896.0,1298435899.0
399720,2025,-16721496228.0,,,-848730459.0,5210217544.0,,4825000000.0,34498546760.0,52725781806.0,-16721496228.0,-13402235046.0,-6058948003.0
214430,2020,768716875.0,5601923135.0,82519081.0,33198850834.0,,2600000000.0,4124805700.0,,11816271536.0,6453159091.0,-5091465836.0,33198850834.0
214430,2021,1410841017.0,5870575804.0,85001055.0,-12279187759.0,,100000000.0,2225130038.0,,10779484814.0,7366417876.0,-8454354776.0,-12279187759.0
214430,2022,5686971942.0,4383839827.0,74644087.0,-727033618.0,,2000000000.0,3806580000.0,,14603221223.0,10145455856.0,-8796641223.0,-727033618.0
214430,2023,12204489179.0,4679100746.0,65027612.0,21768280886.0,,3500000000.0,2133250000.0,,18810013774.0,16948617537.0,-13176763774.0,21768280886.0
214430,2024,14759928402.0,5059106122.0,69380112.0,8154445865.0,5292273355.0,500000000.0,3480790000.0,11000000000.0,24348190670.0,19888414636.0,-9367400670.0,2862172510.0
214430,2025,16458043794.0,4547845979.0,71301775.0,18805171604.0,14792382748.0,,6790830000.0,9949674894.0,24348190670.0,21077191548.0,-7607685776.0,4012788856.0
033790,2020,-1460760332.0,1732229353.0,4691096.0,-340006975.0,,3000000000.0,0.0,1300000000.0,10648483980.0,276160117.0,-6348483980.0,-340006975.0
033790,2021,1923486251.0,280009340.0,4359151.0,-456676650.0,,0.0,,1352785213.0,10549997762.0,2207854742.0,-9197212549.0,-456676650.0
033790,2022,1462672613.0,308556148.0,4161945.0,1356642729.0,,0.0,,1352785213.0,10549997962.0,1775390706.0,-9197212749.0,1356642729.0
033790,2023,-2124130241.0,301163207.0,1373786.0,-2499571535.0,,,,0.0,10479240729.0,-1821593248.0,-10479240729.0,-2499571535.0
033790,2024,7608133.0,283095968.0,374406.0,-677132751.0,,,,70000000000.0,71368643054.0,291078507.0,-1368643054.0,-677132751.0
033790,2025,8847177396.0,332835430.0,12337.0,-11112118716.0,,,,-1150122450.0,71368643054.0,9180025163.0,-72518765504.0,-11112118716.0
101160,2020,35796206436.0,,,24586116089.0,4883053884.0,28232000000.0,11356413071.0,,48796294343.0,35796206436.0,-9207881272.0,19703062205.0
101160,2021,40300789625.0,,,26203403413.0,24140985755.0,32602000000.0,11188780374.0,,50210598678.0,40300789625.0,-6419818304.0,2062417658.0
101160,2022,50701951182.0,,,22300830924.0,30047296708.0,27100000000.0,22444663974.0,,50210598678.0,50701951182.0,-665934704.0,-7746465784.0
101160,2023,64828878115.0,,,82875317763.0,10715880514.0,26000000000.0,20803138405.0,,109716173431.0,64828878115.0,-62913035026.0,72159437249.0
101160,2024,70304948252.0,,,35037235881.0,5830719078.0,22000000000.0,11250000000.0,,143193153018.0,70304948252.0,-109943153018.0,29206516803.0
101160,2025,58544362713.0,,,60759780767.0,10752116177.0,21500000000.0,10058304481.0,,186305352065.0,58544362713.0,-154747047584.0,50007664590.0
039130,2020,-158811586768.0,,,-132868025189.0,4042829283.0,176660646097.0,94865825560.0,1105070000.0,110846773006.0,-158811586768.0,161784768651.0,-136910854472.0
039130,2021,-127293510463.0,,,-107289705614.0,2544705885.0,62722484264.0,81570000000.0,1041450000.0,105686896469.0,-127293510463.0,39647037795.0,-109834411499.0
039130,2022,195096755.0,,,-10240865980.0,1810935558.0,41521003985.0,7865107578.0,196688000.0,105686896469.0,195096755.0,-56104096906.0,-12051801538.0
039130,2023,58833794515.0,,,116726601632.0,5300618227.0,33860020090.0,5337856291.0,93124000.0,118664727516.0,58833794515.0,-79373727135.0,111425983405.0
039130,2024,68829833578.0,,,88012813077.0,3571115450.0,17369042210.0,3745133357.0,0.0,118664727516.0,68829833578.0,-97550551949.0,84441697627.0
039130,2025,57626875763.0,,,101086158079.0,3175669045.0,7606320000.0,1403368264.0,0.0,105683073045.0,57626875763.0,-96673384781.0,97910489034.0
295310,2024,-6789016613.0,3182288065.0,17915667.0,-14010320981.0,15303131430.0,18496146379.0,11229176661.0,1945071226.0,17170845128.0,-3588812881.0,14499549138.0,-29313452411.0
295310,2025,5837442731.0,4305859357.0,19951000.0,-8827636205.0,21504976749.0,15640000000.0,12745756661.0,40000000000.0,19413333484.0,10163253088.0,48972423177.0,-30332612954.0
122640,2020,463586434.0,,,11534312171.0,4905211568.0,5669371808.0,3759000000.0,2194904715.0,10469321633.0,463586434.0,1153954890.0,6629100603.0
122640,2021,-11102089873.0,,,-5198476253.0,6250232530.0,17482591981.0,6800000000.0,33090153610.0,31528268292.0,-11102089873.0,25844477299.0,-11448708783.0
122640,2022,-16881819932.0,,,-17766897428.0,4025577908.0,201881009.0,24000000.0,7007529212.0,31528268292.0,-16881819932.0,-24294858071.0,-21792475336.0
122640,2023,-411044492.0,,,1715816046.0,,14476597474.0,5217796000.0,35000000000.0,29619782741.0,-411044492.0,25074610733.0,1715816046.0
122640,2024,11262295552.0,,,8503833666.0,,5000000000.0,,38063730500.0,29619782741.0,11262295552.0,13443947759.0,8503833666.0
122640,2025,3792979984.0,,,-7443039427.0,,30052500000.0,-2302521602.0,15425914821.0,22344259815.0,3792979984.0,20831633404.0,-7443039427.0
460860,2023,235489924847.0,,,348414734899.0,67635600681.0,,,,434773397831.0,235489924847.0,,280779134218.0
460860,2024,102474077764.0,,,213632597636.0,97973469171.0,,,,434773397831.0,102474077764.0,,115659128465.0
460860,2025,59380409698.0,,,114649523103.0,721637489352.0,,,,363703919236.0,59380409698.0,,-606987966249.0
034310,2020,153148431943.0,125777744074.0,25106741306.0,309342815964.0,151312927510.0,435119906509.0,115989938700.0,,674934464655.0,304032917323.0,-123824619446.0,158029888454.0
034310,2021,146710307059.0,160031812922.0,33784246853.0,229477208778.0,208457037148.0,569214528386.0,105333103551.0,,674934464655.0,340526366834.0,-386832718.0,21020171630.0
034310,2022,145242618665.0,181920371483.0,29567281511.0,200613308305.0,189887864380.0,736046084558.0,100269787301.0,,604516298751.0,356730271659.0,231799573108.0,10725443925.0
034310,2023,96985264990.0,186355659512.0,29205014299.0,304174229411.0,116338661775.0,,65312118398.0,,577618086866.0,312545938801.0,-512305968468.0,187835567636.0
034310,2024,174263701108.0,193219814018.0,29934951486.0,219662610195.0,118434449429.0,,790201807059.0,74303862652.0,616620716793.0,397418466612.0,247884952918.0,101228160766.0
034310,2025,198097014621.0,198994275260.0,31587878726.0,406018070966.0,76891032323.0,,854952904454.0,,817480921506.0,428679168607.0,37471982948.0,329127038643.0
377740,2022,295409547762.0,,,249099718306.0,42266077095.0,,,,681067042884.0,295409547762.0,,206833641211.0
377740,2023,-47041101526.0,,,-4193526652.0,3962768420.0,150000000000.0,,,681067042884.0,-47041101526.0,-531067042884.0,-8156295072.0
377740,2024,12215167998.0,,,57916529317.0,10462250805.0,,,,147395062404.0,12215167998.0,,47454278512.0
377740,2025,16705690020.0,,,14381482563.0,8111395804.0,0.0,,,107340687355.0,16705690020.0,,6270086759.0
145990,2020,111573000000.0,,,199540000000.0,112997000000.0,280305000000.0,130565000000.0,528973000000.0,104879000000.0,111573000000.0,834964000000.0,86543000000.0
145990,2021,82553000000.0,,,-17943000000.0,98748000000.0,402033000000.0,114671000000.0,483037000000.0,120336000000.0,82553000000.0,879405000000.0,-116691000000.0
145990,2022,82016000000.0,,,84939000000.0,112474000000.0,485127000000.0,141687000000.0,662857000000.0,178121000000.0,82016000000.0,1111550000000.0,-27535000000.0
145990,2023,113199757649.0,,,263293064236.0,120558557143.0,430980169652.0,98719948500.0,419355675862.0,178120966249.0,113199757649.0,770934827765.0,142734507093.0
145990,2024,133523122893.0,,,253866142891.0,93926557580.0,-442160662075.0,74553674450.0,459301103244.0,181112509661.0,133523122893.0,-89418394042.0,159939585311.0
145990,2025,111724649074.0,,,204493207070.0,92374989037.0,414718213688.0,59891738950.0,459224331742.0,201951426803.0,111724649074.0,731882857577.0,112118218033.0
099190,2020,30455987440.0,,,34614942255.0,7638798574.0,,42813032000.0,,34473095533.0,30455987440.0,8339936467.0,26976143681.0
099190,2021,34826754603.0,,,17223810739.0,47629534058.0,,94235697600.0,,47191911254.0,34826754603.0,47043786346.0,-30405723319.0
099190,2022,19807041920.0,,,6653468563.0,21986068037.0,,63684011320.0,,61597232711.0,19807041920.0,2086778609.0,-15332599474.0
099190,2023,10929438236.0,,,13045086886.0,42084659783.0,,45749332640.0,,61597232711.0,10929438236.0,-15847900071.0,-29039572897.0
099190,2024,2657678239.0,,,22958070895.0,15175510252.0,,73218400000.0,50000000000.0,67637960334.0,2657678239.0,55580439666.0,7782560643.0
099190,2025,7886581393.0,,,20119708503.0,27716477747.0,15000000000.0,61517560000.0,40822475287.0,67637960334.0,7886581393.0,49702074953.0,-7596769244.0
475960,2024,-8779777619.0,,,-6540032463.0,625212690.0,850000000.0,0.0,,12688733628.0,-8779777619.0,-11838733628.0,-7165245153.0
475960,2025,-5568879088.0,,,-6754417130.0,772867260.0,0.0,0.0,,12688733628.0,-5568879088.0,,-7527284390.0
079900,2024,31345210502.0,,,19497531126.0,1713192485.0,26890000000.0,,10000000000.0,29550979617.0,31345210502.0,7339020383.0,17784338641.0
003030,2020,67104301851.0,,,268774832408.0,62194790168.0,-87258108221.0,14871892717.0,60000000000.0,187009135894.0,67104301851.0,-199395351398.0,206580042240.0
003030,2021,298952263629.0,,,-165692653993.0,59148585292.0,155988099708.0,87716300000.0,79755480000.0,234314271432.0,298952263629.0,89145608276.0,-224841239285.0
003030,2022,567163868807.0,,,398956817619.0,197056082538.0,26394205559.0,25982705445.0,90000000000.0,490386937299.0,567163868807.0,-348010026295.0,201900735081.0
003030,2023,590946429587.0,,,555702324109.0,492047144639.0,-102319931544.0,392891525764.0,60000000000.0,713742113592.0,590946429587.0,-363170519372.0,63655179470.0
003030,2024,211611279793.0,,,280735992814.0,906522217012.0,9505792412.0,588289757535.0,140000000000.0,841006854015.0,211611279793.0,-103211304068.0,-625786224198.0
003030,2025,205826153302.0,,,17431961261.0,622904985526.0,132797183850.0,244279629139.0,179341200000.0,841006854015.0,205826153302.0,-284588841026.0,-605473024265.0
034950,2020,32710069584.0,,,30545823955.0,676543000.0,,,,102977624189.0,32710069584.0,,29869280955.0
034950,2021,36219070401.0,,,33586176333.0,64559000.0,,,,114453563578.0,36219070401.0,,33521617333.0
034950,2022,29929805340.0,,,24434982374.0,192824869.0,,,,114453563578.0,29929805340.0,,24242157505.0
034950,2023,25839533932.0,,,27648125256.0,255200455.0,,,,110886289582.0,25839533932.0,,27392924801.0
034950,2024,32680454148.0,,,35402875768.0,273963364.0,,,,115686865484.0,32680454148.0,,35128912404.0
034950,2025,34339555609.0,,,31890334361.0,701205500.0,,,,119175725639.0,34339555609.0,,31189128861.0
340570,2020,9592474649.0,,,9344108449.0,2977994975.0,,,,14633180205.0,9592474649.0,,6366113474.0
340570,2021,22327323701.0,,,19005563601.0,15633252415.0,,,,16627057541.0,22327323701.0,,3372311186.0
340570,2022,24308838055.0,,,15407303760.0,15994811419.0,,,,20579751357.0,24308838055.0,,-587507659.0
340570,2023,30839185026.0,,,32591101671.0,13451789932.0,0.0,0.0,,20579751357.0,30839185026.0,,19139311739.0
340570,2024,56957338526.0,,,46569584536.0,15830234851.0,0.0,0.0,,60714899196.0,56957338526.0,,30739349685.0
340570,2025,46350773186.0,,,37691797461.0,17586638030.0,0.0,0.0,,73687434580.0,46350773186.0,,20105159431.0
035890,2020,174431554176.0,,,236076916800.0,,87500000000.0,7461834696.0,7500000000.0,169620360597.0,174431554176.0,-67158525901.0,236076916800.0
035890,2021,206790324507.0,,,285637707614.0,,3774547351.0,23885000000.0,3900000000.0,177796937504.0,206790324507.0,-146237390153.0,285637707614.0
035890,2022,206067723959.0,,,151134961610.0,,64000000000.0,11307000000.0,5000000000.0,267668684482.0,206067723959.0,-187361684482.0,151134961610.0
035890,2023,228215359127.0,,,80678660787.0,,3772200593.0,,,267668684482.0,228215359127.0,-263896483889.0,80678660787.0
035890,2024,235743001764.0,,,242762007714.0,,6000000000.0,0.0,0.0,220255934189.0,235743001764.0,-214255934189.0,242762007714.0
035890,2025,144388838105.0,,,-3753124031.0,,13220298304.0,40510780000.0,,218456049562.0,144388838105.0,-164724971258.0,-3753124031.0
003280,2020,-50876456210.0,,,-3958236988.0,171588131.0,,,0.0,13657451103.0,-50876456210.0,-13657451103.0,-4129825119.0
003280,2021,16436494237.0,,,-2635681650.0,3256080049.0,,,0.0,38188658034.0,16436494237.0,-38188658034.0,-5891761699.0
003280,2022,29679321670.0,,,32737334185.0,2056123932.0,,,0.0,60803555334.0,29679321670.0,-60803555334.0,30681210253.0
003280,2023,24563227868.0,,,25372869381.0,5751043881.0,,,0.0,60803555334.0,24563227868.0,-60803555334.0,19621825500.0
003280,2024,27541001667.0,,,47258240449.0,28955823340.0,,,,30368150519.0,27541001667.0,,18302417109.0
003280,2025,11275759234.0,,,38014074656.0,6997457101.0,,,,84587026588.0,11275759234.0,,31016617555.0
078130,2020,442998783.0,2154641385.0,10268784.0,6091176981.0,4586205120.0,26776538859.0,2070000000.0,15586749910.0,4134545396.0,2607908952.0,40298743373.0,1504971861.0
078130,2021,-6274654866.0,2334764246.0,11225308.0,-9904542481.0,2489926001.0,35161632182.0,1230000000.0,10500000000.0,8401511270.0,-3928665312.0,38490120912.0,-12394468482.0
078130,2022,-11050253296.0,2339486065.0,13428672.0,-11503081747.0,1645672306.0,34570327843.0,,10000000000.0,8401511270.0,-8697338559.0,36168816573.0,-13148754053.0
078130,2023,-7440382730.0,,,-906524342.0,112540000.0,,,22973734000.0,102960174548.0,-7440382730.0,-79986440548.0,-1019064342.0
078130,2024,-12649826847.0,,,-13512086930.0,1765344466.0,,,22973734000.0,102960174548.0,-12649826847.0,-79986440548.0,-15277431396.0
078130,2025,-3354062983.0,,,3589931935.0,20182399612.0,,,,17023776199.0,-3354062983.0,,-16592467677.0
002240,2020,9831441983.0,,,179495196821.0,40099860364.0,290499378152.0,37569084313.0,,156938068404.0,9831441983.0,171130394061.0,139395336457.0
002240,2021,98526648327.0,,,39463449669.0,40641866262.0,259959726226.0,64199568949.0,,159305426565.0,98526648327.0,164853868610.0,-1178416593.0
002240,2022,133503465388.0,,,108670885850.0,56006094642.0,266427269421.0,61957841639.0,,203383658172.0,133503465388.0,125001452888.0,52664791208.0
002240,2023,56316856694.0,,,182428406273.0,52023648669.0,146513513034.0,45194912440.0,,203383658172.0,56316856694.0,-11675232698.0,130404757604.0
002240,2024,26107109844.0,,,123293994310.0,65668775269.0,141524263061.0,28115313742.0,,184205136831.0,26107109844.0,-14565560028.0,57625219041.0
002240,2025,40722957585.0,,,117018111571.0,78129311399.0,108081264555.0,62460730652.0,,191560997721.0,40722957585.0,-21019002514.0,38888800172.0
015750,2020,5266596282.0,235420296925.0,2443233154.0,328323165046.0,236639050274.0,948803136878.0,431753688395.0,,306282382617.0,243130126361.0,1074274442656.0,91684114772.0
015750,2021,76353909960.0,226345206488.0,2956135426.0,254140827676.0,257652766062.0,987718207115.0,423418395773.0,,306282382617.0,305655251874.0,1104854220271.0,-3511938386.0
015750,2022,99182732498.0,231972857207.0,4634545368.0,199960824518.0,290139948255.0,1109864866479.0,322201580948.0,,235642990791.0,335790135073.0,1196423456636.0,-90179123737.0
015750,2023,256728659148.0,215366144514.0,1850608270.0,375424338839.0,356314634310.0,1286556955336.0,371021440784.0,121797700000.0,296034115590.0,473945411932.0,1483341980530.0,19109704529.0
015750,2024,205882638168.0,221194977813.0,1802953682.0,415643728176.0,483209241093.0,,,,302035848040.0,428880569663.0,,-67565512917.0
015750,2025,242683147425.0,241658061702.0,1909974466.0,453327741638.0,388968620819.0,,,,393080902555.0,486251183593.0,,64359120819.0
000070,2020,170336000000.0,,,245488000000.0,160250000000.0,280622000000.0,189527000000.0,698661000000.0,187855000000.0,170336000000.0,980955000000.0,85238000000.0
000070,2021,351700000000.0,,,241428000000.0,181939000000.0,403538000000.0,165587000000.0,592862000000.0,187855000000.0,351700000000.0,974132000000.0,59489000000.0
000070,2022,132324000000.0,,,95654000000.0,136701000000.0,547127000000.0,237716000000.0,772753000000.0,231766000000.0,132324000000.0,1325830000000.0,-41047000000.0
000070,2023,94802726814.0,,,305813890070.0,151631946870.0,624867518311.0,143547419376.0,608738679745.0,247605536892.0,94802726814.0,1129548080540.0,154181943200.0
000070,2024,127538574846.0,,,258896509674.0,133961929648.0,615842085234.0,231232399078.0,778522699482.0,300973854613.0,127538574846.0,1324623329181.0,124934580026.0
000070,2025,108765726889.0,,,253768137587.0,123042185929.0,498783688700.0,182459477175.0,638939246360.0,300973854613.0,108765726889.0,1019208557622.0,130725951658.0
